alpha_mean,alpha_std,wage,productivity,loan_rate,deposit_rate,bank_credit_multiplier,hh_debt_cap_multiplier,firm_debt_cap_multiplier,adaptation_rate,price_elasticity,skill_wage_weight,demand_smoothing,price_adjust_speed,price_stickiness,max_price_step,inventory_target_days,demand_expectation_memory,max_hire_per_step,max_fire_per_step,hh_max_dsr,firm_max_dsr,firm_reentry_lag,firm_reentry_cash_fraction,consumption_memory,precautionary_saving,consumption_floor_prop,consumption_ceiling_prop,unemployed_consumption_penalty,unemployment_transfer,seed,Employment_mean,UnemploymentRate_mean,Output_mean,Consumption_mean,Transfers_mean,AvgPrice_mean,AvgMarkup_mean,PriceDispersion_mean,InventoryGap_mean,SalesForecastError_mean,InventoryTurnover_mean,CreditRequests_mean,CreditRejections_mean,CreditRejectionRate_mean,FirmDowntimeShare_mean,ReentryCount_mean,UnemploymentTransfers_mean,HH_Debt_mean,HH_Deposit_mean,Firm_Debt_mean,Bank_Equity_mean,BankFailed_mean,BankResolved_mean,BankResolutionAmount_mean,BankResolutionHaircut_mean,BankBailedOut_mean,BankBailoutAmount_mean,Defaults_mean,DefaultsHH_mean,DefaultsFirm_mean,BalanceOK_mean,DefaultsHH_rate,DefaultsFirm_rate,BalanceOK_share,BankFailed_share,BankResolved_share,BankBailedOut_share,bad_run,error
0.8176854316046406,0.062088834108570516,0.9951870566911899,1.0608344728228443,0.05733901474063666,0.013669133613040322,6.8093005078152915,3.5134347439632574,4.460930361272791,0.4076534729039811,1.932840651642912,0.3324709287446171,0.2761049943522715,0.31044420879759904,0.7649081862487146,0.10914660042730445,1.5255749475760134,0.29777367228276524,4.493615244479416,8.322002352955895,0.5101338571297788,1.3670176140323527,1.7937412287150405,0.47255610848527696,0.5495808990835439,0.3093437707807123,0.19680188216400163,1.3445904367278854,0.3043194096520305,0.10274111655946871,0,91.6,0.08399999999999999,100.52278094894857,100.88918270755497,9.1159134392913,1.0426890753398523,0.10131920256242048,0.11357488731009815,0.11541467760426637,0.041697819637051485,0.45918059375763476,99.63333333333334,70.46666666666667,0.7110486814990898,0.0,0.0,0.8630253790995371,47.96826115174962,0.0,0.059063457454104684,5.8569022633128895,0.0,0.13333333333333333,1.4329232803712728,0.047427256269016366,0.0,0.7239392135876004,0.43333333333333335,0.43333333333333335,0.0,1.0,0.010083333333333333,0.0,1.0,0.0,0.13333333333333333,0.025,False,
0.8176854316046406,0.062088834108570516,0.9951870566911899,1.0608344728228443,0.05733901474063666,0.013669133613040322,6.8093005078152915,3.5134347439632574,4.460930361272791,0.4076534729039811,1.932840651642912,0.3324709287446171,0.2761049943522715,0.31044420879759904,0.7649081862487146,0.10914660042730445,1.5255749475760134,0.29777367228276524,4.493615244479416,8.322002352955895,0.5101338571297788,1.3670176140323527,1.7937412287150405,0.47255610848527696,0.5495808990835439,0.3093437707807123,0.19680188216400163,1.3445904367278854,0.3043194096520305,0.10274111655946871,1,91.23333333333333,0.08766666666666664,99.44901730286489,100.29537161463092,9.079423247212622,1.0419892808693592,0.10349180841357201,0.10422373301460958,0.2075791733943631,0.04559329605837999,0.4371326332252298,96.63333333333334,79.66666666666667,0.8297710185125393,0.0,0.0,0.9006971218380092,48.46816974310102,0.0,0.9953042948226536,5.213227771480874,0.0,0.1,1.4091965476848827,0.045313690216706934,0.0,0.5276445897656786,0.5,0.5,0.0,1.0,0.009916666666666667,0.0,1.0,0.0,0.14166666666666666,0.016666666666666666,False,
0.8176854316046406,0.062088834108570516,0.9951870566911899,1.0608344728228443,0.05733901474063666,0.013669133613040322,6.8093005078152915,3.5134347439632574,4.460930361272791,0.4076534729039811,1.932840651642912,0.3324709287446171,0.2761049943522715,0.31044420879759904,0.7649081862487146,0.10914660042730445,1.5255749475760134,0.29777367228276524,4.493615244479416,8.322002352955895,0.5101338571297788,1.3670176140323527,1.7937412287150405,0.47255610848527696,0.5495808990835439,0.3093437707807123,0.19680188216400163,1.3445904367278854,0.3043194096520305,0.10274111655946871,2,94.26666666666667,0.057333333333333326,101.39643123282167,103.16022984320443,9.381296654408949,1.0608663670188998,0.10106566934945825,0.13664242363546247,0.11361562557509819,0.040140170638230464,0.46425245615341626,97.36666666666666,67.2,0.6938888772669175,0.0,0.0,0.5890490682742872,52.464105275185155,0.0,0.05592183735763867,6.872632682086344,0.0,0.13333333333333333,1.502908267727733,0.06256028707003644,0.0,0.5796846780834133,0.4666666666666667,0.4666666666666667,0.0,1.0,0.00975,0.0008333333333333333,1.0,0.0,0.15833333333333333,0.041666666666666664,False,
0.7145986292588231,0.07450812644131014,0.9885985157756698,1.2559050080398357,0.0425884239778047,0.01837980318798024,7.5415475900511995,2.5487771022812313,3.54547135600783,0.37666065032060686,1.626684419697112,0.28768306110360103,0.10558211595580197,0.1483100676441524,0.5065939223898227,0.11048574321045537,1.2358056594013913,0.4374735537084692,5.006030694131356,9.063013190955381,0.29534414481598437,1.1692371907873484,1.1364233460764048,0.2732083348620128,0.3325905224491853,0.16642104882709757,0.12299524174855819,2.0438926915383675,0.25321308844089846,0.2010347353007161,0,99.03333333333333,0.009666666666666676,126.3139565944689,105.82866010398317,9.790420634565049,0.847626695527136,0.07248098558991957,0.05522572771431888,-0.07644991659257618,0.02702618768322548,0.6247024420814028,94.66666666666667,66.73333333333333,0.7452968705046907,0.0,0.0,0.19433357745735894,63.19994273177733,0.0,4.070222527893235,5.624597391701175,0.0,0.16666666666666666,2.5247050464662246,0.008600854768862068,0.0,0.0,1.0666666666666667,1.0666666666666667,0.0,1.0,0.008,0.0,1.0,0.0,0.09166666666666666,0.0,False,
0.7145986292588231,0.07450812644131014,0.9885985157756698,1.2559050080398357,0.0425884239778047,0.01837980318798024,7.5415475900511995,2.5487771022812313,3.54547135600783,0.37666065032060686,1.626684419697112,0.28768306110360103,0.10558211595580197,0.1483100676441524,0.5065939223898227,0.11048574321045537,1.2358056594013913,0.4374735537084692,5.006030694131356,9.063013190955381,0.29534414481598437,1.1692371907873484,1.1364233460764048,0.2732083348620128,0.3325905224491853,0.16642104882709757,0.12299524174855819,2.0438926915383675,0.25321308844089846,0.2010347353007161,1,98.06666666666666,0.019333333333333345,125.88529816233232,104.77644371782986,9.694856111373403,0.8453880865178206,0.06989140169518296,0.06300255081910508,-0.09063025109886344,0.03758006702076252,0.6332190735025568,98.8,63.9,0.6703878785084806,0.0,0.0,0.38866715491471787,39.981242787750645,0.09091717529738279,2.213984608162507,4.142897519952364,0.0,0.23333333333333334,2.866852140213366,0.010932556215114388,0.0,0.0,1.2333333333333334,1.2333333333333334,0.0,1.0,0.008083333333333333,0.0,1.0,0.0,0.10833333333333334,0.0,False,
0.7145986292588231,0.07450812644131014,0.9885985157756698,1.2559050080398357,0.0425884239778047,0.01837980318798024,7.5415475900511995,2.5487771022812313,3.54547135600783,0.37666065032060686,1.626684419697112,0.28768306110360103,0.10558211595580197,0.1483100676441524,0.5065939223898227,0.11048574321045537,1.2358056594013913,0.4374735537084692,5.006030694131356,9.063013190955381,0.29534414481598437,1.1692371907873484,1.1364233460764048,0.2732083348620128,0.3325905224491853,0.16642104882709757,0.12299524174855819,2.0438926915383675,0.25321308844089846,0.2010347353007161,2,99.36666666666666,0.006333333333333339,124.85053404309521,106.169393365218,9.823373918424238,0.8636055585041541,0.07722932824938257,0.06884538714276153,-0.07540535290440072,0.016676410400752708,0.6128749317489899,99.53333333333333,82.53333333333333,0.8449248049564582,0.0,0.0,0.12732199902378688,37.704432798244646,0.0,1.6526762579602883,2.6554986028461247,0.0,0.23333333333333334,2.2930446629052788,0.010075074212111674,0.0,0.0,1.0,1.0,0.0,1.0,0.008333333333333333,0.0,1.0,0.0,0.125,0.0,False,
0.7365803248097049,0.0825293728554217,1.1253245388302993,1.1162174123890258,0.03471202186318601,0.016238273596399712,7.40751787960849,4.332632240034606,4.2705071229896765,0.7195985901383025,1.9226834342968164,0.23123635257320962,0.15516305169982925,0.3067623434542772,0.7086862642236225,0.09224640886482446,1.8784566061515808,0.46468768055219445,4.32156628234478,5.826645933810692,0.40856664318561997,1.0180881425186383,2.0452862985937452,0.49387258055301264,0.4764077764674558,0.26723578098352174,0.08612035976863344,1.3849640824122085,0.10876216927875633,0.05390979735778,0,91.1,0.089,101.07682581034896,113.10829992102926,10.251706548744023,1.1636469553011701,0.14345731203246007,0.13403804804878824,0.06025843821434559,0.04064205935891126,0.4273688724586609,99.8,59.666666666666664,0.5950121827185524,0.0,0.0,0.47979719648424196,50.94028873868743,0.0,0.010124426646825913,7.177176423848751,0.0,0.06666666666666667,0.7078195201074238,0.07846677376666866,0.0,0.36204567229860635,0.1,0.1,0.0,1.0,0.006833333333333334,0.0008333333333333333,1.0,0.0,0.23333333333333334,0.041666666666666664,False,
0.7365803248097049,0.0825293728554217,1.1253245388302993,1.1162174123890258,0.03471202186318601,0.016238273596399712,7.40751787960849,4.332632240034606,4.2705071229896765,0.7195985901383025,1.9226834342968164,0.23123635257320962,0.15516305169982925,0.3067623434542772,0.7086862642236225,0.09224640886482446,1.8784566061515808,0.46468768055219445,4.32156628234478,5.826645933810692,0.40856664318561997,1.0180881425186383,2.0452862985937452,0.49387258055301264,0.4764077764674558,0.26723578098352174,0.08612035976863344,1.3849640824122085,0.10876216927875633,0.05390979735778,1,97.23333333333333,0.027666666666666666,107.6700468809083,119.91923094418702,10.941905599226606,1.1468055285821188,0.1313666713901653,0.1061948481658897,-0.10449267156615863,0.012636497004455556,0.48953350306364135,101.4,66.5,0.6552509805304724,0.0,0.0,0.14915043935652467,16.126991455594336,0.10787920707336658,0.05695548827124291,2.3036932439497946,0.0,0.0,0.0,0.10111305032543257,0.0,0.4032883791535816,0.0,0.0,0.0,1.0,0.0069166666666666664,0.0,1.0,0.0,0.21666666666666667,0.058333333333333334,False,
0.7365803248097049,0.0825293728554217,1.1253245388302993,1.1162174123890258,0.03471202186318601,0.016238273596399712,7.40751787960849,4.332632240034606,4.2705071229896765,0.7195985901383025,1.9226834342968164,0.23123635257320962,0.15516305169982925,0.3067623434542772,0.7086862642236225,0.09224640886482446,1.8784566061515808,0.46468768055219445,4.32156628234478,5.826645933810692,0.40856664318561997,1.0180881425186383,2.0452862985937452,0.49387258055301264,0.4764077764674558,0.26723578098352174,0.08612035976863344,1.3849640824122085,0.10876216927875633,0.05390979735778,2,96.13333333333334,0.03866666666666667,104.5497126596756,118.20947887381668,10.81811989995528,1.1799028708728407,0.1410383813182043,0.15180499264238687,-0.11089152148928334,0.015062440684512667,0.5289835895881675,103.2,59.43333333333333,0.5790938828846278,0.0,0.0,0.20845121645008263,34.64941066712275,0.0,11.600303198304152,6.313437185292903,0.0,0.0,0.0,0.10473955837011863,0.0,0.2608412798669934,0.03333333333333333,0.03333333333333333,0.0,1.0,0.007083333333333334,0.0016666666666666666,1.0,0.0,0.26666666666666666,0.025,False,
0.7608797643949365,0.07488779786116646,1.1216385728040843,1.0584710302689904,0.028231454004686313,0.00906757784514061,9.375622727309178,3.256112444452104,4.050810539995247,0.6262190291969612,1.8295098108898107,0.35419860658715,0.13120673530672053,0.36348587876936034,0.6299328331990697,0.1460087739981603,1.6889053167494645,0.3356503769744182,10.067103604956273,8.2214977941247,0.5361201422403818,1.4816251326007284,2.907868314926293,0.5591747547311989,0.5322225052905323,0.12949375547366235,0.23740299355019678,1.8552360515982678,0.2808199056179582,0.06290773602214787,0,88.7,0.11299999999999999,94.20077842511301,108.72177271597283,9.948934140772229,1.1888958720342617,0.11348004377390244,0.10924692515245464,0.18677579779061168,0.03667465186772982,0.4119723954577887,102.1,60.36666666666667,0.5916548523545875,0.0,0.0,0.7108574170502708,65.6621899960881,0.0,1.5065230504970988,6.983085580986239,0.0,0.03333333333333333,0.3956720403435974,0.06970602036193219,0.0,0.9362044142272445,0.13333333333333333,0.13333333333333333,0.0,1.0,0.008666666666666666,0.0016666666666666666,1.0,0.0,0.15833333333333333,0.025,False,
0.7608797643949365,0.07488779786116646,1.1216385728040843,1.0584710302689904,0.028231454004686313,0.00906757784514061,9.375622727309178,3.256112444452104,4.050810539995247,0.6262190291969612,1.8295098108898107,0.35419860658715,0.13120673530672053,0.36348587876936034,0.6299328331990697,0.1460087739981603,1.6889053167494645,0.3356503769744182,10.067103604956273,8.2214977941247,0.5361201422403818,1.4816251326007284,2.907868314926293,0.5591747547311989,0.5322225052905323,0.12949375547366235,0.23740299355019678,1.8552360515982678,0.2808199056179582,0.06290773602214787,1,92.16666666666667,0.07833333333333331,98.29058366571148,113.1347831683256,10.33776884601098,1.188087597966895,0.11374085403577402,0.1163365018748169,0.10397198179849969,0.018544334877521964,0.42784170089029266,103.76666666666667,91.9,0.8839173321189256,0.0,0.0,0.4927772655068251,26.497192629788213,0.0,2.0353374149700603,2.291148737389196,0.0,0.0,0.0,0.06805279427744168,0.0,0.8686850543823909,0.03333333333333333,0.03333333333333333,0.0,1.0,0.00825,0.0008333333333333333,1.0,0.0,0.10833333333333334,0.041666666666666664,False,
0.7608797643949365,0.07488779786116646,1.1216385728040843,1.0584710302689904,0.028231454004686313,0.00906757784514061,9.375622727309178,3.256112444452104,4.050810539995247,0.6262190291969612,1.8295098108898107,0.35419860658715,0.13120673530672053,0.36348587876936034,0.6299328331990697,0.1460087739981603,1.6889053167494645,0.3356503769744182,10.067103604956273,8.2214977941247,0.5361201422403818,1.4816251326007284,2.907868314926293,0.5591747547311989,0.5322225052905323,0.12949375547366235,0.23740299355019678,1.8552360515982678,0.2808199056179582,0.06290773602214787,2,93.4,0.06599999999999998,100.19713090188687,115.36937041705151,10.476104269990149,1.202518543688139,0.10476695647384135,0.1582141219539853,0.10623895856633513,0.016900066934634115,0.42620815320365907,103.93333333333334,62.3,0.5994061238428608,0.0,0.0,0.415191057746176,5.704260387156181,0.0,4.488019621142173,1.2998333128815382,0.0,0.0,0.0,0.07735362323657334,0.0,0.8427051863248859,0.0,0.0,0.0,1.0,0.008166666666666666,0.003333333333333333,1.0,0.0,0.15,0.03333333333333333,False,
0.6509821193574012,0.07624167689504027,1.171740860953836,1.3400195574883305,0.05968552236494296,0.009917864662688188,6.908028205320889,3.687232197616704,3.41984863740135,0.5964020088201759,2.3447165755918293,0.2037061655792602,0.12220061219047784,0.23182999261573728,0.5208976555815321,0.17596266388312726,1.1901440116843993,0.35023535928464283,7.762781379963942,5.695408108886616,0.2507979725657474,1.543760719384058,2.9574507664757688,0.6978110367407941,0.5809539911185334,0.13836479131841295,0.09385013411452689,2.3112636143895693,0.3064036532395541,0.14092336439552225,0,97.4,0.026000000000000013,134.7044316054705,126.22643905407259,11.412755985690364,0.9655334382357869,0.09787703244060048,0.08799506321797565,-0.05234656677732823,0.04027058377040247,0.6283074245299519,97.03333333333333,68.96666666666667,0.7116726375824121,0.0,0.0,0.36640074742835793,28.431641870512774,0.965485517422242,0.4470057434752553,4.479090782219399,0.0,0.06666666666666667,0.8764595043541613,0.021988303741179792,0.0,0.0,0.13333333333333333,0.13333333333333333,0.0,1.0,0.0069166666666666664,0.0,1.0,0.0,0.15833333333333333,0.0,False,
0.6509821193574012,0.07624167689504027,1.171740860953836,1.3400195574883305,0.05968552236494296,0.009917864662688188,6.908028205320889,3.687232197616704,3.41984863740135,0.5964020088201759,2.3447165755918293,0.2037061655792602,0.12220061219047784,0.23182999261573728,0.5208976555815321,0.17596266388312726,1.1901440116843993,0.35023535928464283,7.762781379963942,5.695408108886616,0.2507979725657474,1.543760719384058,2.9574507664757688,0.6978110367407941,0.5809539911185334,0.13836479131841295,0.09385013411452689,2.3112636143895693,0.3064036532395541,0.14092336439552225,1,97.16666666666667,0.02833333333333332,133.89551446437994,123.97059688182013,11.385415365601443,0.9524960790867084,0.08455393761435159,0.0863221779563004,0.013982872280663338,0.03807991921272473,0.6076987717725414,98.66666666666667,74.4,0.752677201170106,0.0,0.0,0.3992828657873131,47.58263217289179,1.083583536200055,0.00484346367407591,5.87220824443555,0.0,0.06666666666666667,0.8711164617599437,0.024438354287548748,0.0,0.0,0.26666666666666666,0.26666666666666666,0.0,1.0,0.007333333333333333,0.0,1.0,0.0,0.14166666666666666,0.0,False,
0.6509821193574012,0.07624167689504027,1.171740860953836,1.3400195574883305,0.05968552236494296,0.009917864662688188,6.908028205320889,3.687232197616704,3.41984863740135,0.5964020088201759,2.3447165755918293,0.2037061655792602,0.12220061219047784,0.23182999261573728,0.5208976555815321,0.17596266388312726,1.1901440116843993,0.35023535928464283,7.762781379963942,5.695408108886616,0.2507979725657474,1.543760719384058,2.9574507664757688,0.6978110367407941,0.5809539911185334,0.13836479131841295,0.09385013411452689,2.3112636143895693,0.3064036532395541,0.14092336439552225,2,97.4,0.026000000000000013,130.2054338348845,124.66357097567538,11.412755985690362,0.9724475961144723,0.09428471456757609,0.06873686579242297,-0.05275422249014706,0.04148461768958219,0.6291969897410713,98.1,74.4,0.7615428949164641,0.0,0.0,0.36640074742835793,37.64165726242631,0.48354539122054324,0.6103120677204569,5.621243145895109,0.0,0.06666666666666667,0.7104091041242978,0.015427539972489484,0.0,0.0,0.16666666666666666,0.16666666666666666,0.0,1.0,0.007166666666666667,0.0,1.0,0.0,0.13333333333333333,0.0,False,
0.7070106407220349,0.08630841232930556,1.0870484589487717,1.148093851442389,0.02501403797294576,0.023160144463277473,7.3565862052565585,2.9111516765999284,2.0521312723433764,0.4603544394500097,2.2413378926744887,0.32384924619401967,0.17348675102160413,0.3002780432556741,0.6205452358867782,0.13147537486925726,1.5500464232382818,0.27559143589458196,8.586083253279954,7.466692636520072,0.5077194441757127,1.0409816764960618,3.206368877215363,0.6626467983214017,0.3350820811222285,0.20178151599745808,0.19952319048561273,2.1223488799363506,0.2476086183907702,0.13828246018470614,0,100.0,0.0,115.6479566777222,118.2873864634731,10.870484589487717,1.0562780342787186,0.10733627156911384,0.10319197499725842,0.03678944517344038,0.008332149682723736,0.47827032962710564,100.86666666666666,48.93333333333333,0.48561013757292465,0.0,0.0,0.0,38.97974284757233,0.2224104913471839,0.37869672055203973,5.956634511373435,0.0,0.0,0.0,0.003642278533702229,0.0,0.0,0.0,0.0,0.0,1.0,0.0025,0.0008333333333333333,1.0,0.0,0.041666666666666664,0.0,False,
0.7070106407220349,0.08630841232930556,1.0870484589487717,1.148093851442389,0.02501403797294576,0.023160144463277473,7.3565862052565585,2.9111516765999284,2.0521312723433764,0.4603544394500097,2.2413378926744887,0.32384924619401967,0.17348675102160413,0.3002780432556741,0.6205452358867782,0.13147537486925726,1.5500464232382818,0.27559143589458196,8.586083253279954,7.466692636520072,0.5077194441757127,1.0409816764960618,3.206368877215363,0.6626467983214017,0.3350820811222285,0.20178151599745808,0.19952319048561273,2.1223488799363506,0.2476086183907702,0.13828246018470614,1,100.0,0.0,115.69008161687664,119.063565270973,10.870484589487717,1.0571044751458494,0.11054686467758143,0.09242170130752042,-0.05045290026226857,0.008445098064589214,0.5105178879546213,102.8,55.233333333333334,0.5374059695430512,0.0,0.0,0.0,20.602418330216707,0.5396694336551869,0.0,3.2111863136215555,0.0,0.0,0.0,0.0036599536447659725,0.0,0.0,0.0,0.0,0.0,1.0,0.0027500000000000003,0.0008333333333333333,1.0,0.0,0.05,0.0,False,
0.7070106407220349,0.08630841232930556,1.0870484589487717,1.148093851442389,0.02501403797294576,0.023160144463277473,7.3565862052565585,2.9111516765999284,2.0521312723433764,0.4603544394500097,2.2413378926744887,0.32384924619401967,0.17348675102160413,0.3002780432556741,0.6205452358867782,0.13147537486925726,1.5500464232382818,0.27559143589458196,8.586083253279954,7.466692636520072,0.5077194441757127,1.0409816764960618,3.206368877215363,0.6626467983214017,0.3350820811222285,0.20178151599745808,0.19952319048561273,2.1223488799363506,0.2476086183907702,0.13828246018470614,2,100.0,0.0,115.14438641771025,118.46786949117,10.870484589487717,1.0620196909713127,0.09677313502137612,0.11903220631892908,0.07204775902046025,0.005852304624555762,0.465397025049497,107.8,63.63333333333333,0.5903121469203289,0.0,0.0,0.0,7.892504957354771,0.0,6.270070863636544,2.4367945189158364,0.0,0.0,0.0,0.004799765445503117,0.0,0.0,0.0,0.0,0.0,1.0,0.0023333333333333335,0.0016666666666666666,1.0,0.0,0.05,0.0,False,
0.8215066128991559,0.07947652795295289,0.9986378886896097,1.3535324766368553,0.050027473402497524,0.01852117135056738,7.777980820613275,2.4060498957334016,2.8221122939626655,0.4166434479718601,2.5163693826903937,0.11967965680959457,0.29793821184507885,0.3240387146784255,0.7495597961161355,0.18142844468406497,2.382222451663689,0.24408135756970384,6.29909709063313,8.5063174402582,0.4674731166314192,1.0981199395415364,2.250088772002665,0.3073396912697856,0.4539906059107594,0.09074163436392449,0.14219550426730912,1.4334665890282747,0.3474654631598303,0.05195644405252825,0,94.73333333333333,0.05266666666666665,124.81826104437782,104.26177501540607,9.460429598852905,0.8591201160511371,0.1583538927041585,0.07293977481728839,-0.01916490255650661,0.019713973717673135,0.36471357270374916,102.4,67.2,0.6562384986357004,0.0,0.0,0.2736372720099821,0.19847032875253143,0.0,1.2827576024348035,0.3580566160586656,0.0,0.0,0.0,0.04286633037812702,0.0,0.11446732624088822,0.0,0.0,0.0,1.0,0.008333333333333333,0.0008333333333333333,1.0,0.0,0.09166666666666666,0.016666666666666666,False,
0.8215066128991559,0.07947652795295289,0.9986378886896097,1.3535324766368553,0.050027473402497524,0.01852117135056738,7.777980820613275,2.4060498957334016,2.8221122939626655,0.4166434479718601,2.5163693826903937,0.11967965680959457,0.29793821184507885,0.3240387146784255,0.7495597961161355,0.18142844468406497,2.382222451663689,0.24408135756970384,6.29909709063313,8.5063174402582,0.4674731166314192,1.0981199395415364,2.250088772002665,0.3073396912697856,0.4539906059107594,0.09074163436392449,0.14219550426730912,1.4334665890282747,0.3474654631598303,0.05195644405252825,1,89.03333333333333,0.10966666666666666,120.6468620744341,97.73040052101679,8.891206002299828,0.8353641554251497,0.12717239923983262,0.07633997544291732,0.15882311633986043,0.04551621638470029,0.31269051675656206,89.6,72.1,0.8168372752994746,0.0,0.0,0.5697890031093932,50.8818696034191,0.0,0.1171729062501805,5.381706619055075,0.0,0.1,1.260139272660443,0.04352310884661867,0.0,0.14672455698503228,0.5666666666666667,0.5666666666666667,0.0,1.0,0.009833333333333333,0.0008333333333333333,1.0,0.0,0.125,0.016666666666666666,False,
0.8215066128991559,0.07947652795295289,0.9986378886896097,1.3535324766368553,0.050027473402497524,0.01852117135056738,7.777980820613275,2.4060498957334016,2.8221122939626655,0.4166434479718601,2.5163693826903937,0.11967965680959457,0.29793821184507885,0.3240387146784255,0.7495597961161355,0.18142844468406497,2.382222451663689,0.24408135756970384,6.29909709063313,8.5063174402582,0.4674731166314192,1.0981199395415364,2.250088772002665,0.3073396912697856,0.4539906059107594,0.09074163436392449,0.14219550426730912,1.4334665890282747,0.3474654631598303,0.05195644405252825,2,94.7,0.05299999999999998,125.76509357008406,104.33512916459985,9.457100805890606,0.8555359607848143,0.1387939079327191,0.09253764062846731,0.07747581886681104,0.04648464747801872,0.3301333421947705,102.5,67.26666666666667,0.6567583552758233,0.0,0.0,0.2753691534783998,26.592929617812352,0.0,12.268982897998324,5.241103228621655,0.0,0.03333333333333333,0.3723227418009609,0.03982099550184715,0.0,0.08325304652061008,0.1,0.1,0.0,1.0,0.00875,0.0016666666666666666,1.0,0.0,0.10833333333333334,0.016666666666666666,False,
0.666605688604595,0.056018606838238165,1.0125952495877366,1.2768426248208735,0.061529619325859514,0.009483576803970422,9.496751151996158,2.988218856073877,2.4501878069767744,0.6217547753522372,2.2275292304236034,0.34532191571372917,0.2814858111347617,0.2347495538260822,0.5094335874118749,0.08444284820608712,2.3304490487343816,0.39742087897950745,6.082026255038949,9.32930980605134,0.30731437877017953,1.7865421248049433,1.3264702499058454,0.32344387152033627,0.3204875437738653,0.1259854703174137,0.12237085476734738,1.507619024465499,0.2885107098241582,0.05650692986762521,0,92.6,0.07400000000000001,122.3095965852117,102.8361133561893,9.37663201118244,0.868787815672287,0.08866599690295218,0.08064440477132176,0.06791561854309246,0.06752922680249653,0.3441101283255804,103.36666666666666,80.33333333333333,0.7778846153846153,0.0,0.0,0.41815128102042665,34.82442948856014,0.0,1.301311487310315,2.9017168950476675,0.0,0.06666666666666667,0.7661925604203834,0.037045272842007836,0.0,0.0,0.2,0.2,0.0,1.0,0.009250000000000001,0.0016666666666666666,1.0,0.0,0.14166666666666666,0.0,False,
0.666605688604595,0.056018606838238165,1.0125952495877366,1.2768426248208735,0.061529619325859514,0.009483576803970422,9.496751151996158,2.988218856073877,2.4501878069767744,0.6217547753522372,2.2275292304236034,0.34532191571372917,0.2814858111347617,0.2347495538260822,0.5094335874118749,0.08444284820608712,2.3304490487343816,0.39742087897950745,6.082026255038949,9.32930980605134,0.30731437877017953,1.7865421248049433,1.3264702499058454,0.32344387152033627,0.3204875437738653,0.1259854703174137,0.12237085476734738,1.507619024465499,0.2885107098241582,0.05650692986762521,1,93.63333333333334,0.06366666666666668,120.47773686209098,103.48602067707974,9.481266853639841,0.8793749062464757,0.10421692172884489,0.07000802089881702,0.11433384699322886,0.04346909255717584,0.3273257392446369,97.63333333333334,55.266666666666666,0.5628106408588361,0.0,0.0,0.3597607868238805,43.602301574043025,0.05254132333135507,0.0,4.75706219715405,0.0,0.03333333333333333,0.27728592053635626,0.03746680501239752,0.0,0.13262354746638366,0.06666666666666667,0.06666666666666667,0.0,1.0,0.0085,0.0008333333333333333,1.0,0.0,0.10833333333333334,0.016666666666666666,False,
0.666605688604595,0.056018606838238165,1.0125952495877366,1.2768426248208735,0.061529619325859514,0.009483576803970422,9.496751151996158,2.988218856073877,2.4501878069767744,0.6217547753522372,2.2275292304236034,0.34532191571372917,0.2814858111347617,0.2347495538260822,0.5094335874118749,0.08444284820608712,2.3304490487343816,0.39742087897950745,6.082026255038949,9.32930980605134,0.30731437877017953,1.7865421248049433,1.3264702499058454,0.32344387152033627,0.3204875437738653,0.1259854703174137,0.12237085476734738,1.507619024465499,0.2885107098241582,0.05650692986762521,2,93.4,0.066,119.03333710928688,103.27465084298018,9.45763963114946,0.8882135819918697,0.09925669601373706,0.08043201233443446,0.08217507252993585,0.03891095205987574,0.3398368466293675,99.03333333333333,58.0,0.5985803972365562,0.0,0.0,0.37294573712632645,53.96552279563052,0.0,1.791333873827508,5.523751278138244,0.0,0.06666666666666667,0.697282112172752,0.038724736317719874,0.0,0.14397473620244222,0.16666666666666666,0.16666666666666666,0.0,1.0,0.008666666666666666,0.004166666666666667,1.0,0.0,0.11666666666666667,0.016666666666666666,False,
0.6490958883508334,0.09156635855864495,1.0117370708774405,1.228686986365973,0.04896658121629903,0.01901203759358648,9.443136390262744,3.720099095141803,2.3438062192736213,0.3796354054249208,2.4787697793166408,0.21400567211208188,0.2281813574253953,0.25420329461161495,0.6670872242195612,0.12051476466528357,1.2417959715337374,0.2637134457390948,8.41024517549016,6.766792542758014,0.3566485721801693,1.6700494227930427,1.5506223693211525,0.5554800719727242,0.5697725004115513,0.17405783275612835,0.15352866814422886,1.7059272084912498,0.13838684461882034,0.09583680520674287,0,96.43333333333334,0.03566666666666667,122.98321652905346,107.18917117183322,9.756517820161454,0.8988423240514166,0.08436047045582339,0.08548508747995319,0.020791061294256778,0.047434740825220825,0.582157807953591,93.43333333333334,52.36666666666667,0.5609100604958276,0.0,0.0,0.34181793857071624,52.299909734004345,1.9302945242063976,0.10085854884069395,5.234257260718446,0.0,0.1,1.0601372820330082,0.017150247849991175,0.0,0.0,0.23333333333333334,0.23333333333333334,0.0,1.0,0.007666666666666667,0.0,1.0,0.0,0.15,0.0,False,
0.6490958883508334,0.09156635855864495,1.0117370708774405,1.228686986365973,0.04896658121629903,0.01901203759358648,9.443136390262744,3.720099095141803,2.3438062192736213,0.3796354054249208,2.4787697793166408,0.21400567211208188,0.2281813574253953,0.25420329461161495,0.6670872242195612,0.12051476466528357,1.2417959715337374,0.2637134457390948,8.41024517549016,6.766792542758014,0.3566485721801693,1.6700494227930427,1.5506223693211525,0.5554800719727242,0.5697725004115513,0.17405783275612835,0.15352866814422886,1.7059272084912498,0.13838684461882034,0.09583680520674287,1,95.16666666666667,0.04833333333333333,121.51676422962986,105.45937953709716,9.628364457850308,0.8958626024471682,0.08232933504591682,0.08041815794958633,0.10454473741578449,0.040570854661704805,0.555864803563921,92.4,57.86666666666667,0.6298338395840642,0.0,0.0,0.46321122516592383,54.5226998357656,1.9399833557613337,0.06776796380319486,4.6384344865999285,0.0,0.1,1.0452820635638913,0.018690026742950713,0.0,0.0,0.26666666666666666,0.26666666666666666,0.0,1.0,0.00775,0.0,1.0,0.0,0.15,0.0,False,
0.6490958883508334,0.09156635855864495,1.0117370708774405,1.228686986365973,0.04896658121629903,0.01901203759358648,9.443136390262744,3.720099095141803,2.3438062192736213,0.3796354054249208,2.4787697793166408,0.21400567211208188,0.2281813574253953,0.25420329461161495,0.6670872242195612,0.12051476466528357,1.2417959715337374,0.2637134457390948,8.41024517549016,6.766792542758014,0.3566485721801693,1.6700494227930427,1.5506223693211525,0.5554800719727242,0.5697725004115513,0.17405783275612835,0.15352866814422886,1.7059272084912498,0.13838684461882034,0.09583680520674287,2,95.73333333333333,0.04266666666666665,117.94329384039958,106.63998946950957,9.685696225200035,0.9232691554627367,0.10084671862500619,0.07434838969668536,-0.017542801921051353,0.04474826880478409,0.6249115689379023,96.96666666666667,64.86666666666666,0.6693431262019532,0.0,0.0,0.40890370221543626,41.68438616473284,1.0880195889743018,1.1334466479097984,4.838596529794954,0.0,0.03333333333333333,0.38854693709333504,0.016237429010276614,0.0,0.0,0.06666666666666667,0.06666666666666667,0.0,1.0,0.007166666666666667,0.0008333333333333333,1.0,0.0,0.14166666666666666,0.0,False,
0.6783394340430122,0.09542152685198377,1.0195459994772196,1.1436984334922327,0.03881769551353298,0.02185495502498579,7.2829515168041485,4.275350925452976,3.1514094739277274,0.3935832456697542,1.3226468620678133,0.2818256092814112,0.16294570291946575,0.31497279671107775,0.7981461199697948,0.1153541031214341,1.9821759236225882,0.4703133115732639,4.816219816000942,9.22996474813269,0.4145540797863484,1.5342222018695586,2.8084512168171627,0.6045367377851664,0.4875884709560381,0.1844200136167674,0.1646970141994623,2.419731357204071,0.1929644582013269,0.17012087465415004,0,95.0,0.05,108.34556388633376,106.67693870151201,9.685686995033587,1.0019932123786945,0.11717019909625327,0.08132678226361877,0.04677028630114861,0.023175005732703376,0.39202467016942216,95.9,49.56666666666667,0.5169003908319195,0.0,0.0,0.8506043732707501,39.51724302390903,1.2681479500304347,1.017111289047098,6.209815495903882,0.0,0.03333333333333333,0.30935721429477536,0.01584381735818643,0.0,0.0,0.03333333333333333,0.03333333333333333,0.0,1.0,0.006083333333333333,0.0,1.0,0.0,0.15,0.0,False,
0.6783394340430122,0.09542152685198377,1.0195459994772196,1.1436984334922327,0.03881769551353298,0.02185495502498579,7.2829515168041485,4.275350925452976,3.1514094739277274,0.3935832456697542,1.3226468620678133,0.2818256092814112,0.16294570291946575,0.31497279671107775,0.7981461199697948,0.1153541031214341,1.9821759236225882,0.4703133115732639,4.816219816000942,9.22996474813269,0.4145540797863484,1.5342222018695586,2.8084512168171627,0.6045367377851664,0.4875884709560381,0.1844200136167674,0.1646970141994623,2.419731357204071,0.1929644582013269,0.17012087465415004,1,88.73333333333333,0.11266666666666668,102.34516668946932,100.54500384977563,9.046771502027863,1.0055682275185025,0.1216200960657947,0.099121350206518,0.17389287866866646,0.02590940590490274,0.3606857434883042,95.3,65.53333333333333,0.6929673862031362,0.0,0.0,1.9166951877700902,53.62883641547193,1.1766623789553716,1.2457992465763392,6.216616121899732,0.0,0.03333333333333333,0.505708525765969,0.017736772561381838,0.0,0.0,0.13333333333333333,0.13333333333333333,0.0,1.0,0.006583333333333333,0.0,1.0,0.0,0.13333333333333333,0.0,False,
0.6783394340430122,0.09542152685198377,1.0195459994772196,1.1436984334922327,0.03881769551353298,0.02185495502498579,7.2829515168041485,4.275350925452976,3.1514094739277274,0.3935832456697542,1.3226468620678133,0.2818256092814112,0.16294570291946575,0.31497279671107775,0.7981461199697948,0.1153541031214341,1.9821759236225882,0.4703133115732639,4.816219816000942,9.22996474813269,0.4145540797863484,1.5342222018695586,2.8084512168171627,0.6045367377851664,0.4875884709560381,0.1844200136167674,0.1646970141994623,2.419731357204071,0.1929644582013269,0.17012087465415004,2,93.23333333333333,0.06766666666666667,104.89246448152434,104.82569123509982,9.505567201792614,1.0170006160461853,0.11786726499918455,0.09315472809063972,0.11357027143094195,0.025486756069641972,0.3737493358365887,94.96666666666667,68.76666666666667,0.729270347411418,0.0,0.0,1.1511512518264153,58.073909056255566,0.6457953642283124,0.1435456321076534,5.639866322798313,0.0,0.03333333333333333,0.41851613476668353,0.011618272040345396,0.0,0.0,0.1,0.1,0.0,1.0,0.0055000000000000005,0.0,1.0,0.0,0.14166666666666666,0.0,False,
0.6871559943680682,0.0445655455514632,1.2117723298627536,1.1782188176996355,0.06005563215767124,0.014341019420019155,9.342099599679997,3.3997582989223014,3.284120899728633,0.6923344417080308,2.0430944561502384,0.10593650262614539,0.11472876822583353,0.15426050285745632,0.7785497906399261,0.12747459869167235,1.991052479513332,0.3404114450658454,5.150274352030318,6.609531762024081,0.33134508277201963,1.7885253840629856,2.5435692198033695,0.5630734140349001,0.35409652033511235,0.27067023050239175,0.24932808128401832,1.223781841787787,0.37532364261854123,0.1424299608612371,0,87.06666666666666,0.12933333333333333,103.2800079464241,115.77430640828736,10.550497752005043,1.1572494179345014,0.11868022895296804,0.10616816090213363,0.3244379220276599,0.04437430297941561,0.3287245432955189,104.6,76.63333333333334,0.7315265235236884,0.0,0.0,1.8420941604720003,59.93511967835238,0.0,9.728173341386448,6.760352023098244,0.0,0.03333333333333333,0.6442687434958366,0.05679572291513959,0.0,1.2739492179420726,0.1,0.1,0.0,1.0,0.008666666666666666,0.004166666666666667,1.0,0.0,0.09166666666666666,0.05,False,
0.6871559943680682,0.0445655455514632,1.2117723298627536,1.1782188176996355,0.06005563215767124,0.014341019420019155,9.342099599679997,3.3997582989223014,3.284120899728633,0.6923344417080308,2.0430944561502384,0.10593650262614539,0.11472876822583353,0.15426050285745632,0.7785497906399261,0.12747459869167235,1.991052479513332,0.3404114450658454,5.150274352030318,6.609531762024081,0.33134508277201963,1.7885253840629856,2.5435692198033695,0.5630734140349001,0.35409652033511235,0.27067023050239175,0.24932808128401832,1.223781841787787,0.37532364261854123,0.1424299608612371,1,91.63333333333334,0.08366666666666665,112.58670040130279,123.14768561009691,11.103873782642363,1.1507451039952068,0.11052710750680982,0.13469878423699083,0.11848833097472578,0.013928524598638293,0.3733250307868184,104.66666666666667,64.16666666666667,0.6130820892384367,0.0,0.0,1.1916640058723507,0.08402554427403985,0.0,7.92718432832678,1.1603824753519165,0.0,0.0,0.0,0.05889030277760579,0.0,2.104792399322328,0.0,0.0,0.0,1.0,0.0085,0.008333333333333333,1.0,0.0,0.06666666666666667,0.058333333333333334,False,
0.6871559943680682,0.0445655455514632,1.2117723298627536,1.1782188176996355,0.06005563215767124,0.014341019420019155,9.342099599679997,3.3997582989223014,3.284120899728633,0.6923344417080308,2.0430944561502384,0.10593650262614539,0.11472876822583353,0.15426050285745632,0.7785497906399261,0.12747459869167235,1.991052479513332,0.3404114450658454,5.150274352030318,6.609531762024081,0.33134508277201963,1.7885253840629856,2.5435692198033695,0.5630734140349001,0.35409652033511235,0.27067023050239175,0.24932808128401832,1.223781841787787,0.37532364261854123,0.1424299608612371,2,90.36666666666666,0.09633333333333337,107.00949787419127,120.53761645647289,10.950382620859754,1.1549780982098088,0.10002054906912708,0.11053373686708161,0.2525085234524293,0.07272342879357963,0.3399073859449255,101.2,80.23333333333333,0.7927104175003333,0.0,0.0,1.3720752896299173,47.85392454596025,0.0,2.6102086769182042,4.5882354279688915,0.0,0.13333333333333333,1.63395696882345,0.05235186654082034,0.0,1.3300529725535195,0.4,0.4,0.0,1.0,0.00975,0.004166666666666667,1.0,0.0,0.125,0.041666666666666664,False,
0.7030222471459086,0.08869281807926332,1.1375903741697964,1.100484761668165,0.05191546625530577,0.015249078655002475,7.946250395027174,2.632822210680888,2.1618158076584377,0.4857819844766932,2.2186765739693883,0.32565524198413554,0.2623085553721155,0.15403989535775062,0.5998748653238102,0.08854929617072979,1.53039724469062,0.33832751707607056,4.732474772609728,10.282429689166207,0.26303641752056905,1.6988968134060465,1.0611099371970454,0.3066965317338237,0.6105544073898251,0.2215782821139746,0.1067212114700052,2.2693406056265055,0.3081385866867546,0.10928571848241814,0,91.06666666666666,0.0893333333333333,101.76019139458413,114.2008108823543,10.359656340772945,1.157992451034917,0.11187529022861332,0.10633826482232887,0.2622469134226279,0.04161112960329552,0.420129338252499,95.8,53.4,0.5541506546019335,0.0,0.0,0.9762857517762684,53.12110979378387,0.31121651232815023,2.4522300096404424,7.448810941196059,0.0,0.03333333333333333,0.44731895883355555,0.044453135405828605,0.0,0.4038010302536016,0.1,0.1,0.0,1.0,0.00775,0.004166666666666667,1.0,0.0,0.1,0.016666666666666666,False,
0.7030222471459086,0.08869281807926332,1.1375903741697964,1.100484761668165,0.05191546625530577,0.015249078655002475,7.946250395027174,2.632822210680888,2.1618158076584377,0.4857819844766932,2.2186765739693883,0.32565524198413554,0.2623085553721155,0.15403989535775062,0.5998748653238102,0.08854929617072979,1.53039724469062,0.33832751707607056,4.732474772609728,10.282429689166207,0.26303641752056905,1.6988968134060465,1.0611099371970454,0.3066965317338237,0.6105544073898251,0.2215782821139746,0.1067212114700052,2.2693406056265055,0.3081385866867546,0.10928571848241814,1,92.83333333333333,0.07166666666666664,104.94794604249425,116.62548178919279,10.56063064020961,1.1636345697434605,0.11720019221065277,0.1304345358291707,0.23665399874307821,0.010377671202918742,0.4215173970714713,101.03333333333333,60.766666666666666,0.6014227658059922,0.0,0.0,0.7832143157906636,1.7994752908081446,0.6886045083591151,15.792064125152121,2.388908864201993,0.0,0.0,0.0,0.04678959844961179,0.0,0.6711001787209326,0.0,0.0,0.0,1.0,0.00775,0.005833333333333334,1.0,0.0,0.09166666666666666,0.016666666666666666,False,
0.7030222471459086,0.08869281807926332,1.1375903741697964,1.100484761668165,0.05191546625530577,0.015249078655002475,7.946250395027174,2.632822210680888,2.1618158076584377,0.4857819844766932,2.2186765739693883,0.32565524198413554,0.2623085553721155,0.15403989535775062,0.5998748653238102,0.08854929617072979,1.53039724469062,0.33832751707607056,4.732474772609728,10.282429689166207,0.26303641752056905,1.6988968134060465,1.0611099371970454,0.3066965317338237,0.6105544073898251,0.2215782821139746,0.1067212114700052,2.2693406056265055,0.3081385866867546,0.10928571848241814,2,92.96666666666667,0.07033333333333334,106.51683799133248,117.48304108542179,10.575798511865212,1.1432007650588856,0.07997468122721042,0.13148694656868745,0.08919342722593811,0.05714964043849401,0.486484276198368,98.16666666666667,74.5,0.7645368694756384,0.0,0.0,0.7686428866596742,46.07593205073693,0.04101365132204756,0.21682953158530038,5.0400886579220385,0.0,0.16666666666666666,2.0341131136643686,0.040545443741722795,0.0,0.04743230903256587,0.6666666666666666,0.6666666666666666,0.0,1.0,0.009166666666666667,0.003333333333333333,1.0,0.0,0.16666666666666666,0.008333333333333333,False,
0.8312140992684639,0.05650173119489607,1.1983619778780796,1.3931384849537314,0.027998624298767746,0.01440370389672016,7.513645946498652,3.1251234319769727,3.9288893909407006,0.7046421522300641,1.4204075789997788,0.2896741616000687,0.2363001375601635,0.27647430128782,0.654154846234966,0.1619321832747616,1.3256361672600074,0.44161269732545605,9.79254000025232,5.399626452734334,0.5050979768727262,1.0704891781275354,0.6229605492349628,0.36747705997874247,0.5465015264102329,0.07923955329390908,0.22928615243654776,1.8029311039570333,0.1655863965619307,0.1431801719299192,0,100.0,0.0,139.40772714899742,131.2151495650793,11.983619778780795,0.9519129227114753,0.1023745333348647,0.062072133164514,-0.017706766524368867,0.0024280615132401834,0.5565823240664528,102.7,59.233333333333334,0.5767984083805736,0.0,0.0,0.0,20.001505928046686,0.0,0.027240034932417476,2.9900407382376804,0.0,0.0,0.0,0.010107125413285012,0.0,0.0,0.0,0.0,0.0,1.0,0.00425,0.0,1.0,0.0,0.08333333333333333,0.0,False,
0.8312140992684639,0.05650173119489607,1.1983619778780796,1.3931384849537314,0.027998624298767746,0.01440370389672016,7.513645946498652,3.1251234319769727,3.9288893909407006,0.7046421522300641,1.4204075789997788,0.2896741616000687,0.2363001375601635,0.27647430128782,0.654154846234966,0.1619321832747616,1.3256361672600074,0.44161269732545605,9.79254000025232,5.399626452734334,0.5050979768727262,1.0704891781275354,0.6229605492349628,0.36747705997874247,0.5465015264102329,0.07923955329390908,0.22928615243654776,1.8029311039570333,0.1655863965619307,0.1431801719299192,1,100.0,0.0,140.0887800858273,131.04640328009594,11.983619778780797,0.9491850668730564,0.09967274659094734,0.07061848475706117,-0.028962665216269105,0.0035023698044765114,0.5609465875026411,105.86666666666666,57.56666666666667,0.5437598699034072,0.0,0.0,0.0,26.742825039205268,0.0,0.0,3.9345325621995793,0.0,0.0,0.0,0.011902822183499083,0.0,0.0,0.0,0.0,0.0,1.0,0.004333333333333333,0.0,1.0,0.0,0.09166666666666666,0.0,False,
0.8312140992684639,0.05650173119489607,1.1983619778780796,1.3931384849537314,0.027998624298767746,0.01440370389672016,7.513645946498652,3.1251234319769727,3.9288893909407006,0.7046421522300641,1.4204075789997788,0.2896741616000687,0.2363001375601635,0.27647430128782,0.654154846234966,0.1619321832747616,1.3256361672600074,0.44161269732545605,9.79254000025232,5.399626452734334,0.5050979768727262,1.0704891781275354,0.6229605492349628,0.36747705997874247,0.5465015264102329,0.07923955329390908,0.22928615243654776,1.8029311039570333,0.1655863965619307,0.1431801719299192,2,100.0,0.0,137.32466060779853,131.7300186656302,11.983619778780795,0.9719455489969397,0.11187173192066587,0.07357845082045436,-0.01907692686023751,0.022949248740021966,0.5626076693562548,101.2,58.233333333333334,0.5772941536130016,0.0,0.0,0.0,48.429588916846896,0.0,0.0,6.988722906389325,0.0,0.03333333333333333,0.2791939856655127,0.009730095977529583,0.0,0.0,0.03333333333333333,0.03333333333333333,0.0,1.0,0.004166666666666667,0.0,1.0,0.0,0.1,0.0,False,
0.7225668178608916,0.08559185176422865,1.0877383735124795,1.3227247629194943,0.03632154553575019,0.024345141749323135,8.368408623047424,2.4562489519576505,2.9328470960153528,0.5123621575720753,1.4283788225879097,0.3186999732988319,0.14152020404405452,0.17035604259917217,0.7655967101072274,0.08174655046603062,2.145693451812507,0.509474764227859,7.823398288038878,11.144739588440967,0.44689413627262864,1.5293089952566028,1.1661756837934747,0.5245073419318866,0.5223427998778402,0.19121295655601372,0.060212596195808814,2.1100595448589927,0.3677898214180242,0.05861662695668364,0,99.93333333333334,0.0006666666666666673,131.86328708959422,119.08886212556851,10.870132145968048,0.9285791654031497,0.12170468686531272,0.09511135941021336,-0.42700820949490653,0.005500211871338469,0.6837221336367264,103.03333333333333,60.8,0.5901367873512362,0.0,0.0,0.003907775130445576,3.8097607951857717,0.01726001169963071,11.985263618741849,2.1882528242876473,0.0,0.0,0.0,0.014103432485815921,0.0,0.0,0.0,0.0,0.0,1.0,0.006083333333333333,0.0008333333333333333,1.0,0.0,0.1,0.0,False,
0.7225668178608916,0.08559185176422865,1.0877383735124795,1.3227247629194943,0.03632154553575019,0.024345141749323135,8.368408623047424,2.4562489519576505,2.9328470960153528,0.5123621575720753,1.4283788225879097,0.3186999732988319,0.14152020404405452,0.17035604259917217,0.7655967101072274,0.08174655046603062,2.145693451812507,0.509474764227859,7.823398288038878,11.144739588440967,0.44689413627262864,1.5293089952566028,1.1661756837934747,0.5245073419318866,0.5223427998778402,0.19121295655601372,0.060212596195808814,2.1100595448589927,0.3677898214180242,0.05861662695668364,1,100.0,0.0,133.58938667176707,119.57811073607081,10.877383735124795,0.9251598458061652,0.11804744879246797,0.10484133690443329,-0.4399413922158702,0.004682824437316285,0.7441290127855847,105.63333333333334,59.6,0.5641760696248441,0.0,0.0,0.0,2.70107765006505,0.310973596354067,11.394873669706044,2.1517825004618074,0.0,0.0,0.0,0.015581105203471371,0.0,0.0,0.0,0.0,0.0,1.0,0.006416666666666667,0.0008333333333333333,1.0,0.0,0.1,0.0,False,
0.7225668178608916,0.08559185176422865,1.0877383735124795,1.3227247629194943,0.03632154553575019,0.024345141749323135,8.368408623047424,2.4562489519576505,2.9328470960153528,0.5123621575720753,1.4283788225879097,0.3186999732988319,0.14152020404405452,0.17035604259917217,0.7655967101072274,0.08174655046603062,2.145693451812507,0.509474764227859,7.823398288038878,11.144739588440967,0.44689413627262864,1.5293089952566028,1.1661756837934747,0.5245073419318866,0.5223427998778402,0.19121295655601372,0.060212596195808814,2.1100595448589927,0.3677898214180242,0.05861662695668364,2,99.76666666666667,0.0023333333333333353,128.68405240429104,118.83246180090721,10.852003173076172,0.9497126700895483,0.13225688240808092,0.10677370192413596,-0.30368521597955433,0.005802549956977839,0.6016307194602761,108.5,58.63333333333333,0.5404505403477936,0.0,0.0,0.013677212956559517,11.571854318412043,0.0,18.536362013522645,4.0159557545414675,0.0,0.0,0.0,0.015026257417218646,0.0,0.0,0.0,0.0,0.0,1.0,0.006750000000000001,0.0016666666666666666,1.0,0.0,0.09166666666666666,0.0,False,
0.7426013678301511,0.08346853289449743,1.0491121224551772,1.2865560213692429,0.03282002113336967,0.02102552873240972,10.59670337147493,3.7495492899202274,2.2927329843560726,0.4380642231780476,2.414355648813533,0.1334798068091116,0.249450660126038,0.2370383913152071,0.6474187720105447,0.15886438418040003,2.344616156644653,0.4560496514527269,10.215628255779823,10.001669984304897,0.42746438587022145,1.682293234187,1.2161547724696231,0.6267838220698991,0.5891181645105164,0.30187115557479405,0.23122197799065397,1.1953412991606729,0.18377965835292515,0.07108219018671623,0,91.3,0.087,117.97069040385188,105.97214739058452,9.578393678015768,0.9244889511317657,0.12751859004987684,0.0791057978610442,0.10008278369375898,0.03153053386985493,0.3306085800335366,94.63333333333334,48.733333333333334,0.5150152037898554,0.0,0.0,0.618415054624431,63.465523055601814,0.0,2.038066511775681,6.2421542198246325,0.0,0.03333333333333333,0.37661185516008683,0.04475397686162494,0.0,0.390465365499135,0.06666666666666667,0.06666666666666667,0.0,1.0,0.008,0.0008333333333333333,1.0,0.0,0.11666666666666667,0.016666666666666666,False,
0.7426013678301511,0.08346853289449743,1.0491121224551772,1.2865560213692429,0.03282002113336967,0.02102552873240972,10.59670337147493,3.7495492899202274,2.2927329843560726,0.4380642231780476,2.414355648813533,0.1334798068091116,0.249450660126038,0.2370383913152071,0.6474187720105447,0.15886438418040003,2.344616156644653,0.4560496514527269,10.215628255779823,10.001669984304897,0.42746438587022145,1.682293234187,1.2161547724696231,0.6267838220698991,0.5891181645105164,0.30187115557479405,0.23122197799065397,1.1953412991606729,0.18377965835292515,0.07108219018671623,1,90.63333333333334,0.0936666666666667,116.68385474522547,104.48045047396698,9.508452869852087,0.9237262773901113,0.12733921706384535,0.08264682600963726,0.13930603625220547,0.012906527071540478,0.31892799207720984,99.06666666666666,61.03333333333333,0.6145452297382145,0.0,0.0,0.6658031814155752,32.85772733926342,0.037338665452587676,9.383234609605664,3.6584420967875033,0.0,0.0,0.0,0.04056758208644225,0.0,0.43417947021157616,0.03333333333333333,0.03333333333333333,0.0,1.0,0.008166666666666666,0.0008333333333333333,1.0,0.0,0.11666666666666667,0.016666666666666666,False,
0.7426013678301511,0.08346853289449743,1.0491121224551772,1.2865560213692429,0.03282002113336967,0.02102552873240972,10.59670337147493,3.7495492899202274,2.2927329843560726,0.4380642231780476,2.414355648813533,0.1334798068091116,0.249450660126038,0.2370383913152071,0.6474187720105447,0.15886438418040003,2.344616156644653,0.4560496514527269,10.215628255779823,10.001669984304897,0.42746438587022145,1.682293234187,1.2161547724696231,0.6267838220698991,0.5891181645105164,0.30187115557479405,0.23122197799065397,1.1953412991606729,0.18377965835292515,0.07108219018671623,2,88.5,0.115,109.0393047357805,101.35003742384447,9.284642283728317,0.9597260446469762,0.15361364155752996,0.10136618749264462,0.06126656773991259,0.03628298780059668,0.36578816225807836,90.4,54.6,0.619546757784189,0.0,0.0,0.8174451871472367,88.15437025371807,0.0,0.0,8.358198445249338,0.0,0.03333333333333333,0.39857115266777066,0.052646783749344686,0.0,0.3321741118640626,0.13333333333333333,0.13333333333333333,0.0,1.0,0.008166666666666666,0.0008333333333333333,1.0,0.0,0.16666666666666666,0.025,False,
0.8434334344879645,0.050448398863751215,1.108169160943476,1.3900652424835152,0.04453786550105669,0.006130372814326481,9.63263267324029,4.0999187382181415,4.41237167235049,0.4295086020827704,2.353173400287525,0.350632197930648,0.23092760602330947,0.2928000859014812,0.6253347551197864,0.10118677710623873,1.6914728586965229,0.4049280719548113,10.243043499805285,7.080568848365823,0.5268508734171495,0.9820755106627395,2.381461719521368,0.571167838971461,0.5371795639434762,0.21529991933383166,0.20279871531700278,1.5851377181775212,0.28270676927616717,0.08294222332446122,0,98.56666666666666,0.014333333333333342,139.44740406274548,118.77840541345722,10.922854029699527,0.8759724310612088,0.09281445535518844,0.07729925713674222,-0.02122217234387418,0.04506860056841697,0.4687663366218392,98.0,78.6,0.8072065039340776,0.0,0.0,0.11888385343172775,66.62004349570148,0.0,0.09598216572665803,5.109781417519994,0.0,0.06666666666666667,0.8360518012361698,0.035428509479374926,0.0,1.4497232430785802,0.26666666666666666,0.26666666666666666,0.0,1.0,0.009916666666666667,0.0,1.0,0.0,0.1,0.025,False,
0.8434334344879645,0.050448398863751215,1.108169160943476,1.3900652424835152,0.04453786550105669,0.006130372814326481,9.63263267324029,4.0999187382181415,4.41237167235049,0.4295086020827704,2.353173400287525,0.350632197930648,0.23092760602330947,0.2928000859014812,0.6253347551197864,0.10118677710623873,1.6914728586965229,0.4049280719548113,10.243043499805285,7.080568848365823,0.5268508734171495,0.9820755106627395,2.381461719521368,0.571167838971461,0.5371795639434762,0.21529991933383166,0.20279871531700278,1.5851377181775212,0.28270676927616717,0.08294222332446122,1,92.26666666666667,0.07733333333333331,132.24752041937484,113.05139310934541,10.22470745830514,0.8756539823684136,0.09426743543299108,0.07118789758141016,0.004336870751883595,0.017689631747749023,0.4669810077628375,103.4,97.66666666666667,0.9444151709654981,0.0,0.0,0.6414198603758335,0.015995050679291398,0.0,0.0,0.08027522126623764,0.0,0.0,0.0,0.038450126092947685,0.0,1.3765632488633524,0.0,0.0,0.0,1.0,0.008333333333333333,0.0,1.0,0.0,0.05,0.025,False,
0.8434334344879645,0.050448398863751215,1.108169160943476,1.3900652424835152,0.04453786550105669,0.006130372814326481,9.63263267324029,4.0999187382181415,4.41237167235049,0.4295086020827704,2.353173400287525,0.350632197930648,0.23092760602330947,0.2928000859014812,0.6253347551197864,0.10118677710623873,1.6914728586965229,0.4049280719548113,10.243043499805285,7.080568848365823,0.5268508734171495,0.9820755106627395,2.381461719521368,0.571167838971461,0.5371795639434762,0.21529991933383166,0.20279871531700278,1.5851377181775212,0.28270676927616717,0.08294222332446122,2,90.8,0.09200000000000003,127.20121320151836,110.89004846840245,10.062175981366765,0.8929584123487156,0.10124249781530993,0.08141649169250736,0.1215931508915621,0.038008148799123946,0.4250613310170332,99.36666666666666,75.6,0.7646049310813434,0.0,0.0,0.7630684545850432,56.12340344571113,0.0,0.01041519695695713,5.529963491812308,0.0,0.03333333333333333,0.4681834152470317,0.04374198678286976,0.0,1.3337251943900366,0.1,0.1,0.0,1.0,0.008833333333333334,0.0,1.0,0.0,0.075,0.03333333333333333,False,
0.669501201943598,0.042677742781213314,1.2227737109991634,1.0482597102383304,0.05943440943296936,0.022304696393052423,7.645584991041168,3.83045105957361,3.510388478853037,0.5180512803696979,1.4803991382740491,0.15056901209005685,0.28022916298853584,0.3200373842397404,0.6525829035444546,0.1864783133971901,1.3441267321637107,0.4017821791284747,4.1765166419912525,4.812186074539688,0.40314894281808145,1.6346349489260834,1.907735670212395,0.6778706498493989,0.4803686352908765,0.2301360503404128,0.1833565789246778,2.3731530268868424,0.3731703272114432,0.16456993985069468,0,90.4,0.09600000000000003,97.50592703403547,118.7084487359525,11.053874347432437,1.266334921427355,0.07532968366459716,0.14270863846104515,0.16306915782931916,0.059146774557072776,0.5157175432578743,101.6,73.93333333333334,0.7298550945607718,0.0,0.0,1.5798714225666688,77.76563860742907,0.0,6.386530138856538,9.931027476513046,0.0,0.06666666666666667,1.2469576197755496,0.0490172699730966,0.0,1.3061685168003814,0.36666666666666664,0.36666666666666664,0.0,1.0,0.009083333333333334,0.003333333333333333,1.0,0.0,0.10833333333333334,0.03333333333333333,False,
0.669501201943598,0.042677742781213314,1.2227737109991634,1.0482597102383304,0.05943440943296936,0.022304696393052423,7.645584991041168,3.83045105957361,3.510388478853037,0.5180512803696979,1.4803991382740491,0.15056901209005685,0.28022916298853584,0.3200373842397404,0.6525829035444546,0.1864783133971901,1.3441267321637107,0.4017821791284747,4.1765166419912525,4.812186074539688,0.40314894281808145,1.6346349489260834,1.907735670212395,0.6778706498493989,0.4803686352908765,0.2301360503404128,0.1833565789246778,2.3731530268868424,0.3731703272114432,0.16456993985069468,1,100.0,0.0,108.45340900365859,134.21926266364684,12.22773710999163,1.3021115948455353,0.10471395806330733,0.18396369858607373,-0.01974431349776506,0.005731443873971564,0.5590791018130761,106.86666666666666,67.36666666666666,0.6303708928466466,0.0,0.0,0.0,0.010052338134448212,0.0,11.19081931486245,1.6639181077048855,0.0,0.0,0.0,0.04737812225475325,0.0,1.1410213570384924,0.0,0.0,0.0,1.0,0.00825,0.003333333333333333,1.0,0.0,0.08333333333333333,0.03333333333333333,False,
0.669501201943598,0.042677742781213314,1.2227737109991634,1.0482597102383304,0.05943440943296936,0.022304696393052423,7.645584991041168,3.83045105957361,3.510388478853037,0.5180512803696979,1.4803991382740491,0.15056901209005685,0.28022916298853584,0.3200373842397404,0.6525829035444546,0.1864783133971901,1.3441267321637107,0.4017821791284747,4.1765166419912525,4.812186074539688,0.40314894281808145,1.6346349489260834,1.907735670212395,0.6778706498493989,0.4803686352908765,0.2301360503404128,0.1833565789246778,2.3731530268868424,0.3731703272114432,0.16456993985069468,2,96.83333333333333,0.0316666666666667,101.92739141908336,128.21064764121235,11.840525434841899,1.2823517278814756,0.0752284661675158,0.11373929517993736,0.008678211657762495,0.03760975047860233,0.570268762846902,103.56666666666666,83.93333333333334,0.8075578659136611,0.0,0.0,0.5211381428605331,49.360747160451915,0.0,0.12887826748984113,5.365213961809799,0.0,0.03333333333333333,0.5303817056714153,0.04146655707702173,0.0,1.2089266358739503,0.13333333333333333,0.13333333333333333,0.0,1.0,0.008666666666666666,0.003333333333333333,1.0,0.0,0.1,0.025,False,
0.6897658884583107,0.04729147826523431,1.0019820128221413,1.3214117981842108,0.04009317113984,0.01872240948770775,9.085632882293524,3.2405157229921455,4.20538262594396,0.5429066631748882,2.315470385407611,0.10001728146287842,0.24143031509180057,0.18400027439665634,0.6489504895172185,0.16812045361033245,1.2258562577768357,0.5804344840367016,6.8528205784201095,5.050809094304448,0.3642758596800006,1.2369940680596088,0.933494252901312,0.33875834807214633,0.38429202436260346,0.28209507547443047,0.17933780168914729,1.2337529245033856,0.358941552437126,0.14838307315632907,0,99.16666666666667,0.00833333333333334,133.255377206813,109.29711031040036,9.936321627152902,0.8371264200147259,0.09856338789053365,0.06697650129678218,0.14198110149791485,0.00383537682570244,0.528357655229898,106.53333333333333,66.4,0.6232820093691193,0.0,0.0,0.12365256096360752,3.134388999366828,0.0,1.4853475764409838,0.7005833606096192,0.0,0.0,0.0,0.010986926734996459,0.0,0.0,0.0,0.0,0.0,1.0,0.008166666666666666,0.0,1.0,0.0,0.1,0.0,False,
0.6897658884583107,0.04729147826523431,1.0019820128221413,1.3214117981842108,0.04009317113984,0.01872240948770775,9.085632882293524,3.2405157229921455,4.20538262594396,0.5429066631748882,2.315470385407611,0.10001728146287842,0.24143031509180057,0.18400027439665634,0.6489504895172185,0.16812045361033245,1.2258562577768357,0.5804344840367016,6.8528205784201095,5.050809094304448,0.3642758596800006,1.2369940680596088,0.933494252901312,0.33875834807214633,0.38429202436260346,0.28209507547443047,0.17933780168914729,1.2337529245033856,0.358941552437126,0.14838307315632907,1,90.26666666666667,0.09733333333333333,122.50847300272639,99.07066085022521,9.044557635741196,0.8239780245049757,0.08313175130939504,0.05733399811032446,0.126162491242809,0.032467226317457194,0.5605686463819256,94.7,84.3,0.8901993727598566,0.0,0.0,1.4442619120549365,48.13505674034224,0.0,0.6584545211869318,2.2685039012598405,0.0,0.06666666666666667,0.665779027741671,0.013633332872174839,0.0,0.0,0.3,0.3,0.0,1.0,0.008916666666666666,0.0,1.0,0.0,0.13333333333333333,0.0,False,
0.6897658884583107,0.04729147826523431,1.0019820128221413,1.3214117981842108,0.04009317113984,0.01872240948770775,9.085632882293524,3.2405157229921455,4.20538262594396,0.5429066631748882,2.315470385407611,0.10001728146287842,0.24143031509180057,0.18400027439665634,0.6489504895172185,0.16812045361033245,1.2258562577768357,0.5804344840367016,6.8528205784201095,5.050809094304448,0.3642758596800006,1.2369940680596088,0.933494252901312,0.33875834807214633,0.38429202436260346,0.28209507547443047,0.17933780168914729,1.2337529245033856,0.358941552437126,0.14838307315632907,2,88.23333333333333,0.11766666666666667,120.00070970526372,98.40116689663023,8.840821293134029,0.8404322188858593,0.08843395950587643,0.07642584995048707,0.03446789402403857,0.05958049304381181,0.6056887646745025,90.03333333333333,75.3,0.8429312260772935,0.0,0.0,1.7459741608061385,60.08320863755771,0.0,0.1735996345483133,5.187357896328417,0.0,0.1,1.2637501452731754,0.012867785320096258,0.0,0.0,0.43333333333333335,0.43333333333333335,0.0,1.0,0.009333333333333334,0.0,1.0,0.0,0.13333333333333333,0.0,False,
0.8597317992977014,0.06695738772790007,1.1537553177108015,1.072285431149952,0.04525876120848116,0.0087340399242962,10.340541767113459,2.5257153220848556,3.8132497760176927,0.357222965594267,2.302830937644889,0.17250878673334136,0.18980335263030917,0.29568463027649405,0.6231120487558475,0.08672630621596206,2.4074747039565985,0.5016479167535087,6.738300825345759,7.876811360264491,0.5397598768801323,1.5775941650311807,1.841151494622196,0.5747327544701917,0.41908929559613395,0.08185860065990856,0.07651878282973612,1.3309983923890645,0.28637626672662614,0.14985466525619384,0,85.5,0.145,99.12015376337975,108.81145484620956,9.864607966427352,1.1353033487445148,0.04592937664457055,0.11720572010984678,0.13010742781496912,0.10875570298512806,0.3880802618238051,108.43333333333334,62.166666666666664,0.5725230249439178,0.0,0.0,2.172892646214811,9.818937660515477,0.0017020805883225965,23.39370817693824,3.6116626067490483,0.0,0.0,0.0,0.08295771850983963,0.0,0.6856756110952317,0.0,0.0,0.0,1.0,0.016666666666666666,0.008333333333333333,1.0,0.0,0.18333333333333332,0.016666666666666666,False,
0.8597317992977014,0.06695738772790007,1.1537553177108015,1.072285431149952,0.04525876120848116,0.0087340399242962,10.340541767113459,2.5257153220848556,3.8132497760176927,0.357222965594267,2.302830937644889,0.17250878673334136,0.18980335263030917,0.29568463027649405,0.6231120487558475,0.08672630621596206,2.4074747039565985,0.5016479167535087,6.738300825345759,7.876811360264491,0.5397598768801323,1.5775941650311807,1.841151494622196,0.5747327544701917,0.41908929559613395,0.08185860065990856,0.07651878282973612,1.3309983923890645,0.28637626672662614,0.14985466525619384,1,92.8,0.07200000000000001,102.16296186815082,118.49343923179119,10.706849348356238,1.2079713802541179,0.11563356741860023,0.1199699156680559,0.09355574242358085,0.015734223392665215,0.32287856882425636,104.66666666666667,64.83333333333333,0.6193985881208817,0.0,0.0,1.0789535898445957,0.6504182470368588,0.0,10.194754421891622,1.1939373840148235,0.0,0.0,0.0,0.05512882780281676,0.0,0.867542450951193,0.0,0.0,0.0,1.0,0.01275,0.009166666666666667,1.0,0.0,0.09166666666666666,0.03333333333333333,False,
0.8597317992977014,0.06695738772790007,1.1537553177108015,1.072285431149952,0.04525876120848116,0.0087340399242962,10.340541767113459,2.5257153220848556,3.8132497760176927,0.357222965594267,2.302830937644889,0.17250878673334136,0.18980335263030917,0.29568463027649405,0.6231120487558475,0.08672630621596206,2.4074747039565985,0.5016479167535087,6.738300825345759,7.876811360264491,0.5397598768801323,1.5775941650311807,1.841151494622196,0.5747327544701917,0.41908929559613395,0.08185860065990856,0.07651878282973612,1.3309983923890645,0.28637626672662614,0.14985466525619384,2,91.16666666666667,0.08833333333333333,102.65458961588887,115.1973712045425,10.518402646463475,1.1636590229149941,0.05457971978844724,0.1352093634961433,-0.08672677723219156,0.06413488109919784,0.42486690203493244,108.06666666666666,64.86666666666666,0.6000884620165319,0.0,0.0,1.3237162097630455,7.583197194757059,0.002557082613558297,9.453697278886777,1.9229279421052992,0.0,0.0,0.0,0.08465481732206423,0.0,0.8949275713023472,0.0,0.0,0.0,1.0,0.016666666666666666,0.008333333333333333,1.0,0.0,0.175,0.03333333333333333,False,
0.6933995512917048,0.08133217717961161,1.092267257720156,1.2002659352689231,0.05552091259705,0.01965113015515408,6.636156446605883,2.363134568696336,4.444285306545681,0.35343967228467466,1.7882482743787549,0.29835016796477004,0.1568948504786078,0.2992675997574948,0.6145894631751357,0.126489999669781,2.075447290798512,0.4662526664521479,8.057291869114973,5.928642875503353,0.5172087471467508,1.5518105004923746,0.6674277873743104,0.5967133817296628,0.376340471043068,0.2724012549322469,0.19106012618498677,2.1558012756778986,0.3528425336406351,0.20004895132514652,0,94.26666666666667,0.05733333333333334,115.7273338542158,112.56458590609412,10.296439349442005,1.0069883336976488,0.0976548722885623,0.10673395419048023,0.03896847555473919,0.02533301841890859,0.3800177427470628,95.86666666666666,68.76666666666667,0.7170155890196319,0.0,0.0,1.1469473209308403,38.579542206625206,0.22497440362051094,0.10228470569784384,5.052916652852205,0.0,0.03333333333333333,0.39303034835303413,0.011925891547571536,0.0,0.0,0.23333333333333334,0.23333333333333334,0.0,1.0,0.00825,0.0,1.0,0.0,0.125,0.0,False,
0.6933995512917048,0.08133217717961161,1.092267257720156,1.2002659352689231,0.05552091259705,0.01965113015515408,6.636156446605883,2.363134568696336,4.444285306545681,0.35343967228467466,1.7882482743787549,0.29835016796477004,0.1568948504786078,0.2992675997574948,0.6145894631751357,0.126489999669781,2.075447290798512,0.4662526664521479,8.057291869114973,5.928642875503353,0.5172087471467508,1.5518105004923746,0.6674277873743104,0.5967133817296628,0.376340471043068,0.2724012549322469,0.19106012618498677,2.1558012756778986,0.3528425336406351,0.20004895132514652,1,96.26666666666667,0.03733333333333333,119.28983605336477,116.1039373794089,10.514892800986038,0.9979982266997728,0.09109966263979523,0.08998420704443998,0.00997060262832065,0.022073494934172395,0.3919011481463205,99.0,61.43333333333333,0.6211322021675484,0.0,0.0,0.7468494182805471,16.514331572652775,0.5254280580504311,2.6860532710115654,3.471367983528858,0.0,0.03333333333333333,0.4571823848414098,0.01252699515606903,0.0,0.0,0.1,0.1,0.0,1.0,0.008083333333333333,0.0,1.0,0.0,0.125,0.0,False,
0.6933995512917048,0.08133217717961161,1.092267257720156,1.2002659352689231,0.05552091259705,0.01965113015515408,6.636156446605883,2.363134568696336,4.444285306545681,0.35343967228467466,1.7882482743787549,0.29835016796477004,0.1568948504786078,0.2992675997574948,0.6145894631751357,0.126489999669781,2.075447290798512,0.4662526664521479,8.057291869114973,5.928642875503353,0.5172087471467508,1.5518105004923746,0.6674277873743104,0.5967133817296628,0.376340471043068,0.2724012549322469,0.19106012618498677,2.1558012756778986,0.3528425336406351,0.20004895132514652,2,98.0,0.020000000000000018,118.58444464213488,117.024354458859,10.704219125657527,1.022762319393682,0.09853904919359152,0.122807123901881,0.032595608502774716,0.029410459583755807,0.3816106132391299,95.5,59.63333333333333,0.6326780531321388,0.0,0.0,0.40009790265029305,44.48928825716917,0.013058108599803513,0.007602209202449813,6.691293643239764,0.0,0.03333333333333333,0.3336264567251238,0.014275202500652241,0.0,0.0,0.13333333333333333,0.13333333333333333,0.0,1.0,0.008083333333333333,0.0016666666666666666,1.0,0.0,0.125,0.0,False,
0.7088834209299566,0.043253393328709096,1.1642705322217073,1.2920167742122495,0.02562302900461231,0.008610244486744256,7.83799670169008,2.811598098219201,3.6989664752446245,0.3436216604210747,2.0530281110194073,0.3116557790628808,0.14466006793998804,0.2457580473061478,0.5605513545334557,0.17992844742470154,2.1261531230657615,0.3884880007110714,5.10824874992717,10.55131757474161,0.30149512248802646,1.8419324706043478,3.0956957990532197,0.671303719457666,0.5106537073503719,0.28351596984493543,0.061465918760484496,2.407074377952389,0.3186627294159628,0.06969647705027138,0,99.0,0.010000000000000002,127.8761640552239,126.64243692956252,11.526278268994906,1.0234422755345887,0.12826447053792753,0.09950906843223915,-0.18720305068183352,0.017231421936538864,0.48856357767589526,104.96666666666667,58.8,0.5597741353676015,0.0,0.0,0.06969647705027139,9.778911258007728,0.0,16.684723923141544,3.8617390676967043,0.0,0.0,0.0,0.014365807756830641,0.0,0.0,0.0,0.0,0.0,1.0,0.005083333333333333,0.0,1.0,0.0,0.11666666666666667,0.0,False,
0.7088834209299566,0.043253393328709096,1.1642705322217073,1.2920167742122495,0.02562302900461231,0.008610244486744256,7.83799670169008,2.811598098219201,3.6989664752446245,0.3436216604210747,2.0530281110194073,0.3116557790628808,0.14466006793998804,0.2457580473061478,0.5605513545334557,0.17992844742470154,2.1261531230657615,0.3884880007110714,5.10824874992717,10.55131757474161,0.30149512248802646,1.8419324706043478,3.0956957990532197,0.671303719457666,0.5106537073503719,0.28351596984493543,0.061465918760484496,2.407074377952389,0.3186627294159628,0.06969647705027138,1,99.63333333333334,0.00366666666666667,129.03488460002913,127.28692452416908,11.600015402702276,1.0134790459474603,0.11955968082645957,0.08794565963869896,-0.24359059575059108,0.013267445971124149,0.4943505580361597,104.13333333333334,63.3,0.607819319258039,0.0,0.0,0.02555537491843284,5.464085133362092,0.0,1.2992009584268251,1.1254716321981018,0.0,0.0,0.0,0.010217719349377522,0.0,0.0,0.0,0.0,0.0,1.0,0.004416666666666667,0.0,1.0,0.0,0.08333333333333333,0.0,False,
0.7088834209299566,0.043253393328709096,1.1642705322217073,1.2920167742122495,0.02562302900461231,0.008610244486744256,7.83799670169008,2.811598098219201,3.6989664752446245,0.3436216604210747,2.0530281110194073,0.3116557790628808,0.14466006793998804,0.2457580473061478,0.5605513545334557,0.17992844742470154,2.1261531230657615,0.3884880007110714,5.10824874992717,10.55131757474161,0.30149512248802646,1.8419324706043478,3.0956957990532197,0.671303719457666,0.5106537073503719,0.28351596984493543,0.061465918760484496,2.407074377952389,0.3186627294159628,0.06969647705027138,2,96.23333333333333,0.03766666666666666,121.1822207056269,123.1848000648793,11.204163421746902,1.0463392336682429,0.1391754407818239,0.10146505117757192,-0.08230031309427126,0.016560305935355683,0.42777902058506545,102.33333333333333,82.03333333333333,0.8027842574085512,0.0,0.0,0.2625233968893555,4.087060634517946,0.0,0.13026320427329027,0.5473522873930883,0.0,0.0,0.0,0.058112585722646416,0.0,0.1996298624261722,0.0,0.0,0.0,1.0,0.008083333333333333,0.0016666666666666666,1.0,0.0,0.15833333333333333,0.016666666666666666,False,
0.8242014954480674,0.09928698542341287,1.126990586747815,1.1731417672229978,0.06021280486820296,0.010446418226443967,10.810695163117815,3.6485065965756043,4.177552213275134,0.5523463506233972,1.8427721753448494,0.33811379912975986,0.09965492078772718,0.22653634141908363,0.7036449445036207,0.14092809823141922,1.3715049582287988,0.4218654154664966,6.229340596974561,7.622833282491709,0.4477110127354567,1.4293456932107516,0.7339867629065828,0.2980851574064661,0.40715958940005603,0.1704310404201883,0.11499059666038569,2.144196337638407,0.12381705607722061,0.22206377481391104,0,94.43333333333334,0.05566666666666667,110.09371998697969,117.5867434777369,10.642547774188534,1.0912064833505937,0.12898202433615075,0.08952909901578601,0.06255000863227189,0.04367939220828285,0.5227318931569792,96.46666666666667,66.2,0.6883399677966899,0.0,0.0,1.2361550131307717,73.4336652300663,0.0,0.006835717318256014,5.269188309000223,0.0,0.23333333333333334,2.3774331936541193,0.07656427152938795,0.0,1.4362729778210348,0.7,0.7,0.0,1.0,0.017916666666666668,0.0016666666666666666,1.0,0.0,0.20833333333333334,0.025,False,
0.8242014954480674,0.09928698542341287,1.126990586747815,1.1731417672229978,0.06021280486820296,0.010446418226443967,10.810695163117815,3.6485065965756043,4.177552213275134,0.5523463506233972,1.8427721753448494,0.33811379912975986,0.09965492078772718,0.22653634141908363,0.7036449445036207,0.14092809823141922,1.3715049582287988,0.4218654154664966,6.229340596974561,7.622833282491709,0.4477110127354567,1.4293456932107516,0.7339867629065828,0.2980851574064661,0.40715958940005603,0.1704310404201883,0.11499059666038569,2.144196337638407,0.12381705607722061,0.22206377481391104,1,99.96666666666667,0.00033333333333333365,120.86694247056273,123.03735097676342,11.26614923218899,1.0415348026575642,0.07891863634624023,0.08795744462773344,-0.3254556359733284,0.05137244338070954,0.7587452518097225,104.26666666666667,73.46666666666667,0.711556916759064,0.0,0.0,0.007402125827130368,53.579391618037626,0.0,10.611027035514228,4.965619377503288,0.0,0.13333333333333333,1.3530046944683218,0.06745828378966631,0.0,2.132978854197319,0.36666666666666664,0.36666666666666664,0.0,1.0,0.021666666666666664,0.0008333333333333333,1.0,0.0,0.175,0.03333333333333333,False,
0.8242014954480674,0.09928698542341287,1.126990586747815,1.1731417672229978,0.06021280486820296,0.010446418226443967,10.810695163117815,3.6485065965756043,4.177552213275134,0.5523463506233972,1.8427721753448494,0.33811379912975986,0.09965492078772718,0.22653634141908363,0.7036449445036207,0.14092809823141922,1.3715049582287988,0.4218654154664966,6.229340596974561,7.622833282491709,0.4477110127354567,1.4293456932107516,0.7339867629065828,0.2980851574064661,0.40715958940005603,0.1704310404201883,0.11499059666038569,2.144196337638407,0.12381705607722061,0.22206377481391104,2,93.9,0.060999999999999985,109.5563247822055,117.04506390074867,10.582441609561982,1.1011125915439972,0.12137980086998626,0.1250798260976858,0.0699182279001233,0.06810961857115556,0.5143363936953217,96.9,63.166666666666664,0.6588743436434188,0.0,0.0,1.3545890263648575,83.99264376407703,0.0,0.13959658598562447,6.124244613844882,0.0,0.2,2.4203918658326704,0.058445352007854785,0.0,2.317739862605984,0.6333333333333333,0.6333333333333333,0.0,1.0,0.01875,0.003333333333333333,1.0,0.0,0.18333333333333332,0.025,False,
0.7970472092032006,0.04657735897157855,1.1515142453400518,1.2498328987236547,0.04510837474494213,0.0068817722824977955,7.680517593688403,3.51098774527785,4.224646517493957,0.46441326570862035,2.181408417239781,0.24330203435131253,0.1651774489033659,0.3029378530397788,0.594908370869753,0.1666178297317038,1.473619266383169,0.41838466363388344,8.381110657252833,4.738417005414208,0.3540742835677885,1.1570949982776928,0.9217573510258085,0.4376542233943062,0.4158543419407857,0.21289557939067483,0.16178931398590474,1.7899349329654426,0.327543707843007,0.17145055284132046,0,97.1,0.029000000000000026,123.39569891575682,121.82198111248128,11.1812033222519,1.017546823423982,0.0973456823632642,0.0914862360266675,0.029444039285202624,0.027521433489497246,0.4984118720338687,98.63333333333334,84.73333333333333,0.8614825465576603,0.0,0.0,0.4972066032398294,59.05519719139276,0.0,0.00237398689097655,5.095575471831877,0.0,0.06666666666666667,0.8718891721626811,0.03904473329295985,0.0,0.7549283774793637,0.3,0.3,0.0,1.0,0.009583333333333334,0.0,1.0,0.0,0.11666666666666667,0.016666666666666666,False,
0.7970472092032006,0.04657735897157855,1.1515142453400518,1.2498328987236547,0.04510837474494213,0.0068817722824977955,7.680517593688403,3.51098774527785,4.224646517493957,0.46441326570862035,2.181408417239781,0.24330203435131253,0.1651774489033659,0.3029378530397788,0.594908370869753,0.1666178297317038,1.473619266383169,0.41838466363388344,8.381110657252833,4.738417005414208,0.3540742835677885,1.1570949982776928,0.9217573510258085,0.4376542233943062,0.4158543419407857,0.21289557939067483,0.16178931398590474,1.7899349329654426,0.327543707843007,0.17145055284132046,1,95.33333333333333,0.04666666666666666,121.78712276378278,119.16261020378089,10.977769138908497,1.0135794658644202,0.09403383561331209,0.09992216685310333,0.03131076253789085,0.0615200331302387,0.5005829395908507,94.13333333333334,74.3,0.792564028465123,0.0,0.0,0.800102579926162,75.51303885241938,0.0,0.04925208380443906,7.959691977077797,0.0,0.1,1.6159868407199427,0.030622009483767008,0.0,0.977895568505425,0.5,0.5,0.0,1.0,0.009833333333333333,0.0,1.0,0.0,0.10833333333333334,0.016666666666666666,False,
0.7970472092032006,0.04657735897157855,1.1515142453400518,1.2498328987236547,0.04510837474494213,0.0068817722824977955,7.680517593688403,3.51098774527785,4.224646517493957,0.46441326570862035,2.181408417239781,0.24330203435131253,0.1651774489033659,0.3029378530397788,0.594908370869753,0.1666178297317038,1.473619266383169,0.41838466363388344,8.381110657252833,4.738417005414208,0.3540742835677885,1.1570949982776928,0.9217573510258085,0.4376542233943062,0.4158543419407857,0.21289557939067483,0.16178931398590474,1.7899349329654426,0.327543707843007,0.17145055284132046,2,96.4,0.03600000000000003,120.41829504758147,121.98317286619475,11.100597325078098,1.042827625582034,0.1095056571848716,0.10846316308204294,-0.021866663090146145,0.04099941734091802,0.5251821793083242,99.8,72.23333333333333,0.7219610919498473,0.0,0.0,0.6172219902287537,53.878604711005465,0.0,0.8021236037527799,7.173877384645808,0.0,0.03333333333333333,0.40776198003470093,0.035208848585615383,0.0,1.0039139129080141,0.03333333333333333,0.03333333333333333,0.0,1.0,0.00975,0.0008333333333333333,1.0,0.0,0.09166666666666666,0.016666666666666666,False,
0.7898241013477717,0.09873820923822096,1.1339338937463557,1.0447393293286926,0.05527404180675415,0.015493417303035866,8.106165150132494,3.800250907084356,2.3082303011553735,0.4503246465662554,1.534928536378977,0.18799894482870283,0.21901154235491646,0.24892342357134922,0.5349069408773226,0.09921303666170679,1.919841179425959,0.429921328137919,6.180589284527845,6.251419288672888,0.5163696142480261,1.5992154174579971,1.7892534459437561,0.4676209172590923,0.5979711300971138,0.31090911504515617,0.1522712502903644,2.0557835064518697,0.22985917225277813,0.22327654951870762,0,95.66666666666667,0.043333333333333356,102.23385836806483,119.94054952169046,10.8479675835068,1.2031791404085885,0.09979120164389416,0.1102608612628115,0.03543352018565164,0.05740318802003938,0.4062306020251293,97.86666666666666,77.66666666666667,0.8016729596839269,0.0,0.0,0.9675317145810663,64.17153249219118,0.0,0.015358776640896524,6.465685579240161,0.0,0.16666666666666666,1.9900040317677268,0.03651045369940717,0.0,0.8571487770142662,0.5,0.5,0.0,1.0,0.009250000000000001,0.0016666666666666666,1.0,0.0,0.13333333333333333,0.016666666666666666,False,
0.7898241013477717,0.09873820923822096,1.1339338937463557,1.0447393293286926,0.05527404180675415,0.015493417303035866,8.106165150132494,3.800250907084356,2.3082303011553735,0.4503246465662554,1.534928536378977,0.18799894482870283,0.21901154235491646,0.24892342357134922,0.5349069408773226,0.09921303666170679,1.919841179425959,0.429921328137919,6.180589284527845,6.251419288672888,0.5163696142480261,1.5992154174579971,1.7892534459437561,0.4676209172590923,0.5979711300971138,0.31090911504515617,0.1522712502903644,2.0557835064518697,0.22985917225277813,0.22327654951870762,1,96.43333333333334,0.035666666666666666,102.5981717229403,119.56896027181665,10.934902515360687,1.200132087308916,0.09790676547780784,0.12233505105087725,-0.03716574317402383,0.06988865979461328,0.43176709022847465,99.4,73.23333333333333,0.7436110327791402,0.0,0.0,0.796353026616724,54.51632058111631,0.01794052443605965,0.8951434780941824,6.189686862067228,0.0,0.1,1.2040276344073324,0.04381657975932652,0.0,0.9700641819626514,0.26666666666666666,0.26666666666666666,0.0,1.0,0.00975,0.0016666666666666666,1.0,0.0,0.14166666666666666,0.016666666666666666,False,
0.7898241013477717,0.09873820923822096,1.1339338937463557,1.0447393293286926,0.05527404180675415,0.015493417303035866,8.106165150132494,3.800250907084356,2.3082303011553735,0.4503246465662554,1.534928536378977,0.18799894482870283,0.21901154235491646,0.24892342357134922,0.5349069408773226,0.09921303666170679,1.919841179425959,0.429921328137919,6.180589284527845,6.251419288672888,0.5163696142480261,1.5992154174579971,1.7892534459437561,0.4676209172590923,0.5979711300971138,0.31090911504515617,0.1522712502903644,2.0557835064518697,0.22985917225277813,0.22327654951870762,2,96.96666666666667,0.03033333333333336,101.14683378724075,120.21185588905601,10.995378989693826,1.2211039117362088,0.09777685162749994,0.13430622175902324,0.0285941097819092,0.05500118798487701,0.40951851948013207,99.23333333333333,79.66666666666667,0.8068606659599966,0.0,0.0,0.6772722002067464,68.62091819140484,0.0,0.6263380601107875,6.626913335112422,0.0,0.1,1.3551421459196356,0.03806407993037554,0.0,0.7848921126834667,0.3333333333333333,0.3333333333333333,0.0,1.0,0.01,0.0025,1.0,0.0,0.13333333333333333,0.016666666666666666,False,
0.7818469526390552,0.051730417334857316,1.0545532574407623,1.334013157403211,0.032989255745976886,0.022555377077862933,7.744023877969646,2.7030658737324997,2.6760545516440897,0.6568849959240719,1.3723934487170488,0.261217910083464,0.24751097988839516,0.34107691886953173,0.6447048526271882,0.1836575330672649,1.3649332994504135,0.31509462334160887,9.286970670491002,8.361367259718289,0.47798672643918505,1.8551637211869836,0.8966904970561397,0.38213843277031645,0.49016959719601594,0.16081627177096441,0.06642411689843195,1.7118149753172505,0.23314658151459644,0.13547217904524847,0,99.5,0.0050000000000000044,132.32442655222218,115.13019551410883,10.492804911535588,0.8810468408992015,0.11002313843775305,0.05974434009214969,-0.09246393221671823,0.008808366727393869,0.5819939375955815,105.03333333333333,64.46666666666667,0.6138036018136529,0.0,0.0,0.06773608952262423,0.29911642771099517,0.0,9.320061562776829,1.4776550406242726,0.0,0.0,0.0,0.003765497201490778,0.0,0.0,0.0,0.0,0.0,1.0,0.00375,0.0,1.0,0.0,0.03333333333333333,0.0,False,
0.7818469526390552,0.051730417334857316,1.0545532574407623,1.334013157403211,0.032989255745976886,0.022555377077862933,7.744023877969646,2.7030658737324997,2.6760545516440897,0.6568849959240719,1.3723934487170488,0.261217910083464,0.24751097988839516,0.34107691886953173,0.6447048526271882,0.1836575330672649,1.3649332994504135,0.31509462334160887,9.286970670491002,8.361367259718289,0.47798672643918505,1.8551637211869836,0.8966904970561397,0.38213843277031645,0.49016959719601594,0.16081627177096441,0.06642411689843195,1.7118149753172505,0.23314658151459644,0.13547217904524847,1,97.0,0.029999999999999995,128.63273618597637,113.29158173574487,10.229166597175391,0.8925404910620105,0.12589963869036722,0.05947511380257994,-0.13107424934063194,0.045061492885191234,0.6225424960714427,102.26666666666667,48.63333333333333,0.4755121721141139,0.0,0.0,0.4064165371357455,39.94686885573404,0.0,2.7195867532940157,6.168197100851718,0.0,0.03333333333333333,0.28841128341063177,0.004363347677570351,0.0,0.0,0.03333333333333333,0.03333333333333333,0.0,1.0,0.00375,0.0,1.0,0.0,0.041666666666666664,0.0,False,
0.7818469526390552,0.051730417334857316,1.0545532574407623,1.334013157403211,0.032989255745976886,0.022555377077862933,7.744023877969646,2.7030658737324997,2.6760545516440897,0.6568849959240719,1.3723934487170488,0.261217910083464,0.24751097988839516,0.34107691886953173,0.6447048526271882,0.1836575330672649,1.3649332994504135,0.31509462334160887,9.286970670491002,8.361367259718289,0.47798672643918505,1.8551637211869836,0.8966904970561397,0.38213843277031645,0.49016959719601594,0.16081627177096441,0.06642411689843195,1.7118149753172505,0.23314658151459644,0.13547217904524847,2,100.0,0.0,130.58672131920352,115.04970614931067,10.545532574407622,0.8889989935467256,0.107043129841521,0.05464228700979099,-0.019022613436134317,0.022458960677504827,0.5552942261292381,106.5,48.86666666666667,0.4589910055801261,0.0,0.0,0.0,41.49703079559231,0.0,4.323319669508229,6.517628824181987,0.0,0.03333333333333333,0.2424074842077362,0.004488844505581184,0.0,0.0,0.06666666666666667,0.06666666666666667,0.0,1.0,0.004083333333333333,0.0,1.0,0.0,0.058333333333333334,0.0,False,
0.7469536077431388,0.05101281104721478,1.0241867027621618,1.336884460552962,0.05296962946135381,0.01691916193064691,9.783399214460552,3.050717783443736,2.628481540429603,0.6348942011568761,1.9113056155921169,0.32220493061064487,0.272729604139345,0.27770560078924583,0.6946829317628337,0.17701426300657447,1.4040110198830944,0.41366210103948126,9.605392589488254,7.0072079531316245,0.2593875849421644,1.3843250016775355,2.69864024673291,0.4393824131759876,0.5218666591339762,0.10958621438348716,0.1795482830371051,1.8506579652841877,0.15859420640377558,0.1058232501324666,0,90.43333333333334,0.09566666666666666,123.9608113462282,100.89155428300555,9.262061748645818,0.8389685065016831,0.08825236287172417,0.07974036455423063,0.16927688987305903,0.05419914443070902,0.49104419163817653,88.9,58.833333333333336,0.683943842758903,0.0,0.0,1.0123757596005973,81.56042700792219,0.0,0.650200985400641,7.289669550093934,0.0,0.13333333333333333,2.124004703210114,0.026749262081266056,0.0,0.0,0.7666666666666667,0.7666666666666667,0.0,1.0,0.010333333333333335,0.0,1.0,0.0,0.11666666666666667,0.0,False,
0.7469536077431388,0.05101281104721478,1.0241867027621618,1.336884460552962,0.05296962946135381,0.01691916193064691,9.783399214460552,3.050717783443736,2.628481540429603,0.6348942011568761,1.9113056155921169,0.32220493061064487,0.272729604139345,0.27770560078924583,0.6946829317628337,0.17701426300657447,1.4040110198830944,0.41366210103948126,9.605392589488254,7.0072079531316245,0.2593875849421644,1.3843250016775355,2.69864024673291,0.4393824131759876,0.5218666591339762,0.10958621438348716,0.1795482830371051,1.8506579652841877,0.15859420640377558,0.1058232501324666,1,93.76666666666667,0.062333333333333324,127.24458974898944,104.30174709689204,9.603457316233204,0.8408731929451527,0.09238295862035613,0.07585481580703803,0.020721024089622325,0.039447352932771525,0.5207818386760831,98.23333333333333,77.66666666666667,0.7963567417966286,0.0,0.0,0.6596315924923754,55.329884963489576,0.0,0.09168565867876961,4.18632489550184,0.0,0.13333333333333333,1.3620403146133593,0.029153381688709828,0.0,0.0,0.4666666666666667,0.4666666666666667,0.0,1.0,0.010666666666666666,0.0,1.0,0.0,0.15,0.0,False,
0.7469536077431388,0.05101281104721478,1.0241867027621618,1.336884460552962,0.05296962946135381,0.01691916193064691,9.783399214460552,3.050717783443736,2.628481540429603,0.6348942011568761,1.9113056155921169,0.32220493061064487,0.272729604139345,0.27770560078924583,0.6946829317628337,0.17701426300657447,1.4040110198830944,0.41366210103948126,9.605392589488254,7.0072079531316245,0.2593875849421644,1.3843250016775355,2.69864024673291,0.4393824131759876,0.5218666591339762,0.10958621438348716,0.1795482830371051,1.8506579652841877,0.15859420640377558,0.1058232501324666,2,92.63333333333334,0.07366666666666667,124.15077224480845,104.47206214384596,9.487382823253492,0.8689442092468961,0.11241742528542085,0.09768460437370531,0.017376940032858192,0.05553103906509981,0.566277290545002,94.83333333333333,53.8,0.5878907786209162,0.0,0.0,0.7795646093091705,70.79059396016324,0.0,6.390823295501526,7.975502269464829,0.0,0.03333333333333333,0.39405895039929345,0.02283260606657133,0.0,0.0,0.1,0.1,0.0,1.0,0.008583333333333333,0.0008333333333333333,1.0,0.0,0.1,0.0,False,
0.6677767838714992,0.0969665969740856,1.023066172390563,1.2444396366529846,0.05459928463388687,0.01237665968279937,8.487792842040848,4.401041656137501,3.666143172545383,0.49239391838644453,1.772175104485125,0.3667415376140844,0.2676322364057273,0.27005468409638694,0.7203264327984812,0.1842682737126191,1.7975808603124224,0.4257738486477063,8.294127245054,10.226615040044893,0.38039903466317493,1.2884457695853277,2.5923154275335447,0.45358491973856674,0.608817443050367,0.2514149243569834,0.09719531162200801,1.94658522246222,0.1690624963837647,0.1971912504611111,0,96.03333333333333,0.039666666666666676,121.12614830627534,107.29124684544423,9.82484547552404,0.9002171736741299,0.09043651134305646,0.06315986308391726,0.04867426339685328,0.058509512418616835,0.4281038439174096,96.53333333333333,62.333333333333336,0.6462961958160005,0.0,0.0,0.7821919601624074,50.922374826107536,1.6192533134139622,1.1273939546093348,6.204930775585881,0.0,0.1,1.2940974053443337,0.017644632312108836,0.0,0.0,0.26666666666666666,0.26666666666666666,0.0,1.0,0.007666666666666667,0.0,1.0,0.0,0.19166666666666668,0.0,False,
0.6677767838714992,0.0969665969740856,1.023066172390563,1.2444396366529846,0.05459928463388687,0.01237665968279937,8.487792842040848,4.401041656137501,3.666143172545383,0.49239391838644453,1.772175104485125,0.3667415376140844,0.2676322364057273,0.27005468409638694,0.7203264327984812,0.1842682737126191,1.7975808603124224,0.4257738486477063,8.294127245054,10.226615040044893,0.38039903466317493,1.2884457695853277,2.5923154275335447,0.45358491973856674,0.608817443050367,0.2514149243569834,0.09719531162200801,1.94658522246222,0.1690624963837647,0.1971912504611111,1,93.76666666666667,0.062333333333333324,118.06456658730524,104.81299706765097,9.592950476448847,0.8974029056342998,0.08898773679420033,0.05313785615211351,0.04178563566753592,0.049633648056861206,0.4274009412957175,96.6,52.56666666666667,0.5430762143433584,0.0,0.0,1.229158794540926,58.50941528293468,1.694461596897395,0.6732967150449568,6.906638281872285,0.0,0.06666666666666667,0.8510577483936739,0.017296252919297008,0.0,0.0,0.2,0.2,0.0,1.0,0.007083333333333334,0.0,1.0,0.0,0.14166666666666666,0.0,False,
0.6677767838714992,0.0969665969740856,1.023066172390563,1.2444396366529846,0.05459928463388687,0.01237665968279937,8.487792842040848,4.401041656137501,3.666143172545383,0.49239391838644453,1.772175104485125,0.3667415376140844,0.2676322364057273,0.27005468409638694,0.7203264327984812,0.1842682737126191,1.7975808603124224,0.4257738486477063,8.294127245054,10.226615040044893,0.38039903466317493,1.2884457695853277,2.5923154275335447,0.45358491973856674,0.608817443050367,0.2514149243569834,0.09719531162200801,1.94658522246222,0.1690624963837647,0.1971912504611111,2,93.93333333333334,0.06066666666666667,116.99445474179826,105.34438736703278,9.610001579322022,0.9095130246257875,0.08863545729562024,0.055050219712697857,0.059956742440468225,0.0772411799072652,0.4270119984211581,95.3,60.1,0.6333617085947425,0.0,0.0,1.1962935861307407,73.57765738257193,0.8115510151209583,0.7017484095866056,8.185451423433854,0.0,0.2,2.651226724869315,0.016097354759491797,0.0,0.0,0.5666666666666667,0.5666666666666667,0.0,1.0,0.007916666666666666,0.0,1.0,0.0,0.19166666666666668,0.0,False,
0.6545006046042435,0.05931824135822268,1.1606193761313466,1.343922538267323,0.036406489488358916,0.018147905085586925,8.00870915917219,3.0810364126139294,3.783332108477249,0.5732075467004377,1.4536524129361976,0.3837965787477688,0.16067382840545502,0.2425958093581552,0.5853331762717224,0.15536729117896947,1.8173194464433644,0.38079452963396876,6.1523356826891575,5.6141211783635026,0.2752564558910573,1.6466881457418678,2.8305336743738048,0.6033106755104354,0.44911037215673644,0.3077844339660469,0.10485459093695121,1.7597335140663286,0.274182464310049,0.1954337540063691,0,96.5,0.035,136.8818595980288,123.46637518052442,11.199976979667497,0.9162373040847849,0.05586183788509908,0.06916316970997802,-0.13649844093531985,0.03928897114972642,0.5295089813725784,101.26666666666667,101.26666666666667,1.0,0.0,0.0,0.6840181390222918,7.704208438300712,0.1185849013562397,0.14766423084234936,0.6519923109321254,0.0,0.0,0.0,0.01326082344923602,0.0,0.0,0.0,0.0,0.0,1.0,0.007083333333333334,0.0,1.0,0.0,0.10833333333333334,0.0,False,
0.6545006046042435,0.05931824135822268,1.1606193761313466,1.343922538267323,0.036406489488358916,0.018147905085586925,8.00870915917219,3.0810364126139294,3.783332108477249,0.5732075467004377,1.4536524129361976,0.3837965787477688,0.16067382840545502,0.2425958093581552,0.5853331762717224,0.15536729117896947,1.8173194464433644,0.38079452963396876,6.1523356826891575,5.6141211783635026,0.2752564558910573,1.6466881457418678,2.8305336743738048,0.6033106755104354,0.44911037215673644,0.3077844339660469,0.10485459093695121,1.7597335140663286,0.274182464310049,0.1954337540063691,1,98.86666666666666,0.011333333333333332,138.49236729546962,126.25891138267957,11.47465689868525,0.9265891995635681,0.06911583613931722,0.06928394961722298,-0.2191240007877669,0.03178905514867348,0.546843966000827,102.93333333333334,59.63333333333333,0.5795043554381335,0.0,0.0,0.22149158787388498,0.8354596947044358,0.3454783859330094,12.7984655828381,2.0559518051867824,0.0,0.0,0.0,0.01628034789082301,0.0,0.0,0.0,0.0,0.0,1.0,0.0075,0.0,1.0,0.0,0.10833333333333334,0.0,False,
0.6545006046042435,0.05931824135822268,1.1606193761313466,1.343922538267323,0.036406489488358916,0.018147905085586925,8.00870915917219,3.0810364126139294,3.783332108477249,0.5732075467004377,1.4536524129361976,0.3837965787477688,0.16067382840545502,0.2425958093581552,0.5853331762717224,0.15536729117896947,1.8173194464433644,0.38079452963396876,6.1523356826891575,5.6141211783635026,0.2752564558910573,1.6466881457418678,2.8305336743738048,0.6033106755104354,0.44911037215673644,0.3077844339660469,0.10485459093695121,1.7597335140663286,0.274182464310049,0.1954337540063691,2,99.4,0.006000000000000005,132.87207030758984,125.49645332355966,11.536556598745586,0.9571972857366049,0.09022729716791827,0.0732990341142986,-0.047952608860276656,0.03247624552973082,0.4517388756626623,101.6,66.8,0.6584116161843784,0.0,0.0,0.11726025240382147,37.67073386232268,0.0,0.8993269758302362,4.635236137646557,0.0,0.1,0.8887255124066863,0.009369830635997186,0.0,0.0,0.3,0.3,0.0,1.0,0.006166666666666667,0.0,1.0,0.0,0.11666666666666667,0.0,False,
0.7270101777311031,0.09478618713289824,1.1753947088639354,1.0412108690793007,0.05121549148712172,0.010931935494944759,11.27098437077904,4.260769659723043,2.145795767998708,0.36815912896806224,2.001193063815122,0.2663773141247178,0.11694196430723036,0.18409682867855542,0.6169262096045026,0.14436812816532024,2.0273863497732916,0.4996658370501028,7.063204122766742,8.590454607314056,0.47341648995662866,1.5003611036522373,2.1959370052382647,0.4787638980407529,0.34442275057121385,0.1574432037347337,0.16921986564121455,1.5618285544530137,0.1286369423867546,0.17250997421833253,0,93.93333333333334,0.06066666666666666,99.43652326823057,119.78851697513879,11.040874298595233,1.237757739336786,0.088667419513297,0.10806023261216618,0.09403226918495257,0.0457015846426364,0.3701346623603761,96.3,72.03333333333333,0.7538283210517361,0.0,0.0,1.046560510257884,97.62728950599347,0.15388524693152852,0.19333129247270994,5.124312434463727,0.0,0.13333333333333333,1.9669859442791562,0.041923106939522295,0.0,0.7316909870132127,0.5,0.5,0.0,1.0,0.008833333333333334,0.0025,1.0,0.0,0.13333333333333333,0.025,False,
0.7270101777311031,0.09478618713289824,1.1753947088639354,1.0412108690793007,0.05121549148712172,0.010931935494944759,11.27098437077904,4.260769659723043,2.145795767998708,0.36815912896806224,2.001193063815122,0.2663773141247178,0.11694196430723036,0.18409682867855542,0.6169262096045026,0.14436812816532024,2.0273863497732916,0.4996658370501028,7.063204122766742,8.590454607314056,0.47341648995662866,1.5003611036522373,2.1959370052382647,0.4787638980407529,0.34442275057121385,0.1574432037347337,0.16921986564121455,1.5618285544530137,0.1286369423867546,0.17250997421833253,1,98.83333333333333,0.011666666666666678,105.42793233990353,127.2028202907571,11.616817705938557,1.2478248621402404,0.09762660727837784,0.1239708088893937,-0.028634041172558692,0.04635722412156444,0.4066286304533098,96.86666666666666,51.2,0.533711256150989,0.0,0.0,0.2012616365880546,76.24899671560858,0.5870985705445936,0.257405736303337,6.577247009502083,0.0,0.2,2.427871901167688,0.04294705617203833,0.0,1.3546695877805037,0.5,0.5,0.0,1.0,0.00975,0.004166666666666667,1.0,0.0,0.15,0.016666666666666666,False,
0.7270101777311031,0.09478618713289824,1.1753947088639354,1.0412108690793007,0.05121549148712172,0.010931935494944759,11.27098437077904,4.260769659723043,2.145795767998708,0.36815912896806224,2.001193063815122,0.2663773141247178,0.11694196430723036,0.18409682867855542,0.6169262096045026,0.14436812816532024,2.0273863497732916,0.4996658370501028,7.063204122766742,8.590454607314056,0.47341648995662866,1.5003611036522373,2.1959370052382647,0.4787638980407529,0.34442275057121385,0.1574432037347337,0.16921986564121455,1.5618285544530137,0.1286369423867546,0.17250997421833253,2,95.23333333333333,0.04766666666666667,100.33402402128819,122.8117101947822,11.193675610747544,1.268623246297888,0.09503915592350082,0.14833327579577113,0.02935226723755104,0.04525473285543532,0.38956161012548624,98.6,59.266666666666666,0.6083270254683769,0.0,0.0,0.8222975437740517,83.76695930712559,0.003318280292554223,0.33530582424582905,6.611542855135485,0.0,0.26666666666666666,2.7323487440130196,0.0463534331241697,0.0,0.5676768763245228,0.6,0.6,0.0,1.0,0.009166666666666667,0.0025,1.0,0.0,0.2,0.016666666666666666,False,
0.6620398570643639,0.0807456288485426,1.0316399881988014,1.184104948034589,0.04277114509449952,0.0072566084164319734,8.095276214295081,4.416459154034493,2.8536647677137035,0.37192113398101456,1.6932598958765457,0.1377045983055258,0.12144761961024544,0.2404623097815532,0.603235984273532,0.0787324708295705,1.1753748512453774,0.5146795747445612,9.669411251879431,5.7487616645888275,0.3469447807523028,1.583423293172713,3.3337623864929014,0.4345337381870958,0.3254145054767328,0.09776146143639514,0.05125159409082012,2.220898601943982,0.2596019481131715,0.05109931246360915,0,91.03333333333333,0.08966666666666664,109.85276619127085,103.30780054682376,9.391362692569754,0.9612921375267811,0.0969208733050375,0.07800579456225142,0.15165108970564697,0.04785693535746203,0.5504689954334537,94.33333333333333,66.13333333333334,0.7012845739809156,0.0,0.0,0.4581905017570287,45.63771668323383,0.7736921252883566,0.04846240642770719,4.729116685633584,0.0,0.1,0.8595455393360766,0.02970489323383153,0.0,0.0,0.2,0.2,0.0,1.0,0.007666666666666667,0.0,1.0,0.0,0.225,0.0,False,
0.6620398570643639,0.0807456288485426,1.0316399881988014,1.184104948034589,0.04277114509449952,0.0072566084164319734,8.095276214295081,4.416459154034493,2.8536647677137035,0.37192113398101456,1.6932598958765457,0.1377045983055258,0.12144761961024544,0.2404623097815532,0.603235984273532,0.0787324708295705,1.1753748512453774,0.5146795747445612,9.669411251879431,5.7487616645888275,0.3469447807523028,1.583423293172713,3.3337623864929014,0.4345337381870958,0.3254145054767328,0.09776146143639514,0.05125159409082012,2.220898601943982,0.2596019481131715,0.05109931246360915,1,86.83333333333333,0.13166666666666668,104.3899995624474,98.2874019688696,8.958073897526258,0.9656821753926347,0.10295724858600315,0.08541502314923152,0.22677777425396314,0.05511924842125823,0.5436163235374252,97.66666666666667,68.26666666666667,0.7026795215593883,0.0,0.0,0.6728076141041871,44.19005157349946,0.9108878322683578,1.6546938049980038,5.072484552401799,0.0,0.1,0.880308481452446,0.05666637092430412,0.0,0.0,0.2,0.2,0.0,1.0,0.007666666666666667,0.0,1.0,0.0,0.19166666666666668,0.0,False,
0.6620398570643639,0.0807456288485426,1.0316399881988014,1.184104948034589,0.04277114509449952,0.0072566084164319734,8.095276214295081,4.416459154034493,2.8536647677137035,0.37192113398101456,1.6932598958765457,0.1377045983055258,0.12144761961024544,0.2404623097815532,0.603235984273532,0.0787324708295705,1.1753748512453774,0.5146795747445612,9.669411251879431,5.7487616645888275,0.3469447807523028,1.583423293172713,3.3337623864929014,0.4345337381870958,0.3254145054767328,0.09776146143639514,0.05125159409082012,2.220898601943982,0.2596019481131715,0.05109931246360915,2,90.4,0.09600000000000002,105.99627084082408,103.06498261838573,9.326025493317168,1.0044015497568197,0.12682357804861263,0.11578503668919253,0.10538085538483434,0.013800637216784874,0.5718021341420422,97.86666666666666,91.16666666666667,0.9310049306091279,0.0,0.0,0.49055339965064776,0.0817176700844763,0.3223756367095507,0.0,0.04866944466337567,0.0,0.0,0.0,0.055309567736775714,0.0,0.0,0.0,0.0,0.0,1.0,0.007583333333333333,0.0008333333333333333,1.0,0.0,0.2,0.0,False,
0.7711836946241784,0.069591725038671,0.9917016217935373,1.036311540375251,0.03893163538244504,0.006726562572353137,10.564390141853728,4.235029764998623,2.3262619605733894,0.4982560250217818,2.1442767147695854,0.3723749186365794,0.16823472037001255,0.23944016091002504,0.5236389385931987,0.12956624247874432,2.2576149959374687,0.24577889192297708,5.392514296727928,8.839795140781774,0.5231675768503881,1.1717065792578159,2.4479827070150413,0.4708433642604032,0.4292739563158299,0.20056834366369822,0.12465701014541969,1.454006712511879,0.2285184399676662,0.22080211209719341,0,92.2,0.07800000000000004,97.54974403695532,100.49104599548534,9.143488952936412,1.0593867844348694,0.09915787834460779,0.09067829001996454,0.09686921925858324,0.060115560321782266,0.34539250633225177,94.03333333333333,68.93333333333334,0.7382672114502554,0.0,0.0,1.7222564743581092,91.2581060163931,0.0,0.1576880868856759,8.166974521409962,0.0,0.1,1.505188911766591,0.034549903953387924,0.0,0.8500101685561271,0.4,0.4,0.0,1.0,0.008916666666666666,0.0008333333333333333,1.0,0.0,0.13333333333333333,0.016666666666666666,False,
0.7711836946241784,0.069591725038671,0.9917016217935373,1.036311540375251,0.03893163538244504,0.006726562572353137,10.564390141853728,4.235029764998623,2.3262619605733894,0.4982560250217818,2.1442767147695854,0.3723749186365794,0.16823472037001255,0.23944016091002504,0.5236389385931987,0.12956624247874432,2.2576149959374687,0.24577889192297708,5.392514296727928,8.839795140781774,0.5231675768503881,1.1717065792578159,2.4479827070150413,0.4708433642604032,0.4292739563158299,0.20056834366369822,0.12465701014541969,1.454006712511879,0.2285184399676662,0.22080211209719341,1,91.93333333333334,0.08066666666666669,100.01135126632951,101.1021707574756,9.117043576355254,1.0568486943461595,0.09603971644859043,0.11229652269694722,0.13940362052798713,0.07528228865859964,0.33753556798541895,89.26666666666667,63.2,0.7161921220662223,0.0,0.0,1.781137037584027,104.19927867198803,0.0,0.33115298198247767,8.042593343617705,0.0,0.13333333333333333,2.3200952823459016,0.04099229798185179,0.0,1.0421984716648531,0.6,0.6,0.0,1.0,0.009916666666666667,0.0008333333333333333,1.0,0.0,0.125,0.016666666666666666,False,
0.7711836946241784,0.069591725038671,0.9917016217935373,1.036311540375251,0.03893163538244504,0.006726562572353137,10.564390141853728,4.235029764998623,2.3262619605733894,0.4982560250217818,2.1442767147695854,0.3723749186365794,0.16823472037001255,0.23944016091002504,0.5236389385931987,0.12956624247874432,2.2576149959374687,0.24577889192297708,5.392514296727928,8.839795140781774,0.5231675768503881,1.1717065792578159,2.4479827070150413,0.4708433642604032,0.4292739563158299,0.20056834366369822,0.12465701014541969,1.454006712511879,0.2285184399676662,0.22080211209719341,2,96.3,0.037000000000000005,100.07317918674845,104.74922805600399,9.550086617871765,1.0738870228029447,0.09626600976687882,0.10529622648643469,-0.013683033324411164,0.06512592886978548,0.3823547145152786,97.9,56.9,0.5970162833889582,0.0,0.0,0.8169678147596157,81.1299716236155,0.0,8.30500461964636,8.110958323976725,0.0,0.13333333333333333,2.0824779016186272,0.029799279866812824,0.0,0.0,0.5,0.5,0.0,1.0,0.008916666666666666,0.0008333333333333333,1.0,0.0,0.20833333333333334,0.0,False,
0.7935100499868002,0.07365239735062626,1.1000030145457562,1.348863291939319,0.029252687412080827,0.011794497851131722,8.437813735870353,4.180591045531678,2.903487758510274,0.4044478545781485,2.06543956972059,0.29149682851943565,0.26561101948466276,0.3597954068330264,0.5763909676489096,0.1661433558575004,2.2449149560701303,0.36208062672918606,9.144098729504016,7.323157538683337,0.5024028110010577,1.3959818799573434,3.402908162122664,0.38882690119323565,0.3606715496489262,0.12397824929655155,0.05856265925731245,1.2572622641830735,0.2084544158054576,0.17861913407947086,0,99.76666666666667,0.0023333333333333353,134.46330623000625,120.57379858739795,10.974363408451493,0.9127919097728708,0.11433387892719621,0.06408501017024998,-0.11519071309819189,0.01139484070759652,0.40598985647182223,103.83333333333333,63.2,0.6088990249619631,0.0,0.0,0.04167779795187654,7.9509365784660275,0.0,0.021489546839727206,1.1311502613778615,0.0,0.0,0.0,0.0279826409210144,0.0,0.0,0.0,0.0,0.0,1.0,0.007083333333333334,0.0,1.0,0.0,0.14166666666666666,0.0,False,
0.7935100499868002,0.07365239735062626,1.1000030145457562,1.348863291939319,0.029252687412080827,0.011794497851131722,8.437813735870353,4.180591045531678,2.903487758510274,0.4044478545781485,2.06543956972059,0.29149682851943565,0.26561101948466276,0.3597954068330264,0.5763909676489096,0.1661433558575004,2.2449149560701303,0.36208062672918606,9.144098729504016,7.323157538683337,0.5024028110010577,1.3959818799573434,3.402908162122664,0.38882690119323565,0.3606715496489262,0.12397824929655155,0.05856265925731245,1.2572622641830735,0.2084544158054576,0.17861913407947086,1,99.9,0.0010000000000000009,134.96827089744446,120.56274829259195,10.989030115312106,0.9114610282497708,0.11356390245999905,0.06912055208314524,-0.12623809664461427,0.010390096670410584,0.4095088704701512,103.26666666666667,60.96666666666667,0.5904351969814563,0.0,0.0,0.017861913407947086,13.217976788471738,0.0,0.0,1.7602560297006327,0.0,0.0,0.0,0.026171654171769452,0.0,0.0,0.0,0.0,0.0,1.0,0.006833333333333334,0.0,1.0,0.0,0.11666666666666667,0.0,False,
0.7935100499868002,0.07365239735062626,1.1000030145457562,1.348863291939319,0.029252687412080827,0.011794497851131722,8.437813735870353,4.180591045531678,2.903487758510274,0.4044478545781485,2.06543956972059,0.29149682851943565,0.26561101948466276,0.3597954068330264,0.5763909676489096,0.1661433558575004,2.2449149560701303,0.36208062672918606,9.144098729504016,7.323157538683337,0.5024028110010577,1.3959818799573434,3.402908162122664,0.38882690119323565,0.3606715496489262,0.12397824929655155,0.05856265925731245,1.2572622641830735,0.2084544158054576,0.17861913407947086,2,95.96666666666667,0.04033333333333333,127.13380945573408,115.60139381046883,10.55636226292411,0.9283963571457969,0.11935212951152313,0.08345148385412796,-0.04955806608209686,0.017732957324906866,0.39204789335560886,98.8,53.1,0.5390994846038245,0.0,0.0,0.7204305074538659,51.010191310898136,0.0,3.6239127902835704,6.84236873094906,0.0,0.0,0.0,0.029977734937565233,0.0,0.0,0.0,0.0,0.0,1.0,0.007083333333333334,0.0,1.0,0.0,0.16666666666666666,0.0,False,
0.7645666228803617,0.07672369055237752,1.0830115899594122,1.2436121666695468,0.04458888959055462,0.00914840806586561,11.01497119706248,3.729599421400957,4.141422882167673,0.44750794100095426,2.286515740431307,0.15642457339606652,0.21808402128333604,0.3308651643554804,0.661847346116294,0.16481679941070482,1.773416747772547,0.29339839713460886,8.934620365923053,5.595674223234093,0.2931524533959246,1.2481676461558693,2.794868932542885,0.7146229590195688,0.42593776151365403,0.2798547986822738,0.2134864868107787,1.6229753029155414,0.18652494819474874,0.07818455273538319,0,86.06666666666666,0.13933333333333328,110.58376467031708,101.37740744758538,9.321119750917342,0.9531351471197529,0.08668873524448618,0.09324021371588989,0.21254379388529857,0.055192263650809995,0.40447493297351633,92.53333333333333,77.46666666666667,0.8443423079491043,0.0,0.0,1.0893714347796726,88.7286614254301,0.0,0.11286061548435129,6.577549977852349,0.0,0.1,1.740922094436532,0.04247595975506524,0.0,0.9299257002395505,0.5,0.5,0.0,1.0,0.009416666666666667,0.0008333333333333333,1.0,0.0,0.10833333333333334,0.025,False,
0.7645666228803617,0.07672369055237752,1.0830115899594122,1.2436121666695468,0.04458888959055462,0.00914840806586561,11.01497119706248,3.729599421400957,4.141422882167673,0.44750794100095426,2.286515740431307,0.15642457339606652,0.21808402128333604,0.3308651643554804,0.661847346116294,0.16481679941070482,1.773416747772547,0.29339839713460886,8.934620365923053,5.595674223234093,0.2931524533959246,1.2481676461558693,2.794868932542885,0.7146229590195688,0.42593776151365403,0.2798547986822738,0.2134864868107787,1.6229753029155414,0.18652494819474874,0.07818455273538319,1,89.76666666666667,0.10233333333333335,115.2757596696916,106.82062607856152,9.721834039202324,0.9578724712697244,0.09405538601725418,0.09070248080229099,0.09741576716313535,0.04733212926705737,0.42134871616597797,95.63333333333334,63.5,0.6625459562271356,0.0,0.0,0.8000885896587545,82.23512099162232,0.0,0.070520168510509,6.146902752724094,0.0,0.13333333333333333,1.490570902747045,0.037318111926419165,0.0,0.9642609343649136,0.36666666666666664,0.36666666666666664,0.0,1.0,0.009250000000000001,0.0,1.0,0.0,0.1,0.025,False,
0.7645666228803617,0.07672369055237752,1.0830115899594122,1.2436121666695468,0.04458888959055462,0.00914840806586561,11.01497119706248,3.729599421400957,4.141422882167673,0.44750794100095426,2.286515740431307,0.15642457339606652,0.21808402128333604,0.3308651643554804,0.661847346116294,0.16481679941070482,1.773416747772547,0.29339839713460886,8.934620365923053,5.595674223234093,0.2931524533959246,1.2481676461558693,2.794868932542885,0.7146229590195688,0.42593776151365403,0.2798547986822738,0.2134864868107787,1.6229753029155414,0.18652494819474874,0.07818455273538319,2,90.26666666666667,0.09733333333333333,115.56995055750167,107.90421361040242,9.775984618700296,0.9729244603904962,0.09342472019673882,0.11212328651256469,0.09580148169177045,0.024483479604130932,0.42480596574097285,104.73333333333333,65.16666666666667,0.6222242956205221,0.0,0.0,0.7609963132910631,2.391672704890595,0.0,14.051261927490868,1.5873469392012973,0.0,0.0,0.0,0.06277376276157912,0.0,1.0711663745953786,0.0,0.0,0.0,1.0,0.008333333333333333,0.003333333333333333,1.0,0.0,0.09166666666666666,0.041666666666666664,False,
0.6827208065269434,0.09856524334451112,1.0598322949740269,1.052818752869119,0.0294604047498695,0.019505078953011533,9.582379805367712,2.4945842977573665,3.5842965949709886,0.7156187093695131,2.500718704550998,0.18555264545423172,0.23599965399536432,0.2883837612553177,0.7881721171118657,0.17371337504801132,1.9616455364215044,0.2545280344370348,7.112118007009608,10.95677094429989,0.3117186084794804,1.7342312591132556,0.7518660480841389,0.4212210130524382,0.29341397745750414,0.1318560457835403,0.09195155436802727,1.9927674134576936,0.2997113783251739,0.08260243178546717,0,96.16666666666667,0.03833333333333333,100.17512532607692,111.61966707060031,10.192053903333564,1.1605148530196703,0.14259755255385184,0.12197059319130718,-0.0782191280303182,0.020868907050455448,0.4674925439943368,97.26666666666667,45.6,0.4683352784799281,0.0,0.0,0.3166426551776241,23.845415674870768,1.3449518006394199,19.33634835916455,4.795512745385733,0.0,0.0,0.0,0.008840428627712145,0.0,0.0,0.0,0.0,0.0,1.0,0.0035833333333333333,0.0016666666666666666,1.0,0.0,0.11666666666666667,0.0,False,
0.6827208065269434,0.09856524334451112,1.0598322949740269,1.052818752869119,0.0294604047498695,0.019505078953011533,9.582379805367712,2.4945842977573665,3.5842965949709886,0.7156187093695131,2.500718704550998,0.18555264545423172,0.23599965399536432,0.2883837612553177,0.7881721171118657,0.17371337504801132,1.9616455364215044,0.2545280344370348,7.112118007009608,10.95677094429989,0.3117186084794804,1.7342312591132556,0.7518660480841389,0.4212210130524382,0.29341397745750414,0.1318560457835403,0.09195155436802727,1.9927674134576936,0.2997113783251739,0.08260243178546717,1,99.76666666666667,0.0023333333333333353,106.56032087691439,116.0048555368388,10.57359352952421,1.1284490126318356,0.11401842416687322,0.10383763940742917,-0.3751829294089554,0.020555103146942786,0.625898718224734,98.3,44.13333333333333,0.4481557749219832,0.0,0.0,0.019273900749942337,28.528359227522703,1.4914409241271522,9.850079482684148,4.433456579284838,0.0,0.0,0.0,0.006584937825395358,0.0,0.0,0.0,0.0,0.0,1.0,0.00375,0.0008333333333333333,1.0,0.0,0.08333333333333333,0.0,False,
0.6827208065269434,0.09856524334451112,1.0598322949740269,1.052818752869119,0.0294604047498695,0.019505078953011533,9.582379805367712,2.4945842977573665,3.5842965949709886,0.7156187093695131,2.500718704550998,0.18555264545423172,0.23599965399536432,0.2883837612553177,0.7881721171118657,0.17371337504801132,1.9616455364215044,0.2545280344370348,7.112118007009608,10.95677094429989,0.3117186084794804,1.7342312591132556,0.7518660480841389,0.4212210130524382,0.29341397745750414,0.1318560457835403,0.09195155436802727,1.9927674134576936,0.2997113783251739,0.08260243178546717,2,93.2,0.068,94.90069022839069,108.19980334989927,9.877636989157933,1.1798324790386903,0.14388155100270428,0.1236119983179975,0.02003892391069218,0.026174120974361413,0.41882480519460935,99.43333333333334,40.9,0.41145585407678287,0.0,0.0,0.5616965361411769,42.66136310965893,0.6418145583576967,2.5658325995297946,5.070954419787424,0.0,0.0,0.0,0.013207585713310876,0.0,0.0,0.0,0.0,0.0,1.0,0.0038333333333333336,0.003333333333333333,1.0,0.0,0.11666666666666667,0.0,False,
0.7111162360870701,0.07604101395891125,1.007028468474115,1.365075185292944,0.059143124585202926,0.022241629232958523,8.211801209658068,3.306202379620912,3.2665563033822433,0.6654486515097232,1.6861653827390415,0.1293431105899402,0.27873681853412297,0.19586372914045944,0.5790098051247625,0.1489941674370346,1.5905142383996274,0.4329954429173535,8.744089432242482,9.168476134757476,0.42400823246019004,1.3163620959731208,1.2714910077489014,0.2682900907362971,0.301905562362994,0.08978199743302286,0.17738276168977765,2.0369072493555187,0.2397365404147465,0.1910795920436668,0,96.06666666666666,0.03933333333333334,132.21538215676713,105.63538773832013,9.674186820474667,0.8087204684798486,0.09306744122858356,0.05192738203582399,0.0037053798225358658,0.07976261927114163,0.4873639723966832,96.63333333333334,52.6,0.5486141840854135,0.0,0.0,0.7515797287050897,74.31278091009098,0.0010590217800670488,1.494813554882352,8.468134685981505,0.0,0.16666666666666666,2.007076079258792,0.015614250812038624,0.0,0.0,0.6666666666666666,0.6666666666666666,0.0,1.0,0.010249999999999999,0.0,1.0,0.0,0.15833333333333333,0.0,False,
0.7111162360870701,0.07604101395891125,1.007028468474115,1.365075185292944,0.059143124585202926,0.022241629232958523,8.211801209658068,3.306202379620912,3.2665563033822433,0.6654486515097232,1.6861653827390415,0.1293431105899402,0.27873681853412297,0.19586372914045944,0.5790098051247625,0.1489941674370346,1.5905142383996274,0.4329954429173535,8.744089432242482,9.168476134757476,0.42400823246019004,1.3163620959731208,1.2714910077489014,0.2682900907362971,0.301905562362994,0.08978199743302286,0.17738276168977765,2.0369072493555187,0.2397365404147465,0.1910795920436668,1,94.16666666666667,0.05833333333333335,129.84495932230908,103.51802816922618,9.482851411464583,0.8112334800042308,0.09643644193159277,0.06254508215850461,0.011447325019306646,0.0584664749022633,0.4926177696837918,94.86666666666666,73.26666666666667,0.7758429762349136,0.0,0.0,1.1146309535880563,58.10890107024105,0.14252349246710333,0.5834741498062871,5.964876868919051,0.0,0.1,1.3900968911925706,0.014339335756662424,0.0,0.0,0.4,0.4,0.0,1.0,0.009166666666666667,0.0,1.0,0.0,0.11666666666666667,0.0,False,
0.7111162360870701,0.07604101395891125,1.007028468474115,1.365075185292944,0.059143124585202926,0.022241629232958523,8.211801209658068,3.306202379620912,3.2665563033822433,0.6654486515097232,1.6861653827390415,0.1293431105899402,0.27873681853412297,0.19586372914045944,0.5790098051247625,0.1489941674370346,1.5905142383996274,0.4329954429173535,8.744089432242482,9.168476134757476,0.42400823246019004,1.3163620959731208,1.2714910077489014,0.2682900907362971,0.301905562362994,0.08978199743302286,0.17738276168977765,2.0369072493555187,0.2397365404147465,0.1910795920436668,2,93.86666666666666,0.06133333333333333,127.73944947485542,102.74873415163384,9.452640557410357,0.8105826389655525,0.08328637985349649,0.043797516941278106,0.059864878514891834,0.06338214543855929,0.46965092762323657,101.5,86.63333333333334,0.8544204099897169,0.0,0.0,1.1719548312011563,49.89283458987689,0.0,0.2262359658843957,5.2489603959615145,0.0,0.1,1.357766099061881,0.01702978865183722,0.0,0.0,0.3333333333333333,0.3333333333333333,0.0,1.0,0.010083333333333333,0.0,1.0,0.0,0.14166666666666666,0.0,False,
0.6558060659302425,0.061008592838318554,1.0958730397454994,1.2897085577039338,0.06080645637934893,0.024022241881151263,10.07841853116687,4.088991937176834,3.0290887562283553,0.47538087400693874,2.418196550457014,0.1614295681981969,0.2852517132571214,0.2719119097223559,0.548001081234051,0.1482974701934877,2.0593081934003217,0.4957087839868709,8.26827056790231,10.055337692237408,0.4890936604935334,1.356151763416987,1.0756521222801436,0.6423634479133273,0.45797471769249287,0.17662892179377365,0.19384626795037876,2.2123162131990624,0.2077844488299913,0.12046265357576985,0,95.06666666666666,0.04933333333333333,125.14792472634343,113.79853406447201,10.418099697847214,0.9363171354490327,0.09562113962776372,0.08023053380059655,-0.018724676919334684,0.06097290237478359,0.4028227694026111,99.96666666666667,64.93333333333334,0.6542652171979902,0.0,0.0,0.5942824243071313,57.57313459024957,0.09375370107647758,0.48920375506093905,5.347495890354892,0.0,0.13333333333333333,1.3854777607974122,0.03747560721486462,0.0,0.0,0.36666666666666664,0.36666666666666664,0.0,1.0,0.008583333333333333,0.0008333333333333333,1.0,0.0,0.19166666666666668,0.0,False,
0.6558060659302425,0.061008592838318554,1.0958730397454994,1.2897085577039338,0.06080645637934893,0.024022241881151263,10.07841853116687,4.088991937176834,3.0290887562283553,0.47538087400693874,2.418196550457014,0.1614295681981969,0.2852517132571214,0.2719119097223559,0.548001081234051,0.1482974701934877,2.0593081934003217,0.4957087839868709,8.26827056790231,10.055337692237408,0.4890936604935334,1.356151763416987,1.0756521222801436,0.6423634479133273,0.45797471769249287,0.17662892179377365,0.19384626795037876,2.2123162131990624,0.2077844488299913,0.12046265357576985,1,94.0,0.060000000000000005,123.53052763557932,111.82290278538076,10.301206573607695,0.9331838661740872,0.09318381886060255,0.08267742675900078,0.04930014911672044,0.04444242609764453,0.3802344925788613,99.1,54.6,0.555775994401262,0.0,0.0,0.722775921454619,66.51530006851524,0.3078444747255615,2.7732306439963224,6.532417710461105,0.0,0.1,1.3911624694396134,0.035550522159096556,0.0,0.0,0.3,0.3,0.0,1.0,0.00825,0.0,1.0,0.0,0.175,0.0,False,
0.6558060659302425,0.061008592838318554,1.0958730397454994,1.2897085577039338,0.06080645637934893,0.024022241881151263,10.07841853116687,4.088991937176834,3.0290887562283553,0.47538087400693874,2.418196550457014,0.1614295681981969,0.2852517132571214,0.2719119097223559,0.548001081234051,0.1482974701934877,2.0593081934003217,0.4957087839868709,8.26827056790231,10.055337692237408,0.4890936604935334,1.356151763416987,1.0756521222801436,0.6423634479133273,0.45797471769249287,0.17662892179377365,0.19384626795037876,2.2123162131990624,0.2077844488299913,0.12046265357576985,2,97.0,0.030000000000000006,125.64075605646002,116.40115650125207,10.629968485531345,0.9451779334870837,0.09273908869540065,0.07803935859880512,-0.03702123397282628,0.053905606541471265,0.4067110984442906,101.96666666666667,49.3,0.48774405586496633,0.0,0.0,0.36138796072730955,61.47010056562406,0.00031369111155340096,0.9936448238662352,6.170959198408595,0.0,0.26666666666666666,2.3085482780252717,0.04118915005314587,0.0,0.0,0.5333333333333333,0.5333333333333333,0.0,1.0,0.009250000000000001,0.0016666666666666666,1.0,0.0,0.25,0.0,False,
0.7444341110195666,0.042239727788812666,1.0569949413783482,1.121570776078234,0.03106583092656681,0.012059128857538091,7.15922294125095,2.805477440239345,2.25029289679633,0.5986303362234024,1.9001937120529964,0.31631406442743004,0.11176716494195628,0.22040174689412745,0.5421941350031466,0.19179760117176053,1.2527360345927574,0.2953890020551769,8.688286972748205,7.680011460238852,0.4104305419036275,1.443051504250915,0.9693796582294104,0.294077543393153,0.3892083859048134,0.24617050989034436,0.24009944072463638,1.3246021287669116,0.11368272800490885,0.07526006774286766,0,97.53333333333333,0.02466666666666666,109.12634989240684,113.21535523336837,10.309223994910154,1.0674069161647652,0.12398453613433223,0.10242092886082271,-0.06268958681342114,0.015905056986656015,0.6179839272629037,105.3,55.766666666666666,0.5296240042354107,0.0,0.0,0.18564150043240688,18.968182646103426,0.0,2.390350249759553,3.3875840754003255,0.0,0.0,0.0,0.01746225890976266,0.0,0.0,0.0,0.0,0.0,1.0,0.00525,0.0008333333333333333,1.0,0.0,0.11666666666666667,0.0,False,
0.7444341110195666,0.042239727788812666,1.0569949413783482,1.121570776078234,0.03106583092656681,0.012059128857538091,7.15922294125095,2.805477440239345,2.25029289679633,0.5986303362234024,1.9001937120529964,0.31631406442743004,0.11176716494195628,0.22040174689412745,0.5421941350031466,0.19179760117176053,1.2527360345927574,0.2953890020551769,8.688286972748205,7.680011460238852,0.4104305419036275,1.443051504250915,0.9693796582294104,0.294077543393153,0.3892083859048134,0.24617050989034436,0.24009944072463638,1.3246021287669116,0.11368272800490885,0.07526006774286766,1,99.73333333333333,0.002666666666666669,112.84192412692992,115.63607259552315,10.54176288201339,1.051828310410055,0.11019475215204766,0.09475391193429175,-0.1640493871605053,0.015233173018852844,0.6640562307339161,104.4,99.5,0.9528749244283224,0.0,0.0,0.020069351398098043,0.4588662594253714,0.0,0.23905931339968234,0.1996626178059006,0.0,0.0,0.0,0.013450626347522,0.0,0.0,0.0,0.0,0.0,1.0,0.005,0.0,1.0,0.0,0.1,0.0,False,
0.7444341110195666,0.042239727788812666,1.0569949413783482,1.121570776078234,0.03106583092656681,0.012059128857538091,7.15922294125095,2.805477440239345,2.25029289679633,0.5986303362234024,1.9001937120529964,0.31631406442743004,0.11176716494195628,0.22040174689412745,0.5421941350031466,0.19179760117176053,1.2527360345927574,0.2953890020551769,8.688286972748205,7.680011460238852,0.4104305419036275,1.443051504250915,0.9693796582294104,0.294077543393153,0.3892083859048134,0.24617050989034436,0.24009944072463638,1.3246021287669116,0.11368272800490885,0.07526006774286766,2,92.76666666666667,0.07233333333333329,103.57932904978193,107.50424907384117,9.805389739519812,1.071012354527725,0.11080722816093468,0.11308831784452551,0.13811580542654933,0.016088946357160922,0.5227360929875092,105.33333333333333,69.56666666666666,0.6596030987716631,0.0,0.0,0.5443811566734094,24.196414738098586,0.0,0.816874123791756,3.247720626336651,0.0,0.0,0.0,0.047523123244549964,0.0,0.18043301979141,0.03333333333333333,0.03333333333333333,0.0,1.0,0.008416666666666666,0.0016666666666666666,1.0,0.0,0.13333333333333333,0.016666666666666666,False,
0.8112942069138872,0.07561606533725738,1.1579651040805192,1.327957193441304,0.04655069115316319,0.00934633828275256,7.594566910874104,2.9703538692177673,3.9992252355176285,0.49717947564914333,1.739891692769355,0.284224191836507,0.1397719574650092,0.14470452642601975,0.7369440748806314,0.09649162854773397,1.8997280497994948,0.36617588708644333,7.636434570970518,8.101982316657304,0.520686499798373,1.7160513310829928,3.2676488870389107,0.7254095122826243,0.5447784382615002,0.2087599443161695,0.20176274462324073,2.3911647852055404,0.25751053593632534,0.06605963286225372,0,97.9,0.020999999999999998,127.16733929995709,124.80365135529763,11.336478368948285,1.0054200402439717,0.14659699777974294,0.08937686018111113,-0.17389060350992183,0.01234766446823628,0.5242029376963677,103.93333333333334,60.3,0.580152467759312,0.0,0.0,0.13872522901073278,10.553394703755202,0.0,8.313948850861873,2.8120621640608774,0.0,0.0,0.0,0.055965842965164395,0.0,0.8893508959922654,0.0,0.0,0.0,1.0,0.008333333333333333,0.0016666666666666666,1.0,0.0,0.09166666666666666,0.025,False,
0.8112942069138872,0.07561606533725738,1.1579651040805192,1.327957193441304,0.04655069115316319,0.00934633828275256,7.594566910874104,2.9703538692177673,3.9992252355176285,0.49717947564914333,1.739891692769355,0.284224191836507,0.1397719574650092,0.14470452642601975,0.7369440748806314,0.09649162854773397,1.8997280497994948,0.36617588708644333,7.636434570970518,8.101982316657304,0.520686499798373,1.7160513310829928,3.2676488870389107,0.7254095122826243,0.5447784382615002,0.2087599443161695,0.20176274462324073,2.3911647852055404,0.25751053593632534,0.06605963286225372,1,98.93333333333334,0.010666666666666668,130.66839589608497,124.6228163960245,11.456134763036601,0.9870913574129015,0.12525031454352217,0.10812386169244302,-0.17974378889829631,0.03499389045239885,0.5414956386285878,98.9,88.26666666666667,0.8957799011417433,0.0,0.0,0.07046360838640396,48.83283853680346,0.0,0.32340740305531407,4.374577010018579,0.0,0.06666666666666667,0.827730463473962,0.0570510018313926,0.0,0.7169404022172715,0.3,0.3,0.0,1.0,0.009166666666666667,0.0008333333333333333,1.0,0.0,0.10833333333333334,0.03333333333333333,False,
0.8112942069138872,0.07561606533725738,1.1579651040805192,1.327957193441304,0.04655069115316319,0.00934633828275256,7.594566910874104,2.9703538692177673,3.9992252355176285,0.49717947564914333,1.739891692769355,0.284224191836507,0.1397719574650092,0.14470452642601975,0.7369440748806314,0.09649162854773397,1.8997280497994948,0.36617588708644333,7.636434570970518,8.101982316657304,0.520686499798373,1.7160513310829928,3.2676488870389107,0.7254095122826243,0.5447784382615002,0.2087599443161695,0.20176274462324073,2.3911647852055404,0.25751053593632534,0.06605963286225372,2,99.16666666666667,0.00833333333333334,128.40932247012162,126.07490388110278,11.483153948798487,1.0109899765418877,0.13778811698224785,0.10445179221104071,-0.05617046817896732,0.006438419860891101,0.4726370485730273,105.2,65.7,0.6245283018867926,0.0,0.0,0.0550496940518781,0.030134550449569596,0.0,12.762470235589177,1.8564005799951109,0.0,0.0,0.0,0.06352035009792957,0.0,1.1625984851247735,0.0,0.0,0.0,1.0,0.008416666666666666,0.003333333333333333,1.0,0.0,0.08333333333333333,0.05,False,
0.7908495886935651,0.04511612858250065,1.1317354149577203,1.2244520244553554,0.03755205753392926,0.012900120361778178,11.36807166603672,4.0044510879551325,2.2032904202344588,0.5254918547735661,1.7979124828666802,0.25804379457621696,0.1250226530915099,0.1998815742598945,0.7752377755836845,0.13606863451824444,2.296427553077823,0.3949291766631109,4.528159902282229,6.047281339506194,0.34234760594544567,1.0038710095793162,1.3510170223434428,0.41383066374382216,0.37230019265711195,0.26967713895475753,0.09798815052531601,1.6332768073090511,0.1456891600089707,0.16796391717694925,0,93.43333333333334,0.06566666666666666,112.2435247453106,118.24901112790914,10.5741812270883,1.0909107866452283,0.17113286314064266,0.11427670455180879,-0.06186792716536589,0.05952793552689033,0.4097612070037423,94.66666666666667,46.5,0.5079107365332867,0.0,0.0,1.1029630561286334,95.55797348242717,0.0,0.5020859420626174,8.91058810225944,0.0,0.03333333333333333,0.46264668991582086,0.04569596253026287,0.0,1.2591648739192138,0.06666666666666667,0.06666666666666667,0.0,1.0,0.0085,0.0008333333333333333,1.0,0.0,0.06666666666666667,0.03333333333333333,False,
0.7908495886935651,0.04511612858250065,1.1317354149577203,1.2244520244553554,0.03755205753392926,0.012900120361778178,11.36807166603672,4.0044510879551325,2.2032904202344588,0.5254918547735661,1.7979124828666802,0.25804379457621696,0.1250226530915099,0.1998815742598945,0.7752377755836845,0.13606863451824444,2.296427553077823,0.3949291766631109,4.528159902282229,6.047281339506194,0.34234760594544567,1.0038710095793162,1.3510170223434428,0.41383066374382216,0.37230019265711195,0.26967713895475753,0.09798815052531601,1.6332768073090511,0.1456891600089707,0.16796391717694925,1,96.53333333333333,0.034666666666666665,117.27170249246102,120.2733084029546,10.925019205725196,1.0698391354543197,0.14919760803476548,0.1261283962087284,0.017368742969321966,0.010068691590579819,0.3644746900504632,105.7,62.7,0.593229092318759,0.0,0.0,0.5822749128800909,4.157613889981562,0.0,15.630495880806187,2.032154982841251,0.0,0.0,0.0,0.052743411601035906,0.0,1.0660445851704652,0.0,0.0,0.0,1.0,0.008333333333333333,0.0008333333333333333,1.0,0.0,0.075,0.025,False,
0.7908495886935651,0.04511612858250065,1.1317354149577203,1.2244520244553554,0.03755205753392926,0.012900120361778178,11.36807166603672,4.0044510879551325,2.2032904202344588,0.5254918547735661,1.7979124828666802,0.25804379457621696,0.1250226530915099,0.1998815742598945,0.7752377755836845,0.13606863451824444,2.296427553077823,0.3949291766631109,4.528159902282229,6.047281339506194,0.34234760594544567,1.0038710095793162,1.3510170223434428,0.41383066374382216,0.37230019265711195,0.26967713895475753,0.09798815052531601,1.6332768073090511,0.1456891600089707,0.16796391717694925,2,96.53333333333333,0.034666666666666665,115.1327653034629,120.48770713152068,10.925019205725194,1.078783053998408,0.1439157020953929,0.11471640817237662,-0.01226131116990295,0.010915618706221038,0.38491107945778147,105.5,64.96666666666667,0.6157766784072326,0.0,0.0,0.5822749128800908,2.753331938665626,0.0,10.19202460461199,1.282929880607766,0.0,0.0,0.0,0.05443680104923517,0.0,1.1649745919004557,0.0,0.0,0.0,1.0,0.008333333333333333,0.0016666666666666666,1.0,0.0,0.08333333333333333,0.025,False,
0.8437579655250284,0.04162213062754565,1.214784811885779,1.1957312378581728,0.053403113203217015,0.013240298331036305,8.902636601066025,2.772128125026124,4.304883586372901,0.5618576382679612,2.4607231688707056,0.14746058886507313,0.12854018997258518,0.2974281029767566,0.5553082979045333,0.10343562450542479,1.9542254979177518,0.5623979183014444,7.980722946353977,7.175138793609529,0.46284121550087887,1.4703740107419399,0.8456731234853869,0.356734589611984,0.3309864687575058,0.21973734903649603,0.14362644719649595,2.2278473514290544,0.24622577636070253,0.18878378819306924,0,88.3,0.11699999999999999,107.86473934046971,116.51647434235443,10.726549888951428,1.1134080878369377,0.08932435387556621,0.1034207504118408,0.13363756521996045,0.045784651635619136,0.3862767346103807,95.5,78.03333333333333,0.8280077968225183,0.0,0.0,2.20877032185891,68.4284018535639,0.0,15.881964083898776,6.801911811890731,0.0,0.23333333333333334,3.456622598170609,0.07545360885065684,0.0,1.3871221294256995,1.4,1.4,0.0,1.0,0.02033333333333333,0.0025,1.0,0.0,0.15833333333333333,0.03333333333333333,False,
0.8437579655250284,0.04162213062754565,1.214784811885779,1.1957312378581728,0.053403113203217015,0.013240298331036305,8.902636601066025,2.772128125026124,4.304883586372901,0.5618576382679612,2.4607231688707056,0.14746058886507313,0.12854018997258518,0.2974281029767566,0.5553082979045333,0.10343562450542479,1.9542254979177518,0.5623979183014444,7.980722946353977,7.175138793609529,0.46284121550087887,1.4703740107419399,0.8456731234853869,0.356734589611984,0.3309864687575058,0.21973734903649603,0.14362644719649595,2.2278473514290544,0.24622577636070253,0.18878378819306924,1,80.93333333333334,0.19066666666666662,100.98015342692914,106.69823782142294,9.83165841086224,1.1146280959007024,0.08947423964499143,0.13178546004589053,0.2955343299534068,0.061841859673536934,0.36808439196829035,93.3,80.4,0.8770468735036133,0.0,0.0,3.599477561547853,62.79045007826453,0.0,43.17223031242122,6.706587989350779,0.0,0.26666666666666666,4.483366231578954,0.05688601148846139,0.0,1.5714024447605863,1.8666666666666667,1.8666666666666667,0.0,1.0,0.0215,0.003333333333333333,1.0,0.0,0.15,0.03333333333333333,False,
0.8437579655250284,0.04162213062754565,1.214784811885779,1.1957312378581728,0.053403113203217015,0.013240298331036305,8.902636601066025,2.772128125026124,4.304883586372901,0.5618576382679612,2.4607231688707056,0.14746058886507313,0.12854018997258518,0.2974281029767566,0.5553082979045333,0.10343562450542479,1.9542254979177518,0.5623979183014444,7.980722946353977,7.175138793609529,0.46284121550087887,1.4703740107419399,0.8456731234853869,0.356734589611984,0.3309864687575058,0.21973734903649603,0.14362644719649595,2.2278473514290544,0.24622577636070253,0.18878378819306924,2,92.43333333333334,0.07566666666666665,111.14809046393593,123.10622752792275,11.228660944530882,1.144772159124299,0.10321342830275362,0.12109888740213418,0.010196320981671359,0.053644208564759016,0.4164748583680334,96.16666666666667,79.93333333333334,0.8294864188507988,0.0,0.0,1.4284639973275575,66.11569252793909,3.7007434154171884e-18,0.8833068267798471,6.9956398342730095,0.0,0.03333333333333333,0.46460082894734694,0.04571065888356893,0.0,1.0913119610816957,0.1,0.1,0.0,1.0,0.009000000000000001,0.004166666666666667,1.0,0.0,0.06666666666666667,0.03333333333333333,False,
0.7492508632553945,0.08822035990825193,1.0290477819387704,1.2982764568485348,0.0470940959177428,0.01788818209072549,10.16131936293485,3.87999841304106,3.1912309788515554,0.42628735073430146,2.3945531983694526,0.20526944241156347,0.29031715747794734,0.2066663293491541,0.6852024635013416,0.17865287164424531,1.2966708644341882,0.3561358602592993,5.9600241691268625,5.856310354875117,0.34980306151062207,1.2642012019335245,2.6704203508021847,0.2807756872090864,0.40028667046222133,0.1824579415100136,0.11026410484962224,1.533901308026265,0.24277178631339535,0.228701710404388,0,94.43333333333334,0.05566666666666668,123.17664028918337,105.4765347547981,9.717641220775123,0.8701584378166548,0.09410244032796074,0.05538906617004848,0.08962048957286942,0.06396158220679503,0.531503562874837,96.66666666666667,69.53333333333333,0.7216027804230756,0.0,0.0,1.2731061879177596,65.35381229110176,0.0,0.8535787366106721,5.766217072655386,0.0,0.13333333333333333,1.4674967170780593,0.02176793467553318,0.0,0.0,0.36666666666666664,0.36666666666666664,0.0,1.0,0.009166666666666667,0.0,1.0,0.0,0.15833333333333333,0.0,False,
0.7492508632553945,0.08822035990825193,1.0290477819387704,1.2982764568485348,0.0470940959177428,0.01788818209072549,10.16131936293485,3.87999841304106,3.1912309788515554,0.42628735073430146,2.3945531983694526,0.20526944241156347,0.29031715747794734,0.2066663293491541,0.6852024635013416,0.17865287164424531,1.2966708644341882,0.3561358602592993,5.9600241691268625,5.856310354875117,0.34980306151062207,1.2642012019335245,2.6704203508021847,0.2807756872090864,0.40028667046222133,0.1824579415100136,0.11026410484962224,1.533901308026265,0.24277178631339535,0.228701710404388,1,96.63333333333334,0.033666666666666685,129.66219255220787,110.561791706403,9.944031732801653,0.8689368948777965,0.09340980387614607,0.06290047658583468,-0.013362837704069312,0.07446040364978275,0.5842144286221175,97.6,68.73333333333333,0.7053998745963032,0.0,0.0,0.7699624250281063,58.402052541755616,0.11276193733419279,0.34660839236497376,5.227137217473069,0.0,0.1,1.145115761020334,0.02223052140413889,0.0,0.0,0.23333333333333334,0.23333333333333334,0.0,1.0,0.009250000000000001,0.0,1.0,0.0,0.15833333333333333,0.0,False,
0.7492508632553945,0.08822035990825193,1.0290477819387704,1.2982764568485348,0.0470940959177428,0.01788818209072549,10.16131936293485,3.87999841304106,3.1912309788515554,0.42628735073430146,2.3945531983694526,0.20526944241156347,0.29031715747794734,0.2066663293491541,0.6852024635013416,0.17865287164424531,1.2966708644341882,0.3561358602592993,5.9600241691268625,5.856310354875117,0.34980306151062207,1.2642012019335245,2.6704203508021847,0.2807756872090864,0.40028667046222133,0.1824579415100136,0.11026410484962224,1.533901308026265,0.24277178631339535,0.228701710404388,2,93.2,0.068,119.4760977702661,103.64492237902577,9.59072532766934,0.8780534267202156,0.09046561954329249,0.05452741834839071,0.10400781872471174,0.06677667435091,0.526520865178992,101.06666666666666,85.73333333333333,0.8504747672531797,0.0,0.0,1.5551716307498387,62.85314209490362,0.0,1.638498626364944,3.3598950154403635,0.0,0.06666666666666667,0.8974930178204893,0.0202161262783184,0.0,0.0,0.3333333333333333,0.3333333333333333,0.0,1.0,0.009583333333333334,0.0,1.0,0.0,0.15,0.0,False,
0.8081014277429645,0.07048674901353784,0.9977602217160026,1.0846171916996703,0.0435072321111748,0.017366401105403197,7.882950765154993,2.741974954610477,2.399442962988655,0.4537343843433045,2.1607018521426555,0.21176039227180804,0.18921848631817736,0.25814706994774517,0.5312760057833918,0.12838398122601194,1.6087726413854613,0.3085613739631542,9.380096955235455,4.582604616840476,0.47602725331800066,1.2968097978535202,2.6529117499046264,0.30139891047496437,0.49245498570517476,0.2972616891093618,0.11223212642173613,1.39390333127458,0.35025904365645993,0.09239752389065609,0,94.2,0.058,106.34401697853086,103.80495221707514,9.398901288564748,1.0163607246077146,0.09507098295105093,0.10602955588371857,0.012207587627915436,0.017722714670699687,0.47922817269622653,102.26666666666667,65.16666666666667,0.6372218274961967,0.0,0.0,0.5359056385658054,2.7228577678506074,0.0,0.0,0.392025358399014,0.0,0.0,0.0,0.041400522612361164,0.0,0.5690843605273421,0.0,0.0,0.0,1.0,0.008333333333333333,0.0016666666666666666,1.0,0.0,0.06666666666666667,0.025,False,
0.8081014277429645,0.07048674901353784,0.9977602217160026,1.0846171916996703,0.0435072321111748,0.017366401105403197,7.882950765154993,2.741974954610477,2.399442962988655,0.4537343843433045,2.1607018521426555,0.21176039227180804,0.18921848631817736,0.25814706994774517,0.5312760057833918,0.12838398122601194,1.6087726413854613,0.3085613739631542,9.380096955235455,4.582604616840476,0.47602725331800066,1.2968097978535202,2.6529117499046264,0.30139891047496437,0.49245498570517476,0.2972616891093618,0.11223212642173613,1.39390333127458,0.35025904365645993,0.09239752389065609,1,91.6,0.084,104.13151794689685,99.13662141535616,9.139483630918587,0.9934132889139372,0.07229501136711826,0.10415170289441186,0.0975278541983763,0.033973699037644516,0.45923299092433206,89.36666666666666,84.5,0.945977011494253,0.0,0.0,0.7761392006815111,58.53802027535582,0.0,0.008097692360541312,5.577116480688891,0.0,0.03333333333333333,0.38705032933162187,0.05077160848789917,0.0,0.45522253567384324,0.2,0.2,0.0,1.0,0.008916666666666666,0.0016666666666666666,1.0,0.0,0.1,0.025,False,
0.8081014277429645,0.07048674901353784,0.9977602217160026,1.0846171916996703,0.0435072321111748,0.017366401105403197,7.882950765154993,2.741974954610477,2.399442962988655,0.4537343843433045,2.1607018521426555,0.21176039227180804,0.18921848631817736,0.25814706994774517,0.5312760057833918,0.12838398122601194,1.6087726413854613,0.3085613739631542,9.380096955235455,4.582604616840476,0.47602725331800066,1.2968097978535202,2.6529117499046264,0.30139891047496437,0.49245498570517476,0.2972616891093618,0.11223212642173613,1.39390333127458,0.35025904365645993,0.09239752389065609,2,96.06666666666666,0.03933333333333333,105.52587998976627,105.08964839242206,9.585149863285066,1.0269934925632787,0.09075293321007126,0.10788886800843618,-0.06668054349422925,0.07934482320167006,0.5154473258253065,96.86666666666666,78.23333333333333,0.810624424922869,0.0,0.0,0.3634302606365806,46.38803115570316,0.0,0.6712385176906509,4.289021877460212,0.0,0.06666666666666667,0.8952976749584692,0.04936051920065429,0.0,0.4732855714176106,0.36666666666666664,0.36666666666666664,0.0,1.0,0.009333333333333334,0.0016666666666666666,1.0,0.0,0.10833333333333334,0.016666666666666666,False,
0.6755018931616663,0.0920643701677692,1.07717791274137,1.232098012938808,0.04619966350887118,0.01253115519813405,8.545666558982468,3.5661203069106104,3.398235862332606,0.5811984521576515,2.0894886137399435,0.24709467099429194,0.26510403315778686,0.16547572197629745,0.6801054334739542,0.09765882745418986,1.4332626115158444,0.24831888639261154,7.55459715988876,5.5478968908796364,0.5331365167832922,1.859844061833487,1.5801782509335287,0.26116154021702526,0.35944056371975364,0.27837987109957707,0.2587858672381699,1.7702913028792868,0.363989279530782,0.09453127642782944,0,97.1,0.029000000000000005,119.82784329141296,115.4007326185935,10.459397532718706,0.9973687391911521,0.13227972299129356,0.10337278407254155,0.02002830211863923,0.0363328816423935,0.5174090951976529,96.06666666666666,72.46666666666667,0.7534346174715137,0.0,0.0,0.2741407016407053,26.018716864034925,1.2011687864398792,0.0,3.1140569500369546,0.0,0.03333333333333333,0.39090530382138394,0.020766733219395872,0.0,0.0,0.06666666666666667,0.06666666666666667,0.0,1.0,0.0069166666666666664,0.0,1.0,0.0,0.125,0.0,False,
0.6755018931616663,0.0920643701677692,1.07717791274137,1.232098012938808,0.04619966350887118,0.01253115519813405,8.545666558982468,3.5661203069106104,3.398235862332606,0.5811984521576515,2.0894886137399435,0.24709467099429194,0.26510403315778686,0.16547572197629745,0.6801054334739542,0.09765882745418986,1.4332626115158444,0.24831888639261154,7.55459715988876,5.5478968908796364,0.5331365167832922,1.859844061833487,1.5801782509335287,0.26116154021702526,0.35944056371975364,0.27837987109957707,0.2587858672381699,1.7702913028792868,0.363989279530782,0.09453127642782944,1,94.6,0.054000000000000006,116.005132050809,111.3621727336277,10.19010305453336,0.9926283315816408,0.12883127936464095,0.10066908695879634,0.03608591809654385,0.05142264163378641,0.515750253379454,95.73333333333333,71.46666666666667,0.7586892703785978,0.0,0.0,0.5104688927102791,52.262443838611844,1.204803586182783,0.17159500321056595,4.996592859850623,0.0,0.13333333333333333,1.385695254970888,0.02868664964951083,0.0,0.0,0.43333333333333335,0.43333333333333335,0.0,1.0,0.008,0.0,1.0,0.0,0.13333333333333333,0.0,False,
0.6755018931616663,0.0920643701677692,1.07717791274137,1.232098012938808,0.04619966350887118,0.01253115519813405,8.545666558982468,3.5661203069106104,3.398235862332606,0.5811984521576515,2.0894886137399435,0.24709467099429194,0.26510403315778686,0.16547572197629745,0.6801054334739542,0.09765882745418986,1.4332626115158444,0.24831888639261154,7.55459715988876,5.5478968908796364,0.5331365167832922,1.859844061833487,1.5801782509335287,0.26116154021702526,0.35944056371975364,0.27837987109957707,0.2587858672381699,1.7702913028792868,0.363989279530782,0.09453127642782944,2,94.7,0.053,114.19503700870743,111.28530294887582,10.200874833660773,1.0009531369317402,0.12216136438235028,0.09613142224696937,0.0760711250032549,0.03288632272300192,0.5005843718711631,94.0,71.03333333333333,0.7578902845630169,0.0,0.0,0.501015765067496,53.47015758421917,0.5465157239320495,0.055280981995864294,4.751585779979376,0.0,0.1,1.0413013491825212,0.029437031328925514,0.0,0.0,0.3333333333333333,0.3333333333333333,0.0,1.0,0.00775,0.0016666666666666666,1.0,0.0,0.16666666666666666,0.0,False,
0.768240734798766,0.0965497424071033,1.0901908377535723,1.0375835704889131,0.02844665704459107,0.011541965096454217,9.995594787455913,2.957799319597386,2.098188686002419,0.646309518427624,2.254530688890307,0.17426995926640304,0.11654461848127047,0.2056646977242696,0.6732923921114146,0.10066562231567763,1.790685413783824,0.44621127561408813,10.153932098926262,7.7061474441422675,0.313448384333082,1.0539748638292268,0.6655184077308668,0.5482930378104349,0.5622112130636288,0.1459176835755513,0.12746349558267067,1.2831724865625995,0.34077872314031354,0.1742253968807901,0,97.03333333333333,0.029666666666666668,101.7386568865677,117.95968543537465,10.578485095668832,1.1963338495016436,0.130488802539299,0.10884651568485694,-0.1514806540018724,0.04942396474617005,0.5242657364845625,101.43333333333334,34.266666666666666,0.33574738483067534,0.0,0.0,0.5168686774130107,87.57942812649475,0.0,0.46897540137286614,9.819654918368371,0.0,0.03333333333333333,0.4356025441406666,0.004550723426177029,0.0,0.0,0.03333333333333333,0.03333333333333333,0.0,1.0,0.0019166666666666668,0.0016666666666666666,1.0,0.0,0.058333333333333334,0.0,False,
0.768240734798766,0.0965497424071033,1.0901908377535723,1.0375835704889131,0.02844665704459107,0.011541965096454217,9.995594787455913,2.957799319597386,2.098188686002419,0.646309518427624,2.254530688890307,0.17426995926640304,0.11654461848127047,0.2056646977242696,0.6732923921114146,0.10066562231567763,1.790685413783824,0.44621127561408813,10.153932098926262,7.7061474441422675,0.313448384333082,1.0539748638292268,0.6655184077308668,0.5482930378104349,0.5622112130636288,0.1459176835755513,0.12746349558267067,1.2831724865625995,0.34077872314031354,0.1742253968807901,1,99.46666666666667,0.005333333333333338,104.32614382196944,118.40571809346645,10.843764866188865,1.1658656625395454,0.10364299193060819,0.09961857149008681,0.01806104466034151,0.004223260423056111,0.43505894585669963,104.16666666666667,62.03333333333333,0.5955052215060783,0.0,0.0,0.09292021166975475,15.143426316737434,0.15650800307217236,14.874889707129627,3.199925527408084,0.0,0.0,0.0,0.004654130021933375,0.0,0.0,0.0,0.0,0.0,1.0,0.0026666666666666666,0.0008333333333333333,1.0,0.0,0.058333333333333334,0.0,False,
0.768240734798766,0.0965497424071033,1.0901908377535723,1.0375835704889131,0.02844665704459107,0.011541965096454217,9.995594787455913,2.957799319597386,2.098188686002419,0.646309518427624,2.254530688890307,0.17426995926640304,0.11654461848127047,0.2056646977242696,0.6732923921114146,0.10066562231567763,1.790685413783824,0.44621127561408813,10.153932098926262,7.7061474441422675,0.313448384333082,1.0539748638292268,0.6655184077308668,0.5482930378104349,0.5622112130636288,0.1459176835755513,0.12746349558267067,1.2831724865625995,0.34077872314031354,0.1742253968807901,2,100.0,0.0,104.19611298510067,120.3572684445219,10.901908377535726,1.1861756193823636,0.10245175267827845,0.11495830701641999,-0.21870554352015487,0.03146884729791304,0.5309659387641752,101.93333333333334,59.56666666666667,0.5840448481525716,0.0,0.0,0.0,40.65360657948475,0.0,0.17361769950479083,4.608167551545408,0.0,0.03333333333333333,0.2711485097576902,0.006900940012476855,0.0,0.0,0.03333333333333333,0.03333333333333333,0.0,1.0,0.003,0.0016666666666666666,1.0,0.0,0.08333333333333333,0.0,False,
0.6990970084226839,0.06798126206414641,1.1132130432983742,1.2224654396112598,0.04119184610455638,0.02412497057256001,9.407649430698207,3.068672784066404,2.0882023490262567,0.6877962898343004,2.259017846579513,0.2272241188637062,0.11947295856488517,0.14615197125181423,0.569208540907633,0.14975972171061158,1.7373085563271617,0.40976540309249326,8.800998117919669,7.8368130513747065,0.39803582969665063,1.0939755137864269,2.065886731668741,0.3999125288678011,0.5854395960436292,0.2884737358125063,0.22031262823412417,2.103643486288934,0.163405700235445,0.11097791999629637,0,90.3,0.097,113.0046268616292,112.21863183828354,10.05231378098432,1.0265748541289783,0.11949151900776665,0.0964577042724432,0.14954695284499347,0.05013027496448665,0.4068270336068967,98.1,82.8,0.8458522336769758,0.0,0.0,1.0764858239640747,32.53021900399697,0.0,0.0,2.198351437357661,0.0,0.06666666666666667,0.7117569704429646,0.0402388936377078,0.0,0.37982177054107485,0.16666666666666666,0.16666666666666666,0.0,1.0,0.007666666666666667,0.0016666666666666666,1.0,0.0,0.13333333333333333,0.016666666666666666,False,
0.6990970084226839,0.06798126206414641,1.1132130432983742,1.2224654396112598,0.04119184610455638,0.02412497057256001,9.407649430698207,3.068672784066404,2.0882023490262567,0.6877962898343004,2.259017846579513,0.2272241188637062,0.11947295856488517,0.14615197125181423,0.569208540907633,0.14975972171061158,1.7373085563271617,0.40976540309249326,8.800998117919669,7.8368130513747065,0.39803582969665063,1.0939755137864269,2.065886731668741,0.3999125288678011,0.5854395960436292,0.2884737358125063,0.22031262823412417,2.103643486288934,0.163405700235445,0.11097791999629637,1,81.7,0.18299999999999997,103.46931749210502,100.56890441630091,9.094950563747718,1.0100959617459249,0.10281752961231207,0.09800890547796941,0.3035495773844552,0.045182231436133195,0.3700278142947144,86.36666666666666,77.36666666666666,0.9011363636363636,0.0,0.0,2.0308959359322234,72.38976412762023,0.04143617991166395,0.04401619040300765,5.335582247097449,0.0,0.1,1.0886394709930651,0.053132086253556914,0.0,0.4602787898460454,0.4,0.4,0.0,1.0,0.008833333333333334,0.0016666666666666666,1.0,0.0,0.125,0.016666666666666666,False,
0.6990970084226839,0.06798126206414641,1.1132130432983742,1.2224654396112598,0.04119184610455638,0.02412497057256001,9.407649430698207,3.068672784066404,2.0882023490262567,0.6877962898343004,2.259017846579513,0.2272241188637062,0.11947295856488517,0.14615197125181423,0.569208540907633,0.14975972171061158,1.7373085563271617,0.40976540309249326,8.800998117919669,7.8368130513747065,0.39803582969665063,1.0939755137864269,2.065886731668741,0.3999125288678011,0.5854395960436292,0.2884737358125063,0.22031262823412417,2.103643486288934,0.163405700235445,0.11097791999629637,2,91.83333333333333,0.08166666666666665,112.79380741940169,112.28482075006244,10.223006447623407,1.025568989208618,0.10328340864507772,0.10512326263366276,0.14324343194343206,0.05466934230925845,0.4061006768258722,96.76666666666667,82.03333333333333,0.8569023569023569,0.0,0.0,0.9063196799697537,51.93246203639695,0.0,0.01736928474946468,4.477155565054914,0.0,0.1,1.0347256696535247,0.014869904344145594,0.0,0.0,0.3333333333333333,0.3333333333333333,0.0,1.0,0.005083333333333333,0.0008333333333333333,1.0,0.0,0.14166666666666666,0.0,False,
0.786452773123876,0.06988974398177496,1.1934235320729445,1.1284680187497982,0.027050922102705526,0.01994380393215709,10.473975282032988,3.010990990984663,3.7280412501718763,0.6578099612126622,1.7338298827619572,0.30151395309669404,0.178147851123242,0.3572946422146459,0.6588768090836425,0.1520967768915007,1.727673793275533,0.269018301583592,6.036174816063221,10.714440970858401,0.5005724779743974,1.798329612746339,2.4981538941147488,0.32525414529438545,0.5183576202840765,0.21052569329275667,0.1487744571529384,1.869942219842125,0.14899787086711525,0.19885623249848458,0,100.0,0.0,113.57013766173097,129.85255872785453,11.934235320729446,1.1727893269397909,0.10081308794596709,0.10880062130835093,0.041544917490829156,0.006790080407116622,0.43648980621556616,106.43333333333334,49.9,0.4688765733766615,0.0,0.0,0.0,46.713308327983775,0.0,0.07598243467464294,4.75768755393656,0.0,0.0,0.0,0.013447818129712595,0.0,0.0,0.0,0.0,0.0,1.0,0.0045000000000000005,0.0008333333333333333,1.0,0.0,0.09166666666666666,0.0,False,
0.786452773123876,0.06988974398177496,1.1934235320729445,1.1284680187497982,0.027050922102705526,0.01994380393215709,10.473975282032988,3.010990990984663,3.7280412501718763,0.6578099612126622,1.7338298827619572,0.30151395309669404,0.178147851123242,0.3572946422146459,0.6588768090836425,0.1520967768915007,1.727673793275533,0.269018301583592,6.036174816063221,10.714440970858401,0.5005724779743974,1.798329612746339,2.4981538941147488,0.32525414529438545,0.5183576202840765,0.21052569329275667,0.1487744571529384,1.869942219842125,0.14899787086711525,0.19885623249848458,1,98.8,0.01200000000000001,112.54501152075595,129.0080543855614,11.791024496880697,1.17316653758299,0.10322870523749837,0.10280349229009045,-0.019177488879245135,0.006463207605000283,0.4565267269977177,105.6,51.333333333333336,0.4861744360916965,0.0,0.0,0.2386274789981815,41.538154549444855,0.0,0.7216692869527779,4.336359646213491,0.0,0.0,0.0,0.01237279991594843,0.0,0.0,0.0,0.0,0.0,1.0,0.004,0.0008333333333333333,1.0,0.0,0.1,0.0,False,
0.786452773123876,0.06988974398177496,1.1934235320729445,1.1284680187497982,0.027050922102705526,0.01994380393215709,10.473975282032988,3.010990990984663,3.7280412501718763,0.6578099612126622,1.7338298827619572,0.30151395309669404,0.178147851123242,0.3572946422146459,0.6588768090836425,0.1520967768915007,1.727673793275533,0.269018301583592,6.036174816063221,10.714440970858401,0.5005724779743974,1.798329612746339,2.4981538941147488,0.32525414529438545,0.5183576202840765,0.21052569329275667,0.1487744571529384,1.869942219842125,0.14899787086711525,0.19885623249848458,2,99.86666666666666,0.0013333333333333346,111.88721391469245,130.83995052455012,11.918323006968475,1.2015984785303553,0.11058322672205902,0.12737820197735591,0.006206890186907216,0.007115077945518991,0.448596446684718,102.5,67.66666666666667,0.6602451592960551,0.0,0.0,0.026514164333131276,4.222676405423754,0.0,0.7608921859847244,0.6011170059344769,0.0,0.0,0.0,0.017686449406660944,0.0,0.0,0.0,0.0,0.0,1.0,0.005416666666666666,0.0008333333333333333,1.0,0.0,0.1,0.0,False,
0.7205292842506348,0.06457171763620123,1.1967686345976585,1.2830802383197386,0.05413359887043902,0.010642336104346693,11.332988381697458,3.417589631821511,3.9685445816051024,0.4441928558903877,1.6712289328921277,0.12378758280639136,0.20507754081841983,0.2753409489862195,0.8020638259698623,0.1064738219905759,1.9369545489617896,0.5418168757232885,7.884845773046692,5.366517460774212,0.4856855124793691,0.9924178449260789,1.3740756450408984,0.7039935795044262,0.46195356753877787,0.19633429485434978,0.047647534963648375,2.383545883542614,0.15026492058101862,0.13239265548515036,0,84.6,0.15399999999999997,110.04198569054016,112.48015506421038,10.124662648696189,1.0475360024902787,0.11672221080926408,0.09396687368225484,0.203972346168988,0.09020402056227797,0.35860931632124077,95.73333333333333,64.93333333333334,0.6828305735871826,0.0,0.0,2.0388468944713156,95.44720746748875,0.0,13.267162871332456,8.393433253009551,0.0,0.16666666666666666,2.449565630463826,0.05224324009796487,0.0,1.0258767383665197,0.6333333333333333,0.6333333333333333,0.0,1.0,0.01,0.0025,1.0,0.0,0.125,0.03333333333333333,False,
0.7205292842506348,0.06457171763620123,1.1967686345976585,1.2830802383197386,0.05413359887043902,0.010642336104346693,11.332988381697458,3.417589631821511,3.9685445816051024,0.4441928558903877,1.6712289328921277,0.12378758280639136,0.20507754081841983,0.2753409489862195,0.8020638259698623,0.1064738219905759,1.9369545489617896,0.5418168757232885,7.884845773046692,5.366517460774212,0.4856855124793691,0.9924178449260789,1.3740756450408984,0.7039935795044262,0.46195356753877787,0.19633429485434978,0.047647534963648375,2.383545883542614,0.15026492058101862,0.13239265548515036,1,100.0,0.0,132.06782535181554,130.9416470009089,11.967686345976581,1.0161272791084217,0.08409490460239073,0.0910765939834142,-0.3547998875920266,0.06794988117580353,0.5936716690796927,100.46666666666667,77.3,0.7710026333113891,0.0,0.0,0.0,56.368125418485555,0.0,0.019388121567631308,3.7044075342834972,0.0,0.1,1.2036521617178715,0.07018768884771183,0.0,0.9803903406555765,0.3333333333333333,0.3333333333333333,0.0,1.0,0.012916666666666667,0.003333333333333333,1.0,0.0,0.18333333333333332,0.041666666666666664,False,
0.7205292842506348,0.06457171763620123,1.1967686345976585,1.2830802383197386,0.05413359887043902,0.010642336104346693,11.332988381697458,3.417589631821511,3.9685445816051024,0.4441928558903877,1.6712289328921277,0.12378758280639136,0.20507754081841983,0.2753409489862195,0.8020638259698623,0.1064738219905759,1.9369545489617896,0.5418168757232885,7.884845773046692,5.366517460774212,0.4856855124793691,0.9924178449260789,1.3740756450408984,0.7039935795044262,0.46195356753877787,0.19633429485434978,0.047647534963648375,2.383545883542614,0.15026492058101862,0.13239265548515036,2,91.0,0.09000000000000001,118.03874944484674,119.41808357588843,10.890594574838694,1.0459440049369637,0.09808813570765823,0.12111252609181321,0.1324057706404499,0.06287472844189032,0.37553487844264377,95.76666666666667,62.0,0.6579615758595102,0.0,0.0,1.1915338993663533,90.93525021060275,0.0,0.20778511454299287,6.550698576221003,0.0,0.23333333333333334,2.861760646689272,0.04273589162722861,0.0,1.255368596012308,0.7666666666666667,0.7666666666666667,0.0,1.0,0.011416666666666665,0.004166666666666667,1.0,0.0,0.175,0.025,False,
0.752715927406411,0.05715282155737976,1.0426280818749203,1.1141576469661882,0.04370934239926564,0.022938565283669575,7.251961426551365,3.035613683121664,2.236461385539081,0.6116072360723408,1.7574889848630924,0.1962129794601483,0.24083645804523257,0.2808713832640455,0.5738563417827696,0.15683344494458717,1.3127528118468088,0.534706934129671,9.08619020803667,8.655541381206508,0.5130574192017565,1.8702798783830015,3.315089049830451,0.6607456434232477,0.5524372689131412,0.11332037930189684,0.23810056998712417,1.9288746126323346,0.3453262523820828,0.08067793026022502,0,98.36666666666666,0.016333333333333328,111.32773554428628,112.94317796226447,10.255984898709633,1.037104424369919,0.10095367211231412,0.08640547326023841,-0.06378684128347854,0.009334278759563795,0.5826251250489168,104.26666666666667,69.56666666666666,0.6675499888778018,0.0,0.0,0.13177395275836754,0.01429480146265814,0.0,1.4102617732008198,0.35507340568930024,0.0,0.0,0.0,0.044767822476176104,0.0,0.5831194967249494,0.0,0.0,0.0,1.0,0.00825,0.0008333333333333333,1.0,0.0,0.09166666666666666,0.025,False,
0.752715927406411,0.05715282155737976,1.0426280818749203,1.1141576469661882,0.04370934239926564,0.022938565283669575,7.251961426551365,3.035613683121664,2.236461385539081,0.6116072360723408,1.7574889848630924,0.1962129794601483,0.24083645804523257,0.2808713832640455,0.5738563417827696,0.15683344494458717,1.3127528118468088,0.534706934129671,9.08619020803667,8.655541381206508,0.5130574192017565,1.8702798783830015,3.315089049830451,0.6607456434232477,0.5524372689131412,0.11332037930189684,0.23810056998712417,1.9288746126323346,0.3453262523820828,0.08067793026022502,1,94.36666666666666,0.05633333333333333,106.86528301142651,109.17663264473069,9.838933665959667,1.054922981326663,0.11988891340834386,0.10338388612483858,-0.08201501104278978,0.05018280372851594,0.6201667196570313,96.3,51.63333333333333,0.5481686442820389,0.0,0.0,0.45448567379926763,50.492428418629636,0.0,0.0,7.718159800542154,0.0,0.03333333333333333,0.4117070725385874,0.039110189511800515,0.0,0.6410810481341535,0.03333333333333333,0.03333333333333333,0.0,1.0,0.00825,0.0,1.0,0.0,0.075,0.025,False,
0.752715927406411,0.05715282155737976,1.0426280818749203,1.1141576469661882,0.04370934239926564,0.022938565283669575,7.251961426551365,3.035613683121664,2.236461385539081,0.6116072360723408,1.7574889848630924,0.1962129794601483,0.24083645804523257,0.2808713832640455,0.5738563417827696,0.15683344494458717,1.3127528118468088,0.534706934129671,9.08619020803667,8.655541381206508,0.5130574192017565,1.8702798783830015,3.315089049830451,0.6607456434232477,0.5524372689131412,0.11332037930189684,0.23810056998712417,1.9288746126323346,0.3453262523820828,0.08067793026022502,2,98.46666666666667,0.015333333333333336,111.17090452241108,113.11176658363368,10.266411179528381,1.0626565495160547,0.10627494618073695,0.14676358376176743,-0.16575946512506515,0.059757293948364286,0.6431368494901991,98.56666666666666,71.73333333333333,0.7358736766457857,0.0,0.0,0.12370615973234501,44.96891733781616,0.0,0.07704428898647961,5.772655149062278,0.0,0.1,1.168933839512651,0.05419358554607115,0.0,0.5755708267439505,0.36666666666666664,0.36666666666666664,0.0,1.0,0.009416666666666667,0.0008333333333333333,1.0,0.0,0.125,0.025,False,
0.8254488917216246,0.06922232674320423,1.0166960532446674,1.3589180026288008,0.033984304072951346,0.014887621841290975,9.753588345278207,3.449775566196384,2.7535476977454736,0.4012495053795945,1.3286805924408955,0.3301896304021373,0.18205244138110332,0.2906141085605862,0.7254287323556423,0.1529048468443135,2.4011736406057222,0.28200716000774145,9.239621048105665,7.978293869924197,0.4603762992554272,1.6066228654832644,2.0080206783776204,0.595524870599264,0.2967580561881706,0.264708056725434,0.06440034360467284,1.2957250145428663,0.14594931121576776,0.20933745421963632,0,98.7,0.013000000000000001,131.65695083436768,110.01328507131602,10.034790045524867,0.8530060640184901,0.13364393915944403,0.07622428532002175,-0.1486687848801443,0.014791157148376338,0.41477906865516423,102.86666666666666,62.13333333333333,0.6039866756759961,0.0,0.0,0.27213869048552725,7.978046032907245,0.0,17.097563475845007,2.7183636623881595,0.0,0.0,0.0,0.01966242301897004,0.0,0.0,0.0,0.0,0.0,1.0,0.008333333333333333,0.0,1.0,0.0,0.10833333333333334,0.0,False,
0.8254488917216246,0.06922232674320423,1.0166960532446674,1.3589180026288008,0.033984304072951346,0.014887621841290975,9.753588345278207,3.449775566196384,2.7535476977454736,0.4012495053795945,1.3286805924408955,0.3301896304021373,0.18205244138110332,0.2906141085605862,0.7254287323556423,0.1529048468443135,2.4011736406057222,0.28200716000774145,9.239621048105665,7.978293869924197,0.4603762992554272,1.6066228654832644,2.0080206783776204,0.595524870599264,0.2967580561881706,0.264708056725434,0.06440034360467284,1.2957250145428663,0.14594931121576776,0.20933745421963632,1,99.46666666666667,0.005333333333333338,133.14115462107216,110.94419892711772,10.112736742940292,0.8474105365851315,0.1281139973092694,0.06845732813696664,-0.1404658760159851,0.00983808146605933,0.3976588531760077,103.36666666666666,59.266666666666666,0.5733199091446287,0.0,0.0,0.1116466422504727,14.495149285761624,0.0,8.554575586963228,2.5850842771745217,0.0,0.0,0.0,0.018099578990117934,0.0,0.0,0.0,0.0,0.0,1.0,0.008333333333333333,0.0,1.0,0.0,0.1,0.0,False,
0.8254488917216246,0.06922232674320423,1.0166960532446674,1.3589180026288008,0.033984304072951346,0.014887621841290975,9.753588345278207,3.449775566196384,2.7535476977454736,0.4012495053795945,1.3286805924408955,0.3301896304021373,0.18205244138110332,0.2906141085605862,0.7254287323556423,0.1529048468443135,2.4011736406057222,0.28200716000774145,9.239621048105665,7.978293869924197,0.4603762992554272,1.6066228654832644,2.0080206783776204,0.595524870599264,0.2967580561881706,0.264708056725434,0.06440034360467284,1.2957250145428663,0.14594931121576776,0.20933745421963632,2,98.13333333333334,0.018666666666666682,131.9288403571518,109.34258994995055,9.977177269174337,0.84486196056625,0.10922577498046823,0.0828086615734151,0.06479307398456668,0.006348504159300749,0.3281276345003782,98.83333333333333,57.96666666666667,0.586789899598203,0.0,0.0,0.3907632478766546,26.377667706575348,0.0,0.018707232050586782,2.828745539844041,0.0,0.0,0.0,0.015075035610339831,0.0,0.0,0.0,0.0,0.0,1.0,0.008333333333333333,0.0008333333333333333,1.0,0.0,0.11666666666666667,0.0,False,
0.7731717439840832,0.0924942147330502,1.1662665852135923,1.2957898079390904,0.056890501593097956,0.007560780657220699,8.86190453098552,2.663486198935971,4.188155620283847,0.4393747444553432,2.195319259692754,0.31291518181151307,0.24476169397566033,0.3390710758288172,0.6980467867099519,0.13982648405710502,1.9697602729989434,0.27860590167898047,4.21963433635473,7.12779041449766,0.27740221423553574,1.4053093967695716,0.5793278003033765,0.586670576191497,0.511967330240848,0.22562986337763338,0.18262850956942575,1.145796207297408,0.19004657553432838,0.15446686803664944,0,98.0,0.020000000000000014,129.77855121538138,124.48949897165292,11.429412535093208,0.9889223834020804,0.0921961949206849,0.08925170661617163,-0.002369020661908622,0.05398103429332816,0.4116147328138743,97.23333333333333,62.6,0.6475480234884149,0.0,0.0,0.3089337360732988,74.25904791325324,0.0,0.3347406026643403,6.263952596159871,0.0,0.06666666666666667,0.8525834535332872,0.0418119290181899,0.0,0.3908590158930174,0.4,0.4,0.0,1.0,0.009833333333333333,0.0025,1.0,0.0,0.09166666666666666,0.025,False,
0.7731717439840832,0.0924942147330502,1.1662665852135923,1.2957898079390904,0.056890501593097956,0.007560780657220699,8.86190453098552,2.663486198935971,4.188155620283847,0.4393747444553432,2.195319259692754,0.31291518181151307,0.24476169397566033,0.3390710758288172,0.6980467867099519,0.13982648405710502,1.9697602729989434,0.27860590167898047,4.21963433635473,7.12779041449766,0.27740221423553574,1.4053093967695716,0.5793278003033765,0.586670576191497,0.511967330240848,0.22562986337763338,0.18262850956942575,1.145796207297408,0.19004657553432838,0.15446686803664944,1,97.3,0.027000000000000024,127.50089113424542,122.5246362001445,11.347773874128254,0.9957645624315192,0.10003125188804547,0.10089532974619006,-0.0003727102306932117,0.055330185152653186,0.40722686285920395,95.56666666666666,71.46666666666667,0.7556829272229639,0.0,0.0,0.4170605436989535,56.71119185924796,0.015145348642344507,0.2648613597163072,5.085070294529745,0.0,0.06666666666666667,0.784759588846596,0.037533594471472066,0.0,0.43766010716945886,0.26666666666666666,0.26666666666666666,0.0,1.0,0.011166666666666667,0.0016666666666666666,1.0,0.0,0.13333333333333333,0.016666666666666666,False,
0.7731717439840832,0.0924942147330502,1.1662665852135923,1.2957898079390904,0.056890501593097956,0.007560780657220699,8.86190453098552,2.663486198935971,4.188155620283847,0.4393747444553432,2.195319259692754,0.31291518181151307,0.24476169397566033,0.3390710758288172,0.6980467867099519,0.13982648405710502,1.9697602729989434,0.27860590167898047,4.21963433635473,7.12779041449766,0.27740221423553574,1.4053093967695716,0.5793278003033765,0.586670576191497,0.511967330240848,0.22562986337763338,0.18262850956942575,1.145796207297408,0.19004657553432838,0.15446686803664944,2,95.9,0.04100000000000003,123.98056782462943,121.10642921751038,11.184496552198352,0.9953812212361427,0.08706128977348546,0.07482849404320896,0.014680104312513004,0.057082682546774365,0.404337398045238,97.16666666666667,79.93333333333334,0.8267376263568872,0.0,0.0,0.6333141589502628,62.348777509999245,0.0,0.08858877051873791,5.5736698420732065,0.0,0.1,1.3119842025393633,0.038484514577915754,0.0,0.7169858092439579,0.5,0.5,0.0,1.0,0.01125,0.003333333333333333,1.0,0.0,0.13333333333333333,0.025,False,
0.7990217014263782,0.0839893823579651,1.0533839136784788,1.3120270945190322,0.051623981854500345,0.01123458015999326,9.063403690744412,4.116421219429294,2.7756591529159675,0.6416878371306363,2.1254592307537523,0.14163439903574146,0.15196943683089015,0.3520695083155915,0.7409419578378552,0.18906800909926302,1.611558381625983,0.28463524057455375,8.621497628595606,4.4570815081990895,0.4548547460228046,1.2256095687334743,1.483661538767341,0.653891461792866,0.411140033183888,0.20601292413653105,0.16615647029016434,1.544328131965665,0.25395482914364065,0.12358545311098529,0,96.16666666666667,0.03833333333333332,129.10613561875425,111.08319336613691,10.130041969874704,0.8787819802388349,0.0893744579771416,0.06624587378924443,0.03836408390650633,0.05038657227694236,0.47049320984130083,101.06666666666666,82.33333333333333,0.8184696165353709,0.0,0.0,0.47374423692544365,55.32066651427213,0.0,0.05467236849242386,4.680840210417642,0.0,0.1,1.2147297424301577,0.05158449476217049,0.0,0.6063429088000057,0.26666666666666666,0.26666666666666666,0.0,1.0,0.009583333333333334,0.0,1.0,0.0,0.15,0.03333333333333333,False,
0.7990217014263782,0.0839893823579651,1.0533839136784788,1.3120270945190322,0.051623981854500345,0.01123458015999326,9.063403690744412,4.116421219429294,2.7756591529159675,0.6416878371306363,2.1254592307537523,0.14163439903574146,0.15196943683089015,0.3520695083155915,0.7409419578378552,0.18906800909926302,1.611558381625983,0.28463524057455375,8.621497628595606,4.4570815081990895,0.4548547460228046,1.2256095687334743,1.483661538767341,0.653891461792866,0.411140033183888,0.20601292413653105,0.16615647029016434,1.544328131965665,0.25395482914364065,0.12358545311098529,1,93.66666666666667,0.06333333333333337,126.08666727079293,108.47351423359687,9.866695991455083,0.8784731912745193,0.09020525406329494,0.06732319172767103,0.05359811327246259,0.05709171867484848,0.46499936660796404,100.56666666666666,86.0,0.8600790378006873,0.0,0.0,0.7827078697029067,51.55403692527232,0.0,0.11889661938259471,3.918840769012412,0.0,0.1,1.3453456548682572,0.039274911441989496,0.0,0.7787827762750688,0.36666666666666664,0.36666666666666664,0.0,1.0,0.01,0.0,1.0,0.0,0.11666666666666667,0.025,False,
0.7990217014263782,0.0839893823579651,1.0533839136784788,1.3120270945190322,0.051623981854500345,0.01123458015999326,9.063403690744412,4.116421219429294,2.7756591529159675,0.6416878371306363,2.1254592307537523,0.14163439903574146,0.15196943683089015,0.3520695083155915,0.7409419578378552,0.18906800909926302,1.611558381625983,0.28463524057455375,8.621497628595606,4.4570815081990895,0.4548547460228046,1.2256095687334743,1.483661538767341,0.653891461792866,0.411140033183888,0.20601292413653105,0.16615647029016434,1.544328131965665,0.25395482914364065,0.12358545311098529,2,95.33333333333333,0.04666666666666668,125.939028733127,110.74931620408144,10.042259977068163,0.8978757042143656,0.09842042359015447,0.07863215670114601,0.04049543194240925,0.049698822088467653,0.46419564595104307,97.3,67.46666666666667,0.6989218855594094,0.0,0.0,0.5767321145179314,63.93096488091878,3.7007434154171884e-18,0.0780306802539152,5.662857594995055,0.0,0.13333333333333333,1.5963441397419127,0.04480406516024356,0.0,0.6230952705737887,0.3333333333333333,0.3333333333333333,0.0,1.0,0.009166666666666667,0.0008333333333333333,1.0,0.0,0.13333333333333333,0.025,False,
0.8307881973613522,0.05007738859366092,1.0585626071193217,1.1711268946577584,0.04155447429260037,0.016706955675981766,9.544842430345895,3.4410452740153463,2.5661940480832204,0.5382319045332603,1.8777382421136017,0.34322520334107964,0.2755914422451235,0.3495356818609475,0.7935311192337352,0.1712715494176335,2.3208662481660385,0.415092044785279,10.033251198435575,10.796237201108651,0.44989252940866054,1.560794285710076,2.0867753187519504,0.31261030848211985,0.42216600436884655,0.23515731069339502,0.10704757527548263,1.20620614814526,0.2927317607382378,0.18722136825293753,0,87.7,0.123,102.37865734393554,101.18888284848322,9.283594064436452,1.0183866365086227,0.1186888150881324,0.09571968264036063,0.17348898285954958,0.05261960508295872,0.31664602551752113,89.86666666666666,71.7,0.8028208081478204,0.0,0.0,2.3028228295111313,95.34251216653982,0.0,0.0,7.526988501644023,0.0,0.03333333333333333,0.6252962024007228,0.04289338391213325,0.0,0.6620451670397512,0.23333333333333334,0.23333333333333334,0.0,1.0,0.009000000000000001,0.0016666666666666666,1.0,0.0,0.13333333333333333,0.025,False,
0.8307881973613522,0.05007738859366092,1.0585626071193217,1.1711268946577584,0.04155447429260037,0.016706955675981766,9.544842430345895,3.4410452740153463,2.5661940480832204,0.5382319045332603,1.8777382421136017,0.34322520334107964,0.2755914422451235,0.3495356818609475,0.7935311192337352,0.1712715494176335,2.3208662481660385,0.415092044785279,10.033251198435575,10.796237201108651,0.44989252940866054,1.560794285710076,2.0867753187519504,0.31261030848211985,0.42216600436884655,0.23515731069339502,0.10704757527548263,1.20620614814526,0.2927317607382378,0.18722136825293753,1,89.6,0.10400000000000001,107.00558239803769,104.42527326634205,9.484720959789126,1.0101346708743393,0.11065522344082981,0.10453838508516299,0.15952742983243576,0.05214197573024189,0.31820715081213496,88.36666666666666,63.03333333333333,0.7229974472901203,0.0,0.0,1.94710222983055,94.47875057783632,0.0,0.5489782769895537,8.498293026614947,0.0,0.06666666666666667,0.8848983412395438,0.04144471374333461,0.0,0.7781075120020375,0.3,0.3,0.0,1.0,0.0095,0.0008333333333333333,1.0,0.0,0.14166666666666666,0.025,False,
0.8307881973613522,0.05007738859366092,1.0585626071193217,1.1711268946577584,0.04155447429260037,0.016706955675981766,9.544842430345895,3.4410452740153463,2.5661940480832204,0.5382319045332603,1.8777382421136017,0.34322520334107964,0.2755914422451235,0.3495356818609475,0.7935311192337352,0.1712715494176335,2.3208662481660385,0.415092044785279,10.033251198435575,10.796237201108651,0.44989252940866054,1.560794285710076,2.0867753187519504,0.31261030848211985,0.42216600436884655,0.23515731069339502,0.10704757527548263,1.20620614814526,0.2927317607382378,0.18722136825293753,2,93.03333333333333,0.06966666666666667,108.47139029003968,109.70121574927104,9.848160788233425,1.0343989893461523,0.12090356910631388,0.10071707118560588,0.04924206873928115,0.050109766963022565,0.35278006780044174,93.9,49.0,0.5359313311016115,0.0,0.0,1.3043088654954647,76.50419616868436,3.7007434154171884e-18,6.087339081728208,9.3379125698954,0.0,0.03333333333333333,0.44044162797630776,0.04843292520810902,0.0,0.3097568853849706,0.06666666666666667,0.06666666666666667,0.0,1.0,0.0085,0.0016666666666666666,1.0,0.0,0.13333333333333333,0.016666666666666666,False,
0.806773283828186,0.044284536975988234,1.0351202788464409,1.094265315893541,0.03154635047457332,0.011368044200359438,6.857305373187231,3.546266055187232,2.4866609606020855,0.35512042445385683,1.490421331460352,0.15403833512823628,0.17974918893356906,0.3508659307360171,0.6921535025970469,0.11234554584009125,1.2055788318401883,0.5265641802225713,9.46219018259934,7.196470727761266,0.3164454817046906,1.0150121517541293,2.297564650507593,0.2771541351154572,0.4375941025724955,0.198252541764756,0.16140257098769384,1.1557092908096087,0.1860026702016429,0.11663082308466524,0,98.23333333333333,0.017666666666666664,109.41627363274823,110.72903536045943,10.16833153920154,1.0330399936389065,0.08490467159120471,0.08565658905927553,-0.09577250366251727,0.019032225102364964,0.6424849697941559,101.56666666666666,89.96666666666667,0.8876619356840182,0.0,0.0,0.20604778744957525,35.80431639092456,0.0,0.03533645319704612,4.2307880841120875,0.0,0.13333333333333333,1.151777244890403,0.021244388639958364,0.0,0.0,0.4,0.4,0.0,1.0,0.006750000000000001,0.0,1.0,0.0,0.18333333333333332,0.0,False,
0.806773283828186,0.044284536975988234,1.0351202788464409,1.094265315893541,0.03154635047457332,0.011368044200359438,6.857305373187231,3.546266055187232,2.4866609606020855,0.35512042445385683,1.490421331460352,0.15403833512823628,0.17974918893356906,0.3508659307360171,0.6921535025970469,0.11234554584009125,1.2055788318401883,0.5265641802225713,9.46219018259934,7.196470727761266,0.3164454817046906,1.0150121517541293,2.297564650507593,0.2771541351154572,0.4375941025724955,0.198252541764756,0.16140257098769384,1.1557092908096087,0.1860026702016429,0.11663082308466524,1,99.3,0.006999999999999998,110.6028331266231,111.80007030234871,10.278744368945162,1.038042082221424,0.0900830000607918,0.10129672406259238,-0.10940575444564966,0.014784250408466855,0.6395033329844332,101.4,78.2,0.7713574624239001,0.0,0.0,0.08164157615926568,46.20297756175756,0.0,0.0,5.735282816964456,0.0,0.1,0.7021894501421228,0.01967747270524472,0.0,0.0,0.2,0.2,0.0,1.0,0.006583333333333333,0.0,1.0,0.0,0.2,0.0,False,
0.806773283828186,0.044284536975988234,1.0351202788464409,1.094265315893541,0.03154635047457332,0.011368044200359438,6.857305373187231,3.546266055187232,2.4866609606020855,0.35512042445385683,1.490421331460352,0.15403833512823628,0.17974918893356906,0.3508659307360171,0.6921535025970469,0.11234554584009125,1.2055788318401883,0.5265641802225713,9.46219018259934,7.196470727761266,0.3164454817046906,1.0150121517541293,2.297564650507593,0.2771541351154572,0.4375941025724955,0.198252541764756,0.16140257098769384,1.1557092908096087,0.1860026702016429,0.11663082308466524,2,99.36666666666666,0.006333333333333339,108.99517537856127,111.97442725029022,10.285645170804136,1.0522424780251,0.08697020147811513,0.11208245695366782,0.011022281880345392,0.013636798909992151,0.5855961304113407,102.13333333333334,75.26666666666667,0.7371281941673616,0.0,0.0,0.07386618795362132,35.69935603473354,0.0,0.7686089959554366,4.99293073897361,0.0,0.03333333333333333,0.24311688483974586,0.017079765811562866,0.0,0.0,0.1,0.1,0.0,1.0,0.00575,0.0,1.0,0.0,0.16666666666666666,0.0,False,
0.7692697031788711,0.07211732644617135,1.1815959499502984,1.3044010965420012,0.05617623811273113,0.013005260671321435,10.381632887349323,4.287272181302842,4.080184346666295,0.726327611629009,1.6558572268053755,0.36895557159133174,0.19256318390245242,0.1634417614735645,0.7396305622633034,0.15112830298812224,2.423200716682623,0.46239523916595887,10.337143094346764,10.515498903892174,0.2840546299146195,1.657138468982792,2.7718699490944467,0.40269216694939386,0.539244113816308,0.1646515077331555,0.25433557484581815,1.4173762145412185,0.18110189266756654,0.10098561767878174,0,97.1,0.029000000000000012,126.41267872763578,126.27186376681473,11.473296674017396,1.022467070701474,0.12239881632676076,0.08753702882498383,0.002684259039004347,0.05218389613234145,0.34392305323155625,100.33333333333333,55.666666666666664,0.5589881004771821,0.0,0.0,0.292858291268467,75.7725799138951,0.0,0.24818042692560208,6.88520239218722,0.0,0.23333333333333334,2.4670616392119067,0.05239745034130284,0.0,1.6201301190932762,0.5666666666666667,0.5666666666666667,0.0,1.0,0.0105,0.0016666666666666666,1.0,0.0,0.175,0.025,False,
0.7692697031788711,0.07211732644617135,1.1815959499502984,1.3044010965420012,0.05617623811273113,0.013005260671321435,10.381632887349323,4.287272181302842,4.080184346666295,0.726327611629009,1.6558572268053755,0.36895557159133174,0.19256318390245242,0.1634417614735645,0.7396305622633034,0.15112830298812224,2.423200716682623,0.46239523916595887,10.337143094346764,10.515498903892174,0.2840546299146195,1.657138468982792,2.7718699490944467,0.40269216694939386,0.539244113816308,0.1646515077331555,0.25433557484581815,1.4173762145412185,0.18110189266756654,0.10098561767878174,1,91.9,0.081,118.46129101886956,119.59340469748837,10.85886678004324,1.027524455709807,0.13059435320123958,0.0792637553653355,0.07900577254721156,0.04720928013845135,0.3232167077855362,100.33333333333333,62.5,0.6319615528071317,0.0,0.0,0.8179835031981321,69.62323668595023,0.0,0.852315230433728,5.978495678116368,0.0,0.13333333333333333,1.7537556141391273,0.03809454928910393,0.0,1.903969617438736,0.36666666666666664,0.36666666666666664,0.0,1.0,0.010583333333333333,0.0008333333333333333,1.0,0.0,0.15,0.025,False,
0.7692697031788711,0.07211732644617135,1.1815959499502984,1.3044010965420012,0.05617623811273113,0.013005260671321435,10.381632887349323,4.287272181302842,4.080184346666295,0.726327611629009,1.6558572268053755,0.36895557159133174,0.19256318390245242,0.1634417614735645,0.7396305622633034,0.15112830298812224,2.423200716682623,0.46239523916595887,10.337143094346764,10.515498903892174,0.2840546299146195,1.657138468982792,2.7718699490944467,0.40269216694939386,0.539244113816308,0.1646515077331555,0.25433557484581815,1.4173762145412185,0.18110189266756654,0.10098561767878174,2,88.5,0.11499999999999998,115.59656770331448,114.76825289887543,10.45712415706014,1.0207329400574485,0.10472672986391512,0.10918833047207507,0.21071208525820675,0.059367318373385006,0.29605975751722213,99.0,61.86666666666667,0.6294219456411155,0.0,0.0,1.1613346033059897,81.05483254028795,0.0,24.344106396045838,8.690939077718252,0.0,0.16666666666666666,2.505178750208866,0.05708652668713685,0.0,1.3897374612154465,0.5333333333333333,0.5333333333333333,0.0,1.0,0.009833333333333333,0.0025,1.0,0.0,0.15,0.03333333333333333,False,
0.7292741057557308,0.08530184965624979,0.9866528470620382,1.25355168375242,0.043059735471285124,0.014093747618727542,10.91985081045197,3.8174148800243515,3.9922118203010353,0.5443818264859968,2.116442495957477,0.33658501127462115,0.23931842069795062,0.25014922379309,0.731321706506417,0.16841862956683878,1.2709228463918416,0.538998666425867,8.140993780228413,4.630857502467791,0.39272161179547405,1.4604459749892285,2.5615397822014137,0.4165143525063211,0.3675359766383951,0.08662024678179955,0.1368558883574866,1.9648291370857565,0.12060245298752871,0.1339509955433879,0,95.53333333333333,0.044666666666666674,121.5088370216075,102.80903822821534,9.425823532266007,0.8614823205972665,0.08911525416858918,0.06530831381391097,0.022522106657510695,0.04685378166842928,0.5648984900053773,97.3,71.33333333333333,0.7412958509588543,0.0,0.0,0.598314446760466,73.39364851095938,0.0009718220495366822,0.07865311126620837,4.8471293374902835,0.0,0.13333333333333333,1.3859036273200749,0.01878830918883965,0.0,0.0,0.36666666666666664,0.36666666666666664,0.0,1.0,0.009583333333333334,0.0,1.0,0.0,0.18333333333333332,0.0,False,
0.7292741057557308,0.08530184965624979,0.9866528470620382,1.25355168375242,0.043059735471285124,0.014093747618727542,10.91985081045197,3.8174148800243515,3.9922118203010353,0.5443818264859968,2.116442495957477,0.33658501127462115,0.23931842069795062,0.25014922379309,0.731321706506417,0.16841862956683878,1.2709228463918416,0.538998666425867,8.140993780228413,4.630857502467791,0.39272161179547405,1.4604459749892285,2.5615397822014137,0.4165143525063211,0.3675359766383951,0.08662024678179955,0.1368558883574866,1.9648291370857565,0.12060245298752871,0.1339509955433879,1,91.43333333333334,0.08566666666666668,115.54618199589187,98.12537814321702,9.02129586497057,0.8732879208661148,0.10406837492518119,0.08096619613379769,0.13730027598229452,0.04341675447253948,0.5196129729796819,93.63333333333334,71.6,0.7664731440486534,0.0,0.0,1.1475135284883564,78.0212822421377,0.18644666676831415,0.061855033589384475,5.240574285261585,0.0,0.06666666666666667,0.8425798479286662,0.016779842575500477,0.0,0.0,0.26666666666666666,0.26666666666666666,0.0,1.0,0.008833333333333334,0.0,1.0,0.0,0.15,0.0,False,
0.7292741057557308,0.08530184965624979,0.9866528470620382,1.25355168375242,0.043059735471285124,0.014093747618727542,10.91985081045197,3.8174148800243515,3.9922118203010353,0.5443818264859968,2.116442495957477,0.33658501127462115,0.23931842069795062,0.25014922379309,0.731321706506417,0.16841862956683878,1.2709228463918416,0.538998666425867,8.140993780228413,4.630857502467791,0.39272161179547405,1.4604459749892285,2.5615397822014137,0.4165143525063211,0.3675359766383951,0.08662024678179955,0.1368558883574866,1.9648291370857565,0.12060245298752871,0.1339509955433879,2,97.53333333333333,0.024666666666666687,122.3096487202114,104.91976640471748,9.623154101678411,0.8704686898939834,0.08691427274717353,0.06245397055046419,0.03735925868356656,0.050626936971127766,0.5620888135418006,99.93333333333334,71.56666666666666,0.7174157593892498,0.0,0.0,0.3304124556736902,61.72908509710894,0.0,0.8838839822439776,4.797618302659438,0.0,0.06666666666666667,0.8257816222320151,0.018653648487244823,0.0,0.0,0.2,0.2,0.0,1.0,0.009416666666666667,0.0,1.0,0.0,0.15,0.0,False,
0.6641344592771051,0.0904883506037063,1.044173941155976,1.0908241106194398,0.05664067663184952,0.015783425333465495,7.038990221779425,3.2127531689559983,4.299685441690217,0.6948241396582331,2.0788979022702825,0.18464853965538666,0.199157506663098,0.19339433162244588,0.5271104216596847,0.16053385814241083,1.4553535304204284,0.30163872370666867,5.454462165177438,8.1644085264179,0.4800435843349,1.1922943515661546,3.0131383172813693,0.7423155044493304,0.3472547435369384,0.29593897779187284,0.15864598892367915,2.2565234341818323,0.13367856469265044,0.21708125824277053,0,97.96666666666667,0.020333333333333353,109.58801507994461,111.63213519350269,10.229424043524713,1.064167792852986,0.10083282466235774,0.12632602100172716,0.01296760742729177,0.03270666962190185,0.5114078540159116,93.5,52.36666666666667,0.5566755030097771,0.0,0.0,0.44139855842696674,50.60732561100528,1.3587253128921255,0.04327231682238062,7.004702772979232,0.0,0.06666666666666667,0.8478413322359636,0.015945583279233667,0.0,0.0,0.26666666666666666,0.26666666666666666,0.0,1.0,0.007916666666666666,0.0008333333333333333,1.0,0.0,0.14166666666666666,0.0,False,
0.6641344592771051,0.0904883506037063,1.044173941155976,1.0908241106194398,0.05664067663184952,0.015783425333465495,7.038990221779425,3.2127531689559983,4.299685441690217,0.6948241396582331,2.0788979022702825,0.18464853965538666,0.199157506663098,0.19339433162244588,0.5271104216596847,0.16053385814241083,1.4553535304204284,0.30163872370666867,5.454462165177438,8.1644085264179,0.4800435843349,1.1922943515661546,3.0131383172813693,0.7423155044493304,0.3472547435369384,0.29593897779187284,0.15864598892367915,2.2565234341818323,0.13367856469265044,0.21708125824277053,1,99.16666666666667,0.008333333333333337,111.00039167827062,113.14425125911875,10.354724916463427,1.047328556779182,0.0880498052299053,0.09149239074381327,0.028312379999182253,0.038035884999024064,0.5051940451318915,94.83333333333333,51.56666666666667,0.5427200747859,0.0,0.0,0.1809010485356421,50.36368960747934,1.4032160020237983,0.2993131915330622,6.969570224255185,0.0,0.1,1.1336734898089926,0.015879938575874303,0.0,0.0,0.36666666666666664,0.36666666666666664,0.0,1.0,0.008,0.0,1.0,0.0,0.10833333333333334,0.0,False,
0.6641344592771051,0.0904883506037063,1.044173941155976,1.0908241106194398,0.05664067663184952,0.015783425333465495,7.038990221779425,3.2127531689559983,4.299685441690217,0.6948241396582331,2.0788979022702825,0.18464853965538666,0.199157506663098,0.19339433162244588,0.5271104216596847,0.16053385814241083,1.4553535304204284,0.30163872370666867,5.454462165177438,8.1644085264179,0.4800435843349,1.1922943515661546,3.0131383172813693,0.7423155044493304,0.3472547435369384,0.29593897779187284,0.15864598892367915,2.2565234341818323,0.13367856469265044,0.21708125824277053,2,99.63333333333334,0.003666666666666666,111.72099546715808,114.14372032016769,10.403453033717375,1.0608918529647005,0.0814258686740205,0.12354898227127167,-0.2150757411560176,0.03865245555516707,0.6273969780402304,99.63333333333334,85.4,0.8483516483516483,0.0,0.0,0.07959646135568253,27.27567763366001,0.7928718688142081,17.275198103672334,3.196507110646907,0.0,0.03333333333333333,0.42578820360459735,0.01457281603253573,0.0,0.0,0.13333333333333333,0.13333333333333333,0.0,1.0,0.010249999999999999,0.0016666666666666666,1.0,0.0,0.11666666666666667,0.0,False,
0.7659701315312469,0.07283018786112208,1.191918732054833,1.2057406596358822,0.030315090744502164,0.005964995808370126,7.010943968939933,3.339598517958209,2.51569235512875,0.7097267594317864,1.4016794543575581,0.11842527811678223,0.09742879621972969,0.3074054701223522,0.5827731852917921,0.11128760668926647,2.0471689824215193,0.5765903550631897,5.052921765836681,6.525047476281253,0.46536192694753525,1.5880606835224886,0.6038245408666087,0.35862150527827824,0.6220136643812721,0.15347470921066875,0.11587915651309455,2.0719022849543807,0.35446571802098503,0.09705141624258484,0,92.16666666666667,0.07833333333333332,113.67416242659911,121.47057602544366,10.985517647105375,1.106120660118172,0.10936470003683965,0.12760465687041936,0.08242029490682601,0.011259901325606243,0.37128793531595533,104.1,82.73333333333333,0.7938445215213936,0.0,0.0,0.760236093900248,1.775941123638578,0.0,0.02387345703794006,0.39561356068983783,0.0,0.0,0.0,0.057891084333312005,0.0,0.4160013801810575,0.0,0.0,0.0,1.0,0.00775,0.0,1.0,0.0,0.125,0.016666666666666666,False,
0.7659701315312469,0.07283018786112208,1.191918732054833,1.2057406596358822,0.030315090744502164,0.005964995808370126,7.010943968939933,3.339598517958209,2.51569235512875,0.7097267594317864,1.4016794543575581,0.11842527811678223,0.09742879621972969,0.3074054701223522,0.5827731852917921,0.11128760668926647,2.0471689824215193,0.5765903550631897,5.052921765836681,6.525047476281253,0.46536192694753525,1.5880606835224886,0.6038245408666087,0.35862150527827824,0.6220136643812721,0.15347470921066875,0.11587915651309455,2.0719022849543807,0.35446571802098503,0.09705141624258484,1,93.66666666666667,0.06333333333333332,115.79420392758952,125.00221549401263,11.164305456913606,1.1148828308402365,0.12051600317503387,0.12285602712807284,-0.021207257395382248,0.03868722355135825,0.41519033755716983,103.0,70.06666666666666,0.6801319258468922,0.0,0.0,0.6146589695363709,41.49176501541631,0.0,0.8195355808085837,6.655660090763703,0.0,0.03333333333333333,0.5543132198560626,0.05687461198384517,0.0,0.541958497886025,0.03333333333333333,0.03333333333333333,0.0,1.0,0.007916666666666666,0.0,1.0,0.0,0.13333333333333333,0.016666666666666666,False,
0.7659701315312469,0.07283018786112208,1.191918732054833,1.2057406596358822,0.030315090744502164,0.005964995808370126,7.010943968939933,3.339598517958209,2.51569235512875,0.7097267594317864,1.4016794543575581,0.11842527811678223,0.09742879621972969,0.3074054701223522,0.5827731852917921,0.11128760668926647,2.0471689824215193,0.5765903550631897,5.052921765836681,6.525047476281253,0.46536192694753525,1.5880606835224886,0.6038245408666087,0.35862150527827824,0.6220136643812721,0.15347470921066875,0.11587915651309455,2.0719022849543807,0.35446571802098503,0.09705141624258484,2,92.46666666666667,0.0753333333333333,112.44794159642528,121.49133291250824,11.02127520906702,1.1231567145128867,0.10947270269248874,0.15438052032720265,0.09305188246043422,0.01202525507421877,0.36795957341833907,105.13333333333334,59.5,0.5658482231185243,0.0,0.0,0.7311206690274725,19.25617368139517,0.0,0.3019989995737282,3.1359689303694775,0.0,0.0,0.0,0.05596060523174091,0.0,0.5372784291349695,0.0,0.0,0.0,1.0,0.008166666666666666,0.0008333333333333333,1.0,0.0,0.125,0.03333333333333333,False,
0.8286475041335151,0.06423702350895057,1.2063934652056338,1.2716318554962434,0.038057486816966676,0.019834482167965094,11.183716657517756,2.9267833037841893,3.6429407557641706,0.510389123651037,2.2113146355974456,0.14386661072931767,0.1953717293271271,0.34595328567826833,0.6434088852564175,0.1828308164570318,1.5827596588535524,0.4540882352239999,5.806573573265414,6.314582932284401,0.3388187148260722,1.0349452827945074,2.97048728344565,0.3284839464052345,0.35027376672579946,0.22814315260614387,0.07809165651026213,1.3516173930060973,0.25008020795431846,0.18697711626772603,0,98.5,0.015000000000000003,127.67601282024859,130.7653556058626,11.882975632275494,1.0554135202308386,0.10577572350915322,0.09447687878354993,-0.034527414784037126,0.010532510216900302,0.4971177244742791,103.2,63.6,0.6162626920322523,0.0,0.0,0.2804656744015891,3.9037461773785314,0.0,2.5413805138165992,0.7058268579118163,0.0,0.0,0.0,0.04722180793653215,0.0,0.37771534318298816,0.0,0.0,0.0,1.0,0.008333333333333333,0.0016666666666666666,1.0,0.0,0.1,0.016666666666666666,False,
0.8286475041335151,0.06423702350895057,1.2063934652056338,1.2716318554962434,0.038057486816966676,0.019834482167965094,11.183716657517756,2.9267833037841893,3.6429407557641706,0.510389123651037,2.2113146355974456,0.14386661072931767,0.1953717293271271,0.34595328567826833,0.6434088852564175,0.1828308164570318,1.5827596588535524,0.4540882352239999,5.806573573265414,6.314582932284401,0.3388187148260722,1.0349452827945074,2.97048728344565,0.3284839464052345,0.35027376672579946,0.22814315260614387,0.07809165651026213,1.3516173930060973,0.25008020795431846,0.18697711626772603,1,98.1,0.019000000000000003,127.60222156446765,130.3970694608568,11.834719893667268,1.058016913516164,0.10893917426314924,0.10326650655916082,-0.04606193730807156,0.011273188625626773,0.5014120224411381,103.4,64.33333333333333,0.6221475553128895,0.0,0.0,0.3552565209086795,3.6580927602670035,0.0,0.4386346816860024,0.5528761525123559,0.0,0.0,0.0,0.034181687873389134,0.0,0.4582003547128719,0.0,0.0,0.0,1.0,0.008333333333333333,0.0008333333333333333,1.0,0.0,0.09166666666666666,0.016666666666666666,False,
0.8286475041335151,0.06423702350895057,1.2063934652056338,1.2716318554962434,0.038057486816966676,0.019834482167965094,11.183716657517756,2.9267833037841893,3.6429407557641706,0.510389123651037,2.2113146355974456,0.14386661072931767,0.1953717293271271,0.34595328567826833,0.6434088852564175,0.1828308164570318,1.5827596588535524,0.4540882352239999,5.806573573265414,6.314582932284401,0.3388187148260722,1.0349452827945074,2.97048728344565,0.3284839464052345,0.35027376672579946,0.22814315260614387,0.07809165651026213,1.3516173930060973,0.25008020795431846,0.18697711626772603,2,98.0,0.020000000000000007,124.86148657922148,127.93985740226945,11.822655959015211,1.0523017741718366,0.08813167120672949,0.10131157531522716,-0.0369761192824685,0.014115271082561208,0.49804007836905667,89.4,89.4,1.0,0.0,0.0,0.37395423253545207,67.25603231027006,0.0,0.0,0.4937626726398371,0.0,0.0,0.0,0.040586923025372035,0.0,0.40347966918656775,0.0,0.0,0.0,1.0,0.0085,0.0008333333333333333,1.0,0.0,0.08333333333333333,0.016666666666666666,False,
0.7840975992367305,0.055321548494293105,1.0145070019308233,1.1335956654215786,0.026547987847223706,0.007688341569146498,11.21990840008091,4.058646734910404,2.6969472752943786,0.583920596135851,1.3494631846940377,0.21670007523317147,0.10638209766960138,0.21169835498168385,0.7717427335285806,0.10821672387662284,2.106598048812549,0.23859186602614954,4.382015689022019,9.237702262839658,0.4443091185541985,1.1331605488706482,3.162291830339018,0.2830856856263966,0.5068978527813299,0.10247052833399894,0.07965169600151092,2.2930539462023223,0.1261236994361571,0.177058654767084,0,98.96666666666667,0.010333333333333338,110.47196026125013,105.16646513835128,10.04023762910872,0.9756192830580083,0.08207845612641605,0.0962278188095862,-0.024219879053433355,0.01850626351550515,0.4170205696693195,72.2,72.2,1.0,0.0,0.0,0.18296060992598676,191.9590074216611,0.0,0.0,4.292989768421109,0.0,0.23333333333333334,2.7191741573079473,0.023194008434264005,0.0,0.0,0.7333333333333333,0.7333333333333333,0.0,1.0,0.006666666666666666,0.0008333333333333333,1.0,0.0,0.16666666666666666,0.0,False,
0.7840975992367305,0.055321548494293105,1.0145070019308233,1.1335956654215786,0.026547987847223706,0.007688341569146498,11.21990840008091,4.058646734910404,2.6969472752943786,0.583920596135851,1.3494631846940377,0.21670007523317147,0.10638209766960138,0.21169835498168385,0.7717427335285806,0.10821672387662284,2.106598048812549,0.23859186602614954,4.382015689022019,9.237702262839658,0.4443091185541985,1.1331605488706482,3.162291830339018,0.2830856856263966,0.5068978527813299,0.10247052833399894,0.07965169600151092,2.2930539462023223,0.1261236994361571,0.177058654767084,1,97.66666666666667,0.023333333333333334,109.1559077884361,107.35950486511202,9.90835171885771,1.0169819213325464,0.12807165715723012,0.1151825237369683,-0.09257873094769929,0.013842607715347007,0.4772945019518708,99.3,99.3,1.0,0.0,0.0,0.413136861123196,61.94587908251519,0.0,0.0,4.316526039384958,0.0,0.0,0.0,0.04140147237590089,0.0,0.2779183594706003,0.0,0.0,0.0,1.0,0.008333333333333333,0.0008333333333333333,1.0,0.0,0.10833333333333334,0.025,False,
0.7840975992367305,0.055321548494293105,1.0145070019308233,1.1335956654215786,0.026547987847223706,0.007688341569146498,11.21990840008091,4.058646734910404,2.6969472752943786,0.583920596135851,1.3494631846940377,0.21670007523317147,0.10638209766960138,0.21169835498168385,0.7717427335285806,0.10821672387662284,2.106598048812549,0.23859186602614954,4.382015689022019,9.237702262839658,0.4443091185541985,1.1331605488706482,3.162291830339018,0.2830856856263966,0.5068978527813299,0.10247052833399894,0.07965169600151092,2.2930539462023223,0.1261236994361571,0.177058654767084,2,99.06666666666666,0.009333333333333338,108.766332763932,109.83465446118814,10.050382699128026,1.036995988157135,0.13330798701522192,0.11152402438802622,-0.1730690273263809,0.01160173104453214,0.4954900184682128,106.5,56.93333333333333,0.5345975733368326,0.0,0.0,0.16525474444927837,24.657209616457795,0.0,8.517510681315459,3.234469622802702,0.0,0.0,0.0,0.04532969474530959,0.0,0.35188294931198366,0.0,0.0,0.0,1.0,0.008333333333333333,0.0016666666666666666,1.0,0.0,0.13333333333333333,0.016666666666666666,False,
0.6790723308141529,0.05366110147697953,1.0470274340856105,1.0756054630859646,0.04024527582308314,0.008255111825625133,9.25162158049219,2.586091022577328,3.427449752646718,0.6027636744115035,1.5195588935529727,0.375784477518964,0.13854979962851438,0.15226438164461412,0.7117625981585898,0.0959260256327749,1.1340511995311444,0.4363074646916165,7.68330978844118,5.001424258803193,0.5412356575033151,1.6249828329468259,1.414024377487299,0.3420772565699451,0.5029279962026474,0.12315052700703555,0.1176037897493726,1.5974174229393707,0.17463097268156252,0.20602149724619312,0,99.83333333333333,0.001666666666666668,108.15334519312204,112.58145572178104,10.452823883621344,1.0635276258896753,0.08458257635165288,0.09921824726407436,-0.1560712648342508,0.021367592091261395,0.7021116427116757,103.6,67.0,0.6461573456577802,0.0,0.0,0.03433691620769885,76.00065177418342,0.0,0.13002532651419849,6.114056135510339,0.0,0.03333333333333333,0.4220896246971535,0.0028913664673630075,0.0,0.0,0.06666666666666667,0.06666666666666667,0.0,1.0,0.005666666666666666,0.0008333333333333333,1.0,0.0,0.03333333333333333,0.0,False,
0.6790723308141529,0.05366110147697953,1.0470274340856105,1.0756054630859646,0.04024527582308314,0.008255111825625133,9.25162158049219,2.586091022577328,3.427449752646718,0.6027636744115035,1.5195588935529727,0.375784477518964,0.13854979962851438,0.15226438164461412,0.7117625981585898,0.0959260256327749,1.1340511995311444,0.4363074646916165,7.68330978844118,5.001424258803193,0.5412356575033151,1.6249828329468259,1.414024377487299,0.3420772565699451,0.5029279962026474,0.12315052700703555,0.1176037897493726,1.5974174229393707,0.17463097268156252,0.20602149724619312,1,97.56666666666666,0.024333333333333356,107.02096218407219,109.85174814009734,10.215497665228606,1.0554080529043837,0.07673128312462045,0.11030046366823536,0.05910158972624819,0.00595448591208914,0.5896304988136059,101.26666666666667,99.83333333333333,0.9850694444444446,0.0,0.0,0.5013189766324032,48.9265216816194,0.0,0.0,2.6130286107450837,0.0,0.0,0.0,0.0060229363148403235,0.0,0.0,0.1,0.1,0.0,1.0,0.006166666666666667,0.0025,1.0,0.0,0.06666666666666667,0.0,False,
0.6790723308141529,0.05366110147697953,1.0470274340856105,1.0756054630859646,0.04024527582308314,0.008255111825625133,9.25162158049219,2.586091022577328,3.427449752646718,0.6027636744115035,1.5195588935529727,0.375784477518964,0.13854979962851438,0.15226438164461412,0.7117625981585898,0.0959260256327749,1.1340511995311444,0.4363074646916165,7.68330978844118,5.001424258803193,0.5412356575033151,1.6249828329468259,1.414024377487299,0.3420772565699451,0.5029279962026474,0.12315052700703555,0.1176037897493726,1.5974174229393707,0.17463097268156252,0.20602149724619312,2,99.1,0.009000000000000008,105.5159171235851,110.12551259724641,10.376041871788404,1.0681236169735229,0.07230170087281752,0.10540887694704473,0.2608393016019464,0.009351518074393838,0.5235173751845659,110.83333333333333,61.1,0.553559046059046,0.0,0.0,0.18541934752157385,44.16479159551855,0.0,4.294102369530706,5.7742212523080605,0.0,0.03333333333333333,0.24909289886951455,0.008381390322068362,0.0,0.0,0.06666666666666667,0.06666666666666667,0.0,1.0,0.005416666666666666,0.0016666666666666666,1.0,0.0,0.06666666666666667,0.0,False,
0.7391247146537985,0.0932973830157715,1.1679044021140714,1.1408496777986281,0.037618047033342705,0.010214528054828444,8.944027190978934,2.892594393575088,2.3735930373339236,0.41555790242557555,1.4714374519318643,0.2746980713829023,0.1687446872776135,0.2834415383442093,0.6278676298886172,0.17304804978161265,2.1852385026351655,0.3175173540986385,5.864924559973801,9.553647146689842,0.26717199659297985,1.7415891903505063,3.184044656990323,0.6328253449272867,0.5952215605858557,0.12809597979218817,0.16807773215403657,1.4071444595726441,0.17659867254602118,0.0875987036941157,0,91.43333333333334,0.0856666666666667,103.67522480764747,117.77336405343905,10.678539249996327,1.159451178082204,0.12553912266903772,0.09764210016471965,0.17432659307901516,0.04958704946949562,0.3325621563971295,99.8,53.5,0.5354587529771074,0.0,0.0,0.7504288949795913,56.79443975539321,0.01714818186924795,7.228544671973713,7.871359523827508,0.0,0.03333333333333333,0.4020112256438289,0.0717028040207861,0.0,0.41250014860179235,0.06666666666666667,0.06666666666666667,0.0,1.0,0.007833333333333333,0.0025,1.0,0.0,0.13333333333333333,0.03333333333333333,False,
0.7391247146537985,0.0932973830157715,1.1679044021140714,1.1408496777986281,0.037618047033342705,0.010214528054828444,8.944027190978934,2.892594393575088,2.3735930373339236,0.41555790242557555,1.4714374519318643,0.2746980713829023,0.1687446872776135,0.2834415383442093,0.6278676298886172,0.17304804978161265,2.1852385026351655,0.3175173540986385,5.864924559973801,9.553647146689842,0.26717199659297985,1.7415891903505063,3.184044656990323,0.6328253449272867,0.5952215605858557,0.12809597979218817,0.16807773215403657,1.4071444595726441,0.17659867254602118,0.0875987036941157,1,94.16666666666667,0.05833333333333331,110.60373584081863,121.27292065149076,10.997766453240843,1.1393832216605217,0.10430982819207929,0.14060985860718506,0.12734052758553935,0.014360291028623025,0.34292052865506106,104.23333333333333,62.13333333333333,0.5960920087829779,0.0,0.0,0.5109924382156749,0.11210212740103849,0.36523781726535837,14.238199407634475,1.895417717110774,0.0,0.0,0.0,0.05081743608507056,0.0,1.0244794248424127,0.0,0.0,0.0,1.0,0.008083333333333333,0.005,1.0,0.0,0.06666666666666667,0.03333333333333333,False,
0.7391247146537985,0.0932973830157715,1.1679044021140714,1.1408496777986281,0.037618047033342705,0.010214528054828444,8.944027190978934,2.892594393575088,2.3735930373339236,0.41555790242557555,1.4714374519318643,0.2746980713829023,0.1687446872776135,0.2834415383442093,0.6278676298886172,0.17304804978161265,2.1852385026351655,0.3175173540986385,5.864924559973801,9.553647146689842,0.26717199659297985,1.7415891903505063,3.184044656990323,0.6328253449272867,0.5952215605858557,0.12809597979218817,0.16807773215403657,1.4071444595726441,0.17659867254602118,0.0875987036941157,2,88.8,0.11200000000000003,103.28288320869261,113.08197559642207,10.370991090772957,1.1233910043633248,0.07293990395605006,0.11745224768069758,0.11010894917302089,0.02285860172878834,0.35714603488865665,90.1,57.9,0.6467975688281761,0.0,0.0,0.9811054813740959,66.54105102088405,0.0,1.564482978398629,6.683593928289187,0.0,0.03333333333333333,0.4061127045722446,0.05461720542651163,0.0,0.4523753838451947,0.1,0.1,0.0,1.0,0.008083333333333333,0.0025,1.0,0.0,0.15833333333333333,0.03333333333333333,False,
0.6847726422401433,0.05681769049605754,1.1162598208716834,1.2701171724446472,0.02979481893081619,0.008816242215924088,9.306956053140322,3.8867645981004912,4.399723309716558,0.5327046327723799,1.9912552533605545,0.21000852330030134,0.22164334024527932,0.15608201593498935,0.7513172924791862,0.11302580897138681,1.3854785557401341,0.37257196187288527,6.540516346393154,9.734683070715572,0.2810422188788163,0.9721178134185182,1.5107880290602256,0.2629862750820817,0.33878470268126526,0.29056445710962964,0.20895064528168417,1.9272311000114177,0.13621709039556,0.06046756944623063,0,100.0,0.0,129.4963918471471,122.1437415717059,11.162598208716831,0.9692519277864425,0.09501218036403264,0.0966739244762155,-0.5743212562255836,0.010815977472471015,1.1241570969792796,104.7,55.63333333333333,0.5308676808102155,0.0,0.0,0.0,18.018441881729743,0.0,19.288959526681264,4.459148027473834,0.0,0.0,0.0,0.03780973012459019,0.0,0.2034779777219243,0.0,0.0,0.0,1.0,0.007833333333333333,0.0,1.0,0.0,0.15,0.016666666666666666,False,
0.6847726422401433,0.05681769049605754,1.1162598208716834,1.2701171724446472,0.02979481893081619,0.008816242215924088,9.306956053140322,3.8867645981004912,4.399723309716558,0.5327046327723799,1.9912552533605545,0.21000852330030134,0.22164334024527932,0.15608201593498935,0.7513172924791862,0.11302580897138681,1.3854785557401341,0.37257196187288527,6.540516346393154,9.734683070715572,0.2810422188788163,0.9721178134185182,1.5107880290602256,0.2629862750820817,0.33878470268126526,0.29056445710962964,0.20895064528168417,1.9272311000114177,0.13621709039556,0.06046756944623063,1,99.9,0.0010000000000000009,127.90611810926751,122.14772137397554,11.151435610508114,0.9742038275053114,0.10362837775822151,0.08317543070643937,-0.5517926069538459,0.007741068700913862,1.0425841855923588,106.4,56.333333333333336,0.5292510654329103,0.0,0.0,0.006046756944623062,14.453446625656824,0.0,24.85936036995539,4.7113229679042705,0.0,0.0,0.0,0.04480484947954079,0.0,0.25319321185339516,0.0,0.0,0.0,1.0,0.007833333333333333,0.0,1.0,0.0,0.13333333333333333,0.025,False,
0.6847726422401433,0.05681769049605754,1.1162598208716834,1.2701171724446472,0.02979481893081619,0.008816242215924088,9.306956053140322,3.8867645981004912,4.399723309716558,0.5327046327723799,1.9912552533605545,0.21000852330030134,0.22164334024527932,0.15608201593498935,0.7513172924791862,0.11302580897138681,1.3854785557401341,0.37257196187288527,6.540516346393154,9.734683070715572,0.2810422188788163,0.9721178134185182,1.5107880290602256,0.2629862750820817,0.33878470268126526,0.29056445710962964,0.20895064528168417,1.9272311000114177,0.13621709039556,0.06046756944623063,2,100.0,0.0,126.71071547206766,122.34575951564233,11.162598208716831,0.9837284694156675,0.09799767535760727,0.09412505304725816,-0.5593637328354711,0.008861609560086922,1.0981140646508698,104.9,62.46666666666667,0.5952702399091924,0.0,0.0,0.0,10.483372294837201,0.0,8.210271254306212,2.210911562885675,0.0,0.0,0.0,0.053051478085067716,0.0,0.10402182253091256,0.0,0.0,0.0,1.0,0.007583333333333333,0.0016666666666666666,1.0,0.0,0.15,0.016666666666666666,False,
0.7947457226399404,0.09600353256840347,1.1226274925513795,1.3676173447341065,0.030709508910842172,0.02352913743143967,6.994641716849113,4.387978519623511,2.727791218476791,0.7236463121823224,1.6413768404612388,0.22191961105702898,0.2919483653540828,0.17203952874165904,0.5532751324773307,0.15993242450485257,2.2268182875272307,0.5497410780094129,7.190150847434766,10.34149967360149,0.4951458112133954,1.7090106291841967,1.1792831346267938,0.44773303854508717,0.4409513993067088,0.25217293272638075,0.1710111070491481,1.467352099356674,0.27107664542933824,0.22510567475567395,0,99.6,0.0040000000000000036,137.07578909414627,122.18944194222098,11.181369825811739,0.9040506615897781,0.0973388723659949,0.06051347674577036,-0.08139159272045796,0.026009477695855678,0.39779699288702,103.9,86.53333333333333,0.8331432103220873,0.0,0.0,0.09004226990226959,30.391572372703838,0.0,0.09826059993056198,3.8587477339693366,0.0,0.03333333333333333,0.3241049652234294,0.009901324300873371,0.0,0.0,0.1,0.1,0.0,1.0,0.004083333333333333,0.0,1.0,0.0,0.125,0.0,False,
0.7947457226399404,0.09600353256840347,1.1226274925513795,1.3676173447341065,0.030709508910842172,0.02352913743143967,6.994641716849113,4.387978519623511,2.727791218476791,0.7236463121823224,1.6413768404612388,0.22191961105702898,0.2919483653540828,0.17203952874165904,0.5532751324773307,0.15993242450485257,2.2268182875272307,0.5497410780094129,7.190150847434766,10.34149967360149,0.4951458112133954,1.7090106291841967,1.1792831346267938,0.44773303854508717,0.4409513993067088,0.25217293272638075,0.1710111070491481,1.467352099356674,0.27107664542933824,0.22510567475567395,1,99.7,0.0030000000000000027,135.71047002430447,122.26771307457832,11.192596100737253,0.9098759213613951,0.10599598025413114,0.05390376258193958,0.0074586055113080325,0.016614346639578635,0.3663685133218439,102.86666666666666,71.0,0.6901941620193971,0.0,0.0,0.06753170242670217,43.05408897893228,0.0011603688330976702,1.259691207282664,5.7698917645533845,0.0,0.03333333333333333,0.33717420222427213,0.013535029069174141,0.0,0.0,0.1,0.1,0.0,1.0,0.005,0.0,1.0,0.0,0.14166666666666666,0.0,False,
0.7947457226399404,0.09600353256840347,1.1226274925513795,1.3676173447341065,0.030709508910842172,0.02352913743143967,6.994641716849113,4.387978519623511,2.727791218476791,0.7236463121823224,1.6413768404612388,0.22191961105702898,0.2919483653540828,0.17203952874165904,0.5532751324773307,0.15993242450485257,2.2268182875272307,0.5497410780094129,7.190150847434766,10.34149967360149,0.4951458112133954,1.7090106291841967,1.1792831346267938,0.44773303854508717,0.4409513993067088,0.25217293272638075,0.1710111070491481,1.467352099356674,0.27107664542933824,0.22510567475567395,2,99.66666666666667,0.003333333333333336,135.93114253957677,123.164273414166,11.188854009095417,0.9176703444242803,0.10009105803632572,0.06632283541086735,-0.04116817870104122,0.033442345517134424,0.38131180434591194,102.7,65.63333333333334,0.6399409922388084,0.0,0.0,0.07503522491855799,41.206601818951604,0.0,0.028866381271317052,6.27910670193564,0.0,0.06666666666666667,0.6116059723043447,0.009495624541417438,0.0,0.0,0.1,0.1,0.0,1.0,0.0038333333333333336,0.0008333333333333333,1.0,0.0,0.11666666666666667,0.0,False,
0.8582541071332246,0.08467067287780058,1.14854523870256,1.3032172331579641,0.0536560566761452,0.01936512670151038,9.968310328061424,3.55981878171439,3.9056613805545375,0.6522602354095053,2.3297183697394472,0.3398880809700759,0.23152048424308574,0.1770183300599459,0.8077708771837206,0.18856808141104175,2.006611534392717,0.5209056352084829,4.608272363391818,9.481322896044672,0.25218347613510916,1.8737441861894126,2.1651218272216206,0.4268133916427299,0.5755957617500589,0.2463838154163902,0.24714511772196307,1.875481846479424,0.33418624522080803,0.20323728495668106,0,96.66666666666667,0.03333333333333336,127.24743369519409,121.25758932750642,11.102603974124747,0.9666377699414163,0.09299440985798745,0.06053328604477505,0.021038358846551537,0.065992255567633,0.4045100012326361,97.56666666666666,69.0,0.7158792207163315,0.0,0.0,0.6774576165222704,92.83560453847772,0.0,0.5072732305880431,6.621604184654695,0.0,0.1,1.8509260813037438,0.034727866221119445,0.0,1.0903858339348962,0.5333333333333333,0.5333333333333333,0.0,1.0,0.011000000000000001,0.0,1.0,0.0,0.14166666666666666,0.016666666666666666,False,
0.8582541071332246,0.08467067287780058,1.14854523870256,1.3032172331579641,0.0536560566761452,0.01936512670151038,9.968310328061424,3.55981878171439,3.9056613805545375,0.6522602354095053,2.3297183697394472,0.3398880809700759,0.23152048424308574,0.1770183300599459,0.8077708771837206,0.18856808141104175,2.006611534392717,0.5209056352084829,4.608272363391818,9.481322896044672,0.25218347613510916,1.8737441861894126,2.1651218272216206,0.4268133916427299,0.5755957617500589,0.2463838154163902,0.24714511772196307,1.875481846479424,0.33418624522080803,0.20323728495668106,1,83.46666666666667,0.16533333333333333,110.79237619186657,106.22760380488181,9.586524259037368,0.973325888234844,0.10203867379868894,0.0634574675664858,0.2892752398705707,0.06229062500801419,0.33482241844467636,97.43333333333334,86.06666666666666,0.8829710144927536,0.0,0.0,3.36018977795046,102.09311149860137,0.0,0.04283020655816873,7.153607567150459,0.0,0.1,1.4889864653564968,0.034494243758288703,0.0,1.0438352918219946,0.36666666666666664,0.36666666666666664,0.0,1.0,0.010666666666666666,0.0,1.0,0.0,0.11666666666666667,0.025,False,
0.8582541071332246,0.08467067287780058,1.14854523870256,1.3032172331579641,0.0536560566761452,0.01936512670151038,9.968310328061424,3.55981878171439,3.9056613805545375,0.6522602354095053,2.3297183697394472,0.3398880809700759,0.23152048424308574,0.1770183300599459,0.8077708771837206,0.18856808141104175,2.006611534392717,0.5209056352084829,4.608272363391818,9.481322896044672,0.25218347613510916,1.8737441861894126,2.1651218272216206,0.4268133916427299,0.5755957617500589,0.2463838154163902,0.24714511772196307,1.875481846479424,0.33418624522080803,0.20323728495668106,2,93.23333333333333,0.06766666666666667,121.48003907174395,117.996117794133,10.70827010883687,0.989352469973584,0.10331925198951382,0.07981802888341119,0.13638339696428173,0.05920641836027155,0.3634534417905405,96.5,63.6,0.6636229909153835,0.0,0.0,1.3752389615402085,88.38173680136642,0.0,5.875796642892749,8.335087314612922,0.0,0.16666666666666666,2.2196336555101674,0.039263371741776534,0.0,1.0188825465551747,0.6,0.6,0.0,1.0,0.0115,0.0,1.0,0.0,0.16666666666666666,0.008333333333333333,False,
0.845935390303857,0.06092958106289015,1.2202446094942392,1.31842340988955,0.05578665886926725,0.02140886383172052,8.314440519603524,4.131834712497494,4.345075707390446,0.556116075394135,1.3052724433136098,0.19961287524301405,0.16463096214708683,0.3540708875742099,0.7616741201264388,0.11451470919489071,2.361475926307488,0.370766352758526,6.4622897307677585,9.86588746000335,0.3258638812649355,1.3282134368364333,1.2554072194866412,0.5217610389833255,0.4231321186724293,0.1365602984812332,0.0730911647887859,2.2008321446559327,0.3252657366790466,0.21456296888601256,0,94.8,0.052000000000000005,125.80225350756768,126.72763241470297,11.567918898005386,1.020966186795157,0.09813348916333477,0.07229774108201235,0.088907441045752,0.02543529979700818,0.32875536185560006,99.66666666666667,77.33333333333333,0.7785498895680298,0.0,0.0,1.1157274382072655,67.34171661468676,0.0,0.11735224594517073,6.491428431018536,0.0,0.13333333333333333,1.5350934388702413,0.05623927418654605,0.0,0.6991369548553078,0.3333333333333333,0.3333333333333333,0.0,1.0,0.01,0.0,1.0,0.0,0.20833333333333334,0.025,False,
0.845935390303857,0.06092958106289015,1.2202446094942392,1.31842340988955,0.05578665886926725,0.02140886383172052,8.314440519603524,4.131834712497494,4.345075707390446,0.556116075394135,1.3052724433136098,0.19961287524301405,0.16463096214708683,0.3540708875742099,0.7616741201264388,0.11451470919489071,2.361475926307488,0.370766352758526,6.4622897307677585,9.86588746000335,0.3258638812649355,1.3282134368364333,1.2554072194866412,0.5217610389833255,0.4231321186724293,0.1365602984812332,0.0730911647887859,2.2008321446559327,0.3252657366790466,0.21456296888601256,1,91.5,0.085,122.78522130566012,122.63516955392046,11.165238176872286,1.01333707452765,0.09117052848508699,0.07513837496027548,0.08306419662559,0.06894921536858906,0.3337691183203319,100.86666666666666,94.03333333333333,0.9333333333333333,0.0,0.0,1.8237852355311064,40.08405227692668,7.401486830834377e-18,0.0,3.78107524339948,0.0,0.06666666666666667,0.825446632910051,0.051461179852088756,0.0,0.5714081148777449,0.2,0.2,0.0,1.0,0.009250000000000001,0.0,1.0,0.0,0.18333333333333332,0.016666666666666666,False,
0.845935390303857,0.06092958106289015,1.2202446094942392,1.31842340988955,0.05578665886926725,0.02140886383172052,8.314440519603524,4.131834712497494,4.345075707390446,0.556116075394135,1.3052724433136098,0.19961287524301405,0.16463096214708683,0.3540708875742099,0.7616741201264388,0.11451470919489071,2.361475926307488,0.370766352758526,6.4622897307677585,9.86588746000335,0.3258638812649355,1.3282134368364333,1.2554072194866412,0.5217610389833255,0.4231321186724293,0.1365602984812332,0.0730911647887859,2.2008321446559327,0.3252657366790466,0.21456296888601256,2,95.0,0.050000000000000024,125.00831013129164,127.04879968296403,11.592323790195273,1.0363859858625406,0.09932995651834134,0.10345003730520683,0.08917158127800559,0.03300371509080744,0.3278359149976271,100.03333333333333,69.1,0.6935637200817786,0.0,0.0,1.0728148444300627,67.69972114067166,0.0,0.2782085915538578,6.327820511433936,0.0,0.1,1.3890309037122948,0.05275576015022603,0.0,0.41190937582629955,0.36666666666666664,0.36666666666666664,0.0,1.0,0.010249999999999999,0.0,1.0,0.0,0.24166666666666667,0.008333333333333333,False,
0.8658115008345926,0.08202605158668876,1.1012779508245305,1.188538527762007,0.03180405219292905,0.02457843136850098,11.423550447185846,4.052310274567579,4.071144059187214,0.6208771034861269,1.722707251143584,0.3818584195131552,0.13010922288957583,0.16013850709946367,0.7820702724515346,0.1321048118654039,1.8874658752861746,0.32433341591088916,9.013268087405915,9.795789564604387,0.30563590410924707,1.0859334109156344,3.253437148625169,0.5109455713389002,0.4724438782585457,0.14793487257546228,0.2252110673832697,1.6035612364956222,0.15478849861260488,0.08532283658617956,0,99.46666666666667,0.005333333333333338,116.66060282272643,120.22818105919775,10.954044684201332,1.06073567477847,0.13652972311971387,0.10868568268683322,-0.2783040182816471,0.007701153618454471,0.66723136312192,106.66666666666667,66.26666666666667,0.6212416446557985,0.0,0.0,0.04550551284596243,0.02679628807325997,0.0,4.508600844969842,0.5858151366811157,0.0,0.0,0.0,0.07425752966272722,0.0,1.6381115232309,0.0,0.0,0.0,1.0,0.008333333333333333,0.0016666666666666666,1.0,0.0,0.09166666666666666,0.058333333333333334,False,
0.8658115008345926,0.08202605158668876,1.1012779508245305,1.188538527762007,0.03180405219292905,0.02457843136850098,11.423550447185846,4.052310274567579,4.071144059187214,0.6208771034861269,1.722707251143584,0.3818584195131552,0.13010922288957583,0.16013850709946367,0.7820702724515346,0.1321048118654039,1.8874658752861746,0.32433341591088916,9.013268087405915,9.795789564604387,0.30563590410924707,1.0859334109156344,3.253437148625169,0.5109455713389002,0.4724438782585457,0.14793487257546228,0.2252110673832697,1.6035612364956222,0.15478849861260488,0.08532283658617956,1,96.46666666666667,0.035333333333333335,112.48051000363736,114.78850002106859,10.623661298953968,1.0572119522475474,0.13309378838870908,0.11389745936148367,-0.12200127066849484,0.012668440361946389,0.5412373108952283,89.6,59.4,0.6683298570981134,0.0,0.0,0.3014740226045011,86.9589293535101,0.0,3.1501590197051557,7.6070202182342515,0.0,0.0,0.0,0.06150772856811666,0.0,1.4577040935309464,0.03333333333333333,0.03333333333333333,0.0,1.0,0.008416666666666666,0.0008333333333333333,1.0,0.0,0.1,0.041666666666666664,False,
0.8658115008345926,0.08202605158668876,1.1012779508245305,1.188538527762007,0.03180405219292905,0.02457843136850098,11.423550447185846,4.052310274567579,4.071144059187214,0.6208771034861269,1.722707251143584,0.3818584195131552,0.13010922288957583,0.16013850709946367,0.7820702724515346,0.1321048118654039,1.8874658752861746,0.32433341591088916,9.013268087405915,9.795789564604387,0.30563590410924707,1.0859334109156344,3.253437148625169,0.5109455713389002,0.4724438782585457,0.14793487257546228,0.2252110673832697,1.6035612364956222,0.15478849861260488,0.08532283658617956,2,99.83333333333333,0.001666666666666668,116.02794735470935,120.78927539634506,10.994424875731568,1.078484966703782,0.1375829476654766,0.13046004656199503,-0.30994264989515535,0.006231118336032858,0.6512708385521618,106.7,66.76666666666667,0.6257303238699816,0.0,0.0,0.01422047276436326,0.015826130706317405,0.0,9.872696000710533,0.9900615712680476,0.0,0.0,0.0,0.09780155840071236,0.0,1.249668610639066,0.0,0.0,0.0,1.0,0.008333333333333333,0.0016666666666666666,1.0,0.0,0.14166666666666666,0.075,False,
0.8534700638061777,0.06365239029198498,1.1458050405421993,1.3872922262914478,0.05760792001302399,0.017655388299798472,9.820420767205123,3.3240028235033607,3.107779593598369,0.38505820297863147,2.039937030389927,0.17888765435536802,0.10287547478155842,0.2594562554705734,0.60922557759945,0.1074635893887962,1.4849390257200834,0.47305393309484867,9.721417527596142,6.501346771314903,0.2554714140878604,1.3060724477801804,2.3437796905939496,0.5911751889702246,0.5664593676238131,0.13483224089795293,0.0839194163655457,1.438326333530221,0.2776196019520995,0.20761926469667696,0,92.33333333333333,0.07666666666666669,130.19700677453974,115.05039460596251,10.579599874339639,0.9038300351096623,0.08986727388393417,0.07322832378364225,0.05035165075506397,0.10643696633703574,0.5057925277974952,96.5,81.46666666666667,0.8450171821305842,0.0,0.0,1.5917476960078567,92.60906057149894,1.1102230246251566e-17,0.33583452472408115,6.489258900961128,0.0,0.13333333333333333,2.7298661618068647,0.03316185399771731,0.0,0.9541200274462208,0.8,0.8,0.0,1.0,0.0105,0.0,1.0,0.0,0.08333333333333333,0.008333333333333333,False,
0.8534700638061777,0.06365239029198498,1.1458050405421993,1.3872922262914478,0.05760792001302399,0.017655388299798472,9.820420767205123,3.3240028235033607,3.107779593598369,0.38505820297863147,2.039937030389927,0.17888765435536802,0.10287547478155842,0.2594562554705734,0.60922557759945,0.1074635893887962,1.4849390257200834,0.47305393309484867,9.721417527596142,6.501346771314903,0.2554714140878604,1.3060724477801804,2.3437796905939496,0.5911751889702246,0.5664593676238131,0.13483224089795293,0.0839194163655457,1.438326333530221,0.2776196019520995,0.20761926469667696,1,95.53333333333333,0.04466666666666666,134.61611821585228,119.47063795999483,10.946257487313146,0.9110019176362302,0.09832578673431831,0.08000049928610785,0.004713838549936437,0.05199533319162385,0.5090155081803582,95.3,66.86666666666666,0.7057843945512271,0.0,0.0,0.9273660489784904,91.24535954869216,0.0,0.23599984040348038,7.14894996368628,0.0,0.16666666666666666,2.3045698700916923,0.03520744196919342,0.0,1.0037887992328904,0.7,0.7,0.0,1.0,0.01225,0.0,1.0,0.0,0.13333333333333333,0.008333333333333333,False,
0.8534700638061777,0.06365239029198498,1.1458050405421993,1.3872922262914478,0.05760792001302399,0.017655388299798472,9.820420767205123,3.3240028235033607,3.107779593598369,0.38505820297863147,2.039937030389927,0.17888765435536802,0.10287547478155842,0.2594562554705734,0.60922557759945,0.1074635893887962,1.4849390257200834,0.47305393309484867,9.721417527596142,6.501346771314903,0.2554714140878604,1.3060724477801804,2.3437796905939496,0.5911751889702246,0.5664593676238131,0.13483224089795293,0.0839194163655457,1.438326333530221,0.2776196019520995,0.20761926469667696,2,93.36666666666666,0.06633333333333336,130.09302638233044,117.07582019401245,10.697999728529,0.9195346556306628,0.09456382927780402,0.08289108167270029,0.056096798585422825,0.06657841663629092,0.4985839547816618,96.73333333333333,71.26666666666667,0.7389197934220202,0.0,0.0,1.377207789154624,87.38627975845826,0.0,10.39361476654526,7.889643159962677,0.0,0.1,1.3341431987585286,0.031046355798504215,0.0,0.9596273763705238,0.43333333333333335,0.43333333333333335,0.0,1.0,0.010583333333333333,0.0,1.0,0.0,0.09166666666666666,0.008333333333333333,False,
0.8353982408594605,0.07084559067055998,1.0800585907760967,1.147313785354029,0.03723005185206146,0.01639941574935823,8.223959379475547,3.152436384006745,2.2613691800969384,0.6335669908801361,1.5435297927967562,0.2513473471921524,0.12611882426748625,0.1586247730569954,0.6377655830781728,0.10426627389915376,1.6629696823964855,0.5715467428546046,4.851635407586746,9.953447277603427,0.39584442730672775,1.123354001649999,2.892181386398239,0.3935706869498873,0.32861764978048424,0.11848931958295758,0.22726288358991462,2.2829362881962836,0.22523314045799256,0.18300414413241742,0,89.8,0.10200000000000005,105.34873763153927,106.90240336707713,9.698926145169347,1.049429665781703,0.10552855406198931,0.11424635346579516,0.1528760285541038,0.020641212954005752,0.42324332940786996,91.33333333333333,67.23333333333333,0.7409871384268716,0.0,0.0,1.8666422701506578,71.11462932647329,7.401486830834377e-18,0.3626281977794594,6.749429989362381,0.0,0.03333333333333333,0.4130581080792656,0.03542951860694729,0.0,0.342719609306853,0.2,0.2,0.0,1.0,0.008833333333333334,0.0,1.0,0.0,0.11666666666666667,0.016666666666666666,False,
0.8353982408594605,0.07084559067055998,1.0800585907760967,1.147313785354029,0.03723005185206146,0.01639941574935823,8.223959379475547,3.152436384006745,2.2613691800969384,0.6335669908801361,1.5435297927967562,0.2513473471921524,0.12611882426748625,0.1586247730569954,0.6377655830781728,0.10426627389915376,1.6629696823964855,0.5715467428546046,4.851635407586746,9.953447277603427,0.39584442730672775,1.123354001649999,2.892181386398239,0.3935706869498873,0.32861764978048424,0.11848931958295758,0.22726288358991462,2.2829362881962836,0.22523314045799256,0.18300414413241742,1,90.06666666666666,0.09933333333333329,105.55606016447327,108.00658575671397,9.727727707590043,1.0520812745072539,0.11124320857459434,0.10428400117004219,0.17427354834785722,0.011464951300886903,0.4172552710265407,103.26666666666667,79.16666666666667,0.7669541991459925,0.0,0.0,1.8178411650486799,1.5717240964279149,0.0,6.8806803578733655,0.8931722738621664,0.0,0.0,0.0,0.03164542098798719,0.0,0.43407959434855725,0.0,0.0,0.0,1.0,0.008333333333333333,0.0,1.0,0.0,0.09166666666666666,0.016666666666666666,False,
0.8353982408594605,0.07084559067055998,1.0800585907760967,1.147313785354029,0.03723005185206146,0.01639941574935823,8.223959379475547,3.152436384006745,2.2613691800969384,0.6335669908801361,1.5435297927967562,0.2513473471921524,0.12611882426748625,0.1586247730569954,0.6377655830781728,0.10426627389915376,1.6629696823964855,0.5715467428546046,4.851635407586746,9.953447277603427,0.39584442730672775,1.123354001649999,2.892181386398239,0.3935706869498873,0.32861764978048424,0.11848931958295758,0.22726288358991462,2.2829362881962836,0.22523314045799256,0.18300414413241742,2,89.5,0.10500000000000004,102.23332785958203,108.26432606376633,9.691725754564175,1.0845690953994975,0.12654112135192447,0.12294239115272283,0.16372051147465216,0.04991788512167648,0.43293689247386363,96.23333333333333,50.6,0.5359684195436357,0.006666666666666667,0.03333333333333333,1.8788425464261524,69.21490230572007,3.7007434154171884e-18,7.532900056551333,9.08794669373214,0.0,0.03333333333333333,0.8321607880534547,0.04500509182614823,0.0,0.4290308715593837,0.13333333333333333,0.1,0.03333333333333333,1.0,0.008583333333333333,0.0025,1.0,0.0,0.09166666666666666,0.016666666666666666,False,
0.8093350377121105,0.08775466561975499,1.0658998070548267,1.1304922699320308,0.04960608809889562,0.01719545044747029,8.543803723669164,3.9042105628516106,3.940797932897743,0.6853688779868553,1.8090685007988174,0.11072235420371263,0.15051815937315213,0.1881894174725528,0.7559194559064153,0.08241854201428148,1.717562895885108,0.5047411351755321,5.507612783107771,5.231927141221468,0.321116086021002,1.2089723945483564,3.0196116136122684,0.7194082936027666,0.47088425317093563,0.2181647574403159,0.2437485313603471,1.959257045272522,0.22280154253768894,0.1559426198654411,0,85.13333333333334,0.14866666666666664,97.84876550248298,102.36724259665966,9.074360357393424,1.0827936963870408,0.13907745322523637,0.11390942406781461,0.20848779282337557,0.07286774175073667,0.3920187438784878,95.53333333333333,70.4,0.743411290716159,0.0,0.0,2.3183469486662247,74.49157599111395,0.0,0.01176890226345085,7.5784773335127715,0.0,0.16666666666666666,2.2191646938728242,0.05585819212526171,0.0,0.6643620215809214,0.5666666666666667,0.5666666666666667,0.0,1.0,0.009416666666666667,0.0,1.0,0.0,0.15,0.03333333333333333,False,
0.8093350377121105,0.08775466561975499,1.0658998070548267,1.1304922699320308,0.04960608809889562,0.01719545044747029,8.543803723669164,3.9042105628516106,3.940797932897743,0.6853688779868553,1.8090685007988174,0.11072235420371263,0.15051815937315213,0.1881894174725528,0.7559194559064153,0.08241854201428148,1.717562895885108,0.5047411351755321,5.507612783107771,5.231927141221468,0.321116086021002,1.2089723945483564,3.0196116136122684,0.7194082936027666,0.47088425317093563,0.2181647574403159,0.2437485313603471,1.959257045272522,0.22280154253768894,0.1559426198654411,1,90.13333333333334,0.09866666666666667,104.0759324247803,107.03385076555976,9.607310260920837,1.0575976210947124,0.11538860797871972,0.09662056746546338,0.15544143276398215,0.06012863879143919,0.4094609367149504,98.3,79.2,0.8085832817975676,0.0,0.0,1.538633849339019,55.482349586953184,0.0,0.009891829951263786,5.197022095022375,0.0,0.1,1.2045541968930233,0.0504459247220712,0.0,0.6031941494114123,0.3,0.3,0.0,1.0,0.009250000000000001,0.0,1.0,0.0,0.15833333333333333,0.025,False,
0.8093350377121105,0.08775466561975499,1.0658998070548267,1.1304922699320308,0.04960608809889562,0.01719545044747029,8.543803723669164,3.9042105628516106,3.940797932897743,0.6853688779868553,1.8090685007988174,0.11072235420371263,0.15051815937315213,0.1881894174725528,0.7559194559064153,0.08241854201428148,1.717562895885108,0.5047411351755321,5.507612783107771,5.231927141221468,0.321116086021002,1.2089723945483564,3.0196116136122684,0.7194082936027666,0.47088425317093563,0.2181647574403159,0.2437485313603471,1.959257045272522,0.22280154253768894,0.1559426198654411,2,92.8,0.07200000000000001,105.08028469043661,110.61764843240168,9.891550209468791,1.091780653383769,0.13026426589309562,0.1322825796342969,0.06948338568507983,0.04585050574297633,0.43980473870631154,99.1,52.333333333333336,0.5325299533528554,0.0,0.0,1.1227868630311761,48.37508881842496,7.401486830834377e-18,1.5036758689100647,6.598355369555219,0.0,0.03333333333333333,0.4270183014041013,0.05810298298834816,0.0,0.4497530788984085,0.03333333333333333,0.03333333333333333,0.0,1.0,0.008,0.0008333333333333333,1.0,0.0,0.15833333333333333,0.03333333333333333,False,
0.7257071771726704,0.06546963717869761,1.1046485415149232,1.0785113600835985,0.033249053615450774,0.006972736503115474,10.539667894886167,2.709152602929801,4.255244786833298,0.7188144463202929,1.8175584510319711,0.10922032171083772,0.21244886419551284,0.20994959915353828,0.8051325165447316,0.09057977933907775,1.7086584740784767,0.48445700350690835,7.974322502179271,7.279374534952433,0.3882009612254199,1.4141667176351609,1.9695558498970032,0.652939879236364,0.6019842090987402,0.2405849755884699,0.17253057196258267,2.020285913086259,0.2419794418959953,0.11962240646150996,0,82.1,0.179,85.65208704539143,96.09345691605262,9.06916452583752,1.153925556718521,0.1174898938638945,0.11310959730723348,0.40528510472327095,0.034829951528394625,0.442206138511168,91.1,3.6333333333333333,0.06666666666666667,0.0,0.0,2.1412410756610276,272.32358389643633,0.0,64.37252207071309,36.38782468529358,0.0,0.0,0.0,0.03740330466293198,0.0,0.22362249470780615,0.6666666666666666,0.6666666666666666,0.0,1.0,0.00975,0.006666666666666666,1.0,0.0,0.09166666666666666,0.016666666666666666,False,
0.7257071771726704,0.06546963717869761,1.1046485415149232,1.0785113600835985,0.033249053615450774,0.006972736503115474,10.539667894886167,2.709152602929801,4.255244786833298,0.7188144463202929,1.8175584510319711,0.10922032171083772,0.21244886419551284,0.20994959915353828,0.8051325165447316,0.09057977933907775,1.7086584740784767,0.48445700350690835,7.974322502179271,7.279374534952433,0.3882009612254199,1.4141667176351609,1.9695558498970032,0.652939879236364,0.6019842090987402,0.2405849755884699,0.17253057196258267,2.020285913086259,0.2419794418959953,0.11962240646150996,1,99.7,0.0030000000000000027,107.90393023641745,119.24296291809995,11.013345958903784,1.1484227011156691,0.11308866216137588,0.12846073339101008,-0.2548789227629407,0.005636473909474567,0.6350979200062743,108.4,70.46666666666667,0.6501403495451624,0.0,0.0,0.03588672193845298,16.701961719288274,0.0,16.99474917036291,3.4163171857845045,0.0,0.0,0.0,0.025717061651150862,0.0,0.0,0.03333333333333333,0.03333333333333333,0.0,1.0,0.009083333333333334,0.006666666666666666,1.0,0.0,0.125,0.0,False,
0.7257071771726704,0.06546963717869761,1.1046485415149232,1.0785113600835985,0.033249053615450774,0.006972736503115474,10.539667894886167,2.709152602929801,4.255244786833298,0.7188144463202929,1.8175584510319711,0.10922032171083772,0.21244886419551284,0.20994959915353828,0.8051325165447316,0.09057977933907775,1.7086584740784767,0.48445700350690835,7.974322502179271,7.279374534952433,0.3882009612254199,1.4141667176351609,1.9695558498970032,0.652939879236364,0.6019842090987402,0.2405849755884699,0.17253057196258267,2.020285913086259,0.2419794418959953,0.11962240646150996,2,95.13333333333334,0.048666666666666636,99.98639610913526,115.5722661709681,10.508889791611969,1.1890766637541812,0.13405838356836702,0.12688953830025188,0.029845174274878296,0.00885413359967403,0.4826600559993324,105.03333333333333,96.16666666666667,0.9142705999502113,0.0,0.0,0.5821623781126816,0.21718803167026018,0.0,9.44777817343725,0.30935777238277296,0.0,0.0,0.0,0.06983399291329898,0.0,0.2906157040963765,0.0,0.0,0.0,1.0,0.00825,0.004166666666666667,1.0,0.0,0.125,0.03333333333333333,False,
0.7304709862673869,0.06844795430298581,1.1760475255247689,1.1253983574768556,0.04211563782462076,0.009757950284333175,10.02711920944645,3.2292171790676374,3.878799629460146,0.42077087066492364,2.474398455578828,0.32857618868017024,0.257613470016786,0.21666072368074268,0.6392973086508766,0.09158137334624064,1.300135891436768,0.35212266236624756,7.275608270835248,4.535458631568606,0.4933727038991872,1.4907673692077366,2.7031611381563363,0.5828404880530342,0.37814224971715665,0.15030238642170385,0.14708915012603982,2.342314393563976,0.2723072011421947,0.07615989441338268,0,92.4,0.07600000000000001,106.32242208775617,120.17262692084812,10.866679135848868,1.1863618769897328,0.12532371267191939,0.12925914961844925,0.14833961072017207,0.05138643445002434,0.5361153622472089,97.9,39.833333333333336,0.4084901773209161,0.0,0.0,0.5788151975417085,79.99511420337693,3.7007434154171884e-18,5.855452758662806,9.537959051453994,0.0,0.03333333333333333,0.4278177840137814,0.05969314922767823,0.0,1.4866090361918145,0.03333333333333333,0.03333333333333333,0.0,1.0,0.0085,0.005,1.0,0.0,0.09166666666666666,0.05,False,
0.7304709862673869,0.06844795430298581,1.1760475255247689,1.1253983574768556,0.04211563782462076,0.009757950284333175,10.02711920944645,3.2292171790676374,3.878799629460146,0.42077087066492364,2.474398455578828,0.32857618868017024,0.257613470016786,0.21666072368074268,0.6392973086508766,0.09158137334624064,1.300135891436768,0.35212266236624756,7.275608270835248,4.535458631568606,0.4933727038991872,1.4907673692077366,2.7031611381563363,0.5828404880530342,0.37814224971715665,0.15030238642170385,0.14708915012603982,2.342314393563976,0.2723072011421947,0.07615989441338268,1,91.53333333333333,0.08466666666666667,108.13994691816826,118.48186908663865,10.764755016970051,1.154008061031784,0.09642292577055418,0.12702391871369534,0.10002051062564142,0.016620819371371217,0.5349205275709269,106.8,64.53333333333333,0.6042167264177577,0.0,0.0,0.64482043936664,2.463400495745255,0.0,10.348440924287937,1.560729738610713,0.0,0.0,0.0,0.052786646266577066,0.0,1.45893024348632,0.0,0.0,0.0,1.0,0.00825,0.005833333333333334,1.0,0.0,0.06666666666666667,0.041666666666666664,False,
0.7304709862673869,0.06844795430298581,1.1760475255247689,1.1253983574768556,0.04211563782462076,0.009757950284333175,10.02711920944645,3.2292171790676374,3.878799629460146,0.42077087066492364,2.474398455578828,0.32857618868017024,0.257613470016786,0.21666072368074268,0.6392973086508766,0.09158137334624064,1.300135891436768,0.35212266236624756,7.275608270835248,4.535458631568606,0.4933727038991872,1.4907673692077366,2.7031611381563363,0.5828404880530342,0.37814224971715665,0.15030238642170385,0.14708915012603982,2.342314393563976,0.2723072011421947,0.07615989441338268,2,95.36666666666666,0.04633333333333334,108.63663196251964,122.26231638860759,11.215573235087879,1.1617822030090286,0.0874596907731307,0.11541094799806653,0.07453950045249877,0.04354325426516139,0.5412308847849716,98.5,68.73333333333333,0.7008814922371119,0.0,0.0,0.35287417744867317,63.730441847731335,3.7007434154171884e-18,1.3612703566009026,6.190088756470859,0.0,0.1,1.1563394475469848,0.05864501990735273,0.0,1.3193461452310904,0.3333333333333333,0.3333333333333333,0.0,1.0,0.009416666666666667,0.003333333333333333,1.0,0.0,0.13333333333333333,0.03333333333333333,False,
0.8183694690078691,0.08963391750235254,1.1420538532812698,1.055546308365685,0.04968579240143567,0.011912356691699414,10.29176506216047,2.8472103425602615,3.3279835133639626,0.34538854329638613,2.4329847607229755,0.19712762129790923,0.3024315983770188,0.25628407345528875,0.5127440572833628,0.1937011069419008,2.132115912929819,0.3133506391968352,6.490704250314991,10.684762491307962,0.27347837739980346,0.9627447236089209,1.4558017925904259,0.3979119591170099,0.30720826863124695,0.26282587297243015,0.13506400334936433,1.9002635876273177,0.32943239881910386,0.07843216663818436,0,89.46666666666667,0.10533333333333333,100.09548788267107,111.6357859147535,10.217575140689764,1.1680260635850017,0.06985019630140882,0.12006051887708452,0.09982330534671133,0.06923121159477028,0.37721317945894545,88.36666666666666,70.9,0.8135650433005939,0.0,0.0,0.826152155255542,89.36963611311292,0.0,0.38984386035341173,6.438065730984088,0.0,0.16666666666666666,2.297302476594413,0.04963732500336544,0.0,1.1442903156186839,0.8333333333333334,0.8333333333333334,0.0,1.0,0.010416666666666668,0.005,1.0,0.0,0.125,0.025,False,
0.8183694690078691,0.08963391750235254,1.1420538532812698,1.055546308365685,0.04968579240143567,0.011912356691699414,10.29176506216047,2.8472103425602615,3.3279835133639626,0.34538854329638613,2.4329847607229755,0.19712762129790923,0.3024315983770188,0.25628407345528875,0.5127440572833628,0.1937011069419008,2.132115912929819,0.3133506391968352,6.490704250314991,10.684762491307962,0.27347837739980346,0.9627447236089209,1.4558017925904259,0.3979119591170099,0.30720826863124695,0.26282587297243015,0.13506400334936433,1.9002635876273177,0.32943239881910386,0.07843216663818436,1,91.26666666666667,0.08733333333333333,100.14490764263682,112.21523639193848,10.423144834280391,1.1674645370155654,0.07145145499024,0.1178836399312626,0.03842892878615473,0.05649573436502155,0.3888978271866715,94.1,72.76666666666667,0.7766210670905729,0.0,0.0,0.68497425530681,74.2816819078812,0.0,0.33099285950614327,5.497027628284451,0.0,0.13333333333333333,1.773276763105437,0.040382845037341235,0.0,1.4707549786285157,0.7,0.7,0.0,1.0,0.01075,0.006666666666666666,1.0,0.0,0.10833333333333334,0.025,False,
0.8183694690078691,0.08963391750235254,1.1420538532812698,1.055546308365685,0.04968579240143567,0.011912356691699414,10.29176506216047,2.8472103425602615,3.3279835133639626,0.34538854329638613,2.4329847607229755,0.19712762129790923,0.3024315983770188,0.25628407345528875,0.5127440572833628,0.1937011069419008,2.132115912929819,0.3133506391968352,6.490704250314991,10.684762491307962,0.27347837739980346,0.9627447236089209,1.4558017925904259,0.3979119591170099,0.30720826863124695,0.26282587297243015,0.13506400334936433,1.9002635876273177,0.32943239881910386,0.07843216663818436,2,94.9,0.05100000000000001,100.41997673589923,116.29228935435798,10.838091067639255,1.2021681449830919,0.08381092455155993,0.13332634531500467,0.08832605617922336,0.030282986551429674,0.36055295175094126,92.2,60.43333333333333,0.6664253010253537,0.0,0.0,0.4000040498547403,90.65350331040236,0.0,1.100186537331458,7.644163535854278,0.0,0.06666666666666667,0.8473723384186959,0.04078761525778473,0.0,1.048205004885773,0.3,0.3,0.0,1.0,0.010583333333333333,0.004166666666666667,1.0,0.0,0.11666666666666667,0.025,False,
0.6806423288350152,0.06331770850747051,1.0384798978845824,1.166879347477583,0.03241898165902432,0.00718086239363146,10.897233520154742,4.203045799970107,3.558525012047004,0.5487146308364242,1.8533438077669713,0.2985752633765628,0.28326536170236855,0.22270329881270187,0.7920365480083216,0.07989263664100715,1.120341380462838,0.27240418145259615,7.357572999196607,9.388334350821564,0.41874487968304325,1.0769620519851926,0.5507635442693294,0.3190628750587178,0.4322210268161599,0.232910359398599,0.1370815372313347,1.7528695372939866,0.35684533993672257,0.21596953227907525,0,97.53333333333333,0.024666666666666687,112.91896662545106,109.50553031789178,10.128640604034294,0.9855731521851862,0.10252120817886946,0.07539891294782063,0.11973641707239038,0.025183804512461123,0.5806586729133383,103.63333333333334,46.06666666666667,0.4428509432329229,0.0,0.0,0.5327248462883857,63.74420304350122,4.227868028573815e-05,20.812502862852874,8.212495384801285,0.0,0.03333333333333333,0.330269544756241,0.015233979218968597,0.0,0.0,0.1,0.1,0.0,1.0,0.0075,0.0,1.0,0.0,0.15833333333333333,0.0,False,
0.6806423288350152,0.06331770850747051,1.0384798978845824,1.166879347477583,0.03241898165902432,0.00718086239363146,10.897233520154742,4.203045799970107,3.558525012047004,0.5487146308364242,1.8533438077669713,0.2985752633765628,0.28326536170236855,0.22270329881270187,0.7920365480083216,0.07989263664100715,1.120341380462838,0.27240418145259615,7.357572999196607,9.388334350821564,0.41874487968304325,1.0769620519851926,0.5507635442693294,0.3190628750587178,0.4322210268161599,0.232910359398599,0.1370815372313347,1.7528695372939866,0.35684533993672257,0.21596953227907525,1,96.83333333333333,0.03166666666666666,113.59657201482541,111.91246684327673,10.055947011182376,1.00858314197049,0.12802518966523435,0.09155737297128906,-0.19332556402136566,0.059245521438855996,0.7823300166487066,99.86666666666666,41.733333333333334,0.41542754547563593,0.0,0.0,0.6839035188837383,51.72042432692305,0.114712160047531,3.0549001663795874,5.814983636645662,0.0,0.06666666666666667,0.7155643447294882,0.01595344088780197,0.0,0.0,0.13333333333333333,0.13333333333333333,0.0,1.0,0.00775,0.0,1.0,0.0,0.125,0.0,False,
0.6806423288350152,0.06331770850747051,1.0384798978845824,1.166879347477583,0.03241898165902432,0.00718086239363146,10.897233520154742,4.203045799970107,3.558525012047004,0.5487146308364242,1.8533438077669713,0.2985752633765628,0.28326536170236855,0.22270329881270187,0.7920365480083216,0.07989263664100715,1.120341380462838,0.27240418145259615,7.357572999196607,9.388334350821564,0.41874487968304325,1.0769620519851926,0.5507635442693294,0.3190628750587178,0.4322210268161599,0.232910359398599,0.1370815372313347,1.7528695372939866,0.35684533993672257,0.21596953227907525,2,92.9,0.07100000000000002,104.15424695837996,105.67262399358995,9.64747825134777,1.040683016180568,0.14471623553775,0.10432710370670557,-0.01630319255288326,0.03235624542296731,0.7042033603961269,98.26666666666667,43.63333333333333,0.44680446520104616,0.0,0.0,1.5333836791814344,75.50715023888348,0.0,5.1764145706940345,7.744660711014213,0.0,0.0,0.0,0.013270389964123885,0.0,0.0,0.0,0.0,0.0,1.0,0.00775,0.0,1.0,0.0,0.15,0.0,False,
0.8525788825123474,0.08889961113229139,1.0837231296668617,1.380780067222214,0.05231988853262609,0.023700499659645557,10.708567501745348,4.1573840228104055,2.526723907104748,0.6779748066655671,2.0949301747095186,0.23748043039527722,0.28793048210408767,0.35778150249580826,0.6763557144526188,0.17799736674921518,1.8378392564176633,0.4066116348837655,9.744665448242353,11.0263158817096,0.3451098341971072,1.2787749873285241,0.7778442538384356,0.6942000703461393,0.37116027601757584,0.18960647980896647,0.23553881382209407,1.660186123050547,0.317843313685616,0.10393861647959739,0,94.36666666666666,0.05633333333333334,133.7203579148255,112.52025079690708,10.226733933622954,0.8636803389069705,0.09490540952825582,0.07422473395728973,0.016531292004442824,0.06498728231425602,0.4298492992423907,99.6,64.8,0.6543972422752025,0.0,0.0,0.5855208728350652,80.90210961104816,3.7007434154171884e-18,0.6089994167012613,6.565763522834563,0.0,0.13333333333333333,2.1735577174002243,0.049874030437396896,0.0,1.0117435720373005,0.5333333333333333,0.5333333333333333,0.0,1.0,0.010083333333333333,0.0008333333333333333,1.0,0.0,0.13333333333333333,0.025,False,
0.8525788825123474,0.08889961113229139,1.0837231296668617,1.380780067222214,0.05231988853262609,0.023700499659645557,10.708567501745348,4.1573840228104055,2.526723907104748,0.6779748066655671,2.0949301747095186,0.23748043039527722,0.28793048210408767,0.35778150249580826,0.6763557144526188,0.17799736674921518,1.8378392564176633,0.4066116348837655,9.744665448242353,11.0263158817096,0.3451098341971072,1.2787749873285241,0.7778442538384356,0.6942000703461393,0.37116027601757584,0.18960647980896647,0.23553881382209407,1.660186123050547,0.317843313685616,0.10393861647959739,1,96.86666666666666,0.03133333333333336,134.35820325709253,113.31439509600158,10.497664716039667,0.8692658596303333,0.10281782537258961,0.08464598678419208,-0.0452076841091335,0.0801894621410893,0.4576836582415437,97.83333333333333,65.13333333333334,0.6683282376142404,0.0,0.0,0.32567433163607185,86.3099218845819,0.0,2.388487329552987,6.830481300347481,0.0,0.13333333333333333,2.088198000659046,0.04568760337616831,0.0,1.2078940087081438,0.5666666666666667,0.5666666666666667,0.0,1.0,0.010249999999999999,0.0,1.0,0.0,0.11666666666666667,0.03333333333333333,False,
0.8525788825123474,0.08889961113229139,1.0837231296668617,1.380780067222214,0.05231988853262609,0.023700499659645557,10.708567501745348,4.1573840228104055,2.526723907104748,0.6779748066655671,2.0949301747095186,0.23748043039527722,0.28793048210408767,0.35778150249580826,0.6763557144526188,0.17799736674921518,1.8378392564176633,0.4066116348837655,9.744665448242353,11.0263158817096,0.3451098341971072,1.2787749873285241,0.7778442538384356,0.6942000703461393,0.37116027601757584,0.18960647980896647,0.23553881382209407,1.660186123050547,0.317843313685616,0.10393861647959739,2,92.8,0.072,128.54068615240328,109.0554135141884,10.056950643308475,0.8686828056567035,0.08800892114895861,0.08469412337858483,0.04940219669336965,0.06460379411752205,0.42624334236544553,100.96666666666667,84.96666666666667,0.8453701991078229,0.0,0.0,0.748358038653101,76.981785899626,0.0,2.594484961980568,5.4828009471500625,0.0,0.13333333333333333,2.0337998683808722,0.05021880914895687,0.0,1.0627403339014596,0.43333333333333335,0.43333333333333335,0.0,1.0,0.01,0.0016666666666666666,1.0,0.0,0.14166666666666666,0.03333333333333333,False,
0.8402852659534994,0.06653619395731461,1.0732781077808755,1.1593861015515063,0.06179939153511486,0.0121535602331809,10.778537804875448,2.3479968774157407,2.948083060312534,0.36170113449053365,2.2676825868574895,0.30546358025171255,0.19683884162236634,0.3225637768517784,0.5898656115641953,0.15791654380146733,2.277162744618064,0.30328891674282654,5.7085122966106825,9.821439502948877,0.3105183145390347,1.420584910219303,3.363495328023727,0.7349668223825998,0.4627680616666391,0.09565349259459263,0.2096673481958356,1.691562619906851,0.29709676878727825,0.14555418130679165,0,96.83333333333333,0.03166666666666669,114.89185955489037,113.14366235815542,10.392909677011476,1.0193474693698685,0.09306703670308032,0.09520996699567101,-0.0022513396840566275,0.05259206045774031,0.36262913125804336,95.73333333333333,75.16666666666667,0.7943665626444752,0.0,0.0,0.4609215741381735,60.57863475697831,0.0,0.16722733741208326,3.20150327060866,0.0,0.16666666666666666,1.6013742909110706,0.03883424857655823,0.0,0.8016568876721697,0.7,0.7,0.0,1.0,0.013500000000000002,0.003333333333333333,1.0,0.0,0.15833333333333333,0.025,False,
0.8402852659534994,0.06653619395731461,1.0732781077808755,1.1593861015515063,0.06179939153511486,0.0121535602331809,10.778537804875448,2.3479968774157407,2.948083060312534,0.36170113449053365,2.2676825868574895,0.30546358025171255,0.19683884162236634,0.3225637768517784,0.5898656115641953,0.15791654380146733,2.277162744618064,0.30328891674282654,5.7085122966106825,9.821439502948877,0.3105183145390347,1.420584910219303,3.363495328023727,0.7349668223825998,0.4627680616666391,0.09565349259459263,0.2096673481958356,1.691562619906851,0.29709676878727825,0.14555418130679165,1,97.4,0.026000000000000023,115.18334479870715,112.27112796184932,10.453728769785725,1.0232802443132027,0.09716003940265347,0.11984533413631146,-0.006955716535577986,0.07612299315565292,0.364688958129319,92.03333333333333,68.66666666666667,0.7472321033829328,0.0,0.0,0.37844087139765825,77.04199309301914,0.0,0.1308733494274123,5.462404849741152,0.0,0.1,1.3794397420865845,0.042158275863634395,0.0,0.823699635966094,0.6333333333333333,0.6333333333333333,0.0,1.0,0.01175,0.004166666666666667,1.0,0.0,0.10833333333333334,0.03333333333333333,False,
0.8402852659534994,0.06653619395731461,1.0732781077808755,1.1593861015515063,0.06179939153511486,0.0121535602331809,10.778537804875448,2.3479968774157407,2.948083060312534,0.36170113449053365,2.2676825868574895,0.30546358025171255,0.19683884162236634,0.3225637768517784,0.5898656115641953,0.15791654380146733,2.277162744618064,0.30328891674282654,5.7085122966106825,9.821439502948877,0.3105183145390347,1.420584910219303,3.363495328023727,0.7349668223825998,0.4627680616666391,0.09565349259459263,0.2096673481958356,1.691562619906851,0.29709676878727825,0.14555418130679165,2,96.16666666666667,0.03833333333333333,113.67869509669923,111.53289579705067,10.321357803159417,1.0169863042454208,0.07362939399419757,0.11499486341740334,0.05088461714268629,0.03376497547998341,0.3514982367437534,90.43333333333334,61.93333333333333,0.6814571620370365,0.0,0.0,0.557957695009368,77.85355319691435,0.0,0.10294000636692152,5.4490819900237195,0.0,0.13333333333333333,1.401592985082388,0.0376803508398572,0.0,1.0410439340665927,0.5333333333333333,0.5333333333333333,0.0,1.0,0.011333333333333332,0.005,1.0,0.0,0.10833333333333334,0.025,False,
0.7053046235457525,0.046139024592863336,1.0376431168910198,1.119362373682244,0.039726196036813766,0.010775046948373555,7.894487861441069,3.9272267825573097,4.110100256379804,0.4838797128701029,2.0232986885157076,0.3089256023288419,0.1755641090799805,0.212420833098469,0.67022113122186,0.11725905436765276,1.161361610830517,0.34415263126664997,8.192441534678618,10.858754052656959,0.3800947133813903,1.4392258023942905,2.2237919095374306,0.4560735329344934,0.30486806618110746,0.14104631879539586,0.08232602505360712,2.06035163486383,0.20130538194027175,0.08613474248111813,0,83.5,0.16499999999999998,94.6548781665649,95.04954758755211,8.664320026040015,1.0373037665945668,0.11029909701546078,0.10244139252017723,0.3637193165641799,0.03751852357413386,0.4937323528999148,97.06666666666666,70.7,0.7315863860550799,0.0,0.0,1.4212232509384495,55.73699617424101,0.0,0.02597844416756208,5.26870144311301,0.0,0.03333333333333333,0.38301469763789076,0.04995713584982231,0.0,0.6008604407027989,0.16666666666666666,0.16666666666666666,0.0,1.0,0.008333333333333333,0.0,1.0,0.0,0.10833333333333334,0.025,False,
0.7053046235457525,0.046139024592863336,1.0376431168910198,1.119362373682244,0.039726196036813766,0.010775046948373555,7.894487861441069,3.9272267825573097,4.110100256379804,0.4838797128701029,2.0232986885157076,0.3089256023288419,0.1755641090799805,0.212420833098469,0.67022113122186,0.11725905436765276,1.161361610830517,0.34415263126664997,8.192441534678618,10.858754052656959,0.3800947133813903,1.4392258023942905,2.2237919095374306,0.4560735329344934,0.30486806618110746,0.14104631879539586,0.08232602505360712,2.06035163486383,0.20130538194027175,0.08613474248111813,1,93.76666666666667,0.06233333333333332,106.07358032278013,107.98886260933305,9.729633626048129,1.0511388240904251,0.12671444967094153,0.1042934297404167,0.09896499053555027,0.04801884546137936,0.5689465428570909,99.13333333333334,65.56666666666666,0.6632267325905956,0.0,0.0,0.5369065614656363,47.71988737836015,3.7007434154171884e-18,0.005420522482655366,5.35261159140831,0.0,0.1,1.1054875986121782,0.059786370253961135,0.0,0.46306420419118377,0.26666666666666666,0.26666666666666666,0.0,1.0,0.00875,0.0,1.0,0.0,0.14166666666666666,0.025,False,
0.7053046235457525,0.046139024592863336,1.0376431168910198,1.119362373682244,0.039726196036813766,0.010775046948373555,7.894487861441069,3.9272267825573097,4.110100256379804,0.4838797128701029,2.0232986885157076,0.3089256023288419,0.1755641090799805,0.212420833098469,0.67022113122186,0.11725905436765276,1.161361610830517,0.34415263126664997,8.192441534678618,10.858754052656959,0.3800947133813903,1.4392258023942905,2.2237919095374306,0.4560735329344934,0.30486806618110746,0.14104631879539586,0.08232602505360712,2.06035163486383,0.20130538194027175,0.08613474248111813,2,93.1,0.069,102.45741604979466,106.97931800005331,9.660457418255397,1.085406849070062,0.14222267197450034,0.1350945673919993,0.08957556845873932,0.041323042963489764,0.6134760116618486,99.16666666666667,57.03333333333333,0.5780108306781438,0.0,0.0,0.5943297231197152,49.22122327988078,0.0,0.0005718225892733001,6.768069320468311,0.0,0.03333333333333333,0.3761750319396029,0.05633786188825836,0.0,0.19804504259513897,0.03333333333333333,0.03333333333333333,0.0,1.0,0.008083333333333333,0.0008333333333333333,1.0,0.0,0.18333333333333332,0.016666666666666666,False,
0.8226235666952482,0.07971502160410346,1.2104009078498137,1.3627411437590249,0.05129762332370598,0.01379569597970269,9.849321566020052,3.952374902633803,2.7997794260662205,0.4794325050022049,2.0144113754738493,0.2699916366703839,0.2148013151224552,0.34408269788713486,0.5708649519185638,0.13043989484816548,1.0932522633432913,0.5080389925229263,4.453989752709164,9.586377779427922,0.2867958506363612,1.6738899529225733,0.8314986254445562,0.3635605741299798,0.5606355903850468,0.16944772295338809,0.07336738369790494,1.1864336738914438,0.32374300844460224,0.1247738896894302,0,95.33333333333333,0.0466666666666667,132.21409193557628,126.79806029149586,11.539155321501562,0.9799820994025917,0.0984123405761179,0.07710807962753122,-0.025351392112169684,0.08324263679521254,0.6521390941360949,98.7,76.9,0.7825731339091355,0.0,0.0,0.5822781518840076,75.27608513617206,0.0,0.29034512964005205,5.749616210472133,0.0,0.16666666666666666,2.1912962790699284,0.04068537715508504,0.0,1.456040404947657,0.43333333333333335,0.43333333333333335,0.0,1.0,0.009916666666666667,0.0,1.0,0.0,0.14166666666666666,0.016666666666666666,False,
0.8226235666952482,0.07971502160410346,1.2104009078498137,1.3627411437590249,0.05129762332370598,0.01379569597970269,9.849321566020052,3.952374902633803,2.7997794260662205,0.4794325050022049,2.0144113754738493,0.2699916366703839,0.2148013151224552,0.34408269788713486,0.5708649519185638,0.13043989484816548,1.0932522633432913,0.5080389925229263,4.453989752709164,9.586377779427922,0.2867958506363612,1.6738899529225733,0.8314986254445562,0.3635605741299798,0.5606355903850468,0.16944772295338809,0.07336738369790494,1.1864336738914438,0.32374300844460224,0.1247738896894302,1,91.1,0.089,124.7156972069879,122.96996048025792,11.026752270511802,1.0106842594540093,0.13317748527356973,0.08638826284608325,0.05523299627338985,0.06066405928443909,0.6687519440161019,96.2,67.86666666666666,0.7099903328448869,0.0,0.0,1.1104876182359291,84.48553897202154,0.0,0.0,9.19599809095249,0.0,0.06666666666666667,1.0746701324897958,0.0393069090739164,0.0,1.4910695808447643,0.13333333333333333,0.13333333333333333,0.0,1.0,0.0085,0.0,1.0,0.0,0.075,0.016666666666666666,False,
0.8226235666952482,0.07971502160410346,1.2104009078498137,1.3627411437590249,0.05129762332370598,0.01379569597970269,9.849321566020052,3.952374902633803,2.7997794260662205,0.4794325050022049,2.0144113754738493,0.2699916366703839,0.2148013151224552,0.34408269788713486,0.5708649519185638,0.13043989484816548,1.0932522633432913,0.5080389925229263,4.453989752709164,9.586377779427922,0.2867958506363612,1.6738899529225733,0.8314986254445562,0.3635605741299798,0.5606355903850468,0.16944772295338809,0.07336738369790494,1.1864336738914438,0.32374300844460224,0.1247738896894302,2,96.76666666666667,0.032333333333333346,132.83206783243892,128.6151946222627,11.712646118293367,0.9931569279683077,0.09820478470215405,0.09531440651320919,-0.03698883616857997,0.055588455266572294,0.6547542174351484,99.3,72.7,0.7376848994599755,0.0,0.0,0.4034355766624909,70.9086338299313,0.0,0.21600976315689882,5.3348420940854115,0.0,0.16666666666666666,2.176582605217795,0.04547866208303083,0.0,1.32400528414778,0.4666666666666667,0.4666666666666667,0.0,1.0,0.010583333333333333,0.0,1.0,0.0,0.175,0.025,False,
0.7212358435320395,0.08694924183712505,1.1628368780152156,1.0491415623620999,0.030201085236833427,0.006331157250307044,9.928805441819033,3.6539199384752554,3.2532167712054854,0.5069849563348883,2.140838450753796,0.2689104406641234,0.10912560195880423,0.32833684239218586,0.7016750065938628,0.09865417440235758,1.4647493996923933,0.5342698314220798,5.983251365154439,8.935402206930032,0.43693186567518666,1.4543716022196664,2.331616711832535,0.5000553134012933,0.46634613728759466,0.25602302788951775,0.10274949858076,1.4742285164563762,0.3136513431145143,0.21078938734862454,0,87.66666666666667,0.12333333333333334,96.83660434290358,113.85791867807559,10.194203297266727,1.2290520381622483,0.09836096204684093,0.1318243614309603,0.06372668549873826,0.03460935305505656,0.5106335860319828,92.1,65.8,0.7168557796375146,0.0,0.0,2.599735777299703,78.70066371898703,0.014281324683908645,0.04133943773008455,5.796288516353704,0.0,0.03333333333333333,0.4987554986295521,0.03989515067369469,0.0,0.3031794317865238,0.1,0.1,0.0,1.0,0.008,0.0016666666666666666,1.0,0.0,0.11666666666666667,0.016666666666666666,False,
0.7212358435320395,0.08694924183712505,1.1628368780152156,1.0491415623620999,0.030201085236833427,0.006331157250307044,9.928805441819033,3.6539199384752554,3.2532167712054854,0.5069849563348883,2.140838450753796,0.2689104406641234,0.10912560195880423,0.32833684239218586,0.7016750065938628,0.09865417440235758,1.4647493996923933,0.5342698314220798,5.983251365154439,8.935402206930032,0.43693186567518666,1.4543716022196664,2.331616711832535,0.5000553134012933,0.46634613728759466,0.25602302788951775,0.10274949858076,1.4742285164563762,0.3136513431145143,0.21078938734862454,1,85.53333333333333,0.1446666666666667,93.55531569298064,111.666969670374,9.946131429956813,1.2529770167569196,0.12058865492270252,0.14977643993580128,0.06638106732594265,0.038390554882138495,0.5764403292117876,88.4,45.833333333333336,0.5243791074123446,0.0,0.0,3.0494198036434352,89.46261457518423,0.3329856450733574,0.34775789199799795,9.314345609099199,0.0,0.03333333333333333,0.5309639386119336,0.03518901787195192,0.0,0.31850617267896336,0.1,0.1,0.0,1.0,0.00825,0.0016666666666666666,1.0,0.0,0.10833333333333334,0.016666666666666666,False,
0.7212358435320395,0.08694924183712505,1.1628368780152156,1.0491415623620999,0.030201085236833427,0.006331157250307044,9.928805441819033,3.6539199384752554,3.2532167712054854,0.5069849563348883,2.140838450753796,0.2689104406641234,0.10912560195880423,0.32833684239218586,0.7016750065938628,0.09865417440235758,1.4647493996923933,0.5342698314220798,5.983251365154439,8.935402206930032,0.43693186567518666,1.4543716022196664,2.331616711832535,0.5000553134012933,0.46634613728759466,0.25602302788951775,0.10274949858076,1.4742285164563762,0.3136513431145143,0.21078938734862454,2,92.66666666666667,0.07333333333333332,97.93299800021929,118.00203745974936,10.775621736274331,1.2434556816730018,0.09507896036111588,0.1313480545157798,0.045952828876676795,0.024923111513877206,0.5131397277483305,90.96666666666667,45.63333333333333,0.5063982940873735,0.0,0.0,1.5457888405565798,89.08203660844158,0.0,2.5010342675445765,9.616886773310888,0.0,0.03333333333333333,0.37933194520705354,0.057602882389495465,0.0,0.3376938259241572,0.06666666666666667,0.06666666666666667,0.0,1.0,0.008083333333333333,0.003333333333333333,1.0,0.0,0.13333333333333333,0.016666666666666666,False,
0.8342450359520064,0.04560027103924537,1.0687082667062135,1.2477820762102754,0.04401397999417914,0.015367444447948464,7.471404814349492,3.5874204362902935,2.405216217669559,0.675111619127996,1.4366425542774328,0.35166575497411623,0.2620835347213393,0.2676083448254016,0.5245051774837157,0.13889674855215223,1.9273219351552795,0.356896121499873,5.198266888679381,5.961323925633917,0.3670270407755857,1.152562360160237,1.1193946159519488,0.5279483050907954,0.404415758077931,0.20388902798885036,0.23292029438760142,2.1746689136459256,0.29377720635061183,0.13725506105840435,0,95.86666666666666,0.04133333333333336,122.91403106940874,113.52500313894254,10.245349916823566,0.9395108466533576,0.09159647769207194,0.07054436681080326,0.02294392549641687,0.051358394598929,0.4121403065933828,95.36666666666666,71.13333333333334,0.7542632913569381,0.0,0.0,0.5673209190414046,67.32655011854659,0.0,0.1550108294600547,7.4465195662745165,0.0,0.06666666666666667,1.0892308249835112,0.04613266939055268,0.0,0.7803069099560482,0.3333333333333333,0.3333333333333333,0.0,1.0,0.009583333333333334,0.0,1.0,0.0,0.125,0.025,False,
0.8342450359520064,0.04560027103924537,1.0687082667062135,1.2477820762102754,0.04401397999417914,0.015367444447948464,7.471404814349492,3.5874204362902935,2.405216217669559,0.675111619127996,1.4366425542774328,0.35166575497411623,0.2620835347213393,0.2676083448254016,0.5245051774837157,0.13889674855215223,1.9273219351552795,0.356896121499873,5.198266888679381,5.961323925633917,0.3670270407755857,1.152562360160237,1.1193946159519488,0.5279483050907954,0.404415758077931,0.20388902798885036,0.23292029438760142,2.1746689136459256,0.29377720635061183,0.13725506105840435,1,93.26666666666667,0.06733333333333331,120.84580396052475,109.74843196658156,9.967485767479953,0.9301200269491062,0.08103698249768446,0.08404320557217418,0.030912827505433026,0.049517968876281834,0.42020307914480265,100.06666666666666,71.06666666666666,0.7082344829827852,0.0,0.0,0.924184077793256,56.78068753970355,0.0,1.876433279334353,6.837406981091662,0.0,0.03333333333333333,0.560241234394311,0.04149880479478277,0.0,0.8023752896637284,0.1,0.1,0.0,1.0,0.008666666666666666,0.0,1.0,0.0,0.10833333333333334,0.016666666666666666,False,
0.8342450359520064,0.04560027103924537,1.0687082667062135,1.2477820762102754,0.04401397999417914,0.015367444447948464,7.471404814349492,3.5874204362902935,2.405216217669559,0.675111619127996,1.4366425542774328,0.35166575497411623,0.2620835347213393,0.2676083448254016,0.5245051774837157,0.13889674855215223,1.9273219351552795,0.356896121499873,5.198266888679381,5.961323925633917,0.3670270407755857,1.152562360160237,1.1193946159519488,0.5279483050907954,0.404415758077931,0.20388902798885036,0.23292029438760142,2.1746689136459256,0.29377720635061183,0.13725506105840435,2,100.0,0.0,125.5947644390509,117.21579922114371,10.687082667062139,0.951094828557709,0.08963338240355648,0.08572222199509855,0.04094677759458987,0.0031814912813100836,0.401305496037814,106.23333333333333,67.1,0.6316316934109208,0.0,0.0,0.0,4.531429439306797,0.0,2.470017836932049,1.5366384398745552,0.0,0.03333333333333333,0.5259803668273401,0.0433437130689105,0.0,0.566216186894682,0.03333333333333333,0.03333333333333333,0.0,1.0,0.008416666666666666,0.0,1.0,0.0,0.11666666666666667,0.025,False,
0.6888631076552361,0.09300744657936669,1.1822806543112026,1.3136351800816375,0.02752002415648513,0.021497915440108012,6.714926905929899,3.1804048170528314,2.42447181463572,0.7292667384113871,2.4063172515336455,0.2305004287924941,0.18553908663290503,0.16840886471771493,0.5638654949057997,0.08338747280877684,1.3908689442491955,0.5176313054867411,4.693903436332993,9.019636937570406,0.36997375580130415,1.7263953599158552,1.0356425438880814,0.35107406078797465,0.4138516934030747,0.14076827873459627,0.21741839533333324,2.348036988767796,0.33919392770943857,0.19268765512314193,0,99.86666666666666,0.0013333333333333346,133.1323313765503,129.08269916398916,11.807042801054552,0.989406194409651,0.09434585436391392,0.07147133395158072,-0.15129323611830017,0.006854434211500807,0.6029092008476632,99.13333333333334,61.36666666666667,0.6202801676759301,0.0,0.0,0.025691687349752256,10.203059787680276,0.9965664341911434,2.270644776383388,2.241020401453497,0.0,0.0,0.0,0.0029215948725819286,0.0,0.0,0.0,0.0,0.0,1.0,0.002833333333333333,0.0,1.0,0.0,0.03333333333333333,0.0,False,
0.6888631076552361,0.09300744657936669,1.1822806543112026,1.3136351800816375,0.02752002415648513,0.021497915440108012,6.714926905929899,3.1804048170528314,2.42447181463572,0.7292667384113871,2.4063172515336455,0.2305004287924941,0.18553908663290503,0.16840886471771493,0.5638654949057997,0.08338747280877684,1.3908689442491955,0.5176313054867411,4.693903436332993,9.019636937570406,0.36997375580130415,1.7263953599158552,1.0356425438880814,0.35107406078797465,0.4138516934030747,0.14076827873459627,0.21741839533333324,2.348036988767796,0.33919392770943857,0.19268765512314193,1,100.0,0.0,133.96118087840114,129.22769831500622,11.822806543112032,0.9833152692967947,0.08893697107315537,0.0700319571754783,-0.10958392885073726,0.016696335198708893,0.5772101776865121,100.5,69.1,0.6843838319537163,0.0,0.0,0.0,45.39241614200841,1.213541648488986,0.3886787911066804,6.280768724951697,0.0,0.03333333333333333,0.3259930934662449,0.0037720821983456628,0.0,0.0,0.1,0.1,0.0,1.0,0.0030833333333333333,0.0,1.0,0.0,0.05,0.0,False,
0.6888631076552361,0.09300744657936669,1.1822806543112026,1.3136351800816375,0.02752002415648513,0.021497915440108012,6.714926905929899,3.1804048170528314,2.42447181463572,0.7292667384113871,2.4063172515336455,0.2305004287924941,0.18553908663290503,0.16840886471771493,0.5638654949057997,0.08338747280877684,1.3908689442491955,0.5176313054867411,4.693903436332993,9.019636937570406,0.36997375580130415,1.7263953599158552,1.0356425438880814,0.35107406078797465,0.4138516934030747,0.14076827873459627,0.21741839533333324,2.348036988767796,0.33919392770943857,0.19268765512314193,2,99.53333333333333,0.0046666666666666705,131.90778608951894,129.95432471896723,11.76763344591084,1.0003701275650085,0.09326353871826186,0.07054088117956736,-0.17462629978190194,0.025717475159117358,0.6155469606827882,98.63333333333334,67.56666666666666,0.683652079422049,0.0,0.0,0.08992090572413289,26.372582951044922,0.39982259189992625,0.1528855189631654,3.9746952972535934,0.0,0.03333333333333333,0.37939683292074794,0.0030287851862220955,0.0,0.0,0.06666666666666667,0.06666666666666667,0.0,1.0,0.0022500000000000003,0.0008333333333333333,1.0,0.0,0.041666666666666664,0.0,False,
0.6579375959863519,0.05223838286593646,1.138627638771905,1.1527353183694915,0.050384994311073156,0.022075204629597826,8.748192562933646,2.8296675172784873,3.744738936236087,0.6987481608143752,2.2801252355931303,0.12648166142571482,0.29606792947201876,0.20253282551412113,0.596227199075373,0.07612005501207506,1.646711508126546,0.5585632876982646,5.419819616806105,5.11399481813957,0.4010596459924457,1.628509626616301,2.112368356210367,0.5049457004624441,0.525618261867493,0.2380824802306768,0.06289505347947975,1.1364660912566547,0.37083117987593983,0.15764392342352673,0,93.8,0.06200000000000001,112.12168014177799,117.03620943946176,10.680327251680467,1.0814670507296493,0.08664165736505623,0.1044676091430839,0.02296814360773429,0.056084060650034705,0.4676960581385177,95.2,64.36666666666666,0.6785363744429327,0.0,0.0,0.9773923252258658,60.39695781216376,0.0,0.22526143982292363,6.080716925660004,0.0,0.13333333333333333,1.5610992746805443,0.04398994892546229,0.0,0.30518957739822344,0.5333333333333333,0.5333333333333333,0.0,1.0,0.009250000000000001,0.0016666666666666666,1.0,0.0,0.125,0.016666666666666666,False,
0.6579375959863519,0.05223838286593646,1.138627638771905,1.1527353183694915,0.050384994311073156,0.022075204629597826,8.748192562933646,2.8296675172784873,3.744738936236087,0.6987481608143752,2.2801252355931303,0.12648166142571482,0.29606792947201876,0.20253282551412113,0.596227199075373,0.07612005501207506,1.646711508126546,0.5585632876982646,5.419819616806105,5.11399481813957,0.4010596459924457,1.628509626616301,2.112368356210367,0.5049457004624441,0.525618261867493,0.2380824802306768,0.06289505347947975,1.1364660912566547,0.37083117987593983,0.15764392342352673,1,94.26666666666667,0.05733333333333334,113.35186122615733,119.50780216261894,10.733463208156495,1.1054771418483778,0.11083034552927758,0.12496498494601319,0.014851571128339128,0.019781690033264347,0.46630047365788996,103.03333333333333,57.53333333333333,0.558942461973587,0.0,0.0,0.9038251609615532,5.5402415529688,0.0565010341997267,12.661328021310712,3.3863611319761913,0.0,0.03333333333333333,0.5885046886607267,0.041303000314759274,0.0,0.30492276317783296,0.03333333333333333,0.03333333333333333,0.0,1.0,0.007833333333333333,0.0016666666666666666,1.0,0.0,0.10833333333333334,0.016666666666666666,False,
0.6579375959863519,0.05223838286593646,1.138627638771905,1.1527353183694915,0.050384994311073156,0.022075204629597826,8.748192562933646,2.8296675172784873,3.744738936236087,0.6987481608143752,2.2801252355931303,0.12648166142571482,0.29606792947201876,0.20253282551412113,0.596227199075373,0.07612005501207506,1.646711508126546,0.5585632876982646,5.419819616806105,5.11399481813957,0.4010596459924457,1.628509626616301,2.112368356210367,0.5049457004624441,0.525618261867493,0.2380824802306768,0.06289505347947975,1.1364660912566547,0.37083117987593983,0.15764392342352673,2,94.3,0.057,109.87003362599876,119.52674144982305,10.737258633619065,1.1252009585474663,0.11395144478819431,0.11988378056133621,-0.011882887584962252,0.034023062201873316,0.496549254737668,98.3,38.333333333333336,0.3918608340059507,0.0,0.0,0.8985703635141024,57.097068506260236,0.0,0.1960116661804113,7.748506765736452,0.0,0.03333333333333333,0.4482781762603069,0.04795480698360711,0.0,0.5648406332893234,0.03333333333333333,0.03333333333333333,0.0,1.0,0.007916666666666666,0.004166666666666667,1.0,0.0,0.10833333333333334,0.025,False,
0.7010686618265919,0.06271596616903198,1.0090712106345114,1.2374024204331282,0.04931536668186523,0.012650401167873101,6.6761219229353195,2.5385718905685764,3.320924113655038,0.7029219374801506,2.490331306484931,0.37460159531826465,0.21612553147246874,0.30498306230905636,0.7053549685075078,0.1416702572061435,2.1521875049792105,0.45036784256827567,4.903692268096518,6.67319630266311,0.3205646255094716,1.8117476742631773,1.8240732698937747,0.6408508949932494,0.40014779774694464,0.10030681910432993,0.21305182976696266,1.174034295995502,0.3014156445524003,0.10023744231736885,0,90.23333333333333,0.09766666666666665,115.78418149148939,100.21772999775368,9.105185890625409,0.8906145212380292,0.08559892872773056,0.07562123986976607,0.04789211842297407,0.04146888601432868,0.3757335839716622,99.06666666666666,72.2,0.7365912681255042,0.0,0.0,0.978985686632969,31.61489250329349,0.0,0.25621838811342684,3.960491824618816,0.0,0.1,0.8782089370184974,0.01546916796078095,0.0,0.0,0.36666666666666664,0.36666666666666664,0.0,1.0,0.009000000000000001,0.0,1.0,0.0,0.15,0.0,False,
0.7010686618265919,0.06271596616903198,1.0090712106345114,1.2374024204331282,0.04931536668186523,0.012650401167873101,6.6761219229353195,2.5385718905685764,3.320924113655038,0.7029219374801506,2.490331306484931,0.37460159531826465,0.21612553147246874,0.30498306230905636,0.7053549685075078,0.1416702572061435,2.1521875049792105,0.45036784256827567,4.903692268096518,6.67319630266311,0.3205646255094716,1.8117476742631773,1.8240732698937747,0.6408508949932494,0.40014779774694464,0.10030681910432993,0.21305182976696266,1.174034295995502,0.3014156445524003,0.10023744231736885,1,81.6,0.184,105.95281165733164,91.3465586709114,8.23402107877761,0.8978356117335001,0.09436937873185479,0.08994216507126979,0.19423448027074317,0.056899153784805576,0.3400680572347817,90.16666666666667,80.73333333333333,0.9,0.0,0.0,1.8443689386395867,45.72081663296854,0.0,0.25416096439578506,5.124168273239638,0.0,0.1,1.1431883616019929,0.01724825920735158,0.0,0.0,0.5666666666666667,0.5666666666666667,0.0,1.0,0.0095,0.0,1.0,0.0,0.13333333333333333,0.0,False,
0.7010686618265919,0.06271596616903198,1.0090712106345114,1.2374024204331282,0.04931536668186523,0.012650401167873101,6.6761219229353195,2.5385718905685764,3.320924113655038,0.7029219374801506,2.490331306484931,0.37460159531826465,0.21612553147246874,0.30498306230905636,0.7053549685075078,0.1416702572061435,2.1521875049792105,0.45036784256827567,4.903692268096518,6.67319630266311,0.3205646255094716,1.8117476742631773,1.8240732698937747,0.6408508949932494,0.40014779774694464,0.10030681910432993,0.21305182976696266,1.174034295995502,0.3014156445524003,0.10023744231736885,2,93.26666666666667,0.06733333333333329,117.76663784973286,104.12440641334082,9.411270824517878,0.9142747627818996,0.09835284825620756,0.09314280242572638,0.10250607172229406,0.008948936334568437,0.35158916429332976,101.36666666666666,100.93333333333334,0.9957386915162106,0.0,0.0,0.674932111603617,0.5230547137404689,0.0,0.0,0.03256096867813387,0.0,0.0,0.0,0.01593842253126412,0.0,0.0,0.0,0.0,0.0,1.0,0.008,0.0016666666666666666,1.0,0.0,0.13333333333333333,0.0,False,
0.8377602689749462,0.07395027571548565,1.0933104844886432,1.207932753883771,0.04713678421604134,0.020142945430069278,10.247438438185098,3.1147439194187974,3.232157722377524,0.4341678234317321,1.8669877441112372,0.2352155414166784,0.2596887973472752,0.34825132993280294,0.6029505792626398,0.1801432407776628,1.44620114306432,0.3783171349671269,9.89811827618114,7.810995193158389,0.43882689740534153,1.6540856766532968,1.701455490093775,0.7482768565659025,0.38621430938637386,0.302917172871196,0.054229870500823056,1.685176852680093,0.14122032994487144,0.16520157312123618,0,94.06666666666666,0.059333333333333356,115.39455215056735,111.98274155518455,10.2844072907565,1.0043923479916528,0.102025632512765,0.10097299508052397,-0.024314685374588498,0.08700955382317893,0.5538024451149532,97.9,70.53333333333333,0.724484987330348,0.0,0.0,0.9801960005193345,80.67370771925756,0.0,1.3657189476863776,6.984772522318653,0.0,0.13333333333333333,1.7522216163532847,0.04490158803183143,0.0,0.5601256451585079,0.5,0.5,0.0,1.0,0.010333333333333335,0.0008333333333333333,1.0,0.0,0.10833333333333334,0.016666666666666666,False,
0.8377602689749462,0.07395027571548565,1.0933104844886432,1.207932753883771,0.04713678421604134,0.020142945430069278,10.247438438185098,3.1147439194187974,3.232157722377524,0.4341678234317321,1.8669877441112372,0.2352155414166784,0.2596887973472752,0.34825132993280294,0.6029505792626398,0.1801432407776628,1.44620114306432,0.3783171349671269,9.89811827618114,7.810995193158389,0.43882689740534153,1.6540856766532968,1.701455490093775,0.7482768565659025,0.38621430938637386,0.302917172871196,0.054229870500823056,1.685176852680093,0.14122032994487144,0.16520157312123618,1,92.66666666666667,0.07333333333333333,115.53888678082332,110.33479049602849,10.131343822928095,0.9907490747892663,0.08780123536726551,0.10249393102544115,0.02556636882354891,0.0634838833699137,0.5312811246493412,96.4,89.06666666666666,0.9235507246376813,0.0,0.0,1.2114782028890654,62.306875163798885,0.0,0.011582581307937012,4.809880037905386,0.0,0.03333333333333333,0.5033281716062193,0.026451242412001762,0.0,0.7933483471905027,0.2,0.2,0.0,1.0,0.009083333333333334,0.0,1.0,0.0,0.06666666666666667,0.008333333333333333,False,
0.8377602689749462,0.07395027571548565,1.0933104844886432,1.207932753883771,0.04713678421604134,0.020142945430069278,10.247438438185098,3.1147439194187974,3.232157722377524,0.4341678234317321,1.8669877441112372,0.2352155414166784,0.2596887973472752,0.34825132993280294,0.6029505792626398,0.1801432407776628,1.44620114306432,0.3783171349671269,9.89811827618114,7.810995193158389,0.43882689740534153,1.6540856766532968,1.701455490093775,0.7482768565659025,0.38621430938637386,0.302917172871196,0.054229870500823056,1.685176852680093,0.14122032994487144,0.16520157312123618,2,94.36666666666666,0.05633333333333335,115.35727526897568,112.77797324066741,10.317206605291164,1.003143885738395,0.08592961477472408,0.10012026793389456,0.018230712587288304,0.07464956135354445,0.5283640595336913,88.66666666666667,52.733333333333334,0.5997558293460474,0.0,0.0,0.9306355285829638,105.3888453130205,0.0,8.743583020571245,9.641679785496342,0.0,0.13333333333333333,2.200216953388213,0.034952003592807854,0.0,0.7452581362058524,0.7,0.7,0.0,1.0,0.010166666666666666,0.0016666666666666666,1.0,0.0,0.10833333333333334,0.016666666666666666,False,
0.8153047955345853,0.046959299202849254,1.184451067743376,1.3568478223735436,0.0477591651991021,0.02029803073797787,9.71403717788263,2.489764782140963,3.7671403104184376,0.4738672137240779,1.6061330751638383,0.17753463543938497,0.2000418627397162,0.25185330838351355,0.6110202784263243,0.16268292829680936,1.7677909899279065,0.5433955450142501,9.350384736975435,8.788849680086994,0.4830058242125792,1.6175280350454657,2.518165075688914,0.7220135997122792,0.31512988341570436,0.10595131346901746,0.2070077449513782,1.3636474371262937,0.3106522580138373,0.1854487758508563,0,95.86666666666666,0.041333333333333326,132.91516293473543,125.24006444056309,11.354937569433165,0.9687311622217106,0.10295582808176942,0.09395735515614498,0.023785852477717175,0.008787745962926282,0.43761551839033214,105.8,62.93333333333333,0.5949043415673346,0.0,0.0,0.766521606850206,3.2115004260144255,0.0,31.695529886320053,3.8445419933771396,0.0,0.0,0.0,0.030427586344497718,0.0,0.22005822163271288,0.0,0.0,0.0,1.0,0.008333333333333333,0.0008333333333333333,1.0,0.0,0.08333333333333333,0.008333333333333333,False,
0.8153047955345853,0.046959299202849254,1.184451067743376,1.3568478223735436,0.0477591651991021,0.02029803073797787,9.71403717788263,2.489764782140963,3.7671403104184376,0.4738672137240779,1.6061330751638383,0.17753463543938497,0.2000418627397162,0.25185330838351355,0.6110202784263243,0.16268292829680936,1.7677909899279065,0.5433955450142501,9.350384736975435,8.788849680086994,0.4830058242125792,1.6175280350454657,2.518165075688914,0.7220135997122792,0.31512988341570436,0.10595131346901746,0.2070077449513782,1.3636474371262937,0.3106522580138373,0.1854487758508563,1,92.96666666666667,0.07033333333333333,128.51876131819537,121.19022202433254,11.011446759787587,0.9700829114396609,0.10540566116178557,0.09758448029482952,-0.05063973145689505,0.05396954633890436,0.4823302902298644,94.53333333333333,67.3,0.7104004170926854,0.0,0.0,1.3043230568176893,64.38606321532039,0.0,0.017283041769753652,6.108810481146615,0.0,0.03333333333333333,0.5249520945157752,0.031562739056888306,0.0,0.18535605951610945,0.23333333333333334,0.23333333333333334,0.0,1.0,0.008916666666666666,0.0008333333333333333,1.0,0.0,0.08333333333333333,0.008333333333333333,False,
0.8153047955345853,0.046959299202849254,1.184451067743376,1.3568478223735436,0.0477591651991021,0.02029803073797787,9.71403717788263,2.489764782140963,3.7671403104184376,0.4738672137240779,1.6061330751638383,0.17753463543938497,0.2000418627397162,0.25185330838351355,0.6110202784263243,0.16268292829680936,1.7677909899279065,0.5433955450142501,9.350384736975435,8.788849680086994,0.4830058242125792,1.6175280350454657,2.518165075688914,0.7220135997122792,0.31512988341570436,0.10595131346901746,0.2070077449513782,1.3636474371262937,0.3106522580138373,0.1854487758508563,2,93.53333333333333,0.06466666666666666,125.91991313099761,120.42573468482843,11.078565653626375,0.9763915351201631,0.09905161185167716,0.09013013440039491,0.06928001588449637,0.050236145456251054,0.4279954476551936,82.56666666666666,47.43333333333333,0.600121588815768,0.0,0.0,1.1992354171688708,103.41892419409847,0.0,0.9430696596911311,9.468366610233842,0.0,0.06666666666666667,0.9969095278888269,0.03231962815555191,0.0,0.16643945279875502,0.36666666666666664,0.36666666666666664,0.0,1.0,0.009416666666666667,0.0008333333333333333,1.0,0.0,0.09166666666666666,0.008333333333333333,False,
0.8395656271086853,0.09012639699751086,1.1905859758927655,1.2401152310399703,0.06124172889352572,0.024742139035375404,10.438897705898171,4.17864703483058,2.5620100944327557,0.6404329592891564,1.567028950871316,0.1692717818074044,0.2712415630537054,0.2657645430295517,0.5578743225254477,0.1179655611473579,1.8117060707105663,0.2568444991694965,8.887902057062039,11.159366973655382,0.39213615283111247,1.0319056299325282,3.294879004340741,0.37254180266450276,0.5834045532426368,0.24324882392172206,0.04990547802661101,2.359790587295914,0.31544101431847305,0.15246554443714436,0,99.13333333333334,0.008666666666666675,124.33435054060915,128.85396396746586,11.80267564101695,1.0686486370570605,0.10625037558649017,0.10981186170708947,-0.029046009014332595,0.0702467389145712,0.455703355380421,101.2,68.53333333333333,0.6837960726361291,0.0,0.0,0.13213680517885842,106.23577147787478,0.0,0.7177308059987281,8.258082074309788,0.0,0.2,3.057444325632013,0.056043653746760645,0.0,1.7041261158671757,0.6666666666666666,0.6666666666666666,0.0,1.0,0.011000000000000001,0.0016666666666666666,1.0,0.0,0.16666666666666666,0.03333333333333333,False,
0.8395656271086853,0.09012639699751086,1.1905859758927655,1.2401152310399703,0.06124172889352572,0.024742139035375404,10.438897705898171,4.17864703483058,2.5620100944327557,0.6404329592891564,1.567028950871316,0.1692717818074044,0.2712415630537054,0.2657645430295517,0.5578743225254477,0.1179655611473579,1.8117060707105663,0.2568444991694965,8.887902057062039,11.159366973655382,0.39213615283111247,1.0319056299325282,3.294879004340741,0.37254180266450276,0.5834045532426368,0.24324882392172206,0.04990547802661101,2.359790587295914,0.31544101431847305,0.15246554443714436,1,97.83333333333333,0.021666666666666685,123.00384435348305,127.86937386872155,11.647899464150889,1.0584227783080828,0.09762646193677674,0.08469603931438874,-0.001226824096399299,0.03619050431274961,0.4347659735684525,101.13333333333334,68.7,0.6862264527760473,0.0,0.0,0.33034201294714605,72.52875957450901,0.0,0.12247532268534637,5.791341924928437,0.0,0.23333333333333334,2.2825474356565336,0.0419729747378719,0.0,1.5405470247868247,0.5,0.5,0.0,1.0,0.011416666666666665,0.0008333333333333333,1.0,0.0,0.21666666666666667,0.025,False,
0.8395656271086853,0.09012639699751086,1.1905859758927655,1.2401152310399703,0.06124172889352572,0.024742139035375404,10.438897705898171,4.17864703483058,2.5620100944327557,0.6404329592891564,1.567028950871316,0.1692717818074044,0.2712415630537054,0.2657645430295517,0.5578743225254477,0.1179655611473579,1.8117060707105663,0.2568444991694965,8.887902057062039,11.159366973655382,0.39213615283111247,1.0319056299325282,3.294879004340741,0.37254180266450276,0.5834045532426368,0.24324882392172206,0.04990547802661101,2.359790587295914,0.31544101431847305,0.15246554443714436,2,97.96666666666667,0.020333333333333353,120.18236609363278,126.53677790738155,11.663773943829465,1.0802054657260467,0.10235965995832555,0.11428480144339594,-0.011061152654752132,0.05842669435888468,0.4389748585379093,99.53333333333333,79.23333333333333,0.8013557318309442,0.0,0.0,0.3100132736888602,86.7639536319822,0.0,0.18372569556174667,5.35692901821254,0.0,0.16666666666666666,2.2771299689953755,0.049729260105332254,0.0,1.585176162807965,0.5,0.5,0.0,1.0,0.011333333333333332,0.0025,1.0,0.0,0.16666666666666666,0.03333333333333333,False,
0.856169942300041,0.05508407885385518,1.1189758638923766,1.2636842865009166,0.04832928700490482,0.02383480690702566,8.681203821458581,2.7236215846975558,2.0174028483550916,0.39185960948310883,1.9610323856523986,0.3567765739583941,0.15470680881136775,0.36142088239658776,0.7431633432527873,0.13455926748174873,2.1005965140730085,0.5299375146077038,9.160099077938703,6.170929980696648,0.3343687797666525,1.1124633705809495,1.3110552270343745,0.6225718024552326,0.614779876166494,0.2867800895230899,0.0944205911129482,2.2611748095982405,0.20256491592382292,0.1508927455844297,0,90.43333333333334,0.09566666666666666,115.90731120445913,111.46251049213065,10.119271729133391,0.9900562732831999,0.111290732849201,0.0913452462707603,0.11737213735988529,0.05368659905690932,0.37271407190919653,89.2,45.7,0.5306894115717555,0.0,0.0,1.4435405994243775,87.1208816675955,0.0,13.871892335511946,11.80600210895503,0.0,0.03333333333333333,0.47629399857201243,0.032080966235533755,0.0,0.6062582574578496,0.1,0.1,0.0,1.0,0.008583333333333333,0.0008333333333333333,1.0,0.0,0.08333333333333333,0.016666666666666666,False,
0.856169942300041,0.05508407885385518,1.1189758638923766,1.2636842865009166,0.04832928700490482,0.02383480690702566,8.681203821458581,2.7236215846975558,2.0174028483550916,0.39185960948310883,1.9610323856523986,0.3567765739583941,0.15470680881136775,0.36142088239658776,0.7431633432527873,0.13455926748174873,2.1005965140730085,0.5299375146077038,9.160099077938703,6.170929980696648,0.3343687797666525,1.1124633705809495,1.3110552270343745,0.6225718024552326,0.614779876166494,0.2867800895230899,0.0944205911129482,2.2611748095982405,0.20256491592382292,0.1508927455844297,1,92.66666666666667,0.0733333333333333,119.35901669718646,113.86797004734532,10.369176338736027,0.9865376050994729,0.10771072365701717,0.09829923378943452,0.06441744727808381,0.05527810057188755,0.3809180406762996,95.73333333333333,66.26666666666667,0.7028774883586785,0.0,0.0,1.1065468009524844,62.218389843227854,3.7007434154171884e-18,3.6026809625877774,7.738440060359185,0.0,0.03333333333333333,0.4403559591192013,0.02964627644398424,0.0,0.5482130163388919,0.16666666666666666,0.16666666666666666,0.0,1.0,0.00875,0.0008333333333333333,1.0,0.0,0.06666666666666667,0.008333333333333333,False,
0.856169942300041,0.05508407885385518,1.1189758638923766,1.2636842865009166,0.04832928700490482,0.02383480690702566,8.681203821458581,2.7236215846975558,2.0174028483550916,0.39185960948310883,1.9610323856523986,0.3567765739583941,0.15470680881136775,0.36142088239658776,0.7431633432527873,0.13455926748174873,2.1005965140730085,0.5299375146077038,9.160099077938703,6.170929980696648,0.3343687797666525,1.1124633705809495,1.3110552270343745,0.6225718024552326,0.614779876166494,0.2867800895230899,0.0944205911129482,2.2611748095982405,0.20256491592382292,0.1508927455844297,2,93.83333333333333,0.06166666666666666,120.50673181906527,117.30309039305867,10.499723522856796,1.0086870562739276,0.1154830001307432,0.11635044448998608,-0.04464294534194495,0.0481224144951097,0.4258256449322898,98.63333333333334,45.333333333333336,0.452567499919617,0.0,0.0,0.9305052644373165,61.42127092412825,1.1102230246251566e-17,3.2928494454232373,8.533327770381755,0.0,0.03333333333333333,0.5307267359354967,0.03866819985136479,0.0,0.47913246829006406,0.03333333333333333,0.03333333333333333,0.0,1.0,0.008416666666666666,0.0008333333333333333,1.0,0.0,0.09166666666666666,0.016666666666666666,False,
0.8682660290513908,0.07860250422140513,1.1787806805694536,1.3721638528207043,0.03528126388344546,0.007886170989693507,9.15011605393914,3.858039023528126,3.4773439210338033,0.6614858485869755,1.586734464693878,0.225711987210717,0.2942046364740938,0.31426791967909473,0.7691412038053946,0.08739956249099008,1.086664177843018,0.48103118840477577,7.241902683152927,5.3020799389119855,0.4397445966218262,1.8193929663608768,3.074058580600976,0.6473620682502701,0.5719692962371403,0.2605645139408127,0.18766951992581205,2.1596837684162464,0.22143007651552976,0.15975389884152527,0,94.8,0.052000000000000005,132.80182009093406,123.74424415896563,11.174840851798418,0.9488719092081955,0.09930040622220336,0.07620051402086533,-0.08225693425183622,0.054567349620534604,0.7121526311597914,100.4,89.63333333333334,0.8941446481505225,0.0,0.0,0.8307202739759314,30.19489063627098,0.0,0.009901911521097,2.3454060893216115,0.0,0.03333333333333333,0.523372734391398,0.03871350056744274,0.0,0.666685452855324,0.1,0.1,0.0,1.0,0.0085,0.0,1.0,0.0,0.1,0.016666666666666666,False,
0.8682660290513908,0.07860250422140513,1.1787806805694536,1.3721638528207043,0.03528126388344546,0.007886170989693507,9.15011605393914,3.858039023528126,3.4773439210338033,0.6614858485869755,1.586734464693878,0.225711987210717,0.2942046364740938,0.31426791967909473,0.7691412038053946,0.08739956249099008,1.086664177843018,0.48103118840477577,7.241902683152927,5.3020799389119855,0.4397445966218262,1.8193929663608768,3.074058580600976,0.6473620682502701,0.5719692962371403,0.2605645139408127,0.18766951992581205,2.1596837684162464,0.22143007651552976,0.15975389884152527,1,94.3,0.057,130.5945091225596,120.99700565803576,11.115901817769945,0.9447740781628376,0.09592758191576332,0.07725508607582693,0.09180946670365044,0.05274121640265876,0.6169679343106359,101.3,77.96666666666667,0.772538127634316,0.0,0.0,0.910597223396694,64.06890582615179,0.0,0.1577896332157058,6.63405903339951,0.0,0.03333333333333333,0.47808804570519053,0.03353803630457578,0.0,0.8966287249397115,0.13333333333333333,0.13333333333333333,0.0,1.0,0.008666666666666666,0.0,1.0,0.0,0.09166666666666666,0.016666666666666666,False,
0.8682660290513908,0.07860250422140513,1.1787806805694536,1.3721638528207043,0.03528126388344546,0.007886170989693507,9.15011605393914,3.858039023528126,3.4773439210338033,0.6614858485869755,1.586734464693878,0.225711987210717,0.2942046364740938,0.31426791967909473,0.7691412038053946,0.08739956249099008,1.086664177843018,0.48103118840477577,7.241902683152927,5.3020799389119855,0.4397445966218262,1.8193929663608768,3.074058580600976,0.6473620682502701,0.5719692962371403,0.2605645139408127,0.18766951992581205,2.1596837684162464,0.22143007651552976,0.15975389884152527,2,97.23333333333333,0.02766666666666669,132.87137599420493,123.84632869744311,11.461677484070321,0.9554410800248865,0.09185692896282478,0.09761373088143203,0.06631253159929472,0.022437836649705147,0.6105803293498813,92.96666666666667,77.83333333333333,0.8371723911870245,0.0,0.0,0.4419857867948867,77.06800810299772,0.0,0.37069324196198417,6.528018981391281,0.0,0.03333333333333333,0.4278348016930135,0.04018276662940808,0.0,0.559954071728129,0.13333333333333333,0.13333333333333333,0.0,1.0,0.008583333333333333,0.0,1.0,0.0,0.10833333333333334,0.016666666666666666,False,
0.7162878240265883,0.05842783761977274,1.0640051398114485,1.3784626048451631,0.03198645717012482,0.009595949854888666,6.939463521421089,3.1698647907674804,2.4753983340989727,0.5015972552184161,1.7601983327256114,0.11458170802959644,0.18314631665608466,0.33816282059707303,0.6832221759043744,0.10579084940372707,2.3589787982176036,0.4758262430172435,7.489984390891122,10.365438427521305,0.41614291622805677,1.507472066644611,1.6370586615673393,0.5433864342063062,0.3410446966078435,0.2772074849849657,0.1285808900614157,1.7229061141165058,0.12170441324721859,0.1628578490800656,0,95.56666666666666,0.04433333333333337,134.8510268891426,108.7449414628777,10.16834245279808,0.823296621562963,0.061292288316828175,0.06742262497330195,0.04672347443252447,0.008336452152186398,0.33868152936251605,101.73333333333333,101.73333333333333,1.0,0.0,0.0,0.7220031309216242,57.047520287545616,0.0,0.0,4.8800041116909805,0.0,0.03333333333333333,0.2831299009171446,0.005052746878390663,0.0,0.0,0.1,0.1,0.0,1.0,0.0045000000000000005,0.0,1.0,0.0,0.058333333333333334,0.0,False,
0.7162878240265883,0.05842783761977274,1.0640051398114485,1.3784626048451631,0.03198645717012482,0.009595949854888666,6.939463521421089,3.1698647907674804,2.4753983340989727,0.5015972552184161,1.7601983327256114,0.11458170802959644,0.18314631665608466,0.33816282059707303,0.6832221759043744,0.10579084940372707,2.3589787982176036,0.4758262430172435,7.489984390891122,10.365438427521305,0.41614291622805677,1.507472066644611,1.6370586615673393,0.5433864342063062,0.3410446966078435,0.2772074849849657,0.1285808900614157,1.7229061141165058,0.12170441324721859,0.1628578490800656,1,92.16666666666667,0.07833333333333331,129.8944967465257,105.0602687256224,9.806580705262185,0.8266520605705697,0.06648550928341777,0.06987273946605668,-0.002821048957340251,0.01237078280791286,0.3534518525823246,106.73333333333333,95.93333333333334,0.9006807565205919,0.0,0.0,1.2757198177938465,49.91027974345518,0.0,0.5852745706047955,3.154103464327003,0.0,0.06666666666666667,0.5893369773177106,0.005995114385581951,0.0,0.0,0.2,0.2,0.0,1.0,0.004916666666666666,0.0,1.0,0.0,0.075,0.0,False,
0.7162878240265883,0.05842783761977274,1.0640051398114485,1.3784626048451631,0.03198645717012482,0.009595949854888666,6.939463521421089,3.1698647907674804,2.4753983340989727,0.5015972552184161,1.7601983327256114,0.11458170802959644,0.18314631665608466,0.33816282059707303,0.6832221759043744,0.10579084940372707,2.3589787982176036,0.4758262430172435,7.489984390891122,10.365438427521305,0.41614291622805677,1.507472066644611,1.6370586615673393,0.5433864342063062,0.3410446966078435,0.2772074849849657,0.1285808900614157,1.7229061141165058,0.12170441324721859,0.1628578490800656,2,96.86666666666666,0.03133333333333336,134.4689001738889,110.64937151758798,10.306663120973566,0.8363416973191022,0.06573961411406996,0.06708847638098273,0.03385920740226884,0.005594964222762744,0.34136316213358125,105.9,105.9,1.0,0.0,0.0,0.5102879271175388,41.510631679038234,0.0,0.0,3.5630721436572586,0.0,0.03333333333333333,0.30666108156355876,0.00528832430626426,0.0,0.0,0.1,0.1,0.0,1.0,0.00475,0.0,1.0,0.0,0.06666666666666667,0.0,False,
0.865504743971357,0.041383475295086555,1.0323884646505008,1.2016800784165305,0.027216521900815235,0.006466723605211549,10.954153640455386,2.8695692662954015,3.799088660023287,0.6726289793024953,2.3742336327988895,0.3876938298241015,0.2225554778216633,0.14863335778280376,0.7292666932542392,0.14506518384464584,1.1987977717275184,0.5574257296246241,7.339736175298494,5.4685361196785305,0.2699602999982291,1.2488282246973421,2.419590508570783,0.554108945594902,0.39571906140178814,0.09276930419830534,0.2059225488233323,1.4830958357022268,0.11143814623833953,0.0911957291400976,0,93.13333333333334,0.0686666666666667,110.64776494861127,105.27209425354957,9.614977900778332,0.9760130126059863,0.129053052851175,0.08462534768504137,0.08378347419115625,0.012660332443018152,0.5883612767519392,103.53333333333333,50.666666666666664,0.48967363859319407,0.0,0.0,0.6262106734286703,41.68886179382359,0.0,0.0,3.985832031593871,0.0,0.0,0.0,0.019449041119453548,0.0,0.0,0.0,0.0,0.0,1.0,0.006333333333333333,0.0008333333333333333,1.0,0.0,0.10833333333333334,0.0,False,
0.865504743971357,0.041383475295086555,1.0323884646505008,1.2016800784165305,0.027216521900815235,0.006466723605211549,10.954153640455386,2.8695692662954015,3.799088660023287,0.6726289793024953,2.3742336327988895,0.3876938298241015,0.2225554778216633,0.14863335778280376,0.7292666932542392,0.14506518384464584,1.1987977717275184,0.5574257296246241,7.339736175298494,5.4685361196785305,0.2699602999982291,1.2488282246973421,2.419590508570783,0.554108945594902,0.39571906140178814,0.09276930419830534,0.2059225488233323,1.4830958357022268,0.11143814623833953,0.0911957291400976,1,97.3,0.026999999999999993,115.9418355756032,110.29090300659524,10.04513976104937,0.9800075946828222,0.13457551570721843,0.08902635443474312,-0.12645526746305175,0.009497191058757995,0.6890198955777026,103.9,57.63333333333333,0.5547554047047566,0.0,0.0,0.24622846867826356,18.50683904699473,0.0,0.0,1.8131225736747887,0.0,0.0,0.0,0.012017017040958823,0.0,0.0,0.0,0.0,0.0,1.0,0.005666666666666666,0.0,1.0,0.0,0.075,0.0,False,
0.865504743971357,0.041383475295086555,1.0323884646505008,1.2016800784165305,0.027216521900815235,0.006466723605211549,10.954153640455386,2.8695692662954015,3.799088660023287,0.6726289793024953,2.3742336327988895,0.3876938298241015,0.2225554778216633,0.14863335778280376,0.7292666932542392,0.14506518384464584,1.1987977717275184,0.5574257296246241,7.339736175298494,5.4685361196785305,0.2699602999982291,1.2488282246973421,2.419590508570783,0.554108945594902,0.39571906140178814,0.09276930419830534,0.2059225488233323,1.4830958357022268,0.11143814623833953,0.0911957291400976,2,93.53333333333333,0.06466666666666666,109.76112725013978,106.16861344207979,9.656273439364352,0.9968987746522907,0.1360480808270159,0.10118607703319639,0.0461727382633441,0.011959084807941266,0.6116166934020713,101.53333333333333,56.4,0.5557509000311073,0.0,0.0,0.5897323817726312,25.195076077451784,0.0,0.0,2.4043914945084803,0.0,0.0,0.0,0.02104665086885247,0.0,0.0,0.0,0.0,0.0,1.0,0.006333333333333333,0.0008333333333333333,1.0,0.0,0.09166666666666666,0.0,False,
0.7374015648714148,0.08196716623606695,1.1126074036098519,1.161837403846657,0.03569373469035823,0.00814247289830072,8.653625575127883,2.39181818873145,4.126623335856281,0.6055717723719949,2.106022868885768,0.2189115055624076,0.18649494900112784,0.2623676172558669,0.776167516864186,0.17080221651231647,2.0860490770697275,0.23981156685816607,5.670922586160662,10.59941132958792,0.3378393091132935,1.3449630041212481,1.395787282031661,0.3768764656102173,0.3234050928924117,0.10402378463788396,0.11198790507510656,2.3318546700443425,0.33323469998143446,0.21123104279907493,0,99.93333333333334,0.0006666666666666673,117.48087661434687,121.17692544337385,11.118656653407792,1.0634039183135557,0.10243201318798807,0.10109244109280421,-0.23146450302798074,0.01149552405804123,0.48811237553232006,107.46666666666667,59.36666666666667,0.552507546097297,0.0,0.0,0.014082069519938328,14.650103142080548,0.0,12.338311310884194,3.5462869825412655,0.0,0.0,0.0,0.0021805438560661776,0.0,0.0,0.0,0.0,0.0,1.0,0.004333333333333333,0.0025,1.0,0.0,0.025,0.0,False,
0.7374015648714148,0.08196716623606695,1.1126074036098519,1.161837403846657,0.03569373469035823,0.00814247289830072,8.653625575127883,2.39181818873145,4.126623335856281,0.6055717723719949,2.106022868885768,0.2189115055624076,0.18649494900112784,0.2623676172558669,0.776167516864186,0.17080221651231647,2.0860490770697275,0.23981156685816607,5.670922586160662,10.59941132958792,0.3378393091132935,1.3449630041212481,1.395787282031661,0.3768764656102173,0.3234050928924117,0.10402378463788396,0.11198790507510656,2.3318546700443425,0.33323469998143446,0.21123104279907493,1,99.76666666666667,0.0023333333333333353,118.7665602990073,119.76878184679303,11.10011319668096,1.0354889545095902,0.07551106148490115,0.09328987819979323,-0.2018737360338155,0.016114657113805497,0.4717347395037113,106.16666666666667,62.9,0.5917460231337853,0.0,0.0,0.04928724331978415,29.33004215850543,0.07878506535512592,4.548061082563765,4.159825403764583,0.0,0.0,0.0,0.00146796862376297,0.0,0.0,0.0,0.0,0.0,1.0,0.00625,0.003333333333333333,1.0,0.0,0.016666666666666666,0.0,False,
0.7374015648714148,0.08196716623606695,1.1126074036098519,1.161837403846657,0.03569373469035823,0.00814247289830072,8.653625575127883,2.39181818873145,4.126623335856281,0.6055717723719949,2.106022868885768,0.2189115055624076,0.18649494900112784,0.2623676172558669,0.776167516864186,0.17080221651231647,2.0860490770697275,0.23981156685816607,5.670922586160662,10.59941132958792,0.3378393091132935,1.3449630041212481,1.395787282031661,0.3768764656102173,0.3234050928924117,0.10402378463788396,0.11198790507510656,2.3318546700443425,0.33323469998143446,0.21123104279907493,2,99.16666666666667,0.00833333333333334,113.17323960470557,121.38530986800923,11.033356752464368,1.097230515327767,0.12234348204416126,0.09937437736611102,-0.022877155062471764,0.007934556596439308,0.3978102123471616,106.13333333333334,64.26666666666667,0.6055106039359256,0.0,0.0,0.17602586899922915,1.0156129866205186,0.0,6.793691072816985,1.118776923095676,0.0,0.0,0.0,0.009759367641753225,0.0,0.0,0.0,0.0,0.0,1.0,0.0055000000000000005,0.003333333333333333,1.0,0.0,0.08333333333333333,0.0,False,
0.6617623351505036,0.04346396243637116,1.0988015149989787,1.333404988838703,0.03427210169555764,0.02043686386197664,7.1915115167374815,4.214493254768168,4.018333392408177,0.6311150788578938,1.5139458020667784,0.20718512282658041,0.14697974766863223,0.1738717442874139,0.718511842649642,0.07768459817309058,2.0240445005224856,0.5649079085439543,8.533246728579456,4.972240378570444,0.3875997052869373,1.7586646329130755,2.014941989612581,0.5360463378159523,0.2924224852302145,0.08582505180140067,0.2529918066205105,1.67535862363589,0.20421103988643902,0.11711594290456001,0,98.6,0.014000000000000005,129.73214837549455,118.39677895822264,10.83418293788993,0.9291133278623277,0.12193317355804195,0.07700036754501396,-0.17006168258787333,0.02245943852817249,0.4728145346773705,104.2,68.86666666666666,0.6617286388261602,0.0,0.0,0.16396232006638403,38.438447838181574,0.0,1.7421409979408862,5.736493982890036,0.0,0.03333333333333333,0.418197526532073,0.012840254720891387,0.0,0.0,0.06666666666666667,0.06666666666666667,0.0,1.0,0.0055000000000000005,0.0,1.0,0.0,0.13333333333333333,0.0,False,
0.6617623351505036,0.04346396243637116,1.0988015149989787,1.333404988838703,0.03427210169555764,0.02043686386197664,7.1915115167374815,4.214493254768168,4.018333392408177,0.6311150788578938,1.5139458020667784,0.20718512282658041,0.14697974766863223,0.1738717442874139,0.718511842649642,0.07768459817309058,2.0240445005224856,0.5649079085439543,8.533246728579456,4.972240378570444,0.3875997052869373,1.7586646329130755,2.014941989612581,0.5360463378159523,0.2924224852302145,0.08582505180140067,0.2529918066205105,1.67535862363589,0.20421103988643902,0.11711594290456001,1,97.46666666666667,0.025333333333333333,126.8933543211788,117.47993811330151,10.70965209952338,0.9390820162958657,0.13635526047742305,0.0664013681001872,-0.18093586499475758,0.027788388165409753,0.4896905172756606,101.26666666666667,57.46666666666667,0.5656933804061274,0.0,0.0,0.29669372202488536,44.76696870039958,0.0,1.0503865698328243,6.435411596729578,0.0,0.06666666666666667,0.5895861263076128,0.019571401604650682,0.0,0.0,0.13333333333333333,0.13333333333333333,0.0,1.0,0.006583333333333333,0.0,1.0,0.0,0.175,0.0,False,
0.6617623351505036,0.04346396243637116,1.0988015149989787,1.333404988838703,0.03427210169555764,0.02043686386197664,7.1915115167374815,4.214493254768168,4.018333392408177,0.6311150788578938,1.5139458020667784,0.20718512282658041,0.14697974766863223,0.1738717442874139,0.718511842649642,0.07768459817309058,2.0240445005224856,0.5649079085439543,8.533246728579456,4.972240378570444,0.3875997052869373,1.7586646329130755,2.014941989612581,0.5360463378159523,0.2924224852302145,0.08582505180140067,0.2529918066205105,1.67535862363589,0.20421103988643902,0.11711594290456001,2,99.73333333333333,0.002666666666666669,131.00397917316428,119.5555793567216,10.958713776256479,0.9254894428139224,0.10487855594577715,0.07232148136622446,-0.2007561886253459,0.025351171062768196,0.48817725492228514,102.06666666666666,58.4,0.5750027696087713,0.0,0.0,0.03123091810788268,50.00020771873189,0.0,1.7288178600197481,7.223653886634812,0.0,0.1,0.9975726835153417,0.0109973847283663,0.0,0.0,0.23333333333333334,0.23333333333333334,0.0,1.0,0.005333333333333333,0.0,1.0,0.0,0.14166666666666666,0.0,False,
0.7763029787391466,0.06153066057771499,1.1866674083130753,1.0991083699173143,0.03691805134386273,0.008462687992369468,11.289804596979184,2.386594182575162,2.963503780596445,0.7083406159187353,2.3227527646750206,0.2719842071449807,0.1352574497201976,0.1859052520117824,0.6871505885939735,0.08527922783312827,1.282345537103065,0.4227172647798832,5.306075636027604,8.453158671950359,0.4072897033624046,0.9635335340094547,2.410476644149429,0.28734377441255304,0.4992486303597227,0.11610927216312772,0.21925023633460172,1.8870699854734865,0.2798075725007167,0.12919641279642108,0,92.83333333333333,0.07166666666666668,105.63544840798696,123.12211993416226,11.016229107173046,1.2237229011693709,0.12366544416848717,0.1312885531876443,-0.03096326113265102,0.052232517696127134,0.6861440985282214,104.66666666666667,38.733333333333334,0.3684817758843822,0.0,0.0,0.925907625041018,83.73929613963816,0.0,1.4874287063249836,8.591601171207374,0.0,0.03333333333333333,0.5180249264343494,0.07451562268395202,0.0,0.736247664630776,0.06666666666666667,0.06666666666666667,0.0,1.0,0.0085,0.01,1.0,0.0,0.11666666666666667,0.041666666666666664,False,
0.7763029787391466,0.06153066057771499,1.1866674083130753,1.0991083699173143,0.03691805134386273,0.008462687992369468,11.289804596979184,2.386594182575162,2.963503780596445,0.7083406159187353,2.3227527646750206,0.2719842071449807,0.1352574497201976,0.1859052520117824,0.6871505885939735,0.08527922783312827,1.282345537103065,0.4227172647798832,5.306075636027604,8.453158671950359,0.4072897033624046,0.9635335340094547,2.410476644149429,0.28734377441255304,0.4992486303597227,0.11610927216312772,0.21925023633460172,1.8870699854734865,0.2798075725007167,0.12919641279642108,1,88.33333333333333,0.11666666666666665,101.05482959664276,116.42834920279965,10.482228773432164,1.2192936744334018,0.11942592652985563,0.15262950323256028,0.1866483309918881,0.006983910396572426,0.49999015680252235,105.6,61.06666666666667,0.5783647351981861,0.0,0.0,1.507291482624913,8.064394007035663,0.0,10.172860810752708,1.9308468993970762,0.0,0.0,0.0,0.07950124957142188,0.0,0.6810991505375721,0.0,0.0,0.0,1.0,0.008416666666666666,0.01,1.0,0.0,0.11666666666666667,0.058333333333333334,False,
0.7763029787391466,0.06153066057771499,1.1866674083130753,1.0991083699173143,0.03691805134386273,0.008462687992369468,11.289804596979184,2.386594182575162,2.963503780596445,0.7083406159187353,2.3227527646750206,0.2719842071449807,0.1352574497201976,0.1859052520117824,0.6871505885939735,0.08527922783312827,1.282345537103065,0.4227172647798832,5.306075636027604,8.453158671950359,0.4072897033624046,0.9635335340094547,2.410476644149429,0.28734377441255304,0.4992486303597227,0.11610927216312772,0.21925023633460172,1.8870699854734865,0.2798075725007167,0.12919641279642108,2,90.7,0.09300000000000004,101.0119073683773,119.23606537785153,10.76307339339959,1.2150907834814446,0.1005682461355408,0.1184273965955053,0.06794067545904059,0.04729102190542616,0.6314269649482536,104.43333333333334,49.36666666666667,0.4705810406591776,0.0,0.0,1.2015266390067156,82.77906480789446,0.0,1.7387678860966411,7.816714892947413,0.0,0.03333333333333333,0.3997232380361595,0.036364526201618876,0.0,0.8469391624817427,0.06666666666666667,0.06666666666666667,0.0,1.0,0.008416666666666666,0.005,1.0,0.0,0.09166666666666666,0.025,False,
0.7569669079603777,0.07851759186615545,1.0721829038256678,1.1745483892581365,0.06207949828864202,0.013102212384249655,8.593241327660676,3.974412139194632,3.6709197839257977,0.5364429221492586,1.4082097450316944,0.1005243278688489,0.15978010471702656,0.2855165609339871,0.5804252240017929,0.13359678421649523,1.5140723881956772,0.2904764778965892,6.910081152176085,4.906352663128237,0.3241309227115804,1.840452658978797,0.8074487190547428,0.49284379283647506,0.3548852453401415,0.1630547587251297,0.13991882401518627,1.549917109041382,0.36608596324855824,0.12627847745454074,0,98.0,0.020000000000000018,117.17940325131666,114.72891335775702,10.507392457491546,1.0021377547382395,0.09030125005983854,0.09226973675338504,0.00226457077718901,0.05586974294745014,0.5012316182714703,102.4,78.8,0.7772948908915942,0.0,0.0,0.25255695490908153,60.98351134488664,0.0,0.08355262791336009,5.377084812013764,0.0,0.16666666666666666,1.9685003626210795,0.03704210022095855,0.0,0.8231879888869358,0.5333333333333333,0.5333333333333333,0.0,1.0,0.01,0.0,1.0,0.0,0.15,0.016666666666666666,False,
0.7569669079603777,0.07851759186615545,1.0721829038256678,1.1745483892581365,0.06207949828864202,0.013102212384249655,8.593241327660676,3.974412139194632,3.6709197839257977,0.5364429221492586,1.4082097450316944,0.1005243278688489,0.15978010471702656,0.2855165609339871,0.5804252240017929,0.13359678421649523,1.5140723881956772,0.2904764778965892,6.910081152176085,4.906352663128237,0.3241309227115804,1.840452658978797,0.8074487190547428,0.49284379283647506,0.3548852453401415,0.1630547587251297,0.13991882401518627,1.549917109041382,0.36608596324855824,0.12627847745454074,1,95.33333333333333,0.04666666666666668,114.44833306621754,110.1093611870424,10.221477016471367,0.9870849146041581,0.07540985242754993,0.09366292307243151,0.1937992422897295,0.06678964034094845,0.44648269967689264,100.9,72.03333333333333,0.7187048790436622,0.0,0.0,0.5892995614545236,60.47906997616743,0.0,18.65123470852594,8.065339812253312,0.0,0.1,1.4446741168206099,0.04403056819393236,0.0,0.8674393826467266,0.36666666666666664,0.36666666666666664,0.0,1.0,0.009083333333333334,0.0,1.0,0.0,0.13333333333333333,0.016666666666666666,False,
0.7569669079603777,0.07851759186615545,1.0721829038256678,1.1745483892581365,0.06207949828864202,0.013102212384249655,8.593241327660676,3.974412139194632,3.6709197839257977,0.5364429221492586,1.4082097450316944,0.1005243278688489,0.15978010471702656,0.2855165609339871,0.5804252240017929,0.13359678421649523,1.5140723881956772,0.2904764778965892,6.910081152176085,4.906352663128237,0.3241309227115804,1.840452658978797,0.8074487190547428,0.49284379283647506,0.3548852453401415,0.1630547587251297,0.13991882401518627,1.549917109041382,0.36608596324855824,0.12627847745454074,2,97.1,0.02900000000000002,114.5674725939771,114.55534118127073,10.410895996147234,1.0186620479400283,0.09310641733580699,0.09383275591504632,-0.003855800713899332,0.04200529210275531,0.5030936022109982,99.7,64.3,0.6507089368471007,0.0,0.0,0.3662075846181682,58.09114926943683,0.0,0.20300850914218696,5.901697949238882,0.0,0.16666666666666666,1.948664567988066,0.05494984867689226,0.0,0.8758474236749353,0.4666666666666667,0.4666666666666667,0.0,1.0,0.010083333333333333,0.0008333333333333333,1.0,0.0,0.15833333333333333,0.03333333333333333,False,
0.7871412068006688,0.04902779629905535,1.1052720364187076,1.3742631030281496,0.038463352984716745,0.02287031217967195,10.13208451284812,2.431753056949951,3.3834261300502435,0.5669631998626151,1.5952146689550273,0.164764494710905,0.2888427552638302,0.2690123593564544,0.6352128251661731,0.0949575534656972,1.0558131558557515,0.3854131848590902,6.640062886615554,10.09236192994601,0.49114079363328944,1.7669722499751426,2.1450402402642927,0.34543382519964394,0.6047862084186929,0.18605293958940256,0.12045471473699473,1.8403496826892116,0.1708272600066421,0.22656218704317527,0,90.3,0.097,120.55731312269954,109.60209245399565,9.980606488860934,0.9217592812460891,0.14109166076602067,0.06572928170328271,-0.021719963801046637,0.04144161267051156,0.8028954087031959,97.73333333333333,44.6,0.4592538603194125,0.0,0.0,2.1976532143187995,84.04327283103203,0.0,0.0,8.28085688784766,0.0,0.0,0.0,0.0029146810920664544,0.0,0.0,0.06666666666666667,0.06666666666666667,0.0,1.0,0.0035833333333333333,0.0,1.0,0.0,0.025,0.0,False,
0.7871412068006688,0.04902779629905535,1.1052720364187076,1.3742631030281496,0.038463352984716745,0.02287031217967195,10.13208451284812,2.431753056949951,3.3834261300502435,0.5669631998626151,1.5952146689550273,0.164764494710905,0.2888427552638302,0.2690123593564544,0.6352128251661731,0.0949575534656972,1.0558131558557515,0.3854131848590902,6.640062886615554,10.09236192994601,0.49114079363328944,1.7669722499751426,2.1450402402642927,0.34543382519964394,0.6047862084186929,0.18605293958940256,0.12045471473699473,1.8403496826892116,0.1708272600066421,0.22656218704317527,1,100.0,0.0,137.2312390779033,119.82117034020987,11.052720364187072,0.8830790272004497,0.09520920445741551,0.05724842798029731,0.023603971913698778,0.005219061849150233,0.6371284033357473,106.23333333333333,68.16666666666667,0.641870922235937,0.0,0.0,0.0,32.13858937620952,0.0,0.41404192430905806,3.3869081409141177,0.0,0.0,0.0,0.0032678914544925545,0.0,0.0,0.0,0.0,0.0,1.0,0.00375,0.0,1.0,0.0,0.03333333333333333,0.0,False,
0.7871412068006688,0.04902779629905535,1.1052720364187076,1.3742631030281496,0.038463352984716745,0.02287031217967195,10.13208451284812,2.431753056949951,3.3834261300502435,0.5669631998626151,1.5952146689550273,0.164764494710905,0.2888427552638302,0.2690123593564544,0.6352128251661731,0.0949575534656972,1.0558131558557515,0.3854131848590902,6.640062886615554,10.09236192994601,0.49114079363328944,1.7669722499751426,2.1450402402642927,0.34543382519964394,0.6047862084186929,0.18605293958940256,0.12045471473699473,1.8403496826892116,0.1708272600066421,0.22656218704317527,2,98.66666666666667,0.013333333333333345,134.77966306781428,118.84704218118304,10.90535075933125,0.8924818534271558,0.09212441057580018,0.06306227771558073,-0.03616031473350007,0.00590919171276482,0.6600709989256459,104.9,83.36666666666666,0.7943995062762238,0.0,0.0,0.302082916057567,19.616563216970267,0.0,0.0,1.8052244460480513,0.0,0.0,0.0,0.002661914336546643,0.0,0.0,0.0,0.0,0.0,1.0,0.0035833333333333333,0.0,1.0,0.0,0.025,0.0,False,
0.7592225759538177,0.06619905748104887,1.040970195004054,1.2274580845381355,0.04082688398851929,0.020695497402051902,9.176557820308092,3.610696240239389,3.346048800984798,0.5933711056450005,2.456705008641061,0.16032883823160277,0.2526766422950124,0.21467080039071998,0.5422500199526549,0.10239694826304382,2.28338513416601,0.48838914150793256,6.765017701679497,4.8319920429901435,0.45279353889529184,1.2589100851240425,2.4820178777634276,0.4463791130686623,0.5587299844103574,0.2923221948968087,0.15603807794343302,1.575543727914465,0.32141885879234616,0.1543433134718859,0,90.1,0.099,114.1318030157476,103.10384738985472,9.379141456986526,0.9320169327505246,0.09230099980086018,0.08038430987347442,0.10612430002491943,0.04290549047059402,0.3389945112563361,98.8,92.3,0.9347079037800687,0.0,0.0,1.5279988033716705,48.90957988172177,0.0,0.007429564131048175,3.5104120295375,0.0,0.03333333333333333,0.3937796059420959,0.043212748722526784,0.0,0.4614945534398192,0.1,0.1,0.0,1.0,0.0085,0.0016666666666666666,1.0,0.0,0.1,0.008333333333333333,False,
0.7592225759538177,0.06619905748104887,1.040970195004054,1.2274580845381355,0.04082688398851929,0.020695497402051902,9.176557820308092,3.610696240239389,3.346048800984798,0.5933711056450005,2.456705008641061,0.16032883823160277,0.2526766422950124,0.21467080039071998,0.5422500199526549,0.10239694826304382,2.28338513416601,0.48838914150793256,6.765017701679497,4.8319920429901435,0.45279353889529184,1.2589100851240425,2.4820178777634276,0.4463791130686623,0.5587299844103574,0.2923221948968087,0.15603807794343302,1.575543727914465,0.32141885879234616,0.1543433134718859,1,91.13333333333334,0.08866666666666669,117.6428380269342,107.77615571872033,9.486708377136946,0.9535803396505621,0.11780246105884205,0.09491850657346289,-0.06914446744760636,0.04767100325869533,0.41217444401255304,100.36666666666666,68.06666666666666,0.6804354462859192,0.0,0.0,1.3685107127840552,39.9586965946258,0.0,1.2507599578336255,5.513013081566933,0.0,0.03333333333333333,0.5403560186547527,0.038560721261592455,0.0,0.6686648114612813,0.03333333333333333,0.03333333333333333,0.0,1.0,0.008166666666666666,0.0008333333333333333,1.0,0.0,0.075,0.016666666666666666,False,
0.7592225759538177,0.06619905748104887,1.040970195004054,1.2274580845381355,0.04082688398851929,0.020695497402051902,9.176557820308092,3.610696240239389,3.346048800984798,0.5933711056450005,2.456705008641061,0.16032883823160277,0.2526766422950124,0.21467080039071998,0.5422500199526549,0.10239694826304382,2.28338513416601,0.48838914150793256,6.765017701679497,4.8319920429901435,0.45279353889529184,1.2589100851240425,2.4820178777634276,0.4463791130686623,0.5587299844103574,0.2923221948968087,0.15603807794343302,1.575543727914465,0.32141885879234616,0.1543433134718859,2,94.3,0.057000000000000016,116.8561979651319,107.7920163998276,9.81634893888823,0.9544098773780348,0.1022091129356555,0.09895612882916398,-0.025816139167437212,0.08494474281779624,0.3749619459722899,97.66666666666667,63.3,0.6509393110879717,0.0,0.0,0.8797568867897496,66.14815052616188,0.0,0.28273073248409614,7.2996166189507585,0.0,0.13333333333333333,1.3408615070887935,0.060001009937690315,0.0,0.35977335059240156,0.36666666666666664,0.36666666666666664,0.0,1.0,0.009250000000000001,0.0025,1.0,0.0,0.15833333333333333,0.03333333333333333,False,
0.7547650845364328,0.09446838773485279,1.1593532824615027,1.180597422575706,0.05720730243287494,0.023379300542758875,8.046491285177252,4.4326530716405586,3.872686851088769,0.669293872017896,2.3646247188154943,0.15133683771503953,0.2568640315330491,0.19197918152562715,0.7545099026528759,0.19068325643507103,2.23485595460716,0.2654217912178742,6.405780903061699,9.44073991326982,0.4340398200667417,1.3343461987021157,2.625555339468772,0.5328999205739443,0.6278353377558895,0.08273438203975117,0.14574744194632844,1.264566819240973,0.34285541965294797,0.11285159210534615,0,92.06666666666666,0.0793333333333333,110.13449818725651,118.0282170031042,10.673779220528905,1.1150043438552746,0.1267413518000786,0.11183595038664211,0.16465925203256976,0.044510919982071115,0.3230712191003644,99.5,69.43333333333334,0.7018888602868181,0.0,0.0,0.8952892973690795,62.6908022922027,0.0,0.016754505919122094,6.487275240790596,0.0,0.2,2.0523015154476076,0.048959981650971034,0.0,0.7719839404423812,0.4666666666666667,0.4666666666666667,0.0,1.0,0.009000000000000001,0.0016666666666666666,1.0,0.0,0.21666666666666667,0.016666666666666666,False,
0.7547650845364328,0.09446838773485279,1.1593532824615027,1.180597422575706,0.05720730243287494,0.023379300542758875,8.046491285177252,4.4326530716405586,3.872686851088769,0.669293872017896,2.3646247188154943,0.15133683771503953,0.2568640315330491,0.19197918152562715,0.7545099026528759,0.19068325643507103,2.23485595460716,0.2654217912178742,6.405780903061699,9.44073991326982,0.4340398200667417,1.3343461987021157,2.625555339468772,0.5328999205739443,0.6278353377558895,0.08273438203975117,0.14574744194632844,1.264566819240973,0.34285541965294797,0.11285159210534615,1,92.33333333333333,0.07666666666666665,108.7957828695341,118.05607936897846,10.704695308061208,1.1221556215071586,0.1362094790049749,0.10603509865938847,0.147201270348384,0.03692562841458592,0.3288666073195396,98.63333333333334,66.03333333333333,0.6761664502839947,0.0,0.0,0.8651955394743205,62.12481904790419,0.09446281004239993,0.04524692731052886,6.917830049884495,0.0,0.16666666666666666,2.0388548342725037,0.049070777835957,0.0,0.8510110797863587,0.43333333333333335,0.43333333333333335,0.0,1.0,0.009416666666666667,0.0008333333333333333,1.0,0.0,0.15,0.025,False,
0.7547650845364328,0.09446838773485279,1.1593532824615027,1.180597422575706,0.05720730243287494,0.023379300542758875,8.046491285177252,4.4326530716405586,3.872686851088769,0.669293872017896,2.3646247188154943,0.15133683771503953,0.2568640315330491,0.19197918152562715,0.7545099026528759,0.19068325643507103,2.23485595460716,0.2654217912178742,6.405780903061699,9.44073991326982,0.4340398200667417,1.3343461987021157,2.625555339468772,0.5328999205739443,0.6278353377558895,0.08273438203975117,0.14574744194632844,1.264566819240973,0.34285541965294797,0.11285159210534615,2,92.93333333333334,0.07066666666666661,109.3841998926318,118.1568730570432,10.774256505008898,1.1121705169027587,0.10978335702647173,0.1055013470007927,0.2293381945949288,0.010086569719061973,0.31348108487658194,104.9,104.9,1.0,0.0,0.0,0.7974845842111127,6.965129857328862,0.0,17.263935514048924,1.62249460028211,0.0,0.0,0.0,0.050463726986119305,0.0,0.9347836335718699,0.0,0.0,0.0,1.0,0.007916666666666666,0.0025,1.0,0.0,0.125,0.03333333333333333,False,
0.7611852673403469,0.05340564517899378,1.2039170676214261,1.2823758516857835,0.04578335249550444,0.016827840778489693,8.823534975929693,4.344746745778368,2.8872306435130626,0.48916506562983175,1.6278090321619487,0.2415908025465206,0.2504704499526521,0.18127974397661342,0.691684911651091,0.11637459090030072,1.3364851568236968,0.28700983394988083,5.829163261578444,6.692736947445564,0.5384058793249094,1.1092371251506548,1.6914003382746632,0.42732862393201193,0.62663847123661,0.21332042128608017,0.13243185886066822,1.1284262127948796,0.19546635339100477,0.17992463696361688,0,92.06666666666666,0.07933333333333333,118.13699156271805,121.17975667161978,11.084063135901266,1.0516216928304623,0.11331148477263214,0.09983377537726439,0.21581396759789098,0.04436174547216808,0.47463980569585296,99.46666666666667,74.56666666666666,0.7550400077871307,0.0,0.0,1.4274021199113607,67.7813664743979,0.0,0.3724966174725417,6.093305260313974,0.0,0.06666666666666667,1.1584575742336176,0.060995807345284335,0.0,0.6902066038756286,0.26666666666666666,0.26666666666666666,0.0,1.0,0.009083333333333334,0.0,1.0,0.0,0.2,0.025,False,
0.7611852673403469,0.05340564517899378,1.2039170676214261,1.2823758516857835,0.04578335249550444,0.016827840778489693,8.823534975929693,4.344746745778368,2.8872306435130626,0.48916506562983175,1.6278090321619487,0.2415908025465206,0.2504704499526521,0.18127974397661342,0.691684911651091,0.11637459090030072,1.3364851568236968,0.28700983394988083,5.829163261578444,6.692736947445564,0.5384058793249094,1.1092371251506548,1.6914003382746632,0.42732862393201193,0.62663847123661,0.21332042128608017,0.13243185886066822,1.1284262127948796,0.19546635339100477,0.17992463696361688,1,94.93333333333334,0.05066666666666667,124.85060233662391,126.6701779462401,11.429186028619405,1.0478236416764064,0.10966505219530408,0.113050800828638,0.0974182788484499,0.07718567767931739,0.523952668941906,101.53333333333333,74.06666666666666,0.7322248004967545,0.0,0.0,0.9116181606156588,63.06480269998469,3.7007434154171884e-18,3.4721209548723655,7.059520966363723,0.0,0.1,1.52223278261435,0.05945458039154481,0.0,0.7201663225682625,0.3333333333333333,0.3333333333333333,0.0,1.0,0.009083333333333334,0.0,1.0,0.0,0.19166666666666668,0.025,False,
0.7611852673403469,0.05340564517899378,1.2039170676214261,1.2823758516857835,0.04578335249550444,0.016827840778489693,8.823534975929693,4.344746745778368,2.8872306435130626,0.48916506562983175,1.6278090321619487,0.2415908025465206,0.2504704499526521,0.18127974397661342,0.691684911651091,0.11637459090030072,1.3364851568236968,0.28700983394988083,5.829163261578444,6.692736947445564,0.5384058793249094,1.1092371251506548,1.6914003382746632,0.42732862393201193,0.62663847123661,0.21332042128608017,0.13243185886066822,1.1284262127948796,0.19546635339100477,0.17992463696361688,2,92.66666666666667,0.0733333333333333,116.31639432606812,121.65229053234414,11.156298159958556,1.0725516921426603,0.12038752563029693,0.11027285323543742,0.1940098915913589,0.03866414891834826,0.4875134212312821,101.36666666666666,85.86666666666666,0.8462425065635816,0.0,0.0,1.3194473377331903,67.30365330617914,0.0,0.17866946272870696,6.0603046779141385,0.0,0.03333333333333333,0.35071243708193384,0.0666437195545853,0.0,0.38719105799125253,0.13333333333333333,0.13333333333333333,0.0,1.0,0.008666666666666666,0.0,1.0,0.0,0.175,0.03333333333333333,False,
0.774682039046558,0.057852869711463,1.0628191283064092,1.2137689045423112,0.033702986090850214,0.013965409483708932,10.632344185990917,3.376351043860926,3.8441691149295902,0.585670414589798,1.9738714538807325,0.16643680059467741,0.2259636842259659,0.2814324023282938,0.5652346727348007,0.16921442788411792,1.1499253223526265,0.3253443038951848,6.5908338308406424,7.385904170870187,0.3615677639653823,1.2794663393783607,3.384059587122175,0.6895462031453808,0.45548045159201855,0.23857837771643925,0.22323236990319428,2.237731489147057,0.14290023548634073,0.06462755624180753,0,89.26666666666667,0.10733333333333332,112.69162039364436,103.5567769321697,9.487432085348548,0.9627943635004804,0.08953666095689514,0.12107774903419183,0.11825374337747506,0.0504876001278985,0.6104376668058228,89.76666666666667,59.4,0.6642669787259046,0.0,0.0,0.6936691036620675,92.46613247414982,0.0,0.07778249234763492,7.67435287283081,0.0,0.06666666666666667,0.8291635940181756,0.06574500073486286,0.0,0.5715876853576868,0.23333333333333334,0.23333333333333334,0.0,1.0,0.009000000000000001,0.0008333333333333333,1.0,0.0,0.125,0.041666666666666664,False,
0.774682039046558,0.057852869711463,1.0628191283064092,1.2137689045423112,0.033702986090850214,0.013965409483708932,10.632344185990917,3.376351043860926,3.8441691149295902,0.585670414589798,1.9738714538807325,0.16643680059467741,0.2259636842259659,0.2814324023282938,0.5652346727348007,0.16921442788411792,1.1499253223526265,0.3253443038951848,6.5908338308406424,7.385904170870187,0.3615677639653823,1.2794663393783607,3.384059587122175,0.6895462031453808,0.45548045159201855,0.23857837771643925,0.22323236990319428,2.237731489147057,0.14290023548634073,0.06462755624180753,1,91.9,0.08099999999999999,114.9315190791014,108.86224429984513,9.767307789135904,0.9681342747098981,0.1012163534344103,0.07717283038227009,0.01426846138999548,0.058515997827642524,0.678285845019089,100.93333333333334,57.5,0.5698667051171137,0.0,0.0,0.5234832055586411,30.147518785020353,0.0,3.637346491452213,3.6995013672206967,0.0,0.03333333333333333,0.3899392441711147,0.04708844656333424,0.0,0.5177490014687441,0.06666666666666667,0.06666666666666667,0.0,1.0,0.0085,0.0,1.0,0.0,0.10833333333333334,0.016666666666666666,False,
0.774682039046558,0.057852869711463,1.0628191283064092,1.2137689045423112,0.033702986090850214,0.013965409483708932,10.632344185990917,3.376351043860926,3.8441691149295902,0.585670414589798,1.9738714538807325,0.16643680059467741,0.2259636842259659,0.2814324023282938,0.5652346727348007,0.16921442788411792,1.1499253223526265,0.3253443038951848,6.5908338308406424,7.385904170870187,0.3615677639653823,1.2794663393783607,3.384059587122175,0.6895462031453808,0.45548045159201855,0.23857837771643925,0.22323236990319428,2.237731489147057,0.14290023548634073,0.06462755624180753,2,94.7,0.05299999999999998,116.70110443860041,110.63175179410428,10.064897145061698,0.9746013548426113,0.09014526090895522,0.09701677782442107,0.0880372949342398,0.01631404924938251,0.5855422237707141,100.4,83.43333333333334,0.8317795250113246,0.0,0.0,0.34252604808157994,15.64265748443308,0.0,0.005276752380777372,1.4257363914987218,0.0,0.0,0.0,0.06254934385691525,0.0,0.689822500724559,0.0,0.0,0.0,1.0,0.008333333333333333,0.0016666666666666666,1.0,0.0,0.10833333333333334,0.03333333333333333,False,
0.8485785123611412,0.09402795331449751,1.0711364188510766,1.264966695080862,0.05269885603432549,0.021738942578158577,6.603492506732735,2.9325667194317946,3.1639725576645006,0.5722159393740788,2.444135101395112,0.36260928872530046,0.17059517986714454,0.366482874936919,0.5450474450889995,0.13738577618490636,1.5692070963249856,0.38374193500242604,9.003653549001896,9.627794630249477,0.3837182027230924,0.9988818862467883,1.9137621856507758,0.7095408234970455,0.38244175015880433,0.25828016421284417,0.19878352785723907,2.182658328588472,0.26442686507535573,0.059607534617697196,0,95.53333333333333,0.04466666666666666,123.55273219757694,112.12182120015088,10.232923254757289,0.9388790509196898,0.10159118057346225,0.08808007257443674,0.015174183035542037,0.0398330126942542,0.48512322232540617,96.23333333333333,70.16666666666667,0.7338557273628702,0.0,0.0,0.2662469879590475,47.662510144714915,0.0,0.001091954309518813,5.035847691000192,0.0,0.06666666666666667,0.8005681901526688,0.04710673619376236,0.0,0.563015478305861,0.16666666666666666,0.16666666666666666,0.0,1.0,0.008916666666666666,0.0008333333333333333,1.0,0.0,0.11666666666666667,0.025,False,
0.8485785123611412,0.09402795331449751,1.0711364188510766,1.264966695080862,0.05269885603432549,0.021738942578158577,6.603492506732735,2.9325667194317946,3.1639725576645006,0.5722159393740788,2.444135101395112,0.36260928872530046,0.17059517986714454,0.366482874936919,0.5450474450889995,0.13738577618490636,1.5692070963249856,0.38374193500242604,9.003653549001896,9.627794630249477,0.3837182027230924,0.9988818862467883,1.9137621856507758,0.7095408234970455,0.38244175015880433,0.25828016421284417,0.19878352785723907,2.182658328588472,0.26442686507535573,0.059607534617697196,1,97.03333333333333,0.029666666666666692,125.64965381687085,112.7848881526045,10.393593717584944,0.9217231257099014,0.0841798568255642,0.07609317808411203,0.04943174980121271,0.03197412987673017,0.47635894855571354,97.66666666666667,90.33333333333333,0.925841283881974,0.0,0.0,0.1768356860325017,38.90272157564109,0.0,0.06517550443348398,2.863090403433978,0.0,0.06666666666666667,0.7897958526650812,0.05638142852889974,0.0,0.6703184597077175,0.3,0.3,0.0,1.0,0.009250000000000001,0.0,1.0,0.0,0.10833333333333334,0.03333333333333333,False,
0.8485785123611412,0.09402795331449751,1.0711364188510766,1.264966695080862,0.05269885603432549,0.021738942578158577,6.603492506732735,2.9325667194317946,3.1639725576645006,0.5722159393740788,2.444135101395112,0.36260928872530046,0.17059517986714454,0.366482874936919,0.5450474450889995,0.13738577618490636,1.5692070963249856,0.38374193500242604,9.003653549001896,9.627794630249477,0.3837182027230924,0.9988818862467883,1.9137621856507758,0.7095408234970455,0.38244175015880433,0.25828016421284417,0.19878352785723907,2.182658328588472,0.26442686507535573,0.059607534617697196,2,95.56666666666666,0.04433333333333333,121.88198534412946,111.42444122404852,10.236493709486789,0.9323801152244955,0.08164745577317425,0.07574774338003176,0.012801586327764248,0.03501994509350748,0.4864213087966709,100.4,69.5,0.6928295770472149,0.0,0.0,0.26426007013845765,40.176543785904954,0.0,0.33239327584415795,5.997941862157978,0.0,0.1,1.1759281764079752,0.06616713084379502,0.0,0.4299126357772685,0.43333333333333335,0.43333333333333335,0.0,1.0,0.0095,0.0008333333333333333,1.0,0.0,0.16666666666666666,0.03333333333333333,False,
0.6980786267269538,0.08047384283663635,1.005189778217641,1.326195426925818,0.025276658632018122,0.022685776732627744,10.317095191445585,2.643377845801224,3.0712077989732505,0.6482215779583574,1.3606742615957175,0.25423924727122915,0.2098375438369186,0.2044611933856813,0.7461717004464098,0.12545983731844268,1.1019018809322483,0.3624310760087553,4.978244200197345,8.403620427118476,0.4706671648327034,1.8275114765424143,2.73936863286025,0.7386160486987194,0.39424087105024896,0.22371425908808246,0.06997864274452234,2.085811708591691,0.2174797304168181,0.05561544011062458,0,95.53333333333333,0.044666666666666674,124.81382297951633,104.67459333676703,9.60291301457253,0.8613829653502179,0.12861400822581415,0.08935194875983873,-0.04169466908562489,0.012991022836830525,0.7076062329220972,102.73333333333333,41.46666666666667,0.40356739706360295,0.0,0.0,0.24841563249412318,47.88753546684086,0.11073843356142925,2.5839129801917644,5.294310870360554,0.0,0.0,0.0,0.002910797921683166,0.0,0.0,0.0,0.0,0.0,1.0,0.004333333333333333,0.0,1.0,0.0,0.041666666666666664,0.0,False,
0.6980786267269538,0.08047384283663635,1.005189778217641,1.326195426925818,0.025276658632018122,0.022685776732627744,10.317095191445585,2.643377845801224,3.0712077989732505,0.6482215779583574,1.3606742615957175,0.25423924727122915,0.2098375438369186,0.2044611933856813,0.7461717004464098,0.12545983731844268,1.1019018809322483,0.3624310760087553,4.978244200197345,8.403620427118476,0.4706671648327034,1.8275114765424143,2.73936863286025,0.7386160486987194,0.39424087105024896,0.22371425908808246,0.06997864274452234,2.085811708591691,0.2174797304168181,0.05561544011062458,1,94.83333333333333,0.05166666666666667,123.49173352542633,103.81355250669753,9.532549730097296,0.8604901319867275,0.1296324789073159,0.08140354054175639,-0.0012230691170127483,0.013928134805928529,0.6838300245283232,102.83333333333333,41.56666666666667,0.4041506474416718,0.0,0.0,0.2873464405715604,49.62678453679021,0.39723948584695024,1.2671423583901296,5.313932720496646,0.0,0.0,0.0,0.0028084933554802564,0.0,0.0,0.0,0.0,0.0,1.0,0.004166666666666667,0.0,1.0,0.0,0.041666666666666664,0.0,False,
0.6980786267269538,0.08047384283663635,1.005189778217641,1.326195426925818,0.025276658632018122,0.022685776732627744,10.317095191445585,2.643377845801224,3.0712077989732505,0.6482215779583574,1.3606742615957175,0.25423924727122915,0.2098375438369186,0.2044611933856813,0.7461717004464098,0.12545983731844268,1.1019018809322483,0.3624310760087553,4.978244200197345,8.403620427118476,0.4706671648327034,1.8275114765424143,2.73936863286025,0.7386160486987194,0.39424087105024896,0.22371425908808246,0.06997864274452234,2.085811708591691,0.2174797304168181,0.05561544011062458,2,99.33333333333333,0.006666666666666672,129.77261560632635,109.03115178245102,9.984885130295234,0.8590519112728737,0.1122856608356881,0.08847802453293857,-0.3302414417707217,0.01178659973007968,0.9294581867129175,106.96666666666667,55.53333333333333,0.519104889209046,0.0,0.0,0.03707696007374972,20.44069119226596,0.0,8.999266188320432,3.254111551861627,0.0,0.0,0.0,0.0030184703656793584,0.0,0.0,0.0,0.0,0.0,1.0,0.004666666666666667,0.0,1.0,0.0,0.041666666666666664,0.0,False,
0.8498633034083001,0.09111197289449152,1.0220522553361444,1.2166313775343445,0.05865550351937073,0.014528027178523965,7.23112679470689,4.319455048808919,2.9757384833540845,0.5768899320471678,1.9490050983625093,0.30793052352753536,0.2999741476369672,0.32102966601160215,0.6060935354013555,0.12299995457685481,1.5590907544872186,0.30592046324689576,6.346490916236412,11.040493858834498,0.2909845571276666,1.5227212128399412,1.0177368599483128,0.406817593947874,0.6159014269559674,0.19403049031106348,0.08818495108245936,1.9154285325130038,0.16093190979169708,0.12214261446927152,0,98.2,0.018000000000000002,121.1664063544169,109.43939427725114,10.036553147400936,0.9234935687724177,0.09314661242007508,0.0748071435948889,0.008249178099241906,0.0330686865050043,0.48809081998879494,99.66666666666667,74.6,0.7481946626612761,0.0,0.0,0.21985670604468865,45.76521511017015,0.0,0.36559608340872635,5.501143451937952,0.0,0.13333333333333333,1.3050696988787867,0.06920772542139844,0.0,0.6644754407433027,0.3333333333333333,0.3333333333333333,0.0,1.0,0.0095,0.0,1.0,0.0,0.2,0.041666666666666664,False,
0.8498633034083001,0.09111197289449152,1.0220522553361444,1.2166313775343445,0.05865550351937073,0.014528027178523965,7.23112679470689,4.319455048808919,2.9757384833540845,0.5768899320471678,1.9490050983625093,0.30793052352753536,0.2999741476369672,0.32102966601160215,0.6060935354013555,0.12299995457685481,1.5590907544872186,0.30592046324689576,6.346490916236412,11.040493858834498,0.2909845571276666,1.5227212128399412,1.0177368599483128,0.406817593947874,0.6159014269559674,0.19403049031106348,0.08818495108245936,1.9154285325130038,0.16093190979169708,0.12214261446927152,1,95.2,0.048,118.13440664015637,108.38583460845862,9.729937470800094,0.945952316023872,0.11983286815226815,0.09232083475568062,-0.063463596002384,0.0633834935885811,0.5350732901023055,98.13333333333334,66.53333333333333,0.6871634950884478,0.0,0.0,0.5862845494525034,53.09983191124779,1.1102230246251566e-17,1.6463626359095829,7.6748348885062345,0.0,0.1,1.5390028826139408,0.05108786215295501,0.0,0.8065614655506018,0.36666666666666664,0.36666666666666664,0.0,1.0,0.009000000000000001,0.0,1.0,0.0,0.15,0.025,False,
0.8498633034083001,0.09111197289449152,1.0220522553361444,1.2166313775343445,0.05865550351937073,0.014528027178523965,7.23112679470689,4.319455048808919,2.9757384833540845,0.5768899320471678,1.9490050983625093,0.30793052352753536,0.2999741476369672,0.32102966601160215,0.6060935354013555,0.12299995457685481,1.5590907544872186,0.30592046324689576,6.346490916236412,11.040493858834498,0.2909845571276666,1.5227212128399412,1.0177368599483128,0.406817593947874,0.6159014269559674,0.19403049031106348,0.08818495108245936,1.9154285325130038,0.16093190979169708,0.12214261446927152,2,99.36666666666666,0.006333333333333339,121.57113933147123,111.07897964287028,10.155792577190153,0.9387603233724735,0.09454375456487935,0.09830460725021202,-0.0017904210631929619,0.044755147050468465,0.4921104343860664,100.8,82.33333333333333,0.821171930589023,0.0,0.0,0.07735698916387196,45.72094044993286,0.0,0.37393374384500694,4.529368808886807,0.0,0.1,1.3599028156663748,0.06903421910786284,0.0,0.49422594621667737,0.36666666666666664,0.36666666666666664,0.0,1.0,0.009583333333333334,0.0008333333333333333,1.0,0.0,0.18333333333333332,0.025,False,
0.8142612654083292,0.0977478698356022,1.0028138185851245,1.2757627138764378,0.0626672898352473,0.018930852935910042,11.048089656000794,3.6741552884377637,3.09438514691139,0.46986782929555376,1.8354012516835807,0.10454288851780592,0.21184973459591133,0.1647094221518876,0.7590953874412472,0.08092896276643091,1.0731157172824406,0.5142821116215427,9.963280399573502,10.4738729316234,0.5240160389922184,1.3509532322840303,0.7011073230753281,0.6852592528125621,0.30969190253998674,0.1515025048409185,0.24198291299918734,1.6543447002539708,0.19799868642578677,0.17614031682554024,0,94.5,0.055,122.13102136508073,104.29199376594943,9.476590585629427,0.8642412228307436,0.0954146083039438,0.05538235585466145,0.11895313514325867,0.07568997963629105,0.5974353858371235,97.2,69.83333333333333,0.727752512575602,0.0,0.0,0.9687717425404715,88.3150143407608,0.0,0.2304664806755893,5.673363329191408,0.0,0.26666666666666666,3.141795484276904,0.03898613371636203,0.0,0.08471156219501505,0.9,0.9,0.0,1.0,0.011083333333333334,0.0,1.0,0.0,0.16666666666666666,0.008333333333333333,False,
0.8142612654083292,0.0977478698356022,1.0028138185851245,1.2757627138764378,0.0626672898352473,0.018930852935910042,11.048089656000794,3.6741552884377637,3.09438514691139,0.46986782929555376,1.8354012516835807,0.10454288851780592,0.21184973459591133,0.1647094221518876,0.7590953874412472,0.08092896276643091,1.0731157172824406,0.5142821116215427,9.963280399573502,10.4738729316234,0.5240160389922184,1.3509532322840303,0.7011073230753281,0.6852592528125621,0.30969190253998674,0.1515025048409185,0.24198291299918734,1.6543447002539708,0.19799868642578677,0.17614031682554024,1,93.73333333333333,0.06266666666666669,121.55321716187309,103.00275354710611,9.399708192871234,0.8590265831119339,0.08981415142395113,0.05805749803698164,0.11314627019735331,0.05340080114714745,0.6004822016209601,98.36666666666666,69.23333333333333,0.7116136752146927,0.0,0.0,1.1038126521067189,76.42537333687285,0.0,0.25893858824584076,5.36980943626521,0.0,0.2,2.0200182255568486,0.03804597282564565,0.0,0.25005774786211965,0.6333333333333333,0.6333333333333333,0.0,1.0,0.011583333333333334,0.0,1.0,0.0,0.16666666666666666,0.008333333333333333,False,
0.8142612654083292,0.0977478698356022,1.0028138185851245,1.2757627138764378,0.0626672898352473,0.018930852935910042,11.048089656000794,3.6741552884377637,3.09438514691139,0.46986782929555376,1.8354012516835807,0.10454288851780592,0.21184973459591133,0.1647094221518876,0.7590953874412472,0.08092896276643091,1.0731157172824406,0.5142821116215427,9.963280399573502,10.4738729316234,0.5240160389922184,1.3509532322840303,0.7011073230753281,0.6852592528125621,0.30969190253998674,0.1515025048409185,0.24198291299918734,1.6543447002539708,0.19799868642578677,0.17614031682554024,2,95.23333333333333,0.047666666666666656,122.30318646293775,105.39178664788355,9.550130265659002,0.8768909224400919,0.09586778077063739,0.07260562571583414,0.0953025298845521,0.05349105400933854,0.6047163149138216,98.96666666666667,63.733333333333334,0.6504443563164646,0.0,0.0,0.8396021768684087,69.77660345808775,0.0,0.371214392308301,5.325122253441007,0.0,0.23333333333333334,2.6059198799848318,0.04248687017678165,0.0,0.17256477629339848,0.7666666666666667,0.7666666666666667,0.0,1.0,0.011833333333333333,0.0008333333333333333,1.0,0.0,0.175,0.016666666666666666,False,
0.7783852131525189,0.05167253880414817,1.2001562551086609,1.0903864556717977,0.05394205385377651,0.01566958737398297,8.782327600185686,2.7771322466878887,2.6085734960865494,0.6084725904167128,1.3745399053376766,0.3788282662785242,0.14301939599673935,0.21821258513071146,0.5073688322663584,0.13315295658759418,1.1447988070436668,0.47803689186528336,4.28293215109194,8.744768898339522,0.49664033551833076,1.223501873037685,1.5640919571393743,0.5409625504093603,0.44463578649956403,0.2575082176121062,0.09992736036471449,1.8178685920027884,0.21159974642701862,0.11490331621242175,0,88.6,0.114,98.11946073231937,117.24844608282817,10.633384420262736,1.2271718875164903,0.10653913944579317,0.11684367282600379,0.02596360227495317,0.05764203517966944,0.6321349141476827,103.1,95.06666666666666,0.9206185567010309,0.0,0.0,1.3098978048216077,22.810610588532334,0.0,0.0,1.4912588968279603,0.0,0.03333333333333333,0.37466470979707994,0.03519883878694737,0.0,1.1857352656956373,0.13333333333333333,0.13333333333333333,0.0,1.0,0.010083333333333333,0.003333333333333333,1.0,0.0,0.09166666666666666,0.016666666666666666,False,
0.7783852131525189,0.05167253880414817,1.2001562551086609,1.0903864556717977,0.05394205385377651,0.01566958737398297,8.782327600185686,2.7771322466878887,2.6085734960865494,0.6084725904167128,1.3745399053376766,0.3788282662785242,0.14301939599673935,0.21821258513071146,0.5073688322663584,0.13315295658759418,1.1447988070436668,0.47803689186528336,4.28293215109194,8.744768898339522,0.49664033551833076,1.223501873037685,1.5640919571393743,0.5409625504093603,0.44463578649956403,0.2575082176121062,0.09992736036471449,1.8178685920027884,0.21159974642701862,0.11490331621242175,1,94.23333333333333,0.057666666666666665,102.81498783616297,123.58801923188135,11.309472443973943,1.23616923521963,0.11544021844475973,0.12992961716018353,0.054237601079889126,0.04235361915412125,0.5993745796228177,96.16666666666667,74.13333333333334,0.7771893406283484,0.0,0.0,0.6626091234916323,55.67875452999852,0.0,0.3583853488922577,4.522066427664657,0.0,0.13333333333333333,1.4775552606173996,0.05058923702859117,0.0,1.1463938211047593,0.4666666666666667,0.4666666666666667,0.0,1.0,0.01275,0.004166666666666667,1.0,0.0,0.175,0.03333333333333333,False,
0.7783852131525189,0.05167253880414817,1.2001562551086609,1.0903864556717977,0.05394205385377651,0.01566958737398297,8.782327600185686,2.7771322466878887,2.6085734960865494,0.6084725904167128,1.3745399053376766,0.3788282662785242,0.14301939599673935,0.21821258513071146,0.5073688322663584,0.13315295658759418,1.1447988070436668,0.47803689186528336,4.28293215109194,8.744768898339522,0.49664033551833076,1.223501873037685,1.5640919571393743,0.5409625504093603,0.44463578649956403,0.2575082176121062,0.09992736036471449,1.8178685920027884,0.21159974642701862,0.11490331621242175,2,90.2,0.098,96.48604250137659,116.70014085948675,10.825409421080122,1.234629847089292,0.09729781850441158,0.1176444268769148,0.14231615483197183,0.07222811842974362,0.5931967573982848,92.56666666666666,64.83333333333333,0.706847898800552,0.0,0.0,1.1260524988817333,87.1256136123708,0.0,15.067033978892475,10.519937585919177,0.0,0.1,1.6952305782109407,0.03499092881303967,0.0,1.290791198638785,0.6333333333333333,0.6333333333333333,0.0,1.0,0.01,0.003333333333333333,1.0,0.0,0.075,0.025,False,
0.6953197659099691,0.08649255706452882,1.078138524125112,1.103862775380283,0.028979937245836584,0.021239944727509893,7.379406230171484,2.6695476371612843,3.6251422351943194,0.41139558238028084,2.1929458426528434,0.23895433056452037,0.19302503712900132,0.2886023410303211,0.6570276777468484,0.1872724353022593,2.4354672686807493,0.39286472647762327,6.803739307367095,6.200230789844753,0.43206430362446324,1.7737424244213864,0.9884182884712283,0.5081644706799711,0.2992261008445318,0.1921211995701978,0.08072656126849831,1.245385195770145,0.2683555351863155,0.16087688525521493,0,99.66666666666667,0.003333333333333336,110.32821084759216,117.68796498446176,10.74544729044695,1.098375593328693,0.1162449236844552,0.09972932218260301,0.03133067882038579,0.004322513049187486,0.3336122745591447,100.8,100.8,1.0,0.0,0.0,0.05362562841840498,12.252954083917102,0.39157337504997486,0.0,1.2011417468063708,0.0,0.0,0.0,0.004552619436279608,0.0,0.0,0.0,0.0,0.0,1.0,0.0031666666666666666,0.0008333333333333333,1.0,0.0,0.058333333333333334,0.0,False,
0.6953197659099691,0.08649255706452882,1.078138524125112,1.103862775380283,0.028979937245836584,0.021239944727509893,7.379406230171484,2.6695476371612843,3.6251422351943194,0.41139558238028084,2.1929458426528434,0.23895433056452037,0.19302503712900132,0.2886023410303211,0.6570276777468484,0.1872724353022593,2.4354672686807493,0.39286472647762327,6.803739307367095,6.200230789844753,0.43206430362446324,1.7737424244213864,0.9884182884712283,0.5081644706799711,0.2992261008445318,0.1921211995701978,0.08072656126849831,1.245385195770145,0.2683555351863155,0.16087688525521493,1,99.9,0.0010000000000000009,110.88134590794992,117.80492979508887,10.770603856009874,1.0922792593723423,0.1121335997028848,0.09453904643670494,-0.003151806358683065,0.004502142121801406,0.34276229101613104,100.26666666666667,53.6,0.5345358712341823,0.0,0.0,0.016087688525521494,22.811684672674442,0.7238513972842178,0.0,3.409040468722116,0.0,0.0,0.0,0.005332461454525811,0.0,0.0,0.0,0.0,0.0,1.0,0.0035833333333333333,0.0008333333333333333,1.0,0.0,0.058333333333333334,0.0,False,
0.6953197659099691,0.08649255706452882,1.078138524125112,1.103862775380283,0.028979937245836584,0.021239944727509893,7.379406230171484,2.6695476371612843,3.6251422351943194,0.41139558238028084,2.1929458426528434,0.23895433056452037,0.19302503712900132,0.2886023410303211,0.6570276777468484,0.1872724353022593,2.4354672686807493,0.39286472647762327,6.803739307367095,6.200230789844753,0.43206430362446324,1.7737424244213864,0.9884182884712283,0.5081644706799711,0.2992261008445318,0.1921211995701978,0.08072656126849831,1.245385195770145,0.2683555351863155,0.16087688525521493,2,99.93333333333334,0.0006666666666666673,108.83619767484053,117.61602534934124,10.774197651090292,1.1149014647065443,0.11523029665850829,0.11784654929493593,0.03241455454356404,0.004645502468678777,0.3336580374275408,103.8,52.03333333333333,0.5012882748319643,0.0,0.0,0.010725125683680996,27.596177857216922,0.07160017431472879,0.08297629217800635,4.287761631315334,0.0,0.0,0.0,0.0027135958388960152,0.0,0.0,0.0,0.0,0.0,1.0,0.0021666666666666666,0.0008333333333333333,1.0,0.0,0.03333333333333333,0.0,False,
0.8617469837464657,0.04866476613139228,1.201342665782616,1.1941910855993307,0.04750348928437402,0.02440937605623878,10.204650943197343,3.104976678446584,2.1226963451930083,0.5584799796233605,1.7031614208820933,0.34871160460583306,0.11039183802193635,0.3180063248574859,0.7963381766592451,0.11900652556938796,1.864754550853203,0.25950459962531514,8.792306565806829,10.90119974624082,0.3506560285580261,1.2002559421984431,3.0402778962552666,0.4811536608524718,0.478143111904322,0.24825309572027873,0.2571384720062013,1.5129160875102392,0.11502085601348058,0.07257917170622612,0,92.5,0.07500000000000001,112.416847060628,122.3311389218201,11.112419658489205,1.1202587868279847,0.10576396548657489,0.1075216318547554,0.1244995419130998,0.0460368193106486,0.3885452094815081,97.4,71.5,0.7396563005583873,0.0,0.0,0.5443437877966958,77.64723655716271,0.0,0.3251766818868243,5.9725249218022025,0.0,0.13333333333333333,1.9517308876681005,0.052651456655961285,0.0,1.0537069395544547,0.5333333333333333,0.5333333333333333,0.0,1.0,0.0105,0.0016666666666666666,1.0,0.0,0.125,0.025,False,
0.8617469837464657,0.04866476613139228,1.201342665782616,1.1941910855993307,0.04750348928437402,0.02440937605623878,10.204650943197343,3.104976678446584,2.1226963451930083,0.5584799796233605,1.7031614208820933,0.34871160460583306,0.11039183802193635,0.3180063248574859,0.7963381766592451,0.11900652556938796,1.864754550853203,0.25950459962531514,8.792306565806829,10.90119974624082,0.3506560285580261,1.2002559421984431,3.0402778962552666,0.4811536608524718,0.478143111904322,0.24825309572027873,0.2571384720062013,1.5129160875102392,0.11502085601348058,0.07257917170622612,1,92.26666666666667,0.07733333333333334,108.83041518686159,119.46812294046025,11.084388329620937,1.1347069547757767,0.12103299756921955,0.12038156663740533,0.14374527353487412,0.07017154911775113,0.38883223238905246,90.43333333333334,57.9,0.6488759218329744,0.0,0.0,0.5612789278614819,101.84311536864995,0.0,0.8213771594298725,8.835903148558055,0.0,0.06666666666666667,0.9743261508470816,0.03400201281559245,0.0,0.984494913483743,0.3,0.3,0.0,1.0,0.009416666666666667,0.0016666666666666666,1.0,0.0,0.10833333333333334,0.016666666666666666,False,
0.8617469837464657,0.04866476613139228,1.201342665782616,1.1941910855993307,0.04750348928437402,0.02440937605623878,10.204650943197343,3.104976678446584,2.1226963451930083,0.5584799796233605,1.7031614208820933,0.34871160460583306,0.11039183802193635,0.3180063248574859,0.7963381766592451,0.11900652556938796,1.864754550853203,0.25950459962531514,8.792306565806829,10.90119974624082,0.3506560285580261,1.2002559421984431,3.0402778962552666,0.4811536608524718,0.478143111904322,0.24825309572027873,0.2571384720062013,1.5129160875102392,0.11502085601348058,0.07257917170622612,2,88.56666666666666,0.11433333333333336,105.71367212071422,117.27610028401405,10.63989154328137,1.1485395287013695,0.11639788845971338,0.13542675694177142,0.26128693985551077,0.05865036262225191,0.36034369513132786,85.83333333333333,55.666666666666664,0.6725541946205162,0.0,0.0,0.8298218631745187,111.36029073847358,0.0,0.3198515052677979,9.96142998347253,0.0,0.16666666666666666,3.046532908299849,0.047167906677904964,0.0,0.9849423366700226,0.9,0.9,0.0,1.0,0.010666666666666666,0.0016666666666666666,1.0,0.0,0.11666666666666667,0.016666666666666666,False,
0.7187348379993828,0.05956983107348182,1.0507788985170303,1.0675843151300028,0.06288964737369518,0.010305969859122861,10.844626269397164,3.281292951634932,3.588939046652327,0.5158885304378058,1.611914739756521,0.26399484311328353,0.20745115665638328,0.2291726764012856,0.7137875924285975,0.1535787002420771,1.8404556932544494,0.5670648518930312,7.454583543227274,6.8568941922043045,0.32858880634012233,1.7493043132828308,1.4804123594947736,0.37919045599192697,0.6000476693339796,0.18009119871053447,0.056645149584207924,1.7777448281873554,0.260144977623227,0.09816269219119086,0,57.63333333333333,0.4236666666666667,56.9417549868129,61.261221494021115,6.066496840771657,1.081091321579103,0.08882384896947772,0.11102889006992789,2.7297909978103196,0.20879652469794696,0.3810836800743929,86.66666666666667,71.3,0.7979166666666667,0.006666666666666667,0.06666666666666667,4.149009789947668,133.00053946479187,0.10781480354069624,28.426122586734564,7.512435951787075,0.0,0.6,6.878480617392275,0.1478340454730732,0.03333333333333333,2.017853663980228,2.8666666666666667,2.8,0.06666666666666667,1.0,0.02383333333333333,0.009166666666666667,1.0,0.0,0.2833333333333333,0.08333333333333333,False,
0.7187348379993828,0.05956983107348182,1.0507788985170303,1.0675843151300028,0.06288964737369518,0.010305969859122861,10.844626269397164,3.281292951634932,3.588939046652327,0.5158885304378058,1.611914739756521,0.26399484311328353,0.20745115665638328,0.2291726764012856,0.7137875924285975,0.1535787002420771,1.8404556932544494,0.5670648518930312,7.454583543227274,6.8568941922043045,0.32858880634012233,1.7493043132828308,1.4804123594947736,0.37919045599192697,0.6000476693339796,0.18009119871053447,0.056645149584207924,1.7777448281873554,0.260144977623227,0.09816269219119086,1,71.23333333333333,0.2876666666666666,84.44448772189047,82.81523578638013,7.485048353769645,1.002575154179711,0.012261020364244807,0.09117109635897554,0.9495019261638507,0.1141830226739561,0.3860878942503959,106.13333333333334,82.06666666666666,0.7726305772023215,0.0,0.0,2.8238134453665906,38.951534016331486,0.03776331345594132,16.603496680251492,3.6365256295006834,0.0,0.2,1.1616768341815462,0.1020979911087147,0.0,2.1648873824709423,0.5333333333333333,0.5333333333333333,0.0,1.0,0.02275,0.005833333333333334,1.0,0.0,0.225,0.058333333333333334,False,
0.7187348379993828,0.05956983107348182,1.0507788985170303,1.0675843151300028,0.06288964737369518,0.010305969859122861,10.844626269397164,3.281292951634932,3.588939046652327,0.5158885304378058,1.611914739756521,0.26399484311328353,0.20745115665638328,0.2291726764012856,0.7137875924285975,0.1535787002420771,1.8404556932544494,0.5670648518930312,7.454583543227274,6.8568941922043045,0.32858880634012233,1.7493043132828308,1.4804123594947736,0.37919045599192697,0.6000476693339796,0.18009119871053447,0.056645149584207924,1.7777448281873554,0.260144977623227,0.09816269219119086,2,95.7,0.043000000000000024,102.88883870309618,109.55360158457536,10.055954058807979,1.0964927090936638,0.08705102842153029,0.12014897725033448,0.10232847268691801,0.053389139775651,0.3990284899796572,100.23333333333333,73.06666666666666,0.7389587334981194,0.0,0.0,0.4220995764221207,65.55030346373688,0.0,0.13121613220473496,4.595167234536038,0.0,0.16666666666666666,1.5702317156363093,0.041527237608045775,0.0,1.327315927999879,0.5666666666666667,0.5666666666666667,0.0,1.0,0.011166666666666667,0.004166666666666667,1.0,0.0,0.15,0.025,False,
0.6724284822180723,0.08367313653712236,1.1358636358316485,1.1380588672763454,0.04843308702586514,0.01473087968862825,9.002040620267621,3.6276071570791326,3.2125088905466463,0.5642629796610802,1.907061021289451,0.18018547191895684,0.2035184583609464,0.1786828440072538,0.678528352023812,0.19221734940296886,2.0497739839808267,0.3470576213252936,5.286738070582978,4.694469953482662,0.5295367671990303,1.3902086643964529,1.235483178902304,0.2566943905758844,0.4459155364128751,0.30653981602093494,0.24532383915124373,1.491794578016009,0.16682088809811838,0.1941422401271351,0,96.03333333333333,0.039666666666666676,111.6897853345442,120.72945904769274,10.908077116103266,1.1214689743012363,0.11441647270303498,0.11733666566602287,0.05214947877325333,0.05251466608962616,0.3804321828181319,92.73333333333333,42.9,0.4630972672027108,0.0,0.0,0.7700975525043028,66.97789313906146,0.7288877529212122,0.024982950186872948,7.053157794842275,0.0,0.1,1.1588847023062214,0.03836412818056579,0.0,0.39539289672259426,0.3,0.3,0.0,1.0,0.00775,0.0016666666666666666,1.0,0.0,0.125,0.016666666666666666,False,
0.6724284822180723,0.08367313653712236,1.1358636358316485,1.1380588672763454,0.04843308702586514,0.01473087968862825,9.002040620267621,3.6276071570791326,3.2125088905466463,0.5642629796610802,1.907061021289451,0.18018547191895684,0.2035184583609464,0.1786828440072538,0.678528352023812,0.19221734940296886,2.0497739839808267,0.3470576213252936,5.286738070582978,4.694469953482662,0.5295367671990303,1.3902086643964529,1.235483178902304,0.2566943905758844,0.4459155364128751,0.30653981602093494,0.24532383915124373,1.491794578016009,0.16682088809811838,0.1941422401271351,1,92.86666666666666,0.07133333333333332,106.00927460773555,114.72492161473495,10.548386964756578,1.1276444219991144,0.12151586154877626,0.12860577033936202,0.11529769991312602,0.039095007058366264,0.37068056278460365,95.5,42.13333333333333,0.43990146324390456,0.0,0.0,1.3848813129068973,96.05527066915487,0.5755560020024922,0.0156759350677367,9.425974836982272,0.0,0.03333333333333333,0.5877720439548909,0.046833745984963954,0.0,0.6745838975824476,0.2,0.2,0.0,1.0,0.007666666666666667,0.005,1.0,0.0,0.1,0.025,False,
0.6724284822180723,0.08367313653712236,1.1358636358316485,1.1380588672763454,0.04843308702586514,0.01473087968862825,9.002040620267621,3.6276071570791326,3.2125088905466463,0.5642629796610802,1.907061021289451,0.18018547191895684,0.2035184583609464,0.1786828440072538,0.678528352023812,0.19221734940296886,2.0497739839808267,0.3470576213252936,5.286738070582978,4.694469953482662,0.5295367671990303,1.3902086643964529,1.235483178902304,0.2566943905758844,0.4459155364128751,0.30653981602093494,0.24532383915124373,1.491794578016009,0.16682088809811838,0.1941422401271351,2,87.0,0.13,96.7383118234678,108.31487752851831,9.882013631735342,1.1626918596118814,0.1377633773029176,0.14520921240742465,0.1789613781161598,0.04593479033881172,0.3525248850971483,90.73333333333333,52.9,0.5916798850796461,0.0,0.0,2.523849121652757,99.607670663595,0.2891811835149773,0.18385493922572013,10.245439890031912,0.0,0.06666666666666667,0.9712255589066857,0.04837844009125349,0.0,0.7387349043260044,0.3333333333333333,0.3333333333333333,0.0,1.0,0.0085,0.004166666666666667,1.0,0.0,0.10833333333333334,0.025,False,
0.7449916416233203,0.07714675179436226,1.2165528795179235,1.306875224464132,0.02611060691703687,0.016020060453465816,6.759259846397155,3.470655922592908,2.6539662026296833,0.4233034421342968,2.3793635950794503,0.27689999150842204,0.13614992811299087,0.2639822565294456,0.5151826381559883,0.13813390271970474,2.311026680479763,0.5543930845620555,8.452420090787381,8.096782416581213,0.299680406099093,1.1453313662114972,1.9564517401647272,0.6671392591054317,0.36526232711905443,0.15850229642435748,0.17489419310902984,2.314656023407287,0.1311133751262017,0.12805138397304847,0,99.5,0.0050000000000000044,133.28115707994417,132.17655025725156,12.104701151203336,1.0170085603214756,0.08662674691269541,0.08233816276963074,-0.028742889998095024,0.010270338498392671,0.36521677056758856,101.7,73.36666666666666,0.721445713276003,0.0,0.0,0.06402569198652422,43.8231845744696,0.0,0.13979094189630242,5.615496370705155,0.0,0.03333333333333333,0.2864964166689377,0.004453073893710492,0.0,0.0,0.03333333333333333,0.03333333333333333,0.0,1.0,0.002,0.0008333333333333333,1.0,0.0,0.05,0.0,False,
0.7449916416233203,0.07714675179436226,1.2165528795179235,1.306875224464132,0.02611060691703687,0.016020060453465816,6.759259846397155,3.470655922592908,2.6539662026296833,0.4233034421342968,2.3793635950794503,0.27689999150842204,0.13614992811299087,0.2639822565294456,0.5151826381559883,0.13813390271970474,2.311026680479763,0.5543930845620555,8.452420090787381,8.096782416581213,0.299680406099093,1.1453313662114972,1.9564517401647272,0.6671392591054317,0.36526232711905443,0.15850229642435748,0.17489419310902984,2.314656023407287,0.1311133751262017,0.12805138397304847,1,100.0,0.0,133.1919369372916,132.3900402605197,12.165528795179231,1.0146768060325577,0.08608143431486251,0.07470518015557778,0.005490112243188022,0.003994698105625323,0.3546759004904745,105.8,73.2,0.6918142746431724,0.0,0.0,0.0,30.99565583570058,0.0,0.6011923635826532,4.758450672011585,0.0,0.0,0.0,0.005320317069278962,0.0,0.0,0.03333333333333333,0.03333333333333333,0.0,1.0,0.0025,0.0,1.0,0.0,0.058333333333333334,0.0,False,
0.7449916416233203,0.07714675179436226,1.2165528795179235,1.306875224464132,0.02611060691703687,0.016020060453465816,6.759259846397155,3.470655922592908,2.6539662026296833,0.4233034421342968,2.3793635950794503,0.27689999150842204,0.13614992811299087,0.2639822565294456,0.5151826381559883,0.13813390271970474,2.311026680479763,0.5543930845620555,8.452420090787381,8.096782416581213,0.299680406099093,1.1453313662114972,1.9564517401647272,0.6671392591054317,0.36526232711905443,0.15850229642435748,0.17489419310902984,2.314656023407287,0.1311133751262017,0.12805138397304847,2,100.0,0.0,130.94756927499563,132.41279853405203,12.165528795179233,1.0277428885598703,0.08545636640246636,0.07514845040525293,0.03916411612960507,0.002573023892828458,0.34520879826285,107.13333333333334,74.96666666666667,0.7001472185757734,0.0,0.0,0.0,25.33955538120623,0.0,0.3097640900163988,3.8207869945401143,0.0,0.0,0.0,0.006298376137290394,0.0,0.0,0.03333333333333333,0.03333333333333333,0.0,1.0,0.0025833333333333337,0.0008333333333333333,1.0,0.0,0.08333333333333333,0.0,False,
0.8626668373909411,0.09754486630096448,0.9936136633108157,1.2605294158811546,0.05089878749310464,0.00747857739990301,8.955919473486167,3.785120035696619,3.012181234617261,0.6154036143574947,1.4560821223442284,0.19357702415398553,0.13312633765950538,0.31217356340355784,0.6661383447464594,0.1425515380509741,1.4990185676813392,0.5740382246349163,7.798938899200227,6.418023080947945,0.2981403702145074,1.2103448689540413,1.760750294356586,0.6206321195101336,0.6210880540064841,0.17969701247842287,0.15072090313384146,2.013080525365714,0.3628808641985457,0.21886715491232006,0,95.76666666666667,0.042333333333333334,120.8395361464593,103.23144250381125,9.515506848973244,0.8718115960833537,0.10062045608793439,0.07502947212399771,-0.008932157324280838,0.057988340729966684,0.5171762107978717,95.6,65.4,0.6890014318068322,0.0,0.0,0.9265376224621549,77.39207551691975,0.0,2.474800290941725,8.09814553094568,0.0,0.1,1.4397163281076664,0.03540478085693117,0.0,0.3000052022227887,0.5,0.5,0.0,1.0,0.010666666666666666,0.0,1.0,0.0,0.13333333333333333,0.008333333333333333,False,
0.8626668373909411,0.09754486630096448,0.9936136633108157,1.2605294158811546,0.05089878749310464,0.00747857739990301,8.955919473486167,3.785120035696619,3.012181234617261,0.6154036143574947,1.4560821223442284,0.19357702415398553,0.13312633765950538,0.31217356340355784,0.6661383447464594,0.1425515380509741,1.4990185676813392,0.5740382246349163,7.798938899200227,6.418023080947945,0.2981403702145074,1.2103448689540413,1.760750294356586,0.6206321195101336,0.6210880540064841,0.17969701247842287,0.15072090313384146,2.013080525365714,0.3628808641985457,0.21886715491232006,1,91.26666666666667,0.08733333333333333,119.13363604181654,100.98814015493606,9.06838070048338,0.8701933516758874,0.09867253813029155,0.08294221748352656,0.012775348794623812,0.08435376730358518,0.5266923182534833,100.23333333333333,85.23333333333333,0.8476417662062959,0.0,0.0,1.9114398195675952,58.29737448939345,0.0,0.003641424593008787,5.283285596316097,0.0,0.06666666666666667,0.9244334413188693,0.03044450196460494,0.0,0.44221593389937364,0.2,0.2,0.0,1.0,0.009916666666666667,0.0,1.0,0.0,0.1,0.016666666666666666,False,
0.8626668373909411,0.09754486630096448,0.9936136633108157,1.2605294158811546,0.05089878749310464,0.00747857739990301,8.955919473486167,3.785120035696619,3.012181234617261,0.6154036143574947,1.4560821223442284,0.19357702415398553,0.13312633765950538,0.31217356340355784,0.6661383447464594,0.1425515380509741,1.4990185676813392,0.5740382246349163,7.798938899200227,6.418023080947945,0.2981403702145074,1.2103448689540413,1.760750294356586,0.6206321195101336,0.6210880540064841,0.17969701247842287,0.15072090313384146,2.013080525365714,0.3628808641985457,0.21886715491232006,2,94.5,0.055000000000000014,119.26854677127145,104.57342002816684,9.389649118287211,0.8933008686721943,0.11222612797857807,0.08082366411228656,-0.12440176505259823,0.11981053229912209,0.5853274239893071,99.36666666666666,77.8,0.7873994366883862,0.0,0.0,1.2037693520177606,53.84540908816948,0.0,0.6332304732991708,5.2610096361976275,0.0,0.1,1.2235826145413093,0.03965239906303542,0.0,0.29560503765413737,0.26666666666666666,0.26666666666666666,0.0,1.0,0.010333333333333335,0.0,1.0,0.0,0.11666666666666667,0.016666666666666666,False,
0.780822536632897,0.06015558901737067,1.2182074269384437,1.0658118655125612,0.05854992114309596,0.01655359644460936,8.286955578653803,2.4698249710258304,2.061577215419295,0.3640224558278255,1.3394686906929614,0.12905671580838965,0.24566474046401787,0.24526920926838855,0.7856204733328018,0.07656652313434317,1.4170264384128188,0.49324882298884254,5.585052793168182,6.828825146801518,0.4590110106989119,1.6917246929024161,2.2383349570098354,0.7007941281685448,0.5557084179828948,0.17369989660463864,0.2511349413448159,1.2767274284750605,0.190550750628718,0.10667888592925544,0,97.03333333333333,0.029666666666666692,106.26934464570199,128.87231863940252,11.820672732726031,1.2485004626936969,0.08344572905541471,0.12503867518438827,0.09292569354609374,0.00603615570655249,0.49501684672661117,105.13333333333334,65.1,0.6191916050406617,0.0,0.0,0.3164806949234578,0.04162114532576478,0.0,28.676707618126883,3.655760077089451,0.0,0.0,0.0,0.034453204741749316,0.0,1.1891354113077919,0.0,0.0,0.0,1.0,0.008333333333333333,0.005,1.0,0.0,0.041666666666666664,0.03333333333333333,False,
0.780822536632897,0.06015558901737067,1.2182074269384437,1.0658118655125612,0.05854992114309596,0.01655359644460936,8.286955578653803,2.4698249710258304,2.061577215419295,0.3640224558278255,1.3394686906929614,0.12905671580838965,0.24566474046401787,0.24526920926838855,0.7856204733328018,0.07656652313434317,1.4170264384128188,0.49324882298884254,5.585052793168182,6.828825146801518,0.4590110106989119,1.6917246929024161,2.2383349570098354,0.7007941281685448,0.5557084179828948,0.17369989660463864,0.2511349413448159,1.2767274284750605,0.190550750628718,0.10667888592925544,1,99.63333333333334,0.00366666666666667,109.05013034198696,133.28087035788795,12.137406663730026,1.257152590665181,0.09187616199864138,0.1327161263844991,-0.10346255553127158,0.006556475597460585,0.5806269960709888,104.4,64.76666666666667,0.6203700937681522,0.0,0.0,0.03911559150739365,2.556490068001696,0.0,4.083018976510777,0.9999999999999996,0.0,0.0,0.0,0.04306222894805907,0.0,1.5224876915765115,0.0,0.0,0.0,1.0,0.008333333333333333,0.01,1.0,0.0,0.05,0.041666666666666664,False,
0.780822536632897,0.06015558901737067,1.2182074269384437,1.0658118655125612,0.05854992114309596,0.01655359644460936,8.286955578653803,2.4698249710258304,2.061577215419295,0.3640224558278255,1.3394686906929614,0.12905671580838965,0.24566474046401787,0.24526920926838855,0.7856204733328018,0.07656652313434317,1.4170264384128188,0.49324882298884254,5.585052793168182,6.828825146801518,0.4590110106989119,1.6917246929024161,2.2383349570098354,0.7007941281685448,0.5557084179828948,0.17369989660463864,0.2511349413448159,1.2767274284750605,0.190550750628718,0.10667888592925544,2,83.96666666666667,0.16033333333333336,89.11548325783787,110.36377889311082,10.228881694859805,1.262199015550993,0.08031293194093987,0.11218826237200692,0.3785748573991871,0.07347032039061256,0.4248121214140145,92.33333333333333,77.03333333333333,0.8402770864443337,0.0,0.0,1.7104181377323948,87.78109426109614,0.0,4.776953010114939,8.725659412735686,0.0,0.1,1.813293704325145,0.04112163463879677,0.0,1.116309187883139,0.7666666666666667,0.7666666666666667,0.0,1.0,0.0105,0.004166666666666667,1.0,0.0,0.08333333333333333,0.025,False,
0.67300231254492,0.0528582617364287,1.2073954339914654,1.1654932675722098,0.03933163358486598,0.01739921939946179,7.108460457547426,3.287345917931677,3.1236839689327724,0.6830928909462834,1.9625871846176772,0.2572852258609081,0.20168687766590057,0.17559078920230023,0.7226135595061021,0.18550014685388738,2.194832559353412,0.5249592309232104,9.529796493227611,6.968178689008218,0.37372802526568527,1.8071775373059769,3.113564888148065,0.637057648477606,0.5149863501924049,0.2934086715686107,0.2276755809657977,1.3800089508600992,0.2144746200734205,0.1667993901583413,0,99.83333333333333,0.001666666666666668,118.17763548874197,131.43055264482277,12.053831082681468,1.1400276597204455,0.0935038299859391,0.09834986784267644,-0.03865376480086251,0.01972903178228542,0.38605321985168767,105.3,58.666666666666664,0.559446555521322,0.0,0.0,0.02779989835972355,23.00561423842362,0.0,3.7890385716841246,4.511837689686354,0.0,0.03333333333333333,0.4792775852791469,0.01186727416668179,0.0,0.0,0.1,0.1,0.0,1.0,0.00375,0.0016666666666666666,1.0,0.0,0.14166666666666666,0.0,False,
0.67300231254492,0.0528582617364287,1.2073954339914654,1.1654932675722098,0.03933163358486598,0.01739921939946179,7.108460457547426,3.287345917931677,3.1236839689327724,0.6830928909462834,1.9625871846176772,0.2572852258609081,0.20168687766590057,0.17559078920230023,0.7226135595061021,0.18550014685388738,2.194832559353412,0.5249592309232104,9.529796493227611,6.968178689008218,0.37372802526568527,1.8071775373059769,3.113564888148065,0.637057648477606,0.5149863501924049,0.2934086715686107,0.2276755809657977,1.3800089508600992,0.2144746200734205,0.1667993901583413,1,91.83333333333333,0.08166666666666668,105.53561082092705,121.06885462910827,11.087914735488292,1.1802704926000964,0.1329644254199394,0.10815475369489684,0.03663961725922393,0.014756061192716222,0.3727550870367096,98.23333333333333,66.0,0.6811413162774188,0.0,0.0,1.362195019626454,52.57491318312384,0.0,0.6789425588906083,7.008492343043685,0.0,0.0,0.0,0.013480839870895824,0.0,0.0,0.03333333333333333,0.03333333333333333,0.0,1.0,0.005833333333333334,0.0008333333333333333,1.0,0.0,0.14166666666666666,0.0,False,
0.67300231254492,0.0528582617364287,1.2073954339914654,1.1654932675722098,0.03933163358486598,0.01739921939946179,7.108460457547426,3.287345917931677,3.1236839689327724,0.6830928909462834,1.9625871846176772,0.2572852258609081,0.20168687766590057,0.17559078920230023,0.7226135595061021,0.18550014685388738,2.194832559353412,0.5249592309232104,9.529796493227611,6.968178689008218,0.37372802526568527,1.8071775373059769,3.113564888148065,0.637057648477606,0.5149863501924049,0.2934086715686107,0.2276755809657977,1.3800089508600992,0.2144746200734205,0.1667993901583413,2,99.73333333333333,0.002666666666666669,116.26674513586872,131.31522520859102,12.041757128341551,1.1517971232009607,0.09010916822981326,0.09823930170101552,-0.06466867248225024,0.023522717318285657,0.3975325027015284,103.23333333333333,53.766666666666666,0.5212932758437069,0.0,0.0,0.04447983737555768,52.86227050355033,0.0,3.0355809414986377,8.932244937020355,0.0,0.03333333333333333,0.42190031361352465,0.008591582150508821,0.0,0.0,0.03333333333333333,0.03333333333333333,0.0,1.0,0.002416666666666667,0.0016666666666666666,1.0,0.0,0.09166666666666666,0.0,False,
0.8001839593656961,0.05861963587396884,1.15457415340622,1.1067281748508178,0.026217983996642397,0.01916861001895436,7.725092277495692,4.038212121372295,4.370614817352862,0.398986236506482,2.165443819579094,0.11618958804771408,0.2551909802842186,0.18984427292723963,0.7152087477578304,0.16399441546746005,2.219620523381294,0.3217902335982908,5.6179837409844975,8.672022166222057,0.28282953445329956,1.3717845715784907,2.280897124749755,0.4862558544945845,0.5914971944555958,0.09886238682322146,0.15670756607256986,1.733851318533206,0.15356839126184624,0.11249302325025454,0,99.86666666666666,0.0013333333333333346,112.35734308892657,123.93364594337412,11.530347212016782,1.151451053020296,0.09341125249158466,0.13039756004047828,-0.27474065416713966,0.012408533034359685,0.5587269463299869,98.93333333333334,98.93333333333334,1.0,0.0,0.0,0.014999069766700604,88.54788437664703,0.0,0.0,0.8566318329348183,0.0,0.0,0.0,0.01130597184645707,0.0,0.0,0.03333333333333333,0.03333333333333333,0.0,1.0,0.0035833333333333333,0.0,1.0,0.0,0.10833333333333334,0.0,False,
0.8001839593656961,0.05861963587396884,1.15457415340622,1.1067281748508178,0.026217983996642397,0.01916861001895436,7.725092277495692,4.038212121372295,4.370614817352862,0.398986236506482,2.165443819579094,0.11618958804771408,0.2551909802842186,0.18984427292723963,0.7152087477578304,0.16399441546746005,2.219620523381294,0.3217902335982908,5.6179837409844975,8.672022166222057,0.28282953445329956,1.3717845715784907,2.280897124749755,0.4862558544945845,0.5914971944555958,0.09886238682322146,0.15670756607256986,1.733851318533206,0.15356839126184624,0.11249302325025454,1,99.93333333333334,0.0006666666666666673,112.16625514937341,123.56328726641797,11.538044373039492,1.1351522990834948,0.08173707367329087,0.10489377497312388,-0.27437926084297437,0.010818149508865465,0.5004421565171212,91.96666666666667,91.96666666666667,1.0,0.0,0.0,0.007499534883350302,106.03823592006695,0.0,0.0,1.6099054902636094,0.0,0.03333333333333333,0.3436571433297436,0.011046537887586695,0.0,0.0,0.06666666666666667,0.06666666666666667,0.0,1.0,0.00375,0.0,1.0,0.0,0.09166666666666666,0.0,False,
0.8001839593656961,0.05861963587396884,1.15457415340622,1.1067281748508178,0.026217983996642397,0.01916861001895436,7.725092277495692,4.038212121372295,4.370614817352862,0.398986236506482,2.165443819579094,0.11618958804771408,0.2551909802842186,0.18984427292723963,0.7152087477578304,0.16399441546746005,2.219620523381294,0.3217902335982908,5.6179837409844975,8.672022166222057,0.28282953445329956,1.3717845715784907,2.280897124749755,0.4862558544945845,0.5914971944555958,0.09886238682322146,0.15670756607256986,1.733851318533206,0.15356839126184624,0.11249302325025454,2,99.96666666666667,0.00033333333333333365,110.46439616663615,123.67160232574692,11.541892953550844,1.1634192179897946,0.08825604068352354,0.13513423575653877,-0.25644181350581824,0.00972510738164365,0.49297514693926636,89.46666666666667,89.46666666666667,1.0,0.0,0.0,0.003749767441675151,115.13744979025343,0.0,0.0,3.607457314766075,0.0,0.03333333333333333,0.3344645738805079,0.020074332879002312,0.0,0.0,0.06666666666666667,0.06666666666666667,0.0,1.0,0.004166666666666667,0.0008333333333333333,1.0,0.0,0.175,0.0,False,
0.7326222830744852,0.07785174731013897,1.0270630499237179,1.382845859188382,0.03480840078088882,0.0150613489538538,11.082284890978494,3.944341565136385,3.500368745905873,0.3477076038593341,1.7115715000492335,0.13942595430768528,0.14861646000002793,0.3344160755739358,0.5523265385518598,0.09393150860997583,1.669877814764313,0.44301942835824987,4.660521057608433,8.036137284298901,0.42705175354098446,1.184880289574181,1.7261126413070005,0.6138523633218153,0.4851007767069304,0.12105522028471394,0.2157316013273988,1.3075175230612464,0.21579829644787632,0.20363599932488238,0,98.53333333333333,0.01466666666666668,139.0634435433597,111.75988481375775,10.119994585248367,0.8189093751706032,0.09744886954472434,0.06321132329793662,-0.025682645926461585,0.03872386339811467,0.4790682330625725,101.56666666666666,55.46666666666667,0.5474966775111814,0.0,0.0,0.29866613234316086,32.399926569567626,0.0,11.574161528306128,4.442654186309065,0.0,0.03333333333333333,0.4436993650343267,0.016232676375439913,0.0,0.0,0.1,0.1,0.0,1.0,0.008416666666666666,0.0,1.0,0.0,0.09166666666666666,0.0,False,
0.7326222830744852,0.07785174731013897,1.0270630499237179,1.382845859188382,0.03480840078088882,0.0150613489538538,11.082284890978494,3.944341565136385,3.500368745905873,0.3477076038593341,1.7115715000492335,0.13942595430768528,0.14861646000002793,0.3344160755739358,0.5523265385518598,0.09393150860997583,1.669877814764313,0.44301942835824987,4.660521057608433,8.036137284298901,0.42705175354098446,1.184880289574181,1.7261126413070005,0.6138523633218153,0.4851007767069304,0.12105522028471394,0.2157316013273988,1.3075175230612464,0.21579829644787632,0.20363599932488238,1,95.86666666666666,0.041333333333333354,135.5303946381776,109.09018831286234,9.84611110526871,0.8218460310413589,0.10242769516955576,0.06826600304394523,-0.056210112531292565,0.082568274880137,0.5030998101837822,99.73333333333333,80.03333333333333,0.8024305555555556,0.0,0.0,0.8416954638761804,53.810175832235,0.009372857492316984,7.893480495881213,4.800141776439351,0.0,0.06666666666666667,0.7818553596735718,0.0168553067980962,0.0,0.0,0.16666666666666666,0.16666666666666666,0.0,1.0,0.008583333333333333,0.0,1.0,0.0,0.11666666666666667,0.0,False,
0.7326222830744852,0.07785174731013897,1.0270630499237179,1.382845859188382,0.03480840078088882,0.0150613489538538,11.082284890978494,3.944341565136385,3.500368745905873,0.3477076038593341,1.7115715000492335,0.13942595430768528,0.14861646000002793,0.3344160755739358,0.5523265385518598,0.09393150860997583,1.669877814764313,0.44301942835824987,4.660521057608433,8.036137284298901,0.42705175354098446,1.184880289574181,1.7261126413070005,0.6138523633218153,0.4851007767069304,0.12105522028471394,0.2157316013273988,1.3075175230612464,0.21579829644787632,0.20363599932488238,2,100.0,0.0,139.2691280035303,112.86339780211921,10.270630499237184,0.827933298721138,0.09530633716671298,0.07689160377231405,0.020950140164605956,0.00211521150813697,0.45457329699517846,105.5,68.36666666666666,0.6479784366576822,0.0,0.0,0.0,1.6222950275635781,0.0,0.2843928322592154,0.25322944913354145,0.0,0.0,0.0,0.014800802346658063,0.0,0.0,0.0,0.0,0.0,1.0,0.008083333333333333,0.0,1.0,0.0,0.1,0.0,False,
0.803627580803366,0.06523573713043457,1.1181566179583737,1.2133137772534734,0.06075368071517594,0.020765140454645916,8.40077852263509,2.5786405629062847,3.0364436792278005,0.3801521793106078,1.6649184656860663,0.18976073455689396,0.3012539456672783,0.3367938982742428,0.7845205440569862,0.14707468303942345,2.3857526208055084,0.3762407380757713,9.83482872685877,10.16624354639216,0.3703517534435672,1.0600352038510432,1.877657076613081,0.7286372542245285,0.49400161586673863,0.1143275961992877,0.18578200444884982,1.9982554596306223,0.29100612488293554,0.13062362138633551,0,89.1,0.10900000000000003,109.90133173956173,108.85432709736479,9.96277546600911,1.018018422437332,0.09765120032919768,0.09272778944787803,0.13539952239086706,0.06239807212175156,0.3246249430239363,101.5,85.16666666666667,0.840723229870248,0.0,0.0,1.423797473111057,33.77992206514092,3.7007434154171884e-18,0.0002260333686790424,3.954923150159108,0.0,0.03333333333333333,0.4186041265736022,0.026870122657578228,0.0,0.8149329263044494,0.13333333333333333,0.13333333333333333,0.0,1.0,0.009333333333333334,0.0016666666666666666,1.0,0.0,0.06666666666666667,0.016666666666666666,False,
0.803627580803366,0.06523573713043457,1.1181566179583737,1.2133137772534734,0.06075368071517594,0.020765140454645916,8.40077852263509,2.5786405629062847,3.0364436792278005,0.3801521793106078,1.6649184656860663,0.18976073455689396,0.3012539456672783,0.3367938982742428,0.7845205440569862,0.14707468303942345,2.3857526208055084,0.3762407380757713,9.83482872685877,10.16624354639216,0.3703517534435672,1.0600352038510432,1.877657076613081,0.7286372542245285,0.49400161586673863,0.1143275961992877,0.18578200444884982,1.9982554596306223,0.29100612488293554,0.13062362138633551,1,93.86666666666666,0.06133333333333334,116.50379875992772,114.17996865842538,10.495763453902603,1.017772970320852,0.09694898830109598,0.11472712746195043,0.1029036853523389,0.06335330039294439,0.32529714308203334,93.63333333333334,71.03333333333333,0.7671706756460656,0.0,0.0,0.8011582111695243,76.19159047060498,3.7007434154171884e-18,0.2351662147779499,6.959464993726334,0.0,0.1,1.4581273787044053,0.03967355796623231,0.0,0.7961064921535249,0.5666666666666667,0.5666666666666667,0.0,1.0,0.01075,0.003333333333333333,1.0,0.0,0.1,0.025,False,
0.803627580803366,0.06523573713043457,1.1181566179583737,1.2133137772534734,0.06075368071517594,0.020765140454645916,8.40077852263509,2.5786405629062847,3.0364436792278005,0.3801521793106078,1.6649184656860663,0.18976073455689396,0.3012539456672783,0.3367938982742428,0.7845205440569862,0.14707468303942345,2.3857526208055084,0.3762407380757713,9.83482872685877,10.16624354639216,0.3703517534435672,1.0600352038510432,1.877657076613081,0.7286372542245285,0.49400161586673863,0.1143275961992877,0.18578200444884982,1.9982554596306223,0.29100612488293554,0.13062362138633551,2,91.1,0.089,111.74059777936985,111.73315983529604,10.186406789600785,1.0286864072734279,0.09306069325526126,0.10947979962315008,0.0892834239985416,0.06723707759579885,0.32833122711658996,96.16666666666667,71.66666666666667,0.7457692664723238,0.0,0.0,1.162550230338386,74.31279491412432,3.7007434154171884e-18,0.09180454703405878,7.3829827645453765,0.0,0.13333333333333333,2.10988131883992,0.04508056341261793,0.0,0.18550825716333227,0.8333333333333334,0.8333333333333334,0.0,1.0,0.011083333333333334,0.0025,1.0,0.0,0.125,0.016666666666666666,False,
0.7351215667271839,0.07252181450282519,1.1734441770518362,1.0823384587772331,0.054842137085061436,0.0249667379385204,9.20887896569883,3.4930100814337175,2.1829064049896703,0.4561281011306449,2.0099284335207366,0.2797575367247398,0.2707449758695885,0.22733955774795478,0.5338821040406704,0.15442198213463268,1.853961921136122,0.32829075844784944,6.965100021119332,6.117063915281777,0.4202597115977283,1.1308250846590338,2.9226529427845054,0.6786435159758379,0.49961609678262353,0.1433569208602468,0.18913336126551603,1.9801505627289406,0.2309651983479786,0.08971788125145094,0,94.0,0.05999999999999999,105.1803863404106,119.95082368057402,11.030375264287262,1.179827848013868,0.07922084064411532,0.11632209403223027,0.00983694876916044,0.030921336314784408,0.4293925558084782,98.1,74.9,0.7683047679433858,0.0,0.0,0.5383072875087057,72.07794173155791,0.0,0.03505208089986588,6.827554875933631,0.0,0.1,1.2654890210685754,0.04938742409439802,0.0,0.6891365160547739,0.3333333333333333,0.3333333333333333,0.0,1.0,0.009000000000000001,0.0016666666666666666,1.0,0.0,0.15,0.025,False,
0.7351215667271839,0.07252181450282519,1.1734441770518362,1.0823384587772331,0.054842137085061436,0.0249667379385204,9.20887896569883,3.4930100814337175,2.1829064049896703,0.4561281011306449,2.0099284335207366,0.2797575367247398,0.2707449758695885,0.22733955774795478,0.5338821040406704,0.15442198213463268,1.853961921136122,0.32829075844784944,6.965100021119332,6.117063915281777,0.4202597115977283,1.1308250846590338,2.9226529427845054,0.6786435159758379,0.49961609678262353,0.1433569208602468,0.18913336126551603,1.9801505627289406,0.2309651983479786,0.08971788125145094,1,89.4,0.10599999999999997,100.91184187547606,115.44627032995938,10.490590942843419,1.1763685157300894,0.07909844783974222,0.10458135411976584,0.11181120938113971,0.06276582389485569,0.41539822895431977,95.9,64.6,0.6821568901232716,0.0,0.0,0.9510095412653801,84.59784043701416,0.0,0.7431790603854601,7.6107503871976165,0.0,0.23333333333333334,2.649856244816894,0.049434761382429276,0.0,0.894106148861925,0.7,0.7,0.0,1.0,0.009833333333333333,0.0016666666666666666,1.0,0.0,0.18333333333333332,0.025,False,
0.7351215667271839,0.07252181450282519,1.1734441770518362,1.0823384587772331,0.054842137085061436,0.0249667379385204,9.20887896569883,3.4930100814337175,2.1829064049896703,0.4561281011306449,2.0099284335207366,0.2797575367247398,0.2707449758695885,0.22733955774795478,0.5338821040406704,0.15442198213463268,1.853961921136122,0.32829075844784944,6.965100021119332,6.117063915281777,0.4202597115977283,1.1308250846590338,2.9226529427845054,0.6786435159758379,0.49961609678262353,0.1433569208602468,0.18913336126551603,1.9801505627289406,0.2309651983479786,0.08971788125145094,2,98.6,0.014000000000000009,107.26747406398981,125.70370181029872,11.570159585731103,1.2096345437115659,0.08913236815875882,0.13375195912625656,-0.018747424231654954,0.058196853304757275,0.43647626746535967,102.63333333333334,78.1,0.7625504138648661,0.0,0.0,0.12560503375203128,45.698688083336584,0.0,0.05220378358194022,4.404154403777382,0.0,0.06666666666666667,0.7896541120712609,0.05292118896117272,0.0,0.3224680717406227,0.2,0.2,0.0,1.0,0.009416666666666667,0.0025,1.0,0.0,0.18333333333333332,0.016666666666666666,False,
0.8029940171841591,0.06777327348673315,1.1296350647765634,1.154841707892942,0.05795518144633511,0.017798670956734566,10.672997452044488,3.7594109622124927,2.73145673451085,0.5898762619028813,1.890518563919446,0.3593820831057738,0.09933601672148588,0.1976163127444152,0.6316549441263809,0.12187577254125005,2.206916459151974,0.3311401597543894,8.11527918204554,7.5038247862936895,0.25878432212170155,1.7193355183523518,0.8621371138298299,0.6090531417984428,0.5784396073631695,0.15527725405537518,0.19346633989616058,2.129232495452975,0.17720395276501286,0.21282565666316638,0,96.66666666666667,0.03333333333333335,113.9493974351489,119.65178961331058,10.919805626173448,1.0732149231646162,0.09049776450127728,0.08651646263285966,0.004373852092221761,0.055631390913356976,0.37054573806705615,98.13333333333334,70.73333333333333,0.725369838227893,0.0,0.0,0.709418855543888,68.38987238901697,0.0,0.11846675402893322,3.827747941277711,0.0,0.16666666666666666,1.9409164842112512,0.03943452730151007,0.0,1.1481631048894962,0.5666666666666667,0.5666666666666667,0.0,1.0,0.011666666666666667,0.0016666666666666666,1.0,0.0,0.16666666666666666,0.016666666666666666,False,
0.8029940171841591,0.06777327348673315,1.1296350647765634,1.154841707892942,0.05795518144633511,0.017798670956734566,10.672997452044488,3.7594109622124927,2.73145673451085,0.5898762619028813,1.890518563919446,0.3593820831057738,0.09933601672148588,0.1976163127444152,0.6316549441263809,0.12187577254125005,2.206916459151974,0.3311401597543894,8.11527918204554,7.5038247862936895,0.25878432212170155,1.7193355183523518,0.8621371138298299,0.6090531417984428,0.5784396073631695,0.15527725405537518,0.19346633989616058,2.129232495452975,0.17720395276501286,0.21282565666316638,1,90.9,0.09099999999999998,106.25061417444431,112.00938718090988,10.268382738818962,1.0762530108625572,0.09549674427441399,0.0857311021339383,0.15429123512897994,0.05095391165894059,0.33082836910857344,97.46666666666667,68.0,0.6996119042611201,0.0,0.0,1.936713475634814,106.12378255530372,0.0,0.12655935198117238,7.569294468152338,0.0,0.13333333333333333,1.6444577986288884,0.03633304847245499,0.0,1.0999766266546787,0.5,0.5,0.0,1.0,0.010833333333333332,0.0008333333333333333,1.0,0.0,0.14166666666666666,0.016666666666666666,False,
0.8029940171841591,0.06777327348673315,1.1296350647765634,1.154841707892942,0.05795518144633511,0.017798670956734566,10.672997452044488,3.7594109622124927,2.73145673451085,0.5898762619028813,1.890518563919446,0.3593820831057738,0.09933601672148588,0.1976163127444152,0.6316549441263809,0.12187577254125005,2.206916459151974,0.3311401597543894,8.11527918204554,7.5038247862936895,0.25878432212170155,1.7193355183523518,0.8621371138298299,0.6090531417984428,0.5784396073631695,0.15527725405537518,0.19346633989616058,2.129232495452975,0.17720395276501286,0.21282565666316638,2,95.8,0.041999999999999996,111.4000324407821,118.62215279207047,10.821903920559476,1.0889141066059624,0.09009609213206952,0.10128020207651213,0.0038704904623269687,0.041870231233523264,0.3731743512043926,98.53333333333333,68.06666666666666,0.6989895943256719,0.0,0.0,0.893867757985299,74.54261456487913,0.0,1.3977240368452633,5.630513328414934,0.0,0.13333333333333333,1.8966987320917919,0.039313427981864324,0.0,1.0746499336186066,0.5333333333333333,0.5333333333333333,0.0,1.0,0.011666666666666667,0.0016666666666666666,1.0,0.0,0.15,0.016666666666666666,False,
0.6595956770029854,0.047794058169440025,1.108841758557618,1.1111192254225193,0.040588291542361626,0.011083069984269268,6.589898284172614,3.3707336177612763,4.329726609114682,0.5289742899094246,1.505176019553256,0.29575719803014794,0.23403510463372101,0.22412228065452983,0.7335892233510923,0.12150092580385008,1.6217251346300825,0.251585186037072,7.565132994873877,5.211103188915461,0.2645244716428431,1.512686773406908,1.6024801038211858,0.5780335190975978,0.3145792624941931,0.1094730275000037,0.08968184833179907,1.6192517943728824,0.2632181697022985,0.0687928242467393,0,99.76666666666667,0.0023333333333333353,111.19131701373526,123.3221924514637,11.062544611209837,1.1386387699157032,0.1325804063872075,0.10920737601122506,-0.34363384776435024,0.026355815510433547,0.7459835702983166,103.43333333333334,93.13333333333334,0.9,0.0,0.0,0.016051658990905836,8.545560870260772,3.7007434154171884e-18,0.03406753427681943,1.4175546493524356,0.0,0.03333333333333333,0.44311496855293403,0.03993408459384156,0.0,0.47711776836839437,0.03333333333333333,0.03333333333333333,0.0,1.0,0.00775,0.0016666666666666666,1.0,0.0,0.10833333333333334,0.016666666666666666,False,
0.6595956770029854,0.047794058169440025,1.108841758557618,1.1111192254225193,0.040588291542361626,0.011083069984269268,6.589898284172614,3.3707336177612763,4.329726609114682,0.5289742899094246,1.505176019553256,0.29575719803014794,0.23403510463372101,0.22412228065452983,0.7335892233510923,0.12150092580385008,1.6217251346300825,0.251585186037072,7.565132994873877,5.211103188915461,0.2645244716428431,1.512686773406908,1.6024801038211858,0.5780335190975978,0.3145792624941931,0.1094730275000037,0.08968184833179907,1.6192517943728824,0.2632181697022985,0.0687928242467393,1,98.86666666666666,0.01133333333333334,109.95828913424019,120.12690813580815,10.96274885293965,1.1473573499015233,0.1388950215132088,0.15256486381508516,-0.20884255642327793,0.013990564600746547,0.6599773022918832,107.23333333333333,63.266666666666666,0.590013736772098,0.0,0.0,0.0779652008129712,0.3646101606047527,0.0,19.796007042290885,3.6604634377736156,0.0,0.0,0.0,0.049506301224629574,0.0,0.5475150384373216,0.0,0.0,0.0,1.0,0.007916666666666666,0.0025,1.0,0.0,0.09166666666666666,0.03333333333333333,False,
0.6595956770029854,0.047794058169440025,1.108841758557618,1.1111192254225193,0.040588291542361626,0.011083069984269268,6.589898284172614,3.3707336177612763,4.329726609114682,0.5289742899094246,1.505176019553256,0.29575719803014794,0.23403510463372101,0.22412228065452983,0.7335892233510923,0.12150092580385008,1.6217251346300825,0.251585186037072,7.565132994873877,5.211103188915461,0.2645244716428431,1.512686773406908,1.6024801038211858,0.5780335190975978,0.3145792624941931,0.1094730275000037,0.08968184833179907,1.6192517943728824,0.2632181697022985,0.0687928242467393,2,99.3,0.007000000000000006,108.03990462771876,120.76728198393421,11.010798662477148,1.1625901919230435,0.13625866203590753,0.14764922213716383,-0.18387849331949438,0.010753601618969898,0.6282357611821191,107.63333333333334,71.1,0.6599377669040398,0.0,0.0,0.0481549769727175,0.9634027140615383,0.0,5.9489276769588075,1.336074110427733,0.0,0.0,0.0,0.054931775568490514,0.0,0.5156118660234348,0.03333333333333333,0.03333333333333333,0.0,1.0,0.007916666666666666,0.003333333333333333,1.0,0.0,0.15,0.016666666666666666,False,
0.7506846313092763,0.04950001854664271,1.1890459473661954,1.3469806356073895,0.035379226458956387,0.013520744956526824,11.145239267827023,4.370919593453061,2.587527379872132,0.3882328329374304,1.5557433624330472,0.36555586607436097,0.17463399763538706,0.33154738648836446,0.5917142684245323,0.12442711230057693,1.6387965423459407,0.5472306279994795,10.127008847636313,6.380116978176827,0.36018942590515823,1.4735625550765858,3.1344896120117203,0.46057240888502926,0.5352295934287676,0.2754005309167321,0.13117268680857413,1.1087556295029688,0.23613572032753177,0.18164173404821513,0,96.16666666666667,0.03833333333333333,130.47993567969462,126.60968397781419,11.43465852717158,0.9862215886747894,0.11291270210993196,0.07182220662013804,-0.07942763448635728,0.06851842656778002,0.5233506497357846,100.86666666666666,53.266666666666666,0.5291510638741245,0.0,0.0,0.6962933138514914,84.40591335099512,0.0,3.0135568775386856,8.505888051008027,0.0,0.06666666666666667,0.908176305075149,0.035889695398637844,0.0,0.697456824619378,0.13333333333333333,0.13333333333333333,0.0,1.0,0.008583333333333333,0.0,1.0,0.0,0.10833333333333334,0.016666666666666666,False,
0.7506846313092763,0.04950001854664271,1.1890459473661954,1.3469806356073895,0.035379226458956387,0.013520744956526824,11.145239267827023,4.370919593453061,2.587527379872132,0.3882328329374304,1.5557433624330472,0.36555586607436097,0.17463399763538706,0.33154738648836446,0.5917142684245323,0.12442711230057693,1.6387965423459407,0.5472306279994795,10.127008847636313,6.380116978176827,0.36018942590515823,1.4735625550765858,3.1344896120117203,0.46057240888502926,0.5352295934287676,0.2754005309167321,0.13117268680857413,1.1087556295029688,0.23613572032753177,0.18164173404821513,1,91.46666666666667,0.08533333333333334,122.24813367854357,116.46822635884823,10.875806931909466,0.9861890342488376,0.11103172299710011,0.11123549749964175,0.009244758624353722,0.07165154383021156,0.5389538398319079,99.13333333333334,74.43333333333334,0.7489787882506955,0.0,0.0,1.5500094638781026,98.08961306596235,0.0,4.14141043632668,7.304552771913427,0.0,0.06666666666666667,1.1292804993654122,0.030213247210931663,0.0,0.8120578726737829,0.3333333333333333,0.3333333333333333,0.0,1.0,0.009083333333333334,0.0,1.0,0.0,0.09166666666666666,0.008333333333333333,False,
0.7506846313092763,0.04950001854664271,1.1890459473661954,1.3469806356073895,0.035379226458956387,0.013520744956526824,11.145239267827023,4.370919593453061,2.587527379872132,0.3882328329374304,1.5557433624330472,0.36555586607436097,0.17463399763538706,0.33154738648836446,0.5917142684245323,0.12442711230057693,1.6387965423459407,0.5472306279994795,10.127008847636313,6.380116978176827,0.36018942590515823,1.4735625550765858,3.1344896120117203,0.46057240888502926,0.5352295934287676,0.2754005309167321,0.13117268680857413,1.1087556295029688,0.23613572032753177,0.18164173404821513,2,88.16666666666667,0.11833333333333333,119.1041530387001,114.40598669741793,10.483421769278625,0.9781482648719023,0.08927895323898727,0.08180309782394236,0.13698060511089027,0.04548129427654408,0.43521040422343693,93.86666666666666,77.4,0.8281499224668274,0.0,0.0,2.149427186237212,100.75342783795696,0.0,0.015330204640138567,7.219003649424973,0.0,0.03333333333333333,0.4193366662344312,0.03720367315419651,0.0,0.7870081683901284,0.1,0.1,0.0,1.0,0.008583333333333333,0.0,1.0,0.0,0.11666666666666667,0.008333333333333333,False,
0.7131040464518701,0.0713696573194412,1.1441503550293268,1.0729020651741186,0.04587051837565084,0.01822713759559736,9.68372193104796,3.9893036141241183,2.833313824230273,0.467601247922134,1.557621685737417,0.2484216799348989,0.2250633711078333,0.2338966416423281,0.5392056576325083,0.08929397911005858,2.1704839924104733,0.48931718625329734,7.000817912763222,7.543214912418155,0.5441840333699479,1.5669318271626511,1.6508771536699727,0.3324278854478888,0.5288419912255529,0.2321247668666261,0.06857551606404225,1.170178657268631,0.33785710523368945,0.14483479264798704,0,97.3,0.027000000000000003,106.48380183332948,122.57269678159636,11.132582954435346,1.1805243056532528,0.0983689059792099,0.10873796599779702,-0.0562952890413372,0.015213449490176173,0.39731516763853963,102.23333333333333,102.23333333333333,1.0,0.0,0.0,0.39105394014956496,4.134567577066961,0.0,0.0,0.12354330557608861,0.0,0.0,0.0,0.047017624106255554,0.0,0.6498360795198159,0.0,0.0,0.0,1.0,0.007166666666666667,0.0016666666666666666,1.0,0.0,0.14166666666666666,0.016666666666666666,False,
0.7131040464518701,0.0713696573194412,1.1441503550293268,1.0729020651741186,0.04587051837565084,0.01822713759559736,9.68372193104796,3.9893036141241183,2.833313824230273,0.467601247922134,1.557621685737417,0.2484216799348989,0.2250633711078333,0.2338966416423281,0.5392056576325083,0.08929397911005858,2.1704839924104733,0.48931718625329734,7.000817912763222,7.543214912418155,0.5441840333699479,1.5669318271626511,1.6508771536699727,0.3324278854478888,0.5288419912255529,0.2321247668666261,0.06857551606404225,1.170178657268631,0.33785710523368945,0.14483479264798704,1,94.96666666666667,0.05033333333333334,105.3328869542435,119.64028490160442,10.865614538261838,1.1721322343827685,0.09123357831829952,0.12249044732746134,-0.016650524133095358,0.06293013281153238,0.38842578975309067,97.56666666666666,56.1,0.5785936086715714,0.0,0.0,0.729001789661535,77.46845039274523,0.02802965715709318,1.3064830620919374,7.311015716163417,0.0,0.13333333333333333,2.255230019621235,0.04611205243542343,0.0,0.9217086743063596,0.4666666666666667,0.4666666666666667,0.0,1.0,0.009000000000000001,0.0008333333333333333,1.0,0.0,0.15833333333333333,0.025,False,
0.7131040464518701,0.0713696573194412,1.1441503550293268,1.0729020651741186,0.04587051837565084,0.01822713759559736,9.68372193104796,3.9893036141241183,2.833313824230273,0.467601247922134,1.557621685737417,0.2484216799348989,0.2250633711078333,0.2338966416423281,0.5392056576325083,0.08929397911005858,2.1704839924104733,0.48931718625329734,7.000817912763222,7.543214912418155,0.5441840333699479,1.5669318271626511,1.6508771536699727,0.3324278854478888,0.5288419912255529,0.2321247668666261,0.06857551606404225,1.170178657268631,0.33785710523368945,0.14483479264798704,2,95.3,0.04700000000000001,104.37502582919161,120.02033498794245,10.903752883429483,1.1923505679696507,0.08954198730854165,0.15088824948360532,0.03458610923169101,0.05595448494706964,0.3724236636190028,99.56666666666666,81.86666666666666,0.8256188387309521,0.0,0.0,0.6807235254455389,69.73565256802532,0.0,0.08783294347100103,5.86182551996832,0.0,0.1,1.4673581920956864,0.045772878000013464,0.0,0.21743436774664873,0.3333333333333333,0.3333333333333333,0.0,1.0,0.007833333333333333,0.0025,1.0,0.0,0.19166666666666668,0.016666666666666666,False,
0.6927419489732362,0.054328492383606056,1.1462605688402365,1.1905881056927092,0.04183693757809792,0.020893257476014587,8.142414692793682,2.6129178877087735,3.4461277322282733,0.5215316412006953,1.3893551247978204,0.13629803667639434,0.10205128741939076,0.32622872727371277,0.5176680087172829,0.17442767086639094,1.757915309741367,0.45719578815662376,9.510431287582557,8.967298354333074,0.37553351493501924,1.323340766707102,2.854861617227052,0.5149141769744239,0.4346353607729124,0.29917608227206494,0.051998244906677316,1.8281577831198468,0.11772932982224243,0.06759478488869793,0,93.96666666666667,0.06033333333333333,114.34944929507687,118.36809205138029,10.771028478535426,1.06188869150573,0.09542562362270816,0.09939628005042662,0.056174483455372834,0.011535922298751349,0.43008921786488696,106.16666666666667,60.8,0.5727538150995214,0.0,0.0,0.4078218688284775,7.629998197608171,0.0,6.940349165819374,2.32028574027168,0.0,0.0,0.0,0.04091227008652571,0.0,0.22123034820304271,0.0,0.0,0.0,1.0,0.008166666666666666,0.0008333333333333333,1.0,0.0,0.1,0.008333333333333333,False,
0.6927419489732362,0.054328492383606056,1.1462605688402365,1.1905881056927092,0.04183693757809792,0.020893257476014587,8.142414692793682,2.6129178877087735,3.4461277322282733,0.5215316412006953,1.3893551247978204,0.13629803667639434,0.10205128741939076,0.32622872727371277,0.5176680087172829,0.17442767086639094,1.757915309741367,0.45719578815662376,9.510431287582557,8.967298354333074,0.37553351493501924,1.323340766707102,2.854861617227052,0.5149141769744239,0.4346353607729124,0.29917608227206494,0.051998244906677316,1.8281577831198468,0.11772932982224243,0.06759478488869793,1,94.06666666666666,0.05933333333333333,114.59478238400675,118.78662932968854,10.78249108422383,1.0615938319717357,0.09653732787521475,0.09997748879185687,0.027983397638408198,0.0126237199436255,0.43983835325982246,105.66666666666667,65.13333333333334,0.6163737727818135,0.0,0.0,0.40106239033960767,1.8110669098484393,0.0,4.71413470288056,1.0330969303897486,0.0,0.0,0.0,0.04807531445360025,0.0,0.22675244064254438,0.0,0.0,0.0,1.0,0.008083333333333333,0.0008333333333333333,1.0,0.0,0.1,0.016666666666666666,False,
0.6927419489732362,0.054328492383606056,1.1462605688402365,1.1905881056927092,0.04183693757809792,0.020893257476014587,8.142414692793682,2.6129178877087735,3.4461277322282733,0.5215316412006953,1.3893551247978204,0.13629803667639434,0.10205128741939076,0.32622872727371277,0.5176680087172829,0.17442767086639094,1.757915309741367,0.45719578815662376,9.510431287582557,8.967298354333074,0.37553351493501924,1.323340766707102,2.854861617227052,0.5149141769744239,0.4346353607729124,0.29917608227206494,0.051998244906677316,1.8281577831198468,0.11772932982224243,0.06759478488869793,2,89.76666666666667,0.10233333333333335,107.52895243511044,111.37374512224689,10.289599039622523,1.0684381647306245,0.08505923679830059,0.12579069606326201,0.13485874585592272,0.030113170038098176,0.41577502191754534,94.93333333333334,38.266666666666666,0.40502996874987485,0.0,0.0,0.6917199653610088,78.90540018886219,0.0,2.102316284779369,10.517168699724035,0.0,0.03333333333333333,0.5169589877297247,0.06001870038299669,0.0,0.37951316334277185,0.16666666666666666,0.16666666666666666,0.0,1.0,0.0085,0.0025,1.0,0.0,0.11666666666666667,0.03333333333333333,False,
