,Employment,UnemploymentRate,WageBill,Output,Production,Consumption,Transfers,UnemploymentTransfers,HH_Deposit,HH_Debt,Firm_Debt,Firm_Cash,Inventories,AvgPrice,AvgMarkup,PriceDispersion,InventoryGap,SalesForecastError,InventoryTurnover,CreditRequests,CreditRejections,CreditRejectionRate,FirmDowntimeShare,ReentryCount,Bank_Equity,Bank_Loans,Bank_Deposits,BankFailed,BankResolved,BankResolutionAmount,BankResolutionHaircut,BankBailedOut,BankBailoutAmount,Defaults,DefaultsHH,DefaultsFirm,BalanceOK
0,100,0.0,113.49850223309342,106.09326812923277,106.09326812923277,281.4342377041701,11.349850223309344,0.0,1.3189999532556729,50.742997180157275,49.84022618503267,109.68002012342586,0.0,1.1411581591717421,0.07517502814670744,0.04821943702925458,-1.0,0.37997920046128825,2.0,113.0,0.0,0.0,0.0,0.0,50.0,100.58322336518995,110.99902007668153,False,False,0.0,0.0,False,0.0,0,0,0,True
1,100,0.0,113.49850223309342,104.48421904521425,106.09326812923277,180.6055294826523,11.349850223309344,0.0,0.05928004634495765,106.81916101677727,53.56953319587115,108.39901964806253,1.6090490840185065,1.1521966905073664,0.08359917017581564,0.05157779113849856,-0.9938893733118231,0.1036636697733734,1.9570929379257038,117.0,0.0,0.0,0.0,0.0,50.49398846140514,160.38869421264843,108.45829969440749,False,False,0.0,0.0,False,0.0,0,0,0,True
2,100,0.0,113.49850223309342,104.04537484186085,106.09326812923277,179.91583342898903,11.349850223309344,0.0,0.0,165.17725091949498,58.64890916751078,108.8428204270493,3.6569423713904143,1.1621729665413856,0.09285523159410639,0.05331653635368744,-0.986507922774398,0.0376403986379507,1.9143450583861725,117.0,0.0,0.0,0.0,0.0,51.13091776994944,223.82616008700575,108.8428204270493,False,False,0.0,0.0,False,0.0,0,0,0,True
3,100,0.0,113.2558582420016,101.19150162207691,106.09326812923277,165.93771756767526,11.349850223309344,0.0,0.0,211.69017626390942,63.0774994075498,106.87736068062772,8.558708878546254,1.1719887068781678,0.1019598582616272,0.055045135472044586,-0.967812904286754,0.021667107118413555,1.8297408089444578,117.0,0.0,0.0,0.0,0.0,51.924965322218235,274.76767567145924,106.87736068062772,False,False,0.0,0.0,False,0.0,0,0,0,True
4,100,0.0,111.02712481948502,95.62344888350096,106.09326812923277,144.09024878686017,11.349850223309344,0.0,0.0,240.04328125824,66.35418078355895,102.53692689204036,19.028528124278044,1.1815527886664516,0.11083419189286355,0.05667784432996939,-0.9234260063904702,0.049603109002922155,1.6960813589178323,117.0,0.0,0.0,0.0,0.0,52.87848077282129,306.3974620417989,102.53692689204036,False,False,0.0,0.0,False,0.0,0,0,0,True
5,100,0.0,107.60927993117458,88.6863196297493,106.09326812923277,115.81598184380307,11.349850223309344,0.0,0.0,244.42928195411278,72.1810568821086,97.56559024317983,36.43547662376148,1.190647416915986,0.11928517026420168,0.05806508258409691,-0.8310283165651778,0.07973319701143565,1.5699363841990852,116.0,36.0,0.3103448275862069,0.0,0.0,53.97818627928373,316.6103388362214,97.56559024317983,False,False,0.0,0.0,False,0.0,0,0,0,True
6,99,0.010000000000000009,103.60161139766004,86.66230540455669,105.18317129510126,107.60829690069393,11.236351721076252,0.0315637774991124,0.0,244.83477137579834,81.64752906862807,98.1689577442166,54.95634251430605,1.1989300857601755,0.12701225880213018,0.05895729117185089,-0.7160261332120518,0.05993262678963103,1.5151803687072125,114.0,48.0,0.42105263157894735,0.0,0.0,55.31101681362691,326.4823004444264,98.1689577442166,False,False,0.0,0.0,False,0.0,0,0,0,True
7,92,0.07999999999999996,98.1266615296365,86.35504158104058,98.67697665228843,106.12964602125331,10.441862205444597,0.2525102199928992,0.0,249.82282135838736,87.58898769014097,100.8191728721321,67.2782775855539,1.2062371919935644,0.1338694778059943,0.05933514593395549,-0.6356872941328543,0.032686426650620694,1.4941819321016028,109.0,33.0,0.30275229357798167,0.0,0.0,56.93777655358255,337.4118090485283,100.8191728721321,False,False,0.0,0.0,False,0.0,0,0,0,True
8,92,0.07999999999999996,100.74711051380137,90.11496857863911,100.78165572665495,111.62019859417478,10.441862205444597,0.2525102199928992,0.0,257.83742909655746,89.24323404443564,101.60285992383818,77.94496473356973,1.2128370122963141,0.14007423571340366,0.059720620940232186,-0.5921545683636005,0.02421055251648136,1.366715624600959,110.0,20.0,0.18181818181818182,0.0,0.0,58.72682069012889,347.0806631409931,101.60285992383818,False,False,0.0,0.0,False,0.0,0,0,0,True
9,98,0.020000000000000018,104.2834287147055,90.50145340817868,108.49100327023473,112.3878646467652,11.122853218843156,0.0631275549982248,0.0,262.8431609032157,95.49159251287976,103.69643528983455,95.93451459562576,1.2189985656812166,0.14580885815454142,0.0608334480301219,-0.522978021171719,0.013929247211108869,1.2457244354469954,106.0,24.0,0.22641509433962265,0.0,0.0,60.56060120693484,358.33475341609545,103.69643528983455,False,False,0.0,0.0,False,0.0,0,0,0,True
10,95,0.050000000000000044,102.3913323620697,91.38319837552055,103.91393314918258,114.09838252918468,10.782357712143877,0.157818887495562,0.0,271.8543198904732,99.2575264290428,106.32792441652828,108.46524936928779,1.2246031495172571,0.15093487171268666,0.06288008870721337,-0.4775926314537804,0.014851856162692079,1.198298207160897,105.0,9.0,0.08571428571428572,0.0,0.0,62.57182522880734,371.111846319516,106.32792441652828,False,False,0.0,0.0,False,0.0,0,0,0,True
11,96,0.040000000000000036,103.37023620638166,92.2410598200305,103.82086204475647,115.06560212264657,10.89585621437697,0.1262551099964496,0.0,281.0545020922598,102.99801925438324,109.13753387975746,120.04505159401378,1.2297923576372352,0.15562653266175494,0.06543988987593961,-0.42841320873163813,0.015267640334066846,1.1155442814190792,103.0,7.0,0.06796116504854369,0.0,0.0,64.67661280977609,384.052521346643,109.13753387975746,False,False,0.0,0.0,False,0.0,0,0,0,True
12,94,0.06000000000000005,102.18878806133276,93.04199904604485,101.25745795603498,116.38191515280879,10.668859209910782,0.18938266499467438,0.0,293.20488597275215,104.66242087581091,112.1591550817279,128.26051050400392,1.23451753878382,0.15986995271217636,0.06815450590202911,-0.39383118578093673,0.014265507687695194,1.0501111116480826,97.0,0.0,0.0,0.0,0.0,66.87241776971527,397.8673068485631,112.1591550817279,False,False,0.0,0.0,False,0.0,0,0,0,True
13,98,0.020000000000000018,105.99093508035861,95.22421946378243,105.34565794712378,118.6910844403023,11.122853218843156,0.0631275549982248,0.0,303.9156597059217,107.13392324033602,114.77949259940462,138.38194898734525,1.238873449506751,0.16376878029172656,0.07085585917994561,-0.3501544013794658,0.028964833400285994,0.975473077762155,96.0,0.0,0.0,0.0,0.0,69.09141403147977,411.0495829462577,114.77949259940462,False,False,0.0,0.0,False,0.0,0,0,0,True
14,95,0.050000000000000044,104.75180413853417,97.031480935947,102.15927202672422,121.58182538451948,10.782357712143876,0.157818887495562,0.0,319.33806146178824,106.59435150684808,117.95332031552918,143.50974007812246,1.242778505201025,0.16725520017576662,0.07337732791009806,-0.33570452375654647,0.03003172489807813,0.9321025675093952,90.0,0.0,0.0,0.0,0.0,71.36308522709288,425.9324129686363,117.95332031552918,False,False,0.0,0.0,False,0.0,0,0,0,True
15,96,0.040000000000000036,105.7842866058997,96.48765661954907,103.55351529191894,120.48656972764825,10.89585621437697,0.1262551099964496,0.0,333.0345263026799,105.66691954056903,119.76465031002502,150.57559875049236,1.2464531122169311,0.17053735458454916,0.0757678793781571,-0.30374836000800104,0.006985691327639473,0.8785275433709685,87.0,0.0,0.0,0.0,0.0,73.58665568245985,438.70144584324896,119.76465031002502,False,False,0.0,0.0,False,0.0,0,0,0,True
16,99,0.010000000000000009,107.66486056279419,97.18824225775003,107.0405393591908,121.21920648814071,11.23635172107625,0.0315637774991124,0.0,345.76685031879265,106.42909429102765,122.01372113918907,160.4278958519332,1.2497859782097769,0.17349809247899198,0.07817828197062437,-0.2605283799610185,0.009875812968342385,0.8217071900698446,78.0,0.0,0.0,0.0,0.0,75.76315386573879,452.1959446098203,122.01372113918907,False,False,0.0,0.0,False,0.0,0,0,0,True
17,94,0.06000000000000005,104.50780314595438,96.34250694641392,101.49181987173165,119.84862713805052,10.668859209910783,0.18938266499467438,0.0,361.0946855250553,104.94735374485671,124.562042394123,165.57720877725086,1.2526988875363607,0.1760585546475263,0.08062487099571301,-0.23203652596032764,0.0060078960887508,0.783662399265911,74.0,0.0,0.0,0.0,0.0,77.9418163196708,466.04203926991204,124.562042394123,False,False,0.0,0.0,False,0.0,0,0,0,True
18,98,0.020000000000000018,107.50752468392925,96.71131977686042,105.27480517490392,120.27504179726417,11.122853218843158,0.0631275549982248,0.0,374.0022447323498,105.38836220263111,127.02290720823012,174.14069417529439,1.2553066309117695,0.17833678732659572,0.08304298524536892,-0.18362433123228034,0.006535670315892347,0.7092501609943651,71.0,0.0,0.0,0.0,0.0,80.04864919304144,479.39060693498095,127.02290720823012,False,False,0.0,0.0,False,0.0,0,0,0,True
19,99,0.010000000000000009,107.34459490487097,95.09024252201282,106.333738536953,117.91285499904191,11.23635172107625,0.0315637774991124,0.0,385.0334680870389,107.66038192722918,129.65586846125987,185.38419019023456,1.257424745141686,0.1801828063426444,0.08507307156366226,-0.11159818105332273,0.016656493015471077,0.6699525496077295,64.0,0.0,0.0,0.0,0.0,82.14540484501781,492.6938500142681,129.65586846125987,False,False,0.0,0.0,False,0.0,0,0,0,True
20,93,0.06999999999999995,103.02903883347554,90.3551806168148,100.25068106195086,112.11201439076935,10.555360707677691,0.22094644249378678,0.0,395.4170183737201,106.26478695739802,127.03770750776957,195.2796906353706,1.2589028545548864,0.18145541943078453,0.08673344753704564,-0.028166855143238422,0.05743513575423696,0.5657917615942878,58.0,0.0,0.0,0.0,0.0,84.2883940168515,501.68180533111814,127.03770750776957,False,False,0.0,0.0,False,0.0,0,0,0,True
21,95,0.050000000000000044,106.1666872398309,92.03967810461998,102.27985038708083,114.21068799154747,10.782357712143876,0.157818887495562,0.0,404.92341274337457,103.98431391894289,122.76717095421554,205.51986291783152,1.2596518636039817,0.18205685326409682,0.08824432993973036,0.036423102885689854,0.009932920677523155,0.4656053851851311,57.0,0.0,0.0,0.0,0.0,86.4127634183758,508.9077266623175,122.76717095421554,False,False,0.0,0.0,False,0.0,0,0,0,True
22,97,0.030000000000000027,106.71213232188303,91.58441674772797,104.54958290404639,113.60974262030788,11.009354716610062,0.09469133249733719,0.0,413.41772285321565,104.28495883864309,119.98411837618193,218.48502907414988,1.259753124862905,0.1820674345202582,0.08935276015726847,0.11731704175422548,0.010055173221043105,0.37196270103821283,51.0,0.0,0.0,0.0,0.0,88.50663221330532,517.7026816918587,119.98411837618193,False,False,0.0,0.0,False,0.0,0,0,0,True
23,95,0.050000000000000044,104.86014069642057,89.24638790846903,102.50394886242532,110.62581693834625,10.782357712143877,0.157818887495562,0.0,421.21039916879243,104.17557867995521,116.2742019450368,231.7425900281062,1.2591351842739638,0.18141245733973207,0.09004523344204844,0.21414546746865212,0.029757184730918505,0.32392605088862375,46.0,0.0,0.0,0.0,0.0,90.63721615351054,525.3859778487476,116.2742019450368,False,False,0.0,0.0,False,0.0,0,0,0,True
24,87,0.13,96.31579922445194,82.40312165686906,94.04618658210444,102.0112951813586,9.874369694279128,0.4103291074884612,0.0,429.8327965063171,102.8833015826,111.06878023905598,243.3856549533416,1.2576915136838214,0.17998803070147204,0.09035336879280616,0.345295534400729,0.08905166241608102,0.2879939339589591,41.0,0.0,0.0,0.0,0.0,92.80058514405282,532.7160980889171,111.06878023905598,False,False,0.0,0.0,False,0.0,0,0,0,True
25,80,0.19999999999999996,89.52138780956135,76.90057564733202,86.68398810237535,94.99988449748889,9.079880178647475,0.631275549982248,0.0,439.08218601884306,100.73910165876207,105.51733915705614,253.16906740838493,1.2551896577581447,0.177572082595937,0.09049895930835981,0.48727782519574775,0.10509704601414367,0.2619275630994039,39.0,0.0,0.0,0.0,0.0,94.97388664378998,539.8212876776051,105.51733915705614,False,False,0.0,0.0,False,0.0,0,0,0,True
26,76,0.24,84.42684450394744,72.85398758081968,82.17058403676111,89.73023831600945,8.625886169715102,0.7575306599786975,0.0,448.7743260350211,100.61215122975183,102.4288471461584,262.4856638643264,1.251547975224698,0.1740829885320824,0.09058002625081951,0.6330156974198144,0.09894554806425679,0.24214204600522704,36.0,0.0,0.0,0.0,0.0,97.13351925638894,549.3864772647729,102.4288471461584,False,False,0.0,0.0,False,0.0,0,0,0,True
27,70,0.30000000000000004,78.17381120455263,67.87634853631992,75.8010157668582,83.27143876014334,7.944895156316543,0.946913324973372,0.0,459.0563098464568,98.78140208113257,97.21079281561038,270.4103310948646,1.2467665122695386,0.16952830503277058,0.09060794625622585,0.7938147752220597,0.11106377167948149,0.22166826831295333,31.0,0.0,0.0,0.0,0.0,99.31930852865251,557.8377119275895,97.21079281561038,False,False,0.0,0.0,False,0.0,0,0,0,True
28,67,0.32999999999999996,74.51464636906601,64.78284046872585,72.51729614282071,79.08262348803787,7.60439964961726,1.0416046574707092,0.0,469.3769500199753,99.16546934277187,94.64914579468606,278.1447867689595,1.2407398966965548,0.16380521254131294,0.09059595303777546,0.9497015577437832,0.09508266669223273,0.20734867692402648,33.0,0.0,0.0,0.0,0.0,101.49809910996552,568.5424193627472,94.64914579468606,False,False,0.0,0.0,False,0.0,0,0,0,True
29,63,0.37,69.95011502406821,60.74345763277077,68.20773669407879,73.71244138569261,7.1504056406848875,1.1678597674671587,0.0,479.5433934472161,99.1011519597918,90.68218131138477,285.6090658302675,1.2335469225059696,0.1569880519094173,0.09054623320243992,1.1263147675941372,0.10362574328600997,0.19105184796613237,30.0,0.0,0.0,0.0,0.0,103.71408367131279,578.6445454070079,90.68218131138477,False,False,0.0,0.0,False,0.0,0,0,0,True
30,58,0.42000000000000004,64.5385706239459,56.36628209705702,62.81754806937211,67.92016660895892,6.582913129519419,1.3256786549627206,0.0,490.05765872969414,99.17379564893072,86.81251593584149,292.0603318025826,1.2250561221398653,0.1489523672580876,0.09046113982826802,1.3271402488408648,0.11680931120123858,0.17494892376013801,28.0,0.0,0.0,0.0,0.0,105.96679212436563,589.2314543786249,86.81251593584149,False,False,0.0,0.0,False,0.0,0,0,0,True
31,55,0.44999999999999996,61.082826955943055,53.86004536510055,59.6386336473651,64.36263822404416,6.242417622820138,1.420369987460058,0.0,494.69892678633875,100.13555852565354,84.14578860382716,297.83892008484713,1.2151204284730932,0.1395563198679793,0.09039377606729047,1.5101371268878006,0.09683282890836883,0.16480566301073823,27.0,0.0,0.0,0.0,0.0,104.45152863288666,594.8344853119922,84.14578860382716,False,False,0.0,0.0,False,0.0,1,1,0,True
32,52,0.48,57.27666179452054,51.471705295709455,56.11731070020417,60.92862344057713,5.901922116120858,1.515061319957395,0.0,506.4505314714799,101.12216851777535,82.16588952007265,302.4845254893419,1.2039172486187044,0.1289643257023006,0.09034947752474828,1.6866947859119243,0.08732994416695776,0.15574932719529838,26.0,0.0,0.0,0.0,0.0,106.80086578764072,607.5726999892553,82.16588952007265,False,False,0.0,0.0,False,0.0,0,0,0,True
33,49,0.51,53.79232037768262,48.81587666238946,53.086262037181875,57.17940940935573,5.561426609421577,1.6097526524547323,0.0,484.8264204716407,102.43327886225272,80.31519009257543,306.7549108641343,1.191531516052277,0.1172699726043579,0.09018406410180016,1.8700422140738737,0.08986021653420014,0.1464993378919167,24.0,0.0,0.0,0.0,0.0,88.9656491750826,587.2596993338934,80.31519009257543,False,False,0.0,0.0,False,0.0,5,5,0,True
34,42,0.5800000000000001,47.97769049057486,42.71744013113437,49.938885573916494,49.45464556468745,5.2209311027222975,1.7044439849520696,0.0,467.17553068610215,55.8460994983995,70.26302118905348,283.8481000844491,1.1779822404107236,0.10447679935666628,0.09012972274811207,2.230530787695316,0.16137133740769488,0.12660945046501462,29.0,29.0,1.0,0.1,0.0,49.3233477399002,523.0216301845016,70.26302118905348,False,False,0.0,0.0,False,0.0,5,4,1,True
35,39,0.61,39.70377878159655,33.92986312917715,42.83792967911042,41.51829509055274,4.426441587090644,1.9253904274458562,0.0,470.4472102069025,53.75109969517883,64.66263817656845,292.7561666343824,1.1640226116362686,0.09098354836518871,0.09394355313731001,2.284084120795021,0.28938353435491415,0.09810186321874509,32.0,32.0,1.0,0.1,0.0,46.29898203808727,524.1983099020814,64.66263817656845,False,False,0.0,0.0,False,0.0,1,1,0,True
36,35,0.65,34.040432287610535,30.190680507221018,38.48156729332139,36.129361116170685,3.9724475781582704,2.051645537442306,0.0,417.1518850606411,51.941478572593375,59.95471305134093,301.0470534204827,1.146299463149461,0.0739063638568743,0.09894593867697433,2.8123795222596812,0.28253723735108366,0.08562254340225446,31.0,31.0,1.0,0.1,0.0,8.899918983110288,469.0933636332345,59.95471305134093,False,False,0.0,0.0,False,0.0,10,10,0,True
37,32,0.6799999999999999,32.295590877903585,31.52997698204951,34.84504164971036,34.71567114443017,3.631952071458991,2.1463368699396432,0.0,406.09601717111303,50.198454928762416,59.234845014942444,304.3621180881436,1.1269292146635363,0.05516666676796576,0.10525295249665773,3.1189239336759,0.28698112175440427,0.27841587896891384,42.0,42.0,1.0,0.0,1.0,3.5540907008965466,456.29447209987546,59.234845014942444,False,True,6.131472195834234,0.09380170793564858,False,0.0,3,3,0,True
38,33,0.6699999999999999,31.588328597136893,31.729740213363932,35.581050470746625,34.35673089917907,3.745450573692084,2.114773092440531,0.0,360.33110260601245,48.47837122317869,28.00273118257858,308.21342834552627,1.111258291841486,0.03985889727312577,0.11139245551617304,3.3110499189795872,0.06974148874098214,0.14356965294996432,48.0,48.0,1.0,0.0,0.0,1.6801638709547113,408.8094738291911,28.00273118257858,False,True,30.36132541767734,0.5202058798898535,False,0.0,9,9,0,True
39,32,0.6799999999999999,17.23555547083487,19.895142936673754,34.67095363661514,21.261650026289363,3.631952071458991,2.1463368699396432,0.0,301.07508942809966,47.419773894821304,0.0,322.9892390454677,1.0998733594082268,0.028609039260884206,0.11650453711805775,4.79920217635888,0.3793179839792795,0.07550866368109495,58.0,58.0,1.0,0.0,0.0,1.0,348.494863322921,0.0,False,True,29.25442727538076,1.0,True,10.087136491729982,11,11,0,True
40,20,0.8,0.0,4.4198396615675,24.121863117915844,4.677074540561642,2.4969670491280556,2.461974644930767,0.0,203.72964903597705,18.11450061611812,0.0,305.5891718804911,1.0917391571882025,0.02054689879003484,0.11950263128612867,10.510673170277586,0.8251968784613402,0.015952140277514387,71.0,71.0,1.0,0.1,0.0,1.0,221.84414965209515,0.0,False,True,4.061556639974577,1.0,True,78.17931699395254,19,18,1,True
41,10,0.9,0.0,3.3333560230730797,11.069112609365002,3.8189659674056715,1.1349850223309343,2.840739974920116,0.0,157.9596566296702,18.52900287831077,0.0,313.324928466783,1.0864799232383058,0.015545686335136843,0.11770851607384913,16.505897869616092,0.7572624707010708,0.011683580113447594,87.0,87.0,1.0,0.1,0.0,1.0,176.48865950798097,0.0,False,True,3.3257769894890905,1.0,True,27.876248814430216,8,8,0,True
42,8,0.92,0.0,3.242904713193144,8.808823443673434,3.689924574749811,0.9079880178647475,2.9038675299183407,0.0,117.07405355873058,18.96235276963256,0.0,318.8908471972633,1.081197884567811,0.010883773294888145,0.1118347918409913,24.977978106293104,0.5972387481716657,0.011597496976707181,93.0,93.0,1.0,0.1,0.0,1.0,136.03640632836314,0.0,False,True,3.2220624830500717,1.0,True,24.208859159365733,7,7,0,True
43,5,0.95,1.1349850223309343,4.409810012043492,5.676806910822021,4.615387379907325,0.5674925111654672,2.998558862415678,0.0,101.33360745964943,19.372618671836232,0.0,320.1578440960418,1.078510805357059,0.008513119115349865,0.109223065712681,28.231307203448033,0.21501699433326582,0.0549338050472894,92.0,92.0,1.0,0.0,1.0,1.0,120.70622613148566,0.0,False,True,8.033311411430846,1.0,True,3.562839488475065,3,3,0,True
44,2,0.98,0.0,3.1126433018169766,2.5014180412315823,3.2525797042916547,0.22699700446618687,3.093250194913015,0.0,63.85061723176452,19.850514677254353,0.0,319.5466188354564,1.0763006825375783,0.006561644931706967,0.10734518554180905,35.525630160127,0.3379523397189807,0.05338552711441369,91.0,91.0,1.0,0.0,0.0,1.0,83.70113190901887,0.0,False,True,3.1228380709354404,1.0,True,21.23340122968244,6,6,0,True
45,0,1.0,0.0,2.980684372123109,0.0,3.1121884614124866,0.0,3.1563777499112398,0.0,38.18784808684125,20.349112408344553,0.0,316.56593446333324,1.0752915295405479,0.00567113756697335,0.10656197456504758,40.61497143265642,0.21810371387013708,0.07948412539143254,92.0,92.0,1.0,0.0,0.0,1.0,58.5369604951858,0.0,False,True,2.988158964286113,1.0,True,13.584624276610798,4,4,0,True
46,1,0.99,0.0,3.0709216916068773,1.0042582539895955,3.205613712123777,0.11349850223309343,3.1248139724121273,0.0,32.35325989029859,20.85961373815758,0.0,314.499271025716,1.0751712035279506,0.005566093782199655,0.10659488623201631,42.58152557186845,0.0821465819985665,0.03178666684085416,98.0,98.0,1.0,0.0,0.0,1.0,53.212873628456165,0.0,False,True,3.0778488981378804,1.0,True,1.1219601535918398,1,1,0,True
47,0,1.0,0.0,2.998855717756835,0.0,3.127970350162042,0.0,3.1563777499112398,0.0,33.33963829619648,21.38942483624831,3.0035030230016884,311.5004153079592,1.0738433021677856,0.0043919788351315155,0.10539769308005556,43.79339377933122,0.059605272858234234,0.03688985478166572,95.0,95.0,1.0,0.0,0.0,1.0,54.72906313244479,3.0035030230016884,False,False,0.0,0.0,False,0.0,0,0,0,True
48,0,1.0,0.0,2.998882746532179,0.0,3.126649500466008,0.0,3.1563777499112398,0.0,20.194890523784103,21.278156266299817,0.0,308.50153256142704,1.0731244290334527,0.0037564004145659744,0.10477371362020615,44.11791715996098,0.026620520925188816,0.04632563034764684,93.0,93.0,1.0,0.0,0.0,1.0,41.47304679008392,0.0,False,True,5.372734973905396,1.0,True,2.542000724616636,2,2,0,True
49,0,1.0,0.0,2.986923304632669,0.0,3.1138107358909313,0.0,3.1563777499112398,0.0,20.80622473089688,11.049807256161497,0.0,271.6877735124523,1.0729647715755708,0.0036154244893503718,0.1046512755848374,44.1077885949028,0.015715100190050388,0.06473550916001539,93.0,93.0,1.0,0.1,0.0,1.0,31.856031987058376,0.0,False,True,2.749592163522049,1.0,True,3.713596286421655,1,0,1,True
50,0,1.0,0.0,2.7160891788027013,0.0,3.0988460462732736,0.0,3.1563777499112398,0.03543705938859096,21.436733923095804,11.30186751432641,2.72013854757117,268.9716843336496,1.0744068039435466,0.004910040727631126,0.10541435309188776,37.92647820375848,0.10939166041648929,0.12117351468485751,93.0,93.0,1.0,0.1,0.0,1.0,32.73860143742222,2.755575606959761,False,False,0.0,0.0,False,0.0,0,0,0,True
51,1,0.99,0.26378794896094576,3.0275923981612287,1.0042582539895955,3.450857424560004,0.11349850223309343,3.1248139724121273,0.06413717802707028,22.086225049568935,11.146217091750161,5.108185847085167,266.94835018947794,1.076301674111327,0.006604988099113873,0.1067219031222376,35.3867764637917,0.1981286396670411,0.03820550449993278,95.0,95.0,1.0,0.1,0.0,1.3310312490663405,33.2324421413191,5.172323025112237,False,False,0.0,0.0,False,0.0,0,0,0,True
52,0,1.0,0.0,2.7401225758061774,0.0,3.1173014309468927,0.0,3.1563777499112398,0.08174553321736021,22.75688247285853,10.944657982264877,9.707604833071736,264.20822761367174,1.076757066100089,0.00702594649982573,0.10673953934327768,36.131257766724836,0.1485527034295578,0.04251300829829542,93.0,93.0,1.0,0.0,1.0,1.611610052075909,33.70154045512341,9.789350366289096,False,False,0.0,0.0,False,0.0,0,0,0,True
53,0,1.0,0.0,2.749310966463239,0.0,3.1228570015243684,0.0,3.1563777499112398,0.07089646730155581,23.448575601233593,3.677476065140488,8.881768425485044,228.77232430116686,1.0776069463258908,0.007795672602206616,0.10724220666472353,36.17367021213998,0.11876006918892248,0.05640892686075917,93.0,93.0,1.0,0.1,0.0,0.5371598935671957,27.12605166637408,8.952664892786599,False,True,2.9137262911554274,0.24554443267455847,False,0.0,1,0,1,True
54,0,1.0,0.0,2.507519825434182,0.0,3.114844974719195,0.0,3.1563777499112398,0.09102732332495997,24.16196423636497,3.6002092891204436,11.347781857135322,226.2648044757327,1.0800120283823906,0.00992891902223587,0.10895249152375211,29.713420860892768,0.2073360729028602,0.08921798065916366,93.0,93.0,1.0,0.1,0.0,0.5661579667239266,27.762173525485412,11.438809180460282,False,False,0.0,0.0,False,0.0,0,0,0,True
55,1,0.99,0.8987623788811789,3.309213026930895,1.0042582539895955,4.101693173802022,0.11349850223309343,3.1248139724121273,0.10440929173793174,24.896934385613616,3.498492055787476,13.741182937165274,223.9598497027914,1.0828256302773656,0.012423549790311083,0.11116773512232005,24.828810788219137,0.4510528408961324,0.04567915526638649,95.0,95.0,1.0,0.1,0.0,0.5684168606071828,28.395426441401092,13.845592228903206,False,False,0.0,0.0,False,0.0,0,0,0,True
56,0,1.0,0.0,2.5330277333061524,0.0,3.1298433921055486,0.0,3.1563777499112398,0.10941145184038821,25.655751949417304,3.3846804944503703,22.86078800427614,221.42682196948525,1.0844403535661054,0.013857310546815382,0.11245381088955878,26.790797245697853,0.31601024103542713,0.04318549139619672,93.0,93.0,1.0,0.0,1.0,0.5684168606071828,29.040432443867676,22.97019945611653,False,False,0.0,0.0,False,0.0,0,0,0,True
57,0,1.0,0.0,2.5417156184990137,0.0,3.1318421835243835,0.0,3.1563777499112398,0.1123603975887707,26.438370431441747,3.2595342450641294,25.343514871324736,218.88510635098626,1.086318690174173,0.015524247835083039,0.11411948740333593,27.510002170735824,0.25240433765772796,0.05617006077252494,93.0,93.0,1.0,0.0,0.0,0.5684168606071828,29.69790467650588,25.455875268913505,False,False,0.0,0.0,False,0.0,0,0,0,True
58,0,1.0,0.0,2.5486526485406156,0.0,3.1329871720986215,0.0,3.1563777499112398,0.11410942157069578,27.245536366473658,3.1237014774895995,27.82313400449406,216.33645370244562,1.0885625255600377,0.017514514422845063,0.11619269745073692,27.583637084679346,0.22168947197610098,0.08546406462435889,93.0,93.0,1.0,0.0,0.0,0.5684168606071828,30.36923784396326,27.937243426064757,False,False,0.0,0.0,False,0.0,0,0,0,True
59,1,0.99,1.1349850223309343,3.4976149312715386,1.0042582539895955,4.29126211326949,0.11349850223309343,3.1248139724121273,0.1436305256451008,20.909734658096582,2.9654868435361683,24.894553872566362,213.84309702516367,1.0912019206911987,0.019854710688298895,0.11866815752013017,22.54067394688945,0.48422921172997035,0.05342044216670346,93.0,93.0,1.0,0.0,0.0,1.5022910638926872,23.87522150163275,25.038184398211463,False,True,5.234368537693497,0.17290806456845734,False,0.0,1,1,0,True
60,0,1.0,0.0,2.5946003975800687,0.0,3.1745337397356126,0.0,3.1563777499112398,0.0919405518644323,14.9237697636834,2.8229883461984313,23.540785950701977,211.2484966275836,1.0927338547669385,0.021214934155013587,0.12037477894092158,24.570082268165244,0.32953251838117753,0.049197918173293095,93.0,93.0,1.0,0.0,0.0,1.4179635901539847,17.74675810988183,23.63272650256641,False,True,3.8893988077423036,0.14131898477642227,False,0.0,1,1,0,True
61,0,1.0,0.0,2.563033573963802,0.0,3.128182274322575,0.0,3.1563777499112398,0.08885032502733997,8.635723340758425,2.6881343122228767,22.09510682793858,208.6854630536198,1.0945113118107241,0.02279233434965393,0.12237173992117342,25.573051910230713,0.27102657190282875,0.06263111994677302,94.0,94.0,1.0,0.0,0.0,1.3310374291779543,11.323857652981301,22.18395715296592,False,True,3.9572901258013435,0.15138107541699353,False,0.0,1,1,0,True
62,0,1.0,0.0,2.5695938072008135,0.0,3.129676493208198,0.0,3.1563777499112398,0.1032650562064292,8.893964181323087,2.5599058619688613,24.60462048274032,206.11586924641898,1.096632831079228,0.024674101956712248,0.12468285268453631,25.794419199809234,0.2307285099355995,0.09289006642930453,95.0,95.0,1.0,0.0,0.0,1.3310374291779543,11.453870043291948,24.707885538946748,False,False,0.0,0.0,False,0.0,0,0,0,True
63,1,0.99,0.9230818280162388,3.404377593888917,1.0042582539895955,4.139520933705108,0.11349850223309343,3.1248139724121273,0.11239559585059734,9.159850957849766,2.4079972238345055,27.025716595186083,203.71574990651965,1.0991432775386905,0.02689993545357585,0.1273155963737667,21.6377268666707,0.44130862726559644,0.06935323455440122,97.0,97.0,1.0,0.0,0.0,1.3310374291779543,11.567848181684273,27.13811219103668,False,False,0.0,0.0,False,0.0,0,0,0,True
64,0,1.0,0.0,2.5904598675798067,0.0,3.141844923625444,0.0,3.1563777499112398,0.1146165951319809,9.434531479237178,2.2448874431261427,29.5221404540315,201.12529003893982,1.1005103559371185,0.028114029238211557,0.12923615018012063,23.43934273325572,0.32240092538061565,0.0704450523351269,95.0,95.0,1.0,0.0,0.0,1.3310374291779543,11.67941892236332,29.63675704916348,False,False,0.0,0.0,False,0.0,0,0,0,True
65,0,1.0,0.0,2.5969015203884895,0.0,3.1429607920220164,0.0,3.1563777499112398,0.1156810031344852,9.717827574298981,2.0711327815631844,32.014511739092484,198.52838851855134,1.102317305199854,0.029701940579220022,0.13160330073658433,24.101889396863566,0.2565806895267465,0.10182207972969941,95.0,95.0,1.0,0.0,0.0,1.3310374291779543,11.788960355862166,32.13019274222697,False,False,0.0,0.0,False,0.0,0,0,0,True
66,0,1.0,0.0,2.601155821764265,0.0,3.1434831901017777,0.0,3.1563777499112398,0.11618441651895905,10.010009477376384,1.8871765615748353,34.502027061081904,195.92723269678712,1.104914830654717,0.03195389796366863,0.13469377017150042,24.15928358017546,0.2250167226256282,0.1957772758784777,95.0,95.0,1.0,0.0,0.0,1.3310374291779543,11.897186038951219,34.618211477600866,False,False,0.0,0.0,False,0.0,0,0,0,True
67,1,0.99,1.1349850223309343,3.5301425648421847,0.9100968341314887,4.358009307016633,0.11349850223309343,3.1248139724121273,0.11859210251208907,10.310901904917346,1.6802592074954739,36.66241093568985,193.3071869660764,1.10836790321246,0.0349248088571986,0.13853474028084622,19.557515598811868,0.4591800916458599,0.2409628208716184,94.0,94.0,1.0,0.0,0.0,1.3310374291779543,11.99116111241282,36.78100303820194,False,False,0.0,0.0,False,0.0,0,0,0,True
68,1,0.99,1.1349850223309343,3.614382018087435,1.0042582539895955,4.359242470193029,0.11349850223309343,3.1248139724121273,0.1197377960733079,10.621232063479248,1.4518903008684185,38.902380147403285,190.69706320197855,1.1109013629206443,0.03719317339895654,0.14114055935150652,17.843727113770775,0.3276571813147094,0.09294866463013525,94.0,94.0,1.0,0.0,0.0,1.3310374291779543,12.073122364347666,39.022117943476594,False,False,0.0,0.0,False,0.0,0,0,0,True
69,1,0.99,1.1349850223309343,3.6209825709011048,1.3501923315600801,4.3598195994989215,0.11349850223309343,3.1248139724121273,0.12027608853468774,10.941295975024332,1.2034153288993934,41.12946947047848,188.42627296263754,1.1129131476555867,0.03894798440523291,0.14376784458729464,16.941434927826855,0.2520240571174244,0.15485521450516365,94.0,94.0,1.0,0.0,0.0,1.3310374291779543,12.144711303923724,41.24974555901317,False,False,0.0,0.0,False,0.0,0,0,0,True
70,3,0.97,3.2341676710958107,5.50140153812534,3.2645474196811644,6.6178736457654175,0.3404955066992803,3.0616864174139025,0.12487470585478289,11.270490958461961,0.9113789255670843,43.0375218912748,186.18941884419337,1.1159603994780154,0.04157581807412458,0.14726339138099834,12.501799415338631,0.6469843837271918,0.10092876646698976,96.0,96.0,1.0,0.0,0.0,1.3310374291779543,12.181869884029044,43.162396597129586,False,False,0.0,0.0,False,0.0,0,0,0,True
71,6,0.94,6.809910133985605,8.687865423208226,6.793500485723239,10.433905756223403,0.6809910133985606,2.9669950849165656,0.13359846525717778,11.608649423137253,0.6623693491514987,44.23878680913668,184.29505390670838,1.1178313679369194,0.043219747560937515,0.1497416721298018,7.916165465073599,0.897550545827223,0.32857171549726044,94.0,94.0,1.0,0.0,0.0,1.3310374291779543,12.271018772288752,44.37238527439386,False,False,0.0,0.0,False,0.0,0,0,0,True
72,10,0.9,10.542990551572741,12.006861324443504,10.622210661965408,14.414555572283554,1.1349850223309343,2.840739974920116,0.22065557259472213,11.955598521780736,0.40734951013252496,44.90005702152765,182.91040324423028,1.1215184534488771,0.04639277468626966,0.15372184558587804,5.303665967459418,0.7850943598547537,0.15169081149587343,95.0,95.0,1.0,0.0,0.0,1.3310374291779543,12.36294803191326,45.120712594122374,False,False,0.0,0.0,False,0.0,0,0,0,True
73,9,0.91,10.214865200978407,11.80988212503299,10.058047905404404,14.162180659234197,1.021486520097841,2.8723037524192283,0.15048143056250296,12.313883949684042,0.14851640733317956,45.595076919676536,181.15856902460172,1.1239813837224026,0.0485398121483404,0.15665123055648822,4.579999330677476,0.3640518768275921,0.14592911761110705,95.0,95.0,1.0,0.0,0.0,1.3310374291779543,12.462400357017222,45.74555835023904,False,False,0.0,0.0,False,0.0,0,0,0,True
74,10,0.9,10.282004517236127,11.884260522102977,11.062306159394,14.236491863012814,1.1349850223309343,2.840739974920116,0.13839262052190915,6.503528982734067,0.0,41.63926903577426,180.33661466189267,1.1264801288780486,0.050717667298527516,0.1596018594541538,4.302098416909014,0.268921452774678,0.12114012410517457,96.0,96.0,1.0,0.0,0.0,2.506659699377769,6.503528982734067,41.777661656296175,False,True,4.883276855663303,0.10465449284548127,False,0.0,1,1,0,True
75,9,0.91,10.214865200978407,18.854488244876322,10.058047905404404,22.555555309800877,1.021486520097841,2.8723037524192283,0.14658029954354032,15.162604872669121,0.0,49.84000568970656,171.5401743224208,1.1284677866684585,0.052445829621362614,0.16224366279316785,2.677916383334476,0.7142204477381393,0.20804653205449825,99.0,38.0,0.3838383838383838,0.0,0.0,2.506659699377769,15.162604872669121,49.986585989250095,False,False,0.0,0.0,False,0.0,0,0,0,True
76,17,0.83,16.981305167206788,17.70897862827208,18.325807981820134,21.168194182640168,1.9294745379625884,2.6197935324263293,0.16792194677511418,15.297154662451483,0.0,49.721183321395436,172.15700367596884,1.1312604211367343,0.05485607870968941,0.16551409584702634,2.4761991057279,0.30506077059567804,0.1431376395408414,99.0,63.0,0.6363636363636364,0.0,0.0,2.506659699377769,15.297154662451483,49.88910526817055,False,False,0.0,0.0,False,0.0,0,0,0,True
77,16,0.84,17.581219423485695,18.092238397562678,17.855806645117237,21.600392909739533,1.815976035729495,2.6513573099254413,0.1759902272597695,15.336870542532342,0.0,49.21446508547804,171.92057192352343,1.1332423837148142,0.056602484036216684,0.16799668501438458,2.324078976131918,0.26064033284830346,0.14278804697382222,97.0,97.0,1.0,0.0,0.0,2.506659699377769,15.336870542532342,49.39045531273781,False,False,0.0,0.0,False,0.0,0,0,0,True
78,17,0.83,18.48122545142183,18.93377488332405,18.765903479248728,22.578403434240805,1.9294745379625884,2.6197935324263293,0.18204498560339685,15.371888392564685,0.0,48.7928752877313,171.7527005194481,1.1352281128223676,0.05833852888535427,0.17056262387272683,2.190693930916112,0.2634156750247604,0.13523213770104792,99.0,99.0,1.0,0.0,0.0,2.506659699377769,15.371888392564685,48.974920273334696,False,False,0.0,0.0,False,0.0,0,0,0,True
79,16,0.84,17.796457454843118,18.31989855452896,17.855806645117237,21.817701382653063,1.815976035729495,2.6513573099254413,0.18277936278561102,15.408684893961608,0.0,48.310750245203636,171.2886086100364,1.1368998455243018,0.05981237916773052,0.172862486749635,2.1800964165283085,0.20129755121131612,0.13143045815345394,97.0,97.0,1.0,0.0,0.0,2.506659699377769,15.408684893961608,48.493529607989245,False,False,0.0,0.0,False,0.0,0,0,0,True
80,16,0.84,17.932918497058754,18.414906441461714,17.76164522525913,21.901798801342903,1.815976035729495,2.6513573099254413,0.18313563916635314,11.889289524100212,0.0,47.79103276302957,170.6353473938338,1.1385217200895774,0.06123184031153508,0.17520041598893732,2.162084467598007,0.2042287393130664,0.12945203671393343,97.0,97.0,1.0,0.0,0.0,0.40389712024712976,11.889289524100212,47.97416840219592,False,False,0.0,0.0,False,0.0,1,1,0,True
81,16,0.84,18.159760357294946,18.709630763548418,17.855806645117237,22.223540686312486,1.815976035729495,2.6513573099254413,0.1833086022259257,11.858826520896747,0.0,47.165062585752146,169.78152327540263,1.1400401555681166,0.06257954470329004,0.17736453002984065,2.1120411519104,0.21456305513557025,0.1312883289305204,97.0,97.0,1.0,0.0,0.0,0.40389712024712976,11.858826520896747,47.348371187978074,False,False,0.0,0.0,False,0.0,0,0,0,True
82,17,0.83,18.66513872665515,19.3146113615806,18.765903479248728,22.912744044633534,1.9294745379625884,2.6197935324263293,0.1855689117256409,11.931385631963579,0.0,46.95673735810008,169.23281539307075,1.1415551939911375,0.06391210204672446,0.17960189884707684,2.046872735582261,0.23234842994111626,0.12647509382485964,100.0,100.0,1.0,0.0,0.0,0.40389712024712976,11.931385631963579,47.14230626982572,False,False,0.0,0.0,False,0.0,0,0,0,True
83,16,0.84,17.841290481627613,18.646993966357417,17.855806645117237,22.089679394462536,1.815976035729495,2.6513573099254413,0.18447783599914774,12.085587551795921,0.0,46.76864271263227,168.4416280718306,1.1427698044179724,0.0649943106124831,0.18160543137747312,2.0619365806199115,0.21408758821848822,0.1236093546474037,98.0,98.0,1.0,0.0,0.0,0.40389712024712976,12.085587551795921,46.95312054863142,False,False,0.0,0.0,False,0.0,0,0,0,True
84,16,0.84,17.77839310001229,18.680594313469836,17.855806645117237,22.098116161062066,1.815976035729495,2.6513573099254413,0.18395504293368253,12.316528568731286,0.0,46.67624297073242,167.616840403478,1.1439445267011865,0.06603120210086547,0.18366084359231735,2.05584457585821,0.20513833580806878,0.12611433511306508,98.0,98.0,1.0,0.0,0.0,0.40389712024712976,12.316528568731286,46.8601980136661,False,False,0.0,0.0,False,0.0,0,0,0,True
85,17,0.83,18.925110478722356,19.62618516700864,18.765903479248728,23.183731789139514,1.9294745379625884,2.6197935324263293,0.3728847571479268,12.601129266804728,0.0,46.30374496696683,166.75655871571809,1.145102854153669,0.06704302999610327,0.18578617301226868,1.9740683405945212,0.238584958035718,0.12441852307712738,98.0,98.0,1.0,0.0,0.0,0.40389712024712976,12.601129266804728,46.67662972411476,False,False,0.0,0.0,False,0.0,0,0,0,True
86,16,0.84,17.898645264625426,19.037909969856262,17.855806645117237,22.45478807401481,1.815976035729495,2.6513573099254413,0.18462821770067417,12.896926662852614,0.0,46.45327300555884,165.57445539097907,1.1460173146224204,0.06785390902004687,0.18773062625207548,1.967813863444428,0.20884865501887245,0.12412043834685757,98.0,98.0,1.0,0.0,0.0,0.40389712024712976,12.896926662852614,46.63790122325952,False,False,0.0,0.0,False,0.0,0,0,0,True
87,17,0.83,18.858173474677525,19.787796508637786,18.765903479248728,23.30414875812144,1.9294745379625884,2.6197935324263293,0.18620395888816726,13.199732010149532,0.0,46.525620031269035,164.55256236159,1.1469442669830818,0.06866516770189131,0.18976989974244104,1.9059919188482628,0.2283287040312471,0.12240716492177106,100.0,100.0,1.0,0.0,0.0,0.40389712024712976,13.199732010149532,46.7118239901572,False,False,0.0,0.0,False,0.0,0,0,0,True
88,16,0.84,17.9441175620509,18.976739439108258,17.855806645117237,22.31342404559531,1.815976035729495,2.6513573099254413,0.1847837452858938,13.514305058766196,0.0,46.577534670435405,163.431629567599,1.1476448611781132,0.06929110689429625,0.19164691174051526,1.9276795448426984,0.22067326608889354,0.12086619905264821,99.0,99.0,1.0,0.0,0.0,0.40389712024712976,13.514305058766196,46.762318415721296,False,False,0.0,0.0,False,0.0,0,0,0,True
89,16,0.84,17.853949288541312,18.929603841071547,17.855806645117237,22.22251675980741,1.815976035729495,2.6513573099254413,0.18410254396192877,13.838744941997296,0.0,46.98388274783542,162.3578323716447,1.1483489588697835,0.06991060624104724,0.193619084436694,1.9290684097794084,0.2126547308451586,0.12438696760752428,100.0,100.0,1.0,0.0,0.0,0.40389712024712976,13.838744941997296,47.16798529179735,False,False,0.0,0.0,False,0.0,0,0,0,True
90,17,0.83,18.988783703285172,19.899539466123773,18.765903479248728,23.324143404435628,1.9294745379625884,2.6197935324263293,0.18595174295969183,14.060749046453738,0.0,47.13419616638868,161.22419638476967,1.149084689228494,0.07054808159861914,0.19570244608096682,1.8494297631006842,0.23640661950306066,0.12386176121229717,100.0,100.0,1.0,0.0,0.0,0.40389712024712976,14.060749046453738,47.32014790934838,False,False,0.0,0.0,False,0.0,0,0,0,True
91,16,0.84,18.01232434365762,19.12663714440052,17.855806645117237,22.381499751622407,1.815976035729495,2.6513573099254413,0.1846626049370367,14.402328581273785,0.0,47.43744341140226,159.95336588548636,1.1496463749567016,0.07104655887244955,0.19764802543737328,1.8562101437303677,0.21697725648888228,0.12334374336681801,99.0,99.0,1.0,0.0,0.0,0.40389712024712976,14.402328581273785,47.6221060163393,False,False,0.0,0.0,False,0.0,0,0,0,True
92,17,0.83,18.98643612172658,20.00778287471887,18.765903479248728,23.37462338975594,1.9294745379625884,2.6197935324263293,0.24402636153908233,14.752352060647278,0.0,47.91156157358639,158.71148649001623,1.1502567121902432,0.07157836802105874,0.19970918096835827,1.7883646923028778,0.22999886792950092,0.12320486264925974,101.0,101.0,1.0,0.0,0.0,0.40389712024712976,14.752352060647278,48.155587935125475,False,False,0.0,0.0,False,0.0,0,0,0,True
93,16,0.84,18.066370558101273,19.285627894513485,17.855806645117237,22.49349139950771,1.815976035729495,2.6513573099254413,0.18479179007477153,15.115624275720446,0.0,48.29938074702332,157.28166524062,1.1507073701773758,0.07198401435817085,0.20163254298978026,1.7917159190417968,0.2173641295209079,0.12300237816148836,99.0,99.0,1.0,0.0,0.0,0.40389712024712976,15.115624275720446,48.48417253709809,False,False,0.0,0.0,False,0.0,0,0,0,True
94,16,0.84,18.007609106875815,19.21638854938548,17.855806645117237,22.37618072699249,1.815976035729495,2.6513573099254413,0.18410643990022807,15.490290813612779,0.0,48.79952885230664,155.92108333635176,1.1512305169971921,0.07244391384655915,0.2036743410120845,1.7827703950860194,0.2127365758668785,0.12709880223192985,99.0,99.0,1.0,0.0,0.0,0.40389712024712976,15.490290813612779,48.98363529220687,False,False,0.0,0.0,False,0.0,0,0,0,True
95,17,0.83,19.144013126164193,20.196599271738602,18.765903479248728,23.480227459127484,1.9294745379625884,2.6197935324263293,0.18595363118528355,15.764949595921372,0.0,49.05420289774476,154.4903875438619,1.1518448636656324,0.07297443772615905,0.20583536389530133,1.6995271262049907,0.23666972208662523,0.12740486196982356,100.0,100.0,1.0,0.0,0.0,0.40389712024712976,15.764949595921372,49.240156528930044,False,False,0.0,0.0,False,0.0,0,0,0,True
96,16,0.84,18.15267109605439,19.407357197291986,17.855806645117237,22.52681983016879,1.815976035729495,2.6513573099254413,0.1846635207986594,16.16495509425417,0.0,49.43765876439645,152.93883699168714,1.152340521965327,0.07341494222383149,0.2078514718564076,1.698215710494327,0.21724866833141038,0.12732841031204734,99.0,99.0,1.0,0.0,0.0,0.40389712024712976,16.16495509425417,49.62232228519511,False,False,0.0,0.0,False,0.0,0,0,0,True
97,17,0.83,19.150427307486297,20.266343554204894,18.765903479248728,23.49457479608624,1.9294745379625884,2.6197935324263293,0.18622102886584016,16.468418732344254,0.0,49.95914771385399,151.438396916731,1.1532251754121892,0.07418993847560136,0.20994894249831905,1.6304623183657232,0.2281728701535893,0.12770942972258043,101.0,101.0,1.0,0.0,0.0,0.40389712024712976,16.468418732344254,50.145368742719825,False,False,0.0,0.0,False,0.0,0,0,0,True
98,16,0.84,18.159760357294946,19.459944815330186,17.855806645117237,22.534048003866268,1.815976035729495,2.6513573099254413,0.18479200602229098,16.890489101319865,0.0,50.34484992442253,149.83425874651803,1.154080353106974,0.07495406595938774,0.2118660740338016,1.6341199990255126,0.2200537771019563,0.12722868670556345,98.0,98.0,1.0,0.0,0.0,0.40389712024712976,16.890489101319865,50.529641930444825,False,False,0.0,0.0,False,0.0,0,0,0,True
99,16,0.84,18.10851528881276,19.43387346180238,17.855806645117237,22.48205937369007,1.815976035729495,2.6513573099254413,0.1841065448727504,17.32579804411688,0.0,50.9318298485701,148.25619192983288,1.1551355151389884,0.0758855263811841,0.2138524231079969,1.6182003247029304,0.2098996735303363,0.13186341949225822,99.0,99.0,1.0,0.0,0.0,0.40389712024712976,17.32579804411688,51.11593639344285,False,False,0.0,0.0,False,0.0,0,0,0,True
100,17,0.83,19.245010117837154,20.404758015053016,18.765903479248728,23.585457732897527,1.9294745379625884,2.6197935324263293,0.18595368224846856,17.662262203138408,0.0,51.27208064049547,146.61733739402862,1.156357146530904,0.07695403560616632,0.2159120507029946,1.5354047688676413,0.23528076035444054,0.13264552653487563,99.0,99.0,1.0,0.0,0.0,0.40389712024712976,17.662262203138408,51.458034322743934,False,False,0.0,0.0,False,0.0,0,0,0,True
101,17,0.83,19.29474537962588,20.561752573510347,19.00703235478874,23.74649610852412,1.9294745379625884,2.6197935324263293,0.18683983026949857,18.11962195339861,0.0,51.48921783615383,145.062617175307,1.1574190930759307,0.0778960601634654,0.21780151348576895,1.4618229373572884,0.22136117688102114,0.1391989688452649,97.0,97.0,1.0,0.0,0.0,0.40389712024712976,18.11962195339861,51.676057666423326,False,False,0.0,0.0,False,0.0,0,0,0,True
102,18,0.8200000000000001,20.429730401956817,21.62831514992184,19.917129188920228,24.95954367307071,2.042973040195682,2.588229754927217,0.18944168926652086,18.58917068553319,0.0,51.69928252591661,143.35143121430542,1.15865497910643,0.07897794459991184,0.21980205013447937,1.3539012515473179,0.25102842726475794,0.14191499278012304,98.0,98.0,1.0,0.0,0.0,0.40389712024712976,18.58917068553319,51.88872421518313,False,False,0.0,0.0,False,0.0,0,0,0,True
103,17,0.83,19.29474537962588,20.594697721162838,19.00703235478874,23.748309582519965,1.9294745379625884,2.6197935324263293,0.18851436329170607,19.075603659767037,0.0,51.643290184122755,141.76376584793132,1.159755327885284,0.07995084690895168,0.22167403367241936,1.3476610785032082,0.21774777433070294,0.14147849360528092,96.0,96.0,1.0,0.0,0.0,0.40389712024712976,19.075603659767037,51.831804547414464,False,False,0.0,0.0,False,0.0,0,0,0,True
104,18,0.8200000000000001,20.429730401956817,21.525970824455673,19.917129188920228,24.804948673314207,2.042973040195682,2.588229754927217,0.3457112220452332,19.5751375207378,0.0,51.65089550746615,140.15492421239588,1.160982000834895,0.08102434568628088,0.2236284483063228,1.2819633927944332,0.2278334014126911,0.14357400771266976,97.0,97.0,1.0,0.0,0.0,0.40389712024712976,19.5751375207378,51.996606729511385,False,False,0.0,0.0,False,0.0,0,0,0,True
105,17,0.83,19.29474537962588,20.64562331427143,19.00703235478874,23.772984691496266,1.9294745379625884,2.6197935324263293,0.32010878709412166,20.092496131293824,0.0,51.65805464121959,138.5163332529132,1.1620472829826112,0.08196750741712377,0.22544306229385547,1.2798583819531129,0.2212692788249206,0.14398525768925452,95.0,95.0,1.0,0.0,0.0,0.40389712024712976,20.092496131293824,51.978163428313714,False,False,0.0,0.0,False,0.0,0,0,0,True
106,18,0.8200000000000001,20.429730401956817,21.801401548350363,19.917129188920228,25.087187470726274,2.042973040195682,2.588229754927217,0.19506684843557368,20.623925635840344,0.0,51.964800371886284,136.63206089348307,1.163231516518532,0.08300500004642142,0.22733671339647346,1.2004227307863533,0.23470574678887074,0.1482464794856154,97.0,97.0,1.0,0.0,0.0,0.40389712024712976,20.623925635840344,52.15986722032186,False,False,0.0,0.0,False,0.0,0,0,0,True
107,17,0.83,19.29474537962588,20.656890158579984,19.00703235478874,23.75345773074129,1.9294745379625884,2.6197935324263293,0.18899137423943901,21.174180322277017,0.0,51.957079510466194,134.98220308969184,1.1642631598744484,0.08391901816539563,0.22910200708233835,1.2078132854677386,0.2279603727224752,0.14698708148307876,94.0,94.0,1.0,0.0,0.0,0.40389712024712976,21.174180322277017,52.14607088470563,False,False,0.0,0.0,False,0.0,0,0,0,True
108,18,0.8200000000000001,20.429730401956817,21.720536026957483,19.917129188920228,24.960660673536253,2.042973040195682,2.588229754927217,0.1904762327709174,21.73953771436639,0.0,52.107073715334195,133.1787962516546,1.165406228425767,0.08492123173716537,0.2309402187431064,1.1416451696173495,0.22798908347484992,0.15101837871063947,97.0,97.0,1.0,0.0,0.0,0.40389712024712976,21.73953771436639,52.297549948105114,False,False,0.0,0.0,False,0.0,0,0,0,True
109,17,0.83,19.29474537962588,20.68010189429947,19.00703235478874,23.748846178867826,1.9294745379625884,2.6197935324263293,0.18901231044823974,22.324784463603997,0.0,52.12717420709205,131.50572671214383,1.1663890226629838,0.08579376385336217,0.23264739253803618,1.1458112883279072,0.22686750721174964,0.1503242244449833,95.0,95.0,1.0,0.0,0.0,0.40389712024712976,22.324784463603997,52.31618651754029,False,False,0.0,0.0,False,0.0,0,0,0,True
110,18,0.8200000000000001,20.429730401956817,21.74870401774663,19.917129188920228,24.9606714909002,2.042973040195682,2.588229754927217,0.19048635161576868,22.92623147245831,0.0,52.33005339511971,129.67415188331748,1.167484091766884,0.08675515971822097,0.23442698573173337,1.079517510173194,0.22867479155861617,0.154955713801496,97.0,97.0,1.0,0.0,0.0,0.40389712024712976,22.92623147245831,52.52053974673548,False,False,0.0,0.0,False,0.0,0,0,0,True
111,17,0.83,19.29474537962588,20.706472046022192,19.00703235478874,23.748851402981213,1.9294745379625884,2.6197935324263293,0.18901720517970652,23.548699818080493,0.0,52.37578331344987,127.97471219208403,1.1684201443280644,0.0875878885496377,0.23607922787483807,1.081699154084421,0.22659162222544443,0.154218337438918,94.0,94.0,1.0,0.0,0.0,0.40389712024712976,23.548699818080493,52.56480051862958,False,False,0.0,0.0,False,0.0,0,0,0,True
112,18,0.8200000000000001,20.429730401956817,21.6797239247814,19.917129188920228,24.850331891527535,2.042973040195682,2.588229754927217,0.1904887212367259,24.0781937838996,0.0,52.49358406269244,126.21211745622287,1.1694693369751537,0.08851019173404365,0.23780298680205883,1.0229357567652606,0.22514454091018804,0.15870470563436062,97.0,97.0,1.0,0.0,0.0,0.40389712024712976,24.0781937838996,52.68407278392917,False,False,0.0,0.0,False,0.0,0,0,0,True
113,17,0.83,19.29474537962588,20.732064912016675,19.00703235478874,23.74885262453279,1.9294745379625884,2.6197935324263293,0.18901835324908034,24.73679434637581,0.0,52.57189119550118,124.48708489899494,1.1703559935970236,0.0893010288555949,0.23939953531619027,1.0206485962312692,0.2245695316377001,0.15857023530641318,95.0,95.0,1.0,0.0,0.0,0.40389712024712976,24.73679434637581,52.76090954875026,False,False,0.0,0.0,False,0.0,0,0,0,True
114,18,0.8200000000000001,20.429730401956817,21.706117059875126,19.917129188920228,24.850332482944687,2.042973040195682,2.588229754927217,0.19048927788894443,25.303553844854353,0.0,52.72995023010125,122.69809702804005,1.1713586772170685,0.09018378183627318,0.24106799149666933,0.9612458459340685,0.2261081734895078,0.16375333037167444,97.0,97.0,1.0,0.0,0.0,0.40389712024712976,25.303553844854353,52.920439507990196,False,False,0.0,0.0,False,0.0,0,0,0,True
115,17,0.83,19.29474537962588,20.660469618556665,19.00703235478874,23.63851078660851,1.9294745379625884,2.6197935324263293,0.16660610561726905,19.423368721170007,0.0,46.479175410959485,121.04465976427213,1.172201553184107,0.09093728502562945,0.24261389381621065,0.9637224306472018,0.22778375469447956,0.1628043223911784,95.0,95.0,1.0,0.0,0.0,2.798746890994605,19.423368721170007,46.645781516576754,False,True,6.274976545245393,0.1185730661287004,False,0.0,1,1,0,True
116,17,0.83,18.948912036626936,20.36318132645322,19.00703235478874,23.285351358550436,1.9294745379625884,2.6197935324263293,0.17754738841773432,19.830710710061656,0.0,47.22833330261341,119.68851079260767,1.1731571718079163,0.09178009993912564,0.2442276213140572,0.9650778740536536,0.22373151895272164,0.16714012305897155,100.0,100.0,1.0,0.0,0.0,2.798746890994605,19.830710710061656,47.40588069103114,False,False,0.0,0.0,False,0.0,0,0,0,True
117,18,0.8200000000000001,19.911285006761155,21.19176909972033,19.917129188920228,24.22078862464614,2.042973040195682,2.588229754927217,0.18497400246741474,20.138444207860708,0.0,47.72399631422414,118.41387088180754,1.1742235956487954,0.09271068797451483,0.24590559431534836,0.9214563144361614,0.2214262595404306,0.17020716598999724,99.0,99.0,1.0,0.0,0.0,2.798746890994605,20.138444207860708,47.90897031669155,False,False,0.0,0.0,False,0.0,0,0,0,True
118,17,0.83,18.894347380034223,20.34520713367344,19.00703235478874,23.240337794385344,1.9294745379625884,2.6197935324263293,0.18636419284025785,20.56821510983006,0.0,48.23948794423102,117.07569610292285,1.1751062617968007,0.0934928664139015,0.24744635590543124,0.9214248264135685,0.22308998658150442,0.17049677192721766,99.0,99.0,1.0,0.0,0.0,2.798746890994605,20.56821510983006,48.42585213707128,False,False,0.0,0.0,False,0.0,0,0,0,True
119,18,0.8200000000000001,19.909220406389096,21.31285532668044,19.917129188920228,24.333646338345478,2.042973040195682,2.588229754927217,0.18921061730171607,21.009423145940914,0.0,49.05751442010162,115.67996996516266,1.1760984487269295,0.09436181775594557,0.2490499559325237,0.8689338314147035,0.22720515764529922,0.17569946967427338,100.0,100.0,1.0,0.0,0.0,2.798746890994605,21.009423145940914,49.24672503740334,False,False,0.0,0.0,False,0.0,0,0,0,True
120,17,0.83,18.91182345032797,20.480181296466508,19.00703235478874,23.370354761252838,1.9294745379625884,2.6197935324263293,0.17510279012020435,15.680594633261547,0.0,46.15464725435758,114.20682102348488,1.1769237589725194,0.09509670580304456,0.25052198213446586,0.8616319635690429,0.21999665796693724,0.17629766202857908,99.0,99.0,1.0,0.0,0.0,2.7797850026686675,15.680594633261547,46.329750044477784,False,True,3.5187944046729065,0.07058971216827291,False,0.0,1,1,0,True
121,18,0.8200000000000001,20.01270076105036,21.615518480950183,19.917129188920228,24.654136479708228,2.042973040195682,2.588229754927217,0.1838036863538285,16.19136281259372,0.33491335409998013,47.19975009628729,112.5084317314549,1.1778644634986601,0.0959231327628679,0.2520596098860763,0.7955309917003384,0.2349280937440553,0.18439043562654106,104.0,60.0,0.5769230769230769,0.0,0.0,2.7797850026686675,16.5262761666937,47.383553782641116,False,False,0.0,0.0,False,0.0,0,0,0,True
122,17,0.83,18.812717379425994,20.446086120553407,19.00703235478874,23.309641258061298,1.9294745379625884,2.6197935324263293,0.18582287456216479,16.648852062123265,0.2529929912226297,47.82209022585912,111.06937796569025,1.1787151092231876,0.09668182886824743,0.2534706118571302,0.7998660284962191,0.22915261929119318,0.1823856898833708,100.0,61.0,0.61,0.0,0.0,2.7797850026686675,16.901845053345895,48.007913100421284,False,False,0.0,0.0,False,0.0,0,0,0,True
123,18,0.8200000000000001,19.436760747045863,21.04015670610641,19.917129188920228,23.977047884689377,2.042973040195682,2.588229754927217,0.18896567455930496,17.083253010745434,0.0,48.68239848416907,109.94635044850406,1.1796594859070493,0.09751395113661401,0.25493953333818525,0.7760454187026411,0.20980809005881634,0.18610376367773068,103.0,67.0,0.6504854368932039,0.0,0.0,2.7797850026686675,17.083253010745434,48.871364158728376,False,False,0.0,0.0,False,0.0,0,0,0,True
124,17,0.83,18.61701561361063,20.262355809148872,19.00703235478874,23.08050370675563,1.9294745379625884,2.6197935324263293,0.1882844072995679,17.532621624758807,0.0,49.48136500227372,108.69102699414395,1.1804442331720826,0.09821975046588682,0.2562682248965134,0.7780349363801766,0.22537017547015079,0.18650842902994236,100.0,100.0,1.0,0.0,0.0,2.7797850026686675,17.532621624758807,49.66964940957329,False,False,0.0,0.0,False,0.0,0,0,0,True
125,17,0.83,18.763866831831184,20.399030984656243,19.00703235478874,23.227000843226563,1.9294745379625884,2.6197935324263293,0.18795897739920825,17.99608679943561,0.0,50.467942248896755,107.29902836427644,1.1813266519555774,0.09900190834845683,0.2576591868152439,0.7525469439812836,0.2059685156533349,0.19534969627399124,100.0,100.0,1.0,0.0,0.0,2.7797850026686675,17.99608679943561,50.65590122629596,False,False,0.0,0.0,False,0.0,0,0,0,True
126,18,0.8200000000000001,19.918723523176983,21.48850333832998,19.917129188920228,24.459516701424377,2.042973040195682,2.588229754927217,0.18997963084293892,18.472159454498577,0.0,51.27098444092803,105.72765421486669,1.1823422662349397,0.09989029630851276,0.25911891386084246,0.6852235425958458,0.2398023861237994,0.20465184531159625,100.0,100.0,1.0,0.0,0.0,2.7797850026686675,18.472159454498577,51.460964071770974,False,False,0.0,0.0,False,0.0,0,0,0,True
127,17,0.83,18.9394059664925,20.567087639065296,19.00703235478874,23.403420980758163,1.9294745379625884,2.6197935324263293,0.18877319807229817,18.96509398270332,0.0,51.921533862717254,104.16759893059013,1.1832610266868642,0.10070583712605748,0.2604519703006979,0.67139369696183,0.21815161204460493,0.2057370064896451,99.0,99.0,1.0,0.0,0.0,2.7797850026686675,18.96509398270332,52.11030706078955,False,False,0.0,0.0,False,0.0,0,0,0,True
128,18,0.8200000000000001,19.944545002483512,21.522529295305624,19.917129188920228,24.48576092372538,2.042973040195682,2.588229754927217,0.19037110852156344,19.471560321076236,0.0,52.6837899742781,102.56219882420476,1.1843385864171154,0.10165346140420765,0.261829235853812,0.6183357233042576,0.22859265076761554,0.2156171197572716,100.0,100.0,1.0,0.0,0.0,2.7797850026686675,19.471560321076236,52.87416108279966,False,False,0.0,0.0,False,0.0,0,0,0,True
129,17,0.83,18.947024395644448,20.57977783286815,19.00703235478874,23.411242475267418,1.9294745379625884,2.6197935324263293,0.1889616103936156,19.99584185471391,0.0,53.35398887384014,100.98945334612532,1.1853882830012907,0.10259466079947746,0.26304141592320873,0.6094701078694862,0.22336908127745195,0.216826811433294,99.0,99.0,1.0,0.0,0.0,2.7797850026686675,19.99584185471391,53.54295048423376,False,False,0.0,0.0,False,0.0,0,0,0,True
130,19,0.81,21.085283364977013,22.533984103969686,20.987019826774354,25.635959877676104,2.1564715424287755,2.5566659774281044,0.26110417958160337,20.532708947813678,0.0,54.06242802298537,99.44248906893002,1.186618417683173,0.10368975786148782,0.26427962381453096,0.5216384383694156,0.2644357678360215,0.23425542756007744,101.0,101.0,1.0,0.0,0.0,2.7797850026686675,20.532708947813678,54.32353220256697,False,False,0.0,0.0,False,0.0,0,0,0,True
131,21,0.79,22.43866896647564,23.914185763043083,23.09251805851067,27.212836617021598,2.3834685468949623,2.4935384224298796,0.15942398683155756,20.972214232004752,0.0,54.76969666219863,98.62082136439759,1.1879108014688102,0.10485576238034526,0.2653729169511389,0.44092171589346074,0.27746869653496264,0.24288683381517767,102.0,102.0,1.0,0.0,0.0,2.7797850026686675,20.972214232004752,54.92912064903019,False,False,0.0,0.0,False,0.0,0,0,0,True
132,23,0.77,25.72731867470489,26.759325174398125,25.55940396497197,30.461043242051748,2.610465551361149,2.4304108674316547,0.15133715459186692,21.314785777884623,0.0,55.018627568161854,97.42090015497145,1.1892111072550637,0.10604161879932868,0.26636740975042533,0.3017970891274313,0.3310557103518716,0.2706628531741929,102.0,102.0,1.0,0.0,0.0,2.7797850026686675,21.314785777884623,55.16996472275372,False,False,0.0,0.0,False,0.0,0,0,0,True
133,27,0.73,29.364066790018263,30.175322365244323,29.724756879179413,34.37455842149495,3.064459560293523,2.304155757435205,0.16034593242333323,21.634226128845828,0.0,54.66918899747148,96.97033466890653,1.1908790289970972,0.10755636095793794,0.2672906240300927,0.17120104507117526,0.36100213854413316,0.2851798724206106,101.0,101.0,1.0,0.0,0.0,2.7797850026686675,21.634226128845828,54.82953492989481,False,False,0.0,0.0,False,0.0,0,0,0,True
134,28,0.72,30.510025464603608,31.28128184515515,30.875982588850917,35.660694768779315,3.177958062526616,2.2725919799360925,0.16623681237948315,22.0188110313321,0.0,54.17609178209968,96.5650354126023,1.1926171591489771,0.10912302277868773,0.26828128855341854,0.09899046273784937,0.2944578499997805,0.288147553203596,101.0,101.0,1.0,0.0,0.0,2.7797850026686675,22.0188110313321,54.34232859447916,False,False,0.0,0.0,False,0.0,0,0,0,True
135,30,0.7,33.35111310682711,33.86295724732754,33.18307469158958,38.63384047679215,3.4049550669928035,2.209464424937868,0.17226336030829187,22.383783030374012,0.0,53.805910278142406,95.88515285686432,1.1944241974374523,0.11074447480841447,0.26930084990034087,0.021268740653428896,0.30748029955978257,0.30266248793127826,103.0,103.0,1.0,0.0,0.0,2.7797850026686675,22.383783030374012,53.9781736384507,False,False,0.0,0.0,False,0.0,0,0,0,True
136,34,0.6599999999999999,37.37659616796011,37.462515473577,37.42835419903414,42.79108615500201,3.8589490759251763,2.0832093149414184,0.18158245207229448,22.567518929291367,0.0,52.511188042334226,95.85099158232147,1.196483792502845,0.11261282724208607,0.2701123380437393,-0.05574227657584132,0.3329335198474623,0.31711591524161575,104.0,104.0,1.0,0.0,0.0,2.7797850026686675,22.567518929291367,52.69277049440652,False,False,0.0,0.0,False,0.0,0,0,0,True
137,37,0.63,38.926303025918884,39.00419909572451,40.56785849128714,44.613104332418395,4.199444582624457,1.988517982444081,0.19084971881468907,22.78347317148413,0.0,52.266406346777465,97.41465097788411,1.1986770466368473,0.11460644939389027,0.27084269834299873,-0.08106921605166546,0.2878142672584175,0.30915149628169847,106.0,106.0,1.0,0.0,0.0,2.7797850026686675,22.78347317148413,52.457256065592155,False,False,0.0,0.0,False,0.0,0,0,0,True
138,39,0.61,41.956399716959474,41.76838599292817,43.14920312575583,47.82933219871708,4.426441587090644,1.9253904274458562,0.2323975496995775,23.060743280689184,0.0,52.02361982275908,98.79546811071177,1.2006533644392536,0.11640258438011881,0.27161894248325436,-0.1217129912552604,0.29505598710429287,0.3171575372341483,108.0,108.0,1.0,0.0,0.0,2.7797850026686675,23.060743280689184,52.25601737245866,False,False,0.0,0.0,False,0.0,0,0,0,True
139,42,0.5800000000000001,42.441828939791925,42.42176786274047,46.11738032606103,48.63578462165714,4.766937093789924,1.8306990949485191,0.21992109935859086,23.367904932736067,0.0,52.02561041317634,102.49108057403234,1.2026939097965832,0.11825346420552911,0.27240049105714553,-0.1033223223390057,0.25167621717692257,0.30039580319169723,108.0,108.0,1.0,0.0,0.0,2.7797850026686675,23.367904932736067,52.24553151253493,False,False,0.0,0.0,False,0.0,0,0,0,True
140,40,0.6,43.714038237606744,43.38705330339782,44.15346137974544,49.79511875206136,4.539940089323737,1.893826649946744,0.1437607191597448,23.672011307231237,0.0,51.29667544265133,103.25748865037997,1.2043774939453809,0.1198105327338205,0.2730900711850774,-0.11462807655636054,0.2404704620980458,0.29947442234585847,108.0,108.0,1.0,0.0,0.0,2.7797850026686675,23.672011307231237,51.44043616181107,False,False,0.0,0.0,False,0.0,0,0,0,True
141,39,0.61,43.76285946428092,43.23071944330943,43.415210610089204,49.671979983126825,4.426441587090643,1.9253904274458562,0.14297194907399963,23.971002559995764,0.0,50.67917757750928,103.4419798171597,1.2060159877436347,0.12133913955998492,0.27374739616746846,-0.12241122025761661,0.21434691086373178,0.29684117265525256,107.0,107.0,1.0,0.0,0.0,2.7797850026686675,23.971002559995764,50.82214952658328,False,False,0.0,0.0,False,0.0,0,0,0,True
142,41,0.5900000000000001,44.703392628688505,44.14029305957935,45.47653315389219,50.77255003168054,4.653438591556831,1.8622628724476316,0.14478727650621015,24.2781434441139,0.0,51.04137766078564,104.77821991147258,1.207636452297437,0.12284661234441352,0.2744207287292651,-0.1197070533927336,0.22324406080553022,0.29685093691233677,111.0,111.0,1.0,0.0,0.0,2.7797850026686675,24.2781434441139,51.18616493729185,False,False,0.0,0.0,False,0.0,0,0,0,True
143,44,0.56,46.55488640449785,45.84597644033748,49.09201752091123,52.79351709393494,4.993934098256111,1.7675715399502943,0.14896117248332458,24.520945727866163,0.0,51.82234202252225,108.02426099204635,1.209176390622694,0.12429633237114528,0.27498798347427694,-0.1218106631699302,0.24149655877006065,0.2981618351727969,111.0,111.0,1.0,0.0,0.0,2.7797850026686675,24.520945727866163,51.971303195005575,False,False,0.0,0.0,False,0.0,0,0,0,True
144,42,0.5800000000000001,46.168812436220605,45.218562904658214,46.64058521160443,52.12179340290654,4.766937093789924,1.8306990949485191,0.14878451200863493,24.64523286920405,0.0,51.47259769862452,109.44628329899254,1.2106741179526201,0.12569207681689248,0.2756418131284708,-0.11308828387712797,0.20651307267566335,0.29093797889327083,107.0,107.0,1.0,0.0,0.0,2.7797850026686675,24.64523286920405,51.62138221063315,False,False,0.0,0.0,False,0.0,0,0,0,True
145,43,0.5700000000000001,46.659358363022434,45.76876329896067,47.910910332678995,52.80164184814844,4.880435596023018,1.7991353174494067,0.14979765149909202,24.881975969548925,0.0,51.91837491550341,111.58843033271087,1.212067180573416,0.1269898009132306,0.276332697746751,-0.10292119485766302,0.21271362879909878,0.2881217533862067,108.0,108.0,1.0,0.0,0.0,2.7797850026686675,24.881975969548925,52.068172567002506,False,False,0.0,0.0,False,0.0,0,0,0,True
146,42,0.5800000000000001,46.53411918664342,45.554512108277294,46.65764034212444,52.59159235755119,4.766937093789924,1.8306990949485191,0.14918967121617233,25.121647996835733,0.0,51.83691256760698,112.69155856655803,1.2133275391358722,0.1281659850160858,0.277009337297512,-0.09461924257541048,0.2018602081586936,0.28404208346383786,107.0,107.0,1.0,0.0,0.0,2.7797850026686675,25.121647996835733,51.98610223882315,False,False,0.0,0.0,False,0.0,0,0,0,True
147,40,0.6,45.35570162422143,44.353029293587674,44.56643631976071,51.23514608120004,4.5399400893237365,1.893826649946744,0.14669868798673383,25.35279526104447,0.0,51.08279196780701,112.90496559273106,1.2144939208715233,0.1292524617898285,0.2777289036628077,-0.08199429981203836,0.22018394922429976,0.2783005576778007,104.0,104.0,1.0,0.0,0.0,2.7797850026686675,25.35279526104447,51.22949065579375,False,False,0.0,0.0,False,0.0,0,0,0,True
148,40,0.6,45.066350944799815,44.08130412022435,44.56643631976071,50.94450996761753,4.5399400893237365,1.893826649946744,0.14549313891822152,25.59119264358838,0.0,51.06584597628014,113.3900977922674,1.2155723304834927,0.13025056039169547,0.2784975384483271,-0.07122208218476352,0.2136940668945678,0.2768131708085327,106.0,106.0,1.0,0.0,0.0,2.7797850026686675,25.59119264358838,51.211339115198356,False,False,0.0,0.0,False,0.0,0,0,0,True
149,40,0.6,44.95894228072179,44.03115204834316,44.56643631976071,50.903387343927506,4.5399400893237365,1.893826649946744,0.14490959432628608,25.903975595077256,0.0,51.229271596346265,113.92538206368496,1.2165752998921904,0.1311719513980748,0.27931135553681724,-0.0644419625132451,0.20688545780830228,0.27645518091579063,107.0,107.0,1.0,0.0,0.0,2.7797850026686675,25.903975595077256,51.37418119067255,False,False,0.0,0.0,False,0.0,0,0,0,True
150,41,0.5900000000000001,45.78216068253555,44.76004942063999,45.5706945737503,51.75862069852099,4.653438591556831,1.8622628724476316,0.14572549520390515,26.178048906871474,0.0,51.81849319758312,114.73602721679526,1.2175314866944504,0.13204362986089987,0.2801601512126107,-0.06416371845466817,0.2101886695719828,0.27838174248921976,109.0,109.0,1.0,0.0,0.0,2.7797850026686675,26.178048906871474,51.96421869278703,False,False,0.0,0.0,False,0.0,0,0,0,True
151,41,0.5900000000000001,46.37820721159033,45.254805309802215,45.47653315389219,52.34280794376869,4.653438591556831,1.8622628724476316,0.1461203003166503,26.44843836715486,0.0,51.523991859031256,114.95775506088523,1.2184642022196275,0.13289356246439182,0.28101318448704654,-0.06624843992834623,0.21332551860051346,0.27877571342130725,106.0,106.0,1.0,0.0,0.0,2.7797850026686675,26.44843836715486,51.67011215934791,False,False,0.0,0.0,False,0.0,0,0,0,True
152,41,0.5900000000000001,46.11611230466283,45.02741758583479,45.5706945737503,52.09588615931819,4.653438591556831,1.8622628724476316,0.14631137503984587,26.742278200645462,0.0,51.43880200920024,115.50103204880075,1.2193694748573314,0.13373363662780224,0.2817600573818097,-0.06285153984896147,0.20192507875744123,0.27641645832478456,106.0,106.0,1.0,0.0,0.0,2.7797850026686675,26.742278200645462,51.58511338424008,False,False,0.0,0.0,False,0.0,0,0,0,True
153,40,0.6,45.32891658913289,44.349250481963004,44.56643631976071,51.32491442808457,4.5399400893237365,1.893826649946744,0.14530545215975832,27.142296266345536,0.0,51.14459231958725,115.71821788659845,1.220232180439168,0.1345333454941648,0.28252210745771095,-0.05598742583104695,0.2111449375674809,0.2735279421098288,104.0,104.0,1.0,0.0,0.0,2.7797850026686675,27.142296266345536,51.28989777174701,False,False,0.0,0.0,False,0.0,0,0,0,True
154,40,0.6,45.16061466531087,44.19554522741101,44.56643631976071,51.1560934052455,4.5399400893237365,1.893826649946744,0.14481862829672165,27.55486121778298,0.0,51.267602816832024,116.08910897894815,1.221051109817481,0.13528563758483703,0.2833215226929689,-0.050212415777969324,0.20758643698662288,0.2730410544420062,105.0,105.0,1.0,0.0,0.0,2.7797850026686675,27.55486121778298,51.41242144512874,False,False,0.0,0.0,False,0.0,0,0,0,True
155,40,0.6,45.12387531581808,44.15929764194565,44.56643631976071,51.119102874650906,4.5399400893237365,1.893826649946744,0.14458298553551857,27.980366598037964,0.0,51.48310205626759,116.4962476567632,1.2218335417088964,0.13599732207492304,0.284155807351201,-0.04657362176415521,0.20395373573900338,0.2731438224671471,106.0,106.0,1.0,0.0,0.0,2.7797850026686675,27.980366598037964,51.62768504180311,False,False,0.0,0.0,False,0.0,0,0,0,True
156,41,0.5900000000000001,46.260229871911896,45.20764589903605,45.47653315389219,52.33462698603092,4.653438591556831,1.8622628724476316,0.14556731878088314,28.417673100542146,0.0,51.80654334695317,116.76513491161934,1.2225946259107785,0.13668276445617003,0.28501901064280444,-0.05118665750378358,0.21720471154011994,0.2764134056813613,108.0,108.0,1.0,0.0,0.0,2.7797850026686675,28.417673100542146,51.952110665734054,False,False,0.0,0.0,False,0.0,0,0,0,True
157,41,0.5900000000000001,46.36669431816528,45.29640431396766,45.5706945737503,52.44447155435982,4.653438591556831,1.8622628724476316,0.14604368240773358,28.871568222807202,0.0,51.82156784650394,117.03942517140197,1.2233476537673371,0.13737623795676007,0.28577405405719986,-0.054989772010255754,0.20908938655814727,0.2760123101526359,105.0,105.0,1.0,0.0,0.0,2.7797850026686675,28.871568222807202,51.967611528911675,False,False,0.0,0.0,False,0.0,0,0,0,True
158,41,0.5900000000000001,45.6939551034758,44.71794681792381,45.65062116698742,51.78301132231461,4.653438591556831,1.8622628724476316,0.1353227172066639,23.045048557751382,0.0,47.81839742910426,117.9720995204656,1.2241121935181412,0.138079906489411,0.286526993567265,-0.04534425482305101,0.20625081174679524,0.27174422367909856,104.0,104.0,1.0,0.0,0.0,2.8772232087786556,23.045048557751382,47.95372014631092,False,True,3.8808490637999657,0.07486990097417391,False,0.0,1,1,0,True
159,41,0.5900000000000001,43.44647872759085,42.789764958909075,45.5706945737503,49.55132489693952,4.653438591556831,1.8622628724476316,0.14108477794382213,23.36278165558877,0.0,49.09216533919576,120.75302913530682,1.2248000491124609,0.13870373519957524,0.2873427461575523,0.004005225409140162,0.23709334484395805,0.25634407968608575,111.0,111.0,1.0,0.0,0.0,2.8772232087786556,23.36278165558877,49.23325011713958,False,False,0.0,0.0,False,0.0,0,0,0,True
160,40,0.6,44.31799067686856,43.528847610504386,44.56643631976071,50.384010203562966,4.5399400893237365,1.893826649946744,0.14277506781013638,23.72951701671418,0.0,49.924180174444416,121.79061784456314,1.2251091204912454,0.13897052488106848,0.28829413390938735,0.012510157904839872,0.20305230540559815,0.2590319394637752,109.0,109.0,1.0,0.0,0.0,2.8772232087786556,23.72951701671418,50.06695524225455,False,False,0.0,0.0,False,0.0,0,0,0,True
161,40,0.6,44.832549342452594,44.10520300567734,44.56643631976071,51.02238362442928,4.5399400893237365,1.893826649946744,0.14359336654659455,24.23069808914976,0.0,50.64350422173794,122.2518511586465,1.225365834489556,0.139181600058858,0.28928690029972026,0.0073705022494291285,0.20924078268171828,0.2620795424933819,107.0,107.0,1.0,0.0,0.0,2.8772232087786556,24.23069808914976,50.78709758828454,False,False,0.0,0.0,False,0.0,0,0,0,True
162,40,0.6,45.13187152937208,44.429563778884734,44.56643631976071,51.37024042691027,4.5399400893237365,1.893826649946744,0.14398958756405844,24.795711643572346,0.0,51.178426730646706,122.38872369952252,1.2256715963856142,0.1394327165944769,0.29028264365957784,-0.0009289743350340441,0.20987233366539995,0.2645664652607237,105.0,105.0,1.0,0.0,0.0,2.8772232087786556,24.795711643572346,51.32241631821076,False,False,0.0,0.0,False,0.0,0,0,0,True
163,41,0.5900000000000001,46.386665729382024,45.605229525223116,45.47653315389219,52.704826791769676,4.653438591556831,1.8622628724476316,0.1452798849414918,25.37719881533348,0.0,51.68006524290391,122.2600273281916,1.2260501529099903,0.13974658777717405,0.29127071936504,-0.015053706193108168,0.22546256125845088,0.2687499965169748,105.0,105.0,1.0,0.0,0.0,2.8772232087786556,25.37719881533348,51.8253451278454,False,False,0.0,0.0,False,0.0,0,0,0,True
164,41,0.5900000000000001,46.14493068330474,45.41554315351852,45.5706945737503,52.47154660314169,4.653438591556831,1.8622628724476316,0.14590442951489438,25.98471390075231,0.0,51.67344492329598,122.41517874842339,1.2264973501991183,0.14014134155704633,0.2921198749776574,-0.01889821885252998,0.20754652336908547,0.26724704900015106,104.0,104.0,1.0,0.0,0.0,2.8772232087786556,25.98471390075231,51.819349352810875,False,False,0.0,0.0,False,0.0,0,0,0,True
165,40,0.6,45.39940089323738,44.705188807380324,44.56643631976071,51.63896207405355,4.5399400893237365,1.893826649946744,0.1451083672543595,26.60474356033803,0.0,51.36609652285632,122.27642626080376,1.2269628452095465,0.14055333425019345,0.29295845965255385,-0.016046866085145182,0.20929024291007287,0.26509770280009093,102.0,102.0,1.0,0.0,0.0,2.8772232087786556,26.60474356033803,51.511204890110676,False,False,0.0,0.0,False,0.0,0,0,0,True
166,41,0.5900000000000001,46.422091937677465,45.67149053145996,45.47653315389219,52.740830087873775,4.653438591556831,1.8622628724476316,0.1458215768231358,27.24297246128877,0.0,51.89230493529231,122.08146888323598,1.2274218515392605,0.14095326132996394,0.293819138148366,-0.02208622470643786,0.21307289399476273,0.2686327651782481,105.0,105.0,1.0,0.0,0.0,2.8772232087786556,27.24297246128877,52.03812651211545,False,False,0.0,0.0,False,0.0,0,0,0,True
167,41,0.5900000000000001,46.28087123519666,45.56068950077738,45.5706945737503,52.6050477137448,4.653438591556831,1.8622628724476316,0.1461667516475063,27.90629021446003,0.0,51.83183978451844,122.09147395620893,1.2278920635551738,0.14137940475477795,0.2945659650933725,-0.024465676956211824,0.20375035747886378,0.2677708969378684,104.0,104.0,1.0,0.0,0.0,2.8772232087786556,27.90629021446003,51.97800653616595,False,False,0.0,0.0,False,0.0,0,0,0,True
168,40,0.6,45.39940089323738,44.72969608021556,44.56643631976071,51.639097341037846,4.5399400893237365,1.893826649946744,0.14523542240267767,28.586591648025557,0.0,51.41702679345589,121.92821419575408,1.2283707460998134,0.14181316186025894,0.29530757035617167,-0.019322686420873036,0.212942429356124,0.26500415539304395,102.0,102.0,1.0,0.0,0.0,2.8772232087786556,28.586591648025557,51.56226221585857,False,False,0.0,0.0,False,0.0,0,0,0,True
169,40,0.6,45.30561021241289,44.656536814783465,44.56643631976071,51.54482604082959,4.5399400893237365,1.893826649946744,0.14478471254162284,29.28823127875219,0.0,51.629739381243326,121.83811370073133,1.2288267490584404,0.14221925947525532,0.29607926212933744,-0.017708417647708447,0.20700007633205314,0.2658347344487174,103.0,103.0,1.0,0.0,0.0,2.8772232087786556,29.28823127875219,51.77452409378495,False,False,0.0,0.0,False,0.0,0,0,0,True
170,40,0.6,45.294871886630624,44.70496950664382,44.56643631976071,51.58924576173574,4.5399400893237365,1.893826649946744,0.14456655714509978,30.06726899736897,0.0,51.9516247407712,121.69958051384823,1.229284802497962,0.14262105389757904,0.2968714682659745,-0.019793023086350326,0.20230256646635647,0.26740310474567963,103.0,103.0,1.0,0.0,0.0,2.8772232087786556,30.06726899736897,52.0961912979163,False,False,0.0,0.0,False,0.0,0,0,0,True
171,41,0.5900000000000001,46.43707438049393,45.82805843132549,45.47653315389219,52.87368487853075,4.653438591556831,1.8622628724476316,0.13419902143461526,24.154732575006406,0.0,48.107159291995245,121.34805523641492,1.229770990340369,0.1430433356105279,0.2976733667488541,-0.031095988327498568,0.21899564663697296,0.2720452987833432,104.0,104.0,1.0,0.0,0.0,2.894481498805792,24.154732575006406,48.24135831342986,False,True,4.08377157200705,0.07804608571346598,False,0.0,1,1,0,True
172,41,0.5900000000000001,44.456214015459125,44.1154141325521,45.5706945737503,50.895285309115174,4.653438591556831,1.8622628724476316,0.14054084470978886,24.842076684119412,0.0,49.74724145384512,122.80333567761313,1.2303050771801287,0.14352653377442906,0.29834907325856597,-0.0034652956172041673,0.22201356764005778,0.2602490050247645,112.0,112.0,1.0,0.0,0.0,2.894481498805792,24.842076684119412,49.88778229855491,False,False,0.0,0.0,False,0.0,0,0,0,True
173,40,0.6,45.174487595345404,44.6855729829215,44.56643631976071,51.53701659133208,4.5399400893237365,1.893826649946744,0.14251172744042206,25.552001376050324,0.0,50.508603477008215,122.68419901445235,1.2306255509646342,0.1438084982567877,0.29909863571063217,-0.0072344511185150505,0.20109906206201078,0.26421686847045317,105.0,105.0,1.0,0.0,0.0,2.894481498805792,25.552001376050324,50.65111520444864,False,False,0.0,0.0,False,0.0,0,0,0,True
174,40,0.6,45.29978368512288,44.808135322568546,44.56643631976071,51.66332944059111,4.5399400893237365,1.893826649946744,0.1317871755168683,19.223884654780985,0.0,46.75193138208491,122.44250001164451,1.2309878601417472,0.1441236725580455,0.2998543569824645,-0.01333018808973318,0.20237344291361362,0.26628100970752827,102.0,102.0,1.0,0.0,0.0,2.813023113456106,19.223884654780985,46.88371855760178,False,True,4.154726875145139,0.08140386800416562,False,0.0,1,1,0,True
175,40,0.6,42.97335099174137,42.80288717594885,44.56643631976071,49.339059587882076,4.5399400893237365,1.893826649946744,0.1382747759327475,19.76528658974681,0.0,48.34309468791306,124.20604915545638,1.2314085656511198,0.14448783079563626,0.30060910131260604,0.0241477079369442,0.23488413413890688,0.25383856946781513,109.0,109.0,1.0,0.0,0.0,2.813023113456106,19.76528658974681,48.48136946384581,False,False,0.0,0.0,False,0.0,0,0,0,True
176,40,0.6,44.37413404536605,44.04841035720387,44.56643631976071,50.743190291028135,4.5399400893237365,1.893826649946744,0.14141472682723066,20.323670028295773,0.0,49.68645565051467,124.72407511801323,1.2315684184858762,0.14460027532253755,0.301480235277188,0.021077636271376425,0.20710865174678256,0.259959401454566,109.0,109.0,1.0,0.0,0.0,2.813023113456106,20.323670028295773,49.827870377341895,False,False,0.0,0.0,False,0.0,0,0,0,True
177,40,0.6,45.14435098564882,44.745490199341155,44.56643631976071,51.5150272064163,4.5399400893237365,1.893826649946744,0.14293470261630048,20.89956760883442,0.0,50.55961460222409,124.54502123843277,1.2317632434429433,0.14474035358635623,0.30235543084546423,0.0061445572136509365,0.2156513497954399,0.2647518162376,105.0,105.0,1.0,0.0,0.0,2.813023113456106,20.89956760883442,50.70254930484039,False,False,0.0,0.0,False,0.0,0,0,0,True
178,41,0.5900000000000001,46.313608725303915,45.852786330523905,45.47653315389219,52.76499733355805,4.653438591556831,1.8622628724476316,0.1447690276348251,21.492620688379965,0.0,51.277194572505316,124.16876806180107,1.2320800784187553,0.14499059810947337,0.3031998547538872,-0.01060712026784712,0.2265317684058584,0.26905209948735986,105.0,105.0,1.0,0.0,0.0,2.813023113456106,21.492620688379965,51.42196360014014,False,False,0.0,0.0,False,0.0,0,0,0,True
179,41,0.5900000000000001,46.02546382862916,45.613995856442,45.5706945737503,52.47779879940588,4.653438591556831,1.8622628724476316,0.14565699013075467,22.10427535086209,0.0,51.30257237170529,124.12546677910937,1.2324846423204612,0.14534082904588166,0.30389788086207287,-0.015258296716400633,0.20706512592565907,0.26734989503499784,104.0,104.0,1.0,0.0,0.0,2.813023113456106,22.10427535086209,51.44822936183604,False,False,0.0,0.0,False,0.0,0,0,0,True
180,40,0.6,45.39940089323738,45.00878666270693,44.56643631976071,51.77226558324491,4.5399400893237365,1.893826649946744,0.14498849667976987,22.73602303778651,0.0,51.06234943754255,123.68311643616316,1.2329134155416315,0.14571497728835647,0.30457613338873024,-0.015711683566036465,0.20765329869480778,0.2661849267204073,102.0,102.0,1.0,0.0,0.0,2.813023113456106,22.73602303778651,51.20733793422232,False,False,0.0,0.0,False,0.0,0,0,0,True
181,40,0.6,45.33270250783529,44.958640661476366,44.56643631976071,51.70522211852781,4.5399400893237365,1.893826649946744,0.14466508254380864,23.38758599487583,0.0,51.28130400715983,123.2909120944475,1.2333608416052029,0.14610167345084407,0.3052637419405044,-0.01804495866843242,0.2043513279410317,0.2676494366269645,103.0,103.0,1.0,0.0,0.0,2.813023113456106,23.38758599487583,51.42596908970364,False,False,0.0,0.0,False,0.0,0,0,0,True
182,41,0.5900000000000001,46.46051653549595,45.92033363298795,45.47653315389219,52.802455423929075,4.653438591556831,1.8622628724476316,0.14560700290016276,23.94833563138497,0.0,51.49253356187752,122.84711161535175,1.233839004423976,0.1465125313677102,0.30595521724370234,-0.027021200121668663,0.21502225933234992,0.2714713028287567,104.0,104.0,1.0,0.0,0.0,2.813023113456106,23.94833563138497,51.638140564777686,False,False,0.0,0.0,False,0.0,0,0,0,True
183,41,0.5900000000000001,46.16072670881251,45.66042691696905,45.5706945737503,52.50315165224894,4.653438591556831,1.8622628724476316,0.14606286825320777,24.52667362757041,0.0,51.36182751198335,122.75737927213301,1.2343475790799405,0.14696912962570655,0.30652487762476,-0.02825374937711238,0.20199785785457416,0.2698149571785828,104.0,104.0,1.0,0.0,0.0,2.813023113456106,24.52667362757041,51.50789038023656,False,False,0.0,0.0,False,0.0,0,0,0,True
184,40,0.6,45.39940089323738,44.928323777102676,44.56643631976071,51.662132713737996,4.5399400893237365,1.893826649946744,0.1451851198259322,25.124059644382022,0.0,50.99009050449304,122.39549181479106,1.234853794479933,0.14742466252978242,0.307084954261571,-0.024960901351330538,0.2120336088506914,0.2677815260389333,102.0,102.0,1.0,0.0,0.0,2.813023113456106,25.124059644382022,51.13527562431897,False,False,0.0,0.0,False,0.0,0,0,0,True
185,40,0.6,45.32660208213231,44.86541094392439,44.56643631976071,51.58888092327623,4.5399400893237365,1.893826649946744,0.14476035075537177,25.740183150164086,0.0,51.17673027888183,122.09651719062738,1.235335831925419,0.14785298822919296,0.30764198260442105,-0.024992746728944797,0.20646505808938623,0.26892804714811247,103.0,103.0,1.0,0.0,0.0,2.813023113456106,25.740183150164086,51.321490629637196,False,False,0.0,0.0,False,0.0,0,0,0,True
186,40,0.6,45.319300358165385,44.85875233509843,44.56643631976071,51.58136002441066,4.5399400893237365,1.893826649946744,0.1445547565834448,26.375631861205626,0.0,51.41003508097852,121.80420117528965,1.2357719189328216,0.14823552954900526,0.30810973371030154,-0.027311119392309468,0.2030452377544194,0.2703641395204299,103.0,103.0,1.0,0.0,0.0,2.813023113456106,26.375631861205626,51.55458983756196,False,False,0.0,0.0,False,0.0,0,0,0,True
187,41,0.5900000000000001,46.455410923858636,45.91477081795735,45.47653315389219,52.79729284656676,4.653438591556831,1.8622628724476316,0.14555364266478757,27.030103939968043,0.0,51.510115847317486,121.3659635112245,1.2362019727655724,0.14860915201244462,0.3085248064172642,-0.037577227841797,0.21733861321110712,0.27462729288130355,103.0,103.0,1.0,0.0,0.0,2.813023113456106,27.030103939968043,51.65566948998227,False,False,0.0,0.0,False,0.0,0,0,0,True
188,41,0.5900000000000001,46.11006628985027,45.605452313678995,45.5706945737503,52.452463685715614,4.653438591556831,1.8622628724476316,0.13328801063838353,20.222417148576803,0.0,46.89539481996647,121.33120577129581,1.2366495328623064,0.149017327391758,0.3087849259049725,-0.03827420219268025,0.20201901428913044,0.27266253364559223,104.0,104.0,1.0,0.0,0.0,2.8217209698362895,20.222417148576803,47.02868283060485,False,True,4.4983100017780835,0.08730006845947842,False,0.0,2,2,0,True
189,40,0.6,43.4147315589104,43.19020582284226,44.56643631976071,49.686264831158034,4.5399400893237365,1.893826649946744,0.13900144614263657,20.700189362965826,0.0,48.49685459340711,122.70743626821425,1.237063598451992,0.14939666270002497,0.30899418412546203,0.0003691177945350163,0.2415373863523814,0.25860910148503863,110.0,110.0,1.0,0.0,0.0,2.8217209698362895,20.700189362965826,48.63585603954974,False,False,0.0,0.0,False,0.0,0,0,0,True
190,40,0.6,44.755541963828605,44.36326105126961,44.56643631976071,51.030023493066075,4.5399400893237365,1.893826649946744,0.14176662465704287,21.19294728399271,0.0,49.811763198940774,122.91061153670536,1.2371419291445007,0.14945924077107928,0.30919676452336725,-0.0015916536623277523,0.2025150819683686,0.2647966597832263,109.0,109.0,1.0,0.0,0.0,2.8217209698362895,21.19294728399271,49.95352982359782,False,False,0.0,0.0,False,0.0,0,0,0,True
191,40,0.6,45.25622477689472,44.80376030349619,44.56643631976071,51.53213296706916,4.5399400893237365,1.893826649946744,0.14310514223442586,21.70116095030071,0.0,50.459963942386764,122.6732875529699,1.237207078359426,0.14950721857251553,0.309337852358716,-0.01171373201214335,0.2089887143981523,0.2682594830311321,104.0,104.0,1.0,0.0,0.0,2.8217209698362895,21.70116095030071,50.60306908462119,False,False,0.0,0.0,False,0.0,0,0,0,True
192,40,0.6,45.32188852567305,44.86121573422445,44.56643631976071,51.59848719616409,4.5399400893237365,1.893826649946744,0.14375317949521155,22.22531514367009,0.0,50.749119129430966,122.37850813850616,1.2373352511687015,0.14961155591366934,0.30942625167535903,-0.01934517565327582,0.20483176141358475,0.2699706180445416,101.0,101.0,1.0,0.0,0.0,2.8217209698362895,22.22531514367009,50.89287230892618,False,False,0.0,0.0,False,0.0,0,0,0,True
193,41,0.5900000000000001,46.466237984603254,45.9228083400964,45.47653315389219,52.82332621390635,4.653438591556831,1.8622628724476316,0.14516539166452275,22.765228860434988,0.0,51.118849105415386,121.93223295230194,1.237517919929243,0.14976382483706407,0.3094865187439014,-0.03203573848847735,0.22094765056766014,0.2741015121484611,102.0,102.0,1.0,0.0,0.0,2.8217209698362895,22.765228860434988,51.264014497079906,False,False,0.0,0.0,False,0.0,0,0,0,True
194,40,0.6,45.39940089323738,44.91444399038236,44.56643631976071,51.67706243590774,4.5399400893237365,1.893826649946744,0.14475055674598553,23.322758392645348,0.0,50.51495542218715,121.58422528168032,1.237749031959161,0.14997984299346317,0.3094096706939348,-0.030666531267344886,0.20877305555052014,0.27056933078447043,100.0,100.0,1.0,0.0,0.0,2.8217209698362895,23.322758392645348,50.65970597893313,False,False,0.0,0.0,False,0.0,0,0,0,True
195,40,0.6,45.34478031391814,44.85597748311963,44.56643631976071,51.62222768173759,4.5399400893237365,1.893826649946744,0.14454989667836488,23.897775283391894,0.0,50.7101006516957,121.29468411832137,1.2379796099600502,0.15019113888580327,0.3093476946644354,-0.031446235971697836,0.20494263536842058,0.27162546221241146,101.0,101.0,1.0,0.0,0.0,2.8217209698362895,23.897775283391894,50.85465054837406,False,False,0.0,0.0,False,0.0,0,0,0,True
196,40,0.6,45.33960603490753,44.84080539353444,44.56643631976071,51.61694982085642,4.5399400893237365,1.893826649946744,0.14445281848131636,24.490828037625317,0.0,50.938894304548285,121.02031504454764,1.2382256038371575,0.1504126875400751,0.3092991624814463,-0.03374492182050962,0.20251912422486607,0.2728846674541731,101.0,101.0,1.0,0.0,0.0,2.8217209698362895,24.490828037625317,51.083347123029604,False,False,0.0,0.0,False,0.0,0,0,0,True
197,42,0.5800000000000001,47.08765622295623,46.48723289684893,46.480791407881796,53.52526054468995,4.766937093789924,1.8306990949485191,0.14660267194067467,25.101120382564854,0.0,51.73989240612233,121.01387355558052,1.238497760697871,0.15065473428792298,0.3092620310826261,-0.04440154042234809,0.22811279872136647,0.27775007329498175,104.0,104.0,1.0,0.0,0.0,2.8217209698362895,25.101120382564854,51.88649507806301,False,False,0.0,0.0,False,0.0,0,0,0,True
198,40,0.6,45.39940089323738,44.863421302150144,44.56643631976071,51.67780395738956,4.5399400893237365,1.893826649946744,0.14544631554034007,25.73191701577914,0.0,50.6037645471678,120.71688857319106,1.2387829771169048,0.15093267097744406,0.30909166604380955,-0.03746573363413674,0.21628189130196232,0.2709797805171927,100.0,100.0,1.0,0.0,0.0,2.8217209698362895,25.73191701577914,50.74921086270814,False,False,0.0,0.0,False,0.0,0,0,0,True
199,40,0.6,45.35397956261442,44.80775987783032,44.56643631976071,51.63178582808421,4.5399400893237365,1.893826649946744,0.1448867578223898,26.382499088600017,0.0,50.799164234585376,120.47556501512145,1.2390306627311976,0.15117067775546755,0.30896065468057565,-0.035616847748325756,0.20815519288849776,0.27186884060995387,101.0,101.0,1.0,0.0,0.0,2.8217209698362895,26.382499088600017,50.94405099240777,False,False,0.0,0.0,False,0.0,0,0,0,True
200,40,0.6,45.35035426634974,44.79017858818363,44.56643631976071,51.62787178938644,4.5399400893237365,1.893826649946744,0.14461594253754068,27.053487187124194,0.0,51.02754863550541,120.25182274669855,1.2392761404022572,0.15140192236394154,0.3088571554718187,-0.03652097709358819,0.20390592404507607,0.2729416622378691,101.0,101.0,1.0,0.0,0.0,2.8217209698362895,27.053487187124194,51.17216457804295,False,False,0.0,0.0,False,0.0,0,0,0,True
201,40,0.6,45.352114927439054,44.777818201469614,44.56643631976071,51.629492727288635,4.5399400893237365,1.893826649946744,0.1444848504398072,27.745521362626377,0.0,51.260651127902975,120.04044086498965,1.2395381106644074,0.15164409487576563,0.30877425680111953,-0.03862785655848424,0.20197496723259833,0.27404111781824647,101.0,101.0,1.0,0.0,0.0,2.8217209698362895,27.745521362626377,51.405135978342784,False,False,0.0,0.0,False,0.0,0,0,0,True
202,41,0.5900000000000001,46.48963177052243,45.819674841714985,45.47653315389219,52.84709726626867,4.653438591556831,1.8622628724476316,0.14551979616597405,28.45858075108667,0.0,51.35578351019128,119.69729917716685,1.2398241399108307,0.15190449185464622,0.30870853774617596,-0.04794797741947577,0.21765231459042172,0.2780255439674111,101.0,101.0,1.0,0.0,0.0,2.8217209698362895,28.45858075108667,51.50130330635725,False,False,0.0,0.0,False,0.0,0,0,0,True
203,41,0.5900000000000001,46.13364413581643,45.4907898761571,45.5706945737503,52.491643708170514,4.653438591556831,1.8622628724476316,0.13402446782149952,22.173973059237625,0.0,46.98273694166988,119.77720387476008,1.2401377058255456,0.15220804834874238,0.3085361410313333,-0.04724880162169329,0.2018483546971654,0.27553545257436424,102.0,102.0,1.0,0.0,0.0,2.8270056845694818,22.173973059237625,47.116761409491374,False,True,4.217304368847841,0.08215410770419362,False,0.0,1,1,0,True
204,40,0.6,43.6301265060734,43.23377728285909,44.56643631976071,49.9097360750013,4.5399400893237365,1.893826649946744,0.128290212890521,16.046977957993157,0.0,44.681744710980276,121.10986291166171,1.2404302628656587,0.15249316372036398,0.3083711771361507,-0.010884303654127719,0.2388751693893941,0.2620385835607594,108.0,108.0,1.0,0.0,0.0,2.688602095432248,16.046977957993157,44.810034923870795,False,True,3.8658018557187375,0.07941931996410431,False,0.0,1,1,0,True
205,40,0.6,42.0168046650754,41.83664845216724,44.56643631976071,48.30118489425677,4.5399400893237365,1.893826649946744,0.12508931899387363,9.669702017293782,0.0,42.387899882339504,123.83965077925517,1.2404686235223026,0.152534152128744,0.3083267145685826,0.041835238320220056,0.24270333284545514,0.25021426124037666,110.0,72.0,0.6545454545454545,0.0,0.0,2.550779352080002,9.669702017293782,42.512989201333376,False,True,3.90588168769775,0.08414426316045352,False,0.0,1,1,0,True
206,40,0.6,43.456127450540514,43.11733463563358,44.56643631976071,49.75851708405049,4.5399400893237365,1.893826649946744,0.1223709934324817,2.6902804969037186,2.421697773836887,40.04744367387438,125.2887524633823,1.2401325659732911,0.15221775570315293,0.3084469227502281,0.049325865800780036,0.2047079154427137,0.2544472528926486,112.0,64.0,0.5714285714285714,0.0,0.0,2.4101888800384126,5.111978270740606,40.169814667306866,False,True,4.156180620496325,0.09376395484209119,False,0.0,1,1,0,True
207,40,0.6,44.21687627762917,43.82625436021614,44.56643631976071,50.5534548814804,4.5399400893237365,1.893826649946744,0.1338282805194253,2.6887006085780096,7.735599393148421,43.95557311907156,126.02893442292688,1.2397854585471273,0.15188823017694456,0.30859203922880135,0.04293895219625879,0.21524631019806711,0.2571961652219591,114.0,63.0,0.5526315789473685,0.0,0.0,2.4101888800384126,10.424300001726431,44.08940139959098,False,False,0.0,0.0,False,0.0,0,0,0,True
208,40,0.6,43.978619207755,43.58172632313608,44.56643631976071,50.25814560211224,4.5399400893237365,1.893826649946744,0.13962009799238873,2.623844759958234,8.403957053791963,44.31794211916074,127.0136444195515,1.2395835672149758,0.15169602234889404,0.30869057103407005,0.04823743309683338,0.20209107339143745,0.2548268095299563,113.0,66.0,0.584070796460177,0.0,0.0,2.4101888800384126,11.027801813750198,44.45756221715313,False,False,0.0,0.0,False,0.0,0,0,0,True
209,40,0.6,44.0508420573667,43.67123756096318,44.56643631976071,50.34508002415329,4.5399400893237365,1.893826649946744,0.14246858653511332,2.5686306899245044,8.999561232125542,44.94160861164665,127.90884317834903,1.2393489518651972,0.1514701716249821,0.30882169563216755,0.05240911323728583,0.20254589691306452,0.2543006359369936,112.0,67.0,0.5982142857142857,0.0,0.0,2.4101888800384126,11.568191922050046,45.08407719818177,False,False,0.0,0.0,False,0.0,0,0,0,True
210,40,0.6,44.20760957928966,43.840446391984884,44.56643631976071,50.52121327870544,4.5399400893237365,1.893826649946744,0.14387919448877523,2.529547770463821,9.543618626788923,45.685445231106144,128.63483310612486,1.2390912724121346,0.1512192000824306,0.30898394047957634,0.05390579908248068,0.20418205074628068,0.2545069488535616,111.0,67.0,0.6036036036036037,0.0,0.0,2.4101888800384126,12.073166397252745,45.82932442559492,False,False,0.0,0.0,False,0.0,0,0,0,True
211,41,0.5900000000000001,44.96915298795767,44.680347904356516,45.47653315389219,51.468556065004776,4.653438591556831,1.8622628724476316,0.1456841123316211,2.5934496312370814,9.190903935598039,46.094154429363776,129.4310183556605,1.238831702780359,0.15096309214326498,0.30916836871032966,0.053637845654854674,0.2171270593408489,0.25484876064451367,112.0,68.0,0.6071428571428571,0.0,0.0,2.4101888800384126,11.78435356683512,46.2398385416954,False,False,0.0,0.0,False,0.0,0,0,0,True
212,40,0.6,44.749504796295206,44.44651399959728,44.56643631976071,51.18034365997978,4.5399400893237365,1.893826649946744,0.145444007838906,2.670713309143832,9.342471742076622,46.06881793994382,129.550940675824,1.2385301326816758,0.15068129861614873,0.30928475937042704,0.05071481715247803,0.2031988627221089,0.2541934822516579,110.0,66.0,0.6,0.0,0.0,2.4101888800384126,12.013185051220454,46.214261947782724,False,False,0.0,0.0,False,0.0,0,0,0,True
213,40,0.6,44.788931559881995,44.49393764745644,44.56643631976071,51.21692259921786,4.5399400893237365,1.893826649946744,0.14533485524822398,2.7476693978903572,9.643327812260566,46.497126826216814,129.62343934812824,1.2382524299586795,0.15041993356508532,0.3094047147872551,0.04807360326943666,0.2022688016589949,0.25499856097833823,110.0,65.0,0.5909090909090909,0.0,0.0,2.4101888800384126,12.390997210150923,46.642461681465036,False,False,0.0,0.0,False,0.0,0,0,0,True
214,40,0.6,44.801416362839554,44.51857936796026,44.56643631976071,51.22792971540759,4.5399400893237365,1.893826649946744,0.1452920492663026,2.825607417224836,9.829109051806293,46.81127505167065,129.6712962999287,1.238006666178015,0.15018469715441454,0.30953454035512834,0.045844218268758306,0.2015341667775184,0.25576081907256737,108.0,65.0,0.6018518518518519,0.0,0.0,2.4101888800384126,12.65471646903113,46.95656710093695,False,False,0.0,0.0,False,0.0,0,0,0,True
215,40,0.6,44.6576515927748,44.40671504569057,44.56643631976071,51.08212509456313,4.5399400893237365,1.893826649946744,0.14527698923153531,2.9039663170294414,9.799276715459797,46.961438793487346,129.83101757399882,1.2377899914904138,0.14997222906054347,0.30967808865347823,0.046661864045513576,0.201434798921015,0.255665296101873,108.0,66.0,0.6111111111111112,0.0,0.0,2.4101888800384126,12.703243032489238,47.10671578271888,False,False,0.0,0.0,False,0.0,0,0,0,True
216,40,0.6,44.58479890689155,44.36114994299576,44.56643631976071,51.01101959690286,4.5399400893237365,1.893826649946744,0.14526676490824025,2.9865411340391006,9.735253204668457,47.13524579093272,130.0363039507638,1.2375772116691333,0.14975838057676533,0.3098456440171257,0.04795002841791265,0.20152700489091693,0.2558012797970711,108.0,66.0,0.6111111111111112,0.0,0.0,2.4101888800384126,12.721794338707557,47.280512555840964,False,False,0.0,0.0,False,0.0,0,0,0,True
217,41,0.5900000000000001,45.45559812106893,45.204708961860824,45.47653315389219,51.960039204150334,4.653438591556831,1.8622628724476316,0.14635547162935414,3.069100423205449,9.27522456153317,47.18152798301248,130.30812814279517,1.2373640128209025,0.14953915198805753,0.3100380382418282,0.04532004544616811,0.21441485039909863,0.25715929704533474,110.0,67.0,0.6090909090909091,0.0,0.0,2.4101888800384126,12.34432498473862,47.327883454641835,False,False,0.0,0.0,False,0.0,0,0,0,True
218,40,0.6,44.88503262315163,44.66352127018932,44.56643631976071,51.320741376636576,4.5399400893237365,1.893826649946744,0.1457650529281984,3.1658115893942154,9.370287226563228,46.79771938356436,130.21104319236656,1.2371248592900073,0.14931186700976595,0.310139610630014,0.045559904830659914,0.20343186769051963,0.2554233143999408,109.0,65.0,0.5963302752293578,0.0,0.0,2.4101888800384126,12.536098815957443,46.94348443649256,False,False,0.0,0.0,False,0.0,0,0,0,True
219,40,0.6,44.75849938007602,44.557953975169355,44.56643631976071,51.18152987287734,4.5399400893237365,1.893826649946744,0.14548571511539202,3.253175846896494,9.447771391230377,46.97758459679137,130.21952553695792,1.236897813121504,0.1490918023275005,0.31025866456013174,0.04669414507892855,0.20342839155562947,0.2555672372820938,108.0,66.0,0.6111111111111112,0.0,0.0,2.4101888800384126,12.700947238126872,47.12307031190676,False,False,0.0,0.0,False,0.0,0,0,0,True
220,40,0.6,44.61711201618207,44.45371121106296,44.56643631976071,51.042585658866145,4.5399400893237365,1.893826649946744,0.1453516456617131,3.345866449044101,9.391744258705238,47.10460193968585,130.33225064565568,1.2366754282491896,0.14887162899966072,0.3103989654914642,0.04873919462133535,0.20343929266321936,0.25552200283611526,108.0,66.0,0.6111111111111112,0.0,0.0,2.4101888800384126,12.737610707749338,47.24995358534756,False,False,0.0,0.0,False,0.0,0,0,0,True
221,40,0.6,44.55761496620117,44.42112634060581,44.56643631976071,50.983917960674425,4.5399400893237365,1.893826649946744,0.14528248383451497,3.442367433631205,9.451998071481762,47.417270056904925,130.47756062481056,1.2364486972432451,0.14864257859123453,0.310564484266403,0.05018243130110709,0.20219483796921062,0.2557547681555799,108.0,66.0,0.6111111111111112,0.0,0.0,2.4101888800384126,12.894365505112967,47.56255254073944,False,False,0.0,0.0,False,0.0,0,0,0,True
222,40,0.6,44.59263956318478,44.47057282536273,44.56643631976071,51.0179614731373,4.5399400893237365,1.893826649946744,0.1452487010027772,3.5409501593984376,9.808311285456742,48.10870673645313,130.57342411920857,1.2362232676521216,0.14841062407809547,0.31075039738851523,0.04979169262099562,0.2010533651753761,0.25646877262566453,108.0,67.0,0.6203703703703703,0.0,0.0,2.4101888800384126,13.34926144485518,48.25395543745591,False,False,0.0,0.0,False,0.0,0,0,0,True
223,40,0.6,44.80870976727859,44.6791031380134,44.56643631976071,51.23475969470517,4.5399400893237365,1.893826649946744,0.14524237165663,3.643359762420457,9.832426723407721,48.63987538187815,130.46075730095586,1.2360166852827368,0.1481938750808813,0.3109441091781718,0.044974437349195776,0.20350898184979518,0.2583427886588896,108.0,67.0,0.6203703703703703,0.0,0.0,2.4101888800384126,13.475786485828177,48.78511775353478,False,False,0.0,0.0,False,0.0,0,0,0,True
224,41,0.5900000000000001,45.89930059410876,45.72001318165778,45.47653315389219,52.40808161680483,4.653438591556831,1.8622628724476316,0.14633385973629268,3.750883683439723,9.6528775320844,48.737203118881574,130.2172772731903,1.2358592476221482,0.14802130596880422,0.3111321682321126,0.03439590207030435,0.22002844853131162,0.2615258125057145,108.0,66.0,0.6111111111111112,0.0,0.0,2.4101888800384126,13.403761215524122,48.88353697861787,False,False,0.0,0.0,False,0.0,0,0,0,True
225,40,0.6,45.03700932909795,44.90685535849747,44.56643631976071,51.465616579077754,4.5399400893237365,1.893826649946744,0.1457578778814861,3.861885673828494,9.689628623352233,48.248234393100965,129.87685823445352,1.235741526132712,0.14790636568487947,0.3111892160894777,0.03463014714612948,0.20579558258206593,0.25887511817745024,107.0,66.0,0.616822429906542,0.0,0.0,2.4101888800384126,13.551514297180727,48.39399227098245,False,False,0.0,0.0,False,0.0,0,0,0,True
226,40,0.6,44.87433019493491,44.77159687588857,44.56643631976071,51.30052622189882,4.5399400893237365,1.893826649946744,0.14548360085371906,3.974250638725617,9.727295106068905,48.47867895461603,129.67169767832567,1.2356395847770283,0.1478038420660507,0.31125475164414385,0.0354095321596863,0.20499510971486262,0.25920135232455854,107.0,66.0,0.616822429906542,0.0,0.0,2.4101888800384126,13.701545744794522,48.624162555469745,False,False,0.0,0.0,False,0.0,0,0,0,True
227,40,0.6,44.794365748098,44.71096755036626,44.56643631976071,51.22105176676169,4.5399400893237365,1.893826649946744,0.14534962981349853,4.090772851581645,9.692095159905204,48.70606007590273,129.5271664477201,1.2355516726201263,0.14771192870812705,0.311330241855936,0.03550389886153961,0.2033395850675162,0.2597735211784109,106.0,66.0,0.6226415094339622,0.0,0.0,2.4101888800384126,13.782868011486848,48.85140970571622,False,False,0.0,0.0,False,0.0,0,0,0,True
228,40,0.6,44.75422441942693,44.684386403253036,44.56643631976071,51.180978044523634,4.5399400893237365,1.893826649946744,0.1452806799598984,4.2110909727197345,9.61827143541836,48.92983064747385,129.40921636422777,1.235481635212341,0.14763438658881584,0.31141353420189066,0.03488729602233863,0.2020242306035171,0.26046047251036714,106.0,67.0,0.6320754716981132,0.0,0.0,2.4101888800384126,13.829362408138094,49.075111327433746,False,False,0.0,0.0,False,0.0,0,0,0,True
229,40,0.6,44.73206387695063,44.672827053926326,44.56643631976071,51.15884545086023,4.5399400893237365,1.893826649946744,0.14524170974398673,4.335252440924191,9.520944496099371,49.146847258728556,129.30282563006216,1.2354336280730929,0.14757531777038702,0.31150209719108973,0.03379703756428829,0.2011959040097492,0.2611968118578914,106.0,67.0,0.6320754716981132,0.0,0.0,2.4101888800384126,13.856196937023562,49.29208896847254,False,False,0.0,0.0,False,0.0,0,0,0,True
230,40,0.6,44.719388052472105,44.66868186483499,44.56643631976071,51.146183185731765,4.5399400893237365,1.893826649946744,0.14521638935129827,4.463348867375507,9.408364810678343,49.357903075451894,129.20058008498788,1.2354101853333903,0.14753732090738142,0.3115938773546856,0.032430958435064536,0.20086257938355842,0.26195701148334904,106.0,67.0,0.6320754716981132,0.0,0.0,2.4101888800384126,13.871713678053851,49.50311946480319,False,False,0.0,0.0,False,0.0,0,0,0,True
231,41,0.5900000000000001,45.84722555830968,45.730246411507665,45.47653315389219,52.35474778772161,4.653438591556831,1.8622628724476316,0.14629555434160313,4.595374431740236,9.269521336857334,49.41251909246718,128.94686682737242,1.2354124612488135,0.1475217079363047,0.31168727024522397,0.023270942829158953,0.21855709138624774,0.26528219018622323,105.0,66.0,0.6285714285714286,0.0,0.0,2.4101888800384126,13.86489576859757,49.558814646808784,False,False,0.0,0.0,False,0.0,0,0,0,True
232,40,0.6,44.908241738330496,44.838366238437736,44.56643631976071,51.335936702648425,4.5399400893237365,1.893826649946744,0.1457157764026488,4.731997128992918,9.208467737544403,48.840442554587135,128.6749369086954,1.2354451792196628,0.14755515615697742,0.3116519398019673,0.02566705505507394,0.2077576952254061,0.2620265750067139,105.0,66.0,0.6285714285714286,0.0,0.0,2.4101888800384126,13.940464866537322,48.98615833098978,False,False,0.0,0.0,False,0.0,0,0,0,True
233,40,0.6,44.72949917728631,44.67997585619903,44.56643631976071,51.156203784620494,4.5399400893237365,1.893826649946744,0.1454356688264773,4.8722134928124765,9.07079659486635,48.89037341371328,128.56139737225706,1.2354786882379716,0.14758714172181006,0.31162953143261446,0.028271895278875303,0.20622949606499782,0.26199949764016167,105.0,66.0,0.6285714285714286,0.0,0.0,2.4101888800384126,13.943010087678825,49.03580908253976,False,False,0.0,0.0,False,0.0,0,0,0,True
234,40,0.6,44.69665894704346,44.65073670203599,44.56643631976071,51.12349477446091,4.5399400893237365,1.893826649946744,0.14529259874463818,5.01711161061613,8.912946890665559,49.0474546626641,128.47709698998182,1.2355101592668767,0.14761495965521382,0.3116213146412871,0.028988676921543423,0.20327757027097326,0.26255181727882265,105.0,66.0,0.6285714285714286,0.0,0.0,2.4101888800384126,13.930058501281689,49.19274726140874,False,False,0.0,0.0,False,0.0,0,0,0,True
235,40,0.6,44.694981686382945,44.64859391622006,44.56643631976071,51.12182648927032,4.5399400893237365,1.893826649946744,0.14521446090707812,5.16664682933853,8.75202214273176,49.23347249578982,128.39493939352244,1.235551954913471,0.1476503131980618,0.3116224132590699,0.028454443263343166,0.20151094722946924,0.26324089822093516,105.0,66.0,0.6285714285714286,0.0,0.0,2.4101888800384126,13.918668972070291,49.378686956696896,False,False,0.0,0.0,False,0.0,0,0,0,True
236,40,0.6,44.69933409063453,44.65115791829269,44.56643631976071,51.12614481289693,4.5399400893237365,1.893826649946744,0.14516762593017313,5.320888163353804,8.590894728371168,49.42950405717726,128.31021779499048,1.2356121236753752,0.1477008871967711,0.31162929648465787,0.02730232913781696,0.20066665361164748,0.2639649738976743,105.0,66.0,0.6285714285714286,0.0,0.0,2.4101888800384126,13.911782891724972,49.57467168310743,False,False,0.0,0.0,False,0.0,0,0,0,True
237,40,0.6,44.70400029065045,44.653217858392196,44.56643631976071,51.13077392334753,4.5399400893237365,1.893826649946744,0.1451360163348827,5.4799639865368945,8.42888380292818,49.62914555259574,128.223436256359,1.2356943053475113,0.14777023736252434,0.3116399437448262,0.025900080039191677,0.2004235097269035,0.2646948925333907,105.0,66.0,0.6285714285714286,0.0,0.0,2.4101888800384126,13.908847789465074,49.77428156893062,False,False,0.0,0.0,False,0.0,0,0,0,True
238,41,0.5900000000000001,45.84299145024836,45.71545289929457,45.47653315389219,52.350456347076396,4.653438591556831,1.8622628724476316,0.14621024124201543,5.643910072275622,8.249011425859573,49.67797615010884,127.98451651095661,1.235799547535609,0.14785949272968862,0.31165322536122714,0.016872805507225804,0.21880873846201018,0.268086054987772,105.0,66.0,0.6285714285714286,0.0,0.0,2.4101888800384126,13.892921498135195,49.82418639135086,False,False,0.0,0.0,False,0.0,0,0,0,True
239,40,0.6,44.90996013331532,44.820471715804715,44.56643631976071,51.33760118988902,4.5399400893237365,1.893826649946744,0.1456260128334253,5.813462670176447,8.150621112408611,49.102581792498306,127.7304811149126,1.2359306218971222,0.14799332331773257,0.3115406219989617,0.019376652716426707,0.20765872060274848,0.2647333612996711,105.0,66.0,0.6285714285714286,0.0,0.0,2.4101888800384126,13.964083782585059,49.24820780533173,False,False,0.0,0.0,False,0.0,0,0,0,True
240,40,0.6,44.73727088078728,44.65910837690986,44.56643631976071,51.16388164013046,4.5399400893237365,1.893826649946744,0.1453416878637609,5.9876063604698535,7.979167650654061,49.154848152229405,127.63780905776346,1.2360593032250424,0.1481225984891379,0.31144287873266996,0.022138195740108578,0.20618612847140608,0.2646331631116074,105.0,66.0,0.6285714285714286,0.0,0.0,2.4101888800384126,13.966774011123913,49.30018984009317,False,False,0.0,0.0,False,0.0,0,0,0,True
241,40,0.6,44.707961488380874,44.6249257133894,44.56643631976071,51.134700067362736,4.5399400893237365,1.893826649946744,0.1451952166472007,6.167496185566316,7.788476542038541,49.315035469681206,127.57931966413477,1.2361823749180172,0.14824417273012222,0.31136179256882535,0.02308647891353019,0.20329372010868818,0.2651032945809494,105.0,66.0,0.6285714285714286,0.0,0.0,2.4101888800384126,13.955972727604857,49.46023068632841,False,False,0.0,0.0,False,0.0,0,0,0,True
242,40,0.6,44.70859861028224,44.617071219513896,44.56643631976071,51.13534161981594,4.5399400893237365,1.893826649946744,0.14511420048068388,6.353119176087123,7.59466247884302,49.50493106676319,127.52868476438158,1.2363115753757525,0.1483690817487638,0.31129313599260033,0.022846389732447854,0.20156818461713075,0.2657023033773279,105.0,66.0,0.6285714285714286,0.0,0.0,2.4101888800384126,13.947781654930143,49.650045267243875,False,False,0.0,0.0,False,0.0,0,0,0,True
243,40,0.6,44.71469814350639,44.6137882560282,44.56643631976071,51.14140231530431,4.5399400893237365,1.893826649946744,0.14506475694358312,6.544578225833197,7.400120622057856,49.705593204546446,127.48133282811409,1.2364544708118932,0.14850448801781288,0.3112339142824529,0.022034815463914385,0.20074609221201878,0.2663302705586611,105.0,66.0,0.6285714285714286,0.0,0.0,2.4101888800384126,13.944698847891054,49.85065796149003,False,False,0.0,0.0,False,0.0,0,0,0,True
244,40,0.6,44.72079328960235,44.610129805685474,44.56643631976071,51.147456014240575,4.5399400893237365,1.893826649946744,0.14503065433606732,6.742037426784531,7.203881076006351,49.91045830512551,127.43763934218931,1.2366143769154498,0.14865358429863149,0.3111825295347125,0.021007930349432567,0.20047775679865948,0.2669589950137452,105.0,66.0,0.6285714285714286,0.0,0.0,2.4101888800384126,13.945918502790882,50.05548895946158,False,False,0.0,0.0,False,0.0,0,0,0,True
245,41,0.5900000000000001,45.860997809233695,45.665373417545034,45.47653315389219,52.36834786812341,4.653438591556831,1.8622628724476316,0.1330051928461337,0.0035601569484337756,6.9887405907310285,45.485609888389526,127.24879907853648,1.2367921241804178,0.1488172457149637,0.31113819223008854,0.012426325255946603,0.21870840552788923,0.27029966524257903,105.0,66.0,0.6285714285714286,0.0,0.0,2.7371169048741395,6.9923007476794625,45.61861508123566,False,True,4.492133637997395,0.08964411334515274,False,0.0,1,1,0,True
246,40,0.6,45.342686109192464,47.57003067284099,44.56643631976071,54.57260616116157,4.5399400893237365,1.893826649946744,0.1391754901128795,2.8053532290969447,9.314303384806125,48.03551756867569,124.24520472545622,1.236989460797007,0.14901901747988652,0.31097403100240106,-0.041642367232332334,0.24186904098848688,0.2866275104601458,112.0,53.0,0.4732142857142857,0.0,0.0,2.7371169048741395,12.11965661390307,48.17469305878856,False,False,0.0,0.0,False,0.0,0,0,0,True
247,41,0.5900000000000001,46.35625675785619,46.08317338686143,45.47653315389219,52.914519691189774,4.653438591556831,1.8622628724476316,0.14336037581325142,2.9392425607056696,9.101544743208265,46.36662752732288,123.63856449248698,1.2376040481917645,0.14961183827887087,0.31067058199702724,-0.03537596331292556,0.20774046966887916,0.27884408571702657,112.0,60.0,0.5357142857142857,0.0,0.0,2.7371169048741395,12.040787303913934,46.509987903136135,False,False,0.0,0.0,False,0.0,0,0,0,True
248,40,0.6,45.07156761256074,44.850252941741644,44.56643631976071,51.54481816602855,4.5399400893237365,1.893826649946744,0.14430514461051602,3.070977454303588,9.906296783444223,45.86232130662047,123.35474787050605,1.2381220248277793,0.1501315749902269,0.31030132016233686,-0.021995647840987342,0.22452662452480127,0.2737646257281495,111.0,61.0,0.5495495495495496,0.0,0.0,2.7371169048741395,12.97727423774781,46.006626451230986,False,False,0.0,0.0,False,0.0,0,0,0,True
249,40,0.6,44.58519723484213,44.213105846951635,44.56643631976071,50.851650513489126,4.5399400893237365,1.893826649946744,0.14480909695696986,2.9995103706168575,10.745076697230715,46.172503880752046,123.70807834331511,1.2385599103839482,0.15057290677562735,0.3099806508369207,-0.00502709282812369,0.22193697007670865,0.2702678651257043,111.0,65.0,0.5855855855855856,0.0,0.0,2.7371169048741395,13.744587067847572,46.317312977709015,False,False,0.0,0.0,False,0.0,0,0,0,True
250,40,0.6,44.50328703048242,44.13461562962616,44.56643631976071,50.792221574890675,4.5399400893237365,1.893826649946744,0.14509201116559675,2.9479816987537055,11.483261052556657,46.98567620375282,124.13989903344964,1.2388892985814408,0.15090884478959415,0.30972020706640124,0.004986517356366037,0.21097379074633946,0.2694486772772963,111.0,67.0,0.6036036036036037,0.0,0.0,2.7371169048741395,14.431242751310362,47.13076821491841,False,False,0.0,0.0,False,0.0,0,0,0,True
251,40,0.6,44.66752624720633,44.33456296383153,44.56643631976071,51.04799648464177,4.5399400893237365,1.893826649946744,0.1452561302167244,2.986197755861231,11.763108419319552,47.667548384033445,124.37177238937883,1.2391563176046276,0.15118231563669832,0.3095053667700152,0.00631743650777439,0.20167425460424843,0.27049515300974275,109.0,66.0,0.6055045871559633,0.0,0.0,2.7371169048741395,14.749306175180784,47.81280451425017,False,False,0.0,0.0,False,0.0,0,0,0,True
252,40,0.6,44.59531077330351,44.25729083724579,44.56643631976071,50.98232090608435,4.5399400893237365,1.893826649946744,0.1453415714760592,3.032061443724698,11.80096769445355,47.92816384592597,124.68091787189375,1.2394157921440125,0.15144336610840795,0.30932188649979453,0.008761121284726666,0.20195057639192285,0.2700096666806228,108.0,66.0,0.6111111111111112,0.0,0.0,2.7371169048741395,14.833029138178249,48.07350541740203,False,False,0.0,0.0,False,0.0,0,0,0,True
253,40,0.6,44.55642658586077,44.20565937786199,44.56643631976071,50.942796372904326,4.5399400893237365,1.893826649946744,0.14538206379816426,3.0786802545323737,12.258782418171693,48.639558653909916,125.04169481379247,1.2396568769756637,0.15168110501697432,0.3091759477374311,0.011543805862970262,0.2016590904684616,0.26956808411739364,108.0,66.0,0.6111111111111112,0.0,0.0,2.7371169048741395,15.337462672704067,48.78494071770808,False,False,0.0,0.0,False,0.0,0,0,0,True
254,40,0.6,44.80275962758577,44.40174868553568,44.56643631976071,51.18644028714349,4.5399400893237365,1.893826649946744,0.14541485235007118,3.1240372700268995,12.478058929312729,49.37229541789574,125.20638244801752,1.239883392292563,0.1519008268170985,0.30905990330563643,0.00945954923595358,0.20286419775097791,0.27081904363597137,107.0,67.0,0.6261682242990654,0.0,0.0,2.7371169048741395,15.602096199339629,49.517710270245814,False,False,0.0,0.0,False,0.0,0,0,0,True
255,40,0.6,44.791253292378585,44.37838359182204,44.56643631976071,51.17710098216054,4.5399400893237365,1.893826649946744,0.14543245518872683,3.172965239656907,12.510319673681563,49.71156093816415,125.39443517595618,1.2401295036331386,0.152134828921215,0.30896064808248314,0.00900730978431723,0.20083423928386718,0.2709389471352307,106.0,66.0,0.6226415094339622,0.0,0.0,2.7371169048741395,15.68328491333847,49.85699339335287,False,False,0.0,0.0,False,0.0,0,0,0,True
256,41,0.5900000000000001,45.89440450660679,45.38928733086077,45.47653315389219,52.36005952118766,4.653438591556831,1.8622628724476316,0.1465370701776914,3.2223922945604846,12.486359509432464,49.83764817984285,125.48168099898763,1.2403836467816407,0.15237235496537369,0.30888169884082,0.0022764541272010685,0.21857650101641707,0.27361054995327305,106.0,66.0,0.6226415094339622,0.0,0.0,2.7371169048741395,15.70875180399295,49.984185250020545,False,False,0.0,0.0,False,0.0,0,0,0,True
257,40,0.6,44.94631546519312,44.47944239832957,44.56643631976071,51.333234551838395,4.5399400893237365,1.893826649946744,0.1459749793084119,3.274898216299735,12.531369597252521,49.34276859258421,125.56867492041876,1.240638954104034,0.15262862225273358,0.3087028760598986,0.007279833595902882,0.20809670944416886,0.26944297631493597,106.0,66.0,0.6226415094339622,0.0,0.0,2.7371169048741395,15.806267813552257,49.48874357189262,False,False,0.0,0.0,False,0.0,0,0,0,True
258,40,0.6,44.75957766723751,44.306484543048256,44.56643631976071,51.15302913215468,4.5399400893237365,1.893826649946744,0.14570852075181168,3.3358676136506933,12.493537063091397,49.46914166655345,125.82862669713121,1.2408670806809468,0.15285488078562542,0.30855922621179377,0.012654896698612467,0.2065841984403572,0.26860024793535053,106.0,66.0,0.6226415094339622,0.0,0.0,2.7371169048741395,15.82940467674209,49.61485018730526,False,False,0.0,0.0,False,0.0,0,0,0,True
259,40,0.6,44.71943566763314,44.257761510448276,44.56643631976071,51.11261746864295,4.5399400893237365,1.893826649946744,0.14557537033046283,3.398621671656736,12.427824216044792,49.69443501381374,126.13730150644363,1.2410641230618276,0.15304736514884804,0.30845256429272017,0.016405297586629834,0.20372382123807792,0.26830537606339383,106.0,66.0,0.6226415094339622,0.0,0.0,2.7371169048741395,15.826445887701528,49.8400103841442,False,False,0.0,0.0,False,0.0,0,0,0,True
260,40,0.6,44.71496083454468,44.24255413290506,44.56643631976071,51.108051551336466,4.5399400893237365,1.893826649946744,0.14550489044612305,3.46332810011462,12.358041146094196,49.94954581922324,126.46118369329929,1.2412406000102338,0.15321600745256178,0.30837885437287,0.018979739202885534,0.20189149273134027,0.2681727142322955,106.0,66.0,0.6226415094339622,0.0,0.0,2.7371169048741395,15.821369246208816,50.095050709669366,False,False,0.0,0.0,False,0.0,0,0,0,True
261,41,0.5900000000000001,45.85321652740637,45.28777735924893,45.47653315389219,52.32642403153753,4.653438591556831,1.8622628724476316,0.14656293877157606,3.529387586368375,12.272894630380685,50.06112444257675,126.64993948794259,1.241404229107912,0.15336818494742782,0.30833467565957773,0.013272556785878232,0.21803828501733222,0.2708419110536009,106.0,66.0,0.6226415094339622,0.0,0.0,2.7371169048741395,15.80228221674906,50.20768738134832,False,False,0.0,0.0,False,0.0,0,0,0,True
262,40,0.6,44.923566640789595,44.40068833405932,44.56643631976071,51.31751567794898,4.5399400893237365,1.893826649946744,0.1459754919265872,3.598552094417919,12.274072638857975,49.55727142014276,126.81568747364398,1.241562299063454,0.15353245924969763,0.30819466100607334,0.018838608306904047,0.20795005339978445,0.26664681715239535,106.0,66.0,0.6226415094339622,0.0,0.0,2.7371169048741395,15.872624733275893,49.703246912069346,False,False,0.0,0.0,False,0.0,0,0,0,True
263,40,0.6,44.74864341654291,44.238039909150075,44.56643631976071,51.141930039802254,4.5399400893237365,1.893826649946744,0.1456946623887219,3.669523098399252,12.20399602885933,49.67520719589134,127.14408388425463,1.2416898003511148,0.15366322895696533,0.30809254163608996,0.024619497967739767,0.2063405645265831,0.265726456708738,106.0,66.0,0.6226415094339622,0.0,0.0,2.7371169048741395,15.873519127258582,49.82090185828006,False,False,0.0,0.0,False,0.0,0,0,0,True
264,40,0.6,44.71804958335239,44.20393400639357,44.56643631976071,51.11111085566415,4.5399400893237365,1.893826649946744,0.14555321276954458,3.7426456204594425,12.117546844966832,49.90177233336265,127.50658619762176,1.241784166396458,0.15375800124969202,0.3080295495937117,0.028545302139759487,0.20335667723350864,0.26540717145659304,106.0,66.0,0.6226415094339622,0.0,0.0,2.7371169048741395,15.860192465426273,50.04732554613219,False,False,0.0,0.0,False,0.0,0,0,0,True
265,40,0.6,44.7178698739708,44.19882003307093,44.56643631976071,51.11085580754415,4.5399400893237365,1.893826649946744,0.145477847209034,3.818066674903704,12.03154379217473,50.15887055463911,127.87420248431154,1.2418577626170935,0.1538284676889437,0.3080008555048996,0.03121777827758069,0.20155242956980235,0.2652509386019857,106.0,66.0,0.6226415094339622,0.0,0.0,2.7371169048741395,15.849610467078435,50.304348401848145,False,False,0.0,0.0,False,0.0,0,0,0,True
266,40,0.6,44.722729707532,44.20013520408424,44.56643631976071,51.11568325695682,4.5399400893237365,1.893826649946744,0.14543447125885575,3.8958672044500755,11.948155996179219,50.426161138080325,128.24050359998802,1.241919051733094,0.15388273184741127,0.3080026265498574,0.033254632859605136,0.2006752250026183,0.2651538397601474,106.0,66.0,0.6226415094339622,0.0,0.0,2.7371169048741395,15.844023200629294,50.57159560933918,False,False,0.0,0.0,False,0.0,0,0,0,True
267,41,0.5900000000000001,45.86199889437702,45.25341695323004,45.47653315389219,52.33508566176772,4.653438591556831,1.8622628724476316,0.14650519375281684,3.9754344169753786,11.850239214098174,50.54247526930134,128.46361980065018,1.241972309762712,0.15392501023450206,0.30803230255636355,0.02715268247534538,0.2187117092340757,0.2676586448269175,106.0,66.0,0.6226415094339622,0.0,0.0,2.7371169048741395,15.825673631073553,50.68898046305416,False,False,0.0,0.0,False,0.0,0,0,0,True
268,40,0.6,44.93098009555588,44.37389277593192,44.56643631976071,51.324814521715886,4.5399400893237365,1.893826649946744,0.14592324515697203,4.0585305978819814,11.837803849410323,50.039872596823976,128.65616334447895,1.242024037183445,0.1539832746657352,0.3079637621511508,0.0327485188030749,0.20758015703696214,0.26351066081508245,106.0,66.0,0.6226415094339622,0.0,0.0,2.7371169048741395,15.896334447292304,50.18579584198095,False,False,0.0,0.0,False,0.0,0,0,0,True
269,40,0.6,44.75480383159715,44.21809968765417,44.56643631976071,51.14796875952389,4.5399400893237365,1.893826649946744,0.1456442698235782,4.1438611933114595,11.753519141297835,50.1572838238407,129.0044999765855,1.2420463392426893,0.154009150624201,0.3079322148092864,0.03858673892620081,0.2060904805819969,0.2626222249055147,106.0,66.0,0.6226415094339622,0.0,0.0,2.7371169048741395,15.897380334609295,50.30292809366428,False,False,0.0,0.0,False,0.0,0,0,0,True
270,40,0.6,44.722928624545496,44.19063753460134,44.56643631976071,51.11586352665192,4.5399400893237365,1.893826649946744,0.14550325000094916,4.23178857480218,11.65221038051703,50.38150932083976,129.38029876174488,1.2420365731335625,0.1540001349281906,0.3079386405171646,0.04253540738143954,0.20316057178374208,0.26233909798013416,106.0,67.0,0.6320754716981132,0.0,0.0,2.7371169048741395,15.88399895531921,50.52701257084071,False,False,0.0,0.0,False,0.0,0,0,0,True
271,40,0.6,44.72152061395,44.19207892456893,44.56643631976071,51.114376455353316,4.5399400893237365,1.893826649946744,0.1454276645686694,4.3224753678302505,11.550760088153027,50.634657923517906,129.75465615693665,1.242007453893601,0.15396831161436633,0.30797779127898517,0.045185912838002815,0.20138067844140753,0.26222544489309524,106.0,67.0,0.6320754716981132,0.0,0.0,2.7371169048741395,15.873235455983277,50.78008558808658,False,False,0.0,0.0,False,0.0,0,0,0,True
272,41,0.5900000000000001,45.860196027474224,45.25053030645559,45.47653315389219,52.33317106563398,4.653438591556831,1.8622628724476316,0.1464821668266092,4.415336298968771,11.43539157254024,50.7427573444441,129.98065900437325,1.2419678523483155,0.15392222302427336,0.3080454321058419,0.03915217074319936,0.21848976901848038,0.26479198028936574,106.0,67.0,0.6320754716981132,0.0,0.0,2.7371169048741395,15.850727871509012,50.88923951127071,False,False,0.0,0.0,False,0.0,0,0,0,True
273,40,0.6,44.92884946017929,44.3763868138813,44.56643631976071,51.32257167033831,4.5399400893237365,1.893826649946744,0.14589154497957296,4.512151921492679,11.40593478009373,50.233434151675404,130.1707085102527,1.2419281829380988,0.15389356662502446,0.30801361073594535,0.04481732354049713,0.20758021543349736,0.26071202998281506,106.0,66.0,0.6226415094339622,0.0,0.0,2.7371169048741395,15.91808670158641,50.37932569665497,False,False,0.0,0.0,False,0.0,0,0,0,True
274,40,0.6,44.75319533418527,44.22655778989602,44.56643631976071,51.14623941273923,4.5399400893237365,1.893826649946744,0.14560750428164337,4.6116290424777215,11.305525510496674,50.34641133323933,130.51058704011737,1.2418604937150373,0.15383387794305892,0.3080180185012322,0.050585993158075916,0.20598576832364374,0.25988271932520546,106.0,67.0,0.6320754716981132,0.0,0.0,2.7371169048741395,15.917154552974395,50.49201883752097,False,False,0.0,0.0,False,0.0,0,0,0,True
275,40,0.6,44.72126518145039,44.2044221403386,44.56643631976071,51.11407522055166,4.5399400893237365,1.893826649946744,0.14546345544705705,4.714145879171741,11.188332469234776,50.56659872830939,130.8726012195395,1.2417632148450193,0.1537416707510914,0.3080592047467774,0.05436983037041539,0.2030208153494653,0.2596614513864603,106.0,67.0,0.6320754716981132,0.0,0.0,2.7371169048741395,15.902478348406518,50.712062183756444,False,False,0.0,0.0,False,0.0,0,0,0,True
276,40,0.6,44.71947413077293,44.210718374185745,44.56643631976071,51.11220225569568,4.5399400893237365,1.893826649946744,0.14538587968569433,4.819879003621908,11.070940930866906,50.815998227207125,131.22831916511444,1.2416498228615223,0.15362975535130602,0.3081315855672047,0.05679474502298171,0.2012340619315142,0.2596154140954498,106.0,67.0,0.6320754716981132,0.0,0.0,2.7371169048741395,15.890819934488814,50.96138410689282,False,False,0.0,0.0,False,0.0,0,0,0,True
277,40,0.6,44.72263686772504,44.22298907869421,44.56643631976071,51.115325887858326,4.5399400893237365,1.893826649946744,0.1453404880161275,4.92893779239827,10.955376977171166,51.07436605206326,131.57176640618093,1.2415296838039178,0.15350714891450173,0.3082306884266405,0.05849692469247124,0.20041030443683922,0.2596410540667365,106.0,67.0,0.6320754716981132,0.0,0.0,2.7371169048741395,15.884314769569436,51.219706540079386,False,False,0.0,0.0,False,0.0,0,0,0,True
278,41,0.5900000000000001,45.86021845021883,45.287631718457156,45.47653315389219,52.33303342125386,4.653438591556831,1.8622628724476316,0.14640927365432188,5.040738501014989,10.824422807227908,51.18077925612376,131.76066784161597,1.2414078142606964,0.15337881940222256,0.30835341032068847,0.05168424402576326,0.21901004137969374,0.26221298190782677,106.0,67.0,0.6320754716981132,0.0,0.0,2.7371169048741395,15.865161308242897,51.327188529778084,False,False,0.0,0.0,False,0.0,0,0,0,True
279,40,0.6,44.926281828870835,44.416241997139565,44.56643631976071,51.3198464203552,4.5399400893237365,1.893826649946744,0.1458248513004891,5.157083805192364,10.777178191258626,50.66563282165858,131.9108621642371,1.2412933818041567,0.15327541936299166,0.3083712105360475,0.05696483965105339,0.20732759224491307,0.25827547670561374,106.0,66.0,0.6226415094339622,0.0,0.0,2.7371169048741395,15.93426199645099,50.81145767295907,False,False,0.0,0.0,False,0.0,0,0,0,True
280,40,0.6,44.74967748726348,44.27075788717188,44.56643631976071,51.142552898595305,4.5399400893237365,1.893826649946744,0.1455428783537231,5.276689921539863,10.658028308201448,50.77279742616946,132.20654059682593,1.2411557947034186,0.1531459105226493,0.30842153388542204,0.06236579229911447,0.20581871013394334,0.2575749164072911,106.0,67.0,0.6320754716981132,0.0,0.0,2.7371169048741395,15.93471822974131,50.918340304523184,False,False,0.0,0.0,False,0.0,0,0,0,True
281,40,0.6,44.71673934531534,44.25266098886905,44.56643631976071,51.10937326309984,4.5399400893237365,1.893826649946744,0.14539925558318348,5.39995920878254,10.521028731075344,50.98561637735607,132.52031592771758,1.2409933669168278,0.1529887306502459,0.3085048320994776,0.06575945398130893,0.20289650076185084,0.25747885405337734,106.0,67.0,0.6320754716981132,0.0,0.0,2.7371169048741395,15.920987939857884,51.13101563293925,False,False,0.0,0.0,False,0.0,0,0,0,True
282,40,0.6,44.714061184935346,44.26274044778958,44.56643631976071,51.106607641715065,4.5399400893237365,1.893826649946744,0.1453213318991303,5.527090525741784,10.3829157059277,51.226474230649984,132.82401179968872,1.2408197139721386,0.15281685220600758,0.30861532730655017,0.06776916269756306,0.20113147322900032,0.25755724736381236,106.0,67.0,0.6320754716981132,0.0,0.0,2.7371169048741395,15.910006231669485,51.37179556254912,False,False,0.0,0.0,False,0.0,0,0,0,True
283,40,0.6,44.716521435992114,44.27855428132649,44.56643631976071,51.109023785054916,4.5399400893237365,1.893826649946744,0.145275195705033,5.6582144693867304,10.245848494091735,51.4754284048216,133.1118938381229,1.2406443489174865,0.1526394523062461,0.30874839336366133,0.06903343100553697,0.20050868287022888,0.25770696812817384,106.0,67.0,0.6320754716981132,0.0,0.0,2.7371169048741395,15.904062963478466,51.62070360052663,False,False,0.0,0.0,False,0.0,0,0,0,True
284,41,0.5900000000000001,45.853562567931974,45.34800052393564,45.47653315389219,52.3261858936467,4.653438591556831,1.8622628724476316,0.14634301897104546,5.792768475631298,10.092708479175283,51.57199125538923,133.24042646807948,1.2404724123332238,0.1524616292703798,0.30890081638032346,0.0616571834232564,0.21909786273669846,0.26035790772668166,106.0,67.0,0.6320754716981132,0.0,0.0,2.7371169048741395,15.885476954806581,51.718334274360274,False,False,0.0,0.0,False,0.0,0,0,0,True
285,40,0.6,44.918210093323616,44.477319511165206,44.56643631976071,51.31158477420182,4.5399400893237365,1.893826649946744,0.14575712736113053,5.932584053501566,10.022014897841316,51.044891261179934,133.329543276675,1.2403136388073865,0.15231465567503416,0.3089428744994123,0.0665425216199235,0.20726870801626548,0.25656795742823035,106.0,66.0,0.6226415094339622,0.0,0.0,2.7371169048741395,15.954598951342883,51.190648388541064,False,False,0.0,0.0,False,0.0,0,0,0,True
286,40,0.6,44.742182333856654,44.33489881296383,44.56643631976071,51.13485476083282,4.5399400893237365,1.893826649946744,0.1454732765616603,6.0763855348716245,9.879430635570081,51.14226692517921,133.56108078347185,1.2401365213732232,0.15214653546750134,0.3090133958939752,0.07149633720338469,0.20574288141965927,0.2560075020116371,106.0,67.0,0.6320754716981132,0.0,0.0,2.7371169048741395,15.955816170441706,51.28774020174087,False,False,0.0,0.0,False,0.0,0,0,0,True
287,40,0.6,44.70926320180143,44.31915952145091,44.56643631976071,51.10168621871189,4.5399400893237365,1.893826649946744,0.14532800207751467,6.224602937570799,9.71838373297916,51.34455408085794,133.80835758178165,1.239939696437505,0.15195601219708818,0.3091127230188859,0.07440677611835897,0.20282628472226644,0.2560453950670276,106.0,67.0,0.6320754716981132,0.0,0.0,2.7371169048741395,15.942986670549958,51.48988208293545,False,False,0.0,0.0,False,0.0,0,0,0,True
288,40,0.6,44.70643164823263,44.331061407703444,44.56643631976071,51.09876135668849,4.5399400893237365,1.893826649946744,0.14524857719810744,6.377460639657984,9.555499522678065,51.574406070969374,134.04373249383892,1.239736965021843,0.15175623155930823,0.3092350199362058,0.07591424185210474,0.20107161454039946,0.2562544673931246,106.0,67.0,0.6320754716981132,0.0,0.0,2.7371169048741395,15.932960162336048,51.719654648167484,False,False,0.0,0.0,False,0.0,0,0,0,True
289,40,0.6,44.70877215372218,44.34830023328186,44.56643631976071,51.10105224396961,4.5399400893237365,1.893826649946744,0.14520099568483555,6.5351139265774965,9.392926195850139,51.81214564420894,134.26186858031775,1.2395379029407452,0.15155642152326038,0.3093756765635939,0.07666589111091218,0.20052555612479242,0.2565327061018133,106.0,67.0,0.6320754716981132,0.0,0.0,2.7371169048741395,15.928040122427635,51.95734663989378,False,False,0.0,0.0,False,0.0,0,0,0,True
290,40,0.6,44.710789605020416,44.36571710516082,44.56643631976071,51.103029625692834,4.5399400893237365,1.893826649946744,0.14516895879223424,6.697706196137711,9.22947641022711,52.05077498522971,134.46258779491762,1.239347652111592,0.15136166820296235,0.3095315410667958,0.07703724405846533,0.20072432954646852,0.2568501798361641,106.0,67.0,0.6320754716981132,0.0,0.0,2.7371169048741395,15.92718260636482,52.19594394402194,False,False,0.0,0.0,False,0.0,0,0,0,True
291,41,0.5900000000000001,45.84671191324334,45.43774500225928,45.47653315389219,52.319067394596466,4.653438591556831,1.8622628724476316,0.14624294792087045,6.864703471895434,9.047815366949736,52.13409150967098,134.50137594655055,1.2391687337208654,0.15117461187931888,0.30970031845559864,0.06889764095626974,0.21926563838503563,0.2595434404955972,106.0,67.0,0.6320754716981132,0.0,0.0,2.7371169048741395,15.91251883884517,52.28033445759185,False,False,0.0,0.0,False,0.0,0,0,0,True
292,40,0.6,44.90923320253212,44.56401918435624,44.56643631976071,51.302341366082814,4.5399400893237365,1.893826649946744,0.14565876602769462,7.037979435428854,8.945995376970217,51.58979592032474,134.50379308195505,1.2390092670930233,0.1510251171833562,0.30975137944231984,0.07322797116879318,0.2072350358625162,0.2559158021972686,106.0,67.0,0.6320754716981132,0.0,0.0,2.7371169048741395,15.98397481239907,51.73545468635243,False,False,0.0,0.0,False,0.0,0,0,0,True
293,40,0.6,44.73397184745043,44.42207706181395,44.56643631976071,51.12635833429841,4.5399400893237365,1.893826649946744,0.14537420884150884,7.2162721456541865,8.771618002045546,51.67215813335337,134.6481523399018,1.2388369189518453,0.15086027082721512,0.3098254598753788,0.0776204976282017,0.20572331319175677,0.25551555904565143,106.0,67.0,0.6320754716981132,0.0,0.0,2.7371169048741395,15.987890147699733,51.81753234219488,False,False,0.0,0.0,False,0.0,0,0,0,True
294,40,0.6,44.701298925944286,44.40614021611391,44.56643631976071,51.09342373902154,4.5399400893237365,1.893826649946744,0.14522761587075486,7.4000517642983175,8.57752292259709,51.85798888741492,134.8084484435486,1.238650236424251,0.1506787267373169,0.30992299623424,0.07996952872045615,0.20282551367670085,0.255702833084581,106.0,67.0,0.6320754716981132,0.0,0.0,2.7371169048741395,15.977574686895409,52.00321650328567,False,False,0.0,0.0,False,0.0,0,0,0,True
295,40,0.6,44.69861696526577,44.41733249623479,44.56643631976071,51.09063936569156,4.5399400893237365,1.893826649946744,0.14514661132521872,7.589579699195052,8.380329531378532,52.07040976607958,134.9575522670745,1.2384628495043812,0.15049345680659074,0.31003829191576443,0.08092341880408796,0.2010854280762234,0.2560525725326163,106.0,67.0,0.6320754716981132,0.0,0.0,2.7371169048741395,15.969909230573585,52.215556377404795,False,False,0.0,0.0,False,0.0,0,0,0,True
296,40,0.6,44.701214476365486,44.43349237750751,44.56643631976071,51.093178751543775,4.5399400893237365,1.893826649946744,0.14509728703917546,7.785046760359364,8.182243021347073,52.29015307989298,135.09049620932768,1.2382841276932424,0.15031347259672684,0.3101669292225608,0.08113242303414761,0.20045165775901735,0.2564637613683161,106.0,67.0,0.6320754716981132,0.0,0.0,2.7371169048741395,15.967289781706437,52.43525036693216,False,False,0.0,0.0,False,0.0,0,0,0,True
297,40,0.6,44.70361590439438,44.44948424356362,44.56643631976071,51.09553130281297,4.5399400893237365,1.893826649946744,0.14506338073048702,7.9866320483699855,7.982097760616898,52.510450586257654,135.20744828552478,1.238119003262909,0.15014363404797107,0.31030597739272614,0.08097413043988475,0.20066474851972815,0.2569067795328315,106.0,67.0,0.6320754716981132,0.0,0.0,2.7371169048741395,15.968729808986883,52.65551396698814,False,False,0.0,0.0,False,0.0,0,0,0,True
298,41,0.5900000000000001,45.84002792975302,45.521835470269934,45.47653315389219,52.31204944559961,4.653438591556831,1.8622628724476316,0.14613538984169056,8.193838156437824,7.762577911831369,52.575587897491985,135.16214596914705,1.2379697840442496,0.14998634700788233,0.31045338248674287,0.07232984028824689,0.21923181289085777,0.2597374494432073,106.0,67.0,0.6320754716981132,0.0,0.0,2.7371169048741395,15.956416068269192,52.721723287333674,False,False,0.0,0.0,False,0.0,0,0,0,True
299,40,0.6,44.90153395987309,44.64282190596428,44.56643631976071,51.29431046321893,4.5399400893237365,1.893826649946744,0.14554851855736967,8.40858930586028,7.6206903890876925,52.010723583031314,135.0857603829435,1.2378435477754794,0.14987052331814596,0.31047787244922403,0.07620940066176665,0.20729943654374203,0.2562264433252723,106.0,67.0,0.6320754716981132,0.0,0.0,2.7371169048741395,16.029279694947974,52.156272101588684,False,False,0.0,0.0,False,0.0,0,0,0,True
300,40,0.6,44.72823688879653,44.49925781344111,44.56643631976071,51.1202669034843,4.5399400893237365,1.893826649946744,0.1452607023209603,8.629636765293167,7.405995235875098,52.07650200253484,135.15293888926305,1.2377084540049406,0.14974360624829972,0.31052153558543494,0.08012339163308639,0.20575835654889363,0.2559504487474862,106.0,67.0,0.6320754716981132,0.0,0.0,2.7371169048741395,16.035632001168267,52.2217627048558,False,False,0.0,0.0,False,0.0,0,0,0,True
301,40,0.6,44.696656260274644,44.48082926974091,44.56643631976071,51.088409390696945,4.5399400893237365,1.893826649946744,0.1451112027787863,8.85750005657151,7.170394343405544,52.245372378269074,135.2385459392829,1.237563107492219,0.14960426058234816,0.3105850245459793,0.08199988802955377,0.2028647296766704,0.2562518938296372,106.0,67.0,0.6320754716981132,0.0,0.0,2.7371169048741395,16.027894399977054,52.39048358104786,False,False,0.0,0.0,False,0.0,0,0,0,True
302,40,0.6,44.694764916253554,44.48898029074875,44.56643631976071,51.086404140165804,4.5399400893237365,1.893826649946744,0.1450274997176163,9.092485765159875,6.9303362855839366,52.44083291996881,135.31600196829484,1.2374209139790553,0.14946519692306154,0.3106629796054969,0.08250055986292791,0.20113488811477231,0.2567075943581171,106.0,67.0,0.6320754716981132,0.0,0.0,2.7371169048741395,16.022822050743812,52.585860419686426,False,False,0.0,0.0,False,0.0,0,0,0,True
303,40,0.6,44.69813840101249,44.50178357644143,44.56643631976071,51.08970832407465,4.5399400893237365,1.893826649946744,0.14497553307266944,9.334828059301927,6.687976785649735,52.64392640661141,135.3806547116141,1.2372909546192135,0.14933510385294058,0.31075134492118206,0.08227866937479697,0.20034054395037537,0.25721792250039405,106.0,67.0,0.6320754716981132,0.0,0.0,2.7371169048741395,16.02280484495166,52.78890193968408,False,False,0.0,0.0,False,0.0,0,0,0,True
304,40,0.6,44.70136576952007,44.51417989893387,44.56643631976071,51.09287491833245,4.5399400893237365,1.893826649946744,0.14493895248185346,9.584749811493392,6.442103848252587,52.84801371957428,135.43291113244098,1.2371778771756783,0.14921852200148605,0.3108475476189822,0.0817125855559618,0.20044901196763193,0.2577539671765298,106.0,67.0,0.6320754716981132,0.0,0.0,2.7371169048741395,16.026853659745978,52.992952672056134,False,False,0.0,0.0,False,0.0,0,0,0,True
305,40,0.6,44.703675202501714,44.52531841859023,44.56643631976071,51.09512234686582,4.5399400893237365,1.893826649946744,0.14490979571008605,9.842479617255917,6.191229830740644,53.05010720573035,135.47402903361146,1.237083714116603,0.14911754681822648,0.31094988616155234,0.08099040439229474,0.20059953768134445,0.25830505288980554,106.0,67.0,0.6320754716981132,0.0,0.0,2.7371169048741395,16.03370944799656,53.19501700144043,False,False,0.0,0.0,False,0.0,0,0,0,True
306,41,0.5900000000000001,45.84027754426295,45.59440054748972,45.47653315389219,52.31181462612577,4.653438591556831,1.8622628724476316,0.14598255854903475,10.1075742792026,5.91834924674179,53.096091416780624,135.35616164001394,1.2370091655690925,0.14903303266144746,0.3110570803455596,0.07195121390991217,0.21917394687735955,0.26123515501795086,106.0,67.0,0.6320754716981132,0.0,0.0,2.7371169048741395,16.02592352594439,53.24207397532966,False,False,0.0,0.0,False,0.0,0,0,0,True
307,40,0.6,44.9002874074674,44.70726488739327,44.56643631976071,51.29258014428043,4.5399400893237365,1.893826649946744,0.1453935571756444,10.382032642336583,5.719348126380389,52.50877098815265,135.21533307238136,1.2369589951232196,0.1489917191145249,0.3110378402178971,0.07547753033825672,0.2074255226385759,0.25779675296911847,106.0,67.0,0.6320754716981132,0.0,0.0,2.7371169048741395,16.10138076871697,52.65416454532829,False,False,0.0,0.0,False,0.0,0,0,0,True
308,40,0.6,44.7295052123515,44.56001844787375,44.56643631976071,51.12101243475517,4.5399400893237365,1.893826649946744,0.14510189565424353,10.664625152830656,5.4466905006530215,52.556541664132276,135.22175094426834,1.2369022757284518,0.14894182940936096,0.3110352305601928,0.07903255706584279,0.20585650954062165,0.25761203898896284,105.0,66.0,0.6285714285714286,0.0,0.0,2.7371169048741395,16.11131565348368,52.70164355978652,False,False,0.0,0.0,False,0.0,0,0,0,True
309,40,0.6,44.69947309729833,44.53697828356355,44.56643631976071,51.09058794059402,4.5399400893237365,1.893826649946744,0.14494855974619508,10.955852498431359,5.151196108066617,52.706428105069364,135.2512089804655,1.2368374584479767,0.1488818403621887,0.31105019354871843,0.08058249074654529,0.20296897190025448,0.2579919102853246,105.0,66.0,0.6285714285714286,0.0,0.0,2.7371169048741395,16.107048606497976,52.85137666481556,False,False,0.0,0.0,False,0.0,0,0,0,True
310,40,0.6,44.69883673657761,44.540215111408166,44.56643631976071,51.08982372858492,4.5399400893237365,1.893826649946744,0.1448610605836394,11.256179825942002,4.849233380751998,52.88257333168369,135.27743018881804,1.2367774764817898,0.14882396823568061,0.31107779385674883,0.08079351074990514,0.20124638501042016,0.25851524320294644,105.0,66.0,0.6285714285714286,0.0,0.0,2.7371169048741395,16.105413206694,53.027434392267324,False,False,0.0,0.0,False,0.0,0,0,0,True
311,40,0.6,44.70342778651999,44.54794212193218,44.56643631976071,51.09432859586403,4.5399400893237365,1.893826649946744,0.14480525219442192,11.565900442990294,4.542870172771821,53.06627775660855,135.29592438664656,1.2367309612040802,0.14877642915183018,0.3111143851985291,0.08031827840065457,0.20042767729696406,0.25908294350987965,105.0,66.0,0.6285714285714286,0.0,0.0,2.7371169048741395,16.108770615762115,53.21108300880297,False,False,0.0,0.0,False,0.0,0,0,0,True
312,40,0.6,44.707911765696245,44.55519889157254,44.56643631976071,51.09873329280976,4.5399400893237365,1.893826649946744,0.1447647246850939,11.885299590787533,4.230834361617025,53.25102975864359,135.30716181483476,1.2367021587825024,0.14874333815595223,0.311157776142917,0.07953326812492545,0.2002164415287954,0.25966678240157653,105.0,66.0,0.6285714285714286,0.0,0.0,2.7371169048741395,16.116133952404557,53.395794483328686,False,False,0.0,0.0,False,0.0,0,0,0,True
313,40,0.6,44.71152766855262,44.56117849527428,44.56643631976071,51.102267462024365,4.5399400893237365,1.893826649946744,0.14473148337514957,12.214670629367518,3.9115771148928227,53.43390582965151,135.31241963932118,1.2366927397638225,0.14872640393724584,0.3112066227150895,0.07862513168324299,0.20033161925854998,0.26025665568699663,105.0,66.0,0.6285714285714286,0.0,0.0,2.7371169048741395,16.12624774426034,53.578637313026654,False,False,0.0,0.0,False,0.0,0,0,0,True
314,41,0.5900000000000001,45.84948377451802,45.62566816239111,45.47653315389219,52.32029269171364,4.653438591556831,1.8622628724476316,0.14580000646473812,12.553637312629442,3.5680406235385487,53.46091926986508,135.16328463082226,1.2367030680819144,0.148726119680531,0.31125998516168385,0.06949846181512973,0.21904888425790836,0.2633071063693933,105.0,66.0,0.6285714285714286,0.0,0.0,2.7371169048741395,16.12167793616799,53.60671927632982,False,False,0.0,0.0,False,0.0,0,0,0,True
315,40,0.6,44.908454184417415,44.73090096525239,44.56643631976071,51.3000212280051,4.5399400893237365,1.893826649946744,0.14520557434645792,12.904293010929022,3.2942511625321806,52.85216415969693,134.99881998533058,1.2367361874785427,0.14876754856716126,0.31118710212712725,0.07292390780073542,0.20757604272513852,0.25986259860323613,105.0,66.0,0.6285714285714286,0.0,0.0,2.7371169048741395,16.1985441734612,52.99736973404339,False,False,0.0,0.0,False,0.0,0,0,0,True
316,40,0.6,44.74112983495969,44.58034232991187,44.56643631976071,51.13184778675632,4.5399400893237365,1.893826649946744,0.14490757938006085,13.26541601849668,2.9462147561897405,52.88430429271058,134.98491397517944,1.2367624989654662,0.14880015328431115,0.31113112491528117,0.07635408378677751,0.20595454762191506,0.25969985966741205,105.0,66.0,0.6285714285714286,0.0,0.0,2.7371169048741395,16.21163077468642,53.02921187209064,False,False,0.0,0.0,False,0.0,0,0,0,True
317,40,0.6,44.713201123619825,44.55301989317175,44.56643631976071,51.103598286389136,4.5399400893237365,1.893826649946744,0.14474849321618777,13.637714750147333,2.573163076664756,53.018046103091635,134.99833040176838,1.236780463140735,0.14882237428528922,0.3110932153374298,0.07780545714153767,0.20306322117914005,0.2600916362051203,105.0,66.0,0.6285714285714286,0.0,0.0,2.7371169048741395,16.21087782681209,53.16279459630782,False,False,0.0,0.0,False,0.0,0,0,0,True
318,40,0.6,44.714077288486976,44.55145433606603,44.56643631976071,51.104320355912826,4.5399400893237365,1.893826649946744,0.14465556762361362,14.021635870436532,2.191075970650359,53.17773291469638,135.01331238546305,1.2368026245651529,0.14884601444359424,0.31106880991038655,0.07795750340001953,0.2013492863240293,0.2606165176738891,105.0,66.0,0.6285714285714286,0.0,0.0,2.7371169048741395,16.21271184108689,53.322388482319994,False,False,0.0,0.0,False,0.0,0,0,0,True
319,40,0.6,44.72010045428822,44.55441862487695,44.56643631976071,51.11023150035206,4.5399400893237365,1.893826649946744,0.14459440709325377,14.417552130558096,1.8019711210660776,53.34507519520643,135.02533008034683,1.2368371914614333,0.14887885013410682,0.31105461405111823,0.07745827338268849,0.20053466831675962,0.2611779928084162,105.0,66.0,0.6285714285714286,0.0,0.0,2.7371169048741395,16.219523251624175,53.48966960229968,False,False,0.0,0.0,False,0.0,0,0,0,True
320,40,0.6,44.72603555220143,44.55706701971574,44.56643631976071,51.11605962683284,4.5399400893237365,1.893826649946744,0.1445484638409584,14.825828598183477,1.4045016794298368,53.513612356922565,135.0346993803918,1.2368880635348067,0.14892463449184806,0.3110487315005338,0.07667970696709582,0.20023509332217482,0.26174874897882816,105.0,66.0,0.6285714285714286,0.0,0.0,2.7371169048741395,16.230330277613316,53.65816082076352,False,False,0.0,0.0,False,0.0,0,0,0,True
321,40,0.6,44.73113650046402,44.55863162060992,44.56643631976071,51.121049009786255,4.5399400893237365,1.893826649946744,0.14450967287635846,15.246840746563446,0.9970427400849053,53.680392983556374,135.04250407954257,1.2369566228731323,0.14898477334848234,0.31105007105876775,0.07580531794537629,0.20019692609719036,0.26231935824196073,105.0,66.0,0.6285714285714286,0.0,0.0,2.7371169048741395,16.24388348664835,53.824902656432734,False,False,0.0,0.0,False,0.0,0,0,0,True
322,41,0.5900000000000001,45.87061287265628,45.6183434253596,45.47653315389219,52.340562643899766,4.653438591556831,1.8622628724476316,0.1333832393532652,8.538115036992952,0.562457655227519,49.195557733576386,134.90069380807518,1.2370429822254814,0.14905949582723552,0.3110579156371315,0.06677615261218503,0.2189369626175059,0.2654369535546244,105.0,66.0,0.6285714285714286,0.0,0.0,2.9597364583757795,9.10057269222047,49.32894097292965,False,True,4.507928832779191,0.08373311541045746,False,0.0,1,1,0,True
323,40,0.6,45.29830620821879,47.27380010463628,44.56643631976071,54.25240079617582,4.5399400893237365,1.893826649946744,0.1390706446779359,11.33188736019517,2.4039969572002797,51.127702476844725,132.19333002319962,1.237148926995101,0.14917259915341077,0.3109425177559002,0.01645191953455865,0.23757546059984552,0.27963821659536947,112.0,53.0,0.4732142857142857,0.0,0.0,2.9597364583757795,13.735884317395449,51.26677312152266,False,False,0.0,0.0,False,0.0,0,0,0,True
324,40,0.6,45.120088194969114,44.94240511003972,44.56643631976071,51.613556729454515,4.5399400893237365,1.893826649946744,0.1418992836151322,11.749646634495912,2.4087419864656363,49.85282175158167,131.8173612329206,1.2376319305672767,0.14963916659972534,0.3107012355426534,0.029839837308395185,0.2242074021113194,0.26960378920588934,110.0,59.0,0.5363636363636364,0.0,0.0,2.9597364583757795,14.15838862096155,49.994721035196804,False,False,0.0,0.0,False,0.0,0,0,0,True
325,40,0.6,44.493815914239775,44.14215450500542,44.56643631976071,50.72414919939886,4.5399400893237365,1.893826649946744,0.14327332609238908,11.915909499598925,3.1331767100842347,49.90192041424193,132.24164304767586,1.2380319630067762,0.15002476864140868,0.3105078826457356,0.0504371230480962,0.22476677397159386,0.2652908973695192,110.0,63.0,0.5727272727272728,0.0,0.0,2.9597364583757795,15.04908620968316,50.04519374033432,False,False,0.0,0.0,False,0.0,0,0,0,True
326,40,0.6,44.22370978110935,43.91737362301886,44.56643631976071,50.486350265358766,4.5399400893237365,1.893826649946744,0.14397106416731428,12.11895108798368,3.785904620028106,50.63065577386577,132.89070574441774,1.2383052877107326,0.15028893356359124,0.31037507116041213,0.0658915928903471,0.21498993735104216,0.2633744848196109,110.0,65.0,0.5909090909090909,0.0,0.0,2.9597364583757795,15.904855708011786,50.774626838033086,False,False,0.0,0.0,False,0.0,0,0,0,True
327,40,0.6,44.48017713080584,44.15106238232147,44.56643631976071,50.76855541326177,4.5399400893237365,1.893826649946744,0.1443358391962391,12.35371047660584,3.9589201849931444,51.39492423919202,133.30607968185697,1.2384826564006266,0.15046049482430707,0.31029186364393013,0.06998138817173422,0.2023686247564825,0.2642327766762912,109.0,66.0,0.6055045871559633,0.0,0.0,2.9597364583757795,16.312630661598984,51.53926007838826,False,False,0.0,0.0,False,0.0,0,0,0,True
328,40,0.6,44.50982483992316,44.25181515491943,44.56643631976071,50.89498313581879,4.5399400893237365,1.893826649946744,0.14451786871524291,12.692419455354257,3.80873682590458,51.75357849039932,133.62070084669824,1.2386342204817182,0.15060408672821404,0.31023747337669566,0.07086931559258647,0.20078737649855438,0.2646445942817547,107.0,65.0,0.6074766355140186,0.0,0.0,2.9597364583757795,16.501156281258837,51.89809635911456,False,False,0.0,0.0,False,0.0,0,0,0,True
329,40,0.6,44.47301098417293,44.211633901387195,44.56643631976071,50.85713993602035,4.5399400893237365,1.893826649946744,0.14459870164641375,13.040636929445157,4.03106807154859,52.441868802760695,133.97550326507178,1.2387779467739608,0.15073577393997722,0.3102081217515753,0.07302710611346164,0.2004688069047335,0.2642723937863568,107.0,65.0,0.6074766355140186,0.0,0.0,2.9597364583757795,17.071705000993745,52.58646750440711,False,False,0.0,0.0,False,0.0,0,0,0,True
330,41,0.5900000000000001,45.856217229739066,45.43928417695177,45.47653315389219,52.27622978846436,4.653438591556831,1.8622628724476316,0.1879440714454626,13.39697486651197,3.931380874650887,52.898284880656995,134.0127522420122,1.2389115226017695,0.15085508610332285,0.3101983404770217,0.06317093441118808,0.22197659333111033,0.26786377144918366,106.0,66.0,0.6226415094339622,0.0,0.0,2.9597364583757795,17.328355741162856,53.08622895210246,False,False,0.0,0.0,False,0.0,0,0,0,True
331,40,0.6,44.96218203413098,44.719895930654225,44.56643631976071,51.463324611494315,4.5399400893237365,1.893826649946744,0.07074468861385817,13.766920544913942,3.7220481777566277,52.56564287641193,133.85929263111868,1.2390638935284743,0.15101176778611308,0.3100670348659577,0.0632194466302562,0.20328747635905375,0.265172179388661,106.0,67.0,0.6320754716981132,0.0,0.0,2.9597364583757795,17.48896872267057,52.636387565025785,False,False,0.0,0.0,False,0.0,0,0,0,True
332,40,0.6,44.791098781025994,44.45612692195958,44.56643631976071,51.17407656189946,4.5399400893237365,1.893826649946744,0.07060936988283491,14.14764945582022,3.403291094786832,52.555327976341665,133.96960202891984,1.2392267971561544,0.15117532799141215,0.30994971219734535,0.06755072754178393,0.20609051126467678,0.2641615581835255,106.0,67.0,0.6320754716981132,0.0,0.0,2.9597364583757795,17.550940550607052,52.625937346224504,False,False,0.0,0.0,False,0.0,0,0,0,True
333,40,0.6,44.72997217128483,44.398700226916226,44.56643631976071,51.11985175775614,4.5399400893237365,1.893826649946744,0.07053818989472048,14.547299918418233,3.0330175442056047,52.699211546281504,134.13733812176432,1.2393697004673025,0.15131691547313922,0.30985798633091477,0.07053263830427334,0.20366200220095085,0.26405610921933725,106.0,67.0,0.6320754716981132,0.0,0.0,2.9597364583757795,17.58031746262384,52.76974973617622,False,False,0.0,0.0,False,0.0,0,0,0,True
334,40,0.6,44.71577409065359,44.377805538862965,44.56643631976071,51.10580420416941,4.5399400893237365,1.893826649946744,0.07049650178834509,14.95968187579678,2.6355685857991618,52.867748030955035,134.32596890266205,1.2395006118455048,0.15144405973540903,0.30978895183883826,0.07240849992476436,0.2019605546900026,0.26409714864362377,106.0,67.0,0.6320754716981132,0.0,0.0,2.9597364583757795,17.595250461595942,52.93824453274338,False,False,0.0,0.0,False,0.0,0,0,0,True
335,40,0.6,44.71566860281359,44.37011675370951,44.56643631976071,51.10556468644251,4.5399400893237365,1.893826649946744,0.07046841071799152,15.384895227604083,2.2230009392746375,53.044335232793884,134.52228846871324,1.2396263080219128,0.15156319630312926,0.3097397963068598,0.07362720139723958,0.20099784962348138,0.26419464161496775,106.0,67.0,0.6320754716981132,0.0,0.0,2.9597364583757795,17.60789616687872,53.11480364351188,False,False,0.0,0.0,False,0.0,0,0,0,True
336,40,0.6,44.71950946126653,44.36682764067787,44.56643631976071,51.109293191470634,4.5399400893237365,1.893826649946744,0.07044657838289728,15.823357269361159,1.798051407740119,53.22257309368823,134.72189714779608,1.239750751185932,0.1516781525466433,0.3097085169232178,0.0745199287649048,0.20051740064469162,0.26431118183206237,106.0,67.0,0.6320754716981132,0.0,0.0,2.9597364583757795,17.62140867710128,53.29301967207113,False,False,0.0,0.0,False,0.0,0,0,0,True
337,40,0.6,44.72417233276877,44.36506524659631,44.56643631976071,51.11384493189465,4.5399400893237365,1.893826649946744,0.07042755760861462,16.275481702933778,1.360788783371683,53.39919539132943,134.9232682209605,1.2398757623463992,0.1517907694078478,0.3096937457573338,0.07527703996071962,0.2003443596968441,0.2644321681839055,106.0,68.0,0.6415094339622641,0.0,0.0,2.9597364583757795,17.63627048630546,53.469622948938046,False,False,0.0,0.0,False,0.0,0,0,0,True
338,41,0.5900000000000001,45.86385705822733,45.32336983799236,45.47653315389219,52.223783818466906,4.653438591556831,1.8622628724476316,0.07095168916247176,12.636948400825123,0.8961961992693714,53.32017216938927,135.0764315368603,1.2400019104782996,0.15190173243915278,0.3096944583136745,0.06989911875706159,0.21708604571032933,0.2664249216979435,105.0,67.0,0.638095238095238,0.0,0.0,0.5635044985038191,13.533144600094495,53.39112385855174,False,False,0.0,0.0,False,0.0,1,1,0,True
339,40,0.6,44.72328631955766,44.25858874473628,44.56643631976071,51.00834046401125,4.5399400893237365,1.893826649946744,0.07065097116592707,12.884265680431426,0.2276967858588097,52.66895237209774,135.38427911188472,1.240116348368669,0.1520211083857879,0.30958628309240954,0.08008262749590009,0.21152812768201185,0.2610862475683903,106.0,106.0,1.0,0.0,0.0,0.5635044985038191,13.111962466290235,52.73960334326367,False,False,0.0,0.0,False,0.0,0,0,0,True
340,40,0.6,44.59965747334225,44.145779797510365,44.56643631976071,50.884766946398024,4.5399400893237365,1.893826649946744,0.07049409240985245,13.13956723799277,0.0,53.14937218200046,135.80493563413506,1.2401713456168024,0.1520813827353657,0.30951794969886315,0.0878542190404216,0.20704828140373283,0.2601733645361581,106.0,106.0,1.0,0.0,0.0,0.5635044985038191,13.13956723799277,53.219866274410315,False,False,0.0,0.0,False,0.0,0,0,0,True
341,40,0.6,45.031269600427926,44.51804561496643,44.56643631976071,51.316292108930654,4.5399400893237365,1.893826649946744,0.07041460949819564,13.40287653256891,0.0,53.91668562369196,135.85332633892935,1.2401817601128866,0.1520964418071022,0.30948459551267327,0.0843145680067181,0.203661213496268,0.26239930616051643,106.0,106.0,1.0,0.0,0.0,0.5635044985038191,13.40287653256891,53.987100233190155,False,False,0.0,0.0,False,0.0,0,0,0,True
342,40,0.6,45.31573366613188,44.7617443499237,44.56643631976071,51.600714646841446,4.5399400893237365,1.893826649946744,0.07037665437970167,13.674444733219334,0.0,54.356314700789646,135.6580183087664,1.2402244508734233,0.15213866834283649,0.3094581959380621,0.07697414082151109,0.20599251221419781,0.26450921664824073,106.0,106.0,1.0,0.0,0.0,0.5635044985038191,13.674444733219334,54.426691355169346,False,False,0.0,0.0,False,0.0,0,0,0,True
343,40,0.6,45.35344422355053,44.788908689233175,44.56643631976071,51.63840537367919,4.5399400893237365,1.893826649946744,0.07035852984211413,13.954530887121443,0.0,54.5922277023359,135.43554593929392,1.2403258985277508,0.15223307833889868,0.30942863574696594,0.07162542118747023,0.20307792917888565,0.26563176757366497,106.0,106.0,1.0,0.0,0.0,0.5635044985038191,13.954530887121443,54.662586232178015,False,False,0.0,0.0,False,0.0,0,0,0,True
344,41,0.5900000000000001,46.49426506376124,45.84106532988348,45.47653315389219,52.860041992194546,4.653438591556831,1.8622628724476316,0.07089185922268204,14.242834674162841,0.0,54.66425476129107,135.07101376330266,1.2404727199669479,0.15236717198839841,0.30940020364901094,0.05964449069434943,0.22012740617408016,0.2692880463586255,106.0,106.0,1.0,0.0,0.0,0.5635044985038191,14.242834674162841,54.73514662051375,False,False,0.0,0.0,False,0.0,0,0,0,True
345,40,0.6,45.39940089323738,44.80684402064764,44.56643631976071,51.68463122474993,4.5399400893237365,1.893826649946744,0.07060455330119948,14.540748831984732,0.0,53.924729064418486,134.8306060624157,1.2406560578865096,0.1525544291913746,0.3092496931900523,0.06356539459616936,0.20949634378782517,0.2652180636392106,104.0,104.0,1.0,0.0,0.0,0.5635044985038191,14.540748831984732,53.99533361771969,False,False,0.0,0.0,False,0.0,0,0,0,True
346,40,0.6,45.36857376453238,44.76699165352151,44.56643631976071,51.65365398603218,4.5399400893237365,1.893826649946744,0.07046735739246161,14.848007305021973,0.0,54.06560092568483,134.6300507286549,1.240825097766409,0.15272471225198142,0.3091248071496499,0.06426510556329865,0.20482000261883165,0.26591472291949003,106.0,106.0,1.0,0.0,0.0,0.5635044985038191,14.848007305021973,54.136068283077286,False,False,0.0,0.0,False,0.0,0,0,0,True
347,40,0.6,45.366292453411546,44.75271075986724,44.56643631976071,51.65130099354989,4.5399400893237365,1.893826649946744,0.07040184284518991,15.164903185175532,0.0,54.274453132309155,134.4437762885484,1.2409997251933276,0.15289661729425535,0.3090189640876773,0.06318752332904745,0.20232877793114143,0.26672651290366384,106.0,106.0,1.0,0.0,0.0,0.5635044985038191,15.164903185175532,54.34485497515435,False,False,0.0,0.0,False,0.0,0,0,0,True
348,40,0.6,45.36773495160115,44.7418180340146,44.56643631976071,51.652709262060284,4.5399400893237365,1.893826649946744,0.07037055797712276,15.491738757407676,0.0,54.48884160703042,134.26839457429452,1.2411906529002699,0.15308023090792272,0.3089282089392721,0.061339116157510455,0.20120064822973555,0.26754909375677194,106.0,106.0,1.0,0.0,0.0,0.5635044985038191,15.491738757407676,54.559212165007544,False,False,0.0,0.0,False,0.0,0,0,0,True
349,40,0.6,45.369738343732266,44.73129085423946,44.56643631976071,51.654696308646145,4.5399400893237365,1.893826649946744,0.07035561865431986,15.828825788089642,0.0,54.70484857923024,134.10354003981575,1.2414020366029974,0.1532795367819818,0.3088506031404092,0.05921502685951745,0.20073639375511912,0.26836494569016783,106.0,106.0,1.0,0.0,0.0,0.5635044985038191,15.828825788089642,54.775204197884555,False,False,0.0,0.0,False,0.0,0,0,0,True
350,41,0.5900000000000001,46.50690968663014,45.77326635396989,45.47653315389219,52.87268509404211,4.653438591556831,1.8622628724476316,0.07089046905622504,16.175918329882446,0.0,54.78386774256798,133.80680683973804,1.2416347688083553,0.15349549006572533,0.3087851879271565,0.04913124747047746,0.2182736743908052,0.27189260549014316,106.0,106.0,1.0,0.0,0.0,0.5635044985038191,16.175918329882446,54.8547582116242,False,False,0.0,0.0,False,0.0,0,0,0,True
351,40,0.6,45.39940089323738,44.82123123662252,44.56643631976071,51.79497262290661,4.5399400893237365,1.893826649946744,0.07060388946124316,16.644807323129296,0.0,54.138543218090156,133.55201192287626,1.241888525061213,0.1537495219594581,0.3086068997571258,0.052267114623123986,0.20884533947552328,0.2681994317966224,103.0,103.0,1.0,0.0,0.0,0.5635044985038191,16.644807323129296,54.2091471075514,False,False,0.0,0.0,False,0.0,0,0,0,True
352,40,0.6,45.39503666470933,44.80011595269046,44.56643631976071,51.79045866385288,4.5399400893237365,1.893826649946744,0.06261953811859629,10.926512362174758,0.0,48.27806210736981,133.31833228994648,1.2421307695353607,0.15398883774923397,0.30845525225746456,0.05209349239745527,0.2042042207842148,0.2690446425350794,105.0,105.0,1.0,0.0,0.0,2.9004408987293044,10.926512362174758,48.34068164548841,False,True,6.058071019138513,0.11136415308062396,False,0.0,1,1,0,True
353,40,0.6,44.821133956629154,44.73369084496014,44.56643631976071,51.73278206837295,4.5399400893237365,1.893826649946744,0.06665430888789259,11.75114728207108,1.925711427709528,48.954671603673624,133.15107776474707,1.2423820040835152,0.15423262336444082,0.3083233903881171,0.051552814186698916,0.2029944668561628,0.2695454487923683,112.0,60.0,0.5357142857142857,0.0,0.0,2.9004408987293044,13.676858709780609,49.021325912561515,False,False,0.0,0.0,False,0.0,0,0,0,True
354,40,0.6,44.15212481365438,43.676424572049726,44.56643631976071,50.53053832254139,4.5399400893237365,1.893826649946744,0.0686202814364587,12.066261903769945,2.3992711514119778,48.89935387679377,134.04108951245806,1.2426687178007685,0.1545078454342816,0.30819354726789133,0.07282737374003971,0.2201712705103886,0.26290090390983595,112.0,65.0,0.5803571428571429,0.0,0.0,2.9004408987293044,14.465533055181922,48.96797415823023,False,False,0.0,0.0,False,0.0,0,0,0,True
355,40,0.6,43.87489509357895,43.436226489617056,44.56643631976071,50.26280608473247,4.5399400893237365,1.893826649946744,0.06957025293494828,12.399718437922907,2.9188908837549983,49.628961956054155,135.1712993426017,1.2428128318210183,0.15464572845347496,0.30813547658303553,0.09122078652310996,0.21327820046699003,0.2598759590376961,112.0,68.0,0.6071428571428571,0.0,0.0,2.9004408987293044,15.318609321677904,49.69853220898911,False,False,0.0,0.0,False,0.0,0,0,0,True
356,40,0.6,44.114655697016396,43.64282868587012,44.56643631976071,50.503011090486616,4.5399400893237365,1.893826649946744,0.070034765436603,12.743570268028677,3.1732979774939514,50.57378392069946,136.0949069764923,1.2428323200802904,0.154663068233958,0.3081427001338804,0.09939243886937568,0.2020806544458414,0.2595360033420727,111.0,68.0,0.6126126126126126,0.0,0.0,2.9004408987293044,15.916868245522629,50.643818686136065,False,False,0.0,0.0,False,0.0,0,0,0,True
357,40,0.6,44.3424471147095,43.844707096071716,44.56643631976071,50.73259095648143,4.5399400893237365,1.893826649946744,0.07026112667061864,13.099748065013948,2.9205756403837264,51.03404910796354,136.8166362001813,1.2427944576233794,0.15462221002643634,0.30819342919661674,0.1021499822462982,0.20275615577929637,0.2596007997013983,110.0,67.0,0.6090909090909091,0.0,0.0,2.9004408987293044,16.020323705397676,51.104310234634156,False,False,0.0,0.0,False,0.0,0,0,0,True
358,41,0.5900000000000001,45.51644133030809,44.93750051554264,45.47653315389219,51.98917028816068,4.653438591556831,1.8622628724476316,0.07090559687448511,13.468177905610476,2.659548754980088,51.20299819009305,137.35566883853085,1.242729686845769,0.1545506747830058,0.3082800496468152,0.09652949364258978,0.2211034200015487,0.26145706942038577,108.0,66.0,0.6111111111111112,0.0,0.0,2.9004408987293044,16.127726660590564,51.27390378696753,False,False,0.0,0.0,False,0.0,0,0,0,True
359,40,0.6,44.81968319145166,44.26939626593538,44.56643631976071,51.21255036482725,4.5399400893237365,1.893826649946744,0.07066628962669708,13.849363630282538,2.7080582736489403,51.17234814818225,137.6527088923562,1.2426419058915048,0.1544747887864763,0.30827151315393336,0.1000866469879567,0.20290286966136808,0.25808582683517395,108.0,66.0,0.6111111111111112,0.0,0.0,2.9004408987293044,16.557421903931477,51.24301443780895,False,False,0.0,0.0,False,0.0,0,0,0,True
360,40,0.6,44.8503537484176,44.29856723299862,44.56643631976071,51.240190646972415,4.5399400893237365,1.893826649946744,0.07055286656760187,14.239599373921944,2.6615532394564703,51.735015314851054,137.92057797911824,1.2425345587459655,0.1543769539133715,0.3082902045524324,0.10171373343449423,0.20071674160173228,0.2581674200684098,107.0,66.0,0.616822429906542,0.0,0.0,2.9004408987293044,16.901152613378414,51.80556818141866,False,False,0.0,0.0,False,0.0,0,0,0,True
361,40,0.6,44.846272895967246,44.30213571766448,44.56643631976071,51.23680159321379,4.5399400893237365,1.893826649946744,0.07049705409358373,14.642828037697791,2.3968563877293376,52.06736735903308,138.1848785812145,1.24242466370888,0.1542729632685929,0.30833119313720986,0.10295293067469931,0.2002501981964257,0.25815362163198075,107.0,66.0,0.616822429906542,0.0,0.0,2.9004408987293044,17.03968442542713,52.137864413126664,False,False,0.0,0.0,False,0.0,0,0,0,True
362,40,0.6,44.82114678115189,44.28772446056854,44.56643631976071,51.2114204987292,4.5399400893237365,1.893826649946744,0.07046463531339535,15.058484780836867,2.061407447886414,52.319636033760155,138.46359044040665,1.2423149161033638,0.15416544903919677,0.30839297856891423,0.10443499980290483,0.20038883122816534,0.25804219112374926,105.0,66.0,0.6285714285714286,0.0,0.0,2.9004408987293044,17.11989222872328,52.39010066907355,False,False,0.0,0.0,False,0.0,0,0,0,True
363,40,0.6,44.797230765398126,44.280360399610316,44.56643631976071,51.192932634670974,4.5399400893237365,1.893826649946744,0.07044212208031601,15.492631713381785,1.6856152579710382,52.54538507752744,138.74966636055706,1.2422036642327854,0.15405300705598388,0.3084753449975577,0.1059628244835968,0.20034669230369367,0.2579640723565023,105.0,66.0,0.6285714285714286,0.0,0.0,2.9004408987293044,17.178246971352824,52.61582719960776,False,False,0.0,0.0,False,0.0,0,0,0,True
364,40,0.6,44.780883614956885,44.27711391479505,44.56643631976071,51.17798447117926,4.5399400893237365,1.893826649946744,0.07042362717139045,15.941815233562723,1.2771100534097983,52.75446845182895,139.0389887655227,1.2420905508813398,0.15393549223087838,0.3085774170806557,0.10748545996600418,0.20032944583854034,0.2579083855468286,105.0,66.0,0.6285714285714286,0.0,0.0,2.9004408987293044,17.21892528697252,52.82489207900034,False,False,0.0,0.0,False,0.0,0,0,0,True
365,41,0.5900000000000001,45.906833995532885,45.23649071509217,45.47653315389219,52.27426830325585,4.653438591556831,1.8622628724476316,0.06514317703695524,9.10872435916191,0.8296391504146204,48.38797462075657,139.27903120432276,1.241975556450006,0.1538131066832603,0.30869806027619556,0.1023671897598242,0.21712377297905858,0.2596139086497481,105.0,66.0,0.6285714285714286,0.0,0.0,2.907187067867611,9.93836350957653,48.45311779779353,False,True,4.317939888187425,0.08182401637431116,False,0.0,1,1,0,True
366,40,0.6,45.20962109252157,46.00958885886541,44.56643631976071,53.160665833402966,4.5399400893237365,1.893826649946744,0.0678761264945214,10.914402711386243,2.5596082170879266,49.4867046801025,137.83587866521802,1.2418497886611828,0.15369966689016057,0.30871243705320006,0.0732151992475904,0.22122594650092572,0.2666441930017095,112.0,56.0,0.5,0.0,0.0,2.907187067867611,13.47401092847417,49.554580806597016,False,False,0.0,0.0,False,0.0,0,0,0,True
367,40,0.6,44.86444479904051,44.178495314664744,44.56643631976071,51.0525401644185,4.5399400893237365,1.893826649946744,0.06921706131750245,11.012301074487413,2.850909965539632,48.481997253794944,138.22381967031401,1.2419495724763876,0.15379649606403986,0.30866007960620545,0.0930089727799084,0.22305887886263703,0.2575294204633244,111.0,62.0,0.5585585585585585,0.0,0.0,2.907187067867611,13.863211040027045,48.551214315112446,False,False,0.0,0.0,False,0.0,0,0,0,True
368,40,0.6,44.17695036545701,43.61345838283485,44.56643631976071,50.398009879521275,4.5399400893237365,1.893826649946744,0.0698657833669785,11.14552446096859,3.6776697187676692,48.864020627092664,139.17679760723985,1.2419240803557554,0.15377245350243968,0.30867111329934815,0.11578744078274802,0.22033154138367025,0.2534151713538999,112.0,65.0,0.5803571428571429,0.0,0.0,2.907187067867611,14.823194179736259,48.93388641045964,False,False,0.0,0.0,False,0.0,0,0,0,True
369,40,0.6,44.10992384162618,43.61531735997182,44.56643631976071,50.38868846143683,4.5399400893237365,1.893826649946744,0.0701934084248728,11.340273146935694,4.336750244249135,49.783831382519836,140.12791656702876,1.2417586656222144,0.15361407039962977,0.3087495927530446,0.12986461425215926,0.20897629122456177,0.25209585965048265,111.0,67.0,0.6036036036036037,0.0,0.0,2.907187067867611,15.677023391184829,49.854024790944706,False,False,0.0,0.0,False,0.0,0,0,0,True
370,40,0.6,44.388916455749204,43.87253716280251,44.56643631976071,50.66790135437695,4.5399400893237365,1.893826649946744,0.07036273170216786,11.541165298116152,4.331686376789662,50.375202687583766,140.82181572398696,1.2415086623242932,0.15337327663377207,0.30887573525180784,0.13411855167895237,0.20077836336069063,0.25252684246667007,110.0,68.0,0.6181818181818182,0.0,0.0,2.907187067867611,15.872851674905814,50.445565419285934,False,False,0.0,0.0,False,0.0,0,0,0,True
371,40,0.6,44.45027440333871,43.94783688311253,44.56643631976071,50.733522122765194,4.5399400893237365,1.893826649946744,0.07044262185283699,11.752534002549927,4.1523152067629345,50.62747919364326,141.44041516063513,1.2412311783809002,0.1531022382126465,0.3090339231924234,0.13703886865467868,0.20164812501968452,0.252236887331575,108.0,66.0,0.6111111111111112,0.0,0.0,2.907187067867611,15.90484920931286,50.697921815496095,False,False,0.0,0.0,False,0.0,0,0,0,True
372,40,0.6,44.457465808390694,43.97469049794179,44.56643631976071,50.740242212955934,4.5399400893237365,1.893826649946744,0.07047666845317782,11.970023888781972,4.3183636549912805,51.178744436723846,142.03216098245403,1.240933816266947,0.1528080092434233,0.30922127835377955,0.1401809138210835,0.20134340942824402,0.25177030505705594,108.0,66.0,0.6111111111111112,0.0,0.0,2.907187067867611,16.288387543773254,51.24922110517702,False,False,0.0,0.0,False,0.0,0,0,0,True
373,40,0.6,44.66142587229873,44.17227649430404,44.56643631976071,50.94183202281566,4.5399400893237365,1.893826649946744,0.07049547159861123,12.19194469168034,4.493707801044552,51.919284503089955,142.42632080791074,1.2406223037951012,0.15249739535444257,0.30943042568494233,0.13939070030683948,0.203995089016704,0.25249347283637635,108.0,67.0,0.6203703703703703,0.0,0.0,2.907187067867611,16.68565249272489,51.98977997468857,False,False,0.0,0.0,False,0.0,0,0,0,True
374,41,0.5900000000000001,45.9649307255631,45.395567756753714,45.47653315389219,52.325782344179345,4.653438591556831,1.8622628724476316,0.06526799962877833,5.286096379260339,4.404793610217936,47.99531680507619,142.5072862050492,1.2403269228073317,0.15219973774761025,0.3096469540324853,0.1276669059115674,0.2238276164816027,0.2555555428424783,108.0,67.0,0.6203703703703703,0.0,0.0,2.883635088282299,9.690889989478276,48.06058480470497,False,True,4.256710135977737,0.08136334534887535,False,0.0,1,1,0,True
375,40,0.6,45.226826167079324,46.122606266974884,44.56643631976071,53.146193391014634,4.5399400893237365,1.893826649946744,0.06800887137534369,6.940052198507039,6.291161392718774,49.25313547015821,140.95111625783505,1.240068540748607,0.15195718204713077,0.30973200848742843,0.09591012217851702,0.2232275229723823,0.26244758755312436,113.0,58.0,0.5132743362831859,0.0,0.0,2.883635088282299,13.231213591225814,49.321144341533554,False,False,0.0,0.0,False,0.0,0,0,0,True
376,40,0.6,44.912033634783256,44.465776351067575,44.56643631976071,51.23623445988789,4.5399400893237365,1.893826649946744,0.06935830698141772,7.0492428060700725,6.723625320777584,48.47275975875929,141.0517762265282,1.2400592410707134,0.15194781444468042,0.30973757856453277,0.11076062622803776,0.21912217376108142,0.2548793954833941,112.0,62.0,0.5535714285714286,0.0,0.0,2.883635088282299,13.772868126847657,48.54211806574071,False,False,0.0,0.0,False,0.0,0,0,0,True
377,40,0.6,44.34976069511748,43.948439706880635,44.56643631976071,50.63298784168061,4.5399400893237365,1.893826649946744,0.07001676268865573,7.1201641501644595,7.545032547030507,48.896046500970975,141.66977283940827,1.239963937642755,0.15185527569337967,0.30978815866164233,0.1290069274476801,0.21768304173468972,0.2517152472435842,113.0,66.0,0.584070796460177,0.0,0.0,2.883635088282299,14.665196697194967,48.96606326365963,False,False,0.0,0.0,False,0.0,0,0,0,True
378,40,0.6,44.33279587750546,43.942972131886805,44.56643631976071,50.61200211331138,4.5399400893237365,1.893826649946744,0.07034904953437991,7.188925523384529,8.207316018701961,49.76567261229506,142.29323702728217,1.2397629022817769,0.15166121517636455,0.3098901440662329,0.13969753506092183,0.20793383947111313,0.2510069151277461,112.0,68.0,0.6071428571428571,0.0,0.0,2.883635088282299,15.39624154208649,49.83602166182944,False,False,0.0,0.0,False,0.0,0,0,0,True
379,40,0.6,44.53487045212269,44.13805517487303,44.56643631976071,50.81743258825109,4.5399400893237365,1.893826649946744,0.07051977659342147,7.26301275483689,8.321883132734065,50.3054863486665,142.72161817216985,1.2395036007757592,0.15141022906687382,0.31002623764896936,0.1424161286639148,0.2005049916025044,0.2516350912147241,110.0,67.0,0.6090909090909091,0.0,0.0,2.883635088282299,15.584895887570955,50.37600612525992,False,False,0.0,0.0,False,0.0,0,0,0,True
380,40,0.6,44.52910785952459,44.15285202585863,44.56643631976071,50.81317914593751,4.5399400893237365,1.893826649946744,0.07060226961774757,7.340842683685529,8.271323936806546,50.50695827516359,143.13520246607197,1.239231911770285,0.1511442503277977,0.3101836740418778,0.14488153866334558,0.2007356582440598,0.2514345144770643,109.0,67.0,0.6146788990825688,0.0,0.0,2.883635088282299,15.612166620492076,50.577560544781335,False,False,0.0,0.0,False,0.0,0,0,0,True
381,40,0.6,44.51663658877869,44.16208328032685,44.56643631976071,50.8003874059661,4.5399400893237365,1.893826649946744,0.07064009585193268,7.420751954337218,8.541604913907353,51.020582876004504,143.5395555055058,1.2389476267155155,0.15086291968813118,0.31036268054656363,0.14733711874533345,0.20083889646958056,0.25122184740743997,109.0,67.0,0.6146788990825688,0.0,0.0,2.883635088282299,15.962356868244571,51.09122297185644,False,False,0.0,0.0,False,0.0,0,0,0,True
382,40,0.6,44.659915766859136,44.30598474099096,44.56643631976071,50.94117261159539,4.5399400893237365,1.893826649946744,0.07066214992443558,7.500649540559061,8.880603716605757,51.74068226065457,143.80000708427553,1.2386574606297729,0.15057365823887875,0.3105567367301635,0.14667368863787095,0.20260003438622073,0.25191358958474536,109.0,68.0,0.6238532110091743,0.0,0.0,2.883635088282299,16.38125325716482,51.81134441057901,False,False,0.0,0.0,False,0.0,0,0,0,True
383,40,0.6,44.82645545702303,44.47179476440897,44.56643631976071,51.107628198197816,4.5399400893237365,1.893826649946744,0.0706772502077645,7.582952553091225,8.961717396406362,52.23722455597207,143.8946486396273,1.2383853225772903,0.1502998088350984,0.3107537228039247,0.14350123923996289,0.20402793048033843,0.25301340328989624,109.0,68.0,0.6238532110091743,0.0,0.0,2.883635088282299,16.54466994949759,52.307901806179835,False,False,0.0,0.0,False,0.0,0,0,0,True
384,41,0.5900000000000001,45.961492758339865,45.55051702553216,45.47653315389219,52.3244965391926,4.653438591556831,1.8622628724476316,0.07122640248446696,7.668267521840844,8.93772006922747,52.35322224710801,143.82066476798735,1.2381488424218903,0.15005822665259122,0.310945847325851,0.13288761682537406,0.22108409692630854,0.2555956609683301,107.0,67.0,0.6261682242990654,0.0,0.0,2.883635088282299,16.605987591068313,52.42444864959248,False,False,0.0,0.0,False,0.0,0,0,0,True
385,40,0.6,44.99926709285496,44.65432471651429,44.56643631976071,51.2820041097993,4.5399400893237365,1.893826649946744,0.07094716485785034,7.757096960412362,8.967049551790616,51.7867558164498,143.73277637123374,1.23794343515183,0.14986713325201018,0.31100131980348217,0.1369462209902008,0.206821929555624,0.25201723177510793,107.0,67.0,0.6261682242990654,0.0,0.0,2.883635088282299,16.724146512202978,51.857702981307646,False,False,0.0,0.0,False,0.0,0,0,0,True
386,40,0.6,44.801591043908,44.493955407341296,44.56643631976071,51.08371688427469,4.5399400893237365,1.893826649946744,0.0708157138722857,7.8482452529350795,8.905219018626486,51.828787029573505,143.80525728365316,1.2377300831592446,0.14966678487754287,0.3110703155146831,0.14156116825256204,0.2058399082846168,0.2515928231961943,107.0,67.0,0.6261682242990654,0.0,0.0,2.883635088282299,16.753464271561565,51.89960274344579,False,False,0.0,0.0,False,0.0,0,0,0,True
387,40,0.6,44.755653263408405,44.46734703347586,44.56643631976071,51.037565875057,4.5399400893237365,1.893826649946744,0.070751173282901,7.942109871372428,8.814626525013132,51.970558492746505,143.904346569938,1.2375036555152676,0.14945229672675867,0.31115506267825627,0.1441512095835611,0.20303341023118038,0.2517591479897877,107.0,67.0,0.6261682242990654,0.0,0.0,2.883635088282299,16.75673639638556,52.041309666029406,False,False,0.0,0.0,False,0.0,0,0,0,True
388,40,0.6,44.74512851803238,44.47225507488058,44.56643631976071,51.02696885486155,4.5399400893237365,1.893826649946744,0.07071782167193572,8.038882844588736,8.716904511240681,52.13775703033473,143.99852781481815,1.2372769302278275,0.14923574777503343,0.3112506788846246,0.14526791651633997,0.20124746686331987,0.25209166773343095,107.0,67.0,0.6261682242990654,0.0,0.0,2.883635088282299,16.75578735582942,52.20847485200667,False,False,0.0,0.0,False,0.0,0,0,0,True
389,40,0.6,44.742925991796945,44.48442667771327,44.56643631976071,51.024735029664264,4.5399400893237365,1.893826649946744,0.07069922614525019,8.138680226250594,8.617179500951636,52.31263913369678,144.08053745686558,1.2370593928812277,0.1490261573322304,0.3113532293079123,0.14556190470494035,0.20036452990870032,0.2524871783308177,107.0,68.0,0.6355140186915887,0.0,0.0,2.883635088282299,16.75585972720223,52.38333835984203,False,False,0.0,0.0,False,0.0,0,0,0,True
390,40,0.6,44.742228715587345,44.49755664958737,44.56643631976071,51.02401635747182,4.5399400893237365,1.893826649946744,0.0706876661125179,8.241599084583097,8.515980601646227,52.489498244948564,144.14941712703893,1.2368563430834796,0.14882862298139463,0.31146018263511044,0.14542993591830278,0.20039500313144726,0.25291527696479515,107.0,68.0,0.6355140186915887,0.0,0.0,2.883635088282299,16.757579686229324,52.56018591106108,False,False,0.0,0.0,False,0.0,0,0,0,True
391,40,0.6,44.74150397923577,44.51010932441513,44.56643631976071,51.023271396876595,4.5399400893237365,1.893826649946744,0.07067946564364098,8.347734823135312,8.412853292090395,52.66603658898967,144.20574412238452,1.2366704665780754,0.14864579343652948,0.3115698880713891,0.14507740396481505,0.20052873622143505,0.253365178027053,107.0,68.0,0.6355140186915887,0.0,0.0,2.883635088282299,16.76058811522571,52.73671605463331,False,False,0.0,0.0,False,0.0,0,0,0,True
392,40,0.6,44.74056335638516,44.5218040708895,44.56643631976071,51.02230959872893,4.5399400893237365,1.893826649946744,0.07067285850577656,8.457185647558578,8.307284274584369,52.841063771622856,144.2503763712557,1.2365030591104966,0.1484790179172356,0.3116811488414837,0.14460440946900682,0.20060152077487023,0.25383148670656924,107.0,68.0,0.6355140186915887,0.0,0.0,2.883635088282299,16.764469922142947,52.91173663012863,False,False,0.0,0.0,False,0.0,0,0,0,True
393,40,0.6,44.73950081537425,44.532646939627185,44.56643631976071,51.021224616264455,4.5399400893237365,1.893826649946744,0.07066699030510723,8.570053463516706,8.198874251035345,53.01379453054694,144.28416575138922,1.2363547095442171,0.1483289876619032,0.31179298252364424,0.14405976359970474,0.20064445459683494,0.2543101860474075,107.0,68.0,0.6355140186915887,0.0,0.0,2.883635088282299,16.76892771455205,53.084461520852045,False,False,0.0,0.0,False,0.0,0,0,0,True
394,40,0.6,44.73842877821558,44.54268018322213,44.56643631976071,51.02012897189195,4.5399400893237365,1.893826649946744,0.0706614453377529,8.686443928255844,8.087330215807338,53.18362127590138,144.30792188792782,1.2362256371884426,0.14819605214730677,0.3119045045246921,0.14346892203811562,0.20067146571395203,0.25479755545610583,107.0,68.0,0.6355140186915887,0.0,0.0,2.883635088282299,16.773774144063182,53.254282721239136,False,False,0.0,0.0,False,0.0,0,0,0,True
395,40,0.6,44.73742853451936,44.55192991721461,44.56643631976071,51.01910409712487,4.5399400893237365,1.893826649946744,0.07065602001707574,8.806466377699204,7.9724300134130335,53.35003666838692,144.3224282904739,1.2361158485051198,0.1480803652611543,0.312014876881784,0.14284716548467424,0.20068846446765165,0.2552899341646411,107.0,68.0,0.6355140186915887,0.0,0.0,2.883635088282299,16.778896391112237,53.420692688403996,False,False,0.0,0.0,False,0.0,0,0,0,True
396,41,0.5900000000000001,45.871536644941415,45.52584419411799,45.47653315389219,52.12355627932589,4.653438591556831,1.8622628724476316,0.07119259793399799,8.819210673660516,7.839595569865829,53.261451259154626,144.27311725024813,1.2360252079631675,0.14798195061350336,0.3121232885079153,0.1355023021400087,0.21748279387542896,0.2574417771847526,107.0,68.0,0.6355140186915887,0.0,0.0,2.883635088282299,16.658806243526346,53.33264385708863,False,False,0.0,0.0,False,0.0,0,0,0,True
397,40,0.6,44.98644668986259,44.685502703058674,44.56643631976071,51.158811879641,4.5399400893237365,1.893826649946744,0.07090563279108039,8.83381397660134,7.8723110420766576,52.66000355535808,144.15405086695014,1.2359416196441018,0.14791198246753254,0.3120993838702481,0.13980046496466209,0.20730327237624985,0.25417696144617413,107.0,67.0,0.6261682242990654,0.0,0.0,2.883635088282299,16.706125018677998,52.73090918814916,False,False,0.0,0.0,False,0.0,0,0,0,True
398,40,0.6,44.82872691195671,44.550584324623784,44.56643631976071,51.00065439391207,4.5399400893237365,1.893826649946744,0.07077042807443601,8.848585547357224,7.851519435808793,52.67627078926204,144.16990286208704,1.235848460830674,0.14783171014651472,0.3120871290875143,0.1438049741138276,0.20555548788339176,0.2539867122583674,107.0,67.0,0.6261682242990654,0.0,0.0,2.883635088282299,16.700104983166018,52.74704121733648,False,False,0.0,0.0,False,0.0,0,0,0,True
399,40,0.6,44.801151911248205,44.53057629750148,44.56643631976071,50.972957373058705,4.5399400893237365,1.893826649946744,0.07070509000496143,8.863769908340744,7.819545808753019,52.79273660873786,144.20576288434629,1.235746155800558,0.14774139367267258,0.3120871900820178,0.145701034517391,0.2027470151060391,0.25431437130251966,107.0,67.0,0.6261682242990654,0.0,0.0,2.883635088282299,16.683315717093762,52.863441698742825,False,False,0.0,0.0,False,0.0,0,0,0,True
400,40,0.6,44.8000528721393,44.533996458858745,44.56643631976071,50.97183787963722,4.5399400893237365,1.893826649946744,0.07067274616266472,8.879445472940512,7.790314368769025,52.937409952098534,144.2382027452483,1.2356477876925667,0.14765330189946624,0.3120950647939746,0.1462278292142109,0.20110439588949397,0.2547699728385373,107.0,67.0,0.6261682242990654,0.0,0.0,2.883635088282299,16.669759841709535,53.0080826982612,False,False,0.0,0.0,False,0.0,0,0,0,True
401,40,0.6,44.80321376466655,44.54087208044709,44.56643631976071,50.975001498190025,4.5399400893237365,1.893826649946744,0.07065620876395287,8.895633534200728,7.765349337627317,53.09281174257131,144.2637669845619,1.2355619276283594,0.14757549932025021,0.3121076241119227,0.1460589485386345,0.20045003426438454,0.2552635555096957,107.0,67.0,0.6261682242990654,0.0,0.0,2.883635088282299,16.660982871828047,53.16346795133526,False,False,0.0,0.0,False,0.0,0,0,0,True
402,40,0.6,44.80590153384761,44.546794602312154,44.56643631976071,50.97769404394864,4.5399400893237365,1.893826649946744,0.07064731481330176,8.912343854622343,7.7434395787746055,53.25314014361995,144.28340870201043,1.235492836967614,0.14751201753890222,0.3121231627115565,0.1455756955743135,0.20015575902343694,0.2557704688378661,107.0,67.0,0.6261682242990654,0.0,0.0,2.883635088282299,16.655783433396948,53.32378745843325,False,False,0.0,0.0,False,0.0,0,0,0,True
403,40,0.6,44.80755540357045,44.55115555874692,44.56643631976071,50.97935043842731,4.5399400893237365,1.893826649946744,0.07064214043926038,8.929586493762471,7.723286479046143,53.4160009023044,144.2986894630242,1.2354422824880937,0.1474645564465753,0.31214079013724244,0.144964790309149,0.20011493901589214,0.25628285918518334,107.0,67.0,0.6261682242990654,0.0,0.0,2.883635088282299,16.652872972808616,53.48664304274366,False,False,0.0,0.0,False,0.0,0,0,0,True
404,40,0.6,44.808460233855726,44.554158651207196,44.56643631976071,50.98025544170393,4.5399400893237365,1.893826649946744,0.07063878381392971,8.947373807606436,7.703976729020451,53.580135378117475,144.31096713157774,1.2354107748737095,0.14743364683103743,0.31216000181464354,0.1443122461413739,0.20010249051171422,0.2567970302196902,107.0,67.0,0.6261682242990654,0.0,0.0,2.883635088282299,16.651350536626886,53.6507741619314,False,False,0.0,0.0,False,0.0,0,0,0,True
405,40,0.6,44.808946836354515,44.55608067420172,44.56643631976071,50.98074052457323,4.5399400893237365,1.893826649946744,0.07063631775572778,8.965720213294732,7.684938807679737,53.744708034382455,144.3213227771367,1.2353982192358959,0.1474192610233203,0.31218045271010475,0.14365751028021712,0.20011859529660098,0.2573100734023187,107.0,67.0,0.6261682242990654,0.0,0.0,2.883635088282299,16.65065902097447,53.81534435213818,False,False,0.0,0.0,False,0.0,0,0,0,True
406,40,0.6,44.8092482283533,44.591809313451854,44.56643631976071,51.02072111048136,4.5399400893237365,1.893826649946744,0.07063428837261948,9.02432348294905,7.665312231127139,53.94487590217068,144.29594978344554,1.2354042210785838,0.14742109968289835,0.3122018524062526,0.14222830617233811,0.20063777163970875,0.2580540702619042,107.0,67.0,0.6261682242990654,0.0,0.0,2.883635088282299,16.68963571407619,54.015510190543296,False,False,0.0,0.0,False,0.0,0,0,0,True
407,40,0.6,44.79077325682084,44.64325081891691,44.56643631976071,51.0798402140748,4.5399400893237365,1.893826649946744,0.0706323621777517,9.162361073537115,7.614100604404257,54.17297946534318,144.21913528428934,1.2354335216524017,0.1474437128788566,0.31222195698828076,0.13994364579662175,0.20116602143405715,0.25897250369551494,107.0,67.0,0.6261682242990654,0.0,0.0,2.883635088282299,16.77646167794137,54.24361182752094,False,False,0.0,0.0,False,0.0,0,0,0,True
408,40,0.6,44.74801880486352,44.60400878724327,44.56643631976071,51.03674823315572,4.5399400893237365,1.893826649946744,0.07062979361576056,9.304393604647027,7.495975644423291,54.322427949995244,144.1815628168068,1.2354914447602756,0.1474922056263543,0.31223827650282565,0.13911567242973133,0.2002392730047377,0.2593707498839798,107.0,68.0,0.6355140186915887,0.0,0.0,2.883635088282299,16.800369249070318,54.393057743611,False,False,0.0,0.0,False,0.0,0,0,0,True
409,41,0.5900000000000001,45.867604845098555,45.65129705553537,45.47653315389219,52.23784417117715,4.653438591556831,1.8622628724476316,0.07116781678182656,9.451002590763013,7.343647035466574,54.32644715535841,144.0067989151636,1.2355678725535852,0.14755713210648996,0.3122540367379642,0.12973555824252372,0.21862359640394877,0.26230225441851945,106.0,67.0,0.6320754716981132,0.0,0.0,2.883635088282299,16.794649626229585,54.39761497214023,False,False,0.0,0.0,False,0.0,0,0,0,True
410,40,0.6,44.92476222899839,44.75336797226832,44.56643631976071,51.22161648246405,4.5399400893237365,1.893826649946744,0.07088084455783286,9.609938736393909,7.265391386694235,53.71061092978526,143.819867262656,1.2356611764129322,0.14765935006678024,0.31213643294267884,0.13366390006932083,0.20777574451300054,0.25888967830102183,106.0,66.0,0.6226415094339622,0.0,0.0,2.883635088282299,16.875330123088144,53.781491774343095,False,False,0.0,0.0,False,0.0,0,0,0,True
411,40,0.6,44.747126137547845,44.58877698410028,44.56643631976071,51.043315007436206,4.5399400893237365,1.893826649946744,0.07074332322969613,9.773345123506955,7.107648068507729,53.72252067790719,143.79752659831644,1.235745806617027,0.1477518074307253,0.31203184907066317,0.1377168799607476,0.20626097124204637,0.25865239549557134,106.0,67.0,0.6320754716981132,0.0,0.0,2.883635088282299,16.880993192014685,53.79326400113689,False,False,0.0,0.0,False,0.0,0,0,0,True
412,40,0.6,44.71551225397705,44.55347502585265,44.56643631976071,51.01158719574318,4.5399400893237365,1.893826649946744,0.07067420890193013,9.941838574169319,6.928772825319303,53.84248890851428,143.8104878922245,1.235818886375312,0.14783160884397387,0.311942375606669,0.13966978798763557,0.20330600495525294,0.25897581288056853,106.0,67.0,0.6320754716981132,0.0,0.0,2.883635088282299,16.870611399488624,53.913163117416204,False,False,0.0,0.0,False,0.0,0,0,0,True
413,40,0.6,44.715163444118765,44.54606852214268,44.56643631976071,51.01120294672543,4.5399400893237365,1.893826649946744,0.07063721307846575,10.115621995365359,6.746583376132081,53.99334547922634,143.83085568984254,1.2358928334948125,0.14791034967493916,0.3118639722479928,0.1402272675387464,0.2015503197269964,0.25942773365255734,106.0,67.0,0.6320754716981132,0.0,0.0,2.883635088282299,16.86220537149744,54.063982692304805,False,False,0.0,0.0,False,0.0,0,0,0,True
414,40,0.6,44.72050132767148,44.543679120280956,44.56643631976071,51.016517116161594,4.5399400893237365,1.893826649946744,0.07061549893875015,10.294856316151463,6.563619104505628,54.15584180695793,143.85361288932228,1.2359759570378195,0.14799581132794024,0.31179377632422534,0.1400919572378766,0.20084097154859312,0.25990626134412576,106.0,67.0,0.6320754716981132,0.0,0.0,2.883635088282299,16.858475420657093,54.22645730589668,False,False,0.0,0.0,False,0.0,0,0,0,True
415,40,0.6,44.72576580285804,44.54103639036464,44.56643631976071,51.021756502521654,4.5399400893237365,1.893826649946744,0.07060109425031383,10.479703136149567,6.378799569391035,54.32343451312656,143.87901281871834,1.2360721958832832,0.14809169445000597,0.31173033050300497,0.1396707927177653,0.2005066914320302,0.26038346686167796,106.0,67.0,0.6320754716981132,0.0,0.0,2.883635088282299,16.8585027055406,54.39403560737687,False,False,0.0,0.0,False,0.0,0,0,0,True
416,40,0.6,44.73009434247874,44.53730183617088,44.56643631976071,51.026056573556296,4.5399400893237365,1.893826649946744,0.070590172093074,10.670331305777044,6.190718631398626,54.493342256765914,143.90814730230815,1.2361829013440784,0.14819928739551622,0.3116729953270994,0.13916453802750733,0.2003705125879415,0.2608509346176255,106.0,67.0,0.6320754716981132,0.0,0.0,2.883635088282299,16.86104993717567,54.56393242885899,False,False,0.0,0.0,False,0.0,0,0,0,True
417,40,0.6,44.73369196580646,44.532641911032705,44.56643631976071,51.02962266357245,4.5399400893237365,1.893826649946744,0.07058087734638445,10.866917316354506,5.998307388645258,54.664051769218574,143.94194171103615,1.2363081192903977,0.14831866874788732,0.3116215097721366,0.138664927989993,0.20028383418127998,0.26130526512097285,106.0,67.0,0.6320754716981132,0.0,0.0,2.883635088282299,16.865224704999765,54.73463264656496,False,False,0.0,0.0,False,0.0,0,0,0,True
418,40,0.6,44.73686967471841,44.52734692956062,44.56643631976071,51.032766372007195,4.5399400893237365,1.893826649946744,0.0705723039056435,11.069644783948753,5.8008342203500085,54.83451736095049,143.98103110123623,1.2364472795718326,0.14844935402418136,0.31157575322711517,0.13821251415831878,0.20025641636752947,0.2617440758585716,106.0,67.0,0.6320754716981132,0.0,0.0,2.883635088282299,16.870479004298762,54.905089664856135,False,False,0.0,0.0,False,0.0,0,0,0,True
419,40,0.6,44.73985323817296,44.521644999049585,44.56643631976071,51.03571391973885,4.5399400893237365,1.893826649946744,0.07056400613794102,11.278704023390816,5.5977946391502185,55.00388855021169,144.02582242194737,1.2365995254534634,0.1485906042745199,0.3115356330145359,0.13782550686607606,0.20028793294178793,0.2621649928650026,106.0,67.0,0.6320754716981132,0.0,0.0,2.883635088282299,16.876498662541035,55.074452556349634,False,False,0.0,0.0,False,0.0,0,0,0,True
420,40,0.6,44.742779434736285,44.51569048601685,44.56643631976071,51.03860235829944,4.5399400893237365,1.893826649946744,0.07055576305206428,11.49429183364694,5.388818273003511,55.17141318020834,144.07656825569123,1.2367638613646244,0.14874156388313928,0.31150103607796,0.13751286539996163,0.20032013103402652,0.2625654746928702,106.0,67.0,0.6320754716981132,0.0,0.0,2.883635088282299,16.883110106650452,55.2419689432604,False,False,0.0,0.0,False,0.0,0,0,0,True
421,41,0.5900000000000001,45.880709123842905,45.56990378613588,45.47653315389219,52.257431433177096,4.653438591556831,1.8622628724476316,0.07108944790316295,11.71615745357739,5.1577477854512335,55.18475520697357,143.98319762344755,1.236939217243361,0.14890131989815422,0.3114718103908914,0.12840690312584713,0.21879632177275993,0.26544041918472944,106.0,67.0,0.6320754716981132,0.0,0.0,2.883635088282299,16.873905239028623,55.25584465487673,False,False,0.0,0.0,False,0.0,0,0,0,True
422,40,0.6,44.9428404014668,44.76278885393477,44.56643631976071,51.34961357557008,4.5399400893237365,1.893826649946744,0.07079858815345888,12.056150908213231,4.999889431057159,54.66526071838544,143.78684508927344,1.2371244854560584,0.14909111631569336,0.31131646508459404,0.13071046845006137,0.2061207286243556,0.26244907357272707,106.0,67.0,0.6320754716981132,0.0,0.0,2.883635088282299,17.05604033927039,54.7360593065389,False,False,0.0,0.0,False,0.0,0,0,0,True
423,40,0.6,44.72595852366397,44.557995398449215,44.56643631976071,51.13151468315271,4.5399400893237365,1.893826649946744,0.06513785479267517,5.519333834320433,4.686590260370184,50.40309784427877,143.795286010585,1.237308557878163,0.14927762325648414,0.3111744562546862,0.13479108409193763,0.20625296982296565,0.2619432711611399,106.0,67.0,0.6320754716981132,0.0,0.0,3.0280941419442864,10.205924094690616,50.46823569907144,False,True,4.276306508077353,0.07811384177615668,False,0.0,1,1,0,True
424,40,0.6,45.14699407233919,46.321632560529494,44.56643631976071,53.17096321406345,4.5399400893237365,1.893826649946744,0.06794773340150387,7.285274143020613,6.886353390584229,52.117762008510205,142.04008976981618,1.2374777429157073,0.14944778063316197,0.31105168065244715,0.09680115316316985,0.22888032670377978,0.2747223243313519,113.0,57.0,0.504424778761062,0.0,0.0,3.0280941419442864,14.171627533604841,52.18570974191171,False,False,0.0,0.0,False,0.0,0,0,0,True
425,40,0.6,44.87483260196758,44.624595317562935,44.56643631976071,51.256436351541005,4.5399400893237365,1.893826649946744,0.06933351304083629,7.462722964503891,7.137620363214527,51.276392766481344,141.98193077201395,1.237925001392304,0.14987895783856528,0.31083568241079784,0.10875838875462684,0.21736166629106984,0.26707619551301837,112.0,62.0,0.5535714285714286,0.0,0.0,3.0280941419442864,14.600343327718418,51.34572627952218,False,False,0.0,0.0,False,0.0,0,0,0,True
426,40,0.6,44.277996024927916,44.09260591546738,44.56643631976071,50.67296295810364,4.5399400893237365,1.893826649946744,0.07000539489332007,7.65836566805969,7.937556910470267,51.76188685050467,142.45576117630728,1.2382999062014994,0.1502398480427936,0.3106601452839992,0.12505075821171557,0.21708657173842938,0.2639690410144867,113.0,66.0,0.584070796460177,0.0,0.0,3.0280941419442864,15.595922578529958,51.831892245397995,False,False,0.0,0.0,False,0.0,0,0,0,True
427,40,0.6,44.24641485019448,44.04245206499992,44.56643631976071,50.63599531661471,4.5399400893237365,1.893826649946744,0.07034259260887904,7.854389456551713,8.595549142907101,52.73589333655636,142.97974543106807,1.2385788337394155,0.15050858348737192,0.3105316015471445,0.135010484789914,0.2084249249083494,0.26314384082868975,112.0,68.0,0.6071428571428571,0.0,0.0,3.0280941419442864,16.449938599458815,52.80623592916524,False,False,0.0,0.0,False,0.0,0,0,0,True
428,40,0.6,44.47060898610755,44.23012856138135,44.56643631976071,50.86795578084876,4.5399400893237365,1.893826649946744,0.07051464282416228,8.064139770747095,8.651587857513773,53.36916389279985,143.3160531894474,1.2387986892284688,0.15071965871434773,0.3104372577487578,0.13693195805860642,0.2004955526953382,0.2638893781048786,110.0,68.0,0.6181818181818182,0.0,0.0,3.0280941419442864,16.71572762826087,53.43967853562401,False,False,0.0,0.0,False,0.0,0,0,0,True
429,40,0.6,44.46386177142305,44.21517731625033,44.56643631976071,50.86448327920463,4.5399400893237365,1.893826649946744,0.07059628298508804,8.283654459050004,8.541104184711093,53.65166114240668,143.6673121929578,1.2390030452034728,0.15091226685267253,0.3103675172446089,0.13910010123110517,0.20052753159216338,0.26360126383555627,109.0,67.0,0.6146788990825688,0.0,0.0,3.0280941419442864,16.824758643761097,53.72225742539177,False,False,0.0,0.0,False,0.0,0,0,0,True
430,41,0.5900000000000001,45.59418477573281,45.25760778314776,45.47653315389219,52.07481736570802,4.653438591556831,1.8622628724476316,0.07117434531527853,8.508633268428683,8.902298464923364,54.27441680252597,143.88623756370222,1.2391884596166816,0.1510828098752444,0.3103246919217441,0.13248124616110515,0.21864033485773288,0.26588359571857334,109.0,67.0,0.6146788990825688,0.0,0.0,3.0280941419442864,17.410931733352047,54.34559114784125,False,False,0.0,0.0,False,0.0,0,0,0,True
431,40,0.6,44.9864458281954,44.64537323142407,44.56643631976071,51.38731844657702,4.5399400893237365,1.893826649946744,0.07091497763498007,8.741992267436427,8.940606897202063,54.18099145038105,143.8073006520389,1.239361367103346,0.15126159806043057,0.3101684034951687,0.13295449224098754,0.20280221977591123,0.2635395822642158,107.0,67.0,0.6261682242990654,0.0,0.0,3.0280941419442864,17.68259916463849,54.25190642801603,False,False,0.0,0.0,False,0.0,0,0,0,True
432,40,0.6,44.7550755440964,44.42912648022969,44.56643631976071,51.154734238253376,4.5399400893237365,1.893826649946744,0.0707915446814788,8.981591884946326,8.783301423781252,54.269021776455126,143.9446104915699,1.2395406332818417,0.15144353876872244,0.3100263751933005,0.13698380613068442,0.20501838776587866,0.26267463532851393,106.0,67.0,0.6320754716981132,0.0,0.0,3.0280941419442864,17.76489330872758,54.3398133211366,False,False,0.0,0.0,False,0.0,0,0,0,True
433,40,0.6,44.68861737855425,44.35871723528815,44.56643631976071,51.0877411291525,4.5399400893237365,1.893826649946744,0.07072890932820619,9.228240323188665,8.565894296806173,54.44187904476141,144.15232957604246,1.2397017723772406,0.15160544262317643,0.3099081946525043,0.1403061431208006,0.20340549987045167,0.26238574593644365,106.0,67.0,0.6320754716981132,0.0,0.0,3.0280941419442864,17.794134619994836,54.51260795408961,False,False,0.0,0.0,False,0.0,0,0,0,True
434,40,0.6,44.671196051099926,44.33297964449844,44.56643631976071,51.07015778330602,4.5399400893237365,1.893826649946744,0.0706940311272236,9.482501229312046,8.325365213070349,54.6416632987892,144.38578625130472,1.2398480848354976,0.15175036865952438,0.30981287891224696,0.14264851881070414,0.2019154577558809,0.262271701329372,106.0,67.0,0.6320754716981132,0.0,0.0,3.0280941419442864,17.807866442382394,54.71235732991642,False,False,0.0,0.0,False,0.0,0,0,0,True
435,40,0.6,44.6683225128257,44.32135543238373,44.56643631976071,51.06719161393351,4.5399400893237365,1.893826649946744,0.07067197954221331,9.744668727766529,8.072712497457243,54.85046093222326,144.6308671386817,1.2399851074888972,0.15188354570229246,0.3097382817694098,0.14437849192010133,0.20105063652114913,0.2622106805570063,106.0,67.0,0.6320754716981132,0.0,0.0,3.0280941419442864,17.81738122522377,54.92113291176547,False,False,0.0,0.0,False,0.0,0,0,0,True
436,40,0.6,44.669760474840125,44.31469247470038,44.56643631976071,51.068559243028446,4.5399400893237365,1.893826649946744,0.07065586525223234,10.015006617140445,7.811117665762558,55.06225296403693,144.882610983742,1.2401163059105484,0.1520082958445979,0.3096827823857654,0.14580261887893148,0.20058523916994203,0.2621659736051455,106.0,67.0,0.6320754716981132,0.0,0.0,3.0280941419442864,17.826124282903002,55.132908829289164,False,False,0.0,0.0,False,0.0,0,0,0,True
437,40,0.6,44.6724291867614,44.310178853152294,44.56643631976071,51.07116382181278,4.5399400893237365,1.893826649946744,0.0706424645550799,10.293774399024892,7.541339087263015,55.274442964913845,145.13886845035043,1.2402433178094903,0.1521262517395455,0.3096452674584324,0.14709884160209574,0.2003894630088893,0.2621256415037686,106.0,67.0,0.6320754716981132,0.0,0.0,3.0280941419442864,17.83511348628791,55.345085429468924,False,False,0.0,0.0,False,0.0,0,0,0,True
438,40,0.6,44.67540898478975,44.306944571036404,44.56643631976071,51.07408013449108,4.5399400893237365,1.893826649946744,0.07063025422314113,10.581235829097118,7.263396542816993,55.48549125640337,145.39836019907477,1.240366698985961,0.15223805274847044,0.3096248950382438,0.14835755247787535,0.20030733147506527,0.2620850528407201,106.0,67.0,0.6320754716981132,0.0,0.0,3.0280941419442864,17.84463237191411,55.55612151062651,False,False,0.0,0.0,False,0.0,0,0,0,True
439,41,0.5900000000000001,45.81341967628077,45.3593231047389,45.47653315389219,52.29285124189559,4.653438591556831,1.8622628724476316,0.07116049340243134,10.877094242416652,6.961148639686534,55.54152204827576,145.51557024822804,1.240486448459649,0.15234383584013658,0.3096209210041946,0.14050351885227594,0.21883527559901564,0.26456147887568016,106.0,67.0,0.6320754716981132,0.0,0.0,3.0280941419442864,17.838242882103184,55.61268254167819,False,False,0.0,0.0,False,0.0,0,0,0,True
440,40,0.6,44.87403930486261,44.46456455752292,44.56643631976071,51.27329709087974,4.5399400893237365,1.893826649946744,0.07086677207863143,11.183179819996774,6.729513272856659,54.962902728079264,145.61744201046582,1.2406034999467186,0.15246668688764714,0.3095033083304229,0.14649290027728717,0.20775007517302974,0.26048020140339095,105.0,66.0,0.6285714285714286,0.0,0.0,3.0280941419442864,17.91269309285343,55.033769500157895,False,False,0.0,0.0,False,0.0,0,0,0,True
441,40,0.6,44.70633463478393,44.310542414663765,44.56643631976071,51.10467970863566,4.5399400893237365,1.893826649946744,0.07072286588314537,11.498110755657757,6.424656734365036,55.02502841251688,145.87333591556276,1.2406917255470518,0.15255933945484018,0.3094139835429372,0.1524559697928193,0.2061043200857023,0.25967330175004805,105.0,66.0,0.6285714285714286,0.0,0.0,3.0280941419442864,17.922767490022792,55.09575127840003,False,False,0.0,0.0,False,0.0,0,0,0,True
442,40,0.6,44.6785591031138,44.281186554295076,44.56643631976071,51.076719107453854,4.5399400893237365,1.893826649946744,0.07064783019242973,11.822816780554094,6.096166609260349,55.19049745091005,146.1585856810284,1.2407493926660649,0.15262004999499643,0.30935416029969676,0.15629914613272097,0.20316666595586028,0.25942699108722767,105.0,66.0,0.6285714285714286,0.0,0.0,3.0280941419442864,17.918983389814443,55.26114528110248,False,False,0.0,0.0,False,0.0,0,0,0,True
443,40,0.6,44.67960602997188,44.2788647281877,44.56643631976071,51.0776872994167,4.5399400893237365,1.893826649946744,0.07060516019142896,12.157675420536538,5.760081205834293,55.383165163231354,146.44615727260145,1.2407891074843937,0.15266068408152647,0.3093192544458836,0.15874561883196533,0.20140923097780322,0.259320630460803,105.0,66.0,0.6285714285714286,0.0,0.0,3.0280941419442864,17.91775662637083,55.45377032342278,False,False,0.0,0.0,False,0.0,0,0,0,True
444,40,0.6,44.6856339124451,44.28231600447292,44.56643631976071,51.08365368665271,4.5399400893237365,1.893826649946744,0.07057785291925465,12.503005551328302,5.418506343037385,55.58448509718311,146.73027758788922,1.240819405239335,0.1526893412141364,0.30930579147875176,0.16047972982664072,0.20055524314111808,0.2592600722925897,105.0,66.0,0.6285714285714286,0.0,0.0,3.0280941419442864,17.921511894365686,55.65506295010237,False,False,0.0,0.0,False,0.0,0,0,0,True
445,40,0.6,44.69135111707103,44.28665159362063,44.56643631976071,51.089305900329045,4.5399400893237365,1.893826649946744,0.07055784169832224,12.859124141058917,5.0701672088624665,55.78781474171219,147.01006231402928,1.2408446840110885,0.15271026694828943,0.30931158303797696,0.16188997266906444,0.20018538382432,0.25922033863861055,105.0,66.0,0.6285714285714286,0.0,0.0,3.0280941419442864,17.929291349921385,55.858372583410514,False,False,0.0,0.0,False,0.0,0,0,0,True
446,40,0.6,44.69599807524195,44.29105765491302,44.56643631976071,51.09388094501151,4.5399400893237365,1.893826649946744,0.07054125037976176,9.217028758279817,4.713502785520854,55.99004030823634,147.28544097887698,1.240866937266507,0.15272547189929814,0.3093351708361832,0.16316349079224526,0.2001040583285533,0.2591941807069265,105.0,66.0,0.6285714285714286,0.0,0.0,0.6224960485143818,13.93053154380067,56.0605815586161,False,False,0.0,0.0,False,0.0,1,1,0,True
447,41,0.5900000000000001,45.62477846971222,45.17200852021558,45.47653315389219,52.10854727366357,4.653438591556831,1.8622628724476316,0.07106818245470813,9.474535966968277,4.02990467523998,56.079614518915506,147.5899656125536,1.2408869747780331,0.152735875413117,0.30937541536479046,0.15910390873671668,0.2158348502986301,0.26046328892015147,106.0,106.0,1.0,0.0,0.0,0.6224960485143818,13.504440642208257,56.150682701370215,False,False,0.0,0.0,False,0.0,0,0,0,True
448,40,0.6,44.629068310016144,44.23640203185455,44.56643631976071,51.03251298337021,4.5399400893237365,1.893826649946744,0.07076532002106996,9.74092707434328,3.360403440495911,55.3718597099874,147.91999990045974,1.2408809666378882,0.15274125237390745,0.309311659956832,0.16886811839729982,0.20980245348471893,0.25577741561070083,106.0,106.0,1.0,0.0,0.0,0.6224960485143818,13.10133051483919,55.442625030008465,False,False,0.0,0.0,False,0.0,0,0,0,True
449,40,0.6,44.520876268674,44.143571090368624,44.56643631976071,50.924149352237364,4.5399400893237365,1.893826649946744,0.07060849225964452,10.015673751309453,2.6923585499151836,55.454256531265806,148.34286512985184,1.2408224723333081,0.15269408245568022,0.30928521852713026,0.17626853841713214,0.20592402692105066,0.2549649430600164,106.0,106.0,1.0,0.0,0.0,0.6224960485143818,12.708032301224637,55.52486502352545,False,False,0.0,0.0,False,0.0,0,0,0,True
450,40,0.6,44.52647638429828,44.152593066588075,44.56643631976071,50.929653299455566,4.5399400893237365,1.893826649946744,0.07052059731098612,10.299038076972527,2.0243181106649732,55.62957055081542,148.7567083830245,1.240725148122339,0.1526071288592326,0.3092916516511932,0.18070577791085532,0.20239781507178867,0.2546810789125515,106.0,106.0,1.0,0.0,0.0,0.6224960485143818,12.3233561876375,55.70009114812641,False,False,0.0,0.0,False,0.0,0,0,0,True
451,40,0.6,44.54514940983872,44.17506079770155,44.56643631976071,50.94826625779218,4.5399400893237365,1.893826649946744,0.07046569774457305,10.59129035075844,1.356135416677077,55.81434200388564,149.14808390508364,1.2406075945360207,0.15249792560753056,0.3093240704831207,0.18350034809390642,0.2006414687973203,0.254524278665803,106.0,106.0,1.0,0.0,0.0,0.6224960485143818,11.947425767435517,55.884807701630216,False,False,0.0,0.0,False,0.0,0,0,0,True
452,40,0.6,44.56514705840638,44.20014246051249,44.56643631976071,50.968221217692026,4.5399400893237365,1.893826649946744,0.07042668162254952,10.892709350250247,0.6878084004861892,55.99770741755907,149.51437776433187,1.240480471025133,0.1523765954151473,0.30937809778398034,0.18542852030931606,0.20024224309278987,0.25444421800086203,106.0,106.0,1.0,0.0,0.0,0.6224960485143818,11.580517750736435,56.06813409918162,False,False,0.0,0.0,False,0.0,0,0,0,True
453,40,0.6,44.585167236803535,44.2263328628446,44.56643631976071,50.98820713092677,4.5399400893237365,1.893826649946744,0.07039536432392943,11.2035825971123,0.01934667391489564,56.17739100817816,149.854481221248,1.24034964158407,0.1522487853274848,0.3094508896573768,0.18685592792719466,0.2005287991944244,0.25443215448058504,106.0,106.0,1.0,0.0,0.0,0.6224960485143818,11.222929271027196,56.24778637250209,False,False,0.0,0.0,False,0.0,0,0,0,True
454,40,0.6,44.605104373404465,44.25329281833393,44.56643631976071,51.00811413812341,4.5399400893237365,1.893826649946744,0.06283737308468673,5.403852431911742,0.0,50.901362689228975,150.16762472267476,1.2402186583552255,0.1521179933993062,0.30954030573994934,0.18794727371097902,0.20071918608857775,0.25448397220122787,105.0,105.0,1.0,0.0,0.0,3.057852003738818,5.403852431911742,50.964200062313665,False,True,6.1075684748905745,0.10701558110835734,False,0.0,1,1,0,True
455,40,0.6,45.39940089323738,49.47771319261137,44.56643631976071,57.01667388290799,4.5399400893237365,1.893826649946744,0.06675833064272953,10.760775782215743,3.263206042463293,56.36503945152316,145.25634784982407,1.2400899907858993,0.15198672022141968,0.3096444943655733,0.0738862671872767,0.29470997964500534,0.29026027592424414,112.0,48.0,0.42857142857142855,0.0,0.0,3.057852003738818,14.023981824679037,56.43179778216589,False,False,0.0,0.0,False,0.0,0,0,0,True
456,43,0.5700000000000001,48.717947684209605,48.35155054338243,47.390888242013276,55.76515194744793,4.880435596023017,1.7991353174494067,0.07031456604078848,11.469364381188027,2.037496724496406,53.46883887785557,144.29568554845494,1.240775789028222,0.1526231651566445,0.3094499312516568,0.0672640595008689,0.2195677147538174,0.280384645088262,107.0,57.0,0.5327102803738317,0.0,0.0,3.057852003738818,13.506861105684433,53.53915344389635,False,False,0.0,0.0,False,0.0,0,0,0,True
457,44,0.56,47.95937790385449,46.835288487689674,49.15764990477577,54.07003793721152,4.99393409825611,1.7675715399502943,0.07253694583795697,11.180402887208885,3.401284362880032,53.336346356789946,146.618046965541,1.2413665213022216,0.1532119644783352,0.3090502010055716,0.0934242183151128,0.21673729846303122,0.2686200365400085,111.0,64.0,0.5765765765765766,0.0,0.0,3.057852003738818,14.581687250088917,53.408883302627906,False,False,0.0,0.0,False,0.0,0,0,0,True
458,40,0.6,45.17066914960788,44.849700712774954,44.56643631976071,51.81217910073041,4.5399400893237365,1.893826649946744,0.07145945235002799,11.73760567886611,3.1753624454891787,51.8446384278044,146.33478257252676,1.2417699893882834,0.15361140103063242,0.3087943581080785,0.12210169391539165,0.24088587053655286,0.26017444411901225,109.0,59.0,0.5412844036697247,0.0,0.0,3.057852003738818,14.912968124355288,51.916097880154425,False,False,0.0,0.0,False,0.0,0,0,0,True
459,40,0.6,44.68666441513912,43.90900596282691,44.56643631976071,50.746624389270465,4.5399400893237365,1.893826649946744,0.07094118353341092,11.731302656495709,3.5832112782328784,51.409220540078266,146.99221292946058,1.2419981412301397,0.15384245389396004,0.30862221431666065,0.15423963768090443,0.23467154685012098,0.25479272820063514,111.0,63.0,0.5675675675675675,0.0,0.0,3.057852003738818,15.314513934728588,51.48016172361168,False,False,0.0,0.0,False,0.0,0,0,0,True
460,40,0.6,44.228182558328584,43.60086741160216,44.56643631976071,50.397724585512684,4.5399400893237365,1.893826649946744,0.0707022265140367,11.834645437641043,4.175932494181601,51.81508969184986,147.95778183761914,1.242029374036647,0.15388499305941217,0.3085411835964457,0.1783097941316179,0.22092552880971666,0.2519051481142648,111.0,66.0,0.5945945945945946,0.0,0.0,3.057852003738818,16.010577931822645,51.8857919183639,False,False,0.0,0.0,False,0.0,0,0,0,True
461,40,0.6,44.260163616552056,43.687474496364224,44.56643631976071,50.49444347955775,4.5399400893237365,1.893826649946744,0.07059944425799475,12.006079940418086,4.310957729387801,52.288286009141714,148.83674366101565,1.241913289893222,0.15378566552308187,0.3085337298229036,0.19085353142669742,0.20761612102642055,0.2511383150877827,111.0,68.0,0.6126126126126126,0.0,0.0,3.057852003738818,16.317037669805888,52.35888545339971,False,False,0.0,0.0,False,0.0,0,0,0,True
462,40,0.6,44.35241160288298,43.85163866952046,44.56643631976071,50.6739885881024,4.5399400893237365,1.893826649946744,0.07055220690924213,12.270240429096814,4.5363494455183275,53.01162995912541,149.55154131125587,1.2417133927545274,0.1536035057063395,0.30857991550720004,0.19594616990069916,0.20066671562376737,0.2510934310579443,110.0,67.0,0.6090909090909091,0.0,0.0,3.057852003738818,16.806589874615142,53.08218216603465,False,False,0.0,0.0,False,0.0,0,0,0,True
463,40,0.6,44.426658111697705,43.95544240593077,44.56643631976071,50.780245389705954,4.5399400893237365,1.893826649946744,0.07053291033936412,12.574717927956065,4.333848729999068,53.350407411054334,150.1625352250858,1.241483597193061,0.15338893874771597,0.30866034206838905,0.19842511096252227,0.2018073444841404,0.25098359619757354,109.0,66.0,0.6055045871559633,0.0,0.0,3.057852003738818,16.908566657955134,53.4209403213937,False,False,0.0,0.0,False,0.0,0,0,0,True
464,40,0.6,44.40835415784814,43.95943353685343,44.56643631976071,50.768040612756096,4.5399400893237365,1.893826649946744,0.07051906984642015,12.894859926641507,4.044712931169372,53.53920094335041,150.7695380079931,1.2412358208690475,0.1531521770145603,0.3087737728773413,0.20168616462658662,0.20094257137214835,0.25042437130012335,109.0,66.0,0.6055045871559633,0.0,0.0,3.057852003738818,16.93957285781088,53.60972001319683,False,False,0.0,0.0,False,0.0,0,0,0,True
465,40,0.6,44.39504311255985,43.96631876999363,44.56643631976071,50.75570378275127,4.5399400893237365,1.893826649946744,0.07050641586208593,13.22603149487662,3.7313766482267905,53.71455385417926,151.36965555776015,1.2409648689863004,0.15288833956397535,0.30892163168304027,0.20525187005233958,0.2009040036975578,0.2499050555223914,109.0,67.0,0.6146788990825688,0.0,0.0,3.057852003738818,16.95740814310341,53.78506027004134,False,False,0.0,0.0,False,0.0,0,0,0,True
466,40,0.6,44.38926330055748,43.981356030442555,44.56643631976071,50.74925073934617,4.5399400893237365,1.893826649946744,0.07049391775622492,13.566930966671588,3.7464002214232015,54.22885377018576,151.95473584707833,1.2406692504047223,0.15259620126134896,0.3091034151272996,0.20878130011815949,0.20100449633820014,0.2494594584291316,109.0,67.0,0.6146788990825688,0.0,0.0,3.057852003738818,17.31333118809479,54.29934768794198,False,False,0.0,0.0,False,0.0,0,0,0,True
467,40,0.6,44.61220737611014,44.195946713602964,44.56643631976071,50.97042681940065,4.5399400893237365,1.893826649946744,0.07048753317999927,13.916762012396767,3.8470058010555275,55.0415382328688,152.32522545323604,1.2403551629303429,0.15228315698973377,0.309310920715387,0.20749249539363673,0.20399027686188154,0.2503635075953339,109.0,68.0,0.6238532110091743,0.0,0.0,3.057852003738818,17.763767813452294,55.1120257660488,False,False,0.0,0.0,False,0.0,0,0,0,True
468,41,0.5900000000000001,45.910598676531116,45.41564113430705,45.47653315389219,52.35028196553482,4.653438591556831,1.8622628724476316,0.06553489013594005,7.150850409062435,3.6408096045837324,51.10038836305096,152.38611747282118,1.2400607622951316,0.15198607203411357,0.3095266286201016,0.19441447506105178,0.22374785199987546,0.25346731038434916,108.0,67.0,0.6203703703703703,0.0,0.0,3.0699553951912137,10.791660013646167,51.165923253186904,False,True,4.288176725252836,0.07732839820536366,False,0.0,1,1,0,True
469,40,0.6,45.237670483467056,46.417671412187005,44.56643631976071,53.48762245289992,4.5399400893237365,1.893826649946744,0.0681164662841745,9.193762748820536,5.336840465018659,52.46920745177003,150.53488238039492,1.239806444664746,0.1517466315060117,0.30961212764456625,0.15517002619272602,0.22808895892150502,0.26223236239253567,113.0,56.0,0.49557522123893805,0.0,0.0,3.0699553951912137,14.530603213839195,52.537323918054206,False,False,0.0,0.0,False,0.0,0,0,0,True
470,40,0.6,44.96436073151896,44.52962585903853,44.56643631976071,51.31370154680924,4.5399400893237365,1.893826649946744,0.06938320216543788,9.398755537292766,5.637758350956296,51.539352250682434,150.5716928411171,1.2398414307432608,0.15177785493581603,0.3096054246685922,0.1717323912996397,0.22101751895031096,0.2538247776197017,112.0,62.0,0.5535714285714286,0.0,0.0,3.0699553951912137,15.036513888249061,51.608735452847874,False,False,0.0,0.0,False,0.0,0,0,0,True
471,40,0.6,44.3258309861121,43.91847190047648,44.56643631976071,50.6042976211385,4.5399400893237365,1.893826649946744,0.06999804611537523,9.538631189287914,6.371822897814275,51.83117613021717,151.21965726040133,1.2397860013736308,0.1517213355241948,0.3096476092770664,0.19296273763448343,0.22019066553516273,0.2502328545274692,113.0,66.0,0.584070796460177,0.0,0.0,3.0699553951912137,15.910454087102188,51.901174176332546,False,False,0.0,0.0,False,0.0,0,0,0,True
472,40,0.6,44.26065084329748,43.94357149498477,44.56643631976071,50.619470223314856,4.5399400893237365,1.893826649946744,0.07030694616398843,9.76290892120246,6.987200523572673,52.75581956196081,151.84252208517725,1.239611021538763,0.15154998316242446,0.3097480644946022,0.204366946914556,0.20852340702195363,0.2497292534340107,112.0,68.0,0.6071428571428571,0.0,0.0,3.0699553951912137,16.750109444775134,52.8261265081248,False,False,0.0,0.0,False,0.0,0,0,0,True
473,40,0.6,44.464731784445306,44.137148404468206,44.56643631976071,50.82389166622687,4.5399400893237365,1.893826649946744,0.07046510804928029,9.99438875536172,7.0134096680285385,53.36407094121884,152.27181000046974,1.2393759005306,0.1513197079644675,0.30988486809069954,0.2072320247151193,0.20036510760144619,0.25039997421913435,111.0,68.0,0.6126126126126126,0.0,0.0,3.0699553951912137,17.00779842339026,53.434536049268125,False,False,0.0,0.0,False,0.0,0,0,0,True
474,40,0.6,44.47002437717049,44.1626057940037,44.56643631976071,50.83231131012302,4.5399400893237365,1.893826649946744,0.07053986830599743,10.236174392989271,7.021527700807347,53.79908098451294,152.67564052622677,1.2391280138825096,0.15107350560585517,0.3100460008056764,0.20946983471028296,0.20074310702773562,0.2503216921714339,109.0,67.0,0.6146788990825688,0.0,0.0,3.0699553951912137,17.257702093796617,53.86962085281894,False,False,0.0,0.0,False,0.0,0,0,0,True
475,40,0.6,44.552448252513514,44.25262188456478,44.56643631976071,50.91310072372023,4.5399400893237365,1.893826649946744,0.07057474708381621,10.483871206395188,7.2963859263698865,54.570658625740116,152.9894549614227,1.238872272234945,0.15081632483521207,0.31022811317907845,0.2098202518234511,0.20172624178408188,0.2507118969057205,108.0,68.0,0.6296296296296297,0.0,0.0,3.0699553951912137,17.780257132765072,54.64123337282393,False,False,0.0,0.0,False,0.0,0,0,0,True
476,40,0.6,44.73457093343606,44.42999083087919,44.56643631976071,51.09422990899501,4.5399400893237365,1.893826649946744,0.07059487066658252,10.738321714507103,7.209996882534872,55.0834570015938,153.1259004503042,1.2386269068790572,0.15056696189090474,0.3104183249435863,0.20687826999440334,0.20381329594888054,0.2518416650566263,108.0,68.0,0.6296296296296297,0.0,0.0,3.0699553951912137,17.948318597041975,55.15405187226038,False,False,0.0,0.0,False,0.0,0,0,0,True
477,41,0.5900000000000001,45.873262451768284,45.51590465704266,45.47653315389219,52.32111508520004,4.653438591556831,1.8622628724476316,0.07114351117297261,11.007546900500238,7.005799877485419,55.20420105845949,153.08652894715374,1.2384140590519317,0.1503465565244197,0.3106070192888713,0.19543251953045462,0.22112258486808015,0.25445983376497067,107.0,68.0,0.6355140186915887,0.0,0.0,3.0699553951912137,18.013346777985657,55.27534456963246,False,False,0.0,0.0,False,0.0,0,0,0,True
478,40,0.6,44.904202762092496,44.615055136008316,44.56643631976071,51.273172279709165,4.5399400893237365,1.893826649946744,0.0708603187637162,11.287443022125318,6.838992253018502,54.62540044365605,153.03791013090614,1.238230982405129,0.15017504997742698,0.31066236711652645,0.2000797670365972,0.20691780509327953,0.25085325091921196,107.0,68.0,0.6355140186915887,0.0,0.0,3.0699553951912137,18.12643527514382,54.69626076241976,False,False,0.0,0.0,False,0.0,0,0,0,True
479,40,0.6,44.71383479558574,44.46073816219719,44.56643631976071,51.08204985466744,4.5399400893237365,1.893826649946744,0.07072272041026094,11.575514400691077,6.579637426327367,54.670251328642095,153.14360828846966,1.2380377709687267,0.14999191865877076,0.31073402400433814,0.2050818406841714,0.2057958469780198,0.2504425412464367,107.0,68.0,0.6355140186915887,0.0,0.0,3.0699553951912137,18.155151827018443,54.740974049052355,False,False,0.0,0.0,False,0.0,0,0,0,True
480,40,0.6,44.67273254743381,44.438170376505674,44.56643631976071,51.04066083502292,4.5399400893237365,1.893826649946744,0.07065158840035893,11.872412423946178,6.287668358866655,54.813566181269586,153.27187423172467,1.2378302924449982,0.14979324340329017,0.31082370293643025,0.2078894850776835,0.20296362579210397,0.2506148335658988,107.0,68.0,0.6355140186915887,0.0,0.0,3.0699553951912137,18.160080782812834,54.884217769669945,False,False,0.0,0.0,False,0.0,0,0,0,True
481,40,0.6,44.66555505823852,44.44596911903137,44.56643631976071,51.03336232064728,4.5399400893237365,1.893826649946744,0.0706114869756748,12.178545741493837,5.983961002098557,54.981021322160466,153.39234143245403,1.237621578070683,0.14959137126462568,0.3109262524997385,0.20913983595165936,0.20120335644395695,0.2509494296477408,107.0,68.0,0.6355140186915887,0.0,0.0,3.0699553951912137,18.162506743592395,55.05163280913614,False,False,0.0,0.0,False,0.0,0,0,0,True
482,40,0.6,44.665981518024566,44.46053645320542,44.56643631976071,51.03371096955145,4.5399400893237365,1.893826649946744,0.07058602170109553,12.494231226170061,5.672972912581157,55.15482141130645,153.49824129900932,1.2374211176711412,0.14939535641825058,0.31103755269192845,0.2095303868932711,0.200657937694983,0.25134541652131936,107.0,68.0,0.6355140186915887,0.0,0.0,3.0699553951912137,18.167204138751217,55.22540743300755,False,False,0.0,0.0,False,0.0,0,0,0,True
483,40,0.6,44.66751512296523,44.475834707263395,44.56643631976071,51.03517271982523,4.5399400893237365,1.893826649946744,0.0705674625303434,12.819766889363907,5.354630357824809,55.32893268779557,153.58884291150662,1.2372341696997773,0.14921028894260574,0.3111549014445783,0.2094792404721813,0.20050960780221225,0.2517729611421843,107.0,68.0,0.6355140186915887,0.0,0.0,3.0699553951912137,18.174397247188715,55.39950015032591,False,False,0.0,0.0,False,0.0,0,0,0,True
484,40,0.6,44.66881404427086,44.49048435737355,44.56643631976071,51.03639637504902,4.5399400893237365,1.893826649946744,0.07055211630305466,13.155454762992992,5.02801046433156,55.50078019742041,153.66479487389378,1.2370633830994215,0.14903881428636484,0.3112764743253726,0.20919954887116185,0.20060203887529723,0.25222153256734525,107.0,68.0,0.6355140186915887,0.0,0.0,3.0699553951912137,18.183465227324554,55.57133231372347,False,False,0.0,0.0,False,0.0,0,0,0,True
485,40,0.6,44.66981716142408,44.504304715044015,44.56643631976071,51.03731928182785,4.5399400893237365,1.893826649946744,0.07053820060111406,13.501606769764635,4.692250175047935,55.668980456198106,153.7269264786105,1.2369100344864097,0.14888229507422518,0.31140089326112363,0.20879286883448617,0.200663760311738,0.25268591954124714,107.0,68.0,0.6355140186915887,0.0,0.0,3.0699553951912137,18.19385694481257,55.73951865679922,False,False,0.0,0.0,False,0.0,0,0,0,True
486,40,0.6,44.670696779623405,44.51735774589369,44.56643631976071,51.038114000932495,4.5399400893237365,1.893826649946744,0.07052484735995078,13.858545821437536,4.346676077748452,55.83260576860755,153.77600505247753,1.236774713966127,0.14874145502749817,0.31152698618535424,0.20830706054588727,0.20070687590948683,0.25316222151104323,107.0,68.0,0.6355140186915887,0.0,0.0,3.0699553951912137,18.205221899185986,55.9031306159675,False,False,0.0,0.0,False,0.0,0,0,0,True
487,40,0.6,44.67160891659916,44.52971009805307,44.56643631976071,51.038936975484354,4.5399400893237365,1.893826649946744,0.07051162929061718,14.226605851055522,3.9907600363811646,55.99093062267444,153.81273127418515,1.2366576606541022,0.14861669330255142,0.3116536718382107,0.20776600563234435,0.20073806143599185,0.2536467794088152,107.0,68.0,0.6355140186915887,0.0,0.0,3.0699553951912137,18.217365887436685,56.061442251965055,False,False,0.0,0.0,False,0.0,0,0,0,True
488,41,0.5900000000000001,45.80764227521838,45.58723630951019,45.47653315389219,52.23832201873114,4.653438591556831,1.8622628724476316,0.0879667185668005,14.605110271455885,3.6084374514204955,55.976022301210634,153.70202811856714,1.236558916071786,0.14850822733789207,0.3117799107180233,0.19776490044223066,0.2189931498036856,0.2562838434367531,107.0,68.0,0.6355140186915887,0.0,0.0,3.0699553951912137,18.21354772287638,56.06398901977744,False,False,0.0,0.0,False,0.0,0,0,0,True
489,40,0.6,44.86049206632656,44.78567012948407,44.56643631976071,51.31607873995798,4.5399400893237365,1.893826649946744,0.0,14.996886476136572,3.2901309454691865,55.423807924575655,153.48279430884378,1.236479406989671,0.1484394720780697,0.31177140572823636,0.2003969579044015,0.20599065122894294,0.2534200558069417,108.0,69.0,0.6388888888888888,0.0,0.0,3.0699553951912137,18.287017421605757,55.423807924575655,False,False,0.0,0.0,False,0.0,0,0,0,True
490,40,0.6,44.70988744461501,44.58029584422842,44.56643631976071,51.07680034896226,4.5399400893237365,1.893826649946744,0.0,15.400421949013788,2.9040487040022587,55.37268571007168,153.46893478437607,1.2364033511564751,0.14837253228511185,0.3117706629719257,0.20495240288736255,0.2062550848216586,0.2529550070539957,107.0,68.0,0.6355140186915887,0.0,0.0,3.0699553951912137,18.304470653016047,55.37268571007168,False,False,0.0,0.0,False,0.0,0,0,0,True
491,40,0.6,44.670167009893326,44.54990536510839,44.56643631976071,51.036788020120355,4.5399400893237365,1.893826649946744,0.0,15.816322739790206,2.4875775953433834,55.46736439422298,153.48546573902843,1.2363163119635774,0.14829370320306062,0.3117835647466354,0.20722470313406216,0.20326794254564612,0.2532637356573658,107.0,68.0,0.6355140186915887,0.0,0.0,3.0699553951912137,18.30390033513359,55.46736439422298,False,False,0.0,0.0,False,0.0,0,0,0,True
492,40,0.6,44.668444850213874,44.553182724927204,44.56643631976071,51.03498822915991,4.5399400893237365,1.893826649946744,0.0,16.24519095936518,2.0597838507889774,55.59401479837106,153.4987193338619,1.236231401537668,0.14821531878812028,0.3118053554649958,0.20784729960451984,0.20136302952697155,0.2537445617822959,107.0,68.0,0.6355140186915887,0.0,0.0,3.0699553951912137,18.304974810154157,55.59401479837106,False,False,0.0,0.0,False,0.0,0,0,0,True
493,40,0.6,44.67375067059842,44.56234704843796,44.56643631976071,51.040232823410285,4.5399400893237365,1.893826649946744,0.0,16.687449746634258,1.6237319805930663,55.72969663288715,153.50280860518467,1.2361583288271496,0.14814655053626305,0.3118322658307332,0.20759802227324026,0.20059416961033305,0.2542760390021225,107.0,69.0,0.6448598130841121,0.0,0.0,3.0699553951912137,18.311181727227325,55.72969663288715,False,False,0.0,0.0,False,0.0,0,0,0,True
494,40,0.6,44.67935197479805,44.571183856862916,44.56643631976071,51.04576130541545,4.5399400893237365,1.893826649946744,0.0,17.14350751137496,1.178209831547879,55.867150646435476,153.49806106808242,1.2361021429701764,0.14809220430477732,0.3118621003392625,0.20693787038467107,0.20035816942753346,0.254826410166338,107.0,69.0,0.6448598130841121,0.0,0.0,3.0699553951912137,18.321717342922838,55.867150646435476,False,False,0.0,0.0,False,0.0,0,0,0,True
495,40,0.6,44.68418290398237,44.57860878030759,44.56643631976071,51.050505178269944,4.5399400893237365,1.893826649946744,0.0,17.613782835388218,0.7215101548038453,56.00336252113054,153.48588860753557,1.2360650530225534,0.1480544262798149,0.31189362368303053,0.20609644170376754,0.2002431236543886,0.2553859659644556,107.0,69.0,0.6448598130841121,0.0,0.0,3.0699553951912137,18.335292990192062,56.00336252113054,False,False,0.0,0.0,False,0.0,0,0,0,True
496,40,0.6,44.68842951270484,44.58471726054108,44.56643631976071,51.05465301735698,4.5399400893237365,1.893826649946744,0.0,18.098709950456747,0.2522600907503999,56.136758511051305,153.46760766675519,1.236047811825226,0.1480340029539677,0.3119260757586122,0.20517948583904486,0.20023285484024816,0.2559506486485157,107.0,69.0,0.6448598130841121,0.0,0.0,3.0699553951912137,18.350970041207148,56.136758511051305,False,False,0.0,0.0,False,0.0,0,0,0,True
497,40,0.6,44.69242102338346,44.58976858913062,44.56643631976071,51.05853651246428,4.5399400893237365,1.893826649946744,0.0,18.598739175759324,0.0,56.4968617610607,153.4442753973853,1.2360504707840652,0.14803107019453315,0.3119589054530965,0.2042344443693509,0.20026878224428515,0.25651756667513925,106.0,68.0,0.6415094339622641,0.0,0.0,3.0699553951912137,18.598739175759324,56.4968617610607,False,False,0.0,0.0,False,0.0,0,0,0,True
498,40,0.6,44.838627820374974,44.71713270075458,44.56643631976071,51.20343472218611,4.5399400893237365,1.893826649946744,0.0,19.113143629332484,0.0,57.24873025491765,153.29357901639142,1.2360727418117654,0.148045452814668,0.31199164435741633,0.20038359472008263,0.20228021773595134,0.25791646827934667,106.0,70.0,0.660377358490566,0.0,0.0,3.0699553951912137,19.113143629332484,57.24873025491765,False,False,0.0,0.0,False,0.0,0,0,0,True
499,41,0.5900000000000001,46.346472036390054,46.10315961860266,45.47653315389219,52.79183321066795,4.653438591556831,1.8622628724476316,0.0,19.642302336680977,0.0,57.71351475606402,152.666952551681,1.2361329031278045,0.14809448468596187,0.31201689284376705,0.18061185495851642,0.22576188474701525,0.2632839370831114,106.0,106.0,1.0,0.0,0.0,3.0699553951912137,19.642302336680977,57.71351475606402,False,False,0.0,0.0,False,0.0,0,0,0,True
