,Employment,UnemploymentRate,WageBill,Output,Production,Consumption,Transfers,UnemploymentTransfers,HH_Deposit,HH_Debt,Firm_Debt,Firm_Cash,Inventories,AvgPrice,AvgMarkup,PriceDispersion,InventoryGap,SalesForecastError,InventoryTurnover,CreditRequests,CreditRejections,CreditRejectionRate,FirmDowntimeShare,ReentryCount,Bank_Equity,Bank_Loans,Bank_Deposits,BankFailed,BankResolved,BankResolutionAmount,BankResolutionHaircut,BankBailedOut,BankBailoutAmount,Defaults,DefaultsHH,DefaultsFirm,BalanceOK
0,100,0.0,102.6792292837874,100.8859667388902,100.8859667388902,265.2184093425394,10.267922928378743,0.0,0.06900603606601408,50.46303158033402,43.55132133346682,101.76692037715459,0.0,1.1269860714368876,0.09943369838957002,0.0463268085394462,-1.0,0.42856117090087126,2.0,119.0,0.0,0.0,0.0,0.0,50.0,94.01435291380083,101.8359264132206,False,False,0.0,0.0,False,0.0,0,0,0,True
1,100,0.0,102.6792292837874,100.8859667388902,100.8859667388902,166.98793061764346,10.267922928378743,0.0,0.0,106.27887867930444,43.45504488397892,103.08168789806307,0.0,1.141051745730349,0.11293152754744099,0.04909758514468463,-1.0,0.2837580135042127,2.0,115.0,0.0,0.0,0.0,0.0,50.10196918642618,149.73392356328335,103.08168789806307,False,False,0.0,0.0,False,0.0,0,0,0,True
2,100,0.0,102.6792292837874,100.8859667388902,100.8859667388902,168.84570544800323,10.267922928378743,0.0,0.0,166.06335053968832,42.76655936371934,105.18082451003778,0.0,1.1548035326216453,0.126113679898819,0.05195347568986067,-1.0,0.19840972930265713,2.0,115.0,0.0,0.0,0.0,0.0,50.18184392165068,208.82990990340767,105.18082451003778,False,False,0.0,0.0,False,0.0,0,0,0,True
3,100,0.0,102.6792292837874,100.8859667388902,100.8859667388902,169.5480563336177,10.267922928378743,0.0,0.0,228.73609767205488,41.399151816196,107.9783668010821,0.0,1.1682428188872707,0.13898574561021435,0.054852761914365805,-1.0,0.14326462928441014,2.0,114.0,0.0,0.0,0.0,0.0,50.20496114455486,270.1352494882509,107.9783668010821,False,False,0.0,0.0,False,0.0,0,0,0,True
4,100,0.0,102.6792292837874,100.33656048702825,100.8859667388902,162.8095024618646,10.267922928378743,0.0,0.0,286.96182052311576,40.312231356605125,111.68211767337108,0.5494062518619511,1.181367871353045,0.1515494581027749,0.05776171655400363,-0.9969341235395325,0.10039866885218245,1.9832268803399338,109.0,0.0,0.0,0.0,0.0,50.20496114455486,327.2740518797209,111.68211767337108,False,False,0.0,0.0,False,0.0,0,0,0,True
5,100,0.0,102.6792292837874,93.23338341799567,100.8859667388902,131.44374206219794,10.267922928378743,0.0,0.0,315.95071417576384,39.894553641419,108.77067809841633,8.20198957275649,1.194145497417035,0.1637810579831211,0.06059253095171056,-0.9553184451913792,0.0449815832116196,1.7925803024491465,84.0,0.0,0.0,0.0,0.0,50.20496114455486,355.84526781718284,108.77067809841633,False,False,0.0,0.0,False,0.0,0,0,0,True
6,100,0.0,102.6792292837874,86.44904819834977,100.8859667388902,112.78983248007073,10.267922928378743,0.0,0.0,327.34563116192777,46.083390216261535,105.52552099051854,22.63890811329693,1.2061254279774514,0.17524899043870493,0.063255899882796,-0.8732026523347354,0.07608369417320686,1.5787616846400496,43.0,0.0,0.0,0.0,0.0,50.20496114455486,373.4290213781893,105.52552099051854,False,False,0.0,0.0,False,0.0,0,0,0,True
7,100,0.0,102.6792292837874,83.49192321975963,100.8859667388902,104.62709582814507,10.267922928378743,0.0,0.0,330.9944485617049,57.287844305063366,104.53332632539019,40.03295163242752,1.2169456795752296,0.18558557833765552,0.06591011760730146,-0.7661856814781227,0.08753020525470512,1.4557158343415797,23.0,0.0,0.0,0.0,0.0,50.34603120248094,388.2822928667683,104.53332632539019,False,False,0.0,0.0,False,0.0,0,0,0,True
8,99,0.010000000000000009,101.65243699094951,82.32686453054792,99.98934827090869,101.94998914615543,10.165243699094956,0.1946158264596676,0.0,333.03442819580124,70.4093026422472,105.48863503367092,57.69543537278829,1.2264277739840221,0.19461087832608692,0.06869552668811742,-0.6491142264558383,0.0819578434195621,1.378374534682958,15.0,0.0,0.0,0.0,0.0,50.91761724964924,403.44373083804845,105.48863503367092,False,False,0.0,0.0,False,0.0,0,0,0,True
9,97,0.030000000000000027,99.59885240527376,81.13924757048154,98.40047566534676,100.08025556273827,9.959885240527383,0.5838474793790028,0.0,335.1489742574092,81.47650304036227,105.3117224764098,74.95666346765351,1.234531982288744,0.20228130731554678,0.07179783538066505,-0.5290244493614921,0.07597304210650205,1.2927148133599407,13.0,0.0,0.0,0.0,0.0,51.961898253625904,416.62547729777145,105.3117224764098,False,False,0.0,0.0,False,0.0,0,0,0,True
10,94,0.06000000000000005,96.51847552676014,78.79220518733564,95.78588259629957,96.8649141650923,9.651847552676019,1.1676949587580057,0.0,336.93006103111014,88.49731670610409,101.56954488463299,91.95034087661746,1.2412448569882657,0.20856183419838628,0.07555475288349757,-0.4006116300439171,0.09415656511364866,1.0738398594069007,14.0,0.0,0.0,0.0,0.0,53.41948059680062,425.4273777372142,101.56954488463299,False,False,0.0,0.0,False,0.0,0,0,0,True
11,95,0.050000000000000044,97.54526781959802,79.0208948886801,97.14422826094385,97.44558636047057,9.754526781959806,0.973079132298338,0.0,338.42208691733515,93.5489726915741,94.99325019153574,110.07367424888118,1.2464552407872005,0.21331987956313386,0.08013982304526146,-0.2613920622346768,0.074253989046169,0.8598978354600536,13.0,0.0,0.0,0.0,0.0,55.19322303428062,431.97105960890923,94.99325019153574,False,False,0.0,0.0,False,0.0,0,0,0,True
12,96,0.040000000000000036,98.57206011243589,79.59033756764738,97.35145165614729,98.28695648656615,9.857206011243592,0.7784633058386704,0.0,339.8751807939453,104.56098610535257,93.80398353616037,127.8347883373811,1.2500047421000873,0.21637403999555022,0.0855486825251739,-0.11822976146336002,0.0565072355107618,0.7032524369945289,13.0,0.0,0.0,0.0,0.0,57.2521934663211,444.43616689929786,93.80398353616037,False,False,0.0,0.0,False,0.0,0,0,0,True
13,95,0.050000000000000044,97.54526781959801,78.90746629377502,95.58836955254431,97.44558636047057,9.754526781959806,0.973079132298338,0.0,341.47489031289336,118.45848020113534,95.36199381660509,144.5156915961504,1.2519433897529142,0.21784285524699323,0.09096837770864458,0.025691701069236583,0.054837112235751405,0.5842566157243962,13.0,0.0,0.0,0.0,0.0,59.73746904057189,459.9333705140287,95.36199381660509,False,False,0.0,0.0,False,0.0,0,0,0,True
14,95,0.050000000000000044,97.54526781959802,78.9953370507721,95.30856397655549,97.44558636047057,9.754526781959804,0.973079132298338,0.0,343.1330906730208,131.78111474877204,95.8526141405062,160.8289185219338,1.2523303798303003,0.21785112806955467,0.09569896223968763,0.17024101558347837,0.04595242797213525,0.4777379043825908,15.0,0.0,0.0,0.0,0.0,62.715275023220165,474.9142054217928,95.8526141405062,False,False,0.0,0.0,False,0.0,0,0,0,True
15,94,0.06000000000000005,96.51847552676017,78.48031095646637,94.14453905450783,96.60421623437496,9.651847552676017,1.1676949587580057,0.0,344.945406068726,147.8421092475939,98.88262683885522,176.4931466199752,1.251135296475445,0.21640037980851484,0.09939270353902106,0.3165480393843426,0.04399390023849191,0.39262855558436005,16.0,0.0,0.0,0.0,0.0,66.18014997863179,492.7875153163199,98.88262683885522,False,False,0.0,0.0,False,0.0,0,0,0,True
16,88,0.12,90.35772176973292,74.60004849460427,88.48793177733107,91.55599547780007,9.035772176973293,2.3353899175160113,0.0,347.3848993196664,159.31199028892794,98.4992086143663,190.38102990270204,1.2484443548610218,0.21358867823290245,0.10174864016042927,0.46084730228613324,0.07834398724369299,0.33636920770423345,16.0,0.0,0.0,0.0,0.0,70.19595077554865,506.69688960859435,98.4992086143663,False,False,0.0,0.0,False,0.0,0,0,0,True
17,81,0.18999999999999995,83.1701757198678,70.06761847554431,81.79586576620588,85.6664045951294,8.317017571986781,3.6977007027336843,0.0,350.56798775888586,167.325734124506,96.2450490160582,202.10927719336357,1.244352454408678,0.2094751122266624,0.10306994615438288,0.6010225357286861,0.11958894310223808,0.29960306135613857,15.0,0.0,0.0,0.0,0.0,74.64306551270961,517.8937218833919,96.2450490160582,False,False,0.0,0.0,False,0.0,0,0,0,True
18,78,0.21999999999999997,80.08979884135417,68.32485675548023,78.98058048424427,83.14229421684215,8.00897988413542,4.2815481821126875,0.0,354.1479174867247,176.57135285016173,95.75618747996197,212.76500092212765,1.2389644106001145,0.20413130973967597,0.10379125103703497,0.7347097603896142,0.11844877978440889,0.27947711814904863,16.0,0.0,0.0,0.0,0.0,79.42106126581416,530.7192703368864,95.75618747996197,False,False,0.0,0.0,False,0.0,0,0,0,True
19,75,0.25,77.00942196284056,66.6245328843851,76.07164970545335,80.61818383855453,7.700942196284057,4.86539566149169,0.0,358.13919837545103,184.7421319502137,94.7064446239788,222.21211774319585,1.2323943242542303,0.19765181755986258,0.10416845380610949,0.8619322907402637,0.11746220059612629,0.2628993988297543,16.0,0.0,0.0,0.0,0.0,84.54940290127915,542.8813303256647,94.7064446239788,False,False,0.0,0.0,False,0.0,0,0,0,True
20,65,0.35,74.95583737716481,65.65926326618693,73.92813655485622,78.93544358636312,7.4955837377164825,5.254627314411025,0.0,362.4633852582314,140.80980265897668,88.22808103611217,200.5565040758589,1.224765403134907,0.19014415690634684,0.10436416747266118,0.981581400495368,0.1072119937098013,0.2511742357783639,16.0,0.0,0.0,0.1,0.0,58.08998232335977,503.27318791720813,88.22808103611217,False,False,0.0,0.0,False,0.0,1,0,1,True
21,63,0.37,64.68791444878607,53.874724327370174,64.82598020639426,70.52174232540523,6.468791444878607,7.200785579007701,0.0,367.8805348712288,146.47645765373025,82.80449795615338,211.50775995488303,1.218250559843568,0.18352853601630711,0.10524225588421819,0.8708223212117085,0.25649563082058074,0.20317746255812602,13.0,0.0,0.0,0.1,0.0,62.00324629789864,514.3569925249591,82.80449795615338,False,False,0.0,0.0,False,0.0,0,0,0,True
22,61,0.39,62.63432986311032,53.20079720461716,62.635360766898586,68.83900207321359,6.263432986311033,7.590017231927036,0.0,373.6827251065399,156.3241701127447,82.17549745486423,220.94232351716445,1.2103199696027267,0.17551835858239756,0.10657271572198847,1.0250284490305854,0.23637549198409985,0.19313542936963318,14.0,0.0,0.0,0.1,0.0,66.20742060110787,530.0068952192846,82.17549745486423,False,False,0.0,0.0,False,0.0,0,0,0,True
23,65,0.35,66.74149903446181,61.386293594342554,66.15547233807378,72.2044825775968,6.674149903446182,6.811553926088366,0.0,379.3231209463899,165.3273043742563,91.16081678944543,225.71150226089566,1.2011117610042064,0.1662649446604178,0.10826453222941863,1.1020247848748617,0.08284264294701495,0.36543821586850483,16.0,0.0,0.0,0.0,1.0,70.70180137111092,544.6504253206463,91.16081678944543,False,False,0.0,0.0,False,0.0,0,0,0,True
24,67,0.32999999999999996,68.79508362013756,63.400190919052356,67.80491528896985,73.88722282978831,6.879508362013756,6.422322273169031,0.0,384.98277777447146,174.6168107428572,93.88352195657446,230.11622663081317,1.1913779446033388,0.15650728716034898,0.11036109738283612,1.1681051681702614,0.031184495967733948,0.2834227020524041,16.0,0.0,0.0,0.0,0.0,75.48123342021981,559.5995885173287,93.88352195657446,False,False,0.0,0.0,False,0.0,0,0,0,True
25,66,0.33999999999999997,67.76829132729969,63.27889399133957,66.90829682098834,73.04585270369245,6.7768291327299695,6.616938099628698,0.0,390.94285654696705,182.07599679925912,94.75978319274354,233.745629460462,1.181272586793719,0.14644315502133637,0.11218364768782833,1.2204223894823487,0.01884819948796356,0.25849251481171265,16.0,0.0,0.0,0.0,0.0,80.56489048411547,573.0188533462261,94.75978319274354,False,False,0.0,0.0,False,0.0,0,0,0,True
26,58,0.42000000000000004,66.74149903446181,63.15545081402067,66.01167835300681,72.20448257759682,6.674149903446182,6.811553926088366,0.0,392.20897001000014,140.43267640157563,88.77217309502497,203.78879547538375,1.1710354246821681,0.13628999882355605,0.11370053699464548,1.2612091847034863,0.011878805930053717,0.24743892956936428,16.0,0.0,0.0,0.1,0.0,53.54249317777259,532.6416464115757,88.77217309502497,False,False,0.0,0.0,False,0.0,2,1,1,True
27,57,0.43000000000000005,58.09753738427632,51.971440732874115,58.109642254794856,65.49794967727156,5.852716069175882,8.368480537765707,0.0,384.6702450106591,144.99286188922315,84.73953607481042,209.9269969973045,1.1629850593372832,0.12829460033940088,0.11449033343214873,1.0693541864471483,0.17748388441582844,0.20401137110471962,15.0,0.0,0.0,0.1,0.0,48.39860983908647,529.6631068998822,84.73953607481042,False,False,0.0,0.0,False,0.0,3,3,0,True
28,55,0.44999999999999996,55.07106761113796,51.434539716516035,56.27464891379311,63.95332299460987,5.647357610608307,8.757712190685043,0.0,358.0429587596073,150.0587850768788,83.43154859656337,214.76710619458157,1.1542839090089987,0.11967074951311762,0.11560076750681192,1.1546770119560397,0.17095187690458497,0.1968556635069038,18.0,0.0,0.0,0.1,0.0,31.417364734666627,508.1017438364861,83.43154859656337,False,False,0.0,0.0,False,0.0,7,7,0,True
29,60,0.4,49.04890045721585,51.03894728846188,61.07415431927087,56.887654705525925,6.160753757027244,7.784633058386704,0.0,305.3169082671542,146.32458043420726,78.90066221323724,224.8023132253906,1.1450395419025254,0.11051193122570868,0.11717639154538119,1.3454554656210966,0.15363985158631926,0.29751218760582643,27.0,27.0,1.0,0.0,1.0,4.734039732794233,451.6414887013615,78.90066221323724,False,True,4.84422915586544,0.05784507062663285,False,0.0,12,12,0,True
30,60,0.4,46.274439144928564,49.814106863902595,61.196642097250276,54.9120129165953,6.160753757027244,7.784633058386704,0.0,292.9786977539905,142.71355984634766,71.9881607122597,236.18484845873826,1.1340473131299549,0.09966354001810065,0.11891707599427782,1.5564492406701347,0.13172368279788754,0.2232884424150093,39.0,39.0,1.0,0.0,0.0,4.319289642735583,435.69225760033817,71.9881607122597,False,True,6.244964856874957,0.07982507168726469,False,0.0,4,4,0,True
31,56,0.43999999999999995,43.16787866339361,48.415847017681536,57.173179024183625,52.6663637138409,5.750036839892094,8.563096364225375,0.0,201.8564922204325,139.24609774674326,21.501630256871913,244.94218046524037,1.120739016964349,0.08657407822070946,0.12060066424315172,1.7402504182243121,0.127982561389696,0.1961506767056647,43.0,43.0,1.0,0.0,0.0,1.2900978154123095,341.10258996717573,21.501630256871913,False,True,50.95736236596057,0.7032579466182566,False,0.0,24,24,0,True
32,52,0.48,16.654305312432975,27.188513350521458,53.15769611742148,29.199109806773304,5.339319922756945,9.341559670064045,0.0,106.86668433652643,137.32582530588232,0.0,270.91136323214033,1.1088383832250237,0.07468968793579137,0.12353228957286815,2.414996312008827,0.497320626682381,0.1015898042169231,71.0,71.0,1.0,0.0,0.0,1.0,244.19250964240877,0.0,False,True,27.278837365912345,1.0,True,27.724317023375633,23,23,0,True
33,45,0.55,0.0,13.668188469886044,50.01340901964856,14.455442429674065,5.031282234905583,9.925407149443048,0.0,58.34261008978387,112.62188067476868,0.0,281.0545742220019,1.0937817091409403,0.059776247652369906,0.12485387787594747,3.615209318313299,0.7163226116990765,0.04546446142385422,94.0,94.0,1.0,0.1,0.0,1.0,170.96449076455255,0.0,False,True,12.46309436549955,1.0,True,35.96101070955361,14,13,1,True
34,33,0.6699999999999999,0.0,14.056517269064464,38.23358250816682,15.664496410258238,3.799131483500135,12.260797066959059,0.0,60.08038294731984,85.21047020457375,0.0,272.1900838629893,1.0807389577940394,0.046739317825234085,0.1260214066578769,4.127049709635209,0.6631390515728168,0.04245959665158083,105.0,105.0,1.0,0.2,0.0,1.0,145.2908531518936,0.0,False,True,12.267800472436718,1.0,True,6.108314243877317,1,0,1,True
35,27,0.73,0.0,13.804459379509547,28.141955629168695,16.601317850995308,2.77233919066226,14.206955331555735,0.0,52.49741124701864,87.51890224024591,7.971588186697096,286.5275801126485,1.0722571581723261,0.03825695509605722,0.1260933553846487,4.313733832007822,0.6227745218314065,0.039604570239551995,103.0,103.0,1.0,0.2,0.0,0.47829529120182546,140.01631348726454,7.971588186697096,False,True,5.119338652190342,0.39106006130773097,False,0.0,2,2,0,True
36,24,0.76,7.338114594195636,21.383119250834934,28.90279324606686,23.773791707784902,2.8750184199460476,14.012339505096067,0.0,44.313366803177786,56.00624315885947,0.0,243.7686656442863,1.0659946730819962,0.03199024216229733,0.12764883319020828,4.7593852530809055,0.2991605626282904,0.12312144480989477,101.0,101.0,1.0,0.2,1.0,1.0,100.31960996203725,0.0,False,True,18.3514578062213,1.0,True,3.33901284444784,3,2,1,True
37,26,0.74,1.7484352481893173,15.611104838860683,26.366422560613728,17.971596348617094,2.6696599613784726,14.401571158015402,0.0,15.373244886503478,57.37191398904001,0.0,254.52398336603937,1.0640623280719204,0.030053428787730586,0.12883025629496073,4.6091599721187375,0.4217994527160725,0.12570870669448528,98.0,98.0,1.0,0.1,1.0,1.0,72.7451588755435,0.0,False,True,15.92676923675942,1.0,True,2.236829002585093,6,6,0,True
38,24,0.76,0.0,14.338980987831055,24.275207605685015,16.41079222098551,2.4643015028108977,14.790802810934737,0.44155805012694577,6.183116236866828,58.84500057147585,8.991469906459415,264.4602099838933,1.0623758327405997,0.028501738633060446,0.12812518266963208,5.398512089076566,0.4232250472779252,0.08629445713049562,103.0,103.0,1.0,0.1,0.0,0.5659816773951816,65.02811680834267,9.43302795658636,False,True,5.325229142743596,0.36083049013866064,False,0.0,2,2,0,True
39,23,0.77,10.021967893769,25.879742960697307,23.555338927838342,26.470748895912035,2.361622273527111,14.985418637394405,1.1481500272394842,1.3007880608030549,57.836789734113225,25.488700382662003,262.13580595103434,1.0602751417724798,0.026671808356485572,0.1254743261831467,5.191482330408098,0.1426618042112673,0.27766542506406194,100.0,100.0,1.0,0.0,1.0,1.598211024594089,59.13757779491628,26.636850409901488,False,True,2.067495819886808,0.07202727431364517,False,0.0,1,1,0,True
40,24,0.76,22.576997429315195,38.17932805687911,24.595751380886824,39.03016426855294,2.4643015028108985,14.790802810934737,1.8794546004872295,1.260645776404775,56.34985147142595,37.81506231376946,248.55222927504207,1.0587487081381262,0.025393018875034958,0.1229468008846663,4.157473827887285,0.6343559155826574,0.34403215006211274,93.0,93.0,1.0,0.0,0.0,3.3483275927234373,57.61049724783072,39.69451691425669,False,False,0.0,0.0,False,0.0,0,0,0,True
41,31,0.69,31.124559975368378,47.757771005218416,31.6831820956801,48.83271230254582,3.1830561077974098,13.428492025717064,1.8253502631064733,2.321295511948005,55.6768764871648,50.83028183581734,232.47764036550376,1.0588263106478102,0.025561844160741587,0.1222626673016077,3.100543448238598,0.7906621442661123,0.40679339222100186,94.0,42.0,0.44680851063829785,0.0,0.0,4.84912757650071,57.9981719991128,52.65563209892381,False,False,0.0,0.0,False,0.0,0,0,0,True
42,36,0.64,36.78652323417644,66.70531589103818,36.634510059402075,68.26031042861072,3.6964522542163465,12.455412893418726,2.0012580022484387,17.87686057287477,54.326931168391965,76.08757926381485,202.40683453386765,1.0603101938328165,0.026977552300680684,0.12349515003420625,1.8422794317579896,1.1242984791686028,0.5899533800193077,90.0,0.0,0.0,0.0,0.0,6.1322502612880285,72.20379174126674,78.08883726606328,False,False,0.0,0.0,False,0.0,0,0,0,True
43,47,0.53,47.80229271445775,69.74232079064659,47.622314494239134,71.46814885625173,4.8259237763380085,10.314638802362383,1.9454120218325526,26.970192606329263,52.22014844036884,92.25899449264115,180.28682823746018,1.0632348355878118,0.02969299837966104,0.12651352548191036,1.1700655312911816,0.7728442823019825,0.5725092942662006,90.0,3.0,0.03333333333333333,0.0,0.0,6.987140893948354,79.19034104669811,94.2044065144737,False,False,0.0,0.0,False,0.0,0,0,0,True
44,56,0.43999999999999995,56.36519874275213,74.49523971318686,56.73551889046651,76.47324888045772,5.750036839892095,8.563096364225375,1.901459024386884,33.67835457080687,51.17342643385241,105.63408600719424,162.52710741473985,1.0664169797558187,0.0326715659412667,0.1291911860397964,0.7422662274456322,0.6129124805592558,0.5561034589560074,93.0,15.0,0.16129032258064516,0.0,0.0,7.524249610729052,84.85178100465927,107.53554503158112,False,False,0.0,0.0,False,0.0,0,0,0,True
45,64,0.36,64.03891998633368,78.5788726760422,65.0166223791398,80.82313598882686,6.571470674162393,7.0061697525480335,1.7702477704259516,37.95684371393342,50.184064518491766,115.29288582976739,148.96485711783745,1.0694830306071827,0.03557205969866515,0.13108910496930143,0.4593975763989935,0.49513785219622103,0.5434182375159472,95.0,26.0,0.2736842105263158,0.0,0.0,7.824310896206331,88.14090823242518,117.06313360019334,False,False,0.0,0.0,False,0.0,0,0,0,True
46,70,0.30000000000000004,70.65787323508752,84.18750907376268,71.27547275431156,86.74774716828718,7.1875460498651185,5.838474793790028,1.6771142891897446,42.28907515488514,47.373504546569244,121.99427097351162,136.05282079838634,1.0722808288912313,0.03820397008786658,0.13271859668162736,0.2291602916912307,0.44118992321368655,0.5607042749383772,94.0,27.0,0.2872340425531915,0.0,0.0,7.9460041976801286,89.66257970145438,123.67138526270136,False,False,0.0,0.0,False,0.0,0,0,0,True
47,75,0.25,75.75636495322256,87.62357604773696,75.93800196319283,90.45174982662313,7.700942196284057,4.86539566149169,1.5006706506473397,45.76408821676968,44.23841860670549,126.66852032460379,124.36724671384222,1.075215661882575,0.04092998898046087,0.13450613349934676,0.06764609793580785,0.3641547490510346,0.5686907039283383,96.0,35.0,0.3645833333333333,0.0,0.0,7.9460041976801286,90.00250682347516,128.16919097525113,False,False,0.0,0.0,False,0.0,0,0,0,True
48,81,0.18999999999999995,81.69281499276553,91.35068310668692,82.38991950547474,94.51609587060739,8.317017571986781,3.6977007027336843,0.9522525018424683,47.67834329704671,41.55345738254424,130.10645957029516,115.40648311263001,1.0781316129838936,0.04370920445997169,0.13552935953968415,-0.05337029586430401,0.3147131708553201,0.588666594617997,102.0,41.0,0.4019607843137255,0.0,0.0,7.9460041976801286,89.23180067959095,131.05871207213764,False,False,0.0,0.0,False,0.0,0,0,0,True
49,90,0.09999999999999998,89.60313752532619,96.74458509149086,92.10839189067431,100.42208125571388,9.241130635540868,1.946158264596676,0.45706744642524133,48.54692732835414,40.8426398752797,132.76045882679918,110.77028991181349,1.0813610909086049,0.04688879541859723,0.13574486935176647,-0.1366579976730528,0.30139534755496766,0.6106412429170758,107.0,50.0,0.4672897196261682,0.0,0.0,7.9460041976801286,89.38956720363385,133.21752627322442,False,False,0.0,0.0,False,0.0,0,0,0,True
50,96,0.040000000000000036,96.17072497049648,101.92551237876712,98.88765673890157,106.24227801568543,9.857206011243592,0.7784633058386704,0.22215413725476318,49.51775740571874,39.161403677856924,133.0831880286515,107.73243427194794,1.0852326780213644,0.050731776643192436,0.13536602679888585,-0.20935969864758083,0.2856238148206723,0.6369552018741921,107.0,49.0,0.45794392523364486,0.0,0.0,7.9460041976801286,88.67916108357566,133.30534216590627,False,False,0.0,0.0,False,0.0,0,0,0,True
51,100,0.0,100.83443409507882,106.60968779935894,103.39969003961379,111.6722285920026,10.267922928378743,0.0,0.06902188318866553,51.74262284010583,36.46830217266194,132.7317449622407,104.5224365122028,1.0899001146803744,0.05532486058550419,0.13480951540717565,-0.28209676000390926,0.26511168420729875,0.6763425664862558,108.0,45.0,0.4166666666666667,0.0,0.0,7.9460041976801286,88.21092501276777,132.80076684542937,False,False,0.0,0.0,False,0.0,0,0,0,True
52,100,0.0,101.60295001805815,108.6261230309488,103.39969003961379,114.4051782747701,10.267922928378743,0.0,0.0,56.09909316442508,32.112446687890774,132.5279180989429,99.29600352086781,1.095345958085852,0.060629946564650684,0.13436174560842604,-0.355966925940132,0.21778383264954324,0.7361326542784645,108.0,39.0,0.3611111111111111,0.0,0.0,7.946004197680129,88.21153985231585,132.5279180989429,False,False,0.0,0.0,False,0.0,0,0,0,True
53,100,0.0,101.8369702707544,108.90089695052663,103.39969003961379,115.37721549760974,10.267922928378743,0.0,0.0,61.422589822819695,27.512213676082606,132.61500565451857,93.79479660995497,1.1015454680417704,0.0666288623437207,0.1340712397387804,-0.42032341905637,0.16481774995032575,0.8359812433223714,108.0,35.0,0.32407407407407407,0.0,0.0,7.946004197680129,88.9348034989023,132.61500565451857,False,False,0.0,0.0,False,0.0,0,0,0,True
54,100,0.0,101.86927763053649,106.23395664268932,103.39969003961379,114.9012367763994,10.267922928378743,0.0,0.0,66.432445611666,23.6254478157355,131.14313070415045,90.96053000687945,1.1083676928705015,0.07319859214660274,0.13399491612060221,-0.4597050501272341,0.1112482216669062,0.9567443961257187,106.0,34.0,0.32075471698113206,0.0,0.0,7.946004197680129,90.0578934274015,131.14313070415045,False,False,0.0,0.0,False,0.0,0,0,0,True
55,100,0.0,101.79832242654018,101.65948084863923,103.39969003961379,113.8232668601748,10.267922928378743,0.0,0.0,70.6184641188148,21.64503698906362,127.32434957464442,92.70073919785402,1.115500048427946,0.08003949912872928,0.13421557181094362,-0.4658641260429112,0.09780393522222701,1.0143203285097113,102.0,35.0,0.3431372549019608,0.0,0.0,7.946004197680129,92.26350110787843,127.32434957464442,False,False,0.0,0.0,False,0.0,0,0,0,True
56,100,0.0,101.64774955135802,97.87077542944911,103.39969003961379,111.57594639585967,10.267922928378743,0.0,0.0,72.86079016388659,19.803976617389637,120.50612504109944,98.22965380801871,1.1225526882904022,0.0867767913834484,0.13481181414739624,-0.44413256092891124,0.0796505911189431,1.0037107208939424,98.0,40.0,0.40816326530612246,0.0,0.0,7.946004197680129,92.66476678127623,120.50612504109944,False,False,0.0,0.0,False,0.0,0,0,0,True
57,98,0.020000000000000018,99.46225702142985,95.54909434313825,101.29793329405537,108.25213291750258,10.062564469811168,0.3892316529193352,0.0,73.86290916134776,18.81808255598848,115.8435329710622,103.97849275893586,1.1291631114304332,0.09306635353306658,0.13575631681550585,-0.4153375377734415,0.04615131017557896,0.9818025408049991,99.0,46.0,0.46464646464646464,0.0,0.0,7.946004197680129,92.68099171733624,115.8435329710622,False,False,0.0,0.0,False,0.0,0,0,0,True
58,99,0.010000000000000009,97.95586181424252,93.6552878918091,102.17361992257544,105.21566509553175,10.165243699094955,0.1946158264596676,0.0,73.46353303283138,19.443878678365927,114.17840157904513,112.4968247897022,1.1352674459566168,0.09884552780746077,0.13700513704707978,-0.36201408946171076,0.05118462950051546,0.9501731740473911,99.0,52.0,0.5252525252525253,0.0,0.0,7.946004197680129,92.90741171119731,114.17840157904513,False,False,0.0,0.0,False,0.0,0,0,0,True
59,98,0.020000000000000018,96.5785261007823,93.01348037875124,101.02341293612822,103.94388161604908,10.062564469811168,0.3892316529193352,0.0,73.06316998644833,20.17106325392142,114.22847054986809,120.5067573470792,1.1405938269229687,0.10385203157340435,0.13845364607751595,-0.3072558917388727,0.04702133161161268,0.9273168692341146,98.0,52.0,0.5306122448979592,0.0,0.0,7.946004197680129,93.23423324036975,114.22847054986809,False,False,0.0,0.0,False,0.0,0,0,0,True
60,97,0.030000000000000027,97.32355589818518,94.46013506728043,99.69978765643556,104.8368237037969,9.95988524052738,0.5838474793790028,0.0,72.70414399347959,20.88580346574759,114.63106418519007,125.74640993623433,1.1451339196631525,0.1080845484086076,0.14001614108205246,-0.2688142771873031,0.02193306687205045,0.870909411555008,97.0,50.0,0.5154639175257731,0.0,0.0,7.946004197680129,93.58994745922718,114.63106418519007,False,False,0.0,0.0,False,0.0,0,0,0,True
61,99,0.010000000000000009,97.28567104523815,94.60302567175715,101.57994288147337,104.84464301499442,10.165243699094955,0.1946158264596676,0.0,72.56156814304357,20.730835859727822,114.91575129857536,132.72332714595058,1.1490892526294592,0.11175949519093575,0.1416109597809118,-0.21767757769765,0.017547587477338325,0.7974908168983027,98.0,50.0,0.5102040816326531,0.0,0.0,7.946004197680129,93.29240400277139,114.91575129857536,False,False,0.0,0.0,False,0.0,0,0,0,True
62,100,0.0,96.75416280402726,94.40478594045985,102.55346544083548,104.33035933075911,10.267922928378741,0.0,0.0,72.5229403869348,20.521684204633644,115.37419782412967,140.8720066463262,1.1522789707880245,0.11471213420889363,0.14312930090976206,-0.15750169417511783,0.01710671526120141,0.760667974089378,98.0,49.0,0.5,0.0,0.0,7.946004197680129,93.04462459156845,115.37419782412967,False,False,0.0,0.0,False,0.0,0,0,0,True
63,97,0.030000000000000027,95.46704290436256,93.72234086504993,99.66804544909104,103.40863593295866,9.95988524052738,0.5838474793790028,0.0,72.57248697853018,20.390407235615992,116.57048393595389,146.8177112303673,1.154599567769991,0.11684442937578114,0.14451291862550475,-0.11387989667358822,0.02036392416473132,0.7331107855346092,96.0,48.0,0.5,0.0,0.0,7.946004197680129,92.96289421414617,116.57048393595389,False,False,0.0,0.0,False,0.0,0,0,0,True
64,97,0.030000000000000027,97.85686656312633,95.93173981861482,99.3561629214474,105.91474427445918,9.95988524052738,0.5838474793790028,0.0,72.74012984539543,19.909280476442493,117.15238597732494,150.24213433319989,1.1562958979881721,0.11838418571183362,0.14590362560092104,-0.08597600403184111,0.022825474742877504,0.6559687844014275,97.0,48.0,0.4948453608247423,0.0,0.0,7.946004197680129,92.64941032183792,117.15238597732494,False,False,0.0,0.0,False,0.0,0,0,0,True
65,99,0.010000000000000009,100.46781456674842,98.82713392183095,101.47292046890159,109.22308860775996,10.165243699094953,0.1946158264596676,0.0,73.7951718318111,18.812508555514388,117.2060431362056,152.88792088027057,1.157549884616022,0.11952906823686835,0.14706164642048,-0.0688050653781385,0.04452504720388903,0.6297002407070165,97.0,43.0,0.44329896907216493,0.0,0.0,7.946004197680129,92.60768038732549,117.2060431362056,False,False,0.0,0.0,False,0.0,0,0,0,True
66,100,0.0,100.0778772497715,97.74022877126151,102.41968742512076,108.00206582099284,10.26792292837874,0.0,0.0,74.14964088238978,18.575591586248294,117.36823390389529,157.56737953412977,1.1584873616705795,0.120403371492519,0.14788391765345385,-0.0323414567283387,0.031619960889438706,0.5952537012328588,98.0,46.0,0.46938775510204084,0.0,0.0,7.946004197680129,92.72523246863807,117.36823390389529,False,False,0.0,0.0,False,0.0,0,0,0,True
67,97,0.030000000000000027,98.02306507483905,96.67983002540123,99.57938655646329,106.85097168115333,9.959885240527377,0.5838474793790028,0.0,75.14497877512667,18.094327542369733,118.07326858235943,160.46693606519182,1.1588961792546342,0.12080288768937297,0.1482857222716867,-0.008392168678477408,0.021326974041831207,0.5656745701715474,97.0,41.0,0.422680412371134,0.0,0.0,7.946004197680129,93.23930631749641,118.07326858235943,False,False,0.0,0.0,False,0.0,0,0,0,True
68,99,0.010000000000000009,100.38272034855909,98.19837853853586,101.69098341830649,108.53261348979603,10.165243699094955,0.1946158264596676,0.0,75.68256934842948,17.050284203593794,117.82343345711044,163.95954094496247,1.1589576379344395,0.12088831716052542,0.14847006249842157,0.016201892242026294,0.02908800478078096,0.5218446010103784,96.0,43.0,0.4479166666666667,0.0,0.0,7.946004197680129,92.73285355202327,117.82343345711044,False,False,0.0,0.0,False,0.0,0,0,0,True
69,97,0.030000000000000027,99.05232368488167,99.1316722101544,99.65073594080623,109.54948823612244,9.959885240527377,0.5838474793790028,0.0,78.40321428399744,15.04419692737623,118.46853055150129,164.47860467561432,1.1586497319187246,0.12063916065229308,0.14834420376797897,0.02033829372052176,0.03253645454652625,0.4897095732439542,95.0,36.0,0.37894736842105264,0.0,0.0,7.946004197680129,93.44741121137368,118.46853055150129,False,False,0.0,0.0,False,0.0,0,0,0,True
70,100,0.0,102.27225689384134,100.80662735027884,102.8054647299074,111.39314725729466,10.267922928378741,0.0,0.0,80.12287089002068,13.84373143231867,118.41703888278714,166.47744205524288,1.1582333213814722,0.1202989212805929,0.14796923941827422,0.03194225018777734,0.04191788531635479,0.4698141977164945,92.0,38.0,0.41304347826086957,0.0,0.0,7.946004197680129,93.96660232233936,118.41703888278714,False,False,0.0,0.0,False,0.0,0,0,0,True
71,99,0.010000000000000009,101.33860598499243,100.3736988509034,101.82302308151677,110.91143295976947,10.165243699094955,0.1946158264596676,0.0,82.26540402635545,13.052845041495221,118.88468402985505,167.92676628585627,1.1576361247039544,0.11979014617188344,0.14723574123666638,0.04155593611113941,0.029808090385750684,0.4605189020161011,90.0,36.0,0.4,0.0,0.0,7.946004197680129,95.31824906785067,118.88468402985505,False,False,0.0,0.0,False,0.0,0,0,0,True
72,98,0.020000000000000018,100.19175425663155,98.43222163269328,100.89855223778399,108.76531812119296,10.062564469811166,0.3892316529193352,0.0,83.39507578104794,12.996985743402684,118.97396849356308,170.393096890947,1.156902434944301,0.11915311141888789,0.14621736361583798,0.05930855146783944,0.011738791572513854,0.44820009056544574,88.0,37.0,0.42045454545454547,0.0,0.0,7.946004197680129,96.39206152445063,118.97396849356308,False,False,0.0,0.0,False,0.0,0,0,0,True
73,98,0.020000000000000018,99.84852621006313,97.13997372821756,100.8148469565409,107.31972126745401,10.062564469811166,0.3892316529193352,0.0,83.46368338445004,13.022443994942774,119.21996176640444,174.06797011927029,1.155959276694808,0.11830839672961199,0.1451215914664186,0.08676936275065375,0.0147856773363089,0.4356843448553519,88.0,44.0,0.5,0.0,0.0,7.946004197680129,96.48612737939281,119.21996176640444,False,False,0.0,0.0,False,0.0,0,0,0,True
74,95,0.050000000000000044,97.00816709338947,95.00570431517927,97.74382344868283,104.91405342823325,9.754526781959804,0.973079132298338,0.0,83.69368100197373,13.135625737284393,119.38679351583463,176.80608925277392,1.1546804511072055,0.11714008644575946,0.14397483733340724,0.11178854278631822,0.03144963827938365,0.4227418310265384,87.0,42.0,0.4827586206896552,0.0,0.0,7.946004197680129,96.82930673925813,119.38679351583463,False,False,0.0,0.0,False,0.0,0,0,0,True
75,94,0.06000000000000005,95.6256234140824,93.87803396716386,96.70341099563434,103.59232033628851,9.651847552676015,1.1676949587580057,0.0,83.90096210775748,13.360561874788425,120.66152969365794,179.63146628124437,1.1531117416478902,0.11568989747146197,0.14284831284548707,0.1381931312065823,0.0354798392428768,0.41380540081429695,86.0,43.0,0.5,0.0,0.0,7.946004197680129,97.26152398254591,120.66152969365794,False,False,0.0,0.0,False,0.0,0,0,0,True
76,94,0.06000000000000005,95.4155016725671,93.77630507635388,96.70341099563434,103.3723680269094,9.651847552676015,1.1676949587580057,0.0,84.10599155053136,13.636160827093653,122.49546127733107,182.55857220052485,1.151240604826623,0.11394794742051398,0.14172931087698148,0.16327185358678672,0.02816740688599028,0.40861220646459084,86.0,44.0,0.5116279069767442,0.0,0.0,7.946004197680129,97.742152377625,122.49546127733107,False,False,0.0,0.0,False,0.0,0,0,0,True
77,94,0.06000000000000005,95.41315464372089,93.88247044213448,96.70341099563434,103.351587808336,9.651847552676015,1.1676949587580057,0.0,84.30008437994545,13.770192460952124,124.37558435324468,185.37951275402477,1.1490912493024874,0.11193648560844527,0.14063227379679322,0.18548838157460565,0.020290494919682128,0.4046329962066415,85.0,45.0,0.5294117647058824,0.0,0.0,7.946004197680129,98.07027684089758,124.37558435324468,False,False,0.0,0.0,False,0.0,0,0,0,True
78,94,0.06000000000000005,95.42795091026576,94.04361170497616,96.70341099563434,103.36391523591558,9.651847552676015,1.1676949587580057,0.0,84.49880506684117,13.648032415756667,126.08654599779476,188.03931204468296,1.1467032136258066,0.10969300068213983,0.13957055606872792,0.20472073682813324,0.01404580610529504,0.4013920425768361,84.0,45.0,0.5357142857142857,0.0,0.0,7.946004197680129,98.14683748259785,126.08654599779476,False,False,0.0,0.0,False,0.0,0,0,0,True
79,94,0.06000000000000005,95.42583829569499,94.21301619458556,96.70341099563434,103.36069475202493,9.651847552676015,1.1676949587580057,0.0,84.70368379113235,13.465806771190408,127.78039584093597,190.52970684573174,1.1441137356832234,0.10725306485726468,0.13855526592726264,0.22124297036583834,0.010463963032859552,0.39870240089464254,84.0,45.0,0.5357142857142857,0.0,0.0,7.946004197680129,98.16949056232275,127.78039584093597,False,False,0.0,0.0,False,0.0,0,0,0,True
80,93,0.06999999999999995,94.60892981720347,93.75531593237807,95.49827271805745,102.64915533040782,9.549168323392228,1.3623107852176732,0.0,84.92948604070699,13.271214431998406,128.80309480559356,192.27266363141115,1.1413613824797189,0.10465302549850439,0.13759967058258338,0.2366900810236332,0.011382164962832725,0.39443331985158847,83.0,44.0,0.5301204819277109,0.0,0.0,7.946004197680129,98.20070047270539,128.80309480559356,False,False,0.0,0.0,False,0.0,0,0,0,True
81,93,0.06999999999999995,94.55222241611543,93.90675421333435,95.49827271805745,102.5919600879303,9.549168323392228,1.3623107852176732,0.0,85.16305654999137,13.05131881026844,130.09593299383343,193.86418213613427,1.1384553567216527,0.1019104949636487,0.13661910681374898,0.24968977378230878,0.008217401815436383,0.3926722259258371,83.0,44.0,0.5301204819277109,0.0,0.0,7.946004197680129,98.21437536025981,130.09593299383343,False,False,0.0,0.0,False,0.0,0,0,0,True
82,93,0.06999999999999995,94.56292282468715,94.13054121386163,95.49827271805745,102.60209921078972,9.549168323392228,1.3623107852176732,0.0,85.40460590875729,12.818628373286696,131.42943294810925,195.23191364033008,1.1354297071345463,0.09905722120856501,0.1356284292888137,0.25977019421586883,0.007231070548410119,0.3916818605696409,83.0,44.0,0.5301204819277109,0.0,0.0,7.946004197680129,98.22323428204399,131.42943294810925,False,False,0.0,0.0,False,0.0,0,0,0,True
83,93,0.06999999999999995,94.58612635394043,94.37388648369783,95.49827271805745,102.62456556591479,9.549168323392228,1.3623107852176732,0.0,85.65424996256456,12.576364801232918,132.78007448641858,196.35629987468974,1.1323254557528064,0.0961314419253354,0.13464510436069246,0.266965665579599,0.007368554235482891,0.3912782528756501,83.0,44.0,0.5301204819277109,0.0,0.0,7.946004197680129,98.23061476379748,132.78007448641858,False,False,0.0,0.0,False,0.0,0,0,0,True
84,93,0.06999999999999995,94.61497265954722,94.62806144713178,95.49827271805745,102.65258154380544,9.549168323392228,1.3623107852176732,0.0,85.91219152750988,12.325300230683563,134.1411652116536,197.22651114561535,1.1291826574298018,0.09317036917392693,0.13368709426402192,0.27137481772109473,0.008116354089710948,0.39141283329778565,83.0,44.0,0.5301204819277109,0.0,0.0,7.946004197680129,98.23749175819344,134.1411652116536,False,False,0.0,0.0,False,0.0,0,0,0,True
85,94,0.06000000000000005,95.67453966525589,95.75049680539713,96.48071436644808,103.61663584883124,9.651847552676017,1.1676949587580057,0.0,86.17598821313625,12.057074864548962,135.30170454139696,197.95672870666633,1.1260393793381958,0.0902092714446547,0.1327718665501608,0.2732407987640646,0.015573166068473457,0.39330334126896777,83.0,44.0,0.5301204819277109,0.0,0.0,7.946004197680129,98.23306307768522,135.30170454139696,False,False,0.0,0.0,False,0.0,0,0,0,True
86,93,0.06999999999999995,94.76615641027631,95.30229260536126,95.49827271805745,102.88358079853678,9.549168323392228,1.3623107852176732,0.0,86.53282181366035,11.795785442546435,136.40513891124203,198.15270881936254,1.1229264590330363,0.08727784044999123,0.13184104974233735,0.27161744722717246,0.00986074302014223,0.3922147609874548,83.0,44.0,0.5301204819277109,0.0,0.0,7.946004197680129,98.32860725620678,136.40513891124203,False,False,0.0,0.0,False,0.0,0,0,0,True
87,93,0.06999999999999995,94.6927211134261,95.45983100395189,95.49827271805745,102.8090943782929,9.549168323392228,1.3623107852176732,0.0,86.90165134540187,11.458331571779746,137.76812507519256,198.1911505334681,1.1198944609198789,0.08442202645978573,0.13098353363730775,0.2685826672001794,0.010522963604422609,0.39340568842685353,83.0,44.0,0.5301204819277109,0.0,0.0,7.946004197680129,98.35998291718163,137.76812507519256,False,False,0.0,0.0,False,0.0,0,0,0,True
88,94,0.06000000000000005,95.7372947764989,96.56608840886199,96.48071436644808,103.75795361659381,9.651847552676017,1.1676949587580057,0.0,87.28018871635625,11.084786517164922,138.93681547126653,198.10577649105417,1.1169582098481239,0.08165510473192306,0.13020934615445942,0.2635731394447057,0.018289328071848528,0.3964910101738109,83.0,44.0,0.5301204819277109,0.0,0.0,7.946004197680129,98.36497523352116,138.93681547126653,False,False,0.0,0.0,False,0.0,0,0,0,True
89,93,0.06999999999999995,94.82852679415565,96.00965041565274,95.49827271805745,102.92981168820077,9.549168323392228,1.3623107852176732,0.0,87.66125616263623,10.711908055475158,139.9645643934777,197.5943987934589,1.1141385419928898,0.0789974658493398,0.1294481366304535,0.25637608482171065,0.01164502196003115,0.3961601147216914,84.0,45.0,0.5357142857142857,0.0,0.0,7.946004197680129,98.3731642181114,139.9645643934777,False,False,0.0,0.0,False,0.0,0,0,0,True
90,94,0.06000000000000005,95.82306282365126,96.9813405232455,96.48071436644808,103.74786274561765,9.651847552676017,1.1676949587580057,0.0,87.97170836075625,10.322184614720467,141.2197634237291,197.0937726366615,1.1114668201351305,0.07647690293045142,0.12878662239843028,0.24867201003048134,0.017210024195227113,0.3995185140757393,84.0,45.0,0.5357142857142857,0.0,0.0,7.946004197680129,98.29389297547672,141.2197634237291,False,False,0.0,0.0,False,0.0,0,0,0,True
91,93,0.06999999999999995,94.94648554926798,96.4437434539657,95.49827271805745,102.96367675547747,9.549168323392228,1.3623107852176732,0.0,88.29396643814364,9.99797524866085,142.3301363207539,196.1483019007532,1.108943330096102,0.07409428176341475,0.12814581966192484,0.238586915519892,0.01139806584884365,0.3999055732121497,84.0,45.0,0.5357142857142857,0.0,0.0,7.946004197680129,98.29194168680449,142.3301363207539,False,False,0.0,0.0,False,0.0,0,0,0,True
92,93,0.06999999999999995,94.91770624204794,96.60075661550785,95.49827271805745,102.93549213165868,9.549168323392228,1.3623107852176732,0.0,88.6286020543818,9.673356559328708,143.8398975960532,195.04581800330288,1.1066306489723021,0.07190512623763663,0.12762323915823948,0.22739157539133897,0.011402096475609292,0.402867635122046,84.0,45.0,0.5357142857142857,0.0,0.0,7.946004197680129,98.30195861371051,143.8398975960532,False,False,0.0,0.0,False,0.0,0,0,0,True
93,94,0.06000000000000005,95.96746094915488,97.686925409252,96.48071436644808,103.91616336307483,9.651847552676017,1.1676949587580057,0.0,88.99832621263027,9.331358612555182,145.1887937865473,193.8396069604989,1.1046312701564227,0.06999953230914605,0.12725066392014417,0.21496630873364286,0.017690509875993736,0.407808989417933,84.0,45.0,0.5357142857142857,0.0,0.0,7.946004197680129,98.32968482518545,145.1887937865473,False,False,0.0,0.0,False,0.0,0,0,0,True
94,93,0.06999999999999995,95.02486342463473,97.18999728434953,95.49827271805745,103.23361921407148,9.549168323392228,1.3623107852176732,0.0,89.54968552662747,8.974711861451214,146.43689251869404,192.14788239420687,1.1028808567630553,0.06832367381252771,0.126914605854559,0.19996293105751456,0.010633864817234866,0.40963188174291654,84.0,45.0,0.5357142857142857,0.0,0.0,7.946004197680129,98.52439738807868,146.43689251869404,False,False,0.0,0.0,False,0.0,0,0,0,True
95,93,0.06999999999999995,94.87472308279492,97.1768314680416,95.49827271805745,103.0841162453173,9.549168323392228,1.3623107852176732,0.0,90.12184179248746,8.470873561455718,147.94016677431816,190.4693236442227,1.1013852281877494,0.06688454664778795,0.1266921847432799,0.1856474422625397,0.009464787841281828,0.4131083984506622,84.0,45.0,0.5357142857142857,0.0,0.0,7.946004197680129,98.59271535394318,147.94016677431816,False,False,0.0,0.0,False,0.0,0,0,0,True
96,94,0.06000000000000005,95.86365731161673,98.13411116412426,96.48071436644808,103.9789362582576,9.651847552676017,1.1676949587580057,0.0,90.71274042597685,7.907520117077135,149.2418232456118,188.81592684654657,1.1001125961070612,0.06565349100190972,0.12657244616516553,0.17144720916445216,0.015053312192658713,0.41856750419498356,84.0,46.0,0.5476190476190477,0.0,0.0,7.946004197680129,98.62026054305399,149.2418232456118,False,False,0.0,0.0,False,0.0,0,0,0,True
97,93,0.06999999999999995,94.907992712488,97.4934933119098,95.49827271805745,103.19920267869095,9.549168323392228,1.3623107852176732,0.0,91.40923875313133,7.3313787159675705,150.38094632644865,186.82070625269418,1.0990323501090615,0.06460490897870544,0.12645556128541866,0.155754835996782,0.00790773118523666,0.4205754945436274,84.0,46.0,0.5476190476190477,0.0,0.0,7.946004197680129,98.74061746909891,150.38094632644865,False,False,0.0,0.0,False,0.0,0,0,0,True
98,94,0.06000000000000005,95.81848019459342,98.34597660725554,96.48071436644808,104.01607549954646,9.651847552676017,1.1676949587580057,0.0,92.12952537279273,6.6569876775654215,151.63729863556551,184.95544401188678,1.0981662378924373,0.06375849011708705,0.12642780582558721,0.14110823933124708,0.012737293828803639,0.426314875261792,84.0,46.0,0.5476190476190477,0.0,0.0,7.946004197680129,98.78651305035815,151.63729863556551,False,False,0.0,0.0,False,0.0,0,0,0,True
99,93,0.06999999999999995,94.8514467659833,97.58215454026293,95.49827271805745,103.14187832385106,9.549168323392228,1.3623107852176732,0.0,92.87704778595726,5.9566079032505845,152.6714121234416,182.8715621896813,1.0974806210960764,0.06308487195567922,0.12639181245119038,0.12583717832347927,0.005425125811969466,0.4281638102364168,84.0,46.0,0.5476190476190477,0.0,0.0,7.946004197680129,98.83365568920784,152.6714121234416,False,False,0.0,0.0,False,0.0,0,0,0,True
100,94,0.06000000000000005,95.79860893335696,98.36015051897033,96.48071436644808,103.91251488608388,9.651847552676017,1.1676949587580057,0.0,88.45942254045315,5.213954909272172,153.80601384454923,180.99212603715907,1.0969914234821982,0.06259753978387039,0.126435415643277,0.1121325600673823,0.009687990745835167,0.4339410222314985,84.0,46.0,0.5476190476190477,0.0,0.0,4.881269824445551,93.67337744972532,153.80601384454923,False,False,0.0,0.0,False,0.0,1,1,0,True
101,93,0.06999999999999995,94.71081743084956,97.55596796040824,95.49827271805745,103.02852590564417,9.549168323392228,1.3623107852176732,0.0,84.11419806168666,4.262466281805102,154.80548197935602,178.93443079480826,1.0966614111965352,0.062263375231809893,0.12646356203936296,0.097883946763851,0.004107730679184779,0.4357011609363065,85.0,85.0,1.0,0.0,0.0,1.8897704323669702,88.37666434349177,154.80548197935602,False,False,0.0,0.0,False,0.0,1,1,0,True
102,94,0.06000000000000005,95.69336504257869,98.61682230959497,96.48071436644808,104.12765073801992,9.651847552676017,1.1676949587580057,0.0,84.80444347999054,3.3010223930212255,156.1634671289913,176.79832285166142,1.096506778131215,0.06209598681646682,0.12656397687308818,0.08260900270598241,0.010023797790975886,0.4432308486635752,86.0,86.0,1.0,0.0,0.0,1.8897704323669702,88.10546587301177,156.1634671289913,False,False,0.0,0.0,False,0.0,0,0,0,True
103,96,0.040000000000000036,97.86982742769543,100.43581730787884,98.26949122464866,106.04530033905924,9.857206011243592,0.7784633058386704,0.0,85.44498703745515,2.3218476963239003,156.53196871927994,174.63199676843124,1.0965204752039641,0.06209190768741801,0.12664532016633417,0.06727139971873076,0.02630836423556613,0.4517042533302513,86.0,86.0,1.0,0.0,0.0,1.8897704323669702,87.76683473377905,156.53196871927994,False,False,0.0,0.0,False,0.0,0,0,0,True
104,94,0.06000000000000005,96.00975848352385,98.82819500539354,96.48071436644808,104.36932212773861,9.651847552676017,1.1676949587580057,0.0,86.10916859259906,1.3579228393407918,156.4763484308642,172.2845161294858,1.0966531024596797,0.062227963423967324,0.12650682997339438,0.05223716411485866,0.004735157036051303,0.4505500998777666,85.0,85.0,1.0,0.0,0.0,1.8897704323669702,87.46709143193985,156.4763484308642,False,False,0.0,0.0,False,0.0,0,0,0,True
105,95,0.050000000000000044,96.93254841630565,99.64178262981004,97.41908923946832,105.2671458241354,9.754526781959804,0.973079132298338,0.0,86.8646052536055,0.3852630516933594,156.98503578896606,170.06182273914408,1.0969442153092526,0.0625174502412765,0.12635796646890465,0.03767243519300937,0.01155866989432906,0.4572309599056645,86.0,86.0,1.0,0.0,0.0,1.8897704323669702,87.24986830529886,156.98503578896606,False,False,0.0,0.0,False,0.0,0,0,0,True
106,96,0.040000000000000036,98.07156534534106,100.61737185647924,98.4072034968484,106.35509162716332,9.857206011243594,0.7784633058386704,0.0,77.6738167535865,0.0,144.79113041314767,167.85165437951326,1.0973674913143046,0.0629413230051364,0.12614460221277524,0.02298810839061346,0.019025765179756036,0.46390904998567006,86.0,86.0,1.0,0.0,0.0,8.687467824788857,77.6738167535865,144.79113041314767,False,True,12.80652457770173,0.08126088283766225,False,0.0,2,2,0,True
107,98,0.020000000000000018,100.36516608839611,124.01753923048548,100.34015270222534,131.18504105972096,10.062564469811166,0.3892316529193352,0.0,100.88191550936476,1.2255164973719086,167.27556122955968,144.17426785125312,1.0979053988358465,0.06348709291723882,0.1257898735486823,-0.1653832779878573,0.2510736659331082,0.6031905078164009,92.0,0.0,0.0,0.0,0.0,8.687467824788857,102.10743200673667,167.27556122955968,False,False,0.0,0.0,False,0.0,0,0,0,True
108,100,0.0,102.67922928378741,104.78119715357565,102.44190944778376,111.17000687079535,10.267922928378741,0.0,0.0,102.79335739463109,0.0,164.4986584785107,141.83498014546126,1.1008183205143056,0.06634828238079434,0.12555694871749856,-0.17804624722657295,0.003952667245939308,0.541599783231947,85.0,29.0,0.3411764705882353,0.0,0.0,8.687467824788857,102.79335739463109,164.4986584785107,False,False,0.0,0.0,False,0.0,0,0,0,True
109,100,0.0,102.35467150561954,101.35025228323578,102.44190944778376,107.86103068924568,10.267922928378741,0.0,0.0,101.79026971721471,0.0,161.60146046764783,142.92663731000926,1.1038053254562592,0.06928603078277513,0.12534291864405486,-0.16499807551875656,0.03126699909225934,0.5268447476685582,88.0,38.0,0.4318181818181818,0.0,0.0,8.687467824788857,101.79026971721471,161.60146046764783,False,False,0.0,0.0,False,0.0,0,0,0,True
110,100,0.0,101.32282238035782,99.8195287649748,102.44190944778376,106.53570908547792,10.267922928378741,0.0,0.0,90.52742667982719,0.29121037315781007,158.84406681946615,145.54901799281822,1.106556760802552,0.07199862376571783,0.1251301106788497,-0.1416507945534244,0.03878092057943935,0.5158657986453274,90.0,39.0,0.43333333333333335,0.0,0.0,2.7297038818354338,90.818637052985,158.84406681946615,False,False,0.0,0.0,False,0.0,2,2,0,True
111,100,0.0,97.58892152636146,95.04067768699863,102.44190944778376,101.69085063124031,10.267922928378741,0.0,0.0,82.66164937753003,0.0,147.8596855427495,152.95024975360334,1.1089524397985446,0.07436793897652365,0.12492500446290435,-0.08208466102772918,0.076426809795081,0.480945080937855,92.0,92.0,1.0,0.0,0.0,8.871581132564973,82.66164937753003,147.8596855427495,False,True,9.14774239782936,0.05826311861685562,False,0.0,1,1,0,True
112,97,0.030000000000000027,99.16799498184503,116.16240751793403,99.31648165462562,124.50697072421184,9.95988524052738,0.5838474793790028,0.0,95.44196170235894,2.1996714942994364,166.29909622020494,136.10432389029498,1.110517148355901,0.07593391158235796,0.124697136897228,-0.20892090959818727,0.14885297558688954,0.6088319691895927,95.0,2.0,0.021052631578947368,0.0,0.0,5.849187456612835,97.64163319665838,166.29909622020494,False,False,0.0,0.0,False,0.0,1,1,0,True
113,100,0.0,102.09751329475532,98.06084813387176,102.7671706628279,105.44449857780644,10.267922928378741,0.0,0.0,86.98545462820282,0.30640842442244876,160.71344537520594,140.81064641925107,1.1137321370491784,0.07910037630574593,0.12465285068015332,-0.17519090996354736,0.06095460452264231,0.5300323719796489,90.0,90.0,1.0,0.0,0.0,2.834035432752087,87.29186305262526,160.71344537520594,False,False,0.0,0.0,False,0.0,1,1,0,True
114,99,0.010000000000000009,98.56519623236206,95.06373170213963,101.562032385251,102.4891924438711,10.165243699094953,0.1946158264596676,0.0,73.83941935827107,0.0,146.22848766644992,147.30894710236242,1.1164245830612831,0.08174233773847776,0.12479883432965787,-0.12432554290808964,0.07689196353399183,0.5022903126112942,94.0,94.0,1.0,0.0,0.0,8.773709259986996,73.83941935827107,146.22848766644992,False,True,11.874068106609139,0.07510358101771115,False,0.0,2,2,0,True
115,99,0.010000000000000009,101.54317144273865,121.5807245814158,101.39730656072258,131.3254945940053,10.165243699094955,0.1946158264596676,0.0,95.96170423234094,3.336594320696119,169.43253954999332,127.12552908166926,1.118404883706964,0.0836841070588564,0.12502976027435705,-0.2775902572415905,0.20136339176929274,0.668168237122875,99.0,0.0,0.0,0.0,0.0,8.773709259986996,99.29829855303706,169.43253954999332,False,False,0.0,0.0,False,0.0,0,0,0,True
116,100,0.0,102.57621305350233,105.419279581525,102.29392502870411,114.29120560226727,10.267922928378741,0.0,0.0,100.91746135821852,1.3739300630091305,169.3519101846265,124.00017452884838,1.1223921346470194,0.08756635665193872,0.1254627839920396,-0.2941469216999601,0.010030497290192942,0.6222052905164485,92.0,27.0,0.29347826086956524,0.0,0.0,8.773709259986996,102.29139142122764,169.3519101846265,False,False,0.0,0.0,False,0.0,0,0,0,True
117,99,0.010000000000000009,101.18519176049081,100.40345023319489,101.39730656072258,109.26491403815173,10.165243699094955,0.1946158264596676,0.0,102.32721101454419,1.388053208231318,168.15306675124836,124.99403085637606,1.1264769811726583,0.09154556663249455,0.12597036394705177,-0.28053267587165026,0.04960133814991069,0.6015708332741517,92.0,36.0,0.391304347826087,0.0,0.0,8.773709259986996,103.7152642227755,168.15306675124836,False,False,0.0,0.0,False,0.0,0,0,0,True
118,100,0.0,101.8778445683316,99.06108982810986,102.60244483829948,108.18368263524052,10.267922928378741,0.0,0.0,102.10655831740127,1.6048972990689758,165.42240338778075,128.53538586656572,1.1303056919005445,0.09527171761343547,0.12652969711803153,-0.2542758784063547,0.051691219200067626,0.5891173502828769,94.0,40.0,0.425531914893617,0.0,0.0,8.773709259986996,103.71145561647025,165.42240338778075,False,False,0.0,0.0,False,0.0,0,0,0,True
119,99,0.010000000000000009,100.66211775359294,97.05620103356316,101.562032385251,106.31922131333585,10.165243699094953,0.1946158264596676,0.0,101.13716670003389,1.9593073851370775,163.17369267767663,133.04121721825354,1.133734710679786,0.09859534586988539,0.12722764592566752,-0.220693005094534,0.060016855884315656,0.5689395906536586,95.0,43.0,0.45263157894736844,0.0,0.0,8.773709259986996,103.09647408517097,163.17369267767663,False,False,0.0,0.0,False,0.0,0,0,0,True
120,100,0.0,100.6465463716903,96.3098034243709,102.7671706628279,105.76872832065169,10.267922928378741,0.0,0.0,90.01000764323385,3.1928488169129925,161.5455524503883,139.49858445671055,1.1366776507760339,0.10143599259485922,0.1280452832406006,-0.1784304465844332,0.054664988602900665,0.5498566432309341,96.0,47.0,0.4895833333333333,0.0,0.0,2.9661063646231223,93.20285646014685,161.5455524503883,False,False,0.0,0.0,False,0.0,2,2,0,True
121,98,0.020000000000000018,95.75172854694422,92.3349725910757,100.52161993220251,101.59419058486463,10.062564469811166,0.3892316529193352,0.0,83.86123267331128,1.3042637662988665,160.92170258306743,147.68523179783736,1.1390556890766264,0.10370926908047988,0.12904251859995422,-0.11642569403574839,0.08272439580394911,0.5094182709609425,98.0,98.0,1.0,0.0,0.0,0.06779793755511099,85.16549643961014,160.92170258306743,False,False,0.0,0.0,False,0.0,1,1,0,True
122,98,0.020000000000000018,96.05480875671022,92.9639272854557,100.69539869208967,102.38810888407185,10.062564469811166,0.3892316529193352,0.0,82.80898963405441,0.33245712594611065,161.84573624890746,155.41670320447133,1.1405524779358092,0.1051215858051114,0.13010469208901343,-0.06193803553131284,0.05947322870294196,0.48973896360784186,98.0,98.0,1.0,0.0,0.0,0.06779793755511099,83.14144676000052,161.84573624890746,False,False,0.0,0.0,False,0.0,0,0,0,True
123,100,0.0,98.78750632168017,95.36555589609448,102.64244381081386,105.05763266172372,10.267922928378741,0.0,0.0,76.83375967201397,0.0,150.41646749488922,162.69359111919078,1.1413046476956692,0.10579903859118467,0.13122823631492278,-0.015370730290090426,0.024126150254009503,0.478794488158656,97.0,97.0,1.0,0.0,0.0,9.02498804969335,76.83375967201397,150.41646749488922,False,True,11.960317751400158,0.07365780602971678,False,0.0,1,1,0,True
124,98,0.020000000000000018,100.42253305169805,119.98457040800093,100.26275282617405,132.130975550168,10.062564469811168,0.3892316529193352,0.0,100.89971060020706,2.8252031727073215,175.22805789138368,142.9717735373639,1.141441431940028,0.10587062974214426,0.13234655682912336,-0.17968075595571828,0.235085198140388,0.6226909737279217,102.0,0.0,0.0,0.0,0.0,9.02498804969335,103.72491377291438,175.22805789138368,False,False,0.0,0.0,False,0.0,0,0,0,True
125,100,0.0,102.630668250878,102.57125468242626,102.5083035567994,113.14415343059181,10.267922928378741,0.0,0.0,104.8345107274502,0.9756553576791862,174.04210246902375,142.90882241173708,1.1437406462587691,0.10805381926324471,0.13339593707141853,-0.1809172693290901,0.015912717718914494,0.5589773953039863,91.0,27.0,0.2967032967032967,0.0,0.0,9.02498804969335,105.81016608512938,174.04210246902375,False,False,0.0,0.0,False,0.0,0,0,0,True
126,99,0.010000000000000009,101.15423818349021,98.09586439612663,101.53478099743731,108.38380456844047,10.165243699094955,0.1946158264596676,0.0,95.58549311605279,0.9501405603215842,172.25953370899737,146.34773901304774,1.145976199945358,0.1101755281262861,0.13439310718531824,-0.15335430220381824,0.041965476343114795,0.5311887346585639,95.0,35.0,0.3684210526315789,0.0,0.0,3.053888806393665,96.53563367637437,172.25953370899737,False,False,0.0,0.0,False,0.0,2,2,0,True
127,99,0.010000000000000009,100.65723653223925,94.09379566599901,101.6016708911237,104.09372411845737,10.165243699094953,0.1946158264596676,0.0,87.13169240170562,0.0,169.02452992041484,153.85561423817248,1.1478123022973,0.11190698441783005,0.13532541245239418,-0.09506460275829201,0.0727617894818956,0.49435481761225447,97.0,97.0,1.0,0.0,0.0,0.03867237573615334,87.13169240170562,169.02452992041484,False,False,0.0,0.0,False,0.0,1,1,0,True
128,98,0.020000000000000018,99.94181908434047,94.1721285006157,100.35689410767411,104.23542281154197,10.062564469811166,0.3892316529193352,0.0,84.15933213481398,0.0,167.28007995343165,160.04037984523092,1.1488439112515567,0.1128507935756703,0.13619774799063802,-0.043864354973590314,0.057110316562250595,0.476409328328384,97.0,97.0,1.0,0.0,0.0,0.03867237573615334,84.15933213481398,167.28007995343165,False,False,0.0,0.0,False,0.0,0,0,0,True
129,99,0.010000000000000009,101.26531552067337,96.46381908920765,101.11458951874911,106.76751122662455,10.165243699094953,0.1946158264596676,0.0,82.37882080530139,0.0,166.2136971961654,164.69115027477238,1.14918611386098,0.11313243662347397,0.1369190837180894,-0.004698875604407865,0.02211104834802841,0.4679167137922894,98.0,98.0,1.0,0.0,0.0,0.03867237573615334,82.37882080530139,166.2136971961654,False,False,0.0,0.0,False,0.0,0,0,0,True
130,99,0.010000000000000009,101.56635446708027,97.74743874413181,101.0605825277925,108.14797276201712,10.165243699094953,0.1946158264596676,0.0,81.61263049217088,0.0,165.4443834688172,168.00429405843303,1.148992027285221,0.11291676577136789,0.13734051553503487,0.025118116793219313,0.01094449121427237,0.4590615854108856,96.0,96.0,1.0,0.0,0.0,0.03867237573615334,81.61263049217088,165.4443834688172,False,False,0.0,0.0,False,0.0,0,0,0,True
131,98,0.020000000000000018,100.62564469811166,97.15917051665365,99.99911830174938,107.44017927361111,10.062564469811168,0.3892316529193352,0.0,75.94569927016718,0.0,151.3930156678408,170.8442418435288,1.148387261645262,0.11233148000076369,0.13733637641784743,0.05582256284292707,0.011312665740358784,0.44603583847935757,93.0,93.0,1.0,0.0,0.0,9.08358094007045,75.94569927016718,151.3930156678408,False,True,12.053132199586793,0.07374375203607232,False,0.0,1,1,0,True
132,97,0.030000000000000027,99.59811491521606,125.12150549284301,99.14871631656902,138.2710291281833,9.95988524052738,0.5838474793790028,0.0,101.87049675325378,0.40726145866546637,180.54262222488774,144.87145266725483,1.1473587766653903,0.11137317359190357,0.1367372138753736,-0.1512518932664542,0.278634653216804,0.603407712365027,100.0,0.0,0.0,0.0,0.0,6.094850114610999,102.27775821191923,180.54262222488774,False,False,0.0,0.0,False,0.0,1,1,0,True
133,100,0.0,102.67922928378741,93.95570929627664,102.45561133970433,104.02469939509974,10.267922928378741,0.0,0.0,91.68129112835955,0.0,171.6999668435064,153.37135471068254,1.1490211443936384,0.11304058013350456,0.1360800785255255,-0.08080100377002372,0.09556038737220966,0.468870152984478,90.0,90.0,1.0,0.0,0.0,3.099958550845899,91.68129112835955,171.6999668435064,False,False,0.0,0.0,False,0.0,1,1,0,True
134,99,0.010000000000000009,99.68161428053759,91.70386003731632,101.55899287172281,101.63724623024144,10.165243699094953,0.1946158264596676,0.0,86.62924454223494,0.0,166.05733582621,163.22648754508904,1.14972223091211,0.11378171242402338,0.1352551275260537,0.00018754657718011034,0.09754187070497973,0.4389085931141784,92.0,92.0,1.0,0.0,0.0,3.099958550845899,86.62924454223494,166.05733582621,False,False,0.0,0.0,False,0.0,0,0,0,True
135,98,0.020000000000000018,99.31044159283597,91.73925445935171,100.37218689293108,101.68650673593568,10.062564469811166,0.3892316529193352,0.0,76.73753286580498,0.0,160.8351380023094,171.85941997866843,1.1493639911737277,0.1134911519341528,0.13427991150136004,0.0721267784572471,0.07664562791722343,0.4215840919246493,91.0,91.0,1.0,0.0,0.0,0.10989358099792446,76.73753286580498,160.8351380023094,False,False,0.0,0.0,False,0.0,1,1,0,True
136,97,0.030000000000000027,98.54655099625343,92.10574382606832,99.4708174303223,102.01959885860302,9.95988524052738,0.5838474793790028,0.0,72.47263418016307,0.0,158.0285536732095,179.2244935829224,1.148078597500073,0.11230401895501434,0.13319176944278552,0.12929453832696258,0.056355841819382316,0.4095104671152988,93.0,93.0,1.0,0.0,0.0,0.10989358099792446,72.47263418016307,158.0285536732095,False,False,0.0,0.0,False,0.0,0,0,0,True
137,95,0.050000000000000044,97.0609747562665,92.16880091551832,97.2801979908266,101.94527032842333,9.754526781959806,0.973079132298338,0.0,69.27917075431003,0.0,156.69888810339074,184.33589065823068,1.14609307047455,0.11042440612875074,0.1322429902932472,0.1725569560341404,0.04331047074540757,0.400887774153754,92.0,92.0,1.0,0.0,0.0,0.10989358099792446,69.27917075431003,156.69888810339074,False,False,0.0,0.0,False,0.0,0,0,0,True
138,95,0.050000000000000044,97.05214682527163,93.87069034960186,97.2801979908266,103.63121002859958,9.754526781959806,0.973079132298338,0.0,67.66371103477745,0.0,157.1116807335699,187.74539829945542,1.1435920895766147,0.10804127039233491,0.13134371900191352,0.1979888420740792,0.015788798557218174,0.4013150241256396,92.0,92.0,1.0,0.0,0.0,0.10989358099792446,67.66371103477745,157.1116807335699,False,False,0.0,0.0,False,0.0,0,0,0,True
139,95,0.050000000000000044,97.21459264370235,94.84804945570762,97.2801979908266,104.48345748671888,9.754526781959806,0.973079132298338,0.0,66.67898623265195,0.0,158.03988130621974,190.17754683457437,1.1408179976874666,0.10538886799772562,0.1305267413494487,0.2133015717923703,0.007519407148766417,0.4011268699658543,93.0,93.0,1.0,0.0,0.0,0.10989358099792446,66.67898623265195,158.03988130621974,False,False,0.0,0.0,False,0.0,0,0,0,True
140,95,0.050000000000000044,97.29921684189837,95.49918756834597,97.2801979908266,104.95640841599793,9.754526781959806,0.973079132298338,0.0,66.04658326114212,0.0,159.05905408203535,191.95855725705496,1.137908067619888,0.10259979881463435,0.1298125453280168,0.22222663293919415,0.00882161921828362,0.4011103675250415,93.0,93.0,1.0,0.0,0.0,0.10989358099792446,66.04658326114212,159.05905408203535,False,False,0.0,0.0,False,0.0,0,0,0,True
141,95,0.050000000000000044,97.34928080563297,95.83497337948779,97.2801979908266,105.07184034431668,9.754526781959806,0.973079132298338,0.0,65.45642544264986,0.0,159.96984287249467,193.4037818683938,1.1349482599381044,0.09975706935538745,0.12921478523818009,0.22813408967677126,0.010254432230421882,0.4007439391725683,93.0,93.0,1.0,0.0,0.0,0.10989358099792446,65.45642544264986,159.96984287249467,False,False,0.0,0.0,False,0.0,0,0,0,True
142,96,0.040000000000000036,98.39335417352733,96.938731525138,98.1662746681784,106.02048098513463,9.857206011243592,0.7784633058386704,0.0,64.84119330970299,0.0,160.70569221590418,194.63132501143423,1.1319790062219703,0.09689966480455921,0.1287410395890406,0.23353193517318135,0.018189581966394277,0.401295901298737,94.0,94.0,1.0,0.0,0.0,0.10989358099792446,64.84119330970299,160.70569221590418,False,False,0.0,0.0,False,0.0,0,0,0,True
143,95,0.050000000000000044,97.46518167123254,96.49396456434624,97.2801979908266,105.28373893692549,9.754526781959806,0.973079132298338,0.0,64.30296004657617,0.0,161.38728023260677,195.41755843791458,1.1290797535394714,0.09411067121405406,0.12817738667605633,0.23448637588430926,0.010794657281126132,0.3994690631829337,94.0,94.0,1.0,0.0,0.0,0.10989358099792446,64.30296004657617,161.38728023260677,False,False,0.0,0.0,False,0.0,0,0,0,True
144,96,0.040000000000000036,98.41778407318294,97.51747650618331,98.1662746681784,106.15671442309558,9.857206011243592,0.7784633058386704,0.0,63.757356819297655,0.0,162.33295248949182,196.06635659990968,1.1263438514785353,0.09146362576172325,0.12776585299084245,0.23584468685140397,0.018327555320246148,0.4007004509059051,94.0,94.0,1.0,0.0,0.0,0.10989358099792446,63.757356819297655,162.33295248949182,False,False,0.0,0.0,False,0.0,0,0,0,True
145,95,0.050000000000000044,97.45968725417355,97.09296396215208,97.2801979908266,105.46393265138644,9.754526781959806,0.973079132298338,0.0,63.365182925547614,0.0,163.19581526726492,196.25359062858422,1.123699429353837,0.08890853694269947,0.12726602071343912,0.23267424623152394,0.010426096282688336,0.3999580615172943,94.0,94.0,1.0,0.0,0.0,0.10989358099792446,63.365182925547614,163.19581526726492,False,False,0.0,0.0,False,0.0,0,0,0,True
146,96,0.040000000000000036,98.39805993445933,98.02319279646414,98.1662746681784,106.25011844382874,9.857206011243592,0.7784633058386704,0.0,62.89841952475163,0.0,164.20961571551774,196.39667250029845,1.1212070230709803,0.08649061941288516,0.12691804048525107,0.23089067133044155,0.01751459487874864,0.40173631033112756,94.0,94.0,1.0,0.0,0.0,0.10989358099792446,62.89841952475163,164.20961571551774,False,False,0.0,0.0,False,0.0,0,0,0,True
147,95,0.050000000000000044,97.42103505827227,97.48359237459591,97.2801979908266,105.45484315853597,9.754526781959806,0.973079132298338,0.0,62.50440265428163,0.0,165.0927345903329,196.19327811652911,1.1188092524488529,0.08417129238893187,0.12647793968273247,0.22561601569464368,0.009845257896267376,0.40129571155642063,94.0,94.0,1.0,0.0,0.0,0.10989358099792446,62.50440265428163,165.0927345903329,False,False,0.0,0.0,False,0.0,0,0,0,True
148,96,0.040000000000000036,98.34496266726813,98.4934838965251,98.1662746681784,106.34400630069659,9.857206011243592,0.7784633058386704,0.0,62.15315131225348,0.0,166.28995624861454,195.8660688881825,1.1165696555490263,0.08199706427806538,0.12618936372413023,0.22100122277755868,0.016854759676763614,0.4041897612900508,94.0,94.0,1.0,0.0,0.0,0.10989358099792446,62.15315131225348,166.28995624861454,False,False,0.0,0.0,False,0.0,0,0,0,True
149,95,0.050000000000000044,97.3756130509526,97.87871521080842,97.2801979908266,105.49311610932982,9.754526781959806,0.973079132298338,0.0,61.81557984981504,0.0,167.22783874468715,195.26755166820067,1.1144477171410467,0.07994490882025714,0.12580466586583022,0.21353753998478164,0.009606982211290228,0.4042260390605385,94.0,94.0,1.0,0.0,0.0,0.10989358099792446,61.81557984981504,167.22783874468715,False,False,0.0,0.0,False,0.0,0,0,0,True
150,96,0.040000000000000036,98.29521791218424,98.87207572813799,98.1662746681784,106.38590288238626,9.857206011243592,0.7784633058386704,0.0,61.53078413129218,0.0,168.5098184820513,194.56175060824106,1.1125040517186973,0.07805788200470172,0.12557074420979553,0.2069158423294541,0.015617751150559373,0.40784308447247686,94.0,94.0,1.0,0.0,0.0,0.10989358099792446,61.53078413129218,168.5098184820513,False,False,0.0,0.0,False,0.0,0,0,0,True
151,95,0.050000000000000044,97.32779671988776,98.3440533512056,97.2801979908266,105.65776345292576,9.754526781959806,0.973079132298338,0.0,61.38292047471104,0.0,169.64356431563147,193.49789524786203,1.110698102011208,0.07631259296220838,0.1252366035185652,0.19656834383465294,0.009285738440822108,0.40906273819074357,93.0,93.0,1.0,0.0,0.0,0.10989358099792446,61.38292047471104,169.64356431563147,False,False,0.0,0.0,False,0.0,0,0,0,True
152,96,0.040000000000000036,98.26241339698095,99.2759994788597,98.1662746681784,106.51169171851961,9.857206011243592,0.7784633058386704,0.0,61.240898603737364,0.0,170.9928521513195,192.38817043718075,1.1091013409950814,0.07476258638839121,0.12505314925655683,0.18771269962524698,0.015093104306977193,0.41337931568488484,94.0,94.0,1.0,0.0,0.0,0.10989358099792446,61.240898603737364,170.9928521513195,False,False,0.0,0.0,False,0.0,0,0,0,True
153,95,0.050000000000000044,97.29483903310138,98.58856529678249,97.2801979908266,105.64702377006837,9.754526781959806,0.973079132298338,0.0,61.10465374657242,0.0,172.07198816698968,191.07980313122488,1.1076652897489312,0.0733766210530196,0.1247672038500465,0.17646123602248515,0.007694954814545615,0.41465528625246434,94.0,94.0,1.0,0.0,0.0,0.10989358099792446,61.10465374657242,172.07198816698968,False,False,0.0,0.0,False,0.0,0,0,0,True
154,96,0.040000000000000036,98.22143523462513,99.49121765469792,98.1662746681784,106.50085190806816,9.857206011243592,0.7784633058386704,0.0,60.982595845961754,0.0,173.44331773568095,189.7548601447054,1.1064456723724287,0.07219275540234542,0.12463149661866091,0.16690149303348045,0.013219309615859015,0.4195196192889566,94.0,94.0,1.0,0.0,0.0,0.10989358099792446,60.982595845961754,173.44331773568095,False,False,0.0,0.0,False,0.0,0,0,0,True
155,95,0.050000000000000044,97.25835369189265,98.84297390635433,97.2801979908266,105.71380665796187,9.754526781959806,0.973079132298338,0.0,60.94017478726819,0.0,174.61184066969335,188.19208422917765,1.1053909113858416,0.07117672406587576,0.12439241205278151,0.154416905137898,0.006332232113111969,0.4215693427801054,93.0,93.0,1.0,0.0,0.0,0.10989358099792446,60.94017478726819,174.61184066969335,False,False,0.0,0.0,False,0.0,0,0,0,True
156,96,0.040000000000000036,98.19745322308623,99.70778293814669,98.1662746681784,106.56056718339786,9.857206011243592,0.7784633058386704,0.0,60.895800261267645,0.0,176.00549333441467,186.65057595920936,1.1045621653171152,0.0703719660840478,0.12430459116464732,0.14394485230873091,0.011696296304714561,0.4269962421509586,93.0,93.0,1.0,0.0,0.0,0.10989358099792446,60.895800261267645,176.00549333441467,False,False,0.0,0.0,False,0.0,0,0,0,True
157,96,0.040000000000000036,98.26544204567556,99.94020224083391,98.26263963921721,106.75085270375705,9.857206011243592,0.7784633058386704,0.0,60.97209994887843,0.0,177.03922038040773,184.97301335759266,1.1039030598089297,0.06973955016183202,0.12411490961656775,0.13007402839047566,0.01129806447440243,0.43159953648385213,93.0,93.0,1.0,0.0,0.0,0.10989358099792446,60.97209994887843,177.03922038040773,False,False,0.0,0.0,False,0.0,0,0,0,True
158,96,0.040000000000000036,98.27447031683734,99.97750334915182,98.1662746681784,106.75138371184015,9.857206011243592,0.7784633058386704,0.0,61.0426921504652,0.0,177.94474884497063,183.16178467661933,1.1034663970481553,0.06931724568608175,0.12403114507871456,0.11857439113300901,0.009279499792137358,0.43497242681939874,93.0,93.0,1.0,0.0,0.0,0.10989358099792446,61.0426921504652,177.94474884497063,False,False,0.0,0.0,False,0.0,0,0,0,True
159,98,0.020000000000000018,100.32222830326182,101.8402237995732,100.09548327278817,108.72121631920865,10.062564469811166,0.3892316529193352,0.0,61.221813259229194,0.0,178.55349690525372,181.41704414983434,1.103203949376812,0.06907157985205722,0.12385015586826767,0.10608298827904687,0.025938922740163954,0.44299187927058997,93.0,93.0,1.0,0.0,0.0,0.10989358099792446,61.221813259229194,178.55349690525372,False,False,0.0,0.0,False,0.0,0,0,0,True
160,97,0.030000000000000027,99.47595867712998,101.12580345983253,99.11304162439755,107.96522374227506,9.95988524052738,0.5838474793790028,0.0,61.40582409924426,0.0,178.54409378559973,179.40428231439935,1.1030938520705338,0.06898909143035974,0.12347150305395142,0.09380490041721394,0.013086320022259504,0.4439209729797903,90.0,90.0,1.0,0.0,0.0,0.10989358099792446,61.40582409924426,178.54409378559973,False,False,0.0,0.0,False,0.0,0,0,0,True
161,98,0.020000000000000018,100.43143998102882,101.82874093842723,100.18912876961751,108.74502611678244,10.062564469811166,0.3892316529193352,0.0,61.51282067154006,0.0,178.45736200295465,177.76467014558966,1.1031439529756626,0.06907416574170391,0.12295565906236747,0.08193607961172866,0.017445695314838992,0.44912168491621907,91.0,91.0,1.0,0.0,0.0,0.10989358099792446,61.51282067154006,178.45736200295465,False,False,0.0,0.0,False,0.0,0,0,0,True
162,98,0.020000000000000018,100.50597031456502,101.85176656207025,100.09548327278817,108.81806584364794,10.062564469811166,0.3892316529193352,0.0,61.6222387971184,0.0,178.18820029662388,176.00838685630762,1.1033437619316007,0.06930969413510132,0.12237024416939708,0.07191085815067316,0.014068401675038316,0.45187046325910146,90.0,90.0,1.0,0.0,0.0,0.10989358099792446,61.6222387971184,178.18820029662388,False,False,0.0,0.0,False,0.0,0,0,0,True
163,98,0.020000000000000018,100.48235336513861,101.76645220337929,100.41182539880378,108.79497047670205,10.062564469811166,0.3892316529193352,0.0,61.73617920538527,0.0,179.4805758066799,174.65376005173212,1.1036591631393526,0.06966934111091123,0.1216356095678938,0.05904271668595014,0.010482195445397559,0.45575584103987754,92.0,92.0,1.0,0.0,0.0,0.10989358099792446,61.73617920538527,179.4805758066799,False,False,0.0,0.0,False,0.0,0,0,0,True
164,98,0.020000000000000018,100.52065521780764,101.72875011738063,100.32964271986042,108.8324570488257,10.062564469811168,0.3892316529193352,0.0,61.85347038340841,0.0,180.35312332610806,173.25465265421195,1.1041459134953713,0.07018680948392234,0.12100686006249269,0.04785456571356634,0.008106305999632964,0.4595100982720718,92.0,92.0,1.0,0.0,0.0,0.10989358099792446,61.85347038340841,180.35312332610806,False,False,0.0,0.0,False,0.0,0,0,0,True
165,99,0.010000000000000009,101.49993722517078,102.47438952029346,101.38534795816588,109.7188862850963,10.165243699094953,0.1946158264596676,0.0,61.974133953397505,0.0,182.69879387774873,172.16561109208433,1.1047740792973344,0.0708371903389747,0.1204393732789487,0.03606068210878871,0.013980165230051928,0.466031138403158,93.0,93.0,1.0,0.0,0.0,0.10989358099792446,61.974133953397505,182.69879387774873,False,False,0.0,0.0,False,0.0,0,0,0,True
166,97,0.030000000000000027,99.54960571265921,100.8150020595182,99.16704861535419,108.03686462525492,9.95988524052738,0.5838474793790028,0.0,62.183646053751104,0.0,183.64351908958662,170.51765764792032,1.1055406543355957,0.0716148567972088,0.11999001251095519,0.027513319221937216,0.008655691163319216,0.4646558598016243,91.0,91.0,1.0,0.0,0.0,0.10989358099792446,62.183646053751104,183.64351908958662,False,False,0.0,0.0,False,0.0,0,0,0,True
167,99,0.010000000000000009,101.36562245346371,102.16230992428851,101.33490748656705,109.58576663545662,10.165243699094955,0.1946158264596676,0.0,62.31757709548517,0.0,185.99998031336986,169.69025521019887,1.1064119595120303,0.07249564143274696,0.11958019193896366,0.018617496119548906,0.009936220010871912,0.47252040370066994,94.0,94.0,1.0,0.0,0.0,0.10989358099792446,62.31757709548517,185.99998031336986,False,False,0.0,0.0,False,0.0,0,0,0,True
168,99,0.010000000000000009,101.53948654595632,102.30994768009869,101.49963331109545,109.85347556149584,10.165243699094955,0.1946158264596676,0.0,62.55024994687193,0.0,188.61693670709195,168.87994084119563,1.1073772389471879,0.0734623452614886,0.11928706995047429,0.00759205945290381,0.009533310393395531,0.477433227305473,92.0,92.0,1.0,0.0,0.0,0.10989358099792446,62.55024994687193,188.61693670709195,False,False,0.0,0.0,False,0.0,0,0,0,True
169,98,0.020000000000000018,100.52195484573357,101.4668135385984,100.14506199424714,109.05817737317656,10.062564469811166,0.3892316529193352,0.0,62.92172702674323,0.0,189.9436875350834,167.55818929684438,1.1084658666790277,0.0745366059453445,0.11917336680712781,0.00021413708398790866,0.0074684270843724115,0.47846949148494156,92.0,92.0,1.0,0.0,0.0,0.10989358099792446,62.92172702674323,189.9436875350834,False,False,0.0,0.0,False,0.0,0,0,0,True
170,98,0.020000000000000018,100.4678223048713,101.39383149884259,100.35689410767411,109.0963326377143,10.062564469811166,0.3892316529193352,0.0,63.39907438222123,0.0,191.85220035404814,166.52125190567588,1.1096208020152374,0.0756790324330802,0.119097637714474,-0.008258114196584,0.007996949463341145,0.4826465221866892,93.0,93.0,1.0,0.0,0.0,0.10989358099792446,63.39907438222123,191.85220035404814,False,False,0.0,0.0,False,0.0,0,0,0,True
171,99,0.010000000000000009,101.44784609156733,102.1263303046294,101.41259934597956,110.00396133923043,10.165243699094953,0.1946158264596676,0.0,63.91341669860299,0.0,194.5513319924139,165.8075209470261,1.1108657696884805,0.07690009372217566,0.11916691869845264,-0.017383948251816397,0.008803373084729517,0.48961367507378606,93.0,93.0,1.0,0.0,0.0,0.10989358099792446,63.91341669860299,194.5513319924139,False,False,0.0,0.0,False,0.0,0,0,0,True
172,98,0.020000000000000018,100.62564469811166,101.33823596089634,100.39653261354681,109.27357212078445,10.062564469811166,0.3892316529193352,0.0,64.44644070379267,0.0,195.820672601012,164.86581759967652,1.1121975356109597,0.07819470710574619,0.11942194146309829,-0.02533768291443682,0.009180388479227404,0.49123689601660925,91.0,91.0,1.0,0.0,0.0,0.10989358099792446,64.44644070379267,195.820672601012,False,False,0.0,0.0,False,0.0,0,0,0,True
173,99,0.010000000000000009,101.65243699094954,102.09252911050942,101.1537322399511,110.20678494877819,10.165243699094955,0.1946158264596676,0.0,64.99731101860696,0.0,197.0641635410439,163.92702072911823,1.1136074042040227,0.07955422548883087,0.11982984744863065,-0.031376693932819576,0.009996009003493747,0.4965265120367902,92.0,92.0,1.0,0.0,0.0,0.10989358099792446,64.99731101860696,197.0641635410439,False,False,0.0,0.0,False,0.0,0,0,0,True
174,99,0.010000000000000009,101.65243699094952,101.97716224032845,101.38534795816588,110.20678494877819,10.165243699094953,0.1946158264596676,0.0,65.56832303271888,0.0,199.26576489201702,163.33520644695565,1.1150410242704258,0.08094127763717962,0.12025816903404088,-0.038104346813889536,0.009660760342524074,0.49961637408518456,91.0,91.0,1.0,0.0,0.0,0.10989358099792446,65.56832303271888,199.26576489201702,False,False,0.0,0.0,False,0.0,0,0,0,True
175,98,0.020000000000000018,100.59841116535071,100.97576296715732,100.20746106840267,109.24658616559407,10.062564469811166,0.3892316529193352,0.0,61.16469662310171,0.0,186.65022553427644,162.566904548201,1.1165181223543135,0.0823633225864886,0.12081129634775464,-0.04165767870655519,0.01148478232318349,0.4985474235624543,91.0,91.0,1.0,0.0,0.0,11.199013532056586,61.16469662310171,186.65022553427644,False,True,14.087564161590366,0.07017893433485597,False,0.0,1,1,0,True
176,99,0.010000000000000009,101.65243699094954,153.7061588248934,101.3700551729089,166.48115444440535,10.165243699094955,0.1946158264596676,0.0,117.86994466657485,0.04915905203906612,241.36285834067638,110.23080089621652,1.1179997140376203,0.08378960447326214,0.1214247925168924,-0.4223712333226387,0.5119986303833006,0.8790511997921324,97.0,0.0,0.0,0.0,0.0,11.199013532056586,117.91910371861393,241.36285834067638,False,False,0.0,0.0,False,0.0,0,0,0,True
177,100,0.0,102.67922928378741,113.38619507161731,102.26667364089042,123.43499652363901,10.267922928378741,0.0,0.0,127.6836214992632,0.0,251.80154360011016,99.11127946548964,1.1237767354220782,0.08942904799599252,0.12234757130870641,-0.4834856950195534,0.010536835086392563,0.8089518140820304,87.0,0.0,0.0,0.0,0.0,8.208676504472349,127.6836214992632,251.80154360011016,False,False,0.0,0.0,False,0.0,1,1,0,True
178,100,0.0,102.67922928378741,92.95714226031315,102.26667364089042,101.7653841431616,10.267922928378741,0.0,0.0,111.1753452127685,0.0,240.61977553110557,108.42081084606691,1.130224365694067,0.09571658894090003,0.12342908800925657,-0.41150256008946134,0.1796398441005697,0.673633105243216,88.0,88.0,1.0,0.0,0.0,2.2116421172170058,111.1753452127685,240.61977553110557,False,False,0.0,0.0,False,0.0,2,2,0,True
179,100,0.0,102.43581258278422,92.57154587581871,102.26667364089042,101.81029003629561,10.267922928378741,0.0,0.0,104.3468498947084,0.0,230.85580157835994,118.11593861113863,1.1356235350295552,0.10098361847315349,0.12456621959481098,-0.33701859685731367,0.14910715519370804,0.6277431345628385,91.0,91.0,1.0,0.0,0.0,2.2116421172170058,104.3468498947084,230.85580157835994,False,False,0.0,0.0,False,0.0,0,0,0,True
180,100,0.0,101.29834969649738,91.40719836051191,102.26667364089042,100.90381778101863,10.267922928378741,0.0,0.0,97.49967210737867,0.0,221.32281825662406,128.97541389151718,1.1401286308989547,0.10536291400992814,0.1257622449373526,-0.2542828907520157,0.13116069216284995,0.578699787390833,91.0,91.0,1.0,0.0,0.0,2.2116421172170058,97.49967210737867,221.32281825662406,False,False,0.0,0.0,False,0.0,0,0,0,True
181,99,0.010000000000000009,101.09832537359235,91.31451372751077,101.3700551729089,101.0805242894989,10.165243699094955,0.1946158264596676,0.0,85.64351639219453,0.0,200.45760894477172,139.0309553369153,1.1436429020646413,0.10876127656936915,0.12698340115163576,-0.1772016736062679,0.10622896920024734,0.540547070400241,94.0,94.0,1.0,0.0,0.0,12.027456536686298,85.64351639219453,200.45760894477172,False,True,12.84186399962649,0.060205793396282986,False,0.0,1,1,0,True
182,99,0.010000000000000009,101.65243699094952,137.9418422340533,101.6016708911237,152.97486682154678,10.165243699094953,0.1946158264596676,0.0,124.75857832903479,1.2038875406806118,242.81868261695462,102.6907839939857,1.146166276745015,0.1111805170961119,0.12820118455155993,-0.45060217530810487,0.3822811540508902,0.8879037425276473,99.0,0.0,0.0,0.0,0.0,9.040099915771899,125.9624658697154,242.81868261695462,False,False,0.0,0.0,False,0.0,1,1,0,True
183,100,0.0,102.6792292837874,91.34717508230517,102.49828935910523,101.7653841431616,10.267922928378741,0.0,0.0,113.13523051269785,0.0,230.4330270072694,113.84189827078575,1.1517818226057088,0.11661887914664029,0.12967536494114953,-0.3700956127477988,0.15688568547564286,0.6428904920247597,91.0,91.0,1.0,0.0,0.0,6.038192348986602,113.13523051269785,230.4330270072694,False,False,0.0,0.0,False,0.0,1,1,0,True
184,100,0.0,102.21355884557165,90.76146640914072,102.49828935910523,101.45922790097961,10.267922928378741,0.0,0.0,106.24958689385201,0.0,220.5402446564203,125.57872122075025,1.1562351885218949,0.12091506996142384,0.13123189842186445,-0.2847683062614588,0.13238075253734044,0.5882023491137687,94.0,94.0,1.0,0.0,0.0,6.038192348986602,106.24958689385201,220.5402446564203,False,False,0.0,0.0,False,0.0,0,0,0,True
185,100,0.0,101.51803515445253,90.06019907745078,102.49828935910523,100.91660195833754,10.267922928378741,0.0,0.0,99.26507838623128,0.0,213.96809169803564,138.01681150240472,1.159636076392406,0.12416284816074583,0.13281818285318298,-0.19364263350026106,0.11348552589925451,0.5388197564013482,97.0,97.0,1.0,0.0,0.0,6.038192348986602,99.26507838623128,213.96809169803564,False,False,0.0,0.0,False,0.0,0,0,0,True
186,100,0.0,99.4820973601608,88.50557970730276,102.49828935910523,99.30918856834316,10.267922928378741,0.0,0.0,92.45371680781284,0.0,208.55854221274484,152.0095211542072,1.161944876354435,0.1263232544222112,0.13438693601404944,-0.08937678180002903,0.10686566055616539,0.4886959969457485,100.0,100.0,1.0,0.0,0.0,6.038192348986602,92.45371680781284,208.55854221274484,False,False,0.0,0.0,False,0.0,0,0,0,True
187,96,0.040000000000000036,97.92878339789219,88.68564260376552,98.1662746681784,99.53250916169821,9.857206011243592,0.7784633058386704,0.0,76.81445834617993,0.0,204.0297838140903,161.49015321862007,1.1630206232987854,0.1272603483501311,0.13588971967355365,-0.008310634772912457,0.08400546226377097,0.45843803889178136,98.0,98.0,1.0,0.0,0.0,0.04554929826560139,76.81445834617993,204.0297838140903,False,False,0.0,0.0,False,0.0,2,2,0,True
188,99,0.010000000000000009,101.20951749421782,92.71138854651412,100.7331288443685,103.98926870044252,10.165243699094955,0.1946158264596676,0.0,67.00004664520932,0.0,187.14060260501,169.51189351647443,1.1630731771514866,0.12720587777527512,0.13707080114977122,0.0625134882118759,0.024915700330691588,0.44486538547560117,102.0,102.0,1.0,0.0,0.0,11.228436156300598,67.00004664520932,187.14060260501,False,True,14.208628185072902,0.07056708450943197,False,0.0,1,1,0,True
189,97,0.030000000000000027,99.59885240527379,142.4732891731234,98.82965471634395,159.62919547517564,9.95988524052738,0.5838474793790028,0.0,108.93051608148765,0.0267077744275821,237.23776820881204,125.86825905969505,1.162150521439617,0.12625198751036487,0.13747124757030588,-0.2852760979645867,0.506220514127264,0.7370217217454493,104.0,0.0,0.0,0.0,0.0,5.2249013480402935,108.95722385591523,237.23776820881204,False,False,0.0,0.0,False,0.0,2,2,0,True
190,100,0.0,102.67922928378741,90.67502076858811,102.13654973947926,101.87833129537375,10.267922928378741,0.0,0.0,101.84456670495547,0.0,226.14223951759206,137.32978803058623,1.1652514192338463,0.12928293806964186,0.13753304533893734,-0.18706157317948607,0.13850808857410976,0.5030898282984857,97.0,97.0,1.0,0.0,0.0,5.2249013480402935,101.84456670495547,226.14223951759206,False,False,0.0,0.0,False,0.0,0,0,0,True
191,100,0.0,102.67922928378741,90.51532308883966,102.13654973947926,101.87833129537375,10.267922928378741,0.0,0.0,94.49953082885682,0.0,215.15516295742046,148.95101468122581,1.166996156045359,0.13101769692875112,0.1371098000947286,-0.08792202101141482,0.11233643672842253,0.4702313027460903,98.0,98.0,1.0,0.0,0.0,5.2249013480402935,94.49953082885682,215.15516295742046,False,False,0.0,0.0,False,0.0,0,0,0,True
192,97,0.030000000000000027,98.58374921457018,87.51507455667513,99.06289313615993,98.57468112076019,9.95988524052738,0.5838474793790028,0.0,82.3735736961341,0.0,206.31568114520474,160.49883326071063,1.1674015562454845,0.13147223650160186,0.1362088746384272,0.013794076415450529,0.11927343109039523,0.4315550530630524,99.0,99.0,1.0,0.0,0.0,2.2078722841039,82.3735736961341,206.31568114520474,False,False,0.0,0.0,False,0.0,1,1,0,True
193,97,0.030000000000000027,98.26365684108599,87.50549673235821,99.46598005694679,98.5397436415961,9.959885240527377,0.5838474793790028,0.0,70.11827073160181,0.0,187.23216416953233,172.45931658529923,1.1665827089977707,0.13074146831743017,0.13501920240484608,0.10650357343700245,0.09478124446314697,0.40844376062643395,102.0,102.0,1.0,0.0,0.0,11.23392985017194,70.11827073160181,187.23216416953233,False,True,12.025767232307658,0.060352765622440914,False,0.0,1,1,0,True
194,93,0.06999999999999995,95.49168323392229,137.36492361480404,95.10671397820629,154.49349900088288,9.549168323392227,1.3623107852176732,0.0,120.77237074108024,0.3777121728869324,237.0625237859876,130.20110694870147,1.1647760961164102,0.12901832536550759,0.1339845960869472,-0.24078647019651472,0.45226083648966,0.6953413087719087,106.0,0.0,0.0,0.0,0.0,11.23392985017194,121.15008291396717,237.0625237859876,False,False,0.0,0.0,False,0.0,0,0,0,True
195,100,0.0,102.67922928378741,107.00154085543468,102.73998463806394,120.63957959468146,10.26792292837874,0.0,0.0,132.88064829651287,0.0,244.377238995616,125.93955073133074,1.1672177454988542,0.13143884999030175,0.13340812740582866,-0.2795788903707093,0.028086201002591526,0.6087445351617153,98.0,14.0,0.14285714285714285,0.0,0.0,11.23392985017194,132.88064829651287,244.377238995616,False,False,0.0,0.0,False,0.0,0,0,0,True
196,100,0.0,102.48719710776763,95.20647898572047,102.73998463806394,107.62586817041836,10.26792292837874,0.0,0.0,132.60996656695852,0.0,239.84733290573058,133.47305638367425,1.1701348912722516,0.13428937358111037,0.13330279074385307,-0.2297224226197765,0.09075591957967931,0.5479637242397334,100.0,43.0,0.43,0.0,0.0,11.23392985017194,132.60996656695852,239.84733290573058,False,False,0.0,0.0,False,0.0,0,0,0,True
197,97,0.030000000000000027,98.85503803355171,91.41754985189925,99.45402145439009,103.53296395442372,9.959885240527377,0.5838474793790028,0.0,131.5928328559986,0.6013935277337066,236.25793167862798,141.50952798616512,1.1723780762043627,0.13645471819898164,0.13358652936999685,-0.16755466362800986,0.10897947868713423,0.515623939555651,102.0,44.0,0.43137254901960786,0.0,0.0,11.23392985017194,132.1942263837323,236.25793167862798,False,False,0.0,0.0,False,0.0,0,0,0,True
198,98,0.020000000000000018,99.56784644631105,91.46992775927558,100.21079256529204,103.69418929571731,10.062564469811164,0.3892316529193352,0.0,130.0788627899355,1.1003091174996875,232.3496537650683,150.25039279218157,1.1737977717625334,0.13780595353121125,0.13408212665362196,-0.09916787895875297,0.08649822617906164,0.494093666597621,104.0,45.0,0.4326923076923077,0.0,0.0,11.23392985017194,131.17917190743518,232.3496537650683,False,False,0.0,0.0,False,0.0,0,0,0,True
199,100,0.0,101.24864843694482,93.80978804192084,102.59048354993186,106.36260010893928,10.26792292837874,0.0,0.0,129.68101882673196,1.956182983192119,229.56172184515128,159.0310883001926,1.1743179013157472,0.1382808129554613,0.1346846133969207,-0.04199553067203403,0.04503055237721594,0.4865967517761189,102.0,43.0,0.4215686274509804,0.0,0.0,11.23392985017194,131.63720180992408,229.56172184515128,False,False,0.0,0.0,False,0.0,0,0,0,True
200,98,0.020000000000000018,99.46264614762215,93.40860922865336,100.61618704339399,105.84329907972484,10.062564469811166,0.3892316529193352,0.0,130.35145639581123,2.4931696493137863,228.4357484131299,166.23866611493324,1.174130607414385,0.13804530537567425,0.13556100616363695,0.004570534732231901,0.03998057970619919,0.4734128805111742,104.0,40.0,0.38461538461538464,0.0,0.0,11.23392985017194,132.844626045125,228.4357484131299,False,False,0.0,0.0,False,0.0,0,0,0,True
201,98,0.020000000000000018,99.27941757442545,92.80845884096166,100.30231734993878,105.03160151654737,10.062564469811166,0.3892316529193352,0.0,130.41793846120763,3.0174017146070007,226.68898246652049,173.7325246239104,1.1733828680903018,0.13724170882333236,0.13671109222781427,0.058705846203153444,0.03826851116852091,0.45427391558244246,102.0,42.0,0.4117647058823529,0.0,0.0,11.23392985017194,133.43534017581462,226.68898246652049,False,False,0.0,0.0,False,0.0,0,0,0,True
202,97,0.030000000000000027,98.70632418450526,93.39231666254747,98.96481936983291,105.49502408429863,9.959885240527377,0.5838474793790028,0.0,131.4314306983702,2.951950030172034,225.08954777864489,179.30502733119584,1.1719646102502332,0.1357869750406904,0.13788751371631727,0.10638439374040712,0.02480273280661322,0.43723940001084766,99.0,37.0,0.37373737373737376,0.0,0.0,11.23392985017194,134.38338072854225,225.08954777864489,False,False,0.0,0.0,False,0.0,0,0,0,True
203,98,0.020000000000000018,100.19824961561059,94.85044091125746,100.04147628183156,106.90206370232454,10.062564469811166,0.3892316529193352,0.0,132.4890304557294,2.8669913378679013,223.02298302993276,184.49606270176986,1.1699345578752993,0.1337644374801554,0.1386798336156567,0.1525879247391234,0.012750206169554726,0.42073310685606913,99.0,34.0,0.3434343434343434,0.0,0.0,11.23392985017194,135.35602179359728,223.02298302993276,False,False,0.0,0.0,False,0.0,0,0,0,True
204,97,0.030000000000000027,99.30401693748544,93.77082383643794,99.23242159781212,105.42569772599164,9.95988524052738,0.5838474793790028,0.0,132.9112297753196,2.7430001142304947,220.53199408239476,189.95766046314407,1.167324188336919,0.13120249323779018,0.13880028320596474,0.19881612870340068,0.01671641300044998,0.4015790989819633,95.0,35.0,0.3684210526315789,0.0,0.0,11.23392985017194,135.6542298895501,220.53199408239476,False,False,0.0,0.0,False,0.0,0,0,0,True
205,94,0.06000000000000005,96.1488273953995,91.39845484910322,96.32077134481172,102.47433234469752,9.651847552676017,1.1676949587580057,0.0,133.27688051262288,2.7231067291105715,218.7762886991854,194.87997695885258,1.164163695278139,0.1281120937838927,0.13850271692487362,0.24137775334436534,0.03692561249625085,0.38460152292468347,92.0,36.0,0.391304347826087,0.0,0.0,11.23392985017194,135.99998724173346,218.7762886991854,False,False,0.0,0.0,False,0.0,0,0,0,True
206,93,0.06999999999999995,94.6166241505747,89.73290848300621,95.33832969642108,100.2915130423306,9.549168323392228,1.3623107852176732,0.0,132.91334803444028,2.876742746484715,216.68916928933456,200.48539817226742,1.1605621499622525,0.12458665417567731,0.13809101833742243,0.2896987110518944,0.0466821294876754,0.37042862301543455,88.0,38.0,0.4318181818181818,0.0,0.0,11.23392985017194,135.790090780925,216.68916928933456,False,False,0.0,0.0,False,0.0,0,0,0,True
207,91,0.08999999999999997,92.84342390678808,89.54043625005721,93.0927789657957,99.71817694198491,9.343809864824655,1.7515424381370084,0.0,133.55251451689972,3.1714006819141267,215.88895984624108,204.037740888006,1.1565000952975526,0.12060211772337245,0.137655332774424,0.3271005778383957,0.0388071022722025,0.3635085381298743,85.0,35.0,0.4117647058823529,0.0,0.0,11.23392985017194,136.72391519881384,215.88895984624108,False,False,0.0,0.0,False,0.0,0,0,0,True
208,90,0.09999999999999998,91.7559201390243,88.31276343345257,91.9029334734758,97.97478692268807,9.241130635540868,1.946158264596676,0.0,133.46722825926668,3.515809688025464,214.51314953095707,207.62791092802922,1.1521045453312087,0.11629758831049024,0.13705693447406062,0.3694063633191258,0.04372586441178107,0.3529320537091202,85.0,37.0,0.43529411764705883,0.0,0.0,11.23392985017194,136.98303794729213,214.51314953095707,False,False,0.0,0.0,False,0.0,0,0,0,True
209,89,0.10999999999999999,90.62643574453402,87.66889489001294,90.92941091411369,96.86446688755223,9.138451406257081,2.1407740910563438,0.0,133.30605140707846,3.982033049495367,213.25694809958162,210.88842695213,1.1473210929310849,0.11163080811236822,0.13621223198665378,0.4086951137300428,0.04123798434585289,0.3452474142101525,83.0,38.0,0.4578313253012048,0.0,0.0,11.23392985017194,137.2880844565738,213.25694809958162,False,False,0.0,0.0,False,0.0,0,0,0,True
210,89,0.10999999999999999,90.54371320541475,87.54817976880942,90.92941091411369,96.31608989771516,9.138451406257081,2.1407740910563438,0.0,132.6733269282231,4.536851876738763,211.78143716534822,214.26965809743433,1.1422091332885138,0.10665693465386775,0.13514643425823775,0.44680702432387276,0.03345156918829118,0.3395224581318041,83.0,40.0,0.4819277108433735,0.0,0.0,11.23392985017194,137.21017880496186,211.78143716534822,False,False,0.0,0.0,False,0.0,0,0,0,True
211,88,0.12,89.4620717698734,86.93225336348007,90.04333423676188,95.2086491990136,9.035772176973293,2.3353899175160113,0.0,131.89973202205925,5.175585668023583,210.7560577919318,217.38073897071612,1.1367971696718695,0.10140338172940992,0.13388039111780675,0.4797876700945361,0.032718618730958014,0.33354430384598766,84.0,41.0,0.4880952380952381,0.0,0.0,11.23392985017194,137.07531769008284,210.7560577919318,False,False,0.0,0.0,False,0.0,0,0,0,True
212,87,0.13,88.26294890498792,86.50496477940246,89.10495936374164,94.29581631282295,8.933092947689506,2.530005743975679,0.0,131.29220522670872,5.928037452351256,210.96822319050207,219.9807335550554,1.1311900974245117,0.09595570031286837,0.13262463046560846,0.5069537376648272,0.030084374795422586,0.32937148404942357,85.0,42.0,0.49411764705882355,0.0,0.0,11.23392985017194,137.22024267905996,210.96822319050207,False,False,0.0,0.0,False,0.0,0,0,0,True
213,86,0.14,87.51904784915175,86.48184309550295,88.20834089576013,93.81279832655893,8.830413718405717,2.7246215704353465,0.0,125.71618434253871,6.177303036583791,211.34725084685212,221.7072313553125,1.1254898667156248,0.09040544525431857,0.13146989759874442,0.5257542353332021,0.02354122602508727,0.3275879124056467,85.0,42.0,0.49411764705882355,0.0,0.0,8.164793465628192,131.8934873791225,211.34725084685212,False,False,0.0,0.0,False,0.0,1,1,0,True
214,86,0.14,86.13007302546427,85.62501127259745,88.20834089576013,92.41958650969057,8.830413718405717,2.7246215704353465,0.0,125.04727541354289,5.296538606614997,212.68763020923427,224.2905609784752,1.1197327102034584,0.0847876412034928,0.1304341588403411,0.552085114700881,0.027932895086540815,0.3222873066132742,88.0,88.0,1.0,0.0,0.0,8.164793465628192,130.34381402015788,212.68763020923427,False,False,0.0,0.0,False,0.0,0,0,0,True
215,86,0.14,86.80327467029014,86.81121238196616,88.20834089576013,93.21218061073651,8.830413718405717,2.7246215704353465,0.0,124.47330134676905,4.415161427325006,213.96594704288648,225.68768949226921,1.1138451910167553,0.07902991902237302,0.12952547527622016,0.563453234479501,0.01107758587729306,0.32502011761704763,85.0,85.0,1.0,0.0,0.0,8.164793465628192,128.88846277409405,213.96594704288648,False,False,0.0,0.0,False,0.0,0,0,0,True
216,86,0.14,86.83983526198014,87.37715800618722,88.20834089576013,93.3271903732354,8.830413718405717,2.7246215704353465,0.0,123.95678999946223,3.539631148242385,214.94122656698997,226.51887238184213,1.1080135937682827,0.07331533715614666,0.1287677372089294,0.5680225868327244,0.010571815043667854,0.3265910137343958,85.0,85.0,1.0,0.0,0.0,8.164793465628192,127.49642114770461,214.94122656698997,False,False,0.0,0.0,False,0.0,0,0,0,True
217,86,0.14,86.81802753613758,87.85172001297752,88.20834089576013,93.34458307452536,8.830413718405717,2.7246215704353465,0.0,118.44685573672012,2.6707494105890603,215.88880664572508,226.87549326462474,1.1023262904442417,0.06773112323508812,0.12817202678898135,0.5674931723918035,0.014929559576850365,0.32854639880822145,84.0,84.0,1.0,0.0,0.0,5.156550710977179,121.11760514730918,215.88880664572508,False,False,0.0,0.0,False,0.0,1,1,0,True
218,86,0.14,86.78878502741574,88.47475234139512,88.20834089576013,93.5254258488721,8.830413718405717,2.7246215704353465,0.0,117.95928267473636,1.8068014000328843,217.01767355586276,226.60908181898975,1.096849720406001,0.06234322549116118,0.12774299877271983,0.5607647403632063,0.019737521434381247,0.33181844422008494,84.0,84.0,1.0,0.0,0.0,5.156550710977179,119.76608407476924,217.01767355586276,False,False,0.0,0.0,False,0.0,0,0,0,True
219,86,0.14,86.77482338731559,89.16665275840126,88.20834089576013,93.79092507444481,8.830413718405717,2.7246215704353465,0.0,117.73334314277848,0.9467307397909943,218.31287304085726,225.65076995634863,1.0916606671544646,0.057227987497390796,0.12748054773319978,0.5476880456955231,0.023901374817095884,0.33626476041632686,84.0,84.0,1.0,0.0,0.0,5.156550710977179,118.68007388256947,218.31287304085726,False,False,0.0,0.0,False,0.0,0,0,0,True
220,86,0.14,86.77024884384915,89.69715586943228,88.20834089576013,93.9366144018865,8.830413718405717,2.7246215704353465,0.0,117.64940636111697,0.09097480962471349,219.60059183596934,224.1619549826765,1.0870306055457468,0.05266927317570018,0.12716601489567753,0.5304111106034097,0.025437890760405153,0.341059760149487,84.0,84.0,1.0,0.0,0.0,5.156550710977179,117.74038117074168,219.60059183596934,False,False,0.0,0.0,False,0.0,0,0,0,True
221,86,0.14,86.76160018308062,90.13091876827973,88.20834089576013,94.04478919746465,8.830413718405717,2.7246215704353465,0.0,117.67922402051703,0.0,221.67777164283174,222.2393771101569,1.083021049613311,0.048737943514010465,0.12672805940425708,0.5100500668975447,0.025577491768436173,0.34636675374661724,84.0,84.0,1.0,0.0,0.0,5.156550710977179,117.67922402051703,221.67777164283174,False,False,0.0,0.0,False,0.0,0,0,0,True
222,86,0.14,87.49074109626795,91.13642681262871,88.20834089576013,94.79731831513226,8.830413718405717,2.7246215704353465,0.0,112.7233066187676,0.0,223.8051611046959,219.31129119328835,1.0795627070144227,0.045353659504799346,0.1263063484837448,0.4806695077614978,0.030673468758477273,0.35514872830177574,84.0,84.0,1.0,0.0,0.0,2.1504226103468924,112.7233066187676,223.8051611046959,False,False,0.0,0.0,False,0.0,1,1,0,True
223,86,0.14,88.30413718405717,92.14087510950954,88.25009730079884,95.59185569999529,8.830413718405719,2.7246215704353465,0.0,107.94686854735158,0.0,211.78165688401123,215.4205133845777,1.076679097922836,0.0425308089485537,0.12599818311961805,0.4439666858653341,0.03422282955949573,0.3640178941271298,84.0,84.0,1.0,0.0,0.0,12.70689941304067,107.94686854735158,211.78165688401123,False,True,13.334878927991625,0.05923544834186557,False,0.0,1,1,0,True
224,86,0.14,88.30413718405717,129.55518658290214,88.25009730079884,134.11661112896442,8.830413718405719,2.7246215704353465,0.0,146.15121323180574,0.0,248.79803321962777,174.1154241024744,1.0742957143009733,0.0401982795752017,0.12578064842157977,0.06113056816764458,0.44048434265582986,0.5637130508085818,88.0,0.0,0.0,0.0,0.0,12.70689941304067,146.15121323180574,248.79803321962777,False,False,0.0,0.0,False,0.0,0,0,0,True
225,99,0.010000000000000009,101.65243699094952,109.19385397935471,101.05574456731111,113.17158126758926,10.165243699094955,0.1946158264596676,0.0,152.6542852768021,0.0,250.15193379717255,165.9773146904308,1.075741988254699,0.04157165083937801,0.12635041761170504,-0.0015069490879374204,0.10519276106764722,0.5087438614905477,78.0,2.0,0.02564102564102564,0.0,0.0,12.70689941304067,152.6542852768021,250.15193379717255,False,False,0.0,0.0,False,0.0,0,0,0,True
226,100,0.0,102.6792292837874,103.54034477078974,102.26088284488802,107.53199937200256,10.267922928378741,0.0,0.0,152.82069424502012,0.0,244.73678095700896,164.69785276452907,1.07779608507438,0.04359015666026826,0.12640005693748027,-0.006860437069133961,0.024072914109443976,0.48779847411679367,76.0,17.0,0.2236842105263158,0.0,0.0,12.70689941304067,152.82069424502012,244.73678095700896,False,False,0.0,0.0,False,0.0,0,0,0,True
227,99,0.010000000000000009,101.65243699094951,102.01687496207981,101.37480616753619,106.18166129088814,10.165243699094955,0.1946158264596676,0.0,152.57770530775863,0.0,239.597441485593,164.05578396998544,1.0797993881771375,0.04559486193348803,0.1260202889343407,-0.007399762996099462,0.007446536202357422,0.4826926809117503,76.0,19.0,0.25,0.0,0.0,12.70689941304067,152.57770530775863,239.597441485593,False,False,0.0,0.0,False,0.0,0,0,0,True
228,99,0.010000000000000009,101.17957546767946,100.07101702059255,101.52914194323284,104.38574825980031,10.165243699094953,0.1946158264596676,0.0,151.00278035760556,0.0,234.32691182567646,165.51390889262578,1.081720990363787,0.04753887964987737,0.1254197036181458,0.0044920938558965645,0.015547316574662389,0.47312136590001447,78.0,24.0,0.3076923076923077,0.0,0.0,12.70689941304067,151.00278035760556,234.32691182567646,False,False,0.0,0.0,False,0.0,0,0,0,True
229,100,0.0,100.85038310495442,100.04131622514973,102.52991589040862,104.56208047051281,10.267922928378741,0.0,0.0,149.96773194533273,0.8037008446626448,230.59908020862187,168.00250855788465,1.083439658368381,0.049284699178361493,0.12484947676200162,0.021281747151638983,0.01194127869845151,0.46850298108139,78.0,26.0,0.3333333333333333,0.0,0.0,12.70689941304067,150.77143278999537,230.59908020862187,False,False,0.0,0.0,False,0.0,0,0,0,True
230,97,0.030000000000000027,97.97514054737982,99.1569709114417,99.57760600497781,103.81587144711169,9.95988524052738,0.5838474793790028,0.0,150.7480623722542,1.0652951872762988,229.2182356084257,168.42314365142076,1.0849048227347093,0.05078272496767953,0.12433857250136447,0.025224242435858368,0.017621191402760927,0.465648670451886,80.0,25.0,0.3125,0.0,0.0,12.70689941304067,151.8133575595305,229.2182356084257,False,False,0.0,0.0,False,0.0,0,0,0,True
231,99,0.010000000000000009,99.85304192672845,99.97455329651297,102.14636853476178,104.8364205325038,10.165243699094955,0.1946158264596676,0.0,150.88344524390914,1.529556171091881,227.22743125798831,170.59495888966956,1.086287537702446,0.052192608153136,0.12393984397941113,0.029741183209887233,0.006789206939883131,0.4659403720817192,80.0,29.0,0.3625,0.0,0.0,12.70689941304067,152.41300141500102,227.22743125798831,False,False,0.0,0.0,False,0.0,0,0,0,True
232,100,0.0,98.86805985699633,97.94968440124882,103.14714248193755,102.84538970523306,10.267922928378741,0.0,0.0,150.10966601516577,2.059902540863641,225.4814950241448,175.7924169703583,1.0876005945256433,0.053497420923667716,0.12387736247412559,0.05685754390013257,0.024147820540234677,0.45085413326361107,80.0,32.0,0.4,0.0,0.0,12.70689941304067,152.16956855602942,225.4814950241448,False,False,0.0,0.0,False,0.0,0,0,0,True
233,96,0.040000000000000036,96.37624922611388,96.43855599463097,98.56153927254505,101.33508856331795,9.857206011243592,0.7784633058386704,0.0,149.92135787651804,2.0604137277670675,223.49494586471985,177.9154002482724,1.0885810493478474,0.054439457445918694,0.12415979110512389,0.07571718502403973,0.03416560541769488,0.44142645931061886,80.0,31.0,0.3875,0.0,0.0,12.70689941304067,151.98177160428511,223.49494586471985,False,False,0.0,0.0,False,0.0,0,0,0,True
234,99,0.010000000000000009,99.37740057150202,98.6818510652252,101.2301109894447,103.74157079981799,10.165243699094951,0.1946158264596676,0.0,149.40730523210533,2.1469162925758987,220.76780499767557,180.46366017249187,1.0893199673146252,0.05513551668226069,0.12451538469477494,0.09906816351881563,0.006728239690571179,0.43843245949532095,80.0,31.0,0.3875,0.0,0.0,12.70689941304067,151.55422152468122,220.76780499767557,False,False,0.0,0.0,False,0.0,0,0,0,True
235,98,0.020000000000000018,99.01850788837382,99.95466650042694,100.23927725785514,105.11250899928969,10.062564469811166,0.3892316529193352,0.0,150.51235135353892,1.9723368868333506,219.50503689642582,180.74827092992012,1.089703853807722,0.05550182218309565,0.1245701057196122,0.10369118170613548,0.009422754651061288,0.43941344690570777,80.0,26.0,0.325,0.0,0.0,12.70689941304067,152.48468824037226,219.50503689642582,False,False,0.0,0.0,False,0.0,0,0,0,True
236,95,0.050000000000000044,96.4070278976982,98.0471749117326,97.37169378022513,103.14031357749074,9.754526781959804,0.973079132298338,0.0,152.02127651098158,1.6493764101706216,218.9332677833089,180.07278979841266,1.0899618665561923,0.05576145466051854,0.1244082933719328,0.10280339328163857,0.011811957425709554,0.43390805531807486,79.0,25.0,0.31645569620253167,0.0,0.0,12.70689941304067,153.6706529211522,218.9332677833089,False,False,0.0,0.0,False,0.0,0,0,0,True
237,95,0.050000000000000044,96.10793823317617,96.76832014860913,97.37169378022513,101.82752549852947,9.754526781959804,0.973079132298338,0.0,147.7350364376323,1.5676883582507728,217.93384414755857,180.67616343002865,1.0902063824810937,0.05600843676160847,0.12424893075105932,0.11225492673673973,0.02201442016659768,0.4281030677887623,79.0,31.0,0.3924050632911392,0.0,0.0,9.804916450229822,149.30272479588305,217.93384414755857,False,False,0.0,0.0,False,0.0,1,1,0,True
238,95,0.050000000000000044,93.88643184855908,94.72339453515923,97.37169378022513,99.69581655389683,9.754526781959804,0.973079132298338,0.0,148.218512505961,0.0,218.6149388893512,183.32446267509457,1.090323780290675,0.056131321661134305,0.12408697917305342,0.1384282326048138,0.03784957502875375,0.41587004687250395,79.0,79.0,1.0,0.0,0.0,9.804916450229822,148.218512505961,218.6149388893512,False,False,0.0,0.0,False,0.0,0,0,0,True
239,95,0.050000000000000044,95.49698629268747,96.22451783841365,97.37169378022513,101.26138463079106,9.754526781959804,0.973079132298338,0.0,148.67467974262814,0.0,220.66359096514134,184.4716386169061,1.0901044121301777,0.055920887681233225,0.12395054952304803,0.1494195864648768,0.014211562028172909,0.4187989740151342,80.0,80.0,1.0,0.0,0.0,9.804916450229822,148.67467974262814,220.66359096514134,False,False,0.0,0.0,False,0.0,0,0,0,True
240,95,0.050000000000000044,97.39410336844288,98.09750981283312,97.37169378022513,103.20490633272287,9.754526781959804,0.973079132298338,0.0,149.19393063693033,0.0,222.0728149115576,183.7458225842981,1.0897506487111601,0.055579400531579434,0.12381319394335787,0.1429821535620592,0.008242202453766174,0.42644927544236866,76.0,76.0,1.0,0.0,0.0,9.804916450229822,149.19393063693033,222.0728149115576,False,False,0.0,0.0,False,0.0,0,0,0,True
241,95,0.050000000000000044,97.54526781959802,98.25542340705383,97.37169378022513,103.35057389474507,9.754526781959804,0.973079132298338,0.0,149.72667022743934,0.0,222.36261544207127,182.86209295746946,1.0894636879063548,0.05530450915651146,0.12368465263372137,0.13558099108595162,0.008091581235917349,0.4285716485035576,75.0,75.0,1.0,0.0,0.0,9.804916450229822,149.72667022743934,222.36261544207127,False,False,0.0,0.0,False,0.0,0,0,0,True
242,95,0.050000000000000044,97.54526781959802,98.26727300797266,97.37169378022513,103.35057389474507,9.754526781959804,0.973079132298338,0.0,150.2788885960699,0.0,222.57095407938692,181.96651372972192,1.0892544048267363,0.05510676753145416,0.12356714179343914,0.12848279378072575,0.0064826674765889325,0.4302565039422527,75.0,75.0,1.0,0.0,0.0,9.804916450229822,150.2788885960699,222.57095407938692,False,False,0.0,0.0,False,0.0,0,0,0,True
243,95,0.050000000000000044,97.54526781959802,98.2720573053694,97.37169378022513,103.35057389474507,9.754526781959804,0.973079132298338,0.0,145.83503118410502,0.0,222.79153916993477,181.0661502045777,1.0891187613649147,0.054982059580733475,0.12346203769618494,0.12164377733449946,0.005301232951609909,0.4319608688615523,75.0,75.0,1.0,0.0,0.0,6.79515638862426,145.83503118410502,222.79153916993477,False,False,0.0,0.0,False,0.0,1,1,0,True
244,96,0.040000000000000036,98.5720601124359,99.18257524427322,98.31006865324537,104.3100251345176,9.85720601124359,0.7784633058386704,0.0,141.23237930083945,0.0,222.90036286961163,180.19364361354985,1.0890529827828612,0.05492652087778458,0.12337041935955134,0.11453107603739603,0.01340581057911259,0.43588252421395224,77.0,77.0,1.0,0.0,0.0,3.7728518763556567,141.23237930083945,222.90036286961163,False,False,0.0,0.0,False,0.0,1,1,0,True
245,95,0.050000000000000044,97.54526781959802,98.3940340490183,97.37169378022513,103.49222376023874,9.754526781959804,0.973079132298338,0.0,141.6156672604615,0.0,222.64743827507124,179.17130334475667,1.0890413596140835,0.05493158513321004,0.1232193165647155,0.10749642377833568,0.0037488376973134436,0.435173544407334,76.0,76.0,1.0,0.0,0.0,3.7728518763556567,141.6156672604615,222.64743827507124,False,False,0.0,0.0,False,0.0,0,0,0,True
246,95,0.050000000000000044,97.54526781959802,98.44810363810385,97.37169378022513,103.56712374859462,9.754526781959804,0.973079132298338,0.0,142.08786952473045,0.0,223.0202598274174,178.09489348687796,1.089100273758255,0.0550058471640235,0.12308545516442526,0.1000123954687622,0.003673392459061363,0.43751143841900275,76.0,76.0,1.0,0.0,0.0,3.7728518763556567,142.08786952473045,223.0202598274174,False,False,0.0,0.0,False,0.0,0,0,0,True
247,95,0.050000000000000044,97.54526781959802,98.46028352635928,97.37169378022513,103.6046575163045,9.754526781959804,0.973079132298338,0.0,132.533074629731,0.0,208.5982506492267,177.00630374074385,1.08923350464385,0.05515272598363759,0.12297079288868897,0.09245294086343289,0.0034976932428384573,0.4397727280677928,76.0,76.0,1.0,0.0,0.0,12.515895038953602,132.533074629731,208.5982506492267,False,True,14.792120914870173,0.06621646587228092,False,0.0,2,2,0,True
248,96,0.040000000000000036,98.03525967067269,115.1841346938957,98.25777045757695,121.2387489034072,9.857206011243592,0.7784633058386704,0.0,149.94675620173527,0.0,223.9779960868496,160.07993950442514,1.089440309065019,0.05537122181583798,0.12287670237041044,-0.04591806852302265,0.17208857006774636,0.5335571342153962,84.0,0.0,0.0,0.0,0.0,12.515895038953602,149.94675620173527,223.9779960868496,False,False,0.0,0.0,False,0.0,0,0,0,True
249,100,0.0,102.31671545445161,102.09936326989069,102.56543942788804,107.66437497020317,10.267922928378743,0.0,0.0,150.50905809141003,0.0,220.74683492008717,160.54601566242246,1.091177687834864,0.05710696086710343,0.12268367829341362,-0.045422323506320306,0.0036478463434239925,0.4888565975722723,77.0,21.0,0.2727272727272727,0.0,0.0,12.515895038953602,150.50905809141003,220.74683492008717,False,False,0.0,0.0,False,0.0,0,0,0,True
250,98,0.020000000000000018,99.55583962853602,98.56863608297158,100.35952720313537,104.12504576474417,10.062564469811168,0.3892316529193352,0.0,150.12959308388994,0.3313256364894409,217.372966173487,162.33690678258628,1.0929056299186262,0.0588283522725944,0.1225414286701719,-0.02688965105656138,0.033731736892269555,0.47310940437688,77.0,25.0,0.3246753246753247,0.0,0.0,12.515895038953602,150.4609187203794,217.372966173487,False,False,0.0,0.0,False,0.0,0,0,0,True
251,99,0.010000000000000009,99.80356629974608,97.17394382599151,101.85314151042337,102.81205208047001,10.165243699094955,0.1946158264596676,0.0,148.26746978195018,1.3512559111745093,214.34089524351725,167.01610446701812,1.094423943301949,0.06034717776569012,0.12233818862703007,0.002900238718899201,0.03997615286048862,0.461075853884825,78.0,30.0,0.38461538461538464,0.0,0.0,12.515895038953602,149.6187256931247,214.34089524351725,False,False,0.0,0.0,False,0.0,0,0,0,True
252,97,0.030000000000000027,97.84181145909123,96.48819695644286,99.53506183190714,102.19869325514343,9.95988524052738,0.5838474793790028,0.0,147.50178371606066,1.3530678733932526,211.87227118914535,170.0629693424824,1.0956430091357794,0.061542367924430755,0.12241038453299935,0.02759097457793964,0.038183936628245714,0.45239350031699244,80.0,29.0,0.3625,0.0,0.0,12.515895038953602,148.85485158945392,211.87227118914535,False,False,0.0,0.0,False,0.0,0,0,0,True
253,98,0.020000000000000018,98.76189929905698,98.7714447436808,100.23927725785514,104.69343129548696,10.062564469811166,0.3892316529193352,0.0,148.37468835121922,1.3879012857176316,210.76975456444458,171.53080185665675,1.096526792954228,0.062399256596666806,0.12257385734733597,0.04200677030729177,0.008580695902032715,0.45381852029603104,80.0,27.0,0.3375,0.0,0.0,12.515895038953602,149.76258963693684,210.76975456444458,False,False,0.0,0.0,False,0.0,0,0,0,True
254,99,0.010000000000000009,100.36277311787659,100.27088984845231,101.22171890624577,106.34619545639663,10.165243699094953,0.1946158264596676,0.0,144.56579558053085,1.0593480296288744,209.69357043669996,172.48163091445025,1.0971582563339368,0.06302194946169777,0.12255671866043104,0.05084222285318283,0.009637747989012601,0.45361531377318104,81.0,29.0,0.35802469135802467,0.0,0.0,9.601370607830287,145.6251436101597,209.69357043669996,False,False,0.0,0.0,False,0.0,1,1,0,True
255,96,0.040000000000000036,96.86269835102433,96.87182683531469,98.35413542861575,102.79710815513252,9.85720601124359,0.7784633058386704,0.0,135.10586070507998,0.0,210.95653856463082,173.9639395077513,1.097589235414071,0.06346310954321548,0.12231143558532581,0.0666940541448027,0.026503991592270338,0.43829325828572563,80.0,80.0,1.0,0.0,0.0,3.5746739830218073,135.10586070507998,210.95653856463082,False,False,0.0,0.0,False,0.0,2,2,0,True
256,95,0.050000000000000044,97.04119127677052,97.37874792747049,97.37169378022513,103.36929186377168,9.754526781959804,0.973079132298338,0.0,135.64628687619282,0.0,212.79510180467298,173.95688536050596,1.097787930262459,0.06367460859835979,0.12205648006484938,0.06934614112794209,0.015414941109310229,0.44022575893440374,79.0,79.0,1.0,0.0,0.0,3.5746739830218073,135.64628687619282,212.79510180467298,False,False,0.0,0.0,False,0.0,0,0,0,True
257,95,0.050000000000000044,97.54526781959802,97.87974171077072,97.37169378022513,103.92756370640282,9.754526781959804,0.973079132298338,0.0,136.26066817285857,0.0,213.73154983885604,173.44883742996038,1.0979280226056622,0.06382546734536568,0.12184873141722356,0.06677548685702724,0.0067848976077752535,0.44319079865442024,77.0,77.0,1.0,0.0,0.0,3.5746739830218073,136.26066817285857,213.73154983885604,False,False,0.0,0.0,False,0.0,0,0,0,True
258,96,0.040000000000000036,98.57206011243589,98.82510647841033,98.25777045757695,104.9559249576306,9.857206011243592,0.7784633058386704,0.0,136.99101890270055,0.0,214.1721592331761,172.88150140912697,1.0980703104174003,0.0639752672635709,0.12169356895914149,0.06408034430918887,0.004452789663148464,0.4466201221597458,77.0,77.0,1.0,0.0,0.0,3.5746739830218073,136.99101890270055,214.1721592331761,False,False,0.0,0.0,False,0.0,0,0,0,True
259,95,0.050000000000000044,97.54526781959802,97.96074531505079,97.37169378022513,104.0652589777218,9.754526781959804,0.973079132298338,0.0,137.79226346428632,0.0,214.14048092090098,172.2924498743013,1.0981897926149646,0.06411404312129179,0.12141814714872869,0.060448747258439975,0.00589786271252911,0.4450500234177979,76.0,76.0,1.0,0.0,0.0,3.5746739830218073,137.79226346428632,214.14048092090098,False,False,0.0,0.0,False,0.0,0,0,0,True
260,95,0.050000000000000044,97.54526781959802,98.00432808902389,97.37169378022513,104.1376101872053,9.754526781959804,0.973079132298338,0.0,123.67424124208837,0.0,197.50043346935794,171.65981556550258,1.0983246831609632,0.06426401672949493,0.12120378558526512,0.05605354040981355,0.004711218844691429,0.4468333794429852,76.0,76.0,1.0,0.0,0.0,11.850026008161471,123.67424124208837,197.50043346935794,False,True,17.287900562999628,0.08048807976877939,False,0.0,3,3,0,True
261,95,0.050000000000000044,96.8473457670971,113.4438635377879,97.37169378022513,120.57288833976234,9.754526781959804,0.973079132298338,0.0,121.08469502128017,0.04253960916262822,201.2031325088284,155.58764580793985,1.0984835656711789,0.0644333904606538,0.12105302476843911,-0.07640776966289893,0.15461825837442295,0.5382673030844167,86.0,0.0,0.0,0.0,0.0,12.072187950529699,121.1272346304428,201.2031325088284,False,True,12.287823148886224,0.057556645015852684,False,0.0,4,4,0,True
262,100,0.0,102.0213581894595,119.13273821680964,102.70448241832773,126.83361809078215,10.267922928378741,0.0,0.0,135.02370397735714,0.8649832444082501,217.94623298178473,139.15939000945792,1.1002177531440993,0.06613665288008352,0.12107053196396446,-0.21120064558816726,0.17226573339535176,0.6092918616347547,88.0,0.0,0.0,0.0,0.0,9.052629251512123,135.8886872217654,217.94623298178473,False,False,0.0,0.0,False,0.0,1,1,0,True
263,100,0.0,102.6792292837874,97.71911136627466,102.70448241832773,104.36352737224739,10.267922928378741,0.0,0.0,126.3667398100056,0.0,211.65675996345715,144.144761061511,1.1036959708091885,0.06950982622635418,0.12152126232321243,-0.1750554179611234,0.0740304173053622,0.5200438889288795,82.0,82.0,1.0,0.0,0.0,6.046469114292364,126.3667398100056,211.65675996345715,False,False,0.0,0.0,False,0.0,1,1,0,True
264,100,0.0,99.22351907560832,94.79488238242845,102.70448241832773,101.4936546056561,10.267922928378741,0.0,0.0,117.9977953530492,0.0,209.81972632215343,152.05436109741026,1.106640679084974,0.07234393241544505,0.12222431763801377,-0.11788488634022135,0.08685265158917418,0.49268919081117063,88.0,88.0,1.0,0.0,0.0,3.051535236472562,117.9977953530492,209.81972632215343,False,False,0.0,0.0,False,0.0,1,1,0,True
265,98,0.020000000000000018,98.17631178007844,94.15075824947172,100.66329601810347,100.96870728067655,10.062564469811166,0.3892316529193352,0.0,109.64559835090138,0.0,208.3831182197685,158.56689886604204,1.1088068611360096,0.07440143062889984,0.12315163532665141,-0.06857101915279512,0.07551079216528117,0.4772537404285783,88.0,88.0,1.0,0.0,0.0,0.04721607361352964,109.64559835090138,208.3831182197685,False,False,0.0,0.0,False,0.0,1,1,0,True
266,98,0.020000000000000018,99.64000904036482,95.74693038963862,100.18020968058899,102.77317660886226,10.062564469811166,0.3892316529193352,0.0,106.33598718588105,0.0,207.74085711085425,163.00017815699246,1.1103088119435518,0.07579714206681587,0.12422522812434891,-0.029648148114142403,0.04425544083867978,0.4716548750902736,88.0,88.0,1.0,0.0,0.0,0.04721607361352964,106.33598718588105,207.74085711085425,False,False,0.0,0.0,False,0.0,0,0,0,True
267,99,0.010000000000000009,100.98749825031084,97.2631185001601,101.1002210336652,104.44941965058858,10.165243699094953,0.1946158264596676,0.0,103.32605576711116,0.0,206.82151293969014,166.83728069049752,1.111264675380965,0.076675285973644,0.12515851117868185,0.0036206183857785735,0.019909043038343628,0.46574242701727087,88.0,88.0,1.0,0.0,0.0,0.04721607361352964,103.32605576711116,206.82151293969014,False,False,0.0,0.0,False,0.0,0,0,0,True
268,98,0.020000000000000018,100.14062108217367,97.12746483267593,100.10115588177763,104.32178552842211,10.062564469811168,0.3892316529193352,0.0,95.75737249929318,0.0,190.52957996881423,169.81097173959927,1.1117494057188715,0.07711763006577785,0.1258124604960253,0.03093014802327181,0.017226224129959063,0.4558161987552136,88.0,88.0,1.0,0.0,0.0,11.43177479812885,95.75737249929318,190.52957996881423,False,True,14.43016168234844,0.07040485885715199,False,0.0,1,1,0,True
269,99,0.010000000000000009,101.63890587940908,133.248022553835,101.02290725130092,143.1142503252729,10.165243699094955,0.1946158264596676,0.0,130.37407385937584,0.9182387064853885,222.91710997860767,137.58585643706516,1.1118827659269617,0.07723950822156114,0.1261725552647691,-0.22112253927988892,0.35321379971884337,0.6623429738793988,94.0,0.0,0.0,0.0,0.0,11.43177479812885,131.29231256586124,222.91710997860767,False,False,0.0,0.0,False,0.0,0,0,0,True
270,100,0.0,102.67922928378741,105.11653375967518,102.22804552887781,113.25159182147252,10.267922928378741,0.0,0.0,135.44543468636775,0.0,222.30331088142867,134.6973682062678,1.1152228298587545,0.08050668268910233,0.12634236173179203,-0.23101330840111042,0.010735973046493584,0.567752082049384,81.0,12.0,0.14814814814814814,0.0,0.0,11.43177479812885,135.44543468636775,222.30331088142867,False,False,0.0,0.0,False,0.0,0,0,0,True
271,100,0.0,102.67922928378741,100.7772391325949,102.22804552887781,108.9284741795676,10.267922928378741,0.0,0.0,136.37910413614932,0.0,218.56439027161548,136.14817460255074,1.118580757541386,0.08381294417846959,0.12621008899338088,-0.20936250479242258,0.048700343495567205,0.5452949496391563,80.0,24.0,0.3,0.0,0.0,11.43177479812885,136.37910413614932,218.56439027161548,False,False,0.0,0.0,False,0.0,0,0,0,True
272,99,0.010000000000000009,101.48936796923365,98.03067888229023,101.34196885152599,106.27782351967105,10.165243699094955,0.1946158264596676,0.0,135.79418578590222,0.0,214.0132447765347,139.4594645717865,1.1215677385837217,0.0867784033142458,0.12576620742408198,-0.17677461592180782,0.06408034632471003,0.5250635596961064,82.0,29.0,0.35365853658536583,0.0,0.0,11.43177479812885,135.79418578590222,214.0132447765347,False,False,0.0,0.0,False,0.0,0,0,0,True
273,99,0.010000000000000009,100.42690988601801,96.3321796283449,101.66103045175106,104.7056590262789,10.165243699094953,0.1946158264596676,0.0,124.7418198373424,0.692758946797825,209.94574823987938,144.78831539519268,1.124064026134588,0.08927295530740423,0.1251908213969406,-0.1368752469191584,0.06654333679093988,0.5060735060291893,83.0,32.0,0.3855421686746988,0.0,0.0,5.469962052271837,125.43457878414023,209.94574823987938,False,False,0.0,0.0,False,0.0,2,2,0,True
274,99,0.010000000000000009,98.38418377610186,92.98683600080841,101.49630462722264,101.27010471968433,10.165243699094953,0.1946158264596676,0.0,121.82886803834597,0.0,205.47666386722065,153.2977840216069,1.1260214563216988,0.09122662177516369,0.12474471238117293,-0.07112288717208917,0.08509189173010065,0.4727348962281222,86.0,86.0,1.0,0.0,0.0,5.469962052271837,121.82886803834597,205.47666386722065,False,False,0.0,0.0,False,0.0,0,0,0,True
275,99,0.010000000000000009,99.23218688844192,94.60899992505641,101.29194029682154,103.14998119431296,10.165243699094955,0.1946158264596676,0.0,115.17307508591121,0.0,203.33949024073343,159.98072439337201,1.1270883750764653,0.0923024990623728,0.12439472792773222,-0.01953544458838942,0.05092636265124639,0.4631046197948308,88.0,88.0,1.0,0.0,0.0,2.6690378201248772,115.17307508591121,203.33949024073343,False,False,0.0,0.0,False,0.0,1,1,0,True
276,98,0.020000000000000018,99.3945475411283,95.29772133745348,100.45893168770235,103.94930055517138,10.062564469811168,0.3892316529193352,0.0,113.48715278583876,0.0,202.0046408949603,165.14193474362094,1.1274695244673838,0.09270859011179274,0.12408571742738808,0.01655205507689672,0.03286953912540494,0.4545074158588222,88.0,88.0,1.0,0.0,0.0,2.6690378201248772,113.48715278583876,202.0046408949603,False,False,0.0,0.0,False,0.0,0,0,0,True
277,99,0.010000000000000009,100.89793129834578,96.85000906471136,101.62152579220857,105.64009277477918,10.165243699094955,0.1946158264596676,0.0,112.0189324705577,0.0,201.89860144949708,169.91345147111812,1.1273895423551425,0.09265338534424188,0.1239213867566957,0.0439503220223619,0.012514667370270391,0.4506180592510166,90.0,90.0,1.0,0.0,0.0,2.6690378201248772,112.0189324705577,201.89860144949708,False,False,0.0,0.0,False,0.0,0,0,0,True
278,98,0.020000000000000018,100.24605598871128,96.63137439869486,100.39653261354681,105.35770589485342,10.062564469811166,0.3892316529193352,0.0,110.77458084080081,0.0,201.50205406286614,173.67860968597006,1.126979349864675,0.09225555860758869,0.12394326299563994,0.06867966594632491,0.012058088789661536,0.44166297948008476,90.0,90.0,1.0,0.0,0.0,2.6690378201248772,110.77458084080081,201.50205406286614,False,False,0.0,0.0,False,0.0,0,0,0,True
279,97,0.030000000000000027,99.3577677948454,96.21524926058662,99.2150792044258,104.82962163235109,9.95988524052738,0.5838474793790028,0.0,109.7529988016191,0.0,200.75611182237873,176.6784396298093,1.1262654907127065,0.09155576290195847,0.12399292205771024,0.0916151461498799,0.013022419193686227,0.4332187594331661,89.0,89.0,1.0,0.0,0.0,2.6690378201248772,109.7529988016191,200.75611182237873,False,False,0.0,0.0,False,0.0,0,0,0,True
280,96,0.040000000000000036,98.29085482792225,95.91477449364726,98.26831224820666,104.40465521434872,9.857206011243592,0.7784633058386704,0.0,99.18164227682176,0.0,186.49544418028555,179.0319773843687,1.125267349164774,0.09058282137951305,0.12398425562274583,0.1090374205115634,0.012592611274621112,0.427820102871059,89.0,89.0,1.0,0.0,0.0,11.189726650817132,99.18164227682176,186.49544418028555,False,True,14.55814797698095,0.07240929058155496,False,0.0,2,2,0,True
281,96,0.040000000000000036,98.42147118484552,125.35946284779128,98.26831224820666,136.3021295007572,9.857206011243592,0.7784633058386704,0.0,109.98998786108349,0.8354590871124443,202.82303558074196,151.94082678478406,1.1240670780590845,0.0894116224277218,0.1239998838792943,-0.11878370641902154,0.2940579274765842,0.5923574540550197,96.0,0.0,0.0,0.0,0.0,12.169382134844517,110.82544694819593,202.82303558074196,False,True,13.017493192435696,0.060310699137118534,False,0.0,4,4,0,True
282,100,0.0,102.6792292837874,130.0312729534166,102.7197752035847,141.60428732327708,10.267922928378741,0.0,0.0,142.6687324175931,0.0,230.8418124120482,124.62932903495222,1.125857661684178,0.09113929242776755,0.12428225355274848,-0.3249992997139334,0.259644811448528,0.7036730648957262,92.0,0.0,0.0,0.0,0.0,12.169382134844517,142.6687324175931,230.8418124120482,False,False,0.0,0.0,False,0.0,0,0,0,True
283,100,0.0,102.6792292837874,101.5530148786138,102.7197752035847,111.01322436337846,10.267922928378741,0.0,0.0,140.91951212155413,0.0,228.9078845632605,125.79608935992314,1.1302828077426095,0.09540247943140863,0.12504013186873128,-0.313901902577162,0.07020722360788618,0.5993624024312089,86.0,20.0,0.23255813953488372,0.0,0.0,9.150333122485417,140.91951212155413,228.9078845632605,False,False,0.0,0.0,False,0.0,1,1,0,True
284,100,0.0,102.59313451151488,93.09231426786786,102.7197752035847,102.11696379827401,10.267922928378741,0.0,0.0,135.3279169210179,0.0,219.88141422356483,135.42355029563998,1.1344955962793708,0.09943727015654773,0.1260592186253807,-0.24296266928827617,0.1343930473494464,0.5395346842877445,88.0,88.0,1.0,0.0,0.0,9.150333122485417,135.3279169210179,219.88141422356483,False,False,0.0,0.0,False,0.0,0,0,0,True
285,100,0.0,99.33300746307259,90.25284777523306,102.7197752035847,99.24217661636989,10.267922928378741,0.0,0.0,119.87253983590995,0.0,214.442620686397,147.8904777239916,1.137727504467994,0.10249758272138318,0.12728789221529976,-0.15090358924351174,0.13531246102337596,0.4975337208590517,91.0,91.0,1.0,0.0,0.0,3.1235287574550554,119.87253983590995,214.442620686397,False,False,0.0,0.0,False,0.0,2,2,0,True
286,97,0.030000000000000027,97.22611814050201,89.17888595741478,99.47345052578355,98.17521903855526,9.95988524052738,0.5838474793790028,0.0,114.66085729719416,0.0,210.0524016616933,158.1850422923604,1.1397259008890155,0.10433879699056323,0.12870467078769093,-0.06660847841265038,0.11964410563451149,0.46765822002976176,94.0,94.0,1.0,0.0,0.0,3.1235287574550554,114.66085729719416,210.0524016616933,False,False,0.0,0.0,False,0.0,0,0,0,True
287,99,0.010000000000000009,99.9091822811826,91.83189279945987,101.3700551729089,101.1057614208419,10.165243699094955,0.1946158264596676,0.0,109.68996928892405,0.0,205.60162319074425,167.72320466580942,1.1406022539951706,0.10508382457144079,0.1301308847775027,0.00911012727725401,0.06934560349696622,0.4545349505445343,94.0,94.0,1.0,0.0,0.0,3.1235287574550554,109.68996928892405,205.60162319074425,False,False,0.0,0.0,False,0.0,0,0,0,True
288,97,0.030000000000000027,98.88741613732405,91.3898282692573,99.2150792044258,100.54341869206867,9.95988524052738,0.5838474793790028,0.0,104.81287886594475,0.0,201.70533133188107,175.548455600978,1.140479700030944,0.10486320190313599,0.13141502922628326,0.07547935862115795,0.05999770412142702,0.43386139681276986,93.0,93.0,1.0,0.0,0.0,3.1235287574550554,104.81287886594475,201.70533133188107,False,False,0.0,0.0,False,0.0,0,0,0,True
289,99,0.010000000000000009,100.84016127596644,93.85120722217016,101.02290725130092,103.10242713896112,10.165243699094955,0.1946158264596676,0.0,95.53378315452723,0.0,199.25267664528963,182.72015563010882,1.1394898092631354,0.10381443309040717,0.13248638486820383,0.13565304573295836,0.022259348673634334,0.4203324242451651,94.0,94.0,1.0,0.0,0.0,0.11523752813938737,95.53378315452723,199.25267664528963,False,False,0.0,0.0,False,0.0,1,1,0,True
290,98,0.020000000000000018,100.17772170779631,94.59785379219583,100.1368305739491,103.72374629667384,10.062564469811168,0.3892316529193352,0.0,92.12105287070297,0.0,197.31960878043384,188.25913241186205,1.1377038009135583,0.10203257441085312,0.1329861353976049,0.18013611516920003,0.011580157405293789,0.40877077224279557,94.0,94.0,1.0,0.0,0.0,0.11523752813938737,92.12105287070297,197.31960878043384,False,False,0.0,0.0,False,0.0,0,0,0,True
291,96,0.040000000000000036,98.17916915687825,93.48629033390259,98.26831224820666,102.27503965734465,9.857206011243592,0.7784633058386704,0.0,88.94951423439356,0.0,195.73876350521343,193.0411543261661,1.1353536247698883,0.09972983257798566,0.13308785451530727,0.21823719155163293,0.019662349350084138,0.3957493335274328,94.0,94.0,1.0,0.0,0.0,0.11523752813938737,88.94951423439356,195.73876350521343,False,False,0.0,0.0,False,0.0,0,0,0,True
292,94,0.06000000000000005,96.51847552676014,93.38763460113269,96.18184828790521,101.90307341483644,9.651847552676017,1.1676949587580057,0.0,86.76686751164537,0.0,195.07273774286048,195.8353680129386,1.1325488289973114,0.09699717773823549,0.1330341663287066,0.2448100587016419,0.016535185198544026,0.38930838892218633,92.0,92.0,1.0,0.0,0.0,0.11523752813938737,86.76686751164537,195.07273774286048,False,False,0.0,0.0,False,0.0,0,0,0,True
293,93,0.06999999999999995,95.49168323392227,93.79581247594021,95.20832572854312,102.06661812083371,9.54916832339223,1.3623107852176732,0.0,85.60281617514643,0.0,195.28859787465376,197.24788126554157,1.1294458886636751,0.093988249165872,0.13276402891145941,0.25958047740715107,0.008648092284981904,0.38724739597107793,91.0,91.0,1.0,0.0,0.0,0.11523752813938737,85.60281617514643,195.28859787465376,False,False,0.0,0.0,False,0.0,0,0,0,True
294,93,0.06999999999999995,95.49168323392227,94.62999639493364,95.20832572854312,102.68579234432111,9.54916832339223,1.3623107852176732,0.0,85.01537737137724,0.0,196.04367568661735,197.82621059915107,1.1262058715536436,0.09085691416814831,0.13231245820870693,0.26596942203115115,0.007655151989460202,0.3882182207476029,91.0,91.0,1.0,0.0,0.0,0.11523752813938737,85.01537737137724,196.04367568661735,False,False,0.0,0.0,False,0.0,0,0,0,True
295,93,0.06999999999999995,95.49168323392227,95.00444485999768,95.20832572854312,102.8080390128323,9.54916832339223,1.3623107852176732,0.0,84.52870646802602,0.0,196.6426027199447,198.0300914676965,1.1229403309930224,0.08771089807296986,0.13169741030604337,0.2688291072073183,0.008251376173963352,0.3885173221509436,91.0,91.0,1.0,0.0,0.0,0.11523752813938737,84.52870646802602,196.6426027199447,False,False,0.0,0.0,False,0.0,0,0,0,True
296,94,0.06000000000000005,96.51847552676014,96.09145602339717,96.18184828790521,103.70624367526874,9.651847552676017,1.1676949587580057,0.0,83.98759018180203,0.0,196.9579311234683,198.12048373220452,1.119695998615181,0.08459479085019342,0.13093780354456014,0.2686946592383009,0.01629037365326544,0.39112893734158694,91.0,91.0,1.0,0.0,0.0,0.11523752813938737,83.98759018180203,196.9579311234683,False,False,0.0,0.0,False,0.0,0,0,0,True
297,94,0.06000000000000005,96.51847552676014,96.40611103647856,96.18184828790521,103.78057658482875,9.651847552676017,1.1676949587580057,0.0,83.50102174642451,0.0,196.95432633907444,197.8962209836312,1.116509805008223,0.0815455355586507,0.13003789667359417,0.26627298403189625,0.01629739150656187,0.39187436405244286,90.0,90.0,1.0,0.0,0.0,0.11523752813938737,83.50102174642451,196.95432633907444,False,False,0.0,0.0,False,0.0,0,0,0,True
298,94,0.06000000000000005,96.51847552676014,96.78602043562215,96.18184828790521,103.93857704825777,9.651847552676017,1.1676949587580057,0.0,83.1546631714075,0.0,197.09201533713906,197.29204883591427,1.1134111123676953,0.078590432876891,0.12902111575537437,0.26089016395290454,0.017068802382381697,0.39359320308922835,90.0,90.0,1.0,0.0,0.0,0.11523752813938737,83.1546631714075,197.09201533713906,False,False,0.0,0.0,False,0.0,0,0,0,True
299,94,0.06000000000000005,96.51847552676014,97.05472491234462,96.18184828790521,103.99307651934072,9.651847552676017,1.1676949587580057,0.0,77.73686532892498,0.0,183.28913957406945,196.41917221147486,1.1104375447738883,0.07576466846324485,0.12791326681310114,0.2535828229038212,0.017138349054493046,0.3955173469231023,90.0,90.0,1.0,0.0,0.0,10.997348374444169,77.73686532892498,183.28913957406945,False,True,13.95007565828274,0.07072668405139028,False,0.0,1,1,0,True
300,94,0.06000000000000005,96.51847552676014,141.88125070866778,96.18184828790521,151.70903084332198,9.651847552676017,1.1676949587580057,0.0,124.95020331238938,0.0,228.82784733795523,150.71976979071232,1.107612640623718,0.07308968525054038,0.12673963631079238,-0.12732388745077544,0.4814781297461826,0.6387177916710775,98.0,0.0,0.0,0.0,0.0,10.997348374444169,124.95020331238938,228.82784733795523,False,False,0.0,0.0,False,0.0,0,0,0,True
301,100,0.0,102.6792292837874,105.90496913785564,102.48711852458048,113.52203169133817,10.267922928378741,0.0,0.0,125.0483849355528,0.0,229.6010826459901,147.30191917743716,1.1097731099776795,0.07525002277904738,0.12601044477521242,-0.1509444480516622,0.008855062596826028,0.5303041745733317,86.0,14.0,0.16279069767441862,0.0,0.0,7.970166064310922,125.0483849355528,229.6010826459901,False,False,0.0,0.0,False,0.0,1,1,0,True
302,100,0.0,100.04936207675242,92.47128562517386,102.48711852458048,99.38042774373723,10.267922928378741,0.0,0.0,118.68372352369218,0.0,221.5392438045422,157.31775207684376,1.1121916970231787,0.07766155880217736,0.12545889177418032,-0.07162233131073877,0.12689027903270172,0.45956593530658296,90.0,90.0,1.0,0.0,0.0,7.970166064310922,118.68372352369218,221.5392438045422,False,False,0.0,0.0,False,0.0,0,0,0,True
303,98,0.020000000000000018,96.48289746880488,89.67257518562307,100.38536177902205,96.51806517765785,10.062564469811168,0.3892316529193352,0.0,102.9808793190636,0.0,214.18150700496244,168.03053867024275,1.1135305244383527,0.07902737943823712,0.12496023357214237,0.01811184861425398,0.12833708556282394,0.4286898055271699,90.0,90.0,1.0,0.0,0.0,2.1947473296661433,102.9808793190636,214.18150700496244,False,False,0.0,0.0,False,0.0,2,2,0,True
304,98,0.020000000000000018,97.91003416248562,91.44356635334482,100.47422447295932,98.45856183466894,10.062564469811166,0.3892316529193352,0.0,91.83397829480519,0.0,194.64258489636399,177.0611967898572,1.1136773781178746,0.07923870890012497,0.12445846877712634,0.09045589161164339,0.08468788656427868,0.41784847570026684,92.0,92.0,1.0,0.0,0.0,11.678555093781839,91.83397829480519,194.64258489636399,False,True,12.489186813781506,0.06029585278331192,False,0.0,1,1,0,True
305,97,0.030000000000000027,99.59885240527377,134.69101216043407,99.75138476486495,144.93920053407365,9.95988524052738,0.5838474793790028,0.0,129.9883574574812,0.46994672273817595,230.4929945073746,142.12156939428812,1.1128944458461274,0.07853789088235981,0.1240346257767992,-0.19790276813702773,0.3743668583225311,0.6539930787718107,97.0,0.0,0.0,0.0,0.0,11.678555093781839,130.45830418021936,230.4929945073746,False,False,0.0,0.0,False,0.0,0,0,0,True
306,100,0.0,102.6792292837874,108.31400161657052,102.89355396347186,116.87781881604471,10.267922928378741,0.0,0.0,138.6718421706145,0.0,233.953714388515,136.70112174118947,1.115900562863215,0.08147712105930818,0.12414587830133869,-0.2397121879625256,0.020542952159989473,0.5825274028250027,85.0,7.0,0.08235294117647059,0.0,0.0,11.678555093781839,138.6718421706145,233.953714388515,False,False,0.0,0.0,False,0.0,0,0,0,True
307,100,0.0,102.6792292837874,100.47312505553386,102.89355396347186,108.74813825945232,10.267922928378741,0.0,0.0,134.50555516017025,0.0,229.75470043580117,139.12155064912747,1.1194116812839745,0.08487223658767809,0.12461614805178557,-0.22310643583807396,0.05803841900459074,0.5504148667077968,85.0,26.0,0.3058823529411765,0.0,0.0,8.65600168646061,134.50555516017025,229.75470043580117,False,False,0.0,0.0,False,0.0,1,1,0,True
308,100,0.0,102.6792292837874,93.91999957360025,102.89355396347186,101.9249152775978,10.267922928378741,0.0,0.0,128.40130050389746,0.0,220.4190322046875,148.09510503899907,1.1226693512223718,0.08798799379124544,0.12537774755067577,-0.1581951203242132,0.10820781657518967,0.5048834940014479,88.0,88.0,1.0,0.0,0.0,8.65600168646061,128.40130050389746,220.4190322046875,False,False,0.0,0.0,False,0.0,0,0,0,True
309,99,0.010000000000000009,99.07805544074715,91.25558215261111,101.70370847115194,99.20044254200727,10.165243699094955,0.1946158264596676,0.0,117.87941039863576,0.0,215.4074578417583,158.54323135753995,1.125055094763376,0.09022412650337304,0.1263877582149362,-0.07855482957061033,0.11254655911833449,0.4715309757815806,94.0,94.0,1.0,0.0,0.0,5.6684771444448465,117.87941039863576,215.4074578417583,False,False,0.0,0.0,False,0.0,1,1,0,True
310,98,0.020000000000000018,98.25122947880367,92.43324309130692,100.47422447295932,100.54079754404444,10.062564469811166,0.3892316529193352,0.0,114.02725600781392,0.0,212.46038521352585,166.58421273919237,1.1263858471872257,0.09141421966488475,0.12755532074227233,-0.014933336464822455,0.07858847875101659,0.4581389234766725,95.0,95.0,1.0,0.0,0.0,5.6684771444448465,114.02725600781392,212.46038521352585,False,False,0.0,0.0,False,0.0,0,0,0,True
311,99,0.010000000000000009,99.3166174951806,94.26845831227142,101.19627641302174,102.51442169591137,10.165243699094953,0.1946158264596676,0.0,111.0344264344564,0.0,210.37028149133897,173.5120308399427,1.126874949323932,0.09178114228457324,0.12876571673715156,0.04050145460024566,0.044266759226994315,0.44747505663633624,96.0,96.0,1.0,0.0,0.0,5.6684771444448465,111.0344264344564,210.37028149133897,False,False,0.0,0.0,False,0.0,0,0,0,True
312,98,0.020000000000000018,99.60787108840476,94.96776461396676,100.16874686270302,103.19003860335641,10.062564469811166,0.3892316529193352,0.0,108.22459551187423,0.0,208.14291824328302,178.71301308867896,1.1266234083672004,0.09144483039957971,0.12981846845976944,0.08361114288053086,0.028264174032688882,0.4362042811691177,93.0,93.0,1.0,0.0,0.0,5.6684771444448465,108.22459551187423,208.14291824328302,False,False,0.0,0.0,False,0.0,0,0,0,True
313,98,0.020000000000000018,100.12508756850642,96.1073098758003,99.89375203784833,104.29976760353757,10.062564469811168,0.3892316529193352,0.0,105.90454009850387,0.0,205.5729637281077,182.49945525072704,1.1258002332669992,0.09057463798976687,0.13062330564040292,0.12050831107234088,0.014635916685943887,0.42676102068447463,92.0,92.0,1.0,0.0,0.0,5.6684771444448465,105.90454009850387,205.5729637281077,False,False,0.0,0.0,False,0.0,0,0,0,True
314,96,0.040000000000000036,98.20329423639002,95.11911948081821,98.06090840427736,103.08078516504838,9.857206011243592,0.7784633058386704,0.0,104.01859323817725,0.0,203.73266299533753,185.4412441741862,1.1244762988388288,0.08925968056501257,0.13089895532233561,0.14963658713400868,0.0196862143762945,0.41510864284839694,93.0,93.0,1.0,0.0,0.0,5.6684771444448465,104.01859323817725,203.73266299533753,False,False,0.0,0.0,False,0.0,0,0,0,True
315,95,0.050000000000000044,97.0857821120182,94.40703832924194,97.07846675588674,102.15524495500051,9.754526781959806,0.973079132298338,0.0,102.16372503944793,0.0,202.9258444579044,188.112672600831,1.1229226943234045,0.08772998423305696,0.1309377747693607,0.17675692470280976,0.02236512208600319,0.4062831525651613,93.0,93.0,1.0,0.0,0.0,5.6684771444448465,102.16372503944793,202.9258444579044,False,False,0.0,0.0,False,0.0,0,0,0,True
316,94,0.06000000000000005,96.51847552676014,94.2563849656142,96.18184828790521,101.82967262924927,9.651847552676017,1.1676949587580057,0.0,100.39083418946413,0.0,202.3044578476941,190.03813592312204,1.1211719484544163,0.08601582845585279,0.13079918947903188,0.19790415795192454,0.019117529165777816,0.4007329347103899,90.0,90.0,1.0,0.0,0.0,5.6684771444448465,100.39083418946413,202.3044578476941,False,False,0.0,0.0,False,0.0,0,0,0,True
317,94,0.06000000000000005,96.51847552676014,94.41785789415229,96.18184828790521,101.82967262924927,9.651847552676017,1.1676949587580057,0.0,98.55312039762349,0.0,201.87698010643754,191.80212631687496,1.1191907111391242,0.08408809863005429,0.13048000224525325,0.21662895916965316,0.013905891556601466,0.39685950525930264,90.0,90.0,1.0,0.0,0.0,5.6684771444448465,98.55312039762349,201.87698010643754,False,False,0.0,0.0,False,0.0,0,0,0,True
318,94,0.06000000000000005,96.51847552676014,94.74982474616681,96.18184828790521,102.00231008706301,9.651847552676017,1.1676949587580057,0.0,96.82085097368973,0.0,201.6443831005387,193.2341498586134,1.1169941770438954,0.08196344382644208,0.12998726390278512,0.23149619127648585,0.008099859317438932,0.3944152553912466,90.0,90.0,1.0,0.0,0.0,5.6684771444448465,96.82085097368973,201.6443831005387,False,False,0.0,0.0,False,0.0,0,0,0,True
319,94,0.06000000000000005,96.51847552676014,95.33048367708041,96.18184828790521,102.43382919006248,9.651847552676017,1.1676949587580057,0.0,95.45676296891041,0.0,201.77460693958574,194.0855144694382,1.1146234504252042,0.07968261880637043,0.1293349940397608,0.2403916015378999,0.0034682038918144474,0.3940094400814773,90.0,90.0,1.0,0.0,0.0,5.6684771444448465,95.45676296891041,201.77460693958574,False,False,0.0,0.0,False,0.0,0,0,0,True
320,94,0.06000000000000005,96.51847552676014,95.6856122489174,96.18184828790521,102.61984391007535,9.651847552676017,1.1676949587580057,0.0,94.22881396989885,0.0,201.88371164143723,194.58175050842607,1.1121491637134826,0.07731443223463705,0.1285431062038793,0.24572448057290988,0.005843297804015772,0.39365360886463757,90.0,90.0,1.0,0.0,0.0,5.6684771444448465,94.22881396989885,201.88371164143723,False,False,0.0,0.0,False,0.0,0,0,0,True
321,94,0.06000000000000005,96.51847552676014,95.89018226345064,96.18184828790521,102.64510359730316,9.651847552676017,1.1676949587580057,0.0,83.2086571988334,0.0,190.3280095787335,194.87341653288067,1.1096166173045598,0.07490215921818892,0.12763252769646016,0.2490174445659711,0.00792717491795924,0.3933322984031745,90.0,90.0,1.0,0.0,0.0,11.419680574724008,83.2086571988334,190.3280095787335,False,True,11.614745101386491,0.057515037465862055,False,0.0,2,2,0,True
322,94,0.06000000000000005,96.51847552676014,140.46961666378755,96.18184828790521,150.08530215858772,9.651847552676017,1.1676949587580057,0.0,124.01802039919006,0.016076282511558793,234.25906494039663,150.58564815699833,1.1070548125831154,0.0724726581165975,0.12662474993891487,-0.1225502347796942,0.4731502366495601,0.6329168393532367,97.0,0.0,0.0,0.0,0.0,8.431492481319292,124.03409668170163,234.25906494039663,False,False,0.0,0.0,False,0.0,1,1,0,True
323,100,0.0,102.6792292837874,95.01201692021276,102.79563833417585,101.7653841431616,10.267922928378741,0.0,0.0,112.35593062472715,0.0,223.59409893809243,158.36926957096142,1.1091563843566263,0.07458624662777716,0.1259673645462102,-0.06482842180714447,0.09806955416795275,0.46306276082824444,86.0,86.0,1.0,0.0,0.0,5.422586135299189,112.35593062472715,223.59409893809243,False,False,0.0,0.0,False,0.0,1,1,0,True
324,98,0.020000000000000018,97.72958851567542,90.97098093597594,100.69388158861743,97.58872976207246,10.062564469811168,0.3892316529193352,0.0,105.87139213820231,0.0,216.06033567605675,168.09217022360286,1.1104805458269635,0.07593113335277388,0.12549982925683564,0.01303397365413356,0.11674127108647359,0.4306489940387535,90.0,90.0,1.0,0.0,0.0,5.422586135299189,105.87139213820231,216.06033567605675,False,False,0.0,0.0,False,0.0,0,0,0,True
325,99,0.010000000000000009,98.24661316791114,91.37344025094644,101.86843429568036,98.06694896835019,10.165243699094955,0.1946158264596676,0.0,99.20288793859338,0.0,208.4238539450717,178.5871642683368,1.1107839256128418,0.07627092645379037,0.12514638839784908,0.09072669536359028,0.08890053525883976,0.4136708584931853,91.0,91.0,1.0,0.0,0.0,5.422586135299189,99.20288793859338,208.4238539450717,False,False,0.0,0.0,False,0.0,0,0,0,True
326,99,0.010000000000000009,98.98942483653985,92.57228937094203,101.85314151042337,99.29350399280798,10.165243699094955,0.1946158264596676,0.0,92.77430381601017,0.0,202.94787698672548,187.86801640781815,1.1101035875652063,0.07562877370862855,0.12499122344210124,0.1562955368774746,0.058266933793849576,0.40252936624843355,93.0,93.0,1.0,0.0,0.0,5.422586135299189,92.77430381601017,202.94787698672548,False,False,0.0,0.0,False,0.0,0,0,0,True
327,96,0.040000000000000036,98.19977495174845,93.79302406600226,98.56153927254505,100.45569186052113,9.857206011243592,0.7784633058386704,0.0,87.78669667266767,0.0,199.6869769810183,192.6365316143609,1.1086681654436208,0.07422016910265487,0.125050102561255,0.1927417557589052,0.03348346819333879,0.398617126369176,93.0,93.0,1.0,0.0,0.0,5.422586135299189,87.78669667266767,199.6869769810183,False,False,0.0,0.0,False,0.0,0,0,0,True
328,95,0.050000000000000044,97.38773974501594,95.09598953351232,97.37169378022513,101.66205347772467,9.754526781959804,0.973079132298338,0.0,84.54318581198761,0.0,199.82966297806897,194.91223586107375,1.1068780743310647,0.07244409469277821,0.1251923542144825,0.2106442809945587,0.012969356120481062,0.39882657393150395,93.0,93.0,1.0,0.0,0.0,5.422586135299189,84.54318581198761,199.82966297806897,False,False,0.0,0.0,False,0.0,0,0,0,True
329,94,0.06000000000000005,96.48758550595528,95.76286125891247,96.18184828790521,102.16886157228548,9.651847552676017,1.1676949587580057,0.0,82.49610685783072,0.0,199.90746501351038,195.33122289006647,1.104923961908984,0.07050223526141638,0.1253295020026751,0.21663627211233605,0.004236897795737857,0.3993846847210599,92.0,92.0,1.0,0.0,0.0,5.422586135299189,82.49610685783072,199.90746501351038,False,False,0.0,0.0,False,0.0,0,0,0,True
330,94,0.06000000000000005,96.51847552676014,96.90436586534814,96.18184828790521,103.18012034824743,9.651847552676017,1.1676949587580057,0.0,81.35454846384886,0.0,200.72519261122446,194.60870531262358,1.1029285299915348,0.06852813904444122,0.12537535319857854,0.21218340470209446,0.008995739397223068,0.40346793173400375,91.0,91.0,1.0,0.0,0.0,5.422586135299189,81.35454846384886,200.72519261122446,False,False,0.0,0.0,False,0.0,0,0,0,True
331,94,0.06000000000000005,96.51847552676014,97.3731878283312,96.18184828790521,103.48552535159756,9.651847552676017,1.1676949587580057,0.0,75.48618038827489,0.0,201.3080685629348,193.4173657721976,1.1010058830312688,0.06663542171342167,0.125329301137653,0.2041512768365173,0.011682547450955903,0.4061659362367176,91.0,91.0,1.0,0.0,0.0,2.428300887528988,75.48618038827489,201.3080685629348,False,False,0.0,0.0,False,0.0,1,1,0,True
332,94,0.06000000000000005,96.51847552676014,97.64503395338308,96.18184828790521,103.59785642843403,9.651847552676017,1.1676949587580057,0.0,74.5060512319229,0.0,201.84372888120964,191.95418010671975,1.0991932747397788,0.06486129055445145,0.12519173359703112,0.19444788069934466,0.011918172191105109,0.408759833212727,92.0,92.0,1.0,0.0,0.0,2.428300887528988,74.5060512319229,201.84372888120964,False,False,0.0,0.0,False,0.0,0,0,0,True
333,94,0.06000000000000005,96.51847552676014,97.95600789267745,96.18184828790521,103.77001999887854,9.651847552676017,1.1676949587580057,0.0,73.66224877804642,0.0,202.49655053382506,190.18002050194755,1.097507653495723,0.06322241772606751,0.12496545983342196,0.18267021196668004,0.012564816144813428,0.41212772881313775,92.0,92.0,1.0,0.0,0.0,2.428300887528988,73.66224877804642,202.49655053382506,False,False,0.0,0.0,False,0.0,0,0,0,True
334,94,0.06000000000000005,96.51847552676014,98.3187256509608,96.18184828790521,104.01727173986923,9.651847552676017,1.1676949587580057,0.0,73.03484576683285,0.0,203.30995725453886,188.04314313889193,1.0959715786966282,0.06174057420969772,0.12465618961509353,0.1683390766411072,0.01349825917678921,0.4164359028172748,91.0,91.0,1.0,0.0,0.0,2.428300887528988,73.03484576683285,203.30995725453886,False,False,0.0,0.0,False,0.0,0,0,0,True
335,95,0.050000000000000044,97.29619353086593,99.05225098370049,97.38698656548212,104.67913039505822,9.754526781959806,0.973079132298338,0.0,72.36058000792934,0.0,204.6584894026302,186.37787872067358,1.0946133433282141,0.06044285066451303,0.12427203742583263,0.15266539244494345,0.018129870666050783,0.42223925885671587,92.0,92.0,1.0,0.0,0.0,2.428300887528988,72.36058000792934,204.6584894026302,False,False,0.0,0.0,False,0.0,0,0,0,True
336,95,0.050000000000000044,97.37538507958149,99.25287026088958,97.38698656548212,104.79593762353765,9.754526781959806,0.973079132298338,0.0,71.69927647080277,0.0,205.7744212652099,184.51199502526612,1.0934712508302502,0.059354531070407224,0.12392506370201098,0.1362138507126675,0.016249988627912458,0.4267522523991552,92.0,92.0,1.0,0.0,0.0,2.428300887528988,71.69927647080277,205.7744212652099,False,False,0.0,0.0,False,0.0,0,0,0,True
337,96,0.040000000000000036,98.41128034111402,100.23383087995306,98.57683205780202,105.75637109985938,9.857206011243592,0.7784633058386704,0.0,71.03026823073327,0.0,206.66144331679922,182.85499620311506,1.0925677568722933,0.05849539446180041,0.1236276198689289,0.11735438160634118,0.022731700024245332,0.4340031777206308,92.0,92.0,1.0,0.0,0.0,2.428300887528988,71.03026823073327,206.66144331679922,False,False,0.0,0.0,False,0.0,0,0,0,True
338,96,0.040000000000000036,98.53902432969035,100.5445713920842,98.57683205780202,106.0282424000744,9.857206011243592,0.7784633058386704,0.0,70.48092607715262,0.0,207.3049344136734,180.88725686883294,1.09194039603829,0.05789086127223016,0.12346639270085188,0.0971878416273232,0.0207881848653671,0.43972096049612686,92.0,92.0,1.0,0.0,0.0,2.428300887528988,70.48092607715262,207.3049344136734,False,False,0.0,0.0,False,0.0,0,0,0,True
339,96,0.040000000000000036,98.57206011243589,100.68386400003129,98.57683205780202,106.13992688789531,9.857206011243592,0.7784633058386704,0.0,69.99014680414116,0.0,207.9177745951027,178.78022492660358,1.0916002135795586,0.05755200747228417,0.12344059168807875,0.07714158128555208,0.017464675868653093,0.4452725062142127,91.0,91.0,1.0,0.0,0.0,2.428300887528988,69.99014680414116,207.9177745951027,False,False,0.0,0.0,False,0.0,0,0,0,True
340,97,0.030000000000000027,99.59885240527377,101.63285456540723,99.55927370619264,107.12537924890698,9.95988524052738,0.5838474793790028,0.0,69.53201963081203,0.0,208.4928471293781,176.70664406738908,1.0915392920078681,0.05747176790135109,0.12354571458348779,0.05761678400582885,0.022971438736620116,0.45294598996393154,92.0,92.0,1.0,0.0,0.0,2.428300887528988,69.53201963081203,208.4928471293781,False,False,0.0,0.0,False,0.0,0,0,0,True
341,96,0.040000000000000036,98.57206011243589,100.79713781452392,98.57683205780202,106.25246332319037,9.857206011243592,0.7784633058386704,0.0,59.11273224785568,0.0,193.94492388992222,174.4863383106672,1.0917430306388174,0.057638191347252385,0.12372521573085712,0.03921033121126525,0.010717670102288055,0.4556083098188014,91.0,91.0,1.0,0.0,0.0,11.636695433395332,59.11273224785568,193.94492388992222,False,True,15.212204117549458,0.0727309858500545,False,0.0,2,2,0,True
342,98,0.020000000000000018,100.62564469811164,157.77699729352204,100.35952720313537,166.35642386363588,10.062564469811168,0.3892316529193352,0.0,116.55307858356618,1.0037059335552323,250.6168445191905,117.06886822028049,1.092192098862959,0.05803208722793625,0.12402291717665248,-0.38629884828775196,0.5762178157456632,0.8194229262709877,99.0,0.0,0.0,0.0,0.0,11.636695433395332,117.55678451712141,250.6168445191905,False,False,0.0,0.0,False,0.0,0,0,0,True
343,100,0.0,102.6792292837874,121.92437985396099,102.15276413909841,129.25198047649036,10.267922928378743,0.0,0.0,137.11948529550298,0.0,265.9191278494715,97.29725250541793,1.0981351354023245,0.06377293692063071,0.1246355665631298,-0.4981649358674997,0.07935151590270464,0.7888887087592769,88.0,0.0,0.0,0.0,0.0,11.636695433395332,137.11948529550298,265.9191278494715,False,False,0.0,0.0,False,0.0,0,0,0,True
344,100,0.0,102.08386348835114,100.80498466708421,102.15276413909841,107.5759642459115,10.267922928378743,0.0,0.0,137.3572196122903,0.6084726261214745,262.2663219322683,98.64503197743215,1.1053552224925738,0.07078119208829184,0.125187089177411,-0.4734431052065629,0.12302297006733547,0.6995985271968793,88.0,32.0,0.36363636363636365,0.0,0.0,11.636695433395332,137.96569223841178,262.2663219322683,False,False,0.0,0.0,False,0.0,0,0,0,True
345,100,0.0,101.18698220859254,97.53228012898283,102.15276413909841,104.73381365876361,10.267922928378743,0.0,0.0,135.65837699989925,2.428048850467955,257.90855174412025,103.26551598754776,1.1120927008530712,0.07734565185353166,0.12555765316439818,-0.42904331023975617,0.12739298730739282,0.6708343835668714,88.0,37.0,0.42045454545454547,0.0,0.0,11.636695433395332,138.0864258503672,257.90855174412025,False,False,0.0,0.0,False,0.0,0,0,0,True
346,99,0.010000000000000009,100.4740257084375,96.9381289406159,101.2561456711169,104.68130231384532,10.165243699094955,0.1946158264596676,0.0,134.46592746006766,3.7419098335607557,253.75864206861962,107.58353271804879,1.1181336506970236,0.08325594221610058,0.12576107370944523,-0.38844158139543944,0.10712487736329253,0.6548144706758202,88.0,35.0,0.3977272727272727,0.0,0.0,11.636695433395332,138.20783729362842,253.75864206861962,False,False,0.0,0.0,False,0.0,0,0,0,True
347,99,0.010000000000000009,100.90153959178166,97.48886510236504,101.56466548071226,105.80612751891111,10.165243699094955,0.1946158264596676,0.0,133.92718921593917,4.387012842181073,249.58672468134597,111.65933309639598,1.123538777220543,0.08856291603321945,0.12586024658116932,-0.3559626613035129,0.07981844041713122,0.6461515121901886,88.0,32.0,0.36363636363636365,0.0,0.0,11.636695433395332,138.31420205812023,249.58672468134597,False,False,0.0,0.0,False,0.0,0,0,0,True
348,100,0.0,101.34260106044503,96.06210854904376,102.76980375828916,104.72371264949467,10.267922928378743,0.0,0.0,131.93721312153048,5.256989528163883,244.7505815962594,118.36702830564143,1.1284286805768966,0.09336573482558794,0.1260098652120019,-0.3106468612817176,0.07667258305467037,0.6209623302267365,90.0,36.0,0.4,0.0,0.0,11.636695433395332,137.19420264969435,244.7505815962594,False,False,0.0,0.0,False,0.0,0,0,0,True
349,100,0.0,100.43385461386276,95.92970964087283,102.76980375828916,104.96820789345223,10.267922928378743,0.0,0.0,131.02771839817223,7.434258704670502,242.36621318734706,125.20712242305774,1.1326624675905432,0.09751762393692272,0.12630550637997626,-0.26591963671487856,0.06188031284895029,0.60167676400395,89.0,33.0,0.3707865168539326,0.0,0.0,11.636695433395332,138.46197710284272,242.36621318734706,False,False,0.0,0.0,False,0.0,0,0,0,True
350,99,0.010000000000000009,99.81036099653612,95.31622405955913,101.56466548071226,104.61266041022475,10.165243699094955,0.1946158264596676,0.0,130.26097897977363,8.845204064662239,239.56414133456062,131.45556384421087,1.1362800672779545,0.10105891569725538,0.12673548429819378,-0.2221381960040792,0.05495497808642421,0.5797903200477994,89.0,31.0,0.34831460674157305,0.0,0.0,11.636695433395332,139.10618304443585,239.56414133456062,False,False,0.0,0.0,False,0.0,0,0,0,True
351,98,0.020000000000000018,99.19958241727092,94.85104341867364,100.51386297883202,104.35219478345203,10.062564469811166,0.3892316529193352,0.0,129.72458130602277,9.605501624983564,236.5256982593001,137.1183834043693,1.1392879363231494,0.1040025903816472,0.12723070654569543,-0.18302342397721572,0.048106338599471,0.5581705271638294,89.0,30.0,0.33707865168539325,0.0,0.0,11.636695433395332,139.33008293100633,236.5256982593001,False,False,0.0,0.0,False,0.0,0,0,0,True
352,99,0.010000000000000009,99.37106907984435,93.49019489847916,101.69806941694748,103.04313968642467,10.165243699094955,0.1946158264596676,0.0,127.77996593971375,10.896730176524324,233.06843653938967,145.3262579228376,1.141757729255791,0.10640946074924822,0.1279026752329156,-0.12887956213404422,0.05192298966790202,0.5266875272225551,89.0,34.0,0.38202247191011235,0.0,0.0,11.636695433395332,138.67669611623808,233.06843653938967,False,False,0.0,0.0,False,0.0,0,0,0,True
353,98,0.020000000000000018,98.59115283793798,94.06464375926879,100.61801845802628,103.78882528784762,10.062564469811166,0.3892316529193352,0.0,127.19791404314326,11.860135696297787,230.7857731134372,151.87963262159514,1.143528525292966,0.1081108011108964,0.12880328278132375,-0.08518968783604082,0.036811218408747744,0.5082375739440189,84.0,31.0,0.36904761904761907,0.0,0.0,11.636695433395332,139.05804973944103,230.7857731134372,False,False,0.0,0.0,False,0.0,0,0,0,True
354,99,0.010000000000000009,99.71504889889152,94.5390064710196,101.55190251151568,104.36666936996197,10.165243699094955,0.1946158264596676,0.0,126.14046496053346,12.137999446832323,227.71343994691986,158.8925286620912,1.1447356349395383,0.1092440667087955,0.12982193981776782,-0.03814732004670243,0.027928563527079054,0.4883430545624113,84.0,33.0,0.39285714285714285,0.0,0.0,11.636695433395332,138.2784644073658,227.71343994691986,False,False,0.0,0.0,False,0.0,0,0,0,True
355,98,0.020000000000000018,98.01064466331796,93.29913324624532,100.2579015400015,102.99520763355378,10.062564469811166,0.3892316529193352,0.0,120.2929183938026,13.363738855023902,226.0124419280973,165.85129695584737,1.1453289448942672,0.1097661993377034,0.13086024552742076,0.01456542646182708,0.03239123350065061,0.4642393961076877,83.0,33.0,0.39759036144578314,0.0,0.0,8.641231770787961,133.6566572488265,226.0124419280973,False,False,0.0,0.0,False,0.0,1,1,0,True
356,98,0.020000000000000018,95.27933727799967,90.82255751917484,100.16874686270302,100.20576231721083,10.062564469811166,0.3892316529193352,0.0,119.16586706860606,9.26685866612444,221.39998762636824,175.1974862993756,1.145251984413381,0.10964249477109766,0.13177688892175843,0.09163112542106888,0.051420107883476805,0.4297682882849957,84.0,84.0,1.0,0.0,0.0,8.641231770787961,128.4327257347305,221.39998762636824,False,False,0.0,0.0,False,0.0,0,0,0,True
357,93,0.06999999999999995,93.44047411832393,90.24090920615764,95.0356576540613,99.42377458902091,9.549168323392232,1.3623107852176732,0.0,118.59479934498377,6.100095276999107,218.6229794860766,179.99223474727927,1.1440901976682325,0.10847945940715875,0.13241659721623655,0.142947771963872,0.04704693618945111,0.4115442729213578,82.0,82.0,1.0,0.0,0.0,8.641231770787961,124.69489462198288,218.6229794860766,False,False,0.0,0.0,False,0.0,0,0,0,True
358,89,0.10999999999999999,89.50544828579882,87.81377757564803,91.28199749907947,96.56928744450927,9.138451406257081,2.1407740910563438,0.0,108.75910598449043,3.829559099218897,217.6563595550985,183.46045467071073,1.142208553902039,0.10663780418097735,0.13261607148869617,0.18246692250130195,0.06311994547701505,0.395311971465495,82.0,82.0,1.0,0.0,0.0,2.6673091203880825,112.58866508370933,217.6563595550985,False,False,0.0,0.0,False,0.0,2,2,0,True
359,88,0.12,88.07615954365887,87.09180659507575,90.29955585068883,95.5528040727916,9.035772176973293,2.3353899175160113,0.0,108.84119262107963,2.7877787627121338,218.29503935939522,186.66820392632383,1.1398192421531708,0.10429784555487649,0.132763593792106,0.21807651412451476,0.0578382514771971,0.3870324333428147,83.0,83.0,1.0,0.0,0.0,2.6673091203880825,111.62897138379176,218.29503935939522,False,False,0.0,0.0,False,0.0,0,0,0,True
360,88,0.12,89.12062805962609,88.30180436970132,90.29955585068883,96.61842689737853,9.035772176973293,2.3353899175160113,0.0,108.94743493395353,1.8515329236097458,219.2559900574637,188.66595540731134,1.1370306698307018,0.10156435168685048,0.13289772891227325,0.23940501461854571,0.03257819707606258,0.3877989014731772,85.0,85.0,1.0,0.0,0.0,2.6673091203880825,110.79896785756327,219.2559900574637,False,False,0.0,0.0,False,0.0,0,0,0,True
361,88,0.12,89.47768692726031,88.92264448830929,90.29955585068883,97.0228787571869,9.035772176973293,2.3353899175160113,0.0,109.10495482065552,0.912860652705873,219.96841318328626,190.04286676969093,1.1341379870482202,0.09871511155063598,0.1330268859345989,0.2532119887917412,0.018986528861402143,0.3874971640209891,84.0,84.0,1.0,0.0,0.0,2.6673091203880825,110.0178154733614,219.96841318328626,False,False,0.0,0.0,False,0.0,0,0,0,True
362,88,0.12,89.53254127979051,89.22914612979395,90.29955585068883,97.07590463129945,9.035772176973293,2.3353899175160113,0.0,99.29279858896584,0.0,204.9136372635778,191.11327649058583,1.1311900802663708,0.095803796662259,0.13314510504352395,0.26325510493560034,0.011869286137017572,0.38658393549246506,84.0,84.0,1.0,0.0,0.0,12.294818235814667,99.29279858896584,204.9136372635778,False,True,15.611673378295118,0.07079311364693211,False,0.0,2,2,0,True
363,88,0.12,90.35772176973292,127.14203639062725,90.29955585068883,137.91803066420064,9.035772176973293,2.3353899175160113,0.0,134.12264805769487,1.2128139472681667,244.65098792834038,154.27079595064743,1.128210157502419,0.0928568430230585,0.13324667995997658,-0.07044535438503448,0.4113379642797533,0.5970207752703516,90.0,0.0,0.0,0.0,0.0,9.300949624851585,135.33546200496303,244.65098792834038,False,False,0.0,0.0,False,0.0,1,1,0,True
364,100,0.0,102.67922928378741,93.73100331794811,102.24466903237476,101.7653841431616,10.267922928378741,0.0,0.0,122.81997402198846,0.0,232.2564059120677,162.78446166507405,1.1293208512469897,0.0939116545711703,0.1335575402820442,0.000718171497266501,0.047073317878762025,0.453562612286219,80.0,80.0,1.0,0.0,0.0,6.286016912365306,122.81997402198846,232.2564059120677,False,False,0.0,0.0,False,0.0,1,1,0,True
365,98,0.020000000000000018,99.77022563094451,91.55899319404827,100.35952720313537,99.42530316581455,10.062564469811168,0.3892316529193352,0.0,116.5139729732034,0.0,223.30933708188826,171.58499567416115,1.1294409951715039,0.09402996469315279,0.13344469109646148,0.07372875399913648,0.05920079375574293,0.4254047330965244,83.0,83.0,1.0,0.0,0.0,6.286016912365306,116.5139729732034,223.30933708188826,False,False,0.0,0.0,False,0.0,0,0,0,True
366,93,0.06999999999999995,94.2287633270399,87.78611000481429,95.42494064486215,95.2717476486681,9.54916832339223,1.3623107852176732,0.0,110.90562679921892,0.0,218.3617141691593,179.22382631420902,1.1286027850663303,0.09322970926010579,0.13309415620028942,0.14192480954658362,0.08574114614839749,0.3979964392210582,85.0,85.0,1.0,0.0,0.0,6.286016912365306,110.90562679921892,218.3617141691593,False,False,0.0,0.0,False,0.0,0,0,0,True
367,91,0.08999999999999997,90.47902006782857,85.47523358576707,93.44172504929573,92.63358731733035,9.343809864824655,1.7515424381370084,0.0,101.35450732151956,0.0,215.2111711786098,187.19031777773773,1.1269298489604727,0.09161222074851263,0.13278663435809207,0.21437193590697357,0.09237441111900015,0.3774298205130894,86.0,86.0,1.0,0.0,0.0,3.4867632593237334,101.35450732151956,215.2111711786098,False,False,0.0,0.0,False,0.0,1,1,0,True
368,88,0.12,89.52537486120143,86.36092373403447,90.29955585068883,93.39172654398644,9.035772176973293,2.3353899175160113,0.0,97.55556370646188,0.0,214.14810792034018,191.1289498943921,1.124574705054251,0.08930594592545646,0.13260151312715385,0.2580054622295044,0.06375420709817342,0.3740298173212403,87.0,87.0,1.0,0.0,0.0,3.4867632593237334,97.55556370646188,214.14810792034018,False,False,0.0,0.0,False,0.0,0,0,0,True
369,88,0.12,89.68679540187173,88.2110488155487,90.29955585068883,95.14755170777858,9.035772176973293,2.3353899175160113,0.0,95.21212236694019,0.0,215.2450680177637,193.21745692953218,1.121794908111385,0.08657797231183066,0.13239626034882518,0.28042950737468575,0.03001071571658979,0.377069688030713,87.0,87.0,1.0,0.0,0.0,3.4867632593237334,95.21212236694019,215.2450680177637,False,False,0.0,0.0,False,0.0,0,0,0,True
370,88,0.12,90.07412471880004,90.29384403939412,90.29955585068883,97.13872712329555,9.035772176973293,2.3353899175160113,0.0,94.38684291047959,0.0,217.33691836567033,193.22316874082694,1.1188856052602298,0.08372964486804084,0.13208361211238023,0.2805542107283532,0.003117051824820764,0.3842760376533915,87.0,87.0,1.0,0.0,0.0,3.4867632593237334,94.38684291047959,217.33691836567033,False,False,0.0,0.0,False,0.0,0,0,0,True
371,88,0.12,90.35300837766948,91.67295368477906,90.29955585068883,98.38660028942415,9.035772176973293,2.3353899175160113,0.0,94.50037792697064,0.0,219.5527433934629,191.84977090673678,1.116121924178478,0.08103556221961687,0.13164532917872068,0.2670059455833276,0.015430153496616958,0.39141969541738375,86.0,86.0,1.0,0.0,0.0,3.4867632593237334,94.50037792697064,219.5527433934629,False,False,0.0,0.0,False,0.0,0,0,0,True
372,88,0.12,90.35772176973292,92.07555824856415,90.29955585068883,98.60900197646494,9.035772176973293,2.3353899175160113,0.0,94.83575246623337,0.0,221.2991934858485,190.07376850886146,1.1136175513265054,0.07859945297089144,0.1311803528419947,0.25044097193613146,0.01671152243915051,0.396028496261129,85.0,85.0,1.0,0.0,0.0,3.4867632593237334,94.83575246623337,221.2991934858485,False,False,0.0,0.0,False,0.0,0,0,0,True
373,88,0.12,90.35772176973292,92.26302584682671,90.29955585068883,98.6248123424818,9.035772176973293,2.3353899175160113,0.0,90.18171761612821,0.0,222.95812377256482,188.1102985127236,1.1113863164830873,0.07643120935443533,0.1307324018017,0.23304471288705217,0.015694918283729008,0.40036145163099357,85.0,85.0,1.0,0.0,0.0,0.4762739432488696,90.18171761612821,222.95812377256482,False,False,0.0,0.0,False,0.0,1,1,0,True
374,88,0.12,90.35772176973292,92.51927368861578,90.29955585068883,98.73652734394256,9.035772176973293,2.3353899175160113,0.0,85.46814153794523,0.0,209.6309560555512,185.8905806747967,1.109426165472819,0.07452684768672521,0.1303242497671709,0.21407064881775067,0.015396733419681535,0.4055344853660586,85.0,85.0,1.0,0.0,0.0,12.57785736333307,85.46814153794523,209.6309560555512,False,True,15.112726032507306,0.06724427530997679,False,0.0,1,1,0,True
375,88,0.12,90.35772176973292,138.14152053855094,90.29955585068883,147.21673646926467,9.035772176973293,2.3353899175160113,0.0,134.0810011729346,0.1336224344218353,257.58782101253144,138.04861598693464,1.107746534044771,0.07289431431321217,0.12997172895037032,-0.1951249012854198,0.5099626509597014,0.6814639003309246,88.0,0.0,0.0,0.0,0.0,12.57785736333307,134.21462360735643,257.58782101253144,False,False,0.0,0.0,False,0.0,0,0,0,True
376,100,0.0,102.67922928378742,116.34210719778369,103.08322361849885,124.33981093047126,10.26792292837874,0.0,0.0,150.37611902639856,0.0,268.8468572964148,124.7897324076498,1.110849403340269,0.07591192162442847,0.13022866245796968,-0.30791417675429517,0.14190943676672593,0.6664844234155606,81.0,0.0,0.0,0.0,0.0,12.57785736333307,150.37611902639856,268.8468572964148,False,False,0.0,0.0,False,0.0,0,0,0,True
377,100,0.0,102.67922928378742,100.72897810709715,103.08322361849885,108.0735666783996,10.26792292837874,0.0,0.0,151.00079776558354,0.0,264.0525977063579,127.14397791905154,1.1153803252946584,0.08027917443257056,0.13112639225566614,-0.2992693281440842,0.041871406919784714,0.615048191061228,82.0,23.0,0.2804878048780488,0.0,0.0,12.57785736333307,151.00079776558354,264.0525977063579,False,False,0.0,0.0,False,0.0,0,0,0,True
378,100,0.0,101.47928055360211,96.07179721543989,103.08322361849885,103.43371303973463,10.26792292837874,0.0,0.0,143.1691677925838,0.6641290303699958,257.7599750602823,134.15540432211048,1.119742635020264,0.0844466277619679,0.13254298921098426,-0.2569372653702485,0.0780618963270683,0.5917238408209697,85.0,34.0,0.4,0.0,0.0,9.554310848751927,143.8332968229538,257.7599750602823,False,False,0.0,0.0,False,0.0,1,1,0,True
379,98,0.020000000000000018,95.24284333144465,88.46489677942556,101.0420372182746,95.49511369424752,10.062564469811164,0.3892316529193352,0.0,138.20439556505715,0.0,252.21415492852572,146.7325447609595,1.123517676343273,0.08800855205101779,0.13444560977976638,-0.16751163516471196,0.1367811275260022,0.5326437761221772,89.0,89.0,1.0,0.0,0.0,9.554310848751927,138.20439556505715,252.21415492852572,False,False,0.0,0.0,False,0.0,0,0,0,True
380,96,0.040000000000000036,94.3891118522598,88.10968727372953,98.51776448053586,95.23040531295143,9.857206011243589,0.7784633058386704,0.0,128.45842471869264,0.0,248.71689544266275,157.1406219677659,1.1260814520524316,0.09036115268139082,0.1367486179464112,-0.08164280430350479,0.11428180732672939,0.5012891902164766,90.0,90.0,1.0,0.0,0.0,6.551419148299507,128.45842471869264,248.71689544266275,False,False,0.0,0.0,False,0.0,1,1,0,True
381,99,0.010000000000000009,97.79511170804334,91.27977769862429,101.30613349645364,98.67116898439473,10.165243699094953,0.1946158264596676,0.0,123.67150101485478,0.0,245.28042508909505,167.16697776559522,1.1274839407238637,0.09158712629868578,0.1390474102863607,0.0016442178909754413,0.059633792509556985,0.47937187425118977,92.0,92.0,1.0,0.0,0.0,6.551419148299507,123.67150101485478,245.28042508909505,False,False,0.0,0.0,False,0.0,0,0,0,True
382,96,0.040000000000000036,97.62019995085423,92.55541886140153,98.50600967928868,99.98037002172308,9.85720601124359,0.7784633058386704,0.0,119.9178540415603,0.0,243.2829449373817,173.11756858348244,1.127754938764744,0.09174242819305675,0.14091028042222487,0.05139081308037237,0.03471252213522284,0.4644945079429391,90.0,90.0,1.0,0.0,0.0,6.551419148299507,119.9178540415603,243.2829449373817,False,False,0.0,0.0,False,0.0,0,0,0,True
383,99,0.010000000000000009,101.08157851537618,95.97047528653827,101.26899676558189,103.5475606247763,10.165243699094955,0.1946158264596676,0.0,116.40858275059753,0.0,240.57791640872273,178.41609006252602,1.127367371651081,0.09127029300539105,0.14245715423208755,0.09571999680307093,0.01956087003214025,0.45117591369763277,88.0,88.0,1.0,0.0,0.0,6.551419148299507,116.40858275059753,240.57791640872273,False,False,0.0,0.0,False,0.0,0,0,0,True
384,97,0.030000000000000027,99.54175406172325,95.01439717925672,99.41952962851396,102.3741774605518,9.95988524052738,0.5838474793790028,0.0,112.9535686161919,0.0,236.78423842185907,182.82122251178325,1.1263737910568186,0.09025181619925053,0.14327093568797206,0.13334224289820143,0.01513403954764431,0.4279784023333201,87.0,87.0,1.0,0.0,0.0,6.551419148299507,112.9535686161919,236.78423842185907,False,False,0.0,0.0,False,0.0,0,0,0,True
385,96,0.040000000000000036,98.35507805426485,94.86200935362132,98.56912764333362,102.04739706291953,9.857206011243592,0.7784633058386704,0.0,110.1401863827865,0.0,234.40235503138769,186.52834080149552,1.1248891115601656,0.08878257751864886,0.14354699643056337,0.16446950216241524,0.01326769864405106,0.4144079427377525,86.0,86.0,1.0,0.0,0.0,6.551419148299507,110.1401863827865,234.40235503138769,False,False,0.0,0.0,False,0.0,0,0,0,True
386,94,0.06000000000000005,96.25627349312036,93.53132121852532,96.69169022856263,100.43838560460914,9.651847552676017,1.1676949587580057,0.0,107.52985719894842,0.0,232.82211741142135,189.68870981153287,1.123024876564225,0.08695349848866149,0.14343242356279493,0.18960370932549409,0.01883703060515566,0.403414746273201,86.0,86.0,1.0,0.0,0.0,6.551419148299507,107.52985719894842,232.82211741142135,False,False,0.0,0.0,False,0.0,0,0,0,True
387,92,0.07999999999999996,93.97915398586396,92.11486113614035,94.7357260208099,98.71914494963266,9.446489094108442,1.5569266116773408,0.0,100.18137172713713,0.0,232.7008108322264,192.30957469620245,1.1208812098405203,0.08484730129129711,0.14324574977440613,0.21125406974789124,0.029474504043931603,0.3950974543655732,86.0,86.0,1.0,0.0,0.0,3.5413875084970474,100.18137172713713,232.7008108322264,False,False,0.0,0.0,False,0.0,1,1,0,True
388,91,0.08999999999999997,93.34199020689506,92.42186358034023,93.530587743233,98.8228370442757,9.343809864824653,1.7515424381370084,0.0,98.22983921596453,0.0,233.67650361120576,193.41829885909524,1.1185126174021502,0.08251349424809717,0.14311052052833337,0.22413089127524816,0.019994447721658013,0.3942316284781907,86.0,86.0,1.0,0.0,0.0,3.5413875084970474,98.22983921596453,233.67650361120576,False,False,0.0,0.0,False,0.0,0,0,0,True
389,91,0.08999999999999997,93.3577227030667,93.21926763047178,93.530587743233,99.44792327948045,9.343809864824653,1.7515424381370084,0.0,91.83801502595225,0.0,235.21100140144716,193.7296189718565,1.1160617845910132,0.08010850980563888,0.1428781796840517,0.22846169119164705,0.009622854786790435,0.3964133589463739,86.0,86.0,1.0,0.0,0.0,0.5544130722806746,91.83801502595225,235.21100140144716,False,False,0.0,0.0,False,0.0,1,1,0,True
390,91,0.08999999999999997,93.43486475076978,94.13989303456044,93.530587743233,100.21305634346457,9.343809864824653,1.7515424381370084,0.0,90.8787656661396,0.0,237.14568886366584,193.12031368052902,1.1136516534366656,0.07775449534274656,0.14254082709956234,0.22369271697854934,0.007493283778471589,0.40060882830316624,87.0,87.0,1.0,0.0,0.0,0.5544130722806746,90.8787656661396,237.14568886366584,False,False,0.0,0.0,False,0.0,0,0,0,True
391,91,0.08999999999999997,93.43809864824654,94.75379174625961,93.530587743233,100.66330697304538,9.343809864824653,1.7515424381370084,0.0,90.33145960710385,0.0,239.08924782445956,191.8971096775025,1.1113664266425467,0.07552676086795637,0.14217387155519615,0.21338261290398602,0.011572323626411583,0.40484770508081924,86.0,86.0,1.0,0.0,0.0,0.5544130722806746,90.33145960710385,239.08924782445956,False,False,0.0,0.0,False,0.0,0,0,0,True
392,91,0.08999999999999997,93.43809864824654,94.98463170201303,93.530587743233,100.72146908926067,9.343809864824653,1.7515424381370084,0.0,89.82230428634483,0.0,240.83429357474512,190.44306571872247,1.1092568276872814,0.07347091326794293,0.14182252599730535,0.2014822443212508,0.012243883602988937,0.40821512511195757,86.0,86.0,1.0,0.0,0.0,0.5544130722806746,89.82230428634483,240.83429357474512,False,False,0.0,0.0,False,0.0,0,0,0,True
393,91,0.08999999999999997,93.43809864824654,95.18506978362394,93.530587743233,100.76251951876336,9.343809864824653,1.7515424381370084,0.0,89.33558293838229,0.0,242.5915678134193,188.78858367833152,1.1073317043648896,0.07159397241889406,0.14150782963928948,0.18831375043401571,0.012514478515931007,0.41185637616072235,86.0,86.0,1.0,0.0,0.0,0.5544130722806746,89.33558293838229,242.5915678134193,False,False,0.0,0.0,False,0.0,0,0,0,True
394,91,0.08999999999999997,93.43809864824654,95.49500132645865,93.530587743233,100.93452769837485,9.343809864824653,1.7515424381370084,0.0,83.95089808324845,0.0,228.32531168104356,186.8241700951059,1.1055992250163835,0.06990310579287717,0.14124158425016003,0.1728975240932001,0.013338825764148942,0.4164596130330529,86.0,86.0,1.0,0.0,0.0,13.699518700862615,83.95089808324845,228.32531168104356,False,True,16.176410924206834,0.06616072374395396,False,0.0,1,1,0,True
395,91,0.08999999999999997,93.43809864824654,145.36230913199836,93.530587743233,153.43129103289044,9.343809864824653,1.7515424381370084,0.0,135.918269594534,0.0,278.97469420086276,134.99244870634055,1.1040808058339961,0.06841856873760008,0.1410329332526656,-0.24893345794189012,0.5353168841881305,0.7187214378500932,92.0,0.0,0.0,0.0,0.0,13.699518700862615,135.918269594534,278.97469420086276,False,False,0.0,0.0,False,0.0,0,0,0,True
396,100,0.0,102.67922928378741,128.3745505473798,103.12182116358211,135.99771829446112,10.26792292837874,0.0,0.0,163.93847161763827,0.0,302.14382552578786,109.73971932254285,1.107993124807457,0.07220247136401026,0.14129545576875407,-0.4313255592388695,0.2114856919903767,0.7801410019690016,83.0,0.0,0.0,0.0,0.0,13.699518700862615,163.93847161763827,302.14382552578786,False,False,0.0,0.0,False,0.0,0,0,0,True
397,100,0.0,102.51536458203861,100.701892075234,103.12182116358211,107.27568609698638,10.26792292837874,0.0,0.0,164.42502038771678,0.0,297.38636636466003,112.15964841089098,1.1141935916005845,0.07819578663636953,0.14208573783550182,-0.41634673065620403,0.09249716046239315,0.6824431177236556,85.0,29.0,0.3411764705882353,0.0,0.0,13.699518700862615,164.42502038771678,297.38636636466003,False,False,0.0,0.0,False,0.0,0,0,0,True
398,100,0.0,99.82642779148927,93.63158296581061,103.12182116358211,100.2430394255614,10.26792292837874,0.0,0.0,155.6157149780581,2.7837944176920564,291.92503550478784,121.6498866086625,1.1200859690346143,0.08387582288318532,0.14323773878720614,-0.35371721810221396,0.1387367430436336,0.6346865315574302,87.0,42.0,0.4827586206896552,0.0,0.0,10.717558191122732,158.39950939575016,291.92503550478784,False,False,0.0,0.0,False,0.0,1,1,0,True
399,98,0.020000000000000018,91.44217728597467,85.44792845064781,101.0200644180237,91.84121992480418,10.062564469811166,0.3892316529193352,0.0,151.25280328229007,0.7558365778458145,284.3407250053114,137.22202257603843,1.125117774165189,0.0887047037645445,0.1447203348460349,-0.24050307848206284,0.18945580551089639,0.5523533017208583,88.0,88.0,1.0,0.0,0.0,10.717558191122732,152.0086398601359,284.3407250053114,False,False,0.0,0.0,False,0.0,0,0,0,True
400,97,0.030000000000000027,91.27556939033077,85.26616254709914,99.87944311376835,91.8459752847454,9.959885240527377,0.5838474793790028,0.0,141.97788385132048,0.0,277.99454056485297,151.83530314270763,1.1285622455381081,0.09197641400691456,0.14650385413511138,-0.12864087485945264,0.156356283739431,0.5093320528035056,87.0,87.0,1.0,0.0,0.0,7.818411322507387,141.97788385132048,277.99454056485297,False,False,0.0,0.0,False,0.0,1,1,0,True
401,97,0.030000000000000027,95.67091176170125,89.01519475025928,100.09048745916338,95.94062959295624,9.959885240527377,0.5838474793790028,0.0,136.8950650873136,0.0,273.0276177026348,162.91059585161176,1.1304818110144057,0.09375831138213617,0.1485004089671769,-0.04741892227531304,0.08860604472331575,0.49306848039704515,90.0,90.0,1.0,0.0,0.0,7.818411322507387,136.8950650873136,273.0276177026348,False,False,0.0,0.0,False,0.0,0,0,0,True
402,98,0.020000000000000018,98.00119559149273,91.18446725541524,100.78528801141213,98.22574230699571,10.062564469811164,0.3892316529193352,0.0,131.6731665987438,0.0,267.81016526609704,172.51141660760862,1.1313375034745443,0.09448382260153468,0.15065952039592997,0.027141250689542575,0.04900300450982523,0.4697817251278713,91.0,91.0,1.0,0.0,0.0,7.818411322507387,131.6731665987438,267.81016526609704,False,False,0.0,0.0,False,0.0,0,0,0,True
403,96,0.040000000000000036,97.90419272099682,91.76460349145168,98.52437319923273,98.76613899627684,9.85720601124359,0.7784633058386704,0.0,126.71386404008476,0.0,263.5199761760868,179.2711863153897,1.131516530619778,0.09456744308326304,0.1523549517400158,0.08738733353861403,0.03355720462753083,0.4476386505996827,89.0,89.0,1.0,0.0,0.0,7.818411322507387,126.71386404008476,263.5199761760868,False,False,0.0,0.0,False,0.0,0,0,0,True
404,96,0.040000000000000036,98.57206011243589,92.63790863000291,98.231014854434,99.61216635462822,9.857206011243592,0.7784633058386704,0.0,116.70905229861899,0.0,258.9789415670559,184.86429253982084,1.1311244562360816,0.09413358016479476,0.1533309831612179,0.14475321909920633,0.02203939870108901,0.4247971403223166,89.0,89.0,1.0,0.0,0.0,4.793007251788389,116.70905229861899,258.9789415670559,False,False,0.0,0.0,False,0.0,1,1,0,True
405,96,0.040000000000000036,98.15602943018159,92.77465653215953,98.53345295116213,99.64829282434607,9.857206011243592,0.7784633058386704,0.0,111.83292775480682,0.0,255.03907011385783,190.62308895882342,1.1300257098525797,0.09305943876552807,0.15347698772743312,0.1964566964665548,0.017308793486861755,0.40635046347453496,90.0,90.0,1.0,0.0,0.0,4.793007251788389,111.83292775480682,255.03907011385783,False,False,0.0,0.0,False,0.0,0,0,0,True
406,93,0.06999999999999995,95.08112964982651,91.20720120697568,95.71816766920054,97.8381163294064,9.54916832339223,1.3623107852176732,0.0,107.76742894520841,0.0,252.63928763609692,195.1340554210483,1.1283240497642388,0.09143259031284742,0.1529735803431495,0.23611334446702087,0.02634773550804621,0.39117055940047785,90.0,90.0,1.0,0.0,0.0,4.793007251788389,107.76742894520841,252.63928763609692,False,False,0.0,0.0,False,0.0,0,0,0,True
407,91,0.08999999999999997,93.43809864824654,91.13455635126651,93.530587743233,97.61494549715594,9.343809864824653,1.7515424381370084,0.0,94.68417247576626,0.0,236.75589871104572,197.53008681301475,1.1262246582022655,0.08943004539580642,0.1521737677658685,0.2616980078343406,0.020966128946847788,0.3853151942179,89.0,89.0,1.0,0.0,0.0,14.205353922662743,94.68417247576626,236.75589871104572,False,True,15.475404342480703,0.061354019723700366,False,0.0,2,2,0,True
408,91,0.08999999999999997,93.43809864824654,140.3991376367767,93.530587743233,150.13519075942514,9.343809864824653,1.7515424381370084,0.0,133.72475126744655,0.040489262828399264,284.149670220228,150.66153691947113,1.1238494367693146,0.0871672080992298,0.1512001244505048,-0.14051610902869932,0.516169890107258,0.653088003802131,96.0,0.0,0.0,0.0,0.0,8.19147136283832,133.76524053027495,284.149670220228,False,False,0.0,0.0,False,0.0,2,2,0,True
409,100,0.0,102.67922928378741,95.07901503077098,103.28425376619968,101.87833129537375,10.267922928378738,0.0,0.0,127.54536377308503,0.0,273.0403600406072,158.8667756548998,1.1259370678710263,0.0891993336053208,0.15111930505599283,-0.08520473319613771,0.07902586094589689,0.4792889344562326,85.0,85.0,1.0,0.0,0.0,8.19147136283832,127.54536377308503,273.0403600406072,False,False,0.0,0.0,False,0.0,0,0,0,True
410,98,0.020000000000000018,99.42234377647364,92.38446491568763,101.09363432670398,99.10341146511844,10.062564469811166,0.3892316529193352,0.0,111.4871382690189,0.0,266.4446974890952,167.57594506591616,1.1272954961591517,0.0904942963991876,0.15136383806721546,-0.020060468368935342,0.08914850403513128,0.45276573705442347,90.0,90.0,1.0,0.0,0.0,2.2208767687648345,111.4871382690189,266.4446974890952,False,False,0.0,0.0,False,0.0,2,2,0,True
411,98,0.020000000000000018,97.51033857688937,90.9761567499325,100.77527381371794,97.611601780286,10.062564469811164,0.3892316529193352,0.0,105.21295572504319,0.0,261.47431753813265,177.37506212970166,1.127803817600031,0.09094478879299765,0.1518185837232426,0.06117618528336018,0.08512355939660103,0.42663204661698034,96.0,96.0,1.0,0.0,0.0,2.2208767687648345,105.21295572504319,261.47431753813265,False,False,0.0,0.0,False,0.0,0,0,0,True
412,96,0.040000000000000036,95.90141935071902,89.97932955135478,98.50560057541088,96.47208290242101,9.85720601124359,0.7784633058386704,0.0,98.99489480210222,0.0,257.91493153429184,185.90133315375775,1.1272635648274913,0.0903834072723165,0.1521646746225203,0.13997431718791306,0.07791492001534367,0.403721887030405,95.0,95.0,1.0,0.0,0.0,2.2208767687648345,98.99489480210222,257.91493153429184,False,False,0.0,0.0,False,0.0,0,0,0,True
413,94,0.06000000000000005,94.38957266013209,89.24855513627894,96.75858012224901,95.56339587517759,9.651847552676017,1.1676949587580057,0.0,83.10291940951883,0.0,237.28453837046203,193.41135813972784,1.1258081404773361,0.08897169595619059,0.15205507394118917,0.20801528664606664,0.06925915701537075,0.38639105951940983,96.0,96.0,1.0,0.0,0.0,14.237072302227723,83.10291940951883,237.28453837046203,False,True,17.93570397572541,0.07027539747962838,False,0.0,2,2,0,True
414,92,0.07999999999999996,94.4648909410844,142.4175532238352,94.7357260208099,152.22252196413922,9.446489094108442,1.5569266116773408,0.0,127.8884701947764,2.3271623884885444,287.92284268789695,145.72953093670256,1.12368926289387,0.08692006176123246,0.15168848138889407,-0.18964711661757053,0.5086849552540202,0.6781435463523793,99.0,0.0,0.0,0.0,0.0,11.232757722368444,130.21563258326495,287.92284268789695,False,False,0.0,0.0,False,0.0,1,1,0,True
415,100,0.0,102.67922928378741,104.20988328651015,103.02161231237525,111.67235541442675,10.26792292837874,0.0,0.0,131.2897124592697,0.0,284.32088350166896,144.54125996256766,1.1264649215919065,0.08960470529559442,0.15184887807659292,-0.20206684718533183,0.008383641516748308,0.5573823649532732,89.0,24.0,0.2696629213483146,0.0,0.0,11.232757722368444,131.2897124592697,284.32088350166896,False,False,0.0,0.0,False,0.0,0,0,0,True
416,100,0.0,102.08868439996992,98.96647184740718,103.02161231237525,106.3149524856271,10.26792292837874,0.0,0.0,125.16522540927791,0.15087108002982608,280.3967848673446,148.59640042753577,1.1293209560796025,0.09235750402118643,0.1523333542326107,-0.17520338744462266,0.056593302655678565,0.5339074730775561,95.0,34.0,0.35789473684210527,0.0,0.0,8.302818343556584,125.31609648930774,280.3967848673446,False,False,0.0,0.0,False,0.0,1,1,0,True
417,97,0.030000000000000027,94.30266768425017,87.79360455806446,99.91908161964105,94.49446476218996,9.95988524052738,0.5838474793790028,0.0,119.38975770343967,0.0,275.50910785963276,160.72187748911236,1.131779912764997,0.09471785418656209,0.15307505926239381,-0.07704411630133375,0.1526583586006499,0.46148919388078424,96.0,96.0,1.0,0.0,0.0,8.302818343556584,119.38975770343967,275.50910785963276,False,False,0.0,0.0,False,0.0,0,0,0,True
418,99,0.010000000000000009,95.37328789525681,88.6546640072175,102.0155597776367,95.4773760117206,10.165243699094951,0.1946158264596676,0.0,113.4992834145778,0.0,270.37655528262337,174.08277325953154,1.1329252066671986,0.09579501768601995,0.15393041502581642,0.02752046010924351,0.11464678829524536,0.43576864244035,95.0,95.0,1.0,0.0,0.0,8.302818343556584,113.4992834145778,270.37655528262337,False,False,0.0,0.0,False,0.0,0,0,0,True
419,96,0.040000000000000036,95.01563225849904,89.00275527372918,98.58465437422224,95.78107531400147,9.857206011243589,0.7784633058386704,0.0,107.77897842403716,0.0,266.0080368739365,183.66467236002467,1.1327053553538575,0.09553764389615291,0.15482360254660396,0.11391253044618073,0.08845265398133045,0.4143946130055113,95.0,95.0,1.0,0.0,0.0,8.302818343556584,107.77897842403716,266.0080368739365,False,False,0.0,0.0,False,0.0,0,0,0,True
420,96,0.040000000000000036,97.2842436399886,91.60060862454695,98.58575114683055,98.43555665738722,9.857206011243592,0.7784633058386704,0.0,102.23538951668166,0.0,261.9129496121819,190.64981488230828,1.131450721639953,0.09431110930997086,0.15530847674050505,0.18163871453224867,0.04335153944019267,0.40216022544186425,96.0,96.0,1.0,0.0,0.0,8.302818343556584,102.23538951668166,261.9129496121819,False,False,0.0,0.0,False,0.0,0,0,0,True
421,93,0.06999999999999995,95.20991810681609,91.66450572748145,95.71816766920054,98.33935867513084,9.54916832339223,1.3623107852176732,0.0,98.19142583328698,0.0,259.3453212692336,194.70347682402735,1.129475055889033,0.09241601676089897,0.15508191609523686,0.2208276964295825,0.033273721296454215,0.3929414958499064,94.0,53.0,0.5638297872340425,0.0,0.0,8.302818343556584,98.19142583328698,259.3453212692336,False,False,0.0,0.0,False,0.0,0,0,0,True
422,92,0.07999999999999996,93.84035679017379,93.1122409399071,94.7357260208099,99.71601829724821,9.446489094108442,1.5569266116773408,0.0,96.6538853737301,0.12533750090144036,258.2563911740717,196.32696190493022,1.1271903523687827,0.0902293411371492,0.15451502699652436,0.2357946006719034,0.010869488233471829,0.39424314477369304,94.0,44.0,0.46808510638297873,0.0,0.0,8.302818343556584,96.77922287463154,258.2563911740717,False,False,0.0,0.0,False,0.0,0,0,0,True
423,92,0.07999999999999996,93.3986090744983,93.65744983041093,94.7357260208099,100.128864601883,9.446489094108442,1.5569266116773408,0.0,90.90135820875746,0.6521657111588239,258.55448623469454,197.4052380953292,1.1248582860714376,0.08800378347473221,0.15374746470176787,0.24474644434589604,0.005250273934132186,0.39363892829511227,97.0,43.0,0.44329896907216493,0.0,0.0,5.294800545000237,91.55352391991629,258.55448623469454,False,False,0.0,0.0,False,0.0,1,1,0,True
424,92,0.07999999999999996,91.4210940892245,90.52018631612482,94.7357260208099,96.62159185412852,9.446489094108442,1.5569266116773408,0.0,88.42210424748818,0.0,259.40636603422337,201.62077780001428,1.12255280328748,0.08581193429471383,0.15278907087031904,0.2830633360527578,0.03435357748465365,0.3758924404570567,97.0,97.0,1.0,0.0,0.0,5.294800545000237,88.42210424748818,259.40636603422337,False,False,0.0,0.0,False,0.0,0,0,0,True
425,92,0.07999999999999996,92.81280779964392,92.20358717361522,94.7357260208099,98.24990401219667,9.446489094108442,1.5569266116773408,0.0,86.08879874524527,0.0,260.98905467178326,204.15291664720897,1.1199704786894973,0.08336154633271191,0.15157757829250487,0.3027782881422124,0.008456258597778734,0.37750418552317233,95.0,95.0,1.0,0.0,0.0,5.294800545000237,86.08879874524527,260.98905467178326,False,False,0.0,0.0,False,0.0,0,0,0,True
426,91,0.08999999999999997,93.43809864824654,93.36953181455414,93.530587743233,99.31754372147354,9.343809864824653,1.7515424381370084,0.0,84.02059189178654,0.0,262.09899924213295,204.3139725758879,1.1172705443255073,0.08080326114283683,0.15022074788294804,0.305537517357535,0.009154635430353,0.38019248161013375,93.0,93.0,1.0,0.0,0.0,5.294800545000237,84.02059189178654,262.09899924213295,False,False,0.0,0.0,False,0.0,0,0,0,True
427,91,0.08999999999999997,93.43809864824654,93.90704297881446,93.530587743233,99.71572387766507,9.343809864824653,1.7515424381370084,0.0,82.27494449141122,0.0,263.05969738467627,203.93751734030647,1.114567103721588,0.078244898096234,0.1487950964468207,0.3028021830712222,0.013226005127185757,0.3818654931031577,93.0,93.0,1.0,0.0,0.0,5.294800545000237,82.27494449141122,263.05969738467627,False,False,0.0,0.0,False,0.0,0,0,0,True
428,91,0.08999999999999997,93.43809864824654,94.32649398705581,93.530587743233,99.99172006934742,9.343809864824653,1.7515424381370084,0.0,80.7414664543841,0.0,264.1475708795165,203.14161109648367,1.1119159394351503,0.07573874482340512,0.1473452343212971,0.29604886848337275,0.015605298554946068,0.3840147364480297,93.0,93.0,1.0,0.0,0.0,5.294800545000237,80.7414664543841,264.1475708795165,False,False,0.0,0.0,False,0.0,0,0,0,True
429,91,0.08999999999999997,93.43809864824654,94.52489316065984,93.530587743233,100.03956874398126,9.343809864824653,1.7515424381370084,0.0,79.19976789989485,0.0,265.20939838660837,202.14730567905687,1.1093619396473897,0.07332681493056245,0.14590633847691667,0.2876054507101463,0.01593718111052859,0.3859437289845972,93.0,93.0,1.0,0.0,0.0,5.294800545000237,79.19976789989485,265.20939838660837,False,False,0.0,0.0,False,0.0,0,0,0,True
430,91,0.08999999999999997,93.43809864824654,94.93463203300814,93.530587743233,100.31844603612419,9.343809864824653,1.7515424381370084,0.0,77.88057687527049,0.0,266.61023938569815,200.7432613892817,1.1069293239712843,0.07103147256542171,0.14450203228366357,0.2754741392889679,0.017468531155912802,0.38940529345211294,93.0,93.0,1.0,0.0,0.0,5.294800545000237,77.88057687527049,266.61023938569815,False,False,0.0,0.0,False,0.0,0,0,0,True
431,91,0.08999999999999997,93.43809864824654,95.44581368446129,93.530587743233,100.71406084102146,9.343809864824653,1.7515424381370084,0.0,76.90876652816434,0.0,268.331658954035,198.82803544805347,1.1046605062066281,0.06889253965140593,0.14316100026791242,0.25891107424138216,0.019277480942602204,0.3942177764691308,93.0,93.0,1.0,0.0,0.0,5.294800545000237,76.90876652816434,268.331658954035,False,False,0.0,0.0,False,0.0,0,0,0,True
432,91,0.08999999999999997,93.43809864824654,95.96036438702095,93.530587743233,101.12594309036854,9.343809864824653,1.7515424381370084,0.0,76.31330572650138,0.0,270.3197951216559,196.39825880426557,1.1026033553813033,0.06695511805669499,0.1419121594766752,0.23817554954167827,0.020805404434236605,0.40009945372069194,93.0,93.0,1.0,0.0,0.0,5.294800545000237,76.31330572650138,270.3197951216559,False,False,0.0,0.0,False,0.0,0,0,0,True
433,91,0.08999999999999997,93.43809864824654,96.16164857609965,93.530587743233,101.22397349998215,9.343809864824653,1.7515424381370084,0.0,70.76866180192624,0.0,272.24722260845994,193.76719797139896,1.1008012009873702,0.06526004278049273,0.14078089542015085,0.21643302410886384,0.019113502656253802,0.4055012208459193,91.0,91.0,1.0,0.0,0.0,2.2795356733179246,70.76866180192624,272.24722260845994,False,False,0.0,0.0,False,0.0,1,1,0,True
434,91,0.08999999999999997,93.43809864824654,96.37211990494983,93.530587743233,101.34917326142651,9.343809864824653,1.7515424381370084,0.0,70.17192798114036,0.0,274.3169014331337,190.92566580968213,1.0992658612048587,0.06381811899462828,0.13977877586915832,0.193547349757322,0.017704541445027536,0.411527228313367,92.0,92.0,1.0,0.0,0.0,2.2795356733179246,70.17192798114036,274.3169014331337,False,False,0.0,0.0,False,0.0,0,0,0,True
435,91,0.08999999999999997,93.43809864824654,96.6317559852113,93.530587743233,101.54434569852565,9.343809864824653,1.7515424381370084,0.0,59.671785864376616,0.0,257.3671317851421,187.82449756770384,1.0980085001779876,0.0626395982787418,0.13891598823330834,0.1690558858913811,0.01683581747729588,0.41843004520202765,92.0,92.0,1.0,0.0,0.0,15.442027907108523,59.671785864376616,257.3671317851421,False,True,19.20854949824855,0.06945133212405141,False,0.0,2,2,0,True
436,91,0.08999999999999997,93.43809864824654,155.48242149969062,93.530587743233,163.29322026950933,9.343809864824653,1.7515424381370084,0.0,120.61335938433902,0.0,317.8784435415802,125.8726638112463,1.0970425646824773,0.06173698582479441,0.13820251329808614,-0.3211128928606362,0.6303697674710718,0.7856392428711857,99.0,0.0,0.0,0.0,0.0,15.442027907108523,120.61335938433902,317.8784435415802,False,False,0.0,0.0,False,0.0,0,0,0,True
437,100,0.0,102.67922928378741,145.9396902977482,102.9570953390537,153.98521877180167,10.267922928378738,0.0,0.0,166.0614621188484,0.0,358.91651010121575,82.8900688525518,1.1020215145024619,0.06656627839684075,0.13846718901440544,-0.600752822661292,0.3419116562201627,1.0069082740110966,89.0,0.0,0.0,0.0,0.0,15.442027907108523,166.0614621188484,358.91651010121575,False,False,0.0,0.0,False,0.0,0,0,0,True
438,100,0.0,102.67922928378741,120.59021694194833,102.9570953390537,128.22195757905203,10.267922928378738,0.0,0.0,187.40804144953668,0.0,374.1913154681016,65.25694724965723,1.110521456565373,0.07480332742887925,0.13936987573506116,-0.7028547097684464,0.030302257354622518,1.1350238043289635,87.0,0.0,0.0,0.0,0.0,15.442027907108523,187.40804144953668,374.1913154681016,False,False,0.0,0.0,False,0.0,0,0,0,True
439,100,0.0,102.67922928378741,99.13703848946598,102.9570953390537,106.31070918419863,10.267922928378738,0.0,0.0,187.62387619969778,0.0,368.0259332710703,69.07700409924497,1.1201742198033706,0.08414923187065985,0.1407271569001165,-0.6805052767601945,0.15882430408389875,1.103707861679119,88.0,35.0,0.3977272727272727,0.0,0.0,15.442027907108523,187.62387619969778,368.0259332710703,False,False,0.0,0.0,False,0.0,0,0,0,True
440,100,0.0,100.94854183556073,94.08230174074984,102.9570953390537,101.67485560044376,10.267922928378738,0.0,0.0,184.94243646962374,1.35180798760266,361.10620430857864,77.95179769754887,1.1293484868755623,0.09301926518033254,0.14246836541112246,-0.6278425500209746,0.1727894088339586,1.0747630170127596,91.0,43.0,0.4725274725274725,0.0,0.0,15.442027907108523,186.2942444572264,361.10620430857864,False,False,0.0,0.0,False,0.0,0,0,0,True
441,99,0.010000000000000009,97.30348385299543,89.66736130784828,102.06047687107218,97.55088315756039,10.165243699094951,0.1946158264596676,0.0,181.59210309149407,3.692839620637287,355.6158501380098,90.34491326077277,1.1376965187573265,0.10107217813883632,0.1446227458624384,-0.5514334428702137,0.18066241864391935,0.9866189026060666,92.0,44.0,0.4782608695652174,0.0,0.0,15.442027907108523,185.28494271213137,355.6158501380098,False,False,0.0,0.0,False,0.0,0,0,0,True
442,97,0.030000000000000027,95.44661822471357,87.97053357490425,99.91908161964105,96.21420156023072,9.95988524052738,0.5838474793790028,0.0,173.4469870262085,6.956355727410369,351.5164888826447,102.2934613055096,1.1449564081284191,0.1080462056906109,0.14721129797503346,-0.4713622454920621,0.1633991582823583,0.8866519334155957,89.0,43.0,0.48314606741573035,0.0,0.0,12.436871568356507,180.40334275361886,351.5164888826447,False,False,0.0,0.0,False,0.0,1,1,0,True
443,98,0.020000000000000018,93.6579691842643,85.51145378022986,100.67585273054301,93.90433282103136,10.062564469811166,0.3892316529193352,0.0,169.58336850772656,3.6539037710601345,342.09428834746666,117.45786025582277,1.1511106118599377,0.11393149067307248,0.15009607078336523,-0.36326979256325564,0.15725587204597874,0.7613676803961827,90.0,90.0,1.0,0.0,0.0,12.436871568356507,173.2372722787867,342.09428834746666,False,False,0.0,0.0,False,0.0,0,0,0,True
444,99,0.010000000000000009,92.9720723585469,84.73151169311961,101.96985370205718,93.27374627713097,10.165243699094951,0.1946158264596676,0.0,160.72896635932887,1.6337857378293525,335.3445619979143,134.69620226476033,1.1556876790400243,0.11827798521961455,0.15324548946508113,-0.24142003564765915,0.13609539645573934,0.6616893181683609,90.0,90.0,1.0,0.0,0.0,9.438813512718632,162.36275209715822,335.3445619979143,False,False,0.0,0.0,False,0.0,1,1,0,True
445,96,0.040000000000000036,91.9299688762132,84.18261469551041,99.11696489980127,92.73450600668812,9.85720601124359,0.7784633058386704,0.0,156.77463388722126,0.726468976463054,330.1078209028336,149.63055246905122,1.1585769112429047,0.1209633423998491,0.15666470624632692,-0.13115718197734857,0.11665366612900492,0.5833548744165555,91.0,91.0,1.0,0.0,0.0,9.438813512718632,157.5011028636843,330.1078209028336,False,False,0.0,0.0,False,0.0,0,0,0,True
446,98,0.020000000000000018,97.1976916548066,88.4145757134996,101.02146584545483,97.32012413122987,10.062564469811166,0.3892316529193352,0.0,152.17748606074008,0.0,323.9591060214693,162.23744260100645,1.1599884429135983,0.12218781691349556,0.16019723259815727,-0.039044529789501195,0.05188805757038095,0.5399104295728681,92.0,92.0,1.0,0.0,0.0,9.438813512718632,152.17748606074008,323.9591060214693,False,False,0.0,0.0,False,0.0,0,0,0,True
447,97,0.030000000000000027,98.71089971353321,89.90669981517539,99.5177506596797,98.79908218984647,9.959885240527377,0.5838474793790028,0.0,147.28606421846874,0.0,319.1337311154248,171.84849344551077,1.1603525817083002,0.12236331701565939,0.16351365230670661,0.04240298317048626,0.039042244796869484,0.494902784391539,92.0,92.0,1.0,0.0,0.0,9.438813512718632,147.28606421846874,319.1337311154248,False,False,0.0,0.0,False,0.0,0,0,0,True
448,96,0.040000000000000036,98.57206011243592,90.13229340210968,98.21199488691833,98.83334271565155,9.85720601124359,0.7784633058386704,0.0,142.29695882479558,0.0,312.2563885836937,179.92819493031945,1.1597075551370508,0.12157618722385517,0.16609800048023945,0.12340422438813606,0.033656499217681546,0.45006387039062473,88.0,88.0,1.0,0.0,0.0,9.438813512718632,142.29695882479558,312.2563885836937,False,False,0.0,0.0,False,0.0,0,0,0,True
449,96,0.040000000000000036,98.5720601124359,90.6189858727151,98.00527871171955,99.12062070408797,9.857206011243592,0.7784633058386704,0.0,137.41271269431428,0.0,304.48584571166896,187.31448776932393,1.157996871917865,0.11980623780228497,0.16754597333308577,0.20657025930371736,0.02853680776264303,0.40690330379598605,87.0,87.0,1.0,0.0,0.0,9.438813512718632,137.41271269431428,304.48584571166896,False,False,0.0,0.0,False,0.0,0,0,0,True
450,92,0.07999999999999996,94.4648909410844,87.84749125537256,94.16417267472744,95.83696200232737,9.446489094108443,1.5569266116773408,0.0,132.80564593211156,0.0,297.8097582745345,193.63116918867883,1.1552003061351945,0.1170544130019839,0.16755183877216906,0.2821758354132816,0.03919416804457003,0.37462741261240873,87.0,87.0,1.0,0.0,0.0,9.438813512718632,132.80564593211156,297.8097582745345,False,False,0.0,0.0,False,0.0,0,0,0,True
451,87,0.13,89.33092947689505,84.47264359595972,89.42807087135498,91.90717267583786,8.933092947689504,2.530005743975679,0.0,128.77461823307354,0.0,294.1506422999006,198.58659646407412,1.1515792649589824,0.11356324272277532,0.166380057167186,0.34331061802551904,0.06757523631034709,0.35279555544729596,87.0,87.0,1.0,0.0,0.0,9.438813512718632,128.77461823307354,294.1506422999006,False,False,0.0,0.0,False,0.0,0,0,0,True
452,84,0.16000000000000003,85.54326710409072,82.11522575000551,86.6127855893934,89.09777753314462,8.625055259838142,3.1138532233546816,0.0,125.29865983862263,0.0,293.2537650529237,203.084156303462,1.1474776840193701,0.1096411354805668,0.1645578835664007,0.3962547040162232,0.0788861175687349,0.3389675295399113,90.0,90.0,1.0,0.0,0.0,9.438813512718632,125.29865983862263,293.2537650529237,False,False,0.0,0.0,False,0.0,0,0,0,True
453,84,0.16000000000000003,84.42354083084604,81.95038259677537,86.6127855893934,88.66357694289948,8.625055259838142,3.1138532233546816,0.0,122.3811342218734,0.0,293.7169831336588,207.74655929608008,1.1430811643046477,0.10544113320848773,0.16250672134348138,0.44611014599546783,0.06321944278302716,0.3329469255402241,92.0,92.0,1.0,0.0,0.0,9.438813512718632,122.3811342218734,293.7169831336588,False,False,0.0,0.0,False,0.0,0,0,0,True
454,84,0.16000000000000003,84.1046927637953,82.42221117180475,86.6127855893934,88.90229020787399,8.625055259838142,3.1138532233546816,0.0,109.9663431821322,0.0,295.1233172789541,211.9371337136687,1.138417800337652,0.10098580214340849,0.16031244453216767,0.48635774058630143,0.04315696597727106,0.3301288404095867,92.0,92.0,1.0,0.0,0.0,3.469922277632254,109.9663431821322,295.1233172789541,False,False,0.0,0.0,False,0.0,2,2,0,True
455,83,0.17000000000000004,83.0763576706288,82.30917354369105,85.42294009707349,88.49678452232065,8.522376030554355,3.308469049814349,0.0,107.5766698686721,0.0,296.0850834646983,215.05090026705113,1.1335906430184397,0.09637111973205956,0.1580683226800503,0.5184350296923673,0.033934505481234827,0.32658657997783747,92.0,92.0,1.0,0.0,0.0,3.469922277632254,107.5766698686721,296.0850834646983,False,False,0.0,0.0,False,0.0,0,0,0,True
456,83,0.17000000000000004,82.78404768529666,82.64308961833211,85.42294009707349,88.56992862619292,8.522376030554355,3.308469049814349,0.0,100.47918720782876,0.0,297.46556090439077,217.83075074579253,1.128706731695598,0.09171079502275079,0.15574185194216486,0.5434962861986875,0.021285949676877042,0.3253466634488074,93.0,93.0,1.0,0.0,0.0,0.47838898427386534,100.47918720782876,297.46556090439077,False,False,0.0,0.0,False,0.0,1,1,0,True
457,81,0.18999999999999995,82.41921645961929,82.81110604675484,83.17738936644811,88.46663143001764,8.317017571986781,3.6977007027336843,0.0,98.18574600858612,0.0,298.82091092424895,218.19703406548578,1.1238556740815504,0.08708935198560593,0.15339083190499636,0.5533999763219731,0.013971561541028226,0.3257003035867017,91.0,91.0,1.0,0.0,0.0,0.47838898427386534,98.18574600858612,298.82091092424895,False,False,0.0,0.0,False,0.0,0,0,0,True
458,81,0.18999999999999995,82.35923072133244,83.12868136291681,83.17738936644811,88.52785941310073,8.317017571986781,3.6977007027336843,0.0,95.92966249100742,0.0,300.4228420237011,218.24574206901707,1.1191036450472338,0.08256905617434787,0.15105730049156366,0.5575567607129152,0.015986813315001843,0.32727405483957817,91.0,91.0,1.0,0.0,0.0,0.47838898427386534,95.92966249100742,300.4228420237011,False,False,0.0,0.0,False,0.0,0,0,0,True
459,80,0.19999999999999996,82.12039986317455,83.46893692608263,82.2807708984666,88.6217478138993,8.214338342702993,3.892316529193352,0.0,93.8318715198783,0.0,302.22683889788243,217.057576041401,1.114526513859426,0.07822149239405482,0.1487833938633123,0.5490877709462214,0.020165564642618337,0.3305643141732139,91.0,91.0,1.0,0.0,0.0,0.47838898427386534,93.8318715198783,302.22683889788243,False,False,0.0,0.0,False,0.0,0,0,0,True
460,80,0.19999999999999996,82.08310636587677,84.03799589389362,82.2807708984666,88.97060807644299,8.214338342702993,3.892316529193352,0.0,92.04353190914485,0.0,304.46901594011507,215.30035104597397,1.110194361978392,0.07411271856554055,0.14660580305336604,0.5331243138032444,0.024296353099621394,0.33568323197281014,91.0,91.0,1.0,0.0,0.0,0.47838898427386534,92.04353190914485,304.46901594011507,False,False,0.0,0.0,False,0.0,0,0,0,True
461,80,0.19999999999999996,82.08141323084828,84.64602141704448,82.2807708984666,89.37762014881966,8.214338342702993,3.892316529193352,0.0,85.58353312947692,0.0,287.3158550116855,212.93510052739606,1.10619232142728,0.07032316100826945,0.14456471594068177,0.5100103528534818,0.02728137305505952,0.3421333822924051,92.0,92.0,1.0,0.0,0.0,17.238951300701128,85.58353312947692,287.3158550116855,False,True,19.76954826145732,0.06437801357778287,False,0.0,1,1,0,True
462,81,0.18999999999999995,83.17017571986779,139.3786325722513,83.4706163907865,146.83624790621036,8.317017571986781,3.6977007027336843,0.0,140.3641131815617,0.06767602361378189,342.73258564965516,157.02708434593126,1.1026837017408009,0.06700957965720762,0.14265157320973518,-0.04236679972590392,0.6683609464517949,0.6421177757476664,96.0,0.0,0.0,0.0,0.0,17.238951300701128,140.43178920517548,342.73258564965516,False,False,0.0,0.0,False,0.0,0,0,0,True
463,97,0.030000000000000027,99.59885240527377,139.75566004215665,99.56231321972082,147.43369862029004,9.95988524052738,0.5838474793790028,0.0,182.78741783646075,0.0,380.5398706005302,116.83373752349549,1.1042513587461331,0.06853329050032211,0.14291749443974514,-0.35464814700325986,0.4555972352229892,0.7821918891270888,82.0,0.0,0.0,0.0,0.0,17.238951300701128,182.78741783646075,380.5398706005302,False,False,0.0,0.0,False,0.0,0,0,0,True
464,100,0.0,102.6792292837874,126.28910613013859,102.86920824285613,133.88583877982936,10.267922928378741,0.0,0.0,205.36576219594335,0.0,401.4785571681934,93.413839636213,1.1094885538126564,0.073641236255554,0.1433063336621787,-0.5092409985508437,0.19426690055470958,0.8515423246477318,81.0,0.0,0.0,0.0,0.0,14.212746772958575,205.36576219594335,401.4785571681934,False,False,0.0,0.0,False,0.0,1,1,0,True
465,100,0.0,102.6792292837874,95.3534826516841,102.86920824285613,101.7653841431616,10.267922928378741,0.0,0.0,201.69286748050098,0.0,390.29678909918886,100.92956522738504,1.1166196201630652,0.0805820981620852,0.1438165446510803,-0.45063904514987907,0.13545590071824243,0.6794578803998047,82.0,82.0,1.0,0.0,0.0,14.212746772958575,201.69286748050098,390.29678909918886,False,False,0.0,0.0,False,0.0,0,0,0,True
466,100,0.0,102.6792292837874,94.8038753325485,102.86920824285613,101.7653841431616,10.267922928378741,0.0,0.0,192.84839954105627,0.0,379.11502103018427,108.99489813769267,1.1228485549204166,0.08664250980417884,0.14425840735920145,-0.38900587968384226,0.11342976289231718,0.639488835578672,81.0,81.0,1.0,0.0,0.0,11.190378980259688,192.84839954105627,379.11502103018427,False,False,0.0,0.0,False,0.0,1,1,0,True
467,100,0.0,102.6792292837874,94.44613629553031,102.86920824285613,101.87833129537375,10.267922928378741,0.0,0.0,188.83077446677873,0.0,368.0462001133919,117.4179700850185,1.1281557703956913,0.09180284965448904,0.14463581511611168,-0.3257069722696381,0.09365207509964173,0.6038057343349253,82.0,82.0,1.0,0.0,0.0,11.190378980259688,188.83077446677873,368.0462001133919,False,False,0.0,0.0,False,0.0,0,0,0,True
468,100,0.0,102.6792292837874,94.06964913661956,102.86920824285613,101.87964851256541,10.267922928378741,0.0,0.0,179.64592999421208,0.0,357.8435598799561,126.2175291912551,1.1325396004740562,0.09606103958737773,0.14495515292872957,-0.2605925707230092,0.077847833697677,0.570733027449002,83.0,83.0,1.0,0.0,0.0,8.177395863939418,179.64592999421208,357.8435598799561,False,False,0.0,0.0,False,0.0,1,1,0,True
469,99,0.010000000000000009,101.28810007985311,92.90591746300522,101.66406996527924,100.93454153679858,10.165243699094955,0.1946158264596676,0.0,175.5009804102491,0.0,349.78905914061744,134.9756816935291,1.1359963027940345,0.0994131659382406,0.1452230654447804,-0.19164519995421364,0.07305138058517494,0.53545457219668,87.0,87.0,1.0,0.0,0.0,8.177395863939418,175.5009804102491,349.78905914061744,False,False,0.0,0.0,False,0.0,0,0,0,True
470,100,0.0,101.52557045742861,92.81419135162234,102.70448241832773,101.0659326560752,10.267922928378741,0.0,0.0,171.19033465814192,0.0,341.8677360419465,144.86597276023448,1.1384862702640899,0.10183008286247797,0.14535539365909872,-0.11785072189619061,0.05849275468682019,0.5050374066565577,87.0,87.0,1.0,0.0,0.0,8.177395863939418,171.19033465814192,341.8677360419465,False,False,0.0,0.0,False,0.0,0,0,0,True
471,100,0.0,100.97377748033499,92.22951957504253,102.70448241832773,100.56931897669091,10.267922928378741,0.0,0.0,166.7772562791541,0.0,335.90763769988945,155.34093560351974,1.1399699302825337,0.10327052924781344,0.14540916480807725,-0.040122438179877665,0.051933657020525784,0.47439201773103995,88.0,88.0,1.0,0.0,0.0,8.177395863939418,166.7772562791541,335.90763769988945,False,False,0.0,0.0,False,0.0,0,0,0,True
472,99,0.010000000000000009,99.87630340412213,91.35156960318149,101.8078639503462,99.65937336784779,10.165243699094955,0.1946158264596676,0.0,157.29944882100645,0.0,329.9945907577776,165.79722995068445,1.140417554309622,0.10370556638794619,0.14538361546795184,0.03784735842616109,0.049846253190844333,0.4453446302248888,88.0,88.0,1.0,0.0,0.0,5.178017620998446,157.29944882100645,329.9945907577776,False,False,0.0,0.0,False,0.0,1,1,0,True
473,94,0.06000000000000005,95.7264614065572,88.47618234765373,96.6622151512102,96.48086575221485,9.651847552676017,1.1676949587580057,0.0,152.98571550067393,0.0,326.14451913870056,173.9832627542409,1.1398570365112342,0.10315318934658708,0.14528599971556624,0.10575377807277517,0.0693360663392473,0.41477355681748895,89.0,89.0,1.0,0.0,0.0,5.178017620998446,152.98571550067393,326.14451913870056,False,False,0.0,0.0,False,0.0,0,0,0,True
474,92,0.07999999999999996,93.79262731617264,87.23774648417748,94.41666442058482,95.01191453593437,9.446489094108442,1.5569266116773408,0.0,148.79526704346867,0.0,323.5529949865911,181.1621806906483,1.138430028003392,0.10176031622341777,0.14510251967598453,0.1733286613892035,0.06795352841610613,0.3943014932727116,90.0,90.0,1.0,0.0,0.0,5.178017620998446,148.79526704346867,323.5529949865911,False,False,0.0,0.0,False,0.0,0,0,0,True
475,90,0.09999999999999998,91.15550766786689,85.47255216221535,92.3407422509131,92.90830903632448,9.241130635540866,1.946158264596676,0.0,144.8012424394544,0.0,320.8581943205997,188.03037077934607,1.1361447847594146,0.09954868363449768,0.1446596860036366,0.2411232732570579,0.07271056298184848,0.37527181807401944,91.0,91.0,1.0,0.0,0.0,5.178017620998446,144.8012424394544,320.8581943205997,False,False,0.0,0.0,False,0.0,0,0,0,True
476,88,0.12,88.98559846118087,84.1108741474806,90.41425312051281,91.18509017490453,9.035772176973293,2.3353899175160113,0.0,140.92399981183533,0.0,318.80752036632555,194.33374975237825,1.1330196231237526,0.09653265670413824,0.14405236639577707,0.30437425383032324,0.07235878773277502,0.360435453151228,90.0,90.0,1.0,0.0,0.0,5.178017620998446,140.92399981183533,318.80752036632555,False,False,0.0,0.0,False,0.0,0,0,0,True
477,87,0.13,88.08629400261273,83.92441139051944,89.41347917333702,90.6838189718164,8.933092947689506,2.530005743975679,0.0,137.21108861573413,0.0,317.2705644718934,199.82281753519584,1.1292393446489193,0.09287023729894221,0.14343393077578478,0.3599818937134039,0.0591916618515649,0.35145794240904976,90.0,90.0,1.0,0.0,0.0,5.178017620998446,137.21108861573413,317.2705644718934,False,False,0.0,0.0,False,0.0,0,0,0,True
478,87,0.13,87.89617414069144,84.42514873428703,89.41347917333702,90.88251686538284,8.933092947689506,2.530005743975679,0.0,133.7512384664736,0.0,316.2414060747658,204.81114797424584,1.1250011385870813,0.08874529616923314,0.14279616256610078,0.40750919773265276,0.04091832311178793,0.3459492697926049,89.0,89.0,1.0,0.0,0.0,5.178017620998446,133.7512384664736,316.2414060747658,False,False,0.0,0.0,False,0.0,0,0,0,True
479,87,0.13,87.93706290715073,85.0702329778423,89.41347917333702,91.22525155826895,8.933092947689506,2.530005743975679,0.0,125.7250710318638,0.0,315.46960573059965,209.15439416974058,1.1205001463175932,0.08437789875961987,0.1419174775079993,0.4458046443564621,0.024497944066537734,0.3421705759777704,88.0,88.0,1.0,0.0,0.0,2.333022053650288,125.7250710318638,315.46960573059965,False,False,0.0,0.0,False,0.0,1,1,0,True
480,86,0.14,87.6812157814438,85.44682054304516,88.20834089576013,91.2838991985821,8.830413718405717,2.7246215704353465,0.0,117.41020294980655,0.0,296.19083685997407,211.91591452245558,1.1158649896097952,0.07990204098270896,0.14076388552857533,0.4733312871586814,0.014352561096158682,0.33914322612512426,89.0,89.0,1.0,0.0,0.0,17.77145021159844,117.41020294980655,296.19083685997407,False,True,18.414100566151866,0.05853086959411048,False,0.0,1,1,0,True
481,86,0.14,88.30413718405717,134.7954288230526,88.20834089576013,143.4619930990375,8.830413718405717,2.7246215704353465,0.0,160.28788967917737,0.7540701529812304,343.2723492095299,165.32882659516312,1.1111184043533322,0.0753312780505166,0.13944952633245017,0.02142844754955927,0.5608308622969976,0.585576840090629,93.0,0.0,0.0,0.0,0.0,14.760619169216092,161.0419598321586,343.2723492095299,False,False,0.0,0.0,False,0.0,1,1,0,True
482,94,0.06000000000000005,96.51847552676016,112.51369418078599,96.35641481582431,119.8053631383002,9.651847552676017,1.1676949587580057,0.0,178.61590722458743,0.0,356.15331911541267,149.17154723020144,1.1113596490613626,0.07559905593664071,0.13906883545702403,-0.10708119594028817,0.15836033364123647,0.5530694008391929,83.0,0.0,0.0,0.0,0.0,14.760619169216092,178.61590722458743,356.15331911541267,False,False,0.0,0.0,False,0.0,0,0,0,True
483,100,0.0,102.6792292837874,100.43834344799328,102.99849721069805,107.16730545085238,10.267922928378741,0.0,0.0,174.33068693828267,0.0,350.3734723540989,151.7317009929062,1.1132192052388317,0.0774529240447781,0.1387073124658876,-0.09779457987312659,0.006999326585737789,0.5060818672486121,83.0,30.0,0.3614457831325301,0.0,0.0,11.738910652713301,174.33068693828267,350.3734723540989,False,False,0.0,0.0,False,0.0,1,1,0,True
484,99,0.010000000000000009,101.5387573338459,94.32462428442693,101.99772326352227,100.82159964644345,10.165243699094953,0.1946158264596676,0.0,169.62779477841033,0.0,340.5178632604394,159.40479997200154,1.1149386270005264,0.07915150082381975,0.13859891001038346,-0.044610583638253494,0.061198297158527024,0.4686088644158836,86.0,86.0,1.0,0.0,0.0,11.738910652713301,169.62779477841033,340.5178632604394,False,False,0.0,0.0,False,0.0,0,0,0,True
485,96,0.040000000000000036,97.80672552621208,91.39077585722244,98.53507565276331,97.77926427277498,9.85720601124359,0.7784633058386704,0.0,165.16683546864795,0.0,334.38871766991315,166.54909976754243,1.1159537061018514,0.0801472367248945,0.13867472417295945,0.01810520990972684,0.07776927316945806,0.44169169749290216,89.0,89.0,1.0,0.0,0.0,11.738910652713301,165.16683546864795,334.38871766991315,False,False,0.0,0.0,False,0.0,0,0,0,True
486,99,0.010000000000000009,99.20436897958601,92.52210956021712,101.38534795816588,99.01527850056479,10.165243699094953,0.1946158264596676,0.0,160.65694882342288,0.0,328.6549488095674,175.41233816549118,1.11620839842226,0.08040287320946664,0.138672452885609,0.09208658126897049,0.04984317131982722,0.42380551207237227,92.0,92.0,1.0,0.0,0.0,11.738910652713301,160.65694882342288,328.6549488095674,False,False,0.0,0.0,False,0.0,0,0,0,True
487,96,0.040000000000000036,97.56699226113415,91.64379761598737,98.57683205780202,98.03516943470001,9.857206011243592,0.7784633058386704,0.0,156.36362318743662,0.0,323.8797072802972,182.34537260730588,1.115607649754077,0.07983611272972932,0.1383889157336394,0.1507340344127349,0.048137284035705066,0.4062218356560326,91.0,91.0,1.0,0.0,0.0,11.738910652713301,156.36362318743662,323.8797072802972,False,False,0.0,0.0,False,0.0,0,0,0,True
488,93,0.06999999999999995,94.15623630757699,89.1740126748533,95.71816766920054,95.29541588517355,9.54916832339223,1.3623107852176732,0.0,152.30851152193668,0.0,321.0695308621897,188.88952760165313,1.1142922875336487,0.07857521930746666,0.1379467668016264,0.20671072044128339,0.06356226676815445,0.38702559268975334,92.0,92.0,1.0,0.0,0.0,11.738910652713301,152.30851152193668,321.0695308621897,False,False,0.0,0.0,False,0.0,0,0,0,True
489,90,0.09999999999999998,90.65136370239975,86.95423848311053,92.64451106588119,92.76624168565986,9.241130635540866,1.946158264596676,0.0,148.80501974454342,0.0,319.59063582051726,194.5798001844238,1.112353017978984,0.07669164046739177,0.13755305121180128,0.2591155950757088,0.07368045154624278,0.3716186268521291,94.0,94.0,1.0,0.0,0.0,11.738910652713301,148.80501974454342,319.59063582051726,False,False,0.0,0.0,False,0.0,0,0,0,True
490,88,0.12,88.61975191986795,86.07720673441932,90.41425312051281,91.61669580507967,9.035772176973293,2.3353899175160113,0.0,140.87320928180378,0.0,318.43558450915054,198.91684657051727,1.109883372834798,0.07426754806787947,0.13737710260024918,0.30586160523595807,0.06782314739381812,0.36242642216411036,91.0,91.0,1.0,0.0,0.0,8.739863588809271,140.87320928180378,318.43558450915054,False,False,0.0,0.0,False,0.0,1,1,0,True
491,87,0.13,87.88890207957058,86.46516512461014,89.41347917333702,91.80020641271207,8.933092947689506,2.530005743975679,0.0,128.567627142507,0.0,318.1308911601161,201.86516061924416,1.1070965059210587,0.0715505497158179,0.13703803211623805,0.3389714922646779,0.049221980322532596,0.35978340430971756,91.0,91.0,1.0,0.0,0.0,2.797107649630674,128.567627142507,318.1308911601161,False,False,0.0,0.0,False,0.0,2,2,0,True
492,87,0.13,87.91709850029966,87.28921211371818,89.41347917333702,92.43921189400375,8.933092947689506,2.530005743975679,0.0,126.32751320332659,0.0,318.37220671628086,203.989427678863,1.104147788095684,0.06868812218511174,0.1365613290932719,0.36092329697629966,0.0293721001082868,0.36005169627812195,93.0,93.0,1.0,0.0,0.0,2.797107649630674,126.32751320332659,318.37220671628086,False,False,0.0,0.0,False,0.0,0,0,0,True
493,87,0.13,88.01880596712436,87.78039061233646,89.41347917333702,92.72253605800573,8.933092947689506,2.530005743975679,0.0,119.37821358398672,0.0,300.43654185798266,205.62251623986361,1.1011448399538648,0.06577971880967293,0.13601624743263754,0.37597008122082204,0.01727372652931656,0.3600909844992334,92.0,92.0,1.0,0.0,0.0,18.02619251147896,119.37821358398672,300.43654185798266,False,True,18.11442256043413,0.05686506896472876,False,0.0,1,1,0,True
494,87,0.13,89.33092947689505,138.70656330230833,89.41347917333702,146.14758242690505,8.933092947689506,2.530005743975679,0.0,169.0966428701434,1.4370118901307036,349.75711375043386,156.3294321108923,1.0981584604036794,0.06289109411083446,0.13544402643055264,-0.07671273072455893,0.5592318841228013,0.6332789076454681,96.0,0.0,0.0,0.0,0.0,18.02619251147896,170.5336547602741,349.75711375043386,False,False,0.0,0.0,False,0.0,0,0,0,True
495,100,0.0,102.67922928378741,133.89039558019226,102.566770146128,141.30646665677492,10.26792292837874,0.0,0.0,203.6387078484704,0.0,376.6794163049119,125.00580667682804,1.100079292907893,0.06475001543878109,0.13583128834479202,-0.31534053457639144,0.3380320654136274,0.7240228271655412,82.0,0.0,0.0,0.0,0.0,18.02619251147896,203.6387078484704,376.6794163049119,False,False,0.0,0.0,False,0.0,0,0,0,True
496,100,0.0,102.67922928378741,115.9149521970325,102.566770146128,122.88077347860484,10.26792292837874,0.0,0.0,221.01805546562494,0.0,386.61303757135056,111.65762462592356,1.1048971069584055,0.06944387067413646,0.1362990224065544,-0.3984327443839065,0.07729432384044971,0.7198090497111742,82.0,0.0,0.0,0.0,0.0,18.02619251147896,221.01805546562494,386.61303757135056,False,False,0.0,0.0,False,0.0,0,0,0,True
497,100,0.0,102.67922928378741,98.98753343168299,102.566770146128,105.50142617470203,10.26792292837874,0.0,0.0,216.60869516702874,0.0,379.1673115338864,115.23686134036855,1.110677767545304,0.0750821560248015,0.13675586720145175,-0.3627405398979868,0.09543998850884364,0.6444735574224897,80.0,30.0,0.375,0.0,0.0,14.99930717676025,216.60869516702874,379.1673115338864,False,False,0.0,0.0,False,0.0,1,1,0,True
498,100,0.0,102.67922928378741,95.021427268964,102.566770146128,101.7653841431616,10.26792292837874,0.0,0.0,213.34688046268326,0.0,367.98554346488186,122.78220421753261,1.115865854713624,0.0801546882723104,0.13710786676903114,-0.30040862709723815,0.11259700193071545,0.6087399003473491,81.0,81.0,1.0,0.0,0.0,14.99930717676025,213.34688046268326,367.98554346488186,False,False,0.0,0.0,False,0.0,0,0,0,True
499,100,0.0,102.53761173784575,94.52400600996461,102.566770146128,101.6379283518141,10.26792292837874,0.0,0.0,194.92374394561938,0.0,357.84472944330935,130.82496835369597,1.1201297891756212,0.08433904010861504,0.13735247097249678,-0.235963418408158,0.09428042856569444,0.5893258930894717,83.0,83.0,1.0,0.0,0.0,5.965574884932559,194.92374394561938,357.84472944330935,False,False,0.0,0.0,False,0.0,3,3,0,True
