,Employment,UnemploymentRate,WageBill,Output,Production,Consumption,Transfers,UnemploymentTransfers,HH_Deposit,HH_Debt,Firm_Debt,Firm_Cash,Inventories,AvgPrice,AvgMarkup,PriceDispersion,InventoryGap,SalesForecastError,InventoryTurnover,CreditRequests,CreditRejections,CreditRejectionRate,FirmDowntimeShare,ReentryCount,Bank_Equity,Bank_Loans,Bank_Deposits,BankFailed,BankResolved,BankResolutionAmount,BankResolutionHaircut,BankBailedOut,BankBailoutAmount,Defaults,DefaultsHH,DefaultsFirm,BalanceOK
0,100,0.0,94.0761345902009,103.53344101615639,103.53344101615639,182.05548894993498,9.407613459020089,0.0,29.115000581903796,4.16560338027441,31.346638331670334,106.01791162337832,0.0,1.088256684523014,0.21768025267429875,0.019597673080825516,-1.0,1.2357778120477623,2.0,44.0,0.0,0.0,0.0,0.0,50.0,35.512241711944746,135.1329122052821,False,False,0.0,0.0,False,0.0,0,0,0,True
1,100,0.0,94.0761345902009,103.17633106168299,103.53344101615639,134.6376041944483,9.407613459020089,0.0,9.50932372169947,15.663886699380381,28.07235758883417,112.1543382630775,0.35710995447342064,1.094181352968422,0.22407734331190704,0.021703420016833286,-0.997672400297301,0.5479203324968986,1.987910469893397,65.0,0.0,0.0,0.0,0.0,50.0,43.73624428821455,121.66366198477698,False,False,0.0,0.0,False,0.0,0,0,0,True
2,100,0.0,94.0761345902009,98.00613014189818,103.53344101615639,120.95801243166008,9.407613459020089,0.0,4.539870772792623,28.42521459785573,25.787084589449712,114.1936135576364,5.884420828731621,1.0999446029443884,0.2302950781468108,0.02379773923731626,-0.9646566476201809,0.23755418359267094,1.8199279843212879,79.0,0.0,0.0,0.0,0.0,50.0,54.21229918730545,118.73348433042902,False,False,0.0,0.0,False,0.0,0,0,0,True
3,100,0.0,94.0761345902009,95.97251483916256,103.53344101615639,117.22828048436531,9.407613459020089,0.0,3.040802719768555,41.1935275147343,29.147362747180292,120.14685641211418,13.445347005725457,1.1053751766778777,0.23616054450404772,0.02571941088142715,-0.9214424634052673,0.12007419289753656,1.6585781829970074,90.0,0.0,0.0,0.0,0.0,50.0,70.3408902619146,123.18765913188273,False,False,0.0,0.0,False,0.0,0,0,0,True
4,100,0.0,94.0761345902009,95.09002034602861,103.53344101615639,116.00885737888287,9.407613459020089,0.0,2.5791211559990046,54.028232608306915,35.43079717143951,128.51409029584914,21.888767675853234,1.110468465680338,0.24167256687555852,0.02743621188028432,-0.8734682365993611,0.06513274469231375,1.5387460798770782,96.0,0.0,0.0,0.0,0.0,50.0,89.45902977974643,131.09321145184816,False,False,0.0,0.0,False,0.0,0,0,0,True
5,100,0.0,94.0761345902009,94.5752489867784,103.53344101615639,115.50674646034078,9.407613459020089,0.0,2.373953110534475,66.86235996457916,42.62163005907148,137.64880306671188,30.846959705231228,1.1152265683485032,0.24683679504924444,0.028925099717989212,-0.8221691902030372,0.03721027478492639,1.4510921016327414,96.0,0.0,0.0,0.0,0.0,50.0,109.48399002365063,140.02275617724635,False,False,0.0,0.0,False,0.0,0,0,0,True
6,100,0.0,94.0761345902009,94.25295504778376,103.53344101615639,115.32028256141737,9.407613459020089,0.0,2.2769591337707267,79.86228714824435,50.20356675417468,147.21409816001653,40.127445673603866,1.1196400579525148,0.25164471726402043,0.03017511801747837,-0.7684367533664848,0.024625484164616265,1.3859321393433057,97.0,0.0,0.0,0.0,0.0,50.0,130.06585390241904,149.49105729378726,False,False,0.0,0.0,False,0.0,0,0,0,True
7,100,0.0,94.0761345902009,93.95059094152887,103.53344101615639,115.04453560721181,9.407613459020089,0.0,2.2284743548542782,92.88190928759904,58.053488555946174,157.07219228833236,49.7102957482314,1.1237003150251845,0.2560882212992424,0.031181712476485015,-0.7122029713331297,0.01750643362642339,1.335444935802331,97.0,0.0,0.0,0.0,0.0,50.0,150.93539784354522,159.30066664318664,False,False,0.0,0.0,False,0.0,0,0,0,True
8,100,0.0,94.0761345902009,93.42186775824177,103.53344101615639,114.09118384691868,9.407613459020089,0.0,2.203198713965901,105.21922938248593,66.21743373238986,166.92771759252827,59.821869006146024,1.1273978857705613,0.2601582979331807,0.03194255090880103,-0.6514737082628183,0.015462859421153502,1.2933748007413812,97.0,0.0,0.0,0.0,0.0,50.04514744080931,171.43666311487578,169.13091630649416,False,False,0.0,0.0,False,0.0,0,0,0,True
9,98,0.020000000000000018,92.19461189839687,92.54972294099014,101.77159856325105,112.173005458625,9.219461189839688,0.2072192473649638,2.1793162717556047,117.73750965906392,72.88099072921052,176.55646019186293,69.04374462840691,1.1307125740465502,0.2638347769308075,0.03245204670403264,-0.594131194010512,0.019194830840181108,1.2592023687711795,98.0,0.0,0.0,0.0,0.0,50.18097980940395,190.61850038827444,178.73577646361852,False,False,0.0,0.0,False,0.0,0,0,0,True
10,99,0.010000000000000009,93.13537324429889,92.14814316378664,102.97330915804113,111.24628255632929,9.313537324429888,0.1036096236824819,2.172514107787909,128.65364843894884,80.34798399448493,185.68859792740128,79.86891062266139,1.1336663852796007,0.267135364685058,0.03279625308366841,-0.5276040547960882,0.016873850114189418,1.2281992615746613,98.0,0.0,0.0,0.0,0.0,50.38022342458039,209.00163243343377,187.8611120351892,False,False,0.0,0.0,False,0.0,0,0,0,True
11,96,0.040000000000000036,90.31308920659285,91.1691412128618,100.08329434700536,108.79140366048567,9.031308920659285,0.4144384947299276,2.153996071403258,140.10495740317788,84.1881687541898,193.30748409940662,88.78306375680495,1.136212042535829,0.2700036901177757,0.03305764043021249,-0.4688592350889075,0.02152170680446922,1.2042743326362708,97.0,0.0,0.0,0.0,0.0,50.661509387349824,224.29312615736768,195.4614801708099,False,False,0.0,0.0,False,0.0,0,0,0,True
12,85,0.15000000000000002,89.37232786069086,91.45518642277617,99.95185844821725,107.4332170125469,8.937232786069083,0.5180481184124095,2.139165344466757,151.3513539376768,53.63041631335379,191.44328406767443,78.58060897167023,1.1383814965120809,0.2724713776000443,0.03329233236941455,-0.4128032053667631,0.027170733016826838,1.1067463926535197,95.0,0.0,0.0,0.1,0.0,31.646999365268513,204.98177025103058,193.5824494121412,False,False,0.0,0.0,False,0.0,1,0,1,True
13,97,0.030000000000000027,91.25385055249487,91.37704599180802,103.19111880702184,107.38610772385096,9.125385055249485,0.3108288710474457,2.139402917675522,160.92076971275324,60.33568198232377,203.29541058233076,90.39468178688404,1.1407070628765414,0.2750112612794533,0.03460109244242819,-0.4678915813483366,0.01875789781797305,1.208931161635778,96.0,0.0,0.0,0.0,1.0,31.646999365268513,221.256451695077,205.43481350000627,False,False,0.0,0.0,False,0.0,0,0,0,True
14,95,0.050000000000000044,89.37232786069086,90.09415132043799,99.84289679971701,104.49461185478451,8.937232786069083,0.5180481184124095,2.129985213726296,169.63308182240974,63.2224945061939,210.5238488622257,100.14342726616309,1.1426955032534587,0.27710506836092985,0.036602104736234535,-0.4040653520648864,0.02248234409739959,1.1066744622412503,97.0,0.0,0.0,0.0,0.0,31.646999365268513,232.85557632860363,212.65383407595198,False,False,0.0,0.0,False,0.0,0,0,0,True
15,94,0.06000000000000005,88.43156651478884,89.44549413631968,97.46030533536543,102.9330385090187,8.843156651478884,0.6216577420948914,2.112974481508453,177.8733964629077,70.22952775770803,222.2670745754117,108.15823846520885,1.1442853822741872,0.27875550615104105,0.038717038052357995,-0.34176326843397,0.02179526508357612,1.0431015259807304,94.0,0.0,0.0,0.0,0.0,31.646999365268513,248.1029242206157,224.38004905692014,False,False,0.0,0.0,False,0.0,0,0,0,True
16,96,0.040000000000000036,90.31308920659286,90.00449965506223,100.0722727871262,103.32213453268369,9.031308920659285,0.4144384947299276,2.117416240126895,184.81830244174637,74.7613379316999,230.18152703385238,118.22601159727279,1.1454969973912514,0.28004020046269806,0.040393998782793476,-0.2685678588267601,0.01541789271333606,0.9145970692551295,94.0,0.0,0.0,0.0,0.0,31.646999365268513,259.5796403734463,232.29894327397926,False,False,0.0,0.0,False,0.0,0,0,0,True
17,96,0.040000000000000036,90.31308920659285,89.69036206757845,100.94093324581715,102.48772745388257,9.031308920659283,0.4144384947299276,2.1199782280319273,191.0588873502903,75.14511771157083,233.62756153026672,129.47658277551147,1.1462400866648614,0.2808400653951858,0.041653641606599845,-0.19103948332006068,0.012758849904008829,0.8342384606848914,94.0,0.0,0.0,0.0,0.0,31.646999365268513,266.20400506186115,235.74753975829864,False,False,0.0,0.0,False,0.0,0,0,0,True
18,84,0.16000000000000003,87.49080516888682,87.36560366877886,98.20966362390696,99.76303021867997,8.749080516888682,0.7252673657773733,2.1078174038532698,197.47277670800148,46.42814659967914,228.90123547894012,121.83237187568571,1.1464716682506748,0.28107489887358217,0.04276097004321547,-0.11220555636554282,0.031848088120641875,0.7191390730657546,92.0,0.0,0.0,0.1,0.0,14.599570902396703,243.9009233076806,231.00905288279338,False,False,0.0,0.0,False,0.0,1,0,1,True
19,96,0.040000000000000036,84.6472189376962,75.65353234552879,101.8402648221424,86.38186635321345,9.031308920659283,0.4144384947299276,2.11206648385564,193.5212883852527,43.908363306530944,224.231708614371,148.01910435229934,1.1468495207905163,0.28134020192212494,0.04495235398246571,-0.034341547015368554,0.15264525564334178,0.5776466846278527,86.0,86.0,1.0,0.0,1.0,14.599570902396703,237.42965169178365,226.34377509822664,False,False,0.0,0.0,False,0.0,0,0,0,True
20,93,0.06999999999999995,80.28545777778895,73.47076056189782,97.39495951517874,83.77969444841169,8.749080516888682,0.7252673657773733,1.3655995425245016,190.47493039928742,41.462304175684324,220.19193763518288,171.94330330558026,1.1458467360251678,0.28003617346106946,0.04717009417180946,0.1829550818999117,0.13102596864158117,0.41962842550962043,83.0,83.0,1.0,0.0,0.0,14.599570902396703,231.93723457497174,221.5575371777074,False,False,0.0,0.0,False,0.0,0,0,0,True
21,92,0.07999999999999996,81.05398788013892,73.47602951815924,97.18557376216059,83.57441050306547,8.65500438229848,0.8288769894598552,1.4945609558517579,171.89746435193925,39.02128447021365,214.83324173550315,195.6528475495816,1.1433593014550478,0.2771260979227826,0.04882789787832962,0.39535029029883567,0.08953007640300407,0.3244825482109345,83.0,83.0,1.0,0.0,0.0,5.378721707704921,210.9187488221529,216.32780269135492,False,False,0.0,0.0,False,0.0,4,4,0,True
22,73,0.27,73.42070418502318,67.97424137644414,84.51675217711606,77.03422931130174,7.52609076721607,2.072192473649638,1.5438417127383597,169.39843672037654,13.056830600405355,185.60647247255704,191.43004206219746,1.1394578402373476,0.27265055870774707,0.04984070483008777,0.5875593561819513,0.1307173117289154,0.2781072521557756,85.0,85.0,1.0,0.1,0.0,11.229018851117722,182.4552673207819,187.1503141852954,False,True,20.080310114267615,0.09689837195703492,False,0.0,1,0,1,True
23,75,0.25,60.56157306381313,58.03460810290861,78.76886441498085,65.49716116785224,7.0557100942650655,2.5902405920620475,1.6591734333080979,168.02965785721705,11.708169059313345,186.70524236502789,212.1642983742697,1.1353713619909385,0.2677898164271292,0.05237237046634666,0.683914411687042,0.2227686626733048,0.28495043583929625,81.0,81.0,1.0,0.0,1.0,11.229018851117722,179.7378269165304,188.36441579833598,False,False,0.0,0.0,False,0.0,0,0,0,True
24,71,0.29000000000000004,58.767943457756374,57.28023795299167,73.73476567142167,64.26902360375729,6.679405555904263,3.0046790867919753,1.3919421698417658,155.29536433793535,10.382621892026542,187.30820926017714,228.61882609269972,1.1293880328549386,0.2608416710257243,0.054723521410276164,0.9428539464192804,0.16845349024371897,0.2297964250427486,80.0,80.0,1.0,0.0,0.0,4.338436232209272,165.6779862299619,188.7001514300189,False,False,0.0,0.0,False,0.0,3,3,0,True
25,65,0.35,57.323058359027584,56.6967800831463,68.1319624018257,63.15465359996663,6.114948748363058,3.6263368288868665,1.0367276869719224,153.9885460468375,9.078418183779274,188.35555333002154,240.05400841137907,1.1216530070282127,0.2520410085992938,0.0560684554781574,1.1404184060214109,0.12571162904242125,0.21454449363374456,82.0,82.0,1.0,0.0,0.0,4.338436232209272,163.06696423061678,189.39228101699345,False,False,0.0,0.0,False,0.0,0,0,0,True
26,58,0.42000000000000004,53.789656353641156,53.926004915924565,60.99253575091917,59.568451773622556,5.456415806231652,4.35160419466424,1.0150825391134646,152.87138448002742,7.846527045698576,189.41684319375747,247.1205392463737,1.112636602512326,0.24186364468993532,0.05688589968482018,1.3129869900581368,0.13045650723096663,0.19883369775226417,85.0,85.0,1.0,0.0,0.0,4.338436232209272,160.71791152572598,190.43192573287092,False,False,0.0,0.0,False,0.0,0,0,0,True
27,55,0.44999999999999996,51.399638143819395,52.339712338339055,58.09765386131114,57.278952532059236,5.174187402461049,4.662433065711686,1.0005074794091011,151.81200824994238,6.660495563420593,190.55665681938964,252.87848076934574,1.1025369764334294,0.2305153549763009,0.057323762112753,1.4667552130873787,0.11585201913049632,0.18927879588955795,86.0,86.0,1.0,0.0,0.0,4.338436232209272,158.47250381336298,191.55716429879874,False,False,0.0,0.0,False,0.0,0,0,0,True
28,54,0.45999999999999996,49.97843735972295,51.85013952199978,57.02216581656924,56.164145836407926,5.080111267870848,4.766042689394167,0.838315803781993,150.88184888048997,5.495876902282669,192.4373566160662,258.05050706391523,1.091510350531195,0.2181474184129962,0.0576366836915535,1.5968230656250677,0.08729911179779738,0.1839049392903679,87.0,87.0,1.0,0.0,0.0,4.338436232209272,156.37772578277264,193.2756724198482,False,False,0.0,0.0,False,0.0,0,0,0,True
29,53,0.47,48.74558940373351,51.568451560591264,55.823968679236664,55.24542746587416,4.986035133280647,4.869652313076649,0.6920217562251185,150.2547015983381,4.348357768967684,194.83053167174677,262.3060241825606,1.0797211597342447,0.204945309678215,0.05779423428845726,1.7026341625175714,0.06384476546489012,0.1798842186882762,90.0,90.0,1.0,0.0,0.0,4.338436232209272,154.60305936730578,195.5225534279719,False,False,0.0,0.0,False,0.0,0,0,0,True
30,52,0.48,47.84431820787152,51.35890095995076,54.943047452783986,54.38205380748873,4.891958998690446,4.9732619367591315,0.676695054343564,149.7750948803104,3.216459371843097,196.94341073582598,265.89017067539385,1.067330496071182,0.19109794416088377,0.0577119995723353,1.7842412936892433,0.04649244837485113,0.17703520939021017,91.0,91.0,1.0,0.0,0.0,4.338436232209272,152.9915542521535,197.62010579016953,False,False,0.0,0.0,False,0.0,0,0,0,True
31,52,0.48,47.65205615089352,51.795723398666524,54.943047452783986,54.1855705962921,4.891958998690446,4.9732619367591315,0.6749791760981645,144.9074660103624,2.0854526707134076,199.0530438060348,269.03749472951125,1.0547426634057344,0.17699573093332335,0.05793780443018524,1.8392925828727555,0.022773831970263555,0.17652030675217295,88.0,88.0,1.0,0.0,0.0,1.70542316167821,146.99291868107582,199.72802298213296,False,False,0.0,0.0,False,0.0,1,1,0,True
32,50,0.5,45.75159529968213,50.79125568645929,52.74743360739468,52.495117227289214,4.703806729510044,5.180481184124095,0.6718458497342209,144.52502545903093,1.1324413157288786,201.73890759664823,270.9936726504467,1.0423632922941461,0.16307277922764687,0.05842527951475202,1.8953246952818372,0.034454924541437296,0.17226793315847871,89.0,89.0,1.0,0.0,0.0,1.70542316167821,145.6574667747598,202.41075344638244,False,False,0.0,0.0,False,0.0,0,0,0,True
33,49,0.51,44.50400007098815,50.21792838998666,51.55987230206747,51.29081530011201,4.609730594919842,5.284090807806577,0.6129335341189337,131.4522580222262,0.6028985454228777,187.81140542374442,272.33561656252755,1.03042803911894,0.14959138532980196,0.05899726827858532,1.9461365782089994,0.03416290330080275,0.1697594696806809,89.0,89.0,1.0,0.0,0.0,11.3054603374718,132.05515656764908,188.42433895786334,False,True,17.230315909302163,0.08378276640726369,False,0.0,3,3,0,True
34,47,0.53,43.80876951176044,61.988826307903615,49.5654632547828,62.58736586942232,4.42157832573944,5.491310055171541,0.633562601329767,142.84372639300332,0.7988421647738065,202.76910621009637,259.91225350940664,1.018987537192947,0.13662365967178425,0.05960968271016758,1.6249965931071575,0.20605056560975496,0.2141270426986968,91.0,0.0,0.0,0.0,0.0,11.3054603374718,143.64256855777714,203.40266881142614,False,False,0.0,0.0,False,0.0,0,0,0,True
35,52,0.48,48.87822804629891,55.26572741120294,54.943047452783986,55.26249260968495,4.891958998690446,4.9732619367591315,0.6505187972332863,142.10194190542867,0.29661571153148575,204.19396723075275,259.5895735509877,1.0095217710523512,0.12589451009046732,0.06019016768939701,1.6210829196349128,0.011038757045042605,0.1934513385697954,89.0,40.0,0.449438202247191,0.0,0.0,11.3054603374718,142.39855761696015,204.84448602798602,False,False,0.0,0.0,False,0.0,0,0,0,True
36,53,0.47,49.28690891252045,57.482218548217176,56.14124459011656,56.94978770840162,4.986035133280647,4.869652313076649,0.6611340745919841,138.96852807661878,0.45064372720404977,207.55922655732311,258.2485995928871,1.0005946508658958,0.11574052484087394,0.06085721587758646,1.5706562685483036,0.04105647005951117,0.20154011038732406,90.0,36.0,0.4,0.0,0.0,9.10986296112845,139.41917180382282,208.2203606319151,False,False,0.0,0.0,False,0.0,1,1,0,True
37,53,0.47,48.84693286232343,56.137531216098246,56.14124459011656,55.13664823883457,4.986035133280647,4.869652313076649,0.6671327930060179,138.05693846552614,0.0,209.7066574333479,258.25231296690544,0.9923517633138145,0.10633138758181696,0.06166128726941549,1.5700633290031847,0.013650770718519853,0.19753787007362744,90.0,90.0,1.0,0.0,0.0,9.10986296112845,138.05693846552614,210.37379022635392,False,False,0.0,0.0,False,0.0,0,0,0,True
38,53,0.47,49.03290229851655,56.9825548223285,56.14124459011656,55.502039793336934,4.986035133280647,4.869652313076649,0.6705055660542337,137.30479955849577,0.0,212.64486680545804,257.41100273469345,0.9846346758252663,0.09746990128884732,0.06280164454825467,1.5497582024292207,0.02131548105226221,0.20113068458499908,90.0,90.0,1.0,0.0,0.0,9.10986296112845,137.30479955849577,213.31537237151227,False,False,0.0,0.0,False,0.0,0,0,0,True
39,54,0.45999999999999996,50.40507948154356,58.79678469888457,57.21673263485845,56.81700882274068,5.080111267870848,4.766042689394167,0.6734707558166565,136.49024441745533,0.0,215.42103056713864,255.83095067066733,0.9774698874703217,0.08920116645517687,0.06418359309424586,1.5003193340729917,0.041141186634278,0.20836230376977233,90.0,90.0,1.0,0.0,0.0,9.10986296112845,136.49024441745533,216.0945013229553,False,False,0.0,0.0,False,0.0,0,0,0,True
40,55,0.44999999999999996,51.476753826185416,60.28794745353118,58.35929862634277,57.82659106007234,5.174187402461049,4.662433065711686,0.6814262152260475,135.61259743605794,0.0,217.92105950667195,253.90230184347894,0.9708972906615208,0.0815882320089532,0.0657019370802094,1.4397933830014278,0.051299679361117366,0.21495196593297017,88.0,88.0,1.0,0.0,0.0,9.10986296112845,135.61259743605794,218.602485721898,False,False,0.0,0.0,False,0.0,0,0,0,True
41,56,0.43999999999999995,52.44984063754235,61.68875528105151,59.240219852795455,58.76181589691275,5.26826353705125,4.558823442029204,0.6845971223609362,134.6851115441258,0.0,220.1627996377692,251.45376641522284,0.9649010932088291,0.07462064950021177,0.06730004184362826,1.377171943642173,0.05556636273610501,0.22103123180163003,87.0,87.0,1.0,0.0,0.0,9.10986296112845,134.6851115441258,220.84739676013015,False,False,0.0,0.0,False,0.0,0,0,0,True
42,56,0.43999999999999995,52.476886509438785,62.23518042837115,59.240219852795455,58.9069404536288,5.26826353705125,4.558823442029204,0.6806508742666422,133.85091149735248,0.0,222.41413252195397,248.45880583964714,0.9595066865900115,0.06833674673973718,0.06889667804108575,1.3218622294305473,0.04338875427340981,0.2250362049638309,88.0,88.0,1.0,0.0,0.0,9.10986296112845,133.85091149735248,223.0947833962206,False,False,0.0,0.0,False,0.0,0,0,0,True
43,57,0.43000000000000005,53.386432635011346,63.63136155168616,60.33902313632901,59.87966145291959,5.36233967164145,4.455213818346722,0.6830559913444563,133.07987330139972,0.0,224.93237404914302,245.16646742428998,0.9546639742571041,0.06268280473921788,0.07046226620317692,1.2596723931837568,0.0496188677445739,0.23226945916166875,89.0,89.0,1.0,0.0,0.0,9.10986296112845,133.07987330139972,225.61543004048747,False,False,0.0,0.0,False,0.0,0,0,0,True
44,58,0.42000000000000004,54.18884938008146,64.77284444550345,61.52658444165622,60.636277479395176,5.456415806231651,4.35160419466424,0.6858891294979143,132.2583017351415,0.0,227.41332585767032,241.92020742044275,0.9503815085068948,0.057675409427021054,0.07194670348915166,1.1999799154766255,0.04900605904467248,0.23877978136077274,90.0,90.0,1.0,0.0,0.0,9.10986296112845,132.2583017351415,228.09921498716824,False,False,0.0,0.0,False,0.0,0,0,0,True
45,59,0.41000000000000003,55.18320891807362,66.14913627121027,62.62339500351196,61.637660354859754,5.550491940821852,4.247994570981758,0.6889484871835231,126.16326690427199,0.0,229.72767206959475,238.39446615274443,0.9466247691958813,0.053273534963700374,0.07331333266166452,1.1379845541382507,0.052083313343311566,0.2463061731774324,90.0,90.0,1.0,0.0,0.0,5.945109499643452,126.16326690427199,230.41662055677827,False,False,0.0,0.0,False,0.0,1,1,0,True
46,60,0.4,56.218304874169675,67.56577324474641,63.82159214084453,62.69993321766203,5.644568075412053,4.144384947299276,0.6921280493052455,125.26349484778878,0.0,231.84271259494054,234.65028504884256,0.9433351365202605,0.049413730414124155,0.07453178312736351,1.07263077870655,0.05431866484346737,0.2544996595989728,91.0,91.0,1.0,0.0,0.0,5.945109499643452,125.26349484778878,232.53484064424578,False,False,0.0,0.0,False,0.0,0,0,0,True
47,62,0.38,58.20709181937034,69.895997334533,66.03964617707074,64.62870753901844,5.832720344592454,3.937165699934312,0.7341343413042105,124.34445635115736,0.0,233.62050639420625,230.79393389138033,0.9404721599167913,0.04604782943604393,0.07562595599110547,0.9961430503163179,0.06933901305959876,0.2658206001814463,89.0,89.0,1.0,0.0,0.0,5.945109499643452,124.34445635115736,234.35464073551046,False,False,0.0,0.0,False,0.0,0,0,0,True
48,63,0.37,59.177759791411724,71.14654313411283,67.0502266866462,65.57726544439902,5.926796479182656,3.8335560762518304,0.8915531118768684,117.75388304951434,0.0,235.66689812786234,226.6976174439137,0.9379879133114178,0.043124604998963534,0.07660577428972241,0.9255040788524539,0.06176071544705577,0.2744990307314099,87.0,87.0,1.0,0.0,0.0,2.4909958942838384,117.75388304951434,236.5584512397392,False,False,0.0,0.0,False,0.0,1,1,0,True
49,63,0.37,59.188965602321616,71.83985816447192,67.0502266866462,66.03688732842956,5.926796479182656,3.8335560762518304,0.9221368985934024,111.46975515835298,0.0,223.65205494218088,221.90798596608795,0.9358738464741883,0.04063638588640883,0.07745591868072818,0.8601112828622485,0.04861755987628222,0.2825141323982888,89.0,89.0,1.0,0.0,0.0,13.474451510446455,111.46975515835298,224.5741918407743,False,True,14.406783943509659,0.06028422930415154,False,0.0,1,1,0,True
50,65,0.35,61.14948748363058,97.34705419781153,69.33659127550698,89.27901793829982,6.114948748363057,3.6263368288868665,0.8869100271354116,120.48697220069796,0.26040784266931727,245.92704449115638,193.89752304378342,0.9341005967238136,0.03854987940657475,0.07817660738484296,0.43972407896800386,0.3962415462176462,0.4086839541977178,90.0,0.0,0.0,0.0,0.0,6.598361216061836,120.74738004336729,246.81395451829178,False,False,0.0,0.0,False,0.0,2,2,0,True
51,74,0.26,69.61633959674865,79.3411535546809,78.69518123986344,72.74406211866835,6.961633959674866,2.6938502157445297,0.819019218381502,116.18749823210733,0.0,242.83506326442782,193.25155072896598,0.9337749199827347,0.03819660254445132,0.07802984240181571,0.4406375894944463,0.006031506128874682,0.34876264447817357,91.0,91.0,1.0,0.0,0.0,6.598361216061836,116.18749823210733,243.65408248280932,False,False,0.0,0.0,False,0.0,0,0,0,True
52,74,0.26,68.32790155117068,79.51302869001871,78.69518123986344,72.88804261815824,6.961633959674866,2.6938502157445297,0.7485656077006466,113.23596004944632,0.0,242.31509306354457,192.43370327881073,0.9335458986615229,0.03795476965401594,0.0778815912966147,0.43863300000630734,0.0038606005447303074,0.3517249646847468,94.0,94.0,1.0,0.0,0.0,6.598361216061836,113.23596004944632,243.0636586712452,False,False,0.0,0.0,False,0.0,0,0,0,True
53,75,0.25,69.5735964526934,81.54272638687904,79.88274254519067,74.74277885780604,7.055710094265067,2.5902405920620475,0.7339420123987488,110.90257738207819,0.0,242.42295330563223,190.77371943712234,0.9334112556856958,0.037822782692783184,0.0777237303052608,0.4170220611170734,0.02672269032839548,0.3624076949717374,95.0,95.0,1.0,0.0,0.0,6.598361216061836,110.90257738207819,243.156895318031,False,False,0.0,0.0,False,0.0,0,0,0,True
54,77,0.22999999999999998,71.91958516720221,84.41498864917526,82.17775024437898,77.38203909693753,7.243862363445469,2.3830213446970836,0.7442024402909343,108.86194849348276,0.0,242.76155370321436,188.53648103232604,0.9334053645202773,0.03784024795078955,0.07752342353766606,0.3769386260313042,0.05315625620458364,0.37612570396117945,96.0,96.0,1.0,0.0,0.0,6.598361216061836,108.86194849348276,243.5057561435053,False,False,0.0,0.0,False,0.0,0,0,0,True
55,80,0.19999999999999996,75.2061633058153,87.83455804529436,85.59400141793776,80.53851285724804,7.526090767216071,2.072192473649638,0.8771262564483823,106.80358952855974,0.0,242.25306248011375,186.29592440496947,0.9335404632613187,0.03802175176196654,0.07725756671488473,0.32359040465206323,0.07595602262247059,0.39092710809976394,90.0,90.0,1.0,0.0,0.0,6.598361216061836,106.80358952855974,243.13018873656213,False,False,0.0,0.0,False,0.0,0,0,0,True
56,82,0.18000000000000005,77.14243036396472,90.1726437659875,87.76539126097418,82.71768785533553,7.714243036396472,1.8649732262846743,1.0207783961183567,104.9786889507975,0.0,241.77080459218698,183.88867189995617,0.9337999199600745,0.03834748670233097,0.07694575080427109,0.2704988365774617,0.07616059526046981,0.40277151702688585,89.0,89.0,1.0,0.0,0.0,6.598361216061836,104.9786889507975,242.79158298830532,False,False,0.0,0.0,False,0.0,0,0,0,True
57,86,0.14,80.90547574757275,93.99293793671254,92.1790591425897,86.27342059062424,8.090547574757274,1.4505347315547465,1.061790750773249,102.8470995568503,0.0,239.9657113284828,182.07479310583332,0.9341896368986186,0.038822916328419985,0.07657798670304652,0.21296221306744445,0.09284807960209336,0.4174739961423829,88.0,88.0,1.0,0.0,0.0,6.598361216061836,102.8470995568503,241.02750207925604,False,False,0.0,0.0,False,0.0,0,0,0,True
58,91,0.08999999999999997,85.6092824770828,98.62106972014749,97.81676736984282,90.584526796177,8.560928247708281,0.9324866131423372,1.3422520611662583,100.56930362408501,0.0,237.31714229882223,181.2704907555286,0.9346658359377965,0.039396699237312996,0.07620161424805633,0.15232682661937752,0.11078999895893604,0.4335845511922779,86.0,86.0,1.0,0.0,0.0,6.598361216061836,100.56930362408501,238.65939435998848,False,False,0.0,0.0,False,0.0,0,0,0,True
59,96,0.040000000000000036,90.31308920659284,103.45196021162839,102.84018515809774,95.096344729356,9.031308920659287,0.4144384947299276,1.6163172732623774,93.03069287270887,0.0,234.33277917840567,180.65871570199798,0.9352964403973688,0.04012264997908717,0.07601927228379732,0.09596993498813382,0.12177587305258668,0.44926954163914246,87.0,87.0,1.0,0.0,0.0,3.5582932424220193,93.03069287270887,235.94909645166805,False,False,0.0,0.0,False,0.0,1,1,0,True
60,100,0.0,93.60899919996345,107.10334400626564,106.9786201043341,98.5386824940598,9.407613459020089,0.0,1.8370421140469335,90.54643221972442,0.0,231.01732809064922,180.53399180006645,0.9360355051633453,0.04096385581460495,0.07592239056463486,0.0492243871881213,0.11390210552994484,0.45951692388310555,88.0,88.0,1.0,0.0,0.0,3.5582932424220193,90.54643221972442,232.85437020469615,False,False,0.0,0.0,False,0.0,0,0,0,True
61,100,0.0,93.85180046443178,107.4511720538284,106.9786201043341,98.95390225178697,9.407613459020089,0.0,1.9968915134558758,88.12637049432969,0.0,227.5284922946517,180.06143985057213,0.9368583407754313,0.04190086722670876,0.0758232290335926,0.01606447971081496,0.07469622359798549,0.46036583973629686,87.0,87.0,1.0,0.0,0.0,3.5582932424220193,88.12637049432969,229.52538380810756,False,False,0.0,0.0,False,0.0,0,0,0,True
62,99,0.010000000000000009,92.9290165230249,106.71591421454755,105.90313205959221,98.38526724085095,9.31353732442989,0.1036096236824819,2.0545182829191133,85.90258093558485,0.0,224.4417480529777,179.24865769561674,0.9378264986528617,0.04299468816032885,0.07573775162922708,-0.0056657184300306,0.040185856058928354,0.45892964284049836,88.0,88.0,1.0,0.0,0.0,3.5582932424220193,85.90258093558485,226.4962663358968,False,False,0.0,0.0,False,0.0,0,0,0,True
63,100,0.0,93.81754274420075,107.75167483118057,106.91371256916767,99.45754704571301,9.407613459020089,0.0,2.1019527563682208,83.81950599146428,0.0,221.46805661796023,178.41069543360385,0.9388792761770398,0.04417794000736845,0.07565686292955927,-0.02555233772397638,0.03577096174139917,0.4638269749390185,88.0,88.0,1.0,0.0,0.0,3.5582932424220193,83.81950599146428,223.57000937432846,False,False,0.0,0.0,False,0.0,0,0,0,True
64,100,0.0,93.88991734703076,107.92467478323567,106.91371256916767,99.74112458523547,9.407613459020089,0.0,2.1302688336620585,81.88881711302542,0.0,218.66425947386648,177.39973321953585,0.9399986589908673,0.04543303036714965,0.07557827434735105,-0.04233254422177902,0.02465871855244791,0.46662480074335155,87.0,87.0,1.0,0.0,0.0,3.5582932424220193,81.88881711302542,220.79452830752854,False,False,0.0,0.0,False,0.0,0,0,0,True
65,100,0.0,93.90663628054055,107.94761328318377,106.91371256916767,99.89052699654064,9.407613459020089,0.0,2.145384077670043,80.04081652173954,0.0,216.3012376919219,176.36583250551973,0.94116596177372,0.046739335396726436,0.07550338160351928,-0.05626199842673303,0.016161556698535695,0.46936580273413353,89.0,89.0,1.0,0.0,0.0,3.5582932424220193,80.04081652173954,218.44662176959193,False,False,0.0,0.0,False,0.0,0,0,0,True
66,100,0.0,93.88899789055621,107.83259543192291,106.91371256916767,99.9144627625441,9.407613459020089,0.0,2.152179619477433,78.19085186979757,0.0,215.2157261760585,175.44694964276448,0.9423635872953792,0.048077399757707015,0.07543460208396513,-0.0673270795802194,0.009421702529760108,0.4717890374465668,90.0,90.0,1.0,0.0,0.0,3.5582932424220193,78.19085186979757,217.36790579553593,False,False,0.0,0.0,False,0.0,0,0,0,True
67,100,0.0,93.89313782173915,107.91550240040259,106.91371256916767,100.12200982494045,9.407613459020089,0.0,2.154931391391093,76.50499463438753,0.0,214.43373438075434,174.44515981152955,0.943573660743855,0.0494274069781218,0.07537523702822217,-0.07801621628541144,0.007273278486730719,0.4754033575212439,91.0,91.0,1.0,0.0,0.0,3.5582932424220193,76.50499463438753,216.58866577214545,False,False,0.0,0.0,False,0.0,0,0,0,True
68,99,0.010000000000000009,92.99596772870579,106.90827824867422,105.7155154318351,99.31685888706008,9.31353732442989,0.1036096236824819,2.1529821616000957,74.8647936172309,0.0,214.49752466433256,173.25239699469043,0.9447926208968477,0.05078571008395336,0.0753274901532518,-0.08457542056312901,0.006716659079339747,0.4751723474272692,91.0,91.0,1.0,0.0,0.0,3.5582932424220193,74.8647936172309,216.65050682593267,False,False,0.0,0.0,False,0.0,0,0,0,True
69,100,0.0,93.25325059955618,107.17194103641354,106.72609594141055,99.6900785263761,9.40761345902009,0.0,2.125931769366485,73.29370334847422,0.0,215.2591165586717,172.80655189968746,0.9459953196537795,0.05212818861549806,0.07526617406412456,-0.08853496680332129,0.005429805891554541,0.4774367184129356,92.0,92.0,1.0,0.0,0.0,3.5582932424220193,73.29370334847422,217.38504832803818,False,False,0.0,0.0,False,0.0,0,0,0,True
70,100,0.0,93.34875386110335,107.22046125192009,106.72609594141055,99.86017810307801,9.40761345902009,0.0,2.120763603049322,71.7891503612551,0.0,216.04693156529186,172.3121865891779,0.9471592477880104,0.05343170985899999,0.07519010288549524,-0.09300591250365983,0.006109941375296159,0.47951034165201917,92.0,92.0,1.0,0.0,0.0,3.5582932424220193,71.7891503612551,218.16769516834117,False,False,0.0,0.0,False,0.0,0,0,0,True
71,100,0.0,93.39668026858665,107.29825672801795,106.72609594141055,100.05459449196937,9.40761345902009,0.0,2.1250990357138955,70.4119177378905,0.0,216.95395261727322,171.74002580257053,0.9482867018870607,0.05469892264172109,0.07510032162633382,-0.09815610136374023,0.0065897441899361656,0.4822640012794661,92.0,92.0,1.0,0.0,0.0,3.5582932424220193,70.4119177378905,219.07905165298712,False,False,0.0,0.0,False,0.0,0,0,0,True
72,100,0.0,93.43712901207162,107.28823430245387,106.72609594141055,100.1668488204678,9.40761345902009,0.0,2.1344458446457217,69.08525528385944,0.0,217.8780681040838,171.1778874415272,0.94944051710109,0.055988700251943954,0.07510181300742891,-0.10314126582819243,0.0065325941333258305,0.48506214334568326,91.0,91.0,1.0,0.0,0.0,3.5582932424220193,69.08525528385944,220.01251394872952,False,False,0.0,0.0,False,0.0,0,0,0,True
73,100,0.0,93.46373322869975,107.18817613152024,106.72609594141055,100.19445847019607,9.40761345902009,0.0,2.142080883638511,67.73260344869878,0.0,218.75336461312668,170.71580725141752,0.9506192828649016,0.05729953771471115,0.07519430983952353,-0.10725348655536777,0.006103434020885102,0.48763909982393877,90.0,90.0,1.0,0.0,0.0,3.5582932424220193,67.73260344869878,220.89544549676518,False,False,0.0,0.0,False,0.0,0,0,0,True
74,99,0.010000000000000009,93.0709235189034,106.59607331231189,105.7155154318351,99.7602811294987,9.31353732442989,0.1036096236824819,2.1833499945101114,66.33690622508212,0.0,219.13858711096714,169.83524937094074,0.951816742426255,0.05862469088429134,0.07537673130077797,-0.11207700924356911,0.006441504126606072,0.4892021429932796,89.0,89.0,1.0,0.0,0.0,3.5582932424220193,66.33690622508212,221.32193710547725,False,False,0.0,0.0,False,0.0,0,0,0,True
75,100,0.0,93.91664416997239,107.38867785135703,106.69934396954432,100.62154715965006,9.407613459020089,0.0,2.1982556639932964,64.91332574475553,0.0,220.48598395458714,169.14591548912801,0.9530383642297808,0.0599692654765515,0.07564641243193714,-0.11802317472101634,0.00772228629740712,0.4925387315048356,91.0,91.0,1.0,0.0,0.0,3.5582932424220193,64.91332574475553,222.68423961858045,False,False,0.0,0.0,False,0.0,0,0,0,True
76,100,0.0,93.7457954256449,107.0942234397336,106.69934396954432,100.46596090615219,9.407613459020089,0.0,2.1984295848718984,63.463145934323876,0.0,221.52512475311585,168.7510360189387,0.9542888924093985,0.0613413590827802,0.07598160251209365,-0.12105359517532097,0.006262521356440685,0.4920682188530877,90.0,90.0,1.0,0.0,0.0,3.5582932424220193,63.463145934323876,223.72355433798774,False,False,0.0,0.0,False,0.0,0,0,0,True
77,100,0.0,93.6854780770355,106.98086122378439,106.69934396954432,100.47910602946831,9.407613459020089,0.0,2.1858525182039554,62.046040615707476,0.0,222.63425177289594,168.46951876469862,0.9555480687195852,0.06271897547709337,0.07637400458317486,-0.12307330793578179,0.006792956866459962,0.49260035297430066,90.0,90.0,1.0,0.0,0.0,3.5582932424220193,62.046040615707476,224.82010429109988,False,False,0.0,0.0,False,0.0,0,0,0,True
78,100,0.0,93.64888848128012,106.86113027995903,106.69934396954432,100.4847921359914,9.407613459020089,0.0,2.174741082371484,60.64566995912123,0.0,223.71486983933534,168.3077324542839,0.9568086712084233,0.06409453965066976,0.07681759310394037,-0.12413788730660873,0.007270557021933244,0.493464698160618,90.0,90.0,1.0,0.0,0.0,3.5582932424220193,60.64566995912123,225.88961092170683,False,False,0.0,0.0,False,0.0,0,0,0,True
79,100,0.0,93.6203992237066,106.7042264401568,106.69934396954432,100.45349642508765,9.407613459020089,0.0,2.1667209924449695,59.218896447050696,0.0,224.72490550430192,168.30284998367142,0.9580639280562204,0.06546098311904495,0.07730707686555029,-0.12403116099912412,0.007665518450417517,0.4944021898687959,90.0,90.0,1.0,0.0,0.0,3.5582932424220193,59.218896447050696,226.89162649674688,False,False,0.0,0.0,False,0.0,0,0,0,True
80,100,0.0,93.59753666872189,106.61990048688652,106.69934396954432,100.48786734343172,9.407613459020089,0.0,2.161893525423288,57.82535810726106,0.0,225.73997659485528,168.3822934663292,0.9593056916221953,0.06680971935820183,0.07783765425639717,-0.12343859001033501,0.0077760721622007435,0.49585067312479014,90.0,90.0,1.0,0.0,0.0,3.5582932424220193,57.82535810726106,227.90187012027857,False,False,0.0,0.0,False,0.0,0,0,0,True
81,100,0.0,93.58945511978652,106.53724559554828,106.69934396954432,100.52102584965704,9.407613459020089,0.0,2.159193096095729,56.44862932004261,0.0,226.71974698879845,168.54439184032523,0.9605305062273224,0.06813735913204662,0.07840548473435499,-0.12237142045025864,0.007795920592118184,0.4974222696272169,90.0,90.0,1.0,0.0,0.0,3.5582932424220193,56.44862932004261,228.87894008489417,False,False,0.0,0.0,False,0.0,0,0,0,True
82,100,0.0,93.59012269130677,106.51956055603941,106.69934396954432,100.61254978600621,9.407613459020089,0.0,2.1579808804952685,55.13800792135664,0.0,227.71673786199045,168.72417525383014,0.9617350252771967,0.0694406386844243,0.07900703676336392,-0.12135717318859074,0.0077517983531190035,0.49931946495087776,91.0,91.0,1.0,0.0,0.0,3.5582932424220193,55.13800792135664,229.87471874248573,False,False,0.0,0.0,False,0.0,0,0,0,True
83,99,0.010000000000000009,93.13537324429886,105.95055362171881,105.7155154318351,100.18004882557075,9.31353732442989,0.1036096236824819,2.152489793299308,53.81084530878764,0.0,228.17294408564055,168.48913706394637,0.9629194727767034,0.07072025261917798,0.07963918191127106,-0.12204577724396803,0.008685379546530635,0.4998018459089894,90.0,90.0,1.0,0.0,0.0,3.5582932424220193,53.81084530878764,230.32543387893986,False,False,0.0,0.0,False,0.0,0,0,0,True
84,100,0.0,93.56749208640174,106.32218682694452,106.72609594141055,100.63418196021041,9.40761345902009,0.0,2.1317832644258523,52.47472246004246,0.0,229.225985231449,168.89304617841245,0.964097580844812,0.07198914115870955,0.08032317410606243,-0.12087876857988293,0.007854346027847157,0.5020004218960643,91.0,91.0,1.0,0.0,0.0,3.5582932424220193,52.47472246004246,231.35776849587484,False,False,0.0,0.0,False,0.0,0,0,0,True
85,100,0.0,93.60815957962203,106.27213289670657,106.72609594141055,100.68596591040549,9.40761345902009,0.0,2.126308927856159,51.13948492356792,0.0,230.04115989615093,169.3470092231164,0.9652553963204704,0.07323365521388489,0.08105261655738023,-0.11925220322058387,0.007951223826906979,0.5022225539208092,91.0,91.0,1.0,0.0,0.0,3.5582932424220193,51.13948492356792,232.1674688240071,False,False,0.0,0.0,False,0.0,0,0,0,True
86,99,0.010000000000000009,93.13537324429886,105.80047637195722,105.7155154318351,100.3342344108199,9.31353732442989,0.1036096236824819,2.1537370995476306,49.923224776947066,0.0,230.40867841374035,169.26204828299427,0.9663896024450429,0.07445068332338498,0.08181875366081548,-0.1192230598742341,0.007660306384215404,0.5010597793940443,90.0,90.0,1.0,0.0,0.0,3.5582932424220193,49.923224776947066,232.562415513288,False,False,0.0,0.0,False,0.0,0,0,0,True
87,100,0.0,94.07613459020088,106.60006422226158,106.58691010350613,101.18600836054138,9.40761345902009,0.0,2.1748343311443934,48.59800074535367,0.0,230.69325910022704,169.24889416423886,0.967511845913309,0.07565242996382171,0.08261073741442494,-0.11833243315535076,0.010469022391632828,0.4977781450046347,90.0,90.0,1.0,0.0,0.0,3.5582932424220193,48.59800074535367,232.86809343137142,False,False,0.0,0.0,False,0.0,0,0,0,True
88,100,0.0,94.07613459020088,106.51850849590403,106.58691010350613,101.20309923684582,9.40761345902009,0.0,2.1788406864367156,47.24752108239447,0.0,230.5080089927872,169.3172957718409,0.9686057793553037,0.07683268595905093,0.08329007859967888,-0.11594137643493366,0.008849034539345185,0.4922227269813554,90.0,90.0,1.0,0.0,0.0,3.5582932424220193,47.24752108239447,232.68684967922394,False,False,0.0,0.0,False,0.0,0,0,0,True
89,100,0.0,94.07613459020088,106.43012032657724,106.58691010350613,101.21406225040117,9.40761345902009,0.0,2.171884028173702,45.87130447555134,0.0,230.55237729632856,169.47408554876978,0.96966104595978,0.07798057346168959,0.08384080865898173,-0.11227596172810887,0.007539810414692502,0.4873906886511774,91.0,91.0,1.0,0.0,0.0,3.5582932424220193,45.87130447555134,232.72426132450227,False,False,0.0,0.0,False,0.0,0,0,0,True
90,100,0.0,93.48578809578427,105.76296099397477,106.58691010350613,100.67397629895942,9.40761345902009,0.0,2.1540197928208547,44.508213405514596,0.0,231.0544860264744,170.29803465830113,0.9706690765258829,0.07908702833953223,0.08425025018714079,-0.10282584798596764,0.0068575954466743696,0.4799513904100202,93.0,93.0,1.0,0.0,0.0,3.5582932424220193,44.508213405514596,233.20850581929525,False,False,0.0,0.0,False,0.0,0,0,0,True
91,100,0.0,93.57898678377586,105.877046595628,106.58691010350613,100.87338735448088,9.40761345902009,0.0,2.1498648729019547,43.23906673100783,0.0,230.82733139151617,171.00789816617925,0.9715912828853652,0.08010959982794161,0.08450626983550943,-0.09475684786862877,0.0048901203551828835,0.47624339457825127,93.0,51.0,0.5483870967741935,0.0,0.0,3.5582932424220193,43.23906673100783,232.97719626441813,False,False,0.0,0.0,False,0.0,0,0,0,True
92,100,0.0,93.66303466182316,105.92692106565536,106.58691010350613,101.00929135216637,9.40761345902009,0.0,2.1499294309382275,42.00180872434039,0.07873966037220648,230.72738729876795,171.66788720403005,0.9724378700725105,0.08105958397311364,0.08460549425946866,-0.08731361282757522,0.004217526468789897,0.47307933902956245,92.0,49.0,0.532608695652174,0.0,0.0,3.5582932424220193,42.0805483847126,232.87731672970617,False,False,0.0,0.0,False,0.0,0,0,0,True
93,99,0.010000000000000009,92.92133075515058,105.8067967732538,105.7155154318351,100.98112068120606,9.31353732442989,0.1036096236824819,2.160106200666222,41.45506961512579,0.0,231.09121730237956,171.57660586261133,0.9732156719584489,0.08194401255563581,0.0845521627296845,-0.08713665287045542,0.0032354445087899265,0.47226196490606187,94.0,42.0,0.44680851063829785,0.0,0.0,3.5582932424220193,41.45506961512579,233.2513235030458,False,False,0.0,0.0,False,0.0,0,0,0,True
94,100,0.0,93.49841767138781,105.57494963852169,106.72609594141055,100.84511863440376,9.40761345902009,0.0,2.1511460244719274,40.175232387111876,0.18892731782614058,231.1515814834986,172.7277521655002,0.9739819640565578,0.08281469328544158,0.08448313860834634,-0.0798363030983325,0.0035805748152466107,0.46867350735536534,96.0,45.0,0.46875,0.0,0.0,3.5582932424220193,40.36415970493802,233.30272750797053,False,False,0.0,0.0,False,0.0,0,0,0,True
95,99,0.010000000000000009,92.72473637889527,105.91828679097753,105.7155154318351,101.25307413407964,9.31353732442989,0.1036096236824819,2.147849278076439,40.048738026935474,0.12414021559637134,232.05414128649966,172.5249808063577,0.9746921826052594,0.08362285097045752,0.08440399415977418,-0.08134289075722154,0.0029214414096306604,0.4697070911729108,96.0,38.0,0.3958333333333333,0.0,0.0,3.5582932424220193,40.172878242531844,234.2019905645761,False,False,0.0,0.0,False,0.0,0,0,0,True
96,100,0.0,93.44229968437905,105.72892576184367,106.69934396954432,101.15202843303342,9.407613459020089,0.0,2.1497730081074122,39.11598944451971,0.13417652650688838,232.33775223327643,173.49539901405834,0.9754044876536042,0.08443134124855992,0.08432095914297671,-0.07510294632670532,0.0017864646715080798,0.4664688387808992,97.0,40.0,0.41237113402061853,0.0,0.0,3.5582932424220193,39.250165971026604,234.48752524138385,False,False,0.0,0.0,False,0.0,0,0,0,True
97,99,0.010000000000000009,92.67455945424429,105.93121090638189,105.7155154318351,101.4214644679701,9.31353732442989,0.1036096236824819,2.150959344934637,39.19236851946488,0.13661967228201488,233.53834541662948,173.2797035395116,0.976065873524121,0.08518380362111064,0.08421407858275815,-0.0768664134105025,0.0028549453539854245,0.46713652113136944,96.0,35.0,0.3645833333333333,0.0,0.0,3.5582932424220193,39.328988191746895,235.68930476156413,False,False,0.0,0.0,False,0.0,0,0,0,True
98,100,0.0,93.404233704257,105.8554520408408,106.59643665828777,101.42501600860552,9.407613459020089,0.0,2.1440023504837304,38.545470328854194,0.9653163574911718,234.90205484030668,174.02068815695853,0.9767334392899176,0.08594036717512728,0.08411186110844361,-0.07109204029527191,0.002354833187108709,0.46445270215726564,96.0,38.0,0.3958333333333333,0.0,0.0,3.5582932424220193,39.51078668634536,237.0460571907904,False,False,0.0,0.0,False,0.0,0,0,0,True
99,99,0.010000000000000009,92.81115535010338,106.0499975579192,105.7155154318351,101.68561595557989,9.31353732442989,0.1036096236824819,2.119225403658461,38.71242600790536,1.061892541299012,236.30023024776887,173.68620603087442,0.9773625310522627,0.08665843641604347,0.08395775491874372,-0.07383975430310452,0.003139726005628546,0.4654536062344291,96.0,35.0,0.3645833333333333,0.0,0.0,3.5582932424220193,39.77431854920437,238.4194556514273,False,False,0.0,0.0,False,0.0,0,0,0,True
100,100,0.0,93.48269106923048,105.92293504720432,106.72609594141055,101.63875427630937,9.40761345902009,0.0,2.1225937340519403,38.20183134296795,1.6296184492692414,237.46294034690806,174.4893669250807,0.9780064236691978,0.0873896022083405,0.08381552192511253,-0.06989122404831133,0.0023180033663575596,0.46329704102658986,96.0,38.0,0.3958333333333333,0.0,0.0,3.5582932424220193,39.831449792237194,239.58553408096,False,False,0.0,0.0,False,0.0,0,0,0,True
101,99,0.010000000000000009,92.81850966658055,105.9759378744848,105.7155154318351,101.76141646788658,9.31353732442989,0.1036096236824819,2.144775884021501,38.47753459348966,1.6122524223884471,238.7608432849449,174.22894448243096,0.9786246639179481,0.08809005310830773,0.08368631659446672,-0.07193201221056994,0.0024264091419376444,0.46380033013233646,95.0,34.0,0.35789473684210527,0.0,0.0,3.5582932424220193,40.0897870158781,240.9056191689664,False,False,0.0,0.0,False,0.0,0,0,0,True
102,100,0.0,93.57487690285026,105.74799738209678,106.69934396954432,101.6142934088253,9.407613459020089,0.0,2.161894833736847,37.85947368382042,1.5808943337418875,239.30195676387504,175.1802910698785,0.9792519366976096,0.088797025638319,0.08357330358681767,-0.06598136896677151,0.002807239427530088,0.46086896380345876,96.0,37.0,0.3854166666666667,0.0,0.0,3.5582932424220193,39.44036801756231,241.4638515976119,False,False,0.0,0.0,False,0.0,0,0,0,True
103,99,0.010000000000000009,92.78761767273726,105.9799334923622,105.7155154318351,101.90454193987583,9.31353732442989,0.1036096236824819,2.1636190694354474,38.282217360969135,1.5833506310503025,240.86569781657508,174.91587300935134,0.9798320319798348,0.08945092998829614,0.08345480120218501,-0.0683160041561943,0.0026203287418604688,0.4620929013503499,95.0,34.0,0.35789473684210527,0.0,0.0,3.5582932424220193,39.865567992019436,243.02931688601052,False,False,0.0,0.0,False,0.0,0,0,0,True
104,100,0.0,93.443210573069,105.75487751781495,106.81431871536866,101.7555775735658,9.407613459020089,0.0,2.1502663231245416,37.90291787917487,1.7525972891839328,241.79997676698954,175.97531420690507,0.9804241558194636,0.0901144371791202,0.083358086626569,-0.06413147686262424,0.0029537059098197027,0.45973339240251326,95.0,38.0,0.4,0.0,0.0,3.5582932424220193,39.655515168358804,243.9502430901141,False,False,0.0,0.0,False,0.0,0,0,0,True
105,100,0.0,93.29316237954647,105.73006937201374,106.81431871536866,101.7934792944061,9.407613459020089,0.0,2.137192014543601,37.70459242829107,2.283358922093445,243.1861865839864,177.05956355025998,0.9809874218278255,0.09074073721897122,0.08331046409781195,-0.05990744130180432,0.002838806273824755,0.45812593162440757,95.0,38.0,0.4,0.0,0.0,3.5582932424220193,39.98795135038452,245.32337859853,False,False,0.0,0.0,False,0.0,0,0,0,True
106,99,0.010000000000000009,92.67849747733749,105.5570710308599,105.7155154318351,101.68348709757437,9.31353732442989,0.1036096236824819,2.1398635494969422,38.0132877050881,2.2419980044213075,244.49074102480117,177.21800795123517,0.9815255668174027,0.09133414682593417,0.08331004252626012,-0.05892480258886248,0.00333317224390278,0.4572591595408893,95.0,36.0,0.37894736842105264,0.0,0.0,3.5582932424220193,40.25528570950941,246.6306045742981,False,False,0.0,0.0,False,0.0,0,0,0,True
107,100,0.0,93.3074409823581,105.39670816566039,106.72609594141055,101.58337031657311,9.40761345902009,0.0,2.1245541375003714,37.590366618938155,2.613744016088164,245.51306051689457,178.54739572698534,0.9820537796723086,0.09191305950628606,0.0833314801535352,-0.05135060317282029,0.003749508199107773,0.45428867630045183,96.0,39.0,0.40625,0.0,0.0,3.5582932424220193,40.20411063502632,247.63761465439495,False,False,0.0,0.0,False,0.0,0,0,0,True
108,99,0.010000000000000009,92.63203900851097,105.38347126677685,105.7155154318351,101.61890213288804,9.31353732442989,0.1036096236824819,2.138249431431256,37.88973401197249,2.47954865693837,246.69409106529542,178.87943989204356,0.9825318348038381,0.09243417201599133,0.0833739309286927,-0.04949425786074115,0.0031742808416796776,0.4536635744877997,95.0,36.0,0.37894736842105264,0.0,0.0,3.5582932424220193,40.36928266891086,248.8323404967267,False,False,0.0,0.0,False,0.0,0,0,0,True
109,100,0.0,93.40177642186937,105.31479627091235,106.69934396954432,101.59821473845629,9.407613459020089,0.0,2.1507566096880213,37.41274849973552,2.2833049584471703,247.2388844813373,180.26398759067553,0.9829935320148397,0.09293403943637346,0.08343719103568623,-0.04119228798928097,0.0032786362122118004,0.45062453988703244,96.0,41.0,0.4270833333333333,0.0,0.0,3.5582932424220193,39.69605345818269,249.3896410910253,False,False,0.0,0.0,False,0.0,0,0,0,True
110,99,0.010000000000000009,92.61379070818677,105.52090498317459,105.7155154318351,101.83641519361923,9.31353732442989,0.1036096236824819,2.154246640446673,37.934339108327144,2.2558545042137554,248.89327464867,180.45859803933604,0.9833926669789118,0.09336436634882914,0.08349889166692431,-0.04092875529839174,0.0026948415461676366,0.4510104992645713,96.0,36.0,0.375,0.0,0.0,3.5582932424220193,40.1901936125409,251.04752128911667,False,False,0.0,0.0,False,0.0,0,0,0,True
111,100,0.0,93.28883066412168,105.14939743598042,106.79100347657699,101.51572990447853,9.407613459020089,0.0,2.120931660808264,37.442879596893476,2.2682545476552898,249.6297285193202,182.1002040799326,0.9837881221677887,0.09378779907155606,0.08358183046520555,-0.03232028647745192,0.003812385490034413,0.44700437255152925,96.0,41.0,0.4270833333333333,0.0,0.0,3.5582932424220193,39.711134144548765,251.75066018012845,False,False,0.0,0.0,False,0.0,0,0,0,True
112,99,0.010000000000000009,92.53931016503078,105.34626124849818,105.7155154318351,101.73598595248681,9.31353732442989,0.1036096236824819,2.120292090595187,37.93497722786348,2.4459909728350415,251.4087930226895,182.4694582632695,0.9841250817631295,0.0941428405588249,0.08369908358136009,-0.030778569983480185,0.002699725392681102,0.4470529634006402,96.0,36.0,0.375,0.0,0.0,3.5582932424220193,40.38096820069852,253.5290851132847,False,False,0.0,0.0,False,0.0,0,0,0,True
113,100,0.0,93.59858144746447,105.9653424176472,106.85808142331942,102.36239435182384,9.407613459020089,0.0,2.1445764961475824,38.038021982633566,2.5869240608301696,252.65912565541223,183.3621972689417,0.9844525284987908,0.09448504362240684,0.0838331801558049,-0.029399487696562265,0.005691376327521987,0.44773992198714146,96.0,37.0,0.3854166666666667,0.0,0.0,3.5582932424220193,40.62494604346374,254.8037021515598,False,False,0.0,0.0,False,0.0,0,0,0,True
114,100,0.0,93.78437593705667,106.46044928616874,106.85808142331942,102.86661118027314,9.407613459020089,0.0,2.177012178747922,38.46957903544079,2.693227178031,254.10822377800795,183.7598294060924,0.9847736210430249,0.0948150278847606,0.08400980388802662,-0.03145098678527673,0.008225258395573672,0.44908167832135515,95.0,36.0,0.37894736842105264,0.0,0.0,3.5582932424220193,41.16280621347179,256.28523595675586,False,False,0.0,0.0,False,0.0,0,0,0,True
115,99,0.010000000000000009,92.9265724002906,105.52165468600538,105.7155154318351,101.98494543540114,9.31353732442989,0.1036096236824819,2.185883160291888,38.85237908858757,2.7674620582222826,255.47618454795767,183.9536901519221,0.9851104623366025,0.09515783581594181,0.08422751330874786,-0.029493662317203424,0.0043640306713612805,0.4457188202812941,94.0,36.0,0.3829787234042553,0.0,0.0,3.5582932424220193,41.619841146809854,257.66206770824954,False,False,0.0,0.0,False,0.0,0,0,0,True
116,100,0.0,93.71270357811463,105.32223502917506,106.69934396954432,101.81568489202937,9.407613459020089,0.0,2.18464267827997,38.28649326483924,2.86814909910837,256.24202225840565,185.3307990922914,0.9854323940520219,0.09548338771999505,0.08445091636969075,-0.020076389972588086,0.005036220339759124,0.4422475969977454,95.0,43.0,0.45263157894736844,0.0,0.0,3.5582932424220193,41.15464236394761,258.4266649366856,False,False,0.0,0.0,False,0.0,0,0,0,True
117,99,0.010000000000000009,92.8882857140649,105.26536587013392,105.7155154318351,101.7782287250247,9.31353732442989,0.1036096236824819,2.1708846177692394,38.474718976511824,3.0072844241915186,257.7730809970388,185.78094865399248,0.9856871218348928,0.09573680096416641,0.08465483988342554,-0.016649969874374712,0.004380698655459508,0.4412567935003132,94.0,39.0,0.4148936170212766,0.0,0.0,3.5582932424220193,41.48200340070334,259.943965614808,False,False,0.0,0.0,False,0.0,0,0,0,True
118,100,0.0,93.80055339449981,105.96752885032807,106.81232599369085,102.47214071297795,9.407613459020089,0.0,2.1647218707430147,38.46528837253368,3.1344187484665094,258.9554656626159,186.6257457973553,0.9859184012734131,0.09596408606421163,0.08485973739715377,-0.013900452984185352,0.004361487150527762,0.4418502064948001,94.0,40.0,0.425531914893617,0.0,0.0,3.5582932424220193,41.599707121000186,261.1201875333589,False,False,0.0,0.0,False,0.0,0,0,0,True
119,100,0.0,93.83495672575626,106.22617352461168,106.81232599369085,102.73517174983424,9.407613459020089,0.0,2.1614794545755394,38.687209494906945,3.230662567842089,260.177847684339,187.21189826643442,0.9861321727473632,0.09617013883432309,0.08507520283657768,-0.012721312232609958,0.005044694793696935,0.441689470486171,94.0,39.0,0.4148936170212766,0.0,0.0,3.5582932424220193,41.91787206274903,262.33932713891454,False,False,0.0,0.0,False,0.0,0,0,0,True
120,99,0.010000000000000009,92.91092385327967,105.150923331896,105.7155154318351,101.70709112522854,9.31353732442989,0.1036096236824819,2.1554479958545487,38.79697754608408,3.3141204187597166,261.2800907674816,187.77649036637348,0.9863383720470464,0.09636644911089617,0.0852991054950188,-0.007242096886783696,0.007199441730336041,0.4372142017118459,95.0,39.0,0.4105263157894737,0.0,0.0,3.5582932424220193,42.11109796484379,263.4355387633362,False,False,0.0,0.0,False,0.0,0,0,0,True
121,100,0.0,93.63040261886403,104.97654719878197,106.69934396954432,101.54649819062587,9.407613459020089,0.0,2.1553277448202453,38.04420101497597,3.4378326316469603,261.9390920159576,189.4992871371358,0.9865062348543671,0.09652143698839903,0.0855136578941493,0.005121071568186694,0.006653738386772003,0.43327820041076615,96.0,48.0,0.5,0.0,0.0,3.5582932424220193,41.48203364662293,264.09441976077784,False,False,0.0,0.0,False,0.0,0,0,0,True
122,99,0.010000000000000009,92.81925135835895,104.9329894952433,105.7155154318351,101.50510863533418,9.31353732442989,0.1036096236824819,2.1496549199857897,38.03173605632546,3.6060898106458543,263.37010669361183,190.28181307372762,0.9865878206345993,0.09658494948811547,0.08569479269696235,0.01110597501024034,0.005255625700784501,0.43173896723242616,96.0,41.0,0.4270833333333333,0.0,0.0,3.5582932424220193,41.63782586697131,265.5197616135976,False,False,0.0,0.0,False,0.0,0,0,0,True
123,100,0.0,93.72441816443268,105.62881988696398,106.90307673716231,102.17517727100027,9.407613459020089,0.0,2.149861976359937,37.7993270431184,3.7679580771629113,264.47000285318796,191.55606992392595,0.9866298947962061,0.0966062096152821,0.08586422005726677,0.016144771180205835,0.0035260842871726863,0.431464891398546,96.0,43.0,0.4479166666666667,0.0,0.0,3.5582932424220193,41.56728512028131,266.6198648295479,False,False,0.0,0.0,False,0.0,0,0,0,True
124,100,0.0,93.76172211220613,105.93344410135435,106.90307673716231,102.46324696486592,9.407613459020089,0.0,2.152021068665226,37.8151840028091,3.906516196488402,265.6606495522826,192.52570255973387,0.986643211702788,0.09659235099690466,0.0860439034082171,0.019078076669425764,0.005018165378295208,0.43063843144169667,96.0,41.0,0.4270833333333333,0.0,0.0,3.5582932424220193,41.7217001992975,267.81267062094787,False,False,0.0,0.0,False,0.0,0,0,0,True
125,100,0.0,93.77585789143151,106.05490843324469,106.90307673716231,102.57211095942941,9.407613459020089,0.0,2.1541200073925557,37.9259919913829,4.027380898527012,266.8407536675577,193.37387086365152,0.9866416116434928,0.09655912602185898,0.08623270595780491,0.02169461002698396,0.004274482995538563,0.42957872514662016,95.0,41.0,0.43157894736842106,0.0,0.0,3.5582932424220193,41.953372889909915,268.99487367495027,False,False,0.0,0.0,False,0.0,0,0,0,True
126,99,0.010000000000000009,92.8389625645972,105.03367477528785,105.7155154318351,101.57415066324457,9.31353732442989,0.1036096236824819,2.150788411984367,37.96286631873602,4.14206690281683,268.00349167327295,194.0557115201987,0.9866267941632081,0.09650887781568804,0.08642834322864223,0.02828392552312086,0.007016763819893984,0.4250671287635172,95.0,41.0,0.43157894736842106,0.0,0.0,3.5582932424220193,42.10493322155285,270.1542800852573,False,False,0.0,0.0,False,0.0,0,0,0,True
127,100,0.0,93.68683320183536,105.57564244967246,106.85808142331942,102.08411155595176,9.407613459020089,0.0,2.150336692798196,37.67493317964094,4.288880869196995,268.91044016192706,195.33815049384566,0.9865677701817377,0.09641270635284716,0.08660229723375189,0.03443122689034181,0.0027067015270758692,0.4247288597617899,96.0,44.0,0.4583333333333333,0.0,0.0,3.5582932424220193,41.96381404883793,271.06077685472525,False,False,0.0,0.0,False,0.0,0,0,0,True
128,99,0.010000000000000009,92.76250446463848,104.89912921962028,105.7155154318351,101.41143930904157,9.31353732442989,0.1036096236824819,2.1455661441220757,37.619296913848245,4.4281111734834075,270.119572729453,196.1545367060605,0.9864706991584142,0.09627441867120164,0.0867817055458417,0.04163307698998598,0.006245318610319179,0.42109094217091403,96.0,42.0,0.4375,0.0,0.0,3.5582932424220193,42.047408087331654,272.2651388735751,False,False,0.0,0.0,False,0.0,0,0,0,True
129,99,0.010000000000000009,92.6685863145864,104.5177802883482,105.7155154318351,101.02036189545547,9.31353732442989,0.1036096236824819,2.139078617486274,37.26370749097545,4.594963024265448,271.1725839287531,197.35227184954738,0.9863260829715689,0.0960870684211425,0.08693521162031582,0.0515194681357377,0.007796653383368511,0.41776309544361834,96.0,46.0,0.4791666666666667,0.0,0.0,3.5582932424220193,41.858670515240895,273.3116625462394,False,False,0.0,0.0,False,0.0,0,0,0,True
130,99,0.010000000000000009,92.58962711089109,104.44903182802692,105.7155154318351,100.92589906462513,9.31353732442989,0.1036096236824819,2.1327416680615596,36.885967975256406,4.789428891110793,272.3242045518834,198.6187554533556,0.9861166977515797,0.09583173547364568,0.08705983227138488,0.0611382813370514,0.005827381578614106,0.41533698774886574,96.0,46.0,0.4791666666666667,0.0,0.0,3.5582932424220193,41.6753968663672,274.45694621994494,False,False,0.0,0.0,False,0.0,0,0,0,True
131,99,0.010000000000000009,92.53532376295989,104.43997714352025,105.7155154318351,100.88384103996309,9.31353732442989,0.1036096236824819,2.128120075663111,36.51496638591347,4.998036487231449,273.5770175445407,199.89429374167042,0.9858453321342819,0.095511593801487,0.08715523890604303,0.07018371110866077,0.003983232079941619,0.4131131961167561,96.0,46.0,0.4791666666666667,0.0,0.0,3.5582932424220193,41.51300287314491,275.7051376202038,False,False,0.0,0.0,False,0.0,0,0,0,True
132,99,0.010000000000000009,92.49582440202289,104.44352794349751,105.7155154318351,100.84917333001697,9.31353732442989,0.1036096236824819,2.1260233613356334,36.144224950304555,5.216909342933446,274.8700831419769,201.16628123000797,0.9855166892074925,0.09513190009514325,0.08722150191963675,0.07875656106614262,0.0029262304096503945,0.41096545418202224,97.0,47.0,0.4845360824742268,0.0,0.0,3.5582932424220193,41.361134293238,276.99610650331255,False,False,0.0,0.0,False,0.0,0,0,0,True
133,99,0.010000000000000009,92.46602569115969,104.46524436348594,105.7155154318351,100.82766742037104,9.31353732442989,0.1036096236824819,2.1257610093935613,35.776517337163014,5.444627642129709,276.1953327680348,202.41655229835715,0.9851347396406496,0.09469705184072716,0.08725890455795593,0.08684554614779884,0.002435297412910615,0.4089411185519868,97.0,47.0,0.4845360824742268,0.0,0.0,3.5582932424220193,41.221144979292724,278.32109377742836,False,False,0.0,0.0,False,0.0,0,0,0,True
134,100,0.0,93.38456664643644,105.4670333631372,106.90307673716231,101.74769138932241,9.407613459020089,0.0,2.131399129758697,35.41868962151186,5.672481297088847,277.4454458997846,203.85259567238225,0.9847035013533167,0.09421145091086451,0.08726804075690105,0.09129275636826453,0.008547353772647709,0.40966956508658764,97.0,46.0,0.4742268041237113,0.0,0.0,3.5582932424220193,41.09117091860071,279.5768450295433,False,False,0.0,0.0,False,0.0,0,0,0,True
135,99,0.010000000000000009,92.52979962899025,104.9539669087533,105.7155154318351,101.20396868601395,9.31353732442989,0.1036096236824819,2.1350781062740043,35.353562577569726,5.86887845095969,278.9500632756204,204.61414419546404,0.9842520151524793,0.09370215511924687,0.08727666067784191,0.0959808911006661,0.0019520246689995954,0.4067928343449429,97.0,42.0,0.4329896907216495,0.0,0.0,3.5582932424220193,41.22244102852942,281.0851413818944,False,False,0.0,0.0,False,0.0,0,0,0,True
136,99,0.010000000000000009,92.48563946500276,104.71423531045133,105.7155154318351,100.92257443089142,9.31353732442989,0.1036096236824819,2.1358241677019736,35.04700191804386,6.082394538938852,280.2976237638127,205.61542431684776,0.9837745333215093,0.09316792324785308,0.08725933376580676,0.10291880822670356,0.002360988866907389,0.4044084237313149,97.0,44.0,0.4536082474226804,0.0,0.0,3.5582932424220193,41.12939645698271,282.43344793151465,False,False,0.0,0.0,False,0.0,0,0,0,True
137,99,0.010000000000000009,92.45406823913498,104.7111330693518,105.7155154318351,100.86627521818366,9.31353732442989,0.1036096236824819,2.1347414133021916,34.70801510281271,6.311646601459533,281.68258132986443,206.61980667933108,0.9832565259824749,0.09259258238560183,0.08721489218994259,0.10962986276691995,0.001984933891447664,0.4027771704714661,97.0,45.0,0.4639175257731959,0.0,0.0,3.5582932424220193,41.019661704272245,283.81732274316664,False,False,0.0,0.0,False,0.0,0,0,0,True
138,99,0.010000000000000009,92.43641410077133,104.7682210815427,105.7155154318351,100.8650322875994,9.31353732442989,0.1036096236824819,2.133066939636923,34.378359321362325,6.547218685360324,283.1192564345577,207.56710102962344,0.9827002562350158,0.09197847886862984,0.08714453613245514,0.11563623774018128,0.0015431112075670705,0.4014460641648303,97.0,45.0,0.4639175257731959,0.0,0.0,3.5582932424220193,40.925578006722645,285.25232337419465,False,False,0.0,0.0,False,0.0,0,0,0,True
139,99,0.010000000000000009,92.42599353746331,104.8366722684673,105.7155154318351,100.87225789603278,9.31353732442989,0.1036096236824819,2.1322451790898294,34.06089162778324,6.785730764105276,284.5916908678159,208.44594419299125,0.9821111134080722,0.09133138578386542,0.087050023195828,0.12095169707534703,0.001596650051828055,0.40027952501196146,98.0,45.0,0.45918367346938777,0.0,0.0,3.5582932424220193,40.846622391888516,286.7239360469057,False,False,0.0,0.0,False,0.0,0,0,0,True
140,100,0.0,93.35946186160498,105.87149324795283,106.90307673716231,101.80673712308314,9.407613459020089,0.0,2.1371257710017555,33.75359181434536,7.018952170570495,285.9706206643656,209.47752768220076,0.9814943287176441,0.09065687048886939,0.08693329257091645,0.12239711350058007,0.010245884223657747,0.4017607845727145,98.0,44.0,0.4489795918367347,0.0,0.0,3.5582932424220193,40.772543984915856,288.10774643536735,False,False,0.0,0.0,False,0.0,0,0,0,True
141,99,0.010000000000000009,92.5259005120862,105.41272535669478,105.7155154318351,101.3046224087154,9.31353732442989,0.1036096236824819,2.1415693281397274,33.76188113753176,7.2154984975030425,287.6136345654691,209.78031775734104,0.9808801692367874,0.08998317751558829,0.08682378544204855,0.12387835690289392,0.0025438840704695128,0.39987751605265043,96.0,41.0,0.4270833333333333,0.0,0.0,3.5582932424220193,40.9773796350348,289.75520389360884,False,False,0.0,0.0,False,0.0,0,0,0,True
142,100,0.0,93.44117077918357,106.17738604675526,106.91371256916767,101.97868810910138,9.407613459020089,0.0,2.147900979348111,33.54052133620977,7.416909303684601,288.9793128109277,210.5166442797534,0.9802642044444664,0.0893103782324838,0.08669676462655652,0.12373653246137054,0.008807747662650616,0.40113938949443223,96.0,43.0,0.4479166666666667,0.0,0.0,3.5582932424220193,40.95743063989437,291.1272137902758,False,False,0.0,0.0,False,0.0,0,0,0,True
143,99,0.010000000000000009,92.58730306305323,105.6739163623204,105.7155154318351,101.43494966065197,9.31353732442989,0.1036096236824819,2.1503045944448598,33.611584139510114,7.59147666733017,290.62401388745343,210.5582433492681,0.9796612021195152,0.08864976036856302,0.086587227510609,0.12430991070659095,0.0018036070824638847,0.3995334725207319,96.0,41.0,0.4270833333333333,0.0,0.0,3.5582932424220193,41.203060806840284,292.77431848189826,False,False,0.0,0.0,False,0.0,0,0,0,True
144,100,0.0,93.49744387007355,106.2961585168856,106.90307673716231,101.97286833430525,9.407613459020089,0.0,2.1534907851365626,33.322075416339395,7.772114891719495,291.8805928502425,211.1651615695448,0.9790622676279062,0.08799630922001087,0.08646199920469416,0.12480908032126181,0.0065650420512278485,0.400383260133125,96.0,43.0,0.4479166666666667,0.0,0.0,3.5582932424220193,41.09419030805889,294.0340836353791,False,False,0.0,0.0,False,0.0,0,0,0,True
145,99,0.010000000000000009,92.63395574204667,105.84970082123571,105.7155154318351,101.48593859376123,9.31353732442989,0.1036096236824819,2.153187202205833,33.39056221780041,7.936995122910888,293.50464756499963,211.0309761801442,0.9784718448915287,0.08734979884410694,0.08634709352419281,0.1247565626760219,0.0016148393201984366,0.3992070583560934,96.0,41.0,0.4270833333333333,0.0,0.0,3.5582932424220193,41.327557340711294,295.6578347672055,False,False,0.0,0.0,False,0.0,0,0,0,True
146,99,0.010000000000000009,92.6016644636061,105.4914377526301,105.7155154318351,101.08552600008449,9.31353732442989,0.1036096236824819,2.149516749069798,33.08884923889082,8.113852364304531,294.8492013980076,211.25505385934912,0.977889598875563,0.08671477456065375,0.08621850819098228,0.1278877700085269,0.003286668483635053,0.3977668275141881,96.0,43.0,0.4479166666666667,0.0,0.0,3.5582932424220193,41.20270160319535,296.9987181470774,False,False,0.0,0.0,False,0.0,0,0,0,True
147,99,0.010000000000000009,92.57348357188,105.62151419422459,105.7155154318351,101.15248507055387,9.31353732442989,0.1036096236824819,2.1447440886213873,32.875406509990775,8.314240281818282,296.3609632106955,211.34905509695963,0.9772944235189452,0.08606770652869447,0.08607496650967517,0.1293338691467368,0.0017212124130965918,0.39800929618054026,96.0,43.0,0.4479166666666667,0.0,0.0,3.5582932424220193,41.189646791809054,298.5057072993169,False,False,0.0,0.0,False,0.0,0,0,0,True
148,100,0.0,93.510049961885,106.61869295136057,106.90307673716231,102.04966910777077,9.407613459020089,0.0,2.14647263772933,32.634529075929436,8.505685713390408,297.7560178785635,211.6334388827614,0.9766980570772261,0.08542131201016978,0.08591963876697127,0.12704812075778654,0.008956856068239122,0.4004788389542286,96.0,43.0,0.4479166666666667,0.0,0.0,3.5582932424220193,41.14021478931984,299.90249051629286,False,False,0.0,0.0,False,0.0,0,0,0,True
149,99,0.010000000000000009,92.67136672370748,106.15087435739312,105.7155154318351,101.5465736502824,9.31353732442989,0.1036096236824819,2.148569815566318,32.71546226188513,8.663899056381277,299.42420910384436,211.19807995720333,0.976129368526529,0.08480232199936075,0.08578197641886012,0.12473684506262606,0.001983094351768967,0.39971055991385884,96.0,41.0,0.4270833333333333,0.0,0.0,3.5582932424220193,41.379361318266405,301.57277891941067,False,False,0.0,0.0,False,0.0,0,0,0,True
150,100,0.0,93.59131857552353,106.87118666423439,106.91371256916767,102.18284351603906,9.407613459020089,0.0,2.1540052917904164,32.52711144384873,8.827974708313938,300.774948310667,211.24060586213665,0.9755843150700944,0.08421117493813127,0.08563750312111705,0.12112110301248655,0.007792136173012304,0.4018844433159135,96.0,42.0,0.4375,0.0,0.0,3.5582932424220193,41.35508615216267,302.92895360245745,False,False,0.0,0.0,False,0.0,0,0,0,True
151,99,0.010000000000000009,92.737473713258,106.3929783366982,105.7155154318351,101.67545365718776,9.31353732442989,0.1036096236824819,2.1558261764373907,32.668458077405404,8.970141405247475,302.44507952359146,210.5631429572735,0.9750750980376546,0.08365635463444195,0.08552037403846732,0.1178321796753629,0.001617312480204626,0.401469752248062,96.0,41.0,0.4270833333333333,0.0,0.0,3.5582932424220193,41.63859948265288,304.6009057000289,False,False,0.0,0.0,False,0.0,0,0,0,True
152,100,0.0,93.65266745596671,106.9912610523047,106.90307673716231,102.20023479488532,9.407613459020089,0.0,2.159037688285689,32.432996324738816,9.117420294116544,303.70412159263884,210.4749586421311,0.9745953327323924,0.08313562308133941,0.08539826277173096,0.1146495792938047,0.0060610971966435665,0.40327148215102604,96.0,43.0,0.4479166666666667,0.0,0.0,3.5582932424220193,41.55041661885536,305.86315928092455,False,False,0.0,0.0,False,0.0,0,0,0,True
153,100,0.0,93.72832159774822,107.49554806535734,106.90307673716231,102.63738579726542,9.407613459020089,0.0,2.1637901113715556,32.556068368329925,9.244729927009095,305.2146408084574,209.88248731393602,0.9741477614988595,0.08264696860467313,0.08529660258882724,0.1078104010816739,0.008697412868396438,0.4056384305852874,96.0,41.0,0.4270833333333333,0.0,0.0,3.5582932424220193,41.80079829533902,307.37843091982893,False,False,0.0,0.0,False,0.0,0,0,0,True
154,99,0.010000000000000009,92.86133596572908,106.5421344548149,105.7155154318351,101.6879754199255,9.31353732442989,0.1036096236824819,2.163813197603517,32.58478456866963,9.349803617893372,306.65377617407455,209.05586829095625,0.9737562247244277,0.08221679844086686,0.08521824883044513,0.1052095944088242,0.0032638614514236422,0.4039887467545261,97.0,42.0,0.4329896907216495,0.0,0.0,3.5582932424220193,41.934588186563005,308.8175893716781,False,False,0.0,0.0,False,0.0,0,0,0,True
155,100,0.0,93.74032643092102,107.21700161933411,106.91371256916767,102.29558294208641,9.407613459020089,0.0,2.1637490462976134,32.352103066662764,9.486534316858517,307.8547276318216,208.7525792407898,0.9733880122225125,0.08181390910151545,0.0851348198811766,0.10115758886130659,0.004233740055907691,0.40659508606982414,97.0,44.0,0.4536082474226804,0.0,0.0,3.5582932424220193,41.83863738352128,310.0184766781192,False,False,0.0,0.0,False,0.0,0,0,0,True
156,99,0.010000000000000009,92.86057951894861,106.67455868969964,105.7155154318351,101.74417227209739,9.31353732442989,0.1036096236824819,2.1595774769154326,32.4296692119983,9.609193431847372,309.39224434532315,207.79353598292525,0.9730562351044991,0.08144791539871235,0.08507976807653649,0.09748468132382491,0.002315954521545137,0.406415386703633,96.0,42.0,0.4375,0.0,0.0,3.5582932424220193,42.038862643845675,311.5518218222386,False,False,0.0,0.0,False,0.0,0,0,0,True
157,100,0.0,93.75484339002193,107.25980795206048,106.90307673716231,102.2718175642028,9.407613459020089,0.0,2.158706583479328,32.154921587602814,9.744124877214233,310.56430267317194,207.43680476802703,0.9727543058962012,0.08111638540125558,0.08502072215886465,0.09369908442993279,0.003992725375453566,0.4086530231253175,97.0,44.0,0.4536082474226804,0.0,0.0,3.5582932424220193,41.89904646481705,312.72300925665127,False,False,0.0,0.0,False,0.0,0,0,0,True
158,100,0.0,93.80258164987072,107.67776449718221,106.90307673716231,102.64248402684447,9.407613459020089,0.0,2.1598717023506278,32.19988963752257,9.8642552340525,311.95534305144326,206.66211700800713,0.9724863148242063,0.08081892850399916,0.0849828415316823,0.08679623044953691,0.006501773653982336,0.4111133493876674,96.0,42.0,0.4375,0.0,0.0,3.5582932424220193,42.06414487157507,314.1152147537939,False,False,0.0,0.0,False,0.0,0,0,0,True
159,99,0.010000000000000009,92.89309861185414,106.75954799833734,105.7155154318351,101.74448938114975,9.31353732442989,0.1036096236824819,2.155586627233547,32.24220861943072,9.970544733527435,313.360306346372,205.61808444150492,0.97227252185872,0.08057806554920918,0.08496820750609499,0.08346645838616154,0.004357754719982518,0.40990513322603644,97.0,42.0,0.4329896907216495,0.0,0.0,3.5582932424220193,42.21275335295815,315.51589297360556,False,False,0.0,0.0,False,0.0,0,0,0,True
160,100,0.0,93.77704101899417,107.27293495744243,106.91371256916767,102.214071789984,9.407613459020089,0.0,2.1569384219819265,31.886138905877498,10.107141348056377,314.4077652301237,205.25886205323013,0.972084797340789,0.08036766482194493,0.08494856045546645,0.08003836010159039,0.002090670297110348,0.4121802349462551,97.0,44.0,0.4536082474226804,0.0,0.0,3.5582932424220193,41.993280253933875,316.5647036521056,False,False,0.0,0.0,False,0.0,0,0,0,True
161,99,0.010000000000000009,92.8647110737464,106.747139708844,105.7155154318351,101.69533662444091,9.31353732442989,0.1036096236824819,2.1528228793235673,31.90186303574909,10.243324092330466,315.866997447669,204.22723777622122,0.971927094894076,0.08018732402846836,0.08495563482832659,0.07651592788983066,0.0036516571489050046,0.4121838180259621,97.0,42.0,0.4329896907216495,0.0,0.0,3.5582932424220193,42.145187128079556,318.0198203269926,False,False,0.0,0.0,False,0.0,0,0,0,True
162,100,0.0,93.76177734329822,107.29758572600646,106.81232599369085,102.20515216624774,9.407613459020089,0.0,2.154376892384956,31.545830063547076,10.393757726163987,316.96120211321977,203.74197804390556,0.9717961911108739,0.08003835086356184,0.08495726734273219,0.07325822626299673,0.0027597779033970435,0.4145046568922191,97.0,44.0,0.4536082474226804,0.0,0.0,3.5582932424220193,41.93958778971106,319.11557900560473,False,False,0.0,0.0,False,0.0,0,0,0,True
163,99,0.010000000000000009,92.8536237443745,106.77598588897058,105.7155154318351,101.69668030004114,9.31353732442989,0.1036096236824819,2.1511238362418963,31.568337333915114,10.541614951966341,318.45702928145863,202.68150758677004,0.9716910479451333,0.07991758843820776,0.0849650157063968,0.06939041877481886,0.003090623735056874,0.4146486680848985,97.0,42.0,0.4329896907216495,0.0,0.0,3.5582932424220193,42.109952285881455,320.6081531177005,False,False,0.0,0.0,False,0.0,0,0,0,True
164,100,0.0,93.75220639367922,107.3040871347262,106.91371256916767,102.19141563132484,9.407613459020089,0.0,2.1534546461396746,31.202532891315272,10.702642160005563,319.56311004137035,202.29113302121155,0.9716144874170046,0.07983022126295831,0.08496724543933676,0.06548753751778552,0.00292432184509247,0.4172203943650533,97.0,44.0,0.4536082474226804,0.0,0.0,3.5582932424220193,41.90517505132084,321.71656468751,False,False,0.0,0.0,False,0.0,0,0,0,True
165,99,0.010000000000000009,92.84380514754501,106.78347511738573,105.7155154318351,101.68947670691888,9.31353732442989,0.1036096236824819,2.150645856593421,31.221528941750684,10.861896324340279,321.07576477598394,201.22317333566093,0.971569938828505,0.07977527584980071,0.08499585813186485,0.06154453140026478,0.002986937088803048,0.41742975386738346,97.0,42.0,0.4329896907216495,0.0,0.0,3.5582932424220193,42.08342526609096,323.22641063257737,False,False,0.0,0.0,False,0.0,0,0,0,True
166,100,0.0,93.74214239341892,107.30219773127055,106.90307673716231,102.18072461353505,9.407613459020089,0.0,2.1531834870508657,30.848665521183033,11.033692729109815,322.1938091635343,200.8240523415527,0.9715538409180032,0.07975367897232441,0.08501856804436095,0.058062196138899645,0.002892165325639472,0.41945570848969976,97.0,44.0,0.4536082474226804,0.0,0.0,3.5582932424220193,41.882358250292846,324.34699265058515,False,False,0.0,0.0,False,0.0,0,0,0,True
167,100,0.0,93.77403006929889,107.74480020672716,106.90307673716231,102.6018227095397,9.407613459020089,0.0,2.1553919863951148,30.857558877224676,11.19679239003623,323.60040841985824,199.98232887198782,0.9715662927096448,0.07976074254149682,0.08505931844955303,0.05117214720767972,0.005981884327234806,0.42206916117013976,97.0,42.0,0.4329896907216495,0.0,0.0,3.5582932424220193,42.054351267260905,325.75580040625334,False,False,0.0,0.0,False,0.0,0,0,0,True
168,100,0.0,93.80084406326453,107.66760742107881,106.90307673716231,102.53265731200871,9.407613459020089,0.0,2.1574956846964417,30.770521552257673,11.337930365834735,324.8159809302586,199.2177981880713,0.9716295254185792,0.07982121313345145,0.08511968851574404,0.04578188404100993,0.003119300078263081,0.4230410196488809,97.0,42.0,0.4329896907216495,0.0,0.0,3.5582932424220193,42.108451918092406,326.973476614955,False,False,0.0,0.0,False,0.0,0,0,0,True
169,100,0.0,93.8046311031836,107.76749342822032,106.90307673716231,102.63578316822472,9.407613459020089,0.0,2.158866851379077,30.780417906375575,11.48271627156709,326.0979834410375,198.35338149701326,0.9717328267416692,0.07992344362433998,0.08519726781587421,0.03999295321721495,0.0029074104745209586,0.42481243259207185,97.0,42.0,0.4329896907216495,0.0,0.0,3.5582932424220193,42.26313417794267,328.2568502924166,False,False,0.0,0.0,False,0.0,0,0,0,True
170,100,0.0,93.80545793821831,107.67717685924781,106.90307673716231,102.56166341608385,9.407613459020089,0.0,2.1594422997546596,30.71474706327226,11.619968485454676,327.2720956257571,197.57928137492777,0.9718781047772733,0.08006979078368678,0.08529104024910386,0.03540603261256064,0.0013614595226085434,0.42591945240921214,96.0,42.0,0.4375,0.0,0.0,3.5582932424220193,42.33471554872693,329.4315379255118,False,False,0.0,0.0,False,0.0,0,0,0,True
171,100,0.0,93.79924711263793,107.63438747801807,106.90307673716231,102.535827078547,9.407613459020089,0.0,2.1594022966786097,30.627571313295153,11.761028677377482,328.42748292608684,196.84797063407203,0.9720566557895415,0.08025088070500638,0.08539886610320847,0.031363098005622314,0.0014214697440810115,0.4271673799276363,96.0,43.0,0.4479166666666667,0.0,0.0,3.5582932424220193,42.38859999067263,330.58688522276543,False,False,0.0,0.0,False,0.0,0,0,0,True
172,99,0.010000000000000009,92.85393269457144,106.62528857423283,105.7155154318351,101.59190404413276,9.31353732442989,0.1036096236824819,2.1542427461613096,30.525460070321024,11.911759478906607,329.6969198057068,195.9381974916743,0.972264239825116,0.0804622939367365,0.08551917053493885,0.030702345059070258,0.009319982641625497,0.4254672552234105,96.0,43.0,0.4479166666666667,0.0,0.0,3.5582932424220193,42.437219549227635,331.8511625518681,False,False,0.0,0.0,False,0.0,0,0,0,True
173,100,0.0,93.71723257366673,107.19346865341963,106.91371256916767,102.15179049653648,9.407613459020089,0.0,2.154372906921867,30.13280300215831,12.098857608865394,330.8051735589745,195.65844140742232,0.972474577990185,0.08067994231155502,0.08562334168220129,0.028977588176263735,0.001783196251208889,0.42778826700388867,97.0,49.0,0.5051546391752577,0.0,0.0,3.5582932424220193,42.231660611023706,332.9595464658964,False,False,0.0,0.0,False,0.0,0,0,0,True
174,100,0.0,93.73778821113497,107.53917725899178,106.91371256916767,102.50029005430858,9.407613459020089,0.0,2.1548571398444683,30.060942533439345,12.275866776151261,332.16751446605093,195.03297671759822,0.9726978401317904,0.08091052078006414,0.08574261795094705,0.024264952512027694,0.0026192028440533113,0.4301349500640919,97.0,44.0,0.4536082474226804,0.0,0.0,3.5582932424220193,42.336809309590606,334.3223716058954,False,False,0.0,0.0,False,0.0,0,0,0,True
175,100,0.0,93.75320424128144,107.42068616731478,106.91371256916767,102.40895430266974,9.407613459020089,0.0,2.1559802664662184,29.881583668952068,12.43739509372013,333.372166972219,194.52600311945105,0.9729536466285154,0.08117594104674017,0.0858778267940202,0.020975616134772508,0.0016187295585646153,0.43094596434724036,97.0,44.0,0.4536082474226804,0.0,0.0,3.5582932424220193,42.3189787626722,335.5281472386852,False,False,0.0,0.0,False,0.0,0,0,0,True
176,99,0.010000000000000009,92.80877535453976,106.42606386710405,105.7155154318351,101.4837322995116,9.31353732442989,0.1036096236824819,2.1519945888796927,29.703356074299013,12.614489861171068,334.6958013354374,193.8154546841821,0.9732320711972937,0.08146543649096491,0.08602639811317662,0.021382306690131133,0.009017347985736264,0.42900662394641714,97.0,43.0,0.44329896907216493,0.0,0.0,3.5582932424220193,42.31784593547008,336.8477959243171,False,False,0.0,0.0,False,0.0,0,0,0,True
177,100,0.0,93.66426961278911,107.04523896187827,106.85808142331942,102.09775603810378,9.407613459020089,0.0,2.1520314135585217,29.293804544993606,12.829158244514897,335.9431144593592,193.62829714562324,0.9735049890794887,0.08175276218142569,0.08615256988324281,0.020475668343798034,0.0015553421489774794,0.43156707938022454,98.0,47.0,0.47959183673469385,0.0,0.0,3.5582932424220193,42.122962789508506,338.0951458729177,False,False,0.0,0.0,False,0.0,0,0,0,True
178,99,0.010000000000000009,92.7492263887025,106.3665275200029,105.7155154318351,101.47424298878767,9.31353732442989,0.1036096236824819,2.147873893610683,29.154229844973727,13.037812948371966,337.43357817209767,192.97728505745542,0.9737828830487171,0.08204642295991578,0.08628224788846359,0.020367010368199046,0.006520766153605065,0.43061153346137726,98.0,44.0,0.4489795918367347,0.0,0.0,3.5582932424220193,42.19204279334569,339.58145206570833,False,False,0.0,0.0,False,0.0,0,0,0,True
179,100,0.0,93.60380452155853,107.0272664761598,106.91371256916767,102.1294786568888,9.407613459020089,0.0,2.147070128187921,28.82552458948741,13.26721547809202,338.84301207229316,192.86373115046328,0.9740586549941117,0.0823418593263104,0.08638835021758334,0.01876130733849229,0.0018840544908970732,0.43337115363691103,98.0,47.0,0.47959183673469385,0.0,0.0,3.5582932424220193,42.09274006757943,340.9900822004811,False,False,0.0,0.0,False,0.0,0,0,0,True
180,99,0.010000000000000009,92.70630229735352,106.31063116577212,105.7155154318351,101.47087498901664,9.31353732442989,0.1036096236824819,2.1446738310619367,28.71830704538344,13.483234480923912,340.3990493876492,192.26861541652625,0.9743452978026113,0.08264881140279892,0.08650352413766586,0.018639755175230227,0.005549495754199937,0.4322463349194237,98.0,44.0,0.4489795918367347,0.0,0.0,3.5582932424220193,42.20154152630735,342.54372321871114,False,False,0.0,0.0,False,0.0,0,0,0,True
181,100,0.0,93.56881497079146,106.92275643335032,106.91371256916767,102.08147050413541,9.407613459020089,0.0,2.1456968405003707,28.370065013938557,13.719024677473843,341.85344424418327,192.25957155234366,0.9746297692411592,0.08295761140466536,0.08659413798066384,0.01753775682143433,0.0021071338503706205,0.4347800213476864,98.0,48.0,0.4897959183673469,0.0,0.0,3.5582932424220193,42.0890896914124,343.99914108468363,False,False,0.0,0.0,False,0.0,0,0,0,True
182,99,0.010000000000000009,92.67544358276223,106.29225582341202,105.7155154318351,101.50587084694553,9.31353732442989,0.1036096236824819,2.144555469403091,28.321238156403247,13.943005409517273,343.48674529415507,191.68283116076668,0.9749215932374788,0.08327412680454567,0.08669291674689433,0.017204011854222618,0.0046147153884904275,0.4339254035466751,98.0,45.0,0.45918367346938777,0.0,0.0,3.5582932424220193,42.26424356592052,345.63130076355816,False,False,0.0,0.0,False,0.0,0,0,0,True
183,100,0.0,93.54690067765034,106.82370857105326,106.81232599369085,102.04099636543586,9.407613459020089,0.0,2.1464140826842386,27.947664722835327,14.179505358203055,344.9637725479252,191.67144858340424,0.9752125262040188,0.08359396696883614,0.08676672052558515,0.017299890553377984,0.0024486727895296897,0.43576549992517,98.0,49.0,0.5,0.0,0.0,3.5582932424220193,42.127170081038386,347.11018663060946,False,False,0.0,0.0,False,0.0,0,0,0,True
184,99,0.010000000000000009,92.6551498104829,106.10509905370054,105.7155154318351,101.38258776293284,9.31353732442989,0.1036096236824819,2.1454720841792003,27.7879577259276,14.409019263598175,346.4964527890831,191.2818649615388,0.9755002472996825,0.08391254694876829,0.08682743313873678,0.01826897606037972,0.005500702779686646,0.43434532001520354,98.0,46.0,0.46938775510204084,0.0,0.0,3.5582932424220193,42.19697698952578,348.64192487326227,False,False,0.0,0.0,False,0.0,0,0,0,True
185,100,0.0,93.5226117713645,106.76629189779064,106.91371256916767,102.04278491004254,9.407613459020089,0.0,2.1467994662017684,27.429726272538492,14.659273919661,348.0089909960045,191.42928563291582,0.9757786402611386,0.084224999878091,0.08686263780679722,0.01777260806808742,0.0033925729588770203,0.43678477956305173,98.0,49.0,0.5,0.0,0.0,3.5582932424220193,42.08900019219949,350.15579046220626,False,False,0.0,0.0,False,0.0,0,0,0,True
186,100,0.0,93.5791691136359,106.99377972042944,106.91371256916767,102.28840524674357,9.407613459020089,0.0,2.1506838308175213,27.256264742125257,14.888520048976025,349.43682477390087,191.34921848165402,0.9760605053431387,0.08454070408821343,0.0869066007918275,0.015647354886551158,0.004525673609025047,0.43829059911025,98.0,46.0,0.46938775510204084,0.0,0.0,3.5582932424220193,42.14478479110128,351.5875086047184,False,False,0.0,0.0,False,0.0,0,0,0,True
187,99,0.010000000000000009,92.67648997376484,105.98893236082016,105.7155154318351,101.35648939640896,9.31353732442989,0.1036096236824819,2.150119337669268,27.036255517836963,15.11324721345347,350.91335140543134,191.07580155266893,0.9763568289693142,0.08487176195939769,0.08696101764706435,0.017719937767050536,0.0069670110781789776,0.43565308759198607,97.0,46.0,0.4742268041237113,0.0,0.0,3.5582932424220193,42.14950273129043,353.0634707431006,False,False,0.0,0.0,False,0.0,0,0,0,True
188,100,0.0,93.52668045417042,106.7901616218745,106.90307673716231,102.15112545505332,9.407613459020089,0.0,2.150306651574933,26.766765910832913,15.372549126887634,352.5196521440664,191.18871666795675,0.9766367675643144,0.08518868988342768,0.08698987884736258,0.01745282311977093,0.004152524183232424,0.4369203747044274,98.0,49.0,0.5,0.0,0.0,3.5582932424220193,42.13931503772055,354.6699587956413,False,False,0.0,0.0,False,0.0,0,0,0,True
189,100,0.0,93.58636091893362,106.98228783785775,106.90307673716231,102.36380859291761,9.407613459020089,0.0,2.152963558752702,26.6475905324381,15.599536379266052,354.01514850772526,191.10950556726127,0.9769188339425492,0.08550701839275561,0.08701749370252924,0.015957036239069383,0.0046709475926420005,0.43679766986639423,97.0,46.0,0.4742268041237113,0.0,0.0,3.5582932424220193,42.24712691170416,356.16811206647793,False,False,0.0,0.0,False,0.0,0,0,0,True
190,100,0.0,93.62542233774043,106.93018263690828,106.90307673716231,102.34418919877788,9.407613459020089,0.0,2.157165154631179,26.46898693347145,15.81322938770832,355.4252558732468,191.0823996675153,0.9772114606938338,0.08583595627189824,0.08704441947366486,0.015418060159637726,0.003003905510637487,0.4360160652776501,97.0,47.0,0.4845360824742268,0.0,0.0,3.5582932424220193,42.28221632117977,357.58242102787796,False,False,0.0,0.0,False,0.0,0,0,0,True
191,100,0.0,93.64538475306905,106.94592152307533,106.90307673716231,102.3902221887231,9.407613459020089,0.0,2.16078888335133,26.312451294889144,16.026941734285266,356.85274680405604,191.0395548816023,0.9775082788419907,0.08616840909303014,0.08706944184076869,0.015020772029004526,0.0022688688363878134,0.43568824654615856,97.0,46.0,0.4742268041237113,0.0,0.0,3.5582932424220193,42.33939302917441,359.0135356874074,False,False,0.0,0.0,False,0.0,0,0,0,True
192,100,0.0,93.66142641457435,106.9122896841463,106.90307673716231,102.38962163681431,9.407613459020089,0.0,2.162468284959771,26.134325577423223,16.237108839099662,358.25388023423227,191.03034193461826,0.9778082584223394,0.08650322176513806,0.08709219164527114,0.015107751938866201,0.0013208840119912138,0.43534276811128414,97.0,47.0,0.4845360824742268,0.0,0.0,3.5582932424220193,42.37143441652289,360.416348519192,False,False,0.0,0.0,False,0.0,0,0,0,True
193,100,0.0,93.67116187214326,106.89222785661312,106.90307673716231,102.40229392499653,9.407613459020089,0.0,2.162580027880055,25.95415604799742,16.447047204151783,359.6542722832443,191.04119081516745,0.9781081604464787,0.0868368081304429,0.08711243948149217,0.015447606898445165,0.0007060919499567557,0.4351878552905252,97.0,47.0,0.4845360824742268,0.0,0.0,3.5582932424220193,42.4012032521492,361.81685231112436,False,False,0.0,0.0,False,0.0,0,0,0,True
194,100,0.0,93.67860040433283,106.8602151699057,106.90307673716231,102.40358424694416,9.407613459020089,0.0,2.162019386983063,25.7637154684204,16.6565023546926,361.0462229629065,191.08405238242406,0.9784062839894483,0.08716730661821041,0.08713041433063484,0.016078001276735983,0.00038866766904598163,0.43510022773071555,97.0,47.0,0.4845360824742268,0.0,0.0,3.5582932424220193,42.420217823113,363.20824234988953,False,False,0.0,0.0,False,0.0,0,0,0,True
195,100,0.0,93.6835955115117,106.83166202632046,106.90307673716231,102.40799974641327,9.407613459020089,0.0,2.1612256487027857,25.568816708576886,16.8666183970613,362.43867436654034,191.15546709326588,0.9787007051774206,0.08749262744193664,0.08714658853438234,0.016909314942581195,0.0007797658105758179,0.43511083851515525,97.0,47.0,0.4845360824742268,0.0,0.0,3.5582932424220193,42.435435105638184,364.5999000152431,False,False,0.0,0.0,False,0.0,0,0,0,True
196,99,0.010000000000000009,92.74668286379526,105.83677831576443,105.7155154318351,101.48541717625646,9.31353732442989,0.1036096236824819,2.1552470430433215,25.36979949972105,17.084602873216184,363.9496982974729,191.03420420933656,0.9789901010183162,0.08781136592544747,0.08716169261692895,0.020747015610280674,0.009526700190028669,0.43218793654503374,98.0,47.0,0.47959183673469385,0.0,0.0,3.5582932424220193,42.45440237293724,366.1049453405162,False,False,0.0,0.0,False,0.0,0,0,0,True
197,100,0.0,93.57986484057027,106.55540595324648,106.91371256916767,102.20403537505817,9.407613459020089,0.0,2.151884044569785,25.06456341374092,17.3361053784862,365.5887944437799,191.39251082525774,0.9792516936516839,0.08810322456567612,0.08715107849938526,0.02206395870128823,0.0015364109517353058,0.43371053118489167,98.0,50.0,0.5102040816326531,0.0,0.0,3.5582932424220193,42.40066879222712,367.74067848834966,False,False,0.0,0.0,False,0.0,0,0,0,True
198,100,0.0,93.62758482401223,106.68734717050756,106.91371256916767,102.3585640169386,9.407613459020089,0.0,2.152598512964343,24.864379800121352,17.562223279894305,367.0135909478738,191.61887622391785,0.9795048641722304,0.08838500009179362,0.08714914086705379,0.022311823945729746,0.0021608471768142486,0.43368798545301573,98.0,49.0,0.5,0.0,0.0,3.5582932424220193,42.42660308001565,369.16618946083815,False,False,0.0,0.0,False,0.0,0,0,0,True
199,100,0.0,93.65704310369725,106.75981603361016,106.91371256916767,102.45527720496308,9.407613459020089,0.0,2.155351555661171,24.72965630970727,17.781726359753986,368.50839521120895,191.77277275947537,0.9797572373007309,0.08866503687610057,0.08715713001025933,0.02214802051598488,0.0021406140774721492,0.4336955905435051,98.0,48.0,0.4897959183673469,0.0,0.0,3.5582932424220193,42.511382669461256,370.66374676687013,False,False,0.0,0.0,False,0.0,0,0,0,True
200,100,0.0,93.68099071584514,106.75866392886613,106.91371256916767,102.48086003782429,9.407613459020089,0.0,2.15934919690954,24.59522616993944,17.994157793384655,370.00830263532504,191.9278213997769,0.9800115524148432,0.08894637092135109,0.08717504320833061,0.02222724596800986,0.0016769693569117516,0.43355592419834543,97.0,48.0,0.4948453608247423,0.0,0.0,3.5582932424220193,42.589383963324096,372.1676518322346,False,False,0.0,0.0,False,0.0,0,0,0,True
201,100,0.0,93.69233229500526,106.7369487946245,106.91371256916767,102.48606165887273,9.407613459020089,0.0,2.161325225293508,24.450053340543153,18.203025981572647,371.49217805072976,192.10458517432005,0.9802661533095278,0.08922719640663031,0.08720231958085359,0.02265151484167552,0.0014000898204071025,0.43339623608202144,96.0,49.0,0.5104166666666666,0.0,0.0,3.5582932424220193,42.6530793221158,373.6535032760233,False,False,0.0,0.0,False,0.0,0,0,0,True
202,100,0.0,93.6969198582426,106.7092100113262,106.91371256916767,102.48461612111717,9.407613459020089,0.0,2.161394805815066,24.29415735627884,18.410104177502674,372.9604360919843,192.30908773216152,0.98051869738874,0.08950496353247742,0.08723833184952205,0.023398443576883254,0.0011183605335335152,0.43324468281757544,96.0,49.0,0.5104166666666666,0.0,0.0,3.5582932424220193,42.70426153378152,375.1218308977994,False,False,0.0,0.0,False,0.0,0,0,0,True
203,100,0.0,93.69965561005708,106.68232399289634,106.91371256916767,102.48292305635393,9.407613459020089,0.0,2.160719129269621,24.130101313701523,18.616461355190008,374.4190216797407,192.54047630843277,0.9807670165406636,0.08977732510184458,0.08728252934944199,0.024404385162467953,0.001102821168982269,0.4331150948125363,97.0,49.0,0.5051546391752577,0.0,0.0,3.5582932424220193,42.74656266889153,376.57974080901033,False,False,0.0,0.0,False,0.0,0,0,0,True
204,99,0.010000000000000009,92.76057641574563,105.6918973856114,105.7155154318351,101.55418450746812,9.31353732442989,0.1036096236824819,2.1553424553891514,23.95901077455691,18.82972570375606,375.98660326272534,192.56409435465648,0.9810093889197973,0.09004243689927353,0.08733445572750397,0.02903375112554542,0.009468546636395354,0.429839418936764,97.0,50.0,0.5154639175257731,0.0,0.0,3.5582932424220193,42.78873647831297,378.14194571811447,False,False,0.0,0.0,False,0.0,0,0,0,True
205,100,0.0,93.61612197402265,106.46083031847374,106.85808142331942,102.31376185452751,9.407613459020089,0.0,2.154303523766638,23.702552940477638,19.074658188821203,377.7443798747061,192.96134545950216,0.9812192857654878,0.09027560553109662,0.08735877932931199,0.030897032622630625,0.0016867293457286897,0.43160557259127036,98.0,52.0,0.5306122448979592,0.0,0.0,3.5582932424220193,42.77721112929884,379.89868339847277,False,False,0.0,0.0,False,0.0,0,0,0,True
206,100,0.0,93.69234587960246,106.60551324638698,106.85808142331942,102.47226140568603,9.407613459020089,0.0,2.1570344469651777,23.527237065985677,19.29093114740105,379.2492525102665,193.2139136364346,0.9814160717317897,0.09049508400623056,0.0873828681831178,0.03166447926068082,0.0021332821425540873,0.431833456943082,97.0,52.0,0.5360824742268041,0.0,0.0,3.5582932424220193,42.81816821338673,381.40628695723166,False,False,0.0,0.0,False,0.0,0,0,0,True
207,99,0.010000000000000009,92.76041956988672,105.62517877405202,105.7155154318351,101.54869436053602,9.31353732442989,0.1036096236824819,2.1538495688992274,23.341472264215525,19.507665295126067,380.83290408848836,193.30425029421764,0.9816077030077182,0.09070954131195022,0.08740830387052538,0.036125992204659764,0.007906770055536883,0.42858865901510085,97.0,51.0,0.5257731958762887,0.0,0.0,3.5582932424220193,42.84913755934159,382.98675365738757,False,False,0.0,0.0,False,0.0,0,0,0,True
208,100,0.0,93.61672237755108,106.41828336188844,106.91371256916767,102.32818594006066,9.407613459020089,0.0,2.1541823615479476,23.08839554001909,19.756184442973176,382.6273662010051,193.79967950149688,0.9817687637822692,0.09089397736748486,0.08740672356165129,0.03759128400626345,0.0023827925676583603,0.43058105191977064,98.0,52.0,0.5306122448979592,0.0,0.0,3.5582932424220193,42.844579982992265,384.78154856255304,False,False,0.0,0.0,False,0.0,0,0,0,True
209,100,0.0,93.71092272764383,106.56517554443035,106.91371256916767,102.48499030703907,9.407613459020089,0.0,2.1580098398365335,22.89657735775995,19.974938904034023,384.14172851288964,194.1482165262342,0.9819213720130131,0.09106819937242557,0.08741302688708807,0.03806822745006633,0.0029327259444387865,0.430828988430872,97.0,52.0,0.5360824742268041,0.0,0.0,3.5582932424220193,42.87151626179397,386.2997383527262,False,False,0.0,0.0,False,0.0,0,0,0,True
210,100,0.0,93.71710216818416,106.553130707768,106.91371256916767,102.48820784233868,9.407613459020089,0.0,2.1599580238553653,22.69624360696584,20.188019350765916,385.60242712383024,194.50879838763382,0.9820727889613099,0.09124010756208434,0.08742902824371152,0.03901374606436079,0.0023435981990773186,0.4305865393468153,97.0,52.0,0.5360824742268041,0.0,0.0,3.5582932424220193,42.88426295773176,387.7623851476856,False,False,0.0,0.0,False,0.0,0,0,0,True
211,99,0.010000000000000009,92.77364061548117,105.5759148336961,105.7155154318351,101.56188715954356,9.31353732442989,0.1036096236824819,2.1558086835261756,22.49358528400582,20.40955060972061,387.16259671587454,194.64839898577284,0.982220119150482,0.09140647518093747,0.08745457334358839,0.04379205129317555,0.008067185702722603,0.4271940567726686,97.0,51.0,0.5257731958762887,0.0,0.0,3.5582932424220193,42.90313589372643,389.3184053994007,False,False,0.0,0.0,False,0.0,0,0,0,True
212,100,0.0,93.63742327307274,106.38503647771655,106.81232599369085,102.3519220099727,9.407613459020089,0.0,2.155880720351178,22.227061094884874,20.663613532550695,388.9573060323476,195.07568850174712,0.9823356995404134,0.09154127834372736,0.08745389912263556,0.04609884834251356,0.002982101841655829,0.4287986355411735,97.0,52.0,0.5360824742268041,0.0,0.0,3.5582932424220193,42.89067462743557,391.1131867526988,False,False,0.0,0.0,False,0.0,0,0,0,True
213,100,0.0,93.70848485964893,106.51040818022258,106.81232599369085,102.48366732400929,9.407613459020089,0.0,2.1580839890183214,22.01825563441289,20.888407714761577,390.4405449837674,195.37760631521536,0.9824355692277325,0.09166026307842678,0.08743942202083536,0.04760973282963098,0.0033980491039418683,0.42867978041032717,96.0,52.0,0.5416666666666666,0.0,0.0,3.5582932424220193,42.906663349174465,392.5986289727857,False,False,0.0,0.0,False,0.0,0,0,0,True
214,99,0.010000000000000009,92.769095361444,105.5330925365389,105.7155154318351,101.55432264546968,9.31353732442989,0.1036096236824819,2.1543003891478927,21.799977719162055,21.11646136775532,391.99421382642555,195.56002921051152,0.9825259724502355,0.09177010192216188,0.08741349541439936,0.052361945653042266,0.007396528147716551,0.4253025646264616,96.0,52.0,0.5416666666666666,0.0,0.0,3.5582932424220193,42.91643908691738,394.14851421557347,False,False,0.0,0.0,False,0.0,0,0,0,True
215,100,0.0,93.64119314515811,106.3567759925689,106.91371256916767,102.3560474171687,9.407613459020089,0.0,2.155570689199011,21.52174296498078,21.377719664892915,393.7900430783625,196.11696578711033,0.9825859644733848,0.09184944515128221,0.08736367045530606,0.05378707299808536,0.003823247106615179,0.4272078144269679,97.0,52.0,0.5360824742268041,0.0,0.0,3.5582932424220193,42.899462629873696,395.9456137675615,False,False,0.0,0.0,False,0.0,0,0,0,True
216,100,0.0,93.70297759199467,106.47639757550803,106.91371256916767,102.47883847242936,9.407613459020089,0.0,2.1578876071470177,21.300240491363986,21.609760389042847,395.25719138111845,196.55428078076994,0.9826396213265124,0.09192023882634673,0.08732575062261644,0.054515157758429814,0.003983377513527303,0.4271083063414126,96.0,52.0,0.5416666666666666,0.0,0.0,3.5582932424220193,42.910000880406834,397.41507898826546,False,False,0.0,0.0,False,0.0,0,0,0,True
217,100,0.0,93.70420874338613,106.46840671082218,106.91371256916767,102.47788739422306,9.407613459020089,0.0,2.1590737986311996,21.07118552851792,21.838824995628197,396.687213881797,196.99958663911542,0.9826925044602328,0.09198842287221606,0.08730175387987153,0.0556884633558008,0.0031258259974064695,0.426591147765533,96.0,51.0,0.53125,0.0,0.0,3.5582932424220193,42.91001052414612,398.8462876804282,False,False,0.0,0.0,False,0.0,0,0,0,True
218,99,0.010000000000000009,92.76163937466164,105.60368721378313,105.7155154318351,101.65105747366388,9.31353732442989,0.1036096236824819,2.154762737465343,20.938457161229756,22.076877672579936,398.31966262875545,197.11141485716735,0.982741939324917,0.09205097330010166,0.08729160700961754,0.05980827642887336,0.006856643012359777,0.4235152996073454,96.0,51.0,0.53125,0.0,0.0,3.5582932424220193,43.01533483380969,400.47442536622077,False,False,0.0,0.0,False,0.0,0,0,0,True
219,100,0.0,93.64163277513009,106.42999283387792,106.91371256916767,102.45039902032539,9.407613459020089,0.0,2.1558570118330893,20.737475479077478,22.338266694759746,400.21552532043665,197.5951345924571,0.9827661956744265,0.0920883911957677,0.08725983027968626,0.060637869617408094,0.004312738628116349,0.4254825199498444,97.0,52.0,0.5360824742268041,0.0,0.0,3.5582932424220193,43.07574217383723,402.3713823322697,False,False,0.0,0.0,False,0.0,0,0,0,True
220,99,0.010000000000000009,92.7512104644234,105.57381619936584,105.7155154318351,101.62917713682205,9.31353732442989,0.1036096236824819,2.152956118230534,20.58831813532977,22.573278109486374,401.87389433814343,197.73683382492635,0.9827888299933607,0.09212213404675544,0.08724156050968965,0.0645447682584911,0.0058784614898390345,0.42232353401856004,96.0,52.0,0.5416666666666666,0.0,0.0,3.5582932424220193,43.161596244816145,404.02685045637395,False,False,0.0,0.0,False,0.0,0,0,0,True
221,100,0.0,93.6643855476226,106.45407866619432,106.91371256916767,102.47813779209521,9.407613459020089,0.0,2.1563890464984223,20.38795959761407,22.83169370541099,403.82115189820706,198.1964677278997,0.9827881745178164,0.09213260672633679,0.08720240959357765,0.06478929784238338,0.005226066431946429,0.424434032752132,96.0,53.0,0.5520833333333334,0.0,0.0,3.5582932424220193,43.21965330302506,405.9775409447055,False,False,0.0,0.0,False,0.0,0,0,0,True
222,99,0.010000000000000009,92.74314491205244,105.5527416175276,105.7155154318351,101.61145692809828,9.31353732442989,0.1036096236824819,2.153278051369502,20.222246242084992,23.062339895703204,405.4320821683624,198.35924154220714,0.9827900816889196,0.09214381615278078,0.08717781632373565,0.06868154919463287,0.0055564190718960255,0.42105533225521674,96.0,52.0,0.5416666666666666,0.0,0.0,3.5582932424220193,43.284586137788196,407.5853602197319,False,False,0.0,0.0,False,0.0,0,0,0,True
223,100,0.0,93.65559913202404,106.44776466223277,106.91371256916767,102.47272957871245,9.407613459020089,0.0,2.1563855805116763,20.017934415930576,23.318900118868697,407.370358827332,198.82518944914204,0.9827693066617714,0.0921321769037429,0.08713305999664145,0.06880080490284254,0.005424359964399254,0.42314637314074277,96.0,53.0,0.5520833333333334,0.0,0.0,3.5582932424220193,43.33683453479927,409.52674440784364,False,False,0.0,0.0,False,0.0,0,0,0,True
224,100,0.0,93.67597801483028,106.50031515749495,106.91371256916767,102.52250021835117,9.407613459020089,0.0,2.157964374561459,19.837573803204762,23.540687733332625,408.8378121232648,199.23858686081473,0.982752274242328,0.09212235227762791,0.08710362798905628,0.06908594431260211,0.004395811323693459,0.4226927291926385,96.0,53.0,0.5520833333333334,0.0,0.0,3.5582932424220193,43.37826153653739,410.9957764978263,False,False,0.0,0.0,False,0.0,0,0,0,True
225,92,0.07999999999999996,93.67426953498064,106.4957530538745,106.91371256916767,102.51675193713493,9.407613459020089,0.0,1.982852902971491,19.648962006912395,0.0,370.42107838558604,178.96993197903947,0.9827389483082092,0.0921141079053009,0.08709072161812464,0.06989402054187713,0.0032570611270083044,0.42205268787067735,96.0,53.0,0.5520833333333334,0.1,0.0,22.344235877313444,19.648962006912395,372.40393128855754,False,True,33.04211607989045,0.08149571637052738,False,0.0,1,0,1,True
226,100,0.0,94.07613459020088,124.53212361210892,106.91371256916767,120.87198682173188,9.407613459020089,0.0,2.0606203936207335,37.48943094908909,6.8165142539220795,395.06586877830466,161.3515209360982,0.9835959893905727,0.09291840773637958,0.08842429198355273,-0.23360723589860108,0.16524408434164606,0.6827068309090335,101.0,0.0,0.0,0.0,1.0,22.344235877313444,44.30594520301117,397.1264891719254,False,False,0.0,0.0,False,0.0,0,0,0,True
227,100,0.0,94.07613459020088,118.15930321076105,106.91371256916767,114.29118200767005,9.407613459020089,0.0,2.1038970354871567,49.05392702943098,6.412646410184647,405.04595531930033,150.1059302945048,0.9854695663385353,0.09484973741855882,0.0898976714022303,-0.2999498724041379,0.046574927517255595,0.6891176989456976,91.0,0.0,0.0,0.0,0.0,22.344235877313444,55.46657343961563,407.14985235478747,False,False,0.0,0.0,False,0.0,0,0,0,True
228,100,0.0,94.07613459020088,118.02125339826468,106.91371256916767,114.19042585440218,9.407613459020089,0.0,2.1277925762339125,60.71872035056862,6.831447051978515,415.9429225591615,138.9983894654078,0.9877563984306084,0.09724714113145447,0.09138409846771268,-0.35917711089206095,0.0285271015377,0.7171426631022719,91.0,0.0,0.0,0.0,0.0,22.344235877313444,67.55016740254713,418.0707151353954,False,False,0.0,0.0,False,0.0,0,0,0,True
229,100,0.0,94.07613459020088,117.64936261681176,106.91371256916767,113.90732451993347,9.407613459020089,0.0,2.141039058174557,72.31203548488863,7.190524615497868,426.69418648419537,128.26273941776373,0.9904121365603771,0.10006067906626374,0.0928724063427288,-0.4125036675176045,0.015204714911469186,0.746743383867406,91.0,0.0,0.0,0.0,0.0,22.344235877313444,79.50256010038649,428.8352255423699,False,False,0.0,0.0,False,0.0,0,0,0,True
230,100,0.0,94.07613459020088,117.16500379674085,106.91371256916767,113.69362233531632,9.407613459020089,0.0,2.148396042291981,83.90667849866833,7.504293214128609,437.2171449808309,118.01144819019054,0.9933921434794538,0.10324033275587736,0.09435469060773748,-0.46083788137857395,0.008326791512886827,0.771780730259988,91.0,0.0,0.0,0.0,0.0,22.344235877313444,91.41097171279694,439.3655410231229,False,False,0.0,0.0,False,0.0,0,0,0,True
231,100,0.0,94.07613459020088,116.84105592803753,106.91371256916767,113.69458180342484,9.407613459020089,0.0,2.1524896961009263,95.71996893988393,7.909155727772851,447.83214171527226,108.08410483132066,0.9966587973228431,0.10674520820294171,0.09581222486894837,-0.5061683961530337,0.0056671436052152325,0.7947542029355094,91.0,0.0,0.0,0.0,0.0,22.344235877313444,103.62912466765678,449.9846314113732,False,False,0.0,0.0,False,0.0,0,0,0,True
232,100,0.0,94.07613459020088,116.48463375491016,106.91371256916767,113.69519761705763,9.407613459020089,0.0,2.1547779317173656,107.75718139348801,8.411219937859082,458.54493423966437,98.51318364557814,1.000189253768443,0.11055090627482253,0.09722711310310773,-0.5487355155712919,0.005237495507165129,0.8180784945844813,91.0,0.0,0.0,0.0,0.0,22.344235877313444,116.1684013313471,460.69971217138175,False,False,0.0,0.0,False,0.0,0,0,0,True
233,100,0.0,94.07613459020088,115.16818005338163,106.91371256916767,112.78481137147838,9.407613459020089,0.0,2.1560677409858657,119.11238118489534,9.00879189716957,468.44281951714345,90.25871616136416,1.0039625077167402,0.11463504194999663,0.09858251659636272,-0.5830484184477025,0.014514458402124186,0.8349951014761249,91.0,0.0,0.0,0.0,0.0,22.344235877313444,128.1211730820649,470.5988872581293,False,False,0.0,0.0,False,0.0,0,0,0,True
234,100,0.0,94.07613459020088,113.60156391074287,106.91371256916767,111.64488561601563,9.407613459020089,0.0,2.1568069828667307,129.54347099729927,9.75123185909154,477.34561017138424,83.57086481978897,1.0079219366452894,0.11893545474241951,0.09986205061538651,-0.6083889194007879,0.02354565702949881,0.8482115760678907,91.0,0.0,0.0,0.0,0.0,22.344235877313444,139.2947028563908,479.50241715425096,False,False,0.0,0.0,False,0.0,0,0,0,True
235,100,0.0,94.07613459020088,112.30613782594642,106.91371256916767,110.77992015813041,9.407613459020089,0.0,2.1572466418132996,139.3080382964457,10.642455102828663,485.5321693104096,78.17843956301019,1.0120073739835618,0.12338598640936986,0.10105053965570594,-0.6268743912937416,0.027173794589224465,0.8619144422432056,91.0,0.0,0.0,0.0,0.0,22.344235877313444,149.95049339927436,487.6894159522229,False,False,0.0,0.0,False,0.0,0,0,0,True
236,100,0.0,94.07613459020088,110.92383397662667,106.91371256916767,109.83318801410209,9.407613459020089,0.0,2.1575259372856674,148.31174130018243,11.658251744325067,492.8965083890545,74.16831815555118,1.0161732164433463,0.12793671542718957,0.10213400409897443,-0.6380735620325272,0.0303600956350155,0.8730474167146746,91.0,0.0,0.0,0.0,0.0,22.344235877313444,159.9699930445075,495.0540343263401,False,False,0.0,0.0,False,0.0,0,0,0,True
237,100,0.0,94.07613459020088,110.25456218797937,106.91371256916767,109.59358411788286,9.407613459020089,0.0,2.1577211880946736,157.2472744200447,12.790747823190163,500.13787181108273,70.82746853673945,1.0203714862796043,0.1325350376682379,0.10309960249847262,-0.6463394903702918,0.026219192412707988,0.888583051130172,91.0,0.0,0.0,0.0,0.0,22.344235877313444,170.03802224323488,502.2955929991774,False,False,0.0,0.0,False,0.0,0,0,0,True
238,100,0.0,94.07613459020088,108.45140931553294,106.91371256916767,108.2244434479445,9.407613459020089,0.0,2.157873721051362,164.98383533691245,13.996877435804766,506.08364918347684,69.28977179037417,1.024582881596115,0.13716020102957854,0.10393731665289073,-0.6445201629564262,0.033551853547455567,0.8904541097636581,91.0,0.0,0.0,0.0,0.0,22.344235877313444,178.98071277271723,508.2415229045282,False,False,0.0,0.0,False,0.0,0,0,0,True
239,100,0.0,94.07613459020088,107.16645738694837,106.91371256916767,107.36067428845011,9.407613459020089,0.0,2.158005970894914,172.00396183679786,15.332567336209307,511.29513218207876,69.03702697259348,1.0287420971920174,0.14174009103080648,0.10463763686965598,-0.6359241974267522,0.03384014351350037,0.8879175689557997,91.0,0.0,0.0,0.0,0.0,22.344235877313444,187.33652917300716,513.4531381529737,False,False,0.0,0.0,False,0.0,0,0,0,True
240,100,0.0,94.07613459020088,105.48272217109525,106.91371256916767,106.08182517053316,9.407613459020089,0.0,2.158132446308713,177.87892476521174,16.76293556075346,515.322348723242,70.4680173706659,1.0328060793863458,0.1462272279278592,0.10519422565984256,-0.6178829492691806,0.037719164277577474,0.8727027210897684,92.0,0.0,0.0,0.0,0.0,22.344235877313444,194.64186032596518,517.4804811695508,False,False,0.0,0.0,False,0.0,0,0,0,True
241,100,0.0,94.07613459020088,104.48543817814107,106.91371256916767,105.47295316073088,9.407613459020089,0.0,2.158260418154237,183.25687573767706,18.300893759871844,518.8481789075157,72.89629176169248,1.036715220358374,0.15055556196005884,0.1056023002014714,-0.594746393349328,0.03407273361292851,0.8544754524405984,92.0,0.0,0.0,0.0,0.0,22.344235877313444,201.55776949754892,521.0064393256699,False,False,0.0,0.0,False,0.0,0,0,0,True
242,99,0.010000000000000009,93.13395699139205,102.18911117635994,106.03279134271499,103.52741484825239,9.31353732442989,0.1036096236824819,2.153454832227855,187.71937733561535,18.868361065357888,520.4979686371348,76.73997192804754,1.0404383575449498,0.15469049776835345,0.10586118965634594,-0.5661376364598103,0.04382628454920032,0.8179407379215935,91.0,0.0,0.0,0.0,0.0,22.344235877313444,206.58773840097325,522.6514234693627,False,False,0.0,0.0,False,0.0,0,0,0,True
243,100,0.0,94.05349711072719,102.12950643841927,107.04337185229045,103.81851157411226,9.407613459020089,0.0,2.1558830019918545,191.65521063936274,19.50403057803946,521.512965381616,81.65383734191872,1.0439342736406374,0.1585780042507838,0.10605687585955823,-0.5332580432096566,0.029385305668489414,0.7871816655509801,91.0,0.0,0.0,0.0,0.0,22.344235877313444,211.15924121740218,523.6688483836078,False,False,0.0,0.0,False,0.0,0,0,0,True
244,99,0.010000000000000009,93.13537324429886,100.8851831469343,106.16245062583776,102.87764130063695,9.31353732442989,0.1036096236824819,2.15224807144272,195.62765987866953,19.114316404266177,521.5690041192188,86.93110482082218,1.0471729347215732,0.16218604918516266,0.10619140081128542,-0.5015510545377684,0.031120652124393945,0.7488856903539758,91.0,0.0,0.0,0.0,0.0,22.344235877313444,214.7419762829357,523.7212521906615,False,False,0.0,0.0,False,0.0,0,0,0,True
245,100,0.0,94.07613459020088,100.85910348657768,107.17303113541323,103.14825999819551,9.407613459020089,0.0,2.155253160038261,199.02187875149502,18.74343955749497,520.8888067253265,93.24503246965773,1.050156910379062,0.16550874407458563,0.10635650136103841,-0.4653120652004704,0.02060388052818675,0.7159071560755292,91.0,0.0,0.0,0.0,0.0,22.344235877313444,217.76531830899,523.0440598853647,False,False,0.0,0.0,False,0.0,0,0,0,True
246,100,0.0,94.07613459020088,100.38467449464831,107.17303113541323,102.92955638672139,9.407613459020089,0.0,2.1568201752748446,202.2606668417948,18.33314014574993,519.9530682123155,100.03338911042263,1.0528557398149485,0.16851352501852876,0.10655423542212576,-0.42652173592631853,0.018066400765203862,0.6825312711624271,91.0,0.0,0.0,0.0,0.0,22.344235877313444,220.59380698754472,522.1098883875903,False,False,0.0,0.0,False,0.0,0,0,0,True
247,99,0.010000000000000009,93.13537324429886,99.0714392764865,106.16245062583776,101.81562508369552,9.31353732442989,0.1036096236824819,2.152693302948479,205.37280986374643,17.92157691776507,518.9611943170689,107.12440045977391,1.0552561068637905,0.1711854191657379,0.10678663945279077,-0.3844475710792866,0.024711747384286532,0.6450403162279978,92.0,0.0,0.0,0.0,0.0,22.344235877313444,223.2943867815115,521.1138876200174,False,False,0.0,0.0,False,0.0,0,0,0,True
248,99,0.010000000000000009,93.13537324429886,98.4964946879863,106.13569865397153,101.42384824706652,9.31353732442989,0.1036096236824819,2.150500844236499,208.15445298807913,17.556450079848556,517.6747986492232,114.76360442575915,1.0573430429815527,0.17350624901805592,0.10705115552800863,-0.3384580521874224,0.021904625387371406,0.6090007541287429,92.0,0.0,0.0,0.0,0.0,22.344235877313444,225.7109030679277,519.8252994934597,False,False,0.0,0.0,False,0.0,0,0,0,True
249,100,0.0,94.07613459020088,98.69933265246283,107.11952719168073,101.7988604474266,9.407613459020089,0.0,2.1542638972972954,210.43887426140975,17.19902902856068,515.7838453199112,123.18379896497706,1.059092667317163,0.17545101291409038,0.10732243615894095,-0.2886796248659789,0.012682301466369728,0.5779238435573519,92.0,0.0,0.0,0.0,0.0,22.344235877313444,227.63790328997044,517.9381092172084,False,False,0.0,0.0,False,0.0,0,0,0,True
250,100,0.0,94.07613459020088,98.38936035219325,107.11952719168073,101.61059816673941,9.407613459020089,0.0,2.156231628064715,212.57679447616547,16.818752959647366,513.70751730029,131.91396580446454,1.0604798298114162,0.1769947592130355,0.107578563653875,-0.23701233684127118,0.011935655446891324,0.5482636089647175,92.0,0.0,0.0,0.0,0.0,22.344235877313444,229.39554743581283,515.8637489283547,False,False,0.0,0.0,False,0.0,0,0,0,True
251,98,0.020000000000000018,92.19461189839686,96.78256027034169,105.15187011626232,100.04607897460954,9.219461189839688,0.2072192473649638,2.1473802769281027,215.0425994163809,16.4585164628126,512.1819220555182,140.28327565038512,1.0614970629971723,0.17812907194063926,0.10782001873650386,-0.185620925137271,0.023527287616220794,0.5162547730926509,92.0,0.0,0.0,0.0,0.0,22.344235877313444,231.50111587919352,514.3293023324462,False,False,0.0,0.0,False,0.0,0,0,0,True
252,99,0.010000000000000009,93.11852508353198,97.08541158816887,106.36564814562021,100.41838026856166,9.31353732442989,0.1036096236824819,2.146138542811894,217.0209581897491,16.177302930676117,510.13736286113715,149.5635122078365,1.0621595673472009,0.17886461167842282,0.10808350850249256,-0.13507791572197242,0.01281129652413556,0.4934015474708845,93.0,0.0,0.0,0.0,0.0,22.344235877313444,233.19826112042523,512.283501403949,False,False,0.0,0.0,False,0.0,0,0,0,True
253,98,0.020000000000000018,92.16544210687435,96.28084924448409,105.03943625022413,99.60642786882524,9.219461189839688,0.2072192473649638,2.1397847358960016,219.16352281456585,15.89084351314978,508.3350050857549,158.3220992135765,1.0624818264406133,0.17921070939528777,0.1084396167758048,-0.07946644778318783,0.016454734052532127,0.4672462491358247,93.0,0.0,0.0,0.0,0.0,22.344235877313444,235.05436632771563,510.4747898216509,False,False,0.0,0.0,False,0.0,0,0,0,True
254,98,0.020000000000000018,92.14535873952576,95.83699416915061,105.46563256968469,99.13312046509621,9.219461189839688,0.2072192473649638,2.1352709310239493,220.89555778136784,15.656898762617875,506.16039164614904,167.95073761411052,1.0624212085867573,0.17913670599317824,0.1087050240077253,-0.024832776944634517,0.015442136142178112,0.44479243731290585,92.0,0.0,0.0,0.0,0.0,22.344235877313444,236.55245654398573,508.295662577173,False,False,0.0,0.0,False,0.0,0,0,0,True
255,95,0.050000000000000044,89.36988309301215,93.98749852079729,102.35115162237119,97.16772623960992,8.937232786069083,0.5180481184124095,2.1235269228828626,223.43486797650462,15.47217330740093,505.0003230384383,176.31439071568445,1.062008039428107,0.17865573681955835,0.10903982947139543,0.027868199853340374,0.02940996026477366,0.42124433611691464,91.0,0.0,0.0,0.0,0.0,22.344235877313444,238.90704128390556,507.1238499613212,False,False,0.0,0.0,False,0.0,0,0,0,True
256,92,0.07999999999999996,86.5168352066367,91.27940462393254,98.95857324554147,94.28190521841086,8.65500438229848,0.8288769894598552,2.1023137910599115,225.9517474569936,15.410322462640135,504.1712830462235,183.99355933729342,1.0612723276235303,0.1777915174361407,0.10949371780550049,0.08829804025215328,0.04787508681432717,0.39742267075702586,88.0,0.0,0.0,0.0,0.0,22.344235877313444,241.3620699196337,506.2735968372834,False,False,0.0,0.0,False,0.0,0,0,0,True
257,89,0.10999999999999999,83.64657884562894,89.18011151036798,95.4866400730313,91.99429523132503,8.372775978527878,1.139705860507301,1.7498429744811341,228.73939610775622,15.506239702135456,504.3807000609224,190.30008789995674,1.0601636792565545,0.17649684616724767,0.10998163037778394,0.14675813785481415,0.05424887729726657,0.3796903945578615,89.0,0.0,0.0,0.0,0.0,22.344235877313444,244.24563580989167,506.1305430354035,False,False,0.0,0.0,False,0.0,0,0,0,True
258,87,0.13,81.71870079820125,87.35481745138584,93.24527079801341,89.9626911469568,8.184623709347477,1.3469251078722648,1.72761040169404,231.7878139372602,15.723964292629068,504.7990922713938,196.1905412465843,1.058690431468359,0.17479500905694473,0.11044344209864398,0.2078995237574322,0.05601260347825483,0.3636782783999425,87.0,0.0,0.0,0.0,0.0,22.344235877313444,247.51177822988927,506.52670267308787,False,False,0.0,0.0,False,0.0,0,0,0,True
259,83,0.17000000000000004,78.08319170986674,85.02927667875619,88.99385382763053,87.3933722788257,7.808319170986673,1.7613636026021924,1.4417194377029923,235.65872487285299,15.291874937805458,505.9179322788302,200.15511839545863,1.0568360420420218,0.1726740826453233,0.11081243684574132,0.26040813319012474,0.06307112061871906,0.34953651102510036,87.0,0.0,0.0,0.0,0.0,22.344235877313444,250.95059981065845,507.3596517165332,False,False,0.0,0.0,False,0.0,0,0,0,True
260,82,0.18000000000000005,77.14243036396473,84.0008409020876,87.80629252230332,86.13819628187915,7.714243036396472,1.8649732262846743,1.4256757630489356,239.5494994143134,14.981545810094268,506.988837423106,203.96057001567436,1.0546526495705257,0.17019025600578602,0.11113476006040254,0.3102747502808785,0.05379313367672996,0.340291579331908,87.0,0.0,0.0,0.0,0.0,22.344235877313444,254.53104522440768,508.414513186155,False,False,0.0,0.0,False,0.0,0,0,0,True
261,81,0.18999999999999995,76.20166901806272,82.82064635966843,86.82246398459411,84.70940444352918,7.620166901806272,1.968582849967156,1.4136374504363753,243.02089180889777,14.736109700119204,507.9257454951741,207.96238764060004,1.0521555266385625,0.16736733963103007,0.11138132374399956,0.35975928069853363,0.04944686616993703,0.33087887843666686,87.0,0.0,0.0,0.0,0.0,22.344235877313444,257.75700150901696,509.3393829456105,False,False,0.0,0.0,False,0.0,0,0,0,True
262,81,0.18999999999999995,76.11318914401902,82.53331511245368,86.82246398459411,84.1742946326415,7.620166901806272,1.968582849967156,1.400561281134282,246.1107941309919,14.554798567931343,508.7517430883685,212.25153651274044,1.0493551440821878,0.1642139754640098,0.11156593923443303,0.40604516390615875,0.036316113411018036,0.3243510334594271,88.0,0.0,0.0,0.0,0.0,22.344235877313444,260.66559269892326,510.1523043695028,False,False,0.0,0.0,False,0.0,0,0,0,True
263,80,0.19999999999999996,75.22191532367084,81.87087360883737,85.81188347501865,83.2382632207324,7.526090767216071,2.072192473649638,1.398359549041596,249.2161839721062,14.40422311204737,509.66779685627137,216.19254637892175,1.046275129819978,0.16075694953930503,0.11168496387115309,0.44894029360739934,0.03199223662594093,0.31711649691293653,85.0,0.0,0.0,0.0,0.0,22.344235877313444,263.62040708415356,511.06615640531294,False,False,0.0,0.0,False,0.0,0,0,0,True
264,78,0.21999999999999997,73.31254652655676,80.54750160086029,83.84168551981405,81.61818841880195,7.337938498035669,2.279411721014602,1.3903392778358417,252.6451740856404,14.301619514545132,510.7592624858697,219.4867302978755,1.0429440953080935,0.15702651221574432,0.11172688816661988,0.4881450190168607,0.03708224524729256,0.30906926197703255,85.0,0.0,0.0,0.0,0.0,22.344235877313444,266.9467936001855,512.1496017637056,False,False,0.0,0.0,False,0.0,0,0,0,True
265,76,0.24,71.38531566291684,78.95987103440297,81.62363148358784,79.72234642549722,7.149786228855268,2.4866309683795658,1.3682309987507848,256.13775771952436,14.268459805415024,512.0925949816128,222.15049074706045,1.0394042437243167,0.1530565149211442,0.11178854858503055,0.5295935884236489,0.043907955369966896,0.30080042981136873,83.0,0.0,0.0,0.0,0.0,22.344235877313444,270.4062175249394,513.4608259803636,False,False,0.0,0.0,False,0.0,0,0,0,True
266,75,0.25,70.38844613157576,77.9690695922423,80.42543434625527,78.42157471280107,7.055710094265067,2.5902405920620475,1.358838330692407,259.3961969851712,14.304322307339266,513.3476144309232,224.60685550107337,1.035640748262838,0.14883630230975034,0.11181181108892796,0.5716743181353026,0.041423075604087964,0.2945159353669792,82.0,0.0,0.0,0.0,0.0,22.344235877313444,273.7005192925104,514.7064527616155,False,False,0.0,0.0,False,0.0,0,0,0,True
267,74,0.26,69.40226131927464,77.11481280302576,79.32862378439953,77.25050492449597,6.961633959674866,2.6938502157445297,1.3504145592180063,262.52328973141096,14.38311232921388,514.6594193931666,226.82066648244717,1.03164702323058,0.14436481081830915,0.11174639264774669,0.6114705912376083,0.03818999548119753,0.28906896770402807,78.0,0.0,0.0,0.0,0.0,22.344235877313444,276.9064020606248,516.0098339523846,False,False,0.0,0.0,False,0.0,0,0,0,True
268,74,0.26,69.35824700569694,77.1246118589523,79.32862378439953,76.93525813229789,6.961633959674866,2.6938502157445297,1.345773613820679,265.4425301452121,14.490418355424648,515.9527584217839,229.02467840789438,1.027439011516372,0.1396628770664322,0.11157337047658356,0.6445319350836798,0.025198998599085802,0.28655854748994103,78.0,0.0,0.0,0.0,0.0,22.344235877313444,279.93294850063677,517.2985320356046,False,False,0.0,0.0,False,0.0,0,0,0,True
269,72,0.28,67.73481690494464,75.9697654920146,77.26014125261963,75.45362579965531,6.773481690494464,2.901069463109493,1.3372254314707586,268.53622684392656,14.042082246687128,517.0149813352332,230.3150541684994,1.02306180531739,0.13478111278927368,0.11129123465435253,0.6699933725639393,0.0313658841419968,0.2816097313155287,77.0,0.0,0.0,0.0,0.0,22.344235877313444,282.5783090906137,518.352206766704,False,False,0.0,0.0,False,0.0,0,0,0,True
270,72,0.28,67.62925142013815,75.92374103887138,77.26014125261963,75.06839608954836,6.773481690494464,2.901069463109493,1.3208763641658847,271.4014450479361,13.637188067501341,518.0332340350462,231.65145438224766,1.0185638573222402,0.12976556558586572,0.11104151210433112,0.6902043237270222,0.02134327071586779,0.2802162391279882,78.0,0.0,0.0,0.0,0.0,22.344235877313444,285.0386331154374,519.3541103992121,False,False,0.0,0.0,False,0.0,0,0,0,True
271,72,0.28,67.5299623173617,73.57150618684986,77.26014125261963,72.40644956354322,6.773481690494464,2.901069463109493,1.3054694203983823,271.75958163187823,13.257612771869768,516.6098569580533,235.34008944801744,1.0139792552789402,0.1246544050858851,0.11082359723032854,0.7422113231019316,0.04469210979249781,0.26921817328297837,79.0,15.0,0.189873417721519,0.0,0.0,22.344235877313444,285.017194403748,517.9153263784517,False,False,0.0,0.0,False,0.0,0,0,0,True
272,71,0.29000000000000004,66.23880181807354,72.66077685439872,76.27631271491043,71.15621841260966,6.679405555904262,3.0046790867919753,1.2773513323952947,272.1432523147625,12.973655615034378,515.493127859532,238.95562530852914,1.0091039857548396,0.11922066106788856,0.11062737167029178,0.7916325144437172,0.04170075327128263,0.2631742957040103,80.0,21.0,0.2625,0.0,0.0,22.344235877313444,285.11690792979687,516.7704791919273,False,False,0.0,0.0,False,0.0,0,0,0,True
273,69,0.31000000000000005,64.90012111669598,72.46656873923958,74.1669289218014,70.59164960206797,6.491253286723861,3.211898334156939,1.309285425867695,273.34935767741507,12.712754089167689,515.2252178496357,240.65598549109092,1.0039611950624847,0.11348651594093731,0.11046835077447716,0.8222080606756839,0.030343031414495673,0.26092194900039967,76.0,11.0,0.14473684210526316,0.0,0.0,22.344235877313444,286.06211176658275,516.5345032755033,False,False,0.0,0.0,False,0.0,0,0,0,True
274,69,0.31000000000000005,64.89687109569287,72.26466277349444,74.1669289218014,70.01119921231924,6.491253286723861,3.211898334156939,1.3272050563301099,273.98723076258557,12.48339082230191,514.1308268529058,242.5582516393979,0.9986780307366908,0.10759403896987225,0.11029722782840372,0.8500862018183486,0.022929530231858015,0.25853693724550036,75.0,19.0,0.25333333333333335,0.0,0.0,22.344235877313444,286.47062158488745,515.4580319092358,False,False,0.0,0.0,False,0.0,0,0,0,True
275,69,0.31000000000000005,64.87736105303695,72.55050741974972,74.1669289218014,69.89394082536452,6.491253286723861,3.211898334156939,1.3326857618306986,274.52707448382154,12.274857097129209,512.856451758547,244.17467314144957,0.9932743826828478,0.10156556011108211,0.1101112324068864,0.8686792040537806,0.011414125041814225,0.2580023092635397,75.0,26.0,0.3466666666666667,0.0,0.0,22.344235877313444,286.80193158095074,514.1891375203777,False,False,0.0,0.0,False,0.0,0,0,0,True
276,67,0.32999999999999996,62.98872791826994,71.0638334920132,71.82616579298451,68.0713710984462,6.303101017543458,3.4191175815219026,1.1636300130101456,274.9496725829047,12.085104013419297,511.81276919533286,244.9370054424209,0.9878121969676326,0.09547032942421023,0.10991010982122366,0.8960285976328567,0.028084785514420514,0.25230277203879686,76.0,35.0,0.4605263157894737,0.0,0.0,22.344235877313444,287.03477659632404,512.976399208343,False,False,0.0,0.0,False,0.0,0,0,0,True
277,66,0.33999999999999997,61.99317801933049,70.26013150407321,70.75067774824261,66.91164479183438,6.2090248829532575,3.5227272052043848,1.1514865511785082,275.3636106955923,11.885242536620755,511.21512887279675,245.4275516865904,0.9822456304744946,0.0892677994016873,0.10960925388898987,0.923713696909868,0.02975013853035574,0.24886616197011385,76.0,38.0,0.5,0.0,0.0,22.344235877313444,287.24885323221304,512.3666154239753,False,False,0.0,0.0,False,0.0,0,0,0,True
278,66,0.33999999999999997,61.88127810009531,70.53067262275877,70.75067774824261,66.7795427248964,6.2090248829532575,3.5227272052043848,1.1439585108058858,275.76986416849,11.559654527244692,510.7910088629668,245.6475568120742,0.97663806210694,0.08302832994442615,0.10915853967540641,0.9401969311632381,0.01587775037242213,0.24907438572042437,76.0,40.0,0.5263157894736842,0.0,0.0,22.344235877313444,287.3295186957347,511.9349673737727,False,False,0.0,0.0,False,0.0,0,0,0,True
279,66,0.33999999999999997,61.83105291359168,70.87840265025882,70.75067774824261,66.7236627247055,6.2090248829532575,3.5227272052043848,1.1395979104287428,276.1813892768862,11.174532832765996,510.3189253806436,245.51983191005797,0.9710507624771063,0.07682239747497129,0.10854830170737712,0.946946808764087,0.005570419771305607,0.24989820966392057,76.0,42.0,0.5526315789473685,0.0,0.0,22.344235877313444,287.35592210965217,511.4585232910723,False,False,0.0,0.0,False,0.0,0,0,0,True
280,66,0.33999999999999997,61.815976409516665,71.25346386250665,70.75067774824261,66.70577473968217,6.2090248829532575,3.5227272052043848,1.1371462333461333,276.5998723088711,10.770017402922432,509.8616323024751,245.01704579579393,0.9655929852428173,0.07077513638290586,0.10774345755690205,0.9456197486797565,0.005087735833278051,0.251221443851087,74.0,42.0,0.5675675675675675,0.0,0.0,22.344235877313444,287.3698897117935,510.9987785358212,False,False,0.0,0.0,False,0.0,0,0,0,True
281,66,0.33999999999999997,61.81605642760659,71.63200109717064,70.75067774824261,66.70426542970264,6.2090248829532575,3.5227272052043848,1.1357834580129202,277.02584797432246,10.359683687414956,509.4435008631718,244.13572244686594,0.9602924653132554,0.06491604006413088,0.10677786736963105,0.937719125200605,0.00861459653512648,0.25297721142359475,74.0,74.0,1.0,0.0,0.0,22.344235877313444,287.3855316617374,510.5792843211847,False,False,0.0,0.0,False,0.0,0,0,0,True
282,66,0.33999999999999997,61.82412804283696,72.0026220011238,70.75067774824261,66.71131148601233,6.2090248829532575,3.5227272052043848,1.1350260608603684,254.57905037968695,9.948862998285206,509.0791571648931,242.88377819398477,0.9552754200201695,0.05936500901693435,0.10584071508140779,0.9246434951432141,0.011715241395892754,0.25510418039583854,74.0,74.0,1.0,0.0,0.0,8.615942628265412,264.52791337797214,510.21418322575346,False,False,0.0,0.0,False,0.0,4,4,0,True
283,66,0.33999999999999997,61.83629190209212,72.42814195321753,70.75067774824261,66.78879706791481,6.2090248829532575,3.5227272052043848,1.1346012881588494,248.94969005077593,9.536704196915803,508.84061920955537,241.2063139890098,0.9506048278788413,0.05418973210132731,0.10495885959527797,0.9063154431091599,0.014325391623260802,0.25785704519226277,78.0,78.0,1.0,0.0,0.0,5.195378364361667,258.48639424769175,509.97522049771425,False,False,0.0,0.0,False,0.0,1,1,0,True
284,66,0.33999999999999997,61.856143320712206,72.81136367822015,70.75067774824261,66.84742577172871,6.2090248829532575,3.5227272052043848,1.1343583514024214,243.2494099607103,9.122959659017354,508.6888179484546,239.14562805903225,0.9462779613814284,0.04939063946105791,0.10411989614023161,0.884228882701336,0.015532433048614014,0.26091958036413987,79.0,79.0,1.0,0.0,0.0,1.7732456672063317,252.37236961972764,509.823176299857,False,False,0.0,0.0,False,0.0,1,1,0,True
285,67,0.32999999999999996,62.81901462241011,74.24250615976806,71.82616579298451,67.88399126745756,6.303101017543458,3.4191175815219026,1.0689741790046714,237.57157871583092,8.701256619646562,478.250185829589,236.72928769224873,0.942280429181616,0.04495405896326836,0.10332224057316156,0.8487118552554067,0.029013135601134825,0.26769269893159264,80.0,80.0,1.0,0.0,0.0,28.759149600515613,246.27283533547748,479.31916000859366,False,True,30.380902566096402,0.059605451905638075,False,0.0,1,1,0,True
286,69,0.31000000000000005,64.91253286723861,97.83070019276683,74.1669289218014,89.12428158061444,6.491253286723861,3.211898334156939,1.1999259800181028,256.73830928182355,8.939735023952066,496.20878971005857,213.06551642128335,0.9386973365413539,0.040975315338482664,0.10259456092181539,0.48709576509605307,0.3426078234454952,0.36886363377677844,83.0,0.0,0.0,0.0,0.0,28.759149600515613,265.6780443057756,497.4087156900767,False,False,0.0,0.0,False,0.0,0,0,0,True
287,76,0.24,71.49786228855265,95.68102901440876,81.62363148358784,86.99591993699175,7.149786228855268,2.4866309683795658,1.256413180090065,267.5487221029088,8.664524573480339,504.37110972702493,199.0081188904624,0.9367059081241578,0.03879083404729851,0.102026267051419,0.3123715116845754,0.17245107664727005,0.3829671834558932,77.0,0.0,0.0,0.0,0.0,28.759149600515613,276.21324667638913,505.627522907115,False,False,0.0,0.0,False,0.0,0,0,0,True
288,80,0.19999999999999996,75.26090767216071,94.07118250086796,85.81188347501865,85.44934298179044,7.526090767216071,2.072192473649638,1.3777679638370415,267.6228271558607,8.538434961774001,507.05337589498237,190.74881986461313,0.935587337684737,0.03759302388242307,0.10145418783733257,0.2230062169087948,0.08731136279614274,0.3909368581186619,77.0,0.0,0.0,0.0,0.0,25.317725803420615,276.1612621176347,508.4311438588194,False,False,0.0,0.0,False,0.0,1,1,0,True
289,83,0.17000000000000004,78.07093514388835,94.45637062219559,89.0800838799108,85.76633572036545,7.808319170986673,1.7613636026021924,1.4154374842065993,253.6299903658438,8.390231693624521,507.2934322007412,185.37253312232832,0.9349981975393913,0.036990749022903203,0.10090163957106425,0.16569322636144596,0.059709674925377064,0.40106845028488547,78.0,0.0,0.0,0.0,0.0,14.96427362283894,262.0202220594683,508.70886968494784,False,False,0.0,0.0,False,0.0,3,3,0,True
290,86,0.14,80.49744608355381,90.70516769592614,92.43142751830317,82.35839372946292,8.090547574757275,1.4505347315547465,1.4241244497074916,245.01771247239998,7.872503818764337,502.9339490341223,187.09879294470537,0.9347335435423558,0.036751047521822525,0.10037863654969122,0.17495038411573444,0.0057996371347344014,0.38555717224547215,83.0,83.0,1.0,0.0,0.0,11.500064007342319,252.8902162911643,504.3580734838298,False,False,0.0,0.0,False,0.0,1,1,0,True
291,85,0.15000000000000002,79.39128758966473,90.6495570328298,91.28886152681885,82.30016400119146,7.996471440167075,1.5541443552372285,1.4187826043809801,243.03937629478895,7.354330801129613,499.678667781589,187.7380974386944,0.9344443189270295,0.03647384256883561,0.09993450083614776,0.1781313488828766,0.005376366851806811,0.3847168650233751,82.0,82.0,1.0,0.0,0.0,11.500064007342319,250.39370709591856,501.09745038597,False,False,0.0,0.0,False,0.0,0,0,0,True
292,85,0.15000000000000002,79.40343885636025,90.7866253992574,91.28886152681885,82.41541141998698,7.996471440167075,1.5541443552372285,1.427677081128163,235.44262219775953,6.834628817544229,496.86368824129283,188.24033356625586,0.934163543507149,0.03620037237083298,0.09953574121179753,0.17926538858774482,0.004638607776143457,0.3848698738237578,84.0,84.0,1.0,0.0,0.0,8.081215886223278,242.27725101530376,498.291365322421,False,False,0.0,0.0,False,0.0,1,1,0,True
293,86,0.14,80.38190315825788,91.77262795000746,92.43142751830317,83.3004066221006,8.090547574757275,1.4505347315547465,1.44935174218057,233.32804289749666,6.308561221331528,493.8526327069168,188.8991331345516,0.9338956231855102,0.0359363920928971,0.09917752444299077,0.17569342884975014,0.011402868577875164,0.3875873280865606,83.0,83.0,1.0,0.0,0.0,8.081215886223278,239.6366041188282,495.30198444909735,False,False,0.0,0.0,False,0.0,0,0,0,True
294,86,0.14,80.53795411727661,91.85008488556713,92.36434957156074,83.36052296728695,8.090547574757275,1.4505347315547465,1.4773574576767805,225.3880635135804,5.7814370024215584,490.56233375270244,189.41339782054519,0.9336532381867432,0.035694288772458505,0.09887400338319445,0.17276201983118306,0.008575138615662923,0.3874230613450659,85.0,85.0,1.0,0.0,0.0,4.663904528286796,231.16950051600196,492.0396912103792,False,False,0.0,0.0,False,0.0,1,1,0,True
295,85,0.15000000000000002,79.6237782954592,90.93376998421792,91.28886152681885,82.51847750693216,7.996471440167075,1.5541443552372285,1.4908461978331276,223.04038570160208,5.25909160471797,487.41710989046646,189.76848936314613,0.933428102962413,0.03546763532539541,0.09861817484050399,0.1746922346938267,0.004891978152076845,0.38443511490528026,86.0,86.0,1.0,0.0,0.0,4.663904528286796,228.29947730632006,488.9079560882996,False,False,0.0,0.0,False,0.0,0,0,0,True
296,85,0.15000000000000002,79.5084401514383,90.98489947402368,91.28886152681885,82.55283274540083,7.996471440167075,1.5541443552372285,1.4897196662743815,215.0111424036139,4.736039657749632,484.56583342738475,190.07245141594126,0.9332069514732364,0.035240589354781006,0.09840484962802379,0.17531611033018304,0.003624609054022195,0.3849074903263756,87.0,87.0,1.0,0.0,0.0,1.200746193116958,219.74718206136353,486.0555530936591,False,False,0.0,0.0,False,0.0,1,1,0,True
297,86,0.14,80.46869986496239,92.11979585606,92.43142751830317,83.56932544449863,8.090547574757275,1.4505347315547465,1.4945557687310533,212.67257611675063,4.206107643042183,481.65418484909844,190.38408307818446,0.9329965678078859,0.03502071898869652,0.0982351961216229,0.16950256473242137,0.01117146306107558,0.38895785372644104,88.0,88.0,1.0,0.0,0.0,1.200746193116958,216.8786837597928,483.1487406178295,False,False,0.0,0.0,False,0.0,0,0,0,True
298,85,0.15000000000000002,79.69919112141514,91.49453043163619,91.28886152681885,82.99009534335802,7.996471440167075,1.5541443552372285,1.4020448910765997,210.3728749451808,3.679529151684089,479.5363264374979,190.17841417336712,0.9328329391980066,0.034844294597157564,0.09814033700305731,0.16588621090631966,0.0031838501815267908,0.3880751639258261,90.0,90.0,1.0,0.0,0.0,1.200746193116958,214.05240409686488,480.93837132857453,False,False,0.0,0.0,False,0.0,0,0,0,True
299,86,0.14,80.25395638629436,92.09812638494971,92.36434957156074,83.5266694374665,8.090547574757275,1.4505347315547465,1.3940420490561864,208.10539817234962,3.1492916549909715,478.3481354571833,190.44463735997817,0.9327043537548315,0.034702198213895995,0.0980926885682032,0.16196684707074807,0.007452875368469611,0.39040059388632004,93.0,93.0,1.0,0.0,0.0,1.200746193116958,211.2546898273406,479.74217750623944,False,False,0.0,0.0,False,0.0,0,0,0,True
300,85,0.15000000000000002,79.6796827632636,91.5914419508835,91.28886152681885,83.05669081471325,7.996471440167075,1.5541443552372285,1.3195703156810636,200.23998104409864,2.6219065185793777,447.68425301388464,190.1420569359135,0.9326076629296842,0.03459000774544914,0.09810968262549394,0.15839612194691274,0.002977940784212613,0.3901632603876869,91.0,91.0,1.0,0.0,0.0,26.940229399773937,202.86188756267802,449.0038233295657,False,True,29.14070122882669,0.06094538310512002,False,0.0,1,1,0,True
301,86,0.14,80.90547574757275,114.68604676805704,92.43142751830317,103.98767515825004,8.090547574757275,1.4505347315547465,1.4718112876237879,217.74919261795162,3.8886994914677824,463.97863442873313,167.88743768615964,0.9325461050916397,0.03451241284027331,0.09817435639266436,-0.06239473162882329,0.25117910469360155,0.5133191573265974,96.0,0.0,0.0,0.0,0.0,26.940229399773937,221.6378921094194,465.4504457163569,False,False,0.0,0.0,False,0.0,0,0,0,True
302,100,0.0,94.07613459020088,115.845513653566,107.01575774274224,105.17421133888695,9.407613459020089,0.0,1.6227944824682181,223.7399382807752,7.215391413159143,469.0842896793788,159.05768177533588,0.9338148084395008,0.03590518934894984,0.09847153041632536,-0.1540192292857394,0.16129859474324929,0.5347111180312795,91.0,0.0,0.0,0.0,0.0,26.940229399773937,230.95532969393435,470.70708416184704,False,False,0.0,0.0,False,0.0,0,0,0,True
303,100,0.0,94.07613459020088,112.05807164155344,107.01575774274224,101.93687530517334,9.407613459020089,0.0,1.6815646672835507,226.51498770464542,11.517386090398984,471.9506396642258,154.0153678765247,0.9356701702826526,0.037963586298723914,0.0986921144555447,-0.1931554154864725,0.06312438920373922,0.5349270586582329,90.0,0.0,0.0,0.0,0.0,26.940229399773937,238.0323737950444,473.63220433150934,False,False,0.0,0.0,False,0.0,0,0,0,True
304,99,0.010000000000000009,93.12960039512971,110.3488753674935,105.94026969800034,100.61624048955903,9.313537324429888,0.1036096236824819,1.7035233478396772,228.92219603171822,15.944410060290831,474.668306326932,149.60676220703152,0.9378112826444693,0.040351063719499126,0.09881313673155163,-0.21699517106494093,0.024289108516401037,0.5445466080579964,91.0,0.0,0.0,0.0,0.0,26.940229399773937,244.86660609200905,476.3718296747717,False,False,0.0,0.0,False,0.0,0,0,0,True
305,99,0.010000000000000009,93.04138759404141,109.76678338301585,105.87536216283391,100.34298240137285,9.313537324429888,0.1036096236824819,1.7146168731900235,231.1790935303726,19.66177619323708,476.5765454603362,145.71534098684958,0.9401364704164525,0.04295419745369813,0.09883082428061721,-0.23380335879358655,0.010429654666503523,0.5609264829816719,91.0,0.0,0.0,0.0,0.0,26.940229399773937,250.84086972360967,478.29116233352624,False,False,0.0,0.0,False,0.0,0,0,0,True
306,99,0.010000000000000009,92.96377775036059,108.92901227603906,106.00502144595669,99.8507605408852,9.313537324429888,0.1036096236824819,1.731569136643533,227.3839057842441,22.321825925517533,477.13074586945254,142.79135015676724,0.942587002662,0.04570924553010212,0.09874638403153388,-0.24715541793692825,0.004249288108944509,0.5797649772485786,89.0,0.0,0.0,0.0,0.0,23.52856038417584,249.70573170976164,478.8623150060961,False,False,0.0,0.0,False,0.0,1,1,0,True
307,100,0.0,92.86047192394088,107.25875870476446,107.01560195553215,98.59860944106046,9.407613459020089,0.0,1.6970203670224975,228.0115197756982,25.570792185281714,477.856497454444,142.54819340753494,0.945125799451335,0.048567709410365104,0.09866609822167623,-0.24311653814741835,0.015539826647761299,0.5939908374241887,91.0,0.0,0.0,0.0,0.0,23.52856038417584,253.5823119609799,479.5535178214665,False,False,0.0,0.0,False,0.0,0,0,0,True
308,97,0.030000000000000027,90.206604259826,104.63726896125787,103.99106078280134,96.45868822131482,9.125385055249486,0.3108288710474457,1.660765580564421,229.1345798337592,27.749173936358687,478.33683523648267,141.90198522907835,0.9476418253959054,0.05140798697588387,0.09858277761437263,-0.2390859158557182,0.034090885299243694,0.6068666687700877,89.0,0.0,0.0,0.0,0.0,23.52856038417584,256.8837537701179,479.9976008170471,False,False,0.0,0.0,False,0.0,0,0,0,True
309,99,0.010000000000000009,91.778748353238,105.25347442385807,105.82905857509698,97.29244951782304,9.313537324429888,0.1036096236824819,1.671589880496087,229.60672700951326,30.34162715070054,478.3877870289417,142.47756938031728,0.9501281447213893,0.05421608250850922,0.0985441171871777,-0.22758589013417269,0.01642879577936977,0.6246815402951686,93.0,0.0,0.0,0.0,0.0,23.52856038417584,259.9483541602138,480.0593769094378,False,False,0.0,0.0,False,0.0,0,0,0,True
310,99,0.010000000000000009,92.0628947712515,105.21983280841398,105.93196588635351,97.5222144867245,9.313537324429888,0.1036096236824819,1.6938533673267822,230.0447647846318,31.77604265830286,477.24550065546555,143.18970245825685,0.9525276880066317,0.05694156077801038,0.09841027758832654,-0.22039106871285258,0.012224481911098784,0.647447520096356,93.0,0.0,0.0,0.0,0.0,23.52856038417584,261.82080744293467,478.9393540227923,False,False,0.0,0.0,False,0.0,0,0,0,True
311,100,0.0,92.27539576714358,104.00348644222899,106.91579442406272,97.4824171678473,9.407613459020089,0.0,1.7274397075152341,230.25959366448413,34.61859540089967,476.75678544525135,146.10201044009057,0.9548573626171857,0.05959608428524741,0.09827149500495411,-0.20145944992492648,0.01919598785851333,0.6414325708070485,91.0,0.0,0.0,0.0,0.0,23.52856038417584,264.8781890653838,478.4842251527666,False,False,0.0,0.0,False,0.0,0,0,0,True
312,99,0.010000000000000009,91.17716021711911,103.01965341165405,105.93196588635351,96.68958100210088,9.313537324429888,0.1036096236824819,1.7564544247488973,230.76958597004392,37.37042827359226,476.74241402803693,149.01432291479006,0.957061766402763,0.06211524752800553,0.09812935473810204,-0.18160127183006242,0.020849855381097206,0.6326307519820599,91.0,0.0,0.0,0.0,0.0,23.52856038417584,268.1400142436362,478.4988684527858,False,False,0.0,0.0,False,0.0,0,0,0,True
313,98,0.020000000000000018,90.31290067209449,102.07529830482963,104.97488932051054,95.80054289171345,9.219461189839688,0.2072192473649638,1.7481134404892091,231.21741251367717,39.52753541911315,476.4763680638798,151.91391393047095,0.9591403204123043,0.06449562056064886,0.09800362229919617,-0.1623076139761638,0.02255667544830443,0.6244178362042059,91.0,0.0,0.0,0.0,0.0,23.52856038417584,270.7449479327903,478.224481504369,False,False,0.0,0.0,False,0.0,0,0,0,True
314,98,0.020000000000000018,90.73908846052653,102.32011248949676,105.26189980206668,96.1408191778224,9.219461189839688,0.2072192473649638,1.77673973232252,231.62470706481176,40.438009759550184,474.95083388529497,154.8557012430409,0.9610929894225568,0.06673416875293481,0.097930423549204,-0.1482208538313105,0.013139368679223726,0.6186789238539662,92.0,0.0,0.0,0.0,0.0,23.52856038417584,272.0627168243619,476.7275736176175,False,False,0.0,0.0,False,0.0,0,0,0,True
315,100,0.0,92.00467789251616,102.90387784378935,107.24162431205292,96.8200028902414,9.407613459020089,0.0,1.7659959528873495,231.4329479948425,42.410247774617886,473.88958153057,159.19344771130446,0.9629462766230038,0.0688512794615826,0.09795813255904626,-0.12625582049054493,0.008169977519954658,0.6114836316987098,95.0,0.0,0.0,0.0,0.0,23.52856038417584,273.8431957694604,475.65557748345736,False,False,0.0,0.0,False,0.0,0,0,0,True
316,98,0.020000000000000018,90.87788857040492,102.24489558179275,105.26189980206668,96.17532872295925,9.219461189839688,0.2072192473649638,1.8620089800687085,231.80722619775943,42.7828132429498,472.0406833545045,162.21045193157838,0.9646559566571702,0.07080584033420649,0.09799545287178629,-0.11229524804521625,0.008930287824302142,0.6039536318898377,93.0,0.0,0.0,0.0,0.0,23.52856038417584,274.59003944070923,473.9026923345732,False,False,0.0,0.0,False,0.0,0,0,0,True
317,100,0.0,92.64648756696025,103.61102852204479,107.45552092577816,97.64097862525563,9.407613459020089,0.0,1.9450498290478049,231.8915824548271,43.202103540366025,469.74258963315106,166.05494433531177,0.9662653289720382,0.07263828640727985,0.0981309577518122,-0.09979680771590671,0.01121868077792148,0.5988084096102521,94.0,0.0,0.0,0.0,0.0,23.52856038417584,275.09368599519314,471.6876394621989,False,False,0.0,0.0,False,0.0,0,0,0,True
318,98,0.020000000000000018,91.02120552760911,102.43393717617145,105.059126651113,96.5181718810199,9.219461189839688,0.2072192473649638,1.9869315861792822,232.41960479580064,43.17636165493719,467.83464500347463,168.6801338102533,0.9677826760781778,0.07435311916938622,0.0983906477401904,-0.08505243529489104,0.007484617625608462,0.5851242365645318,93.0,0.0,0.0,0.0,0.0,23.52856038417584,275.5959664507378,469.82157658965394,False,False,0.0,0.0,False,0.0,0,0,0,True
319,100,0.0,92.36533124720827,103.03432327149878,107.25474049650232,97.21244422363756,9.407613459020089,0.0,1.9770124178481394,232.27502096223398,44.05458404416881,466.067903340964,172.9005510352568,0.969188315988011,0.07593860812464368,0.09869322379306134,-0.06558752516972816,0.007068005189530992,0.574133298436603,94.0,0.0,0.0,0.0,0.0,23.52856038417584,276.3296050064028,468.0449157588121,False,False,0.0,0.0,False,0.0,0,0,0,True
320,97,0.030000000000000027,89.99655446341923,100.99810975807371,103.96231608925726,95.40119570846218,9.125385055249486,0.3108288710474457,1.990686109684946,232.68014179188148,44.13786465836374,464.3034883207497,175.86475736644041,0.9704598354812524,0.07736619728542556,0.09906720353846475,-0.04447260630354459,0.01902772781973871,0.5486509052841186,92.0,0.0,0.0,0.0,0.0,23.52856038417584,276.8180064502452,466.2941744304346,False,False,0.0,0.0,False,0.0,0,0,0,True
321,99,0.010000000000000009,91.19526677552378,101.49057083484327,106.12154936450864,95.96107401691043,9.313537324429888,0.1036096236824819,1.9735292908416584,232.44234572104713,45.34378937659491,462.91928169661116,180.49573589610577,0.9715833063955852,0.07862627949330783,0.09946045077578791,-0.013578603284821633,0.008278252522510304,0.48750088117145085,92.0,0.0,0.0,0.0,0.0,23.52856038417584,277.78613509764205,464.89281098745283,False,False,0.0,0.0,False,0.0,0,0,0,True
322,99,0.010000000000000009,91.62587742176693,101.97477185200731,106.38319412954027,96.49818591900201,9.313537324429888,0.1036096236824819,1.9978353124694568,232.34791060085288,45.67975766331443,460.74114032716545,184.9041581736387,0.972505735432234,0.0796602031045558,0.09975834536752423,0.00854662647875859,0.007573159470592038,0.4574797824275117,94.0,0.0,0.0,0.0,0.0,23.52856038417584,278.02766826416735,462.73897563963493,False,False,0.0,0.0,False,0.0,0,0,0,True
323,99,0.010000000000000009,91.72092324692532,101.95122389930165,106.42818944338316,96.53951213749536,9.313537324429888,0.1036096236824819,2.01309419423977,232.18882348988953,45.84385043586567,458.33894535958075,189.38112371772024,0.9732844266628055,0.08051824713530811,0.10009300594026983,0.03281215918134592,0.007425917112881782,0.4340494026941905,94.0,0.0,0.0,0.0,0.0,23.52856038417584,278.0326739257552,460.35203955382053,False,False,0.0,0.0,False,0.0,0,0,0,True
324,100,0.0,92.66333521198455,102.88653604809528,107.61575074871038,97.47481917055869,9.407613459020089,0.0,2.0266987021019514,232.02742171627546,45.95486866623078,455.77951790854706,194.11033841833532,0.9739085157726677,0.08118596118727636,0.10043132324081187,0.05559555227977386,0.010108383078648218,0.42224419801043406,93.0,0.0,0.0,0.0,0.0,23.52856038417584,277.9822903825062,457.806216610649,False,False,0.0,0.0,False,0.0,0,0,0,True
325,98,0.020000000000000018,90.92936303956422,101.62028067630949,105.24062813805595,96.31158099634881,9.219461189839686,0.2072192473649638,1.9875044672688942,232.36176094686664,45.86941838796658,453.753421033459,197.7306858800818,0.9743905897237216,0.08167200670696853,0.10077417851093166,0.07837696575489306,0.007800765482614805,0.41133662885522354,94.0,0.0,0.0,0.0,0.0,23.52856038417584,278.2311793348332,455.7409255007279,False,False,0.0,0.0,False,0.0,0,0,0,True
326,97,0.030000000000000027,89.77041273959803,100.39402077688942,104.00807151888584,95.17221628301067,9.125385055249486,0.3108288710474457,1.9724626066008548,232.7367472415307,46.21343060177136,452.30294200242133,201.34473662207824,0.9747269404915905,0.08198478902599078,0.10110658245721964,0.10374919303026006,0.016813831890195842,0.40172273403709474,94.0,0.0,0.0,0.0,0.0,23.52856038417584,278.9501778433021,454.2754046090222,False,False,0.0,0.0,False,0.0,0,0,0,True
327,95,0.050000000000000044,87.63424294040627,98.5631795312186,101.67794422207432,93.44259163610529,8.937232786069083,0.5180481184124095,1.9806085894683014,233.52953960251935,46.99339888705888,451.90677438199106,204.45950131293395,0.974900957256241,0.08211505632402064,0.10144166388459622,0.13290119178332657,0.02919632342806433,0.3909702707985979,94.0,0.0,0.0,0.0,0.0,23.52856038417584,280.5229384895782,453.8873829714594,False,False,0.0,0.0,False,0.0,0,0,0,True
328,95,0.050000000000000044,87.2298362118292,98.07979078038838,101.67794422207432,92.9733849440439,8.937232786069083,0.5180481184124095,1.9793965262398963,234.2631995554152,48.26448072112035,451.98852154154264,208.05765475461988,0.9748903886796823,0.0820476918934508,0.10173739617380252,0.16327279608101067,0.024126387357736236,0.3839901214832132,94.0,0.0,0.0,0.0,0.0,23.52856038417584,282.52768027653553,453.96791806778253,False,False,0.0,0.0,False,0.0,0,0,0,True
329,94,0.06000000000000005,86.50120458461946,97.38722884903684,100.60245617733243,92.28903954066068,8.843156651478882,0.6216577420948914,1.992342120269639,235.05964876870956,49.03483936123023,451.7228154777778,211.2728820829155,0.9746914686020567,0.08177905287209039,0.10198931807299129,0.19224731167677553,0.022899614322923145,0.3765211309498191,93.0,0.0,0.0,0.0,0.0,23.52856038417584,284.0944881299398,453.7151575980474,False,False,0.0,0.0,False,0.0,0,0,0,True
330,94,0.06000000000000005,86.29892180904876,97.1307502988535,100.60245617733243,92.0027456171124,8.843156651478882,0.6216577420948914,1.99713103357291,235.7790153159977,49.96369161502636,451.5771328355846,214.74458796139442,0.9743098162381731,0.08131675992284845,0.10217549138081973,0.22095872150391888,0.01770651988001487,0.3703459260626639,93.0,0.0,0.0,0.0,0.0,23.52856038417584,285.74270693102403,453.5742638691575,False,False,0.0,0.0,False,0.0,0,0,0,True
331,92,0.07999999999999996,85.09221682385588,96.62734136239786,98.72048099608593,91.46804142935525,8.65500438229848,0.8288769894598552,2.01165025292684,237.174665976823,49.7715866467197,451.11823879501844,216.83772759508247,0.9737495984437233,0.08066573979354623,0.10229281269924777,0.23799731611852892,0.016784488940378522,0.36615501672359857,91.0,0.0,0.0,0.0,0.0,23.52856038417584,286.9462526235427,453.12988904794526,False,False,0.0,0.0,False,0.0,0,0,0,True
332,91,0.08999999999999997,84.40867879076008,96.05015791954943,97.62167771255237,90.8522999387157,8.56092824770828,0.9324866131423372,2.040092497502873,238.66908213061004,49.14162929550753,450.3688677803682,218.40924738808542,0.9730842734322108,0.07989620573799465,0.10242981391784468,0.2532932678925396,0.0169952442711721,0.3624293058865648,91.0,0.0,0.0,0.0,0.0,23.52856038417584,287.81071142611756,452.4089602778711,False,False,0.0,0.0,False,0.0,0,0,0,True
333,90,0.09999999999999998,83.31557386142052,95.01556995633885,96.4234805752198,89.79491975331541,8.46685211311808,1.036096236824819,1.8571214598456642,240.00674415706493,48.71735328612908,449.9797160853757,219.81715800696637,0.972320952016806,0.07901777654945326,0.10256613434059698,0.2720599453063562,0.021892206334928097,0.35725306266351986,91.0,0.0,0.0,0.0,0.0,23.52856038417584,288.724097443194,451.83683754522133,False,False,0.0,0.0,False,0.0,0,0,0,True
334,89,0.10999999999999999,82.53062788820472,94.20510837598889,95.43965203751058,88.94126885795804,8.372775978527878,1.139705860507301,1.8499365119653315,241.4678545657108,48.032643897644675,449.33276584338967,221.05170166848808,0.9714385120499935,0.07801175893015233,0.10266224087378811,0.2896134407086756,0.022847378623861155,0.35292598570037803,91.0,0.0,0.0,0.0,0.0,23.52856038417584,289.5004984633555,451.182702355355,False,False,0.0,0.0,False,0.0,0,0,0,True
335,88,0.12,81.38429719955103,93.12389456505903,94.34284147565484,87.8240311784936,8.278699843937678,1.2433154841897829,1.8232480839381537,242.95692930086955,47.62329031919424,449.1073613961021,222.27064857908388,0.9704443774167485,0.07688398401877994,0.10272661484890663,0.30949834410894694,0.026366668546641124,0.3476284017800933,90.0,0.0,0.0,0.0,0.0,23.52856038417584,290.58021962006376,450.93060948004023,False,False,0.0,0.0,False,0.0,0,0,0,True
336,87,0.13,80.16682976524545,91.96822790345456,93.20027548417052,86.62901282499507,8.184623709347477,1.3469251078722648,1.7902921748188456,239.03747626874159,47.54932829996807,449.3654841684755,223.50269615979983,0.969327889351355,0.0756247280680713,0.10273794034815714,0.33269360252799907,0.02956052004518197,0.34190142896488707,91.0,0.0,0.0,0.0,0.0,20.262377603718328,286.5868045687097,451.15577634329435,False,False,0.0,0.0,False,0.0,1,1,0,True
337,87,0.13,77.45091974335051,85.60424002452982,93.20027548417052,80.52749282047498,8.184623709347477,1.3469251078722648,1.6391058153449072,231.48843078943415,43.1596500331989,444.4738827015426,231.09873161944057,0.9680711415569506,0.07421748328254141,0.10266307652938242,0.4235756700814187,0.08728467068209793,0.31264797149882473,76.0,76.0,1.0,0.0,0.0,16.965516578502992,274.64808082263306,446.1129885168875,False,False,0.0,0.0,False,0.0,1,1,0,True
338,86,0.14,74.50497127458746,83.72245720272775,92.31935425771785,78.60457990752374,8.090547574757275,1.4505347315547465,1.547436722284634,230.36388157066995,38.87619549820578,440.7121160018353,239.69562867443068,0.9661781650998622,0.07211678964873365,0.1024231165624904,0.5156415785007875,0.07911165945734425,0.2977751196341297,75.0,75.0,1.0,0.0,0.0,16.965516578502992,269.24007706887573,442.25955272411994,False,False,0.0,0.0,False,0.0,0,0,0,True
339,82,0.18000000000000005,72.68181962544003,82.09346136611028,87.93628528253436,76.8727308442662,7.714243036396472,1.8649732262846743,1.6223904692032978,229.43812359137584,34.68771146580529,437.23112953988493,245.53845259085472,0.9636424076862428,0.06930203559779376,0.10216458043266632,0.5932219253549793,0.07124493018865104,0.2864698487351199,74.0,74.0,1.0,0.0,0.0,16.965516578502992,264.1258350571811,438.85352000908824,False,False,0.0,0.0,False,0.0,0,0,0,True
340,81,0.18999999999999995,70.95857127530698,80.7221609804572,86.74872397720713,75.34912915801783,7.620166901806271,1.968582849967156,1.6443373402830233,228.63197825537233,30.58258192219271,434.1273694640437,251.56501558760468,0.9605595938886861,0.06588637746033939,0.10179872536166117,0.6703103686681622,0.0632960591682384,0.2765894247191444,72.0,72.0,1.0,0.0,0.0,16.965516578502992,259.21456017756503,435.7717068043267,False,False,0.0,0.0,False,0.0,0,0,0,True
341,78,0.21999999999999997,68.3979200769799,78.61784228101124,83.63795275219604,73.11240389196628,7.337938498035669,2.279411721014602,1.6180755016397625,228.05783182630208,26.599012279803524,431.65749286335927,256.58512605878946,0.9569306229901514,0.0618776800702943,0.10131102577009381,0.7431741141525797,0.06689624482112527,0.26603884423699853,74.0,74.0,1.0,0.0,0.0,16.965516578502992,254.6568441061056,433.275568364999,False,False,0.0,0.0,False,0.0,0,0,0,True
342,77,0.22999999999999998,67.37249921370679,77.89350825296182,82.65412421448684,72.1390012930332,7.2438623634454675,2.3830213446970836,1.5727631211193056,227.49648465905042,22.87433694222552,429.49883573139687,261.3457420203145,0.9529368457087282,0.0574593065221846,0.1008150841214298,0.8069336192035281,0.053213128641241655,0.2599671344842747,72.0,72.0,1.0,0.0,0.0,16.965516578502992,250.37082160127594,431.07159885251616,False,False,0.0,0.0,False,0.0,0,0,0,True
343,76,0.24,67.17135696897567,78.24944638893564,81.55532093095329,72.15507239787483,7.149786228855267,2.4866309683795658,1.311454551900185,226.9164264121866,19.416181481616718,427.82421502208905,264.6516165623322,0.9487939100698121,0.05286915118783684,0.10027140681069038,0.8484294912797882,0.030742580430865224,0.25829442804441904,73.0,73.0,1.0,0.0,0.0,16.965516578502992,246.33260789380333,429.1356695739892,False,False,0.0,0.0,False,0.0,0,0,0,True
344,73,0.27,66.52884413763066,77.62137146883042,78.27105523930337,71.26581846577987,6.867557825084664,2.7974598394270114,1.4377034866337381,226.43798987598404,16.004121660740047,426.0117517836296,265.3013003328051,0.9446718170906252,0.04829658466072675,0.09968349946266997,0.873091956237198,0.02799012271098108,0.25560015155504223,79.0,79.0,1.0,0.0,0.0,16.965516578502992,242.4421115367241,427.44945527026334,False,False,0.0,0.0,False,0.0,0,0,0,True
345,73,0.27,66.15962090346281,77.70907345824212,78.27105523930337,71.03911535789187,6.867557825084664,2.7974598394270114,1.4423654182125352,225.97147380011867,12.607844912142752,424.38943046201445,265.8632821138663,0.9405737484225021,0.04375083592226583,0.0990211949602634,0.8901761453663826,0.017148498473343307,0.2551161680672669,83.0,83.0,1.0,0.0,0.0,16.965516578502992,238.57931871226143,425.831795880227,False,False,0.0,0.0,False,0.0,0,0,0,True
346,73,0.27,66.07852359765538,77.97990976636048,78.27105523930337,70.99383330184676,6.867557825084664,2.7974598394270114,1.41545370619606,225.50052091047664,9.822991751576396,423.4145602497525,266.1544275868092,0.9366340884695818,0.039386116368838174,0.09825984639462286,0.8990018687645589,0.008583654545551874,0.25547031961556993,84.0,84.0,1.0,0.0,0.0,16.965516578502992,235.32351266205302,424.8300139559486,False,False,0.0,0.0,False,0.0,0,0,0,True
347,73,0.27,66.6673018844639,78.87053664679526,78.27105523930337,71.53233401895778,6.867557825084664,2.7974598394270114,1.404670050446241,224.9866335751324,8.272091423100065,423.6199475115974,265.55494617931726,0.9330014563087208,0.03535676919448143,0.09752537943657646,0.8920062686863032,0.010410690962668874,0.258409562589911,84.0,84.0,1.0,0.0,0.0,16.965516578502992,233.25872499823248,425.0246175620436,False,False,0.0,0.0,False,0.0,0,0,0,True
348,73,0.27,67.6543006808269,80.10869516573953,78.27105523930337,72.40764187345096,6.867557825084664,2.7974598394270114,1.4419018208578263,224.39938004714276,6.993249240376323,423.46974312305883,263.7173062528811,0.9297250409245199,0.03172197162870964,0.09680264800624186,0.86726792877841,0.02026580472312326,0.2634804154724376,81.0,81.0,1.0,0.0,0.0,16.965516578502992,231.39262928751907,424.91164494391666,False,False,0.0,0.0,False,0.0,0,0,0,True
349,73,0.27,67.82555496149908,80.5757436353892,78.27105523930337,72.60941559202813,6.867557825084664,2.7974598394270114,1.4400938920403625,223.79248339930467,5.713454765538529,422.8018228405048,261.4126178567953,0.9268166597407589,0.028493041676469776,0.09613856851090921,0.8401242975952519,0.01917304569871296,0.26686005330071266,81.0,81.0,1.0,0.0,0.0,16.965516578502992,229.5059381648432,424.2419167325452,False,False,0.0,0.0,False,0.0,0,0,0,True
350,73,0.27,67.85787513816858,80.93418814192525,78.27105523930337,72.73800849111625,6.867557825084664,2.7974598394270114,1.4147500426496626,223.24684023321907,4.43384796944184,422.1809094863995,258.7494849541733,0.924296014127966,0.025682810574977167,0.09563492021709763,0.8121053254005248,0.016982921065960523,0.2703382824647239,81.0,81.0,1.0,0.0,0.0,16.965516578502992,227.68068820266092,423.59565952904916,False,False,0.0,0.0,False,0.0,0,0,0,True
351,74,0.26,68.82068552068428,82.11872194716594,79.46925237663592,73.6297472698079,6.961633959674866,2.6938502157445297,1.3862447733090133,222.62618630204972,3.4598228996687768,421.67910602147015,256.1000153836433,0.9221130072226356,0.023239388645907,0.09525560799641779,0.7764922317526538,0.025810376167249172,0.2764367237033027,81.0,81.0,1.0,0.0,0.0,16.965516578502992,226.0860092017185,423.06535079477914,False,False,0.0,0.0,False,0.0,0,0,0,True
352,74,0.26,69.14534521283238,82.6145563260392,79.46925237663592,73.92267365896188,6.961633959674866,2.6938502157445297,1.3718047685343904,221.9761023242262,2.6673338982305914,420.8947874653319,252.9547114342401,0.9202296104960619,0.021124272457299687,0.09497264174911285,0.7398219694147434,0.022751021331219153,0.28114955233679195,83.0,83.0,1.0,0.0,0.0,16.965516578502992,224.64343622245678,422.2665922338663,False,False,0.0,0.0,False,0.0,0,0,0,True
353,75,0.25,69.83460741419059,83.4414161013481,80.56805566016948,74.53060151589521,7.055710094265066,2.5902405920620475,1.3567540617106666,215.50260665799212,1.8698802930179332,420.4051786532299,250.08135099306145,0.9186158048118767,0.0193076417801743,0.09475375563732706,0.7032796748909929,0.02479693201952342,0.28676867198583533,84.0,84.0,1.0,0.0,0.0,13.52231938179618,217.37248695101005,421.76193271494054,False,False,0.0,0.0,False,0.0,1,1,0,True
354,75,0.25,69.95541092433527,83.6989047185153,80.56805566016948,74.64713413713449,7.055710094265066,2.5902405920620475,1.3587304145982069,208.91708750314967,1.0725273222831215,419.73682662065823,246.95050193471562,0.9172389596148547,0.017754974769045327,0.09458411814598551,0.6688428162169385,0.019070308850949604,0.2911591525605358,86.0,86.0,1.0,0.0,0.0,10.07824577758859,209.9896148254328,421.09555703525643,False,False,0.0,0.0,False,0.0,1,1,0,True
355,76,0.24,70.91746370117343,84.82695663699275,81.66486622202521,75.55489754678152,7.149786228855267,2.4866309683795658,1.3634571352364093,207.9042298027582,0.2666536696434465,418.8931518360973,243.78841151974808,0.9160672235952824,0.016431670001895916,0.09445255750284091,0.6298536330643381,0.025910734880987534,0.2983327350089353,86.0,86.0,1.0,0.0,0.0,10.07824577758859,208.17088347240167,420.25660897133366,False,False,0.0,0.0,False,0.0,0,0,0,True
356,76,0.24,71.10450795595163,85.21633779932162,81.66486622202521,75.8183408245979,7.149786228855267,2.4866309683795658,1.3770934859357025,206.95742755479228,0.0,418.4176701436954,240.23693994245173,0.9150806969261973,0.015317319164495791,0.09434709750137037,0.5914151952663612,0.021302826057814982,0.30399185485601354,85.0,85.0,1.0,0.0,0.0,10.07824577758859,206.95742755479228,419.79476362963106,False,False,0.0,0.0,False,0.0,0,0,0,True
357,78,0.21999999999999997,72.91471723749503,87.13964835548805,83.8630080369279,77.45823412341936,7.337938498035669,2.279411721014602,1.3823833708561215,205.83300251534897,0.0,418.1826908329371,236.96029962389153,0.9142567450443654,0.014387310527859753,0.09425963437359676,0.54727535707496,0.03657570894990686,0.3138325997418566,86.0,86.0,1.0,0.0,0.0,10.07824577758859,205.83300251534897,419.56507420379324,False,False,0.0,0.0,False,0.0,0,0,0,True
358,80,0.19999999999999996,74.80927206878364,89.11176167744478,86.0810620731541,79.14781725534074,7.52609076721607,2.072192473649638,1.3894393980509219,199.055298154888,0.0,417.68550967337205,233.92960001960085,0.9135442920898107,0.013580498283382791,0.09419626415291216,0.4982634718557806,0.04656799136444431,0.3246707203508784,85.0,85.0,1.0,0.0,0.0,6.809618659213093,199.055298154888,419.07494907142296,False,False,0.0,0.0,False,0.0,1,1,0,True
359,82,0.18000000000000005,76.83202872273391,91.22218191569239,87.83337797127781,80.96683293309826,7.714243036396472,1.8649732262846743,1.4153791570189471,197.43034839943638,0.0,417.52068004546555,230.54079607518622,0.9129382410208674,0.01289324675704595,0.09414785758047867,0.45297993515552915,0.05409309189528831,0.3343077286894961,89.0,89.0,1.0,0.0,0.0,6.809618659213093,197.43034839943638,418.9360592024845,False,False,0.0,0.0,False,0.0,0,0,0,True
360,83,0.17000000000000004,77.89064640462702,92.45213416743093,89.0315751086104,82.0118692406594,7.808319170986674,1.7613636026021924,1.4333296003624205,195.76239374933206,0.0,416.74973071053273,227.1202370163657,0.9124350045533702,0.012323379931065559,0.09410602440494559,0.40913803300619744,0.048374629994798204,0.3417840771252765,88.0,88.0,1.0,0.0,0.0,6.809618659213093,195.76239374933206,418.18306031089514,False,False,0.0,0.0,False,0.0,0,0,0,True
361,84,0.16000000000000003,78.71645676189306,93.32986894520151,90.01540364631961,82.7523511999902,7.902395305576874,1.6577539789197104,1.4444274644127817,193.98000434586433,0.0,416.1747405960062,223.80577171748385,0.912026789294417,0.011862648934007413,0.09406802574776527,0.3718957185277033,0.040639056625109575,0.3484753936739476,88.0,88.0,1.0,0.0,0.0,6.809618659213093,193.98000434586433,417.619168060419,False,False,0.0,0.0,False,0.0,0,0,0,True
362,84,0.16000000000000003,78.82696244400287,93.49086974306618,90.01540364631961,82.86651063759982,7.902395305576874,1.6577539789197104,1.4447601126364158,192.15653536147184,0.0,415.32912039551155,220.33030562073725,0.911718720374742,0.011516758692684115,0.09403476949177075,0.34040185843119125,0.027763594214723325,0.35338953399048706,88.0,88.0,1.0,0.0,0.0,6.809618659213093,192.15653536147184,416.77388050814795,False,False,0.0,0.0,False,0.0,0,0,0,True
363,85,0.15000000000000002,79.51412299217425,94.20910160963753,91.11420692985317,83.48334880542527,7.996471440167075,1.5541443552372285,1.4343504215060732,179.70914859533784,0.0,415.0471537569321,217.2354109409529,0.9114997627224442,0.011273903963125198,0.0939980840327007,0.31177943447108775,0.025669640616176086,0.35996560526168303,89.0,89.0,1.0,0.0,0.0,0.49903732860286265,179.70914859533784,416.4815041784382,False,False,0.0,0.0,False,0.0,2,2,0,True
364,87,0.13,81.53927861098497,96.2342326259739,93.39857879703612,85.27014610079124,8.184623709347477,1.3469251078722648,1.4920212727838882,177.39096886614502,0.0,414.1550670540339,214.39975711201515,0.9113965577981811,0.011165111966791241,0.09394462920044709,0.27805570291964954,0.038396804126984534,0.3698401001072257,88.0,88.0,1.0,0.0,0.0,0.49903732860286265,177.39096886614502,415.6470883268178,False,False,0.0,0.0,False,0.0,0,0,0,True
365,87,0.13,81.8454070579488,96.56458220840082,93.39857879703612,85.56318636353903,8.184623709347477,1.3469251078722648,1.532595191454907,174.99840640047327,0.0,412.59828588788866,211.23375370065042,0.9113754353260187,0.01114645350491028,0.09390966174398517,0.24742918276346942,0.02814463944849231,0.3751068036326815,87.0,87.0,1.0,0.0,0.0,0.49903732860286265,174.99840640047327,414.13088107934357,False,False,0.0,0.0,False,0.0,0,0,0,True
366,88,0.12,82.78699843937677,97.62179364089926,94.54114478852043,86.50736304986792,8.278699843937677,1.2433154841897829,1.5551816267706036,172.5543855737805,0.0,410.78531316930435,208.15310484827162,0.9114254780553708,0.011205736476998273,0.09389238295908532,0.2158110324280186,0.029275952280695506,0.38319070397770794,86.0,86.0,1.0,0.0,0.0,0.49903732860286265,172.5543855737805,412.34049479607495,False,False,0.0,0.0,False,0.0,0,0,0,True
367,90,0.09999999999999998,84.43933679571127,99.5065388315016,96.8148299705949,88.19374581258224,8.46685211311808,1.036096236824819,1.57713121792668,170.11626963594549,0.0,409.10697482774106,205.4613959873649,0.9115666897549151,0.01136425484153052,0.09390716017884278,0.18055075283557845,0.038513505369738486,0.3943044399645409,88.0,88.0,1.0,0.0,0.0,0.49903732860286265,170.11626963594549,410.68410604566776,False,False,0.0,0.0,False,0.0,0,0,0,True
368,91,0.08999999999999997,85.38231870050475,100.58393445659496,97.82541048017036,89.17348499924272,8.56092824770828,0.9324866131423372,1.6083860143903363,167.68728906416172,0.0,407.4912416035378,202.70287201094038,0.9118444494699517,0.011663310471702059,0.09404413254701625,0.14742192434414608,0.0357042370035847,0.4030210177016135,89.0,89.0,1.0,0.0,0.0,0.49903732860286265,167.68728906416172,409.09962761792815,False,False,0.0,0.0,False,0.0,0,0,0,True
369,93,0.06999999999999995,86.9769453788471,102.3555676216714,99.89389301195027,90.7782452583304,8.749080516888682,0.7252673657773733,1.6170550511920154,165.2186326747743,0.0,405.9095119797357,200.24119740121927,0.9122595395839852,0.012104307130789494,0.09430359360259048,0.1178205205989445,0.040762902629225134,0.4115695952420057,89.0,89.0,1.0,0.0,0.0,0.49903732860286265,165.2186326747743,407.52656703092777,False,False,0.0,0.0,False,0.0,0,0,0,True
370,93,0.06999999999999995,87.15760346958768,102.53309230644703,99.89389301195027,90.98131218753112,8.749080516888682,0.7252673657773733,1.5237995142910996,151.31266619386165,0.0,374.8369774254603,197.60199810672248,0.9127822213082769,0.012663012492151538,0.09456862125865953,0.09284403038378687,0.02773532415859355,0.41572806738607293,88.0,88.0,1.0,0.0,0.0,22.58164661638508,151.31266619386165,376.3607769397514,False,True,28.939359200350985,0.07140229331269544,False,0.0,2,2,0,True
371,95,0.050000000000000044,89.37232786069085,124.68077334015601,101.87273407748239,110.7037859680425,8.937232786069083,0.5180481184124095,1.8263619264500983,166.37506685582818,1.9411795987677756,389.17238234551064,174.79395884404886,0.9134078941638046,0.013336419751237671,0.09481781887809508,-0.10554846375356874,0.23756476150672534,0.5285604248107096,93.0,0.0,0.0,0.0,0.0,22.58164661638508,168.31624645459596,390.99874427196073,False,False,0.0,0.0,False,0.0,0,0,0,True
372,100,0.0,94.0761345902009,125.46532378633388,106.63956608724789,111.60887723242769,9.407613459020087,0.0,2.0045131109715104,177.84888913583984,4.2022080132515045,399.5583671258992,155.96820114496285,0.9151197334718469,0.015226153082799464,0.09511207182964891,-0.23075005296646323,0.14947841278278734,0.5729350048652958,88.0,0.0,0.0,0.0,0.0,22.58164661638508,182.05109714909133,401.56288023687074,False,False,0.0,0.0,False,0.0,0,0,0,True
373,100,0.0,94.0761345902009,124.16159973009717,106.63956608724789,110.76904899840498,9.407613459020087,0.0,2.08406823088024,188.6027239704163,6.540426589143252,409.1814868089532,138.44616750211355,0.9176553983010847,0.018058210779440385,0.09523683624076802,-0.32434361751257745,0.08102092454850614,0.6184457556882522,87.0,0.0,0.0,0.0,0.0,22.58164661638508,195.14315055955956,411.26555503983343,False,False,0.0,0.0,False,0.0,0,0,0,True
374,100,0.0,94.0761345902009,121.81290221721973,106.63956608724789,109.07181200056458,9.407613459020087,0.0,2.1076434413442326,197.80805253798505,9.128566137374523,417.357058484347,123.27283137214175,0.9207947921479457,0.021586494212152373,0.09518949740448131,-0.39263413494596966,0.03162017417754494,0.6664080531255364,87.0,0.0,0.0,0.0,0.0,22.58164661638508,206.93661867535957,419.46470192569126,False,False,0.0,0.0,False,0.0,0,0,0,True
375,99,0.010000000000000009,93.08260722762842,118.38392165619742,105.75864486079521,106.44945943961781,9.313537324429888,0.1036096236824819,2.1077588856473914,205.52675174956906,11.045859858167631,423.41050632303336,110.64755457673955,0.9243665040112681,0.02561924136269509,0.09497137316270268,-0.4437056139056545,0.00835215045489929,0.7145504235371787,87.0,0.0,0.0,0.0,0.0,22.58164661638508,216.5726116077367,425.51826520868076,False,False,0.0,0.0,False,0.0,0,0,0,True
376,100,0.0,93.79406442578366,116.23954662384384,106.76922537037066,105.00296665078803,9.407613459020087,0.0,2.1018140765670363,211.23790557837216,14.086455304666096,428.49152806529435,101.17723332326636,0.9282470144225273,0.030011673845825593,0.09464754045677372,-0.4776799755320832,0.02253924754370202,0.7719210540390189,88.0,0.0,0.0,0.0,0.0,22.58164661638508,225.32436088303825,430.5933421418614,False,False,0.0,0.0,False,0.0,0,0,0,True
377,100,0.0,93.58141959998775,113.99360485947055,106.76922537037066,103.47559383895032,9.407613459020087,0.0,2.092564375164711,215.73959964025627,17.060065226305376,432.3180094350555,93.9528538341665,0.9323314304759327,0.03464748371733115,0.09421768169091552,-0.5004821440389474,0.033073614851709864,0.8363715414968581,88.0,0.0,0.0,0.0,0.0,22.58164661638508,232.79966486656164,434.4105738102202,False,False,0.0,0.0,False,0.0,0,0,0,True
378,98,0.020000000000000018,91.81550233661886,110.48524424650378,104.74806435121974,100.79603617903243,9.219461189839686,0.2072192473649638,2.0881136125302406,219.39892078784422,18.42281255483298,433.8663960387154,88.21567393888247,0.9365428238499577,0.039440748285950435,0.09368591145139736,-0.5154809061687908,0.05105181822253189,0.8954688979667637,87.0,0.0,0.0,0.0,0.0,22.58164661638508,237.8217333426772,435.95450965124564,False,False,0.0,0.0,False,0.0,0,0,0,True
379,100,0.0,93.5314171549935,109.7188470680878,106.71572142663817,101.08427101636481,9.407613459020087,0.0,2.0931629280567527,221.72875129499872,20.025302582459695,433.64066134955397,85.21254829743283,0.9408132156838084,0.0443135591808506,0.09306026462472279,-0.5198167577262562,0.039220252728398,0.9611390747801932,88.0,0.0,0.0,0.0,0.0,22.58164661638508,241.7540538774584,435.7338242776107,False,False,0.0,0.0,False,0.0,0,0,0,True
380,100,0.0,93.26132011447268,107.37620652303337,106.71572142663817,100.00408671503581,9.407613459020087,0.0,2.090264542007343,223.2847960139737,22.049771924537453,432.7780813475262,84.55206320103764,0.945069221161658,0.0491849289757343,0.09234344803429305,-0.5134484761681496,0.04535103954641832,0.9957832743658926,89.0,0.0,0.0,0.0,0.0,22.58164661638508,245.33456793851116,434.86834588953354,False,False,0.0,0.0,False,0.0,0,0,0,True
381,99,0.010000000000000009,92.16183903912908,105.14282253136997,105.8348002001855,98.71299997330183,9.313537324429886,0.1036096236824819,2.096115237539129,224.67791828579982,24.13539939621372,431.6445932912834,85.24404086985317,0.9492496559287387,0.05398297920568103,0.09155530785432274,-0.5036462878992222,0.04889730687214548,1.0008343334751273,86.0,0.0,0.0,0.0,0.0,22.58164661638508,248.81331768201355,433.74070852882255,False,False,0.0,0.0,False,0.0,0,0,0,True
382,100,0.0,92.94929133530913,105.79239379280621,106.93360348371905,99.15353311653698,9.407613459020087,0.0,2.1012871426931374,225.75932230516187,26.24815077053602,430.79111575574166,86.38525056076601,0.9533396787191002,0.05868150660088234,0.09078628075241614,-0.49486760667616314,0.026462313632501833,0.9958141665815589,87.0,0.0,0.0,0.0,0.0,22.58164661638508,252.0074730756979,432.8924028984348,False,False,0.0,0.0,False,0.0,0,0,0,True
383,99,0.010000000000000009,92.2802220300515,104.85712437684818,105.94977494600985,98.60189161397844,9.313537324429888,0.1036096236824819,2.105255976787352,226.9678208216792,27.34019787197174,429.2924681176255,87.4779011299277,0.9573469646229013,0.06328575688919998,0.09006505300127324,-0.4875138696563325,0.02518455129219408,0.9813827558501338,86.0,0.0,0.0,0.0,0.0,22.58164661638508,254.30801869365092,431.39772409441287,False,False,0.0,0.0,False,0.0,0,0,0,True
384,100,0.0,93.17018854177381,104.91162488193862,107.04857822954341,99.06866806585205,9.407613459020087,0.0,2.1126785961872105,227.7890328281888,28.348258718619295,427.2682374868356,89.61485447753248,0.9612728787179338,0.0677945235906348,0.0894067526981947,-0.4773223054564104,0.018398396928369025,0.953794708186169,87.0,0.0,0.0,0.0,0.0,22.58164661638508,256.1372915468081,429.3809160830228,False,False,0.0,0.0,False,0.0,0,0,0,True
385,100,0.0,93.22203727501598,104.51055828309103,107.04857822954341,99.03730675344879,9.407613459020087,0.0,2.118457924650066,228.54092610481183,29.10125924234662,425.0231165444492,92.15287442398485,0.9650991814671925,0.07218372226795329,0.08883692153448658,-0.46546815656190327,0.017001738292366526,0.9312269483043742,90.0,0.0,0.0,0.0,0.0,22.58164661638508,257.64218534715843,427.1415744690992,False,False,0.0,0.0,False,0.0,0,0,0,True
386,100,0.0,93.23413209088113,104.11519330870809,107.04857822954341,98.98940102650825,9.407613459020087,0.0,2.119877270933592,229.24269551614142,29.718607494841777,422.69725092278975,95.08625934482018,0.9688140956818365,0.07643947303529916,0.08835789711910064,-0.4517494814490153,0.015708989539558075,0.9102097839220509,90.0,0.0,0.0,0.0,0.0,22.58164661638508,258.9613030109832,424.81712819372336,False,False,0.0,0.0,False,0.0,0,0,0,True
387,100,0.0,93.24673608025832,103.74301148480549,107.04857822954341,98.94212613577906,9.407613459020087,0.0,2.1203545999929414,229.89694228340034,30.217198971421222,420.3049843048365,98.39182608955812,0.9724054628159878,0.08054757935346027,0.08797202184175572,-0.4361681777900257,0.01440901374165301,0.888395447458058,90.0,0.0,0.0,0.0,0.0,22.58164661638508,260.11414125482156,422.42533890482946,False,False,0.0,0.0,False,0.0,0,0,0,True
388,100,0.0,93.25926568553392,103.28884812982743,107.04857822954341,98.7821492539901,9.407613459020087,0.0,2.1202621394103884,230.390516657753,30.611600127047396,417.94664243089676,102.15155618927409,0.9758614264229004,0.08449432620684227,0.08768145716035115,-0.4179739541649113,0.013410864539553768,0.8638206956978115,91.0,0.0,0.0,0.0,0.0,22.58164661638508,261.0021167848004,420.06690457030714,False,False,0.0,0.0,False,0.0,0,0,0,True
389,100,0.0,92.81189080286815,102.2879589099805,107.04857822954341,98.0481511396674,9.407613459020087,0.0,2.1049548723600218,230.59160516296782,31.494596164047742,416.1492354168863,106.912175508837,0.979165596117767,0.0882612198430524,0.08748742803301199,-0.3929995623002596,0.017128854780926274,0.8304715950528797,92.0,0.0,0.0,0.0,0.0,22.58164661638508,262.08620132701554,418.2541902892463,False,False,0.0,0.0,False,0.0,0,0,0,True
390,100,0.0,92.47504278117198,101.42968549714085,107.04857822954341,97.54917110564918,9.407613459020087,0.0,2.09003677582356,230.63470675027762,32.90176700020319,414.74659004479463,112.53106824123952,0.9822814863268656,0.09180822636498658,0.08738578727250935,-0.36281162531445094,0.019085502805800136,0.7904454239919023,87.0,0.0,0.0,0.0,0.0,22.58164661638508,263.5364737504808,416.83662682061816,False,False,0.0,0.0,False,0.0,0,0,0,True
391,100,0.0,92.39306525478636,100.93953836250138,107.04857822954341,97.37334876188083,9.407613459020087,0.0,2.087395366456418,230.59693797106434,34.31021812864172,413.2876244448969,118.64010810828154,0.9851831706076792,0.09510612837711355,0.08737702911477603,-0.3301976052624686,0.017543184311425,0.7490881466512775,87.0,0.0,0.0,0.0,0.0,22.58164661638508,264.90715609970607,415.3750198113533,False,False,0.0,0.0,False,0.0,0,0,0,True
392,99,0.010000000000000009,91.76844204148553,100.21649387598312,105.94977494600985,96.94148327047536,9.313537324429888,0.1036096236824819,2.0994220104691266,230.75619928621072,35.012734236348244,411.4011759668101,124.3733891783083,0.987857294314922,0.0981393773590131,0.0874643776617221,-0.2987083741466371,0.018337239585356335,0.7059206983824415,87.0,0.0,0.0,0.0,0.0,22.58164661638508,265.76893352255894,413.50059797727926,False,False,0.0,0.0,False,0.0,0,0,0,True
393,99,0.010000000000000009,91.72457675500935,100.12097148841823,105.73189288892897,97.08734012310782,9.313537324429886,0.1036096236824819,2.1092160262345803,231.1058830727421,35.71600990219645,409.73472516386914,129.98431057881902,0.9903060797113911,0.10091162760462306,0.0876354600585318,-0.2657595889568891,0.014170095050416248,0.6662134787847209,91.0,0.0,0.0,0.0,0.0,22.58164661638508,266.8218929749386,411.84394119010375,False,False,0.0,0.0,False,0.0,0,0,0,True
394,100,0.0,92.32922896787208,100.01133313257897,106.6032875606,97.19425139830888,9.407613459020087,0.0,2.118066890999871,230.97298197285417,36.90530646673772,408.02570742464957,136.57626500684006,0.992516172771215,0.10341730872260262,0.0878013828960723,-0.2242790846315959,0.01235299672197884,0.6263503011928293,89.0,0.0,0.0,0.0,0.0,22.58164661638508,267.87828843959187,410.14377431564947,False,False,0.0,0.0,False,0.0,0,0,0,True
395,99,0.010000000000000009,91.77263110427555,99.31629499950502,105.73189288892897,96.70491874461494,9.313537324429886,0.1036096236824819,2.1116302436007848,230.8798456465158,37.36841848987521,405.73685836052675,142.99186289626402,0.9944341243293575,0.10560653720636841,0.08784872673280207,-0.1859641414985577,0.01428805939958058,0.5878941192153254,88.0,0.0,0.0,0.0,0.0,22.58164661638508,268.248264136391,407.8484886041275,False,False,0.0,0.0,False,0.0,0,0,0,True
396,99,0.010000000000000009,92.07446122895215,99.69062648409532,106.04916879980885,97.22919464969416,9.313537324429888,0.1036096236824819,2.13152408361643,231.03365538335282,37.23826343535199,403.03702126312317,149.35040521197752,0.9960840524847805,0.10749543203812881,0.08788327194316717,-0.15483064333184965,0.010597376618682458,0.5596211462882877,91.0,0.0,0.0,0.0,0.0,22.58164661638508,268.2719188187048,405.1685453467396,False,False,0.0,0.0,False,0.0,0,0,0,True
397,99,0.010000000000000009,92.17675602457204,99.6492071063262,105.92645970721819,97.32085590221843,9.313537324429888,0.1036096236824819,2.1340069178641357,231.16227938956808,36.925778594362406,400.14276550811167,155.62765781286947,0.9975163910730048,0.10912638369653523,0.08802519384849561,-0.12194024348828196,0.01030564223779681,0.5296932721764916,91.0,0.0,0.0,0.0,0.0,22.58164661638508,268.08805798393047,402.2767724259758,False,False,0.0,0.0,False,0.0,0,0,0,True
398,99,0.010000000000000009,92.19753136860524,99.36279676106402,105.80375061462749,97.1473679332311,9.313537324429888,0.1036096236824819,2.1282158195438052,231.09083115124986,36.56705911361103,396.98116651364916,162.06861166643296,0.9987185907259741,0.11048821974821374,0.08822876591899308,-0.08484477974122943,0.009994821956746964,0.5010372040505972,91.0,0.0,0.0,0.0,0.0,22.58164661638508,267.6578902648609,399.10938233319297,False,False,0.0,0.0,False,0.0,0,0,0,True
399,100,0.0,92.405322837287,99.40819010825578,106.87923865936938,97.27338404854143,9.407613459020087,0.0,2.0970618933148906,230.9204463410256,37.343668588954124,395.24767320442004,169.53966021754655,0.9996634303165435,0.11155362046198569,0.08844508930929261,-0.042032887755142634,0.009097516877842373,0.4770431926124399,93.0,0.0,0.0,0.0,0.0,22.58164661638508,268.2641149299797,397.34473509773494,False,False,0.0,0.0,False,0.0,0,0,0,True
400,96,0.040000000000000036,89.07133639295802,96.39754664537395,102.55596396328797,94.3811306060551,9.031308920659285,0.4144384947299276,2.077257516603379,231.16172277952595,37.68994313474674,393.6997083564087,175.69807753546058,1.0003297952291732,0.11229819374341969,0.08867066421797527,0.004435198310751199,0.032426218223246886,0.44694806256260183,90.0,0.0,0.0,0.0,0.0,22.58164661638508,268.8516659142727,395.77696587301205,False,False,0.0,0.0,False,0.0,0,0,0,True
401,99,0.010000000000000009,91.80615322877844,98.64252373647219,106.18572582601203,96.60653344714623,9.313537324429888,0.1036096236824819,2.0828444376367488,230.95216112823368,37.98962640863403,391.2310979715919,183.24127962500043,1.0006971052059437,0.11270510519765845,0.08886640302299526,0.04692948593953272,0.007648178318091374,0.42673700228110406,93.0,0.0,0.0,0.0,0.0,22.58164661638508,268.9417875368677,393.3139424092287,False,False,0.0,0.0,False,0.0,0,0,0,True
402,98,0.020000000000000018,91.14123457065287,98.41430653698039,105.09879098037597,96.38593434023741,9.219461189839686,0.2072192473649638,1.8268820029393418,230.91177816261623,37.77168381795147,388.56108360895655,189.92576406839598,1.0007987330206778,0.1127900886124995,0.08906300071333831,0.08512574738659494,0.005982709935357147,0.4102651484618661,94.0,0.0,0.0,0.0,0.0,22.58164661638508,268.6834619805677,390.3879656118959,False,False,0.0,0.0,False,0.0,0,0,0,True
403,96,0.040000000000000036,89.22326686372986,96.53549397831789,102.62228179424471,94.5263593962872,9.031308920659285,0.4144384947299276,1.8228062842232238,231.16230433653115,38.24655957913525,386.79450304775384,196.01255188432282,1.0006635403765867,0.11258889921065077,0.08926110096892104,0.12874959639950395,0.020184804512058667,0.39327344369101647,91.0,0.0,0.0,0.0,0.0,22.58164661638508,269.4088639156664,388.6173093319771,False,False,0.0,0.0,False,0.0,0,0,0,True
404,93,0.06999999999999995,86.14567728608468,94.1507971765861,99.15034862173455,92.1487698364267,8.74908051688868,0.7252673657773733,1.797385884711316,232.06760936627404,39.156726345408565,386.3064960602827,201.01210332947127,1.0002598408531393,0.11208184450259732,0.08943039448576998,0.1744965424648212,0.03766287770623343,0.3774873819173914,91.0,0.0,0.0,0.0,0.0,22.58164661638508,271.2243357116826,388.10388194499404,False,False,0.0,0.0,False,0.0,0,0,0,True
405,91,0.08999999999999997,84.28775658297403,92.63619742682484,96.99720212067476,90.60064111391955,8.56092824770828,0.9324866131423372,1.7802757710905985,233.2891653082778,39.91091945054879,386.2152456249673,205.3731080233212,0.9995740981691258,0.11126855423377553,0.08953628282132726,0.21942906368025944,0.040523113043055004,0.36571535543250333,90.0,0.0,0.0,0.0,0.0,22.58164661638508,273.2000847588266,387.9955213960579,False,False,0.0,0.0,False,0.0,0,0,0,True
406,89,0.10999999999999999,82.89489132815363,91.68337577160078,95.14197891129453,89.5810668857355,8.372775978527878,1.139705860507301,1.7704282181713276,234.8954536185855,39.73297086537416,385.8862454928973,208.83171116301497,0.9986103018487323,0.11015638572072728,0.08955111403775115,0.254747038951866,0.03671530430207402,0.35750217152447916,89.0,0.0,0.0,0.0,0.0,22.58164661638508,274.62842448395963,387.6566737110686,False,False,0.0,0.0,False,0.0,0,0,0,True
407,89,0.10999999999999999,82.75516044265818,91.3430515804134,95.14197891129453,89.14057708371845,8.372775978527878,1.139705860507301,1.7586671701705283,236.2297134138935,39.72969010370957,385.6981816001123,212.63063849389607,0.9974309231454056,0.10880243051255625,0.08957236763933024,0.28883854984178414,0.027810702711410274,0.3511342383944647,89.0,0.0,0.0,0.0,0.0,22.58164661638508,275.95940351760305,387.4568487702829,False,False,0.0,0.0,False,0.0,0,0,0,True
408,88,0.12,82.04126194343931,91.07692229344909,94.26105768484184,88.7536471116871,8.278699843937677,1.2433154841897829,1.7280748277015254,237.88802630875918,39.21034177745597,385.4692903789114,215.81477388528884,0.9960466621026163,0.10721889066110697,0.0895979768448789,0.31332068238046984,0.021159569685599476,0.34665332978631447,90.0,0.0,0.0,0.0,0.0,22.58164661638508,277.09836808621515,387.1973652066129,False,False,0.0,0.0,False,0.0,0,0,0,True
409,86,0.14,80.1797458269947,89.45261766783409,91.96405726397572,87.02888550359336,8.090547574757275,1.4505347315547465,1.7093274086652062,239.7075699242581,38.809064590765345,385.46725842017264,218.32621348143044,0.9945219064023807,0.10546793573668371,0.08972740152504832,0.342109228009858,0.03157270373121055,0.3385136811344035,89.0,0.0,0.0,0.0,0.0,22.58164661638508,278.51663451502344,387.17658582883786,False,False,0.0,0.0,False,0.0,0,0,0,True
410,84,0.16000000000000003,78.04678830578528,87.71583185022915,89.79175865737807,85.18463977304052,7.902395305576875,1.6577539789197104,1.3256407811992763,241.46657252280494,38.75235309764047,385.8846758780411,220.4021402885793,0.9928308004537734,0.10352789527594115,0.08988702057575268,0.3736173834862825,0.039903460835110496,0.3305314431902049,90.0,0.0,0.0,0.0,0.0,22.58164661638508,280.2189256204454,387.2103166592404,False,False,0.0,0.0,False,0.0,0,0,0,True
411,84,0.16000000000000003,77.75183207021571,87.09993326390915,89.79175865737807,84.41769617614085,7.902395305576875,1.6577539789197104,1.3148936325732228,243.16078794301185,39.007011830814214,386.1728680264291,223.09396568204824,0.9909610331261212,0.10138882411802348,0.0900390799558595,0.40640092310215914,0.033278108866749936,0.32544278743662275,89.0,0.0,0.0,0.0,0.0,22.58164661638508,282.16779977382606,387.48776165900233,False,False,0.0,0.0,False,0.0,0,0,0,True
412,84,0.16000000000000003,77.591989416106,86.95064915384748,89.79175865737807,84.08872687322474,7.902395305576875,1.6577539789197104,1.3076740494783596,244.7216978211657,39.36154033920864,386.46686670738836,225.93507518557882,0.9889067701793535,0.09904477716616844,0.09017945237906144,0.4359407228847381,0.023709974015730623,0.3217648000049852,90.0,0.0,0.0,0.0,0.0,22.58164661638508,284.0832381603743,387.7745407568667,False,False,0.0,0.0,False,0.0,0,0,0,True
413,82,0.18000000000000005,76.05343509790903,85.40004092026787,87.5936168424754,82.39470046539547,7.714243036396472,1.8649732262846743,1.322068394411203,246.15942267197838,39.245610480801815,386.34975708973474,228.12865110778634,0.9866905863992219,0.09652148713561234,0.09030561262208796,0.4666605726117668,0.03325294568697034,0.3143462021576107,90.0,0.0,0.0,0.0,0.0,22.58164661638508,285.4050331527802,387.6718254841459,False,False,0.0,0.0,False,0.0,0,0,0,True
414,82,0.18000000000000005,75.77383326663686,83.76968275113457,87.5936168424754,80.61680370903623,7.714243036396472,1.8649732262846743,1.3236238611027176,246.11339233405448,39.435215471283364,385.1801036322478,231.95258519912718,0.9843011922725566,0.09381192519804404,0.09039876386407066,0.5125561936852402,0.04068777614323148,0.30500865023860924,90.0,9.0,0.1,0.0,0.0,22.58164661638508,285.54860780533784,386.5037274933505,False,False,0.0,0.0,False,0.0,0,0,0,True
415,80,0.19999999999999996,74.066783627466,82.66067113172934,85.46722231328187,79.32589241701896,7.526090767216071,2.072192473649638,1.3122589398651319,246.45061257093383,39.42716536325779,384.52634885041715,234.75913638067973,0.9816459127013744,0.09081328530014646,0.09044876718561794,0.5531013926057151,0.03984966105097051,0.2983533296282206,90.0,9.0,0.1,0.0,0.0,22.58164661638508,285.8777779341916,385.8386077902823,False,False,0.0,0.0,False,0.0,0,0,0,True
416,79,0.20999999999999996,72.82233640988028,81.0406979770673,84.26902517594928,77.53440070149829,7.43201463262587,2.17580209733212,1.2932066176945942,246.2300122886605,39.6848923671101,383.7478955797353,237.98746357956173,0.9787585237144395,0.08756488029465033,0.09042603877025195,0.6031985901288244,0.045471518927451944,0.289556240629925,88.0,19.0,0.2159090909090909,0.0,0.0,22.58164661638508,285.9149046557706,385.0411021974299,False,False,0.0,0.0,False,0.0,0,0,0,True
417,79,0.20999999999999996,72.37235403705324,80.48067225014414,84.26902517594928,76.74396977992222,7.43201463262587,2.17580209733212,1.273106138042325,245.663726558657,40.26079107350972,382.9533253437405,241.77581650536686,0.9755814975520195,0.08400778115467614,0.09027567375724499,0.6532682015911689,0.036787879424125126,0.28368437885385067,86.0,24.0,0.27906976744186046,0.0,0.0,22.58164661638508,285.9245176321667,384.22643148178287,False,False,0.0,0.0,False,0.0,0,0,0,True
418,77,0.22999999999999998,71.08431714563447,80.444846194586,82.28930066596305,76.43820538170512,7.243862363445468,2.3830213446970836,1.2780667688660765,246.07491311515167,40.46068992359428,382.7874274374558,243.62027097674394,0.9721458282517721,0.08017459484701606,0.08999819681690903,0.680346957486542,0.02465283830274621,0.28173044361207034,84.0,16.0,0.19047619047619047,0.0,0.0,22.58164661638508,286.53560303874593,384.0654942063219,False,False,0.0,0.0,False,0.0,0,0,0,True
419,76,0.24,70.07940119897467,79.19681126066905,81.19249010410732,74.97897217083056,7.149786228855268,2.4866309683795658,1.2716624433018753,246.0186902013185,40.75256084360124,382.33841049104353,245.61594982018218,0.9686329445789695,0.07625528254533423,0.08970557234986079,0.7138039883263556,0.03143027979029979,0.27601376101287195,85.0,22.0,0.25882352941176473,0.0,0.0,22.58164661638508,286.7712510449197,383.6100729343454,False,False,0.0,0.0,False,0.0,0,0,0,True
420,76,0.24,69.84469820734326,78.79525928871278,81.19249010410732,74.31905365514059,7.149786228855268,2.4866309683795658,1.2674371864043026,245.53835695788342,41.299501609618304,382.0629309987547,248.0131806355767,0.9650109189705995,0.07221602298080806,0.08937455512983827,0.7469762378011071,0.02560232613366663,0.2725808776685331,86.0,35.0,0.4069767441860465,0.0,0.0,22.58164661638508,286.8378585675017,383.33036818515905,False,False,0.0,0.0,False,0.0,0,0,0,True
421,76,0.24,69.6552160424321,78.85427991143837,81.19249010410732,74.08686106915307,7.149786228855268,2.4866309683795658,1.257474782045068,239.23187438665332,41.97093117417095,382.03884578237813,250.35139082824563,0.961281242445849,0.06805838411522133,0.0890135260303469,0.774167745383261,0.01602880829951098,0.27068971284131454,87.0,39.0,0.4482758620689655,0.0,0.0,19.12053471703612,281.2028055608243,383.2963205644232,False,False,0.0,0.0,False,0.0,1,1,0,True
422,75,0.25,67.66630620934791,77.22086505943139,80.18190959453187,72.26577263224806,7.055710094265066,2.5902405920620475,1.261711655692597,238.74619032481343,39.543649279901324,380.6698851596477,253.31243536334608,0.9575103742093869,0.06385053768972715,0.08868721074190175,0.8151784738472717,0.030984794935329997,0.2631115500957562,86.0,86.0,1.0,0.0,0.0,19.12053471703612,278.28983960471476,381.9315968153403,False,False,0.0,0.0,False,0.0,0,0,0,True
423,73,0.27,66.29017316960794,76.27106795294996,78.23502687811893,71.08504287650977,6.867557825084664,2.7974598394270114,1.2552980517549297,238.417071233329,37.15988071834862,378.9444386536301,255.27639428851506,0.9537119678469894,0.059587417658490495,0.08855661291335903,0.8470447520260374,0.0325499395923696,0.2588178121458295,84.0,84.0,1.0,0.0,0.0,19.12053471703612,275.57695195167764,380.199736705385,False,False,0.0,0.0,False,0.0,0,0,0,True
424,73,0.27,65.94099651517965,76.24782158560075,78.23502687811893,70.76267719972842,6.867557825084664,2.7974598394270114,1.2460518784447103,227.77272103550445,34.791712317668136,377.39040853278186,257.26359958103325,0.9498775064950076,0.055263215754379445,0.0885865168288593,0.8728605839504849,0.02196990265292316,0.2573244087943809,81.0,81.0,1.0,0.0,0.0,12.920681192681233,262.5644333531726,378.63646041122655,False,False,0.0,0.0,False,0.0,2,2,0,True
425,72,0.28,65.84323798935041,76.6203657722834,77.2511983404097,70.80467316449902,6.773481690494464,2.901069463109493,1.239330668830371,227.39150660454035,32.42833895518619,376.0146017790928,257.8944321491595,0.9460984425568876,0.050981105205584076,0.0887497691897758,0.881065278530146,0.009978490558812914,0.2580138184556901,84.0,84.0,1.0,0.0,0.0,12.920681192681233,259.81984555972656,377.25393244792315,False,False,0.0,0.0,False,0.0,0,0,0,True
426,71,0.29000000000000004,64.90202383084664,75.94117940814826,76.05300120307714,69.87786776898209,6.679405555904263,3.0046790867919753,1.2335961976620313,227.0090414181374,30.430595081192095,375.1043944826913,258.00625394408837,0.9424058376735969,0.046780567293530084,0.08901845126546919,0.8925767110985129,0.015822273062037664,0.25578574043210006,85.0,85.0,1.0,0.0,0.0,12.920681192681233,257.4396364993295,376.33799068035336,False,False,0.0,0.0,False,0.0,0,0,0,True
427,71,0.29000000000000004,64.79518274760208,76.15249165121777,76.05300120307714,69.78203927557011,6.679405555904263,3.0046790867919753,1.2270821310695585,226.62965001550597,28.613050375504237,374.35329135445954,257.90676349594776,0.938824384607865,0.042701624837735985,0.08927768115175473,0.8977597266505338,0.008356494612612824,0.25641354127564936,84.0,84.0,1.0,0.0,0.0,12.920681192681233,255.2427003910102,375.5803734855291,False,False,0.0,0.0,False,0.0,0,0,0,True
428,71,0.29000000000000004,64.75518672379002,76.45418043553775,76.05300120307714,69.77907932391491,6.679405555904263,3.0046790867919753,1.2241701942448215,226.28378624881034,26.80120159782694,373.50141833920696,257.50558426348715,0.9353732477281096,0.038769200962100306,0.08951101750540759,0.8968456863254977,0.0084692065689209,0.25763099521294774,84.0,84.0,1.0,0.0,0.0,12.920681192681233,253.0849878466373,374.7255885334518,False,False,0.0,0.0,False,0.0,0,0,0,True
429,71,0.29000000000000004,64.73702141318796,76.77106795411984,76.05300120307714,69.80134701209235,6.679405555904263,3.0046790867919753,1.2330911808524512,225.98371034913126,24.994247201483915,372.7062802399647,256.7875175124445,0.9320758086845677,0.03501088103626364,0.08971921384880925,0.8909960927750802,0.011227206394967397,0.2592326770903842,83.0,83.0,1.0,0.0,0.0,12.920681192681233,250.97795755061517,373.93937142081717,False,False,0.0,0.0,False,0.0,0,0,0,True
430,71,0.29000000000000004,64.72598288593176,77.09722514515305,76.05300120307714,69.85202914868242,6.679405555904263,3.0046790867919753,1.2406703751775643,208.5467081336082,23.19130538032173,372.11775018949834,255.74329357036856,0.9290682777893065,0.031573439996830176,0.0899627405120523,0.881094512154118,0.012891573447520743,0.26120421774668473,84.0,84.0,1.0,0.0,0.0,2.6056704398625987,231.73801351392993,373.3584205646759,False,False,0.0,0.0,False,0.0,3,3,0,True
431,71,0.29000000000000004,64.72280242842267,77.44372221641387,76.05300120307714,69.94250919203947,6.679405555904263,3.0046790867919753,1.2457810104845182,208.06037681051035,21.391244980245563,372.0520937946908,254.35257255703183,0.9263794227121986,0.0284871713324109,0.09026699426688523,0.8675707846477995,0.013767478628573488,0.26360041782564414,89.0,89.0,1.0,0.0,0.0,2.6056704398625987,229.45162179075592,373.2978748051753,False,False,0.0,0.0,False,0.0,0,0,0,True
432,72,0.28,65.67049421019468,78.60801518020169,77.2511983404097,70.78900298727272,6.773481690494464,2.901069463109493,1.1679556344046091,196.21429607073068,19.574493530415968,346.81702937321296,252.9957557172398,0.9239789253927565,0.025720741952551474,0.0906143154091127,0.8441028552168005,0.020419702134459296,0.26867796264014776,89.0,89.0,1.0,0.0,0.0,20.87909910045705,215.78878960114665,347.9849850076176,False,True,25.029426426469364,0.06710042738091947,False,0.0,2,2,0,True
433,73,0.27,68.01133797998702,97.46135479424984,78.32668638515162,87.5404655829612,6.867557825084665,2.7974598394270114,1.276632338670554,209.92520907616986,21.228898681532954,362.0195151849239,233.86108730814152,0.9218646020063608,0.0232759595095539,0.09097794265734001,0.5659777777654196,0.2549362055974246,0.34488106159767834,96.0,0.0,0.0,0.0,0.0,20.87909910045705,231.15410775770283,363.2961475235944,False,False,0.0,0.0,False,0.0,0,0,0,True
434,80,0.19999999999999996,75.13308084106511,100.43614512557164,85.6153239350516,90.05640838344827,7.526090767216071,2.072192473649638,1.3666111397755332,219.33948621080702,20.345567693370025,369.3401235191316,219.04026611762148,0.920425574715954,0.02162882648900568,0.09112755540629447,0.3825858058865221,0.1866994231511742,0.3725821797304857,89.0,0.0,0.0,0.0,0.0,20.87909910045705,239.68505390417704,370.7067346589072,False,False,0.0,0.0,False,0.0,0,0,0,True
435,83,0.17000000000000004,77.96231924328266,101.29536261434664,88.8728376548353,90.75783408515244,7.808319170986674,1.7613636026021924,1.390624452122647,226.76799181756644,19.656126002223573,374.4311041747698,206.61774115811016,0.9197423170965899,0.020857866288104886,0.09107120418870394,0.2541933963708194,0.12320032609612937,0.39334433637325567,86.0,0.0,0.0,0.0,0.0,20.87909910045705,246.42411781979,375.8217286268925,False,False,0.0,0.0,False,0.0,0,0,0,True
436,89,0.10999999999999999,83.31895435048382,103.27298864917907,95.60735644394416,92.53174293415712,8.372775978527878,1.139705860507301,1.51462996111769,225.16057761678366,19.36258953270072,375.8491395219072,198.95210895287528,0.9196631985708071,0.02078577043518599,0.09086447800865938,0.16596892071297936,0.09783227977145921,0.4125608350774298,85.0,0.0,0.0,0.0,0.0,17.427899211679915,244.52316714948438,377.3637694830249,False,False,0.0,0.0,False,0.0,1,1,0,True
437,91,0.08999999999999997,84.58733437474805,96.20103017619414,97.75833253342793,86.2379717271506,8.56092824770828,0.9324866131423372,1.5357575307087332,221.62841688505424,17.154878689445937,370.14282765867813,200.50941131010904,0.9199917642441935,0.021173155081436867,0.09065842668741222,0.17589927883515682,0.011094267660285258,0.38715235619272204,88.0,88.0,1.0,0.0,0.0,17.427899211679915,238.7832955745002,371.67858518938687,False,False,0.0,0.0,False,0.0,0,0,0,True
438,89,0.10999999999999999,81.65057620618856,94.46229154917535,95.60735644394416,84.71192543554531,8.372775978527878,1.139705860507301,1.508274471152746,219.37212169241883,14.984649874404443,367.0256280604031,201.65447620487788,0.9202642695160478,0.021487460041845784,0.09054986239946314,0.1897402858926967,0.025044820678258146,0.3803880478801274,87.0,87.0,1.0,0.0,0.0,17.427899211679915,234.35677156682328,368.53390253155584,False,False,0.0,0.0,False,0.0,0,0,0,True
439,89,0.10999999999999999,81.20525741284163,94.0510150805977,95.60735644394416,84.36602925435372,8.372775978527878,1.139705860507301,1.493020915080177,217.1846735049611,12.822133671371573,364.5736502204269,203.21081756822434,0.9204722545451889,0.02172150820897232,0.09050648238508903,0.20417332958174028,0.02061546565598719,0.3773639517248511,89.0,89.0,1.0,0.0,0.0,17.427899211679915,230.00680717633267,366.0666711355071,False,False,0.0,0.0,False,0.0,0,0,0,True
440,89,0.10999999999999999,81.08265104055005,93.88344655363959,95.60735644394416,84.2284941580485,8.372775978527878,1.139705860507301,1.50192625606795,214.96494731803892,10.662416320069475,362.17646586895387,204.93472745852893,0.9206091600589209,0.021868074486983025,0.09052736790208336,0.21740504596800964,0.01523208037595856,0.3749481455566433,87.0,87.0,1.0,0.0,0.0,17.427899211679915,225.6273636381084,363.67839212502184,False,False,0.0,0.0,False,0.0,0,0,0,True
441,89,0.10999999999999999,81.0531084506635,93.83389307677567,95.60735644394416,84.18717088888347,8.372775978527878,1.139705860507301,1.5258701238201169,212.70634124798121,8.503420177749287,359.8018342588466,206.7081908256974,0.9206791464856238,0.021932009320571,0.0906118425422911,0.22902387006522776,0.010520791722111488,0.37290389005453894,86.0,86.0,1.0,0.0,0.0,17.427899211679915,221.2097614257305,361.32770438266675,False,False,0.0,0.0,False,0.0,0,0,0,True
442,89,0.10999999999999999,82.38744216953347,95.35473904549384,95.60735644394416,85.54586067886314,8.372775978527878,1.139705860507301,1.628719586184526,210.50811627047193,8.63786711889041,358.175982480464,206.96080822414774,0.9206892105133727,0.021921500202595933,0.09075805503727832,0.22332829502996493,0.009122362581624155,0.3782385129981594,89.0,44.0,0.4943820224719101,0.0,0.0,17.427899211679915,219.14598338936233,359.8047020666485,False,False,0.0,0.0,False,0.0,0,0,0,True
443,89,0.10999999999999999,82.58004855771946,96.9335007292563,95.60735644394416,86.95637078453414,8.372775978527878,1.139705860507301,1.7098833064525272,209.4641609943654,8.642082838477053,356.5875879132892,205.63466393883562,0.920738345262102,0.021945936681147703,0.09098806110555982,0.20294276174759845,0.022367852385636405,0.3861963769405423,91.0,34.0,0.37362637362637363,0.0,0.0,17.427899211679915,218.10624383284244,358.29747121974174,False,False,0.0,0.0,False,0.0,0,0,0,True
444,89,0.10999999999999999,82.51879433350557,97.70967850350145,95.60735644394416,87.65445397350277,8.372775978527878,1.139705860507301,1.73462980595465,209.10318976707714,8.488458306622821,355.74062362003724,203.53234187927828,0.9208990956438363,0.022087636833907975,0.09129863245630568,0.17845826531079062,0.02228513052679707,0.3928839986146428,93.0,25.0,0.26881720430107525,0.0,0.0,17.427899211679915,217.59164807369996,357.47525342599187,False,False,0.0,0.0,False,0.0,0,0,0,True
445,90,0.09999999999999998,83.12915146699183,98.09979308156369,96.68284448868604,88.01612714634877,8.46685211311808,1.036096236824819,1.7215300802862634,202.8350499382787,8.252652861101632,354.66312737537896,202.11539328640066,0.9211892799180577,0.022367618618467144,0.09168254394313967,0.15986268486110383,0.018115884253151884,0.39694748185981,96.0,26.0,0.2708333333333333,0.0,0.0,14.053923020675715,211.08770279938034,356.3846574556652,False,False,0.0,0.0,False,0.0,1,1,0,True
446,90,0.09999999999999998,81.19438750274219,94.24214769786677,96.47875111561518,84.57209933347471,8.46685211311808,1.036096236824819,1.6459222660806183,194.75658252785183,6.251685300622521,353.6855657638641,204.35199670414906,0.9215671290551773,0.022739156193376873,0.09214022335370198,0.18553277546445862,0.028413675387619342,0.3801029253015576,95.0,95.0,1.0,0.0,0.0,10.608471819583011,201.00826782847435,355.3314880299447,False,False,0.0,0.0,False,0.0,1,1,0,True
447,89,0.10999999999999999,81.43566116631868,94.95669846128492,95.60735644394416,85.21763222950618,8.372775978527878,1.139705860507301,1.6607921925763873,192.75198881637453,4.843319276443006,353.463265843181,205.0026546868083,0.9217787562537391,0.022934168021325994,0.09250399030846387,0.19148943613127054,0.01145805414925977,0.3821421823315575,95.0,95.0,1.0,0.0,0.0,10.608471819583011,197.59530809281753,355.12405803575734,False,False,0.0,0.0,False,0.0,0,0,0,True
448,89,0.10999999999999999,82.1130280531439,95.82058644883732,95.60735644394416,85.9916045980147,8.372775978527878,1.139705860507301,1.6969201203932078,190.8271760631525,3.422998275206352,352.91778642051327,204.78942468191508,0.9219487967442493,0.02307947767351637,0.09289627954178017,0.18726910838588634,0.003798522009261065,0.3859824766638889,95.0,95.0,1.0,0.0,0.0,10.608471819583011,194.25017433835885,354.61470654090647,False,False,0.0,0.0,False,0.0,0,0,0,True
449,89,0.10999999999999999,82.33633431361072,96.10307285337782,95.60735644394416,86.2434628310836,8.372775978527878,1.139705860507301,1.7344482669182746,188.89575268692596,2.2224837613898676,352.2670985960884,204.29370827248144,0.9221282114756333,0.023232993421844504,0.09331384338933489,0.1806749362241192,0.00473676889489825,0.38835688300019017,91.0,91.0,1.0,0.0,0.0,10.608471819583011,191.11823644831583,354.00154686300664,False,False,0.0,0.0,False,0.0,0,0,0,True
450,89,0.10999999999999999,82.61178499146264,96.46021725358554,95.60735644394416,86.56347208544463,8.372775978527878,1.139705860507301,1.7611754207088146,186.96138321230248,1.3892283571013009,351.8964435328119,203.44084746284005,0.9223332796843471,0.023412689734802216,0.09376073684870986,0.17131186304614823,0.006136718138807442,0.3915120109948335,92.0,92.0,1.0,0.0,0.0,10.608471819583011,188.35061156940378,353.6576189535207,False,False,0.0,0.0,False,0.0,0,0,0,True
451,89,0.10999999999999999,82.73429037849407,96.60546538332811,95.60735644394416,86.6962660862791,8.372775978527878,1.139705860507301,1.7686102459320028,184.98122121432377,0.5543180249663878,351.0563077160099,202.44273852345606,0.9225854248624596,0.023641732885107493,0.09424669366510832,0.1616683725438663,0.0058226734515998855,0.39417164150974454,91.0,91.0,1.0,0.0,0.0,10.608471819583011,185.53553923929016,352.8249179619419,False,False,0.0,0.0,False,0.0,0,0,0,True
452,91,0.08999999999999997,83.33781826599274,97.3590517654192,97.35967234206787,87.37826681241522,8.56092824770828,0.9324866131423372,1.7322402730264304,183.01713593577628,0.0,351.0893976884056,202.44335910010474,0.9228842771553698,0.023920480820922442,0.09476494526193921,0.16347184412329124,0.010508038479878145,0.3938565692777251,93.0,93.0,1.0,0.0,0.0,10.608471819583011,183.01713593577628,352.82163796143203,False,False,0.0,0.0,False,0.0,0,0,0,True
453,89,0.10999999999999999,83.1258108448822,97.27900473157614,95.60735644394416,87.3154839452053,8.372775978527878,1.139705860507301,1.7787077076341633,181.228667782647,0.0,350.8289875282708,200.77171081247278,0.9231181024167752,0.024151629651364505,0.09505535830351572,0.14998414192892762,0.006158648889789429,0.3967587704308723,92.0,92.0,1.0,0.0,0.0,10.608471819583011,181.228667782647,352.60769523590494,False,False,0.0,0.0,False,0.0,0,0,0,True
454,89,0.10999999999999999,83.67794499766927,97.84413821012618,95.60735644394416,87.83730229826585,8.372775978527878,1.139705860507301,1.8248168223691599,173.7246389967568,0.0,350.60136728769163,198.5349290462907,0.9234166699412046,0.024453441366056983,0.09537278290412618,0.13201691675598673,0.009302872337470052,0.40272641131853426,92.0,92.0,1.0,0.0,0.0,7.217990291987668,173.7246389967568,352.4261841100608,False,False,0.0,0.0,False,0.0,1,1,0,True
455,90,0.09999999999999998,84.66852113118078,98.9732515976678,96.79491774927138,88.87351788374619,8.46685211311808,1.036096236824819,1.8449220196933567,171.75757276448107,0.0,349.995288669628,196.3565951978943,0.9238012009313611,0.024850078904444815,0.09571555852674814,0.11071431287544145,0.01737336630403623,0.41042127251682603,92.0,92.0,1.0,0.0,0.0,7.217990291987668,171.75757276448107,351.84021068932134,False,False,0.0,0.0,False,0.0,0,0,0,True
456,94,0.06000000000000005,86.38046322688261,100.72099497727123,100.56155491600329,90.47438581368309,8.843156651478882,0.6216577420948914,1.8028619376383872,169.6179134198663,0.0,351.97666070555647,196.19715513662638,0.924282012056671,0.025348611967460345,0.09610216228093389,0.10516127150910495,0.02878863151748475,0.41344163046707416,98.0,98.0,1.0,0.0,0.0,7.217990291987668,169.6179134198663,353.77952264319487,False,False,0.0,0.0,False,0.0,0,0,0,True
457,91,0.08999999999999997,85.42393624882477,99.75806277037455,97.77874628698059,89.6489317658949,8.56092824770828,0.9324866131423372,1.8193313204290205,167.59847916357606,0.0,350.7236953808191,194.2178386532324,0.9247496994293412,0.02585491828893669,0.09629118786696102,0.08979258827065757,0.008654329694250831,0.41405322541446676,94.0,94.0,1.0,0.0,0.0,7.217990291987668,167.59847916357606,352.5430267012481,False,False,0.0,0.0,False,0.0,0,0,0,True
458,94,0.06000000000000005,87.16683983244688,101.55571829085024,100.86819499487783,91.31329473504861,8.843156651478882,0.6216577420948914,1.8204377108012868,165.47525613360335,0.0,351.8735856803173,193.53031535725998,0.9253135394269068,0.026463330672592413,0.09652249339751327,0.07898840412011401,0.023597885264203776,0.41995622853746095,97.0,97.0,1.0,0.0,0.0,7.217990291987668,165.47525613360335,353.6940233911186,False,False,0.0,0.0,False,0.0,0,0,0,True
459,93,0.06999999999999995,87.02118617090811,101.30230262774569,99.8022335049176,91.14078098772444,8.749080516888682,0.7252673657773733,1.8740872120899397,163.32771903738447,0.0,351.3779620236193,192.03024623443187,0.9259084281979606,0.027111079957222818,0.0967025476171878,0.06791834811628017,0.012591803788222061,0.420764329738572,94.0,94.0,1.0,0.0,0.0,7.217990291987668,163.32771903738447,353.25204923570925,False,False,0.0,0.0,False,0.0,0,0,0,True
460,96,0.040000000000000036,88.69480990544854,102.95279972178544,103.1194399861154,92.68922062608871,9.031308920659285,0.4144384947299276,1.7761490437880394,160.89077236115912,0.0,352.6416186827912,192.1968864987618,0.9265431720528721,0.027808092468475064,0.09682748738548423,0.059105893495624985,0.02455175056247156,0.42544782703402373,98.0,98.0,1.0,0.0,0.0,7.217990291987668,160.89077236115912,354.41776772657926,False,False,0.0,0.0,False,0.0,0,0,0,True
461,97,0.030000000000000027,90.53395766499398,104.77730264036805,104.27153253238134,94.39717426943686,9.125385055249486,0.3108288710474457,1.8873136534261081,158.4951367145285,0.0,354.23658376075474,191.6911163907751,0.9271846990222983,0.028513298122345977,0.09695820311877328,0.04233337664089954,0.03378947461224689,0.43191269502531976,96.0,96.0,1.0,0.0,0.0,7.217990291987668,158.4951367145285,356.1238974141809,False,False,0.0,0.0,False,0.0,0,0,0,True
462,100,0.0,92.88745921670505,107.08875181825977,107.29607370511218,96.54977703665736,9.407613459020087,0.0,1.9191003906128696,155.80170548839115,0.0,356.4797940290407,191.89843827762752,0.9278691756595208,0.02926358652483436,0.09712581033503764,0.029143752762789223,0.04418020654714779,0.43796791863136086,97.0,97.0,1.0,0.0,0.0,7.217990291987668,155.80170548839115,358.3988944196536,False,False,0.0,0.0,False,0.0,0,0,0,True
463,99,0.010000000000000009,92.98833011970606,107.13283192931627,106.15350771362785,96.66635094803843,9.313537324429888,0.1036096236824819,1.9920280198788587,153.10434271267732,0.0,356.95654480165643,190.9191140619391,0.9285864589495306,0.03005761480584186,0.09723617210920774,0.01629472301838413,0.02868048760395933,0.4388045432046549,95.0,95.0,1.0,0.0,0.0,7.217990291987668,153.10434271267732,358.94857282153527,False,False,0.0,0.0,False,0.0,0,0,0,True
464,100,0.0,93.26024627235972,107.45998227227253,107.2523109971614,97.04840924012476,9.407613459020089,0.0,1.9566498461318875,150.3668014232785,0.0,357.74038735446254,190.71144278682797,0.9293615513807836,0.030924439055017294,0.09727289935530338,0.009421677461749484,0.021622008502868596,0.43944830857587264,95.0,95.0,1.0,0.0,0.0,7.217990291987668,150.3668014232785,359.6970372005944,False,False,0.0,0.0,False,0.0,0,0,0,True
465,99,0.010000000000000009,93.04891417878558,107.45604058024848,106.15350771362785,97.13634600299595,9.313537324429888,0.1036096236824819,1.6142342087532133,147.55981490343868,0.0,358.27714985669996,189.40890992020738,0.9301557241463598,0.0318188357775588,0.09725582248292475,0.00015723203980626683,0.014015841411742544,0.4410120117428997,95.0,95.0,1.0,0.0,0.0,7.217990291987668,147.55981490343868,359.89138406545317,False,False,0.0,0.0,False,0.0,0,0,0,True
466,100,0.0,93.53222603344727,107.37621423926603,107.35170485096043,97.16262073817335,9.407613459020089,0.0,1.7385493617125594,144.718658379168,0.0,358.7653533531159,189.38440053190175,0.9309846521570962,0.032759719482595796,0.09716855420878275,-0.002610582385100932,0.008483389817130198,0.4407434311472004,95.0,95.0,1.0,0.0,0.0,7.217990291987668,144.718658379168,360.5039027148285,False,False,0.0,0.0,False,0.0,0,0,0,True
467,100,0.0,93.5293866888431,107.3743289161723,107.35170485096043,97.25920590821707,9.407613459020089,0.0,1.8156348010148602,141.87553586552508,0.0,359.32640745840655,189.36177646668986,0.9318092475575275,0.033699226377677194,0.09704777933439528,-0.004476907872601561,0.0056622202715005485,0.4409137732130427,95.0,95.0,1.0,0.0,0.0,7.217990291987668,141.87553586552508,361.14204225942143,False,False,0.0,0.0,False,0.0,0,0,0,True
468,100,0.0,93.54786584459056,107.37409784650966,107.35170485096043,97.35635234963256,9.407613459020089,0.0,1.865921567802571,139.0300865161261,0.0,359.89739500237914,189.33938347114065,0.9326236714060816,0.03463044294538682,0.09689719485069609,-0.005826110636421089,0.003862378861334717,0.44127118353419786,93.0,93.0,1.0,0.0,0.0,7.217990291987668,139.0300865161261,361.7633165701817,False,False,0.0,0.0,False,0.0,0,0,0,True
469,99,0.010000000000000009,93.09939704061308,106.7671248593191,106.15350771362785,96.90132287008777,9.313537324429888,0.1036096236824819,1.9164445318084886,136.11454212921797,0.0,359.9236087135778,188.7257663254494,0.9334244773975812,0.03554908565437662,0.09672142609006093,-0.00596464188484625,0.003970480786931201,0.44012141600513816,94.0,94.0,1.0,0.0,0.0,7.217990291987668,136.11454212921797,361.8400532453863,False,False,0.0,0.0,False,0.0,0,0,0,True
470,100,0.0,93.54358220952287,107.16931879455183,107.13733625133708,97.36228854255607,9.407613459020089,0.0,1.9660181750161947,133.16878986231364,0.0,360.809500040747,188.6937837822346,0.9342036361604237,0.03644979792779481,0.09648712583580574,-0.00424173472149173,0.0028958866963479926,0.44075947845842894,94.0,94.0,1.0,0.0,0.0,7.217990291987668,133.16878986231364,362.7755182157632,False,False,0.0,0.0,False,0.0,0,0,0,True
471,100,0.0,93.61013547717712,107.16728364670658,107.13733625133708,97.45554866950577,9.407613459020089,0.0,1.98458116146156,130.1625818143721,0.0,361.3714106817338,188.6638363868651,0.9349432006018026,0.03731467841908716,0.0961912288325178,-0.0025258876786810242,0.0031686296080677507,0.4402518759158419,94.0,94.0,1.0,0.0,0.0,7.217990291987668,130.1625818143721,363.35599184319534,False,False,0.0,0.0,False,0.0,0,0,0,True
472,100,0.0,93.62367648546146,107.20131307402627,107.13733625133708,97.58052642470987,9.407613459020089,0.0,1.9850073347056894,127.19238753728064,0.0,361.9640011984149,188.59985956417586,0.9356435428157633,0.03814337863137847,0.09584007958561946,-0.0012188683742086898,0.0034127508957524123,0.4400692303028236,95.0,95.0,1.0,0.0,0.0,7.217990291987668,127.19238753728064,363.9490085331206,False,False,0.0,0.0,False,0.0,0,0,0,True
473,99,0.010000000000000009,93.13537324429888,106.71137817231615,106.15350771362785,97.226994644272,9.313537324429888,0.1036096236824819,1.997026076544233,124.30242942178413,0.0,362.07800510770346,188.04198910548757,0.9363075765848864,0.03893828075522123,0.09544107617664835,-0.001811639782379229,0.005189590245411089,0.43939189678235097,93.0,93.0,1.0,0.0,0.0,7.217990291987668,124.30242942178413,364.0750311842477,False,False,0.0,0.0,False,0.0,0,0,0,True
474,100,0.0,93.56632120903497,107.11094018602601,107.35170485096043,97.6831024678236,9.407613459020089,0.0,1.9537059245905826,121.3367573557628,0.0,362.9467866353887,188.282753770422,0.9369538014999647,0.03971639438715371,0.09501174570017105,-0.0023498572367817495,0.0037979106206830968,0.44089761772920105,95.0,95.0,1.0,0.0,0.0,7.217990291987668,121.3367573557628,364.9004925599793,False,False,0.0,0.0,False,0.0,0,0,0,True
475,99,0.010000000000000009,93.13537324429888,106.54575930095709,106.15350771362785,97.25599712118847,9.313537324429888,0.1036096236824819,1.9806665887203518,118.37917697864216,0.0,362.9653139257141,187.8905021830927,0.9375890395978501,0.04048006942608788,0.09459877697069612,-0.002399309985504361,0.005739885687854692,0.43979037436349266,93.0,93.0,1.0,0.0,0.0,7.217990291987668,118.37917697864216,364.94598051443444,False,False,0.0,0.0,False,0.0,0,0,0,True
476,100,0.0,93.57989324217615,106.89750373640803,107.13733625133708,97.66515676394273,9.407613459020089,0.0,1.9763486168042794,115.30813074608398,0.0,363.75465316090344,188.13033469802178,0.9382152489443643,0.04123465858262112,0.09416946021557092,-0.00029360292354967956,0.004090104886514509,0.44019398499895485,94.0,94.0,1.0,0.0,0.0,7.217990291987668,115.30813074608398,365.7310017777077,False,False,0.0,0.0,False,0.0,0,0,0,True
477,99,0.010000000000000009,93.13537324429888,106.37551375470841,106.15350771362785,97.2744941540586,9.313537324429888,0.1036096236824819,1.9566174068738933,112.20748007176805,0.0,363.76986606688945,187.9083286569412,0.9388165764134457,0.04196426770141082,0.09371977483998316,0.00011971224418053095,0.005810441312383512,0.4389629172832129,94.0,94.0,1.0,0.0,0.0,7.217990291987668,112.20748007176805,365.7264834737633,False,False,0.0,0.0,False,0.0,0,0,0,True
478,100,0.0,93.56442338765984,106.7986938834023,107.13733625133708,97.74674488924038,9.407613459020089,0.0,1.9628328118240637,109.12643303699578,0.0,364.58519741452324,188.246971024876,0.9394076464603446,0.04268177559208399,0.09326763277850242,0.002083747779981354,0.004178050222981853,0.4395330275889548,94.0,94.0,1.0,0.0,0.0,7.217990291987668,109.12643303699578,366.5480302263473,False,False,0.0,0.0,False,0.0,0,0,0,True
479,99,0.010000000000000009,93.13537324429888,106.20487302425715,106.15350771362785,97.28630994364109,9.313537324429888,0.1036096236824819,1.98553342785647,105.96224506554495,0.0,364.49921619053634,188.19560571424665,0.9399766880523949,0.04337581466762126,0.09280896543226781,0.0030401129672436578,0.005977754221711691,0.437798942301283,94.0,94.0,1.0,0.0,0.0,7.217990291987668,105.96224506554495,366.4847496183928,False,False,0.0,0.0,False,0.0,0,0,0,True
480,100,0.0,93.54278460460259,106.63289060976344,107.35170485096043,97.75965014061266,9.407613459020089,0.0,1.952562977712825,102.75755210667725,0.0,365.2761594033823,188.91441995544363,0.9405336552105462,0.04405415952354337,0.09236123784171789,0.003762107696617617,0.00402175067426723,0.43871659668402696,96.0,96.0,1.0,0.0,0.0,7.217990291987668,102.75755210667725,367.2287223810951,False,False,0.0,0.0,False,0.0,0,0,0,True
481,99,0.010000000000000009,93.13537324429888,106.1153087832685,106.15350771362785,97.36143235089482,9.313537324429888,0.1036096236824819,1.9870623287307274,99.55893221024158,0.0,365.212696236924,188.95261888580296,0.9410847961726698,0.04471874512814189,0.09197127701904369,0.004607902390246432,0.00564074667901278,0.4371088028424606,94.0,94.0,1.0,0.0,0.0,7.217990291987668,99.55893221024158,367.1997585656547,False,False,0.0,0.0,False,0.0,0,0,0,True
482,100,0.0,93.55062486107775,106.46167488340647,107.13733625133708,97.7534094123204,9.407613459020089,0.0,1.9853198688246623,96.24937523519162,0.0,365.8758861312947,189.62828025373355,0.9416260663442848,0.045368822323826885,0.09160436878741574,0.007811498946374546,0.0037107543556312477,0.43686604281863106,95.0,95.0,1.0,0.0,0.0,7.217990291987668,96.24937523519162,367.86120600011935,False,False,0.0,0.0,False,0.0,0,0,0,True
483,99,0.010000000000000009,93.13537324429888,105.88413867707345,106.15350771362785,97.2936985933963,9.313537324429888,0.1036096236824819,2.0070747436200014,92.8462618504036,0.0,365.71033977077207,189.89764929028792,0.9421400057239809,0.045987059031823804,0.09125217742029741,0.009889051118868153,0.0059907588354479804,0.43466231303249836,94.0,94.0,1.0,0.0,0.0,7.217990291987668,92.8462618504036,367.7174145143921,False,False,0.0,0.0,False,0.0,0,0,0,True
484,100,0.0,93.68462599005427,106.446598682564,107.29607370511218,97.87805918400498,9.407613459020087,0.0,2.0007199132754208,89.39483144570718,0.0,366.5198627463046,190.74712431283606,0.9426372361838198,0.04658221265451736,0.09093118322953597,0.011498032737606434,0.0039345009713261025,0.43531224774991467,95.0,95.0,1.0,0.0,0.0,7.217990291987668,89.39483144570718,368.52058265958004,False,False,0.0,0.0,False,0.0,0,0,0,True
485,99,0.010000000000000009,93.13537324429888,106.84955481266037,106.15350771362785,98.31223844604939,9.313537324429888,0.1036096236824819,2.0111375125907633,86.8683078820662,0.0,364.637806725259,190.05107721380352,0.9431246853227023,0.047158049055125814,0.0906720770395564,0.004727389805657322,0.0061590525594718195,0.43804680325078615,93.0,42.0,0.45161290322580644,0.0,0.0,7.217990291987668,86.8683078820662,366.6489442378498,False,False,0.0,0.0,False,0.0,0,0,0,True
486,100,0.0,93.709267691423,107.56119949511641,107.1640882232033,99.03365808288962,9.407613459020089,0.0,2.00120848382596,84.4303540874058,0.18248084483005478,363.87125403018246,189.65396594189045,0.9436559695706304,0.04777704380881724,0.0904588217098495,-0.002100790675356251,0.010631739112461704,0.44119895337170145,94.0,37.0,0.39361702127659576,0.0,0.0,7.217990291987668,84.61283493223586,365.8724625140084,False,False,0.0,0.0,False,0.0,0,0,0,True
487,99,0.010000000000000009,92.8568349944282,108.59178868972614,106.15350771362785,100.05260333445342,9.313537324429888,0.1036096236824819,1.9964605829597342,83.81295736224762,0.1507355771242499,364.68184919732164,187.21568496579215,0.9442323275877648,0.048441515023340334,0.09029935570874693,-0.021737078358988842,0.016667891504044463,0.4491951666812753,97.0,23.0,0.23711340206185566,0.0,0.0,7.217990291987668,83.96369293937187,366.6783097802814,False,False,0.0,0.0,False,0.0,0,0,0,True
488,100,0.0,93.52677559861324,108.86508812354099,107.1640882232033,100.38612642949624,9.407613459020089,0.0,1.9857057552366566,82.85091897062202,0.7439809206100355,365.61461769277014,185.51468506545447,0.9449377436691464,0.04924316574124728,0.09019858184228643,-0.03618993773827448,0.013408978250701531,0.4535326814806148,96.0,22.0,0.22916666666666666,0.0,0.0,7.217990291987668,83.59489989123206,367.6003234480068,False,False,0.0,0.0,False,0.0,0,0,0,True
489,99,0.010000000000000009,92.95968898531288,109.50829255299882,106.15350771362785,101.06999354562075,9.313537324429888,0.1036096236824819,1.9946278673062245,83.13159721361096,0.6713436046677215,366.930398902304,182.1599002260835,0.9457423957771836,0.050150035495401625,0.09015713668409525,-0.059604863176246595,0.014698162029625029,0.4622983177883511,98.0,16.0,0.16326530612244897,0.0,0.0,7.217990291987668,83.80294081827869,368.9250267696102,False,False,0.0,0.0,False,0.0,0,0,0,True
490,100,0.0,93.61020882703053,109.61950988959987,107.1640882232033,101.27746616473179,9.407613459020089,0.0,1.9931453433629749,82.97372386307592,1.2239458091781736,368.1775821891014,179.70447855968692,0.9466980639360913,0.051218579679531404,0.09017570555302015,-0.07673760402142461,0.010558284457808676,0.46789375497975944,95.0,18.0,0.18947368421052632,0.0,0.0,7.217990291987668,84.1976696722541,370.17072753246435,False,False,0.0,0.0,False,0.0,0,0,0,True
491,99,0.010000000000000009,92.99067794825417,109.69643906059045,106.15350771362785,101.4636578956876,9.313537324429888,0.1036096236824819,2.00356328907739,83.62088814338442,1.0973295251402937,369.31195583447266,176.16154721272434,0.9477671545741858,0.052408338773018356,0.09025280444760377,-0.09849269224945456,0.007545128167302293,0.4755853386948595,97.0,14.0,0.14432989690721648,0.0,0.0,7.217990291987668,84.71821766852472,371.31551912355,False,False,0.0,0.0,False,0.0,0,0,0,True
492,100,0.0,93.7181113485428,109.40236303359715,107.03442894008052,101.31895172000209,9.407613459020089,0.0,2.0022606848835807,83.40608190169674,1.0829772774948365,369.6329493197722,173.79361311920766,0.948971963213865,0.053743259621443794,0.09038496831690865,-0.10937897328809085,0.0031480155445838764,0.47884825696039474,98.0,19.0,0.19387755102040816,0.0,0.0,7.217990291987668,84.48905917919157,371.6352100046558,False,False,0.0,0.0,False,0.0,0,0,0,True
493,100,0.0,93.54705636445468,109.41920302970014,107.03442894008052,101.47008249842622,9.407613459020089,0.0,1.9966715058235016,83.50509397896309,1.3848723686855333,370.494056964866,171.40883902958805,0.9502309279467225,0.055143093122102305,0.09046766406433059,-0.1201735568647007,0.0028514124906630256,0.4834963807433718,98.0,19.0,0.19387755102040816,0.0,0.0,7.217990291987668,84.88996634764862,372.4907284706895,False,False,0.0,0.0,False,0.0,0,0,0,True
494,99,0.010000000000000009,92.94428597080356,109.3454648325937,106.15350771362785,101.54534810218313,9.313537324429888,0.1036096236824819,1.9750321300409848,84.2584276648149,1.008809728894328,371.28209927101733,168.21688191062216,0.9515488602220277,0.05661205707589991,0.09051318177160231,-0.13783307637419134,0.002643470978100067,0.49040373502508794,99.0,16.0,0.16161616161616163,0.0,0.0,7.217990291987668,85.26723739370924,373.2571314010583,False,False,0.0,0.0,False,0.0,0,0,0,True
495,100,0.0,93.53989076681695,108.75601440620898,107.1640882232033,101.14979153741344,9.407613459020089,0.0,1.9631383019549407,84.05428832924966,1.2468371640730105,371.6493391413966,166.62495572761648,0.9529672805172881,0.05818796600734601,0.09060481773051833,-0.1455274133688592,0.005118552084560262,0.4923129165975024,98.0,18.0,0.1836734693877551,0.0,0.0,7.217990291987668,85.30112549332267,373.6124774433515,False,False,0.0,0.0,False,0.0,0,0,0,True
496,100,0.0,93.51662823217497,108.71039617392346,107.1640882232033,101.2618128682906,9.407613459020089,0.0,1.9591956295484179,83.98948309823207,1.5832717413865054,372.30501679821504,165.07864777689636,0.9544243601315598,0.05980345803590022,0.09073873746780067,-0.15341433666552076,0.004061307297539301,0.4961493391887216,98.0,18.0,0.1836734693877551,0.0,0.0,7.217990291987668,85.57275483961858,374.2642124277634,False,False,0.0,0.0,False,0.0,0,0,0,True
497,100,0.0,93.54227058304922,108.54922951824737,107.1640882232033,101.26876234304679,9.407613459020089,0.0,1.9790574190627677,83.92853338056217,2.071990633871242,373.1155439368885,163.6935064818523,0.9559225563403982,0.06146109332627867,0.09091661327664109,-0.16042083797475176,0.004159218532231252,0.49939481298977506,97.0,19.0,0.1958762886597938,0.0,0.0,7.217990291987668,86.00052401443341,375.0946013559513,False,False,0.0,0.0,False,0.0,0,0,0,True
498,99,0.010000000000000009,92.9644594861867,108.67458699954574,106.15350771362785,101.54527983386369,9.313537324429888,0.1036096236824819,1.616344136412604,84.32860199983408,1.9205633093433385,374.1061799474843,161.17242719593443,0.9574583790493516,0.06315662727511913,0.09114168811025976,-0.17413284433390444,0.002323733862811953,0.5058799328967917,97.0,18.0,0.18556701030927836,0.0,0.0,7.217990291987668,86.24916530917741,375.7225240838969,False,False,0.0,0.0,False,0.0,0,0,0,True
499,100,0.0,93.69360733565486,108.4742715949346,107.03442894008052,101.5235661121965,9.407613459020089,0.0,1.809542632342629,84.55096918727446,1.8198687966204576,374.4191982329356,159.73258454108034,0.9590694664072981,0.06493098033279059,0.0914119760962498,-0.1788359689374883,0.0030007009988134844,0.5078594224085411,97.0,21.0,0.21649484536082475,0.0,0.0,7.217990291987668,86.37083798389492,376.22874086527827,False,False,0.0,0.0,False,0.0,0,0,0,True
