,Employment,UnemploymentRate,WageBill,Output,Production,Consumption,Transfers,UnemploymentTransfers,HH_Deposit,HH_Debt,Firm_Debt,Firm_Cash,Inventories,AvgPrice,AvgMarkup,PriceDispersion,InventoryGap,SalesForecastError,InventoryTurnover,CreditRequests,CreditRejections,CreditRejectionRate,FirmDowntimeShare,ReentryCount,Bank_Equity,Bank_Loans,Bank_Deposits,BankFailed,BankResolved,BankResolutionAmount,BankResolutionHaircut,BankBailedOut,BankBailoutAmount,Defaults,DefaultsHH,DefaultsFirm,BalanceOK
0,100,0.0,99.68712386762849,115.1771191208553,115.1771191208553,203.41607025029145,9.968712386762848,0.0,20.763396927935833,7.361742902970212,34.39555764089045,111.12948861403346,0.0,1.066116874578854,0.23996404578413716,0.027606839108719052,-1.0,1.1737048104319812,2.0,57.0,0.0,0.0,0.0,0.0,50.0,41.757300543860666,131.8928855419693,False,False,0.0,0.0,False,0.0,0,0,0,True
1,100,0.0,99.68712386762849,115.07909263912525,115.1771191208553,142.45810516894466,9.968712386762848,0.0,5.563682371682957,25.09616631951045,25.78046783762609,116.29160666755651,0.09802648173005046,1.0770622160399785,0.2524444461207933,0.030138462237724446,-0.9991943491717155,0.4871119670987219,1.9967591344959417,77.0,0.0,0.0,0.0,0.0,50.408942278699094,50.876634157136536,121.85528903923947,False,False,0.0,0.0,False,0.0,0,0,0,True
2,100,0.0,99.68712386762849,112.39640915216638,115.1771191208553,130.73201934646252,9.968712386762848,0.0,2.9432649689952237,44.4027857885893,17.707736565635777,120.52227878549726,2.8787364504189696,1.087474896806253,0.2643074186720491,0.03264214646790467,-0.9779465501202823,0.2209967091316793,1.9113156371213775,90.0,0.0,0.0,0.0,0.0,50.57394355041333,62.110522354225076,123.46554375449249,False,False,0.0,0.0,False,0.0,0,0,0,True
3,100,0.0,99.68712386762849,111.21501506444518,115.1771191208553,128.84886737245367,9.968712386762848,0.0,2.249919239115413,64.45350065779142,13.292107248006905,128.3440468072463,6.840840506829096,1.0971465733155668,0.27534195606914497,0.03479242701919942,-0.9490927664354054,0.11224516179370503,1.8153967209535082,96.0,0.0,0.0,0.0,0.0,50.57394355041333,77.74560790579832,130.5939660463617,False,False,0.0,0.0,False,0.0,0,0,0,True
4,100,0.0,99.68712386762849,110.6936973079691,115.1771191208553,128.77178954879045,9.968712386762848,0.0,1.951094300660873,85.53566287117886,10.964207905094876,138.65764420502296,11.3242623197153,1.1060762747677046,0.28555478373938686,0.03652297765766585,-0.9168735056445984,0.06047084911369218,1.7330945233455544,96.0,0.0,0.0,0.0,0.0,50.57394355041333,96.49987077627374,140.60873850568385,False,False,0.0,0.0,False,0.0,0,0,0,True
5,100,0.0,99.68712386762849,109.136687180362,115.1771191208553,127.10422578575619,9.968712386762848,0.0,1.7979611142271594,105.8422016050468,9.306125772238708,148.79247744395883,17.3646942602086,1.1142764661183053,0.2949666361872864,0.037791733299366144,-0.8729842376748463,0.023870207962488062,1.6340359974282557,97.0,0.0,0.0,0.0,0.0,50.57394355041333,115.14832737728551,150.59043855818598,False,False,0.0,0.0,False,0.0,0,0,0,True
6,100,0.0,99.68712386762849,106.11003119312272,115.1771191208553,122.983436281447,9.968712386762848,0.0,1.7142626372732797,122.81500772393562,10.251854481840127,158.90515324450118,26.43178218794118,1.1216283973642227,0.3034449238236317,0.038567209552266335,-0.8050657792905577,0.02958608500584755,1.4941915092732607,97.0,0.0,0.0,0.0,0.0,50.57394355041333,133.06686220577575,160.61941588177447,False,False,0.0,0.0,False,0.0,0,0,0,True
7,100,0.0,99.68712386762849,104.67947755118608,115.1771191208553,121.22857617596775,9.968712386762848,0.0,1.6699406825046454,138.67098499292987,12.251790455195794,169.10782676727112,36.92942375761042,1.1278827937858078,0.31071105810431726,0.03878389762302146,-0.7246734481094353,0.031198791801395242,1.3681452788569068,100.0,0.0,0.0,0.0,0.0,50.57394355041333,150.92277544812566,170.77776744977578,False,False,0.0,0.0,False,0.0,0,0,0,True
8,99,0.010000000000000009,98.6902526289522,101.64568160605891,114.17705442619808,116.9328257605054,9.869025262895219,0.0795245659267838,1.6410963270058634,151.82256184929358,13.776967518198965,176.9962890460867,49.46079657774962,1.132921461890097,0.3166301743208183,0.038486937552147334,-0.6245798244561473,0.045580510352352846,1.2308319035684718,100.0,0.0,0.0,0.0,0.0,50.57394355041333,165.59952936749255,178.63738537309257,False,False,0.0,0.0,False,0.0,0,0,0,True
9,99,0.010000000000000009,98.6902526289522,100.02825924147656,114.2712158460562,114.84039051281161,9.869025262895219,0.0795245659267838,1.6237196015721584,163.35675958900657,16.441128546771303,184.5412156538966,63.70375318232926,1.1365166333912065,0.320932871151659,0.037819769254926604,-0.5086636859921484,0.0438087558153112,1.1104662577727418,100.0,0.0,0.0,0.0,0.0,50.57394355041333,179.79788813577787,186.16493525546875,False,False,0.0,0.0,False,0.0,0,0,0,True
10,96,0.040000000000000036,95.69963891292335,96.56415255088577,111.21049417369393,109.8241749090429,9.569963891292334,0.3180982637071352,1.6039183267337245,173.32960815539545,15.376103187836712,187.87814049563818,78.35009480513746,1.1385253968884144,0.32344485026046776,0.03699661615234928,-0.3817098491468973,0.06102132437276353,0.9872432432307988,97.0,0.0,0.0,0.0,0.0,50.57394355041333,188.70571134323217,189.4820588223719,False,False,0.0,0.0,False,0.0,0,0,0,True
11,96,0.040000000000000036,95.69963891292335,94.38623471552512,112.20185654461304,107.23034739288491,9.569963891292334,0.3180982637071352,1.2025413761194534,180.67924461663992,13.345595843119638,187.8037742762737,96.16571663422533,1.1387985759224954,0.32396399427042766,0.036400803923871475,-0.2302806812512669,0.0592660660606016,0.8136416743459222,95.0,0.0,0.0,0.0,0.0,50.57394355041333,194.02484045975956,189.00631565239317,False,False,0.0,0.0,False,0.0,0,0,0,True
12,95,0.050000000000000044,94.70276767424707,91.4768285460143,111.7565294619701,103.76563372784854,9.470276767424705,0.397622829633919,1.3448064658681909,186.38565083309672,11.914526757399594,185.9622923841925,116.44541755018116,1.1371319193206557,0.3221425323446543,0.03704278163523354,-0.05420470674665887,0.06684075800038604,0.6589456868053881,91.0,0.0,0.0,0.0,0.0,50.57394355041333,198.3001775904963,187.3070988500607,False,False,0.0,0.0,False,0.0,0,0,0,True
13,92,0.07999999999999996,91.7121539582182,89.22065115398614,106.73289379380103,100.83687626085579,9.17121539582182,0.6361965274142704,1.2644173219135793,192.1929780806835,11.682899127250295,185.68114797076618,133.95766018999606,1.1333322354773967,0.31768243411874564,0.03929120370256638,0.11858633120238729,0.06577674199741315,0.5557634878123816,88.0,0.0,0.0,0.0,0.0,50.57394355041333,203.8758772079338,186.94556529267976,False,False,0.0,0.0,False,0.0,0,0,0,True
14,87,0.13,86.72779776483677,85.63509822815901,100.94207278135042,96.25156573783451,8.672779776483678,1.0338193570481893,1.355222394377124,198.87640095335317,11.255224803758303,186.1016688903619,149.26463474318746,1.1273816513490273,0.3107291848651153,0.04095554676139303,0.29176729837945137,0.07994723958337488,0.4487262109801418,79.0,0.0,0.0,0.0,0.0,50.57394355041333,210.13162575711146,187.45689128473904,False,False,0.0,0.0,False,0.0,0,0,0,True
15,78,0.21999999999999997,77.75595661675021,79.20659024991569,90.40166785276588,88.38207468775452,7.775595661675021,1.7495404503892436,1.021749909614115,206.65495970504904,10.318886428659724,188.01824665156886,160.45971234603763,1.1193317088255905,0.30133853888731627,0.04129596767801752,0.4589156548017854,0.12172901592963778,0.3968895151931582,77.0,0.0,0.0,0.0,0.0,50.57394355041333,216.97384613370878,189.03999656118296,False,False,0.0,0.0,False,0.0,0,0,0,True
16,74,0.26,73.76847166204507,74.56169665178905,85.64954944753653,82.44948764994318,7.376847166204507,2.0676387140963786,1.0437269611553879,213.19977697967227,10.922430927405703,189.92532258306895,171.5475651417851,1.109293063474581,0.2896571184583356,0.04121726960433547,0.6454556942719762,0.1320611750047022,0.3578043434224537,73.0,0.0,0.0,0.0,0.0,50.57394355041333,224.12220790707798,190.96904954422433,False,False,0.0,0.0,False,0.0,0,0,0,True
17,69,0.31000000000000005,68.78411546866364,71.30472920259416,80.20014146098251,77.98101980090573,6.8784115468663645,2.4652615437302976,1.050905978653687,220.57718514860372,10.561464018122338,191.88073886124434,180.44297740017348,1.0970879710332446,0.2754954800212836,0.04074059602322022,0.8181432257139791,0.12487992374559295,0.33027304525990064,68.0,0.0,0.0,0.0,0.0,50.57394355041333,231.13864916672605,192.931644839898,False,False,0.0,0.0,False,0.0,0,0,0,True
18,67,0.32999999999999996,66.79037299131107,70.70466669504994,77.61895221733428,76.3298100337812,6.6790372991311076,2.624310675583865,0.7018735054454079,228.24150207235866,11.003810131794852,195.18145187757767,187.35726292245778,1.0829643448396862,0.2590939323988636,0.040201166981512076,0.9551023715642495,0.08779162858124048,0.3176540493741727,68.0,0.0,0.0,0.0,0.0,50.57394355041333,239.24531220415352,195.88332538302308,False,False,0.0,0.0,False,0.0,0,0,0,True
19,65,0.35,64.7966305139585,68.64782682289275,75.26788588068199,73.04829867828671,6.479663051395851,2.783359807437433,0.696202091400228,235.27268016184016,11.813249459337465,197.76150301596257,193.97732198024704,1.067429185858291,0.24106815126325049,0.03950470973259878,1.0920464361018778,0.08288625593523653,0.30093414169798327,66.0,0.0,0.0,0.0,0.0,50.57394355041333,247.08592962117763,198.4577051073628,False,False,0.0,0.0,False,0.0,0,0,0,True
20,64,0.36,63.79975927528222,67.83841207110956,74.02669231048476,71.04747613899691,6.379975927528222,2.8628843733642166,0.6911165981616443,241.56855895386417,13.265548913141755,200.08007877243705,200.1656022196222,1.0505319806223727,0.2214794350661607,0.03866626389293689,1.2147013934834034,0.06336207689487887,0.2900669653925464,64.0,0.0,0.0,0.0,0.0,50.57394355041333,254.8341078670059,200.7711953705987,False,False,0.0,0.0,False,0.0,0,0,0,True
21,59,0.41000000000000003,58.8154030819008,64.34717941334391,68.57728432393074,66.24009689411959,5.88154030819008,3.2605072029981357,0.6780556196377476,248.35614478999622,13.083328916346355,201.43939804046892,204.39570713020902,1.0325061713352706,0.200606399642499,0.03756700589005079,1.3413526507851863,0.08895953551584057,0.2720500797324473,61.0,0.0,0.0,0.0,0.0,50.57394355041333,261.4394737063426,202.11745366010666,False,False,0.0,0.0,False,0.0,0,0,0,True
22,59,0.41000000000000003,58.8154030819008,65.12109251295851,68.57728432393074,65.79586892097514,5.88154030819008,3.2605072029981357,0.6711588207071466,254.94511344095304,13.814564011155387,203.26800716569718,207.85189894118128,1.0133330336095376,0.17837533346775614,0.0365638916307813,1.4218638710743285,0.04478254727228327,0.27084194492789126,62.0,0.0,0.0,0.0,0.0,50.57394355041333,268.7596774521084,203.93916598640433,False,False,0.0,0.0,False,0.0,0,0,0,True
23,58,0.42000000000000004,57.81853184322451,65.16562158912123,67.43625527236831,64.57496966396504,5.781853184322451,3.3400317689249195,0.6654730517879328,261.5637509835502,14.629454068532374,205.05587462159002,210.12253262442835,0.9938536570059003,0.15572338587413814,0.03595178477729533,1.4722661282295209,0.027129680025628877,0.26851981536008107,61.0,0.0,0.0,0.0,0.0,50.57394355041333,276.1932050520826,205.72134767337795,False,False,0.0,0.0,False,0.0,0,0,0,True
24,57,0.43000000000000005,56.82166060454823,65.42186837483584,65.99609508028252,63.5735872124934,5.682166060454823,3.4195563348517033,0.6604322801371629,268.43204431949914,15.613745069761668,207.108252964509,210.696759329875,0.9747718141995161,0.13341734776756003,0.03635490285398466,1.492521744832051,0.01301373755570021,0.2688728798533241,59.0,0.0,0.0,0.0,0.0,50.57394355041333,284.0457893892608,207.76868524464618,False,False,0.0,0.0,False,0.0,0,0,0,True
25,57,0.43000000000000005,56.82166060454823,66.04789534933374,65.99609508028252,63.00251485500252,5.682166060454823,3.4195563348517033,0.6578288452873382,270.8586706740207,16.782540154143074,208.77398119734102,210.6449590608238,0.9571159931119027,0.11266620581232231,0.03733821139971439,1.4920240248798275,0.00864796057658607,0.27134970899226035,59.0,0.0,0.0,0.0,0.0,48.104835323422456,287.64121082816376,209.43181004262834,False,False,0.0,0.0,False,0.0,1,1,0,True
26,51,0.49,56.82166060454823,67.06881004028645,65.99609508028252,62.90960816406487,5.682166060454823,3.4195563348517033,0.6565188834732762,269.1145494767568,0.0,205.33824208670643,187.27999292234233,0.9415043278792323,0.09418999755283206,0.038814645479050655,1.4659945264552117,0.021972297556157518,0.2765135261164104,59.0,0.0,0.0,0.1,0.0,32.26770316745568,269.1145494767568,205.9947609701797,False,False,0.0,0.0,False,0.0,3,2,1,True
27,61,0.39,60.809145559253366,72.89641372621048,69.99635385891138,67.43907121832352,6.080914555925337,3.101458071144568,0.6631957086017659,246.96400125351198,7.241473266086533,216.34114403118204,184.37993305504315,0.9298660166675589,0.07993997231964303,0.045437583560722535,1.0571990785568892,0.09723759450225022,0.364509678176668,57.0,0.0,0.0,0.0,1.0,14.810173994337564,254.2054745195985,217.0043397397838,False,False,0.0,0.0,False,0.0,7,7,0,True
28,62,0.38,57.92227868588905,66.88672833471013,71.57747840790238,61.14759763993681,6.180601679792965,3.0219335052177843,0.6188647079424109,217.96168489821102,6.638506056562701,198.00261081465234,189.07068312823543,0.9201554687610762,0.06808023630058349,0.0513874466684841,1.1401100647676936,0.03356626452608355,0.31036165178065656,61.0,61.0,1.0,0.0,0.0,11.917288531355686,224.60019095477372,198.62147552259475,False,True,16.151241961293636,0.07520155330020095,False,0.0,8,8,0,True
29,58,0.42000000000000004,56.60531077995415,66.96093112743176,67.57721962927353,60.524243808926606,5.781853184322451,3.3400317689249195,0.5725516420612895,199.6402457606449,6.130752736073368,185.06607165210568,189.68697163007718,0.9108115086510139,0.05676351215792554,0.05543974917192789,1.1600483471395127,0.02857205051519366,0.30893360256711294,66.0,66.0,1.0,0.0,0.0,11.138317397650018,205.77099849671825,185.63862329416696,False,True,11.697772282569723,0.059278331543361436,False,0.0,5,5,0,True
30,58,0.42000000000000004,56.65556263637219,67.72955024669768,67.57721962927353,60.60574386849747,5.781853184322451,3.3400317689249195,0.5943054371173833,189.81679863838337,5.629352751717566,183.82889043278314,189.534641012653,0.9027252997492121,0.04692341926716259,0.05905554658312419,1.15838734456841,0.031936475444242676,0.31127286138515353,71.0,71.0,1.0,0.0,0.0,4.110084842540738,195.44615139010094,184.42319586990052,False,False,0.0,0.0,False,0.0,3,3,0,True
31,58,0.42000000000000004,57.15288926857629,68.92830953536097,67.57721962927353,61.17520669032164,5.781853184322451,3.3400317689249195,0.6320988898355466,187.27944509912155,5.128141742438856,183.18504891841388,188.18355110656555,0.896276159029893,0.0390317593318231,0.061924286715147256,1.1307717953072665,0.03320113462083541,0.31717641699532245,78.0,78.0,1.0,0.0,0.0,1.6084580100871197,192.4075868415604,183.81714780824944,False,False,0.0,0.0,False,0.0,1,1,0,True
32,58,0.42000000000000004,57.130702422452636,69.40256537887366,67.57721962927353,61.18631289328727,5.781853184322451,3.3400317689249195,0.6053673608055304,180.49783911566612,4.629996250262381,169.42403799496418,186.35820535696544,0.8911122725167624,0.03268314644371382,0.06417555810474886,1.1001100427125257,0.02922053100571991,0.32129425932453337,81.0,81.0,1.0,0.0,0.0,10.201764321346182,185.12783536592852,170.0294053557697,False,True,13.598112514535428,0.07405269467368003,False,0.0,2,2,0,True
33,59,0.41000000000000003,56.3421886687549,69.19636309622881,68.73707812765338,60.67200276617245,5.88154030819008,3.2605072029981357,0.6071980697147685,169.5073502710258,4.137760898162853,169.67229834878574,185.89892038838997,0.8869474678400812,0.02754491928086733,0.0659145104071265,1.095570083676453,0.022816961752897276,0.3202542785312793,81.0,81.0,1.0,0.0,0.0,2.674594413391727,173.64511116918868,170.2794964185005,False,False,0.0,0.0,False,0.0,3,3,0,True
34,59,0.41000000000000003,57.723575856591694,71.03278457219959,68.73707812765338,61.98844500418016,5.88154030819008,3.2605072029981357,0.5779347294178213,153.9510587195096,3.6353504326900556,153.33378682798337,183.60321394384374,0.8833307284498308,0.023094833365657985,0.0671279572660529,1.0524974277189139,0.02911453748841103,0.3302782895201605,88.0,88.0,1.0,0.0,0.0,9.23470329344407,157.58640915219965,153.9117215574012,False,True,16.573947692481294,0.0972160754942323,False,0.0,4,4,0,True
35,60,0.4,56.95947824928784,70.69967478465578,69.9782716978506,61.4525657217661,5.981227432057708,3.180982637071352,0.586100454822043,150.53453743450498,3.1370239995681195,153.6396424531106,182.88181085703852,0.880280498516776,0.019355218254405625,0.06797699145943133,1.0395903721922406,0.017184883537499654,0.32974173302356347,78.0,78.0,1.0,0.0,0.0,6.7239358104718665,153.6715614340731,154.22574290793264,False,False,0.0,0.0,False,0.0,1,1,0,True
36,60,0.4,58.8872510292383,72.96388490230068,69.9782716978506,63.20800476108544,5.981227432057708,3.180982637071352,0.6380507119960475,146.88135268562112,2.623330722208526,153.751190935869,179.89619765258846,0.877676487523383,0.01618519615402576,0.0684566423921569,0.9816338696686323,0.03923529491679246,0.34331170197076666,88.0,88.0,1.0,0.0,0.0,4.220559235775248,149.50468340782965,154.38924164786505,False,False,0.0,0.0,False,0.0,1,1,0,True
37,61,0.39,60.30297301490071,74.81876519236488,71.4184318899364,64.64894450495694,6.080914555925337,3.101458071144568,0.6253483601177712,138.90906926366048,2.0963328163015205,144.16292943706043,176.49586435016002,0.8756645936302805,0.01375369934560009,0.06865741439110676,0.9096054568854512,0.04927669251809547,0.3564163270487411,92.0,92.0,1.0,0.0,0.0,8.687296667830694,141.005402079962,144.7882777971782,False,True,9.473082430958737,0.061409301830017624,False,0.0,2,2,0,True
38,62,0.38,60.56429243753087,75.39197510653065,72.59534551883627,65.01001219687734,6.180601679792965,3.0219335052177843,0.6519556480542796,135.34850185463796,1.564895725397278,144.18909478985492,173.6992347624656,0.8740803053192367,0.0118316816999674,0.06886069997239777,0.8539274168529305,0.037085908691790785,0.36417154191167395,86.0,86.0,1.0,0.0,0.0,6.44985445211626,136.91339758003522,144.8410504379092,False,False,0.0,0.0,False,0.0,1,1,0,True
39,63,0.37,62.54807723932263,77.78635635681924,73.7694982265887,66.96421051913474,6.280288803660594,2.9424089392910004,0.673203978466345,131.16578496928983,1.0161237546440387,143.51105831765162,169.68237663223508,0.872839978670725,0.010321589692684374,0.06905718040615225,0.7743739093563846,0.05449991332941915,0.3820664450053849,94.0,94.0,1.0,0.0,0.0,3.947488999286367,132.18190872393387,144.18426229611796,False,False,0.0,0.0,False,0.0,1,1,0,True
40,63,0.37,62.72286198925114,78.10886139761273,73.7694982265887,67.16213395895858,6.280288803660594,2.9424089392910004,0.6048496784973327,110.1676453335688,0.4649435046952256,126.23585562288744,165.34301346121103,0.8719766584161089,0.009262911852471101,0.06928339552816618,0.705698143781799,0.03659727089182493,0.39330803359912514,95.0,95.0,1.0,0.0,0.0,7.6104423180830825,110.63258883826403,126.84070530138477,False,True,16.172505278259152,0.11308399561628399,False,0.0,5,5,0,True
41,65,0.35,63.15351704735947,78.88552554944327,76.07038577653096,67.78333582274628,6.479663051395851,2.783359807437433,0.6284173232398933,109.44331172190171,0.0,126.21379348790933,162.52787368829874,0.8715172822781104,0.00868556560178615,0.06951642348868275,0.6570266438942097,0.03197696875732023,0.40241570393201204,103.0,103.0,1.0,0.0,0.0,7.6104423180830825,109.44331172190171,126.84221081114922,False,False,0.0,0.0,False,0.0,0,0,0,True
42,65,0.35,64.7966305139585,80.69372052514296,76.07038577653096,69.31173347665369,6.479663051395851,2.783359807437433,0.6617022360087301,108.58851204649648,0.0,125.15087192206391,157.9045389396867,0.8713068966765126,0.008408866710625329,0.06977336828473629,0.5847577427415407,0.04247330331168231,0.42045329898210293,99.0,99.0,1.0,0.0,0.0,7.6104423180830825,108.58851204649648,125.81257415807265,False,False,0.0,0.0,False,0.0,0,0,0,True
43,67,0.32999999999999996,66.48660647203803,82.85847725951652,78.6239442874884,71.17415734020358,6.6790372991311076,2.624310675583865,0.6615677031812119,107.80226872924734,0.0,124.13671646164941,153.67000596765854,0.8714284398223928,0.008526396155379446,0.07011469050203234,0.5088230412649202,0.0528655741055347,0.4401984319571529,100.0,100.0,1.0,0.0,0.0,7.6104423180830825,107.80226872924734,124.79828416483062,False,False,0.0,0.0,False,0.0,0,0,0,True
44,70,0.30000000000000004,69.38873293179338,86.16906477597877,81.95942866685816,74.03952035506546,6.978098670733993,2.385736977803514,0.6833473521510469,106.91295932773527,0.0,124.10450990192884,149.46036985853794,0.8718383731473291,0.008959240446229266,0.07076035436760068,0.42834686665362254,0.07258671827377848,0.4622511053628001,101.0,101.0,1.0,0.0,0.0,7.6104423180830825,106.91295932773527,124.78785725407988,False,False,0.0,0.0,False,0.0,0,0,0,True
45,73,0.27,71.7695092673274,89.04519833765124,85.48151391373119,76.5549812752191,7.277160042336878,2.1471632800231624,0.7100661518970313,106.07142191653752,0.0,124.2961112024114,145.8966854346179,0.8724422537977498,0.009635449304986832,0.07129239186048779,0.35621753974607795,0.0777184399283248,0.47863169010577955,102.0,102.0,1.0,0.0,0.0,7.6104423180830825,106.07142191653752,125.00617735430842,False,False,0.0,0.0,False,0.0,0,0,0,True
46,75,0.25,74.67824838622276,92.51484160058901,87.99237405410612,79.58824973027157,7.476534290072135,1.9881141481695948,0.7229960379744966,105.27062055826173,0.0,124.18611849744833,141.37421788813498,0.8730157573927997,0.010299371675748103,0.07150790409843014,0.26940707000852343,0.08672328686545602,0.5037818454737398,101.0,101.0,1.0,0.0,0.0,7.6104423180830825,105.27062055826173,124.90911453542283,False,False,0.0,0.0,False,0.0,0,0,0,True
47,77,0.22999999999999998,76.22924072915968,94.26346066185607,90.13346780032573,81.17082649186706,7.675908537807392,1.8290650163160274,0.7378205822410351,104.43473058213456,0.0,123.1360682572438,137.24422502660465,0.8738674364387004,0.011289478960293331,0.07176230969762523,0.20144293857804607,0.07100791887046798,0.5186044046127037,100.0,100.0,1.0,0.0,0.0,7.6104423180830825,104.43473058213456,123.87388883948483,False,False,0.0,0.0,False,0.0,0,0,0,True
48,80,0.19999999999999996,79.62486204843795,97.97120621593066,94.08801368520304,84.47144180287299,7.9749699094102775,1.590491318535676,0.8949141529640298,103.55613586983539,0.0,121.32644510498535,133.36103249587703,0.8748720670312384,0.012491087650476107,0.07165177176088615,0.12493626220948024,0.08327696422093077,0.5434125979058115,99.0,99.0,1.0,0.0,0.0,7.6104423180830825,103.55613586983539,122.22135925794939,False,False,0.0,0.0,False,0.0,0,0,0,True
49,84,0.16000000000000003,83.48810323154294,102.2081543856606,98.5053584247028,88.25842059016155,8.373718404880792,1.2723930548285407,1.0097623004321032,102.44739691998466,0.0,121.06015515809338,129.65823653491924,0.8761791823335715,0.014016584164691448,0.0718563887161881,0.053773145187397245,0.09458745045367196,0.570019453366923,102.0,102.0,1.0,0.0,0.0,7.6104423180830825,102.44739691998466,122.06991745852548,False,False,0.0,0.0,False,0.0,0,0,0,True
50,89,0.10999999999999999,87.65733337546727,106.68932314081172,104.43767869966052,92.32336999964014,8.872154024218935,0.8747702251946218,1.2336699307389116,101.20352103912923,0.0,120.40491755310236,127.40659209376804,0.8779834396792803,0.016124839381202884,0.07195615872163111,-0.005290789024606969,0.10198247634265653,0.5919267390231044,101.0,101.0,1.0,0.0,0.0,7.6104423180830825,101.20352103912923,121.63858748384128,False,False,0.0,0.0,False,0.0,0,0,0,True
51,93,0.06999999999999995,90.78020228445847,110.30922235935475,109.33076146179509,95.69732978739454,9.270902519689448,0.5566719614874865,1.325711119188426,99.95435047852878,0.0,119.46078851499985,126.42813119620838,0.8801036248126707,0.018608827877494183,0.07181850770414488,-0.055024690408388276,0.0959111427872337,0.6089020573318825,102.0,102.0,1.0,0.0,0.0,7.6104423180830825,99.95435047852878,120.78649963418827,False,False,0.0,0.0,False,0.0,0,0,0,True
52,97,0.030000000000000027,94.21551296857176,114.1058192961962,113.6661431180835,99.27174455509589,9.669651015159962,0.23857369778035137,1.3583742582906413,98.66020010330472,0.0,121.91766642640694,125.98845501809569,0.8826251602057169,0.021519717906514146,0.0720794666775172,-0.09236504794519687,0.0927011410643619,0.6234691357868671,107.0,107.0,1.0,0.0,0.0,7.6104423180830825,98.66020010330472,123.27604068469758,False,False,0.0,0.0,False,0.0,0,0,0,True
53,100,0.0,96.55603111788805,116.4888176062455,117.28328163372638,101.67508864123985,9.968712386762848,0.0,1.4060525103045325,97.33776114348362,0.0,123.6399942620996,126.78291904557656,0.8855495752307228,0.024889127070716464,0.07239546576726523,-0.11385711262745321,0.07651184995762077,0.6302781346115933,106.0,106.0,1.0,0.0,0.0,7.6104423180830825,97.33776114348362,125.04604677240414,False,False,0.0,0.0,False,0.0,0,0,0,True
54,99,0.010000000000000009,97.60361387776894,117.35085689193545,116.28321693906915,102.78354496694325,9.869025262895219,0.0795245659267838,1.4903253957765952,96.08631330151813,0.0,124.83274090018622,125.71527909271026,0.8886882489859224,0.028498241857723806,0.07261602464040771,-0.1430958783409445,0.05296724317804401,0.6422049692189118,102.0,102.0,1.0,0.0,0.0,7.6104423180830825,96.08631330151813,126.32306629596282,False,False,0.0,0.0,False,0.0,0,0,0,True
55,99,0.010000000000000009,98.17922349375601,117.5532442119652,116.20329034583203,103.34337363189171,9.869025262895219,0.0795245659267838,1.5778392830533792,94.77818957829592,0.0,125.81229962755954,124.36532522657713,0.8921562202584681,0.03245799201654329,0.07310945478176496,-0.16610823831357246,0.03323313808411015,0.6540237159846078,102.0,102.0,1.0,0.0,0.0,7.6104423180830825,94.77818957829592,127.39013891061292,False,False,0.0,0.0,False,0.0,0,0,0,True
56,100,0.0,98.27869613085235,117.25695948080957,117.29751646034735,103.48207939146121,9.968712386762848,0.0,1.6256401924999009,93.40328867068153,0.0,126.51076799759679,124.40588220611492,0.8958543253432747,0.03666554640424702,0.07380041659304737,-0.17364105437554458,0.01716469494074517,0.6620538558992899,102.0,102.0,1.0,0.0,0.0,7.6104423180830825,93.40328867068153,128.1364081900967,False,False,0.0,0.0,False,0.0,0,0,0,True
57,100,0.0,98.87878959236713,117.50795764912006,117.29751646034735,104.09821730483714,9.968712386762848,0.0,1.6419200137397303,91.96442126484997,0.0,126.63741728628787,124.1954410173422,0.8995672626118039,0.04088095528622193,0.0746493485775366,-0.18140776063330066,0.014708863739159328,0.6773883749637906,102.0,63.0,0.6176470588235294,0.0,0.0,7.6104423180830825,91.96442126484997,128.2793373000276,False,False,0.0,0.0,False,0.0,0,0,0,True
58,98,0.020000000000000018,97.30724194543602,115.66716116295,115.02637671693218,102.85003890986634,9.76933813902759,0.1590491318535676,1.6425851650138248,90.82288773123278,0.011745205350366494,124.73289139228686,123.55465657132441,0.9032960373495627,0.04510755234696273,0.07568396326209903,-0.18595752902859755,0.01050159626486324,0.6870586552699796,102.0,58.0,0.5686274509803921,0.0,0.0,7.6104423180830825,90.83463293658315,126.37547655730069,False,False,0.0,0.0,False,0.0,0,0,0,True
59,99,0.010000000000000009,97.03724940623381,114.76359530850836,115.82747478970082,102.41436467662955,9.869025262895219,0.0795245659267838,1.6153648690077083,89.42735962868517,0.32024058145445167,124.637180928084,124.61853605251686,0.9070010134850166,0.049296802200790156,0.07691715278685252,-0.17285417627614813,0.014225605143899516,0.6935291298064966,104.0,60.0,0.5769230769230769,0.0,0.0,7.6104423180830825,89.74760021013962,126.25254579709171,False,False,0.0,0.0,False,0.0,0,0,0,True
60,98,0.020000000000000018,96.5510446171009,114.18492116720586,115.02637671693218,102.23711221303365,9.76933813902759,0.1590491318535676,1.6081385375862163,88.33158389948554,0.4694023022795438,123.43218817529778,125.4599916022432,0.9104282127720399,0.05319160299461669,0.07801416621706228,-0.16627651255703085,0.014603292806427966,0.7027783808576991,104.0,55.0,0.5288461538461539,0.0,0.0,7.6104423180830825,88.80098620176508,125.040326712884,False,False,0.0,0.0,False,0.0,0,0,0,True
61,99,0.010000000000000009,96.63055378155988,113.65640753981069,115.94004378264609,102.07411311129418,9.869025262895219,0.0795245659267838,1.5551982680653087,86.88870928376691,1.1733966965943978,123.50455629880695,127.74362784507856,0.9136943985071321,0.056892611671956875,0.07933749330985455,-0.14798190138699066,0.015036517750409584,0.7034332403423897,106.0,58.0,0.5471698113207547,0.0,0.0,7.6104423180830825,88.06210598036131,125.05975456687226,False,False,0.0,0.0,False,0.0,0,0,0,True
62,98,0.020000000000000018,96.2885384594587,113.90008831293974,115.02637671693218,102.56529363570867,9.76933813902759,0.1590491318535676,1.5466208799667203,86.29236694421814,1.1726500520921959,122.88084178093372,128.86991624907105,0.9166489055237692,0.06024232684663784,0.08082154045414572,-0.14173213744824037,0.01367034567902405,0.706678256971178,106.0,53.0,0.5,0.0,0.0,7.6104423180830825,87.46501699631034,124.42746266090045,False,False,0.0,0.0,False,0.0,0,0,0,True
63,100,0.0,97.44844488031872,114.0309055166352,117.37468213243706,102.93132735054068,9.968712386762848,0.0,1.5178866099067467,84.82063872569262,1.8492494715883554,122.4037952236976,132.21369286487288,0.9194545559495602,0.06341381558300482,0.0824981202126847,-0.12169649044234647,0.01494252753687712,0.6967219706346273,108.0,56.0,0.5185185185185185,0.0,0.0,7.6104423180830825,86.66988819728097,123.92168183360435,False,False,0.0,0.0,False,0.0,0,0,0,True
64,99,0.010000000000000009,96.91824378327541,114.44970383284783,116.20052942468462,103.51648542280314,9.869025262895219,0.0795245659267838,1.3988990714289,84.34198916761059,2.506313743923931,122.71280369095251,133.96451845670973,0.9219517878841454,0.06622026204847524,0.08436705946763824,-0.11314492586882974,0.016223905360208728,0.6880753016247972,108.0,50.0,0.46296296296296297,0.0,0.0,7.6104423180830825,86.84830291153452,124.11170276238141,False,False,0.0,0.0,False,0.0,0,0,0,True
65,99,0.010000000000000009,97.1420417508363,114.23708248131516,116.20329034583203,103.50977642114326,9.869025262895219,0.0795245659267838,1.468778547679317,83.80462095973401,2.414412457654342,121.98986990636917,135.9307263212266,0.9242941799808921,0.06884349339537299,0.08633219893203703,-0.10167292565053201,0.014117331151780575,0.6711809008235998,107.0,46.0,0.42990654205607476,0.0,0.0,7.6104423180830825,86.21903341738835,123.45864845404849,False,False,0.0,0.0,False,0.0,0,0,0,True
66,100,0.0,98.034138041234,115.48317588812709,117.28515070596204,104.8009132118825,9.968712386762848,0.0,1.5000929972694472,83.5885970909253,2.527348618538441,121.66612102819664,137.7327011390615,0.9264299016683841,0.07122528827149702,0.08833932881473468,-0.09169256773704342,0.0202446036193072,0.6406820900483698,107.0,42.0,0.3925233644859813,0.0,0.0,7.6104423180830825,86.11594570946374,123.16621402546609,False,False,0.0,0.0,False,0.0,0,0,0,True
67,99,0.010000000000000009,97.78699193515016,116.35177360539127,116.10823707706218,105.74079700317236,9.869025262895219,0.0795245659267838,1.5638444941917102,84.60451136499672,2.032173330254578,121.81489491607573,137.48916461073244,0.9283765662226816,0.0733986637096706,0.09008872152791646,-0.0948594429601333,0.02084632937482003,0.6253499179858165,107.0,35.0,0.32710280373831774,0.0,0.0,7.6104423180830825,86.6366846952513,123.37873941026744,False,False,0.0,0.0,False,0.0,0,0,0,True
68,100,0.0,98.97116388984549,116.6245588999535,117.1083017717194,106.15269250750039,9.968712386762848,0.0,1.604063579273925,84.84046080514548,2.038862945039019,121.77633295532667,137.97290748249836,0.9302937979276347,0.0755525836130877,0.09145820144770782,-0.0880984502969596,0.016836234055813113,0.6112836818506625,107.0,35.0,0.32710280373831774,0.0,0.0,7.6104423180830825,86.8793237501845,123.38039653460059,False,False,0.0,0.0,False,0.0,0,0,0,True
69,99,0.010000000000000009,98.3197551659065,116.78119217890413,116.10823707706218,106.46625259553214,9.869025262895219,0.0795245659267838,1.624601336626894,86.05015529262133,2.0005593068793077,122.2030548180513,137.2999523806564,0.9320429093641136,0.07755001478574045,0.09218964666242803,-0.08999229186978608,0.012793156228442293,0.6059885462657784,103.0,28.0,0.27184466019417475,0.0,0.0,7.6104423180830825,88.05071459950064,123.8276561546782,False,False,0.0,0.0,False,0.0,0,0,0,True
70,100,0.0,99.18934863473606,116.12891689288821,117.1083017717194,106.05599933441458,9.968712386762848,0.0,1.6341465841461271,85.99152055274295,1.9076419219744656,121.07108492628444,138.27933725948762,0.933758689836619,0.07952450067937593,0.09248426460015031,-0.07463148258747643,0.006177213084452205,0.5950718549640723,103.0,32.0,0.3106796116504854,0.0,0.0,7.6104423180830825,87.89916247471741,122.70523151043056,False,False,0.0,0.0,False,0.0,0,0,0,True
71,98,0.020000000000000018,97.40074898399702,115.0569876886956,115.02637671693218,105.25393549465346,9.76933813902759,0.1590491318535676,1.6284472529741163,86.94246395932636,1.8418952793257788,120.92459001162729,138.2487262877242,0.9351970314837317,0.08121499501677205,0.09214718437465849,-0.06871905838996424,0.010136073796046436,0.589694534983484,102.0,27.0,0.2647058823529412,0.0,0.0,7.6104423180830825,88.78435923865214,122.5530372646014,False,False,0.0,0.0,False,0.0,0,0,0,True
72,100,0.0,99.03438707544123,114.72418964834452,117.70773047921521,105.11932143646149,9.968712386762848,0.0,1.623163791169159,86.11881660332374,1.7918046538022523,119.0077765130786,141.2322671185949,0.9365176293965076,0.0827721867345915,0.09164868053603793,-0.04773110178239458,0.008848469452407751,0.5810319397892859,103.0,33.0,0.32038834951456313,0.0,0.0,7.6104423180830825,87.910621257126,120.63094030424776,False,False,0.0,0.0,False,0.0,0,0,0,True
73,97,0.030000000000000027,96.19646230161997,113.53665532912966,113.94451635680217,104.15946678349748,9.669651015159962,0.23857369778035137,1.2408648356047849,86.8276761135536,1.782704516189931,119.12954771128666,141.64012814626744,0.9375511477239928,0.08397207714447927,0.09123636076402011,-0.04018544916451629,0.015551340283625167,0.5756285102367793,104.0,27.0,0.25961538461538464,0.0,0.0,7.6104423180830825,88.61038062974353,120.37041254689144,False,False,0.0,0.0,False,0.0,0,0,0,True
74,100,0.0,98.5556842490372,112.16766282714539,117.29840830925907,103.01344232637076,9.968712386762848,0.0,1.342466187422335,84.4799041140532,1.9268958148512096,116.69875994617487,146.77087362838114,0.9384673786750579,0.08502792135703838,0.09093514961414079,0.003726035614777172,0.021369680301523312,0.554377744262353,107.0,48.0,0.4485981308411215,0.0,0.0,7.6104423180830825,86.4067999289044,118.0412261335972,False,False,0.0,0.0,False,0.0,0,0,0,True
75,98,0.020000000000000018,96.4229212733372,112.21533844304908,115.12142998570202,103.10279692086905,9.76933813902759,0.1590491318535676,1.250175236852569,84.11775667416309,2.493212096882199,116.89050735994483,149.67696517103408,0.9387829053996594,0.08539822208506842,0.090591596006003,0.027213293867127307,0.012600657827707243,0.5472272468226766,108.0,33.0,0.3055555555555556,0.0,0.0,7.6104423180830825,86.6109687710453,118.1406825967974,False,False,0.0,0.0,False,0.0,0,0,0,True
76,98,0.020000000000000018,96.38750152379431,111.67366708190943,115.04067092630477,102.61347296653436,9.76933813902759,0.1590491318535676,1.3846455634476749,83.5155362656276,2.432656720135954,116.09959788614059,153.04396901542944,0.9388056013866508,0.08541892959236948,0.09038602549456852,0.0559538917397728,0.012447849173370745,0.5358962596745138,106.0,34.0,0.32075471698113206,0.0,0.0,7.6104423180830825,85.94819298576355,117.48424344958826,False,False,0.0,0.0,False,0.0,0,0,0,True
77,96,0.040000000000000036,94.36411805753816,110.27422671127036,112.78465785842232,101.29530240407591,9.569963891292334,0.3180982637071352,1.4555208045340449,83.57393902671907,2.498780178433444,116.1961838705919,155.5544001625814,0.9384512256426003,0.08500426737918806,0.09015870074124158,0.07932234413788307,0.019998578239902882,0.5259425603995893,106.0,31.0,0.29245283018867924,0.0,0.0,7.6104423180830825,86.07271920515252,117.65170467512594,False,False,0.0,0.0,False,0.0,0,0,0,True
78,96,0.040000000000000036,93.99765713622511,109.30790073591812,112.78465785842232,100.33761198884943,9.569963891292334,0.3180982637071352,1.4865601311788914,83.00325694818241,2.837958516567567,116.05032264238916,159.0311572850856,0.9378096529934773,0.08424993390571575,0.09009609657410858,0.11025118488033532,0.020961748966650734,0.5154809631568908,106.0,33.0,0.3113207547169811,0.0,0.0,7.6104423180830825,85.84121546474998,117.53688277356805,False,False,0.0,0.0,False,0.0,0,0,0,True
79,97,0.030000000000000027,94.67826469854342,110.16787923591336,113.86651821855233,101.00905914758313,9.669651015159962,0.23857369778035137,1.5018026504937043,82.3671524534031,3.4869525367451315,116.16274781445242,162.72979626772457,0.9367954355587124,0.08305747632662844,0.09018326789497441,0.1392789097252102,0.0052160469169806505,0.5094377236801787,106.0,34.0,0.32075471698113206,0.0,0.0,7.6104423180830825,85.85410499014823,117.66455046494612,False,False,0.0,0.0,False,0.0,0,0,0,True
80,96,0.040000000000000036,93.79203551083175,109.51339268711914,112.78465785842232,100.2567322880277,9.569963891292334,0.3180982637071352,1.5169337284398046,81.86226304319952,4.085922466165699,116.46076585105469,166.0010614390278,0.935439126937131,0.08147374076317015,0.090195681072459,0.1641816993499895,0.009182900283468434,0.5010997519460689,105.0,34.0,0.3238095238095238,0.0,0.0,7.6104423180830825,85.94818550936522,117.9776995794945,False,False,0.0,0.0,False,0.0,0,0,0,True
81,97,0.030000000000000027,94.60227816163957,110.18906156262295,113.94451635680217,100.68643042684842,9.669651015159962,0.23857369778035137,1.5258756704529028,80.93238719685816,4.789263356634795,116.42607573729474,169.75651623320704,0.933811520971805,0.07957035503930994,0.09034719632720363,0.1896383834430223,0.002316124909421866,0.495233609683382,106.0,35.0,0.330188679245283,0.0,0.0,7.6104423180830825,85.72165055349295,117.95195140774764,False,False,0.0,0.0,False,0.0,0,0,0,True
82,96,0.040000000000000036,93.70095955855419,109.78976153606179,112.78465785842232,100.10212730138228,9.569963891292334,0.3180982637071352,1.5340525284118023,80.30579644877717,5.471384854291288,116.75568221796405,172.75141255556755,0.9319140900233863,0.07734898155319328,0.0905582434167254,0.21034393302091633,0.003887901311804237,0.4887720336040452,106.0,34.0,0.32075471698113206,0.0,0.0,7.6104423180830825,85.77718130306846,118.28973474637586,False,False,0.0,0.0,False,0.0,0,0,0,True
83,97,0.030000000000000027,94.53486516761662,110.62623526793254,113.86651821855233,100.61641737717198,9.669651015159962,0.23857369778035137,1.5370829727460464,79.31186428143437,6.229266755676322,116.76453638433858,175.99169550618734,0.9298144946445266,0.07488964394480806,0.09088484001022518,0.23181222282215744,0.005190056583341613,0.4839598121493765,106.0,34.0,0.32075471698113206,0.0,0.0,7.6104423180830825,85.54113103711069,118.30161935708463,False,False,0.0,0.0,False,0.0,0,0,0,True
84,96,0.040000000000000036,93.6684319007455,110.33729088816104,112.78465785842232,100.0863307073126,9.569963891292334,0.3180982637071352,1.54190462830158,78.64082538441087,6.9492516649535725,117.13693817106545,178.4390624764487,0.9274986842498618,0.0721878167095898,0.09109309454428019,0.2470015457278591,0.0033030414616526346,0.4791195454541728,107.0,32.0,0.29906542056074764,0.0,0.0,7.6104423180830825,85.59007704936445,118.67884279936703,False,False,0.0,0.0,False,0.0,0,0,0,True
85,96,0.040000000000000036,93.53658290203748,110.2071706168896,112.78465785842232,99.68408365634996,9.569963891292334,0.3180982637071352,1.5403383925258953,77.66900337895916,7.764201837874221,117.35385759499434,181.01654971798138,0.925062860124139,0.06934449312305668,0.09139574395779582,0.26398316962596396,0.0036775358669634225,0.474564470626182,107.0,32.0,0.29906542056074764,0.0,0.0,7.6104423180830825,85.43320521683339,118.89419598752023,False,False,0.0,0.0,False,0.0,0,0,0,True
86,96,0.040000000000000036,93.41422911917452,110.37157291886712,112.78465785842232,99.52939594891738,9.569963891292334,0.3180982637071352,1.53604977577433,76.6274859843504,8.665205659109782,117.6220910844281,183.4296346575366,0.9224883034408492,0.06633876212981873,0.09177585487723884,0.2791130377603193,0.0042998880971281935,0.471285823705249,106.0,32.0,0.3018867924528302,0.0,0.0,7.6104423180830825,85.29269164346019,119.15814086020244,False,False,0.0,0.0,False,0.0,0,0,0,True
87,96,0.040000000000000036,93.34235052005948,110.62735320066788,112.78465785842232,99.4409872228933,9.569963891292334,0.3180982637071352,1.5323855289379822,75.53293685289773,9.608356992206717,117.91033259341191,185.58693931529106,0.9198038273998691,0.06320474869259478,0.09221718081177141,0.2916721936002667,0.005629361643190488,0.46873153869762224,106.0,31.0,0.29245283018867924,0.0,0.0,7.6104423180830825,85.14129384510446,119.44271812234989,False,False,0.0,0.0,False,0.0,0,0,0,True
88,97,0.030000000000000027,94.30147586532627,111.99389607169567,113.86651821855233,100.33599705082361,9.669651015159962,0.23857369778035137,1.534311243170279,74.32068693839598,10.55378454206155,118.0275384847234,187.45956146214772,0.9170459997197711,0.05998554577007853,0.09270282015596826,0.2999790903073206,0.01341750477562632,0.4679364791863129,106.0,28.0,0.2641509433962264,0.0,0.0,7.6104423180830825,84.87447148045753,119.56184972789367,False,False,0.0,0.0,False,0.0,0,0,0,True
89,96,0.040000000000000036,93.56949502780428,112.04888079448718,112.78465785842232,100.0565164316628,9.569963891292334,0.3180982637071352,1.5440702785779499,73.54574805807306,11.39292495808216,118.5410362415432,188.19533852608285,0.9142605553126838,0.0567456606544938,0.09299000001566535,0.2998004114283185,0.009420275272264456,0.4672199453707046,106.0,25.0,0.2358490566037736,0.0,0.0,7.6104423180830825,84.93867301615522,120.08510652012114,False,False,0.0,0.0,False,0.0,0,0,0,True
90,96,0.040000000000000036,93.55765142063635,112.123344166182,112.78465785842232,99.80531100177906,9.569963891292334,0.3180982637071352,1.5495386729735519,72.49943385314685,12.282369430954022,118.8764850625764,188.85665221832323,0.9115867426826488,0.053634242017964316,0.09330369134259967,0.30074151565558455,0.007727559140919639,0.4665792773061138,106.0,25.0,0.2358490566037736,0.0,0.0,7.6104423180830825,84.78180328410087,120.42602373554996,False,False,0.0,0.0,False,0.0,0,0,0,True
91,96,0.040000000000000036,93.5333825238789,112.51459864585784,112.78465785842232,99.85885586493535,9.569963891292334,0.3180982637071352,1.551297688444779,71.48991270605654,13.233225288277595,119.34037008394945,189.12671143088772,0.9091414434165191,0.05078038639479503,0.09362816216883846,0.29864399834659905,0.008306027647888303,0.46759322870888037,106.0,25.0,0.2358490566037736,0.0,0.0,7.6104423180830825,84.72313799433414,120.89166777239423,False,False,0.0,0.0,False,0.0,0,0,0,True
92,96,0.040000000000000036,93.55556570752489,113.08262128199706,112.78465785842232,100.09159930623782,9.569963891292334,0.3180982637071352,1.5521690081968418,70.65404218968644,14.189455663695087,120.01426730916984,188.82874800731295,0.9069221370799136,0.04818397363599327,0.09395204775954973,0.2917532993765812,0.00949285733443487,0.47017535234835695,106.0,24.0,0.22641509433962265,0.0,0.0,7.6104423180830825,84.84349785338152,121.56643631736668,False,False,0.0,0.0,False,0.0,0,0,0,True
93,96,0.040000000000000036,93.62742769595184,113.83340472975033,112.78465785842232,100.51024704674883,9.569963891292334,0.3180982637071352,1.5548451038566096,70.13687890872784,15.104599042339103,121.0012477012378,187.78000113598495,0.9049418456821068,0.045863032376818436,0.09426875731840255,0.27850567306512547,0.011715965296860741,0.47474124722174726,106.0,24.0,0.22641509433962265,0.0,0.0,7.6104423180830825,85.24147795106694,122.55609280509441,False,False,0.0,0.0,False,0.0,0,0,0,True
94,97,0.030000000000000027,94.75830621990184,116.01734531807516,113.86651821855233,102.22235688806587,9.669651015159962,0.23857369778035137,1.5640063467599097,70.16865838122983,15.88392425923995,122.36379198319395,185.6291740364621,0.9032500192103534,0.04387714417273399,0.09457099865657964,0.2544208935980635,0.02616474081465272,0.48372805286829224,106.0,24.0,0.22641509433962265,0.0,0.0,7.6104423180830825,86.05258264046978,123.92779832995386,False,False,0.0,0.0,False,0.0,0,0,0,True
95,96,0.040000000000000036,94.2818268082405,115.99528615105275,112.78465785842232,102.03630637690473,9.569963891292334,0.3180982637071352,1.5839862127691007,70.52265468645912,16.341347568760185,123.83149877217308,182.41854574383166,0.9018838368668316,0.04228420206978911,0.09462923418926232,0.22544897995636565,0.015469876036211616,0.49029482393108753,106.0,24.0,0.22641509433962265,0.0,0.0,7.6104423180830825,86.8640022552193,125.41548498494218,False,False,0.0,0.0,False,0.0,0,0,0,True
96,97,0.030000000000000027,95.38773893685318,116.84680392783643,113.94451635680217,102.66479078950975,9.669651015159962,0.23857369778035137,1.5979645604659765,70.38533327183781,16.75380258752722,124.71567024473902,179.51625817279742,0.900909788171821,0.041149393136082055,0.09468818140078854,0.2001827175875924,0.016683143470589433,0.4976937297807626,105.0,26.0,0.24761904761904763,0.0,0.0,7.6104423180830825,87.13913585936503,126.313634805205,False,False,0.0,0.0,False,0.0,0,0,0,True
97,97,0.030000000000000027,95.58350559430464,117.58102456737848,113.86651821855233,103.2329955008613,9.669651015159962,0.23857369778035137,1.6059940455913613,70.60946043876372,17.043531477488415,125.72836124795664,175.80175182397124,0.9002546375308726,0.04038791623257794,0.09465320329432851,0.1715930376066035,0.01643253517784094,0.50611395580289,103.0,25.0,0.24271844660194175,0.0,0.0,7.6104423180830825,87.65299191625213,127.334355293548,False,False,0.0,0.0,False,0.0,0,0,0,True
98,96,0.040000000000000036,94.64316620310953,116.9712078913494,112.78465785842232,102.67050112408998,9.569963891292334,0.3180982637071352,1.602169810654769,71.22753891047894,17.228893620688808,126.90798554791107,171.6152017910442,0.8999250837137118,0.04001942227259989,0.09439564820139507,0.1418951470622498,0.004829895979374791,0.5137393811506279,102.0,25.0,0.24509803921568626,0.0,0.0,7.6104423180830825,88.45643253116775,128.51015535856584,False,False,0.0,0.0,False,0.0,0,0,0,True
99,97,0.030000000000000027,95.53382380686577,117.21548818875573,113.86651821855233,102.90079420374038,9.669651015159962,0.23857369778035137,1.5947443516941469,71.18329312038142,17.424059665041185,127.36474203901872,168.2662318208408,0.8999594434173137,0.040075532197092145,0.09416222038001767,0.12101476985582349,0.00516176418205484,0.520768369186589,102.0,28.0,0.27450980392156865,0.0,0.0,7.6104423180830825,88.6073527854226,128.95948639071287,False,False,0.0,0.0,False,0.0,0,0,0,True
100,97,0.030000000000000027,95.55521446131179,117.2548546021353,113.94451635680217,102.98674432381557,9.669651015159962,0.23857369778035137,1.5883840424863247,71.20308735785679,17.570155363236,127.76069220507031,164.9558935755077,0.9002135805715756,0.04039982947583198,0.09373108239773761,0.09926501818748154,0.0037191941338637754,0.5279962790781004,102.0,28.0,0.27450980392156865,0.0,0.0,7.6104423180830825,88.77324272109279,129.34907624755664,False,False,0.0,0.0,False,0.0,0,0,0,True
101,96,0.040000000000000036,94.56317733260582,116.22504540969092,112.78465785842232,102.16376334341668,9.569963891292334,0.3180982637071352,1.5802906449032312,71.4110549028538,17.712534508273418,128.3809563925223,161.5155060242391,0.9006986136479105,0.0409926356629509,0.09326482060348235,0.0788935233124052,0.006252476081659302,0.5335082401625809,101.0,29.0,0.2871287128712871,0.0,0.0,7.6104423180830825,89.12358941112723,129.96124703742555,False,False,0.0,0.0,False,0.0,0,0,0,True
102,98,0.020000000000000018,96.4405931903341,117.59334635652513,115.30667841063814,103.47439701361253,9.76933813902759,0.1590491318535676,1.5776154827144426,71.02468127264372,17.89744700187049,128.45729811966973,159.22883807835214,0.9014194444247163,0.041858357520208035,0.09286593520543317,0.05986940891573413,0.008176872799787713,0.5438015315775047,101.0,36.0,0.3564356435643564,0.0,0.0,7.6104423180830825,88.92212827451421,130.03491360238417,False,False,0.0,0.0,False,0.0,0,0,0,True
103,98,0.020000000000000018,96.10187308833608,116.84876574726758,115.13572419507462,102.94797341123822,9.76933813902759,0.1590491318535676,1.5602434196131907,70.42221802469899,17.900376960288746,128.83513401394842,157.5157965261592,0.9023476422102814,0.04295557941909327,0.092455526212906,0.0476604243119267,0.004614441886044799,0.546273636478643,103.0,51.0,0.49514563106796117,0.0,0.0,7.6104423180830825,88.32259498498775,130.3953774335616,False,False,0.0,0.0,False,0.0,0,0,0,True
104,98,0.020000000000000018,96.48494675548196,117.9922931806621,115.30667841063814,104.09399140309961,9.76933813902759,0.1590491318535676,1.5706335329659642,70.58931829672986,18.006485379579743,129.49736303159722,154.8301817561352,0.9033940114026752,0.04418439095220765,0.09220773210494047,0.025263609398903958,0.009276619605685415,0.5574345714864263,103.0,29.0,0.2815533980582524,0.0,0.0,7.6104423180830825,88.5958036763096,131.06799656456317,False,False,0.0,0.0,False,0.0,0,0,0,True
105,100,0.0,98.0353564801928,118.66564768202046,117.54793667549256,104.85224558646823,9.968712386762848,0.0,1.5794903811685383,69.9282414953767,18.447808715898642,129.74409911157875,153.71247074960732,0.9046814532938432,0.04568315067000876,0.09197515420700866,0.013620453013210392,0.011542689681012635,0.5626585736694885,102.0,47.0,0.46078431372549017,0.0,0.0,7.6104423180830825,88.37605021127534,131.3235894927473,False,False,0.0,0.0,False,0.0,0,0,0,True
106,98,0.020000000000000018,96.77986603741581,118.4198654746418,115.30667841063814,104.81397695184339,9.76933813902759,0.1590491318535676,1.59428295649345,70.50711542702665,18.218370744620966,130.4672491540943,150.59928368560367,0.9060904990091542,0.047327118808673886,0.09164184537700419,-0.010098099981952111,0.006190562361568284,0.5713458746758528,102.0,28.0,0.27450980392156865,0.0,0.0,7.6104423180830825,88.72548617164762,132.06153211058776,False,False,0.0,0.0,False,0.0,0,0,0,True
107,100,0.0,97.9768897287383,118.01814166969349,117.54793667549256,104.66422618812781,9.968712386762848,0.0,1.5880715551198503,69.69837105025546,18.483595215784213,130.85082729319228,150.12907869140275,0.9077780645871432,0.04928198029184383,0.09136702317583748,-0.013160956271463409,0.005113665399378178,0.5722721662145098,101.0,50.0,0.49504950495049505,0.0,0.0,7.6104423180830825,88.18196626603967,132.43889884831214,False,False,0.0,0.0,False,0.0,0,0,0,True
108,98,0.020000000000000018,96.53889905062131,117.60543136337107,115.30667841063814,104.50263697311614,9.76933813902759,0.1590491318535676,1.5928876980962596,66.09645529091425,18.235168230073132,131.5485975509212,147.8303257386698,0.9094648681239825,0.05124008860154514,0.0910289426506898,-0.02859351783108231,0.006619957115617099,0.5787818719445714,102.0,29.0,0.28431372549019607,0.0,0.0,5.155037042397229,84.33162352098738,133.14148524901745,False,False,0.0,0.0,False,0.0,1,1,0,True
109,100,0.0,95.44036566447092,114.8817790073472,117.72478560973522,102.29479934154308,9.968712386762848,0.0,1.5575898649569342,65.27023013916187,15.441597257458287,132.87161255801158,150.67333234105783,0.9113154083766828,0.05337653313023403,0.09078392187015792,-0.0034768392592784527,0.02514303696622639,0.5633494742565541,101.0,101.0,1.0,0.0,0.0,5.155037042397229,80.71182739662015,134.4292024229685,False,False,0.0,0.0,False,0.0,0,0,0,True
110,99,0.010000000000000009,95.85702761712155,115.33132500184935,116.483592039538,102.84968641395015,9.869025262895219,0.0795245659267838,1.518463776666582,64.57082099632174,14.369968094777484,135.68665386196037,151.8255993787465,0.9127521460697358,0.05501538332500895,0.090742453435107,0.006678319308976643,0.013592387975069207,0.5630696958909464,102.0,102.0,1.0,0.0,0.0,5.155037042397229,78.94078909109922,137.20511763862694,False,False,0.0,0.0,False,0.0,0,0,0,True
111,99,0.010000000000000009,96.65092968399381,116.08636353507427,116.42007672950977,103.65097406476795,9.869025262895219,0.0795245659267838,1.5353773048750254,63.91087647162621,13.347794471130408,137.18758580445075,152.15931257318198,0.9140035174420156,0.056429921564564986,0.09082207313477414,0.0075217907421558814,0.007313334323180503,0.5658312353541202,99.0,99.0,1.0,0.0,0.0,5.155037042397229,77.25867094275662,138.72296310932578,False,False,0.0,0.0,False,0.0,0,0,0,True
112,99,0.010000000000000009,97.1678521918084,116.66391613086725,116.30674310529534,104.28316236663981,9.869025262895219,0.0795245659267838,1.5980168872596308,63.389050570617215,12.319339666481987,138.6188741410263,151.80213954761012,0.9151895426080088,0.0577666442247905,0.09100458126285457,0.0043935579393000355,0.007920455234806254,0.5685502320962451,99.0,99.0,1.0,0.0,0.0,5.155037042397229,75.7083902370992,140.21689102828594,False,False,0.0,0.0,False,0.0,0,0,0,True
113,99,0.010000000000000009,97.25638685764679,116.60521402658448,116.48083111839058,104.34806682650085,9.869025262895219,0.0795245659267838,1.628303184738233,62.793098416292146,11.290167154462901,139.6107630715291,151.6777566394162,0.9163476312599073,0.05908760242564148,0.09107479756414263,0.0008878081537674997,0.00748936455055077,0.5688141726119961,101.0,101.0,1.0,0.0,0.0,5.155037042397229,74.08326557075505,141.23906625626734,False,False,0.0,0.0,False,0.0,0,0,0,True
114,100,0.0,98.0591665502018,117.432948916467,117.65774474729044,105.20241561281095,9.968712386762848,0.0,1.631930137305361,62.181239011304285,10.252442666961414,141.40291949786908,151.9025524702396,0.9175050578610981,0.06040017147312062,0.09126376157940412,-0.0027429172758675125,0.009298638478565095,0.571581588696128,102.0,102.0,1.0,0.0,0.0,5.155037042397229,72.4336816782657,143.03484963517445,False,False,0.0,0.0,False,0.0,0,0,0,True
115,98,0.020000000000000018,96.72536042925346,115.75932858262993,115.30667841063814,103.81088585582461,9.76933813902759,0.1590491318535676,1.642740039274727,61.538052663582825,9.228415933694324,141.13684472811602,151.4499022982478,0.9186637196512317,0.06170508328824438,0.09159479855441102,-0.0034071289436162834,0.012351915384358389,0.5672083058972319,100.0,100.0,1.0,0.0,0.0,5.155037042397229,70.76646859727715,142.77958476739073,False,False,0.0,0.0,False,0.0,0,0,0,True
116,100,0.0,97.94689710067243,117.09610379598206,117.54793667549256,105.11149227313514,9.968712386762848,0.0,1.6296584021030653,60.88741824795838,8.191350736349698,143.26153702619976,151.90173517775833,0.9197841938948376,0.0629619475496371,0.09199325877601677,-0.0022777114967752698,0.007230313657800987,0.5700150432876365,103.0,103.0,1.0,0.0,0.0,5.155037042397229,69.07876898430808,144.89119542830284,False,False,0.0,0.0,False,0.0,0,0,0,True
117,98,0.020000000000000018,96.78743389423009,115.82726388986163,115.30667841063814,104.06715979876586,9.76933813902759,0.1590491318535676,1.628236356186639,60.38145016434066,7.164496675202722,143.29843605214037,151.38114969853484,0.920827008463533,0.06414090120769023,0.09232506574031218,-0.003649300271155198,0.010438666914098185,0.5667519130310141,101.0,101.0,1.0,0.0,0.0,5.155037042397229,67.54594683954339,144.92667240832702,False,False,0.0,0.0,False,0.0,0,0,0,True
118,100,0.0,97.83189837634258,116.83812834422325,117.59699035840963,105.06640124743258,9.968712386762848,0.0,1.5586093177652995,59.70429654448595,6.12751924533359,145.16041306714828,152.14001171272122,0.921841908820317,0.06528499024776271,0.09270209743121567,-0.0007010951038087243,0.006064180522430594,0.5679363782136388,102.0,102.0,1.0,0.0,0.0,5.155037042397229,65.83181578981954,146.7190223849136,False,False,0.0,0.0,False,0.0,0,0,0,True
119,98,0.020000000000000018,96.85480908648671,115.57263745033578,115.30667841063814,104.00820990824788,9.76933813902759,0.1590491318535676,1.5901472310765954,59.06419382877718,5.1008453149886535,145.14358212767715,151.87405267302358,0.9227689179056444,0.06632751304905873,0.09314448564339274,0.0005296930658320487,0.009776104227524675,0.5637034378602201,102.0,102.0,1.0,0.0,0.0,5.155037042397229,64.16503914376582,146.73372935875375,False,False,0.0,0.0,False,0.0,0,0,0,True
120,100,0.0,98.07000278898022,116.82644079580209,117.54793667549256,105.21056021103274,9.968712386762848,0.0,1.5952516428269847,58.322261186830104,4.06200268277945,147.1550069983229,152.59554855271406,0.9236358688215229,0.0672992446472622,0.09360247197930123,0.004564369277128893,0.006348055449374225,0.5649473439093728,104.0,104.0,1.0,0.0,0.0,5.155037042397229,62.384263869609555,148.75025864114988,False,False,0.0,0.0,False,0.0,0,0,0,True
121,98,0.020000000000000018,97.34778261046978,115.9928155801757,115.30667841063814,104.52655487471645,9.76933813902759,0.1590491318535676,1.6102679277496552,57.64302805754942,3.9667433319183276,146.85151352592132,151.90941138317658,0.9243927872006736,0.06815769526314278,0.09394188940836323,0.0016135415632734906,0.005461352390922359,0.5632415064374623,102.0,59.0,0.5784313725490197,0.0,0.0,5.155037042397229,61.60977138946775,148.46178145367097,False,False,0.0,0.0,False,0.0,0,0,0,True
122,100,0.0,99.3320158653598,118.20467699258982,117.548397269148,106.59126484629446,9.968712386762848,0.0,1.6187352176612624,56.9734614247905,3.916828514986655,146.8872740349314,151.25313165973472,0.9251695078763597,0.06903697379651955,0.09428410914156024,-0.004624393374697211,0.01624042782344842,0.5682034796032203,102.0,58.0,0.5686274509803921,0.0,0.0,5.155037042397229,60.890289939777155,148.50600925259266,False,False,0.0,0.0,False,0.0,0,0,0,True
123,100,0.0,99.4250515512031,118.81032683569555,117.548397269148,107.22992956272692,9.968712386762848,0.0,1.6196615346007406,56.818380336622575,3.7896981596571413,146.3583195148296,149.99120209318718,0.9260003484247582,0.06998567987718977,0.09437881432049496,-0.014228714400170562,0.014978308814059616,0.5707288763827978,101.0,52.0,0.5148514851485149,0.0,0.0,5.155037042397229,60.60807849627972,147.97798104943033,False,False,0.0,0.0,False,0.0,0,0,0,True
124,99,0.010000000000000009,98.4562491883532,117.7501102171883,116.46653690901799,106.38926680754389,9.869025262895219,0.0795245659267838,1.6132295967123171,56.798816691933425,3.6509559997613588,145.95905930565334,148.70762878501688,0.9269267868404365,0.07105165614843201,0.09424553355065253,-0.02044514796856844,0.0025566199047828268,0.5695261210548314,101.0,47.0,0.46534653465346537,0.0,0.0,5.155037042397229,60.44977269169478,147.57228890236567,False,False,0.0,0.0,False,0.0,0,0,0,True
125,99,0.010000000000000009,98.42673474066035,117.02047193887316,116.30674310529534,105.85798780850217,9.869025262895219,0.0795245659267838,1.60750817713835,56.27756443340352,3.569896294232067,145.75137868261157,147.9938999514391,0.9279108722647393,0.07218146574354171,0.09403095504190054,-0.02007151755342861,0.0061119622583777145,0.5677769553590176,102.0,53.0,0.5196078431372549,0.0,0.0,5.155037042397229,59.847460727635585,147.35888685974993,False,False,0.0,0.0,False,0.0,0,0,0,True
126,100,0.0,98.89259589984458,117.20999660310422,117.54793667549256,106.15975722144071,9.968712386762848,0.0,1.5912724775929155,55.543194322205416,3.544712086127266,146.40579239130855,148.33184002382745,0.9288468176396965,0.07327546890321704,0.09365838378801113,-0.015786368770624636,0.004669747602858562,0.5673649154720384,104.0,57.0,0.5480769230769231,0.0,0.0,5.155037042397229,59.087906408332685,147.99706486890148,False,False,0.0,0.0,False,0.0,0,0,0,True
127,98,0.020000000000000018,97.33412732588987,116.60415904243277,115.30667841063814,105.73326102396459,9.76933813902759,0.1590491318535676,1.5912101998235717,55.97142475894502,3.5485679717808214,147.456841778125,147.0343593920328,0.9296925423233166,0.07427654021667185,0.09322181677955262,-0.022464633076002057,0.007316810608927434,0.5692894432293186,104.0,45.0,0.4326923076923077,0.0,0.0,5.155037042397229,59.51999273072584,149.04805197794857,False,False,0.0,0.0,False,0.0,0,0,0,True
128,100,0.0,98.94735431721891,116.85858920441775,117.92375223162378,106.09166461354532,9.968712386762848,0.0,1.5930504415282851,55.12152007608779,3.562763887326274,148.52243120201626,148.09952241923884,0.9306075174538094,0.07535369242730201,0.09286932774113281,-0.019362151919896802,0.004970975274502601,0.5691864268357575,106.0,57.0,0.5377358490566038,0.0,0.0,5.155037042397229,58.68428396341407,150.11548164354454,False,False,0.0,0.0,False,0.0,0,0,0,True
129,99,0.010000000000000009,97.92033142719215,116.42020352595458,116.483592039538,105.80174751597428,9.869025262895219,0.0795245659267838,1.5819360119581194,54.98595738159182,3.6237634100739333,149.24277343706325,148.16291093282223,0.9314800020197096,0.07635720556985381,0.09277426575280064,-0.018019440879524406,0.006700134803037551,0.568214538256971,104.0,48.0,0.46153846153846156,0.0,0.0,5.155037042397229,58.60972079166575,150.82470944902136,False,False,0.0,0.0,False,0.0,0,0,0,True
130,99,0.010000000000000009,98.05263143624413,116.04988613595319,116.48083111839058,105.56582921051817,9.869025262895219,0.0795245659267838,1.5804220555763162,54.4869887803136,3.685861281087923,149.98176186585144,148.5938559152596,0.9323199394475269,0.07731702889736611,0.09279006886526053,-0.013630337936667264,0.007467446193789825,0.566525299222674,105.0,51.0,0.4857142857142857,0.0,0.0,5.155037042397229,58.172850061401526,151.56218392142776,False,False,0.0,0.0,False,0.0,0,0,0,True
131,99,0.010000000000000009,98.19629242809904,116.10314972571095,116.30674310529534,105.70360189032151,9.869025262895219,0.0795245659267838,1.5827747265025358,53.96838585702403,3.8082879714601536,151.06948885927213,148.797449294844,0.9330879118548981,0.07818836212177618,0.09290628368579124,-0.009032345657288467,0.005649480512633446,0.5658016545476474,106.0,49.0,0.46226415094339623,0.0,0.0,5.155037042397229,57.776673828484185,152.65226358577468,False,False,0.0,0.0,False,0.0,0,0,0,True
132,99,0.010000000000000009,98.32354829241221,117.03251287939099,116.38853877076815,106.63480842255095,9.869025262895219,0.0795245659267838,1.5891631223565665,54.23944213772,3.945647178650889,152.59193400811546,148.15347518622121,0.933762955804753,0.07897162263946503,0.09289031803208592,-0.014348719017529715,0.007004110583570024,0.5691936941170845,104.0,41.0,0.3942307692307692,0.0,0.0,5.155037042397229,58.185089316370885,154.181097130472,False,False,0.0,0.0,False,0.0,0,0,0,True
133,100,0.0,98.99560200106386,117.39667460449505,117.82869896285393,107.06117367310665,9.968712386762848,0.0,1.596352362841587,54.254966074515615,4.021471858891252,153.42111068218753,148.5854995445801,0.93448767845472,0.07981856334402707,0.09281932703149103,-0.016522281989344707,0.007211254838632851,0.569811229099958,104.0,42.0,0.40384615384615385,0.0,0.0,5.155037042397229,58.27643793340687,155.01746304502913,False,False,0.0,0.0,False,0.0,0,0,0,True
134,99,0.010000000000000009,98.22764154123422,117.2614514644946,116.38853877076815,107.0276067358536,9.869025262895219,0.0795245659267838,1.5992626350940322,55.02128832479747,4.081607158476103,154.6204608163902,147.71258685085363,0.9352340784786664,0.0806787329434842,0.09283216449331587,-0.022148978551676253,0.004245749339548869,0.5711937171691834,104.0,36.0,0.34615384615384615,0.0,0.0,5.155037042397229,59.10289548327357,156.2197234514842,False,False,0.0,0.0,False,0.0,0,0,0,True
135,100,0.0,99.30250487028296,117.36521334494334,117.38860346542535,107.2215854558459,9.968712386762848,0.0,1.601533603270329,54.91293754197952,4.115937295535639,155.17160891997952,147.73597697133567,0.9360311280829505,0.08160381808126702,0.09278494568862347,-0.019015860174300896,0.0036163969898589444,0.5701948533152158,105.0,42.0,0.4,0.0,0.0,5.155037042397229,59.028874837515154,156.77314252324985,False,False,0.0,0.0,False,0.0,0,0,0,True
136,98,0.020000000000000018,97.41081157863668,116.0512205687985,115.30667841063814,106.12130925549302,9.76933813902759,0.1590491318535676,1.5993252839673904,55.62801910787109,4.163254787231489,156.27134554483123,146.99143481317532,0.9367438610440914,0.08245915145739935,0.09247496554388643,-0.02145215483577704,0.009263717440140649,0.5684443911777924,103.0,36.0,0.34951456310679613,0.0,0.0,5.155037042397229,59.79127389510258,157.87067082879864,False,False,0.0,0.0,False,0.0,0,0,0,True
137,100,0.0,98.92125309809279,115.92768847222806,117.72478560973522,106.10652075315855,9.968712386762848,0.0,1.5948747060079325,54.800518123098165,4.24258534020601,156.99611756643458,148.78853195068248,0.9374758083879428,0.08333179487639908,0.09226257322331415,-0.00947056105855624,0.006571859046803907,0.5646517418755405,105.0,57.0,0.5428571428571428,0.0,0.0,5.155037042397229,59.04310346330418,158.59099227244252,False,False,0.0,0.0,False,0.0,0,0,0,True
138,98,0.020000000000000018,97.22314938286247,115.27211819442908,115.30667841063814,105.57749806316224,9.76933813902759,0.1590491318535676,1.595686033220009,55.1584836700846,4.370774412720867,158.0807165057372,148.82309216689157,0.9380477933978634,0.08400387792977515,0.09225005697690503,-0.006722812242700202,0.009586017687204906,0.5632219698169327,103.0,38.0,0.36893203883495146,0.0,0.0,5.155037042397229,59.52925808280547,159.6764025389572,False,False,0.0,0.0,False,0.0,0,0,0,True
139,100,0.0,99.12797944291792,116.07486040375576,117.38860346542535,106.37519074778034,9.968712386762848,0.0,1.5938262020031138,54.37890448054451,4.503051008018972,158.73235932229264,150.13683522856118,0.9385773621138753,0.08462147528000856,0.0923294891145776,0.005355226092863286,0.0024474896510611552,0.5613709115963854,105.0,55.0,0.5238095238095238,0.0,0.0,5.155037042397229,58.881955488563484,160.32618552429574,False,False,0.0,0.0,False,0.0,0,0,0,True
140,98,0.020000000000000018,97.37830489680094,115.55611122920509,115.30667841063814,105.95087343551133,9.76933813902759,0.1590491318535676,1.5945883811636292,54.94009711140014,4.633795887826454,160.13823089030748,149.88740240999422,0.9389160612103599,0.08504424953714422,0.09215110213013908,0.0037645382636841973,0.004193936706424602,0.5611719007470167,103.0,36.0,0.34951456310679613,0.0,0.0,5.155037042397229,59.573892999226594,161.7328192714711,False,False,0.0,0.0,False,0.0,0,0,0,True
141,100,0.0,99.29121184277726,116.62602940827509,117.62639540739784,106.98110012214445,9.968712386762848,0.0,1.5955173374136635,54.598210683044854,4.7483642002869635,160.46766245585763,150.88776840911697,0.9392755236299919,0.0854841870835513,0.09207698314119359,0.009776454441481909,0.007070616807072547,0.5591288068093935,102.0,43.0,0.4215686274509804,0.0,0.0,5.155037042397229,59.34657488333182,162.0631797932713,False,False,0.0,0.0,False,0.0,0,0,0,True
142,99,0.010000000000000009,98.36123424956497,116.53608615541589,116.46653690901799,106.94393210379138,9.869025262895219,0.0795245659267838,1.421724662732546,54.98247963407508,4.82226791783096,161.33190645875595,150.81821916271906,0.9395567229086217,0.08582455729413696,0.09191044788162815,0.00815886313384959,0.0037222255568860538,0.5589355286510982,103.0,35.0,0.33980582524271846,0.0,0.0,5.155037042397229,59.80474755190603,162.7536311214885,False,False,0.0,0.0,False,0.0,0,0,0,True
143,99,0.010000000000000009,98.32904255366479,115.27283845228706,116.30674310529534,105.83178607434789,9.869025262895219,0.0795245659267838,1.5031821339306217,54.555759955468446,4.88835743415558,161.47894589389207,151.85212381572737,0.9398602517697803,0.08618264146397994,0.09176056592968111,0.019656382806159004,0.008509760058791985,0.5517479519603834,103.0,43.0,0.4174757281553398,0.0,0.0,5.155037042397229,59.444117389624026,162.98212802782268,False,False,0.0,0.0,False,0.0,0,0,0,True
144,99,0.010000000000000009,98.29308130164966,115.54579169146157,116.38853877076815,106.11352974503394,9.869025262895219,0.0795245659267838,1.54498967098908,54.39194121559041,5.026301568684511,161.99627879745566,152.69487089503394,0.9399952308398388,0.08636067957711838,0.09150441161701625,0.026782748886986694,0.003200413960439114,0.5502199143831504,102.0,37.0,0.3627450980392157,0.0,0.0,5.155037042397229,59.418242784274916,163.54126846844474,False,False,0.0,0.0,False,0.0,0,0,0,True
145,100,0.0,99.29246065648549,116.7280817891369,117.548397269148,107.22004345282387,9.968712386762848,0.0,1.5691214572922672,54.291556247837505,5.139668670631811,162.4218814545893,153.51518637504503,0.9400352447517113,0.08643013426232797,0.09123340025670215,0.030753397849599906,0.00873773834369868,0.5512596529551556,102.0,36.0,0.35294117647058826,0.0,0.0,5.155037042397229,59.43122491846932,163.99100291188157,False,False,0.0,0.0,False,0.0,0,0,0,True
146,98,0.020000000000000018,97.38140042487586,115.21535976754228,115.30667841063814,105.84946590266618,9.76933813902759,0.1590491318535676,1.580248831624458,54.75537444774735,5.205890044034358,163.19665129335635,153.6065050181409,0.9400239329465006,0.08643991254445016,0.09087269946657729,0.032401369131119,0.007529779087548634,0.5469201828696817,101.0,33.0,0.32673267326732675,0.0,0.0,5.155037042397229,59.961264491781705,164.7769001249808,False,False,0.0,0.0,False,0.0,0,0,0,True
147,98,0.020000000000000018,97.28165994001701,114.14245243884092,115.30667841063814,104.87444433709462,9.76933813902759,0.1590491318535676,1.5816607603667945,54.35052760186867,5.324978155087546,163.47017296338214,154.77073098993813,0.9400010842905786,0.0864272709557865,0.09065190383656069,0.04372995413859164,0.01372900808732832,0.541397736082452,102.0,42.0,0.4117647058823529,0.0,0.0,5.155037042397229,59.67550575695621,165.05183372374893,False,False,0.0,0.0,False,0.0,0,0,0,True
148,99,0.010000000000000009,98.11575957213162,114.98209260339371,116.38853877076815,105.63435507849462,9.869025262895219,0.0795245659267838,1.5800317008938058,53.83397125153963,5.498109115408319,164.00110323746384,156.17717715731257,0.9398420178489314,0.08624796065037073,0.09056146203511845,0.05359680954337028,0.003168851664695142,0.5409047045579337,102.0,51.0,0.5,0.0,0.0,5.155037042397229,59.33208036694795,165.58113493835765,False,False,0.0,0.0,False,0.0,0,0,0,True
149,99,0.010000000000000009,98.15786578987206,115.3213082060524,116.46653690901799,105.91979550192883,9.869025262895219,0.0795245659267838,1.580996281479112,53.54507410740259,5.6421312752316375,164.55838039525133,157.3224058602782,0.9395612022220654,0.08592820045026588,0.09047051550986811,0.05977217896005486,0.00310763131270059,0.5393469554903497,102.0,40.0,0.39215686274509803,0.0,0.0,5.155037042397229,59.18720538263423,166.13937667673045,False,False,0.0,0.0,False,0.0,0,0,0,True
150,98,0.020000000000000018,97.19809768411397,114.43582197725775,115.30667841063814,105.07102353379734,9.76933813902759,0.1590491318535676,1.5811800414125938,53.37632269840096,5.78187696672524,165.29253598076505,158.19326229365856,0.9392181642972617,0.08552666819885239,0.09043156233456215,0.06601364564151775,0.006332784070865979,0.5352975274237697,102.0,36.0,0.35294117647058826,0.0,0.0,5.155037042397229,59.158199665126205,166.87371602217763,False,False,0.0,0.0,False,0.0,0,0,0,True
151,98,0.020000000000000018,97.0955997663875,114.13387513929935,115.30667841063814,104.74483103400843,9.76933813902759,0.1590491318535676,1.579156193278857,52.97567891315548,5.96689752351603,166.03830590463326,159.3660655649973,0.9388134090716006,0.08504533393116225,0.0905219026762512,0.07446858642033374,0.006474329037265485,0.5325493460661206,103.0,44.0,0.42718446601941745,0.0,0.0,5.155037042397229,58.94257643667151,167.61746209791212,False,False,0.0,0.0,False,0.0,0,0,0,True
152,100,0.0,99.00351940083763,116.51056748093625,117.548397269148,106.85947985098821,9.968712386762848,0.0,1.582641083077746,52.732767500358115,6.155236859393747,167.06631802959384,160.4038953532091,0.938319944318728,0.08445365279068669,0.09072922682962509,0.07598391640551719,0.016674418967181276,0.5369961965116865,104.0,46.0,0.4423076923076923,0.0,0.0,5.155037042397229,58.88800435975186,168.64895911267158,False,False,0.0,0.0,False,0.0,0,0,0,True
153,98,0.020000000000000018,97.2770367692686,115.47753486772599,115.30667841063814,105.84988251554775,9.76933813902759,0.1590491318535676,1.5878256166681626,53.240144480034274,6.2370877903975845,168.367465786536,160.2330388961213,0.9378203435083522,0.0838567321738701,0.09084178745081932,0.0722949355397258,0.002945088364262754,0.5349683611088568,103.0,34.0,0.3300970873786408,0.0,0.0,5.155037042397229,59.477232270431855,169.95529140320417,False,False,0.0,0.0,False,0.0,0,0,0,True
154,100,0.0,99.10182947589227,116.3733121502094,117.38860346542535,106.61062027920632,9.968712386762848,0.0,1.5850337020832124,52.65304110004052,6.33267883722372,169.27015328808045,161.24833021133725,0.9373894961319926,0.0833332356078341,0.09106630294065808,0.07864961637910887,0.008306500655259133,0.5340218326739796,104.0,54.0,0.5192307692307693,0.0,0.0,5.155037042397229,58.985719937264236,170.85518699016367,False,False,0.0,0.0,False,0.0,0,0,0,True
155,98,0.020000000000000018,97.36171596714753,115.7653443104861,115.30667841063814,105.993039135077,9.76933813902759,0.1590491318535676,1.5943417168756644,53.220172323360266,6.412034467696808,170.7369101180806,160.7896643114893,0.9368655187075919,0.08272848954056064,0.09102430121720981,0.07373286986392183,0.0021359399888487853,0.5342330509664242,102.0,34.0,0.3333333333333333,0.0,0.0,5.155037042397229,59.63220679105707,172.33125183495628,False,False,0.0,0.0,False,0.0,0,0,0,True
156,100,0.0,99.30071574248663,116.99143130850673,117.62639540739784,107.05883950069999,9.968712386762848,0.0,1.603658967732627,52.89376953604878,6.480361898182369,171.248657217651,161.4246284103804,0.9364262042674957,0.08221562620136477,0.09108849521091626,0.07472574570241163,0.010390775847633886,0.5356015933533234,103.0,48.0,0.46601941747572817,0.0,0.0,5.155037042397229,59.374131434231145,172.85231618538361,False,False,0.0,0.0,False,0.0,0,0,0,True
157,98,0.020000000000000018,97.4088575348404,116.04808373022202,115.30667841063814,106.14303770957025,9.76933813902759,0.1590491318535676,1.6019003111058632,53.561132536189035,6.509922685789782,172.5335189062679,160.6832230907965,0.9359919546611865,0.08170119769676285,0.0911028534222504,0.06869100708176866,0.0023871925985069977,0.5352444114744043,101.0,34.0,0.33663366336633666,0.0,0.0,5.155037042397229,60.07105522197882,174.13541921737374,False,False,0.0,0.0,False,0.0,0,0,0,True
158,100,0.0,99.34726599952546,117.07159554691063,117.548397269148,107.03216993536968,9.968712386762848,0.0,1.6051234806235255,53.167420856976086,6.544641199140509,172.83272172908502,161.16002481303389,0.9356534925558538,0.08129227645860852,0.09122128706907101,0.07044344863490867,0.0076053649965221945,0.5362405901540959,102.0,51.0,0.5,0.0,0.0,5.155037042397229,59.712062056116594,174.43784520970854,False,False,0.0,0.0,False,0.0,0,0,0,True
159,99,0.010000000000000009,98.40048395291858,116.91943532116096,116.38853877076815,106.84950337002071,9.869025262895219,0.0795245659267838,1.6023156577889666,53.53805896885859,6.549456765108222,173.60805451482776,160.62912826264105,0.9352976406084059,0.08086708557543239,0.09123119850547891,0.06586074495115886,0.0032900856183506457,0.5368176808704903,101.0,34.0,0.33663366336633666,0.0,0.0,5.155037042397229,60.08751573396682,175.21037017261673,False,False,0.0,0.0,False,0.0,0,0,0,True
160,99,0.010000000000000009,98.38713711385496,116.55216921874403,116.46653690901799,106.4792554673168,9.869025262895219,0.0795245659267838,1.5999338034909436,53.565305147774616,6.54997476746882,174.0248405110632,160.54349595291504,0.9350067360234986,0.08052189987636585,0.09120994002867856,0.06549824851325062,0.0019476762590291956,0.5357711343558698,101.0,37.0,0.36633663366336633,0.0,0.0,5.155037042397229,60.115279915243434,175.62477431455414,False,False,0.0,0.0,False,0.0,0,0,0,True
161,99,0.010000000000000009,98.37342243733234,116.48969636023638,116.46653690901799,106.38867144359641,9.869025262895219,0.0795245659267838,1.5981286875881204,53.51722760074663,6.569544032924489,174.4831462835421,160.52033650169662,0.9347327711462021,0.08019119556747616,0.09121506465205112,0.06560395365036482,0.0021799239981246696,0.5357671875934724,101.0,41.0,0.40594059405940597,0.0,0.0,5.155037042397229,60.08677163367112,176.08127497113023,False,False,0.0,0.0,False,0.0,0,0,0,True
162,100,0.0,99.36688514028722,117.48383205949564,117.548397269148,107.26312302632853,9.968712386762848,0.0,1.600042310307225,53.332001081253566,6.587993546989427,174.80392028744575,160.58490171134892,0.9344691705699397,0.0798678504307948,0.09124690523022104,0.06462419133822643,0.007725185280660812,0.5379914478797446,101.0,44.0,0.43564356435643564,0.0,0.0,5.155037042397229,59.91999462824299,176.40396259775298,False,False,0.0,0.0,False,0.0,0,0,0,True
163,99,0.010000000000000009,98.40276858012778,117.0721250262152,116.46653690901799,106.86077278860908,9.869025262895219,0.0795245659267838,1.5976813077698204,53.71789169002087,6.574885276162801,175.48013746269316,159.97931359415173,0.934220447268036,0.079567015003536,0.09118016414413799,0.059802585469752055,0.0019267788621417515,0.5383759856478669,100.0,33.0,0.33,0.0,0.0,5.155037042397229,60.29277696618367,177.07781877046298,False,False,0.0,0.0,False,0.0,0,0,0,True
164,100,0.0,99.37642730768354,117.49050880885443,117.548397269148,107.22329879326442,9.968712386762848,0.0,1.5994933566937892,53.490284944021894,6.565425218005509,175.52408002245772,160.03720205444532,0.9340444391567788,0.07934653434641352,0.09115290448535227,0.06012344333693771,0.004318208542756984,0.5388426495160215,100.0,39.0,0.39,0.0,0.0,5.155037042397229,60.0557101620274,177.1235733791515,False,False,0.0,0.0,False,0.0,0,0,0,True
165,99,0.010000000000000009,98.39498523813417,116.92920190156899,116.46653690901799,106.69585764672684,9.869025262895219,0.0795245659267838,1.5971966493529224,53.72470689898321,6.556984101552922,175.97721582407956,159.57453706189432,0.9338633234955191,0.07912616956244947,0.09103600859248312,0.057518340021952996,0.0041363519487905235,0.5384266666214151,101.0,33.0,0.32673267326732675,0.0,0.0,5.155037042397229,60.28169100053613,177.5744124734325,False,False,0.0,0.0,False,0.0,0,0,0,True
166,100,0.0,99.36584575202622,117.46608827398776,117.548397269148,107.17358563791502,9.968712386762848,0.0,1.5991183754733889,53.45833078181071,6.565697913926143,176.02934295711464,159.6568460570545,0.9337240209779868,0.07895104208563819,0.09096643489865024,0.058272925137867373,0.0034328353891561365,0.5393285925494354,101.0,42.0,0.4158415841584158,0.0,0.0,5.155037042397229,60.02402869573685,177.62846133258802,False,False,0.0,0.0,False,0.0,0,0,0,True
167,99,0.010000000000000009,98.38793049901933,116.95113873754875,116.46653690901799,106.69438377860503,9.869025262895219,0.0795245659267838,1.5969272247030941,53.6973185698059,6.571843381527852,176.55845012528525,159.17224422852377,0.9335729192463351,0.07876880000036968,0.0908171898488098,0.05545313831313607,0.004750674869974944,0.5391339911017127,101.0,35.0,0.3465346534653465,0.0,0.0,5.155037042397229,60.26916195133376,178.15537734998833,False,False,0.0,0.0,False,0.0,0,0,0,True
168,100,0.0,99.35922744600764,117.4426194759006,117.548397269148,107.13614961140323,9.968712386762848,0.0,1.5989337608757905,53.39924605446149,6.593348742137795,176.65385112255376,159.27802202177114,0.9334655711127672,0.07863446182176995,0.09072401878901425,0.05640924984103911,0.0034472419358622676,0.5398794376780278,101.0,44.0,0.43564356435643564,0.0,0.0,5.155037042397229,59.99259479659929,178.25278488342954,False,False,0.0,0.0,False,0.0,0,0,0,True
169,99,0.010000000000000009,98.37991471543631,116.78971335966504,116.46653690901799,106.53580295202443,9.869025262895219,0.0795245659267838,1.596805675231209,53.48564686080703,6.617282683574533,177.1215055228655,158.95484557112408,0.9333430074721439,0.07848934261130007,0.0905591544349485,0.05512464823272891,0.006082040521044365,0.5388178223657922,101.0,34.0,0.33663366336633666,0.0,0.0,5.155037042397229,60.10292954438157,178.7183111980967,False,False,0.0,0.0,False,0.0,0,0,0,True
170,99,0.010000000000000009,98.35248673613097,116.2882360005928,116.46653690901799,106.07367057238275,9.869025262895219,0.0795245659267838,1.5956615953135225,53.14137510551523,6.67852828266717,177.40714304679437,159.13314647954928,0.9332437402737235,0.07836864568105632,0.09045429623245423,0.058272620668047906,0.008278100029908114,0.5371005156658761,101.0,45.0,0.44554455445544555,0.0,0.0,5.155037042397229,59.8199033881824,179.0028046421079,False,False,0.0,0.0,False,0.0,0,0,0,True
171,100,0.0,99.30280833253369,117.42251701731492,117.548397269148,107.0969284943623,9.968712386762848,0.0,1.594935351263998,52.83813872441579,6.774502559332451,177.91829733920588,159.2590267313824,0.9331100707701637,0.0782058111093524,0.09040385213537869,0.0579956213277637,0.0057860717887944155,0.5398840718486253,102.0,48.0,0.47058823529411764,0.0,0.0,5.155037042397229,59.612641283748246,179.51323269046986,False,False,0.0,0.0,False,0.0,0,0,0,True
172,99,0.010000000000000009,98.36363889945868,117.02727992022035,116.46653690901799,106.72866887615167,9.869025262895219,0.0795245659267838,1.594051420361532,53.11509930719481,6.838033403873698,178.84429012847824,158.69828372017997,0.932978824680403,0.07805292289383473,0.09028469562946403,0.053394386785903046,0.002960321367112763,0.5403780998459912,101.0,35.0,0.3465346534653465,0.0,0.0,5.155037042397229,59.953132711068506,180.43834154883976,False,False,0.0,0.0,False,0.0,0,0,0,True
173,100,0.0,99.32368444942632,117.44762510804328,117.548397269148,107.10919030230893,9.968712386762848,0.0,1.5957611415665085,52.80472691474459,6.907866163587817,179.18734485141323,158.7990558812847,0.9329147136098312,0.07797546034041221,0.09022756695669894,0.05372273221046383,0.003795753903827566,0.5408811322058471,101.0,44.0,0.43564356435643564,0.0,0.0,5.155037042397229,59.71259307833241,180.78310599297973,False,False,0.0,0.0,False,0.0,0,0,0,True
174,99,0.010000000000000009,98.35445185942594,116.869606624194,116.46653690901799,106.58154751154358,9.869025262895219,0.0795245659267838,1.5952175073253463,52.94288733506067,6.980849637880028,179.939502007719,158.39598616610868,0.932843220172009,0.07789652553948549,0.09010098130800197,0.05126040625571199,0.004388578247890375,0.5404168450018696,101.0,35.0,0.3465346534653465,0.0,0.0,5.155037042397229,59.923736972940695,181.53471951504434,False,False,0.0,0.0,False,0.0,0,0,0,True
175,100,0.0,99.30131200882894,117.40413334032372,117.548397269148,107.07001570409054,9.968712386762848,0.0,1.5957570533224548,52.60843602664723,7.072584859310247,180.30414710647128,158.54025009493293,0.9328099200413285,0.07785933232472438,0.09003455486971533,0.05211411933403529,0.0031179483953185914,0.5412979056643061,102.0,46.0,0.45098039215686275,0.0,0.0,5.155037042397229,59.68102088595748,181.89990415979372,False,False,0.0,0.0,False,0.0,0,0,0,True
176,99,0.010000000000000009,98.33599627566333,116.82578794007291,116.46653690901799,106.54490970384299,9.869025262895219,0.0795245659267838,1.5944437871125112,52.72068396697438,7.16150897544067,181.0813669101717,158.180999063878,0.9327622289583164,0.0778122066973275,0.08989958803563905,0.05006122930115915,0.0040599105439579255,0.5408076038152185,102.0,35.0,0.3431372549019608,0.0,0.0,5.155037042397229,59.882192942415045,182.67581069728422,False,False,0.0,0.0,False,0.0,0,0,0,True
177,100,0.0,99.28422741305751,117.37087408465447,117.548397269148,107.04509288638997,9.968712386762848,0.0,1.5947543196626526,52.37028760876657,7.268472912999866,181.48398829995378,158.35852224837151,0.932747439061821,0.07780026723212048,0.08982652076506487,0.05113643194599913,0.0028713604060476784,0.5417657887896951,102.0,48.0,0.47058823529411764,0.0,0.0,5.155037042397229,59.638760521766436,183.07874261961643,False,False,0.0,0.0,False,0.0,0,0,0,True
178,99,0.010000000000000009,98.32201983260063,116.79210836643423,116.46653690901799,106.52111124977827,9.869025262895219,0.0795245659267838,1.5936980678544639,52.4645267100932,7.371172856289027,182.29202073665036,158.03295079095528,0.9327155889485267,0.07777477397742857,0.089688163835481,0.049277721263148264,0.0033928037941765707,0.5412919518944781,102.0,36.0,0.35294117647058826,0.0,0.0,5.155037042397229,59.83569956638223,183.88571880450482,False,False,0.0,0.0,False,0.0,0,0,0,True
179,100,0.0,99.27279529405523,117.35602612547501,117.548397269148,107.03957540080371,9.968712386762848,0.0,1.5944055396888814,52.111359103141645,7.490775905286651,182.7359943988768,158.22532193462825,0.9327144460798438,0.07778134600582723,0.08961549721705521,0.05032536541171687,0.0029590772675395158,0.5423987743938739,102.0,48.0,0.47058823529411764,0.0,0.0,5.155037042397229,59.6021350084283,184.3303999385657,False,False,0.0,0.0,False,0.0,0,0,0,True
180,99,0.010000000000000009,98.3144372312147,116.91428503221974,116.46653690901799,106.6414349450073,9.869025262895219,0.0795245659267838,1.593843432224113,52.32481446532143,7.602421741283218,183.69510839937453,157.77757381142655,0.9326969862430745,0.0777745803198067,0.08948274404531406,0.047066175010140994,0.0019000256090544077,0.5427903926767375,101.0,36.0,0.3564356435643564,0.0,0.0,5.155037042397229,59.92723620660465,185.28895183159864,False,False,0.0,0.0,False,0.0,0,0,0,True
181,100,0.0,99.27481249060556,117.4220708909083,117.548397269148,107.11154953754519,9.968712386762848,0.0,1.5955287996146195,52.03760088928417,7.717381322142849,184.20911448305884,157.90390018966622,0.9327287250331542,0.07782061285540816,0.08942228839551605,0.04747093032507582,0.003212107128667705,0.5439650336312717,101.0,49.0,0.48514851485148514,0.0,0.0,5.155037042397229,59.75498221142702,185.80464328267345,False,False,0.0,0.0,False,0.0,0,0,0,True
182,100,0.0,99.3148137627368,117.92047546550506,117.548397269148,107.5744880150693,9.968712386762848,0.0,1.59886991633726,52.16481991672764,7.814273237470356,184.95523198644008,157.5318219933092,0.9327521287369531,0.07786187523422561,0.08930820904920417,0.043260695795731656,0.006266874976411966,0.5465186318569685,101.0,38.0,0.37623762376237624,0.0,0.0,5.155037042397229,59.979093154198,186.55410190277735,False,False,0.0,0.0,False,0.0,0,0,0,True
183,100,0.0,99.34818904416223,117.9169421124592,117.548397269148,107.58759564380863,9.968712386762848,0.0,1.6029346676098386,52.27695683548938,7.878128302539846,185.47823482711084,157.16327714999798,0.932827485152813,0.07796754425098222,0.08915197591862187,0.039972446451037355,0.003969593592527696,0.5475049181170182,100.0,35.0,0.35,0.0,0.0,5.155037042397229,60.15508513802922,187.08116949472068,False,False,0.0,0.0,False,0.0,0,0,0,True
184,100,0.0,99.34400131070143,117.83814973967986,117.548397269148,107.53814392696464,9.968712386762848,0.0,1.6046486249677028,52.34541513463544,7.934390262863513,185.83959739443156,156.8735246794661,0.9329415705599416,0.07812169698337286,0.08896136382946858,0.03794098003598491,0.0026092447493069513,0.5481340554852305,101.0,35.0,0.3465346534653465,0.0,0.0,5.155037042397229,60.27980539749895,187.44424601939926,False,False,0.0,0.0,False,0.0,0,0,0,True
185,100,0.0,99.33892699206045,117.73848316820968,117.548397269148,107.4733258455566,9.968712386762848,0.0,1.6048722718614192,52.355038784203536,7.988541330054655,186.09506123433738,156.68343878040443,0.9330774899641223,0.07830407039620153,0.08874532605706803,0.037016787924021015,0.0020695238173882146,0.5484970493354069,101.0,35.0,0.3465346534653465,0.0,0.0,5.155037042397229,60.34358011425819,187.6999335061988,False,False,0.0,0.0,False,0.0,0,0,0,True
186,100,0.0,99.33475705983493,117.6701813048222,117.548397269148,107.4386851523303,9.968712386762848,0.0,1.604352965660615,52.333774686516534,8.04378260666666,186.31686751197265,156.56165474473025,0.9332208602350832,0.07849724737902634,0.08851366099213578,0.03664296592843614,0.0024797423070100893,0.5488132257162984,101.0,36.0,0.3564356435643564,0.0,0.0,5.155037042397229,60.377557293183195,187.92122047763326,False,False,0.0,0.0,False,0.0,0,0,0,True
187,100,0.0,99.33237364822725,117.61569335747467,117.548397269148,107.41697629179211,9.968712386762848,0.0,1.6036877030273744,52.292276185349394,8.099779020657413,186.53050812663832,156.49435865640356,0.9333649855051764,0.07869266710784986,0.08827666791699308,0.036583457137130335,0.002895952331063631,0.549026375744766,101.0,38.0,0.37623762376237624,0.0,0.0,5.155037042397229,60.39205520600681,188.13419582966569,False,False,0.0,0.0,False,0.0,0,0,0,True
188,100,0.0,99.33094155808085,117.56956454519535,117.548397269148,107.40240126220615,9.968712386762848,0.0,1.6030987153307805,52.23623432432223,8.156650183402263,186.74761410666815,156.4731913803562,0.9335064332628559,0.07888554170325099,0.08804404809280095,0.03672368697656155,0.003241402732160685,0.5491138138983583,101.0,40.0,0.39603960396039606,0.0,0.0,5.155037042397229,60.392884507724496,188.35071282199894,False,False,0.0,0.0,False,0.0,0,0,0,True
189,100,0.0,99.33011501866856,117.52364146658141,117.548397269148,107.38693114732447,9.968712386762848,0.0,1.6026450061762605,52.1636942668807,8.214632438012138,186.96863333894817,156.49794718292281,0.93364335033552,0.07907293603684531,0.08782419320236681,0.03706607385914712,0.0035258597937090604,0.549030857799165,101.0,40.0,0.39603960396039606,0.0,0.0,5.155037042397229,60.378326704892835,188.57127834512443,False,False,0.0,0.0,False,0.0,0,0,0,True
190,100,0.0,99.32963512365501,117.49591588890924,117.548397269148,107.38649759375478,9.968712386762848,0.0,1.6023213957609328,52.08875844742072,8.27432389437181,187.2104405740086,156.55042856316157,0.9337738836751222,0.07925196570911672,0.08762367533356843,0.037442917378445975,0.003589994502809174,0.5488763160550916,101.0,41.0,0.40594059405940597,0.0,0.0,5.155037042397229,60.363082341792534,188.81276196976953,False,False,0.0,0.0,False,0.0,0,0,0,True
191,100,0.0,99.32970958212663,117.46933602899651,117.548397269148,107.38534290488825,9.968712386762848,0.0,1.6021025545074217,47.91304610398061,8.33499715963555,187.4685191485935,156.62948980331305,0.9338983681122004,0.07942234484204416,0.08744727033493672,0.0378883819045422,0.003620602911784217,0.5485947456021979,101.0,41.0,0.40594059405940597,0.0,0.0,2.6968400107215538,56.24804326361616,189.0706217031009,False,False,0.0,0.0,False,0.0,1,1,0,True
192,100,0.0,98.8060346610775,116.46816725503594,117.548397269148,106.49115562595813,9.968712386762848,0.0,1.6019610774928155,47.316610770097284,7.302680165477415,188.90043186189524,157.70971981742514,0.9340166221115123,0.07958327734980582,0.0872977479231254,0.04829417327646658,0.010165100949626834,0.5423989556894484,102.0,102.0,1.0,0.0,0.0,2.6968400107215538,54.619290935574696,190.50239293938805,False,False,0.0,0.0,False,0.0,0,0,0,True
193,100,0.0,98.76394339390345,116.76169838940199,117.548397269148,106.7612910673931,9.968712386762848,0.0,1.6016894452606418,47.011563013237655,6.267276311356518,189.29035202353379,158.49641869717118,0.933974079381828,0.07955712872657146,0.08715961607043711,0.05429987074540506,0.005310729397809,0.5413081596282213,102.0,102.0,1.0,0.0,0.0,2.6968400107215538,53.27883932459417,190.89204146879442,False,False,0.0,0.0,False,0.0,0,0,0,True
194,100,0.0,98.82655883241104,116.8415576577462,117.548397269148,106.8236501004574,9.968712386762848,0.0,1.6013622554538887,46.695756863891376,5.230506526145625,189.51704829969583,159.20325830857294,0.9338315331422915,0.07941369678460304,0.087038059228418,0.059009276544000656,0.003883419496676613,0.5396733383908294,102.0,102.0,1.0,0.0,0.0,2.6968400107215538,51.926263390037,191.11841055514972,False,False,0.0,0.0,False,0.0,0,0,0,True
195,100,0.0,98.87370735084224,116.9155653027583,117.548397269148,106.87051349155364,9.968712386762848,0.0,1.6010105893958944,46.368812896193845,4.192265477231702,189.7312083390159,159.83609027496263,0.9336089970735258,0.07917567071436653,0.08693391621407867,0.06278325502600915,0.0031860967175714725,0.5381938131027534,102.0,102.0,1.0,0.0,0.0,2.6968400107215538,50.561078373425545,191.33221892841178,False,False,0.0,0.0,False,0.0,0,0,0,True
196,100,0.0,98.92184050878271,116.99989976694096,117.548397269148,106.91834800218984,9.968712386762848,0.0,1.6006485713094816,46.030338302728595,3.152329628390751,189.94468528323114,160.3845877771697,0.9333210957328797,0.07885960365394877,0.08684690089574304,0.06569752346031907,0.0026740158525646496,0.536960446925195,102.0,102.0,1.0,0.0,0.0,2.6968400107215538,49.18266793111935,191.54533385454062,False,False,0.0,0.0,False,0.0,0,0,0,True
197,100,0.0,98.97202903814446,117.09406637223753,117.548397269148,106.96823180696505,9.968712386762848,0.0,1.6002827187282713,45.67992642258816,2.110510544172638,190.15698733680006,160.83891867408016,0.9329810451745079,0.0784805075964095,0.08677625452173739,0.06777910318132976,0.002412004818889677,0.5360053889248648,102.0,102.0,1.0,0.0,0.0,2.6968400107215538,47.7904369667608,191.75727005552832,False,False,0.0,0.0,False,0.0,0,0,0,True
198,100,0.0,99.02396205256501,117.196132937797,117.548397269148,107.0198576042105,9.968712386762848,0.0,1.599915914592145,45.31715625279057,1.0666707531177866,190.36636692375623,161.19118300543113,0.9326013267380558,0.07805263237844522,0.08672104026746638,0.06904007256863905,0.002321368352090563,0.5353493558792255,102.0,102.0,1.0,0.0,0.0,2.6968400107215538,46.38382700590835,191.96628283834838,False,False,0.0,0.0,False,0.0,0,0,0,True
199,100,0.0,99.0771843866908,117.30406308082155,117.548397269148,107.07277190001012,9.968712386762848,0.0,1.5995493291030782,44.941591942464626,0.020725897629027434,190.57085253367364,161.4355171937576,0.9321938965692,0.07758970622427988,0.08668033144898053,0.06948875734568809,0.002248179774035909,0.5350055922096886,102.0,102.0,1.0,0.0,0.0,2.6968400107215538,44.962317840093654,192.1704018627767,False,False,0.0,0.0,False,0.0,0,0,0,True
200,100,0.0,99.13122002497921,117.41584727548816,117.548397269148,107.12649941712233,9.968712386762848,0.0,1.5991833553748689,44.55278226919598,0.0,191.79575565025942,161.56806718741745,0.9317702451295871,0.07710500083469116,0.08665331939137182,0.06913581772521211,0.0021573481169167063,0.5349803544572935,102.0,102.0,1.0,0.0,0.0,2.6968400107215538,44.55278226919598,193.39493900563428,False,False,0.0,0.0,False,0.0,0,0,0,True
201,100,0.0,99.68712386762849,118.07690218875929,117.548397269148,107.68223342680953,9.968712386762848,0.0,1.5989811303778398,44.15026009690523,0.0,192.5285205128613,161.0395622678062,0.9313650567719167,0.0766372949571458,0.08664236775347187,0.06243997301058045,0.006945126896018955,0.5384399914085911,101.0,101.0,1.0,0.0,0.0,2.6968400107215538,44.15026009690523,194.12750164323913,False,False,0.0,0.0,False,0.0,0,0,0,True
202,100,0.0,99.68712386762849,118.11683220668712,117.548397269148,107.68214124715414,9.968712386762848,0.0,1.5988710850362173,43.733541814606475,0.0,192.78773523617042,160.47112733026702,0.9310610634138001,0.07628245386358594,0.0866519076924075,0.05651974922036383,0.004548778957493423,0.539972289379345,101.0,101.0,1.0,0.0,0.0,2.6968400107215538,43.733541814606475,194.38660632120664,False,False,0.0,0.0,False,0.0,0,0,0,True
203,100,0.0,99.68712386762849,118.14642440887897,117.548397269148,107.68209115487707,9.968712386762848,0.0,1.5988111319716545,43.30212675537192,0.0,193.0460090170268,159.87310019053606,0.9308453943863958,0.07602592693253814,0.0866793771876337,0.05108083010859484,0.0029988184612112874,0.5415847582589177,101.0,101.0,1.0,0.0,0.0,2.6968400107215538,43.30212675537192,194.64482014899843,False,False,0.0,0.0,False,0.0,0,0,0,True
204,100,0.0,99.68712386762849,118.16668217319467,117.548397269148,107.68206390153561,9.968712386762848,0.0,1.5987784322485297,42.85549659480481,0.0,193.30265267255095,159.25481528648942,0.9307092780379443,0.07585797335153406,0.08672295647904839,0.04596100650861308,0.0022738977070869814,0.543252141010364,101.0,101.0,1.0,0.0,0.0,2.6968400107215538,42.85549659480481,194.90143110479949,False,False,0.0,0.0,False,0.0,0,0,0,True
205,100,0.0,99.68712386762849,118.2247303900093,117.548397269148,107.72431971824548,9.968712386762848,0.0,1.5987605772571831,42.435385389739196,0.0,193.59934749105855,158.57848216562815,0.9306462238246558,0.07577154649832984,0.08678127971275981,0.04061287200361014,0.0022979336017184986,0.5452193418432661,101.0,101.0,1.0,0.0,0.0,2.6968400107215538,42.435385389739196,195.19810806831575,False,False,0.0,0.0,False,0.0,0,0,0,True
206,100,0.0,99.68712386762849,118.30155966882225,117.548397269148,107.79169679802517,9.968712386762848,0.0,1.5987508172989098,42.067842921304106,0.0,193.92629835076715,157.82531976595388,0.9306570031910635,0.07576804195000823,0.0868536583528452,0.03479980384919549,0.002500741333345648,0.5474633532050714,101.0,101.0,1.0,0.0,0.0,2.6968400107215538,42.067842921304106,195.52504916806606,False,False,0.0,0.0,False,0.0,0,0,0,True
207,100,0.0,99.68712386762849,118.29507192410586,117.548397269148,107.79169237877618,9.968712386762848,0.0,1.5987454765896243,41.68733800340984,0.0,194.1952916456662,157.078645110996,0.9307454213944645,0.07585239275544901,0.08693960087081741,0.02935089578889103,0.0021047010465571623,0.5494215776185107,101.0,101.0,1.0,0.0,0.0,2.6968400107215538,41.68733800340984,195.79403712225582,False,False,0.0,0.0,False,0.0,0,0,0,True
208,100,0.0,99.68712386762849,118.2800468828735,117.548397269148,107.79168996358385,9.968712386762848,0.0,1.598742551072648,41.29341347774022,0.0,194.46094580363905,156.3469954972705,0.9309043445929761,0.07601688996348244,0.08703759218333586,0.0242359114894519,0.002177913018482801,0.5513121925646823,101.0,101.0,1.0,0.0,0.0,2.6968400107215538,41.29341347774022,196.0596883547117,False,False,0.0,0.0,False,0.0,0,0,0,True
209,100,0.0,99.68712386762849,118.25722914036096,117.548397269148,107.79168864223278,9.968712386762848,0.0,1.5987409469067526,40.8855960629673,0.0,194.7231020017743,155.63816362605755,0.9311272005106067,0.07625447512485062,0.08714586445305308,0.019452627889307385,0.002263462395419373,0.5531082367118798,101.0,101.0,1.0,0.0,0.0,2.6968400107215538,40.8855960629673,196.32184294868105,False,False,0.0,0.0,False,0.0,0,0,0,True
210,100,0.0,99.68712386762849,118.22732613575633,117.548397269148,107.79168791856712,9.968712386762848,0.0,1.598740066406531,40.463395786126526,0.0,194.98169829591848,154.95923475944923,0.9314076089714816,0.07655830097171132,0.08726231774241006,0.015014230198360734,0.002352356078704462,0.5547865432851473,101.0,101.0,1.0,0.0,0.0,2.6968400107215538,40.463395786126526,196.580438362325,False,False,0.0,0.0,False,0.0,0,0,0,True
211,100,0.0,99.68712386762849,118.19103293997988,117.548397269148,107.79168752183155,9.968712386762848,0.0,1.5987395826418838,40.02630539393798,0.0,195.2367659367655,154.31659908861732,0.9317391858640199,0.07692149346556024,0.08738450711877543,0.010941267705844,0.0023911215977724934,0.556328407205294,101.0,101.0,1.0,0.0,0.0,2.6968400107215538,40.02630539393798,196.83550551940738,False,False,0.0,0.0,False,0.0,0,0,0,True
212,100,0.0,99.68712386762849,118.14904538489168,117.548397269148,107.79168730411159,9.968712386762848,0.0,1.598739316597178,39.57379974336591,0.0,195.48842399409364,153.71595097287366,0.9321154564518885,0.07733704128615755,0.08750968855403309,0.007256444305673486,0.0023736723450763436,0.5577198908864527,101.0,101.0,1.0,0.0,0.0,2.6968400107215538,39.57379974336591,197.0871633106908,False,False,0.0,0.0,False,0.0,0,0,0,True
213,100,0.0,99.68712386762849,118.10206627822205,117.548397269148,107.79168718451469,9.968712386762848,0.0,1.5987391701493898,39.10533517068475,0.0,195.73687235787617,153.1622819637996,0.9325298381292602,0.07779776675528827,0.08763491276039276,0.003981217151044798,0.0023040517756553586,0.5589517605405601,101.0,101.0,1.0,0.0,0.0,2.6968400107215538,39.10533517068475,197.33561152802557,False,False,0.0,0.0,False,0.0,0,0,0,True
214,100,0.0,99.68712386762849,118.05080745815184,117.548397269148,107.79168711875528,9.968712386762848,0.0,1.5987390894609856,38.62034883829332,0.0,195.9823831660293,152.6598717747957,0.9329756671380874,0.0782963488465579,0.08775715340594281,0.0011335916584878502,0.002203078674707909,0.5600190909462024,101.0,101.0,1.0,0.0,0.0,2.6968400107215538,38.62034883829332,197.5811222554903,False,False,0.0,0.0,False,0.0,0,0,0,True
215,100,0.0,99.68712386762849,117.9959892365809,117.548397269148,107.79168708256408,9.968712386762848,0.0,1.5987390449637977,38.11825805849261,0.0,196.2252907302557,152.21227980736282,0.9334462523990397,0.07882537890776005,0.0878734545230791,-0.0012732545311410933,0.002068111854031679,0.5609206145924244,101.0,101.0,1.0,0.0,0.0,2.6968400107215538,38.11825805849261,197.8240297752195,False,False,0.0,0.0,False,0.0,0,0,0,True
216,100,0.0,99.68712386762849,117.93833807085957,117.548397269148,107.7916870626276,9.968712386762848,0.0,1.5987390204030962,37.59845959341459,0.0,196.4659800857906,151.82233900565126,0.9339349448336334,0.07937743575684282,0.08798108159936772,-0.0032317445715508027,0.0019319716290833733,0.5616579155520278,101.0,101.0,1.0,0.0,0.0,2.6968400107215538,37.59845959341459,198.06471910619368,False,False,0.0,0.0,False,0.0,0,0,0,True
217,100,0.0,99.68712386762849,117.87858290881624,117.548397269148,107.79168705163535,9.968712386762848,0.0,1.5987390068346516,37.06032893026099,0.0,196.7048743668994,151.492153365983,0.9344352138073176,0.07994517055941272,0.08807766182587849,-0.004740218936437666,0.0017821035193528376,0.5622345769699078,101.0,101.0,1.0,0.0,0.0,2.6968400107215538,37.06032893026099,198.30361337373404,False,False,0.0,0.0,False,0.0,0,0,0,True
218,100,0.0,99.68712386762849,117.81745045494597,117.548397269148,107.7916870455692,9.968712386762848,0.0,1.5987389993323335,36.50321953098126,0.0,196.94242129534018,151.22310018018504,0.9349407244642686,0.08052139434938284,0.0881613011085745,-0.005802899350679884,0.0016369478930647057,0.5626553842441306,101.0,101.0,1.0,0.0,0.0,2.6968400107215538,36.50321953098126,198.54116029467252,False,False,0.0,0.0,False,0.0,0,0,0,True
219,100,0.0,99.68712386762849,117.75565953005312,117.548397269148,107.79168704221867,9.968712386762848,0.0,1.5987389951805693,35.92646205548833,0.0,197.1790791513144,151.01583791927987,0.9354454112635668,0.08109916280269691,0.08823066845333091,-0.006429582344882963,0.0014893103555511525,0.5629256667286435,101.0,101.0,1.0,0.0,0.0,2.6968400107215538,35.92646205548833,198.77781814649498,False,False,0.0,0.0,False,0.0,0,0,0,True
220,100,0.0,99.68712386762849,117.69391469087873,117.548397269148,107.79168704036641,9.968712386762848,0.0,1.598738992881044,35.329363557478665,0.0,197.415302664436,150.87032049754913,0.9359435442515046,0.0816718542510377,0.08828504188729135,-0.006635133920644687,0.0013544570655071033,0.5630508333544866,101.0,101.0,1.0,0.0,0.0,2.6968400107215538,35.329363557478665,199.01404165731705,False,False,0.0,0.0,False,0.0,0,0,0,True
221,100,0.0,99.68712386762849,117.6328993050171,117.548397269148,107.79168703934161,9.968712386762848,0.0,1.5987389916063404,34.71120665189079,0.0,197.65152930682564,150.78581846168004,0.9364297856652785,0.08223323810274703,0.08832431383470776,-0.00643885077983902,0.0013451949412772903,0.563036126622973,101.0,101.0,1.0,0.0,0.0,2.6968400107215538,34.71120665189079,199.250268298432,False,False,0.0,0.0,False,0.0,0,0,0,True
222,100,0.0,99.68712386762849,117.5732683156282,117.548397269148,107.7916870387741,9.968712386762848,0.0,1.5987389908991376,34.07124865300163,0.0,197.88816648525096,150.76094741519984,0.9368992354222717,0.08277753189769717,0.08834895749446194,-0.005863748462383476,0.001320717935962153,0.562886589314951,101.0,101.0,1.0,0.0,0.0,2.6968400107215538,34.07124865300163,199.4869054761501,False,False,0.0,0.0,False,0.0,0,0,0,True
223,100,0.0,99.68712386762849,117.51564096406346,117.548397269148,107.79168703845957,9.968712386762848,0.0,1.5987389905064557,33.408720682125484,0.0,198.12558011120927,150.7937037202844,0.9373474649181521,0.08329944617857248,0.08835995897651407,-0.004935830497177324,0.0013112496640863272,0.5626072125242312,101.0,101.0,1.0,0.0,0.0,2.6968400107215538,33.408720682125484,199.72431910171574,False,False,0.0,0.0,False,0.0,0,0,0,True
224,100,0.0,99.68712386762849,117.46104220360577,117.548397269148,107.7920985707697,9.968712386762848,0.0,1.5987389902882336,32.72323827632795,0.0,198.30722599360826,150.8810587858266,0.9377705393203544,0.0837942171984788,0.08835872250717737,-0.0036878369181911424,0.0014362011111975586,0.5622059653351181,101.0,65.0,0.6435643564356436,0.0,0.0,2.6968400107215538,32.72323827632795,199.9059649838965,False,False,0.0,0.0,False,0.0,0,0,0,True
225,100,0.0,99.68712386762849,117.42084125564952,117.548397269148,107.80288278661914,9.968712386762848,0.0,1.5987389901668614,32.02436456445294,0.0,197.88334047844558,151.00861479932504,0.9381650873139392,0.08425769540154479,0.08834696252454523,-0.0022613371020807987,0.00145543949770462,0.5617563034024904,101.0,60.0,0.594059405940594,0.0,0.0,2.6968400107215538,32.02436456445294,199.48207946861243,False,False,0.0,0.0,False,0.0,0,0,0,True
226,100,0.0,99.68712386762849,117.41386787636063,117.548397269148,107.84108812213195,9.968712386762848,0.0,1.5987389900992997,31.339048382934138,0.0,197.50698208477553,151.14314419211246,0.9385297015306907,0.08468797310038037,0.08832669838940192,-0.00096759234903383,0.001271908298260495,0.561407574929881,101.0,58.0,0.5742574257425742,0.0,0.0,2.6968400107215538,31.339048382934138,199.10572107487482,False,False,0.0,0.0,False,0.0,0,0,0,True
227,100,0.0,99.65319265155787,117.45333383418473,117.548397269148,107.9190979128053,9.968712386762848,0.0,1.5987389900616598,30.741503548546014,0.0,197.273655743996,151.2382076270757,0.9388670982648053,0.08508789011362525,0.08830031625692893,-0.00021390142484850605,0.0010498547969101791,0.5613251007939165,102.0,56.0,0.5490196078431373,0.0,0.0,2.6968400107215538,30.741503548546014,198.87239473405765,False,False,0.0,0.0,False,0.0,0,0,0,True
228,100,0.0,99.60965345340665,117.58213282525922,117.548397269148,108.07720060392377,9.968712386762848,0.0,1.5987389900406723,30.32452645452123,0.0,197.33414461938943,151.20447207096447,0.9391852608601772,0.08546636429871028,0.08827055935194948,-0.0007941575400281203,0.0016108910034312793,0.5618918859367272,101.0,55.0,0.5445544554455446,0.0,0.0,2.6968400107215538,30.32452645452123,198.9328836094301,False,False,0.0,0.0,False,0.0,0,0,0,True
229,100,0.0,99.58405402639889,117.65300296088037,117.548397269148,108.18207396269801,9.968712386762848,0.0,1.59873899002896,30.023316241606928,0.0,197.5386601830924,151.0998663792321,0.9395023485616127,0.08584407550582533,0.08824084617024053,-0.001955879656904043,0.0018156711685041675,0.5624437885100645,101.0,54.0,0.5346534653465347,0.0,0.0,2.6968400107215538,30.023316241606928,199.13739917312134,False,False,0.0,0.0,False,0.0,0,0,0,True
230,100,0.0,99.56808563037195,117.66716419508883,117.548397269148,108.2355984702587,9.968712386762848,0.0,1.5987389900224174,29.78097588189855,0.0,197.8002859753925,150.98109945329128,0.9398262383659286,0.0862298220544108,0.08821352042292606,-0.0031015445910546518,0.001547221319950962,0.5628307942805819,101.0,52.0,0.5148514851485149,0.0,0.0,2.6968400107215538,29.78097588189855,199.39902496541492,False,False,0.0,0.0,False,0.0,0,0,0,True
231,100,0.0,99.55788917750031,117.64492682741717,117.548397269148,108.25630681779656,9.968712386762848,0.0,1.5987389900187599,29.560993488061214,0.0,198.07657611344337,150.8845698950221,0.9401568000372602,0.08662315930973372,0.08818998935686057,-0.003921123458559555,0.0013646613476329165,0.563023472120833,101.0,51.0,0.504950495049505,0.0,0.0,2.6968400107215538,29.560993488061214,199.67531510346214,False,False,0.0,0.0,False,0.0,0,0,0,True
232,100,0.0,99.55143817239374,117.69588457620858,117.548397269148,108.34449167834461,9.968712386762848,0.0,1.598738990016714,29.427888643748133,0.0,198.43408709501807,150.7370825879615,0.9404898461655276,0.0870189729316139,0.08817102882319915,-0.005216924352574393,0.0013670124213819262,0.5635961492900596,101.0,50.0,0.49504950495049505,0.0,0.0,2.6968400107215538,29.427888643748133,200.0328260850348,False,False,0.0,0.0,False,0.0,0,0,0,True
233,100,0.0,99.54792595442703,117.73968215478645,117.548397269148,108.42691312226364,9.968712386762848,0.0,1.5987389900155682,29.37602313354915,0.0,198.85908912191965,150.54579770232306,0.9408317557380779,0.08742439072539923,0.08815798611392225,-0.006867243241202604,0.0014010989789705265,0.5642551388180836,101.0,49.0,0.48514851485148514,0.0,0.0,2.6968400107215538,29.37602313354915,200.4578281119352,False,False,0.0,0.0,False,0.0,0,0,0,True
234,100,0.0,99.54702084298148,117.74086024330785,117.548397269148,108.47138638087063,9.968712386762848,0.0,1.598738990014926,29.36770680599664,0.0,199.31078949573072,150.3533347281632,0.9411871361966068,0.08784452361599844,0.08815179618458382,-0.008426718647058056,0.001242573898294123,0.5647652641303121,101.0,48.0,0.4752475247524752,0.0,0.0,2.6968400107215538,29.36770680599664,200.90952848574565,False,False,0.0,0.0,False,0.0,0,0,0,True
235,100,0.0,99.54850780435,117.71680032246941,117.548397269148,108.49369549478585,9.968712386762848,0.0,1.5987389900145657,29.37991933161801,0.0,199.76967023271794,150.18493167484178,0.9415546378577735,0.08827762973858329,0.08815267529432846,-0.009685340931046397,0.0013344614723587165,0.5651197884156365,101.0,48.0,0.4752475247524752,0.0,0.0,2.6968400107215538,29.37991933161801,201.3684092227325,False,False,0.0,0.0,False,0.0,0,0,0,True
236,100,0.0,99.55196725659023,117.67910732422787,117.548397269148,108.50401688326193,9.968712386762848,0.0,1.5987389900143631,29.39942450355578,0.0,200.22730230618316,150.05422161976193,0.9419301750405387,0.08871884028179053,0.0881604223061727,-0.010563752268916194,0.001427695516282404,0.5653235699344276,101.0,47.0,0.46534653465346537,0.0,0.0,2.6968400107215538,29.39942450355578,201.82604129619753,False,False,0.0,0.0,False,0.0,0,0,0,True
237,100,0.0,99.55684748098288,117.63544997660603,117.548397269148,108.50881184108857,9.968712386762848,0.0,1.5987389900142492,29.419532315298092,0.0,200.68110052271675,149.9671689123039,0.9423086993915915,0.08916221078741711,0.08817460265486138,-0.011053101107390679,0.0014431585006391338,0.5653887203658976,101.0,47.0,0.46534653465346537,0.0,0.0,2.6968400107215538,29.419532315298092,202.279839512731,False,False,0.0,0.0,False,0.0,0,0,0,True
238,100,0.0,99.5625703423015,117.5909836102889,117.548397269148,108.51224073174991,9.968712386762848,0.0,1.5987389900141857,29.438055316591356,0.0,201.1316678857629,149.92458257116297,0.9426851437598389,0.0896018127391576,0.08819466199143772,-0.011182567446660737,0.0013802288915333266,0.5653325523172901,101.0,47.0,0.46534653465346537,0.0,0.0,2.6968400107215538,29.438055316591356,202.7304068757771,False,False,0.0,0.0,False,0.0,0,0,0,True
239,100,0.0,99.56861949395397,117.54779097497847,117.548397269148,108.5156982509435,9.968712386762848,0.0,1.5987389900141498,29.454639952704362,0.0,201.58010055382584,149.92518886533253,0.9430549189107035,0.09003230737141328,0.08821999800594285,-0.010987644442664877,0.001256312432709794,0.5651671281853354,101.0,47.0,0.46534653465346537,0.0,0.0,2.6968400107215538,29.454639952704362,203.17883954383998,False,False,0.0,0.0,False,0.0,0,0,0,True
240,100,0.0,99.57458110093691,117.5068071199411,117.548397269148,108.51959218092667,9.968712386762848,0.0,1.598738990014129,25.365724123896598,0.0,202.02734426154214,149.9667790145394,0.9434139842606376,0.09044902614656569,0.08824999059428532,-0.010501893068677522,0.0011183728914928447,0.564902636644844,101.0,46.0,0.45544554455445546,0.0,0.0,0.23442939483849834,25.365724123896598,203.62608325155628,False,False,0.0,0.0,False,0.0,1,1,0,True
241,100,0.0,99.331668202168,116.0135973848699,117.548397269148,107.17984421369225,9.968712386762848,0.0,1.5987389900141176,24.139783462594927,0.0,203.9272167971626,151.50157889881748,0.9437588098622138,0.09084792471694494,0.08828401515410086,0.004732863021475119,0.013195209388552889,0.5556120153746392,102.0,102.0,1.0,0.0,0.0,0.23442939483849834,24.139783462594927,205.5259557871767,False,False,0.0,0.0,False,0.0,0,0,0,True
242,100,0.0,99.68712386762849,116.59723496237682,117.548397269148,107.73449548325306,9.968712386762848,0.0,1.5987389900141111,23.06980205795927,0.0,204.5526427227876,152.45274120558867,0.9438971580835123,0.09100676732017418,0.08830626429256343,0.01219290191881221,0.0031015780763295484,0.5550984969007686,101.0,101.0,1.0,0.0,0.0,0.23442939483849834,23.06980205795927,206.1513817128017,False,False,0.0,0.0,False,0.0,0,0,0,True
243,100,0.0,99.68712386762849,116.65508941529104,117.548397269148,107.79168703806691,9.968712386762848,0.0,1.5987389900141071,22.01927621550804,0.0,204.82733823092542,153.34604905944565,0.9439356719837354,0.09104897930239284,0.08832456350986802,0.01861548340557797,0.001405125110570786,0.5529456626644217,101.0,101.0,1.0,0.0,0.0,0.23442939483849834,22.01927621550804,206.42607722093953,False,False,0.0,0.0,False,0.0,0,0,0,True
244,100,0.0,99.68712386762849,116.66171833334417,117.548397269148,107.79168703806691,9.968712386762848,0.0,1.5987389900141054,20.9317005371662,0.0,205.05888061754487,154.23272799524946,0.9438903255238493,0.0909931593208398,0.0883395920229346,0.02477084860600503,0.0008388002614988817,0.5506554014541265,101.0,101.0,1.0,0.0,0.0,0.23442939483849834,20.9317005371662,206.65761960755898,False,False,0.0,0.0,False,0.0,0,0,0,True
245,100,0.0,99.68712386762849,116.67830038889618,117.548397269148,107.79168703806691,9.968712386762848,0.0,1.5987389900141045,19.805768353184114,0.0,205.28924243203818,155.10282487550126,0.943766614536489,0.09084580872637296,0.0883511766665682,0.03064948469769792,0.0005472509090697963,0.5484614005286012,101.0,101.0,1.0,0.0,0.0,0.23442939483849834,19.805768353184114,206.8879814220523,False,False,0.0,0.0,False,0.0,0,0,0,True
246,100,0.0,99.68712386762849,116.70412326812392,117.548397269148,107.79168703806691,9.968712386762848,0.0,1.5987389900141038,18.640126910319687,0.0,205.51849627635698,155.9470988765253,0.9435700041378456,0.09061340889845097,0.08835910980601965,0.036226869716061,0.0004730944906314793,0.5463820391101987,101.0,101.0,1.0,0.0,0.0,0.23442939483849834,18.640126910319687,207.1172352663711,False,False,0.0,0.0,False,0.0,0,0,0,True
247,100,0.0,99.68712386762849,116.84929752205925,117.548397269148,107.8940352601829,9.968712386762848,0.0,1.5987389900141036,17.535723968686465,0.0,205.84909821492565,156.64619862361408,0.9433061294266649,0.09030264835949542,0.08836316556403913,0.04034668444531789,0.0014580806355417614,0.5450912337350045,101.0,101.0,1.0,0.0,0.0,0.23442939483849834,17.535723968686465,207.44783720493976,False,False,0.0,0.0,False,0.0,0,0,0,True
248,100,0.0,99.68712386762849,117.01218201529173,117.548397269148,108.00720151489554,9.968712386762848,0.0,1.5987389900141034,16.505537313958182,0.0,206.21694198043656,157.1824138774703,0.9429955701867143,0.08993750572217427,0.08836428402814968,0.04302233604437254,0.0022159261123035666,0.5442790773674859,101.0,101.0,1.0,0.0,0.0,0.23442939483849834,16.505537313958182,207.81568097045067,False,False,0.0,0.0,False,0.0,0,0,0,True
249,100,0.0,99.68712386762849,117.17311082911996,117.548397269148,108.11533674717454,9.968712386762848,0.0,1.5987389900141031,15.547153375970469,0.0,206.60924466627336,157.55770031749836,0.9426582100690662,0.0895411537826128,0.08836336026185605,0.04441839284271112,0.0026610911395290567,0.543867879139299,101.0,101.0,1.0,0.0,0.0,0.23442939483849834,15.547153375970469,208.20798365628747,False,False,0.0,0.0,False,0.0,0,0,0,True
250,100,0.0,99.68712386762849,117.25512499028311,117.548397269148,108.14947942481882,9.968712386762848,0.0,1.5987389900141031,14.589111930816939,0.0,206.95592162846617,157.85097259636325,0.9423112850835302,0.0891336975283609,0.08836110034175022,0.045422002074964316,0.0023835144797392308,0.5433954615674434,101.0,101.0,1.0,0.0,0.0,0.23442939483849834,14.589111930816939,208.55466061848028,False,False,0.0,0.0,False,0.0,0,0,0,True
251,100,0.0,99.68712386762849,117.72894801149248,117.548397269148,108.54435303793673,9.968712386762848,0.0,1.5987389900141031,13.992155992972775,0.0,207.6722117182107,157.6704218540188,0.941960021244731,0.08872134165778271,0.08835728296237019,0.04201704424977076,0.005431584555098729,0.5454360761035131,101.0,101.0,1.0,0.0,0.0,0.23442939483849834,13.992155992972775,209.2709507082248,False,False,0.0,0.0,False,0.0,0,0,0,True
252,100,0.0,99.68712386762849,117.89043645202904,117.548397269148,108.65729164441356,9.968712386762848,0.0,1.5987389900141031,13.487085281824275,0.0,208.21185536591636,157.32838267113772,0.9416619469527554,0.08837077111870491,0.08835590249138729,0.03787447399621762,0.00466609857524348,0.5468315773574883,101.0,101.0,1.0,0.0,0.0,0.23442939483849834,13.487085281824275,209.81059435593048,False,False,0.0,0.0,False,0.0,0,0,0,True
253,100,0.0,99.68712386762849,117.99840833208452,117.548397269148,108.72806730888279,9.968712386762848,0.0,1.5987389900141031,13.034977453959579,0.0,208.74042983684694,156.87837160820118,0.9414252380142758,0.08809156781842058,0.08835715957028528,0.033411982005339576,0.0037449216016451348,0.5483237315441475,100.0,100.0,1.0,0.0,0.0,0.23442939483849834,13.034977453959579,210.33916882686106,False,False,0.0,0.0,False,0.0,0,0,0,True
254,100,0.0,99.68712386762849,118.07623629521733,117.548397269148,108.77858956435642,9.968712386762848,0.0,1.5987389900141031,12.617446989829196,0.0,209.27649794532226,156.35053258213188,0.9412524245061112,0.0878867661482878,0.08836087326870067,0.02878343058260126,0.002929431773247075,0.5499185841403763,100.0,100.0,1.0,0.0,0.0,0.23442939483849834,12.617446989829196,210.87523693533637,False,False,0.0,0.0,False,0.0,0,0,0,True
255,100,0.0,99.68712386762849,118.09094528523649,117.548397269148,108.77858956435642,9.968712386762848,0.0,1.5987389900141031,12.185191104818855,0.0,209.78409553298474,155.80798456604333,0.941143978131058,0.08775700109117471,0.08836677444100408,0.02448699544046471,0.0019313650572129013,0.5513459030353542,99.0,99.0,1.0,0.0,0.0,0.23442939483849834,12.185191104818855,211.38283452299885,False,False,0.0,0.0,False,0.0,0,0,0,True
256,100,0.0,99.68712386762849,118.16466417956667,117.548397269148,108.83989734738257,9.968712386762848,0.0,1.5987389900141031,11.798998247346299,0.0,210.35579883384094,155.19171765562467,0.9410938703474528,0.08769537006909725,0.08837415934140158,0.019766745473586627,0.0018212177344706301,0.5531728415642707,99.0,99.0,1.0,0.0,0.0,0.23442939483849834,11.798998247346299,211.95453782385505,False,False,0.0,0.0,False,0.0,0,0,0,True
257,100,0.0,99.68712386762849,118.21624239842413,117.548397269148,108.88824540061081,9.968712386762848,0.0,1.5987389900141031,11.44753323366658,0.0,210.9460494004231,154.52387252634853,0.9411061082370843,0.08770655743693782,0.088383221192611,0.014821204856300604,0.0015917038520515993,0.5550718600345401,99.0,99.0,1.0,0.0,0.0,0.23442939483849834,11.44753323366658,212.54478839043722,False,False,0.0,0.0,False,0.0,0,0,0,True
258,100,0.0,99.68712386762849,118.20708080647658,117.548397269148,108.88824540061081,9.968712386762848,0.0,1.5987389900141031,11.083672788525847,0.0,211.51331607809152,153.86518898901997,0.9411820237932972,0.08779213230567709,0.08839405513622742,0.010209022029945364,0.0010382554566629072,0.5567555519155062,99.0,99.0,1.0,0.0,0.0,0.23442939483849834,11.083672788525847,213.11205506810563,False,False,0.0,0.0,False,0.0,0,0,0,True
259,100,0.0,99.68712386762849,118.19043130625589,117.548397269148,108.88824540061081,9.968712386762848,0.0,1.5987389900141031,10.7069797511396,0.0,212.08316008193117,153.22315495191208,0.9413156394032575,0.0879451896867925,0.0884062793105586,0.005894841738475815,0.000651351061894137,0.5583845471316647,99.0,99.0,1.0,0.0,0.0,0.23442939483849834,10.7069797511396,213.68189907194528,False,False,0.0,0.0,False,0.0,0,0,0,True
260,100,0.0,99.68712386762849,118.16698424830606,117.548397269148,108.88824540061081,9.968712386762848,0.0,1.5987389900141031,10.317001542982368,0.0,212.65537248798768,152.60456797275404,0.9415016054286156,0.08815953214974089,0.08841965901329554,0.001868904681924559,0.0003363724786895665,0.5599426504272016,99.0,99.0,1.0,0.0,0.0,0.23442939483849834,10.317001542982368,214.2541114780018,False,False,0.0,0.0,False,0.0,0,0,0,True
261,100,0.0,99.68712386762849,118.17772079509307,117.548397269148,108.92540770755932,9.968712386762848,0.0,1.5987389900141031,9.950431930984925,0.0,213.26684839734324,151.97524444680894,0.9417348497472486,0.08842926556295709,0.08843407248014007,-0.0022628465357310166,0.00031579652494241074,0.5616601321103898,99.0,99.0,1.0,0.0,0.0,0.23442939483849834,9.950431930984925,214.86558738735735,False,False,0.0,0.0,False,0.0,0,0,0,True
262,100,0.0,99.68712386762849,118.2206195942158,117.548397269148,108.9979012368652,9.968712386762848,0.0,1.5987389900141031,9.643427709433599,0.0,213.93285423506177,151.30302212174112,0.942015587247707,0.08875459369109717,0.08844990626113883,-0.006807207279142495,0.0005248691556784638,0.5636176166506932,99.0,99.0,1.0,0.0,0.0,0.23442939483849834,9.643427709433599,215.53159322507588,False,False,0.0,0.0,False,0.0,0,0,0,True
263,100,0.0,99.68712386762849,118.17822839491018,117.548397269148,108.9979012368652,9.968712386762848,0.0,1.5987389900141031,9.325596095002851,0.0,214.56177986810044,150.67319099597896,0.9423480468562252,0.08914034724497129,0.08846794592468463,-0.010875598945417992,0.0002039250444699332,0.565184064021096,99.0,99.0,1.0,0.0,0.0,0.23442939483849834,9.325596095002851,216.16051885811456,False,False,0.0,0.0,False,0.0,0,0,0,True
264,100,0.0,99.68712386762849,118.13018124384678,117.548397269148,108.9979012368652,9.968712386762848,0.0,1.5987389900141031,8.996555228329406,0.0,215.19180310229302,150.09140702128016,0.9427247619858539,0.08957781939317047,0.088488086460076,-0.014494886372949167,0.000544255503229957,0.5666134462561985,99.0,99.0,1.0,0.0,0.0,0.23442939483849834,8.996555228329406,216.79054209230713,False,False,0.0,0.0,False,0.0,0,0,0,True
265,100,0.0,99.68712386762849,118.0773922863522,117.548397269148,108.9979012368652,9.968712386762848,0.0,1.5987389900141031,8.655909782673772,0.0,215.8225523621756,149.56241200407598,0.9431388141467535,0.09005892801293136,0.08851028693229365,-0.01767562292600302,0.0007946055658929049,0.5678929730311749,99.0,99.0,1.0,0.0,0.0,0.23442939483849834,8.655909782673772,217.4212913521897,False,False,0.0,0.0,False,0.0,0,0,0,True
266,100,0.0,99.68712386762849,118.02073424077412,117.548397269148,108.9979012368652,9.968712386762848,0.0,1.5987389900141031,8.303250488954218,0.0,216.45364676182356,149.09007503244987,0.9435836043429948,0.09057595369538027,0.08853453327142329,-0.020420241785276943,0.0009809880038865217,0.5690119602088013,99.0,99.0,1.0,0.0,0.0,0.23442939483849834,8.303250488954218,218.05238575183768,False,False,0.0,0.0,False,0.0,0,0,0,True
267,100,0.0,99.68712386762849,117.96105151348145,117.548397269148,108.9979012368652,9.968712386762848,0.0,1.5987389900141031,7.938153644029716,0.0,217.08470724836047,148.67742078811642,0.9440527370209555,0.09112140801771515,0.08856081054746621,-0.022728053534387824,0.0011194304754617,0.5699619802094283,99.0,99.0,1.0,0.0,0.0,0.23442939483849834,7.938153644029716,218.6834462383746,False,False,0.0,0.0,False,0.0,0,0,0,True
268,100,0.0,99.68712386762849,117.8991649004223,117.548397269148,108.9979012368652,9.968712386762848,0.0,1.5987389900141031,7.560180601641025,0.0,217.7153667381544,148.32665315684213,0.9445399721216206,0.0916879805849724,0.08858908233611723,-0.02459827719063508,0.0012199321958701794,0.5707369769079973,99.0,99.0,1.0,0.0,0.0,0.23442939483849834,7.560180601641025,219.3141057281685,False,False,0.0,0.0,False,0.0,0,0,0,True
269,100,0.0,99.68712386762849,117.83587138639012,117.548397269148,108.9979012368652,9.968712386762848,0.0,1.5987389900141031,7.168877245398367,0.0,218.34527920870235,148.0391790396,0.9450392179165487,0.09226853316768716,0.08861927586083372,-0.026031851772812736,0.001288895809208001,0.5713333357707802,99.0,99.0,1.0,0.0,0.0,0.23442939483849834,7.168877245398367,219.94401819871646,False,False,0.0,0.0,False,0.0,0,0,0,True
270,100,0.0,99.68712386762849,117.77194121484357,117.548397269148,108.9979012368652,9.968712386762848,0.0,1.5987389900141031,6.7637734431824725,0.0,218.97412767647526,147.81563509390443,0.9455445477388104,0.09285612133857857,0.08865127213576765,-0.02703248481092634,0.0013306179658970978,0.5717499031750792,99.0,99.0,1.0,0.0,0.0,0.23442939483849834,6.7637734431824725,220.57286666648938,False,False,0.0,0.0,False,0.0,0,0,0,True
271,100,0.0,99.68712386762849,117.72817799890345,117.548397269148,109.01648092586534,9.968712386762848,0.0,1.5987389900141031,6.3629621713036375,0.0,219.620210672128,147.63585436414903,0.9460502300954758,0.0934440313954388,0.08868490055834494,-0.027804397299598105,0.0012120600868556386,0.5721133768159682,99.0,99.0,1.0,0.0,0.0,0.23442939483849834,6.3629621713036375,221.2189496621421,False,False,0.0,0.0,False,0.0,0,0,0,True
272,100,0.0,99.68712386762849,117.76312486095388,117.548397269148,109.1075570731196,9.968712386762848,0.0,1.5987389900141031,6.039091276528395,0.0,220.34591009691988,147.42112677234311,0.9465533401434619,0.09402880195798322,0.0887201461358484,-0.029098753863014255,0.0007433157364506681,0.5728455936194545,99.0,99.0,1.0,0.0,0.0,0.23442939483849834,6.039091276528395,221.944649086934,False,False,0.0,0.0,False,0.0,0,0,0,True
273,100,0.0,99.68712386762849,117.76793332899094,117.548397269148,109.17113927735205,9.968712386762848,0.0,1.5987389900141031,5.767380341033341,0.0,221.08501046037293,147.2015907125002,0.9470608290501084,0.09461840001981323,0.08875772399874507,-0.030506363025291566,0.0006117300697628945,0.5734854103839462,99.0,99.0,1.0,0.0,0.0,0.23442939483849834,5.767380341033341,222.68374945038704,False,False,0.0,0.0,False,0.0,0,0,0,True
274,100,0.0,99.68712386762849,117.75324918002104,117.548397269148,109.21721290937398,9.968712386762848,0.0,1.5987389900141031,5.5321603646139845,0.0,221.83449548293135,146.99673880162715,0.9475741237035737,0.09521441401917377,0.08879784803226382,-0.03180435554520328,0.0006149634110591831,0.5740151222732492,99.0,99.0,1.0,0.0,0.0,0.23442939483849834,5.5321603646139845,223.43323447294546,False,False,0.0,0.0,False,0.0,0,0,0,True
275,100,0.0,99.68712386762849,117.68852055647042,117.548397269148,109.21721290937398,9.968712386762848,0.0,1.5987389900141031,5.288644674588767,0.0,222.55753602390712,146.85661551430476,0.9480916973113585,0.0958150274873411,0.08884043570760786,-0.032506444004156476,0.0008526785031685933,0.5741878641054909,99.0,99.0,1.0,0.0,0.0,0.23442939483849834,5.288644674588767,224.15627501392123,False,False,0.0,0.0,False,0.0,0,0,0,True
276,100,0.0,99.68712386762849,117.6244314702011,117.548397269148,109.21721290937398,9.968712386762848,0.0,1.5987389900141031,5.0365406985950925,0.0,223.27861187953877,146.78058131325162,0.9486057034917513,0.09641112757491455,0.08888483816062766,-0.032683961732046476,0.0010012750354676874,0.5741809155639497,99.0,99.0,1.0,0.0,0.0,0.23442939483849834,5.0365406985950925,224.87735086955288,False,False,0.0,0.0,False,0.0,0,0,0,True
277,100,0.0,99.68712386762849,117.56181678985159,117.548397269148,109.21721290937398,9.968712386762848,0.0,1.5987389900141031,4.775545545858785,0.0,223.9977498433529,146.76716179254805,0.9491094152797641,0.09699490775455302,0.08893043767971542,-0.032389424891918074,0.0011177777717934763,0.5740012554042048,99.0,99.0,1.0,0.0,0.0,0.23442939483849834,4.775545545858785,225.596488833367,False,False,0.0,0.0,False,0.0,0,0,0,True
278,100,0.0,99.68712386762849,117.50139939678807,117.548397269148,109.21721290937398,9.968712386762848,0.0,1.5987389900141031,4.505345643285421,0.0,224.71501280993738,146.81415966490795,0.9495969509592601,0.09755955084268834,0.08897663363394955,-0.03166511741167009,0.001195030701272378,0.5736578449725248,99.0,99.0,1.0,0.0,0.0,0.23442939483849834,4.505345643285421,226.3137517999515,False,False,0.0,0.0,False,0.0,0,0,0,True
279,100,0.0,99.68712386762849,117.54899022838045,117.548397269148,109.3150249837067,9.968712386762848,0.0,1.5987389900141031,4.32342843305009,0.0,225.52831037812228,146.81356670567553,0.9500631191261675,0.09809904961506119,0.08902283787022856,-0.03158290215609814,0.0004379974036319397,0.5738221113412003,99.0,99.0,1.0,0.0,0.0,0.23442939483849834,4.32342843305009,227.1270493681364,False,False,0.0,0.0,False,0.0,0,0,0,True
280,100,0.0,99.68712386762849,117.5057830590322,117.548397269148,109.32686874562837,9.968712386762848,0.0,1.5987389900141031,4.146939147531354,0.0,226.2998050656988,146.8561809157913,0.9505168438759588,0.0986237312670449,0.08906956185321849,-0.031120687121269263,0.0006066280386954985,0.5735479183676679,99.0,99.0,1.0,0.0,0.0,0.23442939483849834,4.146939147531354,227.8985440557129,False,False,0.0,0.0,False,0.0,0,0,0,True
281,100,0.0,99.68712386762849,117.45210598674726,117.548397269148,109.32686874562837,9.968712386762848,0.0,1.5987389900141031,3.9642254562905617,0.0,227.06353752060807,146.95247219819203,0.9509534715344994,0.09912823132067965,0.08911622004023549,-0.03020981120495817,0.0008053084277389048,0.5730858739282042,99.0,99.0,1.0,0.0,0.0,0.23442939483849834,3.9642254562905617,228.66227651062218,False,False,0.0,0.0,False,0.0,0,0,0,True
282,100,0.0,99.68712386762849,117.40135146211847,117.548397269148,109.32686874562837,9.968712386762848,0.0,1.5987389900141031,3.775067837635623,0.0,227.82600653436106,147.09951800522157,0.9513675605636938,0.09960628362579935,0.08916214124697495,-0.028912689294245914,0.0009265670991890965,0.5724914148499618,99.0,99.0,1.0,0.0,0.0,0.23442939483849834,3.775067837635623,229.42474552437517,False,False,0.0,0.0,False,0.0,0,0,0,True
283,100,0.0,99.68712386762849,117.35405551872219,117.548397269148,109.32686874562837,9.968712386762848,0.0,1.5987389900141031,3.579239027806299,0.0,228.5874258579034,147.29385975564736,0.9517546133844608,0.1000527220677673,0.08920671118411941,-0.02728001030508632,0.000971999859471671,0.5717768578258208,99.0,99.0,1.0,0.0,0.0,0.23442939483849834,3.579239027806299,230.18616484791752,False,False,0.0,0.0,False,0.0,0,0,0,True
284,100,0.0,99.68712386762849,117.31065664735144,117.548397269148,109.32686874562837,9.968712386762848,0.0,1.5987389900141031,3.376503747927745,0.0,229.3480167475205,147.5316003774439,0.9521109004320156,0.10046327584479034,0.08924936438499813,-0.025355865075305378,0.0009672981941345485,0.5709554693039862,99.0,99.0,1.0,0.0,0.0,0.23442939483849834,3.376503747927745,230.9467557375346,False,False,0.0,0.0,False,0.0,0,0,0,True
285,100,0.0,99.68712386762849,117.27150976770862,117.548397269148,109.32686874562837,9.968712386762848,0.0,1.5987389900141031,3.1666184213342885,0.0,230.10800361090008,147.8084878788833,0.9524333557147114,0.1008344473190435,0.0892895813288523,-0.023180736511753473,0.0009288247231269238,0.5700412312157125,99.0,99.0,1.0,0.0,0.0,0.23442939483849834,3.1666184213342885,231.7067426009142,False,False,0.0,0.0,False,0.0,0,0,0,True
286,100,0.0,99.68712386762849,117.23689490073319,117.548397269148,109.32686874562837,9.968712386762848,0.0,1.5987389900141031,2.9493308809238052,0.0,230.8676094455084,148.11999024729812,0.9527195141353033,0.101163438087513,0.08932688856791897,-0.020793178598964287,0.0008671893101897807,0.5690486158637145,99.0,99.0,1.0,0.0,0.0,0.23442939483849834,2.9493308809238052,232.46634843552252,False,False,0.0,0.0,False,0.0,0,0,0,True
287,100,0.0,99.68712386762849,117.20702281925854,117.548397269148,109.32686874562837,9.968712386762848,0.0,1.5987389900141031,2.7243800661911033,0.0,231.62705132744898,148.46136469718755,0.9529674723744325,0.1014481022632695,0.08936086055966466,-0.018230691406560643,0.0007894516737108707,0.5679923705504021,99.0,99.0,1.0,0.0,0.0,0.23442939483849834,2.7243800661911033,233.2257903174631,False,False,0.0,0.0,False,0.0,0,0,0,True
288,100,0.0,99.68712386762849,117.18622242655178,117.548397269148,109.330771680853,9.968712386762848,0.0,1.5987389900141031,2.4953986448009875,0.0,232.20957340648084,148.82353953978378,0.9531758622155836,0.10168691414344215,0.08939112242212967,-0.015571586398253612,0.0006648023139471709,0.5669132917875176,99.0,63.0,0.6363636363636364,0.0,0.0,0.23442939483849834,2.4953986448009875,233.80831239649496,False,False,0.0,0.0,False,0.0,0,0,0,True
289,100,0.0,99.68712386762849,117.16669475158565,117.548397269148,109.33128666660532,9.968712386762848,0.0,1.5987389900141031,2.2588565162656864,0.0,232.7441659638642,149.2052420573461,0.9533443711108898,0.10187956878376055,0.08941739660263621,-0.012810170056012912,0.0005868268475492822,0.5657885008002248,99.0,62.0,0.6262626262626263,0.0,0.0,0.23442939483849834,2.2588565162656864,234.3429049538783,False,False,0.0,0.0,False,0.0,0,0,0,True
290,100,0.0,99.68712386762849,117.14999848645638,117.548397269148,109.32984137014414,9.968712386762848,0.0,1.5987389900141031,2.0125267481403823,0.0,233.26731674862748,149.60364084003774,0.953472620145094,0.10202568295132816,0.08943941866604033,-0.009961942864663011,0.0005340865544621413,0.5646318239378548,99.0,62.0,0.6262626262626263,0.0,0.0,0.23442939483849834,2.0125267481403823,234.8660557386416,False,False,0.0,0.0,False,0.0,0,0,0,True
291,100,0.0,99.68712386762849,117.13541327896151,117.548397269148,109.32576000741372,9.968712386762848,0.0,1.5987389900141031,1.7534280847031662,0.0,233.7746486194037,150.01662483022426,0.9535604434973683,0.102125117087048,0.08945696330628886,-0.007036818665915839,0.0004870643986462233,0.5634471534220644,99.0,98.0,0.98989898989899,0.0,0.0,0.23442939483849834,1.7534280847031662,235.37338760941782,False,False,0.0,0.0,False,0.0,0,0,0,True
292,100,0.0,99.68712386762849,117.13131321115667,117.548397269148,109.32686874562837,9.968712386762848,0.0,1.5987389900141031,1.4863002948303587,0.09477638236188546,234.37231733507417,150.43370888821556,0.9536078111815861,0.10217788482533093,0.08946984205799287,-0.004130021568753921,0.00038487778017407643,0.5622923189509661,100.0,98.0,0.98,0.0,0.0,0.23442939483849834,1.5810766771922442,235.97105632508828,False,False,0.0,0.0,False,0.0,0,0,0,True
293,100,0.0,99.68712386762849,117.1305656279412,117.548397269148,109.32687912905523,9.968712386762848,0.0,1.5987512532731745,1.2097514699133136,0.36208484012663344,235.13722993544712,150.85154052942238,0.9536180957390895,0.10218780309818158,0.08947845183091006,-0.0012559098277472285,0.0002976215643947836,0.5611518921263423,100.0,98.0,0.98,0.0,0.0,0.23442939483849834,1.571836310039947,236.7359811887203,False,False,0.0,0.0,False,0.0,0,0,0,True
294,100,0.0,99.68712386762849,117.22077396845819,117.548397269148,109.40811289702238,9.968712386762848,0.0,1.5987923395359436,1.0046483433177686,0.6380931779476504,235.99077797881347,151.17916383011217,0.9535965461601317,0.1021607563154671,0.0894836101466084,0.0006944591808575803,0.0006840297675969184,0.5605712763624537,100.0,98.0,0.98,0.0,0.0,0.23442939483849834,1.642741521265419,237.58957031834942,False,False,0.0,0.0,False,0.0,0,0,0,True
295,100,0.0,99.68712386762849,117.25817465258487,117.548397269148,109.4378905688888,9.968712386762848,0.0,1.5988499257446362,0.8220406269892943,0.8219145190189856,236.8202726951974,151.4693864466753,0.9535561776073121,0.10211184015110031,0.08948629567112734,0.00237514892477281,0.0007742769837048678,0.5599120311842555,100.0,64.0,0.64,0.0,0.0,0.23442939483849834,1.6439551460082797,238.41912262094203,False,False,0.0,0.0,False,0.0,0,0,0,True
296,100,0.0,99.68712386762849,117.26562201646462,117.548397269148,109.43779969645819,9.968712386762848,0.0,1.5989044233850598,0.6328557966854854,1.0014723485842925,237.65782193074386,151.75216169935865,0.953498843178663,0.10204337771912522,0.08948631863727428,0.0040943032528876575,0.000633849542263002,0.5591728367005234,100.0,64.0,0.64,0.0,0.0,0.23442939483849834,1.634328145269778,239.25672635412892,False,False,0.0,0.0,False,0.0,0,0,0,True
297,100,0.0,99.68712386762849,117.27521271332445,117.548397269148,109.43778143480519,9.968712386762848,0.0,1.5989565506508927,0.43693652652978576,1.1912362958975562,238.50577690641686,152.02534625518223,0.9534243336867453,0.10195518146267382,0.08948362245110586,0.0057971317422893754,0.0005682507518621977,0.5584699075769598,100.0,64.0,0.64,0.0,0.0,0.23442939483849834,1.628172822427342,240.10473345706774,False,False,0.0,0.0,False,0.0,0,0,0,True
298,100,0.0,99.68712386762849,117.28692320918258,117.548397269148,109.43791273240963,9.968712386762848,0.0,1.5990085349434222,0.23419499384283704,1.3860109811613905,239.35963277896838,152.28682031514762,0.9533334927684971,0.10184825649788051,0.08947830422386419,0.007444668210869659,0.0005457176212218015,0.5578088142123799,100.0,64.0,0.64,0.0,0.0,0.23442939483849834,1.6202059750042275,240.95864131391178,False,False,0.0,0.0,False,0.0,0,0,0,True
299,100,0.0,99.68712386762849,117.300371764961,117.548397269148,109.43797987670675,9.968712386762848,0.0,1.5990609106559146,0.024326110361225277,1.5883085862871074,240.2217791829882,152.53484581933463,0.9532275375989417,0.10172404140376216,0.0894704970517565,0.009011225270777244,0.000544073863248562,0.5571928342198145,100.0,64.0,0.64,0.0,0.0,0.23442939483849834,1.6126346966483327,241.8208400936441,False,False,0.0,0.0,False,0.0,0,0,0,True
300,100,0.0,99.68712386762849,117.52399751463236,117.548397269148,109.63260859564657,9.968712386762848,0.0,1.5991142754767944,0.0016392487699113038,1.7955643344840198,241.28425059646827,152.5592455738503,0.9531080525248583,0.10158438982873697,0.08946039355392331,0.008394024224788476,0.002093862376568348,0.5578915894441062,100.0,64.0,0.64,0.0,0.0,0.23442939483849834,1.797203583253931,242.88336487194508,False,False,0.0,0.0,False,0.0,0,0,0,True
301,100,0.0,99.68712386762849,117.56534180938478,117.548397269148,109.65900579600464,9.968712386762848,0.0,1.5991684409667415,0.004503730857227547,1.7597219305952665,242.22456885511014,152.54230103361348,0.9530039331820959,0.10146273851939928,0.08945040311154895,0.007688390550030492,0.001626366654458754,0.5580782238710713,100.0,62.0,0.62,0.0,0.0,0.23442939483849834,1.764225661452494,243.82373729607687,False,False,0.0,0.0,False,0.0,0,0,0,True
302,100,0.0,99.68712386762849,117.57337452621144,117.548397269148,109.65570016154386,9.968712386762848,0.0,1.599192484491178,0.004143370575920251,1.7654034079467726,243.21292584715,152.51732377655003,0.9529103979603336,0.10135389913150347,0.08943940504059857,0.0071526820607746315,0.0011139050301121312,0.5581749268926669,100.0,63.0,0.63,0.0,0.0,0.23442939483849834,1.7695467785226928,244.81211833164116,False,False,0.0,0.0,False,0.0,0,0,0,True
303,100,0.0,99.68712386762849,117.58420464375254,117.548397269148,109.65617703905463,9.968712386762848,0.0,1.5992053767803465,0.004236355950422504,1.7638242343531991,244.19566331208603,152.4815164019455,0.9528259159691469,0.10125603533002984,0.0894275732073457,0.0066699681128914185,0.0008115512286690594,0.5583125922383874,100.0,63.0,0.63,0.0,0.0,0.23442939483849834,1.7680605903036217,245.79486868886636,False,False,0.0,0.0,False,0.0,0,0,0,True
304,100,0.0,99.68712386762849,117.59330738768163,117.548397269148,109.6560851551621,9.968712386762848,0.0,1.5992113169629494,0.004235770981903964,1.7638327026149996,245.18156490499825,152.43660628341186,0.952749408533515,0.10116788822805149,0.08941497791880335,0.006206548324084215,0.0005886000073310049,0.5584709952816953,100.0,63.0,0.63,0.0,0.0,0.23442939483849834,1.7680684735969034,246.7807762219612,False,False,0.0,0.0,False,0.0,0,0,0,True
305,100,0.0,99.68712386762849,117.60146649277102,117.548397269148,109.65609687614283,9.968712386762848,0.0,1.5992136813014828,0.004244924832168038,1.7636330567693277,246.16838157452253,152.3835370597888,0.9526804765953216,0.10108896099162161,0.08940180816255983,0.005738271420762477,0.0004200312601882031,0.558650025978545,100.0,63.0,0.63,0.0,0.0,0.23442939483849834,1.7678779816014958,247.767595255824,False,False,0.0,0.0,False,0.0,0,0,0,True
306,100,0.0,99.68712386762849,117.60857550625899,117.548397269148,109.65608640385956,9.968712386762848,0.0,1.5992140804540838,0.004243615286492498,1.7635865835570044,247.156012745338,152.32335882267785,0.9526190137469893,0.10101908780488492,0.08938829540083652,0.005253715461004708,0.00030616867808183466,0.5588461445518114,100.0,63.0,0.63,0.0,0.0,0.23442939483849834,1.7678301988434968,248.75522682579208,False,False,0.0,0.0,False,0.0,0,0,0,True
307,100,0.0,99.68712386762849,117.61467237510536,117.548397269148,109.6560799320282,9.968712386762848,0.0,1.5992134345136795,0.004236347814995643,1.7636166310952452,248.14393087954954,152.25708371672044,0.9525650812361217,0.1009582880954816,0.08937470341806499,0.0047481426947235976,0.00024357776608200315,0.559056328478004,100.0,63.0,0.63,0.0,0.0,0.23442939483849834,1.7678529789102408,249.74314431406322,False,False,0.0,0.0,False,0.0,0,0,0,True
308,100,0.0,99.68712386762849,117.6197553551395,117.548397269148,109.65607287015227,9.968712386762848,0.0,1.5992122347611757,0.004222784258403343,1.7637335104876053,249.13171485957514,152.18572563072894,0.9525188052830253,0.10090665020566592,0.08936130931076511,0.004221278039440272,0.00021227495095997757,0.5592773674193643,100.0,63.0,0.63,0.0,0.0,0.23442939483849834,1.7679562947460086,250.73092709433632,False,False,0.0,0.0,False,0.0,0,0,0,True
309,100,0.0,99.68712386762849,117.62382908745387,117.548397269148,109.6560665554281,9.968712386762848,0.0,1.5992107501516395,0.004203686634163305,1.7639283168964026,250.11895551551248,152.11029381242304,0.9524803179036239,0.1008642646690183,0.08934838957183806,0.003675596287055602,0.00019642522000765903,0.55950606967028,100.0,63.0,0.63,0.0,0.0,0.23442939483849834,1.7681320035305659,251.7181662656641,False,False,0.0,0.0,False,0.0,0,0,0,True
310,100,0.0,99.68712386762849,117.62690081840205,117.548397269148,109.65606097075838,9.968712386762848,0.0,1.599209126339598,0.004179705103959755,1.7641944038238646,251.1052859453703,152.03179026316903,0.9524497190677252,0.10083118229482504,0.0893362078343515,0.003115291331771895,0.00019558855388282842,0.5597392870947244,100.0,63.0,0.63,0.0,0.0,0.23442939483849834,1.7683741089278244,252.70449507170989,False,False,0.0,0.0,False,0.0,0,0,0,True
311,100,0.0,99.68712386762849,117.62898428697918,117.548397269148,109.6560562827164,9.968712386762848,0.0,1.5992074420982478,0.004151613693747131,1.7645230138342032,252.09038448899352,151.95120324533787,0.9524270537286379,0.10080738937071106,0.08932500481828326,0.0025455910994489003,0.00023942745847999386,0.5599739733213405,100.0,63.0,0.63,0.0,0.0,0.23442939483849834,1.7686746275279503,253.68959193109177,False,False,0.0,0.0,False,0.0,0,0,0,True
312,100,0.0,99.68712386762849,117.63010056049174,117.548397269148,109.65605256189866,9.968712386762848,0.0,1.59920573946716,0.0041202493775499265,1.7649042216496225,253.0739811781742,151.8694999539941,0.9524122982856227,0.10079279369264119,0.08931499040660788,0.0019723011352860685,0.00027796012381730645,0.5602072285308275,100.0,63.0,0.63,0.0,0.0,0.23442939483849834,1.7690244710271723,254.67318691764135,False,False,0.0,0.0,False,0.0,0,0,0,True
313,100,0.0,99.68712386762849,117.6302785471319,117.548397269148,109.65604985578952,9.968712386762848,0.0,1.5992040402781327,0.004086508037371864,1.7653268804517452,254.05586141376557,151.7876186760102,0.9524053534161387,0.10078721783781294,0.08930633792847487,0.0014014873840251893,0.0003060251118328054,0.5604363380821943,100.0,63.0,0.63,0.0,0.0,0.23442939483849834,1.769413388489117,255.6550654540437,False,False,0.0,0.0,False,0.0,0,0,0,True
314,100,0.0,99.68712386762849,117.62955497497025,117.548397269148,109.6560481801208,9.968712386762848,0.0,1.5992023551545995,0.004051324119092238,1.765778879896104,255.03586819502135,151.70646097018795,0.9524060413103561,0.1007903973757773,0.08929918062994423,0.0008392476045873578,0.0003239997251769962,0.5606588022770647,100.0,63.0,0.63,0.0,0.0,0.23442939483849834,1.7698302040151963,256.63507055017595,False,False,0.0,0.0,False,0.0,0,0,0,True
315,100,0.0,99.68712386762849,117.62797409491037,117.548397269148,109.65604752257632,9.968712386762848,0.0,1.5992006884530288,0.004015649153965799,1.7662474434944024,256.0139027015278,151.62688414442562,0.9524141060749634,0.10080198256611242,0.08929361022150153,0.00029154034527126423,0.0003323741015504178,0.5608723574899719,100.0,63.0,0.63,0.0,0.0,0.23442939483849834,1.7702630926483682,257.61310338998084,False,False,0.0,0.0,False,0.0,0,0,0,True
316,100,0.0,99.68712386762849,117.62558718693225,117.548397269148,109.65604784223628,9.968712386762848,0.0,1.599199040998614,0.00398042668927057,1.7667195062152508,256.9899233742699,151.54969422664138,0.9524292164984889,0.10082154258909384,0.0892896772902682,-0.0002359467937177423,0.00033177653575000175,0.5610749890511306,100.0,63.0,0.63,0.0,0.0,0.23442939483849834,1.7706999329045214,258.5891224152685,False,False,0.0,0.0,False,0.0,0,0,0,True
317,100,0.0,99.68712386762849,117.62245193516041,117.548397269148,109.6560490699749,9.968712386762848,0.0,1.5991974116278764,0.003946565449795113,1.7671821363928228,257.9639436000205,151.47563956062893,0.9524509706248274,0.10084857165634753,0.08928739328130697,-0.0007379003685736768,0.00032297594743828644,0.5612649368325735,100.0,63.0,0.63,0.0,0.0,0.23442939483849834,1.771128701842618,259.5631410116484,False,False,0.0,0.0,False,0.0,0,0,0,True
318,100,0.0,99.68712386762849,117.61863170912316,117.548397269148,109.65605110971113,9.968712386762848,0.0,1.5991957980851623,0.003914912058534282,1.7676229755994575,258.9360281408497,151.40540512065377,0.9524789017298932,0.10088249652625156,0.08928673369629639,-0.0012094620715585203,0.0003162184829950789,0.5614406947857357,100.0,63.0,0.63,0.0,0.0,0.23442939483849834,1.7715378876579917,260.5352239389349,False,False,0.0,0.0,False,0.0,0,0,0,True
319,100,0.0,99.68712386762849,117.6141947761244,117.548397269148,109.65605384104104,9.968712386762848,0.0,1.5991941975679718,0.0038862249744343767,1.7680306657176383,259.90628846828054,151.33960761367737,0.9525124853830587,0.10092268505520847,0.08928764213451161,-0.0016462912619597079,0.00030790749762648424,0.5616010058455767,100.0,63.0,0.63,0.0,0.0,0.23442939483849834,1.7719168906920728,261.5054826658485,False,False,0.0,0.0,False,0.0,0,0,0,True
320,100,0.0,99.68712386762849,117.6092134619771,117.548397269148,109.65605712327094,9.968712386762848,0.0,1.5991926070783073,0.0038611512517728714,1.7683952350424765,260.87487717965996,151.27879142084825,0.9525511473268828,0.1009684554814609,0.0892900348101811,-0.0020446114735099704,0.0002932235142048385,0.5617448536333429,100.0,63.0,0.63,0.0,0.0,0.23442939483849834,1.7722563862942493,262.47406978673826,False,False,0.0,0.0,False,0.0,0,0,0,True
321,100,0.0,99.68712386762849,117.60376327378397,117.548397269148,109.65606080069917,9.968712386762848,0.0,1.599191023662573,0.0038402075615904994,1.7687084195189589,261.8419816873378,151.22342541621228,0.9525942719419837,0.10101908618166151,0.08929380521764699,-0.0024012426560487965,0.00027308682443388636,0.5618714522820515,100.0,63.0,0.63,0.0,0.0,0.23442939483849834,1.7725486270805493,263.4411727110004,False,False,0.0,0.0,False,0.0,0,0,0,True
322,100,0.0,99.68712386762849,117.59792199713758,117.548397269148,109.65606470882432,9.968712386762848,0.0,1.5991894445823691,0.0038237666094310006,1.7689639013758227,262.8078173796911,151.17390068822272,0.9526412110882905,0.10107382567286809,0.08929882867437779,-0.0027136206218612456,0.00024847792032259606,0.5619802355003696,100.0,63.0,0.63,0.0,0.0,0.23442939483849834,1.7727876679852537,264.4070068242734,False,False,0.0,0.0,False,0.0,0,0,0,True
323,100,0.0,99.68712386762849,117.59176878006738,117.548397269148,109.65606868106028,9.968712386762848,0.0,1.5991878674373896,0.003812049686127165,1.769157454411723,263.77262045632807,151.13052917730332,0.9526912931345972,0.10113190266007947,0.08930496654340347,-0.0029798050673623677,0.00022040982613020905,0.5620708457132496,100.0,63.0,0.63,0.0,0.0,0.2344293948384983,1.7729695040978501,265.37180832376544,False,False,0.0,0.0,False,0.0,0,0,0,True
324,100,0.0,99.68712386762849,117.5853832165539,117.548397269148,109.65607255549308,9.968712386762848,0.0,1.599186290250918,0.0038051256410737045,1.7692869923298427,264.73664063792637,151.09354322989742,0.9527438320079034,0.10119253595482569,0.08931207001255156,-0.003198477511389415,0.0001899008559158331,0.5621431238051345,100.0,63.0,0.63,0.0,0.0,0.2344293948384983,1.7730921179709163,266.3358269281773,False,False,0.0,0.0,False,0.0,0,0,0,True
325,100,0.0,99.68712386762849,117.57884444295539,117.548397269148,109.65607618122417,9.968712386762848,0.0,1.5991847115234015,0.00380291611780545,1.7693525231796026,265.70013394422136,151.06309605609005,0.9527981361134167,0.10125494411479333,0.08931998338008784,-0.003368930465754942,0.000157948772488591,0.56219709967746,100.0,63.0,0.63,0.0,0.0,0.23442939483849834,1.773155439297408,267.29931865574474,False,False,0.0,0.0,False,0.0,0,0,0,True
326,100,0.0,99.68712386762849,117.572230260936,117.548397269148,109.65607942389963,9.968712386762848,0.0,1.5991831302576127,0.003805206482488129,1.7693560186887967,266.6633557220242,151.03926306430202,0.9528535169953212,0.10131835467807179,0.089328546858559,-0.003491049099484221,0.00014018729339263848,0.5622329835475353,100.0,63.0,0.63,0.0,0.0,0.23442939483849834,1.7731612251712847,268.2625388522818,False,False,0.0,0.0,False,0.0,0,0,0,True
327,100,0.0,99.68712386762849,117.56561630025325,117.548397269148,109.65608217011454,9.968712386762848,0.0,1.5991815459584555,0.0038116615424278687,1.7693012117479123,267.62655408930493,151.02204403319678,0.9529092976270694,0.10138201288792133,0.08933759895625731,-0.00356528656542368,0.0001441396114608825,0.5622511576864703,100.0,63.0,0.63,0.0,0.0,0.23442939483849834,1.7731128732903403,269.2257356352634,False,False,0.0,0.0,False,0.0,0,0,0,True
328,100,0.0,99.68712386762849,117.55907523398494,117.548397269148,109.65608433049266,9.968712386762848,0.0,1.5991799586107214,0.0038218449176065507,1.7691933383743939,268.5899639419443,151.01136606835982,0.9529648202374841,0.10144518982440362,0.08934697852628681,-0.0035926340310707045,0.0001462880674081216,0.5622521681381711,100.0,63.0,0.63,0.0,0.0,0.23442939483849837,1.7730151832920005,270.189143900555,False,False,0.0,0.0,False,0.0,0,0,0,True
329,100,0.0,99.68712386762849,117.55267605746836,117.548397269148,109.65608584136125,9.968712386762848,0.0,1.5991783686385292,0.0038352408046955053,1.7690388421001026,269.5538016474329,151.00708728003946,0.9530194535948684,0.10150718987729476,0.08935652658625211,-0.0035745863070588053,0.0001539047102758311,0.5622367158893911,100.0,63.0,0.63,0.0,0.0,0.23442939483849837,1.7728740829047982,271.15298001607147,False,False,0.0,0.0,False,0.0,0,0,0,True
330,100,0.0,99.68712386762849,117.54648344045883,117.548397269148,109.6560866650544,9.968712386762848,0.0,1.5991767768505887,0.0038512768582795545,1.7688450589562879,270.5182605253068,151.00900110872865,0.9530725996853431,0.10156735751011103,0.0893660880084453,-0.003513103812686216,0.00015921960966383132,0.5622056469729284,100.0,63.0,0.63,0.0,0.0,0.23442939483849837,1.7726963358145673,272.1174373021574,False,False,0.0,0.0,False,0.0,0,0,0,True
331,100,0.0,99.68712386762849,117.54055715992145,117.548397269148,109.6560867889755,9.968712386762848,0.0,1.599175184375598,0.0038693469959926196,1.7686199002299317,271.4835071882002,151.01684121795518,0.9531236997336248,0.10162508327777646,0.0893755131638254,-0.0034105714741844476,0.00016180979127803117,0.5621599410737679,100.0,63.0,0.63,0.0,0.0,0.23442939483849837,1.7724892472259244,273.0826823725758,False,False,0.0,0.0,False,0.0,0,0,0,True
332,100,0.0,99.68712386762849,117.53495161859091,117.548397269148,109.65608622362254,9.968712386762848,0.0,1.5991735925920654,0.003888833092651209,1.7683715481487328,272.4496787908244,151.0302868685123,0.9531722395246097,0.10167980907064833,0.08938465957681344,-0.00326975503173621,0.00016170663288305273,0.56210069835515,100.0,63.0,0.63,0.0,0.0,0.23442939483849837,1.772260381241384,274.0488523834165,False,False,0.0,0.0,False,0.0,0,0,0,True
333,100,0.0,99.68712386762849,117.52971545212655,117.548397269148,109.65608499982669,9.968712386762848,0.0,1.599172003056557,0.003909124738770031,1.7681081768807474,273.41688120766645,151.04896868553374,0.9532177539927351,0.10173103256569167,0.08939339361620578,-0.003093755145237958,0.0001589918280723204,0.5620291244064848,100.0,63.0,0.63,0.0,0.0,0.23442939483849837,1.7720173016195173,275.016053210723,False,False,0.0,0.0,False,0.0,0,0,0,True
334,100,0.0,99.68712386762849,117.5248912254905,117.548397269148,109.65608316547288,9.968712386762848,0.0,1.599170417433888,0.003929636475335411,1.7678377079930918,274.3851881344562,151.0724747291912,0.9532598310535547,0.10177831087211191,0.08940159221462946,-0.0028859596414843106,0.00015379397864164943,0.5619465134132972,100.0,63.0,0.63,0.0,0.0,0.23442939483849837,1.7717673444684272,275.98435855189007,False,False,0.0,0.0,False,0.0,0,0,0,True
335,100,0.0,99.68712386762849,117.5205152172093,117.548397269148,109.65608078196394,9.968712386762848,0.0,1.5991688374321427,0.003949822155436385,1.7675676060937178,275.3546410841344,151.10035678112993,0.9532981146588668,0.10182126336431856,0.08940914457885131,-0.002649994236968341,0.00014628434843053963,0.5618542298368268,100.0,63.0,0.63,0.0,0.0,0.23442939483849837,1.7715174282491541,276.9538099215666,False,False,0.0,0.0,False,0.0,0,0,0,True
336,100,0.0,99.68712386762849,117.51661728852395,117.548397269148,109.65607792066342,9.968712386762848,0.0,1.5991672647446653,0.003969186304238456,1.7673047170580707,276.32525022577596,151.13213676175394,0.953332307063457,0.10185957370032414,0.08941595382912636,-0.00238967209655126,0.00013667189831658263,0.5617536890464749,100.0,63.0,0.63,0.0,0.0,0.23442939483849837,1.771273903362309,277.9244174905206,False,False,0.0,0.0,False,0.0,0,0,0,True
337,100,0.0,99.68712386762849,117.5132208331472,117.548397269148,109.65607465951088,9.968712386762848,0.0,1.5991657010004048,0.0039872925366586055,1.7670551482648877,277.2969959952271,151.16731319775474,0.9533621702985997,0.10189299102910217,0.08942193848992275,-0.002108942640985818,0.00012597751427678838,0.561646337456375,100.0,63.0,0.63,0.0,0.0,0.23442939483849837,1.7710424408015464,278.8961616962275,False,False,0.0,0.0,False,0.0,0,0,0,True
338,100,0.0,99.68712386762849,117.51034280243613,117.548397269148,109.65607107995302,9.968712386762848,0.0,1.5991641477232605,0.004003769237554593,1.7668241878305064,278.26983138955194,151.20536766446662,0.9533875268550966,0.1019213303964575,0.0894270337480114,-0.0018118400852141017,0.00011438886175581348,0.5615336327691429,100.0,63.0,0.63,0.0,0.0,0.23442939483849837,1.770827957068061,279.8689955372752,False,False,0.0,0.0,False,0.0,0,0,0,True
339,100,0.0,99.68712386762849,117.50799380023871,117.548397269148,109.65606726428295,9.968712386762848,0.0,1.5991626063004194,0.0040183128080170305,1.7666162580749785,279.2436848440943,151.24577113337588,0.9534082595870945,0.1019444723658334,0.08943119239720893,-0.0015024322628841055,0.00010127802422669238,0.5614170249238536,100.0,63.0,0.63,0.0,0.0,0.23442939483849837,1.7706345708829956,280.8428474503947,False,False,0.0,0.0,False,0.0,0,0,0,True
340,100,0.0,99.68712386762849,117.50617824143497,117.548397269148,109.65606329342873,9.968712386762848,0.0,1.5991610779591465,0.004030688834188448,1.766434897440669,280.218463581278,151.28799016108894,0.9534243108571175,0.10196236187826599,0.08943438540116913,-0.0011847703589684053,8.670570257561698e-05,0.561297938286694,100.0,63.0,0.63,0.0,0.0,0.23442939483849834,1.7704655862748575,281.81762465923714,False,False,0.0,0.0,False,0.0,0,0,0,True
341,100,0.0,99.68712386762849,117.5048945682003,117.548397269148,109.65605924518904,9.968712386762848,0.0,1.599159563751117,0.004040731546461962,1.7662827648047783,281.19405731427787,151.33149286203664,0.9534356809526054,0.10197500638428787,0.08943660202486144,-0.0008628402213502528,7.742450483754835e-05,0.5611777555222132,100.0,63.0,0.63,0.0,0.0,0.23442939483849834,1.7703234963512402,282.793216878029,False,False,0.0,0.0,False,0.0,0,0,0,True
342,100,0.0,99.68712386762849,117.50413551820077,117.548397269148,109.65605519288057,9.968712386762848,0.0,1.5991580645431398,0.004048341914466753,1.7661616604996682,282.1703421863608,151.37575461298388,0.9534424258144204,0.10198247328970489,0.08943784950950848,-0.0005405159455872069,6.805792705929867e-05,0.5610578034547888,100.0,63.0,0.63,0.0,0.0,0.23442939483849834,1.770210002414135,283.76950025090395,False,False,0.0,0.0,False,0.0,0,0,0,True
343,100,0.0,99.68712386762849,117.50388843919674,117.548397269148,109.65605120433584,9.968712386762848,0.0,1.5991565810130874,0.004053484676321658,1.7660725592380597,283.14718482784315,151.4202634429351,0.953444654127928,0.10198488676645123,0.08943815229220885,-0.00022151641944096606,5.744929782409702e-05,0.5609393410894509,100.0,63.0,0.63,0.0,0.0,0.23442939483849834,1.7701260439143813,284.7463414088562,False,False,0.0,0.0,False,0.0,0,0,0,True
344,100,0.0,99.68712386762849,117.50413564482922,117.548397269148,109.65604734117964,9.968712386762848,0.0,1.5991551136498907,0.004056184539433215,1.7660156513505036,284.1244464169664,151.46452506725387,0.9534425238368869,0.10198242398870068,0.0894375507976523,9.063452677586653e-05,4.596737114390155e-05,0.5608235498236374,100.0,63.0,0.63,0.0,0.0,0.23442939483849834,1.7700718358899368,285.7236015306163,False,False,0.0,0.0,False,0.0,0,0,0,True
345,100,0.0,99.68712386762849,117.50485480661611,117.548397269148,109.65604365830906,9.968712386762848,0.0,1.5991536627566545,0.004056521724626542,1.765990390079025,285.1019866381676,151.50806752978576,0.9534362381490679,0.10197531086259344,0.08943609985286378,0.0003926437902613031,3.445002999649222e-05,0.5607115257597111,100.0,63.0,0.63,0.0,0.0,0.23442939483849834,1.7700469118036515,286.70114030092424,False,False,0.0,0.0,False,0.0,0,0,0,True
346,100,0.0,99.68712386762849,117.50601937736697,117.548397269148,109.6560402035096,9.968712386762848,0.0,1.5991522284561779,0.0040546269646702425,1.7659955439373642,286.07966744078766,151.55044542156682,0.9534260411097962,0.10196381732488055,0.08943386679486083,0.0006814800121935944,2.8846036889894654e-05,0.5606042739317103,100.0,63.0,0.63,0.0,0.0,0.23442939483849834,1.7700501709020344,287.67881966924386,False,False,0.0,0.0,False,0.0,0,0,0,True
347,100,0.0,99.68712386762849,117.50759904130288,117.548397269148,109.65603701715442,9.968712386762848,0.0,1.599150810698428,0.004050676019342644,1.7660292541798241,287.057356512732,151.59124364941195,0.9534122128251458,0.10194825229108898,0.08943092935413625,0.0009543995873784669,4.155393997544538e-05,0.560502704194563,100.0,63.0,0.63,0.0,0.0,0.23442939483849834,1.7700799301991668,288.6565073234304,False,False,0.0,0.0,False,0.0,0,0,0,True
348,100,0.0,99.68712386762849,117.50956018614461,117.548397269148,109.65603413195225,9.968712386762848,0.0,1.5991494092697582,0.004044883737051325,1.766089098099235,288.03493039649993,151.63008073241534,0.9533950644200185,0.10192895833720025,0.08942737340331681,0.0012089674475094486,5.255638255826572e-05,0.5604076284916448,100.0,63.0,0.63,0.0,0.0,0.23442939483849834,1.7701339818362862,289.6340798057697,False,False,0.0,0.0,False,0.0,0,0,0,True
349,100,0.0,99.68712386762849,117.51186639231953,117.548397269148,109.65603157272936,9.968712386762848,0.0,1.5991480238038596,0.004037497679872686,1.7661721591419386,289.01227718884934,151.6666116092438,0.9533749328176919,0.10190630620014647,0.08942329066020904,0.0014430725363104315,6.168763963998855e-05,0.5603197592153271,100.0,63.0,0.63,0.0,0.0,0.23442939483849834,1.7702096568218113,290.6114252126532,False,False,0.0,0.0,False,0.0,0,0,0,True
350,100,0.0,99.68712386762849,117.514478934266,117.548397269148,109.65602935625118,9.968712386762848,0.0,1.599146653794552,0.0040287913344103,1.7662751046862524,289.9892987797343,151.7005299441258,0.9533521754266022,0.1018806891816382,0.08941877642834574,0.0016549380282420729,6.883771640590849e-05,0.5602397084005188,100.0,63.0,0.63,0.0,0.0,0.23442939483849834,1.7703038960206627,291.5884454335289,False,False,0.0,0.0,False,0.0,0,0,0,True
351,100,0.0,99.68712386762849,117.5173572886149,117.548397269148,109.65602749110391,9.968712386762848,0.0,1.5991452986105572,0.004019056952516499,1.76639427183867,290.96591260064054,151.73156992465888,0.9533271648172539,0.10185251753705842,0.08941392744720235,0.0018431264639613087,7.395198174688795e-05,0.5601679875365934,100.0,63.0,0.63,0.0,0.0,0.23442939483849834,1.7704133287911865,292.5650578992511,False,False,0.0,0.0,False,0.0,0,0,0,True
352,100,0.0,99.68712386762849,117.52045964384983,117.548397269148,109.65602597766859,9.968712386762848,0.0,1.5991439575123618,0.004008598099229883,1.766525760857737,291.9420528666938,151.75950754995705,0.9533002834674331,0.10182221292659652,0.08940883990989616,0.002006540079303619,7.94591454324384e-05,0.5601050078410583,100.0,63.0,0.63,0.0,0.0,0.2344293948384983,1.7705343589569669,293.54119682420617,False,False,0.0,0.0,False,0.0,0,0,0,True
353,100,0.0,99.68712386762849,117.52374340592314,117.548397269148,109.65602480822393,9.968712386762848,0.0,1.5991426296711588,0.0039977220246919815,1.7666655349430427,292.91767131063057,151.78416141318192,0.9532719186476646,0.10179020299976997,0.08940360769000621,0.0021444166862866405,8.49707720991733e-05,0.5600510809012015,100.0,63.0,0.63,0.0,0.0,0.23442939483849828,1.7706632569677347,294.51681394030174,False,False,0.0,0.0,False,0.0,0,0,0,True
354,100,0.0,99.68712386762849,117.52716569427201,117.548397269148,109.65602396721303,9.968712386762848,0.0,1.5991413141897115,0.003986732016265694,1.7668095242548494,293.8927374196103,151.8053929880579,0.9532424575114355,0.10175691617734403,0.0893983208027267,0.002256321522668192,8.884156047532835e-05,0.5600064196507045,100.0,63.0,0.63,0.0,0.0,0.23442939483849828,1.770796256271115,295.4918787338,False,False,0.0,0.0,False,0.0,0,0,0,True
355,100,0.0,99.68712386762849,117.53068382276473,117.548397269148,109.65602343170241,9.968712386762848,0.0,1.599140010124791,0.003975919920895848,1.7669537312764143,294.867238197711,151.82310643444117,0.9532122824465006,0.10172277668679705,0.08939306411027895,0.0023421355211352855,9.110278472255408e-05,0.5599711397010209,100.0,63.0,0.63,0.0,0.0,0.23442939483849828,1.77092965119731,296.4663782078358,False,False,0.0,0.0,False,0.0,0,0,0,True
356,100,0.0,99.68712386762849,117.53425576032102,117.548397269148,109.65602317204903,9.968712386762848,0.0,1.5991387165106843,0.0039655590509615184,1.7670943340894139,295.8411774875585,151.83724794326818,0.9531817667349642,0.10168819989926485,0.08938791626846938,0.002402040462287018,9.181358194837343e-05,0.5599452610878028,100.0,63.0,0.63,0.0,0.0,0.23442939483849828,1.7710598931403754,297.44031620406923,False,False,0.0,0.0,False,0.0,0,0,0,True
357,100,0.0,99.68712386762849,117.53784056630239,117.548397269148,109.65602315277668,9.968712386762848,0.0,1.5991374323831007,0.003955897696081799,1.7672277838634334,296.81457489374293,151.84780464611376,0.9531512705611398,0.10165358800766792,0.08938294890121579,0.002436501470536194,9.105806174631453e-05,0.559928710518262,100.0,63.0,0.63,0.0,0.0,0.23442939483849828,1.7711836815595152,298.413712326126,False,False,0.0,0.0,False,0.0,0,0,0,True
358,100,0.0,99.68712386762849,117.54139879623979,117.548397269148,109.65602333364632,9.968712386762848,0.0,1.5991361568027127,0.003947153456600362,1.7673508928884774,297.787464358339,151.85480311902197,0.9531211373977004,0.10161932607775996,0.08937822598313286,0.0024462472931673558,8.894206343160483e-05,0.5599213242151009,100.0,63.0,0.63,0.0,0.0,0.23442939483849828,1.7712980463450778,299.3866005151417,False,False,0.0,0.0,False,0.0,0,0,0,True
359,100,0.0,99.68712386762849,117.54489287405173,117.548397269148,109.65602367088944,9.968712386762848,0.0,1.5991348888775347,0.003939508591758914,1.7674609097956593,298.75989244485766,151.85830751411822,0.9530916907925991,0.10158577849634395,0.08937380340682986,0.0024322487745795486,8.558965682162457e-05,0.5599228514472891,100.0,63.0,0.63,0.0,0.0,0.23442939483849828,1.7714004183874181,300.3590273337352,False,False,0.0,0.0,False,0.0,0,0,0,True
360,100,0.0,99.68712386762849,117.54828742756419,117.548397269148,109.65602411856013,9.968712386762848,0.0,1.5991336277833241,0.003933106538400928,1.7675555791783486,299.7319163912617,151.858417355702,0.9530632315717897,0.10155328583401976,0.08936972871108363,0.0023956959047007455,8.113948185755707e-05,0.5599329588193774,100.0,63.0,0.63,0.0,0.0,0.23442939483849828,1.7714886857167496,301.331050019045,False,False,0.0,0.0,False,0.0,0,0,0,True
361,100,0.0,99.68712386762849,117.55154958485788,117.548397269148,109.65602462995011,9.968712386762848,0.0,1.5991323727812965,0.003928049707367047,1.767633183585168,300.70360199524123,151.8552650399921,0.9530360354660179,0.10152216213361713,0.08936604094791879,0.0023379737865710697,7.65543816995076e-05,0.5599512353622781,100.0,63.0,0.63,0.0,0.0,0.23442939483849828,1.771561233292535,302.3027343680225,False,False,0.0,0.0,False,0.0,0,0,0,True
362,100,0.0,99.68712386762849,117.5546492296971,117.548397269148,109.65602515900754,9.968712386762848,0.0,1.5991311232325431,0.003924398608490743,1.7676925667366221,301.6750213957928,151.84901307944298,0.9530103511639079,0.10149269262993385,0.08936277067011063,0.002260637836220264,7.366664482771849e-05,0.5599771984330328,100.0,63.0,0.63,0.0,0.0,0.23442939483849828,1.7716169653451128,303.27415251902534,False,False,0.0,0.0,False,0.0,0,0,0,True
363,100,0.0,99.68712386762849,117.55755921501151,117.548397269148,109.65602566169693,9.968712386762848,0.0,1.599129878608725,0.003922172295789312,1.767733137743359,302.64625081431694,151.8398511335795,0.9529863987882079,0.10146513190149538,0.08935994002493393,0.0021653885003200617,7.007937765628043e-05,0.5600103003928548,100.0,63.0,0.63,0.0,0.0,0.23442939483849828,1.7716553100391483,304.24538069292566,False,False,0.0,0.0,False,0.0,0,0,0,True
364,100,0.0,99.68712386762849,117.56025553407802,117.548397269148,109.65602609724296,9.968712386762848,0.0,1.5991286384987677,0.003921350066562807,1.7677548570042998,303.6173683160605,151.82799286864946,0.9529643687873536,0.10143970245070015,0.08935756294436145,0.002054045754708424,6.673192361130969e-05,0.5600499359953754,100.0,63.0,0.63,0.0,0.0,0.23442939483849828,1.7716762070708627,305.21649695455926,False,False,0.0,0.0,False,0.0,0,0,0,True
365,100,0.0,99.68712386762849,117.56271744966554,117.548397269148,109.65602642920828,9.968712386762848,0.0,1.5991274026115159,0.003921874295826803,1.7677582052747114,304.5884516488907,151.81367268813193,0.9529444212303575,0.10141659370482499,0.08935564542572098,0.0019285236298495281,6.387281363409868e-05,0.5600954503837678,100.0,63.0,0.63,0.0,0.0,0.23442939483849828,1.7716800795705383,306.18757905150227,False,False,0.0,0.0,False,0.0,0,0,0,True
366,100,0.0,99.68712386762849,117.56492758194369,117.548397269148,109.65602662636576,9.968712386762848,0.0,1.5991261707744484,0.003923654244275143,1.7677441380681127,305.55957621128806,151.79714237533622,0.9529266854893935,0.10139596142683818,0.08935418589957513,0.001790804996897742,6.02056551034555e-05,0.5601461475688563,100.0,63.0,0.63,0.0,0.0,0.23442939483849828,1.7716677923123878,307.15870238206253,False,False,0.0,0.0,False,0.0,0,0,0,True
367,100,0.0,99.68712386762849,117.56687195641409,117.548397269148,109.65602666333994,9.968712386762848,0.0,1.5991249429287682,0.003926570646057614,1.7677140280585395,306.53081319525336,151.77866768807013,0.9529112602912102,0.10137792752173166,0.08935317568300155,0.001642916838956962,6.130594225756904e-05,0.5602012992421213,100.0,63.0,0.63,0.0,0.0,0.23442939483849828,1.7716405987045971,308.1299381381821,False,False,0.0,0.0,False,0.0,0,0,0,True
368,100,0.0,99.68712386762849,117.5685400134914,117.548397269148,109.65602652100536,9.968712386762848,0.0,1.599123719121276,0.003930480863490931,1.7676695984638005,307.50222794277585,151.7585249437267,0.952898214115668,0.10136258022106706,0.08935259951644087,0.0014869062247332282,6.66408967924371e-05,0.5602601537684814,100.0,63.0,0.63,0.0,0.0,0.23442939483849828,1.7716000793272915,309.1013516618971,False,False,0.0,0.0,False,0.0,0,0,0,True
369,100,0.0,99.68712386762849,117.56992458165732,117.548397269148,109.65602618664312,9.968712386762848,0.0,1.5991224994935833,0.003935224389354294,1.7676128505148847,308.47387854681637,151.73699763121738,0.9528875859171617,0.10134997462560993,0.0893524361809338,0.0013248171943114797,7.030438923592093e-05,0.5603219452037458,100.0,63.0,0.63,0.0,0.0,0.23442939483849828,1.771548074904239,310.07300104630997,False,False,0.0,0.0,False,0.0,0,0,0,True
370,100,0.0,99.68712386762849,117.57102181633012,117.548397269148,109.6560256538696,9.968712386762848,0.0,1.599121284269247,0.00394062848292272,1.7675459880642979,309.44581471966603,151.71437308403526,0.952879386142499,0.1013401335832883,0.08935265919014582,0.0011586687576404784,7.224311472828017e-05,0.5603859021897223,100.0,63.0,0.63,0.0,0.0,0.2344293948384983,1.7714866165472205,311.0449360039353,False,False,0.0,0.0,False,0.0,0,0,0,True
371,100,0.0,99.68712386762849,117.5718311067604,117.548397269148,109.65602492236148,9.968712386762848,0.0,1.5991200737394793,0.003946513741554016,1.7674713421806352,310.4180769432818,151.69093924642283,0.9528735980169282,0.10133304887727508,0.08935323754842689,0.0009904341941845709,7.24500575025671e-05,0.5604512565945802,100.0,63.0,0.63,0.0,0.0,0.2344293948384983,1.7714178559221891,312.01719701702126,False,False,0.0,0.0,False,0.0,0,0,0,True
372,100,0.0,99.68712386762849,117.57235495338286,117.548397269148,109.65602399740708,9.968712386762848,0.0,1.5991188682480302,0.003952699433229485,1.7673912982507143,311.39069590800113,151.66698156218794,0.9528701790684707,0.10132868269679955,0.08935413656269968,0.0008220218262351891,7.096264458437711e-05,0.5605172517851904,100.0,63.0,0.63,0.0,0.0,0.2344293948384983,1.7713439976839438,312.98981477624915,False,False,0.0,0.0,False,0.0,0,0,0,True
373,100,0.0,99.68712386762849,117.57259881814616,117.548397269148,109.65602288932082,9.968712386762848,0.0,1.5991176681758519,0.003959008444427435,1.76730822770038,312.3636922381212,151.6427800131898,0.9528690628595587,0.10132696936138755,0.08935531869263712,0.0006552574182041859,6.785985142327069e-05,0.5605831504396112,100.0,63.0,0.63,0.0,0.0,0.2344293948384983,1.7712672361448074,313.962809906297,False,False,0.0,0.0,False,0.0,0,0,0,True
374,100,0.0,99.68712386762849,117.57257095041294,117.548397269148,109.65602161275754,9.968712386762848,0.0,1.599116473926054,0.003965271729449506,1.7672244259893946,313.3370764953874,151.61860633192487,0.9528701608942152,0.1013278172676672,0.08935674442077433,0.0004918683300081494,6.325838831486065e-05,0.560648241829559,100.0,63.0,0.63,0.0,0.0,0.23442939483849828,1.7711896977188442,314.9361929693135,False,False,0.0,0.0,False,0.0,0,0,0,True
375,100,0.0,99.68712386762849,117.57228219108256,117.548397269148,109.65602018596313,9.968712386762848,0.0,1.599115285909597,0.003971332179461624,1.7671420580702841,314.31084944465135,151.5947214099903,0.9528733646686854,0.10133111102671896,0.08935837312222358,0.0003334695250151204,5.730811231649738e-05,0.5607118485227218,100.0,63.0,0.63,0.0,0.0,0.23442939483849828,1.7711133902497458,315.90996473056094,False,False,0.0,0.0,False,0.0,0,0,0,True
376,100,0.0,99.68712386762849,117.5717457576451,117.548397269148,109.65601862999542,9.968712386762848,0.0,1.5991141045320825,0.003977047860037625,1.767063112057758,315.2850025599761,151.57137292149318,0.952878547833552,0.10133671375922226,0.08936016391274254,0.0001815515029370468,5.0186820791088874e-05,0.5607733324717598,100.0,63.0,0.63,0.0,0.0,0.23442939483849828,1.7710401599177956,316.88411666450816,False,False,0.0,0.0,False,0.0,0,0,0,True
377,100,0.0,99.68712386762849,117.5709770129269,117.548397269148,109.65601696794457,9.968712386762848,0.0,1.5991129301819034,0.003982294593353813,1.7669893614591154,316.25951874439977,151.5487931777143,0.9528855684359293,0.10134446951539822,0.08936207645415971,3.747019676556968e-05,4.209458970971459e-05,0.5608321004698966,100.0,63.0,0.63,0.0,0.0,0.23442939483849828,1.7709716560524693,317.85863167458166,False,False,0.0,0.0,False,0.0,0,0,0,True
378,100,0.0,99.68712386762849,117.56999322034096,117.548397269148,109.65601522417761,9.968712386762848,0.0,1.5991117632199392,0.003986967884400439,1.7669223359841357,317.2343732325169,151.52719722652128,0.9528942712113508,0.10135420578696692,0.08936407169757916,-9.756115830455714e-05,3.514675528217142e-05,0.5608876089618567,100.0,63.0,0.63,0.0,0.0,0.23442939483849828,1.7709093038685362,318.8334849957368,False,False,0.0,0.0,False,0.0,0,0,0,True
379,100,0.0,99.68712386762849,117.5688132884937,117.548397269148,109.65601342362487,9.968712386762848,0.0,1.5991106039708827,0.00399098420916728,1.7668633006941916,318.2095346420238,151.5067812071756,0.9529044898963711,0.10136573607902177,0.08936611254725871,-0.00022247820566657917,3.129426468549786e-05,0.5609393682037318,100.0,63.0,0.63,0.0,0.0,0.23442939483849828,1.7708542849033588,319.8086452459947,False,False,0.0,0.0,False,0.0,0,0,0,True
380,100,0.0,99.68712386762849,117.56745750803796,117.548397269148,109.65601159112266,9.968712386762848,0.0,1.5991094527162497,0.003994281696746884,1.7668132430650179,319.1849661384579,151.48772096828563,0.952916049534687,0.10137886251083583,0.08936816443138793,-0.00033636974652858227,3.074624666557879e-05,0.5609869457669403,100.0,63.0,0.63,0.0,0.0,0.23442939483849828,1.7708075247617647,320.7840755911742,False,False,0.0,0.0,False,0.0,0,0,0,True
381,100,0.0,99.68712386762849,117.56594728367335,117.548397269148,109.65600975082047,9.968712386762848,0.0,1.5991083096890455,0.003996820247067741,1.7667728674201923,320.1606266764808,151.4701709537603,0.9529287687516597,0.10139337841611482,0.0893701957699236,-0.0004384801896696627,3.141924272549521e-05,0.561029969380653,100.0,63.0,0.63,0.0,0.0,0.23442939483849828,1.77076968766726,321.7597349861698,False,False,0.0,0.0,False,0.0,0,0,0,True
382,100,0.0,99.68712386762849,117.56430486418864,117.548397269148,109.65600792565701,9.968712386762848,0.0,1.599107175070027,0.003998581132201721,1.7667425961305476,321.1364722812112,151.45426335871963,0.9529424619744116,0.10140907091502223,0.08937217833388074,-0.0005282102629674448,3.1749935970463965e-05,0.561068129105183,100.0,63.0,0.63,0.0,0.0,0.23442939483849828,1.7707411772627493,322.7355794562812,False,False,0.0,0.0,False,0.0,0,0,0,True
383,100,0.0,99.68712386762849,117.56255307340415,117.548397269148,109.65600613690768,9.968712386762848,0.0,1.5991060489854898,0.0039995661326972295,1.7667225769542,322.1124573342076,151.4401075544635,0.9529569415771395,0.10142572343237102,0.08937408749473436,-0.0006051160925272803,3.4591857121754385e-05,0.5611011788269833,100.0,63.0,0.63,0.0,0.0,0.23442939483849828,1.7707221430868973,323.7115633831931,False,False,0.0,0.0,False,0.0,0,0,0,True
384,100,0.0,99.68712386762849,117.56071504480288,117.548397269148,109.65600440380238,9.968712386762848,0.0,1.5991049315064625,0.003999796262087463,1.7667126958962232,323.08853583065263,151.42778977880863,0.9529720199337989,0.10144311813860887,0.08937590236658746,-0.000668906765329369,3.721271736339153e-05,0.5611289370651508,100.0,63.0,0.63,0.0,0.0,0.23442939483849828,1.7707124921583106,324.6876407621591,False,False,0.0,0.0,False,0.0,0,0,0,True
385,100,0.0,99.68712386762849,117.55881396253542,117.548397269148,109.6560027432129,9.968712386762848,0.0,1.5991038226492205,0.003999310133341574,1.766712594981301,324.06466257699856,151.41737308542122,0.9529875113628428,0.10146103829256632,0.0893776058472776,-0.0007194404972410764,3.920151127450822e-05,0.5611512870805477,100.0,63.0,0.63,0.0,0.0,0.23442939483849828,1.7707119051146425,325.6637663996478,False,False,0.0,0.0,False,0.0,0,0,0,True
386,100,0.0,99.68712386762849,117.55687281134422,117.548397269148,109.65600116940801,9.968712386762848,0.0,1.5991027223769905,0.003998162021330627,1.7667216943441306,325.04079430166416,151.40889754322495,0.953003233951153,0.1014792704673115,0.08937918456746037,-0.0007567195305887272,4.0561635780346576e-05,0.5611681762822971,100.0,63.0,0.63,0.0,0.0,0.23442939483849828,1.7707198563654611,326.63989702404115,False,False,0.0,0.0,False,0.0,0,0,0,True
387,100,0.0,99.68712386762849,117.55491413777943,117.548397269148,109.65599969387466,9.968712386762848,0.0,1.59910163060274,0.0039964196757260595,1.7667392180424963,326.01689065520884,151.40238067459353,0.9530190112466388,0.10149760664280752,0.0893806287588279,-0.000780883885007623,4.40613259348955e-05,0.5611796149327151,100.0,63.0,0.63,0.0,0.0,0.23442939483849828,1.7707356377182224,327.61599228581156,False,False,0.0,0.0,False,0.0,0,0,0,True
388,100,0.0,99.68712386762849,117.55295982487615,117.548397269148,109.6559983252037,9.968712386762848,0.0,1.5991005471929318,0.003994161939477389,1.7667642229820926,326.99291508061617,151.3978181188654,0.9530346738111561,0.10151584615136255,0.08938193205395498,-0.000792204082817953,4.9055023970297336e-05,0.561185674160531,100.0,63.0,0.63,0.0,0.0,0.23442939483849828,1.77075838492157,328.5920156278091,False,False,0.0,0.0,False,0.0,0,0,0,True
389,100,0.0,99.68712386762849,117.55103088223501,117.548397269148,109.65599706903966,9.968712386762848,0.0,1.599099471972132,0.003991476229061453,1.7667956303107517,327.96883553876194,151.39518450577836,0.9530500606273875,0.10153379746405948,0.08938309123085823,-0.0007910729665482952,5.323469093693042e-05,0.5611864833031041,100.0,63.0,0.63,0.0,0.0,0.23442939483849828,1.770787106539813,329.56793501073406,False,False,0.0,0.0,False,0.0,0,0,0,True
390,100,0.0,99.68712386762849,117.54914725319907,117.548397269148,109.65599592809336,9.968712386762848,0.0,1.5990984047283323,0.003988455933950654,1.7668322585965592,328.94462507869883,151.3944345217273,0.9530650203551276,0.10155127980843895,0.08938410591528116,-0.0007779967221760081,5.630998971847559e-05,0.5611822266105803,100.0,63.0,0.63,0.0,0.0,0.23442939483849828,1.77082071453051,330.5437234834272,False,False,0.0,0.0,False,0.0,0,0,0,True
391,100,0.0,99.68712386762849,117.5473276405608,117.548397269148,109.65599490221626,9.968712386762848,0.0,1.5990973452188675,0.0039851977938329675,1.7668728580564674,329.92026224693484,151.39550415031448,0.9530794124340088,0.10156812460968612,0.08938497825310514,-0.0007535852178076563,5.8254519286552406e-05,0.56117313935777,100.0,63.0,0.63,0.0,0.0,0.23442939483849828,1.7708580558503004,331.5193595921537,False,False,0.0,0.0,False,0.0,0,0,0,True
392,100,0.0,99.68712386762849,117.54558935196633,117.548397269148,109.6559939885353,9.968712386762848,0.0,1.5990962931767811,0.003981799312689226,1.7669161450580153,330.8957313343085,151.39831206749622,0.9530931080311366,0.10158417674943346,0.08938571256428035,-0.0007185417643250106,5.9067566087946716e-05,0.5611595034220983,100.0,63.0,0.63,0.0,0.0,0.23442939483849828,1.7708979443707045,332.4948276274853,False,False,0.0,0.0,False,0.0,0,0,0,True
393,100,0.0,99.68712386762849,117.5439481659147,117.548397269148,109.6559931816452,9.968712386762848,0.0,1.5990952483174767,0.003978356268389892,1.7669608360858569,331.87102246326083,151.4027611707295,0.953105990833353,0.10159929563805996,0.08938631498841335,-0.000673652402185207,5.877300171074682e-05,0.5611416423974414,100.0,63.0,0.63,0.0,0.0,0.23442939483849828,1.7709391923542468,333.4701177115783,False,False,0.0,0.0,False,0.0,0,0,0,True
394,100,0.0,99.68712386762849,117.5424182189913,117.548397269148,109.65599247385441,9.968712386762848,0.0,1.5990942103455106,0.003974960374688555,1.7670056803548957,332.84613152219544,151.4087402208862,0.9531179576849744,0.10161335609805086,0.08938679313078578,-0.000619774817197416,5.741764495984871e-05,0.5611199163233425,100.0,63.0,0.63,0.0,0.0,0.23442939483849828,1.7709806407295843,334.44522573254096,False,False,0.0,0.0,False,0.0,0,0,0,True
395,100,0.0,99.68712386762849,117.5410119147167,117.548397269148,109.65599185547912,9.968712386762848,0.0,1.5990931789613474,0.003971697149050306,1.7670494902697318,333.8210599571074,151.41612557531747,0.9531289190728647,0.10162624905760032,0.0893871557162233,-0.0005578269875230066,5.5069156238321946e-05,0.5610947161163704,100.0,63.0,0.63,0.0,0.0,0.23442939483849828,1.771021187418782,335.4201531360688,False,False,0.0,0.0,False,0.0,0,0,0,True
396,100,0.0,99.68712386762849,117.53973985415504,117.548397269148,109.65599131517796,9.968712386762848,0.0,1.5990921538679141,0.00396864403448302,1.7670911689789721,334.795814433708,151.42478299031043,0.9531387994616228,0.10163788205520621,0.08938741225698042,-0.0004887756641640789,5.1813540285000644e-05,0.5610664577949408,100.0,63.0,0.63,0.0,0.0,0.23442939483849828,1.7710598130134552,336.3949065875759,False,False,0.0,0.0,False,0.0,0,0,0,True
397,100,0.0,99.68712386762849,117.53861078819621,117.548397269148,109.65599084031871,9.968712386762848,0.0,1.5990911347767949,0.003965868816475042,1.767129734354244,335.7704063858065,151.4345694712622,0.9531475374825481,0.10164817955753017,0.08938757273970589,-0.00041362478744858824,4.7752339041202536e-05,0.561035576590578,100.0,63.0,0.63,0.0,0.0,0.23442939483849828,1.771095603170719,337.3694975205833,False,False,0.0,0.0,False,0.0,0,0,0,True
398,100,0.0,99.68712386762849,117.53763159121479,117.548397269148,109.65599041736616,9.968712386762848,0.0,1.5990901214139055,0.003963428367397765,1.7671643388347802,336.744851467712,151.44533514919542,0.9531550859808398,0.10165708309428508,0.08938764733563326,-0.0003334039420994098,4.299959970670936e-05,0.5610025210373922,100.0,63.0,0.63,0.0,0.0,0.23442939483849828,1.771127767202178,338.3439415891259,False,False,0.0,0.0,False,0.0,0,0,0,True
399,100,0.0,99.68712386762849,117.53680725561205,117.548397269148,109.6559900322806,9.968712386762848,0.0,1.599089113524519,0.003961367740680389,1.7671942847148503,337.7191689298605,151.4569251627314,0.953161411926297,0.10166455121536329,0.08938764613739268,-0.0002491569530382196,3.767870391022366e-05,0.5609677471277654,100.0,63.0,0.63,0.0,0.0,0.23442939483849828,1.7711556524555307,339.318258043385,False,False,0.0,0.0,False,0.0,0,0,0,True
400,100,0.0,99.68712386762849,117.53614090656325,117.548397269148,109.65598967091437,9.968712386762848,0.0,1.599088110877523,0.003959719626048631,1.7672190346060457,338.69338093774945,151.46918152531612,0.953166496193522,0.10167055927682463,0.08938757892523518,-0.00016193072274285487,3.1919142560809014e-05,0.5609317126161925,100.0,63.0,0.63,0.0,0.0,0.23442939483849828,1.7711787542320943,340.29246904862697,False,False,0.0,0.0,False,0.0,0,0,0,True
401,100,0.0,99.68712386762849,117.53563383612573,117.548397269148,109.65598931939485,9.968712386762848,0.0,1.5990871132688227,0.003958504165742606,1.7672382169714027,339.66751185458975,151.4819449583384,0.9531703332183712,0.10167509906371763,0.08938745496495831,-7.276440851849559e-05,2.585331747887341e-05,0.5608948715454409,100.0,63.0,0.63,0.0,0.0,0.23442939483849828,1.7711967211371453,341.26659896785856,False,False,0.0,0.0,False,0.0,0,0,0,True
402,100,0.0,99.68712386762849,117.5352855557046,117.548397269148,109.65598896448273,9.968712386762848,0.0,1.599086120523835,0.003957729120360846,1.7672516267946563,340.64158750787067,151.49505667178184,0.9531729305380875,0.10167817825898606,0.08938728283936309,1.7320965732177397e-05,1.961344559332797e-05,0.5608576690601815,100.0,63.0,0.63,0.0,0.0,0.23442939483849828,1.771209355915017,342.2406736283945,False,False,0.0,0.0,False,0.0,0,0,0,True
403,100,0.0,99.68712386762849,117.5350938657315,117.548397269148,109.6559885938952,9.968712386762848,0.0,1.59908513249904,0.00395739036240914,1.7672592216070155,341.6156344593286,151.50836007519825,0.9531743082232069,0.10167981976890547,0.08938707031461834,0.00010733237381113509,1.342889179642444e-05,0.5608205365635269,100.0,63.0,0.63,0.0,0.0,0.23442939483849828,1.7712166119694246,343.21471959182765,False,False,0.0,0.0,False,0.0,0,0,0,True
404,100,0.0,99.68712386762849,117.53505494127751,117.548397269148,109.65598819658537,9.968712386762848,0.0,1.5990841490826002,0.0039574726662247,1.7672611132377343,342.58967929664095,151.5217024030688,0.9531744982099418,0.10168006091658177,0.08938682424240352,0.00019631404467179565,8.993521998287331e-06,0.5607838872620268,100.0,63.0,0.63,0.0,0.0,0.23442939483849828,1.7712185859039589,344.18876344572357,False,False,0.0,0.0,False,0.0,0,0,0,True
405,100,0.0,99.68712386762849,117.53516343220271,117.548397269148,109.65598776297145,9.968712386762848,0.0,1.5990831701940833,0.003957950755105857,1.7672575557771604,343.56374796360194,151.53493624001408,0.9531735435422913,0.10167895251600208,0.08938655049813012,0.0002833560378150343,6.981436692093282e-06,0.5607481121349851,100.0,63.0,0.63,0.0,0.0,0.23442939483849828,1.7712155065322663,345.16283113379603,False,False,0.0,0.0,False,0.0,0,0,0,True
406,100,0.0,99.68712386762849,117.53541257633512,117.548397269148,109.65598728511081,9.968712386762848,0.0,1.599082195783347,0.003958790560499591,1.7672489303369647,344.53786514362594,151.54792093282694,0.9531714975336115,0.10167655783994958,0.08938625395488067,0.00036760207020479637,9.94297248074217e-06,0.5607135763548639,100.0,63.0,0.63,0.0,0.0,0.23442939483849828,1.7712077208974644,346.1369473394093,False,False,0.0,0.0,False,0.0,0,0,0,True
407,100,0.0,99.68712386762849,117.53579432407898,117.548397269148,109.6559867568171,9.968712386762848,0.0,1.599081225828678,0.00395995064414203,1.7672357272591845,345.51205370924214,151.56052387789597,0.9531684228577866,0.1016729514957629,0.08938593849196474,0.00044825653783773926,1.3857822958129672e-05,0.5606806161772081,100.0,63.0,0.63,0.0,0.0,0.23442939483849828,1.7711956779033267,347.1111349350708,False,False,0.0,0.0,False,0.0,0,0,0,True
408,100,0.0,99.68712386762849,117.53629947277005,117.548397269148,109.65598617371985,9.968712386762848,0.0,1.599080260334282,0.003961383732161455,1.7672185264626208,346.4863342478581,151.5726216742739,0.9531643905804585,0.10166821822342578,0.08938560703619187,0.0005245906852069923,1.8036255806329225e-05,0.5606495363111138,100.0,63.0,0.63,0.0,0.0,0.23442939483849828,1.7711799101947823,348.0854145081924,False,False,0.0,0.0,False,0.0,0,0,0,True
409,100,0.0,99.68712386762849,117.53691780903368,117.548397269148,109.65598553326883,9.968712386762848,0.0,1.5990792993272545,0.003963038310218628,1.767197976623091,347.460724671549,151.58410113438822,0.9531594791410128,0.10166245163081652,0.08938526163313636,0.0005959478862700207,2.1606710324582427e-05,0.5606206077747603,100.0,63.0,0.63,0.0,0.0,0.23442939483849828,1.7711610149333097,349.0598039708762,False,False,0.0,0.0,False,0.0,0,0,0,True
410,100,0.0,99.68712386762849,117.53763825735386,117.548397269148,109.65598483468702,9.968712386762848,0.0,1.5990783428541433,0.003964860230682471,1.767174773865412,348.43523991605355,151.59486014618236,0.9531537732961652,0.1016557528811213,0.08938490354486041,0.0006617480109458521,2.453493882871346e-05,0.560594066234919,100.0,63.0,0.63,0.0,0.0,0.23442939483849828,1.7711396340960945,350.0343182589077,False,False,0.0,0.0,False,0.0,0,0,0,True
411,100,0.0,99.68712386762849,117.5384490330349,117.548397269148,109.65598407887703,9.968712386762848,0.0,1.5990773909772453,0.00396679428623116,1.7671496406035416,349.4098917315895,151.60480838229546,0.9531473630360484,0.10164822934743037,0.08938453336982106,0.0007214908614018966,2.6802968965747996e-05,0.5605701108244718,100.0,63.0,0.63,0.0,0.0,0.23442939483849828,1.7711164348897728,351.0089691225667,False,False,0.0,0.0,False,0.0,0,0,0,True
412,100,0.0,99.68712386762849,117.53933779773199,117.548397269148,109.6559832682881,9.968712386762848,0.0,1.5990764437707528,0.003968785708954565,1.7671233051056878,350.3846885656094,151.6138678537115,0.9531403424836743,0.10163999324939581,0.08938415118005724,0.0007747586722902766,2.8413915108612602e-05,0.5605489034277293,100.0,63.0,0.63,0.0,0.0,0.23442939483849828,1.7710920908146424,351.98376500938014,False,False,0.0,0.0,False,0.0,0,0,0,True
413,100,0.0,99.68712386762849,117.54029181573975,117.548397269148,109.65598240674981,9.968712386762848,0.0,1.5990755013168705,0.003970781559577469,1.7670964822880544,351.35963553526335,151.62197330711973,0.9531328087885311,0.10163116028653937,0.08938375667027808,0.000821217678555218,3.0237977024628623e-05,0.5605305684195259,100.0,63.0,0.63,0.0,0.0,0.23442939483849828,1.771067263847632,352.9587110365802,False,False,0.0,0.0,False,0.0,0,0,0,True
414,100,0.0,99.68712386762849,117.54129810926688,117.548397269148,109.65598149928105,9.968712386762848,0.0,1.5990745637020207,0.003972731977541025,1.7670698561593419,352.3347344851733,151.62907246700087,0.9531248610248853,0.1016218482823786,0.08938334931318916,0.0008606187633718911,3.142363712020613e-05,0.56051519284059,100.0,63.0,0.63,0.0,0.0,0.23442939483849828,1.771042588136883,353.93380904887533,False,False,0.0,0.0,False,0.0,0,0,0,True
415,100,0.0,99.68712386762849,117.54234361098061,117.548397269148,109.65598055188049,9.968712386762848,0.0,1.59907363101322,0.003974591269072984,1.7670440642527427,353.30998412419115,151.63512612516826,0.9531165991050896,0.10161217585298547,0.08938292851531357,0.0008927972071866546,3.199152759422948e-05,0.5605028269883963,100.0,63.0,0.63,0.0,0.0,0.23442939483849828,1.7710186555218157,354.90905775520434,False,False,0.0,0.0,False,0.0,0,0,0,True
416,100,0.0,99.68712386762849,117.54341531218645,117.548397269148,109.65597957130714,9.968712386762848,0.0,1.5990727033347174,0.00397631881670895,1.7670196842967,354.2853802331632,151.64010808212979,0.9531081227178564,0.10160226111293624,0.0893824937677048,0.0009176715666913999,3.197359476765108e-05,0.560493485399555,100.0,63.0,0.63,0.0,0.0,0.23442939483849828,1.770996003113409,355.88445293649795,False,False,0.0,0.0,False,0.0,0,0,0,True
417,100,0.0,99.68712386762849,117.54450040510294,117.548397269148,109.65597856485661,9.968712386762848,0.0,1.5990717807449597,0.003977879799873124,1.766997223293801,355.26091593436456,151.64400494617485,0.9530995303010374,0.10159222043083989,0.0893820447862967,0.0009352417199386925,3.141163521739712e-05,0.5604871481967422,100.0,63.0,0.63,0.0,0.0,0.23442939483849828,1.770975103093674,356.8599877151095,False,False,0.0,0.0,False,0.0,0,0,0,True
418,100,0.0,99.68712386762849,117.5455864178106,117.548397269148,109.65597754013986,9.968712386762848,0.0,1.5990708633139403,0.003979245721843014,1.7669771091006197,356.236582012233,151.64681579751226,0.9530909180579814,0.10158216724578076,0.089381581637176,0.0009455861206721844,3.035569960585796e-05,0.5604837627702551,100.0,63.0,0.63,0.0,0.0,0.23442939483849828,1.7709563548224627,357.83565287554694,False,False,0.0,0.0,False,0.0,0,0,0,True
419,100,0.0,99.68712386762849,117.54666134058323,117.548397269148,109.65597650486968,9.968712386762848,0.0,1.5990699511009574,0.00398039474360821,1.7669596845322875,357.2123672743222,151.64855172607702,0.9530823790259824,0.10157221095507105,0.08938110484276421,0.0009488583113776136,2.886241087599202e-05,0.5604832457615339,100.0,63.0,0.63,0.0,0.0,0.23442939483849828,1.7709400792758956,358.81143722542316,False,False,0.0,0.0,False,0.0,0,0,0,True
420,100,0.0,99.68712386762849,117.5477137424534,117.548397269148,109.65597546665933,9.968712386762848,0.0,1.5990690441528153,0.003981311829790812,1.766945203954217,358.18825894100934,151.6492352527716,0.9530740022047235,0.10156245588269608,0.08938061546572214,0.0009452827505478115,2.699324272407893e-05,0.5604854853135056,100.0,63.0,0.63,0.0,0.0,0.23442939483849828,1.770926515784008,359.78732798516216,False,False,0.0,0.0,False,0.0,0,0,0,True
421,100,0.0,99.68712386762849,117.54873287701984,117.548397269148,109.65597443283765,9.968712386762848,0.0,1.5990681425024778,0.003981988715779897,1.7669338322701795,359.1642430524273,151.64889964489973,0.953065871751939,0.10155300033676226,0.08938011516829615,0.000935150015171865,2.4812802412986793e-05,0.5604903435505044,100.0,63.0,0.63,0.0,0.0,0.23442939483849828,1.7709158209859595,360.76331119492977,False,False,0.0,0.0,False,0.0,0,0,0,True
422,100,0.0,99.68712386762849,117.5497087766642,117.548397269148,109.6559734102832,9.968712386762848,0.0,1.599067246168164,0.003982423708676579,1.7669256461706127,360.1403048813222,151.64758813738354,0.9530580662527814,0.10154393576312344,0.08937960624577052,0.0009188114445288873,2.2387159129382666e-05,0.5604976592488533,100.0,63.0,0.63,0.0,0.0,0.23442939483849828,1.7709080698792892,361.73937212749036,False,False,0.0,0.0,False,0.0,0,0,0,True
423,100,0.0,99.68712386762849,117.55063233451207,117.548397269148,109.65597240527997,9.968712386762848,0.0,1.5990663551528916,0.003982621337472012,1.7669206374664597,361.1164293410478,151.64535307201945,0.9530506580685719,0.10153534600118479,0.08937909163362782,0.0008966732958638854,2.101794183567626e-05,0.5605072506581059,100.0,63.0,0.63,0.0,0.0,0.23442939483849828,1.7709032588039317,362.7154956962007,False,False,0.0,0.0,False,0.0,0,0,0,True
424,100,0.0,99.68712386762849,117.5514953736413,117.548397269148,109.6559714233969,9.968712386762848,0.0,1.599065469444426,0.00398259187019225,1.7669187183021189,362.0926013786607,151.64225496752616,0.9530437127697585,0.10152730664666634,0.08937857488891471,0.0008691904864482098,2.0090352710143995e-05,0.5605189184324502,100.0,63.0,0.63,0.0,0.0,0.23442939483849828,1.7709013101723112,363.6916668481051,False,False,0.0,0.0,False,0.0,0,0,0,True
425,100,0.0,99.68712386762849,117.55229070320914,117.548397269148,109.65597046939153,9.968712386762848,0.0,1.5990645890156312,0.003982350717548253,1.7669197280146973,363.06880634404763,151.63836153346506,0.9530372886569956,0.10151988452486342,0.08937806014712614,0.0008368599997326864,1.897983551708319e-05,0.5605324486319707,100.0,63.0,0.63,0.0,0.0,0.23442939483849828,1.7709020787322456,364.6678709330633,False,False,0.0,0.0,False,0.0,0,0,0,True
426,100,0.0,99.68712386762849,117.55301216133444,117.548397269148,109.6559695471391,9.968712386762848,0.0,1.5990637138251682,0.003981917743922674,1.7669234413859694,364.04503032715695,151.63374664127858,0.9530314363733016,0.10151313727668335,0.08937755205663934,0.0008002140357527291,1.77046652641503e-05,0.5605476157542956,100.0,63.0,0.63,0.0,0.0,0.23442939483849828,1.770905359129892,365.6440940409821,False,False,0.0,0.0,False,0.0,0,0,0,True
427,100,0.0,99.68712386762849,117.5536546447335,117.548397269148,109.6559686595866,9.968712386762848,0.0,1.5990628438185182,0.003981316507443747,1.7669295780173784,365.0212604566799,151.62848926569308,0.9530261986092595,0.10150711305846802,0.0893770556933239,0.0007598129875076368,1.6284277956782186e-05,0.5605641857586507,100.0,63.0,0.63,0.0,0.0,0.23442939483849828,1.7709108945248222,366.6203233004984,False,False,0.0,0.0,False,0.0,0,0,0,True
428,100,0.0,99.68712386762849,117.55421412526161,117.548397269148,109.65596780873217,9.968712386762848,0.0,1.5990619789292682,0.00398057345128272,1.7669378125473605,365.99748515489904,151.62267240957942,0.9530216099022161,0.10150185035535957,0.08937657645842297,0.0007162383256646227,1.4739031598407551e-05,0.5605819190464214,100.0,63.0,0.63,0.0,0.0,0.23442939483849828,1.7709183859986433,367.5965471338283,False,False,0.0,0.0,False,0.0,0,0,0,True
429,100,0.0,99.68712386762849,117.55468765366045,117.548397269148,109.65596699562805,9.968712386762848,0.0,1.5990611190806299,0.003979717068352315,1.7669477854242717,366.97369434484017,151.616382025067,0.953017696529393,0.10149737790672823,0.08937611996314165,0.0006700854735647479,1.3089962941896537e-05,0.5606005733648922,100.0,63.0,0.63,0.0,0.0,0.23442939483849828,1.7709275024926239,368.57275546392077,False,False,0.0,0.0,False,0.0,0,0,0,True
430,100,0.0,99.68712386762849,117.55507335094825,117.548397269148,109.65596622040665,9.968712386762848,0.0,1.5990602641871376,0.003978777061130132,1.7669591139474667,367.9498796073042,151.60970594326676,0.9530144764938097,0.10149371474098587,0.08937569190358854,0.0006219567531002169,1.1762629650907738e-05,0.5606199066038313,100.0,63.0,0.63,0.0,0.0,0.23442939483849828,1.7709378910085969,369.5489398714913,False,False,0.0,0.0,False,0.0,0,0,0,True
431,100,0.0,99.68712386762849,117.55537038801813,117.548397269148,109.65596548232786,9.968712386762848,0.0,1.5990594141564622,0.00397778351749027,1.7669714032939623,368.9260342867666,151.6027328243966,0.9530119596008845,0.10149087031596057,0.08937529792981316,0.0005724544795750505,1.0736175866556153e-05,0.5606396794578683,100.0,63.0,0.63,0.0,0.0,0.23442939483849828,1.7709491868114526,370.52509370092304,False,False,0.0,0.0,False,0.0,0,0,0,True
432,100,0.0,99.68712386762849,117.55557895412457,117.548397269148,109.65596477984519,9.968712386762848,0.0,1.5990585688913026,0.003976766122151635,1.7669842572589853,369.9021535464881,151.59555113942002,0.9530101476226124,0.10148884475992748,0.08937494351267271,0.0005221742802092825,9.581209094050937e-06,0.5606596579310709,100.0,63.0,0.63,0.0,0.0,0.23442939483849828,1.770961023381137,371.50121211537936,False,False,0.0,0.0,False,0.0,0,0,0,True
433,100,0.0,99.68712386762849,117.5557002150443,117.548397269148,109.65596411068879,9.968712386762848,0.0,1.5990577282913032,0.003975753421647776,1.766997288455405,370.87823437445,151.58824819352378,0.9530090345452583,0.10148762920738885,0.0893746338121565,0.0004716987065035677,8.382987669011806e-06,0.5606796156636861,100.0,63.0,0.63,0.0,0.0,0.23442939483849828,1.7709730418770528,372.47729210274133,False,False,0.0,0.0,False,0.0,0,0,0,True
434,100,0.0,99.68712386762849,117.55573626178632,117.548397269148,109.65596347196228,9.968712386762848,0.0,1.59905689225494,0.003974772158678565,1.7670101277398627,371.8542755428758,151.5809092008854,0.9530086068956359,0.10148720622278702,0.08937437355061739,0.00042159120538322326,7.991482291355553e-06,0.560699336064517,100.0,63.0,0.63,0.0,0.0,0.23442939483849828,1.7709848998985411,373.4533324351308,False,False,0.0,0.0,False,0.0,0,0,0,True
435,100,0.0,99.68712386762849,117.55569005080619,117.548397269148,109.65596286025071,9.968712386762848,0.0,1.5990560606813335,0.0039738466892860055,1.7670224326616217,372.8302775251202,151.57361641922722,0.953008844140213,0.10148755030452557,0.08937416689411175,0.00037239050794186934,8.030337927836232e-06,0.5607186142358395,100.0,63.0,0.63,0.0,0.0,0.23442939483849828,1.7709962793509078,374.42933358580154,False,False,0.0,0.0,False,0.0,0,0,0,True
436,100,0.0,99.68712386762849,117.55556533674104,117.548397269148,109.65596227173596,9.968712386762848,0.0,1.59905523347195,0.003972998493607256,1.767033894763386,373.8062423745616,151.56644835163416,0.9530097191505646,0.10148862846097899,0.08937401734474942,0.00032460548786076985,8.243122172145668e-06,0.5607372586810105,100.0,63.0,0.63,0.0,0.0,0.2344293948384983,1.7710068932569931,375.40529760803355,False,False,0.0,0.0,False,0.0,0,0,0,True
437,100,0.0,99.68712386762849,117.55536659873349,117.548397269148,109.65596170231686,9.968712386762848,0.0,1.5990544105321458,0.003972245788070973,1.7670442456005375,374.782173570831,151.55947902204866,0.9530111987280545,0.10149040084959544,0.08937392764661142,0.0002787105342981974,8.344425070738221e-06,0.5607550927879874,100.0,63.0,0.63,0.0,0.0,0.23442939483849834,1.7710164913886084,376.3812279813631,False,False,0.0,0.0,False,0.0,0,0,0,True
438,100,0.0,99.68712386762849,117.55509896144531,117.548397269148,109.65596114773025,9.968712386762848,0.0,1.5990535917725262,0.0039716032438639765,1.7670532613853032,375.7580758392214,151.5527773297513,0.9530132441800813,0.10149282146974388,0.08937389970741429,0.00023514147638462184,8.83694436344414e-06,0.5607719560847767,100.0,63.0,0.63,0.0,0.0,0.23442939483849834,1.771024864629167,377.35712943099395,False,False,0.0,0.0,False,0.0,0,0,0,True
439,100,0.0,99.68712386762849,117.55476811188478,117.548397269148,109.65596060366995,9.968712386762848,0.0,1.599052777110096,0.003971081813447045,1.7670607662040057,376.7339549494643,151.54640648701456,0.9530158119398091,0.10149583889963285,0.0893739345376945,0.00019429208853419394,9.13830349508478e-06,0.56078770526544,100.0,63.0,0.63,0.0,0.0,0.23442939483849834,1.7710318480174527,378.3330077265744,False,False,0.0,0.0,False,0.0,0,0,0,True
440,100,0.0,99.68712386762849,117.55438021317508,117.548397269148,109.65596006590039,9.968712386762848,0.0,1.5990519664691782,0.003970688663880303,1.7670666337973358,377.7098175002185,151.54042354298744,0.9530188542209738,0.10149939706742857,0.0893740322088599,0.0001565111977620645,9.268623661686486e-06,0.5608022149876228,100.0,63.0,0.63,0.0,0.0,0.23442939483849834,1.7710373224612161,379.30886946668767,False,False,0.0,0.0,False,0.0,0,0,0,True
441,100,0.0,99.68712386762849,117.55394181638565,117.548397269148,109.6559595303624,9.968712386762848,0.0,1.5990511597820942,0.003970427212903084,1.767070787933975,378.6856706956081,151.5348789957498,0.9530223196991576,0.10150343604663106,0.08937419183101163,0.0001221004061671485,9.249704249113572e-06,0.5608153784447166,100.0,63.0,0.63,0.0,0.0,0.23442939483849834,1.7710412151468782,380.2847218553902,False,False,0.0,0.0,False,0.0,0,0,0,True
442,100,0.0,99.68712386762849,117.55345977152454,117.548397269148,109.65595899326826,9.968712386762848,0.0,1.5990503569895973,0.003970297261061244,1.7670732014458264,379.6615221199771,151.52981649337323,0.9530261542108382,0.10150789286581444,0.08937441155099025,9.13124338546012e-05,9.104258207757975e-06,0.5608271077177052,100.0,63.0,0.63,0.0,0.0,0.23442939483849834,1.7710434987068877,381.26057247696673,False,False,0.0,0.0,False,0.0,0,0,0,True
443,100,0.0,99.68712386762849,117.55294113875732,117.548397269148,109.65595845118432,9.968712386762848,0.0,1.5990495580410655,0.0039702952109387,1.7670738940269588,380.63737951670987,151.52527262376393,0.9530303014615363,0.10151270232301073,0.0893746885706439,6.435007990708147e-05,9.499891936389488e-06,0.5608373339135172,100.0,63.0,0.63,0.0,0.0,0.23442939483849834,1.7710441892378974,382.23642907475096,False,False,0.0,0.0,False,0.0,0,0,0,True
444,100,0.0,99.68712386762849,117.55239310087035,117.548397269148,109.65595790109951,9.968712386762848,0.0,1.5990487628944632,0.003970414362596682,1.76707292892751,381.61325057652107,151.52127679204156,0.9530347037345221,0.10151779779529305,0.0893750191848678,4.1365791672094696e-05,1.0414242053026777e-05,0.5608460070983211,100.0,63.0,0.63,0.0,0.0,0.23442939483849834,1.7710433432901067,383.21229933941555,False,False,0.0,0.0,False,0.0,0,0,0,True
445,100,0.0,99.68712386762849,117.55182287793981,117.548397269148,109.65595734047848,9.968712386762848,0.0,1.599047971516083,0.003970645272880299,1.767070408697196,382.5891427400577,151.51785118324975,0.9530393025917816,0.10152311203450093,0.08937539883852495,2.2461825698459615e-05,1.11792901264836e-05,0.5608530960356726,100.0,63.0,0.63,0.0,0.0,0.23442939483849834,1.7710410539700763,384.1881907115738,False,False,0.0,0.0,False,0.0,0,0,0,True
446,100,0.0,99.68712386762849,117.55123764509976,117.548397269148,109.65595676729902,9.968712386762848,0.0,1.599047183880095,0.003970976165185159,1.767066470150399,383.5650630190071,151.51501080729795,0.9530440395592773,0.10152857794052787,0.089375822200941,7.690977179104775e-06,1.179196329555178e-05,0.560858587740775,100.0,63.0,0.63,0.0,0.0,0.23442939483849834,1.7710374463155842,385.1641102028872,False,False,0.0,0.0,False,0.0,0,0,0,True
447,100,0.0,99.68712386762849,117.55064445422872,117.548397269148,109.6559561800737,9.968712386762848,0.0,1.5990463999679227,0.003971393375723978,1.7670612787358417,384.54101783918384,151.51276362221725,0.9530488567889639,0.10153412930415653,0.08937628325627879,-2.9421511934163424e-06,1.225101318692584e-05,0.5608624868633365,100.0,63.0,0.63,0.0,0.0,0.23442939483849834,1.7710326721115657,386.14006423915174,False,False,0.0,0.0,False,0.0,0,0,0,True
448,100,0.0,99.68712386762849,117.5500501602896,117.548397269148,109.65595557785566,9.968712386762848,0.0,1.5990456197674774,0.003971881822192052,1.7670550224986579,385.5170129083034,151.51111073107563,0.95305369769054,0.1015397015120684,0.08937677540775005,-9.479375425146264e-06,1.2556968333593902e-05,0.5608648149125967,100.0,63.0,0.63,0.0,0.0,0.23442939483849834,1.77102690432085,387.1160585280709,False,False,0.0,0.0,False,0.0,0,0,0,True
449,100,0.0,99.68712386762849,117.54946135297284,117.548397269148,109.65595496023016,9.968712386762848,0.0,1.599044843272276,0.003972425481026861,1.7670479058214452,386.49305311035835,151.51004664725082,0.9530585075264947,0.1015452322073576,0.0893772915933216,-1.2006690723438684e-05,1.2712067287594473e-05,0.5608656093390589,100.0,63.0,0.63,0.0,0.0,0.23442939483849834,1.7710203313024722,388.0920979536306,False,False,0.0,0.0,False,0.0,0,0,0,True
450,100,0.0,99.68712386762849,117.54888429419742,117.548397269148,109.65595432729224,9.968712386762848,0.0,1.5990440704804803,0.003973007860095891,1.7670401431245868,387.4691424277188,151.5095596222014,0.9530632339646598,0.10155066189964201,0.08937782441033103,-1.0651609672511498e-05,1.2720173830135435e-05,0.5608649224882688,100.0,63.0,0.63,0.0,0.0,0.23442939483849834,1.7710131509846827,389.0681864981993,False,False,0.0,0.0,False,0.0,0,0,0,True
451,100,0.0,99.68712386762849,117.5483248619328,117.548397269148,109.65595367961241,9.968712386762848,0.0,1.5990433013938843,0.0039736124546742736,1.7670319526946299,388.4452838913038,151.5096320294166,0.9530678275831894,0.10155593451966209,0.089378366246248,-5.580124932763608e-06,1.2586675837391557e-05,0.5608628204426411,100.0,63.0,0.63,0.0,0.0,0.23442939483849834,1.7710055651493042,390.04432719269766,False,False,0.0,0.0,False,0.0,0,0,0,True
452,100,0.0,99.68712386762849,117.5477885007079,117.548397269148,109.65595301819232,9.968712386762848,0.0,1.5990425360168818,0.003974223175802574,1.7670235507946324,389.4214795584269,151.5102407978567,0.9530722423236282,0.10156099791410025,0.08937890941270797,3.0066539086145982e-06,1.2318369545728151e-05,0.5608593817678054,100.0,63.0,0.63,0.0,0.0,0.23442939483849834,1.770997773970435,391.0205220944438,False,False,0.0,0.0,False,0.0,0,0,0,True
453,100,0.0,99.68712386762849,117.54728017907787,117.548397269148,109.65595234441152,9.968712386762848,0.0,1.5990417743554373,0.0039748247415957476,1.7670151461919705,390.3977305172368,151.5113578879268,0.9530764358885149,0.10156580427720194,0.08937944627990634,1.4876137614235064e-05,1.192333108216276e-05,0.5608546961802562,100.0,63.0,0.63,0.0,0.0,0.23442939483849834,1.7709899709335664,391.99677229159226,False,False,0.0,0.0,False,0.0,0,0,0,True
454,100,0.0,99.68712386762849,117.54680435422662,117.548397269148,109.65595165996797,9.968712386762848,0.0,1.5990410164160969,0.003975403023680228,1.7670069352186915,391.3740369160513,151.5129508028482,0.953080370080772,0.10157031051665155,0.0893799694084791,2.9768115589359766e-05,1.1410777234677676e-05,0.5608488631531999,100.0,63.0,0.63,0.0,0.0,0.23442939483849834,1.7709823382423717,392.9730779324674,False,False,0.0,0.0,False,0.0,0,0,0,True
455,100,0.0,99.68712386762849,117.5463649437906,117.548397269148,109.6559509668142,9.968712386762848,0.0,1.5990402622050568,0.0039759453426451,1.7669990974575882,392.3503980153444,151.51498312820556,0.9530840110829368,0.10157447855201811,0.08938047167610152,4.739878138950854e-05,1.0790917518797728e-05,0.5608419904774269,100.0,63.0,0.63,0.0,0.0,0.23442939483849834,1.7709750428002333,393.94943827754946,False,False,0.0,0.0,False,0.0,0,0,0,True
456,100,0.0,99.68712386762849,117.54596530490304,117.548397269148,109.65595026709057,9.968712386762848,0.0,1.599039511727306,0.0039764407081105515,1.7669917921245533,393.32681225969924,151.5174150924505,0.9530873296751035,0.1015782755449415,0.08938094639621223,6.746487164706189e-05,1.0074799644766044e-05,0.560834192793785,100.0,63.0,0.63,0.0,0.0,0.23442939483849834,1.770968232832664,394.92585177142655,False,False,0.0,0.0,False,0.0,0,0,0,True
457,100,0.0,99.68712386762849,117.54560822037445,117.548397269148,109.65594956305833,9.968712386762848,0.0,1.599038764985865,0.0039768800007426676,1.7669851551951858,394.3032773666786,151.5202041412241,0.9530903013912472,0.10158167406106042,0.08938138742650605,8.964786527945051e-05,9.274150501868097e-06,0.5608255901134158,100.0,63.0,0.63,0.0,0.0,0.23442939483849834,1.7709620351959285,395.9023161316645,False,False,0.0,0.0,False,0.0,0,0,0,True
458,100,0.0,99.68712386762849,117.54529589184662,117.548397269148,109.65594885703341,9.968712386762848,0.0,1.599038021981138,0.003977256095193371,1.7669792973016436,395.2797904293157,151.52330551852543,0.9530929066143662,0.10158465216448828,0.08938178926512735,0.00011361819118016619,8.440654584693473e-06,0.560816306341323,100.0,63.0,0.63,0.0,0.0,0.23442939483849834,1.770956553396837,396.87882845129684,False,False,0.0,0.0,False,0.0,0,0,0,True
459,100,0.0,99.68712386762849,117.54502993968747,117.548397269148,109.65594815132313,9.968712386762848,0.0,1.5990372827103725,0.003977563924497132,1.7669743024046387,396.2563480287652,151.52667284798602,0.9530951306116302,0.10158719344639992,0.08938214713282835,0.0001390393945025714,7.532926588838321e-06,0.5608064678181444,100.0,63.0,0.63,0.0,0.0,0.23442939483849834,1.770951866329136,397.8553853114756,False,False,0.0,0.0,False,0.0,0,0,0,True
460,100,0.0,99.68712386762849,117.54481140932688,117.548397269148,109.65594744816707,9.968712386762848,0.0,1.5990365471672496,0.003977800487897619,1.766970227226173,397.2329463536015,151.5302587078071,0.9530969635114168,0.10158928699001046,0.08938245703972207,0.00016557221415190726,6.5572440050521535e-06,0.560796201894141,100.0,63.0,0.63,0.0,0.0,0.23442939483849834,1.7709480277140706,398.83198290076876,False,False,0.0,0.0,False,0.0,0,0,0,True
461,100,0.0,99.68712386762849,117.54464078367629,117.548397269148,109.65594674968314,9.968712386762848,0.0,1.5990358153415967,0.003977964805357107,1.7669671014105635,398.2095813222818,151.5340151932788,0.9530984002247695,0.10159092727488217,0.08938271583564468,0.00019287852710351687,5.530432350154116e-06,0.5607856355484991,100.0,63.0,0.63,0.0,0.0,0.23442939483849834,1.7709450662159205,399.8086171376234,False,False,0.0,0.0,False,0.0,0,0,0,True
462,100,0.0,99.68712386762849,117.54451800122303,117.548397269148,109.6559460578202,9.968712386762848,0.0,1.5990350872192254,0.003978057823110486,1.7669649283657913,399.1862487054168,151.53789446120376,0.9530994403144042,0.10159211402409214,0.08938292124353903,0.00022062511862241675,4.469461248922781e-06,0.5607748940660094,100.0,63.0,0.63,0.0,0.0,0.23442939483849834,1.770942986188902,400.78528379263605,False,False,0.0,0.0,False,0.0,0,0,0,True
463,100,0.0,99.68712386762849,117.54444247934565,117.548397269148,109.65594537431771,9.968712386762848,0.0,1.5990343627818853,0.003978082275590991,1.7669636867233816,400.1629442446922,151.5418492510061,0.9531000878149134,0.10159285199832382,0.08938307187566542,0.0002484872413114431,3.396892919063785e-06,0.5607640997821273,100.0,63.0,0.63,0.0,0.0,0.23442939483849834,1.7709417689989726,401.7619786074741,False,False,0.0,0.0,False,0.0,0,0,0,True
464,100,0.0,99.68712386762849,117.54441314236018,117.548397269148,109.65594470067288,9.968712386762848,0.0,1.5990336420073366,0.003978042509787369,1.7669633323437441,401.13966376555396,151.54583337779394,0.9531003510082867,0.10159315074140192,0.0893831672328295,0.0002761519300725296,2.5874683741033834e-06,0.5607533709062926,100.0,63.0,0.63,0.0,0.0,0.23442939483849834,1.7709413748535314,402.7386974075613,False,False,0.0,0.0,False,0.0,0,0,0,True
465,100,0.0,99.68712386762849,117.5444284537786,117.548397269148,109.6559440381164,9.968712386762848,0.0,1.5990329248695234,0.003977944278668677,1.7669638007848931,402.11640328109985,151.54980219316334,0.9531002421592383,0.10159302428217368,0.08938320768717925,0.0003033210444699605,2.286743324038705e-06,0.5607428204322544,100.0,63.0,0.63,0.0,0.0,0.23442939483849834,1.7709417450635618,403.71543620596935,False,False,0.0,0.0,False,0.0,0,0,0,True
466,100,0.0,99.68712386762849,117.54448645223576,117.548397269148,109.6559433875959,9.968712386762848,0.0,1.599032211338841,0.003977794510696344,1.7669650101458416,403.093159084995,151.5537130100756,0.9530997772151597,0.10159249079794894,0.08938319444945758,0.00032971401456425296,2.337247730349293e-06,0.5607325551429764,100.0,63.0,0.63,0.0,0.0,0.23442939483849834,1.7709428046565379,404.6921912963339,False,False,0.0,0.0,False,0.0,0,0,0,True
467,100,0.0,99.68712386762849,117.54458479052921,117.548397269148,109.65594274976755,9.968712386762848,0.0,1.599031501382485,0.003977601062633166,1.7669668641917189,404.0699278316372,151.5575254886944,0.9530989754757322,0.10159157224493884,0.08938312952189591,0.00035507027095031397,2.319804109108132e-06,0.5607226747165408,100.0,63.0,0.63,0.0,0.0,0.23442939483849834,1.770944465254352,405.6689593330197,False,False,0.0,0.0,False,0.0,0,0,0,True
468,100,0.0,99.68712386762849,117.54472077720615,117.548397269148,109.65594212499585,9.968712386762848,0.0,1.599030794964863,0.003977372462852577,1.7669692556658423,405.0467066022301,151.5612019806362,0.9530978592374126,0.10159029396129113,0.08938301563819111,0.0003791513444229941,2.3348752131677698e-06,0.5607132709383051,100.0,63.0,0.63,0.0,0.0,0.23442939483849834,1.770946628128695,406.6457373971949,False,False,0.0,0.0,False,0.0,0,0,0,True
469,100,0.0,99.68712386762849,117.54489142013058,117.548397269148,109.65594151336046,9.968712386762848,0.0,1.5990300920480625,0.0039771176522160724,1.7669720696944797,406.02349295586123,151.56470782965363,0.953096453418069,0.10158868424839726,0.08938285619222396,0.0004017426253479353,2.623466808245427e-06,0.560704427023398,100.0,63.0,0.63,0.0,0.0,0.23442939483849834,1.7709491873466958,407.6225230479093,False,False,0.0,0.0,False,0.0,0,0,0,True
470,100,0.0,99.68712386762849,117.5450934714687,117.548397269148,109.65594091467014,9.968712386762848,0.0,1.5990293925923547,0.003976845729245651,1.7669751871926338,407.0002849651213,151.56801162733294,0.9530947851670735,0.10158677393615476,0.0893826551573431,0.00042265477735128345,3.3803137188345126e-06,0.5606962170524966,100.0,63.0,0.63,0.0,0.0,0.23442939483849834,1.7709520329218795,408.59931435771364,False,False,0.0,0.0,False,0.0,0,0,0,True
471,100,0.0,99.68712386762849,117.54532347354123,117.548397269148,109.65594032848277,9.968712386762848,0.0,1.599028696556716,0.003976565705841134,1.7669784881840995,407.9770812362235,151.5710854229397,0.953092883466083,0.10158459593780803,0.08938241699815923,0.0004417248043256772,4.0913873274449e-06,0.5606887055226796,100.0,63.0,0.63,0.0,0.0,0.23442939483849834,1.7709550538899406,409.57610993278024,False,False,0.0,0.0,False,0.0,0,0,0,True
472,100,0.0,99.68712386762849,117.54557780500755,117.548397269148,109.65593975413053,9.968712386762848,0.0,1.5990280038993638,0.003976286279206472,1.7669818549556016,408.9538809139859,151.57390488708012,0.9530907787256329,0.10158218479986332,0.08938214657686595,0.0004588167739094373,4.713171693333835e-06,0.5606819470140305,100.0,63.0,0.63,0.0,0.0,0.23442939483849834,1.770958141234808,410.5529089178853,False,False,0.0,0.0,False,0.0,0,0,0,True
473,100,0.0,99.68712386762849,117.54585272686752,117.548397269148,109.65593919074958,9.968712386762848,0.0,1.5990273145782778,0.003976015624926629,1.7669851749733145,409.93068367240494,151.5764494293606,0.9530885023824729,0.1015795762523902,0.08938184905613084,0.00047382220451230584,5.24138535643277e-06,0.5606759859715502,100.0,63.0,0.63,0.0,0.0,0.23442939483849834,1.7709611905982412,411.5297109869832,False,False,0.0,0.0,False,0.0,0,0,0,True
474,100,0.0,99.68712386762849,117.54614442779314,117.548397269148,109.65593863731306,9.968712386762848,0.0,1.599026628551707,0.003975761215323081,1.7669883434998062,410.90748969188076,151.57870227071547,0.9530860865023427,0.10157680676477883,0.08938152980057959,0.0004866601265730838,5.705961823986556e-06,0.5606708566008592,100.0,63.0,0.63,0.0,0.0,0.23442939483849834,1.7709641047151292,412.50651632043247,False,False,0.0,0.0,False,0.0,0,0,0,True
475,100,0.0,99.68712386762849,117.54644906833099,117.548397269148,109.65593809266649,9.968712386762848,0.0,1.5990259457786373,0.003975529666363704,1.7669912658604288,411.88429962443513,151.58065047153246,0.9530835633926047,0.10157391311173776,0.08938119427883792,0.0004972768320382889,6.125646836803482e-06,0.5606665828751061,100.0,63.0,0.63,0.0,0.0,0.23442939483849834,1.7709667955267925,413.48332557021376,False,False,0.0,0.0,False,0.0,0,0,0,True
476,100,0.0,99.68712386762849,117.54676282355092,117.548397269148,109.65593755556428,9.968712386762848,0.0,1.5990252662192261,0.00397532661547408,1.7669938593199899,412.8611145484981,151.58228491712956,0.9530809652288126,0.10157093195398123,0.08938084796799593,0.0005056453289994558,6.46053793468215e-06,0.5606631786494884,100.0,63.0,0.63,0.0,0.0,0.23442939483849834,1.770969185935464,414.4601398147173,False,False,0.0,0.0,False,0.0,0,0,0,True
477,100,0.0,99.68712386762849,117.54708192375216,117.548397269148,109.65593702470699,9.968712386762848,0.0,1.5990245898351787,0.003975156631685016,1.7669960545426693,413.8379359150148,151.58360026252535,0.9530783236989461,0.10156789943769143,0.08938049626222741,0.0005117645210236124,6.710369366881755e-06,0.5606606478788096,100.0,63.0,0.63,0.0,0.0,0.23442939483849834,1.7709712111743543,415.43696050484994,False,False,0.0,0.0,False,0.0,0,0,0,True
478,100,0.0,99.68712386762849,117.54740269287458,117.548397269148,109.6559364987772,9.968712386762848,0.0,1.5990239165900673,0.003975023158605564,1.766997796620643,414.81476548675323,151.58459483879875,0.9530756696686449,0.10156485081644051,0.08938014438713228,0.0005156581329474885,6.8758448317244215e-06,0.5606589849325767,100.0,63.0,0.63,0.0,0.0,0.23442939483849834,1.7709728197792485,416.4137894033433,False,False,0.0,0.0,False,0.0,0,0,0,True
479,100,0.0,99.68712386762849,117.54772158430745,117.548397269148,109.65593597647462,9.968712386762848,0.0,1.5990232464495908,0.003974928489867672,1.766999045668919,415.7916052727571,151.58527052363934,0.9530730328703626,0.1015618200988384,0.08937979732118351,0.0005173734067453403,6.9585875786575265e-06,0.560658175001298,100.0,63.0,0.63,0.0,0.0,0.23442939483849834,1.7709739741587867,417.3906285192067,False,False,0.0,0.0,False,0.0,0,0,0,True
480,100,0.0,99.68712386762849,117.54803521382408,117.548397269148,109.65593545654801,9.968712386762848,0.0,1.5990225793817658,0.003974873775803955,1.7669997769954862,416.76845745990795,151.5856325789632,0.9530704416189423,0.10155883972473116,0.08937945972544908,0.0005169795925783552,6.961082027989759e-06,0.5606581945868471,100.0,63.0,0.63,0.0,0.0,0.23442939483849834,1.77097465077129,418.3674800392897,False,False,0.0,0.0,False,0.0,0,0,0,True
481,100,0.0,99.68712386762849,117.54834038941854,117.548397269148,109.6559349378246,9.968712386762848,0.0,1.5990219153570517,0.003974859059424883,1.7669999808666668,417.7453243435213,151.58568945869274,0.9530679225556729,0.10155594027232724,0.08937913588253714,0.0005145662612313417,6.8866080276547944e-06,0.5606590120690756,100.0,63.0,0.63,0.0,0.0,0.23442939483849834,1.7709748399260916,419.3443462588784,False,False,0.0,0.0,False,0.0,0,0,0,True
482,100,0.0,99.68712386762849,117.54863413785876,117.548397269148,109.65593441923532,9.968712386762848,0.0,1.5990212543484106,0.003974883339048319,1.766999661897059,418.72220825882215,151.58545258998197,0.9530655004224544,0.10155315019817099,0.08937882964547758,0.0005102414649059472,6.739168874547463e-06,0.5606605883402491,100.0,63.0,0.63,0.0,0.0,0.23442939483849834,1.7709745452361072,420.3212295131706,False,False,0.0,0.0,False,0.0,0,0,0,True
483,100,0.0,99.68712386762849,117.54891372781518,117.548397269148,109.65593389983621,9.968712386762848,0.0,1.5990205963312993,0.003974944654427994,1.7669988381018422,419.6991115150169,151.5849361313148,0.953063197867263,0.10155049561142888,0.08937854439701551,0.0005041297737427106,6.523414266316594e-06,0.5606628774983837,100.0,63.0,0.63,0.0,0.0,0.23442939483849834,1.7709737827562702,421.2981321113482,False,False,0.0,0.0,False,0.0,0,0,0,True
484,100,0.0,99.68712386762849,117.54917668946618,117.548397269148,109.65593337882522,9.968712386762848,0.0,1.59901994128361,0.003975040192751628,1.7669975396558668,420.67603633351894,151.5841567109966,0.9530610352816822,0.10154800008350326,0.08937828301955436,0.0004963702155063434,6.2445593471190745e-06,0.5606658275901713,100.0,63.0,0.63,0.0,0.0,0.23442939483849834,1.7709725798486184,422.2750562748025,False,False,0.0,0.0,False,0.0,0,0,0,True
485,100,0.0,99.68712386762849,117.54942083051986,117.548397269148,109.65593285555421,9.968712386762848,0.0,1.5990192891855468,0.003975166410605396,1.766995807409231,421.6529847916913,151.58313314962476,0.9530590306708578,0.10154568449354709,0.08937804787575514,0.0004871141456423408,5.908300983396939e-06,0.5606693813938891,100.0,63.0,0.63,0.0,0.0,0.23442939483849834,1.7709709738198363,423.2520040808769,False,False,0.0,0.0,False,0.0,0,0,0,True
486,100,0.0,99.68712386762849,117.5496442486345,117.548397269148,109.65593232953651,9.968712386762848,0.0,1.5990186400194635,0.003975319167773881,1.7669936912123698,422.629958773253,151.58188617013826,0.9530571995558368,0.1015435669100305,0.08937784079957807,0.0004765230743596596,5.520732405008707e-06,0.5606734772325377,100.0,63.0,0.63,0.0,0.0,0.23442939483849834,1.7709690103801436,424.22897741327245,False,False,0.0,0.0,False,0.0,0,0,0,True
487,100,0.0,99.68712386762849,117.54984534025543,117.548397269148,109.65593180044951,9.968712386762848,0.0,1.5990179937696556,0.00397549386870733,1.7669912481057493,423.60695992626336,151.5804380990308,0.9530555549078817,0.10154166250810073,0.08937766309734711,0.0004647664765926554,5.11249233916514e-06,0.5606780498073817,100.0,63.0,0.63,0.0,0.0,0.23442939483849834,1.7709667419744566,425.20597792003304,False,False,0.0,0.0,False,0.0,0,0,0,True
488,100,0.0,99.68712386762849,117.55002280592343,117.548397269148,109.65593126813317,9.968712386762848,0.0,1.5990173504221186,0.003975685607526592,1.7669885404292476,424.58398962935223,151.57881256225537,0.9530541071140052,0.10153998352209463,0.08937751555823302,0.00045201960963304615,4.913914659451386e-06,0.5606830310421408,100.0,63.0,0.63,0.0,0.0,0.23442939483849834,1.7709642260367742,426.18300697977435,False,False,0.0,0.0,False,0.0,0,0,0,True
489,100,0.0,99.68712386762849,117.55017565214233,117.548397269148,109.65593073258412,9.968712386762848,0.0,1.5990167099642887,0.003975889312582319,1.7669856339052634,425.5610489666204,151.57703417926103,0.953052863972648,0.10153853923220442,0.08937739847338692,0.0004384613619466737,4.648792313760428e-06,0.5606883509282344,100.0,63.0,0.63,0.0,0.0,0.23442939483849834,1.7709615232178457,427.1600656765847,False,False,0.0,0.0,False,0.0,0,0,0,True
490,100,0.0,99.68712386762849,117.55030318992637,117.548397269148,109.65593019394622,9.968712386762848,0.0,1.5990160723847586,0.0039760998868571176,1.7669825957468008,426.5381387113857,151.5751282584827,0.9530518307181414,0.10153733598396604,0.08937731166281997,0.000424272155212542,4.321390090125415e-06,0.5606939383617654,100.0,63.0,0.63,0.0,0.0,0.23442939483849834,1.770958695633658,428.1371547837705,False,False,0.0,0.0,False,0.0,0,0,0,True
491,100,0.0,99.68712386762849,117.55040503017628,117.548397269148,109.6559296524979,9.968712386762848,0.0,1.5990154376729941,0.003976312340818382,1.7669794928380707,427.5152593187206,151.57312049745443,0.9530510100723291,0.1015363772389414,0.08937725450901403,0.00040963191997684946,3.9371216088349445e-06,0.5606997219632958,100.0,63.0,0.63,0.0,0.0,0.23442939483849834,1.770955805178889,429.1142747563936,False,False,0.0,0.0,False,0.0,0,0,0,True
492,100,0.0,99.68712386762849,117.55048107605735,117.548397269148,109.65592910863644,9.968712386762848,0.0,1.599014805819044,0.003976521914737566,1.7669763900303004,428.4924109265005,151.57103669054504,0.9530504023215134,0.10153566365469824,0.08937722599616878,0.0003947181635470476,3.5024233966797917e-06,0.560705630871923,100.0,63.0,0.63,0.0,0.0,0.23442939483849834,1.770952911945038,430.0914257323195,False,False,0.0,0.0,False,0.0,0,0,0,True
493,100,0.0,99.68712386762849,117.5505315125806,117.548397269148,109.65592856286071,9.968712386762848,0.0,1.5990141768132646,0.003976724187950912,1.7669733485897343,429.46959336448714,151.56890244711246,0.9530500054166835,0.10153519319195654,0.08937722475393756,0.0003797041468403234,3.024608210963425e-06,0.5607115955057282,100.0,63.0,0.63,0.0,0.0,0.23442939483849834,1.7709500727776852,431.0686075413004,False,False,0.0,0.0,False,0.0,0,0,0,True
494,100,0.0,99.68712386762849,117.55055679360355,117.548397269148,109.65592801575167,9.968712386762848,0.0,1.599013550646049,0.003976915173015988,1.7669704248287674,430.44680617078996,151.56674292265689,0.9530498150948477,0.10153496124657338,0.08937724910448354,0.0003647571849457215,2.5117017989104477e-06,0.5607175482812619,100.0,63.0,0.63,0.0,0.0,0.23442939483849834,1.7709473400017834,432.04581972143603,False,False,0.0,0.0,False,0.0,0,0,0,True
495,100,0.0,99.68712386762849,117.55055762648873,117.548397269148,109.65592746795242,9.968712386762848,0.0,1.5990129273075868,0.003977091393252558,1.7669676689443408,431.4240486148965,151.56458256531616,0.9530498250191484,0.101534960803872,0.08937729711169241,0.00035003708411850967,1.972267545594696e-06,0.5607234242854456,100.0,63.0,0.63,0.0,0.0,0.23442939483849834,1.7709447603375934,433.02306154220406,False,False,0.0,0.0,False,0.0,0,0,0,True
496,100,0.0,99.68712386762849,117.55053495467051,117.548397269148,109.65592692014769,9.968712386762848,0.0,1.5990123067876412,0.003977249942652065,1.7669651240810753,432.40131972634515,151.56244487979365,0.9530500269353649,0.10153518261269232,0.08937736663140912,0.00033569472586752607,1.4774342426390194e-06,0.5607291618939858,100.0,63.0,0.63,0.0,0.0,0.23442939483849834,1.7709423740237273,434.0003320331328,False,False,0.0,0.0,False,0.0,0,0,0,True
497,100,0.0,99.68712386762849,117.55048993839279,117.548397269148,109.65592637304317,9.968712386762848,0.0,1.599011689075359,0.003977388527669969,1.7669628256297525,433.378618328016,151.56035221054884,0.9530504108423437,0.10153561537644495,0.0893774553616236,0.0003218708067384432,1.1767064806963546e-06,0.5607347033311949,100.0,63.0,0.63,0.0,0.0,0.23442939483849834,1.7709402141574224,434.97763001709137,False,False,0.0,0.0,False,0.0,0,0,0,True
498,100,0.0,99.68712386762849,117.5504239338897,117.548397269148,109.65592582734614,9.968712386762848,0.0,1.5990110741591113,0.003977505490897343,1.7669608007650994,434.35594307295935,151.55832554580718,0.9530509651738676,0.10153624595838813,0.0893775608916059,0.00030869474033397016,1.188520272766348e-06,0.5607399951669366,100.0,63.0,0.63,0.0,0.0,0.23442939483849834,1.7709383062559967,435.9549541471185,False,False,0.0,0.0,False,0.0,0,0,0,True
499,100,0.0,99.68712386762849,117.55033847128551,117.548397269148,109.65592528374657,9.968712386762848,0.0,1.5990104620263708,0.003977599817082184,1.7669590682205851,435.3332924836486,151.55638434366966,0.9530516769894819,0.10153705959832086,0.08937768074908607,0.00029628372611482516,1.4968656031190262e-06,0.5607449887472575,100.0,63.0,0.63,0.0,0.0,0.23442939483849834,1.7709366680376672,436.932302945675,False,False,0.0,0.0,False,0.0,0,0,0,True
