,Employment,UnemploymentRate,WageBill,Output,Production,Consumption,Transfers,UnemploymentTransfers,HH_Deposit,HH_Debt,Firm_Debt,Firm_Cash,Inventories,AvgPrice,AvgMarkup,PriceDispersion,InventoryGap,SalesForecastError,InventoryTurnover,CreditRejections,FirmDowntimeShare,ReentryCount,Bank_Equity,Bank_Loans,Bank_Deposits,BankFailed,BankResolved,BankResolutionAmount,BankResolutionHaircut,BankBailedOut,BankBailoutAmount,Defaults,DefaultsHH,DefaultsFirm,BalanceOK
0,100,0.0,105.89042477006905,99.48360384015378,99.48360384015378,197.88372853630273,10.847298958708796,0.0,25.480356235405797,3.105222940587084,41.299952810998036,103.32230235510394,0.0,1.1304389733747384,0.07105815675895846,0.025999217776935042,-1.0,0.8012534788968105,2.0,45.0,0.0,0.0,50.0,44.40517575158512,128.80265859050974,False,False,0.0,0.0,False,0.0,0,0,0,True
1,100,0.0,107.44011384667604,98.13404607535017,99.48360384015378,145.7986658347596,10.847298958708796,0.0,6.205117012029517,11.231307481183121,46.236955560267944,104.44814564456541,1.349557764803592,1.1544275522140717,0.08267709958063604,0.03850584815770347,-0.9952606631893375,0.1776293563460682,1.9606175370152468,77.0,0.0,0.0,50.0,57.46826304145107,110.65326265659493,False,False,0.0,0.0,False,0.0,0,0,0,True
2,100,0.0,107.20983942424363,91.97723376395996,99.48360384015378,129.60522199545528,10.847298958708796,0.0,2.1304341404876217,18.88962124912322,50.69995230733987,100.52239551388435,8.855927840997397,1.1784487177170624,0.09411414216532651,0.05462365941880802,-0.9662647789577999,0.05567810623442836,1.7640750878678602,100.0,0.0,0.0,50.0,69.5895735564631,102.65282965437197,False,False,0.0,0.0,False,0.0,0,0,0,True
3,100,0.0,105.86763221228922,89.48905347446812,99.48360384015378,124.15560933119993,10.847298958708796,0.0,1.2932203199895203,25.87570676079977,58.58865972185836,100.23735869396671,18.850478206683043,1.1976706643956816,0.10560945331374291,0.0643288386006046,-0.9236243281503341,0.04477770466037564,1.6087282989772582,107.0,0.0,0.0,50.0,84.46436648265814,101.53057901395623,False,False,0.0,0.0,False,0.0,0,0,0,True
4,100,0.0,104.88912504326878,88.20904772073757,99.48360384015378,121.83946571793822,10.847298958708796,0.0,1.020796581871427,32.24550386485277,66.79545948290475,101.22100065032043,30.12503432609924,1.213003828489651,0.11929431511912106,0.06842250703049135,-0.8722588423313787,0.030408986213836038,1.5093561564599387,107.0,0.0,0.0,50.0,99.04096334775753,102.24179723219186,False,False,0.0,0.0,False,0.0,0,0,0,True
5,100,0.0,104.06800608985945,87.33978264147613,99.48360384015378,120.47549836552574,10.847298958708796,0.0,0.8573956163963075,38.319897812133,74.88175810594285,103.21877273371476,42.26885552477686,1.2273315154789644,0.1322344870460947,0.07208791708636554,-0.8147008847031325,0.02103987476397661,1.443872924281007,107.0,0.0,0.0,50.0,113.20165591807586,104.07616835011106,False,False,0.0,0.0,False,0.0,0,0,0,True
6,100,0.0,103.31625323917531,86.62215663526615,99.48360384015378,119.23360533639433,10.847298958708796,0.0,0.7422082883409677,44.083815639740806,83.45323557807136,106.83489322624749,55.13030272966448,1.2406499220774836,0.14428171930543396,0.07540558345006874,-0.7519172428658863,0.015980004902744288,1.3982701112081959,106.0,0.0,0.0,50.0,127.53705121781216,107.57710151458845,False,False,0.0,0.0,False,0.0,0,0,0,True
7,100,0.0,102.54945674547257,85.99908280047036,99.48360384015378,117.92618732853101,10.847298958708796,0.0,0.6591972792304228,49.46388632929895,92.32100233639457,111.82520634341438,68.6148237693479,1.2529096378900206,0.15539958506518228,0.07832835167238224,-0.6844175864139695,0.01312889218717155,1.3651432675392174,105.0,0.0,0.0,50.0,141.78488866569353,112.4844036226448,False,False,0.0,0.0,False,0.0,0,0,0,True
8,98,0.020000000000000018,100.4684923938695,85.18533206208458,97.81688686932182,115.60679245072117,10.630352979534619,0.2348775041708744,0.5956655095335024,54.723298991889955,99.58719097100528,117.50678139589549,81.24637857658513,1.2640681349878953,0.16555639459440172,0.0808481912549571,-0.6190739235088892,0.01423325205521569,1.3410918479842846,105.0,0.0,0.0,50.0,154.31048996289525,118.10244690542899,False,False,0.0,0.0,False,0.0,0,0,0,True
9,95,0.050000000000000044,97.82602429910402,84.12197582562763,94.82055768018417,112.78172458395633,10.304934010773355,0.5871937604271861,0.5170210466120437,59.87183154137441,104.65769625230071,123.410957888962,91.94496043114165,1.2741690674350685,0.17478134404936144,0.08318152145980894,-0.5571931138948425,0.01848288588249097,1.2532082035341243,105.0,0.0,0.0,50.0,164.52952779367513,123.92797893557405,False,False,0.0,0.0,False,0.0,0,0,0,True
10,92,0.07999999999999996,95.25708092808625,83.15342397089792,91.26904483585109,110.26412204456678,9.979515042012093,0.9395100166834977,0.4322455857211809,65.15061998296703,108.03887123094478,129.92774756212282,100.06058129609482,1.283242168373435,0.18311355146159183,0.08520359327589637,-0.4973701559850574,0.01963127763951155,1.1771097920395277,105.0,0.0,0.0,50.0,173.18949121391182,130.359993147844,False,False,0.0,0.0,False,0.0,0,0,0,True
11,98,0.020000000000000018,101.1817586827542,86.69922259992924,97.91439301620579,114.66777846159817,10.630352979534619,0.2348775041708744,0.42594449857146843,69.15567665651479,110.7728893702245,134.0525820549307,111.27575171237135,1.2912626759284709,0.19058158984521284,0.08609966973013981,-0.4420865823081521,0.033832739512646384,1.023622628379924,105.0,0.0,0.0,50.0,179.9285660267393,134.47852655350218,False,False,0.0,0.0,False,0.0,0,0,0,True
12,94,0.06000000000000005,100.33589007596242,86.0177669285244,95.17327637119251,113.63935549682876,10.196461021186268,0.7046325125126233,0.4093350626634098,73.01813433810871,109.22379887043166,135.56012813613222,120.4312611550395,1.2982134223373438,0.19713029496503698,0.08597018733327014,-0.3998473630429431,0.006992076296786958,0.9449288720136279,105.0,0.0,0.0,50.0,182.2419332085404,135.96946319879564,False,False,0.0,0.0,False,0.0,0,0,0,True
13,98,0.020000000000000018,101.38152434344866,86.41390022373379,100.3067097951084,114.53021656852631,10.630352979534619,0.2348775041708744,0.2989577502216345,76.75130286225611,110.63646994089338,139.85090678556543,134.32407072641408,1.3043645299287048,0.2029281465854476,0.08586233449371204,-0.3457237840848386,0.006468003325317599,0.8861808480372886,106.0,0.0,0.0,50.0,187.3877728031495,140.14986453578706,False,False,0.0,0.0,False,0.0,0,0,0,True
14,95,0.050000000000000044,100.47694166767779,85.86678545651827,96.60938842103943,113.45984214031039,10.304934010773355,0.5871937604271861,0.33032119098364354,80.51568076933303,108.87393795550325,142.21355978059245,145.06667369093526,1.3096445819782219,0.2078506517560914,0.0863761751572978,-0.29632520913825455,0.006278358196194005,0.8483835825262023,107.0,0.0,0.0,50.0,189.38961872483628,142.5438809715761,False,False,0.0,0.0,False,0.0,0,0,0,True
15,96,0.040000000000000036,99.48377499297979,85.86124690602966,97.21355530112432,112.64939822816568,10.413407000360444,0.4697550083417488,0.3821368747315752,84.57264557659784,108.53149272021554,147.0358906299757,156.41898208602993,1.3140765307847952,0.21195628532769734,0.08724006130846289,-0.2384443209572959,0.011407757187724837,0.7945588251648654,105.0,0.0,0.0,50.0,193.10413829681337,147.41802750470728,False,False,0.0,0.0,False,0.0,0,0,0,True
16,94,0.06000000000000005,99.81504162207733,85.82286355507107,95.30330738809295,112.5595869559716,10.196461021186268,0.7046325125126233,0.22396016714472955,88.06705752725217,105.2178376271246,148.53989773924218,165.89942591905174,1.317570514619617,0.21518462758865525,0.08824331335113017,-0.19204334472180046,0.005494950973938857,0.7020738747061557,106.0,0.0,0.0,50.0,193.28489515437678,148.7638579063869,False,False,0.0,0.0,False,0.0,0,0,0,True
17,97,0.030000000000000027,104.40078464196529,88.12192269593294,98.74379555003446,115.96712439598747,10.521879989947532,0.35231625625631163,0.41276895462411933,90.83483412574022,99.8540737762721,146.91389508142478,176.5212987731533,1.3202462737787706,0.2176385367449531,0.08943499034002068,-0.15834623948001486,0.025786944791146942,0.6307428475806456,105.0,0.0,0.0,50.0,190.68890790201232,147.3266640360489,False,False,0.0,0.0,False,0.0,0,0,0,True
18,95,0.050000000000000044,100.49064004965716,86.24927515657585,96.48360070699594,113.17475369851407,10.304934010773357,0.5871937604271861,0.3769947206622013,94.53463666178004,95.06424010803765,146.53413278853822,186.7556243235734,1.3222368808390281,0.219408769795508,0.09088779852690751,-0.10251052201614899,0.01327550706224378,0.539939793487514,103.0,0.0,0.0,50.0,189.5988767698177,146.9111275092004,False,False,0.0,0.0,False,0.0,0,0,0,True
19,96,0.040000000000000036,103.4118087535401,87.96135265162744,97.32850429218685,115.54554562174656,10.413407000360444,0.4697550083417488,0.3787272441339862,97.81073136716428,90.17384786553816,145.4607690635616,196.12277596413284,1.323319334528674,0.22031509179922396,0.0923856830230693,-0.0647784932564581,0.014826440842046063,0.503477595432036,104.0,0.0,0.0,50.0,187.98457923270246,145.83949630769558,False,False,0.0,0.0,False,0.0,0,0,0,True
20,96,0.040000000000000036,103.47443216604563,88.59924502894003,97.61063223882093,115.90223550600821,10.413407000360444,0.4697550083417488,0.4781376842198751,101.54910477674748,84.49840284993785,144.20340302804743,205.1341631740137,1.323697122294208,0.22055436609299206,0.09370019738589921,-0.026988948261202572,0.013057830194956516,0.4126093605243216,104.0,0.0,0.0,50.0,186.04750762668533,144.68154071226732,False,False,0.0,0.0,False,0.0,0,0,0,True
21,96,0.040000000000000036,103.4242492582224,88.61643756107075,97.85051770907565,115.86236823721146,10.413407000360444,0.4697550083417488,0.5297966939947292,105.32930705759722,81.49187897301096,145.87905196869298,214.36824332201863,1.323407889342795,0.22015001056695768,0.09496720845709962,0.011322874562550322,0.008677663478064288,0.36375479345815587,105.0,0.0,0.0,50.0,186.82118603060817,146.40884866268772,False,False,0.0,0.0,False,0.0,0,0,0,True
22,96,0.040000000000000036,103.70849446594764,88.79277170177326,98.11014138580687,115.97281452996597,10.413407000360444,0.4697550083417488,0.5578873401991822,108.99294439942206,77.94576618746176,145.77004528386058,223.68561300605225,1.3225314620749795,0.21917060856266382,0.09639795601160599,0.051267559292722566,0.00929377023584133,0.3315990746449465,102.0,0.0,0.0,50.0,186.93871058688381,146.32793262405977,False,False,0.0,0.0,False,0.0,0,0,0,True
23,95,0.050000000000000044,102.56928982263977,88.26256719782678,96.88138479972271,115.10685169823903,10.304934010773355,0.5871937604271861,0.5527097356208914,112.96617974064277,75.05547249319355,147.26940774412438,232.30443060794812,1.321063383109387,0.21759726685261044,0.09790501615977933,0.09379864832946909,0.008877608560744404,0.3173612088961015,103.0,0.0,0.0,50.0,188.02165223383633,147.82211747974526,False,False,0.0,0.0,False,0.0,0,0,0,True
24,90,0.09999999999999998,97.08533722456593,84.9202465014291,91.27015000006381,110.5278227568458,9.762569062837915,1.1743875208543721,0.5259032513887305,117.86352524824544,72.40213252176315,150.04567526608088,238.65433410658278,1.318988105906422,0.21543381075348567,0.09945864079246464,0.1532413920348078,0.040272735104789494,0.3002713212725864,102.0,0.0,0.0,50.0,190.2656577700086,150.57157851746962,False,False,0.0,0.0,False,0.0,0,0,0,True
25,87,0.13,93.74956663156848,82.78213570054578,88.15679438606682,107.46442944632426,9.437150094076651,1.5267037771106837,0.4936888896886893,123.10666527350843,70.86334348378021,154.75769709832906,244.02899279210382,1.3160882665563798,0.21251869075290322,0.10087582122937981,0.2096618639495666,0.040812518068546105,0.28812037313414196,103.0,0.0,0.0,50.0,193.97000875728864,155.25138598801774,False,False,0.0,0.0,False,0.0,0,0,0,True
26,82,0.18000000000000005,88.75845729953672,79.55538546220168,83.18804124347773,102.94679497158486,8.894785146141212,2.11389753753787,0.45567061439861223,128.88578635959573,68.29159711646719,158.50560912234246,247.66164857337992,1.3124276805648678,0.2089201314545554,0.10219392363540164,0.27064477624647887,0.05459671306755014,0.2749068449262397,98.0,0.0,0.0,50.0,197.17738347606291,158.96127973674106,False,False,0.0,0.0,False,0.0,0,0,0,True
27,80,0.19999999999999996,86.32461544798421,78.06284567984717,81.10887539727568,100.63091464821422,8.677839166967036,2.3487750417087443,0.42450764951199704,134.8964798056207,66.5166315276792,163.97392724991067,250.70767829080847,1.3079564717246916,0.20458768531817598,0.10341297182473894,0.3204044161367335,0.04011190489242886,0.26752861746366097,99.0,0.0,0.0,50.0,201.41311133329987,164.39843489942268,False,False,0.0,0.0,False,0.0,0,0,0,True
28,78,0.21999999999999997,83.80850309432424,76.54034984258041,78.91962901216614,98.24686551721747,8.46089318779286,2.5836525458796187,0.3982272773289919,141.15572344117462,65.17419689370784,170.38433576511494,253.08695746039416,1.3028440418241327,0.19968458471802703,0.10441719405721414,0.3644774598333038,0.035121486466348203,0.26076050989617783,101.0,0.0,0.0,50.0,206.32992033488244,170.78256304244394,False,False,0.0,0.0,False,0.0,0,0,0,True
29,77,0.22999999999999998,82.83002407617815,76.04868375131059,78.08627052675017,97.16121417216596,8.352420198205772,2.7010912979650556,0.37822206057131047,147.43988298684093,63.66981263177714,176.61460726133726,255.1245442358337,1.2971838392426358,0.19431081869903144,0.10515120468038469,0.39297164370237303,0.020235793124535578,0.2573826915554183,101.0,0.0,0.0,50.0,211.10969561861808,176.99282932190857,False,False,0.0,0.0,False,0.0,0,0,0,True
30,76,0.24,81.72142381604489,75.21785701534122,77.12325275821141,95.62815581910502,8.243947208618685,2.818530050050493,0.36224939974862314,153.42988060242197,61.83970814075827,181.78912204749406,257.0299399787039,1.2912016089207423,0.1886606482611382,0.10578033080318121,0.4199229876137892,0.018919118828186792,0.25327841092363823,100.0,0.0,0.0,50.0,215.26958874318024,182.1513714472427,False,False,0.0,0.0,False,0.0,0,0,0,True
31,75,0.25,80.79116235126087,74.56110607165766,76.1869869615389,94.30548817350858,8.135474219031597,2.93596880213593,0.3489968257966818,159.15008004445687,59.74952367865142,186.23059397121142,258.6558208685852,1.2849239071473049,0.1827557317652381,0.1063125196136033,0.44295960889677366,0.01622445138770568,0.25004692141420337,99.0,0.0,0.0,50.0,218.8996037231083,186.5795907970081,False,False,0.0,0.0,False,0.0,0,0,0,True
32,74,0.26,79.57093077789077,73.72923115253465,75.03635256524304,92.75444600769725,8.02700122944451,3.0534075542213674,0.26654191702450314,164.58432312598825,57.87507018491023,190.82763963846526,259.9629422812935,1.2784074911020646,0.17664409211791846,0.10676815367241685,0.4673993745314603,0.017599375474162283,0.24651545444617806,99.0,0.0,0.0,50.0,222.45939331089846,191.09418155548977,False,False,0.0,0.0,False,0.0,0,0,0,True
33,72,0.28,77.76821799973506,72.66705292812856,73.16128009211184,90.91208023569546,7.8100552502703335,3.288285058392242,0.25786380266712317,170.15207083351194,55.77260556846399,195.36948011784213,260.4571694452768,1.2716360833229383,0.17031948547198567,0.10705404693395457,0.4904176782298212,0.02130113856455145,0.2429583608142627,98.0,0.0,0.0,50.0,225.92467640197594,195.62734392050925,False,False,0.0,0.0,False,0.0,0,0,0,True
34,72,0.28,77.65589581348918,72.71908280246622,73.16128009211184,90.45760443071663,7.8100552502703335,3.288285058392242,0.2524544361230272,175.50059650841374,53.899107446242105,200.08053550001353,260.8993667349224,1.2646451621855648,0.16380230290639697,0.1072347953198466,0.5006666434205764,0.007682348369956797,0.24276116623519584,97.0,0.0,0.0,50.0,229.39970395465585,200.33298993613656,False,False,0.0,0.0,False,0.0,0,0,0,True
35,71,0.29000000000000004,76.50445981818123,72.1362880297396,72.06627684166422,89.21700150368046,7.701582260683246,3.405723810477679,0.24728428951347015,180.8661511009952,52.102684982839456,204.95187330006348,260.829355546847,1.2576119907812298,0.15725577695915388,0.10731627007854255,0.5121184168611549,0.011127981697172492,0.2410738194362992,96.0,0.0,0.0,50.0,232.96883608383467,205.19915758957694,False,False,0.0,0.0,False,0.0,0,0,0,True
36,71,0.29000000000000004,76.33548951479203,72.23074925726715,72.06627684166422,88.81779407492313,7.701582260683246,3.405723810477679,0.2440344330198534,186.11866671962542,50.43918160725424,209.84635567696108,260.6648831312441,1.250524117940689,0.15067474918290508,0.10724251243593463,0.5155304603234689,0.004030934321493252,0.24150140695411326,97.0,0.0,0.0,50.0,236.55784832687965,210.09039010998094,False,False,0.0,0.0,False,0.0,0,0,0,True
37,71,0.29000000000000004,76.24157650543926,72.26536719575937,72.06627684166422,88.3522356985582,7.701582260683246,3.405723810477679,0.24188689355945314,191.11347062468522,48.804471909737,214.42662364602288,260.465792777149,1.2434915435571738,0.1441601773459943,0.10701989876995496,0.5165955242882472,0.0031482212760933375,0.2418323333310109,97.0,0.0,0.0,50.0,239.91794253442222,214.66851053958231,False,False,0.0,0.0,False,0.0,0,0,0,True
38,71,0.29000000000000004,76.13617868849782,72.29897966924746,72.06627684166422,87.895273006494,7.701582260683246,3.405723810477679,0.24040047119017438,195.864657458343,47.20208062146492,218.71342144366724,260.2330899495657,1.2365472248882605,0.13774159409370748,0.10665810609981143,0.5165721588675389,0.002696019203635596,0.2422351671293627,97.0,0.0,0.0,50.0,243.06673807980792,218.95382191485743,False,False,0.0,0.0,False,0.0,0,0,0,True
39,72,0.28,77.12030634775043,73.1096055538001,73.16128009211184,88.38828608720915,7.8100552502703335,3.288285058392242,0.25426606376576255,200.25109584714696,45.59451708225413,222.41959158018574,260.28476448787745,1.229704835479363,0.1314308720091805,0.10616604832234154,0.5068503801313937,0.011235103306760304,0.24470797788928947,96.0,0.0,0.0,50.0,245.84561292940109,222.6738576439515,False,False,0.0,0.0,False,0.0,0,0,0,True
40,72,0.28,77.22464206878854,73.40211307131705,73.16128009211184,88.2663304405505,7.8100552502703335,3.288285058392242,0.25446881850045977,204.49176880234467,43.902206619480545,225.84842716500006,260.0439315086723,1.223097341680868,0.12534256516165765,0.10562463667229535,0.4982374592707937,0.00823275502320291,0.24593225355715975,94.0,0.0,0.0,50.0,248.39397542182522,226.10289598350053,False,False,0.0,0.0,False,0.0,0,0,0,True
41,72,0.28,77.20436698803773,73.55276257144925,73.16128009211184,87.98825353178306,7.8100552502703335,3.288285058392242,0.2555834726252304,208.56662071166852,42.19720476126397,229.0236346317079,259.65244902933483,1.216707333103437,0.11946010255490513,0.10504290525931234,0.49154647854619454,0.005180661253765281,0.24689186540875657,94.0,0.0,0.0,50.0,250.7638254729325,229.27921810433313,False,False,0.0,0.0,False,0.0,0,0,0,True
42,72,0.28,77.15393040413596,73.67484565213094,73.16128009211184,87.68919170884419,7.8100552502703335,3.288285058392242,0.2571987501785047,212.48085273036327,40.4960166049901,231.969596072092,259.1388834693157,1.2105029804972918,0.11375414924642209,0.10442307270464105,0.485478296927485,0.0040992545774742204,0.24789003159002454,94.0,0.0,0.0,50.0,252.97686933535337,232.2267948222705,False,False,0.0,0.0,False,0.0,0,0,0,True
43,72,0.28,77.10137147186553,73.79826270208682,73.16128009211184,87.40399487009356,7.8100552502703335,3.288285058392242,0.2591022132521248,216.24678931490158,38.7996880841035,234.70214338898816,258.5019008593407,1.2044710849944944,0.10821236579451232,0.1037701041470454,0.47910279230631375,0.004203662379288726,0.24901081224070984,93.0,0.0,0.0,50.0,255.04647739900508,234.9612456022403,False,False,0.0,0.0,False,0.0,0,0,0,True
44,72,0.28,77.05412117644481,73.94183836247517,73.16128009211184,87.15469219806442,7.8100552502703335,3.288285058392242,0.2611814666839818,219.89171896145427,37.10506767052966,237.2475954555052,257.7213425889774,1.198612002565884,0.10283471298156606,0.10309153569643831,0.4717340034007419,0.004504126924011165,0.2503228767302088,91.0,0.0,0.0,50.0,256.9967866319839,237.50877692218918,False,False,0.0,0.0,False,0.0,0,0,0,True
45,72,0.28,77.01698140809926,74.1603886814163,73.16128009211184,87.0058262366219,7.8100552502703335,3.288285058392242,0.28108254383473463,223.52101581856658,35.40464587995194,239.68782851073883,256.72223399967294,1.1929358772920515,0.09763004031003182,0.10239641447650528,0.46208049767835757,0.00514042321678037,0.25205131157210403,91.0,0.0,0.0,50.0,258.9256616985185,239.96891105457357,False,False,0.0,0.0,False,0.0,0,0,0,True
46,72,0.28,77.0041114047626,74.39018025001069,73.16128009211184,86.88366576306743,7.8100552502703335,3.288285058392242,0.2935947841014337,227.1115178373678,33.686553359658234,242.01532652777215,255.49333384177402,1.187470835625082,0.09262363413804145,0.10169553336674379,0.4505726744065527,0.00551545362870108,0.25401906286876647,89.0,0.0,0.0,50.0,260.79807119702605,242.30892131187358,False,False,0.0,0.0,False,0.0,0,0,0,True
47,72,0.28,76.99962318775918,74.59008113386406,73.16128009211184,86.74171791631528,7.8100552502703335,3.288285058392242,0.29976495949738813,230.6352991587775,31.94840464743232,244.19946370587664,254.06453280002182,1.1822385315010142,0.08783483481173252,0.10099848310462858,0.4380779635676258,0.005532594761222415,0.25607963209475426,88.0,0.0,0.0,50.0,262.5837038062098,244.49922866537403,False,False,0.0,0.0,False,0.0,0,0,0,True
48,72,0.28,76.99320167614327,74.70269754671706,73.16128009211184,86.51458249883129,7.8100552502703335,3.288285058392242,0.3027796524992161,227.5726760758338,30.194958984206103,246.16111340372507,252.52311534541667,1.1772478372223882,0.08327130139308928,0.1003123068774041,0.42602542506635244,0.00507238468503708,0.25798364443689514,88.0,0.0,0.0,46.137076836672094,257.76763506003994,246.4638930562243,False,False,0.0,0.0,False,0.0,1,1,0,True
49,72,0.28,76.90547972826585,74.26038749878745,73.16128009211184,85.6631667711061,7.8100552502703335,3.288285058392242,0.304227938725913,223.69919233489236,28.530356611247846,247.5751985913619,251.424007938741,1.1724871422823875,0.07892195223772495,0.0996406758716793,0.4233548442259928,0.004943306668180885,0.2578095799294072,89.0,0.0,0.0,42.286208298284684,252.2295489461402,247.8794265300878,False,False,0.0,0.0,False,0.0,1,1,0,True
50,72,0.28,76.79151159925513,73.91962467390907,73.16128009211184,84.93937685303105,7.8100552502703335,3.288285058392242,0.3049032017715716,225.55013217072812,27.088952987221486,248.68450422889254,250.66566335694378,1.1678193462419688,0.07466140550202102,0.09896492889926543,0.42390362320068914,0.006164230329046629,0.2576047608996588,88.0,0.0,0.0,42.286208298284684,252.6390851579496,248.9894074306641,False,False,0.0,0.0,False,0.0,0,0,0,True
51,72,0.28,76.68555174053105,74.2610159738296,73.16128009211184,85.00315366572576,7.8100552502703335,3.288285058392242,0.3052013431166105,227.6102000120451,25.778917584308143,249.7926293102234,249.56592747522603,1.1631989534461862,0.07044816129650504,0.09827414573625423,0.41485564746322634,0.0048343442956347415,0.25975942087309783,85.0,0.0,0.0,42.286208298284684,253.38911759635326,250.09783065334,False,False,0.0,0.0,False,0.0,0,0,0,True
52,72,0.28,76.81554847429524,74.67556883562219,73.16128009211184,85.16090695426573,7.8100552502703335,3.288285058392242,0.30531713162423624,229.74209642260539,25.217222269966634,251.60976492745607,248.05163873171566,1.1587662835509773,0.06640900112985373,0.09759830833745804,0.3998003569424325,0.00663068865489905,0.26251559851702133,83.0,0.0,0.0,42.286208298284684,254.95931869257203,251.9150820590803,False,False,0.0,0.0,False,0.0,0,0,0,True
53,72,0.28,77.29476242051493,75.39013790666556,73.16128009211184,85.67708657157299,7.8100552502703335,3.288285058392242,0.30535405900088564,231.9566581106891,24.844095910866898,253.4193074933229,245.8227809171619,1.1546358004405117,0.06264438371065124,0.09698899988859035,0.3761230027503514,0.012195807215452234,0.2668719761579209,81.0,0.0,0.0,42.286208298284684,256.800754021556,253.72466155232377,False,False,0.0,0.0,False,0.0,0,0,0,True
54,72,0.28,77.33986717012118,75.6140484532975,73.16128009211184,85.66217116579948,7.8100552502703335,3.288285058392242,0.3053566597924626,234.15871310285218,24.4482990149537,254.73000432016516,243.37001255597622,1.150932276057002,0.05926780477404812,0.09646372231631165,0.3553117705486505,0.0076347443349214575,0.2699710803191663,79.0,0.0,0.0,42.286208298284684,258.6070121178059,255.03536097995763,False,False,0.0,0.0,False,0.0,0,0,0,True
55,72,0.28,77.35525652713129,75.77865857928572,73.16128009211184,85.6067205706406,7.8100552502703335,3.288285058392242,0.30534444333716726,229.90470397736965,24.03745618567411,255.8851741041959,240.75263406880234,1.1476454263693698,0.05626382185432508,0.09608421291828229,0.3358812324757837,0.005502688720635631,0.27306840985455905,79.0,0.0,0.0,38.42671555158977,253.94216016304375,256.1905185475331,False,False,0.0,0.0,False,0.0,1,1,0,True
56,72,0.28,77.31558392533606,75.08740248947079,73.16128009211184,84.61153874714279,7.8100552502703335,3.288285058392242,0.3053263601753906,224.78854055835745,23.526806653302664,256.07715212715544,238.8265116714434,1.144734579481477,0.053597487490792475,0.0958219173125275,0.33049609930225643,0.00726650009659392,0.2728108269506445,80.0,0.0,0.0,34.67801621451373,248.3153472116601,256.38247848733084,False,False,0.0,0.0,False,0.0,1,1,0,True
57,72,0.28,77.20883781233418,74.52605855319834,73.16128009211184,83.77718406401105,7.8100552502703335,3.288285058392242,0.305306402331184,212.31827592237795,22.90842119212283,255.76292307648765,237.4617332103569,1.1420093250900434,0.051092200129877606,0.09568104563653457,0.33065881021174326,0.010208457034193678,0.27235648971541315,81.0,0.0,0.0,27.01930243753878,235.22669711450078,256.06822947881886,False,False,0.0,0.0,False,0.0,2,2,0,True
58,72,0.28,77.14785081528709,74.63303243280062,73.16128009211184,83.70666032130218,7.8100552502703335,3.288285058392242,0.3052856037427307,205.86216397587805,22.238059947926256,255.63698112248193,235.9899808696681,1.13958074551202,0.04882132090798803,0.09598216862824714,0.32419319407663477,0.0033174686534086463,0.27409969346600704,82.0,0.0,0.0,23.135391226039964,228.1002239238043,255.94226672622466,False,False,0.0,0.0,False,0.0,1,1,0,True
59,72,0.28,77.15848613911461,75.0925199133758,73.16128009211184,84.04499010668138,7.8100552502703335,3.288285058392242,0.3052641761695021,206.06837381309657,21.565683872798697,255.837292910407,234.05874104840422,1.137424017170845,0.04678124125183662,0.09650184461780544,0.309349839614952,0.005521355638914691,0.2774464488704681,83.0,0.0,0.0,23.135391226039964,227.63405768589527,256.1425570865765,False,False,0.0,0.0,False,0.0,0,0,0,True
60,72,0.28,77.1907881711297,75.26258729613856,73.16128009211184,84.07937925433626,7.8100552502703335,3.288285058392242,0.3052425844463045,206.2811144520647,20.894074578724968,255.96079413989244,231.95743384437742,1.1355761750099354,0.04501943283612888,0.09709073322985569,0.29477899321541345,0.00451106617181691,0.28009053642290127,82.0,0.0,0.0,23.135391226039964,227.17518903078968,256.26603672433873,False,False,0.0,0.0,False,0.0,0,0,0,True
61,72,0.28,77.19799540920937,75.43868105547956,73.16128009211184,84.14017243611983,7.8100552502703335,3.288285058392242,0.30522143686413883,206.55202529445626,20.223123298687344,256.1412408343196,229.6800328810097,1.1340013502892,0.043508339949843225,0.09768558034177544,0.27976754112762064,0.004086128947086233,0.28298679980876684,82.0,0.0,0.0,23.135391226039964,226.7751485931436,256.44646227118375,False,False,0.0,0.0,False,0.0,0,0,0,True
62,72,0.28,77.20616674310872,75.72194722166746,73.16128009211184,84.33996897659362,7.8100552502703335,3.288285058392242,0.30520080203213107,207.02039431671946,19.551678514092096,256.50874831304225,227.1193657514541,1.1326837871212416,0.042236943731855645,0.09824694433519866,0.2623935778717803,0.004955181030731929,0.2865963063273308,82.0,0.0,0.0,23.135391226039964,226.57207283081155,256.81394911507437,False,False,0.0,0.0,False,0.0,0,0,0,True
63,72,0.28,77.22472189211744,75.82150250896575,73.16128009211184,84.35665031002443,7.8100552502703335,3.288285058392242,0.3051805067735025,194.57597025977157,18.881046956391078,256.83406515815665,224.45914333460013,1.1316351356089662,0.04121900347441736,0.09874245576057342,0.24616240321937174,0.003364825346396685,0.2897967530852671,82.0,0.0,0.0,15.382796826741194,213.45701721616265,257.1392456649302,False,False,0.0,0.0,False,0.0,2,2,0,True
64,72,0.28,77.2314810294161,75.9284217262734,73.16128009211184,84.40182314006931,7.8100552502703335,3.288285058392242,0.30516066106313344,194.8238609404764,18.210818608903313,257.20715110773244,221.69200170043857,1.1308320280909583,0.040433629009068904,0.09916528980586063,0.2299280313203856,0.0027212851821872626,0.2932213165981973,84.0,0.0,0.0,15.382796826741194,213.03467954937972,257.5123117687956,False,False,0.0,0.0,False,0.0,0,0,0,True
65,73,0.27,78.32665579592847,76.9323683420309,74.30127865640235,85.46339682174029,7.918528239857421,3.1708463063068044,0.30730851112420265,195.05462256605858,17.53272324924286,257.4319797565986,219.06091201481007,1.1302655122114182,0.03987327024210685,0.09950898584404165,0.20530755417139696,0.013922149689097432,0.2992396986687935,84.0,0.0,0.0,15.382796826741194,212.58734581530143,257.73928826772277,False,False,0.0,0.0,False,0.0,0,0,0,True
66,74,0.26,79.4965412195775,78.1142554469551,75.28420864626464,86.74820547183201,8.027001229444508,3.0534075542213674,0.31054106742066856,189.0731733748578,16.84469896329918,257.3805571888565,216.23086521411958,1.130005024393795,0.03959918958523123,0.09974221254399164,0.17391993122424038,0.020519862822721602,0.30689623875896205,84.0,0.0,0.0,11.577505539116167,205.91787233815697,257.6910982562772,False,False,0.0,0.0,False,0.0,1,1,0,True
67,77,0.22999999999999998,82.1756662468107,80.34149706424674,78.32349077576642,89.22271049676276,8.352420198205772,2.7010912979650556,0.3186511134850658,182.63630288443548,16.136951343612637,258.15609415444044,214.21285892563927,1.130096039484298,0.03966087622234242,0.0998955658836572,0.13668084196548919,0.03627260422156021,0.3166293909723355,87.0,0.0,0.0,7.679692499087745,198.77325422804813,258.4747452679255,False,False,0.0,0.0,False,0.0,1,1,0,True
68,80,0.19999999999999996,86.07694257508872,83.6799439209687,81.57461353537818,92.96787584786887,8.677839166967036,2.3487750417087443,0.33062032947064224,175.94914704426776,15.398954522555645,258.226775275299,212.10752854004875,1.1305777155779848,0.04009534498748648,0.09994981881108675,0.08556212088381038,0.05543728431737507,0.33018825942267177,87.0,0.0,0.0,3.7898125427467537,191.3481015668234,258.5573956047697,False,False,0.0,0.0,False,0.0,1,1,0,True
69,85,0.15000000000000002,90.57676504178033,87.32274327318362,86.5716847328339,97.10454647895534,9.220204114902478,1.761581281281558,0.33017275591931017,168.92959911576008,14.626883365326904,243.12632502949577,211.35646999969907,1.131646367450081,0.04106643603329248,0.10007209903745655,0.03982032818232788,0.06455677443104153,0.34254672466688485,88.0,0.0,0.0,14.607389867124905,183.556482481087,243.45649778541508,False,True,14.634239235027108,0.056701915783471134,False,0.0,1,1,0,True
70,90,0.09999999999999998,93.8488719185698,89.82188174843604,91.75521793360234,100.02732602302598,9.762569062837915,1.1743875208543721,0.3631520240418167,155.06535888281502,13.829643417263902,243.42095197217162,213.28980618486534,1.133256995229014,0.0425362660975108,0.10012339140157657,0.014931447166130096,0.05267594409490719,0.3474233487641768,92.0,0.0,0.0,6.948866335389646,168.89500230007891,243.78410399621345,False,False,0.0,0.0,False,0.0,2,2,0,True
71,95,0.050000000000000044,98.72502828443757,93.76254370091443,96.93295865617911,104.58877714855934,10.304934010773358,0.5871937604271861,0.34673334905701836,153.34845087137347,12.993744950260082,243.92535077091375,216.46022114013002,1.1350943317699855,0.04420722902013798,0.10016305385042597,-0.013980707225670113,0.0639673550191268,0.3557707244170556,95.0,0.0,0.0,6.948866335389646,166.34219582163357,244.27208411997077,False,False,0.0,0.0,False,0.0,0,0,0,True
72,100,0.0,102.50595256606192,97.0683085637992,101.50088119583215,108.47297035542853,10.847298958708796,0.0,0.3774524468125262,145.81987651098083,12.124127003218954,244.57496170359946,220.89279377216295,1.1371732474731597,0.04609218146318557,0.10037908998408239,-0.029041799510888748,0.059215954287303044,0.35940448395639873,96.0,0.0,0.0,3.366808476839417,157.94400351419978,244.95241415041198,False,False,0.0,0.0,False,0.0,1,1,0,True
73,99,0.010000000000000009,104.64173732888801,98.98294914598281,100.67704926519782,110.82621506504286,10.73882596912171,0.1174387520854372,0.41180939313349585,144.31193174775,11.232883232115071,245.42040167048327,222.58689389137797,1.1393212433036026,0.04806449518762483,0.10039677426149389,-0.04747376944579125,0.04170814539073665,0.36328400887565654,97.0,0.0,0.0,3.366808476839417,155.54481497986507,245.83221106361677,False,False,0.0,0.0,False,0.0,0,0,0,True
74,99,0.010000000000000009,104.76015892602969,99.05539537202243,100.46268066557444,111.13723904572787,10.73882596912171,0.1174387520854372,0.29676572987516914,142.8148192812657,10.336710172386478,246.47081646347397,223.99417918493,1.1416567266321616,0.0502096715601178,0.10048083391408089,-0.050597010429319744,0.016081348192042728,0.3617598142347,96.0,0.0,0.0,3.366808476839417,153.1515294536522,246.76758219334914,False,False,0.0,0.0,False,0.0,0,0,0,True
75,99,0.010000000000000009,104.95235230653417,98.94899596916521,100.5776554113988,111.2450117164482,10.73882596912171,0.1174387520854372,0.3010023324942219,141.32056948096277,9.437530777710291,247.4623472102699,225.6228386271636,1.1439407350320974,0.05232062551360117,0.10051009120769067,-0.04723527297186595,0.00497440330188618,0.3598874247012714,96.0,0.0,0.0,3.366808476839417,150.75810025867307,247.76334954276413,False,False,0.0,0.0,False,0.0,0,0,0,True
76,98,0.020000000000000018,105.30037940669723,98.97982298776087,99.7407834685253,111.49335996541346,10.63035297953462,0.2348775041708744,0.3870545498674398,139.76743877760316,8.53445382105056,247.43796416926472,226.38379910792804,1.1460863460800805,0.054311106653326946,0.10053212815790986,-0.04685720801819718,0.002961528865484721,0.35991778850480033,94.0,0.0,0.0,3.366808476839417,148.30189259865372,247.82501871913215,False,False,0.0,0.0,False,0.0,0,0,0,True
77,99,0.010000000000000009,105.13496404360731,98.78897506611524,100.55434017260713,111.48102678087403,10.73882596912171,0.1174387520854372,0.43370743986802895,138.30358018302306,7.6297441659184715,248.43121184183468,228.1491642144199,1.1481504549523753,0.05622510507240321,0.10059421461149683,-0.03942041982333979,0.0030563810203716765,0.35780980941964147,96.0,0.0,0.0,3.366808476839417,145.93332434894154,248.8649192817027,False,False,0.0,0.0,False,0.0,0,0,0,True
78,99,0.010000000000000009,105.46976205424073,98.93270239412668,100.71307762638223,111.82731671427504,10.73882596912171,0.1174387520854372,0.4576994639647245,136.79713301624918,6.720738957555262,248.55390586187517,229.9295394466755,1.1500204429144307,0.05796848462968267,0.10064170044701229,-0.034492615384293504,0.003018659707073704,0.35703862514425394,95.0,0.0,0.0,3.366808476839417,143.51787197380443,249.0116053258399,False,False,0.0,0.0,False,0.0,0,0,0,True
79,99,0.010000000000000009,106.34712174425137,99.4682752060571,100.62141811934956,112.6001608131015,10.73882596912171,0.1174387520854372,0.4655949700651869,135.13775955277387,5.804207313516722,249.20783522659585,231.08268235996792,1.1517476150435064,0.059579220077326946,0.10075792915772165,-0.03416055903581647,0.005927888481927604,0.3581398938229238,95.0,0.0,0.0,3.366808476839417,140.94196686629058,249.67343019666103,False,False,0.0,0.0,False,0.0,0,0,0,True
80,100,0.0,107.7016690722131,100.5041332413887,101.6706659401686,113.93333197978083,10.847298958708796,0.0,0.4690042297728998,133.42590541547756,4.875841422838839,249.5129572687857,232.24921505874786,1.1533981786247574,0.06112287702305064,0.1008918235097458,-0.03783163976525823,0.012598991557561745,0.3600866782169885,94.0,0.0,0.0,3.366808476839417,138.3017468383164,249.9819614985586,False,False,0.0,0.0,False,0.0,0,0,0,True
81,100,0.0,107.95341012658375,100.5798387383179,101.6706659401686,114.17761769874343,10.847298958708796,0.0,0.46815992081527735,131.66563503934458,3.9448720328650055,249.26570739683604,233.34004226059855,1.1550374803734473,0.062655378826368,0.10106231371892888,-0.03752735068085246,0.005951244148197819,0.35947111311116114,93.0,0.0,0.0,3.366808476839417,135.61050707220957,249.73386731765132,False,False,0.0,0.0,False,0.0,0,0,0,True
82,99,0.010000000000000009,106.9352149739576,99.76230345762801,100.57566268972099,113.39910964066652,10.738825969121708,0.1174387520854372,0.4630473919164062,130.09407287172303,3.019980760355665,249.25369629353293,234.1534014926915,1.156607581530404,0.06412387290997627,0.1012571338397343,-0.030594481173122023,0.006149369969129984,0.35632149107474476,93.0,0.0,0.0,3.366808476839417,133.1140536320787,249.71674368544933,False,False,0.0,0.0,False,0.0,0,0,0,True
83,100,0.0,107.91375997673542,100.60454040677985,101.72629708601687,114.49218361436232,10.847298958708796,0.0,0.46161932791295124,128.6159963529505,2.0861246679207186,249.51960779805393,235.27515817192855,1.1580064737764855,0.06544014984459352,0.10140289243548929,-0.030825343557321194,0.0066477892491851685,0.3581098333882077,93.0,0.0,0.0,3.366808476839417,130.70212102087123,249.98122712596688,False,False,0.0,0.0,False,0.0,0,0,0,True
84,99,0.010000000000000009,107.03805768642442,99.72949075770144,100.57566268972099,113.6242584069989,10.738825969121708,0.1174387520854372,0.4569749956797853,127.10182689015105,1.1595977236763986,249.45778631208262,236.12133010394805,1.15935272445369,0.06670477190844615,0.10158226992784913,-0.023541055182408184,0.00647726364076249,0.35486976244420065,93.0,0.0,0.0,3.366808476839417,128.26142461382744,249.9147613077624,False,False,0.0,0.0,False,0.0,0,0,0,True
85,100,0.0,108.0014777079807,100.46434595821931,101.72629708601687,114.57529668570166,10.847298958708796,0.0,0.456378626554115,125.5558263689444,0.22575298364995466,249.5832691239093,237.3832812317456,1.160528174695892,0.06781699601872035,0.10171274802399988,-0.02253803240936379,0.006007143385316933,0.35623710492652805,93.0,0.0,0.0,3.366808476839417,125.78157935259435,250.03964775046342,False,False,0.0,0.0,False,0.0,0,0,0,True
86,99,0.010000000000000009,107.10183424254092,99.59115774219153,100.57566268972099,113.68439321276288,10.738825969121708,0.1174387520854372,0.4526190113842796,123.97329005390692,0.0,250.1378671964198,238.36778617927507,1.1616387765410559,0.0688658521148489,0.10187704243609978,-0.014419345105251197,0.006910372472672307,0.3528226794916306,93.0,0.0,0.0,3.366808476839417,123.97329005390692,250.59048620780408,False,False,0.0,0.0,False,0.0,0,0,0,True
87,100,0.0,108.39193150067013,100.61630984041544,101.62491051054002,114.94590423350792,10.847298958708796,0.0,0.4528465921990463,122.34116164866414,0.0,250.74867985725618,239.37638684939964,1.1625955143385918,0.06977379423239964,0.10202979642066512,-0.015027475416398955,0.00840194605355216,0.3548890081721106,92.0,0.0,0.0,3.366808476839417,122.34116164866414,251.20152644945523,False,False,0.0,0.0,False,0.0,0,0,0,True
88,98,0.020000000000000018,106.30352979534618,98.73614340258942,99.52641486890194,112.88677068266112,10.63035297953462,0.2348775041708744,0.4471158561910442,120.67937945269604,0.0,250.7139650535822,240.1666583157122,1.1635447530430085,0.07066934320531874,0.10221156345262025,-0.0021933711658743914,0.01591602024976992,0.34866549852142076,91.0,0.0,0.0,3.366808476839417,120.67937945269604,251.16108090977323,False,False,0.0,0.0,False,0.0,0,0,0,True
89,100,0.0,108.34539206901472,100.43572763934283,101.81704782948833,114.89881617987285,10.847298958708796,0.0,0.4492882419351114,118.97794653286864,0.0,251.44813155953983,241.5479785058577,1.1642771219499366,0.07136872445652342,0.1023775639691865,-0.00490745362471195,0.011187773584896253,0.35054626696257374,92.0,0.0,0.0,3.366808476839417,118.97794653286864,251.89741980147494,False,False,0.0,0.0,False,0.0,0,0,0,True
90,99,0.010000000000000009,107.38825969121706,99.55098915953953,100.66641343319245,113.95479647337177,10.738825969121708,0.1174387520854372,0.44739082096408134,117.24007105542393,0.0,251.25869320788297,242.66340277951062,1.165048336761815,0.07208930777293547,0.10264873333684928,0.002297519716163915,0.004801202753745479,0.3452064172494011,91.0,0.0,0.0,3.366808476839417,117.24007105542393,251.70608402884704,False,False,0.0,0.0,False,0.0,0,0,0,True
91,100,0.0,107.92215484277743,100.01619174968408,101.49977191860842,114.54390184734565,10.847298958708796,0.0,0.44891575688921814,115.53249205481326,0.0,252.1701033620858,244.14698294843492,1.1657007448975645,0.07269479292923138,0.1029278340574876,0.007895704476152583,0.004664816209971086,0.3431577387740195,92.0,0.0,0.0,3.366808476839417,115.53249205481326,252.61901911897502,False,False,0.0,0.0,False,0.0,0,0,0,True
92,99,0.010000000000000009,107.38825969121706,99.64623895335592,100.66641343319245,114.1709481617491,10.738825969121708,0.1174387520854372,0.4207098275871613,107.51886091706973,0.0,237.6108843425181,245.1671574282715,1.1662474247299826,0.07320980746067966,0.10307962620330977,0.013630015249111865,0.003136194159478843,0.3400045704738503,91.0,0.0,0.0,14.281895650206316,107.51886091706973,238.03159417010525,False,True,14.765733060791275,0.05840937173874767,False,0.0,1,1,0,True
93,100,0.0,106.65203479213696,99.04172740271798,101.81704782948833,113.51996965945129,10.847298958708796,0.0,0.419706638194292,105.84628500807347,0.0,239.92295364717472,247.94247785504183,1.1667029118058303,0.0736345520764645,0.10323511694754241,0.028409192731688314,0.007107187955308526,0.334722563199167,98.0,0.0,0.0,14.281895650206316,105.84628500807347,240.34266028536902,False,False,0.0,0.0,False,0.0,0,0,0,True
94,99,0.010000000000000009,107.38825969121706,99.70384724623774,100.66641343319245,114.29668526207071,10.738825969121708,0.1174387520854372,0.4335558751929478,104.1841861954453,0.0,240.76112614141047,248.90504404199655,1.1669414290512603,0.0738472402374617,0.1034444248692018,0.029828036942781837,0.004407620010610073,0.3350277262205006,92.0,0.0,0.0,14.281895650206316,104.1841861954453,241.19468201660342,False,False,0.0,0.0,False,0.0,0,0,0,True
95,100,0.0,107.86864437259642,100.3907704814238,101.49977191860842,115.10033310099517,10.847298958708796,0.0,0.44363747681020005,102.81487327744881,0.0,241.86304944150723,250.01404547918122,1.1671604908948032,0.07403564720557902,0.10366118553856847,0.0306288914099338,0.008309461448645835,0.3349442920767694,93.0,0.0,0.0,14.281895650206316,102.81487327744881,242.30668691831744,False,False,0.0,0.0,False,0.0,0,0,0,True
96,99,0.010000000000000009,107.38825969121706,100.02252264544308,100.66641343319245,114.69691848229527,10.738825969121708,0.1174387520854372,0.4463440367339577,101.47679860216383,0.0,242.14397233341492,250.6579362669306,1.1673552014632869,0.074208788902927,0.10374483289373877,0.03364902794788584,0.0021385516480856986,0.33308182205929693,92.0,0.0,0.0,14.281895650206316,101.47679860216383,242.59031637014888,False,False,0.0,0.0,False,0.0,0,0,0,True
97,100,0.0,108.47298958708794,101.03207013101412,101.81704782948833,115.86928752023927,10.847298958708796,0.0,0.4497859991939199,100.20734371775255,0.0,242.58551123872206,251.44291396540478,1.1675068206277899,0.07433662624096837,0.10383497900578761,0.029429385234080296,0.009868792116964124,0.3352076849167014,92.0,0.0,0.0,14.281895650206316,100.20734371775255,243.03529723791598,False,False,0.0,0.0,False,0.0,0,0,0,True
98,100,0.0,108.47298958708794,101.18030810278188,101.81704782948833,116.05788509662774,10.847298958708796,0.0,0.4510243376406331,99.09703512884839,0.0,242.5756614119824,252.07965369211126,1.1677320724800975,0.07451932356354347,0.10401428800309277,0.027633056930833934,0.005187803009126617,0.335214537679443,92.0,0.0,0.0,14.281895650206316,99.09703512884839,243.02668574962303,False,False,0.0,0.0,False,0.0,0,0,0,True
99,98,0.020000000000000018,106.30352979534618,99.52446954799159,99.52641486890194,114.17697269810711,10.63035297953462,0.2348775041708744,0.44588890809393655,98.22713690907568,0.0,242.9446095079445,252.08159901302156,1.1679920525749021,0.0747224477620495,0.10427478366973753,0.03714583302563802,0.014550466009317486,0.3307148487284262,92.0,0.0,0.0,14.281895650206316,98.22713690907568,243.39049841603844,False,False,0.0,0.0,False,0.0,0,0,0,True
100,100,0.0,108.47298958708794,101.22009850332276,101.6706659401686,116.12643672639493,10.847298958708796,0.0,0.44842838144384367,97.14417780543167,0.0,243.90862479736973,252.53216644986742,1.168099399934827,0.07479068310235311,0.10450183876426083,0.031204584394506595,0.011344395419839576,0.33457919971392325,93.0,0.0,0.0,14.281895650206316,97.14417780543167,244.35705317881357,False,False,0.0,0.0,False,0.0,0,0,0,True
101,99,0.010000000000000009,107.38825969121706,100.48489974784405,100.57566268972099,115.29469736169925,10.738825969121708,0.1174387520854372,0.44676838892542237,96.27779930451207,0.0,244.3460973785896,252.62292939174435,1.168297634062109,0.07493871162950423,0.10477869907651877,0.033933734090027076,0.003972734579522766,0.33207416480870244,93.0,0.0,0.0,14.281895650206316,96.27779930451207,244.79286576751502,False,False,0.0,0.0,False,0.0,0,0,0,True
102,100,0.0,108.47298958708794,101.32875465569421,101.72629708601687,116.27136207418518,10.847298958708796,0.0,0.44845399554968557,95.29707098099749,0.0,245.0393689180749,253.020471822067,1.1684489365405106,0.07504599322829611,0.10502780698046713,0.030298454466761292,0.007128275578211834,0.3338450865720713,93.0,0.0,0.0,14.281895650206316,95.29707098099749,245.4878229136246,False,False,0.0,0.0,False,0.0,0,0,0,True
103,100,0.0,108.47298958708794,101.40782376325828,101.72629708601687,116.37436916840208,10.847298958708796,0.0,0.44914840437917514,94.39730814150504,0.0,245.27671036931235,253.33894514482554,1.1686567349894648,0.07520060253540688,0.10532104117882395,0.028836685777757953,0.003848073990668002,0.33367959247562606,93.0,0.0,0.0,14.281895650206316,94.39730814150504,245.72585877369153,False,False,0.0,0.0,False,0.0,0,0,0,True
104,99,0.010000000000000009,107.38825969121706,100.5226409758574,100.57566268972099,115.37141726091778,10.738825969121708,0.1174387520854372,0.4466923778504164,93.5478945282173,0.0,245.61280692936558,253.3919668586892,1.168886508050202,0.07537169876137795,0.10564683945074771,0.03448601086215445,0.007586182573429136,0.33098136315930643,93.0,0.0,0.0,14.281895650206316,93.5478945282173,246.059499307216,False,False,0.0,0.0,False,0.0,0,0,0,True
105,100,0.0,108.47298958708794,101.44917070909028,101.72629708601687,116.44051317780472,10.847298958708796,0.0,0.4480766136643455,92.6774210953158,0.0,246.44603750873284,253.66909323561572,1.1690231732281129,0.07546153722104976,0.10592132026645552,0.031120507497526328,0.006232345532022127,0.333311648780819,93.0,0.0,0.0,14.281895650206316,92.6774210953158,246.89411412239718,False,False,0.0,0.0,False,0.0,0,0,0,True
106,98,0.020000000000000018,106.30352979534618,99.71443550637781,99.52641486890194,114.45882491280554,10.63035297953462,0.2348775041708744,0.4433158599172875,91.95195877987888,0.0,247.12873806085912,253.48107259813992,1.16921080327828,0.07559540755172323,0.10622300580601,0.04050662151813239,0.014901801871936718,0.32870602116329795,93.0,0.0,0.0,14.281895650206316,91.95195877987888,247.5720539207764,False,False,0.0,0.0,False,0.0,0,0,0,True
107,100,0.0,108.47298958708794,101.48162316582058,101.80641199748297,116.48366801052819,10.847298958708796,0.0,0.4462798781906554,91.09196470016687,0.0,248.59774048672773,253.80586142980226,1.1692456197818446,0.07559770376844632,0.10645313450904285,0.03420741991458251,0.011879620105368562,0.33280077276696807,93.0,0.0,0.0,14.281895650206316,91.09196470016687,249.0440203649184,False,False,0.0,0.0,False,0.0,0,0,0,True
108,99,0.010000000000000009,107.38825969121706,100.7256575903198,100.66641343319245,115.62263667297445,10.738825969121708,0.1174387520854372,0.44501841268741793,90.424018967251,0.0,249.35554298079944,253.74661727267494,1.1693828803046542,0.07568619921497574,0.10669650232825723,0.036291187908867144,0.0033130400789252224,0.3306660405549245,93.0,0.0,0.0,14.281895650206316,90.424018967251,249.80056139348687,False,False,0.0,0.0,False,0.0,0,0,0,True
109,100,0.0,108.47298958708794,101.59949294913199,101.81704782948833,116.63015045418904,10.847298958708796,0.0,0.4470494130791789,89.67677852022554,0.0,250.33230574155246,253.96417215303129,1.1694854544951443,0.07574414319453357,0.1069067313869352,0.031655220716033446,0.007423016017991618,0.3329352114160457,93.0,0.0,0.0,14.281895650206316,89.67677852022554,250.77935515463165,False,False,0.0,0.0,False,0.0,0,0,0,True
110,99,0.010000000000000009,107.38825969121706,100.85566963913045,100.67704926519782,115.78589234205931,10.73882596912171,0.1174387520854372,0.4453415957539424,89.14126646231144,0.0,251.1478551445036,253.78555177909863,1.169661593953085,0.07586424269044867,0.1071595059272614,0.03349643018090599,0.004967188410195166,0.33125171157209143,93.0,0.0,0.0,14.281895650206316,89.14126646231144,251.59319674025755,False,False,0.0,0.0,False,0.0,0,0,0,True
111,99,0.010000000000000009,107.38825969121706,100.87715311551122,100.57566268972099,115.81590275970275,10.738825969121708,0.1174387520854372,0.4444744141899548,82.21553343231278,0.0,252.4424073991078,253.48406135330842,1.1698035042505999,0.07595639071568497,0.10740701090119252,0.034150750166716086,0.002488878549848224,0.331351931246186,93.0,0.0,0.0,10.43614899294661,82.21553343231278,252.88688181329775,False,False,0.0,0.0,False,0.0,1,1,0,True
112,100,0.0,108.47298958708794,98.95308218037802,101.7156612540115,113.61280217152137,10.847298958708794,0.0,0.4467179026308732,78.27496975777159,0.0,251.1113021471913,256.2466404269419,1.1699254321276946,0.07603747659373272,0.107590248423747,0.05896371106605989,0.01974326198924351,0.32284181430176134,94.0,0.0,0.0,10.43614899294661,78.27496975777159,251.55802004982218,False,False,0.0,0.0,False,0.0,0,0,0,True
113,99,0.010000000000000009,107.38825969121706,99.9827775680979,100.66641343319245,114.76648815753322,10.738825969121708,0.1174387520854372,0.44512880521421994,76.47544311831686,0.0,252.98781213750857,256.93027629203647,1.1696743337006297,0.07577696129672498,0.10769715358736043,0.06039421159842384,0.0027582948646318536,0.3248316003394588,94.0,0.0,0.0,10.43614899294661,76.47544311831686,253.43294094272278,False,False,0.0,0.0,False,0.0,0,0,0,True
114,98,0.020000000000000018,106.30352979534618,99.26297451718621,99.52641486890194,113.91145902791797,10.63035297953462,0.2348775041708744,0.4416414603938006,74.85612808594965,0.0,254.40051396650057,257.19371664375217,1.1694049552810912,0.07550280407687845,0.10776550462578992,0.06638753777108619,0.006199212402439281,0.322547916981497,94.0,0.0,0.0,10.43614899294661,74.85612808594965,254.84215542689438,False,False,0.0,0.0,False,0.0,0,0,0,True
115,99,0.010000000000000009,107.38825969121706,100.45726883756514,100.66641343319245,115.24599812067594,10.738825969121708,0.1174387520854372,0.44259341381107054,73.46527023483745,0.0,256.4947297730617,257.40286123937955,1.1690406425071935,0.07515283989871184,0.10775271495006475,0.0613000225415274,0.009658679414778245,0.325531571478331,94.0,0.0,0.0,10.43614899294661,73.46527023483745,256.9373231868728,False,False,0.0,0.0,False,0.0,0,0,0,True
116,100,0.0,108.47298958708794,101.40882694418735,101.81704782948833,116.31047801411925,10.847298958708796,0.0,0.44574888366873555,72.03547820270529,0.0,257.6280291599163,257.8110821246805,1.1687581471239246,0.07488052282894782,0.10771868348096768,0.05368958983225667,0.013130572283329442,0.3278270558368778,94.0,0.0,0.0,10.43614899294661,72.03547820270529,258.07377804358504,False,False,0.0,0.0,False,0.0,0,0,0,True
117,100,0.0,108.47298958708794,101.58830568909889,101.81704782948833,116.49936120293903,10.847298958708796,0.0,0.4473094266891027,70.76228528939438,0.0,258.2577855105211,258.0398242650699,1.1686008008800617,0.07471862587252318,0.10773486571268354,0.04960282842157636,0.006668176164328002,0.32826577202715923,94.0,0.0,0.0,10.43614899294661,70.76228528939438,258.7050949372102,False,False,0.0,0.0,False,0.0,0,0,0,True
118,99,0.010000000000000009,107.38825969121706,100.87304966962883,100.66641343319245,115.66707408397633,10.738825969121708,0.1174387520854372,0.44539059571140394,69.70176212634748,0.0,259.118019831199,257.8331880286336,1.1685125338399558,0.07461638139106122,0.10779224579808425,0.052189943715224896,0.004743470033260177,0.3265587694394778,94.0,0.0,0.0,10.43614899294661,69.70176212634748,259.56341042691037,False,False,0.0,0.0,False,0.0,0,0,0,True
119,100,0.0,108.47298958708794,101.75543697752035,101.7156612540115,116.66397456179592,10.847298958708794,0.0,0.4471256461285824,68.54326605545238,0.0,260.30857056431137,257.7934123051247,1.1683839385308974,0.07448104620933378,0.10781240097303067,0.04799209666632744,0.006978563105272249,0.3286987672471945,94.0,0.0,0.0,10.43614899294661,68.54326605545238,260.75569621043996,False,False,0.0,0.0,False,0.0,0,0,0,True
120,100,0.0,108.47298958708794,101.88558210704683,101.7156612540115,116.80611115522954,10.847298958708794,0.0,0.4479840423582504,67.50116389365888,0.0,261.08568930564354,257.62349145208935,1.1683210160297288,0.0744062783788566,0.10781862211562485,0.04529461200985898,0.0038908861539613724,0.329000313794616,95.0,0.0,0.0,10.43614899294661,67.50116389365888,261.5336733480018,False,False,0.0,0.0,False,0.0,0,0,0,True
121,100,0.0,108.47298958708794,101.94352180619632,101.7156612540115,116.87085469944046,10.847298958708794,0.0,0.4484082198439643,66.50100331313375,0.0,261.8107986788601,257.3956308999046,1.1682995368564637,0.07437015203759986,0.10780867813257446,0.043571593820842566,0.0020395858249201313,0.3292232298436585,96.0,0.0,0.0,10.43614899294661,66.50100331313375,262.25920689870406,False,False,0.0,0.0,False,0.0,0,0,0,True
122,100,0.0,108.47298958708794,102.03042104326249,101.7156612540115,116.9725503045579,10.847298958708794,0.0,0.4486173903868236,65.58085582323659,0.0,262.60450606956294,257.0808711106536,1.1683037235629414,0.07435844250326093,0.10778208662167178,0.04174785187155276,0.0018270553894982535,0.3296670414845314,96.0,0.0,0.0,10.43614899294661,65.58085582323659,263.05312345994975,False,False,0.0,0.0,False,0.0,0,0,0,True
123,99,0.010000000000000009,107.38825969121706,101.2507302373834,100.66641343319245,116.08440584214209,10.738825969121708,0.1174387520854372,0.42369318819981516,58.38341604423253,0.0,263.66115102633887,256.49655430646266,1.1683342858373438,0.07437197172226699,0.10774103881142653,0.04432108810948802,0.007002592711093767,0.3281993365275495,97.0,0.0,0.0,6.584131901567373,58.38341604423253,264.0848442145387,False,False,0.0,0.0,False,0.0,1,1,0,True
124,100,0.0,108.47298958708794,99.41438759935241,101.81704782948833,113.98125844959885,10.847298958708796,0.0,0.4314359697908017,54.30527392343948,0.0,262.62946550591994,258.89921453659855,1.168320977469768,0.07434995823296231,0.10766952791975505,0.06711273980373991,0.020698583505767292,0.32082370682865713,97.0,0.0,0.0,6.584131901567373,54.30527392343948,263.06090147571075,False,False,0.0,0.0,False,0.0,0,0,0,True
125,100,0.0,108.47298958708794,101.28214235710703,101.81704782948833,116.08964659069579,10.847298958708796,0.0,0.44043013415508425,52.2492378359364,0.0,264.6052413927915,259.43412000897985,1.1679694988245826,0.07401637309337561,0.1075922486820601,0.06147949418779194,0.010766469766902292,0.32547964589181994,97.0,0.0,0.0,6.584131901567373,52.2492378359364,265.0456715269466,False,False,0.0,0.0,False,0.0,0,0,0,True
126,99,0.010000000000000009,107.38825969121706,100.47218426183318,100.66641343319245,115.13552411931877,10.738825969121708,0.1174387520854372,0.4420801132430172,50.263368341488075,0.0,265.4100253623424,259.6283491803391,1.167713513197414,0.07376753367683311,0.10756827279974647,0.06527714948038825,0.004235260560976239,0.3231351963937202,97.0,0.0,0.0,6.584131901567373,50.263368341488075,265.85210547558546,False,False,0.0,0.0,False,0.0,0,0,0,True
127,100,0.0,108.47298958708794,101.53601216111012,101.7156612540115,116.32401620529525,10.847298958708794,0.0,0.4455292323489737,48.349401116019884,0.0,266.87274853463396,259.80799827324046,1.1674017141067625,0.07347237368830542,0.10751263987131898,0.06046448647030889,0.00906657523722174,0.32562506544082426,97.0,0.0,0.0,6.584131901567373,48.349401116019884,267.31827776698293,False,False,0.0,0.0,False,0.0,0,0,0,True
128,100,0.0,108.47298958708794,101.69050308010084,101.7156612540115,116.47904506756704,10.847298958708794,0.0,0.44721152265725994,46.54761441505917,0.0,267.6757959854698,259.83315644715117,1.1671680109627935,0.07324984672773997,0.10745344015001401,0.057754828697081796,0.004936039500060366,0.32587205909162853,97.0,0.0,0.0,6.584131901567373,46.54761441505917,268.12300750812705,False,False,0.0,0.0,False,0.0,0,0,0,True
129,100,0.0,108.47298958708794,102.20456523651086,101.7156612540115,117.05118649955615,10.847298958708794,0.0,0.448032260292172,45.27843393405053,0.0,268.8448959855946,259.3442524646518,1.1669789859062876,0.07306949991561829,0.10738653819165027,0.051660809192355994,0.0069415663412026925,0.3276628320223807,97.0,0.0,0.0,6.584131901567373,45.27843393405053,269.29292824588674,False,False,0.0,0.0,False,0.0,0,0,0,True
130,99,0.010000000000000009,107.38825969121706,101.43085875656669,100.66641343319245,116.15866782552234,10.738825969121708,0.1174387520854372,0.445743235807299,44.162147383203965,0.0,270.0035597903037,258.5798071412775,1.1668842248448463,0.07297671094059502,0.1073197166392235,0.05214642715151381,0.004956247497015296,0.32642279628313525,97.0,0.0,0.0,6.584131901567373,44.162147383203965,270.449303026111,False,False,0.0,0.0,False,0.0,0,0,0,True
131,100,0.0,108.47298958708794,102.4908974163476,101.81704782948833,117.36587782909436,10.847298958708796,0.0,0.44729404930164174,43.157186498097765,0.0,271.7331453663463,257.90595755441825,1.1667792773975283,0.07287939017320881,0.10723004696825936,0.04312631448408581,0.008600164306813766,0.3301457499587762,97.0,0.0,0.0,6.584131901567373,43.157186498097765,272.180439415648,False,False,0.0,0.0,False,0.0,0,0,0,True
132,100,0.0,108.47298958708794,102.77643530581305,101.81704782948833,117.69772391980226,10.847298958708796,0.0,0.4480615320852177,42.46171783141254,0.0,273.1150916505046,256.94657007809354,1.166814528412486,0.07290779796740472,0.10720054940658429,0.0346888863230148,0.006029332762977407,0.3321622447234683,97.0,0.0,0.0,6.584131901567373,42.46171783141254,273.5631531825898,False,False,0.0,0.0,False,0.0,0,0,0,True
133,100,0.0,108.47298958708794,102.83318523026591,101.81704782948833,117.77818090485326,10.847298958708796,0.0,0.448441456774173,41.83139100991218,0.0,274.348974906126,255.93043267731596,1.1669778806161344,0.0730510867085091,0.1072267333000645,0.0281425024391224,0.0028047143756075844,0.33369417323671735,97.0,0.0,0.0,6.584131901567373,41.83139100991218,274.79741636290015,False,False,0.0,0.0,False,0.0,0,0,0,True
134,99,0.010000000000000009,107.38825969121706,101.944384062844,100.66641343319245,116.78310007632392,10.738825969121708,0.1174387520854372,0.44594005782529744,41.265336796373596,0.0,275.7206037643206,254.65246204766441,1.1672378575784284,0.07328074165553186,0.107301566673662,0.028243309017311237,0.007629603807852822,0.3327570786679312,97.0,0.0,0.0,6.584131901567373,41.265336796373596,276.16654382214585,False,False,0.0,0.0,False,0.0,0,0,0,True
135,100,0.0,108.47298958708794,102.89543740512238,101.7156612540115,117.89549587403596,10.847298958708794,0.0,0.44738858637883694,40.72771435260073,0.0,277.59003738130286,253.47268589655357,1.1674849431045131,0.07350377540554368,0.10734756333300828,0.01985913023863544,0.006396458382244202,0.3364259619761076,97.0,0.0,0.0,6.584131901567373,40.72771435260073,278.0374259676817,False,False,0.0,0.0,False,0.0,0,0,0,True
136,100,0.0,108.47298958708794,103.06100347434014,101.7156612540115,118.12112468100713,10.847298958708794,0.0,0.4481068333542353,40.40345087338079,0.0,279.12875856466036,252.12734367622485,1.1678502528863333,0.0738365194699869,0.10739202243455111,0.012383609310972805,0.004001361660102328,0.33820286366744245,97.0,0.0,0.0,6.584131901567373,40.40345087338079,279.5768653980146,False,False,0.0,0.0,False,0.0,0,0,0,True
137,100,0.0,108.47298958708794,103.14194877172893,101.7156612540115,118.26121673602358,10.847298958708794,0.0,0.4484630800951164,40.21195743789774,0.0,280.63645364382944,250.70105615850747,1.1683174204747062,0.07426402840278419,0.10743237512312692,0.0056931561485970405,0.0022895459858255805,0.3399010789606621,96.0,0.0,0.0,6.584131901567373,40.21195743789774,281.08491672392455,False,False,0.0,0.0,False,0.0,0,0,0,True
138,100,0.0,108.47298958708794,103.06671436845151,101.7156612540115,118.23214888495393,10.847298958708794,0.0,0.4486398255181516,39.98710642327818,0.0,282.03620730256966,249.35000304406742,1.1688723184486323,0.07477339007823998,0.10746708511195582,0.0006526926234564883,0.00032537692658274927,0.3411472355347186,96.0,0.0,0.0,6.584131901567373,39.98710642327818,282.48484712808784,False,False,0.0,0.0,False,0.0,0,0,0,True
139,100,0.0,108.47298958708794,103.06683636981309,101.7156612540115,118.29666399137106,10.847298958708794,0.0,0.4487275357311422,39.82185526400883,0.0,283.50279752345546,247.99882792826583,1.169488195491358,0.07534014411839074,0.10749348894854581,-0.004361224573016598,0.0004051783922509402,0.3426560608978564,96.0,0.0,0.0,6.584131901567373,39.82185526400883,283.9515250591866,False,False,0.0,0.0,False,0.0,0,0,0,True
140,100,0.0,108.47298958708794,103.09132901421084,101.7156612540115,118.39606737332345,10.847298958708794,0.0,0.44877107018194184,39.75241634999381,0.0,285.0463175902636,246.62316016806648,1.1701632748430697,0.07596261729966351,0.10751291539257822,-0.00963259014209467,0.0005560178546693211,0.34431329673646344,97.0,0.0,0.0,6.584131901567373,39.75241634999381,285.4950886604455,False,False,0.0,0.0,False,0.0,0,0,0,True
141,100,0.0,108.47298958708794,103.00851413614436,101.7156612540115,118.37921646239865,10.847298958708794,0.0,0.4487926804415465,39.66461415978793,0.0,286.53247027454825,245.33030728593363,1.1709000858099927,0.07664306317178948,0.10752758400300566,-0.014020260865959316,0.001276610958364291,0.3456255769448029,97.0,0.0,0.0,6.584131901567373,39.66461415978793,286.9812629549898,False,False,0.0,0.0,False,0.0,0,0,0,True
142,100,0.0,108.47298958708794,102.94271338461459,101.7156612540115,118.38724372495614,10.847298958708794,0.0,0.4488034073194489,39.58294375720568,0.0,288.03020084575786,244.10325515533057,1.1716839969353536,0.07736805878703765,0.10753747774279591,-0.018073379250485935,0.0015898790653556551,0.3469474653582857,97.0,0.0,0.0,6.584131901567373,39.58294375720568,288.47900425307733,False,False,0.0,0.0,False,0.0,0,0,0,True
143,100,0.0,108.47298958708794,102.86790606075277,101.7156612540115,118.3894938522299,10.847298958708794,0.0,0.4488087306435331,33.087104805337866,0.0,289.53122872260303,242.9510103485893,1.172508964920379,0.07813200663735406,0.10754393185049312,-0.02178182223590839,0.0018554187152084658,0.348187954791709,97.0,0.0,0.0,2.7353357248577668,33.087104805337866,289.98003745324655,False,False,0.0,0.0,False,0.0,1,1,0,True
144,100,0.0,108.47298958708794,99.87175701934295,101.7156612540115,115.03080919569294,10.847298958708794,0.0,0.44881137090363077,29.507811725938346,0.0,288.23031625642307,244.79491458325785,1.1733689460359529,0.07892929834451094,0.10754828009853916,0.00423307852860286,0.02943642363872498,0.3377482628232782,98.0,0.0,0.0,2.7353357248577668,29.507811725938346,288.6791276273267,False,False,0.0,0.0,False,0.0,0,0,0,True
145,100,0.0,108.47298958708794,102.79573141283689,101.7156612540115,118.45045877782938,10.847298958708794,0.0,0.4488126790017952,29.271340732105756,0.0,291.699791730798,243.71484442443244,1.173817516101543,0.079352186972147,0.10748991287472849,-0.01090361628070326,0.017726424681859473,0.34729360712849733,98.0,0.0,0.0,2.7353357248577668,29.271340732105756,292.14860440979976,False,False,0.0,0.0,False,0.0,0,0,0,True
146,100,0.0,108.47298958708794,102.76221615125112,101.7156612540115,118.48504587912078,10.847298958708794,0.0,0.42180690050542224,22.65338056983675,0.0,275.6299065311871,242.66828952719277,1.1744817275526074,0.07997268369486335,0.10746253818152411,-0.018847230535494735,0.0063350979629514526,0.348547388601169,98.0,0.0,0.0,16.56310280590155,22.65338056983675,276.0517134316925,False,True,17.67436706945607,0.06017295787728648,False,0.0,1,1,0,True
147,100,0.0,108.41293622242493,118.14831097133063,101.7156612540115,136.32111085740732,10.847298958708794,0.0,0.43530573343251655,40.213988617739936,0.0,294.0810304124311,226.23563980987367,1.1752486409852754,0.08068778789870046,0.10745000438023454,-0.16401433697286277,0.15252630169496595,0.41319040742794844,103.0,0.0,0.0,16.56310280590155,40.213988617739936,294.51633614586365,False,False,0.0,0.0,False,0.0,0,0,0,True
148,100,0.0,108.47298958708794,106.94865301406793,101.7156612540115,123.7074425648755,10.847298958708794,0.0,0.4420561058409451,45.471048507395,0.0,298.4681844315098,221.0026480498172,1.1781738836906597,0.08337426916669755,0.10774245773791309,-0.15820474339931614,0.04731977924508204,0.3889868746171864,93.0,0.0,0.0,16.56310280590155,45.471048507395,298.9102405373508,False,False,0.0,0.0,False,0.0,0,0,0,True
149,100,0.0,108.47298958708794,106.05029235294002,101.7156612540115,122.95902946060654,10.847298958708794,0.0,0.44543247215463033,43.67807289881061,0.0,302.112086859075,216.6680169508887,1.180941522656385,0.08591989513828828,0.10799623922919813,-0.16053797866173686,0.026578040560337225,0.39272061084953397,94.0,0.0,0.0,12.716451061200603,43.67807289881061,302.5575193312296,False,False,0.0,0.0,False,0.0,1,1,0,True
150,100,0.0,108.47298958708794,103.95550401732375,101.7156612540115,120.81256518386067,10.847298958708794,0.0,0.4471215921904037,46.10954747082976,0.0,303.6867519555185,214.42817418757645,1.183677854422553,0.08843937568427271,0.10823382163876613,-0.15338161561098157,0.029697709583457483,0.38984722004786376,95.0,0.0,0.0,12.716451061200603,46.10954747082976,304.1338735477089,False,False,0.0,0.0,False,0.0,0,0,0,True
151,100,0.0,108.47298958708794,103.5129572835106,101.7156612540115,120.56251487330734,10.847298958708794,0.0,0.44796679199830525,48.34231713020386,0.0,305.21449601820825,212.63087815807734,1.1862416132584837,0.09080337142009216,0.10843797209624839,-0.15213358167641103,0.015563913802229271,0.39125322543955704,96.0,0.0,0.0,12.716451061200603,48.34231713020386,305.66246281020653,False,False,0.0,0.0,False,0.0,0,0,0,True
152,100,0.0,108.47298958708794,102.93741355367118,101.7156612540115,120.14721147620757,10.847298958708794,0.0,0.44838979645514576,50.20728550092972,0.0,306.52978937570424,211.40912585841767,1.1887259344162378,0.09309633025232819,0.10862571758285787,-0.15089788887904457,0.011405442823567157,0.39138530111418013,96.0,0.0,0.0,12.716451061200603,50.20728550092972,306.9781791721594,False,False,0.0,0.0,False,0.0,0,0,0,True
153,100,0.0,108.47298958708794,102.46996028717285,101.7156612540115,119.84788708283591,10.847298958708794,0.0,0.4486015427741714,51.812748014713485,0.0,307.689748872302,210.6548268252563,1.191133189214773,0.09532004227946449,0.10879947988933338,-0.14922740902830478,0.008805960633970546,0.391119437222701,96.0,0.0,0.0,12.716451061200603,51.812748014713485,308.13835041507616,False,False,0.0,0.0,False,0.0,0,0,0,True
154,100,0.0,108.47298958708794,102.02549262821208,101.7156612540115,119.56516811852265,10.847298958708794,0.0,0.44870755861585443,53.16984557877314,0.0,309.03676661992654,210.34499545105572,1.1934589462133338,0.09747013445903599,0.10896015813152829,-0.14643373975468213,0.0076156984040201894,0.3902258580855348,99.0,0.0,0.0,12.716451061200603,53.16984557877314,309.4854741785424,False,False,0.0,0.0,False,0.0,0,0,0,True
155,100,0.0,108.47298958708794,101.66919086674942,101.7156612540115,119.37435279450624,10.847298958708794,0.0,0.44876064804715066,54.365203717081954,0.0,310.5524372799473,210.39146583831777,1.1956885219376985,0.09953290761579192,0.10910682014915929,-0.14290540641389599,0.006321648960705766,0.38903986614493447,99.0,0.0,0.0,12.716451061200603,54.365203717081954,311.00119792799444,False,False,0.0,0.0,False,0.0,0,0,0,True
156,100,0.0,108.47298958708794,101.37873388408951,101.7156612540115,119.24899120598323,10.847298958708794,0.0,0.44878723851533686,55.46083100770662,0.0,312.1532467849872,210.72839320823977,1.1978133977163372,0.10150029507231872,0.10923927152080751,-0.13880532784394947,0.0052841521839517135,0.38759932085294635,99.0,0.0,0.0,12.716451061200603,55.46083100770662,312.60203402350254,False,False,0.0,0.0,False,0.0,0,0,0,True
157,100,0.0,108.47298958708794,101.12987851869,101.7156612540115,119.16041114695749,10.847298958708794,0.0,0.44880055906968086,56.49138158021182,0.0,313.7870462117993,211.31417594356125,1.1998276868937563,0.1033666450004664,0.10935755887882356,-0.13413574013457183,0.004523854571728318,0.3859013942839525,99.0,0.0,0.0,12.716451061200603,56.49138158021182,314.235846770869,False,False,0.0,0.0,False,0.0,0,0,0,True
158,100,0.0,108.47298958708794,100.8831422714994,101.7156612540115,119.06175703172549,10.847298958708794,0.0,0.4488072331925752,57.44539119123688,0.0,315.39333840915504,212.14669492607328,1.201725661211619,0.10512646516882632,0.10946165520011804,-0.12863053369371222,0.004155197520881605,0.3838392003237524,99.0,0.0,0.0,12.716451061200603,57.44539119123688,315.8421456423476,False,False,0.0,0.0,False,0.0,0,0,0,True
159,100,0.0,108.47298958708794,100.63227459516257,101.7156612540115,118.94477840354155,10.847298958708794,0.0,0.448810577744168,58.30289576483631,0.0,316.93364008107403,213.23008158492223,1.2034977206301858,0.10677074498531344,0.10955093672476837,-0.12213021356734573,0.003981270684131622,0.38140124743875586,99.0,0.0,0.0,12.716451061200603,58.30289576483631,317.3824506588182,False,False,0.0,0.0,False,0.0,0,0,0,True
160,100,0.0,108.47298958708794,100.43002244705814,101.7156612540115,118.87081275877068,10.847298958708794,0.0,0.44881225403008584,59.104838555734496,0.0,318.44654638008984,214.5157203918756,1.2051320884514827,0.10828849560668674,0.10962451270824551,-0.11506300271862517,0.0034652409099542405,0.37883448465790154,99.0,0.0,0.0,12.716451061200603,59.104838555734496,318.89535863411993,False,False,0.0,0.0,False,0.0,0,0,0,True
161,100,0.0,108.47298958708794,100.20686843792842,101.7156612540115,118.75727431252233,10.847298958708794,0.0,0.4488130942967057,59.810455013216206,0.0,320.01196515627294,216.02451320795862,1.206623684573868,0.1096748423939548,0.10968255037154719,-0.1070508278130059,0.0034875635708403866,0.3759106349563328,100.0,0.0,0.0,12.716451061200603,59.810455013216206,320.46077825056966,False,False,0.0,0.0,False,0.0,0,0,0,True
162,100,0.0,108.47298958708794,100.04295898717746,101.7156612540115,118.69819995028865,10.847298958708794,0.0,0.4488135155405353,60.4721420840121,0.0,321.6218484844695,217.69721547479264,1.2079618590174128,0.11091984519328046,0.10972445616514918,-0.09866751588707603,0.0029112927732889505,0.37297210116659485,100.0,0.0,0.0,12.716451061200603,60.4721420840121,322.07066200001003,False,False,0.0,0.0,False,0.0,0,0,0,True
163,100,0.0,108.47298958708794,99.88550598454515,101.7156612540115,118.63100228318612,10.847298958708794,0.0,0.4488137267338774,61.08083376919724,0.0,323.21697870906905,219.527370744259,1.209144813373982,0.11202164780262233,0.1097510163680953,-0.08977569170178346,0.002633176743072705,0.36987860256958666,100.0,0.0,0.0,12.716451061200603,61.08083376919724,323.6657924358029,False,False,0.0,0.0,False,0.0,0,0,0,True
164,100,0.0,108.47298958708794,99.7452040530325,101.7156612540115,118.56808791722894,10.847298958708794,0.0,0.44881383261800223,61.63967597847743,0.0,324.7849661717568,221.49782794523801,1.2101687093254514,0.11297655537353515,0.10976274087506624,-0.0804445374930719,0.0023605967601384842,0.3666965372718382,100.0,0.0,0.0,12.716451061200603,61.63967597847743,325.2337800043748,False,False,0.0,0.0,False,0.0,0,0,0,True
165,100,0.0,108.47298958708794,99.6204927366157,101.7156612540115,118.50742438845586,10.847298958708794,0.0,0.44881388569972036,62.14984962936006,0.0,326.3203015777235,223.59299646263375,1.211030818165581,0.11378190465262719,0.10976033811864508,-0.07073087399400116,0.002105275696965907,0.36345082211313007,100.0,0.0,0.0,12.716451061200603,62.14984962936006,326.76911546342325,False,False,0.0,0.0,False,0.0,0,0,0,True
166,100,0.0,108.47298958708794,99.51497674380556,101.7156612540115,118.45319347007604,10.847298958708794,0.0,0.4488139123045116,62.61674273366567,0.0,327.8257383420921,225.7936809728397,1.2117293075464377,0.1144358711802403,0.10974466503007657,-0.06073436926377559,0.001820012393988002,0.3601843098609388,100.0,0.0,0.0,12.716451061200603,62.61674273366567,328.2745522543966,False,False,0.0,0.0,False,0.0,0,0,0,True
167,100,0.0,108.47298958708794,99.46052327849773,101.7156612540115,118.44337287855633,10.847298958708794,0.0,0.44881392563290845,63.08383665517007,0.0,329.3421308984408,228.0488189483535,1.2122638619772643,0.11493803683426292,0.10971679305919364,-0.05086613107657338,0.0012031344339883047,0.35706135511666676,100.0,0.0,0.0,12.716451061200603,63.08383665517007,329.79094482407373,False,False,0.0,0.0,False,0.0,0,0,0,True
168,100,0.0,108.47298958708794,99.40099702673247,101.7156612540115,118.41172887700478,10.847298958708794,0.0,0.44881393230476263,63.529312300814006,0.0,330.8310866684011,230.3634831756325,1.2126403176299907,0.11529362211547219,0.10967863128540456,-0.04085372202738642,0.0010246467413855833,0.3539099151617733,100.0,0.0,0.0,12.716451061200603,63.529312300814006,331.27990060070584,False,False,0.0,0.0,False,0.0,0,0,0,True
169,100,0.0,108.47298958708794,99.35901361946344,101.7156612540115,118.38535365162404,10.847298958708794,0.0,0.44881393563999805,63.95797443409982,0.0,332.30006055014996,232.72013081018054,1.2128602583426544,0.11550399804763081,0.10963137577140705,-0.03080953586645586,0.0007844312767179694,0.35081917469379675,100.0,0.0,0.0,12.716451061200603,63.95797443409982,332.74887448578994,False,False,0.0,0.0,False,0.0,0,0,0,True
170,100,0.0,108.47298958708794,99.30150392832084,101.7156612540115,118.32515770523126,10.847298958708794,0.0,0.44881393730356045,64.33564144942825,0.0,333.71432872211443,235.1342881358712,1.212926893479672,0.1155720433147586,0.10957637087382473,-0.020484107335412373,0.0008537554514558562,0.3476733289641309,100.0,0.0,0.0,12.716451061200603,64.33564144942825,334.163142659418,False,False,0.0,0.0,False,0.0,0,0,0,True
171,100,0.0,108.47298958708794,99.27465221278123,101.7156612540115,118.28611229914527,10.847298958708794,0.0,0.44881393813032555,64.68236932562691,0.0,335.10703315373223,237.57529717710145,1.2128395918007082,0.1154971551113925,0.10951430806596947,-0.010216502998887728,0.0005751786363792412,0.34464316446323123,100.0,0.0,0.0,12.716451061200603,64.68236932562691,335.5558470918626,False,False,0.0,0.0,False,0.0,0,0,0,True
172,100,0.0,108.47298958708794,99.27855687706531,101.7156612540115,118.26875039548072,10.847298958708794,0.0,0.448813938538817,65.01917748597114,0.0,336.49650759597995,240.01240155404764,1.2126028018498771,0.11528338704745003,0.1094464925333939,-0.00022032753783077786,0.0004205811987302981,0.3417619268357005,100.0,0.0,0.0,12.716451061200603,65.01917748597114,336.94532153451877,False,False,0.0,0.0,False,0.0,0,0,0,True
173,100,0.0,108.47298958708794,99.28869737988097,101.7156612540115,118.24455890857587,10.847298958708794,0.0,0.44881393873873066,65.33902343004574,0.0,337.86750513681113,242.4393654281782,1.2122240469432874,0.11493762500205637,0.10937448986883208,0.009596687359853593,0.0006187684597072315,0.33896219795978266,100.0,0.0,0.0,12.716451061200603,65.33902343004574,338.31631907554987,False,False,0.0,0.0,False,0.0,0,0,0,True
174,100,0.0,108.47298958708794,99.25830817146891,101.7156612540115,118.15842385965064,10.847298958708794,0.0,0.44881393883503207,65.5795995178934,0.0,339.15840309736484,244.89671851072077,1.2117092658754136,0.11446533433204778,0.10929944022961781,0.019746552603002083,0.0005578192661904541,0.33606210285930244,100.0,0.0,0.0,12.716451061200603,65.5795995178934,339.60721703619987,False,False,0.0,0.0,False,0.0,0,0,0,True
175,100,0.0,108.47298958708794,99.26632713986857,101.7156612540115,118.10416193590663,10.847298958708794,0.0,0.44881393888018306,65.77107742173128,0.0,340.42411798048624,247.34605262486366,1.2110565612983193,0.11386484497633784,0.10922121288050946,0.029699881536677065,0.0006407136304613992,0.33332674379732097,100.0,0.0,0.0,12.716451061200603,65.77107742173128,340.8729319193664,False,False,0.0,0.0,False,0.0,0,0,0,True
176,100,0.0,108.47298958708794,99.30968965428363,101.7156612540115,118.07864494206099,10.847298958708794,0.0,0.44881393890033805,65.94114822507538,0.0,341.68929120126757,249.75202422459154,1.210272002277544,0.1131417735970274,0.10914064436679762,0.03918398347318338,0.0010236151399752296,0.33078161852805893,100.0,0.0,0.0,12.716451061200603,65.94114822507538,342.1381051401679,False,False,0.0,0.0,False,0.0,0,0,0,True
177,100,0.0,108.47298958708794,99.33182759689132,101.7156612540115,118.01554308819087,10.847298958708794,0.0,0.4488139389084833,66.05176758460681,0.0,342.9051905188081,252.13585788171173,1.2093655839612236,0.11230534248874435,0.10905890017103687,0.0486063574791162,0.0009996481109544426,0.3282411539008632,100.0,0.0,0.0,12.716451061200603,66.05176758460681,343.3540044577166,False,False,0.0,0.0,False,0.0,0,0,0,True
178,100,0.0,108.47298958708794,99.3804959883874,101.7156612540115,117.9719709179064,10.847298958708794,0.0,0.4488139389110233,66.12118911451088,0.0,344.1023166042578,254.47102314733584,1.2083409406980041,0.11135898381723111,0.10897605004308876,0.0576668594319899,0.0012015122166298465,0.32586302753706686,100.0,0.0,0.0,12.716451061200603,66.12118911451088,344.5511305431688,False,False,0.0,0.0,False,0.0,0,0,0,True
179,100,0.0,108.47298958708794,99.44975518720014,101.7156612540115,117.9415915314654,10.847298958708794,0.0,0.4488139389110828,66.16172132591267,0.0,345.29051434221174,256.7369292141472,1.2072061071011464,0.11031016113801909,0.10889259672637223,0.06624513015317053,0.001434747277290775,0.32364767300911346,100.0,0.0,0.0,12.716451061200603,66.16172132591267,345.7393282811228,False,False,0.0,0.0,False,0.0,0,0,0,True
180,100,0.0,108.47298958708794,99.56358579785189,101.7156612540115,117.95368924798409,10.847298958708794,0.0,0.4488139389101591,66.2152212396835,0.0,346.50705440724664,258.8890046703068,1.205970719641409,0.10916781569693809,0.10880907200396668,0.07398122935237797,0.0018674346723992021,0.32170129844976986,101.0,0.0,0.0,12.716451061200603,66.2152212396835,346.9558683461568,False,False,0.0,0.0,False,0.0,0,0,0,True
181,100,0.0,108.47298958708794,99.72871101084509,101.7156612540115,118.01749258950392,10.847298958708794,0.0,0.4488139389089476,66.33367282037779,0.0,347.78726703664427,260.8759549134732,1.2046495702115887,0.10794561316533595,0.10872651961849518,0.08054878179958455,0.0024232099154356352,0.3200872660342474,101.0,0.0,0.0,12.716451061200603,66.33367282037779,348.2360809755532,False,False,0.0,0.0,False,0.0,0,0,0,True
182,100,0.0,108.47298958708794,99.82687631533558,101.7156612540115,117.99489852832826,10.847298958708794,0.0,0.4488139389077537,66.43207279183062,0.0,349.0218042543869,262.7647398521491,1.2032619820587593,0.10666137623639209,0.10864639501490253,0.08698139454915997,0.0020686356246549156,0.3184116622093308,101.0,0.0,0.0,12.716451061200603,66.43207279183062,349.4706181932946,False,False,0.0,0.0,False,0.0,0,0,0,True
183,100,0.0,108.47298958708794,99.94910186006493,101.7156612540115,117.99400534910606,10.847298958708794,0.0,0.4488139389066945,66.53169164703496,0.0,350.2580072442768,264.53129924609567,1.201811330353244,0.10531836824149568,0.10856784122546788,0.0928532960439262,0.0021011622502554736,0.3169408038952422,101.0,0.0,0.0,12.716451061200603,66.53169164703496,350.70682118318354,False,False,0.0,0.0,False,0.0,0,0,0,True
184,100,0.0,108.47298958708794,100.09556414101876,101.7156612540115,118.01588969596945,10.847298958708794,0.0,0.448813938905803,66.65533307427147,0.0,351.5187161687826,266.15139635908844,1.2003072894986397,0.10392560790468389,0.10849079887078812,0.09793981057754139,0.0022767308403290527,0.315694596043426,101.0,0.0,0.0,12.716451061200603,66.65533307427147,351.9675301076884,False,False,0.0,0.0,False,0.0,0,0,0,True
185,100,0.0,108.47298958708794,100.23562032755399,101.7156612540115,118.02564091699378,10.847298958708794,0.0,0.4488139389050734,66.79137956964857,0.0,352.7840420873181,267.631437285546,1.198762671584826,0.10249498450109171,0.10841556115054674,0.1024306094445081,0.0022572468994496338,0.31458091620236905,101.0,0.0,0.0,12.716451061200603,66.79137956964857,353.23285602622315,False,False,0.0,0.0,False,0.0,0,0,0,True
186,100,0.0,108.47298958708794,100.38462003360482,101.7156612540115,118.04232306666225,10.847298958708794,0.0,0.44881393890448606,66.94702832494767,0.0,354.0637252593908,268.9624785059526,1.1971871470021809,0.10103551891469613,0.10834194890481352,0.10624706964479061,0.0022853360643441427,0.31364600129022435,101.0,0.0,0.0,12.716451061200603,66.94702832494767,354.5125391982953,False,False,0.0,0.0,False,0.0,0,0,0,True
187,100,0.0,108.47298958708794,100.5102292886675,101.7156612540115,118.02900564413298,10.847298958708794,0.0,0.44881393890401844,67.09270051207042,0.0,355.3265336062418,270.16791047129664,1.1955913400594185,0.0995571027089281,0.10826989850755883,0.10969270726542876,0.0020714386033509734,0.31277903888711384,101.0,0.0,0.0,12.716451061200603,67.09270051207042,355.77534754514585,False,False,0.0,0.0,False,0.0,0,0,0,True
188,100,0.0,108.47298958708794,100.63838931573845,101.7156612540115,118.01684321954592,10.847298958708794,0.0,0.4488139389036476,67.22933699129283,0.0,356.5848503859401,271.2451824095697,1.1939810844475145,0.09806524582895988,0.10819872333370907,0.11265792811280913,0.002017924967409908,0.31204895542707545,101.0,0.0,0.0,12.716451061200603,67.22933699129283,357.03366432484376,False,False,0.0,0.0,False,0.0,0,0,0,True
189,100,0.0,108.47298958708794,100.76858558951746,101.7156612540115,118.00598932399801,10.847298958708794,0.0,0.4488139389033554,67.35805234866993,0.0,357.84314183044,272.1922580740638,1.1923637260591027,0.09656683309394345,0.10812799197452778,0.11510105256345646,0.0020174153314440227,0.3114545239250646,101.0,0.0,0.0,12.716451061200603,67.35805234866993,358.29195576934336,False,False,0.0,0.0,False,0.0,0,0,0,True
190,100,0.0,108.47298958708794,100.90004146898409,101.7156612540115,117.99633933939907,10.847298958708794,0.0,0.44881393890312515,67.47988047570941,0.0,359.10335628241137,273.00787785909114,1.190747071169779,0.09506916290306963,0.10805739580659708,0.11701016809640515,0.0020286872382536507,0.3109933703901536,101.0,0.0,0.0,12.716451061200603,67.47988047570941,359.5521702213145,False,False,0.0,0.0,False,0.0,0,0,0,True
191,100,0.0,108.47298958708794,101.06164123455639,101.7156612540115,118.02243302159653,10.847298958708794,0.0,0.44881393890294463,67.63041721127686,0.0,360.4012788939165,273.66189787854626,1.1891389309233162,0.09357953021217871,0.10798669953999439,0.11806116084102121,0.002331233270263296,0.3107680681947905,101.0,0.0,0.0,12.716451061200603,67.63041721127686,360.8500928328195,False,False,0.0,0.0,False,0.0,0,0,0,True
192,100,0.0,108.47298958708794,101.18607190076395,101.7156612540115,118.00689517292422,10.847298958708794,0.0,0.44881393890280274,67.76864722782236,0.0,361.68219447061733,274.19148723179376,1.1875517983182096,0.09210950142006782,0.10791636578565127,0.1187948118956933,0.0020756697754931346,0.31056703167816563,101.0,0.0,0.0,12.716451061200603,67.76864722782236,362.1310084095201,False,False,0.0,0.0,False,0.0,0,0,0,True
193,100,0.0,108.47298958708794,101.31335757323811,101.7156612540115,117.99697110296708,10.847298958708794,0.0,0.4488139389026913,67.89992015189524,0.0,362.9638309874199,274.5937909125672,1.1859897849581735,0.09066297434208329,0.10784582327165705,0.11906969843953116,0.0020080619705769758,0.31049645663710784,101.0,0.0,0.0,12.716451061200603,67.89992015189524,363.41264492632257,False,False,0.0,0.0,False,0.0,0,0,0,True
194,100,0.0,108.47298958708794,101.43845902337226,101.7156612540115,117.98743541863438,10.847298958708794,0.0,0.4488139389026038,68.02447504166396,0.0,364.2479222822327,274.8709931432064,1.184459037727186,0.08924569427015336,0.10777488672030804,0.11888063861607215,0.0019615206210822768,0.3105407894122937,101.0,0.0,0.0,12.716451061200603,68.02447504166396,364.6967362211353,False,False,0.0,0.0,False,0.0,0,0,0,True
195,100,0.0,108.47298958708794,101.56932349070345,101.7156612540115,117.98817174145388,10.847298958708794,0.0,0.44881393890253585,68.15243970798359,0.0,365.54500266318905,275.0173309065145,1.1829656509393107,0.08786334633655657,0.10770347365235526,0.11814443903596125,0.002001633717353897,0.3107258771046776,101.0,0.0,0.0,12.716451061200603,68.15243970798359,365.9938166020916,False,False,0.0,0.0,False,0.0,0,0,0,True
196,100,0.0,108.47298958708794,101.71010271258017,101.7156612540115,118.00472119143612,10.847298958708794,0.0,0.44881393890248233,68.29970046566838,0.0,366.8670800107201,275.0228894479458,1.18151683659256,0.08652262505741437,0.10763175835645743,0.11677060315758561,0.0021151977009452394,0.3110719089103017,101.0,0.0,0.0,12.716451061200603,68.29970046566838,367.3158939496226,False,False,0.0,0.0,False,0.0,0,0,0,True
197,100,0.0,108.47298958708794,101.816822207114,101.7156612540115,117.9869510592992,10.847298958708794,0.0,0.44881393890244037,68.43235190507802,0.0,368.1727871842433,274.9217284948433,1.1801210078804902,0.0852313112959561,0.1075601752906461,0.11517899324263028,0.001823411043642326,0.31143319150284243,101.0,0.0,0.0,12.716451061200603,68.43235190507802,368.62160112314575,False,False,0.0,0.0,False,0.0,0,0,0,True
198,100,0.0,108.47298958708794,101.90130759600183,101.7156612540115,117.94891690626642,10.847298958708794,0.0,0.4488139389024073,68.52981643002046,0.0,369.45278380240165,274.736082152853,1.178780106694891,0.08399125939843755,0.10748839610096346,0.11348245174499852,0.0014968379876901224,0.31181943656235717,101.0,0.0,0.0,12.716451061200603,68.52981643002046,369.90159774130404,False,False,0.0,0.0,False,0.0,0,0,0,True
199,100,0.0,108.47298958708794,101.99473615904488,101.7156612540115,117.92680286925257,10.847298958708794,0.0,0.4488139389023815,68.6072589024418,0.0,370.7333814332967,274.4570072478196,1.1774943551215198,0.08280273630152353,0.10741598561321537,0.11144001752996473,0.001464053441139942,0.3123200992218703,101.0,0.0,0.0,12.716451061200603,68.6072589024418,371.1821953721991,False,False,0.0,0.0,False,0.0,0,0,0,True
200,100,0.0,108.47298958708794,102.20104410998127,101.7156612540115,118.04102086749948,10.847298958708794,0.0,0.44881393890236154,68.80058160304948,0.0,372.147391150614,273.9716243918498,1.1762675958025788,0.08166930220337072,0.10734311205615557,0.10781765938880701,0.0025610956103282864,0.3133129594510554,101.0,0.0,0.0,12.716451061200603,68.80058160304948,372.5962050895164,False,False,0.0,0.0,False,0.0,0,0,0,True
201,100,0.0,108.47298958708794,102.27821519599311,101.7156612540115,118.01414988957923,10.847298958708794,0.0,0.4488139389023458,68.97118281594368,0.0,373.50092478460704,273.40907044986824,1.1751220830844336,0.08061133299137653,0.10727248782084131,0.10448403564914574,0.0017075767809719034,0.31404996510808736,101.0,0.0,0.0,12.716451061200603,68.97118281594368,373.94973872350937,False,False,0.0,0.0,False,0.0,0,0,0,True
202,100,0.0,108.47298958708794,102.35824610659044,101.7156612540115,117.99819957426364,10.847298958708794,0.0,0.44881393890233334,69.1294955083347,0.0,374.8441791467086,272.76648559728926,1.1740515676804395,0.07962315301044343,0.10720302060654521,0.10103616105088845,0.0014170045329302495,0.31487562597348917,101.0,0.0,0.0,12.716451061200603,69.1294955083347,375.29299308561093,False,False,0.0,0.0,False,0.0,0,0,0,True
203,100,0.0,108.47298958708794,102.43255122461116,101.7156612540115,117.98328226885627,10.847298958708794,0.0,0.4488139389023236,69.27628892857906,0.0,376.1840879207374,272.0495956266896,1.1730560005971227,0.07870473399210334,0.10713458350706792,0.09740769238575478,0.0012538674820175267,0.31576307824619926,101.0,0.0,0.0,12.716451061200603,69.27628892857906,376.63290185963973,False,False,0.0,0.0,False,0.0,0,0,0,True
204,100,0.0,108.47298958708794,102.49030367840918,101.7156612540115,117.9570593481346,10.847298958708794,0.0,0.448813938902316,69.40001021100427,0.0,377.51011978713063,271.27495320229195,1.172136343078815,0.07785695671541015,0.10706728254220349,0.09370281404905306,0.001032944475450113,0.31666886595728594,101.0,0.0,0.0,12.716451061200603,69.40001021100427,377.95893372603297,False,False,0.0,0.0,False,0.0,0,0,0,True
205,100,0.0,108.47298958708794,102.54159060902694,101.7156612540115,117.93112007365559,10.847298958708794,0.0,0.44881393890231003,69.5004477800832,0.0,378.8266685037337,270.44902384727646,1.1712919868793454,0.07707925531760403,0.10700109581430606,0.08989307009035925,0.0008889770438413328,0.31761346906025745,101.0,0.0,0.0,12.716451061200603,69.5004477800832,379.275482442636,False,False,0.0,0.0,False,0.0,0,0,0,True
206,100,0.0,108.47298958708794,102.59178532293186,101.7156612540115,117.91163983334302,10.847298958708794,0.0,0.44881393890230536,69.58356090694251,0.0,380.14069716949984,269.57289977835615,1.1705227777538794,0.07637146648161477,0.10693614469720973,0.08592620036014428,0.0008263484905266956,0.3186104997136713,101.0,0.0,0.0,12.716451061200603,69.58356090694251,380.5895111084022,False,False,0.0,0.0,False,0.0,0,0,0,True
207,100,0.0,108.47298958708794,102.64897138311692,101.7156612540115,117.90796628807293,10.847298958708794,0.0,0.4488139389023016,69.66478443374295,0.0,381.4652003802431,268.6395896492507,1.1698293604469778,0.07573414618794445,0.10687272927336582,0.08169964129414614,0.0008729894834165932,0.3196888768959228,101.0,0.0,0.0,12.716451061200603,69.66478443374295,381.9140143191454,False,False,0.0,0.0,False,0.0,0,0,0,True
208,100,0.0,108.47298958708794,102.71318889191721,101.7156612540115,117.92034302634887,10.847298958708794,0.0,0.4488139389022987,69.76012808553989,0.0,382.80898781926317,267.64206201134505,1.1692139125800491,0.07516924207774833,0.10681141482976718,0.07715772423364971,0.0009608145175926622,0.32085692263529403,101.0,0.0,0.0,12.716451061200603,69.76012808553989,383.25780175816544,False,False,0.0,0.0,False,0.0,0,0,0,True
209,100,0.0,108.47298958708794,102.74614480300352,101.7156612540115,117.9051060723999,10.847298958708794,0.0,0.44881393890229626,69.84228124533041,0.0,384.13600225686014,266.611578462353,1.1686794045943216,0.07467941958694331,0.10675291536888412,0.07266507935946967,0.0006908207389910196,0.32198377887054946,101.0,0.0,0.0,12.716451061200603,69.84228124533041,384.5848161957624,False,False,0.0,0.0,False,0.0,0,0,0,True
210,100,0.0,108.47298958708794,102.77738678292783,101.7156612540115,117.89593411128101,10.847298958708794,0.0,0.4488139389022947,69.91702578442172,0.0,385.46035518337635,265.54985293343674,1.1682232810686721,0.07426229063616438,0.10669722453469162,0.06812387509126873,0.0005882696770788229,0.32314562539055103,101.0,0.0,0.0,12.716451061200603,69.91702578442172,385.9091691222786,False,False,0.0,0.0,False,0.0,0,0,0,True
211,100,0.0,108.47298958708794,102.80294183294349,101.7156612540115,117.88815915403731,10.847298958708794,0.0,0.44881393890229315,69.98559968760352,0.0,386.7827081585008,264.46257235450474,1.1678445213689497,0.07391686119990433,0.10664460148112186,0.06354303383319809,0.0005349544274673415,0.3243267878597795,101.0,0.0,0.0,12.716451061200603,69.98559968760352,387.23152209740306,False,False,0.0,0.0,False,0.0,0,0,0,True
212,100,0.0,108.47298958708794,102.82284006343795,101.7156612540115,117.88169502759416,10.847298958708794,0.0,0.44881393890229204,70.04918133877196,0.0,388.1032275017333,263.35539354507824,1.1675420021228688,0.0736420377673429,0.10659533131151783,0.05893925508216343,0.0004872549914757167,0.32552198127525944,101.0,0.0,0.0,12.716451061200603,70.04918133877196,388.55204144063555,False,False,0.0,0.0,False,0.0,0,0,0,True
213,100,0.0,108.47298958708794,102.83693359807201,101.7156612540115,117.87622649739195,10.847298958708794,0.0,0.44881393890229115,70.1086591801669,0.0,389.4217134842062,262.23412120101773,1.1673143818122642,0.07343652312506747,0.10654970231154699,0.054333961672647056,0.0004369056304864917,0.3267251490186951,101.0,0.0,0.0,12.716451061200603,70.1086591801669,389.87052742310846,False,False,0.0,0.0,False,0.0,0,0,0,True
214,100,0.0,108.47298958708794,102.84519890094343,101.7156612540115,117.87154957830968,10.847298958708794,0.0,0.4488139389022905,70.16473673848573,0.0,390.7378942187397,261.1045835540858,1.1671600338864232,0.07329875633156621,0.10650799074102116,0.04974944533203614,0.0003833894661602382,0.3279303763210014,101.0,0.0,0.0,12.716451061200603,70.16473673848573,391.186708157642,False,False,0.0,0.0,False,0.0,0,0,0,True
215,100,0.0,108.47298958708794,102.84767845058633,101.7156612540115,117.86750408114594,10.847298958708794,0.0,0.4488139389022898,70.21797245176401,0.0,392.0514753097041,259.97256635751097,1.167077039263536,0.07322690683841962,0.10647045437264943,0.04520773719770324,0.0003270186643722428,0.3291317990399407,101.0,0.0,0.0,12.716451061200603,70.21797245176401,392.50028924860635,False,False,0.0,0.0,False,0.0,0,0,0,True
216,100,0.0,108.47298958708794,102.84447183096982,101.7156612540115,117.8639646338032,10.847298958708794,0.0,0.4488139389022896,70.2688113722882,0.0,393.3621616731487,258.84375578055267,1.1670631959735265,0.07321888421106255,0.10643732858423878,0.040730125990840416,0.00027082915966847456,0.3303236377063498,101.0,0.0,0.0,12.716451061200603,70.2688113722882,393.810975612051,False,False,0.0,0.0,False,0.0,0,0,0,True
217,100,0.0,108.47298958708794,102.83572663262363,101.7156612540115,117.86083225990467,10.847298958708794,0.0,0.4488139389022894,70.31760912859676,0.0,394.66966925716383,257.7236904019405,1.167116035833824,0.07327235422510166,0.10640882349093593,0.03633694093816092,0.00023715686283183306,0.33150022570773896,101.0,0.0,0.0,12.716451061200603,70.31760912859676,395.1184831960661,False,False,0.0,0.0,False,0.0,0,0,0,True
218,100,0.0,108.47298958708794,102.8216313291556,101.7156612540115,117.85802857042084,10.847298958708794,0.0,0.4488139389022894,70.36465059343159,0.0,395.9737333716495,256.6177203267964,1.167232844030264,0.07338475756763954,0.10638512151571222,0.03204743381518875,0.00024106801244059428,0.33265603919935127,101.0,0.0,0.0,12.716451061200603,70.36465059343159,396.42254731055175,False,False,0.0,0.0,False,0.0,0,0,0,True
219,100,0.0,108.47298958708794,102.80240918739263,101.7156612540115,117.85549131852255,10.847298958708794,0.0,0.4488139389022894,70.41016450723116,0.0,397.27411499787615,255.53097239341525,1.167410680056436,0.07355332972693977,0.10636637519749387,0.027879702879563716,0.0002775178298611048,0.33378572706316323,101.0,0.0,0.0,12.716451061200603,70.41016450723116,397.72292893677843,False,False,0.0,0.0,False,0.0,0,0,0,True
220,100,0.0,108.47298958708794,102.7972034365733,101.7156612540115,117.87483215874907,10.847298958708794,0.0,0.4488139389022894,70.47599617467205,0.0,398.59226675552037,254.44943021085348,1.1676463993590396,0.07377512146973468,0.10635270518253961,0.023657953464130833,0.00018196697973692525,0.3349560383734426,101.0,0.0,0.0,12.716451061200603,70.47599617467205,399.04108069442265,False,False,0.0,0.0,False,0.0,0,0,0,True
221,100,0.0,108.47298958708794,102.77946957144312,101.7156612540115,117.88555044029874,10.847298958708794,0.0,0.4488139389022894,70.55395913857745,0.0,399.91080927780797,253.38562189342184,1.1679395640656032,0.07404965792984183,0.10634459685793497,0.01955276817830292,0.00020588688348695058,0.33608124374168125,101.0,0.0,0.0,12.716451061200603,70.55395913857745,400.35962321671025,False,False,0.0,0.0,False,0.0,0,0,0,True
222,100,0.0,108.47298958708794,102.74244822793607,101.7156612540115,117.87956153163867,10.847298958708794,0.0,0.4488139389022894,70.62760659562308,0.0,401.2141235162611,252.35883491949727,1.1682871845461018,0.07437413938057331,0.10634214873937735,0.015727428706441393,0.00042136519894888134,0.33712084812572707,101.0,0.0,0.0,12.716451061200603,70.62760659562308,401.6629374551634,False,False,0.0,0.0,False,0.0,0,0,0,True
223,100,0.0,108.47298958708794,102.70376785752364,101.7156612540115,117.87652228495986,10.847298958708794,0.0,0.4488139389022894,70.69979557948837,0.0,402.51184912922747,251.3707283159851,1.1686838892087335,0.07474359425757515,0.10634511090231745,0.012111768780501148,0.0005209604695653646,0.33811996895684976,101.0,0.0,0.0,12.716451061200603,70.69979557948837,402.96066306812975,False,False,0.0,0.0,False,0.0,0,0,0,True
224,100,0.0,108.47298958708794,102.6612704506322,101.7156612540115,117.87351469344927,10.847298958708794,0.0,0.4488139389022894,70.77052644058446,0.0,403.8044432016717,250.42511911936438,1.1691254807450182,0.07515412520103489,0.10635338954716411,0.008705778297222893,0.0005965748898830588,0.3390675580952293,101.0,0.0,0.0,12.716451061200603,70.77052644058446,404.25325714057396,False,False,0.0,0.0,False,0.0,0,0,0,True
225,100,0.0,108.47298958708794,102.61546421508267,101.7156612540115,117.87068970747262,10.847298958708794,0.0,0.4488139389022894,70.83995048720935,0.0,405.09215005357726,249.52531615829326,1.1696078554415679,0.07560192393028509,0.10636688277061479,0.005514100509355075,0.0006583516071683806,0.3399603217078905,101.0,0.0,0.0,12.716451061200603,70.83995048720935,405.54096399247953,False,False,0.0,0.0,False,0.0,0,0,0,True
226,100,0.0,108.47298958708794,102.5666667679162,101.7156612540115,117.86798346412287,10.847298958708794,0.0,0.4488139389022894,70.9081584124449,0.0,406.3750318659059,248.67431064438853,1.1701269305486868,0.07608320549500766,0.10638546504936032,0.002543861029893335,0.0007119482287327809,0.3407947603809024,101.0,0.0,0.0,12.716451061200603,70.9081584124449,406.8238458048082,False,False,0.0,0.0,False,0.0,0,0,0,True
227,100,0.0,108.47298958708794,102.54525347772353,101.7156612540115,117.89989100126658,10.847298958708794,0.0,0.4488139389022894,71.00973789388094,0.0,407.68767039284523,247.84471842067646,1.1706786060687913,0.07659417375317353,0.106408977986396,-0.0005005234346557114,0.0004664968115253666,0.3416850358795242,101.0,0.0,0.0,12.716451061200603,71.00973789388094,408.1364843317475,False,False,0.0,0.0,False,0.0,0,0,0,True
228,100,0.0,108.47298958708794,102.47598344681303,101.7156612540115,117.87993399370019,10.847298958708794,0.0,0.4488139389022894,71.09354067591981,0.0,408.96468413758134,247.08439622787492,1.171263303230227,0.07713516645917655,0.10643785484693528,-0.0030395858662248575,0.0008419032821104042,0.34236807860229035,101.0,0.0,0.0,12.716451061200603,71.09354067591981,409.4134980764836,False,False,0.0,0.0,False,0.0,0,0,0,True
229,100,0.0,108.47298958708794,102.40343030409826,101.7156612540115,117.85849649236081,10.847298958708794,0.0,0.4488139389022894,71.1577047046313,0.0,410.2218012375481,246.39662717778813,1.1718727364800947,0.07769857932461902,0.10647125443739235,-0.00518544063371848,0.0010168677651831311,0.3429616647155501,101.0,0.0,0.0,12.716451061200603,71.1577047046313,410.6706151764504,False,False,0.0,0.0,False,0.0,0,0,0,True
230,100,0.0,108.47298958708794,102.3333227081702,101.7156612540115,117.84152241555638,10.847298958708794,0.0,0.4488139389022894,71.20627187715407,0.0,411.46829215997036,245.77896572362945,1.1725004910968326,0.07827851671959925,0.10650859406907924,-0.007028948741520216,0.001060502922461778,0.34348339795102206,101.0,0.0,0.0,12.716451061200603,71.20627187715407,411.91710609887264,False,False,0.0,0.0,False,0.0,0,0,0,True
231,100,0.0,108.47298958708794,102.25733454205387,101.7156612540115,117.81892737255319,10.847298958708794,0.0,0.4488139389022894,71.23328645541939,0.0,412.6980263120084,245.23729243558702,1.1731416592113466,0.07887046166872169,0.10654948026217934,-0.00852597881202752,0.001135956676847713,0.34390237337124663,101.0,0.0,0.0,12.716451061200603,71.23328645541939,413.14684025091066,False,False,0.0,0.0,False,0.0,0,0,0,True
232,100,0.0,108.47298958708794,102.185028660911,101.7156612540115,117.8011767229478,10.847298958708794,0.0,0.4488139389022894,71.24313022663068,0.0,413.9180521640062,244.76792502868756,1.1737907794926088,0.07946939600993008,0.10659340973985444,-0.00974071616824835,0.0011300122525407287,0.3442485677443463,101.0,0.0,0.0,12.716451061200603,71.24313022663068,414.3668661029085,False,False,0.0,0.0,False,0.0,0,0,0,True
233,100,0.0,108.47298958708794,102.11647585490411,101.7156612540115,117.7879208810942,10.847298958708794,0.0,0.4488139389022894,71.23992944329251,0.0,415.13159963672564,244.36711042779493,1.1744434743271996,0.08007129495519358,0.10663999972736739,-0.010706567378122674,0.0010926163402748285,0.3445258870225749,101.0,0.0,0.0,12.716451061200603,71.23992944329251,415.5804135756279,False,False,0.0,0.0,False,0.0,0,0,0,True
234,100,0.0,108.47298958708794,102.05090159578157,101.7156612540115,117.7778961930533,10.847298958708794,0.0,0.4488139389022894,71.22663527010516,0.0,416.33996826754856,244.0318700860248,1.175095962411542,0.08067268298374082,0.10668891234496261,-0.011437115060094318,0.0010508550316277317,0.3447351216785364,101.0,0.0,0.0,12.716451061200603,71.22663527010516,416.78878220645083,False,False,0.0,0.0,False,0.0,0,0,0,True
235,100,0.0,108.47298958708794,101.98795614344476,101.7156612540115,117.77035803337121,10.847298958708794,0.0,0.4488139389022894,71.20551759029368,0.0,417.54407032784064,243.75957519659153,1.175744747470331,0.08127034986850941,0.10673980890450328,-0.01194087704226048,0.0010107843860891988,0.34487796292552664,101.0,0.0,0.0,12.716451061200603,71.20551759029368,417.9928842667429,False,False,0.0,0.0,False,0.0,0,0,0,True
236,100,0.0,108.47298958708794,101.94349138459779,101.7156612540115,117.78330204420689,10.847298958708794,0.0,0.4488139389022894,71.19689065015362,0.0,418.76320485631686,243.53174506600521,1.1763865358483916,0.08186127527244395,0.10679233941792887,-0.012386669051589302,0.0008158874269229363,0.3450201336860257,101.0,0.0,0.0,12.716451061200603,71.19689065015362,419.21201879521914,False,False,0.0,0.0,False,0.0,0,0,0,True
237,100,0.0,108.47298958708794,101.89950062529662,101.7156612540115,117.79588022001347,10.847298958708794,0.0,0.4488139389022894,71.20065671665222,0.0,419.9888551316824,243.34790569472005,1.1770206352380956,0.08244481928928704,0.10684647510298083,-0.012702879429898858,0.0007389534886786667,0.3451116979758771,101.0,0.0,0.0,12.716451061200603,71.20065671665222,420.43766907058466,False,False,0.0,0.0,False,0.0,0,0,0,True
238,100,0.0,108.47298958708794,101.84463317651884,101.7156612540115,117.79479538415414,10.847298958708794,0.0,0.4488139389022894,71.20341878237181,0.0,421.20578195245423,243.2189337722127,1.1776452883549295,0.08301937607543619,0.10690198711535089,-0.012749125760764937,0.0008177662111847976,0.3451079664948361,101.0,0.0,0.0,12.716451061200603,71.20341878237181,421.6545958913565,False,False,0.0,0.0,False,0.0,0,0,0,True
239,100,0.0,108.47298958708794,101.8164062878798,101.7156612540115,117.82307218890278,10.847298958708794,0.0,0.4488139389022894,71.23451693798678,0.0,422.448555388325,243.1181887383444,1.1782566682925864,0.08358145425182244,0.10695832362929736,-0.01282272512220072,0.0005870272744905832,0.3451452672968422,101.0,0.0,0.0,12.716451061200603,71.23451693798678,422.8973693272273,False,False,0.0,0.0,False,0.0,0,0,0,True
240,100,0.0,108.47298958708794,101.75726596153874,101.7156612540115,117.81419756269098,10.847298958708794,0.0,0.4488139389022894,71.25740796009391,0.0,423.6699013520986,243.0765840308172,1.1788554904807558,0.0841317131206634,0.10701554083425108,-0.012522592755598477,0.0008045093376275935,0.34502601409280237,101.0,0.0,0.0,12.716451061200603,71.25740796009391,424.11871529100085,False,False,0.0,0.0,False,0.0,0,0,0,True
241,100,0.0,108.47298958708794,101.7053563904923,101.7156612540115,117.81178813191251,10.847298958708794,0.0,0.4488139389022894,71.27838088571369,0.0,424.8887332304596,243.0868888943364,1.1794364343467458,0.08466530509721285,0.10707281711505179,-0.01200395910322782,0.0008163130938228537,0.34486566877005986,101.0,0.0,0.0,12.716451061200603,71.27838088571369,425.33754716936187,False,False,0.0,0.0,False,0.0,0,0,0,True
242,100,0.0,108.47298958708794,101.65546736649988,101.7156612540115,117.80954425075952,10.847298958708794,0.0,0.4488139389022894,71.29756009433194,0.0,426.10579778971913,243.147082781848,1.179996628570962,0.08517961871063862,0.10712967311538978,-0.011290788247582579,0.0008016620962679339,0.34465214404742656,101.0,0.0,0.0,12.716451061200603,71.29756009433194,426.5546117286214,False,False,0.0,0.0,False,0.0,0,0,0,True
243,100,0.0,108.47298958708794,101.60809488336866,101.7156612540115,117.80781262065335,10.847298958708794,0.0,0.4488139389022894,71.31541933654461,0.0,427.32185579925465,243.25464915249088,1.1805336247828466,0.08567243021341,0.10718567608172287,-0.010402066294127063,0.0007720401568940382,0.3443899791840125,101.0,0.0,0.0,12.716451061200603,71.31541933654461,427.7706697381569,False,False,0.0,0.0,False,0.0,0,0,0,True
244,100,0.0,108.47298958708794,101.5632496376482,101.7156612540115,117.80641155948796,10.847298958708794,0.0,0.4488139389022894,71.33226084945312,0.0,428.5372613142598,243.40706076885414,1.1810453132321226,0.08614182657234434,0.10724042860846199,-0.009351312798062988,0.0007365433691881661,0.3440824032951791,101.0,0.0,0.0,12.716451061200603,71.33226084945312,428.9860752531621,False,False,0.0,0.0,False,0.0,0,0,0,True
245,100,0.0,108.47298958708794,101.52101611276926,101.7156612540115,117.80526954241168,10.847298958708794,0.0,0.4488139389022894,71.34832183254306,0.0,429.75230515787257,243.60170591009637,1.1815298332351711,0.08658612352728493,0.10729355783144538,-0.008150812703527037,0.0006978761950606013,0.34373297795750224,101.0,0.0,0.0,12.716451061200603,71.34832183254306,430.20111909677485,False,False,0.0,0.0,False,0.0,0,0,0,True
246,100,0.0,108.47298958708794,101.48147075867217,101.7156612540115,117.80432784829848,10.847298958708794,0.0,0.4488139389022894,71.36378585543795,0.0,430.9672383174148,243.83589640543568,1.1819855492484486,0.08700384346544562,0.10734471453565338,-0.006812568027532731,0.0006571404236232594,0.3433453468432262,101.0,0.0,0.0,12.716451061200603,71.36378585543795,431.4160522563171,False,False,0.0,0.0,False,0.0,0,0,0,True
247,100,0.0,108.47298958708794,101.44468419850352,101.7156612540115,117.80354201080942,10.847298958708794,0.0,0.4488139389022894,71.37879596157201,0.0,432.18228270544597,244.1068734609437,1.1824110417945486,0.08739370683158479,0.10739357447099122,-0.005348654934302329,0.0006148136566489291,0.3429232241189073,101.0,0.0,0.0,12.716451061200603,71.37879596157201,432.63109664434825,False,False,0.0,0.0,False,0.0,0,0,0,True
248,100,0.0,108.47298958708794,101.41071798954401,101.7156612540115,117.80287751045807,10.847298958708794,0.0,0.4488139389022894,71.39346374518588,0.0,433.3976338786307,244.41181672541114,1.1828051039555139,0.08775462862343508,0.10743984036365183,-0.0037713065152706086,0.0005711715178870238,0.3424703646014662,101.0,0.0,0.0,12.716451061200603,71.39346374518588,433.846447817533,False,False,0.0,0.0,False,0.0,0,0,0,True
249,100,0.0,108.47298958708794,101.37962304333887,101.7156612540115,117.80230753635198,10.847298958708794,0.0,0.4488139389022894,71.40787638489346,0.0,434.6134625346658,244.74785493608377,1.183166739178467,0.08808571610057347,0.10748324392521026,-0.0020929002194763845,0.0005264302959994094,0.3419905377310873,101.0,0.0,0.0,12.716451061200603,71.40787638489346,435.0622764735681,False,False,0.0,0.0,False,0.0,0,0,0,True
250,100,0.0,108.47298958708794,101.35143846235925,101.7156612540115,117.80181123782026,10.847298958708794,0.0,0.4488139389022894,71.4221020798449,0.0,435.82991558576,245.11207772773605,1.183495158926286,0.08838626637346743,0.10752354760573783,-0.00032590912815359254,0.0004807964352013835,0.34148750250571785,101.0,0.0,0.0,12.716451061200603,71.4221020798449,436.27872952466225,False,False,0.0,0.0,False,0.0,0,0,0,True
251,100,0.0,108.47298958708794,101.3181603214161,101.7156612540115,117.79203622576719,10.847298958708794,0.0,0.4488139389022894,71.4268581039251,0.0,437.0377809339492,245.50957866033144,1.1837897796302341,0.08865576338036955,0.10756054599170602,0.0015991501128458097,0.0005137001301358227,0.34093333935966236,101.0,0.0,0.0,12.716451061200603,71.4268581039251,437.48659487285147,False,False,0.0,0.0,False,0.0,0,0,0,True
252,100,0.0,108.47298958708794,101.2892803523278,101.7156612540115,117.78386552156951,10.847298958708794,0.0,0.4488139389022894,71.42354550739789,0.0,438.2424042250906,245.9359595620151,1.1840489897683433,0.088892751437699,0.10759389878468589,0.003624396211956857,0.00048248654529719386,0.3403599483635899,101.0,0.0,0.0,12.716451061200603,71.42354550739789,438.69121816399286,False,False,0.0,0.0,False,0.0,0,0,0,True
253,100,0.0,108.47298958708794,101.34483064381547,101.7156612540115,117.8703220902007,10.847298958708794,0.0,0.4488139389022894,71.50661837772842,0.0,439.5386934007208,246.30679017221112,1.1842720840064669,0.08909660061958435,0.10762340561378549,0.004897360366390879,0.00036294750700636817,0.34008698821079236,101.0,0.0,0.0,12.716451061200603,71.50661837772842,439.98750733962305,False,False,0.0,0.0,False,0.0,0,0,0,True
254,100,0.0,108.47298958708794,101.31035375819948,101.7156612540115,117.84970208498757,10.847298958708794,0.0,0.4488139389022894,71.57085432398841,0.0,440.78229851550714,246.71209766802315,1.1844711521294087,0.08927836777937488,0.10765062541834339,0.006668447780312811,0.00020717847442790386,0.33952531067990044,101.0,0.0,0.0,12.716451061200603,71.57085432398841,441.2311124544094,False,False,0.0,0.0,False,0.0,0,0,0,True
255,100,0.0,108.47298958708794,101.28426945698185,101.7156612540115,117.8357877446833,10.847298958708794,0.0,0.4488139389022894,71.62255469420266,0.0,442.01360946816186,247.14348946505285,1.1846392529731662,0.0894317363081577,0.1076744351243273,0.008629503705857088,0.0003386362345109263,0.33895898724705537,101.0,0.0,0.0,12.716451061200603,71.62255469420266,442.46242340706414,False,False,0.0,0.0,False,0.0,0,0,0,True
256,100,0.0,108.47298958708794,101.26383845455113,101.7156612540115,117.82519083575444,10.847298958708794,0.0,0.4488139389022894,71.66476785537952,0.0,443.2412027346627,247.59531226451318,1.184774232412538,0.08955475314673973,0.10769443568267058,0.010670871811626561,0.0003319566672776189,0.3383870388822904,101.0,0.0,0.0,12.716451061200603,71.66476785537952,443.69001667356497,False,False,0.0,0.0,False,0.0,0,0,0,True
257,100,0.0,108.47298958708794,101.24818921100417,101.7156612540115,117.81685840705917,10.847298958708794,0.0,0.4488139389022894,71.6995546537207,0.0,444.4672430737904,248.0627843075205,1.184875633222729,0.08964701127233779,0.1077104905474125,0.012745525072433284,0.00028181096467748477,0.3378126197634214,101.0,0.0,0.0,12.716451061200603,71.6995546537207,444.9160570126927,False,False,0.0,0.0,False,0.0,0,0,0,True
258,100,0.0,108.47298958708794,101.23679432265875,101.7156612540115,117.81020601802733,10.847298958708794,0.0,0.4488139389022894,71.72843572898591,0.0,445.6924627357747,248.54165123887321,1.1849437156340175,0.0897087568668962,0.10772257766256507,0.014828768291445082,0.000229996483326056,0.337239177520587,101.0,0.0,0.0,12.716451061200603,71.72843572898591,446.141276674677,False,False,0.0,0.0,False,0.0,0,0,0,True
259,100,0.0,108.47298958708794,101.2292877045259,101.7156612540115,117.80487117598814,10.847298958708794,0.0,0.4488139389022894,71.75260186736853,0.0,446.9172571775031,249.0280247883588,1.1849791055104506,0.08974056863254498,0.10773073595516622,0.016904037689033934,0.0001858688812210551,0.3366701339208036,101.0,0.0,0.0,12.716451061200603,71.75260186736853,447.36607111640535,False,False,0.0,0.0,False,0.0,0,0,0,True
260,100,0.0,108.47298958708794,101.22536210989992,101.7156612540115,117.80058161932482,10.847298958708794,0.0,0.4488139389022894,71.7729971525522,0.0,448.14189239199965,249.51832393247042,1.1849826638721408,0.08974323886403986,0.1077350453530268,0.018958185959470495,0.00014297784113965808,0.33610867257834287,101.0,0.0,0.0,12.716451061200603,71.7729971525522,448.5907063309019,False,False,0.0,0.0,False,0.0,0,0,0,True
261,100,0.0,108.47298958708794,101.22474812484909,101.7156612540115,117.79712552936012,10.847298958708794,0.0,0.4488139389022894,71.79037411341314,0.0,449.3665576853307,250.00923706163283,1.1849554302239227,0.08971772179444297,0.10773561802163935,0.020979770363507688,0.0001020666202522526,0.335557729094515,101.0,0.0,0.0,12.716451061200603,71.79037411341314,449.81537162423297,False,False,0.0,0.0,False,0.0,0,0,0,True
262,100,0.0,108.47298958708794,101.22366110788813,101.7156612540115,117.79021422740384,10.847298958708794,0.0,0.4488139389022894,71.80121275246292,0.0,450.58726390173354,250.50123720775616,1.1848985928797535,0.08966510655983788,0.10773259363057207,0.022995097282845108,9.121356894843307e-05,0.3350063038641065,101.0,0.0,0.0,12.716451061200603,71.80121275246292,451.0360778406358,False,False,0.0,0.0,False,0.0,0,0,0,True
263,100,0.0,108.47298958708794,101.22189863151085,101.7156612540115,117.7796866698761,10.847298958708794,0.0,0.4488139389022894,71.80175647519287,0.0,451.8015833126127,250.9949998302568,1.1848129196977526,0.08958609724201738,0.1077260610102934,0.02501731881729244,9.268551361214387e-05,0.3344530855231049,101.0,0.0,0.0,12.716451061200603,71.80175647519287,452.250397251515,False,False,0.0,0.0,False,0.0,0,0,0,True
264,100,0.0,108.47298958708794,101.22455546192313,101.7156612540115,117.77152395683493,10.847298958708794,0.0,0.4488139389022894,71.79414915537936,0.0,453.01352105878266,251.4861056223452,1.1846989653573932,0.08948120177033865,0.1077160897380248,0.027000172462670013,5.845453052014634e-05,0.33391695304448227,101.0,0.0,0.0,12.716451061200603,71.79414915537936,453.46233499768493,False,False,0.0,0.0,False,0.0,0,0,0,True
265,100,0.0,108.47298958708794,101.23104662507694,101.7156612540115,117.76516332045222,10.847298958708794,0.0,0.4488139389022894,71.78001791520786,0.0,454.22424146182357,251.97072025127972,1.1845579669852866,0.08935154993078025,0.10770285353614152,0.02892092752691459,7.968337939998238e-05,0.3334004245405053,101.0,0.0,0.0,12.716451061200603,71.78001791520786,454.67305540072584,False,False,0.0,0.0,False,0.0,0,0,0,True
266,100,0.0,108.47298958708794,101.2408665041118,101.7156612540115,117.76016447028107,10.847298958708794,0.0,0.4488139389022894,71.76058451106654,0.0,455.434167452496,252.44551500117947,1.184391475068044,0.08919855696604648,0.10768657416482869,0.030766440804074945,0.00012511479929352835,0.33290563591887634,101.0,0.0,0.0,12.716451061200603,71.76058451106654,455.8829813913983,False,False,0.0,0.0,False,0.0,0,0,0,True
267,100,0.0,108.47298958708794,101.25362669860407,101.7156612540115,117.75623911133158,10.847298958708794,0.0,0.4488139389022894,71.73680862820697,0.0,456.64354096422767,252.9075495565869,1.1842012022170205,0.08902378578485177,0.10766749805594769,0.03252729258312511,0.00017463378882498403,0.3324345841024029,101.0,0.0,0.0,12.716451061200603,71.73680862820697,457.09235490312994,False,False,0.0,0.0,False,0.0,0,0,0,True
268,100,0.0,108.47298958708794,101.26898682674144,101.7156612540115,117.75316477467067,10.847298958708794,0.0,0.4488139389022894,71.70944808169027,0.0,457.8525231460004,253.35422398385694,1.1839889634456537,0.08882889260822222,0.10764588666272489,0.034195990487990865,0.00021912720333985242,0.3319889983697889,101.0,0.0,0.0,12.716451061200603,71.70944808169027,458.3013370849027,False,False,0.0,0.0,False,0.0,0,0,0,True
269,100,0.0,108.47298958708794,101.28664196623134,101.7156612540115,117.75076728552598,10.847298958708794,0.0,0.4488139389022894,71.679102777594,0.0,459.06122502750577,253.7832432716371,1.183756644785424,0.08861559845005937,0.10762201109760557,0.035766296704907385,0.00025865786669256307,0.33157035262435497,101.0,0.0,0.0,12.716451061200603,71.679102777594,459.51003896640805,False,False,0.0,0.0,False,0.0,0,0,0,True
270,100,0.0,108.47298958708794,101.30631414527654,101.7156612540115,117.74890897952808,10.847298958708794,0.0,0.4488139389022894,71.64624783404662,0.0,460.26972135344215,254.19259038037202,1.1835061827189866,0.08838567046045842,0.10759614840305934,0.037232969258390154,0.00029351615129166416,0.33117987859677256,101.0,0.0,0.0,12.716451061200603,71.64624783404662,460.7185352923444,False,False,0.0,0.0,False,0.0,0,0,0,True
271,100,0.0,108.47298958708794,101.32774674985174,101.7156612540115,117.74748072090513,10.847298958708794,0.0,0.4488139389022894,71.6112594313692,0.0,461.47805991860525,254.58050488453176,1.1832395479655804,0.08814090723735783,0.10756857848276664,0.03859165088356183,0.00032402395586323253,0.33081858014208293,101.0,0.0,0.0,12.716451061200603,71.6112594313692,461.92687385750753,False,False,0.0,0.0,False,0.0,0,0,0,True
272,100,0.0,108.47298958708794,101.35070041350943,101.7156612540115,117.7463958303441,10.847298958708794,0.0,0.4488139389022894,71.57443514492708,0.0,462.68626875252426,254.94546572503387,1.1829587313048973,0.08788312599500156,0.10753958135622967,0.03983881237022348,0.0003504753860124983,0.33048724637756105,101.0,0.0,0.0,12.716451061200603,71.57443514492708,463.13508269142653,False,False,0.0,0.0,False,0.0,0,0,0,True
273,100,0.0,108.47298958708794,101.37494999424533,101.7156612540115,117.74558537863327,10.847298958708794,0.0,0.4488139389022894,71.53601000804977,0.0,463.8943618473149,255.28617698480002,1.1826657305777761,0.08761415080098585,0.10750943462341307,0.04097171555734939,0.00037312503267488073,0.3301864638057695,101.0,0.0,0.0,12.716451061200603,71.53601000804977,464.34317578621716,False,False,0.0,0.0,False,0.0,0,0,0,True
274,100,0.0,108.47298958708794,101.40028236945022,101.7156612540115,117.74499450188517,10.847298958708794,0.0,0.4488139389022894,71.49616923494874,0.0,465.1023437417257,255.60155586936133,1.1823625385448113,0.08733580158844308,0.10747841110834386,0.04198838287666286,0.0003921915279866335,0.3299166276103731,101.0,0.0,0.0,12.716451061200603,71.49616923494874,465.55115768062797,False,False,0.0,0.0,False,0.0,0,0,0,True
275,100,0.0,108.47298958708794,101.42649485615877,101.7156612540115,117.7445795025758,10.847298958708794,0.0,0.4488139389022894,71.4550583177607,0.0,466.31021317069343,255.89072226721402,1.18205113148777,0.08704988383600001,0.10744677667981556,0.04288756844718271,0.0004078649537686209,0.32967795230536534,101.0,0.0,0.0,12.716451061200603,71.4550583177607,466.7590271095957,False,False,0.0,0.0,False,0.0,0,0,0,True
276,100,0.0,108.47298958708794,101.45339410915129,101.7156612540115,117.74430556102516,10.847298958708794,0.0,0.4488139389022894,71.41279105179444,0.0,467.5179659418768,256.15298941207425,1.1817334585160117,0.08675817887903406,0.10741478825666072,0.043668728808379895,0.0004203142457829696,0.3294704818795253,101.0,0.0,0.0,12.716451061200603,71.41279105179444,467.9667798807791,False,False,0.0,0.0,False,0.0,0,0,0,True
277,100,0.0,108.47298958708794,101.48079538309143,101.7156612540115,117.74414492408147,10.847298958708794,0.0,0.4488139389022894,71.36945592171644,0.0,468.7255971693437,256.3878552829943,1.1814114315692679,0.0864624348427701,0.10738269200685768,0.04433199257453929,0.0004296934728534875,0.32929409954568567,101.0,0.0,0.0,12.716451061200603,71.36945592171644,469.174411108246,False,False,0.0,0.0,False,0.0,0,0,0,True
278,100,0.0,108.47298958708794,101.50852207027667,101.7156612540115,117.74407546854667,10.847298958708794,0.0,0.4488139389022894,71.3251211882352,0.0,469.93310297093296,256.59499446672913,1.1810869161186648,0.0861643581977976,0.10735072174873327,0.04487812877172262,0.00043614681982058115,0.329148537178645,101.0,0.0,0.0,12.716451061200603,71.3251211882352,470.38191690983524,False,False,0.0,0.0,False,0.0,0,0,0,True
279,100,0.0,108.47298958708794,101.53640544494917,101.7156612540115,117.74407955993068,10.847298958708794,0.0,0.4488139389022894,71.27983894272137,0.0,471.14048171721294,256.7742502757915,1.1807617225709863,0.08586560594184298,0.10731909756048959,0.04530851382330506,0.00043981240196697136,0.32903338450528574,101.0,0.0,0.0,12.716451061200603,71.27983894272137,471.5892956561152,False,False,0.0,0.0,False,0.0,0,0,0,True
280,100,0.0,108.47298958708794,101.56428455997843,101.7156612540115,117.74414314461804,10.847298958708794,0.0,0.4488139389022894,71.23364834102249,0.0,472.34773490519376,256.9256269698245,1.1804375983811681,0.08556777841200927,0.10728802460190577,0.04562509724718648,0.000440825106746719,0.3289480980945577,101.0,0.0,0.0,12.716451061200603,71.23364834102249,472.79654884409604,False,False,0.0,0.0,False,0.0,0,0,0,True
281,100,0.0,108.47298958708794,101.59200625320553,101.7156612540115,117.74425502693626,10.847298958708794,0.0,0.4488139389022894,71.18657818375682,0.0,473.55486771818005,257.04928197063055,1.180116220876569,0.08527241273073587,0.1072576921496062,0.04583036618050098,0.00043931865101890183,0.32889201018257486,101.0,0.0,0.0,12.716451061200603,71.18657818375682,474.0036816570823,False,False,0.0,0.0,False,0.0,0,0,0,True
282,100,0.0,108.47298958708794,101.61942522967536,101.7156612540115,117.74440629296764,10.847298958708794,0.0,0.4488139389022894,71.13864897580353,0.0,474.7618893237478,257.14551799496667,1.1797991907943943,0.08498097688707204,0.10722827284485698,0.045927308879915085,0.0004354270140051934,0.32886433735845405,101.0,0.0,0.0,12.716451061200603,71.13864897580353,475.2107032626501,False,False,0.0,0.0,False,0.0,0,0,0,True
283,100,0.0,108.47298958708794,101.6464041929912,101.7156612540115,117.74458985099604,10.847298958708794,0.0,0.4488139389022894,71.08987457044323,0.0,475.96881295428636,257.21477505598693,1.1794880265310685,0.08469486445279006,0.10719992215049991,0.04591937736671191,0.00042928537657997777,0.3288641891291491,101.0,0.0,0.0,12.716451061200603,71.08987457044323,476.41762689318864,False,False,0.0,0.0,False,0.0,0,0,0,True
284,100,0.0,108.47298958708794,101.67281400456031,101.7156612540115,117.74480006476502,10.847298958708794,0.0,0.4488139389022894,71.04026348204789,0.0,477.1756558084476,257.25762230543813,1.1791841590995458,0.08441538993056268,0.1071727780114062,0.04581044939971843,0.00042103067171007176,0.3288905763758764,101.0,0.0,0.0,12.716451061200603,71.04026348204789,477.62446974734985,False,False,0.0,0.0,False,0.0,0,0,0,True
285,100,0.0,108.47298958708794,101.69853385391067,101.7156612540115,117.74503246066352,10.847298958708794,0.0,0.4488139389022894,70.9898199341316,0.0,478.38243880689214,257.27474970553897,1.1788889277876429,0.08414378472898358,0.10714696071074173,0.045604789967475565,0.00041080182994331787,0.32894241971046584,101.0,0.0,0.0,12.716451061200603,70.9898199341316,478.8312527457944,False,False,0.0,0.0,False,0.0,0,0,0,True
286,100,0.0,108.47298958708794,101.72345142678894,101.7156612540115,117.74528349383989,10.847298958708794,0.0,0.4488139389022894,70.93854469601048,0.0,479.58918623162504,257.2669595327615,1.1786035765075242,0.08388119375670758,0.10712257291242139,0.04530701249503418,0.00039873978713381744,0.32901855773669497,101.0,0.0,0.0,12.716451061200603,70.93854469601048,480.0380001705273,False,False,0.0,0.0,False,0.0,0,0,0,True
287,100,0.0,108.47298958708794,101.747463060604,101.7156612540115,117.74555036131966,10.847298958708794,0.0,0.4488139389022894,70.88643575053854,0.0,480.7959252748023,257.235157726169,1.1783292508235779,0.08362867262549085,0.1070996998784078,0.0449220399610402,0.00038498730848056666,0.32911775521917636,101.0,0.0,0.0,12.716451061200603,70.88643575053854,481.2447392137046,False,False,0.0,0.0,False,0.0,0,0,0,True
288,100,0.0,108.47298958708794,101.77047387909789,101.7156612540115,117.74583085263225,10.847298958708794,0.0,0.4488139389022894,70.83348882680355,0.0,482.0026855199808,257.1803451010826,1.1780669956431231,0.08338718544946237,0.10707840984799848,0.044455066118027645,0.00036968867255526724,0.3292387111604006,101.0,0.0,0.0,12.716451061200603,70.83348882680355,482.45149945888306,False,False,0.0,0.0,False,0.0,0,0,0,True
289,100,0.0,108.47298958708794,101.79239790002455,101.7156612540115,117.74612323038654,10.847298958708794,0.0,0.4488139389022894,70.77969782483072,0.0,483.20949837626586,257.10360845506955,1.177817753551709,0.08315760322560828,0.10705875456496813,0.043911517003528105,0.00035298925079082133,0.32938006678495063,101.0,0.0,0.0,12.716451061200603,70.77969782483072,483.65831231516813,False,False,0.0,0.0,False,0.0,0,0,0,True
290,100,0.0,108.47298958708794,101.8131581111794,101.7156612540115,117.74642613476426,10.847298958708794,0.0,0.4488139389022894,70.72505515389685,0.0,484.4163964835884,257.0061115979016,1.1775823637722882,0.0829407027782227,0.10704076993739707,0.04329701292225328,0.00033503501132248187,0.3295404134285275,101.0,0.0,0.0,12.716451061200603,70.72505515389685,484.8652104224907,False,False,0.0,0.0,False,0.0,0,0,0,True
291,100,0.0,108.47298958708794,101.83268651141954,101.7156612540115,117.74673850712473,10.847298958708794,0.0,0.4488139389022894,70.6695520017101,0.0,485.62341310533577,256.88908634049363,1.1773615617252484,0.08273716624800465,0.10702447681422983,0.042617331070570794,0.00031597197082787725,0.3297183003281824,101.0,0.0,0.0,12.716451061200603,70.6695520017101,486.07222704423805,False,False,0.0,0.0,False,0.0,0,0,0,True
292,100,0.0,108.47298958708794,101.85092411439582,101.7156612540115,117.74705952888291,10.847298958708794,0.0,0.4488139389022894,70.61317854824652,0.0,486.83058152272133,256.7538234801093,1.1771559791642061,0.08254758110457747,0.10700988186208059,0.04187836896418841,0.00029594561373961754,0.3299122423089296,101.0,0.0,0.0,12.716451061200603,70.61317854824652,487.2793954616236,False,False,0.0,0.0,False,0.0,0,0,0,True
293,100,0.0,108.47298958708794,101.86782091362939,101.7156612540115,117.74738857260226,10.847298958708794,0.0,0.4488139389022894,70.55592413526753,0.0,488.0379344435739,256.60166382049135,1.176966144860625,0.08237244065948823,0.1069969785255242,0.041086108818631846,0.00027510029478755116,0.33012072736069525,101.0,0.0,0.0,12.716451061200603,70.55592413526753,488.48674838247615,False,False,0.0,0.0,False,0.0,0,0,0,True
294,100,0.0,108.47298958708794,101.94943005835142,101.7156612540115,117.82411103621776,10.847298958708794,0.0,0.4488139389022894,70.57416327370063,0.0,489.32188930996756,256.36789501615146,1.176792485808711,0.0822121450552189,0.10698574805408308,0.03955992307173075,0.0009024679738475151,0.330592056473028,101.0,0.0,0.0,12.716451061200603,70.57416327370063,489.77070324886984,False,False,0.0,0.0,False,0.0,0,0,0,True
295,100,0.0,108.47298958708794,101.97080259514733,101.7156612540115,117.83385968796665,10.847298958708794,0.0,0.4488139389022894,70.60254254985968,0.0,490.5858124330126,256.1127536750156,1.176645620305123,0.08207640477541009,0.10697755933495115,0.03818048308452525,0.0005467188347817653,0.33092384237645517,101.0,0.0,0.0,12.716451061200603,70.60254254985968,491.0346263719149,False,False,0.0,0.0,False,0.0,0,0,0,True
296,100,0.0,108.47298958708794,101.97841882469824,101.7156612540115,117.83009547441281,10.847298958708794,0.0,0.4488139389022894,70.62776674697477,0.0,491.83512224945,255.8499961043289,1.1765227148700976,0.08196265013634221,0.10697188430395585,0.03694625891249213,0.0002777844470869716,0.33122700482967204,101.0,0.0,0.0,12.716451061200603,70.62776674697477,492.2839361883523,False,False,0.0,0.0,False,0.0,0,0,0,True
297,100,0.0,108.47298958708794,101.986406306386,101.7156612540115,117.82888125170624,10.847298958708794,0.0,0.4488139389022894,70.6523181350848,0.0,493.08227575815243,255.57925105195434,1.1764210278389713,0.08186839104521242,0.1069682395950259,0.03574449587528942,0.00018019655011641085,0.33154023241776054,101.0,0.0,0.0,12.716451061200603,70.6523181350848,493.5310896970547,False,False,0.0,0.0,False,0.0,0,0,0,True
298,100,0.0,108.47298958708794,101.99287052671292,101.7156612540115,117.82793537178138,10.847298958708794,0.0,0.4488139389022894,70.67645061575794,0.0,494.32897444106686,255.30204177925296,1.176339574017961,0.08179273812520686,0.10696641066389251,0.03455143842512971,0.00012855269877570002,0.33185680611783624,101.0,0.0,0.0,12.716451061200603,70.67645061575794,494.77778837996914,False,False,0.0,0.0,False,0.0,0,0,0,True
299,100,0.0,108.47298958708794,101.99781659332113,101.7156612540115,117.82720789611342,10.847298958708794,0.0,0.4488139389022894,70.70037360179643,0.0,495.5756930341247,255.01988643994335,1.1762777485947147,0.0817351475679217,0.10696624965385376,0.03336183058560928,9.772093779556978e-05,0.33217514128850273,101.0,0.0,0.0,12.716451061200603,70.70037360179643,496.024506973027,False,False,0.0,0.0,False,0.0,0,0,0,True
300,100,0.0,108.47298958708794,102.00121191596348,101.7156612540115,117.82661391324177,10.847298958708794,0.0,0.4488139389022894,70.72421608939099,0.0,496.82254982480083,254.73433577799136,1.1762350406243314,0.08169515994238849,0.10696763223551564,0.03217774440385607,7.347342023982272e-05,0.33249350318616955,101.0,0.0,0.0,12.716451061200603,70.72421608939099,497.2713637637031,False,False,0.0,0.0,False,0.0,0,0,0,True
301,100,0.0,108.47298958708794,102.00307095149176,101.7156612540115,117.82612046847903,10.847298958708794,0.0,0.4488139389022894,70.74807688882704,0.0,498.0695929857445,254.44692608051108,1.176210920877958,0.08167229793076972,0.10697044089222156,0.031003597764691092,5.111304837849405e-05,0.3328102877192053,101.0,0.0,0.0,12.716451061200603,70.74807688882704,498.5184069246468,False,False,0.0,0.0,False,0.0,0,0,0,True
302,100,0.0,108.47298958708794,102.00342130491327,101.7156612540115,117.8257039986055,10.847298958708794,0.0,0.4488139389022894,70.77203336804021,0.0,499.31684684032007,254.15916602960928,1.1762048070879825,0.081666034616238,0.10697455989146801,0.02984451527252723,2.977888505757176e-05,0.3331239438952112,101.0,0.0,0.0,12.716451061200603,70.77203336804021,499.76566077922234,False,False,0.0,0.0,False,0.0,0,0,0,True
303,100,0.0,108.47298958708794,102.00230166736432,101.7156612540115,117.8253470391046,10.847298958708794,0.0,0.4488139389022894,70.79614709107975,0.0,500.5643233978433,253.87252561625647,1.1762160546095914,0.08167578493812715,0.10697987410195582,0.02870570186920774,3.1624723683748365e-05,0.33343298049384873,101.0,0.0,0.0,12.716451061200603,70.79614709107975,501.01313733674556,False,False,0.0,0.0,False,0.0,0,0,0,True
304,100,0.0,108.47298958708794,101.99975994574382,101.7156612540115,117.82503609978866,10.847298958708794,0.0,0.4488139389022894,70.82046745322171,0.0,501.8120254123283,253.58842692452416,1.1762439566981535,0.08170090591880186,0.10698626921054892,0.02759220051054271,4.2755210476955004e-05,0.3337359714466521,101.0,0.0,0.0,12.716451061200603,70.82046745322171,502.2608393512306,False,False,0.0,0.0,False,0.0,0,0,0,True
305,100,0.0,108.47298958708794,101.99585206841056,101.7156612540115,117.82476068272936,10.847298958708794,0.0,0.4488139389022894,70.84503441203694,0.0,503.05994777828255,253.3082361101251,1.1762877484091439,0.08174070020335786,0.10699363240008132,0.02650879190357458,5.3151375596770916e-05,0.33403156197848227,101.0,0.0,0.0,12.716451061200603,70.84503441203694,503.5087617171848,False,False,0.0,0.0,False,0.0,0,0,0,True
306,100,0.0,108.47298958708794,101.99064091790557,101.7156612540115,117.82451259103826,10.847298958708794,0.0,0.4488139389022894,70.86988058585966,0.0,504.30807849472126,253.03325644623106,1.1763466119014503,0.0817944208913867,0.10700185313644545,0.02545994922544113,7.154262256929448e-05,0.3343184741393521,101.0,0.0,0.0,12.716451061200603,70.86988058585966,504.75689243362353,False,False,0.0,0.0,False,0.0,0,0,0,True
307,100,0.0,108.47298958708794,101.98419536420226,101.7156612540115,117.82428541326586,10.847298958708794,0.0,0.4488139389022894,70.89503288169644,0.0,505.55639948824546,252.76472233604028,1.1764196822850173,0.08186127687848752,0.10701082392975515,0.024449815005018444,9.11746927485009e-05,0.33459551173612373,101.0,0.0,0.0,12.716451061200603,70.89503288169644,506.00521342714774,False,False,0.0,0.0,False,0.0,0,0,0,True
308,100,0.0,108.47298958708794,101.97658937928053,101.7156612540115,117.8240741266286,10.847298958708794,0.0,0.4488139389022894,70.92051376130398,0.0,506.80488736991003,252.50379421077125,1.1765060536671559,0.0819404383924283,0.1070204410179524,0.023482187757549056,0.00010968130530841234,0.33486156466849787,101.0,0.0,0.0,12.716451061200603,70.92051376130398,507.2537013088123,False,False,0.0,0.0,False,0.0,0,0,0,True
309,100,0.0,108.47298958708794,101.96790122107063,101.7156612540115,117.82387478961941,10.847298958708794,0.0,0.4488139389022894,70.9463422270523,0.0,508.0535141530131,252.25155424371212,1.1766047852466115,0.08203104258597224,0.1070306049540256,0.022560513617708805,0.0001269944448067766,0.33511561267868917,101.0,0.0,0.0,12.716451061200603,70.9463422270523,508.5023280919154,False,False,0.0,0.0,False,0.0,0,0,0,True
310,100,0.0,108.47298958708794,101.95821267601646,101.7156612540115,117.82368430328499,10.847298958708794,0.0,0.4488139389022894,70.97253459022647,0.0,509.3022479446247,252.00900282170716,1.176714907379609,0.08213219911663612,0.10704122109138745,0.02168788111726818,0.00014305744823870528,0.3353567285152302,101.0,0.0,0.0,12.716451061200603,70.97253459022647,509.751061883527,False,False,0.0,0.0,False,0.0,0,0,0,True
311,100,0.0,108.47298958708794,101.94760835147459,101.7156612540115,117.82350022565211,10.847298958708794,0.0,0.4488139389022894,70.99910507024434,0.0,510.5510536175625,251.77705572424406,1.1768354275718875,0.08224299567062043,0.10705219996779579,0.020867018354264622,0.00015782466861925123,0.33558408050745026,101.0,0.0,0.0,12.716451061200603,70.99910507024434,510.9998675564648,False,False,0.0,0.0,False,0.0,0,0,0,True
312,100,0.0,108.47298958708794,101.93617501119836,101.7156612540115,117.82332062738725,10.847298958708794,0.0,0.4488139389022894,71.0260662623969,0.0,511.7998934659163,251.55654196705717,1.1769653363632213,0.08236250339944022,0.10706345759105361,0.020100292218351353,0.0001712608919411105,0.3357969345463586,101.0,0.0,0.0,12.716451061200603,71.0260662623969,512.2487074048186,False,False,0.0,0.0,False,0.0,0,0,0,True
313,100,0.0,108.47298958708794,101.92400094895619,101.7156612540115,117.82314397947923,10.847298958708794,0.0,0.4488139389022894,71.05342950331007,0.0,513.0487278447757,251.3482022721125,1.177103613076878,0.08248978224309458,0.10707491563134577,0.019389709494858832,0.00018334071540478746,0.33599465546879087,101.0,0.0,0.0,12.716451061200603,71.05342950331007,513.497541783678,False,False,0.0,0.0,False,0.0,0,0,0,True
314,100,0.0,108.47298958708794,101.9111753967995,101.7156612540115,117.82296906581028,10.847298958708794,0.0,0.4488139389022894,71.0812051568219,0.0,514.2975157930897,251.15268812932447,1.1772492314098468,0.08262388611664022,0.10708650152613228,0.01873691972892097,0.000194047950790931,0.3361767078440564,101.0,0.0,0.0,12.716451061200603,71.0812051568219,514.746329731992,False,False,0.0,0.0,False,0.0,0,0,0,True
315,100,0.0,108.47298958708794,101.89778796562226,101.7156612540115,117.82279491507684,10.847298958708794,0.0,0.4488139389022894,71.10940283791703,0.0,515.5462156373828,250.97056141771372,1.1774011648421057,0.08276386793918608,0.10709814850428612,0.01814321975213342,0.0002033750658593333,0.33634265616548864,101.0,0.0,0.0,12.716451061200603,71.10940283791703,515.9950295762851,False,False,0.0,0.0,False,0.0,0,0,0,True
316,100,0.0,108.47298958708794,101.88392811650087,101.7156612540115,117.82262074776325,10.847298958708794,0.0,0.4488139389022894,71.13803158844104,0.0,516.7947855732679,250.80229455522434,1.17755839184523,0.08290878448614128,0.10710979553673208,0.017609559780919253,0.00021132266013200365,0.3364921644530605,101.0,0.0,0.0,12.716451061200603,71.13803158844104,517.2435995121701,False,False,0.0,0.0,False,0.0,0,0,0,True
317,100,0.0,108.47298958708794,101.86968466191638,101.7156612540115,117.82244593482775,10.847298958708794,0.0,0.4488139389022894,71.16710001527244,0.0,518.0431842212178,250.64827114731943,1.1777199008725248,0.08305770104722936,0.10712138722125655,0.017136550997071485,0.0002178989674462309,0.3366249952773522,101.0,0.0,0.0,12.716451061200603,71.16710001527244,518.49199816012,False,False,0.0,0.0,False,0.0,0,0,0,True
318,100,0.0,108.47298958708794,101.85514529639167,101.7156612540115,117.82226996550361,10.847298958708794,0.0,0.4488139389022894,71.19661639926171,0.0,519.2913711528576,250.5087871049393,1.177884695114664,0.08320969587440645,0.10713287360943453,0.016724474520223524,0.00022311937788577793,0.3367410082195176,101.0,0.0,0.0,12.716451061200603,71.19661639926171,519.7401850917598,False,False,0.0,0.0,False,0.0,0,0,0,True
319,100,0.0,108.47298958708794,101.84039615636786,101.7156612540115,117.82209242219577,10.847298958708794,0.0,0.4488139389022894,71.22658878140474,0.0,520.5393073840211,250.38405220258292,1.1780517970065727,0.08336386440541943,0.10714420998376822,0.01637329168058948,0.0002270059731239144,0.33684015778635007,101.0,0.0,0.0,12.716451061200603,71.22658878140474,520.9881213229233,False,False,0.0,0.0,False,0.0,0,0,0,True
320,100,0.0,108.47298958708794,101.82552140932398,101.7156612540115,117.82191296090008,10.847298958708794,0.0,0.4488139389022894,71.25702503128578,0.0,521.7869558309812,250.27419204727047,1.1782202524730088,0.08351932325031985,0.1071553565931635,0.016082655498765155,0.00022958707079796602,0.3369224908039617,101.0,0.0,0.0,12.716451061200603,71.25702503128578,522.2357697698835,False,False,0.0,0.0,False,0.0,0,0,0,True
321,100,0.0,108.47298958708794,101.81060287224572,101.7156612540115,117.82173129592267,10.847298958708794,0.0,0.4488139389022894,71.28793290170856,0.0,523.0342817265469,250.17925042903624,1.1783891349020006,0.08367521392981561,0.10716627835479034,0.015851923277850025,0.00023089677488170808,0.33698814331787275,101.0,0.0,0.0,12.716451061200603,71.28793290170856,523.4830956654491,False,False,0.0,0.0,False,0.0,0,0,0,True
322,100,0.0,108.47298958708794,101.79571965958081,101.7156612540115,117.82154718794324,10.847298958708794,0.0,0.4488139389022894,71.31932007256289,0.0,524.2812529930999,250.09919202346694,1.1785575488369475,0.08383070635589314,0.10717694453019237,0.015680170211835202,0.00023097453019009688,0.33703733703131517,101.0,0.0,0.0,12.716451061200603,71.31932007256289,524.7300669320022,False,False,0.0,0.0,False,0.0,0,0,0,True
323,100,0.0,108.47298958708794,101.78094786081192,101.7156612540115,117.82136043468108,10.847298958708794,0.0,0.4488139389022894,71.35119418629986,0.0,525.5278405701102,250.03390541666647,1.1787246333798251,0.08398500204667729,0.10718732838323779,0.015566203913040536,0.00022986467996394437,0.3370703753172388,101.0,0.0,0.0,12.716451061200603,71.35119418629986,525.9766545090125,False,False,0.0,0.0,False,0.0,0,0,0,True
324,100,0.0,108.47298958708794,101.75875128858138,101.7156612540115,117.81236150385085,10.847298958708794,0.0,0.4488139389022894,71.3747535171229,0.0,526.7652093344418,249.99081538209663,1.1788895652995333,0.08413733706900794,0.10719740682714855,0.01558658900332984,0.00030236791088754416,0.33705817327152615,101.0,0.0,0.0,12.716451061200603,71.3747535171229,527.2140232733441,False,False,0.0,0.0,False,0.0,0,0,0,True
325,100,0.0,108.47298958708794,101.73788822608816,101.7156612540115,117.80449316937268,10.847298958708794,0.0,0.4488139389022894,71.39095019237779,0.0,527.9979420885417,249.96858841001995,1.1790503924929268,0.0842859165644629,0.10720699990766405,0.015699056797718484,0.0003165675963694426,0.33702630519544585,101.0,0.0,0.0,12.716451061200603,71.39095019237779,528.4467560274439,False,False,0.0,0.0,False,0.0,0,0,0,True
326,100,0.0,108.47298958708794,101.71920659822158,101.7156612540115,117.79860959941526,10.847298958708794,0.0,0.4488139389022894,71.40161094409832,0.0,529.2283670387684,249.96504306580988,1.1792058421878866,0.08442956539741261,0.10721602638824324,0.015875677842410552,0.00030049123497730954,0.33697954105560435,101.0,0.0,0.0,12.716451061200603,71.40161094409832,529.6771809776707,False,False,0.0,0.0,False,0.0,0,0,0,True
327,100,0.0,108.47298958708794,101.70224609901888,101.7156612540115,117.79409426551706,10.847298958708794,0.0,0.4488139389022894,71.4079851849441,0.0,530.4571293985974,249.9784582208025,1.1793550896062919,0.08456751767296236,0.10722446584924249,0.016105208978297578,0.0002775520199278161,0.3369185390056009,101.0,0.0,0.0,12.716451061200603,71.4079851849441,530.9059433374997,False,False,0.0,0.0,False,0.0,0,0,0,True
328,100,0.0,108.47298958708794,101.68677870176907,101.7156612540115,117.79061795908808,10.847298958708794,0.0,0.4488139389022894,71.4110199364542,0.0,531.6845428481702,250.00734077304492,1.1794974970318208,0.08469917892116208,0.10723231896687087,0.016381470233231044,0.00025428775288150775,0.3368443448155489,101.0,0.0,0.0,12.716451061200603,71.4110199364542,532.1333567870724,False,False,0.0,0.0,False,0.0,0,0,0,True
329,100,0.0,108.47298958708794,101.6726424812497,101.7156612540115,117.78793861529961,10.847298958708794,0.0,0.4488139389022894,71.4114404822669,0.0,532.9108134936369,250.0503595458068,1.1796325334011228,0.08482405285741772,0.10723959493952179,0.01670008676081139,0.0002325116860372797,0.33675800787599874,101.0,0.0,0.0,12.716451061200603,71.4114404822669,533.3596274325391,False,False,0.0,0.0,False,0.0,0,0,0,True
330,100,0.0,108.47298958708794,101.659720426142,101.7156612540115,117.78587393234213,10.847298958708794,0.0,0.4488139389022894,71.40980537174299,0.0,534.1360970865529,250.10630037367628,1.179759744684577,0.08494171442519285,0.10724630671497812,0.01705731209075456,0.00021246480167793646,0.33666057242833897,101.0,0.0,0.0,12.716451061200603,71.40980537174299,534.5849110254552,False,False,0.0,0.0,False,0.0,0,0,0,True
331,100,0.0,108.47298958708794,101.6479263724892,101.7156612540115,117.78428401095252,10.847298958708794,0.0,0.4488139389022894,71.4065452437178,0.0,535.3605169098556,250.17403525519862,1.1798787426280888,0.08505179956650846,0.10725246907101442,0.017449615670827458,0.00019393355958362447,0.33655307266839757,101.0,0.0,0.0,12.716451061200603,71.4065452437178,535.8093308487579,False,False,0.0,0.0,False,0.0,0,0,0,True
332,100,0.0,108.47298958708794,101.63719649437263,101.7156612540115,117.78306104927489,10.847298958708794,0.0,0.4488139389022894,71.40199217842863,0.0,536.5841730635757,250.25250001483747,1.1799891999532863,0.08515400087345541,0.10725809772477408,0.017873536692978323,0.00017661649196700993,0.33643653367530724,101.0,0.0,0.0,12.716451061200603,71.40199217842863,537.032987002478,False,False,0.0,0.0,False,0.0,0,0,0,True
333,100,0.0,108.47298958708794,101.6274830069852,101.7156612540115,117.78212181790656,10.847298958708794,0.0,0.4488139389022894,71.39640215450078,0.0,537.8071487053676,250.34067826186376,1.1800908478678758,0.0852480653404258,0.10726320883444411,0.018325636946152933,0.0001602406637739887,0.33631197144091163,101.0,0.0,0.0,12.716451061200603,71.39640215450078,538.2559626442699,False,False,0.0,0.0,False,0.0,0,0,0,True
334,100,0.0,108.47298958708794,101.61874941998818,101.7156612540115,117.78140200002392,10.847298958708794,0.0,0.4488139389022894,71.38997232807668,0.0,539.0295146582076,250.43759009588706,1.1801834743464124,0.08533379281320097,0.10726781866144476,0.018802490922941107,0.00014459038255982946,0.3361803919137954,101.0,0.0,0.0,12.716451061200603,71.38997232807668,539.4783285971099,False,False,0.0,0.0,False,0.0,0,0,0,True
335,100,0.0,108.47298958708794,101.61096693248442,101.7156612540115,117.78085186832573,10.847298958708794,0.0,0.4488139389022894,71.38285435976881,0.0,540.2513328733505,250.54228441741418,1.1802669226052953,0.08541103460889723,0.10727194331068425,0.019300690210970656,0.00012950685040724147,0.33604278921224323,101.0,0.0,0.0,12.716451061200603,71.38285435976881,540.7001468122528,False,False,0.0,0.0,False,0.0,0,0,0,True
336,100,0.0,108.47298958708794,101.60411169964196,101.7156612540115,117.78043296572768,10.847298958708794,0.0,0.4488139389022894,71.37516470835814,0.0,541.4726590212974,250.6538339717837,1.180341089553976,0.08547969210727617,0.10727559852083575,0.019816853421165553,0.00011487951084644527,0.33590014324070283,101.0,0.0,0.0,12.716451061200603,71.37516470835814,541.9214729601997,False,False,0.0,0.0,False,0.0,0,0,0,True
337,100,0.0,108.47298958708794,101.59816276949259,101.7156612540115,117.78011554911406,10.847298958708794,0.0,0.4488139389022894,71.36699258918813,0.0,542.6935444040618,250.7713324563026,1.1804059241406033,0.08553971523826036,0.10727879949596905,0.020347638236703457,0.0001006362391810459,0.3357534169075565,101.0,0.0,0.0,12.716451061200603,71.36699258918813,543.142358342964,False,False,0.0,0.0,False,0.0,0,0,0,True
338,100,0.0,108.47298958708794,101.59310053718207,101.7156612540115,117.77987661692333,10.847298958708794,0.0,0.4488139389022894,71.35840613096433,0.0,543.9140373373527,250.89389317313203,1.1804614255632557,0.08559110083898461,0.10728156077620182,0.02088975417979931,8.673459221824971e-05,0.3356035531048806,101.0,0.0,0.0,12.716451061200603,71.35840613096433,544.362851276255,False,False,0.0,0.0,False,0.0,0,0,0,True
339,100,0.0,108.47298958708794,101.58890560003468,101.7156612540115,117.77969838513039,10.847298958708794,0.0,0.4488139389022894,71.3494571406859,0.0,545.1341841194417,251.02064882710886,1.1805076413394047,0.08563389087353257,0.10728389614660204,0.021439975464312068,7.315459895786429e-05,0.3354514715787875,101.0,0.0,0.0,12.716451061200603,71.3494571406859,545.582998058344,False,False,0.0,0.0,False,0.0,0,0,0,True
340,100,0.0,108.47298958708794,101.58555792398002,101.7156612540115,117.77956710852307,10.847298958708794,0.0,0.4488139389022894,71.34018479212847,0.0,546.3540296790245,251.1507521571403,1.1805446652356806,0.08566817051731564,0.10728581858347737,0.021995153605918645,5.989300736542181e-05,0.33529806579249993,101.0,0.0,0.0,12.716451061200603,71.34018479212847,546.8028436179268,False,False,0.0,0.0,False,0.0,0,0,0,True
341,100,0.0,108.47298958708794,101.58303625246225,101.7156612540115,117.77947216840403,10.847298958708794,0.0,0.4488139389022894,71.33061848119833,0.0,547.5736179752653,251.28337715868955,1.180572635064704,0.08569406611250374,0.10728734023659575,0.022552229589159693,4.6958753645818285e-05,0.335144199862525,101.0,0.0,0.0,12.716451061200603,71.33061848119833,548.0224319141676,False,False,0.0,0.0,False,0.0,0,0,0,True
342,100,0.0,108.47298958708794,101.58131770456924,101.7156612540115,117.7794053661621,10.847298958708794,0.0,0.4488139389022894,71.32078003614653,0.0,548.7929922081604,251.4177207081318,1.1805917303584228,0.08571174300351828,0.10728847244520341,0.023108245451199095,3.4369412912402e-05,0.3349907056303374,101.0,0.0,0.0,12.716451061200603,71.32078003614653,549.2418061470627,False,False,0.0,0.0,False,0.0,0,0,0,True
343,100,0.0,108.47298958708794,101.5803775210299,101.7156612540115,117.77936037609675,10.847298958708794,0.0,0.4488139389022894,71.31068542804636,0.0,550.0121948855274,251.55300444111344,1.180602169929147,0.08572140326330946,0.10728922578509292,0.023660355176353193,2.214842360167464e-05,0.3348383799172149,101.0,0.0,0.0,12.716451061200603,71.31068542804636,550.4610088244297,False,False,0.0,0.0,False,0.0,0,0,0,True
344,100,0.0,108.47298958708794,101.58018892583743,101.7156612540115,117.77933232153038,10.847298958708794,0.0,0.4488139389022894,71.3003460940973,0.0,551.2312677835741,251.68847676928743,1.1806042093306703,0.08572328332234991,0.10728961014346437,0.02420583481866343,1.0322918035046149e-05,0.33468798199773003,101.0,0.0,0.0,12.716451061200603,71.3003460940973,551.6800817224764,False,False,0.0,0.0,False,0.0,0,0,0,True
345,100,0.0,108.47298958708794,101.58072307825437,101.7156612540115,117.77931744641687,10.847298958708794,0.0,0.4488139389022894,71.28976996094197,0.0,552.4502518306247,251.8234149450446,1.1805981382327437,0.08571765151313282,0.10728963481792689,0.024742091787713118,5.935409023338401e-06,0.33454023131744914,101.0,0.0,0.0,12.716451061200603,71.28976996094197,552.8990657695269,False,False,0.0,0.0,False,0.0,0,0,0,True
346,100,0.0,108.47298958708794,101.5819490953483,101.7156612540115,117.77931286095014,10.847298958708794,0.0,0.4488139389022894,71.27896223555435,0.0,553.6691869377155,251.95712710370782,1.1805842777227344,0.08570480554356094,0.10728930863570257,0.025266673247747402,1.4747460293690827e-05,0.33439580547226927,101.0,0.0,0.0,12.716451061200603,71.27896223555435,554.1180008766178,False,False,0.0,0.0,False,0.0,0,0,0,True
347,100,0.0,108.47298958708794,101.5838341293674,101.7156612540115,117.77931634452268,10.847298958708794,0.0,0.4488139389022894,71.26792601606414,0.0,554.8881117951084,252.0889542283519,1.1805629775486872,0.08568506991299026,0.10728864008890916,0.025777273592993116,2.324468383427446e-05,0.3342553384601721,101.0,0.0,0.0,12.716451061200603,71.26792601606414,555.3369257340107,False,False,0.0,0.0,False,0.0,0,0,0,True
348,100,0.0,108.47298958708794,101.58634348749601,101.7156612540115,117.77932619314004,10.847298958708794,0.0,0.4488139389022894,71.25666276310464,0.0,556.1070636500219,252.21827199486737,1.1805346133181862,0.08565879328488568,0.10728763748170923,0.026271740973243845,3.243746807276491e-05,0.3341194192108019,101.0,0.0,0.0,12.716451061200603,71.25666276310464,556.5558775889242,False,False,0.0,0.0,False,0.0,0,0,0,True
349,100,0.0,108.47298958708794,101.5894407840326,101.7156612540115,117.7793411012927,10.847298958708794,0.0,0.4488139389022894,71.24517266315112,0.0,557.3260780778573,252.34449246484624,1.1804995836674372,0.08562634583008388,0.10728630908510803,0.026748082853686607,4.1849208174150185e-05,0.3339885903939034,101.0,0.0,0.0,12.716451061200603,71.24517266315112,557.7748920167596,False,False,0.0,0.0,False,0.0,0,0,0,True
350,100,0.0,108.47298958708794,101.5930881169859,101.7156612540115,117.77936007053702,10.847298958708794,0.0,0.4488139389022894,71.23345490823752,0.0,558.5451887567384,252.4670656018719,1.1804583074148993,0.08558811655455652,0.10728466329525792,0.027204470601728748,5.069798245630379e-05,0.3338633475041558,101.0,0.0,0.0,12.716451061200603,71.23345490823752,558.9940026956407,False,False,0.0,0.0,False,0.0,0,0,0,True
351,100,0.0,108.47298958708794,101.59724626260883,101.7156612540115,117.77938233877549,10.847298958708794,0.0,0.4488139389022894,71.221507910958,0.0,559.7644272531568,252.58548059327455,1.1804112207135606,0.08554451062535162,0.10728270879127143,0.02763924310142904,5.896211413274675e-05,0.33374413821714166,101.0,0.0,0.0,12.716451061200603,71.221507910958,560.2132411920591,False,False,0.0,0.0,False,0.0,0,0,0,True
352,100,0.0,108.47298958708794,101.60187488258399,101.7156612540115,117.77940732557649,10.847298958708794,0.0,0.4488139389022894,71.20932946940307,0.0,560.9838228248384,252.69926696470208,1.1803587742156323,0.08549594670806851,0.10728045468875225,0.028050909403182188,6.662278665183e-05,0.3336313620089749,101.0,0.0,0.0,12.716451061200603,71.20932946940307,561.4326367637407,False,False,0.0,0.0,False,0.0,0,0,0,True
353,100,0.0,108.47298958708794,101.60693273951776,101.7156612540115,117.77943458992195,10.847298958708794,0.0,0.4488139389022894,71.19691689338316,0.0,562.2034022455407,252.8079954791958,1.1803014302630301,0.08544285432881246,0.10727791068551545,0.02843815042260738,7.366422740769344e-05,0.33352537003040217,101.0,0.0,0.0,12.716451061200603,71.19691689338316,562.652216184443,False,False,0.0,0.0,False,0.0,0,0,0,True
354,100,0.0,108.47298958708794,101.61237791714228,101.7156612540115,117.77946379758079,10.847298958708794,0.0,0.4488139389022894,71.18426710073528,0.0,563.4231896552993,252.911278816065,1.1802396601165255,0.08538567127309005,0.10727508719627843,0.028799819708306085,8.007382859512553e-05,0.33342646522485264,101.0,0.0,0.0,12.716451061200603,71.18426710073528,563.8720035942016,False,False,0.0,0.0,False,0.0,0,0,0,True
355,100,0.0,108.47298958708794,101.6181680422197,101.7156612540115,117.77949469593723,10.847298958708794,0.0,0.4488139389022894,71.17137669052485,0.0,564.6432064386265,253.00877202785676,1.1801739412358934,0.08532484103355142,0.10727199547344922,0.029134943303253592,8.58422161759224e-05,0.33333490267894395,101.0,0.0,0.0,12.716451061200603,71.17137669052485,565.0920203775288,False,False,0.0,0.0,False,0.0,0,0,0,True
356,100,0.0,108.47298958708794,101.62426050562034,101.7156612540115,117.7795270945914,10.847298958708794,0.0,0.4488139389022894,71.1582419984197,0.0,565.8634711322927,253.10017277624792,1.1801047546227872,0.08526081031787432,0.10726864771151952,0.029442718729199173,9.096327563621142e-05,0.33325089019322096,101.0,0.0,0.0,12.716451061200603,71.1582419984197,566.312285071195,False,False,0.0,0.0,False,0.0,0,0,0,True
357,100,0.0,108.47298958708794,101.63061268043296,101.7156612540115,117.77956085042817,10.847298958708794,0.0,0.4488139389022894,71.14485913832087,0.0,567.083999363567,253.18522134982646,1.1800325822373972,0.08519402662742666,0.10726505713296933,0.029722513127565936,9.543414148002464e-05,0.33317458906042063,101.0,0.0,0.0,12.716451061200603,71.14485913832087,567.5328133024693,False,False,0.0,0.0,False,0.0,0,0,0,True
358,100,0.0,108.47298958708794,101.63718213528185,101.7156612540115,117.77959585614316,10.847298958708794,0.0,0.4488139389022894,71.13122403341366,0.0,568.304803819135,253.2637004685561,1.1799579044992752,0.08512493591664183,0.10726123805400753,0.02997386059401707,9.925515605899065e-05,0.3331061150382322,101.0,0.0,0.0,12.716451061200603,71.13122403341366,568.7536177580373,False,False,0.0,0.0,False,0.0,0,0,0,True
359,100,0.0,108.47298958708794,101.64392684129211,101.7156612540115,117.7796320314439,10.847298958708794,0.0,0.4488139389022894,71.117332439086,0.0,569.5258942443506,253.33543488127552,1.1798811978819534,0.08505398034230463,0.10725720592889544,0.03019645874709681,0.00010242980230242213,0.33304553950335786,101.0,0.0,0.0,12.716451061200603,71.117332439086,569.9747081832529,False,False,0.0,0.0,False,0.0,0,0,0,True
360,100,0.0,108.47298958708794,101.6508053713656,101.7156612540115,117.77966931631961,10.847298958708794,0.0,0.4488139389022894,71.10317995960831,0.0,570.7472774719803,253.40029076392142,1.1798029326102397,0.08498159611118465,0.10725297737202547,0.030390164574191657,0.00010496461411797768,0.33299289077361494,101.0,0.0,0.0,12.716451061200603,71.10317995960831,571.1960914108826,False,False,0.0,0.0,False,0.0,0,0,0,True
361,100,0.0,108.47298958708794,101.65777709062304,101.7156612540115,117.77970766591051,10.847298958708794,0.0,0.4488139389022894,71.08876206004103,0.0,571.9689574791817,253.45817492730987,1.179723570468281,0.08490821143366696,0.10724857015734512,0.03055498960051443,0.00010686906760760057,0.3329481555848499,101.0,0.0,0.0,12.716451061200603,71.08876206004103,572.4177714180839,False,False,0.0,0.0,False,0.0,0,0,0,True
362,100,0.0,108.47298958708794,101.66480233703246,101.7156612540115,117.77974704661196,10.847298958708794,0.0,0.4488139389022894,71.0740740745017,0.0,573.190935471092,253.50903384428892,1.1796435627256774,0.08483424459023117,0.10724400319512141,0.030691094428896625,0.00010815545577113344,0.3329112807095228,101.0,0.0,0.0,12.716451061200603,71.0740740745017,573.6397494099942,False,False,0.0,0.0,False,0.0,0,0,0,True
363,100,0.0,108.47298958708794,101.67184259139428,101.7156612540115,117.77978743313284,10.847298958708794,0.0,0.4488139389022894,71.05911121166812,0.0,574.4132099891038,253.5528525069061,1.1795633481881371,0.08476010211681913,0.10723929648642955,0.030798782699885667,0.00010883874902109605,0.3328821747039687,101.0,0.0,0.0,12.716451061200603,71.05911121166812,574.8620239280061,False,False,0.0,0.0,False,0.0,0,0,0,True
364,100,0.0,108.47298958708794,101.67886063598597,101.7156612540115,117.77982880629021,10.847298958708794,0.0,0.4488139389022894,71.04386855819365,0.0,575.6357770416574,253.5896531249317,1.1794833513783067,0.08468617711431455,0.10723447105611267,0.03087849452301919,0.0001089364435364965,0.3328607097715137,101.0,0.0,0.0,12.716451061200603,71.04386855819365,576.0845909805597,False,False,0.0,0.0,False,0.0,0,0,0,True
365,100,0.0,108.47298958708794,101.68582070128755,101.7156612540115,117.77987115136973,10.847298958708794,0.0,0.4488139389022894,71.02834108055728,0.0,576.8586302551751,253.6194936776556,1.1794039808516146,0.08461284768654391,0.1072295488652972,0.030930799431199342,0.00010846839925896095,0.33284672372881696,101.0,0.0,0.0,12.716451061200603,71.02834108055728,577.3074441940773,False,False,0.0,0.0,False,0.0,0,0,0,True
366,100,0.0,108.47298958708794,101.69268860032601,101.7156612540115,117.77991445692311,10.847298958708794,0.0,0.4488139389022894,71.0125236257497,0.0,578.0817610426222,253.64246633134107,1.179325627651122,0.08454047551039585,0.10722455270485198,0.03095638891078467,0.00010745666920205668,0.3328400220630344,101.0,0.0,0.0,12.716451061200603,71.0125236257497,578.5305749815245,False,False,0.0,0.0,False,0.0,0,0,0,True
367,100,0.0,108.47298958708794,101.69943185027496,101.7156612540115,117.77995871389875,10.847298958708794,0.0,0.4488139389022894,70.99641092110546,0.0,579.3051587870675,253.65869573507763,1.1792486639045614,0.08446940454085192,0.10721950607145204,0.03095606856045067,0.00010592532156039226,0.33284038006760663,101.0,0.0,0.0,12.716451061200603,70.99641092110546,579.7539727259698,False,False,0.0,0.0,False,0.0,0,0,0,True
368,100,0.0,108.47298958708794,101.70601978104878,101.7156612540115,117.78000391502873,10.847298958708794,0.0,0.4488139389022894,70.97999757351845,0.0,580.5288110375543,253.66833720804033,1.179173441565935,0.08439995985293589,0.10721443302814021,0.030930749931957963,0.00010390025605408952,0.3328475450447103,101.0,0.0,0.0,12.716451061200603,70.97999757351845,580.9776249764566,False,False,0.0,0.0,False,0.0,0,0,0,True
369,100,0.0,108.47298958708794,101.71242363071768,101.7156612540115,117.78005005440963,10.847298958708794,0.0,0.4488139389022894,70.96327806822117,0.0,581.7527037145746,253.67157483133423,1.1791002913032336,0.08433244662180883,0.10720935805147536,0.03088144210581022,0.00010140901581473462,0.33286123856263183,101.0,0.0,0.0,12.716451061200603,70.96327806822117,582.2015176534769,False,False,0.0,0.0,False,0.0,0,0,0,True
370,100,0.0,108.47298958708794,101.71861662766122,101.7156612540115,117.78009712723079,10.847298958708794,0.0,0.4488139389022894,70.94624676726629,0.0,582.9768213224474,253.66861945768446,1.1790295215330733,0.08426714924149059,0.10720430586751177,0.03080924305432341,9.848059608748554e-05,0.33288115875655605,101.0,0.0,0.0,12.716451061200603,70.94624676726629,583.4256352613497,False,False,0.0,0.0,False,0.0,0,0,0,True
371,100,0.0,108.47298958708794,101.724574059455,101.7156612540115,117.78014512961174,10.847298958708794,0.0,0.4488139389022894,70.92889790781254,0.0,584.2011471659524,253.6597066522409,1.1789614176022665,0.08420433058195317,0.10719930127897138,0.030715330843949472,9.514525091809464e-05,0.33290698266148294,101.0,0.0,0.0,12.716451061200603,70.92889790781254,584.6499611048547,False,False,0.0,0.0,False,0.0,0,0,0,True
372,100,0.0,108.47298958708794,101.7302733285698,101.7156612540115,117.78019405852235,10.847298958708794,0.0,0.4488139389022894,70.91122560029451,0.0,585.4256635686526,253.6450945776827,1.1788962411156207,0.08414423138362978,0.10719436898604441,0.030600954727718455,9.143429900539777e-05,0.33293836856622977,101.0,0.0,0.0,12.716451061200603,70.91122560029451,585.8744775075548,False,False,0.0,0.0,False,0.0,0,0,0,True
373,100,0.0,108.47298958708794,101.7356939950262,101.7156612540115,117.78024391175927,10.847298958708794,0.0,0.4488139389022894,70.89322382652982,0.0,586.6503520904371,253.62506183666795,1.1788342294085288,0.08408706978770811,0.10718953340329329,0.030467426177542924,8.737992975270772e-05,0.33297495837769164,101.0,0.0,0.0,12.716451061200603,70.89322382652982,587.0991660293394,False,False,0.0,0.0,False,0.0,0,0,0,True
374,100,0.0,108.47298958708794,101.74081780622917,101.7156612540115,117.78029468796707,10.847298958708794,0.0,0.4488139389022894,70.87488643780569,0.0,587.8751937419598,253.5999052844503,1.1787755951622443,0.08403304099993258,0.10718481847513547,0.03031610990467235,8.301501064100261e-05,0.3330163799848051,101.0,0.0,0.0,12.716451061200603,70.87488643780569,588.3240076808621,False,False,0.0,0.0,False,0.0,0,0,0,True
375,100,0.0,108.47298958708794,101.74562871425866,101.7156612540115,117.78034638668466,10.847298958708794,0.0,0.4488139389022894,70.85620715297195,0.0,589.1001691937917,253.56993782420312,1.1787205261590699,0.0839823170850313,0.10718024749234252,0.030148414915071652,7.837289683812689e-05,0.33306224961187836,101.0,0.0,0.0,12.716451061200603,70.85620715297195,589.5489831326939,False,False,0.0,0.0,False,0.0,0,0,0,True
376,100,0.0,108.47298958708794,101.75011288096324,101.7156612540115,117.78039900841033,10.847298958708794,0.0,0.4488139389022894,70.83717955655783,0.0,590.3252589782824,253.53548619725143,1.1786691851740794,0.08393504688830777,0.10717584291192715,0.02996578564467961,7.348724405578595e-05,0.33311217415124694,101.0,0.0,0.0,12.716451061200603,70.83717955655783,590.7740729171846,False,False,0.0,0.0,False,0.0,0,0,0,True
377,100,0.0,108.47298958708794,101.7542586712543,101.7156612540115,117.78045255467616,10.847298958708794,0.0,0.4488139389022894,70.81779709692255,0.0,591.5504436823139,253.4968887800085,1.1786217099993919,0.08389135608040288,0.10717162618268768,0.02976969321758341,6.839182553151893e-05,0.3331657534654814,101.0,0.0,0.0,12.716451061200603,70.81779709692255,591.9992576212162,False,False,0.0,0.0,False,0.0,0,0,0,True
378,100,0.0,108.47298958708794,101.75805663505074,101.7156612540115,117.78050702812503,10.847298958708794,0.0,0.4488139389022894,70.79805308444337,0.0,592.7757041293255,253.4544933989693,1.1785782135964915,0.08385134732073189,0.10716761757855528,0.029561626868063295,6.312035398523181e-05,0.3332225826496794,101.0,0.0,0.0,12.716451061200603,70.79805308444337,593.2245180682278,False,False,0.0,0.0,False,0.0,0,0,0,True
379,100,0.0,108.47298958708794,101.76149947837104,101.7156612540115,117.78056243258578,10.847298958708794,0.0,0.4488139389022894,70.77794068973988,0.0,594.0010215491973,253.40865517460978,1.1785387843715571,0.08381510053464562,0.10716383604173269,0.02934308556522902,5.7706309354292684e-05,0.3332822542447027,101.0,0.0,0.0,12.716451061200603,70.77794068973988,594.4498354880996,False,False,0.0,0.0,False,0.0,0,0,0,True
380,100,0.0,108.47298958708794,101.76458202411365,101.7156612540115,117.78061877314354,10.847298958708794,0.0,0.4488139389022894,70.75745294193084,0.0,595.2263777347976,253.3597344045076,1.1785034865683166,0.08378267329894543,0.10716029903744458,0.029115569876616305,5.2182773065245034e-05,0.33334436039257415,101.0,0.0,0.0,12.716451061200603,70.75745294193084,595.6751916736998,False,False,0.0,0.0,False,0.0,0,0,0,True
381,100,0.0,108.47298958708794,101.76730116310031,101.7156612540115,117.78067605620195,10.847298958708794,0.0,0.4488139389022894,70.73658272691469,0.0,596.4517551842085,253.30809449541877,1.178472360772505,0.08375410133000845,0.10715702242192378,0.028880574104673103,4.658226951104335e-05,0.3334084949256268,101.0,0.0,0.0,12.716451061200603,70.73658272691469,596.9005691231108,False,False,0.0,0.0,False,0.0,0,0,0,True
382,100,0.0,108.47298958708794,101.76965579599262,101.7156612540115,117.78073428953466,10.847298958708794,0.0,0.4488139389022894,70.71532278566653,0.0,597.6771372278677,253.25409995343765,1.178445424521625,0.08372939906844432,0.10715402032505413,0.02863957872752425,4.093661537359629e-05,0.33347425538140707,101.0,0.0,0.0,12.716451061200603,70.71532278566653,598.1259511667699,False,False,0.0,0.0,False,0.0,0,0,0,True
383,100,0.0,108.47298958708794,101.77164676672035,101.7156612540115,117.78079348232711,10.847298958708794,0.0,0.4488139389022894,70.69366571253848,0.0,598.9025081400714,253.19811444072883,1.1784226730133738,0.08370856035391352,0.10715130504887296,0.028394043172767718,3.527677737874161e-05,0.3335412449357872,101.0,0.0,0.0,12.716451061200603,70.69366571253848,599.3513220789737,False,False,0.0,0.0,False,0.0,0,0,0,True
384,100,0.0,108.47298958708794,101.77327678808057,101.7156612540115,117.78085364520506,10.847298958708794,0.0,0.4488139389022894,70.67160395355324,0.0,600.1278532344993,253.14049890665973,1.1784040799057995,0.08369155918349143,0.10714888698290959,0.02814539895040925,2.9632738965630254e-05,0.33360907424720476,101.0,0.0,0.0,12.716451061200603,70.67160395355324,600.5766671734016,False,False,0.0,0.0,False,0.0,0,0,0,True
385,100,0.0,108.47298958708794,101.77455036018874,101.7156612540115,117.78091479025215,10.847298958708794,0.0,0.4488139389022894,70.6491298046781,0.0,601.3531589436155,253.0816098004825,1.1783895982020065,0.08367835054675206,0.107146774537109,0.027895043168297044,2.4033376346635566e-05,0.33367736320546604,101.0,0.0,0.0,12.716451061200603,70.6491298046781,601.8019728825178,False,False,0.0,0.0,False,0.0,0,0,0,True
386,100,0.0,108.47298958708794,101.77547368247457,101.7156612540115,117.78097693101407,10.847298958708794,0.0,0.4488139389022894,70.6262354100661,0.0,602.5784128819979,253.02179737201942,1.178379161212011,0.08366887133058479,0.10714497409285823,0.02764433245069392,1.8506344316484038e-05,0.33374574257908274,101.0,0.0,0.0,12.716451061200603,70.6262354100661,603.0272268209002,False,False,0.0,0.0,False,0.0,0,0,0,True
387,100,0.0,108.47298958708794,101.77605455992598,101.7156612540115,117.78104008249163,10.847298958708794,0.0,0.4488139389022894,70.60291276025285,0.0,603.8036038938251,252.96140406610496,1.1783726835842048,0.08366304128663223,0.1071434899724038,0.027394577277839966,1.3212837051182895e-05,0.3338138555556908,101.0,0.0,0.0,12.716451061200603,70.60291276025285,604.2524178327274,False,False,0.0,0.0,False,0.0,0,0,0,True
388,100,0.0,108.47298958708794,101.77630230429016,101.7156612540115,117.78110426112195,10.847298958708794,0.0,0.4488139389022894,70.57915369029551,0.0,605.0287220849187,252.9007630158263,1.1783700623987436,0.08366076405415557,0.1071423244267262,0.027147036761610212,9.618730301267517e-06,0.3338813591706922,101.0,0.0,0.0,12.716451061200603,70.57915369029551,605.477536023821,False,False,0.0,0.0,False,0.0,0,0,0,True
389,100,0.0,108.47298958708794,101.77622763094118,101.7156612540115,117.7811694847495,10.847298958708794,0.0,0.4488139389022894,70.55494987784274,0.0,606.2537588398932,252.8401966388966,1.1783711783151216,0.08366192823109156,0.10714147764171877,0.026902913869609447,6.6597017699297075e-06,0.33394792561989767,101.0,0.0,0.0,12.716451061200603,70.55494987784274,606.7025727787955,False,False,0.0,0.0,False,0.0,0,0,0,True
390,100,0.0,108.47298958708794,101.77584255212055,101.7156612540115,117.78123577258663,10.847298958708794,0.0,0.4488139389022894,70.53029284112411,0.0,607.4787068251032,252.78001534078754,1.178375896766148,0.0836664084860611,0.10714094776231393,0.02666335110732959,4.284311652195332e-06,0.3340132434525895,101.0,0.0,0.0,12.716451061200603,70.53029284112411,607.9275207640055,False,False,0.0,0.0,False,0.0,0,0,0,True
391,100,0.0,108.47298958708794,101.77429952380147,101.7156612540115,117.78030703290331,10.847298958708794,0.0,0.4488139389022894,70.50417782458601,0.0,608.7187703205141,252.72137707099753,1.1783840691905518,0.08367406670412274,0.10714073093400227,0.026438308449245947,1.563092398449113e-05,0.33407371978123296,102.0,0.0,0.0,12.716451061200603,70.50417782458601,609.1675842594163,False,False,0.0,0.0,False,0.0,0,0,0,True
392,100,0.0,108.47298958708794,101.80118186500863,101.7156612540115,117.81258989077222,10.847298958708794,0.0,0.4488139389022894,70.50978513161309,0.0,610.0012385138104,252.63585646000044,1.1783954011684532,0.08368463154557101,0.10714080318785256,0.02592926527024636,0.0002586717907727846,0.3342414849684072,102.0,0.0,0.0,12.716451061200603,70.50978513161309,610.4500524527127,False,False,0.0,0.0,False,0.0,0,0,0,True
393,100,0.0,108.47298958708794,101.79592532779762,101.7156612540115,117.80840513939327,10.847298958708794,0.0,0.4488139389022894,70.51132804284038,0.0,611.2666080257391,252.55559238621433,1.1784140796560842,0.0837019253476976,0.10714175298135854,0.02557737372974937,4.605076073286912e-05,0.3343156689005874,102.0,0.0,0.0,12.716451061200603,70.51132804284038,611.7154219646413,False,False,0.0,0.0,False,0.0,0,0,0,True
394,100,0.0,108.47298958708794,101.79356272501255,101.7156612540115,117.80804793250694,10.847298958708794,0.0,0.4488139389022894,70.51254686432179,0.0,612.5303856084163,252.4776909152132,1.1784375790803712,0.0837236427561919,0.10714322046699537,0.025267924506647055,5.5804034212110116e-06,0.3343951853454608,102.0,0.0,0.0,12.716451061200603,70.51254686432179,612.9791995473186,False,False,0.0,0.0,False,0.0,0,0,0,True
395,100,0.0,108.47298958708794,101.79086691399576,101.7156612540115,117.80771012685592,10.847298958708794,0.0,0.4488139389022894,70.51345404101062,0.0,613.7936232089799,252.40248525522895,1.1784651536793338,0.08374910168071566,0.10714510822978754,0.02498376492949936,2.8313292966095256e-05,0.33447084461551546,102.0,0.0,0.0,12.716451061200603,70.51345404101062,614.2424371478821,False,False,0.0,0.0,False,0.0,0,0,0,True
396,100,0.0,108.47298958708794,101.7879619700268,101.7156612540115,117.80748867732551,10.847298958708794,0.0,0.4488139389022894,70.51415923986467,0.0,615.0566804750168,252.3301845392137,1.1784963325407278,0.08377787045921217,0.10714736128133005,0.02471799777641975,3.8944456187948465e-05,0.3345427508165745,102.0,0.0,0.0,12.716451061200603,70.51415923986467,615.5054944139191,False,False,0.0,0.0,False,0.0,0,0,0,True
397,100,0.0,108.47298958708794,101.78482274804597,101.7156612540115,117.80731900047535,10.847298958708794,0.0,0.4488139389022894,70.5147098982997,0.0,616.3196139403827,252.26102304517914,1.1785307591991034,0.08380962172049762,0.1071499422505498,0.024468814236816717,4.52650685919055e-05,0.33461057180347975,102.0,0.0,0.0,12.716451061200603,70.5147098982997,616.768427879285,False,False,0.0,0.0,False,0.0,0,0,0,True
398,100,0.0,108.47298958708794,101.7814653154293,101.7156612540115,117.80718765964332,10.847298958708794,0.0,0.4488139389022894,70.51514103526883,0.0,617.5824393096174,252.19521898376135,1.1785681125613823,0.0838440603313407,0.10715281923865064,0.02423595966208792,4.980410254267571e-05,0.3346741056842159,102.0,0.0,0.0,12.716451061200603,70.51514103526883,618.0312532485196,False,False,0.0,0.0,False,0.0,0,0,0,True
399,100,0.0,108.47298958708794,101.7779083357115,101.7156612540115,117.80708532202395,10.847298958708794,0.0,0.4488139389022894,70.51547908856868,0.0,618.8451628917419,252.13297190206137,1.1786080827286454,0.08388090138045005,0.10715596199942486,0.02401969744200684,5.3488321147708355e-05,0.3347331783209443,102.0,0.0,0.0,12.716451061200603,70.51547908856868,619.2939768306442,False,False,0.0,0.0,False,0.0,0,0,0,True
