,Employment,UnemploymentRate,WageBill,Output,Production,Consumption,Transfers,UnemploymentTransfers,HH_Deposit,HH_Debt,Firm_Debt,Firm_Cash,Inventories,AvgPrice,AvgMarkup,PriceDispersion,InventoryGap,SalesForecastError,InventoryTurnover,CreditRejections,FirmDowntimeShare,ReentryCount,Bank_Equity,Bank_Loans,Bank_Deposits,BankFailed,BankResolved,BankResolutionAmount,BankResolutionHaircut,BankBailedOut,BankBailoutAmount,Defaults,DefaultsHH,DefaultsFirm,BalanceOK
0,63,0.37,59.54135245513184,97.46557019069941,97.46557019069941,150.7725046730369,5.968446698190417,7.186469322945938,33.05126000855778,3.890161245347377,7.794688761005885,107.87005030823312,0.0,1.0460135211175596,0.5954757490876481,0.005940594533374724,-1.0,1.015647280297247,2.0,35.0,0.0,0.0,49.95473183653193,11.684850006353262,140.9213103167909,False,False,0.0,0.0,False,0.0,3,3,0,True
1,76,0.24,72.0003093749955,107.66210129302964,117.52314933330155,112.47583048815581,7.200030937499552,4.6614936148838515,15.491749087833531,15.003637506971033,3.650007642780726,136.09500285758665,9.861048040271907,1.0370337596641055,0.5955386437521109,0.013034741686492908,-0.8611010449422501,0.8454276046202602,1.7123677341953318,49.0,0.0,0.0,49.95473183653193,18.65364514975176,151.5867519454202,False,False,0.0,0.0,False,0.0,0,0,0,True
2,84,0.16000000000000003,79.57928930920555,104.97243073263523,130.682060670779,107.90661034528735,7.957928930920556,3.107662409922568,10.195677740331618,27.388433780975756,0.32791996303071813,153.13161341946793,35.57067797841568,1.0290342491897801,0.5955164564716,0.0191229572155454,-0.5478899745568728,0.5344370039424723,1.1971162561884634,61.0,0.0,0.0,49.95473183653193,27.716353744006476,163.32729115979953,False,False,0.0,0.0,False,0.0,0,0,0,True
3,77,0.22999999999999998,72.94768186677176,98.31113441601707,119.7743236291613,100.25479591740496,7.294768186677176,4.467264714263691,7.935738578129072,41.457626982346696,0.0,172.8154528418235,57.03386719155993,1.0215677651357544,0.5954516612550188,0.024417597992363538,-0.31534073705564536,0.29464189780437444,0.9288887007178686,68.0,0.0,0.0,49.95473183653193,41.457626982346696,180.75119141995256,False,False,0.0,0.0,False,0.0,0,0,0,True
4,68,0.31999999999999995,64.42132944078544,91.44846886904637,105.86249852614547,92.55702614449356,6.442132944078544,6.215324819845136,7.2048801818598704,57.39270657539702,0.0,194.50901660145303,71.44789684865901,1.0146944749957423,0.5953182945842075,0.028977910107482425,-0.16424619766708262,0.13482687914175892,0.7829594010175086,71.0,0.0,0.0,49.95473183653193,57.39270657539702,201.7138967833129,False,False,0.0,0.0,False,0.0,0,0,0,True
5,63,0.37,59.684466981904166,88.51380922084236,98.40740742334916,88.9652611863688,5.968446698190417,7.186469322945938,5.843552797670049,73.80147263748024,0.0,217.8213641077273,81.34149505116581,1.008460748096584,0.5951345838943392,0.03287739620399067,-0.06204979548706152,0.06854191016005313,0.7047116439551876,71.0,0.0,0.0,49.95473183653193,73.80147263748024,223.66491690539735,False,False,0.0,0.0,False,0.0,0,0,0,True
6,61,0.39,57.78972199835165,86.79670198483338,95.36669487287767,86.68545039222657,5.778972199835165,7.574927124186259,4.451474326301394,90.0655251216747,0.0,240.93812030176701,89.9114879392101,1.0028609249051101,0.5949306974278585,0.036262248213075006,0.0289158282200297,0.04504550084421691,0.6503168506722677,73.0,0.0,0.0,49.95473183653193,90.0655251216747,245.3895946280684,False,False,0.0,0.0,False,0.0,0,0,0,True
7,53,0.47,50.2107420641416,80.01643941196724,82.6255240335948,79.45069389723818,5.02107420641416,9.128758329147542,3.961978001621973,107.24639077529046,0.0,265.1569979284494,92.52057256083765,0.9978282964936185,0.5946964274256412,0.03919234418920525,0.07389836558974351,0.06998859391989405,0.60335843048608,78.0,0.0,0.0,49.95473183653193,107.24639077529046,269.1189759300714,False,False,0.0,0.0,False,0.0,0,0,0,True
8,52,0.48,49.26336957236534,78.05540572654058,81.33071849134541,77.0999323360087,4.9263369572365345,9.322987229767703,3.736920345668833,123.68102049880142,0.0,288.0672237348562,95.7958853256425,0.9933535469196568,0.5944038239816166,0.04164596813575943,0.12816767149979252,0.0794086230598279,0.5785553168624078,79.0,0.0,0.0,49.95473183653193,123.68102049880142,291.804144080525,False,False,0.0,0.0,False,0.0,0,0,0,True
9,51,0.49,48.315997080589085,75.33860319192527,79.69461955492119,74.06648406301642,4.831599708058909,9.517216130387864,3.6879870404939856,138.5770347184405,0.0,308.9861110092246,100.1519016886384,0.989348513873243,0.5940895714129514,0.04373457114509015,0.2033859587140045,0.09395381011845635,0.5467115611633819,79.0,0.0,0.0,49.95473183653193,138.5770347184405,312.67409804971857,False,False,0.0,0.0,False,0.0,0,0,0,True
10,51,0.49,48.315997080589085,74.14523300200503,79.69461955492119,72.58162460589848,4.831599708058909,9.517216130387864,3.6637149777572446,152.43959926687188,0.0,328.4201388264751,105.70128824155458,0.9857148713265154,0.5934577222282572,0.045469538382743105,0.2958372536746773,0.09144243665795986,0.5201216360268758,77.0,0.0,0.0,49.95473183653193,152.43959926687188,332.0838538042324,False,False,0.0,0.0,False,0.0,0,0,0,True
11,51,0.49,48.315997080589085,72.68642219922975,79.69461955492119,70.87345999998469,4.831599708058909,9.517216130387864,3.6515497124852483,165.00324776186343,0.0,346.1460020378118,112.70948559724602,0.9823505825637848,0.5924383502470912,0.046863951510511884,0.410615468816723,0.09167984953356614,0.48934070906567706,76.0,0.0,0.0,49.95473183653193,165.00324776186343,349.79755175029703,False,False,0.0,0.0,False,0.0,0,0,0,True
12,51,0.49,48.315997080589085,71.49520019035819,79.69461955492119,69.45464222743487,4.831599708058909,9.517216130387864,3.645400265182258,176.514024053742,0.0,362.4530474765986,120.90890496180904,0.9791534018826388,0.5910646788096855,0.04792857452206555,0.5444138220876598,0.08954620025898084,0.4589590662904989,74.0,0.0,0.0,49.95473183653193,176.514024053742,366.0984477417809,False,False,0.0,0.0,False,0.0,0,0,0,True
13,51,0.49,48.315997080589085,70.13700943953266,79.69461955492119,67.89525436919318,4.831599708058909,9.517216130387864,3.6422692482282217,186.7981974542229,0.0,377.2007050571439,130.46651507719758,0.9760425255237253,0.5893299982612177,0.048679742623497085,0.7009474636483066,0.09077325619809126,0.42704375804972117,72.0,0.0,0.0,49.95473183653193,186.7981974542229,380.84297430537214,False,False,0.0,0.0,False,0.0,0,0,0,True
14,51,0.49,48.315997080589085,68.88325685911069,79.69461955492119,66.45294572821305,4.831599708058909,9.517216130387864,3.6406649837764977,195.9362151631909,0.0,390.50605399670894,141.27787777300804,0.9729413026488759,0.5870245030743442,0.04913307132944501,0.8793776976749452,0.09059782533395941,0.39591181885063353,70.0,0.0,0.0,49.95473183653193,195.9362151631909,394.14671898048545,False,False,0.0,0.0,False,0.0,0,0,0,True
15,49,0.51,46.42125209703657,66.51314544928303,76.82288376767998,63.947080371445225,4.642125209703658,9.905673931628185,3.569589386475526,204.45644841268276,0.0,403.38975706141383,151.587616091405,0.9697683616313839,0.58382414174388,0.04930311795204847,1.0578809204453106,0.10563355874328054,0.36239951983669794,67.0,0.0,0.0,49.95473183653193,204.45644841268276,406.95934644788935,False,False,0.0,0.0,False,0.0,0,0,0,True
16,46,0.54,43.5791346217078,63.82530221307982,71.99038304352625,61.14879361283505,4.357913462170781,10.488360633488666,3.1813926535391084,212.64900823699443,0.0,416.6015025903704,159.75269692185145,0.9664686375999423,0.5796667135050232,0.049277999246385845,1.2252595967796096,0.12304614503447897,0.33434924689496603,64.0,0.0,0.0,49.95473183653193,212.64900823699443,419.7828952439095,False,False,0.0,0.0,False,0.0,0,0,0,True
17,44,0.56,41.68438963815529,61.547761448017276,68.89968476113,58.7547173502941,4.16843896381553,10.876818434728987,3.064468029133085,220.64923018214375,0.0,429.50339133869375,167.10462023496416,0.9630008748979414,0.5751391711560141,0.04905288416909833,1.39187823318568,0.13262965511300284,0.3117302093236649,62.0,0.0,0.0,49.95473183653193,220.64923018214375,432.5678593678268,False,False,0.0,0.0,False,0.0,0,0,0,True
18,42,0.5800000000000001,39.789644654602775,59.56638881062734,65.75880769202372,56.651727360755615,3.9789644654602787,11.265276235969308,2.683123755576201,228.20699857068678,0.0,442.38650957938626,173.29703911636057,0.9593595815485957,0.5698504234861685,0.04865083589094513,1.5516760408546693,0.13717859873099725,0.29372654644899654,60.0,0.0,0.0,49.95473183653193,228.20699857068678,445.0696333349625,False,False,0.0,0.0,False,0.0,0,0,0,True
19,42,0.5800000000000001,39.789644654602775,58.77772478287542,65.75880769202372,55.6845397055472,3.9789644654602787,11.265276235969308,2.6232538327108976,235.3355724230328,0.0,454.3024401648704,180.2781220255089,0.9555200485227479,0.56416769163768,0.0480989598527719,1.7224370938674756,0.12397992944716969,0.2806564786873119,57.0,0.0,0.0,49.95473183653193,235.3355724230328,456.9256939975813,False,False,0.0,0.0,False,0.0,0,0,0,True
20,41,0.5900000000000001,38.84227216282652,57.47744432194585,64.1227087555995,54.23055510355155,3.884227216282653,11.459505136589469,2.608777947627539,242.1076595378403,0.0,465.80649588931277,186.92338645916254,0.9514602272960688,0.5580895575924083,0.047410683392094116,1.8952010678109101,0.12094674755408638,0.2669430749385545,53.0,0.0,0.0,49.95473183653193,242.1076595378403,468.4152738369403,False,False,0.0,0.0,False,0.0,0,0,0,True
21,41,0.5900000000000001,38.84227216282652,57.20177091448491,64.1227087555995,53.73926854016682,3.884227216282653,11.459505136589469,2.6016332309106662,248.58980143175378,0.0,476.81926505037035,193.84432430027715,0.9471730496609396,0.551437339843469,0.046571074453147086,2.0670240736073793,0.1027675951163585,0.2576471029443894,51.0,0.0,0.0,49.95473183653193,248.58980143175378,479.42089828128104,False,False,0.0,0.0,False,0.0,0,0,0,True
22,41,0.5900000000000001,38.84227216282652,57.01256001172359,64.1227087555995,53.31932720843984,3.884227216282653,11.459505136589469,2.5980114152194473,254.84122857187052,0.0,487.412092879701,200.95447304415308,0.9426472231052111,0.5441119450960851,0.045623029985783076,2.236107642972088,0.08626232239542295,0.2490062043417288,50.0,0.0,0.0,49.95473183653193,254.84122857187052,490.01010429492044,False,False,0.0,0.0,False,0.0,0,0,0,True
23,41,0.5900000000000001,38.84227216282652,56.92107507294379,64.1227087555995,52.97819444985213,3.884227216282653,11.459505136589469,2.5961287395743664,260.9323561374852,0.0,497.6637879504439,208.15610672680876,0.9378695251197599,0.5363789600083904,0.044623908085501346,2.4003285075553276,0.07103498835412331,0.24112969443190574,48.0,0.0,0.0,49.95473183653193,260.9323561374852,500.25991669001826,False,False,0.0,0.0,False,0.0,0,0,0,True
24,41,0.5900000000000001,38.84227216282652,56.90690720485607,64.1227087555995,52.6960699549222,3.884227216282653,11.459505136589469,2.5951262348543405,266.91674107991247,0.0,507.6333585262569,215.37190827755222,0.9328492637434079,0.5282527838199963,0.04358199133085901,2.558085697202762,0.057235449093801835,0.23396624207749633,47.0,0.0,0.0,49.95473183653193,266.91674107991247,510.22848476111125,False,False,0.0,0.0,False,0.0,0,0,0,True
25,41,0.5900000000000001,38.84227216282652,56.95721673300989,64.1227087555995,52.46053242792908,3.884227216282653,11.459505136589469,2.594579827576165,272.8374882769917,0.0,517.3673915750769,222.53740030014185,0.9275982847383439,0.5197519130457138,0.04250626598614665,2.7081467255061566,0.044863900379983584,0.22747383589535777,44.0,0.0,0.0,49.95473183653193,272.8374882769917,519.961971402653,False,False,0.0,0.0,False,0.0,0,0,0,True
26,41,0.5900000000000001,38.84227216282652,56.96060751715123,64.1227087555995,52.16916871936462,3.884227216282653,11.459505136589469,2.594275247390846,278.6367341505124,0.0,526.8100609153322,229.69950153859008,0.9221303634503693,0.5108979663413603,0.04140619537796543,2.8526153933622758,0.03558441884107448,0.2211706613682114,44.0,0.0,0.0,49.95473183653193,278.6367341505124,529.4043361627231,False,False,0.0,0.0,False,0.0,0,0,0,True
27,41,0.5900000000000001,38.84227216282652,57.014675989946255,64.1227087555995,51.91199169170035,3.884227216282653,11.459505136589469,2.5941017988307853,271.2008893157206,0.0,535.9955532279233,236.8075343042434,0.9164558620966572,0.5017070026674907,0.0402908747043218,2.9906134473823114,0.02720667146141597,0.21541071403319786,42.0,0.0,0.0,42.068221113212395,271.2008893157206,538.5896550267541,False,False,0.0,0.0,False,0.0,2,2,0,True
28,41,0.5900000000000001,38.84227216282652,56.029447628054484,64.1227087555995,50.7023210054716,3.884227216282653,11.459505136589469,2.5940010345560616,275.48660517711664,0.0,543.9713748542857,244.9007954317884,0.9105865000408976,0.49219729331551054,0.03916956504714801,3.1552664403697386,0.038286691622292895,0.20575905398734767,42.0,0.0,0.0,42.068221113212395,275.48660517711664,546.5653758888418,False,False,0.0,0.0,False,0.0,0,0,0,True
29,39,0.61,36.947527179274005,54.677815168954986,60.81087747092971,49.16087055857558,3.6947527179274005,11.84796293782979,2.5790658145042458,273.50649830150195,0.0,552.48996551566,251.03385773376317,0.9044810629639812,0.4823009638959553,0.038044592945378666,3.308741115591572,0.05371781962716332,0.1968966017290535,41.0,0.0,0.0,38.15137379186895,273.50649830150195,555.0690313301642,False,False,0.0,0.0,False,0.0,1,1,0,True
30,39,0.61,36.947527179274005,55.0062680872819,60.81087747092971,49.12436692719969,3.6947527179274005,11.84796293782979,2.5719455282932477,264.84450856586665,0.0,560.9720525456582,256.83846711741097,0.898155365698638,0.4720487320182352,0.03686984819431345,3.4436756716882626,0.0370817811918037,0.19405901299558387,41.0,0.0,0.0,30.276646234518246,264.84450856586665,563.5439980739515,False,False,0.0,0.0,False,0.0,2,2,0,True
31,37,0.63,35.05278219572149,53.75425412858793,57.81344230508877,47.67212929797176,3.5052782195721495,12.23642073907011,2.553580400109382,256.3230514317093,0.0,570.0861214283362,260.89765529391184,0.8916404323195243,0.4614903096511759,0.03565454162485678,3.5592363325923744,0.051414735662988896,0.1872898982946552,43.0,0.0,0.0,22.495762548086184,256.3230514317093,572.6397018284456,False,False,0.0,0.0,False,0.0,2,2,0,True
32,35,0.65,33.15803721216898,52.41010705360992,54.722744022692524,46.14588598522715,3.315803721216898,12.624878540310432,2.5298663857665953,247.55626278429432,0.0,579.7581664801776,263.2102922629944,0.8849710256263561,0.4506773598054966,0.034442665311961274,3.6571312372456797,0.06493475664611506,0.18150278927515612,45.0,0.0,0.0,14.61565447095959,247.55626278429432,582.2880328659442,False,False,0.0,0.0,False,0.0,2,2,0,True
33,32,0.6799999999999999,30.31591973684021,50.13780431929428,50.18689689270205,43.818554567693944,3.0315919736840207,13.207565242170913,2.4960979384376807,232.1545766351345,0.0,590.2292093373471,263.25938483640215,0.8781763488560799,0.439656883700855,0.03325483648201757,3.740329267159364,0.09309950352096023,0.17402048470874049,46.0,0.0,0.0,2.781547125521481,232.1545766351345,592.7253072757848,False,False,0.0,0.0,False,0.0,3,3,0,True
34,32,0.6799999999999999,30.31591973684021,50.578934775760736,50.18689689270205,43.86846006410769,3.0315919736840207,13.207565242170913,2.319729545341897,223.00359800831674,0.0,561.974735106201,262.8673469533435,0.871284083788227,0.42846796530110465,0.03213424264767774,3.791016152123144,0.06706635155160617,0.1754776578195258,47.0,0.0,0.0,33.85766787909257,223.00359800831674,564.294464651543,False,True,38.93548048018986,0.06454500608667092,False,0.0,2,2,0,True
35,31,0.69,29.368547245063954,50.094592103412225,48.55079795627783,43.112457725140736,2.936854724506395,13.401794142791074,2.3871194972777108,220.35619484413553,0.0,572.7817908617715,261.3235528062091,0.8643472085812501,0.41719580422589253,0.031094097302500148,3.818728075093283,0.06287676547887038,0.17474894981578584,49.0,0.0,0.0,29.952403175731824,220.35619484413553,575.1689103590492,False,False,0.0,0.0,False,0.0,1,1,0,True
36,31,0.69,29.368547245063954,50.46724185250839,48.55079795627783,43.09316859669579,2.936854724506395,13.401794142791074,2.417989770421014,204.52610598183648,0.0,583.5695574888967,259.40710890997855,0.8574005623039538,0.4059004543148822,0.030118961507152417,3.819939373921693,0.043356251542460277,0.17701582860572507,50.0,0.0,0.0,18.216518824113898,204.52610598183648,585.9875472593178,False,False,0.0,0.0,False,0.0,3,3,0,True
37,31,0.69,29.368547245063954,50.99964122984668,48.55079795627783,43.2047248440913,2.936854724506395,13.401794142791074,2.4326907152535906,181.867143830638,0.0,594.4688803634177,256.9582656364097,0.8504868747301446,0.39465086970403274,0.029218242557432127,3.7921824635352825,0.025100829562468768,0.18019776280413302,53.0,0.0,0.0,2.598183379242551,181.867143830638,596.9015710786713,False,False,0.0,0.0,False,0.0,4,4,0,True
38,31,0.69,29.368547245063954,51.51963406191406,48.55079795627783,43.30159569292887,2.936854724506395,13.401794142791074,2.2820883353962254,171.65099453002284,0.0,566.2899808851927,253.98942953077346,0.843652518577151,0.383522117196622,0.02840002622395229,3.7397498459454765,0.013565111552670988,0.18376861006742923,57.0,0.0,0.0,34.114324153235344,171.65099453002284,568.5720692205889,False,True,39.33296465658188,0.06470248223759441,False,0.0,2,2,0,True
39,31,0.69,29.368547245063954,57.910896771502394,48.55079795627783,48.29263199380677,2.936854724506395,13.401794142791074,2.367692548837482,172.72797816702806,0.0,582.2772109094291,244.62933071554895,0.8369367118421425,0.37257778578639106,0.027669943681669543,3.4544584695407856,0.11594530783677628,0.2112352259832316,59.0,0.0,0.0,30.20736361461613,172.72797816702806,584.6449034582665,False,False,0.0,0.0,False,0.0,1,1,0,True
40,31,0.69,29.368547245063954,54.821764843868024,48.55079795627783,45.38140422764783,2.936854724506395,13.401794142791074,2.4076712430397675,164.44802936389905,0.0,595.3532131675065,238.3583638279587,0.8307099102793825,0.3624220887337458,0.0270623479894408,3.306572076466936,0.0321667464345667,0.20590682230588433,60.0,0.0,0.0,22.441843200245593,164.44802936389905,597.7608844105463,False,False,0.0,0.0,False,0.0,2,2,0,True
41,32,0.6799999999999999,30.31591973684021,52.87598192895423,49.94576801716204,43.46040191678775,3.0315919736840207,13.207565242170913,2.4344981852973935,159.51270587117773,0.0,605.4661033737701,235.42814991616652,0.8247509657525335,0.3526946064123549,0.026552414675542296,3.2595903977678553,0.013161036923635978,0.20175343425431685,62.0,0.0,0.0,18.494643808689016,159.51270587117773,607.9006015590675,False,False,0.0,0.0,False,0.0,1,1,0,True
42,32,0.6799999999999999,30.31591973684021,53.50384521633961,49.94576801716204,43.667173516186566,3.0315919736840207,13.207565242170913,2.4477892923058437,154.73553352504456,0.0,615.7857651794322,231.87007271698894,0.8188933651766895,0.343131314650716,0.026099896918759854,3.188880307015407,0.008307847011347286,0.20700329628414443,63.0,0.0,0.0,14.611227431567539,154.73553352504456,618.2335544717381,False,False,0.0,0.0,False,0.0,1,1,0,True
43,32,0.6799999999999999,30.31591973684021,53.92339976907381,49.94576801716204,43.704566914068195,3.0315919736840207,13.207565242170913,2.4545966765645937,156.32477263493237,0.0,626.1428203829762,227.89244096507716,0.8131745374376251,0.33379315343146754,0.025712383032396594,3.1044882416947783,0.0121873396666855,0.21210380262059117,64.0,0.0,0.0,14.611227431567539,156.32477263493237,628.5974170595408,False,False,0.0,0.0,False,0.0,0,0,0,True
44,32,0.6799999999999999,30.31591973684021,54.31401903313291,49.94576801716204,43.7217754060681,3.0315919736840207,13.207565242170913,2.4581948577629262,138.5455226695007,0.0,636.5170840785202,223.5241899491063,0.807615753790645,0.3247146962698221,0.025396526520310794,3.00903288488125,0.01575163745655078,0.21769153529406854,63.0,0.0,0.0,2.9544168179008437,138.5455226695007,638.9752789362831,False,False,0.0,0.0,False,0.0,3,3,0,True
45,32,0.6799999999999999,30.31591973684021,54.85517918858449,49.94576801716204,43.86384624142292,3.0315919736840207,13.207565242170913,2.303314767337528,126.69938319256283,0.0,605.7838507368684,218.61477877768382,0.8022340220982536,0.31592356312405745,0.025158806846262975,2.898839006574871,0.022564007279502068,0.2246093720053101,65.0,0.0,0.0,36.48522993025236,126.69938319256283,608.0871655042059,False,True,41.406407211716626,0.06375183520072658,False,0.0,2,2,0,True
46,32,0.6799999999999999,30.31591973684021,69.34158738995035,49.94576801716204,55.08919453511549,3.0315919736840207,13.207565242170913,2.385727249707194,132.3859244125187,0.0,627.5255335614597,199.21895940489554,0.7970521164366273,0.3074568033039148,0.02500572387060506,2.352063350909046,0.2866857991285505,0.2997647613669124,67.0,0.0,0.0,32.54938784693402,132.3859244125187,629.9112608111669,False,False,0.0,0.0,False,0.0,1,1,0,True
47,40,0.6,37.89489967105026,73.07524483895668,62.28764319728671,57.74134601185637,3.789489967105027,11.65373403720963,2.4998714471771164,127.6676022747839,0.0,643.5824899351607,188.43135776322555,0.7927636821751529,0.3004473356350448,0.02497511113278435,2.0006595706256634,0.2810256330225213,0.3277344542355854,67.0,0.0,0.0,24.732379323467537,127.6676022747839,646.0823613823378,False,False,0.0,0.0,False,0.0,2,2,0,True
48,40,0.6,37.89489967105026,69.00728372239888,62.28764319728671,54.27040652955172,3.789489967105027,11.65373403720963,2.5467997031766156,132.30423687260563,0.0,656.1847032367803,181.7117172381134,0.7890524794051037,0.29438123584868414,0.024944925396815785,1.8133966123408185,0.1441083011744157,0.3213285322000769,69.0,0.0,0.0,24.732379323467537,132.30423687260563,658.7315029399568,False,False,0.0,0.0,False,0.0,0,0,0,True
49,40,0.6,37.89489967105026,68.76206253554577,62.28764319728671,53.843820461018694,3.789489967105027,11.65373403720963,2.569988205049265,136.62337834087924,0.0,668.3603305117701,175.23729789985435,0.7856548370664357,0.2888279494192524,0.02489662067386355,1.6575433971661635,0.10747130836184085,0.32954108006772337,68.0,0.0,0.0,24.732379323467537,136.62337834087924,670.9303187168194,False,False,0.0,0.0,False,0.0,0,0,0,True
50,41,0.5900000000000001,38.84227216282652,69.4233868084012,64.1227087555995,54.144348198742364,3.884227216282653,11.459505136589469,2.589695020636188,140.51542254157195,0.0,679.7943763572654,169.93661984705267,0.7825194078763131,0.28370364714387836,0.024823810071737826,1.5250182964981822,0.09413076386567222,0.3408839876463771,68.0,0.0,0.0,24.732379323467537,140.51542254157195,682.3840713779016,False,False,0.0,0.0,False,0.0,0,0,0,True
51,41,0.5900000000000001,38.84227216282652,69.10518417694144,64.1227087555995,53.69491082650549,3.884227216282653,11.459505136589469,2.5994057285244696,137.49197124386697,0.0,690.7794578086326,164.95414442571075,0.779613145253267,0.2789458604532311,0.02480384552263982,1.41372131275614,0.0685690386560861,0.34827946822989203,68.0,0.0,0.0,20.791842087358816,137.49197124386697,693.3788635371571,False,False,0.0,0.0,False,0.0,1,1,0,True
52,42,0.5800000000000001,39.789644654602775,66.48885630229485,65.51767881648371,51.48060934711257,3.9789644654602787,11.265276235969308,2.6123638011924135,137.89053045678762,0.0,698.5081288058049,163.9829669398996,0.7769010943264376,0.2744978474847227,0.02483014539003497,1.3899420351660166,0.013884133878708408,0.3397345986164314,69.0,0.0,0.0,20.791842087358816,137.89053045678762,701.1204926069972,False,False,0.0,0.0,False,0.0,0,0,0,True
53,42,0.5800000000000001,39.789644654602775,67.2133319144973,65.51767881648371,51.86097823362662,3.9789644654602787,11.265276235969308,2.618601513802897,138.67415495685748,0.0,706.6176415343948,162.287313841886,0.7742395412093475,0.2701308789777431,0.024895837958760086,1.3518237147814693,0.02197245195963212,0.3466131180702392,68.0,0.0,0.0,20.791842087358816,138.67415495685748,709.2362430481977,False,False,0.0,0.0,False,0.0,0,0,0,True
54,42,0.5800000000000001,39.789644654602775,67.44648509652798,65.51767881648371,51.86400466340375,3.9789644654602787,11.265276235969308,2.621812219119923,132.97753427657747,0.0,714.7301812702785,160.35850756184175,0.7716510149254805,0.26588185957613125,0.025001432781250596,1.3111297988793225,0.02086282826007666,0.35198815087430324,68.0,0.0,0.0,16.890225176726513,132.97753427657747,717.3519934893984,False,False,0.0,0.0,False,0.0,1,1,0,True
55,42,0.5800000000000001,39.789644654602775,67.79518923386357,65.51767881648371,51.95896138409505,3.9789644654602787,11.265276235969308,2.6287817803288167,133.7191249928028,0.0,722.9376783639133,158.0809971444619,0.7691392543771258,0.26175697041519375,0.025146395032873064,1.2653162311168422,0.021697946921434674,0.35868966333989544,68.0,0.0,0.0,16.890225176726513,133.7191249928028,725.5664601442421,False,False,0.0,0.0,False,0.0,0,0,0,True
56,42,0.5800000000000001,39.789644654602775,68.01969843446922,65.51767881648371,51.96241198496603,3.9789644654602787,11.265276235969308,2.6323001985906465,121.48665111245299,0.0,731.1486266004952,155.57897752647636,0.7667120221053698,0.2577689758118538,0.025330028780712315,1.2171986963446761,0.020454225988353184,0.3654957433928894,68.0,0.0,0.0,9.093039139408464,121.48665111245299,733.7809267990858,False,False,0.0,0.0,False,0.0,2,2,0,True
57,42,0.5800000000000001,39.789644654602775,68.49559321708165,65.51767881648371,52.161570331544354,3.9789644654602787,11.265276235969308,2.6340920866894066,122.09647762784677,0.0,739.5587337945262,152.60106312587845,0.7643725727967563,0.2539232691184025,0.025551192806180754,1.161436365673914,0.023197444381672684,0.3746152892771072,70.0,0.0,0.0,9.093039139408464,122.09647762784677,742.1928258812156,False,False,0.0,0.0,False,0.0,0,0,0,True
58,42,0.5800000000000001,39.789644654602775,68.70508790360607,65.51767881648371,52.16243966287659,3.9789644654602787,11.265276235969308,2.635013989926546,122.72377476144615,0.0,747.9697109734191,149.41365403875614,0.7621326260166683,0.2502390968333409,0.025808589502032808,1.103978667771829,0.021350793485563246,0.3833100219782063,70.0,0.0,0.0,9.093039139408464,122.72377476144615,750.6047249633456,False,False,0.0,0.0,False,0.0,0,0,0,True
59,42,0.5800000000000001,39.789644654602775,68.94376759595411,65.51767881648371,52.19084297768797,3.9789644654602787,11.265276235969308,2.6354938836567126,110.37560124244969,0.0,756.4090921259486,145.98756525928576,0.7599943998155293,0.2467201643511708,0.026100391943561896,1.0440670275360422,0.020295934132950326,0.3930070918364932,70.0,0.0,0.0,1.2801968941899098,110.37560124244969,759.0445860096054,False,False,0.0,0.0,False,0.0,2,2,0,True
60,42,0.5800000000000001,39.789644654602775,69.49293845347803,65.51767881648371,52.45925574674827,3.9789644654602787,11.265276235969308,2.478154196584377,104.50713957182488,0.0,719.3701076089391,142.01230562229145,0.7579613047234142,0.24337213194493143,0.026424486234887388,0.9754177112885015,0.02400745307660266,0.4058448911868763,72.0,0.0,0.0,43.31089570833141,104.50713957182488,721.8482618055234,False,True,45.90437192714112,0.05979057564929859,False,0.0,1,1,0,True
61,42,0.5800000000000001,39.789644654602775,91.64131006019922,65.51767881648371,68.9945929422349,3.9789644654602787,11.265276235969308,2.5604013836220068,108.53666302314062,0.0,744.6122147242336,115.88867437857591,0.7560467091527716,0.24021696172609844,0.026778528420951443,0.4991730579637763,0.34354168812549235,0.5893688897102074,73.0,0.0,0.0,35.50648601344279,108.53666302314062,747.1726161078556,False,False,0.0,0.0,False,0.0,2,2,0,True
62,47,0.53,44.52650711348406,91.3388542203855,73.19192546922034,68.65267815082079,4.452650711348406,10.294131732868506,2.7911044738718074,121.25610930991928,0.0,764.3028837878107,97.74174562741075,0.7548970546209085,0.23831282965620107,0.027161661944146973,0.20086311788469388,0.25119333801951704,0.662156879093309,75.0,0.0,0.0,35.50648601344279,121.25610930991928,767.0939882616825,False,False,0.0,0.0,False,0.0,0,0,0,True
63,52,0.48,49.26336957236534,94.19669665552863,81.0895896158054,70.72891916931307,4.9263369572365345,9.322987229767703,2.8815834054300136,132.03654921089864,0.0,780.8616044111168,84.63463858768749,0.7542247852691276,0.23719200971500456,0.02750333622305327,-0.01012519826601449,0.2272511902904874,0.747406672425781,75.0,0.0,0.0,35.50648601344279,132.03654921089864,783.7431878165468,False,False,0.0,0.0,False,0.0,0,0,0,True
64,58,0.42000000000000004,54.94760452302288,98.75247487937817,90.29058772682379,74.10784628035721,5.494760452302288,8.15761382604674,2.832787215384845,134.74371014921513,0.0,794.5489563706063,76.17275143513314,0.7538905991708018,0.23662423152807924,0.027844288859522864,-0.14591265769069856,0.22941331404126752,0.81288115171268,76.0,0.0,0.0,31.585797985201143,134.74371014921513,797.3817435859912,False,False,0.0,0.0,False,0.0,1,1,0,True
65,64,0.36,60.63183947368042,102.7713207476485,99.69757228220288,77.10446226800426,6.063183947368042,6.992240422325778,2.5079092638574068,141.69614919798857,0.0,804.9831058697824,73.09900296968752,0.7537714467003492,0.2364117139510784,0.02810021315927884,-0.20782551076965206,0.22210375515157055,0.8336997228854557,78.0,0.0,0.0,31.585797985201143,141.69614919798857,807.4910151336398,False,False,0.0,0.0,False,0.0,0,0,0,True
66,70,0.30000000000000004,66.31607442433796,106.82481727330705,109.00337559525175,80.13948264533614,6.631607442433796,5.826867018604815,2.5281868841152555,147.14062689120806,0.0,812.2129034405577,75.27756129163222,0.7537510239558168,0.2363609781491293,0.028237265225146718,-0.21059331570120493,0.21517352648966553,0.830170326793311,76.0,0.0,0.0,31.585797985201143,147.14062689120806,814.741090324673,False,False,0.0,0.0,False,0.0,0,0,0,True
67,72,0.28,68.21081940789047,107.47234077294507,112.23341121444875,80.62223399577005,6.821081940789047,5.438409217364494,2.778138319607688,151.75741803325883,0.0,817.9545641959836,80.03863173313589,0.7537337000499472,0.23631765333927685,0.02827332489000129,-0.18664750366885152,0.17112255686557884,0.8023876902060236,75.0,0.0,0.0,31.585797985201143,151.75741803325883,820.7327025155913,False,False,0.0,0.0,False,0.0,0,0,0,True
68,74,0.26,70.10556439144298,108.74985464882559,115.46344683364575,81.57419220252054,7.010556439144298,5.0499514161241725,2.865221616195984,155.59941526000935,0.0,822.6832171440086,86.75222391795607,0.7536780670419307,0.23621230031234824,0.0282795533852981,-0.14684247393598204,0.1450762674966241,0.7710651586878006,75.0,0.0,0.0,31.585797985201143,155.59941526000935,825.5484387602046,False,False,0.0,0.0,False,0.0,0,0,0,True
69,72,0.28,68.21081940789047,106.33513217840652,112.23341121444875,79.74906884318784,6.821081940789047,5.438409217364494,2.8986214086502846,159.3684235069038,0.0,827.6665141401734,92.65050295399828,0.7535600126792708,0.23600398237114395,0.028318391605745945,-0.10249880331853815,0.08745350324507956,0.728649855711422,75.0,0.0,0.0,31.585797985201143,159.3684235069038,830.5651355488236,False,False,0.0,0.0,False,0.0,0,0,0,True
70,71,0.29000000000000004,67.26344691611422,104.84657869905249,110.59731227802453,78.61247245247169,6.726344691611421,5.632638117984654,2.9139862633723785,162.9386759898018,0.0,832.5469722111579,98.40123653297033,0.7533715848449605,0.23568135312440494,0.0283272788935929,-0.05489538307443072,0.05343407834681999,0.6939525512001394,74.0,0.0,0.0,31.585797985201143,162.9386759898018,835.4609584745303,False,False,0.0,0.0,False,0.0,0,0,0,True
71,67,0.32999999999999996,63.47395694900919,100.6262173122783,104.57187307363631,75.42176096104747,6.347395694900919,6.409553720465296,2.655002462902412,160.0369074853413,0.0,838.397647522016,102.34689229432837,0.7531065613474043,0.2352364381199618,0.02830374529686961,-0.019243631905690943,0.0016752797786874483,0.6589377232721059,76.0,0.0,0.0,27.685324974149342,160.0369074853413,841.0526499849184,False,False,0.0,0.0,False,0.0,1,1,0,True
72,66,0.33999999999999997,62.526584457232936,96.60064057216579,102.94972558904581,72.37335780054507,6.252658445723293,6.603782621085457,2.646849489071171,161.60321397256163,0.0,842.2317232786341,108.69597731120837,0.7527870317721863,0.23470081963040332,0.028304085228437127,0.047827140313823555,0.039907794935427586,0.6159724541432134,77.0,0.0,0.0,27.685324974149342,161.60321397256163,844.8785727677054,False,False,0.0,0.0,False,0.0,0,0,0,True
73,62,0.38,58.73709449012791,92.71273628687617,96.66150041512708,69.42035749330971,5.87370944901279,7.380698223566099,2.6191245743867553,163.63336901422852,0.0,847.2736285089068,112.64474143945925,0.7523621740413543,0.2339932577684607,0.028323925517358958,0.10312413518432695,0.07100705907220457,0.5831705271326523,77.0,0.0,0.0,27.685324974149342,163.63336901422852,849.8927530832935,False,False,0.0,0.0,False,0.0,0,0,0,True
74,62,0.38,58.73709449012791,92.52037859633259,96.66150041512708,69.22865338103809,5.87370944901279,7.380698223566099,2.6113389030735705,165.54995833291963,0.0,852.1133835766618,116.78586325825376,0.7518508861935124,0.23314508764318392,0.028325347274073594,0.1589368384200426,0.05932533662253457,0.5670582291701183,75.0,0.0,0.0,27.685324974149342,165.54995833291963,854.7247224797354,False,False,0.0,0.0,False,0.0,0,0,0,True
75,62,0.38,58.73709449012791,92.39035854483188,96.66150041512708,69.07615535859154,5.87370944901279,7.380698223566099,2.611703223958049,167.37712978422095,0.0,856.7939148120629,121.05700512854892,0.7512526797600219,0.23215557822387994,0.02830800464461799,0.21470385735655953,0.04914837463751496,0.551650346288778,75.0,0.0,0.0,27.685324974149342,167.37712978422095,859.405618036021,False,False,0.0,0.0,False,0.0,0,0,0,True
76,62,0.38,58.73709449012791,92.29236052214192,96.66150041512708,68.94018103564086,5.87370944901279,7.380698223566099,2.6162291117365255,169.12485469365194,0.0,861.3317055772869,125.4261450215341,0.7505679655996759,0.23102546025162027,0.028271774054927645,0.2702114275010569,0.04053732105158144,0.5369009129776734,75.0,0.0,0.0,27.685324974149342,169.12485469365194,863.9479346890234,False,False,0.0,0.0,False,0.0,0,0,0,True
77,62,0.38,58.73709449012791,92.38442126860672,96.66150041512708,68.93868748011565,5.87370944901279,7.380698223566099,2.622916502557941,170.92333667089946,0.0,865.8611943830537,129.70322416805445,0.74979749809493,0.22975601670441897,0.028216713513262583,0.32316662779794686,0.03156338404651994,0.5240077159130936,75.0,0.0,0.0,27.685324974149342,170.92333667089946,868.4841108856116,False,False,0.0,0.0,False,0.0,0,0,0,True
78,62,0.38,58.73709449012791,92.29489318725561,96.66150041512708,68.79459960502189,5.87370944901279,7.380698223566099,2.6307527379321196,172.6304224478139,0.0,870.2397434237945,134.0698313959259,0.7489456769024028,0.22835448245469805,0.02814323826513031,0.37613446694088537,0.02621490813124675,0.5107840589000021,75.0,0.0,0.0,27.685324974149342,172.6304224478139,872.8704961617266,False,False,0.0,0.0,False,0.0,0,0,0,True
79,62,0.38,58.73709449012791,92.211886795664,96.66150041512708,68.64845540127416,5.87370944901279,7.380698223566099,2.6392203443613322,167.72919590980268,0.0,874.465251871696,138.51944501538898,0.7480128136258362,0.2268213966594077,0.02805166929112646,0.4291687415555178,0.021834615719331766,0.49802684090676996,75.0,0.0,0.0,23.77829073052022,167.72919590980268,877.1044722160573,False,False,0.0,0.0,False,0.0,1,1,0,True
80,62,0.38,58.73709449012791,90.83549329655362,96.66150041512708,67.53381653429575,5.87370944901279,7.380698223566099,2.6480524617041583,161.62672861063015,0.0,877.569179892287,144.3454521339624,0.7469991386201091,0.22515715636679032,0.027942438208087318,0.49993410145160916,0.0320913392952943,0.47723848743543407,76.0,0.0,0.0,19.903313086648552,161.62672861063015,880.2172323539912,False,False,0.0,0.0,False,0.0,1,1,0,True
81,62,0.38,58.73709449012791,91.51083955727374,96.66150041512708,67.93575448252989,5.87370944901279,7.380698223566099,2.6571105721821366,155.72128552954615,0.0,881.0680580677026,149.49611299181575,0.7458768175249891,0.22331626074644245,0.027814324519831037,0.5601289203920048,0.01842967940966806,0.4672300034650127,75.0,0.0,0.0,16.010136611080597,155.72128552954615,883.7251686398847,False,False,0.0,0.0,False,0.0,1,1,0,True
82,62,0.38,58.73709449012791,91.7915506515519,96.66150041512708,68.03566298737107,5.87370944901279,7.380698223566099,2.6663216259423304,156.235367880315,0.0,884.6598111621224,154.3660627553909,0.7446631139912221,0.22132693907201095,0.027669025917077483,0.6155387705042358,0.01165479376495265,0.4569174782757818,76.0,0.0,0.0,16.010136611080597,156.235367880315,887.3261327880648,False,False,0.0,0.0,False,0.0,0,0,0,True
83,62,0.38,58.73709449012791,92.10104613097997,96.66150041512708,68.14887465459049,5.87370944901279,7.380698223566099,2.6756472114401566,150.35415902983652,0.0,888.3576959678218,158.92651703953806,0.7433660302974049,0.2192022663456675,0.027507770851948506,0.6659575031421392,0.005903234418610131,0.4479084139653294,76.0,0.0,0.0,12.09611822003917,150.35415902983652,891.0333431792619,False,False,0.0,0.0,False,0.0,1,1,0,True
84,62,0.38,58.73709449012791,92.57073982456565,96.66150041512708,68.37300342566903,5.87370944901279,7.380698223566099,2.6850670239970547,137.89978708962943,0.0,892.2725828511047,163.01727763009947,0.7419938680178608,0.21695579656448105,0.027331902587081264,0.7093212896524668,0.002374737626550812,0.44089791099983067,75.0,0.0,0.0,4.204749387604849,137.89978708962943,894.9576498751018,False,False,0.0,0.0,False,0.0,2,2,0,True
85,62,0.38,58.73709449012791,92.8991143489232,96.66150041512708,68.48606349881108,5.87370944901279,7.380698223566099,2.694570339530225,138.35406044515315,0.0,896.2933560684813,166.77966369630334,0.7405581789006426,0.21460638725633724,0.027143064999674883,0.7479269591120449,0.004639310552094121,0.4343328890849697,76.0,0.0,0.0,4.204749387604849,138.35406044515315,898.9879264080115,False,False,0.0,0.0,False,0.0,0,0,0,True
86,62,0.38,58.73709449012791,93.08922502477668,96.66150041512708,68.49152927999651,5.87370944901279,7.380698223566099,2.7041516188087877,138.82691152950164,0.0,900.3123738743018,170.35193908665372,0.7390668191737009,0.21216684668607258,0.02694270986643046,0.7839336355033838,0.005633892870889268,0.4278882287192536,75.0,0.0,0.0,4.204749387604849,138.82691152950164,903.0165254931105,False,False,0.0,0.0,False,0.0,0,0,0,True
87,62,0.38,58.73709449012791,93.38373615775993,96.66150041512708,68.56852750999052,5.87370944901279,7.380698223566099,2.7138081169117765,139.3904024807413,0.0,904.4011208710164,173.62970334402087,0.7375241834815774,0.20964431783505616,0.02673209222098251,0.8159153215221151,0.007452938127666081,0.42259853556782245,74.0,0.0,0.0,4.204749387604849,139.3904024807413,907.1149289879281,False,False,0.0,0.0,False,0.0,0,0,0,True
88,62,0.38,58.73709449012791,93.81725889423211,96.66150041512708,68.74249393382492,5.87370944901279,7.380698223566099,2.7235385706717854,140.14409716852813,0.0,908.6565170945914,176.47394486491586,0.735936918528704,0.20704961776864947,0.026512665277485654,0.8420095679250792,0.010675987902605141,0.41877460165964847,73.0,0.0,0.0,4.204749387604849,140.14409716852813,911.3800556652632,False,False,0.0,0.0,False,0.0,0,0,0,True
89,62,0.38,58.73709449012791,94.24892386995583,96.66150041512708,68.91059790660793,5.87370944901279,7.380698223566099,2.7333425323497584,141.08758202349242,0.0,913.0726516263551,178.88652141008706,0.7343146069647735,0.2043983557123644,0.026286121615797815,0.8624750478304817,0.013205660655836667,0.4158422250581835,73.0,0.0,0.0,4.204749387604849,141.08758202349242,915.8059941587048,False,False,0.0,0.0,False,0.0,0,0,0,True
90,62,0.38,58.73709449012791,94.46296125737652,96.66150041512708,68.9162132090768,5.87370944901279,7.380698223566099,2.7432200316995927,142.063805875983,0.0,917.4869869725121,181.08506056783764,0.7326663819472302,0.20170540121622443,0.02605413422692331,0.8806508685278048,0.0128664525821857,0.4126110263837853,73.0,0.0,0.0,4.204749387604849,142.063805875983,920.2302070042117,False,False,0.0,0.0,False,0.0,0,0,0,True
91,62,0.38,58.73709449012791,94.68078019227302,96.66150041512708,68.92186520683421,5.87370944901279,7.380698223566099,2.7531713927186336,136.5136554719714,0.0,921.8995105977783,183.0657807906917,0.7309960308065129,0.19897688379707215,0.025817984917823403,0.8964785819069598,0.012633943197186016,0.4098432957432244,72.0,0.0,0.0,0.2686963456113247,136.5136554719714,924.652681990497,False,False,0.0,0.0,False,0.0,1,1,0,True
92,62,0.38,58.73709449012791,94.93679245763344,96.66150041512708,68.95285062216209,5.87370944901279,7.380698223566099,2.763197073232612,137.39567083602654,0.0,926.3355063431643,184.79048874818528,0.7293074199823363,0.19621905828841313,0.025578965104082956,0.9094125993063835,0.012852355315589462,0.40770274349958574,71.0,0.0,0.0,0.2686963456113247,137.39567083602654,929.0987034163969,False,False,0.0,0.0,False,0.0,0,0,0,True
93,62,0.38,58.73709449012791,95.16516108346387,96.66150041512708,68.96167712051142,5.87370944901279,7.380698223566099,2.7732976066732924,138.3118773380396,0.0,930.7727653733929,186.28682807984848,0.7276052689704207,0.19343956998264464,0.02533842694328215,0.9198910749686995,0.012724532345624711,0.4058958915123105,70.0,0.0,0.0,0.2686963456113247,138.3118773380396,933.5460629800662,False,False,0.0,0.0,False,0.0,0,0,0,True
94,62,0.38,58.73709449012791,95.42233393729579,96.66150041512708,68.98963603362995,5.87370944901279,7.380698223566099,2.783473580186789,139.28238772270257,0.0,935.2303698264705,187.52599455767978,0.725893581985102,0.19064489265656245,0.025097657548831094,0.9275141379662257,0.012922658527066292,0.4046504367138519,70.0,0.0,0.0,0.2686963456113247,139.28238772270257,938.0138434066572,False,False,0.0,0.0,False,0.0,0,0,0,True
95,62,0.38,58.73709449012791,95.91993257914609,96.66150041512708,69.18963807442297,5.87370944901279,7.380698223566099,2.793725608587682,140.48080168324032,0.0,939.8803122033543,188.26756239366074,0.7241769833507786,0.1878425109950474,0.02485797447761872,0.9288821304635586,0.015617414527463366,0.40507736572588504,69.0,0.0,0.0,0.2686963456113247,140.48080168324032,942.674037811942,False,False,0.0,0.0,False,0.0,0,0,0,True
96,62,0.38,58.73709449012791,96.53718344477036,96.66150041512708,69.47448960629941,5.87370944901279,7.380698223566099,2.8478236813445754,142.04226805861597,0.0,944.8073910436791,188.39187936401746,0.7224654845912059,0.18504871023712502,0.024621073991376752,0.9225673248568995,0.01899558548579258,0.40695955394881517,69.0,0.0,0.0,0.2686963456113247,142.04226805861597,947.6552147250237,False,False,0.0,0.0,False,0.0,0,0,0,True
97,62,0.38,58.73709449012791,96.89509997332448,96.66150041512708,69.57263625398564,5.87370944901279,7.380698223566099,2.885108865884696,143.72981051093728,0.0,949.8286949398886,188.15827980582006,0.7207713240908149,0.18228341461255582,0.02438876697936897,0.9126160192127124,0.018912363077977973,0.40858316516954807,69.0,0.0,0.0,0.2686963456113247,143.72981051093728,952.7138038057733,False,False,0.0,0.0,False,0.0,0,0,0,True
98,62,0.38,58.73709449012791,97.13893241120985,96.66150041512708,69.58996490940575,5.87370944901279,7.380698223566099,2.7230666665604146,132.4311019837863,0.0,893.7093599874182,187.68084780973723,0.7191002515010071,0.17955594901181632,0.02416231221495674,0.9006806724631693,0.017634577485465954,0.4102469981141302,69.0,0.0,0.0,53.785945599238715,132.4311019837863,896.4324266539786,False,True,61.34061310802857,0.06404504048607468,False,0.0,2,2,0,True
99,62,0.38,58.73709449012791,116.13831471878815,96.66150041512708,83.0152801098391,5.87370944901279,7.380698223566099,2.8280785168624907,140.835999915234,0.0,912.1635973276063,168.20403350607623,0.7174553632219147,0.17687130453933883,0.023942724011867346,0.6339044947747994,0.21240845397636576,0.5121929859788449,71.0,0.0,0.0,49.875327901060714,140.835999915234,914.9916758444689,False,False,0.0,0.0,False,0.0,1,1,0,True
100,62,0.38,58.73709449012791,109.42096326920861,96.66150041512708,78.08511547083043,5.87370944901279,7.380698223566099,2.8849367116705276,151.021064846444,0.0,925.6863051422437,155.44457065199467,0.716241843962335,0.17489142128205185,0.023760580473521177,0.48196518939980865,0.09493525142099238,0.5197207317727796,71.0,0.0,0.0,49.875327901060714,151.021064846444,928.5712418539142,False,False,0.0,0.0,False,0.0,0,0,0,True
101,62,0.38,58.73709449012791,108.26014130936295,96.66150041512708,77.1556983976935,5.87370944901279,7.380698223566099,2.9178829920064606,147.52161817917292,0.0,938.2758701666493,143.8459297577588,0.7152751569773341,0.1733148791062881,0.023601375304158553,0.35461994320258666,0.06280947632080693,0.5459796336335494,68.0,0.0,0.0,42.061539951652136,147.52161817917292,941.1937531586557,False,False,0.0,0.0,False,0.0,2,2,0,True
102,62,0.38,58.73709449012791,106.45151696858821,96.66150041512708,75.78895053330417,5.87370944901279,7.380698223566099,2.938153358083647,155.56548536139888,0.0,949.4949241071367,134.0559132042977,0.7145151107371228,0.17207603131759155,0.023462024819202818,0.25468112241798296,0.0318934480870471,0.5676636339738637,70.0,0.0,0.0,42.061539951652136,155.56548536139888,952.4330774652204,False,False,0.0,0.0,False,0.0,0,0,0,True
103,63,0.37,59.684466981904166,106.4895025739515,98.49656597343986,75.75511921437015,5.968446698190416,7.186469322945938,2.9894133947772814,156.50719357527177,0.0,959.6338976388247,126.06297660378604,0.7139172227054804,0.17110220842410323,0.02333931962598728,0.16985140286112815,0.02564083409274718,0.5928641874455606,69.0,0.0,0.0,38.17240335371054,156.50719357527177,962.623311033602,False,False,0.0,0.0,False,0.0,1,1,0,True
104,67,0.32999999999999996,63.47395694900919,108.98741496136006,104.69915814968445,77.4835089533156,6.347395694900919,6.409553720465296,3.059065007272014,155.82160625005073,0.0,967.3294241434812,121.77471979211043,0.7134599517208844,0.17035300643069573,0.02328196461942217,0.11758616340862944,0.044259113094321303,0.6174977241487859,67.0,0.0,0.0,34.27754180539046,155.82160625005073,970.3884891507532,False,False,0.0,0.0,False,0.0,1,1,0,True
105,72,0.28,68.21081940789047,113.2095375973724,112.23341121444875,80.44372424288066,6.821081940789047,5.438409217364494,3.01957792681954,153.7234828850519,0.0,972.7736108850074,120.79859340918681,0.7130908754714824,0.16974284387135166,0.02326306601231553,0.09209935431538403,0.0750137851999926,0.6372509592852447,67.0,0.0,0.0,30.37993891022219,153.7234828850519,975.793188811827,False,False,0.0,0.0,False,0.0,1,1,0,True
106,72,0.28,68.21081940789047,111.47445128446063,112.23341121444875,79.17463745120418,6.821081940789047,5.438409217364494,2.941858850191155,156.75394104422531,0.0,976.9481496370532,121.55755333917493,0.7127638445030346,0.16920154314585778,0.023246628148200638,0.08959934493876989,0.04259253425738534,0.6278067101276836,68.0,0.0,0.0,30.37993891022219,156.75394104422531,979.8900084872444,False,False,0.0,0.0,False,0.0,0,0,0,True
107,72,0.28,68.21081940789047,111.12799671532218,112.23341121444875,78.89309628971455,6.821081940789047,5.438409217364494,2.9751994495471648,159.7007400912048,0.0,980.8406961155438,122.66296783830148,0.7124421091015793,0.16866908193152463,0.02323010445118751,0.09281672220192674,0.030405831989395986,0.6225216404836215,68.0,0.0,0.0,30.37993891022219,159.7007400912048,983.815895565091,False,False,0.0,0.0,False,0.0,0,0,0,True
108,72,0.28,68.21081940789047,110.92537375644835,112.23341121444875,78.71343589004898,6.821081940789047,5.438409217364494,2.992795502184441,162.53655488718755,0.0,984.553581501413,123.97100529630191,0.7121165293126225,0.16813056707978424,0.023212759577386013,0.09956740284503032,0.02219260392794051,0.6171513530202996,67.0,0.0,0.0,30.37993891022219,162.53655488718755,987.5463770035974,False,False,0.0,0.0,False,0.0,0,0,0,True
109,72,0.28,68.21081940789047,110.76108180240757,112.23341121444875,78.56007603592835,6.821081940789047,5.438409217364494,3.002151986648867,158.73649477624232,0.0,988.1131068283054,125.44333470834307,0.7117814796538144,0.16757684460275638,0.023194114007509443,0.10905229615651142,0.016084270742236485,0.6114492706474088,65.0,0.0,0.0,26.446628629096196,158.73649477624232,991.1152588149542,False,False,0.0,0.0,False,0.0,1,1,0,True
110,72,0.28,68.21081940789047,108.49560462838942,112.23341121444875,76.91574512059877,6.821081940789047,5.438409217364494,3.0071645197849506,159.7344109340274,0.0,990.0283012825688,129.1811412944024,0.7114326322869006,0.16700087634369626,0.023173796539199484,0.14391502072653167,0.007947891247117467,0.5903954453627973,66.0,0.0,0.0,26.446628629096196,159.7344109340274,993.0354658023538,False,False,0.0,0.0,False,0.0,0,0,0,True
111,72,0.28,68.21081940789047,108.97057999344474,112.23341121444875,77.20901208365045,6.821081940789047,5.438409217364494,3.0098699109160214,154.4862724013445,0.0,992.2367627234171,132.44397251540641,0.7110296973008575,0.16633682214507356,0.02314919022966405,0.17326305353238286,0.0021696085557933267,0.5818451684846926,66.0,0.0,0.0,22.507266624220037,154.4862724013445,995.2466326343331,False,False,0.0,0.0,False,0.0,1,1,0,True
112,72,0.28,68.21081940789047,106.85878625193867,112.23341121444875,75.66537981209478,6.821081940789047,5.438409217364494,3.0113407434319583,147.6481006186131,0.0,992.9015920165914,137.81859747791648,0.7105816578365222,0.16559939167761573,0.02312084926647581,0.22599187246655342,0.020921076003875688,0.5576652070789565,67.0,0.0,0.0,18.63101548807324,147.6481006186131,995.9129327600233,False,False,0.0,0.0,False,0.0,1,1,0,True
113,72,0.28,68.21081940789047,107.56489330455845,112.23341121444875,76.10897788781672,6.821081940789047,5.438409217364494,3.012146145343275,141.04704641181408,0.0,994.0100194020083,142.4871153878068,0.7100515398803708,0.1647281549027248,0.02308642410630321,0.2700841022278303,0.010221167639995036,0.5469795244505511,68.0,0.0,0.0,14.748817341155924,141.04704641181408,997.0221655473516,False,False,0.0,0.0,False,0.0,1,1,0,True
114,72,0.28,68.21081940789047,108.30432707024818,112.23341121444875,76.56813183567749,6.821081940789047,5.438409217364494,3.0125901866976985,134.6835457195168,0.0,995.5776008145668,146.41619953200737,0.7094534180325379,0.16374613076517835,0.02304687074042158,0.3054015195267226,0.0015467427536945426,0.5389360768494267,69.0,0.0,0.0,10.847341905152707,134.6835457195168,998.5901910012645,False,False,0.0,0.0,False,0.0,1,1,0,True
115,72,0.28,68.21081940789047,108.78399407923027,112.23341121444875,76.83714762942901,6.821081940789047,5.438409217364494,3.012836575321433,134.90901757808496,0.0,997.4141981545179,149.86561666722585,0.7088015285730325,0.1626765976610444,0.023003168180371066,0.3351903768337251,0.0034381243936641914,0.53155470585785,70.0,0.0,0.0,10.847341905152707,134.90901757808496,1000.4270347298393,False,False,0.0,0.0,False,0.0,0,0,0,True
116,72,0.28,68.21081940789047,109.09708459571125,112.23341121444875,76.9831797917662,6.821081940789047,5.438409217364494,3.0129741029562345,135.28687233437907,0.0,999.3968278214314,153.00194328596334,0.708104889496936,0.16153429879489672,0.022955973486244757,0.3615411764597634,0.005584909503444315,0.5246442129297533,70.0,0.0,0.0,10.847341905152707,135.28687233437907,1002.4098019243877,False,False,0.0,0.0,False,0.0,0,0,0,True
117,72,0.28,68.21081940789047,109.3353520175486,112.23341121444875,77.07181779701486,6.821081940789047,5.438409217364494,3.013051274156603,129.24475123752535,0.0,1001.4680956746485,155.90000248286353,0.7073691598802936,0.16032848200123945,0.02290574442786398,0.3854116550826562,0.006646956974214217,0.5182812119891093,70.0,0.0,0.0,6.935714710931881,129.24475123752535,1004.4811469488051,False,False,0.0,0.0,False,0.0,1,1,0,True
118,72,0.28,68.21081940789047,109.82720916151045,112.23341121444875,77.33489191504763,6.821081940789047,5.438409217364494,3.0130947694807184,123.29047810256398,0.0,1003.8024378363605,158.30620453580184,0.706598454728787,0.15906586668430764,0.022852858048099587,0.40395074885849347,0.009819776167293164,0.514169707201191,71.0,0.0,0.0,3.0228305575155914,123.29047810256398,1006.8155326058412,False,False,0.0,0.0,False,0.0,1,1,0,True
119,72,0.28,68.21081940789047,110.00734913781501,112.23341121444875,77.37509645420194,6.821081940789047,5.438409217364494,3.01311935289522,123.72728337301673,0.0,1006.176984752294,160.53226661243556,0.705801405453902,0.15776055076363915,0.022798000311487394,0.42091185239135215,0.009468316176569626,0.5095182576457784,72.0,0.0,0.0,3.0228305575155914,123.72728337301673,1009.1901041051892,False,False,0.0,0.0,False,0.0,0,0,0,True
120,72,0.28,68.21081940789047,110.13572711735735,112.23341121444875,77.37606802688224,6.821081940789047,5.438409217364494,2.841257532076449,117.68126982197424,0.0,950.6387030806065,162.629950709527,0.7049806421071896,0.15641681906883614,0.022741481310151718,0.4368806515022846,0.008712801751350138,0.5050929837013338,72.0,0.0,0.0,57.208797636760984,117.68126982197424,953.479960612683,False,True,58.08447305895118,0.057420438209876884,False,0.0,1,1,0,True
121,72,0.28,68.21081940789047,132.02163577772416,112.23341121444875,92.6421004638016,6.821081940789047,5.438409217364494,2.9233019737115917,113.8632869244071,0.0,968.2749343576581,142.8417261462516,0.7041378545938852,0.15503741615035158,0.02268356678224916,0.21167537365259032,0.2070344371804395,0.6311819570537568,73.0,0.0,0.0,45.542918053585964,113.8632869244071,971.1982363313697,False,False,0.0,0.0,False,0.0,3,3,0,True
122,72,0.28,68.21081940789047,125.28235338385429,112.23341121444875,87.85346761736079,6.821081940789047,5.438409217364494,2.9680794952844147,124.5531652460733,0.0,981.1196177555056,129.79278397684604,0.7036565147288892,0.15424911313553072,0.02264909309425928,0.07974331446557613,0.0990320957939408,0.6501968669104172,76.0,0.0,0.0,45.542918053585964,124.5531652460733,984.08769725079,False,False,0.0,0.0,False,0.0,0,0,0,True
123,73,0.27,69.15819189966673,124.67249048047228,114.06847677276154,87.3926480802591,6.9158191899666726,5.244180316744333,3.000242673472114,134.22798647285381,0.0,992.4584405966884,119.18877026913529,0.7033867564668256,0.1538070086021755,0.022627974965100953,-0.025873010447416578,0.0720400734347377,0.6869670308921185,75.0,0.0,0.0,45.542918053585964,134.22798647285381,995.4586832701606,False,False,0.0,0.0,False,0.0,0,0,0,True
124,76,0.24,72.0003093749955,126.51773694875013,118.82839764777202,88.67267276184779,7.20003093749955,4.6614936148838515,2.9081339443966034,142.7920959680691,0.0,1001.9480082207041,111.49943096815721,0.7032886518877725,0.15364123005842342,0.022662015219955332,-0.10498012095324707,0.07213881370980968,0.7253622280544172,74.0,0.0,0.0,45.542918053585964,142.7920959680691,1004.8561421651007,False,False,0.0,0.0,False,0.0,0,0,0,True
125,87,0.13,82.42140678453431,137.11132729060472,135.62840519442463,96.09918011829298,8.242140678453433,2.5249757080620863,2.5408735010371544,142.88324117956478,0.0,1007.3979006625096,110.01650887197712,0.7033206405156611,0.15368170488409408,0.022749358401754932,-0.1388438777600071,0.14502320150722348,0.7670222793551444,74.0,0.0,0.0,41.617123911771074,142.88324117956478,1009.9387741635468,False,False,0.0,0.0,False,0.0,1,1,0,True
126,93,0.06999999999999995,88.10564173519185,141.25689645017636,145.07133401449968,99.01555532461502,8.810564173519186,1.3596023043411234,2.707584527321134,141.38730066947102,0.0,1009.5268851654309,113.83094643630047,0.703406653770641,0.15380998899715606,0.022792190259285684,-0.1375035077039155,0.1457402256563476,0.7663728327354249,72.0,0.0,0.0,37.71969426429787,141.38730066947102,1012.2344696927521,False,False,0.0,0.0,False,0.0,1,1,0,True
127,93,0.06999999999999995,88.10564173519185,140.09291937633208,144.9131672308815,98.20892151813412,8.810564173519188,1.3596023043411234,2.5982582944878696,145.2613401248529,0.0,1010.9293789166239,118.65119429084993,0.7034904998218561,0.15393423505954257,0.022871292315128505,-0.11797261502875996,0.10346685152712484,0.7419110096522832,73.0,0.0,0.0,37.71969426429787,145.2613401248529,1013.5276372111118,False,False,0.0,0.0,False,0.0,0,0,0,True
128,93,0.06999999999999995,88.10564173519185,139.4172951969834,145.2122983714049,97.74070832079627,8.810564173519188,1.3596023043411234,2.5839702090787897,148.87296219690404,0.0,1011.9705062021889,124.44619746527145,0.7035421587249129,0.15400719807925953,0.02292792762675314,-0.09113507050894239,0.07542823992838138,0.7187490144801602,73.0,0.0,0.0,37.71969426429787,148.87296219690404,1014.5544764112676,False,False,0.0,0.0,False,0.0,0,0,0,True
129,92,0.07999999999999996,87.15826924341559,138.0439545566476,143.3772328130921,96.77676688341965,8.715826924341561,1.553831204961284,2.6606394861091482,152.56298015886972,0.0,1013.076716254661,129.77947572171593,0.7035528329473186,0.15401011604086434,0.023009495750259196,-0.06042974912521404,0.04866545907975885,0.6945160428995083,71.0,0.0,0.0,37.71969426429787,152.56298015886972,1015.7373557407702,False,False,0.0,0.0,False,0.0,0,0,0,True
130,91,0.08999999999999997,86.21089675163934,136.8301307196498,141.8412983953027,95.9183719687967,8.621089675163935,1.7480601055814444,2.7177529372435947,156.32865610211337,0.0,1014.3535580032791,134.79064339736885,0.7035139466088429,0.15393324303337885,0.023074874299755334,-0.029432331701798754,0.029199124745014644,0.6732457295728942,71.0,0.0,0.0,37.71969426429787,156.32865610211337,1017.0713109405227,False,False,0.0,0.0,False,0.0,0,0,0,True
131,88,0.12,83.36877927631056,133.32833886113534,137.33121292576732,93.44999423808856,8.33687792763106,2.3307468074419257,2.7345750062134315,160.2372026176495,0.0,1016.2769801244721,138.79351746200084,0.7034253727185026,0.15377616565557148,0.02313111496167217,-0.0015186227190213217,0.003103635968841125,0.649512194277357,71.0,0.0,0.0,37.71969426429787,160.2372026176495,1019.0115551306855,False,False,0.0,0.0,False,0.0,0,0,0,True
132,87,0.13,82.42140678453433,132.06144576192315,135.686407459408,92.54231569378611,8.242140678453433,2.5249757080620863,2.545714991698505,157.50701056808583,0.0,1018.321193892109,142.41847915948568,0.7032939089582568,0.15354724328599448,0.02320822548522965,0.027241214992981266,0.01198748124913123,0.6340617784221261,70.0,0.0,0.0,33.828536618236846,157.50701056808583,1020.8669088838076,False,False,0.0,0.0,False,0.0,1,1,0,True
133,84,0.16000000000000003,79.57928930920555,127.3327727864458,131.27648650850742,89.20406004362096,7.957928930920557,3.107662409922568,2.466423030458473,160.49866969566565,0.0,1020.2406684742649,146.36219288154732,0.7031171806088639,0.15324458863124962,0.023275294533456326,0.06265817113323283,0.045063694062948786,0.6080298162018158,72.0,0.0,0.0,33.828536618236846,160.49866969566565,1022.7070915047234,False,False,0.0,0.0,False,0.0,0,0,0,True
134,82,0.18000000000000005,77.68454432565304,125.03764640730583,127.80532201377042,87.56439133047408,7.768454432565305,3.496120211162889,2.3228554100407446,163.567908649282,0.0,1022.5865121608963,149.1298684880119,0.7028876550259642,0.1528512245011156,0.02337709929945092,0.09555929198647163,0.05362808888484403,0.5920479712412158,71.0,0.0,0.0,33.828536618236846,163.567908649282,1024.909367570937,False,False,0.0,0.0,False,0.0,0,0,0,True
135,82,0.18000000000000005,77.68454432565304,124.55864469572413,127.80532201377042,87.19111946268737,7.768454432565305,3.496120211162889,2.3411139149345033,166.51368433289807,0.0,1024.5485054680548,152.37654580605823,0.7026060325856742,0.15237408032089322,0.023465778277954905,0.13109726661887028,0.046874540236059574,0.5810896344875249,71.0,0.0,0.0,33.828536618236846,166.51368433289807,1026.8896193829894,False,False,0.0,0.0,False,0.0,0,0,0,True
136,82,0.18000000000000005,77.68454432565304,124.28013182927629,127.80532201377042,86.95181892986923,7.768454432565305,3.496120211162889,2.3560720242788373,169.30126619438758,0.0,1026.2614255934639,155.9017359905524,0.7022682706504701,0.15180666783155727,0.023540177102718995,0.16766994934421803,0.03986751619190615,0.5704011030079952,71.0,0.0,0.0,33.828536618236846,169.30126619438758,1028.6174976177426,False,False,0.0,0.0,False,0.0,0,0,0,True
137,82,0.18000000000000005,77.68454432565304,123.93455252272759,127.80532201377042,86.65908283619463,7.768454432565305,3.496120211162889,2.3694435105590914,171.874401602476,0.0,1027.6717608974134,159.7725054815952,0.7018728987488194,0.1511466895531082,0.023599412469709258,0.20614213462907416,0.03472367765806787,0.5589911467134561,71.0,0.0,0.0,33.828536618236846,171.874401602476,1030.0412044079724,False,False,0.0,0.0,False,0.0,0,0,0,True
138,82,0.18000000000000005,77.68454432565304,123.66620390242855,127.80532201377042,86.41355705496424,7.768454432565305,3.496120211162889,2.3820783665676264,174.27500802740917,0.0,1028.8266516688445,163.91162359293705,0.7014170907587918,0.15038961105194054,0.023642666562581,0.24596246890739298,0.029972966529971123,0.5475981810454265,71.0,0.0,0.0,33.828536618236846,174.27500802740917,1031.2087300354121,False,False,0.0,0.0,False,0.0,0,0,0,True
139,82,0.18000000000000005,77.68454432565304,123.56056409040757,127.80532201377042,86.2746456704948,7.768454432565305,3.496120211162889,2.3943971402525435,176.60517828393805,0.0,1029.8326455743936,168.15638151629994,0.7008989194817736,0.1495323500526588,0.023669310693291354,0.2857140378352652,0.024862890231867402,0.5369194280150082,70.0,0.0,0.0,33.828536618236846,176.60517828393805,1032.2270427146461,False,False,0.0,0.0,False,0.0,0,0,0,True
140,82,0.18000000000000005,77.68454432565304,123.53140311357294,127.80532201377042,86.18200704343921,7.768454432565305,3.496120211162889,2.406607115854486,172.3783026788153,0.0,1030.7359503594919,172.43030041649743,0.700318728144463,0.14857551904322158,0.023678992997211334,0.3247999929871258,0.02013973107385911,0.5268424926045353,70.0,0.0,0.0,29.90989319513787,172.3783026788153,1033.1425574753464,False,False,0.0,0.0,False,0.0,1,1,0,True
141,82,0.18000000000000005,77.68454432565304,121.84544912995854,127.80532201377042,84.92757071910964,7.768454432565305,3.496120211162889,2.4293440915240794,166.8346772472521,0.0,1030.3747041000972,178.3901733003093,0.6996778185230464,0.14752127858637515,0.02367156896169864,0.3798260562753926,0.029534736651113325,0.5084026448902821,70.0,0.0,0.0,26.020190540234594,166.8346772472521,1032.8040481916214,False,False,0.0,0.0,False,0.0,1,1,0,True
142,82,0.18000000000000005,77.68454432565304,120.2300293973567,127.80532201377042,83.71459368516547,7.768454432565305,3.496120211162889,2.4631727118874682,166.4132022034324,0.0,1028.7915171525974,185.96546591672305,0.6989511119617274,0.14632863502807658,0.02364537834747642,0.45010460264301627,0.036598980858346765,0.4877716057048837,70.0,0.0,0.0,26.020190540234594,166.4132022034324,1031.2546898644848,False,False,0.0,0.0,False,0.0,0,0,0,True
143,82,0.18000000000000005,77.68454432565304,121.25277637074048,127.80532201377042,84.32619618990036,7.768454432565305,3.496120211162889,2.485793083419356,166.58005844066034,0.0,1027.811701025075,192.518011559753,0.6981147354310302,0.14495855881216552,0.023598895260989884,0.5085443330335152,0.02109027440814533,0.47813380995470983,70.0,0.0,0.0,26.020190540234594,166.58005844066034,1030.2974941084944,False,False,0.0,0.0,False,0.0,0,0,0,True
144,82,0.18000000000000005,77.68454432565304,121.44720636382115,127.80532201377042,84.35025124701015,7.768454432565305,3.496120211162889,2.503342262695641,166.77069643445827,0.0,1026.8460127291228,198.8761272097023,0.6971879852547783,0.14344257780092803,0.02353353297516584,0.564057252240063,0.015270104383940247,0.4669597952820418,68.0,0.0,0.0,26.020190540234594,166.77069643445827,1029.3493549918185,False,False,0.0,0.0,False,0.0,0,0,0,True
145,82,0.18000000000000005,77.68454432565304,121.60755433243064,127.80532201377042,84.34041482014096,7.768454432565305,3.496120211162889,2.518223085806472,166.95431026279783,0.0,1025.8605065011525,205.0738948910421,0.6961759250572893,0.14178892822756375,0.023449958747300482,0.6171600954964646,0.010866894870549426,0.4565266374496885,68.0,0.0,0.0,26.020190540234594,166.95431026279783,1028.378729586959,False,False,0.0,0.0,False,0.0,0,0,0,True
146,81,0.18999999999999995,76.73717183387679,120.58493811048154,126.41035195288622,83.50167397003545,7.67371718338768,3.6903491117830494,2.525231349026045,167.14447190802196,0.0,1025.0683294699388,210.8993087334468,0.695082787400471,0.14000446808217143,0.02334893365969184,0.6692181027326187,0.016976228871955216,0.44361202979173575,68.0,0.0,0.0,26.020190540234594,167.14447190802196,1027.5935608189648,False,False,0.0,0.0,False,0.0,0,0,0,True
147,81,0.18999999999999995,76.73717183387679,120.84753304296888,126.41035195288622,83.54469535764503,7.67371718338768,3.6903491117830494,2.5345881445815093,160.8853412537618,0.0,1024.309082680204,216.4621276433641,0.6939126119818991,0.13809247850151135,0.023236005430171142,0.7175332526394805,0.011378494697333857,0.4353918417226863,68.0,0.0,0.0,22.12011151792825,160.8853412537618,1026.8436708247855,False,False,0.0,0.0,False,0.0,1,1,0,True
148,81,0.18999999999999995,76.73717183387679,120.72303682297635,126.41035195288622,83.3116677175764,7.67371718338768,3.6903491117830494,2.566970906345148,147.595073285073,0.0,1023.3066595462412,222.14944277327402,0.6926717267631229,0.13606323639249296,0.023112368343126768,0.7665231459309976,0.010061236516913302,0.42638566949928086,67.0,0.0,0.0,14.23492679911238,147.595073285073,1025.8736304525864,False,False,0.0,0.0,False,0.0,2,2,0,True
149,81,0.18999999999999995,76.73717183387679,121.61873817112988,126.41035195288622,83.77327987430961,7.67371718338768,3.6903491117830494,2.5877503826472763,141.05148353317333,0.0,1022.7586321274619,226.94105655503037,0.6913593972520277,0.13391549638301767,0.022979065499599438,0.8050699875631135,0.0013643614368327066,0.4219616569591592,68.0,0.0,0.0,10.356183377747954,141.05148353317333,1025.3463825101092,False,False,0.0,0.0,False,0.0,1,1,0,True
150,81,0.18999999999999995,76.73717183387679,122.20228553475317,126.41035195288622,84.01146903518755,7.67371718338768,3.6903491117830494,2.602747854548075,141.01742443834934,0.0,1022.4415388983443,231.14912297316343,0.6899925514826232,0.13167690466469736,0.02283874944100122,0.8370784198801224,0.004345669065919186,0.41781028212619126,69.0,0.0,0.0,10.356183377747954,141.01742443834934,1025.0442867528925,False,False,0.0,0.0,False,0.0,0,0,0,True
151,81,0.18999999999999995,76.73717183387679,122.64871066511417,126.41035195288622,84.14872757538828,7.67371718338768,3.6903491117830494,2.6149033897732252,128.17043145591128,0.0,1022.2544036374256,234.9107642609355,0.6885818235320647,0.1293648427001123,0.02269391372768037,0.864348091911238,0.007170494781725786,0.41415321224495383,69.0,0.0,0.0,2.5883488154591396,128.17043145591128,1024.8693070271988,False,False,0.0,0.0,False,0.0,2,2,0,True
152,81,0.18999999999999995,76.73717183387679,123.1023795296173,126.41035195288622,84.28529898627244,7.67371718338768,3.6903491117830494,2.625680790649786,128.0369923790667,0.0,1022.1964927243644,238.21873668420446,0.687134930112862,0.12699194085006277,0.022547089847304694,0.8869813943026008,0.009469520818528483,0.4113324928685892,71.0,0.0,0.0,2.5883488154591396,128.0369923790667,1024.8221735150141,False,False,0.0,0.0,False,0.0,0,0,0,True
153,81,0.18999999999999995,76.73717183387679,123.37257932355298,126.41035195288622,84.29166754268049,7.67371718338768,3.6903491117830494,2.483444610234943,121.4161514799679,0.0,963.052521805191,241.25650931353766,0.6856593821969047,0.12457050875123521,0.02240098952840911,0.9071688195401764,0.00978516274783901,0.40854195224931544,71.0,0.0,0.0,57.932157984925546,121.4161514799679,965.535966415426,False,True,59.23739827771606,0.057805364892025764,False,0.0,1,1,0,True
154,81,0.18999999999999995,76.73717183387679,143.78304863901104,126.41035195288622,98.02485634034944,7.67371718338768,3.6903491117830494,2.5600103373320744,128.42076118986876,0.0,976.7193325233475,223.88381262741288,0.6841591696940749,0.12210711141466053,0.02225819559689233,0.7096961539002383,0.1745549930878074,0.48874828366473055,72.0,0.0,0.0,54.04785870361305,128.42076118986876,979.2793428606795,False,False,0.0,0.0,False,0.0,1,1,0,True
155,82,0.18000000000000005,77.68454432565304,138.2557710271628,127.80532201377042,94.09657248319455,7.768454432565305,3.496120211162889,2.613436799757382,137.3005870144293,0.0,985.408361697152,213.43336361402046,0.6829801058267396,0.12016745336229559,0.022146255036766278,0.6011327993260976,0.09062825793292101,0.4916817903546816,73.0,0.0,0.0,54.04785870361305,137.3005870144293,988.0217984969095,False,False,0.0,0.0,False,0.0,0,0,0,True
156,82,0.18000000000000005,77.68454432565304,137.0075401580511,127.80532201377042,93.1123915353145,7.768454432565305,3.496120211162889,2.6474502158308826,145.43123036762316,0.0,993.1057242811396,204.23114546973983,0.6819775648203498,0.1185182631366827,0.022045857701609394,0.5139703239407758,0.06121003710706953,0.5043934170766585,72.0,0.0,0.0,54.04785870361305,145.43123036762316,995.7531744969705,False,False,0.0,0.0,False,0.0,0,0,0,True
157,82,0.18000000000000005,77.68454432565304,136.23448501689464,127.80532201377042,92.47229362794367,7.768454432565305,3.496120211162889,2.670784639904825,153.14404670591833,0.0,1000.1554273600882,195.80198246661556,0.6811167735023268,0.11710267931681229,0.021953473613107066,0.4398169461629304,0.04225008445628197,0.5178357369851028,70.0,0.0,0.0,54.04785870361305,153.14404670591833,1002.826211999993,False,False,0.0,0.0,False,0.0,0,0,0,True
158,82,0.18000000000000005,77.68454432565304,135.58412311799935,127.80532201377042,91.93291307804418,7.768454432565305,3.496120211162889,2.6882243933350547,160.53256829726155,0.0,1006.6581237801046,188.02318136238665,0.6803764357864452,0.11588589017318826,0.021866598860416257,0.3753576121280247,0.02844877708914112,0.5311999576242666,68.0,0.0,0.0,54.04785870361305,160.53256829726155,1009.3463481734397,False,False,0.0,0.0,False,0.0,0,0,0,True
159,82,0.18000000000000005,77.68454432565304,134.86083475344353,127.80532201377042,91.3591240088729,7.768454432565305,3.496120211162889,2.7024059737764103,167.55573297258553,0.0,1012.5793467980562,180.9676686227136,0.6797406136145381,0.11484184787010174,0.021783166955701073,0.31985034171632204,0.017095618783238127,0.5436617572687493,67.0,0.0,0.0,54.04785870361305,167.55573297258553,1015.2817527718327,False,False,0.0,0.0,False,0.0,0,0,0,True
160,83,0.17000000000000004,78.6319168174293,135.04405807270362,129.6403875720832,91.41189289046615,7.863191681742931,3.3018913105427283,2.726093595121959,173.9945154064737,0.0,1017.5034897947457,175.56399812209318,0.6791946176826282,0.11394654517445149,0.02170126358954387,0.2740447580352766,0.015039489684787605,0.555679741165743,66.0,0.0,0.0,54.04785870361305,173.9945154064737,1020.2295833898677,False,False,0.0,0.0,False,0.0,0,0,0,True
161,83,0.17000000000000004,78.6319168174293,134.88670626464275,129.6403875720832,91.24324973595657,7.863191681742931,3.3018913105427283,2.819344436809425,180.51869898465088,0.0,1022.2516310315299,170.3176794295336,0.6787251395898065,0.1131741311470769,0.02165858091195204,0.23074719223875673,0.01148050712554022,0.567254257540205,66.0,0.0,0.0,54.04785870361305,180.51869898465088,1025.0709754683394,False,False,0.0,0.0,False,0.0,0,0,0,True
162,83,0.17000000000000004,78.6319168174293,134.55943040399606,129.6403875720832,90.96846128741726,7.863191681742931,3.3018913105427283,2.8730669349875315,186.91547387910137,0.0,1026.724983819775,165.3986365976208,0.6783278375198813,0.11251755732756767,0.021653557522770903,0.19117031274518753,0.007560130127202969,0.5784876409521363,66.0,0.0,0.0,54.04785870361305,186.91547387910137,1029.5980507547624,False,False,0.0,0.0,False,0.0,0,0,0,True
163,83,0.17000000000000004,78.6319168174293,134.07949346847602,129.6403875720832,90.59853323792298,7.863191681742931,3.3018913105427283,2.9040310171824837,193.1028203480358,0.0,1030.8284085585256,160.959530701228,0.677996455655667,0.11196665503171029,0.021684521101448685,0.15634378346094407,0.003848028667147866,0.5889998698397859,64.0,0.0,0.0,54.04785870361305,193.1028203480358,1033.732439575708,False,False,0.0,0.0,False,0.0,0,0,0,True
164,84,0.16000000000000003,79.57928930920555,134.62133698674282,131.27648650850742,90.92576230721359,7.957928930920557,3.107662409922568,2.928410766926921,198.94018894206303,0.0,1034.216952625613,157.6146802229926,0.6777231241071717,0.11150862434399526,0.02174976169162005,0.12826436640884828,0.006221305449430801,0.6000926173738634,64.0,0.0,0.0,54.04785870361305,198.94018894206303,1037.1453633925398,False,False,0.0,0.0,False,0.0,0,0,0,True
165,83,0.17000000000000004,78.6319168174293,133.2736106621407,129.6403875720832,89.98220801695531,7.863191681742931,3.3018913105427283,2.9356614945304065,204.83198694958045,0.0,1037.704052143396,153.98145713293513,0.6774977843838683,0.11112553280469244,0.021854411522803017,0.10108644070882647,0.006147394309104753,0.6073637974242347,63.0,0.0,0.0,54.04785870361305,204.83198694958045,1040.6397136379264,False,False,0.0,0.0,False,0.0,0,0,0,True
166,83,0.17000000000000004,78.6319168174293,132.91085446588974,129.6403875720832,89.70913420352461,7.863191681742931,3.3018913105427283,2.939990637881378,197.59526462721882,0.0,1041.3026747173894,150.7109902391286,0.6773177843392575,0.11081471365525512,0.021990047242455405,0.07685996241022687,0.007677479419023256,0.6175336618234032,64.0,0.0,0.0,46.2350690201553,197.59526462721882,1044.242665355271,False,False,0.0,0.0,False,0.0,2,2,0,True
167,85,0.15000000000000002,80.32415892961579,133.2724074832577,132.84830550363426,89.92934082824809,8.052666180098182,2.9134335093024073,2.9462362896322176,201.9014014894088,0.0,1043.40710326783,150.28688825950522,0.6771781758752523,0.11056818550478023,0.022155294950352407,0.07200179545980558,0.003653774922420261,0.6217238298863856,66.0,0.0,0.0,46.2350690201553,201.9014014894088,1046.3533395574623,False,False,0.0,0.0,False,0.0,0,0,0,True
168,84,0.16000000000000003,79.3024483164655,131.35902707872765,131.19515143669005,88.61511001437592,7.9579289309205565,3.107662409922568,2.9425642449155713,205.92897318801906,0.0,1045.325857595427,150.12301261746762,0.677049159558629,0.1103353473528226,0.022354351064272058,0.07256390465321726,0.017204431494888216,0.6182923845089057,65.0,0.0,0.0,46.2350690201553,205.92897318801906,1048.2684218403424,False,False,0.0,0.0,False,0.0,0,0,0,True
169,86,0.14,81.09478077118878,132.52540493251132,134.19451505751826,89.3778976886944,8.147403429275808,2.719204608682247,3.1532207561304313,202.98972468703656,0.0,1046.0369512334337,151.7921227424745,0.6769208596231856,0.11010205699688802,0.02257634544101514,0.08509630489419222,0.005664055487413165,0.6184769844267501,63.0,0.0,0.0,42.355486307673466,202.98972468703656,1049.190171989564,False,False,0.0,0.0,False,0.0,1,1,0,True
170,86,0.14,81.09824409154123,131.8646369431214,134.23727246574177,88.9055076932641,8.147403429275808,2.719204608682247,3.260172453452909,199.26320796562888,0.0,1046.349476153371,154.16475826509492,0.6767729118122803,0.1098372152756577,0.022799894594104458,0.10336107150770057,0.009220328781568417,0.6104475643529585,62.0,0.0,0.0,38.401860821680685,199.26320796562888,1049.6096486068238,False,False,0.0,0.0,False,0.0,1,1,0,True
171,84,0.16000000000000003,79.20589423910863,128.84604723129382,131.27648650850742,86.84019988874557,7.957928930920557,3.107662409922568,3.3126881034238687,201.59293764638832,0.0,1046.726168348089,156.59519754230857,0.6765967379646386,0.10952606502578414,0.023029894407979312,0.12547217500393903,0.03013317674021313,0.59617719383447,63.0,0.0,0.0,38.401860821680685,201.59293764638832,1050.0388564515129,False,False,0.0,0.0,False,0.0,0,0,0,True
172,82,0.18000000000000005,77.22649642907855,126.51596750945205,127.80532201377042,85.23513222036865,7.768454432565305,3.496120211162889,3.329230293255913,204.1287939860101,0.0,1047.6708561494847,157.8845520466269,0.6763879294590527,0.10915881325470081,0.02328667989358468,0.1458602620655754,0.04191432246373572,0.5847891046974855,61.0,0.0,0.0,38.401860821680685,204.1287939860101,1051.0000864427407,False,False,0.0,0.0,False,0.0,0,0,0,True
173,82,0.18000000000000005,77.0955436553641,126.1446301681953,127.80532201377042,84.9467035466084,7.768454432565305,3.496120211162889,3.337444192494801,200.06160204236429,0.0,1048.4628141722578,159.54524389220202,0.676145809025389,0.10874017962823264,0.023523161377870853,0.16810089629379818,0.03661449529023728,0.5788096182095941,60.0,0.0,0.0,34.49591822624649,200.06160204236429,1051.8002583647526,False,False,0.0,0.0,False,0.0,1,1,0,True
174,82,0.18000000000000005,77.0105920198455,124.74668553094313,127.80532201377042,83.96350864345253,7.768454432565305,3.496120211162889,3.3442963580273375,195.02701039521403,0.0,1048.4148982073418,162.6038803750293,0.675867469288135,0.10826557337227949,0.023737998543578446,0.20203248394822365,0.04023851250161818,0.5659150567871988,60.0,0.0,0.0,30.619202783079036,195.02701039521403,1051.7591945653692,False,False,0.0,0.0,False,0.0,1,1,0,True
175,82,0.18000000000000005,76.97175346005389,123.29913324397111,127.80532201377042,82.941736192794,7.768454432565305,3.496120211162889,3.3533475583919614,188.82316656030545,0.0,1047.4533195258336,167.11006914482863,0.675534422125023,0.10770486151966212,0.023929521529061235,0.24829855079578866,0.04363213959373407,0.5495152018852583,60.0,0.0,0.0,26.71590947415967,188.82316656030545,1050.8066670842256,False,False,0.0,0.0,False,0.0,1,1,0,True
176,81,0.18999999999999995,76.73717183387679,122.89110290929325,126.41035195288622,82.61150879289632,7.67371718338768,3.6903491117830494,3.411590466794328,188.801147847534,0.0,1046.158377961287,170.6293181884216,0.6751272503534119,0.10702636958484109,0.024096203614517267,0.28560224067776663,0.03833503318913513,0.5380880297006293,59.0,0.0,0.0,26.71590947415967,188.801147847534,1049.5699684280812,False,False,0.0,0.0,False,0.0,0,0,0,True
177,81,0.18999999999999995,76.73717183387679,123.21621840566783,126.41035195288622,82.76744391525531,7.67371718338768,3.6903491117830494,3.429561386509471,182.38820141120945,0.0,1044.9747969735856,173.82345173564,0.6746624787015658,0.10625389357327372,0.02424966958521497,0.318322635335588,0.02828538292553485,0.530157476873611,58.0,0.0,0.0,22.81232576595782,182.38820141120945,1048.404358360095,False,False,0.0,0.0,False,0.0,1,1,0,True
178,81,0.18999999999999995,76.73717183387679,123.72084796182429,126.41035195288622,83.03779073210588,7.67371718338768,3.6903491117830494,3.44615249755513,176.05958194020596,0.0,1044.0292687064382,176.51295572670193,0.674147610294156,0.1053997487490798,0.02438810539392239,0.34499474839723665,0.018731593898072402,0.5242525994219143,59.0,0.0,0.0,18.908182715953362,176.05958194020596,1047.4754212039934,False,False,0.0,0.0,False,0.0,1,1,0,True
179,81,0.18999999999999995,76.73717183387679,124.24697695816016,126.41035195288622,83.31749675393121,7.67371718338768,3.6903491117830494,3.464232443155744,169.75273911644337,0.0,1043.3240010085474,178.67633072142797,0.6735924416969963,0.10448000336382797,0.024510080346968582,0.3657323988791203,0.011232202411018287,0.5198307333524292,60.0,0.0,0.0,14.957167551438712,169.75273911644337,1046.788233451703,False,False,0.0,0.0,False,0.0,1,1,0,True
180,81,0.18999999999999995,76.73717183387679,124.52190419162353,126.41035195288622,83.42501132256973,7.67371718338768,3.6903491117830494,3.47904651877507,169.95448864497854,0.0,1042.6902360655688,180.56477848269068,0.6730065463581866,0.10351036036469863,0.024614484718928856,0.38334298073179385,0.007967096282358803,0.5154511339690073,62.0,0.0,0.0,14.957167551438712,169.95448864497854,1046.1692825843438,False,False,0.0,0.0,False,0.0,0,0,0,True
181,81,0.18999999999999995,76.73717183387679,125.04796859646028,126.41035195288622,83.69768006978518,7.67371718338768,3.6903491117830494,3.4894528792095993,170.43027902799753,0.0,1042.3118590687816,181.9271618391166,0.672394998135196,0.10249916055038236,0.024700337192807044,0.3955054307167156,0.004361172139322862,0.5131691096115379,62.0,0.0,0.0,14.957167551438712,170.43027902799753,1045.8013119479913,False,False,0.0,0.0,False,0.0,0,0,0,True
182,81,0.18999999999999995,76.73717183387679,125.20490777639569,126.41035195288622,83.7213629160485,7.67371718338768,3.6903491117830494,3.4959479026934774,164.42797155238054,0.0,1041.9263637940792,183.13260601560714,0.6717665353110435,0.10146073917015774,0.024767195536310186,0.40615961852973925,0.003236751234356573,0.5102842502062865,62.0,0.0,0.0,11.050267520661714,164.42797155238054,1045.4223116967726,False,False,0.0,0.0,False,0.0,1,1,0,True
183,81,0.18999999999999995,76.73717183387679,125.39671240443303,126.41035195288622,83.76697368077092,7.67371718338768,3.6903491117830494,3.5000444145886127,158.3228968254826,0.0,1041.581966039234,184.14624556406034,0.671123601861164,0.1003991328574827,0.02481464057520854,0.41501169523203707,0.002391537036551981,0.5081032067309456,63.0,0.0,0.0,7.158954070030883,158.3228968254826,1045.0820104538225,False,False,0.0,0.0,False,0.0,1,1,0,True
184,81,0.18999999999999995,76.73717183387679,125.69391373055697,126.41035195288622,83.88188224632448,7.67371718338768,3.6903491117830494,3.502624288648351,152.11194637027612,0.0,1041.348271077965,184.86268378638957,0.6704690984383286,0.0993191242419847,0.02484260055067681,0.4210638389302811,0.0037459790957361377,0.5070471908051486,64.0,0.0,0.0,3.2410207854695696,152.11194637027612,1044.8508953666133,False,False,0.0,0.0,False,0.0,1,1,0,True
185,81,0.18999999999999995,76.73717183387679,126.15071099173568,126.41035195288622,84.10256807990943,7.67371718338768,3.6903491117830494,3.5042400016900332,152.47267194772445,0.0,1041.3268042373581,185.12232474754012,0.6698074989362512,0.09822806777625404,0.024851411087923672,0.42281467996979905,0.00660488979968261,0.5075940123138613,65.0,0.0,0.0,3.2410207854695696,152.47267194772445,1044.8310442390482,False,False,0.0,0.0,False,0.0,0,0,0,True
186,81,0.18999999999999995,76.73717183387679,126.37673937871729,126.41035195288622,84.16956840615325,7.67371718338768,3.6903491117830494,3.2924728481017502,139.94488371606096,0.0,978.1445387951651,185.15593732170908,0.6691456439736202,0.09713718691300466,0.024841860564783373,0.4227200437048574,0.0070434633052739865,0.5080970311699248,65.0,0.0,0.0,58.88622069859601,139.94488371606096,981.4370116432668,False,True,63.42434279691548,0.06070120454488153,False,0.0,2,2,0,True
187,81,0.18999999999999995,76.73603756652285,144.39690702126384,126.41035195288622,96.07686066863992,7.67371718338768,3.6903491117830494,3.3840325668157343,145.50695275020902,0.0,990.0843036434355,167.16938225333143,0.6684864452962114,0.09605127579697141,0.024814779836755892,0.248760369209268,0.1489911940271147,0.6024404417419549,68.0,0.0,0.0,54.97694515148718,145.50695275020902,993.4683362102513,False,False,0.0,0.0,False,0.0,1,1,0,True
188,83,0.17000000000000004,78.6319168174293,140.90709942502644,129.6403875720832,93.70210953600683,7.863191681742931,3.3018913105427283,3.450429017985003,140.6082755782336,0.0,997.5600162599283,155.90267040038822,0.6681060606979285,0.09542204773259988,0.024789419459348525,0.14321565367012845,0.08817235538973242,0.6215719022226608,68.0,0.0,0.0,47.153701110843336,140.6082755782336,1001.0104452779133,False,False,0.0,0.0,False,0.0,2,2,0,True
189,83,0.17000000000000004,78.6319168174293,139.9986846896129,129.6403875720832,93.06851992201007,7.863191681742931,3.3018913105427283,3.4879299003574635,141.49138353346606,0.0,1004.506317616703,145.54437328285854,0.6678951030708873,0.09506976990779972,0.024788272569310234,0.05303088084536711,0.06206032444996355,0.648568105691679,69.0,0.0,0.0,43.28122312378234,141.49138353346606,1007.9942475170604,False,False,0.0,0.0,False,0.0,1,1,0,True
190,83,0.17000000000000004,78.58396859181838,138.903329561398,129.6403875720832,92.33038741747501,7.863191681742931,3.3018913105427283,3.507004425037039,148.1453105535208,0.0,1010.8116330534639,136.28143129354376,0.6678284017047579,0.09495333495242797,0.02480866446601687,-0.023037833495336214,0.04057078598510179,0.6744069394277388,70.0,0.0,0.0,43.28122312378234,148.1453105535208,1014.3186374785009,False,False,0.0,0.0,False,0.0,0,0,0,True
191,89,0.10999999999999999,84.2106910851424,144.41764786585233,139.34312741832275,96.00226230092078,8.431615176808684,2.1365179068217652,3.55853059235298,147.1718220721857,0.0,1014.6136666238938,131.20691084601415,0.6678828724498233,0.09503504535502068,0.02484820380361128,-0.07681088355180457,0.07298195602415,0.7107825999291639,70.0,0.0,0.0,39.385666419691916,147.1718220721857,1018.1721972162468,False,False,0.0,0.0,False,0.0,1,1,0,True
192,93,0.06999999999999995,87.63135503177281,147.0397127797105,145.2122983714049,97.7631021040161,8.810564173519188,1.3596023043411234,3.6016619491755897,151.39278675941756,0.0,1016.4720544604434,129.37949643770858,0.6680261995539362,0.09525611465661106,0.024939349811327165,-0.1041320407670826,0.07639437995467199,0.7257041333812381,70.0,0.0,0.0,39.385666419691916,151.39278675941756,1020.0737164096189,False,False,0.0,0.0,False,0.0,0,0,0,True
193,99,0.010000000000000009,93.23925106345229,152.38764693055364,154.4303516129433,101.34347645762664,9.378987668584939,0.1942289006201605,3.904445412738234,148.07591443562492,0.0,1015.7499810294357,131.42220112009826,0.6682118909568985,0.09554721228090557,0.025036104642472273,-0.10563854972977713,0.09837885272548391,0.733814663919879,68.0,0.0,0.0,35.49296141295764,148.07591443562492,1019.654426442174,False,False,0.0,0.0,False,0.0,1,1,0,True
194,99,0.010000000000000009,92.79465583930919,151.1514285521832,154.2893872560381,100.54684830866093,9.37898766858494,0.1942289006201605,3.9790852141582187,150.5711210669028,0.007102401978682726,1014.9433588941934,134.5601598239532,0.6683976540188433,0.09584096355930305,0.025107042173969463,-0.09429200035000841,0.06800614633029074,0.7191366818795311,69.0,0.0,0.0,35.49296141295764,150.57822346888148,1018.9224441083516,False,False,0.0,0.0,False,0.0,0,0,0,True
195,95,0.050000000000000044,89.43634519910555,146.99439903487408,148.68346286614192,97.8043553025798,9.000038671874439,0.9711445031008025,4.014204645640381,153.31614152716037,0.0,1015.0630523095324,136.24922365522104,0.6685614760069433,0.09610399702597541,0.025144912307725132,-0.09144903202562331,0.024409630237787066,0.7031173419219969,69.0,0.0,0.0,35.49296141295764,153.31614152716037,1019.0772569551727,False,False,0.0,0.0,False,0.0,0,0,0,True
196,99,0.010000000000000009,93.23552400574323,151.38824396705033,154.80153717569144,100.74913661793326,9.378987668584939,0.1942289006201605,3.8159172327419864,155.4499799410393,0.0,1013.9622207288336,139.66251686386215,0.6687226721727625,0.09635847015047032,0.02522617667300554,-0.0799312897144066,0.049760965154946914,0.7060399596172932,69.0,0.0,0.0,35.49296141295764,155.4499799410393,1017.7781379615756,False,False,0.0,0.0,False,0.0,0,0,0,True
197,96,0.040000000000000036,90.59362314523821,148.07572830709367,149.80642234391604,98.56208006983721,9.094775921052063,0.776915602480642,3.701268750023467,151.3788238905237,0.0,1013.5260817962577,141.39321090068458,0.6688665699397269,0.09658191601391627,0.025328473386282975,-0.07044592867762703,0.016422202183641668,0.6905890315870339,70.0,0.0,0.0,31.589088180841603,151.3788238905237,1017.2273505462812,False,False,0.0,0.0,False,0.0,1,1,0,True
198,97,0.030000000000000027,91.44228198346211,147.50452434230016,151.40528571441158,98.19730680684428,9.189513170229688,0.5826867018604814,3.8715764114852433,152.86823034532986,0.0,1011.9229785349887,145.29397227279603,0.6689935643396324,0.09677974949193306,0.025415256350213886,-0.045405088342364126,0.009075559407767273,0.6765948535325258,69.0,0.0,0.0,31.589088180841603,152.86823034532986,1015.7945549464739,False,False,0.0,0.0,False,0.0,0,0,0,True
199,98,0.020000000000000018,92.4063850800443,148.62416777657978,152.9049927973247,98.95268270395387,9.284250419407314,0.388457801240321,3.9914115293669594,154.24058283270284,0.0,1010.0203584409524,149.5747972935409,0.6690794306198942,0.09691166536590619,0.02548745427445455,-0.01831856729085372,0.014818029058785726,0.6649331932021283,69.0,0.0,0.0,31.589088180841603,154.24058283270284,1014.0117699703193,False,False,0.0,0.0,False,0.0,0,0,0,True
200,96,0.040000000000000036,90.57158395801159,146.50588515655036,150.17118586830398,97.54659132199995,9.094775921052063,0.776915602480642,3.9515716758013726,155.7222956480809,0.0,1008.7391292088771,153.24009800529456,0.6691205150997017,0.09697263400806358,0.0255345326142852,0.0034192651315891136,0.0027879012189180328,0.6480492194550413,70.0,0.0,0.0,31.589088180841603,155.7222956480809,1012.6907008846784,False,False,0.0,0.0,False,0.0,0,0,0,True
201,95,0.050000000000000044,89.54224253136447,145.34986954151384,148.3388812311386,96.77516865328656,9.000038671874439,0.9711445031008025,3.862537411027697,157.35571088993993,0.0,1007.8129727750769,156.22910969491932,0.6691286407951412,0.09697685956494376,0.025608471958344776,0.02553080302104972,0.010054168859653375,0.6355764731379697,70.0,0.0,0.0,31.589088180841603,157.35571088993993,1011.6755101861046,False,False,0.0,0.0,False,0.0,0,0,0,True
202,93,0.06999999999999995,87.5727465462604,142.8160354798453,145.2122983714049,95.08161185531812,8.810564173519188,1.3596023043411234,3.8246353607749066,159.16403467690185,0.0,1007.3557422972544,158.62537258647893,0.6691011814763235,0.09692361679359093,0.02567501432054573,0.04663666776829506,0.0253515436617441,0.6217732950235277,71.0,0.0,0.0,31.589088180841603,159.16403467690185,1011.1803776580293,False,False,0.0,0.0,False,0.0,0,0,0,True
203,93,0.06999999999999995,87.43462877143864,142.31741708773686,145.2122983714049,94.73838419776847,8.810564173519188,1.3596023043411234,3.819928875747295,160.8522705486601,0.0,1006.6972601089819,161.52025387014692,0.6690395641986735,0.09681576748263539,0.025737063737044718,0.07092951257783467,0.023744788038267184,0.612982742120953,71.0,0.0,0.0,31.589088180841603,160.8522705486601,1010.5171889847293,False,False,0.0,0.0,False,0.0,0,0,0,True
204,93,0.06999999999999995,87.38200441100317,142.16710058861432,145.2122983714049,94.62161143690903,8.810564173519188,1.3596023043411234,3.8206575611189533,156.41788362229047,0.0,1005.9787397155957,164.56545165293753,0.6689388433276326,0.09664526770845445,0.025793949631800386,0.0956449170498366,0.02006721876979009,0.6051080597492957,71.0,0.0,0.0,27.921715378318023,156.41788362229047,1009.7993972767147,False,False,0.0,0.0,False,0.0,1,1,0,True
205,93,0.06999999999999995,87.30314394445499,140.5782885053199,145.2122983714049,93.54217321723311,8.810564173519188,1.3596023043411234,3.823308540216181,156.9701031340313,0.0,1004.3289302913945,169.19946151902252,0.6687984947774389,0.09641129087633282,0.025845410291763567,0.13282219309081048,0.027071667309885694,0.5892674331128995,71.0,0.0,0.0,27.921715378318023,156.9701031340313,1008.1522388316107,False,False,0.0,0.0,False,0.0,0,0,0,True
206,92,0.07999999999999996,87.15826924341559,140.87759406138198,143.8173283105207,93.71111111061803,8.715826924341561,1.553831204961284,3.8567323921707564,151.25445569427475,0.0,1002.9650901019392,172.13919576816124,0.6685988770136488,0.09608173352199545,0.02589016118970807,0.15639383579118812,0.019620788755066464,0.582827994983145,69.0,0.0,0.0,24.00443956726372,151.25445569427475,1006.8218224941099,False,False,0.0,0.0,False,0.0,1,1,0,True
207,92,0.07999999999999996,87.15826924341559,138.58990570202886,143.8173283105207,92.15443399158954,8.715826924341561,1.553831204961284,3.868954203886173,150.3259879983156,0.0,999.9422312432514,177.3666183766531,0.6683636529563591,0.09569235959321958,0.025940488010674115,0.19857371706516677,0.03170306903366031,0.563771653150151,70.0,0.0,0.0,24.00443956726372,150.3259879983156,1003.8111854471375,False,False,0.0,0.0,False,0.0,0,0,0,True
208,92,0.07999999999999996,87.15826924341559,139.53739932669384,143.8173283105207,92.74004223765633,8.715826924341561,1.553831204961284,3.8689259196306622,149.94429011855823,0.0,997.5465416275844,181.64654736047993,0.6680634154548234,0.09519508033047894,0.025994124043992504,0.23157208528327328,0.018780033723212436,0.5568692935699056,69.0,0.0,0.0,24.00443956726372,149.94429011855823,1001.415467547215,False,False,0.0,0.0,False,0.0,0,0,0,True
209,92,0.07999999999999996,87.15826924341559,139.64607422387633,143.8173283105207,92.76061338654979,8.715826924341561,1.553831204961284,3.8616959201900327,149.56503924286415,0.0,995.1171748695745,185.81780144712434,0.6677130254083421,0.09461421833613395,0.026051462301159557,0.26294551053101667,0.014284994365944294,0.5481516895781944,69.0,0.0,0.0,24.00443956726372,149.56503924286415,998.9788707897645,False,False,0.0,0.0,False,0.0,0,0,0,True
210,92,0.07999999999999996,87.15826924341559,139.85918480505373,143.8173283105207,92.84362772977457,8.715826924341561,1.553831204961284,3.857604340172853,149.26108967857076,0.0,992.7622696371083,189.77594495259132,0.6673152620167064,0.09395435746473191,0.026112192925113464,0.2919334576387288,0.009944265555876897,0.5405287240452932,68.0,0.0,0.0,24.00443956726372,149.26108967857076,996.6198739772811,False,False,0.0,0.0,False,0.0,0,0,0,True
211,92,0.07999999999999996,87.15826924341559,140.2229202383545,143.8173283105207,93.02013120686792,8.715826924341561,1.553831204961284,3.857104265205888,149.12854077230372,0.0,990.5743571579046,193.37035302475758,0.666874090323369,0.09322203773797588,0.026176107174100943,0.3173694451724082,0.005403394168891447,0.5343658555353711,68.0,0.0,0.0,24.00443956726372,149.12854077230372,994.4314614231105,False,False,0.0,0.0,False,0.0,0,0,0,True
212,92,0.07999999999999996,87.15826924341559,140.5890580081323,143.8173283105207,93.19243727546858,8.715826924341561,1.553831204961284,3.8590247187145907,149.16693439210445,0.0,988.5431919427771,196.59862332714593,0.6663953014595257,0.09242680160040137,0.026243137910246326,0.3394046139495877,0.002509165062056821,0.5291699710346699,68.0,0.0,0.0,24.00443956726372,149.16693439210445,992.4022166614917,False,False,0.0,0.0,False,0.0,0,0,0,True
213,92,0.07999999999999996,87.15826924341559,141.1016846050515,143.8173283105207,93.45671988386734,8.715826924341561,1.553831204961284,3.8623620950326663,136.4775964708835,0.0,986.7627194480235,199.3142670326152,0.6658844132039473,0.09157775748177174,0.026313241598121623,0.35690343476950387,0.002288725195901057,0.5255586799452233,68.0,0.0,0.0,16.207713008859777,136.4775964708835,990.6250815430562,False,False,0.0,0.0,False,0.0,2,2,0,True
214,92,0.07999999999999996,87.15826924341559,140.2882683809437,143.8173283105207,92.83924765546573,8.715826924341561,1.553831204961284,3.8664873191572635,135.80260129234458,0.0,984.377865748269,202.84332696219212,0.6653487152214984,0.09068692469279453,0.0263865086440861,0.38175117191230035,0.004474853062308245,0.5168895930072304,70.0,0.0,0.0,16.207713008859777,135.80260129234458,988.2443530674262,False,False,0.0,0.0,False,0.0,0,0,0,True
215,92,0.07999999999999996,87.15826924341559,141.33692226186423,143.8173283105207,93.44864539403437,8.715826924341561,1.553831204961284,3.8710461557974574,135.7181132341231,0.0,982.6323599721701,205.32373301084863,0.6647765912613218,0.089735390293103,0.026462024669389638,0.3971611716297513,0.0042392143593476955,0.5154462864474453,70.0,0.0,0.0,16.207713008859777,135.7181132341231,986.5034061279675,False,False,0.0,0.0,False,0.0,0,0,0,True
216,92,0.07999999999999996,87.15826924341559,141.609250393702,143.8173283105207,93.54081616875307,8.715826924341561,1.553831204961284,3.875848230050937,135.72363248302668,0.0,980.9294883853104,207.53181092766732,0.6641831198757985,0.0887479381980126,0.026540345050597283,0.4104307057686948,0.005330520934991844,0.5124759562856477,70.0,0.0,0.0,16.207713008859777,135.72363248302668,984.8053366153613,False,False,0.0,0.0,False,0.0,0,0,0,True
217,92,0.07999999999999996,87.15826924341559,142.0584144079005,143.8173283105207,93.74668805217627,8.715826924341561,1.553831204961284,3.880793929271223,122.96185615931174,0.0,979.4336599927786,209.29072483028756,0.6635717258879319,0.08773028528411224,0.026621403977680244,0.42005106378946894,0.007257228709951292,0.5108585921087663,70.0,0.0,0.0,8.423623114759557,122.96185615931174,983.3144539220499,False,False,0.0,0.0,False,0.0,2,2,0,True
218,92,0.07999999999999996,87.15826924341559,142.56268696218808,143.8173283105207,93.98648202252014,8.715826924341561,1.553831204961284,3.885831757923394,123.04785749331815,0.0,978.1697788758239,210.54536617862016,0.6629482106245368,0.08669204359237537,0.026705256202990215,0.4256610837960693,0.009237913959937874,0.5103273341017802,72.0,0.0,0.0,8.423623114759557,123.04785749331815,982.0556106337473,False,False,0.0,0.0,False,0.0,0,0,0,True
219,92,0.07999999999999996,87.15826924341559,142.84500099494792,143.8173283105207,94.07850946276155,8.715826924341561,1.553831204961284,3.8909353411974683,110.25569840147436,0.0,976.9884885612814,211.5176934941929,0.662318920763361,0.0856437219086569,0.02679196629442546,0.4293595929727293,0.009434091197752088,0.509710433008048,72.0,0.0,0.0,0.639983965397763,110.25569840147436,980.879423902479,False,False,0.0,0.0,False,0.0,2,2,0,True
220,92,0.07999999999999996,87.15826924341559,143.38027314352667,143.8173283105207,94.33611202660289,8.715826924341561,1.553831204961284,3.9169544864856434,110.34832782359736,0.0,976.0706904399678,211.95474866118704,0.661686842563086,0.08459033035551082,0.026881389806086658,0.428929525737762,0.011131402920833833,0.5107131439457858,74.0,0.0,0.0,0.639983965397763,110.34832782359736,979.9876449264535,False,False,0.0,0.0,False,0.0,0,0,0,True
221,92,0.07999999999999996,87.15826924341559,143.74186206627328,143.8173283105207,94.47930349202385,8.715826924341561,1.553831204961284,3.7176590122407625,104.12235423346768,0.0,917.0354688635348,212.03021490543446,0.6610584663549595,0.08354261772305019,0.026973522066053825,0.4260361503296524,0.011527368427912446,0.511872195523989,74.0,0.0,0.0,55.245187672546535,104.12235423346768,920.7531278757756,False,True,58.49038500270024,0.05973017358140916,False,0.0,1,1,0,True
222,92,0.07999999999999996,87.09057498277338,165.0738632294676,143.8173283105207,108.39290092042079,8.715826924341561,1.553831204961284,3.838141918497514,111.7611728858947,0.0,929.9201312186425,190.7736799864876,0.6604376109440709,0.08250695956835936,0.027068166766264307,0.24221165133454062,0.1585939190551263,0.6114565563028482,76.0,0.0,0.0,51.34694916967743,111.7611728858947,933.75827313714,False,False,0.0,0.0,False,0.0,1,1,0,True
223,94,0.06000000000000005,88.68700806530308,156.9763259188432,146.6072684322891,103.01927470096564,8.905301422696812,1.1653734037209629,3.9100339029149316,112.78796709825399,0.4849472488835118,936.23565631884,180.40462249993345,0.6601112905201659,0.08195339756616507,0.027179899133379974,0.16047046315653984,0.06716610849992734,0.6107857439999268,76.0,0.0,0.0,47.44200245263687,113.2729143471375,940.145690221755,False,False,0.0,0.0,False,0.0,1,1,0,True
224,94,0.06000000000000005,88.73503450279311,156.4659995439899,146.84839730782912,102.6491673959398,8.905301422696812,1.1653734037209629,3.9558044677991955,113.41366286497932,0.6987677383483719,941.8612806282881,170.7870202637727,0.659914247315,0.08161697400198024,0.0272710188886889,0.08835210419652753,0.049259480330682524,0.6312215018665127,75.0,0.0,0.0,43.5453382896181,114.11243060332768,945.8170850960873,False,False,0.0,0.0,False,0.0,1,1,0,True
225,95,0.050000000000000044,89.63076895820257,157.00751885478059,148.61918292484452,102.98753230234826,9.000038671874437,0.9711445031008025,4.038419425412113,113.62917359525373,0.8775843765203309,946.833325598283,162.39868433383666,0.6598323780940714,0.08147042255778332,0.027357962794372793,0.023897147365090937,0.04236010944706014,0.6552361718603371,72.0,0.0,0.0,39.64444424768494,114.50675797177406,950.8717450236951,False,False,0.0,0.0,False,0.0,1,1,0,True
226,98,0.020000000000000018,92.4399268005143,158.95630848013747,153.3602743530376,104.26416497182421,9.284250419407314,0.388457801240321,4.097533226730892,119.09473030805087,0.9632905317192408,949.9437181038733,156.8026502067368,0.6598542748517083,0.08149282524509882,0.027466718972241778,-0.022237291980390667,0.04618692553571869,0.6763166305408918,73.0,0.0,0.0,39.64444424768494,120.05802083977011,954.0412513306042,False,False,0.0,0.0,False,0.0,0,0,0,True
227,100,0.0,93.92392822585357,159.9155618707824,156.2443758946641,104.90288984000237,9.473724917762565,0.0,4.159177292831972,117.58326438470696,1.516001547371748,952.5457797842055,153.13146423061852,0.6599508890302298,0.0816353701015418,0.027594114153119263,-0.053048235337328706,0.04259683240975358,0.6901657192142825,73.0,0.0,0.0,35.750534381635354,119.09926593207871,956.7049570770374,False,False,0.0,0.0,False,0.0,1,1,0,True
228,99,0.010000000000000009,93.3875165107751,158.46981332393472,154.8494058337799,103.97194504168313,9.37898766858494,0.1942289006201605,4.197501643174594,115.59332229011308,1.419896659428884,954.2104550314716,149.51105674046372,0.6600966330436912,0.08185996675124137,0.027715820025491764,-0.08061498933026717,0.02419580332418623,0.6993822236303294,74.0,0.0,0.0,31.906003606161324,117.01321894954197,958.4079566746462,False,False,0.0,0.0,False,0.0,1,1,0,True
229,100,0.0,94.25054303849772,158.41455225029395,156.48550477020413,103.95972654595339,9.473724917762565,0.0,4.248327266029583,119.19071696480631,1.270367941118678,954.8909383041861,147.58200926037387,0.6602857429066854,0.08215477278395837,0.02784473531686815,-0.0966481794595124,0.018731546550350323,0.7099725627657077,74.0,0.0,0.0,31.906003606161324,120.46108490592499,959.1392655702157,False,False,0.0,0.0,False,0.0,0,0,0,True
230,99,0.010000000000000009,93.28887540310318,157.1101478756737,154.8494058337799,103.13119257169627,9.37898766858494,0.1942289006201605,4.286469922917579,122.9121712049698,1.098945487100512,955.7864774234048,145.32126721848007,0.6605002900841018,0.08248923490302636,0.02798437107465384,-0.11215253257191678,0.006460288840464281,0.719608980992665,74.0,0.0,0.0,31.906003606161324,124.0111166920703,960.0729473463224,False,False,0.0,0.0,False,0.0,0,0,0,True
231,100,0.0,94.18239771401744,157.8001305152705,156.35770951887852,103.61516310980066,9.473724917762565,0.0,4.311766447825106,126.41738022386221,0.9197771030677275,956.1793719947718,143.87884622208813,0.660738384166567,0.08286173032932057,0.028131086532782852,-0.12247432437523269,0.009429057153543991,0.7311789641813059,74.0,0.0,0.0,31.906003606161324,127.33715732692994,960.4911384425969,False,False,0.0,0.0,False,0.0,0,0,0,True
232,100,0.0,94.19401101621604,157.47771630535803,156.35770951887852,103.43679714252202,9.473724917762565,0.0,4.321041702614479,123.2981195730829,0.6952848075147328,956.3456965275038,142.75883943560862,0.6609911360906918,0.08325855728774618,0.028278191539194933,-0.1300477729329639,0.005454739949345494,0.7406919488363544,73.0,0.0,0.0,27.994642338876442,123.99340438059764,960.6667382301183,False,False,0.0,0.0,False,0.0,1,1,0,True
233,100,0.0,94.12821133880877,155.6686723861131,156.35770951887852,102.28311409182056,9.473724917762565,0.0,4.324786710956598,125.51507353030836,0.3620439110914607,955.3720605153152,143.4478765683741,0.6612539193414269,0.08367226964979686,0.028425943066496723,-0.12425373646710622,0.00736294435637868,0.7412869746624551,74.0,0.0,0.0,27.994642338876442,125.87711744139982,959.6968472262718,False,False,0.0,0.0,False,0.0,0,0,0,True
234,100,0.0,94.06018129041203,155.63492696718743,156.35770951887852,102.29374392766297,9.473724917762565,0.0,4.3398039777031965,127.88554147323092,0.037196452546086056,954.4890992745154,144.17065912006518,0.6615050630344863,0.08406755169019842,0.02857374978055789,-0.11847571848998753,0.006165252013912395,0.7486525616347053,74.0,0.0,0.0,27.994642338876442,127.922737925777,958.8289032522187,False,False,0.0,0.0,False,0.0,0,0,0,True
235,100,0.0,94.05669115940712,155.36195043389745,156.35770951887852,102.1453002309955,9.473724917762565,0.0,4.361091879140732,130.18529822510308,0.0,953.7546998256754,145.16641820504628,0.661744594326769,0.0844445460825584,0.028722616010015994,-0.11093876157396858,0.006739571744525286,0.7559354937783986,74.0,0.0,0.0,27.994642338876442,130.18529822510308,958.1157917048162,False,False,0.0,0.0,False,0.0,0,0,0,True
236,100,0.0,94.25689879040945,155.3019512765433,156.35770951887852,102.13469487239851,9.473724917762565,0.0,4.383910620717312,132.34167554384254,0.0,952.8546265594651,146.2221764473815,0.6619706529285164,0.08480014643654132,0.02887435878527504,-0.10323180723584091,0.006173853656108838,0.7650440976921049,75.0,0.0,0.0,27.994642338876442,132.34167554384254,957.2385371801824,False,False,0.0,0.0,False,0.0,0,0,0,True
237,100,0.0,94.35694280016189,155.1779264269005,156.35770951887852,102.07976860510902,9.473724917762565,0.0,4.400277783855918,134.39842153258704,0.0,951.8072170985724,147.40195953935958,0.6621830933898687,0.08513418277657873,0.029030197293658307,-0.0948631627533226,0.006313222934152314,0.7746135201828206,75.0,0.0,0.0,27.994642338876442,134.39842153258704,956.2074948824284,False,False,0.0,0.0,False,0.0,0,0,0,True
238,100,0.0,94.39425832004645,154.88152409002174,156.35770951887852,101.9090057504272,9.473724917762565,0.0,4.408532597160743,136.2979134451034,0.0,950.5589819793663,148.87814496821633,0.662380872619256,0.08544502928344691,0.02919117307172913,-0.08455431831130725,0.006977024164668853,0.7830757301855431,75.0,0.0,0.0,27.994642338876442,136.2979134451034,954.967514576527,False,False,0.0,0.0,False,0.0,0,0,0,True
239,100,0.0,94.40432258500782,154.60479698077822,156.35770951887852,101.74823142082033,9.473724917762565,0.0,4.4107795687824005,125.06721428434638,0.0,949.1463986672702,150.63105750631667,0.6625609261814442,0.08572774536372556,0.029358140471883166,-0.07247398254713103,0.007488222111051433,0.7903241702422987,75.0,0.0,0.0,20.189976393951376,125.06721428434638,953.5571782360526,False,False,0.0,0.0,False,0.0,2,2,0,True
240,100,0.0,94.32201496644923,149.65002042801004,156.35770951887852,98.50481171700979,9.473724917762565,0.0,4.407662851886743,123.35608779658783,0.0,944.7592181780889,157.3387465971852,0.6627204743648651,0.08597785015585191,0.02953181996953549,-0.02361691206839598,0.03749034512561909,0.759821452593682,77.0,0.0,0.0,20.189976393951376,123.35608779658783,949.1668810299756,False,False,0.0,0.0,False,0.0,0,0,0,True
241,99,0.010000000000000009,93.36699780634312,149.8886738061947,154.8494058337799,98.667422587418,9.37898766858494,0.1942289006201605,4.399109221109537,122.60865423508312,0.0,941.5690715131545,162.2994786247704,0.662801170844166,0.08609993184366552,0.029710236915203383,0.012278906503650244,0.02861272045468107,0.7466338885255255,77.0,0.0,0.0,20.189976393951376,122.60865423508312,945.968180734264,False,False,0.0,0.0,False,0.0,0,0,0,True
242,100,0.0,94.31786242546835,151.19070135435996,156.32617156013688,99.52089137806193,9.473724917762565,0.0,4.405127684387612,121.85649072774879,0.0,938.1782591708653,167.4349488305474,0.662824343129683,0.08612822063476891,0.02990236492983803,0.04774456426769683,0.014517618968297268,0.7218617899910477,77.0,0.0,0.0,20.189976393951376,121.85649072774879,942.5833868552529,False,False,0.0,0.0,False,0.0,0,0,0,True
243,100,0.0,94.3908165083731,151.5093194652759,156.32617156013688,99.71847683356707,9.473724917762565,0.0,4.413959804037594,121.21023895020417,0.0,934.9034451378454,172.25180092540845,0.6627900618211265,0.08606424032303703,0.030091016435472052,0.08038669430408714,0.009822144472773551,0.6994874833651041,76.0,0.0,0.0,20.189976393951376,121.21023895020417,939.3174049418831,False,False,0.0,0.0,False,0.0,0,0,0,True
244,100,0.0,94.41386013042514,151.922233724944,156.32617156013688,99.97032470506508,9.473724917762565,0.0,4.429913936995845,120.78141460994578,0.0,931.8495619582761,176.6557387606013,0.6627030210478817,0.08591572653162587,0.030273790209365138,0.10961116226530972,0.009199506151175646,0.6811977816504965,76.0,0.0,0.0,20.189976393951376,120.78141460994578,936.279475895272,False,False,0.0,0.0,False,0.0,0,0,0,True
245,100,0.0,94.43832805076941,152.3219792876926,156.32617156013688,100.20657924124603,9.473724917762565,0.0,4.456141399713562,120.562375351312,0.0,929.0022249637866,180.6599310330456,0.6625688487560797,0.08569192506132281,0.030448406907236016,0.13566417286316654,0.009964803855781497,0.6656783593122092,76.0,0.0,0.0,20.189976393951376,120.562375351312,933.4583663635002,False,False,0.0,0.0,False,0.0,0,0,0,True
246,100,0.0,94.46344836665065,152.4277005444947,156.32617156013688,100.24336745976515,9.473724917762565,0.0,4.4693903217794215,120.33575030728538,0.0,926.1649853234674,184.5584020486878,0.6623927682293773,0.08540140198841557,0.030612727646603225,0.16098071803107708,0.010355524324102229,0.6506210843166691,76.0,0.0,0.0,20.189976393951376,120.33575030728538,930.6343756452468,False,False,0.0,0.0,False,0.0,0,0,0,True
247,100,0.0,94.47406266090312,152.60384215484166,156.32617156013688,100.32073167405093,9.473724917762565,0.0,4.475608314187202,120.16235178484152,0.0,923.3928817582444,188.28073145398304,0.662176121944749,0.08504635971774166,0.03076466786057461,0.18503707340070943,0.010801244268838103,0.636976123934456,76.0,0.0,0.0,20.189976393951376,120.16235178484152,927.8684900724315,False,False,0.0,0.0,False,0.0,0,0,0,True
248,99,0.010000000000000009,93.53930505269032,151.7942283682968,154.8494058337799,99.74498025664023,9.37898766858494,0.1942289006201605,4.2929359282306345,120.05460981489013,0.0,921.0732831131413,191.33590891946616,0.6619210884030535,0.08463035185370522,0.03090243971490635,0.20489058372349275,0.009580978564311457,0.6234756535896168,76.0,0.0,0.0,20.189976393951376,120.05460981489013,925.366219041372,False,False,0.0,0.0,False,0.0,0,0,0,True
249,100,0.0,94.44525383841172,152.72464175309167,156.35770951887852,100.3077492080304,9.473724917762565,0.0,4.378195064266241,119.96802453763694,0.0,918.3150365094523,194.96897668525307,0.6616353605327382,0.08416456219703539,0.031043913749907916,0.22754178976349645,0.011291774825648079,0.6117882318956319,75.0,0.0,0.0,20.189976393951376,119.96802453763694,922.6932315737185,False,False,0.0,0.0,False,0.0,0,0,0,True
250,100,0.0,94.49471940867815,153.05984473055327,156.35770951887852,100.47409430767196,9.473724917762565,0.0,4.427476185643861,119.95986023631974,0.0,915.6730168119309,198.26684147357832,0.6613142022952542,0.08364193736704388,0.031178767837608798,0.24773648867716322,0.011825928102715353,0.5996638837558125,75.0,0.0,0.0,20.189976393951376,119.95986023631974,920.1004929975747,False,False,0.0,0.0,False,0.0,0,0,0,True
251,99,0.010000000000000009,93.5726478666442,152.07030169486765,154.8494058337799,99.76708332526175,9.37898766858494,0.1942289006201605,4.445758404556795,120.03603204568893,0.0,913.340716963839,201.0459456124906,0.6609649516888847,0.08307390393877037,0.03130737635462097,0.26581187102399156,0.009679172009549018,0.5862588134046118,75.0,0.0,0.0,20.189976393951376,120.03603204568893,917.7864753683958,False,False,0.0,0.0,False,0.0,0,0,0,True
252,100,0.0,94.46941400554803,153.5013547019844,156.40416969838677,100.64524975788842,9.473724917762567,0.0,4.460695528847099,113.72416964432911,0.0,910.8956600697625,203.9487606088929,0.6606002132540705,0.08247890487786178,0.03144285797105025,0.28344554458726795,0.012406412024974795,0.5719015347259588,74.0,0.0,0.0,16.309318432094162,113.72416964432911,915.3563555986095,False,False,0.0,0.0,False,0.0,1,1,0,True
253,100,0.0,94.5210203031894,151.47486602507627,156.40416969838677,99.25450067571147,9.473724917762567,0.0,4.4705095054128385,112.25176656124205,0.0,907.1027880162984,208.8780642822034,0.6602176150345856,0.08185345510162442,0.03156423229490226,0.3179890117679637,0.00898585757107614,0.548828917131668,75.0,0.0,0.0,16.309318432094162,112.25176656124205,911.5732975217112,False,False,0.0,0.0,False,0.0,0,0,0,True
254,100,0.0,94.51771319799468,153.04811193755106,156.40416969838677,100.21682207130951,9.473724917762567,0.0,4.475084381799521,111.69757073112542,0.0,904.2755444636267,212.23412204303912,0.6597926004693765,0.08115704887451573,0.031668416095140796,0.33969248207997105,0.010401029581833447,0.5416471357508743,75.0,0.0,0.0,16.309318432094162,111.69757073112542,908.7506288454263,False,False,0.0,0.0,False,0.0,0,0,0,True
255,99,0.010000000000000009,93.6592804942177,152.09642519580038,154.8494058337799,99.52253619284092,9.37898766858494,0.1942289006201605,4.472969302099481,111.18546323656867,0.0,901.7071849854412,214.98710268101863,0.6593426663332105,0.08041879613731742,0.03175140756384612,0.3583185669767518,0.008434762999532688,0.5329453205524499,75.0,0.0,0.0,16.309318432094162,111.18546323656867,906.1801542875407,False,False,0.0,0.0,False,0.0,0,0,0,True
256,100,0.0,94.5390430223728,153.5036841869394,156.35770951887852,100.36876961276211,9.473724917762565,0.0,4.475529720791712,110.7293226693012,0.0,899.0105591498443,217.84112801295777,0.6588737055021772,0.07964830911003518,0.03182959180335269,0.3759105005673105,0.010393468146217407,0.5283419792429997,74.0,0.0,0.0,16.309318432094162,110.7293226693012,903.486088870636,False,False,0.0,0.0,False,0.0,0,0,0,True
257,99,0.010000000000000009,93.66581883108714,152.75533513211843,154.8494058337799,99.80284959493518,9.37898766858494,0.1942289006201605,4.361762787657341,103.84772360067639,0.0,896.7159747368835,219.93519871461928,0.6583844761420223,0.07884471759695746,0.031889746689151365,0.38964326355685597,0.007848619017941885,0.5218263832413299,75.0,0.0,0.0,12.406992876462493,103.84772360067639,901.0777375245408,False,False,0.0,0.0,False,0.0,1,1,0,True
258,98,0.020000000000000018,92.65938862179647,151.52021378064637,153.29464196917309,98.91820141026237,9.284250419407316,0.388457801240321,4.348442200305324,103.39558964913986,0.0,894.6379095977185,221.7096269031459,0.6578825846571668,0.07801960425946661,0.03194198289382534,0.4022465719102123,0.008182875271027543,0.5162095789929255,75.0,0.0,0.0,12.406992876462493,103.39558964913986,898.9863517980237,False,False,0.0,0.0,False,0.0,0,0,0,True
259,98,0.020000000000000018,92.56944637127255,151.5043700004794,153.29464196917309,98.82823904126003,9.284250419407316,0.388457801240321,4.337839998947399,96.40663178606991,0.0,892.5598243400749,223.49989887183958,0.657371514940259,0.07717854003383626,0.03200475459517426,0.41460763635361564,0.007295463757058638,0.5137201811986668,75.0,0.0,0.0,8.491051346198088,96.40663178606991,896.8976643390223,False,False,0.0,0.0,False,0.0,1,1,0,True
260,98,0.020000000000000018,92.55236155626281,151.75551318582416,153.29464196917309,98.91042149367061,9.284250419407316,0.388457801240321,4.332504574216483,95.84855398723253,0.0,890.5810063498517,225.03902765518848,0.6568515551044884,0.07632205516353881,0.0320775613221346,0.4246150603259825,0.006945472636199203,0.5124170826712293,76.0,0.0,0.0,8.491051346198088,95.84855398723253,894.9135109240682,False,False,0.0,0.0,False,0.0,0,0,0,True
261,98,0.020000000000000018,92.550254535708,152.00963966827788,153.29464196917309,98.99291307125507,9.284250419407316,0.388457801240321,4.331364316382829,95.36328185861069,0.0,888.6867869577677,226.3240299560837,0.6563260268672083,0.07545569539360057,0.03215976134890634,0.4324061118069496,0.006780705488802355,0.5116250152214586,76.0,0.0,0.0,8.491051346198088,95.36328185861069,893.0181512741506,False,False,0.0,0.0,False,0.0,0,0,0,True
262,98,0.020000000000000018,92.54732784077054,152.4702333152438,153.29464196917309,99.20861478016909,9.284250419407316,0.388457801240321,4.332065636384003,95.0845773904889,0.0,887.0111959695352,227.14843861001296,0.6557981032789113,0.07458475458719285,0.03225068083298701,0.4364144640463626,0.00663604900103971,0.512196912467113,76.0,0.0,0.0,8.491051346198088,95.0845773904889,891.3432616059191,False,False,0.0,0.0,False,0.0,0,0,0,True
263,99,0.010000000000000009,93.50343187907511,153.95606709042266,154.8494058337799,100.0903439330026,9.37898766858494,0.1942289006201605,4.341028121238017,94.83126638673764,0.0,885.1664928466539,228.04177735337018,0.6552731886537939,0.073718216296718,0.03234951303549054,0.4399064435575967,0.011398780971635342,0.512844396933722,76.0,0.0,0.0,8.491051346198088,94.83126638673764,889.5075209678919,False,False,0.0,0.0,False,0.0,0,0,0,True
264,98,0.020000000000000018,92.62590582684189,153.12395456151262,153.29464196917309,99.4654945224998,9.284250419407316,0.388457801240321,4.341191983971065,94.71508476950031,0.0,883.6692036146809,228.21246476103065,0.654750035388485,0.0728543135116011,0.03243495028766384,0.4395300334771502,0.007201730932444773,0.5112198927341627,76.0,0.0,0.0,8.491051346198088,94.71508476950031,888.0103955986519,False,False,0.0,0.0,False,0.0,0,0,0,True
265,98,0.020000000000000018,92.55602859481573,153.29203534408396,153.29464196917309,99.4917790004368,9.284250419407316,0.388457801240321,4.3374221536163375,94.68780273945218,0.0,882.2680760926708,228.21507138611977,0.6542363045456594,0.07200549191550716,0.03252653822178928,0.43807836107108467,0.00739341924702837,0.512393806460338,76.0,0.0,0.0,8.491051346198088,94.68780273945218,886.6054982462871,False,False,0.0,0.0,False,0.0,0,0,0,True
266,99,0.010000000000000009,93.4936081221932,154.59695236141948,154.8494058337799,100.25647450202848,9.37898766858494,0.1942289006201605,4.342559319411652,94.59525374182623,0.0,880.5993272956975,228.46752485848015,0.6537336409927567,0.07117449922480842,0.032623643758023686,0.43779981354503333,0.011511840446486031,0.5136363900339096,76.0,0.0,0.0,8.491051346198088,94.59525374182623,884.9418866151092,False,False,0.0,0.0,False,0.0,0,0,0,True
267,98,0.020000000000000018,92.60442392687064,153.51613684553496,153.29464196917309,99.47564125722175,9.284250419407316,0.388457801240321,4.340231325932366,94.50144749354284,0.0,879.1336666984174,228.24602998211824,0.6532384359119024,0.07035565074356845,0.032704513376944556,0.4356549751455863,0.006666616735458089,0.5120191149653155,76.0,0.0,0.0,8.491051346198088,94.50144749354284,883.4738980243498,False,False,0.0,0.0,False,0.0,0,0,0,True
268,98,0.020000000000000018,92.52020103022254,153.5133702325333,153.29464196917309,99.39554585580733,9.284250419407316,0.388457801240321,4.335460295152324,94.4066382943841,0.0,877.6721335963713,228.02730171875805,0.6527556017742595,0.06955683136040028,0.032789521690155546,0.4337562064061795,0.006426992181240132,0.5130966052876996,76.0,0.0,0.0,8.491051346198088,94.4066382943841,882.0075938915236,False,False,0.0,0.0,False,0.0,0,0,0,True
269,98,0.020000000000000018,92.50063466791737,153.5991636653555,153.29464196917309,99.37436097688786,9.284250419407316,0.388457801240321,4.332699108232689,87.80989374940714,0.0,876.2089819777107,227.72278002257562,0.6522849619877531,0.06877776600997595,0.03287820844110249,0.4313526774371173,0.006468441772534814,0.5145908344838906,76.0,0.0,0.0,4.591285027470685,87.80989374940714,880.5416810859433,False,False,0.0,0.0,False,0.0,1,1,0,True
270,99,0.010000000000000009,93.43397842785575,155.23993972455816,154.8494058337799,100.36013609224189,9.37898766858494,0.1942289006201605,4.393231463804701,87.73898941342267,0.0,874.7035244652882,227.33224613179735,0.651827397325359,0.06801992970913358,0.03297005589409567,0.4273667947360263,0.011940880649924074,0.5177384988634373,76.0,0.0,0.0,4.591285027470685,87.73898941342267,879.0967559290929,False,False,0.0,0.0,False,0.0,0,0,0,True
271,98,0.020000000000000018,92.56501976196891,154.47793739211374,153.29464196917309,99.7949420149604,9.284250419407316,0.388457801240321,4.420365488889768,87.83692838086337,0.0,873.5965687906485,226.1489507088567,0.6513831231508546,0.06728396748134138,0.03304244944816115,0.4188569565395035,0.00738792441555886,0.5186595322736179,75.0,0.0,0.0,4.591285027470685,87.83692838086337,878.0169342795382,False,False,0.0,0.0,False,0.0,0,0,0,True
272,98,0.020000000000000018,92.50152252299662,154.51446592118822,153.29464196917309,99.74919273565523,9.284250419407316,0.388457801240321,4.431021499087177,87.93894309811894,0.0,872.507361075676,224.9291267568416,0.6509608086212922,0.06658397863844927,0.03311646354178883,0.41042860614632504,0.006921737258960456,0.5217023163046811,75.0,0.0,0.0,4.591285027470685,87.93894309811894,876.9383825747632,False,False,0.0,0.0,False,0.0,0,0,0,True
273,98,0.020000000000000018,92.48610579289065,154.6026654057542,153.29464196917309,99.7400099807514,9.284250419407316,0.388457801240321,4.435751868684555,81.58234052302272,0.0,871.4243873359056,223.62110332026046,0.6505604710682713,0.06592000752853858,0.03319173098389329,0.40161597190838727,0.006655056195266827,0.5251284666318174,75.0,0.0,0.0,0.7141761097928527,81.58234052302272,875.8601392045902,False,False,0.0,0.0,False,0.0,1,1,0,True
274,99,0.010000000000000009,93.42190206380809,156.0303429948201,154.8494058337799,100.5977469033525,9.37898766858494,0.1942289006201605,4.17882399686197,75.01186509036944,0.0,817.9120992035887,222.44016615922027,0.6501827672227475,0.06529315774302011,0.033267852321300785,0.39321273795733963,0.011943148002443288,0.5294118456955207,76.0,0.0,0.0,49.325455392027024,75.01186509036944,822.0909232004507,False,True,52.52350344151426,0.06005332388944856,False,0.0,1,1,0,True
275,98,0.020000000000000018,92.64662606177995,178.0119266157252,153.29464196917309,114.7023407686953,9.284250419407316,0.388457801240321,4.298987983012734,83.20104253904088,0.33749123681266235,831.2410507218724,197.72288151266812,0.6498250040576171,0.06469926096723348,0.033321898677240704,0.20268375843951345,0.1516364068405637,0.6352587746910388,77.0,0.0,0.0,45.44767288553585,83.53853377585355,835.5400387048851,False,False,0.0,0.0,False,0.0,1,1,0,True
276,100,0.0,94.71518094218243,170.41617421383546,156.41987238633962,109.79109326974195,9.473724917762567,0.0,4.388646398665223,84.74211482774277,0.07837949093753394,836.8478632908561,183.72657968517228,0.6497426587919028,0.06456115361236987,0.033362594403776195,0.1024859331365465,0.06938641258853208,0.6518138342150293,78.0,0.0,0.0,41.527087303047395,84.8204943186803,841.2365096895213,False,False,0.0,0.0,False,0.0,1,1,0,True
277,100,0.0,94.58992404164506,169.51445993506013,156.41987238633962,109.2182264786403,9.473724917762567,0.0,4.42952065738227,92.36528982367533,0.06589005396999581,842.2839966723084,170.63199213645177,0.6498057248442968,0.06466386234997876,0.03340348177330092,0.014333691498236406,0.048852408437415305,0.6871649180004561,77.0,0.0,0.0,41.527087303047395,92.43117987764532,846.7135173296906,False,False,0.0,0.0,False,0.0,0,0,0,True
278,100,0.0,94.56173283351977,168.13433073674798,156.41987238633962,108.35870891805013,9.473724917762567,0.0,4.449009347047907,99.35414730716586,0.050508417706914166,846.9122522913457,158.91753378604338,0.6499967976334602,0.06497858498529652,0.033445355356319026,-0.06057539003122483,0.030022786556793035,0.7224019592245537,77.0,0.0,0.0,41.527087303047395,99.40465572487277,851.3612616383936,False,False,0.0,0.0,False,0.0,0,0,0,True
279,100,0.0,94.52516304173132,167.09400197765999,156.41987238633962,107.73605536864252,9.473724917762567,0.0,4.458049521653479,105.94669515267088,0.04347929805568529,850.9869573183494,148.243404194723,0.6502967796298018,0.06547371426214539,0.033489429002735584,-0.1263499563075497,0.017395993851924096,0.7605758685714352,77.0,0.0,0.0,41.527087303047395,105.99017445072657,855.4450068400029,False,False,0.0,0.0,False,0.0,0,0,0,True
280,100,0.0,94.49476986314602,166.23944839301606,156.41987238633962,107.24854831418111,9.473724917762567,0.0,4.463806082350656,112.26771322103883,0.02878378451232666,854.6196667836716,138.42382818804654,0.6506922583875356,0.06612705662886345,0.03353684411219651,-0.18529397501604433,0.008593310923352773,0.8020068773809355,76.0,0.0,0.0,41.527087303047395,112.29649700555116,859.0834728660222,False,False,0.0,0.0,False,0.0,0,0,0,True
281,100,0.0,94.46868045345286,165.3013883708661,156.41987238633962,106.72054495585827,9.473724917762567,0.0,4.467543735225113,118.2658883597712,0.0,857.7581628674509,129.54231220352008,0.6511729963867958,0.06692167541242093,0.033588744955289594,-0.2374866216453529,0.00427868922762169,0.8456590002613542,75.0,0.0,0.0,41.527087303047395,118.2658883597712,862.225706602676,False,False,0.0,0.0,False,0.0,0,0,0,True
282,100,0.0,94.4426458929789,164.52502432920332,156.41987238633962,106.3083909961082,9.473724917762567,0.0,4.469958032898708,124.04846378144096,0.0,860.5599466823539,121.43716026065638,0.6517288500491809,0.0678407885952296,0.033646393152096526,-0.28449432753907855,0.005162763370879751,0.892877203587678,75.0,0.0,0.0,41.527087303047395,124.04846378144096,865.0299047152527,False,False,0.0,0.0,False,0.0,0,0,0,True
283,100,0.0,94.44066469028627,163.84490278648067,156.41987238633962,105.9684669075152,9.473724917762567,0.0,4.472457585112122,123.15545178807538,0.0,863.0436555185563,114.01212986051529,0.6523518301065027,0.0688711809175723,0.033711007309084655,-0.3272415676758992,0.007184470316838118,0.9439817068036556,74.0,0.0,0.0,37.62505214700504,123.15545178807538,867.5161131036684,False,False,0.0,0.0,False,0.0,1,1,0,True
284,100,0.0,94.43065348174711,162.75562038284366,156.41987238633962,105.37243932963591,9.473724917762567,0.0,4.474239753306497,128.153514509194,0.0,864.9823209996475,107.6763818640112,0.6530352130942749,0.07000173247384303,0.03378376946084787,-0.3631783030788272,0.012357689594278787,0.9947200334845805,75.0,0.0,0.0,37.62505214700504,128.153514509194,869.456560752954,False,False,0.0,0.0,False,0.0,0,0,0,True
285,100,0.0,94.44604028362238,161.7649289988305,156.41987238633962,104.8466630688128,9.473724917762567,0.0,4.47644912787801,132.7540284007336,0.0,866.3987267641486,102.33132525152027,0.6537687489367408,0.07121548239614817,0.03386601905911953,-0.3931574700792946,0.015911654547127528,1.0457648189776607,75.0,0.0,0.0,37.62505214700504,132.7540284007336,870.8751758920266,False,False,0.0,0.0,False,0.0,0,0,0,True
286,100,0.0,94.45217869540555,160.4037541052903,156.41987238633962,104.45016567417274,9.473724917762567,0.0,4.477967050853425,137.08301288121407,0.0,867.036776561033,98.3474435325696,0.6545433661680209,0.07249742068802952,0.033958943350671046,-0.4144826376698136,0.021805688689049023,1.0782628412085766,75.0,0.0,0.0,37.62505214700504,137.08301288121407,871.5147436118864,False,False,0.0,0.0,False,0.0,0,0,0,True
287,100,0.0,94.45879396599892,159.63514709439966,156.41987238633962,104.01861639680351,9.473724917762567,0.0,4.478947443988917,141.0973142190594,0.0,867.3146634284578,95.13216882450955,0.6553454509850423,0.07382510981618762,0.03405494084814808,-0.43143460058363203,0.022089912474776024,1.107757457319902,75.0,0.0,0.0,37.62505214700504,141.0973142190594,871.7936108724467,False,False,0.0,0.0,False,0.0,0,0,0,True
288,100,0.0,94.46341112716654,158.9465577090624,156.41987238633962,103.63644796112366,9.473724917762567,0.0,4.479360350902347,144.83926620729866,0.0,867.2876817178701,92.60548350178676,0.6561682865451353,0.07518742213234655,0.034155884022423894,-0.4445531515773341,0.021813199231356866,1.1341989759891458,73.0,0.0,0.0,37.62505214700504,144.83926620729866,871.7670420687724,False,False,0.0,0.0,False,0.0,0,0,0,True
289,100,0.0,94.46893238940784,158.26915871153676,156.41987238633962,103.26422723672518,9.473724917762567,0.0,4.479558843598368,148.31046312633754,0.0,866.9621535686437,90.7561971765896,0.6570059255428081,0.0765745014862819,0.034263645916430156,-0.45388631186534545,0.021531504209762558,1.1562044614112474,72.0,0.0,0.0,37.62505214700504,148.31046312633754,871.441712412242,False,False,0.0,0.0,False,0.0,0,0,0,True
290,100,0.0,94.47478892083541,157.5999579649764,156.41987238633962,102.8985263293153,9.473724917762567,0.0,4.479674450136148,151.50946432398163,0.0,866.3420329999993,89.57611159795277,0.6578525016095466,0.07797662458864503,0.034379939097317035,-0.4594481280076234,0.021270810424569575,1.1725314666681004,72.0,0.0,0.0,37.62505214700504,151.50946432398163,870.8217074501355,False,False,0.0,0.0,False,0.0,0,0,0,True
291,100,0.0,94.4804308892792,156.85360242962233,156.41987238633962,102.47751017413961,9.473724917762567,0.0,4.479747339252559,154.37341128359756,0.0,865.375506992392,89.14238155467008,0.6587021869221328,0.07938413069927001,0.03450628417120506,-0.4606744807619492,0.02155203336595551,1.18116642305517,71.0,0.0,0.0,37.62505214700504,154.37341128359756,869.8552543316446,False,False,0.0,0.0,False,0.0,0,0,0,True
292,100,0.0,94.48201920506128,156.29401019940448,156.41987238633962,102.18707472645605,9.473724917762567,0.0,4.4796230386443865,157.02718508989634,0.0,864.1844009181286,89.26824374160519,0.6595484109140795,0.080786126647535,0.034644132332633484,-0.4587580673340278,0.020659362828618317,1.1835553574002975,70.0,0.0,0.0,37.62505214700504,157.02718508989634,868.664023956773,False,False,0.0,0.0,False,0.0,0,0,0,True
293,100,0.0,94.48831417884627,155.67112027320067,156.41987238633962,101.89415091055822,9.473724917762567,0.0,4.47963795141244,159.45790597304844,0.0,862.715584664353,90.01699585474415,0.6603862496856164,0.0821744469650472,0.03479435697187087,-0.4531395404842641,0.020466547408092502,1.1768593386736708,70.0,0.0,0.0,37.62505214700504,159.45790597304844,867.1952226157654,False,False,0.0,0.0,False,0.0,0,0,0,True
294,100,0.0,94.49553837588833,155.10934591362286,156.41987238633962,101.64808530843669,9.473724917762567,0.0,4.479758113621283,155.18385364642225,0.0,861.0027051765011,91.3275223274609,0.6612099424348635,0.0835395502595192,0.03495648983636096,-0.4441416853368699,0.019976021978073678,1.1617267031946148,68.0,0.0,0.0,33.712317038796655,155.18385364642225,865.4824632901224,False,False,0.0,0.0,False,0.0,1,1,0,True
295,100,0.0,94.4884261348098,154.0926305873363,156.41987238633962,101.09912135725544,9.473724917762567,0.0,4.479316445117156,156.76616774826522,0.0,858.8002790849362,93.65476412646423,0.6620141871458277,0.0848726561325448,0.03512946431783089,-0.4285511402769676,0.022490605921301372,1.1330879705850503,68.0,0.0,0.0,33.712317038796655,156.76616774826522,863.2795955300534,False,False,0.0,0.0,False,0.0,0,0,0,True
296,100,0.0,94.52117961203243,153.82545552406046,156.41987238633962,101.03597159741412,9.473724917762567,0.0,4.480360590884667,158.29939536137127,0.0,856.5086068908374,96.24918098874335,0.6627892892574201,0.08615771036344563,0.03531206087983325,-0.4114815870011956,0.01977062385435132,1.102649165634959,66.0,0.0,0.0,33.712317038796655,158.29939536137127,860.988967481722,False,False,0.0,0.0,False,0.0,0,0,0,True
297,100,0.0,94.54750533576926,153.5636373038591,156.41987238633962,100.9706565900816,9.473724917762567,0.0,4.481583653102832,159.78508583937722,0.0,854.1317580162599,99.10541607122384,0.6635326573669902,0.08739041705167545,0.03550250975000949,-0.3928763695922496,0.018382537245722714,1.0695640953991274,66.0,0.0,0.0,33.712317038796655,159.78508583937722,858.6133416693627,False,False,0.0,0.0,False,0.0,0,0,0,True
298,100,0.0,94.57079205489862,153.358937883026,156.41987238633962,100.93696276806065,9.473724917762567,0.0,4.482530791816702,161.2560826643768,0.0,851.7041990750593,102.16635057453745,0.6642416789403065,0.08856644407734218,0.03569881695405227,-0.3730542612276452,0.01752713403770213,1.0352752305262853,66.0,0.0,0.0,33.712317038796655,161.2560826643768,856.1867298668759,False,False,0.0,0.0,False,0.0,0,0,0,True
299,100,0.0,94.59420347751808,153.14465662362775,156.41987238633962,100.89085203831911,9.473724917762567,0.0,4.483015208054253,156.20918223788607,0.0,849.7085157148265,105.4415663372493,0.6649142368285762,0.08968227825525152,0.03589878352006953,-0.3518733460797207,0.016932379065163337,1.0002064462956268,65.0,0.0,0.0,29.81828449653418,156.20918223788607,854.1915309228807,False,False,0.0,0.0,False,0.0,1,1,0,True
300,100,0.0,94.51944195490456,152.01521807491207,156.41987238633962,100.23497414332577,9.473724917762567,0.0,4.47552485512382,156.91865875294442,0.0,847.5294483096974,109.84622064867685,0.6655480702802238,0.09073416754330663,0.0361000692364952,-0.32274588576425983,0.01922969722264545,0.9561280405100405,67.0,0.0,0.0,29.81828449653418,156.91865875294442,852.0049731648212,False,False,0.0,0.0,False,0.0,0,0,0,True
301,100,0.0,94.47925517192628,152.01614739975784,156.41987238633962,100.31610458378796,9.473724917762567,0.0,4.467590467373557,157.7693338983801,0.0,845.4789839801743,114.24994563525857,0.6661318384114059,0.09170332670953514,0.03630045765490833,-0.29376371395437656,0.01715281958806273,0.9180164362734837,66.0,0.0,0.0,29.81828449653418,157.7693338983801,849.946574447548,False,False,0.0,0.0,False,0.0,0,0,0,True
302,100,0.0,94.5241808872023,151.9116273824182,156.41987238633962,100.32003963839459,9.473724917762567,0.0,4.468020815703603,158.6117536907052,0.0,843.3960102303565,118.75819063917993,0.6666654658746999,0.09258961822830376,0.03649729247481627,-0.264094273124423,0.016086033927603383,0.881634714734455,66.0,0.0,0.0,29.81828449653418,158.6117536907052,847.8640310460602,False,False,0.0,0.0,False,0.0,0,0,0,True
303,100,0.0,94.57384732255262,151.79550346113163,156.41987238633962,100.30860512279239,9.473724917762567,0.0,4.473424729323937,152.9069744526717,0.0,841.2603169595682,123.38255956438786,0.667147787455572,0.09339109952529076,0.036687963582654005,-0.2336005522645009,0.015138174371461675,0.8472394010618389,66.0,0.0,0.0,25.909161068946194,152.9069744526717,845.7337416888921,False,False,0.0,0.0,False,0.0,1,1,0,True
304,100,0.0,94.60759952950524,150.36086215612636,156.41987238633962,99.41760885014048,9.473724917762567,0.0,4.478627627992368,152.62901803405128,0.0,838.3747223383436,129.44156979460112,0.6675775062872317,0.09410560917173297,0.03686991750744334,-0.19251490047438036,0.018703254664789996,0.8047488250991888,67.0,0.0,0.0,25.909161068946194,152.62901803405128,842.853349966336,False,False,0.0,0.0,False,0.0,0,0,0,True
305,100,0.0,94.65666073320118,150.87928832251617,156.41987238633962,99.80784462887767,9.473724917762567,0.0,4.483304914074156,152.6837475419319,0.0,835.8270255340971,134.98215385842454,0.6679397821724031,0.09470856506509964,0.037040912083279406,-0.15539481471492617,0.014462137980006031,0.7739352206709038,67.0,0.0,0.0,25.909161068946194,152.6837475419319,840.3103304481713,False,False,0.0,0.0,False,0.0,0,0,0,True
306,100,0.0,94.73440041526828,150.99172580047752,156.41987238633962,99.92089983179378,9.473724917762567,0.0,4.489233566123149,152.7766118552295,0.0,833.2921385614007,140.4103004442866,0.6682401109479756,0.0952090464892128,0.03719838852338081,-0.11911688300937553,0.012815692164720149,0.7451240972179272,66.0,0.0,0.0,25.909161068946194,152.7766118552295,837.7813721275239,False,False,0.0,0.0,False,0.0,0,0,0,True
307,100,0.0,94.73724917762566,151.08013980720202,156.41987238633962,100.00959125248127,9.473724917762567,0.0,4.489666387294305,146.45410375251706,0.0,830.7897069578833,145.7500330234242,0.6684797080869492,0.09560904727111055,0.03734012017608352,-0.08346140466740581,0.011388131197709126,0.7190348623374772,65.0,0.0,0.0,22.0101332686015,146.45410375251706,835.2793733451775,False,False,0.0,0.0,False,0.0,1,1,0,True
308,100,0.0,94.73724917762566,149.29943823450273,156.41987238633962,98.85249089596505,9.473724917762567,0.0,4.487355642009639,145.28900098669496,0.0,827.2829828748703,152.87046717526107,0.6686595422532489,0.09591015226195054,0.037464134753225985,-0.03411584688484293,0.01676360349809477,0.6838149392164237,66.0,0.0,0.0,22.0101332686015,145.28900098669496,831.77033851688,False,False,0.0,0.0,False,0.0,0,0,0,True
309,100,0.0,94.73724917762566,150.46261914253492,156.41987238633962,99.63343791459849,9.473724917762567,0.0,4.4843328488925955,138.3953720365213,0.0,824.5661619269785,158.82772041906574,0.6687606107636886,0.09608088597935242,0.03756882802459983,0.006072891893743992,0.009913803473140591,0.6636950581497113,66.0,0.0,0.0,18.124903647220968,138.3953720365213,829.050494775871,False,False,0.0,0.0,False,0.0,1,1,0,True
310,100,0.0,94.73724917762566,150.62843506331654,156.41987238633962,99.74507280029184,9.473724917762567,0.0,4.482168477142059,137.89212692966004,0.0,821.7857901810529,164.61915774208876,0.6687959695717762,0.09614283776690398,0.03765259302154243,0.045012182859601305,0.00847823908237794,0.6431240889547511,67.0,0.0,0.0,18.124903647220968,137.89212692966004,826.267958658195,False,False,0.0,0.0,False,0.0,0,0,0,True
311,99,0.010000000000000009,93.78987668584939,149.5129009126858,154.8839379685502,98.99966033117805,9.37898766858494,0.1942289006201605,4.4727194534777555,137.46964832195482,0.0,819.2659037420157,169.9901947979532,0.6687676563294177,0.09609935965763079,0.03771429529362588,0.08247411206076348,0.011310143081148496,0.622042901691145,67.0,0.0,0.0,18.124903647220968,137.46964832195482,823.7386231954935,False,False,0.0,0.0,False,0.0,0,0,0,True
312,98,0.020000000000000018,92.84250419407313,148.58427594653352,153.5781264577567,98.3700411177117,9.284250419407316,0.388457801240321,4.459441945980641,130.76485505057042,0.0,817.3003618734562,174.98404530917637,0.6686801221439722,0.09595723559684857,0.037756821225764896,0.1148523801517934,0.01436184877143972,0.6054079720702514,67.0,0.0,0.0,14.234116991591467,130.76485505057042,821.7598038194368,False,False,0.0,0.0,False,0.0,1,1,0,True
313,99,0.010000000000000009,93.7898766858494,150.11837711934734,154.75576104359033,99.36262526802908,9.37898766858494,0.1942289006201605,4.3984811647548865,130.44964393540107,0.0,815.4070629547721,179.62142923341935,0.6685447230578383,0.09573214712000915,0.037805387025798096,0.14780194363587076,0.005902717610672006,0.5954314149301835,69.0,0.0,0.0,14.234116991591467,130.44964393540107,819.805544119527,False,False,0.0,0.0,False,0.0,0,0,0,True
314,96,0.040000000000000036,90.94775921052062,146.88877883881338,149.9250504716511,97.19611409920161,9.094775921052063,0.776915602480642,4.405975948302374,130.5709894098508,0.0,814.268508938394,182.65770086625707,0.6683554504267762,0.09541970658526075,0.03781433134165497,0.1740861878563919,0.022553908821012155,0.579187955892635,67.0,0.0,0.0,14.234116991591467,130.5709894098508,818.6744848866964,False,False,0.0,0.0,False,0.0,0,0,0,True
315,96,0.040000000000000036,90.78970132460788,146.72839523042572,149.9222895505037,97.05615282473843,9.094775921052063,0.776915602480642,4.399989890106283,130.70042702048372,0.0,813.4296667502026,185.851595186335,0.6681271071804756,0.0950448574960698,0.03781163077813469,0.2008298956484901,0.019121609437175297,0.5714968479121635,69.0,0.0,0.0,14.234116991591467,130.70042702048372,817.8296566403089,False,False,0.0,0.0,False,0.0,0,0,0,True
316,95,0.050000000000000044,89.81295130756683,146.01945054683694,148.4312296147741,96.54851348128928,9.000038671874439,0.9711445031008025,4.028745340162772,130.8379333556029,0.0,813.1546724847809,188.26337425427226,0.6678593512015031,0.09460705993988863,0.03779703610005551,0.22376352017781248,0.02004123384334992,0.5635004541724025,69.0,0.0,0.0,14.234116991591467,130.8379333556029,817.1834178249437,False,False,0.0,0.0,False,0.0,0,0,0,True
317,94,0.06000000000000005,88.76030660665194,144.58529780973188,146.87646575016726,95.55834749892655,8.905301422696812,1.1653734037209629,3.776357733491645,131.06122305208515,0.0,813.0368941870888,190.5545421947077,0.6675602841004032,0.0941181584570396,0.037760699185211404,0.24448898655293555,0.025670953824880383,0.5559575978879966,69.0,0.0,0.0,14.234116991591467,131.06122305208515,816.8132519205805,False,False,0.0,0.0,False,0.0,0,0,0,True
318,93,0.06999999999999995,87.60921673751072,142.75684233465674,145.36816206506865,94.30449288326136,8.810564173519186,1.3596023043411234,3.735569468748673,131.3002526085994,0.0,812.9110883920503,193.16586192511963,0.6672357162760243,0.09358742556032854,0.03773399945908436,0.2678597910195696,0.03292272678300553,0.5461782980887298,70.0,0.0,0.0,14.234116991591467,131.3002526085994,816.6466578607989,False,False,0.0,0.0,False,0.0,0,0,0,True
319,93,0.06999999999999995,87.35217745830745,142.4623529771906,145.36816206506865,94.05980992784929,8.810564173519186,1.3596023043411234,3.7117091806154505,131.57541430504978,0.0,812.7976389208033,196.07167101299763,0.6668848967962558,0.09301238951721254,0.03773051816696524,0.29225678986338094,0.02840454415686655,0.5402522980432127,70.0,0.0,0.0,14.234116991591467,131.57541430504978,816.5093481014187,False,False,0.0,0.0,False,0.0,0,0,0,True
320,93,0.06999999999999995,87.3006932674402,142.56699766618482,145.36816206506865,94.07416492976475,8.810564173519186,1.3596023043411234,3.7051295473844545,131.94157882052548,0.0,812.7500286423386,198.87283541188143,0.6665093519909324,0.0923953046470177,0.03774848648806875,0.314528951244916,0.022052476495984692,0.5358630969111176,70.0,0.0,0.0,14.234116991591467,131.94157882052548,816.4551581897231,False,False,0.0,0.0,False,0.0,0,0,0,True
321,93,0.06999999999999995,87.3018127362858,142.6360503557866,145.36816206506865,94.06309815563448,8.810564173519186,1.3596023043411234,3.7107295806850686,132.3182268256475,0.0,812.6902321208983,201.6049471211635,0.6661252147680471,0.09176176733230598,0.037778847272320774,0.33524525084955026,0.017195819792044438,0.5317308913136767,70.0,0.0,0.0,14.234116991591467,132.3182268256475,816.4009617015834,False,False,0.0,0.0,False,0.0,0,0,0,True
322,93,0.06999999999999995,87.2948325203857,142.7095045013359,145.36816206506865,94.05315290575648,8.810564173519186,1.3596023043411234,3.719516346317265,132.70588693152337,0.0,812.62747056548,204.26360468489622,0.6657336266447922,0.09111376443459515,0.03782199928738152,0.3545855852768323,0.013276978492899489,0.5279671359833216,70.0,0.0,0.0,14.234116991591467,132.70588693152337,816.3469869117973,False,False,0.0,0.0,False,0.0,0,0,0,True
323,93,0.06999999999999995,87.28549442242544,142.79016419555595,145.36816206506865,94.04631375319816,8.810564173519186,1.3596023043411234,3.726090522818776,133.1049392762982,0.0,812.5672079554635,206.84160255440892,0.6653356850157361,0.09045321172750054,0.037878173024323294,0.372671733318473,0.010097175504573326,0.5245849263503922,70.0,0.0,0.0,14.234116991591467,133.1049392762982,816.2932984782823,False,False,0.0,0.0,False,0.0,0,0,0,True
324,93,0.06999999999999995,87.27451837495448,142.87164352094004,145.36816206506865,94.0385181644097,8.810564173519186,1.3596023043411234,3.729815025930868,133.51575465961122,0.0,812.5101258041298,209.33812109853753,0.6649324918892687,0.08978203533598625,0.0379474470924746,0.3896520296619913,0.007672221062234336,0.5215588222441113,70.0,0.0,0.0,14.234116991591467,133.51575465961122,816.2399408300606,False,False,0.0,0.0,False,0.0,0,0,0,True
325,93,0.06999999999999995,87.2613679409794,142.95235769327053,145.36816206506865,94.02887166632398,8.810564173519186,1.3596023043411234,3.7315947928657023,133.93989848935428,0.0,812.4565475886853,211.7539254703357,0.6645251007251751,0.08910208316604733,0.03802975589396649,0.4056623611370334,0.006293848411034447,0.5188727434568454,70.0,0.0,0.0,14.234116991591467,133.93989848935428,816.1881423815511,False,False,0.0,0.0,False,0.0,0,0,0,True
326,93,0.06999999999999995,87.24612044480503,143.18458651057796,145.36816206506865,94.11761896897443,8.810564173519186,1.3596023043411234,3.7322081049925777,134.47902174990142,0.0,812.5069641720656,213.93750102482636,0.664114513646097,0.08841512022649185,0.038124901294415814,0.419487682317896,0.004601199634013757,0.5172093802428244,70.0,0.0,0.0,14.234116991591467,134.47902174990142,816.2391722770582,False,False,0.0,0.0,False,0.0,0,0,0,True
327,93,0.06999999999999995,87.24928620951704,143.28690287227883,145.36816206506865,94.12007346250519,8.810564173519186,1.3596023043411234,3.733454230712888,135.0335116284895,0.0,812.5566694842648,216.01876021761623,0.6637033160546472,0.08772555538147578,0.03823267585141671,0.4324046522911796,0.003750538634242671,0.5155558221785885,70.0,0.0,0.0,14.234116991591467,135.0335116284895,816.2901237149778,False,False,0.0,0.0,False,0.0,0,0,0,True
328,93,0.06999999999999995,87.23378535672862,143.4843898151062,145.36816206506865,94.18433145077279,8.810564173519186,1.3596023043411234,3.7336343533938177,116.11275341911778,0.0,812.6861336375199,217.90253246757874,0.6632926087115358,0.08703532375072982,0.038352649174363145,0.4436500940949154,0.003321376103529867,0.5146784364928008,70.0,0.0,0.0,2.4922212522445477,116.11275341911778,816.4197679909137,False,False,0.0,0.0,False,0.0,3,3,0,True
329,92,0.07999999999999996,86.82239854774791,143.4633287600962,143.97319200418445,94.10480054431642,8.71582692434156,1.553831204961284,3.748948314195865,116.4672680878895,0.0,812.7400871056984,218.41239571166693,0.6628844898299386,0.08634802706862028,0.038484347923259145,0.44508239778355935,0.0035405529894225025,0.5147506311198641,72.0,0.0,0.0,2.4922212522445477,116.4672680878895,816.4890354198943,False,False,0.0,0.0,False,0.0,0,0,0,True
330,92,0.07999999999999996,86.80751176007952,143.68034917981493,143.97319200418445,94.18108317742045,8.71582692434156,1.553831204961284,3.531053169934292,110.42537718194549,0.0,765.5783908733824,218.70523853603643,0.6624786603660311,0.08566326919488212,0.03862705797947631,0.44472557730953877,0.003999375739812088,0.5159672232705693,72.0,0.0,0.0,46.146566642599005,110.42537718194549,769.1094440433167,False,True,47.54402614809752,0.05821811561879942,False,0.0,1,1,0,True
331,92,0.07999999999999996,86.76995309069831,160.30334158280192,143.97319200418445,105.00368675969301,8.71582692434156,1.553831204961284,3.6187987578493526,115.16382959931425,0.1375088972606302,775.9259488362567,202.37508895741905,0.6620774223290615,0.08498499634361009,0.03878012239683191,0.30244385099071475,0.11653945128135952,0.5948457046412863,73.0,0.0,0.0,42.26043220926186,115.30133849657489,779.5447475941061,False,False,0.0,0.0,False,0.0,1,1,0,True
332,96,0.040000000000000036,90.7392549248209,156.77733176647897,149.93953329987272,102.64935087222061,9.094775921052063,0.776915602480642,3.7090980940615483,120.59178666327443,0.0,779.429207000657,195.5372904908128,0.6618538506628302,0.084602176833197,0.03895106430981713,0.24569970889151166,0.0664816873502594,0.5964068370926288,74.0,0.0,0.0,42.26043220926186,120.59178666327443,783.1383050947186,False,False,0.0,0.0,False,0.0,0,0,0,True
333,96,0.040000000000000036,90.58633668408545,155.87602198742277,149.9079953411311,102.02821040743717,9.094775921052065,0.776915602480642,3.746658738296498,125.6543039560129,0.0,782.6401295010658,189.56926384452117,0.6617014381259011,0.08434050460425857,0.03908146509347641,0.20148677898792822,0.04605500109853052,0.603450080370266,73.0,0.0,0.0,42.26043220926186,125.6543039560129,786.3867882393622,False,False,0.0,0.0,False,0.0,0,0,0,True
334,97,0.030000000000000027,91.45839584901339,156.000526573496,151.74306089944392,102.0899397053282,9.18951317022969,0.5826867018604814,3.977767432408902,123.87526309391556,0.0,784.9820511725702,185.3117981704691,0.6616042197258163,0.08417404613115638,0.039163431566163726,0.167823293159237,0.03707809318907225,0.6108695854720099,72.0,0.0,0.0,38.378851283460264,123.87526309391556,788.9598186049791,False,False,0.0,0.0,False,0.0,1,1,0,True
335,97,0.030000000000000027,91.41507536945353,155.46331508373282,151.54409427755533,101.7262465249427,9.18951317022969,0.5826867018604814,4.10856544401524,128.09385629918248,0.0,787.0836038900095,181.39257736429158,0.6615481027501479,0.08407623949752403,0.039219189648455416,0.14064817901572185,0.025698396864015215,0.6174338793114126,72.0,0.0,0.0,38.378851283460264,128.09385629918248,791.1921693340247,False,False,0.0,0.0,False,0.0,0,0,0,True
336,99,0.010000000000000009,93.31056062831914,157.31089193017476,154.96527304036758,102.92952556387552,9.37898766858494,0.1942289006201605,4.249282560576637,131.95001931308494,0.0,788.33287401552,179.04695847448443,0.6615236291087833,0.08403362328596065,0.039244077108551066,0.11646128463337568,0.032449711469339934,0.6283699807453715,71.0,0.0,0.0,38.378851283460264,131.95001931308494,792.5821565760966,False,False,0.0,0.0,False,0.0,0,0,0,True
337,99,0.010000000000000009,93.45724314896152,157.39546489312545,154.90451865148677,102.9820370489329,9.37898766858494,0.1942289006201605,4.34342416061248,135.77590908171655,0.0,789.5172105544849,176.55601223284577,0.6615235106158176,0.08403081507871757,0.03928924583955537,0.0940699918139055,0.02617319727102268,0.6353998099499214,71.0,0.0,0.0,38.378851283460264,135.77590908171655,793.8606347150974,False,False,0.0,0.0,False,0.0,0,0,0,True
338,99,0.010000000000000009,93.5263174848013,157.41271127854904,154.96527304036758,102.99338706797916,9.37898766858494,0.1942289006201605,4.1932119769782945,139.40932677349443,0.0,790.642783170227,174.1085739946643,0.6615445554925107,0.08406367590934338,0.03934343753545932,0.07234677956495121,0.02079059018000919,0.6438014750853338,70.0,0.0,0.0,38.378851283460264,139.40932677349443,794.8359951472053,False,False,0.0,0.0,False,0.0,0,0,0,True
339,100,0.0,94.50362090385269,157.88987196301412,156.50120745815698,103.3080324649673,9.473724917762565,0.0,4.319600332992306,142.86027062058065,0.0,790.9991043550524,172.71990948980718,0.66158671730733,0.0841310077904798,0.03941714959953358,0.05819347950092681,0.019502821932707966,0.6500097646430745,69.0,0.0,0.0,38.378851283460264,142.86027062058065,795.3187046880447,False,False,0.0,0.0,False,0.0,0,0,0,True
340,100,0.0,94.54361872801618,157.78090538390921,156.50120745815698,103.23977409870156,9.473724917762565,0.0,4.397051964629729,139.77239594433055,0.0,791.2256503282528,171.44021156405495,0.6616367419567245,0.0842114912343412,0.03950664760991871,0.045870797950573756,0.01469502084517677,0.6556913465387327,69.0,0.0,0.0,34.49055728832592,139.77239594433055,795.6227022928825,False,False,0.0,0.0,False,0.0,1,1,0,True
341,100,0.0,94.55614026749706,157.11735888309803,156.50120745815698,102.8088771564017,9.473724917762565,0.0,4.436875323461453,136.2388150073676,0.0,791.0705806370688,170.8240601391139,0.6616922965160201,0.0843012590929689,0.0396114072458107,0.0392947190431871,0.0073319780922742606,0.6595368444933861,70.0,0.0,0.0,30.676545386075908,136.2388150073676,795.5074559605303,False,False,0.0,0.0,False,0.0,1,1,0,True
342,100,0.0,94.56810718817187,156.21423899233181,156.50120745815698,102.22033785286061,9.473724917762565,0.0,4.45752918724567,125.47058649728123,0.0,790.4067983802288,171.11102860493907,0.6617462292242499,0.08438840510399181,0.03973072114856662,0.03989568042782208,0.0021497700703632353,0.6617757912147637,71.0,0.0,0.0,22.95428945899419,125.47058649728123,794.8643275674744,False,False,0.0,0.0,False,0.0,2,2,0,True
343,100,0.0,94.55634171975971,153.26665604288758,156.50120745815698,100.29174480111735,9.473724917762565,0.0,4.4673120239915205,118.82546902382586,0.0,788.1002738859862,174.34558002020842,0.661789621778839,0.08445807517959322,0.039863877918991146,0.06280056755776521,0.018990863453278432,0.6512179150362507,73.0,0.0,0.0,19.047615511538066,118.82546902382586,792.5675859099778,False,False,0.0,0.0,False,0.0,1,1,0,True
344,100,0.0,94.54020647995611,151.2863090833444,156.50120745815698,98.98977201105458,9.473724917762565,0.0,4.471698005865605,117.20986770732843,0.0,784.7909064454075,179.56047839502102,0.6617949673255163,0.08446441121878379,0.040009244772040216,0.10022565091397677,0.0280016058634997,0.6387547961466061,73.0,0.0,0.0,19.047615511538066,117.20986770732843,789.2626044512731,False,False,0.0,0.0,False,0.0,0,0,0,True
345,99,0.010000000000000009,93.60752449457604,151.3992586555218,154.96527304036758,99.04856306877554,9.37898766858494,0.1942289006201605,4.4667455711664985,103.4728251669387,0.0,782.5932418653965,183.12649277986677,0.6617443703724648,0.0843775854840089,0.0401658156229645,0.12573928151724628,0.021798878676324535,0.6372896832337422,73.0,0.0,0.0,11.272935729953439,103.4728251669387,787.059987436563,False,False,0.0,0.0,False,0.0,2,2,0,True
346,100,0.0,94.531412624941,151.538732795368,156.52003690497443,99.11818519511031,9.473724917762567,0.0,4.471381340983171,101.55485037736447,0.0,779.5837292869338,188.1077968894732,0.6616563952918929,0.08422781629962077,0.04033761287509182,0.162325696891889,0.016647914875754486,0.614929739030389,75.0,0.0,0.0,11.272935729953439,101.55485037736447,784.055110627917,False,False,0.0,0.0,False,0.0,0,0,0,True
347,100,0.0,94.61258232362407,152.5298878321565,156.52003690497443,99.73692999590057,9.473724917762567,0.0,4.4776255482927425,87.24371341609454,0.0,777.0439401244363,192.09794596229113,0.661513044215971,0.08398564862312582,0.04049224983867496,0.1906575558335643,0.006959412665498542,0.6007154743131642,75.0,0.0,0.0,3.5464965698195234,87.24371341609454,781.521565672729,False,False,0.0,0.0,False,0.0,2,2,0,True
348,99,0.010000000000000009,93.71899823051324,152.14406181531317,154.95097883099498,99.44957701584038,9.37898766858494,0.1942289006201605,4.219052675708219,79.38866745206963,0.0,730.9309308770365,194.90486297797298,0.6613276524668023,0.0836730755499426,0.04062720380929182,0.2117571020192779,0.008167634835281337,0.5870931537134797,77.0,0.0,0.0,44.108999013164684,79.38866745206963,735.1499835527447,False,True,44.46756541539907,0.05703766606364074,False,0.0,1,1,0,True
349,100,0.0,94.45169239594266,175.0638843991861,156.4869132487844,114.38648310958001,9.473724917762567,0.0,4.320370076679279,85.76814778597857,0.06931076701006789,742.0093049928578,176.32789182757128,0.6611126074697028,0.0833106256819569,0.04074190267386496,0.06614583931973009,0.14304268393494876,0.6888532168740837,79.0,0.0,0.0,40.234637295562806,85.83745855298864,746.3296750695371,False,False,0.0,0.0,False,0.0,1,1,0,True
350,100,0.0,94.73724917762566,168.15464409760565,156.4869132487844,109.86513355887296,9.473724917762567,0.0,4.39622054415705,93.95527546538577,0.0,747.9274727314267,164.66016097874996,0.6610997557246735,0.08328303287623855,0.040824964247989454,-0.016202560577384284,0.06674558807023219,0.6992310583108005,78.0,0.0,0.0,40.234637295562806,93.95527546538577,752.3236932755838,False,False,0.0,0.0,False,0.0,0,0,0,True
351,100,0.0,94.73724917762566,166.78774347006657,156.4869132487844,108.98580491969375,9.473724917762567,0.0,4.437264173997566,94.99239283603023,0.0,752.9287599292211,154.35933075746777,0.6611998944054162,0.08344254264038875,0.04087966795261453,-0.08410758524508596,0.04382785769791579,0.7229142270863128,77.0,0.0,0.0,36.3523761168228,94.99239283603023,757.3660241032187,False,False,0.0,0.0,False,0.0,1,1,0,True
352,100,0.0,94.73724917762566,164.95797128862606,156.4869132487844,107.82055581542309,9.473724917762567,0.0,4.4594496139446145,101.34555007298046,0.0,756.7644358680934,145.88827271762614,0.6613923238846563,0.08375489668752725,0.040907172527407394,-0.1364229793108071,0.023218351761750484,0.742744469992679,78.0,0.0,0.0,36.3523761168228,101.34555007298046,761.223885482038,False,False,0.0,0.0,False,0.0,0,0,0,True
353,100,0.0,94.73724917762566,163.59543702340724,156.4869132487844,106.97300425908512,9.473724917762567,0.0,4.468673072597478,107.02020223156427,0.0,759.782539970016,138.77974894300328,0.6616546906907075,0.08418309712893812,0.04090866057756463,-0.17799975336585433,0.010101491549126393,0.7625531233443258,78.0,0.0,0.0,36.3523761168228,107.02020223156427,764.2512130426135,False,False,0.0,0.0,False,0.0,0,0,0,True
354,100,0.0,94.73724917762566,162.67709711177625,156.4869132487844,106.4266322857532,9.473724917762567,0.0,4.473147760578135,112.30630394902364,0.0,762.3029554170088,132.5895650800114,0.6619800351740114,0.08471406700152535,0.040888862923406294,-0.2127751830249159,0.005014285151455984,0.7838697850524138,76.0,0.0,0.0,36.3523761168228,112.30630394902364,766.776103177587,False,False,0.0,0.0,False,0.0,0,0,0,True
355,100,0.0,94.73724917762566,161.81122483781877,156.4869132487844,105.92372021622415,9.473724917762567,0.0,4.47558833360466,117.23889839547762,0.0,764.4176463491108,127.26525349097702,0.662359585176527,0.08533309086214376,0.04084931097089189,-0.24155945321722055,0.005790979997875033,0.8058684809110932,75.0,0.0,0.0,36.3523761168228,117.23889839547762,768.8932346827154,False,False,0.0,0.0,False,0.0,0,0,0,True
356,100,0.0,94.73724917762566,161.13120513287197,156.4869132487844,105.5499165454646,9.473724917762567,0.0,4.477012547414149,121.93798427047825,0.0,766.3146560878452,122.62096160688945,0.6627835812584433,0.08602422122365105,0.0407908214679327,-0.26592841483452856,0.007906700025101222,0.829815351462728,74.0,0.0,0.0,36.3523761168228,121.93798427047825,770.7916686352593,False,False,0.0,0.0,False,0.0,0,0,0,True
357,100,0.0,94.73724917762566,160.54281862131123,156.4869132487844,105.24236747456064,9.473724917762567,0.0,4.477870105421412,126.46357620573139,0.0,768.0392920398248,118.56505623436259,0.6632448069922108,0.08677567402048639,0.04071458359745054,-0.2866780679495987,0.009269398785529695,0.8560912419539882,74.0,0.0,0.0,36.3523761168228,126.46357620573139,772.5171621452462,False,False,0.0,0.0,False,0.0,0,0,0,True
358,100,0.0,94.73724917762566,160.00514978787265,156.4869132487844,104.97325339465017,9.473724917762567,0.0,4.4783923913512185,130.84937023388926,0.0,769.6104209932095,115.0468196952743,0.6637373386822932,0.08757778437723021,0.040622108810961295,-0.30425686098673127,0.010455646651789038,0.8851989268637427,73.0,0.0,0.0,36.3523761168228,130.84937023388926,774.0888133845607,False,False,0.0,0.0,False,0.0,0,0,0,True
359,100,0.0,94.73724917762566,159.4806701138484,156.4869132487844,104.71702901700787,9.473724917762567,0.0,4.4787111604168635,135.10438281134014,0.0,771.0259512435391,112.05306283021032,0.664255987593798,0.08842209442577147,0.04051519071737948,-0.31881765674180396,0.011497018362787815,0.9176299368724073,73.0,0.0,0.0,36.3523761168228,135.10438281134014,775.504662403956,False,False,0.0,0.0,False,0.0,0,0,0,True
360,100,0.0,94.73724917762566,158.08869401349781,156.4869132487844,104.35842150524489,9.473724917762567,0.0,4.478905390307158,139.12256308855845,0.0,771.7003078932889,110.45128206549688,0.6647958273015069,0.08930058009023845,0.04039585317625183,-0.3249141960986337,0.017861469174844477,0.9319660269986041,73.0,0.0,0.0,36.3523761168228,139.12256308855845,776.1792132835961,False,False,0.0,0.0,False,0.0,0,0,0,True
361,100,0.0,94.72886521351894,157.22308827403612,156.4869132487844,104.02890011307639,9.473724917762567,0.0,4.478673998235517,142.93429517503188,0.0,771.9923263293956,109.71510704024517,0.6653433851862935,0.09019110161240933,0.040264991216443696,-0.32582457833046496,0.019672862776217118,0.9355772991535141,74.0,0.0,0.0,36.3523761168228,142.93429517503188,776.4710003276311,False,False,0.0,0.0,False,0.0,0,0,0,True
362,100,0.0,94.7128338817024,156.69994653155402,156.4869132487844,103.69579998100615,9.473724917762567,0.0,4.477996134765869,146.53771241703,0.0,772.1324674462855,109.50207375747556,0.6658903931405742,0.09108013223901108,0.04012386793126387,-0.3236775526866216,0.018910234310657296,0.936703944569155,74.0,0.0,0.0,36.3523761168228,146.53771241703,776.6104635810514,False,False,0.0,0.0,False,0.0,0,0,0,True
363,100,0.0,94.65477360962579,156.1820997794251,156.4869132487844,103.36608831421337,9.473724917762567,0.0,4.473872143644654,149.96926465489452,0.0,772.1246870406474,109.80688722683483,0.6664319548942642,0.0919597346921213,0.039974327229525534,-0.3185179476312153,0.01823883616595708,0.9351804773247316,75.0,0.0,0.0,36.3523761168228,149.96926465489452,776.598559184292,False,False,0.0,0.0,False,0.0,0,0,0,True
364,100,0.0,94.58235654790809,155.69259956550835,156.4869132487844,103.05544688218028,9.473724917762567,0.0,4.4677446410929695,146.79676340134873,0.0,771.9867329298241,110.60120091011089,0.6669632639223277,0.09282212253775275,0.03981834646523821,-0.3105414629464992,0.017509502797776494,0.9310968613869077,73.0,0.0,0.0,32.475095445380745,146.79676340134873,776.4544775709171,False,False,0.0,0.0,False,0.0,1,1,0,True
365,100,0.0,94.49391965437421,154.40116944475488,156.4869132487844,102.15823731765366,9.473724917762567,0.0,4.460682625705045,149.18580199715566,0.0,771.2947291971249,112.68694471414037,0.6674798431915939,0.09366005152536558,0.03965801424831585,-0.2940592721757474,0.02195892789894189,0.9185142305736631,74.0,0.0,0.0,32.475095445380745,149.18580199715566,775.75541182283,False,False,0.0,0.0,False,0.0,0,0,0,True
366,100,0.0,94.41180762852532,153.94203490398735,156.4869132487844,101.86155019321524,9.473724917762567,0.0,4.455052663504789,151.43013993261934,0.0,770.488478629467,115.23182305893738,0.6679681877315998,0.09445152810854987,0.03949505914814309,-0.27503086203428756,0.02030214737803613,0.9062088124396203,74.0,0.0,0.0,32.475095445380745,151.43013993261934,774.9435312929718,False,False,0.0,0.0,False,0.0,0,0,0,True
367,100,0.0,94.3351330253295,153.43781595016952,156.4869132487844,101.52581088115275,9.473724917762567,0.0,4.451239307751592,153.48152669307606,0.0,769.5262195045541,118.28092035755222,0.6684243245818322,0.09519013787323678,0.03933178573868317,-0.25307357776698264,0.019266589413713835,0.8917064130414587,74.0,0.0,0.0,32.475095445380745,153.48152669307606,773.9774588123057,False,False,0.0,0.0,False,0.0,0,0,0,True
368,100,0.0,94.25425937958114,152.98502249680251,156.4869132487844,101.22038769751626,9.473724917762567,0.0,4.448373930850214,155.36808105913443,0.0,768.4382645789472,121.7828111095341,0.6688436879223052,0.09586849997114193,0.03917046481746913,-0.22850697765036312,0.018215925959147315,0.8758268543757671,73.0,0.0,0.0,32.475095445380745,155.36808105913443,772.8866385097974,False,False,0.0,0.0,False,0.0,0,0,0,True
369,100,0.0,94.17565477623262,152.5674859899196,156.4869132487844,101.00250200807523,9.473724917762567,0.0,4.446153632456232,157.1700463805082,0.0,767.2350823600626,125.70223836839888,0.6692222385011664,0.09648009578931405,0.03901335674094089,-0.20158903181508117,0.0177342178953774,0.856903496318403,73.0,0.0,0.0,32.475095445380745,157.1700463805082,771.6812359925189,False,False,0.0,0.0,False,0.0,0,0,0,True
370,100,0.0,94.10971407691453,152.16854883336683,156.4869132487844,100.7957509134301,9.473724917762567,0.0,4.445041802551775,152.37021815027973,0.0,765.9078756657887,130.02060278381646,0.6695563775254806,0.0970191051985253,0.03886227935252048,-0.17239125394681698,0.017306345220300612,0.8348854714889373,72.0,0.0,0.0,28.56686630260237,152.37021815027973,770.3529174683405,False,False,0.0,0.0,False,0.0,1,1,0,True
371,100,0.0,93.98747360528176,150.53443591724402,156.4869132487844,99.76248784756929,9.473724917762567,0.0,4.44047041088197,153.0321150971579,0.0,763.8180334454736,135.97308011535682,0.6698426365263559,0.09747991907889056,0.03871876539868701,-0.13167904483762444,0.023364574753707974,0.8004789126987053,72.0,0.0,0.0,28.56686630260237,153.0321150971579,768.2585038563556,False,False,0.0,0.0,False,0.0,0,0,0,True
372,100,0.0,93.95525322381735,150.72190661716223,156.4869132487844,99.92563249192892,9.473724917762567,0.0,4.441055137492544,153.91349554638234,0.0,761.9305396017169,141.73808674697898,0.6700628970199913,0.0978329593341162,0.038583067224831985,-0.09306454780446469,0.018844367017572188,0.7728970761573601,71.0,0.0,0.0,28.56686630260237,153.91349554638234,766.3715947392094,False,False,0.0,0.0,False,0.0,0,0,0,True
373,100,0.0,93.95464428688763,150.61985478726228,156.4869132487844,99.88702502540711,9.473724917762567,0.0,4.4454632655621324,154.78595110001277,0.0,760.014273445722,147.6051452085011,0.6702207368088623,0.0980841429181852,0.0384566486679842,-0.05424425944328668,0.016886048658035547,0.7451155101631329,70.0,0.0,0.0,28.56686630260237,154.78595110001277,764.4597367112841,False,False,0.0,0.0,False,0.0,0,0,0,True
374,100,0.0,93.93215568587927,150.4739406713371,156.4869132487844,99.80942501284746,9.473724917762567,0.0,4.449408129672167,155.6278265257521,0.0,758.0520662997188,153.6181177859484,0.6703160617616648,0.09823337621768062,0.03834033471180649,-0.014793599438204352,0.015924176493612104,0.717929212560619,70.0,0.0,0.0,28.56686630260237,155.6278265257521,762.501474429391,False,False,0.0,0.0,False,0.0,0,0,0,True
375,100,0.0,93.9008019769945,150.49223172576353,156.4869132487844,99.8307433964453,9.473724917762567,0.0,4.451092347994361,156.54423187084748,0.0,756.1513933534712,159.6127993089693,0.6703481058972682,0.09827946288320152,0.03823454099073178,0.024097117743674568,0.01449284613934555,0.6927740530892147,69.0,0.0,0.0,28.56686630260237,156.54423187084748,760.6024857014656,False,False,0.0,0.0,False,0.0,0,0,0,True
376,100,0.0,93.8846384637545,150.4628689876024,156.4869132487844,99.81063833534115,9.473724917762567,0.0,4.452190811798832,157.4823635570179,0.0,754.2563918976945,165.63684357015126,0.6703179994667126,0.09822430441195351,0.03813945361921015,0.06288591940356356,0.01349466584532879,0.6689290724093392,69.0,0.0,0.0,28.56686630260237,157.4823635570179,758.7085827094933,False,False,0.0,0.0,False,0.0,0,0,0,True
377,100,0.0,93.86726989447912,150.39372049284697,156.4869132487844,99.75440853844867,9.473724917762567,0.0,4.45295892159768,158.4081797322213,0.0,752.3323687876978,171.73003632608868,0.6702261432681105,0.09806860402398573,0.038054880568003796,0.10195795802622751,0.012800848992960542,0.6463235119470875,69.0,0.0,0.0,28.56686630260237,158.4081797322213,756.7853277092954,False,False,0.0,0.0,False,0.0,0,0,0,True
378,99,0.010000000000000009,93.4626167154664,149.91363946532388,154.99778176804207,99.41594129771333,9.37898766858494,0.1942289006201605,4.492166814242015,159.36565322677882,0.0,750.2662497978732,176.8141786288069,0.6700723277663044,0.09781206119391139,0.037980302567994784,0.13522473455206302,0.013790131175473966,0.626568875926117,67.0,0.0,0.0,28.56686630260237,159.36565322677882,754.7584166121153,False,False,0.0,0.0,False,0.0,0,0,0,True
379,100,0.0,94.3755204306604,151.0304866990453,156.56683984202152,100.12816343141839,9.473724917762567,0.0,4.5105478434246615,153.95787033742388,0.0,747.8011572210734,182.35053177178312,0.6698666255320481,0.09747019578984188,0.037913185219152865,0.17051838591798582,0.009036379157711289,0.6046291886978873,66.0,0.0,0.0,24.804464437625224,153.95787033742388,752.311705064498,False,False,0.0,0.0,False,0.0,1,1,0,True
380,100,0.0,94.38854774692936,149.57543223911696,156.56683984202152,99.12744709965142,9.473724917762567,0.0,4.510934735138896,153.63409454034138,0.0,744.3820614324177,189.34193937468768,0.6696062402411957,0.09703811107503321,0.03784098717734107,0.21762284140423205,0.01386023654611063,0.5776663987714318,67.0,0.0,0.0,24.804464437625224,153.63409454034138,748.8929961675566,False,False,0.0,0.0,False,0.0,0,0,0,True
381,99,0.010000000000000009,93.47094763327131,149.60330673020377,154.9307409055973,99.09926091702675,9.37898766858494,0.1942289006201605,4.493449448335397,154.07309315166816,0.0,741.9960445804581,194.66937355008116,0.6692726276658021,0.09648551098625377,0.03776074749331297,0.2559134289652186,0.012406895145669374,0.5615963320930927,67.0,0.0,0.0,24.804464437625224,154.07309315166816,746.4894940287935,False,False,0.0,0.0,False,0.0,0,0,0,True
382,98,0.020000000000000018,92.51093437092618,148.33669212506305,153.36168283161786,98.20648630069651,9.284250419407316,0.388457801240321,4.472053417788437,154.48850466790105,0.0,739.7949224350936,199.69436425663596,0.6688793741750456,0.09583581751858801,0.03765354368290619,0.2929503696345991,0.016236487534091498,0.5464945147488302,67.0,0.0,0.0,24.804464437625224,154.48850466790105,744.266975852882,False,False,0.0,0.0,False,0.0,0,0,0,True
383,97,0.030000000000000027,91.47921805364324,147.09491410353374,151.7926247576384,97.32330338000084,9.18951317022969,0.5826867018604814,4.447668611990211,154.96187007308407,0.0,737.9385699307334,204.39207491074066,0.6684284807519194,0.09509270833336045,0.037531134839993464,0.3281590758967968,0.02015937243926961,0.5342436821941843,67.0,0.0,0.0,24.804464437625224,154.96187007308407,742.3862385427236,False,False,0.0,0.0,False,0.0,0,0,0,True
384,97,0.030000000000000027,91.39234309331403,147.0157906165867,151.7926247576384,97.2019232221919,9.18951317022969,0.5826867018604814,4.431447930865636,155.42245561681688,0.0,736.1544593191336,209.16890905179238,0.6679228513580957,0.09426133805537236,0.03740639323397323,0.3631135638994606,0.017261305748517246,0.5254227938973988,67.0,0.0,0.0,24.804464437625224,155.42245561681688,740.5859072499992,False,False,0.0,0.0,False,0.0,0,0,0,True
385,95,0.050000000000000044,90.00038671874437,145.40839640422567,148.8893510116556,96.06303327643019,9.000038671874439,0.9711445031008025,4.429459233111681,155.9645513572695,0.0,734.3791158484697,212.64986365922232,0.6673631072600006,0.09334274939141696,0.03728002351717917,0.3892475498207177,0.02344812329364433,0.5154741167718963,66.0,0.0,0.0,24.804464437625224,155.9645513572695,738.8085750815814,False,False,0.0,0.0,False,0.0,0,0,0,True
386,94,0.06000000000000005,89.05301422696812,144.37463502279047,147.0542854533428,95.29776816898018,8.905301422696812,1.1653734037209629,4.415848118061002,150.12742538798906,0.0,733.0564413947712,215.32951408977468,0.6667657688629414,0.09236023738675644,0.03717811440855678,0.41450384891443176,0.025686353298520377,0.5077245669090844,66.0,0.0,0.0,20.92501728279198,150.12742538798906,737.4722895128323,False,False,0.0,0.0,False,0.0,1,1,0,True
387,94,0.06000000000000005,89.00666114936347,143.63952150487654,147.0542854533428,94.72535652821371,8.905301422696812,1.1653734037209629,4.399231445792756,143.57426817379755,0.0,731.3997066559444,218.744278038241,0.6661303079298474,0.09131635924922224,0.03707587962154749,0.44470241343544387,0.02549530814216654,0.49975889442969157,68.0,0.0,0.0,17.03372481407112,143.57426817379755,735.7989381017372,False,False,0.0,0.0,False,0.0,1,1,0,True
388,94,0.06000000000000005,88.98024289591488,144.65101496636728,147.0542854533428,95.29816035043235,8.905301422696812,1.1653734037209629,4.382978597712436,137.43677746956806,0.0,730.3770408528137,221.14754852521654,0.6654490219569971,0.09019853975726196,0.03697334189243141,0.46483276011507746,0.014735184681341242,0.49838402529832226,69.0,0.0,0.0,13.144723607227942,137.43677746956806,734.7600194505261,False,False,0.0,0.0,False,0.0,1,1,0,True
389,94,0.06000000000000005,89.02563290354747,144.9819523367268,147.0542854533428,95.41755647744635,8.905301422696812,1.1653734037209629,4.378405635953245,131.18351588836205,0.0,729.3828535308525,223.21988164183244,0.6647380923851067,0.0890332582679674,0.03687206520303987,0.48129835382541114,0.011667354924276611,0.4960207047719326,70.0,0.0,0.0,9.240346232043413,131.18351588836205,733.7612591668058,False,False,0.0,0.0,False,0.0,1,1,0,True
390,94,0.06000000000000005,89.02758670243495,145.29365005713257,147.0542854533428,95.52049039001655,8.905301422696812,1.1653734037209629,4.376436497145011,131.36198727106222,0.0,728.4873637500616,224.9805170380427,0.6640034650628551,0.08783024204040728,0.03677303295915494,0.49450654680958583,0.009275155269314554,0.49431122195779575,71.0,0.0,0.0,9.240346232043413,131.36198727106222,732.8638002472067,False,False,0.0,0.0,False,0.0,0,0,0,True
391,94,0.06000000000000005,89.02955218506563,145.4548866046414,147.0542854533428,95.52152769789662,8.905301422696812,1.1653734037209629,4.375336568608489,131.5455126276505,0.0,727.5914338451333,226.57991588674412,0.6632504186767225,0.08659811783198701,0.0366772377038545,0.5059656139993401,0.007954063569265566,0.49263227671532944,71.0,0.0,0.0,9.240346232043413,131.5455126276505,731.9667704137419,False,False,0.0,0.0,False,0.0,0,0,0,True
392,94,0.06000000000000005,89.02314689605548,145.61032248104402,147.0542854533428,95.51624933313,8.905301422696812,1.1653734037209629,4.373301874498727,131.73448787007425,0.0,726.7076828242714,228.02387885904284,0.6624818178125306,0.08534155625498577,0.03658556280093264,0.5158337936280807,0.0077561307976222,0.4913155518024287,71.0,0.0,0.0,9.240346232043413,131.73448787007425,731.0809846987701,False,False,0.0,0.0,False,0.0,0,0,0,True
393,94,0.06000000000000005,89.01787502040797,145.76889822381486,147.0542854533428,95.51085095593996,8.905301422696812,1.1653734037209629,4.371551838200896,131.92903512701608,0.0,725.8365059537648,229.30926608857078,0.6617002679399296,0.08406479656305428,0.03649889716096269,0.5241698264397663,0.007854612884392386,0.4903610360901035,71.0,0.0,0.0,9.240346232043413,131.92903512701608,730.2080577919656,False,False,0.0,0.0,False,0.0,0,0,0,True
394,94,0.06000000000000005,89.01437218888466,146.0237317981,147.0542854533428,95.56657806105183,8.905301422696812,1.1653734037209629,4.370421017036345,132.18900502386302,0.0,725.0382381783531,230.33981974381362,0.6609082743447637,0.08277190703275976,0.03641812214870493,0.5302045022850599,0.007863610726886386,0.4901374556525476,70.0,0.0,0.0,9.240346232043413,132.18900502386302,729.4086591953895,False,False,0.0,0.0,False,0.0,0,0,0,True
395,94,0.06000000000000005,89.01869531609762,146.2673661792807,147.0542854533428,95.61345239269782,8.905301422696812,1.1653734037209629,4.370507781399979,132.50019145965896,0.0,724.2914563334158,231.1267390178757,0.6601095581156398,0.08146893687970898,0.03634416191885228,0.5341381887279313,0.007927595751305005,0.49032849094259756,69.0,0.0,0.0,9.240346232043413,132.50019145965896,728.6619641148158,False,False,0.0,0.0,False,0.0,0,0,0,True
396,94,0.06000000000000005,89.02392428621107,146.4477331460613,147.0542854533428,95.61794602035837,8.905301422696812,1.1653734037209629,4.371173019113067,132.82013605263066,0.0,723.5544496775841,231.73329132515727,0.6593075096851582,0.08016138853097879,0.0362778645270577,0.5366058442157905,0.008278946666313144,0.49067362124809816,69.0,0.0,0.0,9.240346232043413,132.82013605263066,727.9256226966971,False,False,0.0,0.0,False,0.0,0,0,0,True
397,94,0.06000000000000005,89.02672546136021,146.71487370939033,147.0542854533428,95.67835416208099,8.905301422696812,1.1653734037209629,4.371707928113977,133.20672321785597,0.0,722.8900772249289,232.0727030691097,0.6585044990712052,0.07885309084214462,0.03621993979003332,0.5368908870632156,0.008768702552436208,0.49167355365885335,68.0,0.0,0.0,9.240346232043413,133.20672321785597,727.2617851530429,False,False,0.0,0.0,False,0.0,0,0,0,True
398,94,0.06000000000000005,89.0367757803669,146.97482955892463,147.0542854533428,95.7337441510712,8.905301422696812,1.1653734037209629,4.372683535045736,133.65016589547733,0.0,722.2814783483167,232.1521589635279,0.6577040282101645,0.07754971790571526,0.03617105652290412,0.5351335680067494,0.009208965838165658,0.4930616247963761,68.0,0.0,0.0,9.240346232043413,133.65016589547733,726.6541618833625,False,False,0.0,0.0,False,0.0,0,0,0,True
399,94,0.06000000000000005,89.0480069985865,147.16593971745098,147.0542854533428,95.74446115298612,8.905301422696812,1.1653734037209629,4.373836421735565,134.10597560648645,0.0,721.683654355773,232.04050469941976,0.6569093637043054,0.07625655484515821,0.036131741861588705,0.5319974952617781,0.009588807133680355,0.4945497072880995,68.0,0.0,0.0,9.240346232043413,134.10597560648645,726.0574907775085,False,False,0.0,0.0,False,0.0,0,0,0,True
