alpha_mean,alpha_std,wage,productivity,loan_rate,deposit_rate,bank_credit_multiplier,hh_debt_cap_multiplier,firm_debt_cap_multiplier,adaptation_rate,price_elasticity,skill_wage_weight,demand_smoothing,price_adjust_speed,price_stickiness,max_price_step,inventory_target_days,demand_expectation_memory,max_hire_per_step,max_fire_per_step,hh_max_dsr,firm_max_dsr,firm_reentry_lag,firm_reentry_cash_fraction,consumption_memory,precautionary_saving,consumption_floor_prop,consumption_ceiling_prop,unemployed_consumption_penalty,unemployment_transfer,seed,Employment_mean,UnemploymentRate_mean,Output_mean,Consumption_mean,Transfers_mean,AvgPrice_mean,AvgMarkup_mean,PriceDispersion_mean,InventoryGap_mean,SalesForecastError_mean,InventoryTurnover_mean,CreditRejections_mean,FirmDowntimeShare_mean,ReentryCount_mean,UnemploymentTransfers_mean,HH_Debt_mean,HH_Deposit_mean,Firm_Debt_mean,Bank_Equity_mean,BankFailed_mean,BankResolved_mean,BankResolutionAmount_mean,BankResolutionHaircut_mean,BankBailedOut_mean,BankBailoutAmount_mean,Defaults_mean,DefaultsHH_mean,DefaultsFirm_mean,BalanceOK_mean,DefaultsHH_rate,DefaultsFirm_rate,BalanceOK_share,BankFailed_share,BankResolved_share,BankBailedOut_share,bad_run,error
0.7309795464591649,0.09471067044584514,1.1192174549920637,1.3994372665819306,0.09746155565491019,0.018784821677641422,11.094376564267906,3.452894630686944,4.737447278419445,0.7389783855885916,1.5746207062956763,0.3986786937052613,0.17111023273743936,0.2564530205375303,0.7949666600402928,0.07967228364795806,1.3513465615621656,0.25710388944340423,4.443526384434401,10.28430108412633,0.3390451818964197,2.76683918210404,0.9141866090800516,0.26948765717034256,0.6340736027222204,0.27944731742054457,0.2884490474770073,1.18835813992992,0.2429988167700704,0.18099441299202523,0,99.0,0.010000000000000009,140.71386501076537,120.42778318937599,11.08025280442143,0.8640987178736271,0.07741805269023677,0.05271012995282224,0.12463234627504469,0.05587812888660119,0.5004545242820526,100.25,0.0,0.0,0.18099441299202523,44.14209795418634,0.16001737558056184,0.0,4.310969105846892,0.0,0.15,1.649693290587266,0.031791821987870186,0.0,0.0,0.45,0.45,0.0,1.0,0.01125,0.0,1.0,0.0,0.24166666666666667,0.0,False,
0.7309795464591649,0.09471067044584514,1.1192174549920637,1.3994372665819306,0.09746155565491019,0.018784821677641422,11.094376564267906,3.452894630686944,4.737447278419445,0.7389783855885916,1.5746207062956763,0.3986786937052613,0.17111023273743936,0.2564530205375303,0.7949666600402928,0.07967228364795806,1.3513465615621656,0.25710388944340423,4.443526384434401,10.28430108412633,0.3390451818964197,2.76683918210404,0.9141866090800516,0.26948765717034256,0.6340736027222204,0.27944731742054457,0.2884490474770073,1.18835813992992,0.2429988167700704,0.18099441299202523,1,91.3,0.087,128.42863153523865,110.16809112018431,10.218455364077544,0.8741187196352908,0.08924083365328929,0.07333477371663646,0.27283834524731426,0.06331604264019221,0.4513786773709908,100.7,0.0,0.0,1.5746513930306194,46.566261163656705,0.18333517329511312,0.010900018603958495,3.9124015535515175,0.0,0.25,2.7183992715531984,0.0351866027007472,0.0,0.0,0.7,0.7,0.0,1.0,0.01075,0.0,1.0,0.0,0.23333333333333334,0.0,False,
0.7309795464591649,0.09471067044584514,1.1192174549920637,1.3994372665819306,0.09746155565491019,0.018784821677641422,11.094376564267906,3.452894630686944,4.737447278419445,0.7389783855885916,1.5746207062956763,0.3986786937052613,0.17111023273743936,0.2564530205375303,0.7949666600402928,0.07967228364795806,1.3513465615621656,0.25710388944340423,4.443526384434401,10.28430108412633,0.3390451818964197,2.76683918210404,0.9141866090800516,0.26948765717034256,0.6340736027222204,0.27944731742054457,0.2884490474770073,1.18835813992992,0.2429988167700704,0.18099441299202523,2,98.95,0.01050000000000001,137.95645295153096,119.71778944274702,11.074656717146473,0.87708493179522,0.08016379891190159,0.05920244757999449,0.13047351093857834,0.03845217833515407,0.49712649351685456,104.1,0.0,0.0,0.19004413364162648,53.39252647714011,0.0,0.0,4.985001296881803,0.0,0.1,1.0623950464578065,0.029436736080612955,0.0,0.0,0.3,0.3,0.0,1.0,0.0105,0.0,1.0,0.0,0.25,0.0,False,
0.7676418682133374,0.09165047309695931,1.0211586264778045,1.4483657872626854,0.07810948360211362,0.011668312351086004,13.772215793332498,6.00768949231945,6.552513233559676,0.2811842049596083,2.0188463551299147,0.21550136780867424,0.12116901178233046,0.16735428674450453,0.7171886128550196,0.06208006711270064,1.0805857602466773,0.3454065817246121,11.628148749329942,7.256347940223323,0.36057593754739803,1.558578761335502,1.4210620639763987,0.7319325627413591,0.19522010710658438,0.2612904663795402,0.22243518797345224,2.1077822399615864,0.14549214681400055,0.08103529537662524,0,98.35,0.016500000000000015,142.99273336492234,109.31244694922006,10.043095091409207,0.7793446452869524,0.10110190878463048,0.05829446271621491,0.04579890546175034,0.05909749191001277,0.6173269822756244,104.95,0.0,0.0,0.13370823737143164,48.71173343391395,0.0,0.08663574586067621,3.4879636605582,0.0,0.15,1.9781664613847052,0.06446187212371667,0.0,0.6564818641375056,0.35,0.35,0.0,1.0,0.010166666666666666,0.0,1.0,0.0,0.25833333333333336,0.025,False,
0.7676418682133374,0.09165047309695931,1.0211586264778045,1.4483657872626854,0.07810948360211362,0.011668312351086004,13.772215793332498,6.00768949231945,6.552513233559676,0.2811842049596083,2.0188463551299147,0.21550136780867424,0.12116901178233046,0.16735428674450453,0.7171886128550196,0.06208006711270064,1.0805857602466773,0.3454065817246121,11.628148749329942,7.256347940223323,0.36057593754739803,1.558578761335502,1.4210620639763987,0.7319325627413591,0.19522010710658438,0.2612904663795402,0.22243518797345224,2.1077822399615864,0.14549214681400055,0.08103529537662524,1,93.45,0.06549999999999997,134.78000658113893,104.4044023638456,9.542727364435086,0.791040311637881,0.11773682183127457,0.0643843104884109,0.1366296343454805,0.036259205537234995,0.5812091803783113,101.4,0.0,0.0,0.5307811847168954,62.09015455532635,0.03150108104155015,0.0,5.42195258141192,0.0,0.2,1.9725641782557102,0.08754286162379657,0.0,0.5446369607994244,0.3,0.3,0.0,1.0,0.010249999999999999,0.0,1.0,0.0,0.25,0.025,False,
0.7676418682133374,0.09165047309695931,1.0211586264778045,1.4483657872626854,0.07810948360211362,0.011668312351086004,13.772215793332498,6.00768949231945,6.552513233559676,0.2811842049596083,2.0188463551299147,0.21550136780867424,0.12116901178233046,0.16735428674450453,0.7171886128550196,0.06208006711270064,1.0805857602466773,0.3454065817246121,11.628148749329942,7.256347940223323,0.36057593754739803,1.558578761335502,1.4210620639763987,0.7319325627413591,0.19522010710658438,0.2612904663795402,0.22243518797345224,2.1077822399615864,0.14549214681400055,0.08103529537662524,2,95.25,0.04750000000000001,133.20378823296932,104.94864707991306,9.726535917201087,0.7990301669561275,0.11707067557652939,0.05750584434688223,0.11824930483737126,0.034551054133554915,0.6270438343244747,104.95,0.0,0.0,0.38491765303896985,77.1176626507386,0.0,0.056352927956687206,5.9254255234421676,0.0,0.1,1.1745768779667152,0.08978337755778974,0.0,0.6672568892678026,0.25,0.25,0.0,1.0,0.010416666666666668,0.0,1.0,0.0,0.23333333333333334,0.05,False,
0.6414363237595344,0.0663691452182457,1.2772892072285797,1.1005923417598606,0.08890283097399387,0.005987458091086712,14.895884011960234,6.565841051804308,4.481085664160581,0.3492707522234752,2.501269316194919,0.3922360168739129,0.13662532792601423,0.2176230250393609,0.8553255045058697,0.16549572473535867,2.2978095439510806,0.3868730017333634,5.439419926817852,6.95191244922224,0.7158204136653286,1.2102674697896432,1.314723338833508,0.2766875153964311,0.2969114292028505,0.1789688933994131,0.14154815938094298,1.3218727791940583,0.2737164959261908,0.14345009999189665,0,90.05,0.0995,106.12797923540407,122.18174560956975,11.501989311093363,1.2029800478320325,0.027328460045303697,0.12770229339223002,-0.008418236855106953,0.10108927180822418,0.40878507535130854,98.15,0.0,0.0,1.4273284949193716,63.935936278919414,1.9912373750714711,0.625081426627648,5.334725999769414,0.0,0.2,2.2813526209978208,0.11052395675906493,0.0,1.8966104234243677,0.4,0.4,0.0,1.0,0.014666666666666666,0.011666666666666667,1.0,0.0,0.225,0.06666666666666667,False,
0.6414363237595344,0.0663691452182457,1.2772892072285797,1.1005923417598606,0.08890283097399387,0.005987458091086712,14.895884011960234,6.565841051804308,4.481085664160581,0.3492707522234752,2.501269316194919,0.3922360168739129,0.13662532792601423,0.2176230250393609,0.8553255045058697,0.16549572473535867,2.2978095439510806,0.3868730017333634,5.439419926817852,6.95191244922224,0.7158204136653286,1.2102674697896432,1.314723338833508,0.2766875153964311,0.2969114292028505,0.1789688933994131,0.14154815938094298,1.3218727791940583,0.2737164959261908,0.14345009999189665,1,92.85,0.07150000000000001,108.47339989050697,125.65436873823012,11.859630289117364,1.2146300491263435,0.038811936619408,0.13794820706034377,-0.011017990900252059,0.060509866017806765,0.388230137933376,102.35,0.0,0.0,1.025668214942061,62.010386975415614,1.671503081134554,3.3836856771946033,4.2963100108086865,0.0,0.15,1.7521357457936457,0.09915474467823376,0.0,2.986751828080151,0.25,0.25,0.0,1.0,0.0165,0.011666666666666667,1.0,0.0,0.19166666666666668,0.06666666666666667,False,
0.6414363237595344,0.0663691452182457,1.2772892072285797,1.1005923417598606,0.08890283097399387,0.005987458091086712,14.895884011960234,6.565841051804308,4.481085664160581,0.3492707522234752,2.501269316194919,0.3922360168739129,0.13662532792601423,0.2176230250393609,0.8553255045058697,0.16549572473535867,2.2978095439510806,0.3868730017333634,5.439419926817852,6.95191244922224,0.7158204136653286,1.2102674697896432,1.314723338833508,0.2766875153964311,0.2969114292028505,0.1789688933994131,0.14154815938094298,1.3218727791940583,0.2737164959261908,0.14345009999189665,2,99.45,0.005500000000000005,111.85820036449536,137.70946232743552,12.702641165888227,1.2657595252006073,0.06682400059272234,0.11830449527309032,-0.14605462770080266,0.01993219494536028,0.4158973099023557,104.8,0.0,0.0,0.07889755499554316,69.51645710983578,0.3247496595835836,2.2000482344949286,7.913668918436284,0.0,0.3,2.453722000266315,0.0802575232173029,0.0,2.0467477439135116,0.3,0.3,0.0,1.0,0.010916666666666665,0.010833333333333334,1.0,0.0,0.2916666666666667,0.05,False,
0.8051834812492003,0.07517791180217473,1.0772696585639288,1.5129045534546348,0.09981694725912538,0.008286541539074543,17.2475104489849,7.1950726849555195,6.792341385918196,0.5731094285741855,2.448856367378367,0.09847519367101161,0.23323174508531808,0.3921827214111895,0.8446091845145993,0.1608099543614404,1.98249407289377,0.29069565146936777,7.4787230929404025,9.216971479966588,0.8397223269406852,1.2390458674786902,2.39255928382678,0.679203471956515,0.3471002542897653,0.25335198100040407,0.2823479980623635,2.5156376292275504,0.2564144926941766,0.21371918050488817,0,95.25,0.047500000000000014,136.8260651208513,102.70591613456072,10.26099349782142,0.766306798616794,0.07245170850942524,0.05274615921636655,0.08853024284920571,0.05151090690242821,0.39181621141207323,109.0,0.0,0.0,1.0151661073982188,145.69937852941365,0.0,0.0,5.050885423855663,0.0,0.35,5.263983436223467,0.09670480109550453,0.0,1.376632660173368,0.8,0.8,0.0,1.0,0.01275,0.0,1.0,0.0,0.3416666666666667,0.025,False,
0.8051834812492003,0.07517791180217473,1.0772696585639288,1.5129045534546348,0.09981694725912538,0.008286541539074543,17.2475104489849,7.1950726849555195,6.792341385918196,0.5731094285741855,2.448856367378367,0.09847519367101161,0.23323174508531808,0.3921827214111895,0.8446091845145993,0.1608099543614404,1.98249407289377,0.29069565146936777,7.4787230929404025,9.216971479966588,0.8397223269406852,1.2390458674786902,2.39255928382678,0.679203471956515,0.3471002542897653,0.25335198100040407,0.2823479980623635,2.5156376292275504,0.2564144926941766,0.21371918050488817,1,85.95,0.1405,128.431735312795,96.07496841861666,9.259132715356966,0.761203554290635,0.06634322872400544,0.05204082445948316,0.42353498613234797,0.043157327117634176,0.2997733651549873,109.3,0.0,0.0,3.0027544860936795,129.9570404374049,0.0,0.0,5.1262565475515025,0.0,0.6,7.031356212930947,0.08898088120643938,0.0,1.5163369995814515,1.0,1.0,0.0,1.0,0.012166666666666666,0.0,1.0,0.0,0.3416666666666667,0.05,False,
0.8051834812492003,0.07517791180217473,1.0772696585639288,1.5129045534546348,0.09981694725912538,0.008286541539074543,17.2475104489849,7.1950726849555195,6.792341385918196,0.5731094285741855,2.448856367378367,0.09847519367101161,0.23323174508531808,0.3921827214111895,0.8446091845145993,0.1608099543614404,1.98249407289377,0.29069565146936777,7.4787230929404025,9.216971479966588,0.8397223269406852,1.2390458674786902,2.39255928382678,0.679203471956515,0.3471002542897653,0.25335198100040407,0.2823479980623635,2.5156376292275504,0.2564144926941766,0.21371918050488817,2,99.2,0.008000000000000007,148.1158405480369,112.31631369971815,10.686515012954175,0.7696751441283037,0.06563989101537733,0.05258099085547487,-0.060829570517331844,0.026794741351066013,0.4287746757976745,109.35,0.0,0.0,0.17097534440391055,97.73006274184391,0.0,0.003920400128895396,6.063795850105892,0.0,0.75,7.793617327860083,0.11207990225001628,0.0,1.7742284089886762,1.1,1.1,0.0,1.0,0.01525,0.0,1.0,0.0,0.43333333333333335,0.03333333333333333,False,
0.7496464331354324,0.12007488443562511,1.401626744518189,1.0518785613430517,0.08066176982330833,0.008053603217703901,12.72841118179177,3.786855932317394,3.209811577809388,0.6464237238041328,1.9846789975871038,0.22615402289821324,0.27166920542831835,0.2685498735827642,0.608462143277364,0.09487972023240773,1.8909976184607415,0.6011672440276831,11.446146851455374,6.738458864278373,0.9467899910309652,1.867710273020052,3.624134100670466,0.6658250401491564,0.360662339583386,0.0748489703884385,0.28685294636061914,2.540020441623574,0.15184649649846924,0.20687878468759105,0,92.4,0.076,100.10054725297614,141.18071324160263,12.951031119348068,1.4662277657580107,0.09057115820394282,0.15164318326595486,0.08200199079001562,0.051447634214197326,0.39585118798663244,94.85,0.0,0.0,1.5722787636256923,74.01435956964683,0.8899497854799968,0.0,5.407271457205704,0.0,0.3,3.68816510247646,0.05338538735083758,0.0,0.8747081332897628,0.75,0.75,0.0,1.0,0.013833333333333333,0.005,1.0,0.0,0.275,0.016666666666666666,False,
0.7496464331354324,0.12007488443562511,1.401626744518189,1.0518785613430517,0.08066176982330833,0.008053603217703901,12.72841118179177,3.786855932317394,3.209811577809388,0.6464237238041328,1.9846789975871038,0.22615402289821324,0.27166920542831835,0.2685498735827642,0.608462143277364,0.09487972023240773,1.8909976184607415,0.6011672440276831,11.446146851455374,6.738458864278373,0.9467899910309652,1.867710273020052,3.624134100670466,0.6658250401491564,0.360662339583386,0.0748489703884385,0.28685294636061914,2.540020441623574,0.15184649649846924,0.20687878468759105,1,98.05,0.019500000000000017,105.3059383455615,148.698492829048,13.742950230000847,1.4701002351374695,0.09467619263781595,0.1609398446981699,0.0010668301384915428,0.07915203522048984,0.4212865270606743,98.65,0.0,0.0,0.40341363014080256,65.00238899662565,1.5151866835318364,0.001684149236075061,5.765892018795499,0.0,0.25,2.6882672393250884,0.07139916794441574,0.0,0.567684846972896,0.55,0.55,0.0,1.0,0.013916666666666666,0.008333333333333333,1.0,0.0,0.3,0.041666666666666664,False,
0.7496464331354324,0.12007488443562511,1.401626744518189,1.0518785613430517,0.08066176982330833,0.008053603217703901,12.72841118179177,3.786855932317394,3.209811577809388,0.6464237238041328,1.9846789975871038,0.22615402289821324,0.27166920542831835,0.2685498735827642,0.608462143277364,0.09487972023240773,1.8909976184607415,0.6011672440276831,11.446146851455374,6.738458864278373,0.9467899910309652,1.867710273020052,3.624134100670466,0.6658250401491564,0.360662339583386,0.0748489703884385,0.28685294636061914,2.540020441623574,0.15184649649846924,0.20687878468759105,2,95.2,0.048,100.69126501219809,146.15198355726972,13.343486607813158,1.4868009105667888,0.09029218203225567,0.14002028914312442,0.055695052475497754,0.04885783084418913,0.40655750175211136,98.75,0.0,0.0,0.9930181665004371,66.981482653488,0.29406050424883545,0.007103272173996311,5.523259015761171,0.0,0.15,2.1904870185179717,0.07336751373336868,0.0,0.662395412198676,0.45,0.45,0.0,1.0,0.011083333333333334,0.006666666666666666,1.0,0.0,0.25,0.03333333333333333,False,
0.5764480636311967,0.056540291859663035,1.056641578589221,1.5833828839441342,0.09335196101231413,0.006589661031666095,10.669099002618307,5.0357865757345905,7.052518110527631,0.3828009709987711,1.1036804421907855,0.41772219933812565,0.14999787131274128,0.2496887703162854,0.7872035980631091,0.06424135036935953,2.4165954291985496,0.5722858434788487,5.626619363246435,11.108653845443008,0.83020331571683,2.334493268117252,3.5744627272596836,0.5469226825826856,0.5903329044302328,0.25218232699070947,0.30595830750496833,1.5673967102496176,0.28243478208721295,0.20568643324629193,0,93.85,0.06150000000000002,149.65180956181564,108.54664290340354,9.916581215059837,0.7284620417261863,0.09015249795204781,0.031356901417949175,0.11499657788288167,0.0316344531801986,0.31505148636889635,82.35,0.0,0.0,1.264971564464695,64.66972226177911,2.4634278950041812,0.3826442052156938,11.167941524202297,0.0,0.3,4.992202339217985,0.016278340886339303,0.0,0.0,0.9,0.9,0.0,1.0,0.010583333333333333,0.0,1.0,0.0,0.21666666666666667,0.0,False,
0.5764480636311967,0.056540291859663035,1.056641578589221,1.5833828839441342,0.09335196101231413,0.006589661031666095,10.669099002618307,5.0357865757345905,7.052518110527631,0.3828009709987711,1.1036804421907855,0.41772219933812565,0.14999787131274128,0.2496887703162854,0.7872035980631091,0.06424135036935953,2.4165954291985496,0.5722858434788487,5.626619363246435,11.108653845443008,0.83020331571683,2.334493268117252,3.5744627272596836,0.5469226825826856,0.5903329044302328,0.25218232699070947,0.30595830750496833,1.5673967102496176,0.28243478208721295,0.20568643324629193,1,96.9,0.030999999999999982,154.60962784073143,112.63340930106429,10.238856896529551,0.7315559646101917,0.09521087723579277,0.03166762547868179,0.01701162481516845,0.02477242522417103,0.3403488195114387,83.6,0.0,0.0,0.637627943063505,36.207761609363146,2.4951270213977748,0.031315491316794966,6.338394721941438,0.0,0.1,1.414293639066175,0.015074324213008939,0.0,0.0,0.35,0.35,0.0,1.0,0.009333333333333334,0.0,1.0,0.0,0.19166666666666668,0.0,False,
0.5764480636311967,0.056540291859663035,1.056641578589221,1.5833828839441342,0.09335196101231413,0.006589661031666095,10.669099002618307,5.0357865757345905,7.052518110527631,0.3828009709987711,1.1036804421907855,0.41772219933812565,0.14999787131274128,0.2496887703162854,0.7872035980631091,0.06424135036935953,2.4165954291985496,0.5722858434788487,5.626619363246435,11.108653845443008,0.83020331571683,2.334493268117252,3.5744627272596836,0.5469226825826856,0.5903329044302328,0.25218232699070947,0.30595830750496833,1.5673967102496176,0.28243478208721295,0.20568643324629193,2,94.95,0.0505,148.54933597075973,108.72705385421361,10.032811788704652,0.7454675305208927,0.10070852757206247,0.08111604950226893,-0.0022760914222074496,0.041191351619790054,0.3570675461218934,89.5,0.0,0.0,1.0387164878937745,58.878563152957284,1.5554319742428597,0.10688345256910943,8.493203135897955,0.0,0.15,3.1239069552775027,0.01206056696270514,0.0,0.0,0.65,0.65,0.0,1.0,0.011083333333333334,0.0008333333333333333,1.0,0.0,0.15,0.0,False,
0.5434501696494517,0.10305220067324089,1.1856264750203853,1.2366675954514215,0.053114127830664146,0.009763968825966644,17.29275835867395,3.865772416680125,6.121612543235258,0.44777144625749776,1.0653273898408593,0.25104952300858774,0.19226130375928446,0.2978450891245635,0.5436452344158085,0.0605548424552069,1.7907939412460132,0.299207652872415,8.355390962636147,6.704063529518264,0.6683493866627024,1.4278293761297889,1.0044436341352705,0.7075114979067539,0.43791309452925375,0.14334066401412027,0.32349587734642765,2.0673262062348607,0.2635057434519963,0.07787135866148101,0,99.6,0.0040000000000000036,126.03326665568811,129.84325367786093,11.808839691203035,1.0427994728495338,0.08223471438026184,0.07731558249744312,-0.015284704845808156,0.014718565358613253,0.44385901256482957,59.55,0.0,0.0,0.031148543464592404,59.56082152607295,16.699262888067558,0.11713967994141186,8.004287295316376,0.0,0.15,2.3071629497382173,0.009533872393383203,0.0,0.0,0.45,0.45,0.0,1.0,0.0055000000000000005,0.0,1.0,0.0,0.125,0.0,False,
0.5434501696494517,0.10305220067324089,1.1856264750203853,1.2366675954514215,0.053114127830664146,0.009763968825966644,17.29275835867395,3.865772416680125,6.121612543235258,0.44777144625749776,1.0653273898408593,0.25104952300858774,0.19226130375928446,0.2978450891245635,0.5436452344158085,0.0605548424552069,1.7907939412460132,0.299207652872415,8.355390962636147,6.704063529518264,0.6683493866627024,1.4278293761297889,1.0044436341352705,0.7075114979067539,0.43791309452925375,0.14334066401412027,0.32349587734642765,2.0673262062348607,0.2635057434519963,0.07787135866148101,1,100.0,0.0,125.7760542119698,129.35349543675733,11.856264750203852,1.0436028633363197,0.08374374746903243,0.08583674904724552,0.03399687558860705,0.008788016774757655,0.42563299143229194,63.45,0.0,0.0,0.0,61.57965594055558,15.581458433925736,1.9179094659866607,6.793615778509887,0.0,0.05,0.6449301484189066,0.0070968353163834525,0.0,0.0,0.25,0.25,0.0,1.0,0.005333333333333333,0.0,1.0,0.0,0.1,0.0,False,
0.5434501696494517,0.10305220067324089,1.1856264750203853,1.2366675954514215,0.053114127830664146,0.009763968825966644,17.29275835867395,3.865772416680125,6.121612543235258,0.44777144625749776,1.0653273898408593,0.25104952300858774,0.19226130375928446,0.2978450891245635,0.5436452344158085,0.0605548424552069,1.7907939412460132,0.299207652872415,8.355390962636147,6.704063529518264,0.6683493866627024,1.4278293761297889,1.0044436341352705,0.7075114979067539,0.43791309452925375,0.14334066401412027,0.32349587734642765,2.0673262062348607,0.2635057434519963,0.07787135866148101,2,100.0,0.0,122.73365264913346,130.8173760747026,11.856264750203852,1.0919702512029328,0.11493430374318639,0.12579629116999283,-0.024646619555918257,0.013727343854507221,0.4479250769709534,57.5,0.0,0.0,0.0,65.87350363018513,14.61330151393779,12.348914137052796,10.93647721597335,0.0,0.05,0.7191077321692264,0.0041158543764438565,0.0,0.0,0.15,0.15,0.0,1.0,0.006083333333333333,0.0,1.0,0.0,0.06666666666666667,0.0,False,
0.7579246071599919,0.07597671196814942,1.227084973371296,1.6529065990789542,0.09416208522251523,0.013844944265989532,15.05782652227341,5.1284372377635625,7.020759745885822,0.576633728506621,1.593857683234483,0.4516270018649267,0.25145678621662293,0.1909892769163786,0.5945517875886361,0.06807239726646257,1.7050173823780925,0.5112506052204778,8.984894259724722,6.834348520726284,0.5163537489801413,0.977702081401895,1.2919096485627135,0.5183501697235444,0.31049259111287086,0.16455974649404814,0.29783165504479797,2.446682238601086,0.19780056497347812,0.20915146954483715,0,94.35,0.056499999999999995,159.23681772963917,126.46456598132886,11.57754672375818,0.8046806181938813,0.08037732332380462,0.053854861481526774,0.02053896258737769,0.04933736528839286,0.4512650334480005,105.5,0.0,0.0,1.1817058029283303,72.85229352389811,0.0,0.009529987751407999,4.978328231524817,0.0,0.3,4.140833840094639,0.06960382905237014,0.0,0.5439688966520783,0.65,0.65,0.0,1.0,0.011333333333333332,0.0,1.0,0.0,0.275,0.025,False,
0.7579246071599919,0.07597671196814942,1.227084973371296,1.6529065990789542,0.09416208522251523,0.013844944265989532,15.05782652227341,5.1284372377635625,7.020759745885822,0.576633728506621,1.593857683234483,0.4516270018649267,0.25145678621662293,0.1909892769163786,0.5945517875886361,0.06807239726646257,1.7050173823780925,0.5112506052204778,8.984894259724722,6.834348520726284,0.5163537489801413,0.977702081401895,1.2919096485627135,0.5183501697235444,0.31049259111287086,0.16455974649404814,0.29783165504479797,2.446682238601086,0.19780056497347812,0.20915146954483715,1,97.1,0.029000000000000026,160.991059058465,127.37967423059426,11.914995091435284,0.8082545449820795,0.08507010527393108,0.072589632614481,0.07690457199584144,0.030208898899492527,0.4312162164803193,104.25,0.0,0.0,0.6065392616800278,86.38102049387972,0.0,0.0,4.823688333450647,0.0,0.2,2.96891002101384,0.07732698250784227,0.0,0.4453195666960644,0.5,0.5,0.0,1.0,0.011416666666666665,0.0,1.0,0.0,0.26666666666666666,0.025,False,
0.7579246071599919,0.07597671196814942,1.227084973371296,1.6529065990789542,0.09416208522251523,0.013844944265989532,15.05782652227341,5.1284372377635625,7.020759745885822,0.576633728506621,1.593857683234483,0.4516270018649267,0.25145678621662293,0.1909892769163786,0.5945517875886361,0.06807239726646257,1.7050173823780925,0.5112506052204778,8.984894259724722,6.834348520726284,0.5163537489801413,0.977702081401895,1.2919096485627135,0.5183501697235444,0.31049259111287086,0.16455974649404814,0.29783165504479797,2.446682238601086,0.19780056497347812,0.20915146954483715,2,94.9,0.05099999999999999,157.73458642786187,125.7243783853723,11.6450363972936,0.8056520498319586,0.07134910025590788,0.053620920213165536,0.029720111372370482,0.03906090084390407,0.4470732098986489,106.35,0.0,0.0,1.0666724946786696,71.12344130875297,0.0,0.022344033829004815,3.3642138580224845,0.0,0.3,4.6858902200677175,0.0724399876387749,0.0,0.35253307560679203,0.8,0.8,0.0,1.0,0.011916666666666666,0.0,1.0,0.0,0.2916666666666667,0.016666666666666666,False,
0.6581386545323119,0.10216027660061362,1.2096173737199742,0.9928023024332338,0.04140305561689723,0.015015744024927368,10.059972916555477,3.5925771245169535,6.085885974377598,0.6440007310824049,2.2117887662808924,0.3838134265700612,0.11807578502507121,0.2898446580812612,0.7910814784875885,0.048124005303717264,2.274935238600228,0.2590470554348494,9.1450546768393,8.652089404643457,0.8843659458115984,2.842248353675947,1.59466533117432,0.3996821578611972,0.41844622191364556,0.10723736163262398,0.2845680377169145,1.847279903743066,0.14100603342199508,0.15933893586563708,0,99.85,0.0015000000000000013,103.07425577136947,131.95222047877752,12.07802947659394,1.330013072215675,0.08212777256280336,0.12924463155915475,-0.4170286445653065,0.021483513419058665,0.6835899189540726,93.3,0.0,0.0,0.02390084037984556,15.760900669101034,3.0354479764422995,0.22534397539623346,1.1736108370480678,0.0,0.0,0.0,0.0021308072116558116,0.0,0.0,0.0,0.0,0.0,1.0,0.008833333333333334,0.0016666666666666666,1.0,0.0,0.03333333333333333,0.0,False,
0.6581386545323119,0.10216027660061362,1.2096173737199742,0.9928023024332338,0.04140305561689723,0.015015744024927368,10.059972916555477,3.5925771245169535,6.085885974377598,0.6440007310824049,2.2117887662808924,0.3838134265700612,0.11807578502507121,0.2898446580812612,0.7910814784875885,0.048124005303717264,2.274935238600228,0.2590470554348494,9.1450546768393,8.652089404643457,0.8843659458115984,2.842248353675947,1.59466533117432,0.3996821578611972,0.41844622191364556,0.10723736163262398,0.2845680377169145,1.847279903743066,0.14100603342199508,0.15933893586563708,1,85.8,0.142,93.22637263443299,113.63271496159432,10.378517066517379,1.261770908344312,0.02809953701749119,0.12282067556177831,0.08526253554318622,0.09868423333656783,0.3981722388250818,97.35,0.0,0.0,2.2626128892920465,32.811843076092295,2.542600850061574,56.489909212496954,5.653464834866186,0.0,0.1,1.3104014225348506,0.003894628372937007,0.0,0.0,0.35,0.35,0.0,1.0,0.013916666666666666,0.0016666666666666666,1.0,0.0,0.05,0.0,False,
0.6581386545323119,0.10216027660061362,1.2096173737199742,0.9928023024332338,0.04140305561689723,0.015015744024927368,10.059972916555477,3.5925771245169535,6.085885974377598,0.6440007310824049,2.2117887662808924,0.3838134265700612,0.11807578502507121,0.2898446580812612,0.7910814784875885,0.048124005303717264,2.274935238600228,0.2590470554348494,9.1450546768393,8.652089404643457,0.8843659458115984,2.842248353675947,1.59466533117432,0.3996821578611972,0.41844622191364556,0.10723736163262398,0.2845680377169145,1.847279903743066,0.14100603342199508,0.15933893586563708,2,99.9,0.0010000000000000009,97.65895899317647,131.76523705523323,12.08407756346254,1.4083510482411334,0.12528300425982003,0.16528763712856168,-0.27283039458451935,0.02524410631668167,0.49959770096809,96.45,0.0,0.0,0.01593389358656371,36.7305653053333,1.893949449181909,0.11584949763795915,4.200442072980054,0.0,0.05,0.593953263582625,0.016069026955661928,0.0,0.0,0.15,0.15,0.0,1.0,0.00825,0.003333333333333333,1.0,0.0,0.09166666666666666,0.0,False,
0.6398720048684657,0.11240044541155364,1.2357313784761617,1.0671532341809877,0.07961915119947831,0.01529191002515921,17.574120779665407,3.5595716552496253,3.9531036509268436,0.37380463690299803,2.113039943373415,0.15690919182176172,0.3185269114877251,0.23953845902956733,0.6655862429717841,0.07040514882986518,2.250053959362746,0.5146685361249932,7.6972101595387326,3.7656746222190325,0.6117630855663878,1.2913022896359556,1.2823595402669947,0.6143767275038411,0.2574521636100625,0.1347177307573524,0.07307540411314468,1.4612960095870458,0.2961900848370412,0.05477109447216353,0,97.5,0.025000000000000005,103.46903064667701,129.6742599509098,12.048380940142575,1.305742362001509,0.1179603101390331,0.13734520373177922,-0.09430619238172426,0.027882190077785217,0.415124421452919,82.95,0.0,0.0,0.13692773618040882,97.95921698326788,5.163336747750785,0.0053240201015098965,6.227489127744673,0.0,0.3,3.7607041893133486,0.05618221384757538,0.0,0.07834462248179051,0.9,0.9,0.0,1.0,0.012583333333333334,0.005833333333333334,1.0,0.0,0.24166666666666667,0.008333333333333333,False,
0.6398720048684657,0.11240044541155364,1.2357313784761617,1.0671532341809877,0.07961915119947831,0.01529191002515921,17.574120779665407,3.5595716552496253,3.9531036509268436,0.37380463690299803,2.113039943373415,0.15690919182176172,0.3185269114877251,0.23953845902956733,0.6655862429717841,0.07040514882986518,2.250053959362746,0.5146685361249932,7.6972101595387326,3.7656746222190325,0.6117630855663878,1.2913022896359556,1.2823595402669947,0.6143767275038411,0.2574521636100625,0.1347177307573524,0.07307540411314468,1.4612960095870458,0.2961900848370412,0.05477109447216353,1,99.1,0.009000000000000008,106.5554277182375,132.78315217609932,12.246097960698762,1.2986902841164023,0.11289338731263646,0.14116427020909794,-0.07675878366015118,0.03702243783565449,0.39280414605304337,85.2,0.0,0.0,0.049293985024947175,63.99271136305997,4.330803957544708,0.0657595007314512,5.290648445046779,0.0,0.3,2.8852830804964413,0.10414958840177355,0.0,0.2644592807918296,0.65,0.65,0.0,1.0,0.013583333333333334,0.006666666666666666,1.0,0.0,0.3,0.041666666666666664,False,
0.6398720048684657,0.11240044541155364,1.2357313784761617,1.0671532341809877,0.07961915119947831,0.01529191002515921,17.574120779665407,3.5595716552496253,3.9531036509268436,0.37380463690299803,2.113039943373415,0.15690919182176172,0.3185269114877251,0.23953845902956733,0.6655862429717841,0.07040514882986518,2.250053959362746,0.5146685361249932,7.6972101595387326,3.7656746222190325,0.6117630855663878,1.2913022896359556,1.2823595402669947,0.6143767275038411,0.2574521636100625,0.1347177307573524,0.07307540411314468,1.4612960095870458,0.2961900848370412,0.05477109447216353,2,95.65,0.04350000000000001,103.15335068507798,128.30967302353824,11.819770635124488,1.2744110629149892,0.07572293528665772,0.12071061275046088,0.06337338361224097,0.0396689771881293,0.34858131652714675,92.3,0.0,0.0,0.23825426095391128,64.89754895450008,3.1489311725978704,0.018794591239467796,4.021888124770448,0.0,0.15,2.2604641337398013,0.04361149307494388,0.0,0.32623626637759945,0.55,0.55,0.0,1.0,0.008833333333333334,0.005,1.0,0.0,0.18333333333333332,0.016666666666666666,False,
0.6788579800852234,0.08941041127761137,1.2647375841039548,1.7056418605528798,0.07080227183166428,0.005754542800057133,9.014508399533169,7.441690180389434,7.15414748326355,0.7473795405375228,2.3793558242407093,0.46587929322874666,0.1396219320230488,0.1250900755202249,0.8719618820097235,0.084479587286579,1.0176085129098449,0.2814108739278764,10.673961473590289,8.588604983372251,0.7569361193824993,2.3772892357266455,1.8384221555158227,0.3105205889678376,0.2651080424659307,0.23095033675701987,0.10540260325719578,1.7191772006361696,0.36052603263211536,0.1603672031186814,0,100.0,0.0,173.11972658972076,138.23927149760004,12.64737584103955,0.8031830202137712,0.08096164180242142,0.04422192615024782,-0.7621441440020831,0.004682168523512566,1.496361937662562,100.7,0.0,0.0,0.0,29.91139488157979,1.1470010477027954,0.0,0.2606163963512369,0.0,0.0,0.0,0.042127506577542696,0.0,0.0,0.0,0.0,0.0,1.0,0.006666666666666666,0.0,1.0,0.0,0.25,0.0,False,
0.6788579800852234,0.08941041127761137,1.2647375841039548,1.7056418605528798,0.07080227183166428,0.005754542800057133,9.014508399533169,7.441690180389434,7.15414748326355,0.7473795405375228,2.3793558242407093,0.46587929322874666,0.1396219320230488,0.1250900755202249,0.8719618820097235,0.084479587286579,1.0176085129098449,0.2814108739278764,10.673961473590289,8.588604983372251,0.7569361193824993,2.3772892357266455,1.8384221555158227,0.3105205889678376,0.2651080424659307,0.23095033675701987,0.10540260325719578,1.7191772006361696,0.36052603263211536,0.1603672031186814,1,100.0,0.0,171.38995266494717,137.48721365570577,12.647375841039548,0.8047599053279985,0.08408284040738943,0.04190798517415553,-0.7270277219164336,0.00964764481197535,1.417772813400043,103.45,0.0,0.0,0.0,65.67959430470421,1.2892751628541146,0.0,7.820882290434438,0.0,0.2,1.7617228896816688,0.0652208480875288,0.0,0.37746222534838136,0.2,0.2,0.0,1.0,0.007333333333333333,0.0,1.0,0.0,0.25,0.016666666666666666,False,
0.6788579800852234,0.08941041127761137,1.2647375841039548,1.7056418605528798,0.07080227183166428,0.005754542800057133,9.014508399533169,7.441690180389434,7.15414748326355,0.7473795405375228,2.3793558242407093,0.46587929322874666,0.1396219320230488,0.1250900755202249,0.8719618820097235,0.084479587286579,1.0176085129098449,0.2814108739278764,10.673961473590289,8.588604983372251,0.7569361193824993,2.3772892357266455,1.8384221555158227,0.3105205889678376,0.2651080424659307,0.23095033675701987,0.10540260325719578,1.7191772006361696,0.36052603263211536,0.1603672031186814,2,100.0,0.0,167.7061387718565,137.39816305695226,12.647375841039548,0.8253840883832426,0.09995188458340573,0.04948192896503047,-0.44034705857641665,0.010862824970419665,1.0461474731807707,102.05,0.0,0.0,0.0,68.60101114934177,0.4918865650298593,0.0,8.325659112072364,0.0,0.25,2.201470264768795,0.041820645400984964,0.0,0.0,0.25,0.25,0.0,1.0,0.007333333333333333,0.0,1.0,0.0,0.30833333333333335,0.0,False,
0.7334460308521084,0.07458889950516402,1.0466107662615696,1.3050091335077005,0.07297740013218906,0.006954147031276205,9.864684063001823,3.6620028266459164,6.932720294388403,0.6198356548759736,1.1868420312357053,0.21144507321922495,0.0669507753428276,0.4125957158497156,0.6448458433130225,0.12366024771240239,1.825133702374964,0.507629884462649,10.774801987860391,11.2207502828231,0.4908469469883501,1.0886392455364977,3.851313064130487,0.723590716329696,0.4148344424965131,0.05668272490636492,0.08327875773728191,2.5880019229472784,0.17415147937149336,0.08310013516084681,0,97.6,0.024000000000000014,127.82724442828813,111.48549632709789,10.214921078712921,0.8883530424524816,0.10178424883364742,0.07501261066049329,-0.048233070888965716,0.05494466739145258,0.45417406232705887,103.35,0.0,0.0,0.19944032438603235,43.99194171763091,0.0,0.009139353065657274,5.976028435189855,0.0,0.1,1.2752860990404558,0.051398893416044714,0.0,0.08418234071199572,0.3,0.3,0.0,1.0,0.009416666666666667,0.0,1.0,0.0,0.175,0.016666666666666666,False,
0.7334460308521084,0.07458889950516402,1.0466107662615696,1.3050091335077005,0.07297740013218906,0.006954147031276205,9.864684063001823,3.6620028266459164,6.932720294388403,0.6198356548759736,1.1868420312357053,0.21144507321922495,0.0669507753428276,0.4125957158497156,0.6448458433130225,0.12366024771240239,1.825133702374964,0.507629884462649,10.774801987860391,11.2207502828231,0.4908469469883501,1.0886392455364977,3.851313064130487,0.723590716329696,0.4148344424965131,0.05668272490636492,0.08327875773728191,2.5880019229472784,0.17415147937149336,0.08310013516084681,1,97.55,0.024500000000000022,128.80731615508645,110.7480149604406,10.209688024881611,0.8723061330983143,0.08381233583423425,0.06690946139582463,0.03268722908515216,0.030806569901403014,0.4223976341459724,104.35,0.0,0.0,0.20359533114407471,24.335442206023938,0.0,0.0051080522098499006,2.8617965531951866,0.0,0.05,0.5451262058906701,0.06830735575402394,0.0,0.09834905595698773,0.15,0.15,0.0,1.0,0.009000000000000001,0.0,1.0,0.0,0.175,0.016666666666666666,False,
0.7334460308521084,0.07458889950516402,1.0466107662615696,1.3050091335077005,0.07297740013218906,0.006954147031276205,9.864684063001823,3.6620028266459164,6.932720294388403,0.6198356548759736,1.1868420312357053,0.21144507321922495,0.0669507753428276,0.4125957158497156,0.6448458433130225,0.12366024771240239,1.825133702374964,0.507629884462649,10.774801987860391,11.2207502828231,0.4908469469883501,1.0886392455364977,3.851313064130487,0.723590716329696,0.4148344424965131,0.05668272490636492,0.08327875773728191,2.5880019229472784,0.17415147937149336,0.08310013516084681,2,96.55,0.03450000000000003,123.77585839274067,107.96371061843665,10.105026948255452,0.8829927190172884,0.08241650151279044,0.07004126082112712,0.11312880530342447,0.015950734669196512,0.39848623661924865,101.7,0.0,0.0,0.2866954663049215,60.53289725659772,0.0,0.0,4.961124755503813,0.0,0.05,0.5553537864764138,0.04732680931932325,0.0,0.10101047620014644,0.25,0.25,0.0,1.0,0.009083333333333334,0.0,1.0,0.0,0.18333333333333332,0.008333333333333333,False,
0.5812505325165774,0.11373125162991156,1.2169712173319533,1.2257154749706283,0.05784515216736332,0.01725984236980663,13.097429717732972,6.099256250821669,5.473862503621474,0.7266155369401646,2.155281021545041,0.4066638542310007,0.0873959816890898,0.21571419922514515,0.8532612510606221,0.08142649949227102,2.102336523418347,0.40980587758790177,8.812490135680022,9.671978802519147,0.7856785063985423,2.387083934942976,1.4697474905738066,0.39021153954966087,0.6018294359518235,0.21834611975194626,0.20252915735641558,2.674062457550031,0.2119225377520071,0.10644778839620853,0,100.0,0.0,126.37054219466711,134.5287486858135,12.169712173319533,1.0902360790519068,0.0918857538639999,0.08809635978900153,-0.5917509435364298,0.01480514251881715,0.8072588810571457,71.4,0.0,0.0,0.0,36.03959891860031,11.666683268673165,0.0,5.033739552028282,0.0,0.05,0.6863956785907678,0.01632169066966694,0.0,0.0,0.05,0.05,0.0,1.0,0.005833333333333334,0.0016666666666666666,1.0,0.0,0.175,0.0,False,
0.5812505325165774,0.11373125162991156,1.2169712173319533,1.2257154749706283,0.05784515216736332,0.01725984236980663,13.097429717732972,6.099256250821669,5.473862503621474,0.7266155369401646,2.155281021545041,0.4066638542310007,0.0873959816890898,0.21571419922514515,0.8532612510606221,0.08142649949227102,2.102336523418347,0.40980587758790177,8.812490135680022,9.671978802519147,0.7856785063985423,2.387083934942976,1.4697474905738066,0.39021153954966087,0.6018294359518235,0.21834611975194626,0.20252915735641558,2.674062457550031,0.2119225377520071,0.10644778839620853,1,99.5,0.0050000000000000044,125.37933288832474,130.21293723169225,12.108863612452934,1.0609472875276502,0.0619373786694138,0.11093167082347892,-0.444700691144987,0.021207027858608736,0.9325325997670602,77.5,0.0,0.0,0.05322389419810426,55.947033308503784,10.999967964007679,5.4930035962931,7.860940168768617,0.0,0.05,0.6532938353211182,0.010469242168289613,0.0,0.0,0.1,0.1,0.0,1.0,0.007916666666666666,0.003333333333333333,1.0,0.0,0.1,0.0,False,
0.5812505325165774,0.11373125162991156,1.2169712173319533,1.2257154749706283,0.05784515216736332,0.01725984236980663,13.097429717732972,6.099256250821669,5.473862503621474,0.7266155369401646,2.155281021545041,0.4066638542310007,0.0873959816890898,0.21571419922514515,0.8532612510606221,0.08142649949227102,2.102336523418347,0.40980587758790177,8.812490135680022,9.671978802519147,0.7856785063985423,2.387083934942976,1.4697474905738066,0.39021153954966087,0.6018294359518235,0.21834611975194626,0.20252915735641558,2.674062457550031,0.2119225377520071,0.10644778839620853,2,100.0,0.0,120.76099387248205,132.0853478796991,12.169712173319535,1.1303489587203268,0.11469603202016332,0.1291355476734856,-0.4444602544576616,0.011520908659868963,0.6748243828933612,72.95,0.0,0.0,0.0,86.37580473009493,9.441644042361151,0.0,7.504721884931961,0.0,0.1,1.3797626223887927,0.020768648287014104,0.0,0.0,0.25,0.25,0.0,1.0,0.006083333333333333,0.003333333333333333,1.0,0.0,0.2,0.0,False,
0.7143009234596149,0.05411695079277686,1.1398667274893095,1.147060787159431,0.09836096061885997,0.019795386706182617,9.374260767831052,7.087991783298295,5.278513754991085,0.4986074125887115,2.42842093669691,0.2930784880192112,0.2572782281978962,0.282197162045695,0.617319931672353,0.10042620901500107,1.282145147704596,0.3930512673446218,8.176345966956296,9.083450992427686,0.5379698078691002,1.9781244280980554,3.7973610851936677,0.29910555497046726,0.2757532484474506,0.20856201518361664,0.25964321833811704,2.3086011174060177,0.22230619616157432,0.19877448065228656,0,98.4,0.016000000000000014,115.17243343507907,121.39053477009159,11.216288598494804,1.091774776386616,0.09032857058588609,0.1084539890516123,0.038515881251613385,0.01814865572268847,0.5470623577183071,104.4,0.0,0.0,0.3180391690436585,26.936460074822804,0.0,0.0,0.2277338970737368,0.0,0.0,0.0,0.08088846897440825,0.0,2.0330607375962555,0.05,0.05,0.0,1.0,0.009250000000000001,0.0008333333333333333,1.0,0.0,0.21666666666666667,0.058333333333333334,False,
0.7143009234596149,0.05411695079277686,1.1398667274893095,1.147060787159431,0.09836096061885997,0.019795386706182617,9.374260767831052,7.087991783298295,5.278513754991085,0.4986074125887115,2.42842093669691,0.2930784880192112,0.2572782281978962,0.282197162045695,0.617319931672353,0.10042620901500107,1.282145147704596,0.3930512673446218,8.176345966956296,9.083450992427686,0.5379698078691002,1.9781244280980554,3.7973610851936677,0.29910555497046726,0.2757532484474506,0.20856201518361664,0.25964321833811704,2.3086011174060177,0.22230619616157432,0.19877448065228656,1,99.15,0.008500000000000008,115.21105132540626,122.51824209946642,11.301778603056503,1.101097784007288,0.1017137899300546,0.10546207054868426,-0.06289741843155783,0.023680459925789786,0.5956405093334787,105.8,0.0,0.0,0.16895830855444358,43.890349778721486,0.0,0.1961454430629538,6.271699690525411,0.0,0.1,1.5037195334530629,0.07486230336616549,0.0,1.9388809177924533,0.2,0.2,0.0,1.0,0.009666666666666667,0.0,1.0,0.0,0.25833333333333336,0.03333333333333333,False,
0.7143009234596149,0.05411695079277686,1.1398667274893095,1.147060787159431,0.09836096061885997,0.019795386706182617,9.374260767831052,7.087991783298295,5.278513754991085,0.4986074125887115,2.42842093669691,0.2930784880192112,0.2572782281978962,0.282197162045695,0.617319931672353,0.10042620901500107,1.282145147704596,0.3930512673446218,8.176345966956296,9.083450992427686,0.5379698078691002,1.9781244280980554,3.7973610851936677,0.29910555497046726,0.2757532484474506,0.20856201518361664,0.25964321833811704,2.3086011174060177,0.22230619616157432,0.19877448065228656,2,97.5,0.025000000000000005,110.87902945210176,120.59212700281708,11.113700593020768,1.1285841000385886,0.110048883377286,0.12617520113651495,-0.001923986563987326,0.03972222379430543,0.5684900028897093,104.6,0.0,0.0,0.4969362016307164,36.626766009258546,0.0,0.0,3.5678179856020718,0.0,0.1,1.2031497504621789,0.08333730099931924,0.0,2.013726900536775,0.15,0.15,0.0,1.0,0.009666666666666667,0.0025,1.0,0.0,0.19166666666666668,0.05,False,
0.546540074548363,0.05041752105358606,1.084169304968343,1.648514212241853,0.05427518984807949,0.007299994618130866,13.284855019172163,7.052276673467673,5.013523362970714,0.432145833752946,1.4112685748009932,0.12149485902656292,0.28367747226341306,0.24869672281141741,0.7560117617321738,0.14671303491777435,1.534524621327535,0.3742325568641194,6.598913904067681,10.39388731760094,0.40147542753686283,1.9094786969686277,3.072407232744159,0.571915366578175,0.6007483971690933,0.15432784571917887,0.25610990204830575,2.0464296541069174,0.2103723439417785,0.15410554128679418,0,99.7,0.0030000000000000027,165.94237785024234,118.41677007596643,10.80916797053438,0.7164818527400567,0.0876834293484721,0.02923110902507719,0.017374564456895895,0.007833425892876647,0.48712894931335404,69.85,0.0,0.0,0.04623166238603825,48.53310447044881,5.37333380740818,1.1312720645881882,9.966672621727206,0.0,0.2,3.0810441380465763,0.011905439164452188,0.0,0.0,0.4,0.4,0.0,1.0,0.005416666666666666,0.0,1.0,0.0,0.15833333333333333,0.0,False,
0.546540074548363,0.05041752105358606,1.084169304968343,1.648514212241853,0.05427518984807949,0.007299994618130866,13.284855019172163,7.052276673467673,5.013523362970714,0.432145833752946,1.4112685748009932,0.12149485902656292,0.28367747226341306,0.24869672281141741,0.7560117617321738,0.14671303491777435,1.534524621327535,0.3742325568641194,6.598913904067681,10.39388731760094,0.40147542753686283,1.9094786969686277,3.072407232744159,0.571915366578175,0.6007483971690933,0.15432784571917887,0.25610990204830575,2.0464296541069174,0.2103723439417785,0.15410554128679418,1,100.0,0.0,167.30989166333043,118.0781866648263,10.841693049683432,0.7069812798381464,0.07504907839984128,0.01867581509138915,0.04395131800897343,0.016327868068078063,0.4783188768601182,75.6,0.0,0.0,0.0,42.810861626389126,5.074120064637118,0.45114397573516457,8.206982685920543,0.0,0.25,4.13786085625467,0.012357768091649771,0.0,0.0,0.55,0.55,0.0,1.0,0.005583333333333333,0.0,1.0,0.0,0.15833333333333333,0.0,False,
0.546540074548363,0.05041752105358606,1.084169304968343,1.648514212241853,0.05427518984807949,0.007299994618130866,13.284855019172163,7.052276673467673,5.013523362970714,0.432145833752946,1.4112685748009932,0.12149485902656292,0.28367747226341306,0.24869672281141741,0.7560117617321738,0.14671303491777435,1.534524621327535,0.3742325568641194,6.598913904067681,10.39388731760094,0.40147542753686283,1.9094786969686277,3.072407232744159,0.571915366578175,0.6007483971690933,0.15432784571917887,0.25610990204830575,2.0464296541069174,0.2103723439417785,0.15410554128679418,2,98.6,0.014000000000000012,162.49119390117662,117.05504539728085,10.689909346987863,0.7240909332524199,0.08813544743771039,0.03446432397123291,0.0503561688307562,0.013389410934716739,0.4748118820968622,70.25,0.0,0.0,0.21574775780151184,51.52856569959937,4.234602291337089,0.0,7.641668592398368,0.0,0.1,1.3816381343286914,0.010166355926232782,0.0,0.0,0.25,0.25,0.0,1.0,0.0051666666666666675,0.0,1.0,0.0,0.125,0.0,False,
0.6562652426491707,0.12283046840259965,1.1155857646382465,1.0837365285536826,0.06356266828930943,0.016335328840953484,14.650285756240631,4.0320114708074755,3.478036489396785,0.5672371746269276,1.381560349962823,0.34758502619603326,0.14562921629274367,0.1743012939573685,0.5157931521322224,0.10796500499594139,1.6833703362382066,0.39968472855457693,6.905616833011517,7.888787598845853,0.6335587688918072,2.62690434389017,1.5453708464832303,0.6364850845211264,0.21177573910877157,0.11512800644257613,0.23501611343249224,1.6830881557204105,0.41033530063235474,0.22446692339417088,0,93.1,0.06899999999999998,104.11311970734823,114.51755300646751,10.386103468782077,1.1250273751876558,0.08484163791738121,0.10489619339343766,0.09025712900141958,0.0502407848447986,0.4351347009458946,83.6,0.0,0.0,1.548821771419779,72.01224280915248,4.27723996562661,0.0,5.981227067184386,0.0,0.25,3.07061474054551,0.01789663971318032,0.0,0.0,0.65,0.65,0.0,1.0,0.007583333333333333,0.0008333333333333333,1.0,0.0,0.15,0.0,False,
0.6562652426491707,0.12283046840259965,1.1155857646382465,1.0837365285536826,0.06356266828930943,0.016335328840953484,14.650285756240631,4.0320114708074755,3.478036489396785,0.5672371746269276,1.381560349962823,0.34758502619603326,0.14562921629274367,0.1743012939573685,0.5157931521322224,0.10796500499594139,1.6833703362382066,0.39968472855457693,6.905616833011517,7.888787598845853,0.6335587688918072,2.62690434389017,1.5453708464832303,0.6364850845211264,0.21177573910877157,0.11512800644257613,0.23501611343249224,1.6830881557204105,0.41033530063235474,0.22446692339417088,1,98.1,0.019000000000000017,110.00753866208379,120.74519608605692,10.943896351101202,1.1275773797318676,0.08763696683249664,0.1146690879153713,0.03974632617748229,0.040365703192510406,0.4500858272345435,87.15,0.0,0.0,0.42648715444892477,52.53996046301455,3.7395320239889878,0.0,5.226166518718914,0.0,0.2,1.8582555621525578,0.021903593404265117,0.0,0.0,0.4,0.4,0.0,1.0,0.007666666666666667,0.0,1.0,0.0,0.15833333333333333,0.0,False,
0.6562652426491707,0.12283046840259965,1.1155857646382465,1.0837365285536826,0.06356266828930943,0.016335328840953484,14.650285756240631,4.0320114708074755,3.478036489396785,0.5672371746269276,1.381560349962823,0.34758502619603326,0.14562921629274367,0.1743012939573685,0.5157931521322224,0.10796500499594139,1.6833703362382066,0.39968472855457693,6.905616833011517,7.888787598845853,0.6335587688918072,2.62690434389017,1.5453708464832303,0.6364850845211264,0.21177573910877157,0.11512800644257613,0.23501611343249224,1.6830881557204105,0.41033530063235474,0.22446692339417088,2,95.35,0.0465,100.97356784415285,115.61512340671645,10.637110265825683,1.16812966668013,0.10955784251211498,0.11201371260233162,0.01390475620253619,0.035928846785322474,0.45738477666559685,89.0,0.0,0.0,1.0437711937828946,83.01714185158842,3.1448927559804334,0.0,4.323112119237267,0.0,0.2,2.6846979035033227,0.012394222234728325,0.0,0.0,0.75,0.75,0.0,1.0,0.008583333333333333,0.0008333333333333333,1.0,0.0,0.13333333333333333,0.0,False,
0.5420619318919924,0.05561907037768846,1.2366017730685164,1.3855816476222216,0.047673140844569084,0.012877249049726409,13.398446459277054,5.53785682543789,5.318780976675644,0.6073073006929253,1.478989685173558,0.2965989810676445,0.11237514789628175,0.3220784413517444,0.4929699866183728,0.1663530188146006,2.5156098592018417,0.4032842626223,10.293954351243428,8.94210971298982,0.5915131048631446,1.5772061381165936,0.8517407488849069,0.6846491609659893,0.3752523312180073,0.25922078026315276,0.16920599764303695,2.6330032785189563,0.2325304803873538,0.09808724524650841,0,99.7,0.0030000000000000027,139.98485595302031,135.48669711126726,12.32891967749311,0.9855146502745542,0.09883738097859328,0.08044220809990796,-0.004529633549453205,0.004642085198018551,0.3336541916357039,65.55,0.0,0.0,0.029426173573952524,32.57408173688587,8.605891365250873,0.006644977280388542,6.404316438480366,0.0,0.05,0.6582421211211933,0.006952040743418074,0.0,0.0,0.1,0.1,0.0,1.0,0.00375,0.0,1.0,0.0,0.075,0.0,False,
0.5420619318919924,0.05561907037768846,1.2366017730685164,1.3855816476222216,0.047673140844569084,0.012877249049726409,13.398446459277054,5.53785682543789,5.318780976675644,0.6073073006929253,1.478989685173558,0.2965989810676445,0.11237514789628175,0.3220784413517444,0.4929699866183728,0.1663530188146006,2.5156098592018417,0.4032842626223,10.293954351243428,8.94210971298982,0.5915131048631446,1.5772061381165936,0.8517407488849069,0.6846491609659893,0.3752523312180073,0.25922078026315276,0.16920599764303695,2.6330032785189563,0.2325304803873538,0.09808724524650841,1,99.65,0.003500000000000003,140.7037476822107,134.4777144581563,12.322736668627767,0.9745224394000761,0.08759427558403085,0.08259090209233756,0.03953246750363257,0.005981564562003441,0.3222716754124961,71.95,0.0,0.0,0.034330535836277945,44.075371941652804,7.820000396598104,2.5204534332827797,9.81099857489486,0.0,0.05,0.6789937297885154,0.006534179290383844,0.0,0.0,0.1,0.1,0.0,1.0,0.0032500000000000003,0.0,1.0,0.0,0.08333333333333333,0.0,False,
0.5420619318919924,0.05561907037768846,1.2366017730685164,1.3855816476222216,0.047673140844569084,0.012877249049726409,13.398446459277054,5.53785682543789,5.318780976675644,0.6073073006929253,1.478989685173558,0.2965989810676445,0.11237514789628175,0.3220784413517444,0.4929699866183728,0.1663530188146006,2.5156098592018417,0.4032842626223,10.293954351243428,8.94210971298982,0.5915131048631446,1.5772061381165936,0.8517407488849069,0.6846491609659893,0.3752523312180073,0.25922078026315276,0.16920599764303695,2.6330032785189563,0.2325304803873538,0.09808724524650841,2,98.55,0.014500000000000013,135.45583340935767,132.67606535083405,12.186710473590228,0.9922548361271671,0.09433921541116291,0.07253184677454529,0.07313858319068291,0.007458605664502719,0.31373103462672736,67.95,0.0,0.0,0.14222650560743721,71.34857979780723,6.7069420171034055,1.7748744411647586,11.410812951701333,0.0,0.05,1.0325584498264049,0.00818751292602102,0.0,0.0,0.2,0.2,0.0,1.0,0.0045000000000000005,0.0008333333333333333,1.0,0.0,0.09166666666666666,0.0,False,
0.6709902636654403,0.11337543948231417,1.2131652261792727,1.3301966193324037,0.04859209302743315,0.014156841249490189,10.880347204423172,6.231951485171415,3.5920297600158952,0.5130176845201062,1.8266296523209062,0.31374878819509444,0.2661864434101795,0.30978399112091065,0.7144867322786602,0.05368468245746318,1.7595594086226916,0.23999150579063533,4.99194716937364,6.208397517574019,0.8792878741458663,2.583340491206532,2.831683669281771,0.5353337400762547,0.5798252886518257,0.13993053155068982,0.2107790115118114,1.363173648414773,0.38119099054785827,0.09605612003639719,0,93.6,0.06399999999999999,121.18038706369393,123.68044997379693,11.355226517037993,1.0449740891455745,0.1393058320796823,0.09022735608890099,0.07210684573300148,0.022605822832361504,0.42272811700175045,93.5,0.0,0.0,0.614759168232942,76.96035001711293,3.135396083896724,0.0,6.661849469749181,0.0,0.05,0.7093922300446311,0.045359810768308896,0.0,0.0,0.15,0.15,0.0,1.0,0.005416666666666666,0.0,1.0,0.0,0.20833333333333334,0.0,False,
0.6709902636654403,0.11337543948231417,1.2131652261792727,1.3301966193324037,0.04859209302743315,0.014156841249490189,10.880347204423172,6.231951485171415,3.5920297600158952,0.5130176845201062,1.8266296523209062,0.31374878819509444,0.2661864434101795,0.30978399112091065,0.7144867322786602,0.05368468245746318,1.7595594086226916,0.23999150579063533,4.99194716937364,6.208397517574019,0.8792878741458663,2.583340491206532,2.831683669281771,0.5353337400762547,0.5798252886518257,0.13993053155068982,0.2107790115118114,1.363173648414773,0.38119099054785827,0.09605612003639719,1,95.85,0.041499999999999995,124.6469385468062,126.68626898326859,11.62818869292833,1.0428132600969113,0.13793930384410297,0.09519233707550447,-0.04238139252213167,0.02841902695957879,0.46440626061993723,96.0,0.0,0.0,0.3986328981510483,74.60101987896958,2.644929048272734,0.0,6.686699551451587,0.0,0.15,2.0347839295419385,0.06046291294581678,0.0,0.16863709549395162,0.3,0.3,0.0,1.0,0.00625,0.0,1.0,0.0,0.23333333333333334,0.016666666666666666,False,
0.6709902636654403,0.11337543948231417,1.2131652261792727,1.3301966193324037,0.04859209302743315,0.014156841249490189,10.880347204423172,6.231951485171415,3.5920297600158952,0.5130176845201062,1.8266296523209062,0.31374878819509444,0.2661864434101795,0.30978399112091065,0.7144867322786602,0.05368468245746318,1.7595594086226916,0.23999150579063533,4.99194716937364,6.208397517574019,0.8792878741458663,2.583340491206532,2.831683669281771,0.5353337400762547,0.5798252886518257,0.13993053155068982,0.2107790115118114,1.363173648414773,0.38119099054785827,0.09605612003639719,2,93.05,0.0695,119.48906981945663,122.67019387575883,11.288502429598134,1.057456435971807,0.13712224110409912,0.11308884326593786,0.12378727837512131,0.04174002029286926,0.41084379753824035,94.95,0.0,0.0,0.6675900342529607,70.06129276000894,2.1252165457195322,0.0,5.113061998433559,0.0,0.1,1.346677476286929,0.030786618761931023,0.0,0.0,0.2,0.2,0.0,1.0,0.005416666666666666,0.0,1.0,0.0,0.24166666666666667,0.0,False,
0.6516900866746155,0.12086685171593979,1.393305077142521,1.2243892132722105,0.0642504495501468,0.007892852540587726,11.636666598564279,6.587973703299525,7.332943920225592,0.6340720423104789,1.4302827199156087,0.424789886367363,0.2035352885153568,0.40952184381709306,0.6682391822580716,0.07260837672124697,1.947805452051465,0.5038698487605802,7.65802413680078,7.575696761935475,0.5323372351910918,1.6524239053824776,1.110231208549472,0.2571459008535651,0.6388354035351329,0.15109880117668642,0.1268989382910517,2.6181817098262847,0.1622361179391009,0.16331439732126293,0,94.5,0.05500000000000001,116.29376229412375,145.50097598659625,13.166732978996825,1.2778152517435075,0.11577659169399612,0.1122576904377209,0.03101553100923471,0.030273239462322594,0.40618126719777353,86.8,0.0,0.0,0.8982291852669462,59.33476072805388,5.8778738506395225,0.023878134789759763,4.943434023600095,0.0,0.05,1.2632864070505823,0.047355273723318034,0.0,0.10371744612351283,0.15,0.15,0.0,1.0,0.008,0.0016666666666666666,1.0,0.0,0.20833333333333334,0.016666666666666666,False,
0.6516900866746155,0.12086685171593979,1.393305077142521,1.2243892132722105,0.0642504495501468,0.007892852540587726,11.636666598564279,6.587973703299525,7.332943920225592,0.6340720423104789,1.4302827199156087,0.424789886367363,0.2035352885153568,0.40952184381709306,0.6682391822580716,0.07260837672124697,1.947805452051465,0.5038698487605802,7.65802413680078,7.575696761935475,0.5323372351910918,1.6524239053824776,1.110231208549472,0.2571459008535651,0.6388354035351329,0.15109880117668642,0.1268989382910517,2.6181817098262847,0.1622361179391009,0.16331439732126293,1,99.05,0.009500000000000008,122.14191823445029,149.04567191878462,13.80068678909667,1.2483263871111303,0.0913138140886108,0.11571853333908404,0.11904613124272086,0.00902778245119535,0.3747632996994629,86.6,0.0,0.0,0.15514867745519972,92.22764940173742,4.950933942426764,0.0,6.989039270773162,0.0,0.1,1.7766224642792103,0.06569825606532338,0.0,0.8828073689565464,0.2,0.2,0.0,1.0,0.007833333333333333,0.0016666666666666666,1.0,0.0,0.18333333333333332,0.03333333333333333,False,
0.6516900866746155,0.12086685171593979,1.393305077142521,1.2243892132722105,0.0642504495501468,0.007892852540587726,11.636666598564279,6.587973703299525,7.332943920225592,0.6340720423104789,1.4302827199156087,0.424789886367363,0.2035352885153568,0.40952184381709306,0.6682391822580716,0.07260837672124697,1.947805452051465,0.5038698487605802,7.65802413680078,7.575696761935475,0.5323372351910918,1.6524239053824776,1.110231208549472,0.2571459008535651,0.6388354035351329,0.15109880117668642,0.1268989382910517,2.6181817098262847,0.1622361179391009,0.16331439732126293,2,89.7,0.10300000000000002,111.78433083438581,137.08385514986807,12.497946541968414,1.250077720042064,0.07706426074220143,0.11337566739579012,0.10151747520432904,0.02334207549582514,0.38554004775135076,93.75,0.0,0.0,1.682138292409008,83.93170715535315,3.8868460906932496,0.0,6.566378779196081,0.0,0.15,2.502964452497339,0.0676345380572658,0.0,0.23672268252664216,0.25,0.25,0.0,1.0,0.00875,0.003333333333333333,1.0,0.0,0.225,0.016666666666666666,False,
0.5752560934083185,0.10148810789817747,1.2225244391232015,1.5475769183599737,0.08647657295165057,0.023613685169409492,16.709993122870337,4.305800016111197,2.471591972939036,0.29286810608547165,2.472210062780759,0.4107436990087223,0.2065393676154999,0.23108229701464275,0.529024016366987,0.09922400461967862,1.7728572333182158,0.32184672607612425,6.312157821112219,5.587827049662478,0.46651167832450335,2.4919919493934577,3.030744282589483,0.688717575704328,0.5696796670338293,0.22943907208101277,0.13157553381789983,1.3845147466648933,0.14869376655717273,0.0818120967147602,0,99.35,0.006500000000000006,155.60721363813076,132.6097465872655,12.14578030268901,0.8625826672016623,0.08889261943284664,0.04874564409307537,0.027222992509189775,0.023974447075410747,0.4312774762711455,72.35,0.0,0.0,0.053177862864594125,50.485266528321176,10.855647603074075,0.010297072243415594,5.401039908610398,0.0,0.15,1.4770046920726798,0.01955320445130453,0.0,0.0,0.3,0.3,0.0,1.0,0.007166666666666667,0.0,1.0,0.0,0.23333333333333334,0.0,False,
0.5752560934083185,0.10148810789817747,1.2225244391232015,1.5475769183599737,0.08647657295165057,0.023613685169409492,16.709993122870337,4.305800016111197,2.471591972939036,0.29286810608547165,2.472210062780759,0.4107436990087223,0.2065393676154999,0.23108229701464275,0.529024016366987,0.09922400461967862,1.7728572333182158,0.32184672607612425,6.312157821112219,5.587827049662478,0.46651167832450335,2.4919919493934577,3.030744282589483,0.688717575704328,0.5696796670338293,0.22943907208101277,0.13157553381789983,1.3845147466648933,0.14869376655717273,0.0818120967147602,1,99.3,0.007000000000000006,156.23783223774154,131.88828309784077,12.139667680493394,0.8568013978999947,0.0821280924121748,0.054846246968613246,0.052686763884849684,0.01565270558595826,0.42275679523252235,77.9,0.0,0.0,0.057268467700332136,58.677036405736736,9.594700444907685,0.021396095088125344,6.41756750580843,0.0,0.2,2.9045380224061352,0.021216562103736982,0.0,0.0,0.6,0.6,0.0,1.0,0.0072499999999999995,0.0,1.0,0.0,0.24166666666666667,0.0,False,
0.5752560934083185,0.10148810789817747,1.2225244391232015,1.5475769183599737,0.08647657295165057,0.023613685169409492,16.709993122870337,4.305800016111197,2.471591972939036,0.29286810608547165,2.472210062780759,0.4107436990087223,0.2065393676154999,0.23108229701464275,0.529024016366987,0.09922400461967862,1.7728572333182158,0.32184672607612425,6.312157821112219,5.587827049662478,0.46651167832450335,2.4919919493934577,3.030744282589483,0.688717575704328,0.5696796670338293,0.22943907208101277,0.13157553381789983,1.3845147466648933,0.14869376655717273,0.0818120967147602,2,98.5,0.015000000000000013,154.05607190840183,131.80604958730493,12.041865725363538,0.869125223693317,0.08491630257192342,0.06284789818417946,0.06092562122614932,0.030310991382000683,0.42205652531843124,74.25,0.0,0.0,0.1227181450721403,56.692370496480045,8.194057180533818,0.0010014316640247656,5.993071365800692,0.0,0.25,2.693762040282801,0.022581248061782144,0.0,0.0,0.55,0.55,0.0,1.0,0.007833333333333333,0.0008333333333333333,1.0,0.0,0.26666666666666666,0.0,False,
0.5488848688417363,0.0678116826829781,1.3537648912910119,1.1655627513546427,0.0385029203984972,0.022757026144544983,18.355521680502783,7.487409118061429,4.427215719900563,0.6934362503597641,1.490780137370924,0.3373782837940365,0.21016782104671639,0.3448726010612701,0.6498033447826802,0.17733396922631378,0.9833384679787514,0.20548030653378654,10.425053731948713,4.01147828612267,0.8097041714971337,1.754324889055137,1.031097324251891,0.5820112890492742,0.6533866964764814,0.17272443580468907,0.2334476812134219,2.083263760917343,0.18221350141438697,0.19978876523523414,0,100.0,0.0,119.2410872933372,149.843851877773,13.537648912910123,1.2688417529315315,0.08798255617443537,0.07664338574761749,-0.08142938712539381,0.015322421691872642,0.721434085044516,66.75,0.0,0.0,0.0,49.59673329550279,10.85520204135575,1.1948747773398634,10.794405729282234,0.0,0.1,1.880469430261129,0.008090245516505957,0.0,0.0,0.15,0.15,0.0,1.0,0.0025833333333333337,0.0,1.0,0.0,0.1,0.0,False,
0.5488848688417363,0.0678116826829781,1.3537648912910119,1.1655627513546427,0.0385029203984972,0.022757026144544983,18.355521680502783,7.487409118061429,4.427215719900563,0.6934362503597641,1.490780137370924,0.3373782837940365,0.21016782104671639,0.3448726010612701,0.6498033447826802,0.17733396922631378,0.9833384679787514,0.20548030653378654,10.425053731948713,4.01147828612267,0.8097041714971337,1.754324889055137,1.031097324251891,0.5820112890492742,0.6533866964764814,0.17272443580468907,0.2334476812134219,2.083263760917343,0.18221350141438697,0.19978876523523414,1,99.35,0.006500000000000006,117.10044364479218,147.49937042010572,13.449654194976208,1.2764799661311024,0.09501681130028784,0.0888074926109296,0.034112287119286856,0.013512056456013225,0.6624175172031715,73.1,0.0,0.0,0.12986269740290218,59.844344733628056,9.23065320735569,2.4537003980182996,11.055160568745176,0.0,0.1,1.8376962707340296,0.007434628809344345,0.0,0.0,0.2,0.2,0.0,1.0,0.0027500000000000003,0.0,1.0,0.0,0.09166666666666666,0.0,False,
0.5488848688417363,0.0678116826829781,1.3537648912910119,1.1655627513546427,0.0385029203984972,0.022757026144544983,18.355521680502783,7.487409118061429,4.427215719900563,0.6934362503597641,1.490780137370924,0.3373782837940365,0.21016782104671639,0.3448726010612701,0.6498033447826802,0.17733396922631378,0.9833384679787514,0.20548030653378654,10.425053731948713,4.01147828612267,0.8097041714971337,1.754324889055137,1.031097324251891,0.5820112890492742,0.6533866964764814,0.17272443580468907,0.2334476812134219,2.083263760917343,0.18221350141438697,0.19978876523523414,2,100.0,0.0,116.29922761646432,146.23305669628903,13.53764891291012,1.2736496303499039,0.07587034551756291,0.09535114776529766,0.08460275661531674,0.01471925288468936,0.6501543555286474,72.8,0.0,0.0,0.0,25.17701277797929,8.717417544416275,49.661865042893446,7.593756248142904,0.0,0.1,1.8321895175314935,0.008503018764412099,0.0,0.0,0.25,0.25,0.0,1.0,0.0032500000000000003,0.0,1.0,0.0,0.10833333333333334,0.0,False,
0.6314549891861151,0.07251768258345072,1.351905924533436,1.6304885178609245,0.035331013554833764,0.021741233811932402,12.481525595320006,5.744673451291631,4.082275979780023,0.3677533396095973,1.8448225747976443,0.31717412642854775,0.11538297227289974,0.12058424394659821,0.7283763953094062,0.10635525728987122,1.4526752737840818,0.5810252139321677,10.82974237765676,10.361866104289355,0.6221233343419383,1.4967961044953184,3.2835556571983733,0.6451290633564795,0.4842969124648348,0.18875020100640838,0.22654837498837194,2.1689017033505937,0.18423646480930855,0.15179334096814448,0,99.6,0.0040000000000000036,159.37680050952454,147.29915596579357,13.464983008353025,0.931519721866578,0.12098615750625301,0.04966073893823024,-0.33212916451211544,0.030459715002362962,0.7087258653115409,98.05,0.0,0.0,0.060717336387257806,59.147893264873424,1.4391037434582281,0.05060694421503684,7.002671865867191,0.0,0.1,1.4493995909362716,0.013764904128771283,0.0,0.0,0.15,0.15,0.0,1.0,0.0051666666666666675,0.0,1.0,0.0,0.175,0.0,False,
0.6314549891861151,0.07251768258345072,1.351905924533436,1.6304885178609245,0.035331013554833764,0.021741233811932402,12.481525595320006,5.744673451291631,4.082275979780023,0.3677533396095973,1.8448225747976443,0.31717412642854775,0.11538297227289974,0.12058424394659821,0.7283763953094062,0.10635525728987122,1.4526752737840818,0.5810252139321677,10.82974237765676,10.361866104289355,0.6221233343419383,1.4967961044953184,3.2835556571983733,0.6451290633564795,0.4842969124648348,0.18875020100640838,0.22654837498837194,2.1689017033505937,0.18423646480930855,0.15179334096814448,1,99.95,0.0005000000000000004,161.44954037084906,147.29257765315512,13.512299715711691,0.9191363586823051,0.10754182520239888,0.04609155223224728,-0.4208361184402382,0.025281557497093217,0.7763046943462717,99.75,0.0,0.0,0.007589667048407224,71.10587154924843,1.5364632288662174,0.0,7.871016114822586,0.0,0.05,0.7463687711344623,0.014753554170495533,0.0,0.0,0.15,0.15,0.0,1.0,0.0055000000000000005,0.0,1.0,0.0,0.175,0.0,False,
0.6314549891861151,0.07251768258345072,1.351905924533436,1.6304885178609245,0.035331013554833764,0.021741233811932402,12.481525595320006,5.744673451291631,4.082275979780023,0.3677533396095973,1.8448225747976443,0.31717412642854775,0.11538297227289974,0.12058424394659821,0.7283763953094062,0.10635525728987122,1.4526752737840818,0.5810252139321677,10.82974237765676,10.361866104289355,0.6221233343419383,1.4967961044953184,3.2835556571983733,0.6451290633564795,0.4842969124648348,0.18875020100640838,0.22654837498837194,2.1689017033505937,0.18423646480930855,0.15179334096814448,2,99.2,0.008000000000000007,156.77254578080448,144.72617359282611,13.410906771371685,0.9305789102048951,0.10907316313638779,0.0513374033734339,-0.2481866064020967,0.010039563778089613,0.6589467867494803,95.8,0.0,0.0,0.12143467277451558,69.34525884163057,0.9768218681064889,0.0,5.322267084700032,0.0,0.0,0.0,0.010364104620360897,0.0,0.0,0.05,0.05,0.0,1.0,0.004583333333333333,0.0,1.0,0.0,0.125,0.0,False,
0.559939380789948,0.1236390394055059,1.2409508692756126,1.2641221499761472,0.04545804429858678,0.021680684045221242,16.116019658588748,5.815229012072503,5.860556323134247,0.6400316888544976,1.743606422515441,0.13853812514148128,0.3363928258048264,0.29168764828097216,0.8466961800846722,0.18789078052215094,0.9052903919957963,0.4126521320679645,3.6275632003638174,10.074705212839563,0.7220649291295138,1.1455130105956306,3.0920378170282854,0.26075073769562845,0.31239647969424816,0.1417879472354011,0.12984416180340078,2.003489195679583,0.3911884635527124,0.2254200179467684,0,91.5,0.08499999999999996,117.31564856863542,123.6786049335387,11.354700453871853,1.067734376125361,0.0836388313020268,0.06938799432530716,0.3233290845010466,0.021869288987166578,0.5944428391968644,62.7,0.0,0.0,1.916070152547531,70.56841658571588,16.70483543368119,15.676882480415511,4.901724375896488,0.0,0.1,2.3291622346665455,0.00797259232513703,0.0,0.0,0.35,0.35,0.0,1.0,0.003916666666666666,0.0,1.0,0.0,0.1,0.0,False,
0.559939380789948,0.1236390394055059,1.2409508692756126,1.2641221499761472,0.04545804429858678,0.021680684045221242,16.116019658588748,5.815229012072503,5.860556323134247,0.6400316888544976,1.743606422515441,0.13853812514148128,0.3363928258048264,0.29168764828097216,0.8466961800846722,0.18789078052215094,0.9052903919957963,0.4126521320679645,3.6275632003638174,10.074705212839563,0.7220649291295138,1.1455130105956306,3.0920378170282854,0.26075073769562845,0.31239647969424816,0.1417879472354011,0.12984416180340078,2.003489195679583,0.3911884635527124,0.2254200179467684,1,91.1,0.089,115.9063262849625,125.51964208518709,11.30506241910083,1.0903381825229732,0.10947782691693464,0.05249722640384746,0.19081335357323123,0.023448324437750166,0.6391444599074482,70.65,0.0,0.0,2.006238159726238,86.24961313443691,13.561864164275196,0.6146409703836104,10.753525922310999,0.0,0.1,2.0195573089168124,0.0070244616281914555,0.0,0.0,0.2,0.2,0.0,1.0,0.0038333333333333336,0.0,1.0,0.0,0.1,0.0,False,
0.559939380789948,0.1236390394055059,1.2409508692756126,1.2641221499761472,0.04545804429858678,0.021680684045221242,16.116019658588748,5.815229012072503,5.860556323134247,0.6400316888544976,1.743606422515441,0.13853812514148128,0.3363928258048264,0.29168764828097216,0.8466961800846722,0.18789078052215094,0.9052903919957963,0.4126521320679645,3.6275632003638174,10.074705212839563,0.7220649291295138,1.1455130105956306,3.0920378170282854,0.26075073769562845,0.31239647969424816,0.1417879472354011,0.12984416180340078,2.003489195679583,0.3911884635527124,0.2254200179467684,2,93.3,0.06699999999999998,119.52789593231125,126.01943318910114,11.578071610341468,1.0894721911705578,0.08704982655797017,0.13085048879626898,0.195080888828449,0.023228657687192976,0.6517132819886414,65.55,0.0,0.0,1.5103141202433483,92.11223580829333,13.486421284747014,40.13435647807175,8.956293633168102,0.0,0.15,2.8528417247826576,0.008232460410770658,0.0,0.0,0.45,0.45,0.0,1.0,0.004333333333333333,0.0008333333333333333,1.0,0.0,0.1,0.0,False,
0.5862324182017996,0.10430248387969557,1.3056832485542205,1.556229901658035,0.04562312427728607,0.020280825444441094,7.7931843895460196,4.114750661577818,2.3293653133625494,0.33213587262542865,1.4583015302116384,0.11690250680900467,0.2987166635819009,0.14212937354155086,0.5674355190916068,0.05470359087362248,1.7444810148158099,0.3625871468674692,6.499530631215344,4.739388208864247,0.3283071893514375,1.04282149430709,0.7859030356530674,0.6422261055426143,0.3843945405921264,0.2211271417087344,0.25045325629060156,2.6028921890483323,0.20618832546848165,0.17922082311122453,0,98.6,0.014000000000000012,152.36994117009962,142.50083473231362,12.874036830744618,0.9398911983175925,0.11841945073484941,0.041663026900877004,0.014300429915481461,0.014645898928418898,0.4440033411284223,74.95,0.0,0.0,0.2509091523557143,71.33474655269131,10.583588586998715,0.16810776176210865,15.647790524858811,0.0,0.0,0.0,0.005755180240447357,0.0,0.0,0.0,0.0,0.0,1.0,0.0038333333333333336,0.0,1.0,0.0,0.08333333333333333,0.0,False,
0.5862324182017996,0.10430248387969557,1.3056832485542205,1.556229901658035,0.04562312427728607,0.020280825444441094,7.7931843895460196,4.114750661577818,2.3293653133625494,0.33213587262542865,1.4583015302116384,0.11690250680900467,0.2987166635819009,0.14212937354155086,0.5674355190916068,0.05470359087362248,1.7444810148158099,0.3625871468674692,6.499530631215344,4.739388208864247,0.3283071893514375,1.04282149430709,0.7859030356530674,0.6422261055426143,0.3843945405921264,0.2211271417087344,0.25045325629060156,2.6028921890483323,0.20618832546848165,0.17922082311122453,1,97.7,0.02300000000000002,152.90730185334868,141.00360062194773,12.756525338374736,0.9339572131667764,0.11033434541573046,0.06700200669921527,0.09019524839233876,0.016411297491040498,0.4178943415761953,76.3,0.0,0.0,0.4122078931558164,47.243515236856226,9.198423590644477,0.011022572274529397,11.870019115963112,0.0,0.05,0.7383837606205883,0.00619161239525027,0.0,0.0,0.15,0.15,0.0,1.0,0.0038333333333333336,0.0,1.0,0.0,0.09166666666666666,0.0,False,
0.5862324182017996,0.10430248387969557,1.3056832485542205,1.556229901658035,0.04562312427728607,0.020280825444441094,7.7931843895460196,4.114750661577818,2.3293653133625494,0.33213587262542865,1.4583015302116384,0.11690250680900467,0.2987166635819009,0.14212937354155086,0.5674355190916068,0.05470359087362248,1.7444810148158099,0.3625871468674692,6.499530631215344,4.739388208864247,0.3283071893514375,1.04282149430709,0.7859030356530674,0.6422261055426143,0.3843945405921264,0.2211271417087344,0.25045325629060156,2.6028921890483323,0.20618832546848165,0.17922082311122453,2,95.45,0.0455,147.7008548182589,137.78412761575487,12.462746607450033,0.9453503769124862,0.11111444038113352,0.07244709105138988,0.11540560368999933,0.026963961496664256,0.4125071535382151,75.45,0.0,0.0,0.8154547451560715,45.50479315238221,7.807380901846615,0.012610245247570128,9.013725559230753,0.0,0.05,1.0327505040046832,0.005009450469063687,0.0,0.0,0.25,0.25,0.0,1.0,0.0038333333333333336,0.0,1.0,0.0,0.075,0.0,False,
0.5689866673787385,0.05928024773015722,1.08033110048085,1.1227542497577576,0.09248253103260437,0.011045637375398163,10.497711213929911,6.24948155242397,4.9299687254021745,0.6667010412704235,1.1221766088325378,0.2026361659918795,0.21868539753229405,0.1395865955701483,0.5102930953908178,0.13576737138851547,2.2063781298019105,0.2632322787863012,5.181121811212739,7.797158812454788,0.34189945489957174,2.153338399446851,2.9474294822414437,0.4617320350872136,0.23554572404614554,0.23609540792955339,0.32428861153536476,2.1009817503382098,0.30216020619207495,0.09208600742309353,0,99.55,0.004500000000000004,111.7909506009544,116.42730017322756,10.75469610528686,1.0752689059328018,0.10654537020440957,0.1323823307467244,-0.15708274912105072,0.015502940563499958,0.5250136409362067,85.8,0.0,0.0,0.04143870334039209,39.38560452466371,4.150350245912939,2.80094931771213,5.8102885063950485,0.0,0.05,0.6925106764956737,0.05639143317019095,0.0,0.11542535433026772,0.1,0.1,0.0,1.0,0.00825,0.005833333333333334,1.0,0.0,0.19166666666666668,0.008333333333333333,False,
0.5689866673787385,0.05928024773015722,1.08033110048085,1.1227542497577576,0.09248253103260437,0.011045637375398163,10.497711213929911,6.24948155242397,4.9299687254021745,0.6667010412704235,1.1221766088325378,0.2026361659918795,0.21868539753229405,0.1395865955701483,0.5102930953908178,0.13576737138851547,2.2063781298019105,0.2632322787863012,5.181121811212739,7.797158812454788,0.34189945489957174,2.153338399446851,2.9474294822414437,0.4617320350872136,0.23554572404614554,0.23609540792955339,0.32428861153536476,2.1009817503382098,0.30216020619207495,0.09208600742309353,1,99.2,0.008000000000000007,111.41645481653097,115.36174529797776,10.716884516770033,1.067561711941837,0.10083782178396108,0.1212672714643799,-0.20931773076084034,0.02224172928775576,0.47728379858892983,81.55,0.0,0.0,0.07366880593847483,24.90261883917872,3.933934902372896,0.08448482982666002,2.114930248784355,0.0,0.05,0.6569889476266041,0.06857632033355296,0.0,0.2927265083459816,0.15,0.15,0.0,1.0,0.009583333333333334,0.006666666666666666,1.0,0.0,0.21666666666666667,0.016666666666666666,False,
0.5689866673787385,0.05928024773015722,1.08033110048085,1.1227542497577576,0.09248253103260437,0.011045637375398163,10.497711213929911,6.24948155242397,4.9299687254021745,0.6667010412704235,1.1221766088325378,0.2026361659918795,0.21868539753229405,0.1395865955701483,0.5102930953908178,0.13576737138851547,2.2063781298019105,0.2632322787863012,5.181121811212739,7.797158812454788,0.34189945489957174,2.153338399446851,2.9474294822414437,0.4617320350872136,0.23554572404614554,0.23609540792955339,0.32428861153536476,2.1009817503382098,0.30216020619207495,0.09208600742309353,2,99.65,0.003500000000000003,109.07970340047885,117.01472356898864,10.765499416291672,1.1010483038656753,0.11763446819978922,0.12923779100178537,-0.2525283345544741,0.020847644748203446,0.5605476511715127,83.55,0.0,0.0,0.03223010259808273,32.84478470507387,2.639867024180965,0.06434280359866458,3.9447587643701008,0.0,0.1,1.3071036470448456,0.0770592693177249,0.0,0.11850101257438293,0.25,0.25,0.0,1.0,0.008833333333333334,0.006666666666666666,1.0,0.0,0.25,0.008333333333333333,False,
0.7797648413384467,0.11090133702875724,1.3467236070409583,1.6089541367192521,0.06885886972767882,0.0046784709501855835,17.884088394635555,4.061114257577811,4.237833690374844,0.60139869947005,1.2284434196655172,0.337656375105172,0.14342067749335347,0.4187792187394468,0.5810687489434225,0.17454749419418428,1.3756561742185442,0.22342406864487338,3.528157095816403,5.492089182581223,0.836260719385751,2.278550801805312,3.267403502674242,0.3568225482010531,0.6140262804758151,0.1915216672667423,0.31473792923507066,2.3304602019755647,0.2893615755668797,0.19292725326722882,0,94.5,0.05500000000000001,155.83885461914983,137.8413256068108,12.72653808653706,0.8936487324372928,0.06468323714360583,0.05721909046794728,0.11055332852346167,0.054501644326022836,0.5092646000563267,101.55,0.0,0.0,1.0610998929697586,89.8716132589835,0.030857722371415507,0.0,4.388355862285236,0.0,0.2,2.264920508549149,0.05659648241987435,0.0,0.5774673451608453,0.45,0.45,0.0,1.0,0.01125,0.0,1.0,0.0,0.25,0.025,False,
0.7797648413384467,0.11090133702875724,1.3467236070409583,1.6089541367192521,0.06885886972767882,0.0046784709501855835,17.884088394635555,4.061114257577811,4.237833690374844,0.60139869947005,1.2284434196655172,0.337656375105172,0.14342067749335347,0.4187792187394468,0.5810687489434225,0.17454749419418428,1.3756561742185442,0.22342406864487338,3.528157095816403,5.492089182581223,0.836260719385751,2.278550801805312,3.267403502674242,0.3568225482010531,0.6140262804758151,0.1915216672667423,0.31473792923507066,2.3304602019755647,0.2893615755668797,0.19292725326722882,1,100.0,0.0,161.92538830034678,144.02542134689386,13.467236070409587,0.8988180519234673,0.07152898941524902,0.05779343067608193,0.12631511204497475,0.02692463681527547,0.491894476569524,102.2,0.0,0.0,0.0,116.52572938068343,0.5015597607494875,0.0,6.962324622367579,0.0,0.3,3.237867916698093,0.05477688472772948,0.0,0.6215336985102441,0.65,0.65,0.0,1.0,0.011333333333333332,0.0,1.0,0.0,0.25833333333333336,0.025,False,
0.7797648413384467,0.11090133702875724,1.3467236070409583,1.6089541367192521,0.06885886972767882,0.0046784709501855835,17.884088394635555,4.061114257577811,4.237833690374844,0.60139869947005,1.2284434196655172,0.337656375105172,0.14342067749335347,0.4187792187394468,0.5810687489434225,0.17454749419418428,1.3756561742185442,0.22342406864487338,3.528157095816403,5.492089182581223,0.836260719385751,2.278550801805312,3.267403502674242,0.3568225482010531,0.6140262804758151,0.1915216672667423,0.31473792923507066,2.3304602019755647,0.2893615755668797,0.19292725326722882,2,98.8,0.01200000000000001,157.45061666509682,142.9452099510492,13.30562923756467,0.9152031492980515,0.07944835927344486,0.05623067125190382,0.003379687000868552,0.04381846982382267,0.5318189182505028,102.5,0.0,0.0,0.23151270392067458,84.19838076583505,0.0,0.001845253672200553,5.089126657605034,0.0,0.2,2.5417263487779906,0.05323723610828366,0.0,0.5932993838559883,0.5,0.5,0.0,1.0,0.011083333333333334,0.0,1.0,0.0,0.23333333333333334,0.016666666666666666,False,
0.7709559749354451,0.06508137360868231,1.311634411228797,1.5971866772436991,0.03428002095315763,0.02486806490999345,19.050991070607925,4.436614606320836,5.221727866175045,0.5635738447088652,1.1674057997334368,0.45025351614996356,0.19081902540052947,0.3737691398819691,0.5194703967158248,0.15037115151377464,2.0408554597855844,0.40629608571820464,3.708076264348505,8.995690658240544,0.7613927111810705,1.7874684879901563,3.3438455275605854,0.7115751278843226,0.38775141948396197,0.30850536922126554,0.10717926602541483,1.3022067699181734,0.15612508972851286,0.10092029097040955,0,94.2,0.057999999999999996,153.61169927929816,132.2059903653023,12.355596153775268,0.8735532574753757,0.05918494068516318,0.07255567540594518,-0.03308013311455929,0.03574792497537925,0.4146568800965699,97.15,0.0,0.0,0.5853376876283753,137.779921728568,0.0,0.0,5.866507237229129,0.0,0.2,2.21582702539754,0.04220009451471334,0.0,0.8197186609151821,0.4,0.4,0.0,1.0,0.008916666666666666,0.0,1.0,0.0,0.15833333333333333,0.016666666666666666,False,
0.7709559749354451,0.06508137360868231,1.311634411228797,1.5971866772436991,0.03428002095315763,0.02486806490999345,19.050991070607925,4.436614606320836,5.221727866175045,0.5635738447088652,1.1674057997334368,0.45025351614996356,0.19081902540052947,0.3737691398819691,0.5194703967158248,0.15037115151377464,2.0408554597855844,0.40629608571820464,3.708076264348505,8.995690658240544,0.7613927111810705,1.7874684879901563,3.3438455275605854,0.7115751278843226,0.38775141948396197,0.30850536922126554,0.10717926602541483,1.3022067699181734,0.15612508972851286,0.10092029097040955,1,88.7,0.11300000000000002,146.3108928648851,124.06758053611193,11.634197227599433,0.8577213178833304,0.0417340367601209,0.05835549359646351,0.14685288447638983,0.030432443868240806,0.3606973057293787,94.15,0.0,0.0,1.1403992879656282,171.56562597844595,0.0,0.0,7.50302045332391,0.0,0.1,1.3212375057700767,0.03323192994630695,0.0,1.035785532321549,0.3,0.3,0.0,1.0,0.008666666666666666,0.0,1.0,0.0,0.13333333333333333,0.016666666666666666,False,
0.7709559749354451,0.06508137360868231,1.311634411228797,1.5971866772436991,0.03428002095315763,0.02486806490999345,19.050991070607925,4.436614606320836,5.221727866175045,0.5635738447088652,1.1674057997334368,0.45025351614996356,0.19081902540052947,0.3737691398819691,0.5194703967158248,0.15037115151377464,2.0408554597855844,0.40629608571820464,3.708076264348505,8.995690658240544,0.7613927111810705,1.7874684879901563,3.3438455275605854,0.7115751278843226,0.38775141948396197,0.30850536922126554,0.10717926602541483,1.3022067699181734,0.15612508972851286,0.10092029097040955,2,100.0,0.0,159.46708371924785,143.74565681875248,13.11634411228797,0.9080415196815169,0.09160165692879407,0.0539098086382344,0.040904508206697505,0.002519261488771073,0.38202926016417715,105.25,0.0,0.0,0.0,17.212464217862276,0.0,0.0,1.0472789597659187,0.0,0.0,0.0,0.03867753450039635,0.0,0.9315749428103631,0.0,0.0,0.0,1.0,0.008166666666666666,0.0,1.0,0.0,0.11666666666666667,0.008333333333333333,False,
0.8061960154737539,0.09688621740296607,1.3393963270198714,1.6697568156544453,0.056977616593349475,0.004868436302213176,14.499391511785475,4.554190610961999,5.742308030979715,0.685167527150744,1.6986420460132146,0.3548536801718538,0.17502370351675495,0.1320316860327558,0.6344982904395294,0.1685930125223689,0.9429347802381511,0.3049202507038336,10.589296208871454,4.29634015048756,0.8022179825795983,2.95771963606688,1.7390843555377515,0.5705880288143528,0.4963271187349908,0.09454184160312654,0.17631253239727235,1.9540281536469868,0.27832064083552155,0.09345635414532683,0,83.3,0.16699999999999998,135.88767704687547,120.87091348090375,11.157171404075527,0.9023256643300334,0.12087095974251805,0.06575636822094358,0.5989578722347406,0.03562705654625589,0.5002581518096267,101.25,0.0,0.0,1.5607211142269577,97.96713322174223,0.0,0.0,5.488414353378131,0.0,0.15,1.5991472277650332,0.07424641108467729,0.0,0.848023327360354,0.35,0.35,0.0,1.0,0.00875,0.0,1.0,0.0,0.19166666666666668,0.05,False,
0.8061960154737539,0.09688621740296607,1.3393963270198714,1.6697568156544453,0.056977616593349475,0.004868436302213176,14.499391511785475,4.554190610961999,5.742308030979715,0.685167527150744,1.6986420460132146,0.3548536801718538,0.17502370351675495,0.1320316860327558,0.6344982904395294,0.1685930125223689,0.9429347802381511,0.3049202507038336,10.589296208871454,4.29634015048756,0.8022179825795983,2.95771963606688,1.7390843555377515,0.5705880288143528,0.4963271187349908,0.09454184160312654,0.17631253239727235,1.9540281536469868,0.27832064083552155,0.09345635414532683,1,91.5,0.08499999999999994,154.38183397803547,133.51111019749226,12.255476392231824,0.8789633012783277,0.09270276399480276,0.06772258919291248,0.2530234125518053,0.0435591478430947,0.59659329978344,101.3,0.0,0.0,0.7943790102352779,72.82859016431757,0.0,0.0,4.818348406984138,0.0,0.25,2.805480073460587,0.07189956372724345,0.0,0.9656775918787314,0.5,0.5,0.0,1.0,0.009666666666666667,0.0,1.0,0.0,0.21666666666666667,0.041666666666666664,False,
0.8061960154737539,0.09688621740296607,1.3393963270198714,1.6697568156544453,0.056977616593349475,0.004868436302213176,14.499391511785475,4.554190610961999,5.742308030979715,0.685167527150744,1.6986420460132146,0.3548536801718538,0.17502370351675495,0.1320316860327558,0.6344982904395294,0.1685930125223689,0.9429347802381511,0.3049202507038336,10.589296208871454,4.29634015048756,0.8022179825795983,2.95771963606688,1.7390843555377515,0.5705880288143528,0.4963271187349908,0.09454184160312654,0.17631253239727235,1.9540281536469868,0.27832064083552155,0.09345635414532683,2,92.7,0.07300000000000002,152.88271560090192,135.57170240350487,12.416203951474207,0.9020850126497277,0.10930287460150512,0.07558000952283538,0.20798228477664754,0.05723333560746119,0.6198948883582539,102.55,0.0,0.0,0.6822313852608858,72.8829163111142,0.0,0.0,4.69771976638212,0.0,0.1,1.1332992436164506,0.0807972995989752,0.0,0.8872607845565565,0.25,0.25,0.0,1.0,0.0095,0.0,1.0,0.0,0.20833333333333334,0.03333333333333333,False,
0.5663505113254652,0.06808345372293562,0.9792721062346107,1.2687818723909419,0.0907253115420186,0.015728426142153584,9.089933303422852,5.013004284827103,2.935014249167442,0.7078420995242258,1.3448308542016454,0.43143328724826596,0.0784981754590936,0.39729608471368505,0.48150443215791144,0.13376202141583737,1.2510944783867086,0.3978820642870679,5.538221329203758,7.523508061578574,0.6577116171222384,1.156390078983759,3.4034948149335285,0.3235414978579889,0.20226990177646384,0.10289450182804458,0.16629058087958398,2.4156748647585546,0.39322220884911496,0.21975589983552143,0,99.3,0.007000000000000006,127.26300220901075,106.38852167087218,9.724172014909685,0.8508336122677849,0.09639236833440515,0.06790854714955182,0.026177621539239193,0.008402246511164706,0.562129161241576,76.3,0.0,0.0,0.153829129884865,31.57774118403923,5.365273810084139,0.0,5.173691441685569,0.0,0.1,0.9262288469757308,0.011055961598590739,0.0,0.0,0.15,0.15,0.0,1.0,0.0051666666666666675,0.0,1.0,0.0,0.15,0.0,False,
0.5663505113254652,0.06808345372293562,0.9792721062346107,1.2687818723909419,0.0907253115420186,0.015728426142153584,9.089933303422852,5.013004284827103,2.935014249167442,0.7078420995242258,1.3448308542016454,0.43143328724826596,0.0784981754590936,0.39729608471368505,0.48150443215791144,0.13376202141583737,1.2510944783867086,0.3978820642870679,5.538221329203758,7.523508061578574,0.6577116171222384,1.156390078983759,3.4034948149335285,0.3235414978579889,0.20226990177646384,0.10289450182804458,0.16629058087958398,2.4156748647585546,0.39322220884911496,0.21975589983552143,1,99.55,0.004500000000000004,127.43528690042983,106.96054407712764,9.74865381756555,0.8544073575705641,0.10214203252725247,0.07165953100577982,-0.03135903409629685,0.015440988208068199,0.5844278512225759,79.6,0.0,0.0,0.09889015492598464,18.53111928606066,4.8570790005367614,0.007168888179881827,3.866629620414966,0.0,0.1,0.9403449716311265,0.012062789980745616,0.0,0.0,0.25,0.25,0.0,1.0,0.005416666666666666,0.0,1.0,0.0,0.14166666666666666,0.0,False,
0.5663505113254652,0.06808345372293562,0.9792721062346107,1.2687818723909419,0.0907253115420186,0.015728426142153584,9.089933303422852,5.013004284827103,2.935014249167442,0.7078420995242258,1.3448308542016454,0.43143328724826596,0.0784981754590936,0.39729608471368505,0.48150443215791144,0.13376202141583737,1.2510944783867086,0.3978820642870679,5.538221329203758,7.523508061578574,0.6577116171222384,1.156390078983759,3.4034948149335285,0.3235414978579889,0.20226990177646384,0.10289450182804458,0.16629058087958398,2.4156748647585546,0.39322220884911496,0.21975589983552143,2,100.0,0.0,125.58803959806455,106.8575645420628,9.792721062346109,0.8584517717562699,0.09400753787613139,0.05390582474781336,-0.016808978906686152,0.015222815175961506,0.5791617969864786,75.65,0.0,0.0,0.0,47.4327458479567,3.8188835097897993,0.000379227505541202,7.614626493777388,0.0,0.1,1.5703061240455491,0.0107940636913351,0.0,0.0,0.4,0.4,0.0,1.0,0.005833333333333334,0.0,1.0,0.0,0.13333333333333333,0.0,False,
0.7170046203495739,0.12245147647893333,1.1831841190988548,1.1936060479525763,0.06166429943186985,0.0186137820012515,11.510882838144308,5.623995468734354,6.452708588226246,0.7226708857074744,2.324608022432453,0.2729432587742646,0.22352313034540955,0.23768890323457117,0.8675172739247039,0.12395370533989478,1.1349071196324814,0.2366797427025646,5.964194256010632,9.41366953049004,0.6900155255972567,2.5657868989156594,3.678586238754751,0.5658812763479242,0.34951740538627774,0.20580560629199243,0.07367932219870435,2.276012354585459,0.3350343483638409,0.12805532435251113,0,94.75,0.052500000000000005,110.01395813758711,121.3134944648071,11.21066952846165,1.1392472213308031,0.14109879527214908,0.11155972472201059,-0.017406368064249438,0.03055584997004131,0.6765524462959249,97.05,0.0,0.0,0.6722904528506833,87.57776337842955,1.8717486813537445,0.0,6.847693128550941,0.0,0.05,0.6094058844006021,0.0578670412441977,0.0,0.31339536633532733,0.1,0.1,0.0,1.0,0.0069166666666666664,0.0008333333333333333,1.0,0.0,0.15833333333333333,0.016666666666666666,False,
0.7170046203495739,0.12245147647893333,1.1831841190988548,1.1936060479525763,0.06166429943186985,0.0186137820012515,11.510882838144308,5.623995468734354,6.452708588226246,0.7226708857074744,2.324608022432453,0.2729432587742646,0.22352313034540955,0.23768890323457117,0.8675172739247039,0.12395370533989478,1.1349071196324814,0.2366797427025646,5.964194256010632,9.41366953049004,0.6900155255972567,2.5657868989156594,3.678586238754751,0.5658812763479242,0.34951740538627774,0.20580560629199243,0.07367932219870435,2.276012354585459,0.3350343483638409,0.12805532435251113,1,98.45,0.015500000000000003,114.88111813062672,126.53582249230006,11.648447652528226,1.130593820146938,0.13498705426343796,0.09657678733286067,-0.2343550389285999,0.02480135641040342,0.7914664363689072,100.15,0.0,0.0,0.19848575274639227,61.34975457459842,1.9673573664196815,0.0,6.031782250296159,0.0,0.15,1.7965097228503328,0.06750960433892338,0.0,0.33332587656605084,0.3,0.3,0.0,1.0,0.007083333333333334,0.0,1.0,0.0,0.19166666666666668,0.03333333333333333,False,
0.7170046203495739,0.12245147647893333,1.1831841190988548,1.1936060479525763,0.06166429943186985,0.0186137820012515,11.510882838144308,5.623995468734354,6.452708588226246,0.7226708857074744,2.324608022432453,0.2729432587742646,0.22352313034540955,0.23768890323457117,0.8675172739247039,0.12395370533989478,1.1349071196324814,0.2366797427025646,5.964194256010632,9.41366953049004,0.6900155255972567,2.5657868989156594,3.678586238754751,0.5658812763479242,0.34951740538627774,0.20580560629199243,0.07367932219870435,2.276012354585459,0.3350343483638409,0.12805532435251113,2,97.75,0.02250000000000002,116.60278290229435,125.70607666468845,11.565624764191305,1.106470698973944,0.0940399662126208,0.10315444422454152,-0.0276955684678477,0.018856722059281097,0.6318372052619011,98.6,0.0,0.0,0.2881244797931501,57.47398140486839,1.0385950833705597,0.0,3.4386845243081523,0.0,0.25,3.079704273479684,0.07797378918569456,0.0,0.36319982904570103,0.45,0.45,0.0,1.0,0.007916666666666666,0.0016666666666666666,1.0,0.0,0.20833333333333334,0.025,False,
0.6360387280706079,0.07703482103339712,1.2538354442093511,1.353749447263641,0.028030000460757067,0.011464868647105065,13.630754135935073,4.6193433713430085,4.138818526460945,0.44617761993866967,1.92148703087677,0.20448600784281706,0.3331471814448976,0.12890917691726916,0.8068695965264149,0.07175046446274581,1.7246019295342983,0.43345822849552307,4.3588774479596655,10.733196368300831,0.7366203644357907,1.802899427359339,1.1705634806507963,0.7300487583049964,0.6283158293316613,0.17043490006148365,0.2622050941978774,1.9146373238214505,0.3369641364214724,0.09492432152632738,0,100.0,0.0,138.96881480822904,135.95476331618707,12.538354442093514,0.9821932620290397,0.057253291970520356,0.05700781242351255,-0.615754584896415,0.012742140372077682,1.1234505095097853,94.25,0.0,0.0,0.0,76.17166909560837,1.6941845169798817,0.0,6.921609634700691,0.0,0.05,0.6109830372203671,0.01305126727923472,0.0,0.0,0.1,0.1,0.0,1.0,0.00475,0.0,1.0,0.0,0.16666666666666666,0.0,False,
0.6360387280706079,0.07703482103339712,1.2538354442093511,1.353749447263641,0.028030000460757067,0.011464868647105065,13.630754135935073,4.6193433713430085,4.138818526460945,0.44617761993866967,1.92148703087677,0.20448600784281706,0.3331471814448976,0.12890917691726916,0.8068695965264149,0.07175046446274581,1.7246019295342983,0.43345822849552307,4.3588774479596655,10.733196368300831,0.7366203644357907,1.802899427359339,1.1705634806507963,0.7300487583049964,0.6283158293316613,0.17043490006148365,0.2622050941978774,1.9146373238214505,0.3369641364214724,0.09492432152632738,1,100.0,0.0,140.8878756364818,137.466590124326,12.538354442093514,0.9850189571787574,0.06009749614428532,0.07023450316235087,-0.6533669833494666,0.018002599147260115,1.1714782059502085,96.85,0.0,0.0,0.0,61.71236912103924,1.6812714120441068,0.0,6.30687115306346,0.0,0.1,1.0451843863549057,0.015039208997078354,0.0,0.0,0.15,0.15,0.0,1.0,0.005416666666666666,0.0,1.0,0.0,0.18333333333333332,0.0,False,
0.6360387280706079,0.07703482103339712,1.2538354442093511,1.353749447263641,0.028030000460757067,0.011464868647105065,13.630754135935073,4.6193433713430085,4.138818526460945,0.44617761993866967,1.92148703087677,0.20448600784281706,0.3331471814448976,0.12890917691726916,0.8068695965264149,0.07175046446274581,1.7246019295342983,0.43345822849552307,4.3588774479596655,10.733196368300831,0.7366203644357907,1.802899427359339,1.1705634806507963,0.7300487583049964,0.6283158293316613,0.17043490006148365,0.2622050941978774,1.9146373238214505,0.3369641364214724,0.09492432152632738,2,100.0,0.0,138.9905404339033,136.98764444872845,12.538354442093512,0.9963839976365246,0.057684371701589264,0.07939479233162865,-0.7301064252774785,0.020411447855897026,1.2318883013346684,97.7,0.0,0.0,0.0,67.96973329253058,0.7279891714001009,0.0,6.6797020931348,0.0,0.1,1.0595186195735933,0.01020871736547089,0.0,0.0,0.15,0.15,0.0,1.0,0.004333333333333333,0.0,1.0,0.0,0.125,0.0,False,
0.7016072021620976,0.07196920543030758,0.9903714289899004,1.2033981529748627,0.044351083730161875,0.017086933387297328,18.55314639650058,5.898695235073951,5.363409286028473,0.35629762637098056,1.1436205929350791,0.37458922172955406,0.25316040703689463,0.18974023003126342,0.8568808146889764,0.08935169644723864,1.823459825434844,0.357585752429623,10.201287647570593,7.437055749519063,0.6295775369517007,2.4809531494684993,3.690094544937249,0.3212933898247469,0.2069580650722753,0.26653176235768516,0.26767254792700007,1.5767724425537104,0.27272278156910335,0.1466310996140339,0,100.0,0.0,122.06229338997932,109.69216248804976,9.903714289899003,0.9024588574376894,0.09373848739835916,0.03929182097448495,-0.23153366353870491,0.01592456979135959,0.54307877983011,106.8,0.0,0.0,0.0,17.125297735127745,0.0,0.014032078733103836,2.0682044038828264,0.0,0.05,0.7607915422984506,0.027143237366139494,0.0,0.0,0.05,0.05,0.0,1.0,0.0075,0.0,1.0,0.0,0.24166666666666667,0.0,False,
0.7016072021620976,0.07196920543030758,0.9903714289899004,1.2033981529748627,0.044351083730161875,0.017086933387297328,18.55314639650058,5.898695235073951,5.363409286028473,0.35629762637098056,1.1436205929350791,0.37458922172955406,0.25316040703689463,0.18974023003126342,0.8568808146889764,0.08935169644723864,1.823459825434844,0.357585752429623,10.201287647570593,7.437055749519063,0.6295775369517007,2.4809531494684993,3.690094544937249,0.3212933898247469,0.2069580650722753,0.26653176235768516,0.26767254792700007,1.5767724425537104,0.27272278156910335,0.1466310996140339,1,99.7,0.0030000000000000027,117.71067446314487,105.812470934618,9.874003147029304,0.9054807538244537,0.09782607352162706,0.05280189224083297,-0.26761738249038053,0.013947777670469202,0.5620015080922237,98.55,0.0,0.0,0.043989329884210164,132.79027946094888,0.14842795770443126,0.011842715793409276,9.24164478177827,0.0,0.1,1.3430969770578665,0.03079325377687705,0.0,0.0,0.25,0.25,0.0,1.0,0.007833333333333333,0.0,1.0,0.0,0.21666666666666667,0.0,False,
0.7016072021620976,0.07196920543030758,0.9903714289899004,1.2033981529748627,0.044351083730161875,0.017086933387297328,18.55314639650058,5.898695235073951,5.363409286028473,0.35629762637098056,1.1436205929350791,0.37458922172955406,0.25316040703689463,0.18974023003126342,0.8568808146889764,0.08935169644723864,1.823459825434844,0.357585752429623,10.201287647570593,7.437055749519063,0.6295775369517007,2.4809531494684993,3.690094544937249,0.3212933898247469,0.2069580650722753,0.26653176235768516,0.26767254792700007,1.5767724425537104,0.27272278156910335,0.1466310996140339,2,97.7,0.02300000000000002,116.3179640915206,104.18550178596745,9.675928861231325,0.9024368217444689,0.07810059387501167,0.05519725383425814,0.14124010211051502,0.026871064996930906,0.3910403525591911,102.25,0.0,0.0,0.3372515291122779,108.62286326354425,0.0,0.0,5.892664374334681,0.0,0.15,1.8675513029577597,0.024883949078687472,0.0,0.0,0.35,0.35,0.0,1.0,0.008,0.0,1.0,0.0,0.225,0.0,False,
0.6767991305606861,0.10619296223013733,1.0256970345174872,1.0384791085600515,0.03734287774308266,0.014708719290663428,12.392052669099407,5.91870747766716,3.0268662422064816,0.5458040433773349,1.9306121859675027,0.15924246914072082,0.1695251067673458,0.3575568940984587,0.5174195376552618,0.1628876538107692,0.9290045979679641,0.5332104489693621,6.026098761626994,4.579053427752202,0.4781846708946066,1.1864307882410026,0.8897936655415936,0.6947227832850321,0.6750230715023469,0.1601540796560248,0.3030517235347431,1.666039914534513,0.15968723272000673,0.15756300659203662,0,100.0,0.0,107.04036914638507,111.46679364359002,10.256970345174869,1.0766764598847423,0.08065519088472942,0.10746011701558411,0.01747238140084082,0.026466998727630135,0.7009162938682539,95.2,0.0,0.0,0.0,50.41305544339257,2.068563028083865,0.0,3.7551267907757193,0.0,0.1,1.1623881835918204,0.022701980828673116,0.0,0.0,0.25,0.25,0.0,1.0,0.00575,0.0,1.0,0.0,0.18333333333333332,0.0,False,
0.6767991305606861,0.10619296223013733,1.0256970345174872,1.0384791085600515,0.03734287774308266,0.014708719290663428,12.392052669099407,5.91870747766716,3.0268662422064816,0.5458040433773349,1.9306121859675027,0.15924246914072082,0.1695251067673458,0.3575568940984587,0.5174195376552618,0.1628876538107692,0.9290045979679641,0.5332104489693621,6.026098761626994,4.579053427752202,0.4781846708946066,1.1864307882410026,0.8897936655415936,0.6947227832850321,0.6750230715023469,0.1601540796560248,0.3030517235347431,1.666039914534513,0.15968723272000673,0.15756300659203662,1,95.8,0.04200000000000001,100.32603439928445,108.4887416875994,9.826177590677528,1.114524051194706,0.12080940517353608,0.10961371064691212,0.00011622264958982275,0.03361354581118177,0.7173373204046605,94.1,0.0,0.0,0.6617646276865538,44.886194206440166,1.8324012224553587,0.09705718029159695,4.320571802766902,0.0,0.05,0.817743185394941,0.025370490397994647,0.0,0.0,0.15,0.15,0.0,1.0,0.006083333333333333,0.0,1.0,0.0,0.15833333333333333,0.0,False,
0.6767991305606861,0.10619296223013733,1.0256970345174872,1.0384791085600515,0.03734287774308266,0.014708719290663428,12.392052669099407,5.91870747766716,3.0268662422064816,0.5458040433773349,1.9306121859675027,0.15924246914072082,0.1695251067673458,0.3575568940984587,0.5174195376552618,0.1628876538107692,0.9290045979679641,0.5332104489693621,6.026098761626994,4.579053427752202,0.4781846708946066,1.1864307882410026,0.8897936655415936,0.6947227832850321,0.6750230715023469,0.1601540796560248,0.3030517235347431,1.666039914534513,0.15968723272000673,0.15756300659203662,2,98.25,0.017499999999999998,101.41270758380486,110.52399519624495,10.07747336413431,1.1096831364255262,0.0989354610947448,0.08974749099451172,0.02776341882662925,0.025903392072437748,0.6929635053216955,97.55,0.0,0.0,0.2757352615360641,63.73012860659212,1.2233550436093157,0.0,6.336337436412071,0.0,0.05,0.6065492014130673,0.016459369490991724,0.0,0.0,0.1,0.1,0.0,1.0,0.005083333333333333,0.0,1.0,0.0,0.15833333333333333,0.0,False,
0.6093114224008265,0.12440209941279279,0.9967670072622684,1.5693151513094752,0.09515900310072002,0.024664501952608615,15.970605116278755,7.7934293274635,7.281868345712676,0.47939059850899085,2.090867397067417,0.3945982890334427,0.27960411584374223,0.1453247970930316,0.6902219082059299,0.18195898646115677,2.3735707484722726,0.47017069161705866,6.0956903665435815,8.264429846522802,0.4210476396868318,2.42274052090317,1.488759271023235,0.2497829740489777,0.4687439883080429,0.09372990391466063,0.1855363199893224,2.455548198594915,0.2538517407807431,0.06283826320488375,0,89.95,0.10049999999999999,134.78026094809906,91.87548862182811,8.965919230324104,0.7024850465151719,0.10007272314618203,0.06538130429327951,-0.05519269430555852,0.0349487347532703,0.4618641601698815,82.15,0.0,0.0,0.6315245452090817,111.42089331340257,5.994600573034431,0.0,4.16008892768585,0.0,0.5,6.4534150596439215,0.15708705710490906,0.0,0.48354640538729815,0.9,0.9,0.0,1.0,0.008583333333333333,0.0,1.0,0.0,0.35,0.075,False,
0.6093114224008265,0.12440209941279279,0.9967670072622684,1.5693151513094752,0.09515900310072002,0.024664501952608615,15.970605116278755,7.7934293274635,7.281868345712676,0.47939059850899085,2.090867397067417,0.3945982890334427,0.27960411584374223,0.1453247970930316,0.6902219082059299,0.18195898646115677,2.3735707484722726,0.47017069161705866,6.0956903665435815,8.264429846522802,0.4210476396868318,2.42274052090317,1.488759271023235,0.2497829740489777,0.4687439883080429,0.09372990391466063,0.1855363199893224,2.455548198594915,0.2538517407807431,0.06283826320488375,1,100.0,0.0,155.05307697494695,106.43737361660983,9.967670072622688,0.7032076746233988,0.10302545598815141,0.06081910353946398,-0.277020762265905,0.013863900698740762,0.4847594988115039,86.25,0.0,0.0,0.0,75.0618868062917,6.632670385449622,0.0004346753005533222,6.224757743291777,0.0,0.5,4.990185909655997,0.13780969495942505,0.0,0.7181595934293422,0.7,0.7,0.0,1.0,0.008583333333333333,0.0,1.0,0.0,0.31666666666666665,0.06666666666666667,False,
0.6093114224008265,0.12440209941279279,0.9967670072622684,1.5693151513094752,0.09515900310072002,0.024664501952608615,15.970605116278755,7.7934293274635,7.281868345712676,0.47939059850899085,2.090867397067417,0.3945982890334427,0.27960411584374223,0.1453247970930316,0.6902219082059299,0.18195898646115677,2.3735707484722726,0.47017069161705866,6.0956903665435815,8.264429846522802,0.4210476396868318,2.42274052090317,1.488759271023235,0.2497829740489777,0.4687439883080429,0.09372990391466063,0.1855363199893224,2.455548198594915,0.2538517407807431,0.06283826320488375,2,98.55,0.014500000000000013,149.9796916624207,103.38466335798735,9.823138856569654,0.7045936867805866,0.09289292328780833,0.06415800343264925,-0.09459770219470856,0.014724514203636166,0.41997166952051945,82.7,0.0,0.0,0.09111548164708143,79.91415466244575,5.062037204196746,0.13030070977775368,6.0750778312996925,0.0,0.5,6.010496961470478,0.13446976262093635,0.0,0.23220227914496683,0.85,0.85,0.0,1.0,0.008583333333333333,0.0008333333333333333,1.0,0.0,0.36666666666666664,0.058333333333333334,False,
0.7385122894648147,0.07613183428726684,1.2997833172914426,1.20912637667712,0.04681368930862974,0.008376205073382414,11.31992317856451,6.146456412923214,5.396990935257641,0.5877821968114605,2.115488813128211,0.325945977038754,0.33052429064334016,0.3050146892778942,0.620174517680993,0.11767537618609972,2.0036386794919134,0.364643846212746,8.631021077716376,9.291136813513813,0.6018646623572723,1.5111414398905154,1.657743404174937,0.578055622438358,0.5127703879046511,0.23992114520272115,0.11155639660313749,2.294507039811979,0.37960136384950927,0.12677232571540448,0,94.7,0.05299999999999999,113.48175428321365,132.27781730337992,12.30894801474996,1.1973776051370604,0.10720153254525737,0.10367518741049886,0.14251781293323024,0.017717324033737575,0.3604265204192726,102.6,0.0,0.0,0.6718933262916437,100.77692209162255,0.0,0.0,9.508351920022221,0.0,0.0,0.0,0.05841310601337877,0.0,1.645522036706776,0.05,0.05,0.0,1.0,0.007916666666666666,0.0016666666666666666,1.0,0.0,0.16666666666666666,0.03333333333333333,False,
0.7385122894648147,0.07613183428726684,1.2997833172914426,1.20912637667712,0.04681368930862974,0.008376205073382414,11.31992317856451,6.146456412923214,5.396990935257641,0.5877821968114605,2.115488813128211,0.325945977038754,0.33052429064334016,0.3050146892778942,0.620174517680993,0.11767537618609972,2.0036386794919134,0.364643846212746,8.631021077716376,9.291136813513813,0.6018646623572723,1.5111414398905154,1.657743404174937,0.578055622438358,0.5127703879046511,0.23992114520272115,0.11155639660313749,2.294507039811979,0.37960136384950927,0.12677232571540448,1,84.9,0.15099999999999997,107.31136578990063,120.29852493221188,11.035160363804348,1.1487183879743883,0.06380974921579902,0.0929794313023599,0.20210738113630766,0.03482823783419351,0.3563204246616012,101.9,0.0,0.0,1.9142621183026076,95.27085897414301,0.0,0.0,4.851936604396046,0.0,0.05,0.750389196534232,0.05933283219875921,0.0,1.7024750411965046,0.15,0.15,0.0,1.0,0.008,0.0008333333333333333,1.0,0.0,0.18333333333333332,0.025,False,
0.7385122894648147,0.07613183428726684,1.2997833172914426,1.20912637667712,0.04681368930862974,0.008376205073382414,11.31992317856451,6.146456412923214,5.396990935257641,0.5877821968114605,2.115488813128211,0.325945977038754,0.33052429064334016,0.3050146892778942,0.620174517680993,0.11767537618609972,2.0036386794919134,0.364643846212746,8.631021077716376,9.291136813513813,0.6018646623572723,1.5111414398905154,1.657743404174937,0.578055622438358,0.5127703879046511,0.23992114520272115,0.11155639660313749,2.294507039811979,0.37960136384950927,0.12677232571540448,2,93.25,0.0675,115.41003747534178,133.118739861591,12.120479433742702,1.1909396845108742,0.08452072859083051,0.12705338513759107,0.008137250898977462,0.04148834841088067,0.4086740666095525,101.75,0.0,0.0,0.8557131985789802,54.38591335307048,0.0,0.02354887506339346,5.039991291426863,0.0,0.05,0.7822408734361713,0.06134897162063881,0.0,1.6367801663125963,0.1,0.1,0.0,1.0,0.00825,0.0025,1.0,0.0,0.14166666666666666,0.03333333333333333,False,
0.5630451709335412,0.07797017171967519,1.399832665295978,1.574546006115297,0.08181488887806794,0.015900042118107777,16.528523513300193,5.5614655868761576,2.5151483485310364,0.6270713842576983,2.1734868050135105,0.28234728957609256,0.3098480282576614,0.19813899737537297,0.7466580896667828,0.10873890110575168,1.4155336071358289,0.518292495095334,4.537356327958173,6.439829621760078,0.39228481263085346,2.0333487279488813,1.7965300214313693,0.6037416703621552,0.4021250459796917,0.14569056512478404,0.2783966481312864,1.5839808523020111,0.249892374304778,0.19368540190907724,0,91.7,0.08299999999999996,145.82809064357815,141.57140819336053,12.83646554076412,0.9820775919018452,0.10207624565993971,0.056211058764091805,0.12991889593507916,0.018912526916471568,0.47921147447781304,74.95,0.0,0.0,1.6075888358453412,69.78006754243863,9.052975747725867,0.5340376632868089,7.579887720063065,0.0,0.2,3.211448710261424,0.019026748021174843,0.0,0.0,0.45,0.45,0.0,1.0,0.00625,0.0008333333333333333,1.0,0.0,0.225,0.0,False,
0.5630451709335412,0.07797017171967519,1.399832665295978,1.574546006115297,0.08181488887806794,0.015900042118107777,16.528523513300193,5.5614655868761576,2.5151483485310364,0.6270713842576983,2.1734868050135105,0.28234728957609256,0.3098480282576614,0.19813899737537297,0.7466580896667828,0.10873890110575168,1.4155336071358289,0.518292495095334,4.537356327958173,6.439829621760078,0.39228481263085346,2.0333487279488813,1.7965300214313693,0.6037416703621552,0.4021250459796917,0.14569056512478404,0.2783966481312864,1.5839808523020111,0.249892374304778,0.19368540190907724,1,98.65,0.013500000000000012,153.95621273769288,151.0944070599658,13.809349243144826,0.9907125959301508,0.11317391175758014,0.05239548014328427,0.09290110573222385,0.014965625623936111,0.4925261658227595,77.7,0.0,0.0,0.2614752925772543,60.67982770559877,8.987818392869343,0.05806092310909897,7.9902760797103145,0.0,0.1,1.8204323396082913,0.016468020981234115,0.0,0.0,0.3,0.3,0.0,1.0,0.005916666666666666,0.0008333333333333333,1.0,0.0,0.2,0.0,False,
0.5630451709335412,0.07797017171967519,1.399832665295978,1.574546006115297,0.08181488887806794,0.015900042118107777,16.528523513300193,5.5614655868761576,2.5151483485310364,0.6270713842576983,2.1734868050135105,0.28234728957609256,0.3098480282576614,0.19813899737537297,0.7466580896667828,0.10873890110575168,1.4155336071358289,0.518292495095334,4.537356327958173,6.439829621760078,0.39228481263085346,2.0333487279488813,1.7965300214313693,0.6037416703621552,0.4021250459796917,0.14569056512478404,0.2783966481312864,1.5839808523020111,0.249892374304778,0.19368540190907724,2,100.0,0.0,154.8639868526121,151.67525465492412,13.998326652959781,0.9862959953151231,0.09609457827699376,0.04824036214174191,-0.023553953340421062,0.015422429456474745,0.5346221050870646,74.1,0.0,0.0,0.0,76.80738850411994,8.04814350707504,0.04795659589860054,6.378600728216857,0.0,0.2,2.9146696580640437,0.01992312636313601,0.0,0.0,0.35,0.35,0.0,1.0,0.006750000000000001,0.0008333333333333333,1.0,0.0,0.23333333333333334,0.0,False,
0.6329704695408452,0.0565150771928962,1.1488589782837888,1.3099295141112297,0.060968560482116935,0.017811079272397962,16.867885661846433,4.665373196589699,6.626920155496183,0.38517609658537755,1.328281879758927,0.22779345278804303,0.15469108672863896,0.30844696988955367,0.613862394920828,0.11895652003405072,2.059567898195117,0.4251488571691021,9.67753620662986,3.1358510377782194,0.5277012798228053,2.7258653934538857,3.2290732135809828,0.5265895265486228,0.42394497287672794,0.2821208954388587,0.1848491306522131,2.121872224300114,0.190782073717973,0.15071057534542004,0,95.9,0.040999999999999995,127.40093329460778,121.16888788528088,11.017557601741537,0.9655631604529964,0.09548917555380465,0.07339225937096014,-0.07120856327902546,0.024545823969312576,0.42532966128725513,98.1,0.0,0.0,0.6179133589162221,66.76727366630139,0.29234776346836183,0.0,6.412439998734459,0.0,0.1,1.1011505652505218,0.02045261288454996,0.0,0.0,0.15,0.15,0.0,1.0,0.006416666666666667,0.0,1.0,0.0,0.16666666666666666,0.0,False,
0.6329704695408452,0.0565150771928962,1.1488589782837888,1.3099295141112297,0.060968560482116935,0.017811079272397962,16.867885661846433,4.665373196589699,6.626920155496183,0.38517609658537755,1.328281879758927,0.22779345278804303,0.15469108672863896,0.30844696988955367,0.613862394920828,0.11895652003405072,2.059567898195117,0.4251488571691021,9.67753620662986,3.1358510377782194,0.5277012798228053,2.7258653934538857,3.2290732135809828,0.5265895265486228,0.42394497287672794,0.2821208954388587,0.1848491306522131,2.121872224300114,0.190782073717973,0.15071057534542004,1,94.7,0.05299999999999999,125.73014179254497,116.91965424786058,10.879694524347483,0.9486841631249859,0.07679319241090277,0.08339315196737897,-0.007744854235390263,0.02869532913981985,0.3993127303508846,96.5,0.0,0.0,0.7987660493307261,104.02198814436936,0.3975741472903096,0.0,5.849139009274625,0.0,0.2,2.4380810179404664,0.025899962892820535,0.0,0.0,0.5,0.5,0.0,1.0,0.007583333333333333,0.0,1.0,0.0,0.20833333333333334,0.0,False,
0.6329704695408452,0.0565150771928962,1.1488589782837888,1.3099295141112297,0.060968560482116935,0.017811079272397962,16.867885661846433,4.665373196589699,6.626920155496183,0.38517609658537755,1.328281879758927,0.22779345278804303,0.15469108672863896,0.30844696988955367,0.613862394920828,0.11895652003405072,2.059567898195117,0.4251488571691021,9.67753620662986,3.1358510377782194,0.5277012798228053,2.7258653934538857,3.2290732135809828,0.5265895265486228,0.42394497287672794,0.2821208954388587,0.1848491306522131,2.121872224300114,0.190782073717973,0.15071057534542004,2,92.65,0.07349999999999998,124.61721286186977,117.66433502882983,10.644178433799304,0.9649174776348204,0.07919795059759735,0.09653754333731414,0.037535698778145915,0.01970348933558851,0.38574848998948563,100.3,0.0,0.0,1.1077227287888374,37.18565829495655,0.02991603377517039,0.0,2.9852319437491888,0.0,0.05,0.5563021693260082,0.016873974836812636,0.0,0.0,0.05,0.05,0.0,1.0,0.006416666666666667,0.0,1.0,0.0,0.19166666666666668,0.0,False,
0.7811505744183392,0.11432008019934238,1.2959597392220459,1.4782417371540404,0.06524683299533467,0.004560731005452681,16.837548060157403,6.942777006473664,2.1788596413387666,0.304361582574273,2.3123613441542394,0.12996498534501455,0.30725335178324364,0.18608967893993464,0.812872932157283,0.18701521834867674,2.232444848049866,0.37701613881412743,11.568900515149412,9.684001502737312,0.4984484318405505,1.9487321451444046,1.0532541949878174,0.5317787899554683,0.30096907331133216,0.13054563908798142,0.0697594249519525,1.9694615982057582,0.2079775020085496,0.2278675367767511,0,99.0,0.010000000000000009,143.48674562172383,138.65889342865825,12.830001418298256,0.977471645740209,0.11206856719044225,0.053771076625553124,-0.2158123936092073,0.02472702413133895,0.4756722798897427,102.0,0.0,0.0,0.2278675367767511,117.91158025102818,0.10404385636355881,0.014957089166848615,5.658264632408909,0.0,0.15,2.0737337657559456,0.06522645479350397,0.0,1.4547049479325376,0.25,0.25,0.0,1.0,0.009666666666666667,0.0,1.0,0.0,0.2833333333333333,0.03333333333333333,False,
0.7811505744183392,0.11432008019934238,1.2959597392220459,1.4782417371540404,0.06524683299533467,0.004560731005452681,16.837548060157403,6.942777006473664,2.1788596413387666,0.304361582574273,2.3123613441542394,0.12996498534501455,0.30725335178324364,0.18608967893993464,0.812872932157283,0.18701521834867674,2.232444848049866,0.37701613881412743,11.568900515149412,9.684001502737312,0.4984484318405505,1.9487321451444046,1.0532541949878174,0.5317787899554683,0.30096907331133216,0.13054563908798142,0.0697594249519525,1.9694615982057582,0.2079775020085496,0.2278675367767511,1,100.0,0.0,149.0915717820035,141.73371011890694,12.959597392220463,0.9632344399353002,0.09637084902582986,0.05795498758319637,-0.1983614586256237,0.02156878251662015,0.44564062710673424,102.1,0.0,0.0,0.0,98.64331632414947,0.5698706853727299,0.0,6.779909409795339,0.0,0.4,3.727067883758635,0.0684270025774772,0.0,1.906390222785794,0.45,0.45,0.0,1.0,0.010166666666666666,0.0,1.0,0.0,0.31666666666666665,0.03333333333333333,False,
0.7811505744183392,0.11432008019934238,1.2959597392220459,1.4782417371540404,0.06524683299533467,0.004560731005452681,16.837548060157403,6.942777006473664,2.1788596413387666,0.304361582574273,2.3123613441542394,0.12996498534501455,0.30725335178324364,0.18608967893993464,0.812872932157283,0.18701521834867674,2.232444848049866,0.37701613881412743,11.568900515149412,9.684001502737312,0.4984484318405505,1.9487321451444046,1.0532541949878174,0.5317787899554683,0.30096907331133216,0.13054563908798142,0.0697594249519525,1.9694615982057582,0.2079775020085496,0.2278675367767511,2,96.7,0.033,142.5688830775935,136.63577956426704,12.531930678277181,0.9805105943384079,0.10064267143867749,0.08769891989149421,0.03346290777571711,0.027465970142387337,0.35846334202190006,103.95,0.0,0.0,0.7519628713632784,102.33070208177409,0.0,0.0,4.996627853486981,0.0,0.3,3.68464736500403,0.06685081852326125,0.0,1.6437281656121836,0.45,0.45,0.0,1.0,0.010083333333333333,0.0016666666666666666,1.0,0.0,0.24166666666666667,0.03333333333333333,False,
0.7934808050985436,0.1170609142344723,1.0152065555404146,1.521732082273995,0.060149315373033196,0.017366710896548464,12.24570691425097,6.746877229404316,5.770701828733335,0.2737907237099104,1.6317707311440555,0.19832225989506524,0.1378781842387547,0.17509063072508066,0.631187455962259,0.08851883078288347,1.4006929950094569,0.5533471357000619,6.775693273720709,8.066840233361091,0.5715509784415611,1.0559974809512467,2.117957468073358,0.6723354782587913,0.36714116170963007,0.16828963824656284,0.24272354601995516,1.4773200209897959,0.18658923197947505,0.056172722843865625,0,81.1,0.189,122.86229682647436,89.88529526615193,8.233325165432763,0.7491633531194503,0.11709098510535813,0.06674434312347403,0.44300358922168914,0.032674733479507743,0.400328545051142,99.2,0.0,0.0,1.0616644617490603,78.03478671599365,0.01543963634317016,0.0,5.244647604230509,0.0,0.35,3.072245909116524,0.07580619810108995,0.0,0.31064786690011004,0.5,0.5,0.0,1.0,0.009000000000000001,0.0,1.0,0.0,0.2833333333333333,0.016666666666666666,False,
0.7934808050985436,0.1170609142344723,1.0152065555404146,1.521732082273995,0.060149315373033196,0.017366710896548464,12.24570691425097,6.746877229404316,5.770701828733335,0.2737907237099104,1.6317707311440555,0.19832225989506524,0.1378781842387547,0.17509063072508066,0.631187455962259,0.08851883078288347,1.4006929950094569,0.5533471357000619,6.775693273720709,8.066840233361091,0.5715509784415611,1.0559974809512467,2.117957468073358,0.6723354782587913,0.36714116170963007,0.16828963824656284,0.24272354601995516,1.4773200209897959,0.18658923197947505,0.056172722843865625,1,91.7,0.083,134.3949191772864,100.27947873050971,9.309444114305602,0.7617496445996413,0.13783523007778967,0.06554262119391514,0.02191850100285988,0.03517145240946648,0.5716012390464796,100.3,0.0,0.0,0.46623359960408467,76.66384199774782,0.38438598189563067,0.0,6.540983600673938,0.0,0.05,0.6443696123850601,0.09923888914506326,0.0,0.36535555274789844,0.1,0.1,0.0,1.0,0.008333333333333333,0.0,1.0,0.0,0.23333333333333334,0.03333333333333333,False,
0.7934808050985436,0.1170609142344723,1.0152065555404146,1.521732082273995,0.060149315373033196,0.017366710896548464,12.24570691425097,6.746877229404316,5.770701828733335,0.2737907237099104,1.6317707311440555,0.19832225989506524,0.1378781842387547,0.17509063072508066,0.631187455962259,0.08851883078288347,1.4006929950094569,0.5533471357000619,6.775693273720709,8.066840233361091,0.5715509784415611,1.0559974809512467,2.117957468073358,0.6723354782587913,0.36714116170963007,0.16828963824656284,0.24272354601995516,1.4773200209897959,0.18658923197947505,0.056172722843865625,2,84.8,0.152,126.84346423157987,95.2415845540397,8.60895159098272,0.7650307301046808,0.12887467619874418,0.0681077581455299,0.21039051408749615,0.04011941235552523,0.4571914316818111,100.2,0.0,0.0,0.8538253872267573,59.67574067091439,0.0,0.0,4.24032120184785,0.0,0.25,2.463965655796065,0.09792914548614867,0.0,0.32503319454887164,0.4,0.4,0.0,1.0,0.00875,0.0,1.0,0.0,0.275,0.03333333333333333,False,
0.746271080867461,0.08608670553948616,1.0623143225231002,1.1805414177463276,0.08268839732305074,0.018538227849628462,15.221731644729786,4.1306615591102105,4.34812418015889,0.4949144476362903,2.3597554902612927,0.42852895534190916,0.10561530493148699,0.27800209208014387,0.8221916023144215,0.05753053730222299,1.3443669870699144,0.44957251141137716,9.347294315497454,5.918348365730848,0.7478234116251259,2.9663625967098666,1.9688518252049043,0.474664907829408,0.551341142452731,0.12851688744618303,0.23850592440638457,1.633012078382536,0.12294844620701613,0.22110601253226667,0,92.6,0.07399999999999998,110.44006348163964,106.82372565108298,9.837030626563909,0.9894759299745886,0.09399691693854592,0.07532721086308165,0.16414957953413115,0.03256152536185504,0.48799812965867256,98.8,0.0,0.0,1.6361844927387732,85.36662570501949,0.0,0.0,5.952191240162337,0.0,0.3,2.628605607695679,0.053221729481773186,0.0,0.35685271495577925,0.6,0.6,0.0,1.0,0.01125,0.0,1.0,0.0,0.25,0.025,False,
0.746271080867461,0.08608670553948616,1.0623143225231002,1.1805414177463276,0.08268839732305074,0.018538227849628462,15.221731644729786,4.1306615591102105,4.34812418015889,0.4949144476362903,2.3597554902612927,0.42852895534190916,0.10561530493148699,0.27800209208014387,0.8221916023144215,0.05753053730222299,1.3443669870699144,0.44957251141137716,9.347294315497454,5.918348365730848,0.7478234116251259,2.9663625967098666,1.9688518252049043,0.474664907829408,0.551341142452731,0.12851688744618303,0.23850592440638457,1.633012078382536,0.12294844620701613,0.22110601253226667,1,96.55,0.03450000000000002,117.15298098983627,112.59623728399484,10.256644783960533,0.9875240167427972,0.09235330247822623,0.08522110740277652,-0.03392124950318905,0.0514688302737805,0.5689608294833197,101.6,0.0,0.0,0.7628157432363201,48.13309366207924,0.08625087691543745,0.02921072269678814,3.800640676594193,0.0,0.15,1.6548575368872438,0.050815583457307696,0.0,0.4084417611952016,0.4,0.4,0.0,1.0,0.01125,0.0,1.0,0.0,0.21666666666666667,0.016666666666666666,False,
0.746271080867461,0.08608670553948616,1.0623143225231002,1.1805414177463276,0.08268839732305074,0.018538227849628462,15.221731644729786,4.1306615591102105,4.34812418015889,0.4949144476362903,2.3597554902612927,0.42852895534190916,0.10561530493148699,0.27800209208014387,0.8221916023144215,0.05753053730222299,1.3443669870699144,0.44957251141137716,9.347294315497454,5.918348365730848,0.7478234116251259,2.9663625967098666,1.9688518252049043,0.474664907829408,0.551341142452731,0.12851688744618303,0.23850592440638457,1.633012078382536,0.12294844620701613,0.22110601253226667,2,95.75,0.042500000000000024,110.48620569856662,109.71935940558551,10.171659638158689,1.0111976269370824,0.10277704687209184,0.07586417723583364,0.13064897502181985,0.03535909250236061,0.5037003097442428,102.1,0.0,0.0,0.9397005532621334,77.73435421574433,0.0,0.0,4.708736512988976,0.0,0.3,2.8325675652818747,0.05802097580610162,0.0,0.11685465119323553,0.75,0.75,0.0,1.0,0.012333333333333333,0.0,1.0,0.0,0.275,0.008333333333333333,False,
0.5787714634229313,0.053786402951841845,1.3586680415005654,1.5067477302632233,0.07119845887805815,0.02529789552964112,9.750041867081812,7.104108458347605,6.403090574086798,0.6292600178360619,1.5320889591841078,0.44671517016020185,0.2275970162950417,0.2096962933978712,0.8747930621403665,0.18393645279558235,1.0526560527287925,0.5592858932735032,4.699854656858635,6.538927301792047,0.48429264614413825,2.5306282886634435,2.371033452705416,0.49625384870983147,0.464564270438182,0.15197277800017273,0.15419723702310567,2.0146238361934183,0.1362626860417913,0.19685520680804525,0,100.0,0.0,147.5834004851127,148.1977814134429,13.586680415005656,1.0080657750310498,0.11761781667334617,0.03907923659279885,-0.1819449356473374,0.0031805714568028977,0.7989018551191938,89.0,0.0,0.0,0.0,22.433789134942792,3.022298347811536,0.0,2.515293984598222,0.0,0.0,0.0,0.014772278282077977,0.0,0.0,0.0,0.0,0.0,1.0,0.004166666666666667,0.0,1.0,0.0,0.14166666666666666,0.0,False,
0.5787714634229313,0.053786402951841845,1.3586680415005654,1.5067477302632233,0.07119845887805815,0.02529789552964112,9.750041867081812,7.104108458347605,6.403090574086798,0.6292600178360619,1.5320889591841078,0.44671517016020185,0.2275970162950417,0.2096962933978712,0.8747930621403665,0.18393645279558235,1.0526560527287925,0.5592858932735032,4.699854656858635,6.538927301792047,0.48429264614413825,2.5306282886634435,2.371033452705416,0.49625384870983147,0.464564270438182,0.15197277800017273,0.15419723702310567,2.0146238361934183,0.1362626860417913,0.19685520680804525,1,97.85,0.02150000000000001,143.13204837424675,145.18499941075595,13.294566786083033,1.0191898893036608,0.1299850985954528,0.044312162965731865,-0.12391387324414875,0.009490177489011506,0.7439029282468652,88.5,0.0,0.0,0.4232386946372973,24.665872187626103,2.345355510224434,0.0,3.588126548181554,0.0,0.0,0.0,0.01717791114545681,0.0,0.0,0.0,0.0,0.0,1.0,0.0045000000000000005,0.0,1.0,0.0,0.16666666666666666,0.0,False,
0.5787714634229313,0.053786402951841845,1.3586680415005654,1.5067477302632233,0.07119845887805815,0.02529789552964112,9.750041867081812,7.104108458347605,6.403090574086798,0.6292600178360619,1.5320889591841078,0.44671517016020185,0.2275970162950417,0.2096962933978712,0.8747930621403665,0.18393645279558235,1.0526560527287925,0.5592858932735032,4.699854656858635,6.538927301792047,0.48429264614413825,2.5306282886634435,2.371033452705416,0.49625384870983147,0.464564270438182,0.15197277800017273,0.15419723702310567,2.0146238361934183,0.1362626860417913,0.19685520680804525,2,99.45,0.005500000000000005,145.64129106289775,147.16895275332632,13.511953672723124,1.018560074799316,0.11489898821287259,0.059456775389925345,-0.1942331021662808,0.010746205845748804,0.7980650808261264,95.2,0.0,0.0,0.10827036374442489,38.006620931108024,1.7725118669824416,44.34805206500216,16.430336101359654,0.0,0.0,0.0,0.012196262944660034,0.0,0.0,0.0,0.0,0.0,1.0,0.00475,0.0,1.0,0.0,0.15833333333333333,0.0,False,
0.5836615937135523,0.08984835009671915,1.1647820019210786,1.0538600316766245,0.029193579526505774,0.015494187017632336,12.949619153865596,5.8588010047594645,2.387954205549471,0.517704002133867,1.191535648424283,0.24253810559132793,0.2188962800877079,0.31537771846905505,0.4749950188096164,0.09848114449764195,2.194275505541878,0.24148371527361284,11.176551661992928,6.288025720069125,0.8601260269681398,1.5936978581573968,2.443945714737496,0.5967770724357179,0.2011221471519552,0.12476327762491146,0.24716262588924187,1.9018004396875918,0.41502628515672124,0.1382936482878539,0,98.4,0.016000000000000014,104.62440740338695,124.32221815827518,11.461454898903412,1.2174986567137482,0.09213374672089585,0.11986520531638012,0.05158834181711817,0.009281548692748358,0.3566160738870757,79.25,0.0,0.0,0.2212698372605663,50.82218877231315,7.168796268054779,0.0,2.688893126454271,0.0,0.0,0.0,0.005892292061008305,0.0,0.0,0.05,0.05,0.0,1.0,0.0020833333333333333,0.0008333333333333333,1.0,0.0,0.075,0.0,False,
0.5836615937135523,0.08984835009671915,1.1647820019210786,1.0538600316766245,0.029193579526505774,0.015494187017632336,12.949619153865596,5.8588010047594645,2.387954205549471,0.517704002133867,1.191535648424283,0.24253810559132793,0.2188962800877079,0.31537771846905505,0.4749950188096164,0.09848114449764195,2.194275505541878,0.24148371527361284,11.176551661992928,6.288025720069125,0.8601260269681398,1.5936978581573968,2.443945714737496,0.5967770724357179,0.2011221471519552,0.12476327762491146,0.24716262588924187,1.9018004396875918,0.41502628515672124,0.1382936482878539,1,99.25,0.007500000000000007,105.80732059085503,125.54067134883675,11.560461369066706,1.2141455263181462,0.09094455083592144,0.11972492203180438,0.04073640083126292,0.005785877189643527,0.3600762593985757,78.4,0.0,0.0,0.10372023621589041,69.0505580103356,6.3980105863101855,0.0,4.239906523110831,0.0,0.0,0.0,0.0084414009028049,0.0,0.0,0.05,0.05,0.0,1.0,0.0032500000000000003,0.0,1.0,0.0,0.1,0.0,False,
0.5836615937135523,0.08984835009671915,1.1647820019210786,1.0538600316766245,0.029193579526505774,0.015494187017632336,12.949619153865596,5.8588010047594645,2.387954205549471,0.517704002133867,1.191535648424283,0.24253810559132793,0.2188962800877079,0.31537771846905505,0.4749950188096164,0.09848114449764195,2.194275505541878,0.24148371527361284,11.176551661992928,6.288025720069125,0.8601260269681398,1.5936978581573968,2.443945714737496,0.5967770724357179,0.2011221471519552,0.12476327762491146,0.24716262588924187,1.9018004396875918,0.41502628515672124,0.1382936482878539,2,99.55,0.004500000000000004,104.34448679435414,126.71716624878427,11.595404829124337,1.2352755751112119,0.09255495948827687,0.11285269647501395,0.008479588590480754,0.01299371095797347,0.3701687240370242,73.9,0.0,0.0,0.06223214172953425,88.01413826128197,5.7037725946170506,0.0,10.524323836016364,0.0,0.05,0.6285202205316173,0.0049662840472974,0.0,0.0,0.1,0.1,0.0,1.0,0.0022500000000000003,0.0008333333333333333,1.0,0.0,0.075,0.0,False,
0.5999025807394933,0.09865669004710406,1.284967092866217,1.0208512960161162,0.036860375476282056,0.01266360512611659,8.415989244287323,6.515620507109908,6.696061103694117,0.45521119711395863,1.2784831455090888,0.3517982326536433,0.15591666929695613,0.2620901902947253,0.7216408277271014,0.04939714356601903,1.8611091303111422,0.38222934965496697,10.960701313574873,5.4820329486068715,0.7050891099948127,1.839648403094337,2.650035822184139,0.6532240804233257,0.5362156792374346,0.17454997008286943,0.19411179207761742,2.2718350421046045,0.1761021535740198,0.12377380413052022,0,99.75,0.0025000000000000022,103.25769793370773,138.06745081810456,12.817546751340515,1.3805878818179094,0.0860013086712959,0.15053033634839513,-0.1838426385362692,0.010968151394078054,0.5213124196967714,81.75,0.0,0.0,0.030943451032630055,86.47694403619369,7.558508500334135,20.57743094666306,6.785876925105609,0.0,0.1,2.2456081478009757,0.011262394323199516,0.0,0.0,0.3,0.3,0.0,1.0,0.005416666666666666,0.0008333333333333333,1.0,0.0,0.11666666666666667,0.0,False,
0.5999025807394933,0.09865669004710406,1.284967092866217,1.0208512960161162,0.036860375476282056,0.01266360512611659,8.415989244287323,6.515620507109908,6.696061103694117,0.45521119711395863,1.2784831455090888,0.3517982326536433,0.15591666929695613,0.2620901902947253,0.7216408277271014,0.04939714356601903,1.8611091303111422,0.38222934965496697,10.960701313574873,5.4820329486068715,0.7050891099948127,1.839648403094337,2.650035822184139,0.6532240804233257,0.5362156792374346,0.17454997008286943,0.19411179207761742,2.2718350421046045,0.1761021535740198,0.12377380413052022,1,99.95,0.0005000000000000004,104.26903563853348,139.26881794154897,12.84324609319784,1.375517223522659,0.08397063528883555,0.15171491341043908,-0.22088697021521897,0.01827749541790991,0.5344659880636409,82.3,0.0,0.0,0.006188690206526011,51.368995615974086,6.6155471117046485,0.545183239375509,5.081301789083322,0.0,0.15,2.6949832149837056,0.016777347744150326,0.0,0.0,0.3,0.3,0.0,1.0,0.0055000000000000005,0.0008333333333333333,1.0,0.0,0.175,0.0,False,
0.5999025807394933,0.09865669004710406,1.284967092866217,1.0208512960161162,0.036860375476282056,0.01266360512611659,8.415989244287323,6.515620507109908,6.696061103694117,0.45521119711395863,1.2784831455090888,0.3517982326536433,0.15591666929695613,0.2620901902947253,0.7216408277271014,0.04939714356601903,1.8611091303111422,0.38222934965496697,10.960701313574873,5.4820329486068715,0.7050891099948127,1.839648403094337,2.650035822184139,0.6532240804233257,0.5362156792374346,0.17454997008286943,0.19411179207761742,2.2718350421046045,0.1761021535740198,0.12377380413052022,2,99.65,0.003500000000000003,101.88033542316188,139.94001317099702,12.80469708041185,1.4138247202308398,0.09386751691714507,0.16624901586361032,-0.2740932606661216,0.013503829533997444,0.5670053527331819,82.45,0.0,0.0,0.04332083144568208,48.831294432725024,5.302917375688837,0.0,1.5844632071953164,0.0,0.05,0.8516453700643722,0.020348423046638683,0.0,0.0,0.05,0.05,0.0,1.0,0.006166666666666667,0.003333333333333333,1.0,0.0,0.125,0.0,False,
0.5969498858013513,0.05217820523227242,1.0084584178844263,1.408774019165245,0.07827873472849771,0.006361014397488226,15.67233318680004,5.0538865710387295,5.829819609488064,0.5992154851149556,1.1554943144599807,0.10729781911199386,0.30923692639713063,0.17903882744974856,0.6532001562768003,0.13267015623135253,2.4008594172932813,0.19186415584858593,6.941366509089122,4.898424276813743,0.4053831818600876,1.3322368493940926,1.9989226256267305,0.6584084192564343,0.3922441301784673,0.2991196585199277,0.06799757275291625,2.5437041388520916,0.3093187370286183,0.16437350677446383,0,99.2,0.008000000000000007,139.41944336890606,109.13614854508319,10.003907505413512,0.7887335205468613,0.09847782151511425,0.04471973771360026,0.0009338288315383945,0.018533171844358005,0.3440577409506891,96.15,0.0,0.0,0.131498805419571,53.19098156738007,0.9482112395981519,0.0,6.107299321842028,0.0,0.05,0.493431410214659,0.019043850535385234,0.0,0.0,0.15,0.15,0.0,1.0,0.008083333333333333,0.0,1.0,0.0,0.225,0.0,False,
0.5969498858013513,0.05217820523227242,1.0084584178844263,1.408774019165245,0.07827873472849771,0.006361014397488226,15.67233318680004,5.0538865710387295,5.829819609488064,0.5992154851149556,1.1554943144599807,0.10729781911199386,0.30923692639713063,0.17903882744974856,0.6532001562768003,0.13267015623135253,2.4008594172932813,0.19186415584858593,6.941366509089122,4.898424276813743,0.4053831818600876,1.3322368493940926,1.9989226256267305,0.6584084192564343,0.3922441301784673,0.2991196585199277,0.06799757275291625,2.5437041388520916,0.3093187370286183,0.16437350677446383,1,98.95,0.01050000000000001,139.53430333817658,109.64557148786885,9.978696044966402,0.7948264483431293,0.10732914806303454,0.059971723767950555,0.035995044919900486,0.02306905121355172,0.3363921712195765,99.6,0.0,0.0,0.172592182113187,34.872604683516045,0.9345847614610643,0.19784495552461928,6.290402314010203,0.0,0.15,1.6799062713961366,0.01866956524307906,0.0,0.0,0.3,0.3,0.0,1.0,0.007666666666666667,0.0,1.0,0.0,0.20833333333333334,0.0,False,
0.5969498858013513,0.05217820523227242,1.0084584178844263,1.408774019165245,0.07827873472849771,0.006361014397488226,15.67233318680004,5.0538865710387295,5.829819609488064,0.5992154851149556,1.1554943144599807,0.10729781911199386,0.30923692639713063,0.17903882744974856,0.6532001562768003,0.13267015623135253,2.4008594172932813,0.19186415584858593,6.941366509089122,4.898424276813743,0.4053831818600876,1.3322368493940926,1.9989226256267305,0.6584084192564343,0.3922441301784673,0.2991196585199277,0.06799757275291625,2.5437041388520916,0.3093187370286183,0.16437350677446383,2,97.65,0.02350000000000002,134.55584277749523,107.44060115006576,9.847596450641428,0.8050008409893902,0.10794874704721721,0.051886835029204534,0.052026304992228066,0.02602043440708101,0.3310550194877713,98.05,0.0,0.0,0.38627774091999006,58.81577493096616,0.6010196199075029,0.0003029138854561353,5.550007363553602,0.0,0.2,2.1100346146297815,0.01938507073221008,0.0,0.0,0.45,0.45,0.0,1.0,0.008666666666666666,0.0,1.0,0.0,0.25,0.0,False,
0.6863629564146327,0.0818234381441851,1.040015624005128,1.1163687807099183,0.08463068450225732,0.009192437205713567,14.965058556556325,4.583172417345644,2.1381769002181095,0.3134380277770411,1.671992478225547,0.47518022256393133,0.13406215290205004,0.24611292679738417,0.6699039862194669,0.14784998855633397,1.3024269825883694,0.22793828433739083,5.101549893109141,3.4688225559831016,0.3867489150379761,2.6591007899755934,2.483862855867768,0.5123186426313106,0.6587391208775342,0.25492059610806145,0.13749530952441058,2.202879108825121,0.37004613449455237,0.1911318474206023,0,99.55,0.004500000000000004,111.41592904234626,112.13211244393014,10.353355536971048,1.0371697815718968,0.10452722331049351,0.10308765460319973,-0.19060788352735863,0.040599141671260004,0.6555706715717375,100.15,0.0,0.0,0.08600933133927104,77.2361660773961,0.3463580580672101,0.002168223316570328,6.351173741193974,0.0,0.1,0.926488259477502,0.05251536487364046,0.0,0.09506533066158761,0.25,0.25,0.0,1.0,0.01,0.0,1.0,0.0,0.23333333333333334,0.025,False,
0.6863629564146327,0.0818234381441851,1.040015624005128,1.1163687807099183,0.08463068450225732,0.009192437205713567,14.965058556556325,4.583172417345644,2.1381769002181095,0.3134380277770411,1.671992478225547,0.47518022256393133,0.13406215290205004,0.24611292679738417,0.6699039862194669,0.14784998855633397,1.3024269825883694,0.22793828433739083,5.101549893109141,3.4688225559831016,0.3867489150379761,2.6591007899755934,2.483862855867768,0.5123186426313106,0.6587391208775342,0.25492059610806145,0.13749530952441058,2.202879108825121,0.37004613449455237,0.1911318474206023,1,97.95,0.020500000000000018,109.21897861313376,109.76566612407025,10.18695303713023,1.0440475658713066,0.11226566644414096,0.12271088885473946,0.02682689535337841,0.03546801619031948,0.5561227638757729,99.8,0.0,0.0,0.39182028721223466,84.81209001899468,0.6269125570524383,0.010458537642174647,6.699017696154113,0.0,0.2,1.764307900773802,0.04561918216111868,0.0,0.283588956381126,0.4,0.4,0.0,1.0,0.01075,0.0,1.0,0.0,0.23333333333333334,0.016666666666666666,False,
0.6863629564146327,0.0818234381441851,1.040015624005128,1.1163687807099183,0.08463068450225732,0.009192437205713567,14.965058556556325,4.583172417345644,2.1381769002181095,0.3134380277770411,1.671992478225547,0.47518022256393133,0.13406215290205004,0.24611292679738417,0.6699039862194669,0.14784998855633397,1.3024269825883694,0.22793828433739083,5.101549893109141,3.4688225559831016,0.3867489150379761,2.6591007899755934,2.483862855867768,0.5123186426313106,0.6587391208775342,0.25492059610806145,0.13749530952441058,2.202879108825121,0.37004613449455237,0.1911318474206023,2,92.1,0.07900000000000001,106.81216695719077,105.35763076219072,9.57854389708723,1.0115418255758803,0.06156157330463484,0.10191282325366613,0.0685041500166074,0.05236507544122439,0.5565649704832846,99.95,0.0,0.0,1.509941594622758,60.134201485577634,0.03760707789448681,0.20491189389433534,3.8797663681714027,0.0,0.35,3.960937971682989,0.0599314005896509,0.0,0.08935697871481135,0.9,0.9,0.0,1.0,0.01075,0.0008333333333333333,1.0,0.0,0.25,0.008333333333333333,False,
0.6184832650850364,0.11593678535249488,1.303929530720091,1.1533753932736723,0.04364588432547957,0.009518937123847035,12.555443190553264,6.8156195740790935,3.2605870290574686,0.5619254865419536,1.4427848167162163,0.20975739021281659,0.21595298583625905,0.1812901807508844,0.733995352840108,0.09241215417696416,2.104265501999146,0.5341833110087374,11.46562799962024,4.604730008432456,0.38051332685995665,1.9283405600836798,2.0276183734597266,0.5609685979414828,0.45086109828048426,0.08976658598688161,0.17424592826402424,1.407378542004323,0.2169488115844844,0.11420592847627589,0,99.15,0.008500000000000008,114.00098071279999,140.5779236028821,12.928461297089706,1.2781611538360975,0.12122238285047893,0.14424596463343226,-0.17724316750439012,0.03129567918996744,0.47082017034258383,84.9,0.0,0.0,0.0970750392048345,54.130821559884815,8.061626173311025,0.8808343791245499,5.88115387164966,0.0,0.1,1.6696435090065187,0.045347726307318315,0.0,0.35352728983657766,0.2,0.2,0.0,1.0,0.00525,0.005,1.0,0.0,0.16666666666666666,0.008333333333333333,False,
0.6184832650850364,0.11593678535249488,1.303929530720091,1.1533753932736723,0.04364588432547957,0.009518937123847035,12.555443190553264,6.8156195740790935,3.2605870290574686,0.5619254865419536,1.4427848167162163,0.20975739021281659,0.21595298583625905,0.1812901807508844,0.733995352840108,0.09241215417696416,2.104265501999146,0.5341833110087374,11.46562799962024,4.604730008432456,0.38051332685995665,1.9283405600836798,2.0276183734597266,0.5609685979414828,0.45086109828048426,0.08976658598688161,0.17424592826402424,1.407378542004323,0.2169488115844844,0.11420592847627589,1,96.6,0.03400000000000001,109.87046820540279,138.09244605608856,12.59595926675608,1.2947779029063482,0.13742378317652576,0.14111687938992332,-0.036188667111943226,0.02080596720917586,0.40355703866210274,82.55,0.0,0.0,0.38830015681933805,43.87320689188421,6.814987670688252,0.01160228661316578,4.664391145214101,0.0,0.05,0.8161251990627821,0.07585259332780732,0.0,0.8495141705115069,0.05,0.05,0.0,1.0,0.006166666666666667,0.005833333333333334,1.0,0.0,0.14166666666666666,0.041666666666666664,False,
0.6184832650850364,0.11593678535249488,1.303929530720091,1.1533753932736723,0.04364588432547957,0.009518937123847035,12.555443190553264,6.8156195740790935,3.2605870290574686,0.5619254865419536,1.4427848167162163,0.20975739021281659,0.21595298583625905,0.1812901807508844,0.733995352840108,0.09241215417696416,2.104265501999146,0.5341833110087374,11.46562799962024,4.604730008432456,0.38051332685995665,1.9283405600836798,2.0276183734597266,0.5609685979414828,0.45086109828048426,0.08976658598688161,0.17424592826402424,1.407378542004323,0.2169488115844844,0.11420592847627589,2,95.65,0.04350000000000004,108.2971057628996,137.56870639582033,12.472085961337672,1.2895967807347266,0.11825229825002918,0.10423158419417704,0.07715823750962403,0.01332725546869407,0.3640252318533812,82.15,0.0,0.0,0.4967957888718001,55.99235123799643,5.500488413185255,0.005400489679611442,3.0953878865488362,0.0,0.05,1.2302530388431197,0.07435014872820425,0.0,0.32977096149415136,0.1,0.1,0.0,1.0,0.004583333333333333,0.006666666666666666,1.0,0.0,0.175,0.03333333333333333,False,
0.672540044292605,0.1179652533272851,1.3299335065999083,1.6386026819015593,0.0993902130713532,0.0053852497394170605,16.970506732743974,3.700157668148761,7.097452805763854,0.41488027061205235,1.9546424820519221,0.4201614172704402,0.25849757655112543,0.4311873896084279,0.8192814182550578,0.1164588960362305,2.550047857375347,0.42171561840632743,6.705691227977404,7.122390948265445,0.5979566090699662,1.3609828911374273,2.705175346770942,0.5914164323470767,0.28175785769487594,0.1619316438357501,0.17081008068889167,1.7457246988102324,0.34783736590183956,0.07089206581379982,0,94.65,0.05349999999999999,151.0706786883489,135.17631980072548,12.587820639968129,0.9009490196347855,0.1078806258490799,0.04230605275931372,0.05171777755285961,0.03509415936846189,0.3162681567845209,93.6,0.0,0.0,0.37927255210382904,87.04539137179049,3.8852064264439194,0.0,5.568712837344853,0.0,0.45,5.213259004590535,0.03595307599052025,0.0,0.0,1.15,1.15,0.0,1.0,0.013000000000000001,0.0,1.0,0.0,0.3333333333333333,0.0,False,
0.672540044292605,0.1179652533272851,1.3299335065999083,1.6386026819015593,0.0993902130713532,0.0053852497394170605,16.970506732743974,3.700157668148761,7.097452805763854,0.41488027061205235,1.9546424820519221,0.4201614172704402,0.25849757655112543,0.4311873896084279,0.8192814182550578,0.1164588960362305,2.550047857375347,0.42171561840632743,6.705691227977404,7.122390948265445,0.5979566090699662,1.3609828911374273,2.705175346770942,0.5914164323470767,0.28175785769487594,0.1619316438357501,0.17081008068889167,1.7457246988102324,0.34783736590183956,0.07089206581379982,1,99.95,0.0005000000000000004,165.80660735715364,145.59585594593983,13.292685398466082,0.8908393993980903,0.09511051731084179,0.060433233370558156,-0.2256663137776292,0.04996689187665736,0.4088932203176072,96.5,0.0,0.0,0.003544603290689991,75.6620070621659,3.2925224202763443,0.18232137934861165,6.625791392076209,0.0,0.25,3.0307880775066764,0.05887668074857664,0.0,0.0,0.7,0.7,0.0,1.0,0.013833333333333333,0.0,1.0,0.0,0.3416666666666667,0.0,False,
0.672540044292605,0.1179652533272851,1.3299335065999083,1.6386026819015593,0.0993902130713532,0.0053852497394170605,16.970506732743974,3.700157668148761,7.097452805763854,0.41488027061205235,1.9546424820519221,0.4201614172704402,0.25849757655112543,0.4311873896084279,0.8192814182550578,0.1164588960362305,2.550047857375347,0.42171561840632743,6.705691227977404,7.122390948265445,0.5979566090699662,1.3609828911374273,2.705175346770942,0.5914164323470767,0.28175785769487594,0.1619316438357501,0.17081008068889167,1.7457246988102324,0.34783736590183956,0.07089206581379982,2,98.15,0.018500000000000016,160.88673984998064,140.92178679241542,13.0532973672781,0.8959021052743245,0.08772513621165914,0.08321313306331732,0.005638065268898848,0.03556343741912206,0.3275637924107426,99.45,0.0,0.0,0.13115032175552968,81.09147781505735,2.4988504779883014,0.032703487100704996,6.1589949946176175,0.0,0.45,5.398102826797607,0.04179488633134114,0.0,0.0,1.25,1.25,0.0,1.0,0.014916666666666667,0.0016666666666666666,1.0,0.0,0.35,0.0,False,
0.7359118889556495,0.09815337645698391,1.0575471496122204,0.9815426171031799,0.029964289849236103,0.010637354343365992,11.839690196841627,4.9157250398989945,4.495707621936727,0.48882842703703383,1.3727858763791332,0.3180671588874544,0.11127148243065405,0.1348010559511198,0.7845117699815607,0.11112431208278381,0.8814200981530917,0.21148464587977497,7.30236249375519,5.160136902784311,0.6522384062444766,1.5410203774782822,1.523825456276725,0.6111618234809649,0.5884261721524797,0.2447315732888447,0.2953121206258481,1.4426453129299084,0.1795295162451863,0.10858609147835296,0,100.0,0.0,101.07056731980278,115.97381348402823,10.575471496122208,1.1529448262162956,0.05963536125875968,0.12054256141543022,-0.7367007716925112,0.015418004290060378,1.5514919137942207,101.7,0.0,0.0,0.0,8.132601774818799,0.19666075506180097,0.0,0.44791340174943706,0.0,0.0,0.0,0.04766672407344248,0.0,0.4227502292704632,0.0,0.0,0.0,1.0,0.006833333333333334,0.0,1.0,0.0,0.11666666666666667,0.016666666666666666,False,
0.7359118889556495,0.09815337645698391,1.0575471496122204,0.9815426171031799,0.029964289849236103,0.010637354343365992,11.839690196841627,4.9157250398989945,4.495707621936727,0.48882842703703383,1.3727858763791332,0.3180671588874544,0.11127148243065405,0.1348010559511198,0.7845117699815607,0.11112431208278381,0.8814200981530917,0.21148464587977497,7.30236249375519,5.160136902784311,0.6522384062444766,1.5410203774782822,1.523825456276725,0.6111618234809649,0.5884261721524797,0.2447315732888447,0.2953121206258481,1.4426453129299084,0.1795295162451863,0.10858609147835296,1,99.9,0.0010000000000000009,97.68093493851858,114.21206453467224,10.564896024626087,1.1826889513220473,0.08967515015836802,0.11337567175767924,-0.7582294521753374,0.015883794717882385,1.582711126570806,101.25,0.0,0.0,0.010858609147835296,78.5740246557639,0.5450632761166292,0.0,8.420127475503909,0.0,0.0,0.0,0.044862301700372496,0.0,0.3519611129374613,0.0,0.0,0.0,1.0,0.006750000000000001,0.0,1.0,0.0,0.10833333333333334,0.025,False,
0.7359118889556495,0.09815337645698391,1.0575471496122204,0.9815426171031799,0.029964289849236103,0.010637354343365992,11.839690196841627,4.9157250398989945,4.495707621936727,0.48882842703703383,1.3727858763791332,0.3180671588874544,0.11127148243065405,0.1348010559511198,0.7845117699815607,0.11112431208278381,0.8814200981530917,0.21148464587977497,7.30236249375519,5.160136902784311,0.6522384062444766,1.5410203774782822,1.523825456276725,0.6111618234809649,0.5884261721524797,0.2447315732888447,0.2953121206258481,1.4426453129299084,0.1795295162451863,0.10858609147835296,2,99.85,0.0015000000000000013,97.10572841075665,113.71510132680135,10.55960828887802,1.194701377557892,0.07863770682272678,0.1437964771285934,-0.4083598957152249,0.010081916505599284,1.164717686946629,102.95,0.0,0.0,0.016287913721752943,82.5258178086354,0.0,0.0,8.047464150562611,0.0,0.0,0.0,0.05475278778189607,0.0,0.6385364526205092,0.0,0.0,0.0,1.0,0.007333333333333333,0.0016666666666666666,1.0,0.0,0.13333333333333333,0.025,False,
0.684892337580019,0.0636132101000037,1.2554373810693942,1.3737164309759469,0.08932808502877802,0.016664086513882136,18.27232973598783,3.725684865223165,3.647366050237602,0.295454732238753,1.81127219838689,0.36860720994221374,0.20809404896996553,0.20398971457458703,0.7385555359012654,0.1388989668567914,1.6184112051260768,0.32498448352957565,3.9282549238858495,3.872019064850413,0.7911171550054032,2.062258024738117,0.7590297199164588,0.7047264989716799,0.5330198449106205,0.1379791324948536,0.16439000862514805,1.355823564441836,0.32369200625510425,0.10381388720750329,0,90.4,0.09600000000000002,122.147114823889,123.8356589694469,11.34915392486732,1.030356266498603,0.1222002113951461,0.07695403399347621,0.23885629630646998,0.04898301051359658,0.4066316907444132,103.35,0.0,0.0,0.9966133171920315,44.29488215614938,0.0,0.1761113886589482,2.5739950430919207,0.0,0.1,1.4447143119243635,0.05696990891099064,0.0,0.2534175208532954,0.4,0.4,0.0,1.0,0.011583333333333334,0.0,1.0,0.0,0.26666666666666666,0.016666666666666666,False,
0.684892337580019,0.0636132101000037,1.2554373810693942,1.3737164309759469,0.08932808502877802,0.016664086513882136,18.27232973598783,3.725684865223165,3.647366050237602,0.295454732238753,1.81127219838689,0.36860720994221374,0.20809404896996553,0.20398971457458703,0.7385555359012654,0.1388989668567914,1.6184112051260768,0.32498448352957565,3.9282549238858495,3.872019064850413,0.7911171550054032,2.062258024738117,0.7590297199164588,0.7047264989716799,0.5330198449106205,0.1379791324948536,0.16439000862514805,1.355823564441836,0.32369200625510425,0.10381388720750329,1,94.5,0.05500000000000001,130.5844453900198,129.23448634251426,11.863883251105776,1.0159125254620092,0.10637973309286541,0.09493111711208585,0.14042810193745875,0.03829728320748259,0.42953388179913154,100.5,0.0,0.0,0.570976379641268,90.523059902802,0.094084989375773,0.0,6.268008312071709,0.0,0.25,2.781153504492697,0.056123001914896296,0.0,0.36046633785471893,0.7,0.7,0.0,1.0,0.011166666666666667,0.0008333333333333333,1.0,0.0,0.25833333333333336,0.016666666666666666,False,
0.684892337580019,0.0636132101000037,1.2554373810693942,1.3737164309759469,0.08932808502877802,0.016664086513882136,18.27232973598783,3.725684865223165,3.647366050237602,0.295454732238753,1.81127219838689,0.36860720994221374,0.20809404896996553,0.20398971457458703,0.7385555359012654,0.1388989668567914,1.6184112051260768,0.32498448352957565,3.9282549238858495,3.872019064850413,0.7911171550054032,2.062258024738117,0.7590297199164588,0.7047264989716799,0.5330198449106205,0.1379791324948536,0.16439000862514805,1.355823564441836,0.32369200625510425,0.10381388720750329,2,91.35,0.08649999999999998,124.50912183271153,125.02243847427471,11.468420476068918,1.030503244258172,0.10699220359199449,0.10758625105428643,0.15777789083245336,0.044071084668766754,0.4218110480894818,103.65,0.0,0.0,0.8979901243449033,83.69079876865513,0.0,0.0,5.070008452309956,0.0,0.35,3.4925086195131767,0.07501302056129372,0.0,0.2402207409971649,0.85,0.85,0.0,1.0,0.013166666666666667,0.0016666666666666666,1.0,0.0,0.35,0.025,False,
0.7139858558743722,0.11295172563244665,1.3781908617522376,1.4934282576061435,0.03223068977101429,0.013719138585379455,15.502892376673305,6.422411573254079,6.252822616859049,0.3262038482896952,1.5131420446381103,0.37821799305193926,0.07754651876393784,0.13600685725523817,0.6222816980393767,0.075976963134943,2.3588373847049704,0.4880055385078135,4.970923494401823,9.763839525506686,0.8473080217577406,1.540931599724011,2.408552239973212,0.26747020928633036,0.6196611189919418,0.1229319130525453,0.300535434635824,2.6530838488398922,0.11004837530389425,0.042872005923612753,0,52.45,0.4755000000000001,86.59237917546037,79.53967501866117,7.228611069890488,0.9287217424976063,0.0024392999216405553,0.06329979268694816,1.0337760340897475,0.16965977855593356,0.28094393951914504,93.15,0.0,0.0,2.0385638816677867,69.1549233723892,1.589270924868797,0.1256679080814697,5.258223816235821,0.0,0.1,0.9592452592446385,0.14922984189693006,0.0,1.1512377721605658,0.1,0.1,0.0,1.0,0.006666666666666666,0.0,1.0,0.0,0.2833333333333333,0.08333333333333333,False,
0.7139858558743722,0.11295172563244665,1.3781908617522376,1.4934282576061435,0.03223068977101429,0.013719138585379455,15.502892376673305,6.422411573254079,6.252822616859049,0.3262038482896952,1.5131420446381103,0.37821799305193926,0.07754651876393784,0.13600685725523817,0.6222816980393767,0.075976963134943,2.3588373847049704,0.4880055385078135,4.970923494401823,9.763839525506686,0.8473080217577406,1.540931599724011,2.408552239973212,0.26747020928633036,0.6196611189919418,0.1229319130525453,0.300535434635824,2.6530838488398922,0.11004837530389425,0.042872005923612753,1,74.8,0.252,119.14297988405572,109.86818582728479,10.308867645906739,0.9311143884950568,0.0062716402048625455,0.06084726428402537,0.20468063797553454,0.09185356477685198,0.35584181987264996,101.0,0.0,0.0,1.0803745492750414,40.914639821010226,1.4683445938658162,0.0,0.051996193208597496,0.0,0.0,0.0,0.1405080947929719,0.0,1.6800194963305761,0.0,0.0,0.0,1.0,0.006416666666666667,0.0,1.0,0.0,0.21666666666666667,0.1,False,
0.7139858558743722,0.11295172563244665,1.3781908617522376,1.4934282576061435,0.03223068977101429,0.013719138585379455,15.502892376673305,6.422411573254079,6.252822616859049,0.3262038482896952,1.5131420446381103,0.37821799305193926,0.07754651876393784,0.13600685725523817,0.6222816980393767,0.075976963134943,2.3588373847049704,0.4880055385078135,4.970923494401823,9.763839525506686,0.8473080217577406,1.540931599724011,2.408552239973212,0.26747020928633036,0.6196611189919418,0.1229319130525453,0.300535434635824,2.6530838488398922,0.11004837530389425,0.042872005923612753,2,28.0,0.72,46.81732226038665,45.076294371292406,3.8589344129062644,0.969783399295145,0.03101696150173136,0.15056664257570307,2.0805859694714277,0.18472122017731035,0.12403098188789718,93.1,0.0,0.0,3.086784426500118,47.66280167293801,0.3942857856651931,0.22817240145275908,3.0772854588735474,0.0,0.05,0.4399610900907557,0.1877915800151427,0.0,1.2076586099138116,0.05,0.05,0.0,1.0,0.006500000000000001,0.0008333333333333333,1.0,0.0,0.275,0.10833333333333334,False,
0.5961634083323265,0.1103896497176487,1.038689068312964,1.6787291820432002,0.06647772965983254,0.008555841228113112,8.76907908836687,3.438946942179223,2.093394180257289,0.4419204206452141,1.8812299887861215,0.33000277199986955,0.09782570461782591,0.4009826765448042,0.6823711485532693,0.1551509950612617,1.928632162596101,0.2526242190297515,10.973736089953382,10.535338564524297,0.33567261688299427,2.8611806997547524,3.206906659475824,0.2866677908556182,0.6084905746117697,0.2882319300659831,0.21221562988260273,2.426690671247973,0.2363238130215104,0.04083799355339981,0,99.9,0.0010000000000000009,167.35055842246712,112.76586416814632,10.37650379244651,0.6851284947554486,0.10322814037888109,0.051828556243665114,-0.03891552498669647,0.01565859128078902,0.42689818384067435,74.05,0.0,0.0,0.0040837993553399805,48.91359999991348,7.982532693424365,0.0,7.407381691242264,0.0,0.1,0.9941690296017198,0.010235526544027066,0.0,0.0,0.4,0.4,0.0,1.0,0.0069166666666666664,0.0,1.0,0.0,0.14166666666666666,0.0,False,
0.5961634083323265,0.1103896497176487,1.038689068312964,1.6787291820432002,0.06647772965983254,0.008555841228113112,8.76907908836687,3.438946942179223,2.093394180257289,0.4419204206452141,1.8812299887861215,0.33000277199986955,0.09782570461782591,0.4009826765448042,0.6823711485532693,0.1551509950612617,1.928632162596101,0.2526242190297515,10.973736089953382,10.535338564524297,0.33567261688299427,2.8611806997547524,3.206906659475824,0.2866677908556182,0.6084905746117697,0.2882319300659831,0.21221562988260273,2.426690671247973,0.2363238130215104,0.04083799355339981,1,100.0,0.0,170.44040499666104,113.85112181517927,10.386890683129641,0.6757220669500744,0.08994656468498438,0.04180024767041585,-0.020944537600416206,0.014474119092181017,0.42015212931932344,78.15,0.0,0.0,0.0,31.776459219911214,7.336874767508266,0.000396728488975695,5.989612500157704,0.0,0.05,0.5271067664318031,0.009648512105528554,0.0,0.0,0.1,0.1,0.0,1.0,0.006333333333333333,0.0,1.0,0.0,0.125,0.0,False,
0.5961634083323265,0.1103896497176487,1.038689068312964,1.6787291820432002,0.06647772965983254,0.008555841228113112,8.76907908836687,3.438946942179223,2.093394180257289,0.4419204206452141,1.8812299887861215,0.33000277199986955,0.09782570461782591,0.4009826765448042,0.6823711485532693,0.1551509950612617,1.928632162596101,0.2526242190297515,10.973736089953382,10.535338564524297,0.33567261688299427,2.8611806997547524,3.206906659475824,0.2866677908556182,0.6084905746117697,0.2882319300659831,0.21221562988260273,2.426690671247973,0.2363238130215104,0.04083799355339981,2,100.0,0.0,166.60569916726413,112.82135239937318,10.386890683129643,0.6898755612118401,0.09971626946708673,0.0576726171798996,-0.039802573960864944,0.019920454612816253,0.42555163577199673,74.5,0.0,0.0,0.0,30.903515408245305,6.081234087230734,0.0,4.696439241696369,0.0,0.05,0.5079445030931448,0.009635214961430615,0.0,0.0,0.2,0.2,0.0,1.0,0.006833333333333334,0.0,1.0,0.0,0.13333333333333333,0.0,False,
0.7252980536615488,0.0905269673379232,1.1629327376804794,1.0624635822480748,0.07429210549357984,0.020718383653193714,18.741953457767302,7.221364515538515,6.748143006089238,0.6815102524454202,1.5546796686564575,0.3083713881045633,0.07544800284718646,0.18323611088310748,0.825536115825305,0.16496803155487702,1.4983928606856876,0.4276837807214153,4.067280652128152,6.060704081941991,0.31986809813673983,1.4068829595801737,1.1271846096229048,0.33573287961362913,0.44709412380061303,0.07025410660760546,0.2305014053602374,2.1859452097950554,0.19896193731338316,0.17461728445693617,0,89.7,0.10300000000000002,93.90806771087671,104.05258985921819,10.431506656993902,1.1379364215161443,0.03189308011726673,0.1055424176147991,0.20056190045155967,0.0474897174235888,0.45661482330067005,108.0,0.0,0.0,1.7985580299064428,134.8891637807037,0.13167060093908173,11.494938743303631,5.959912808607491,0.0,0.35,3.6997116884507073,0.14705991519304687,0.0,4.347818374476219,0.55,0.55,0.0,1.0,0.018000000000000002,0.006666666666666666,1.0,0.0,0.2916666666666667,0.075,False,
0.7252980536615488,0.0905269673379232,1.1629327376804794,1.0624635822480748,0.07429210549357984,0.020718383653193714,18.741953457767302,7.221364515538515,6.748143006089238,0.6815102524454202,1.5546796686564575,0.3083713881045633,0.07544800284718646,0.18323611088310748,0.825536115825305,0.16496803155487702,1.4983928606856876,0.4276837807214153,4.067280652128152,6.060704081941991,0.31986809813673983,1.4068829595801737,1.1271846096229048,0.33573287961362913,0.44709412380061303,0.07025410660760546,0.2305014053602374,2.1859452097950554,0.19896193731338316,0.17461728445693617,1,93.7,0.06300000000000001,104.5390354028045,118.68768546679637,10.896679752066092,1.186866802329592,0.07433193874092299,0.14571969822156333,0.10494178141456012,0.02588745009148452,0.47890381778673213,103.6,0.0,0.0,1.1000888920786978,95.7109006284854,0.3975056322325997,0.0035041042184259406,6.808444315500942,0.0,0.5,4.306107967877401,0.09956391767309086,0.0,3.062510717809827,0.55,0.55,0.0,1.0,0.011166666666666667,0.006666666666666666,1.0,0.0,0.30833333333333335,0.075,False,
0.7252980536615488,0.0905269673379232,1.1629327376804794,1.0624635822480748,0.07429210549357984,0.020718383653193714,18.741953457767302,7.221364515538515,6.748143006089238,0.6815102524454202,1.5546796686564575,0.3083713881045633,0.07544800284718646,0.18323611088310748,0.825536115825305,0.16496803155487702,1.4983928606856876,0.4276837807214153,4.067280652128152,6.060704081941991,0.31986809813673983,1.4068829595801737,1.1271846096229048,0.33573287961362913,0.44709412380061303,0.07025410660760546,0.2305014053602374,2.1859452097950554,0.19896193731338316,0.17461728445693617,2,80.5,0.195,86.4662216308004,99.09924038243595,9.361608538327859,1.1810059082057793,0.05246758670638567,0.13192608637745654,0.28431867794831867,0.01896843227470176,0.41447850065168684,106.05,0.0,0.0,3.4050370469102544,151.27525683398534,0.0,20.89161901270906,5.765487479360749,0.0,0.35,3.504293119852979,0.1540181388050877,0.0,5.295200224041474,0.45,0.45,0.0,1.0,0.017916666666666668,0.008333333333333333,1.0,0.0,0.24166666666666667,0.13333333333333333,False,
0.6031688710148673,0.07148008929646346,1.2434464728505263,1.6876431461355859,0.049505018983556026,0.01987387620722648,16.403196599333562,6.491842048732369,6.896335217294469,0.5273261188337269,2.4929305045376213,0.38919721188533807,0.10913891542361524,0.28782268597094757,0.6785387747328693,0.15163997076748273,2.4390301742157128,0.24740398964089294,8.582028924009592,7.307234700102364,0.370738497252207,1.6612453839903913,3.492123320903095,0.660534664565608,0.6682089489204532,0.20445870171743505,0.23984649305153471,1.9925646867179538,0.19404183852944518,0.0859721383325831,0,99.75,0.0025000000000000022,167.0687919109005,138.66834291180027,12.403378566684003,0.8400650819334601,0.13737296023765536,0.04815709006165505,-0.04392793105945009,0.016926391520594036,0.3563459940771064,88.1,0.0,0.0,0.021493034583145776,21.71213315522141,3.1691275819309164,0.006645279275240246,4.3431743705373735,0.0,0.05,0.8076494650442976,0.022601034208845627,0.0,0.0,0.05,0.05,0.0,1.0,0.005416666666666666,0.0,1.0,0.0,0.225,0.0,False,
0.6031688710148673,0.07148008929646346,1.2434464728505263,1.6876431461355859,0.049505018983556026,0.01987387620722648,16.403196599333562,6.491842048732369,6.896335217294469,0.5273261188337269,2.4929305045376213,0.38919721188533807,0.10913891542361524,0.28782268597094757,0.6785387747328693,0.15163997076748273,2.4390301742157128,0.24740398964089294,8.582028924009592,7.307234700102364,0.370738497252207,1.6612453839903913,3.492123320903095,0.660534664565608,0.6682089489204532,0.20445870171743505,0.23984649305153471,1.9925646867179538,0.19404183852944518,0.0859721383325831,1,89.85,0.10149999999999999,147.23422793756166,121.13488554269388,11.172366558561981,0.8331316628267842,0.1288720895569757,0.05038822982390155,0.1770299517829934,0.0322671026152257,0.29528093495211105,92.3,0.0,0.0,0.8726172040757186,79.36933176343285,1.9935074932964056,0.0,3.248312896400529,0.0,0.05,0.7660607953602157,0.02278379009592826,0.0,0.0,0.15,0.15,0.0,1.0,0.00575,0.0,1.0,0.0,0.2,0.0,False,
0.6031688710148673,0.07148008929646346,1.2434464728505263,1.6876431461355859,0.049505018983556026,0.01987387620722648,16.403196599333562,6.491842048732369,6.896335217294469,0.5273261188337269,2.4929305045376213,0.38919721188533807,0.10913891542361524,0.28782268597094757,0.6785387747328693,0.15163997076748273,2.4390301742157128,0.24740398964089294,8.582028924009592,7.307234700102364,0.370738497252207,1.6612453839903913,3.492123320903095,0.660534664565608,0.6682089489204532,0.20445870171743505,0.23984649305153471,1.9925646867179538,0.19404183852944518,0.0859721383325831,2,92.05,0.07949999999999997,149.69584563382196,124.1431773751041,11.445924782589094,0.8470521697752552,0.13400518058894437,0.07028057600385082,0.12972169167045539,0.03343566787555519,0.30851238618488686,97.6,0.0,0.0,0.6834784997440357,65.03954265025152,1.3178278769262186,0.0,1.6147148304282009,0.0,0.1,1.4970194905528718,0.024786244671804993,0.0,0.0,0.15,0.15,0.0,1.0,0.005916666666666666,0.0,1.0,0.0,0.23333333333333334,0.0,False,
0.5652327692978377,0.08468762871890037,1.260914678778344,1.5308705372182185,0.05082886421832878,0.02215801630776617,17.4183030757113,5.423904683198219,2.2221852713058627,0.5318387313315889,1.9118824633649736,0.27727048319238656,0.1886028849486699,0.14694630786127488,0.5467098698662177,0.1684353807329115,1.655510796557691,0.47849979301912116,10.082264703431346,7.030926527651851,0.48780865587660033,1.2588420200094737,2.0571659801390103,0.7144786032092122,0.24487935790952964,0.0860515795678154,0.3109906382585467,2.135467671451086,0.2239424413874725,0.04858852703944723,0,98.7,0.013000000000000012,150.22525634262442,136.7747738865398,12.445227879542259,0.9204274244599698,0.11433271766616324,0.05382969153196584,0.03396104511605271,0.0113150120489874,0.45589274039440086,68.65,0.0,0.0,0.06316508515128141,77.54962412643677,9.725693317046165,0.07931869067975522,8.614818590200484,0.0,0.1,1.3098223137689584,0.015019883238085606,0.0,0.0,0.15,0.15,0.0,1.0,0.00475,0.0,1.0,0.0,0.15833333333333333,0.0,False,
0.5652327692978377,0.08468762871890037,1.260914678778344,1.5308705372182185,0.05082886421832878,0.02215801630776617,17.4183030757113,5.423904683198219,2.2221852713058627,0.5318387313315889,1.9118824633649736,0.27727048319238656,0.1886028849486699,0.14694630786127488,0.5467098698662177,0.1684353807329115,1.655510796557691,0.47849979301912116,10.082264703431346,7.030926527651851,0.48780865587660033,1.2588420200094737,2.0571659801390103,0.7144786032092122,0.24487935790952964,0.0860515795678154,0.3109906382585467,2.135467671451086,0.2239424413874725,0.04858852703944723,1,91.05,0.0895,137.84232598126172,126.74561357964498,11.480628150276821,0.9312666881365022,0.1281082351679843,0.059974300486899355,0.1548423256548662,0.017664263318179534,0.41764261125233204,73.4,0.0,0.0,0.43486731700305264,82.91689564625918,8.283924141245873,1.2482043614937974,7.580317824742781,0.0,0.05,0.6943844017190495,0.015454025477929982,0.0,0.0,0.15,0.15,0.0,1.0,0.004833333333333334,0.0,1.0,0.0,0.15833333333333333,0.0,False,
0.5652327692978377,0.08468762871890037,1.260914678778344,1.5308705372182185,0.05082886421832878,0.02215801630776617,17.4183030757113,5.423904683198219,2.2221852713058627,0.5318387313315889,1.9118824633649736,0.27727048319238656,0.1886028849486699,0.14694630786127488,0.5467098698662177,0.1684353807329115,1.655510796557691,0.47849979301912116,10.082264703431346,7.030926527651851,0.48780865587660033,1.2588420200094737,2.0571659801390103,0.7144786032092122,0.24487935790952964,0.0860515795678154,0.3109906382585467,2.135467671451086,0.2239424413874725,0.04858852703944723,2,87.0,0.12999999999999998,132.74555203203084,120.6603136896701,10.969957705371595,0.924688224021387,0.10616632643023449,0.07349276359797403,0.21310817427528078,0.03194256148121464,0.400915714498454,77.6,0.0,0.0,0.631650851512814,73.54361756337991,5.958532694648056,0.0,5.460440012538808,0.0,0.1,1.3024867038683237,0.015231431296683386,0.0,0.0,0.15,0.15,0.0,1.0,0.004833333333333334,0.0008333333333333333,1.0,0.0,0.16666666666666666,0.0,False,
0.6223183213855339,0.08553352745161699,1.1335130448819992,1.3591938766844534,0.07497984011556681,0.016545533250994712,17.06010301457846,5.348489243321648,3.6158735625546754,0.4666579871667299,1.4151709128345504,0.28994734486649565,0.2805635807860539,0.32611404125164,0.6594450982280704,0.0628100925080754,1.1735693604581792,0.5211594151081771,7.204186172853099,8.414905330157007,0.7760441132075021,2.196641484338666,3.4280776054802815,0.4418234317098386,0.33130110943543845,0.17988493146478077,0.12769619549399386,1.2281599940862287,0.09992732738692488,0.10694621374785657,0,99.6,0.0040000000000000036,138.30366369428833,121.8789392536354,11.289789927024714,0.8920574310156771,0.06539016180870426,0.05928144352328239,-0.2370741924998999,0.04921943656665726,0.7257789515286187,91.95,0.0,0.0,0.04277848549914263,56.034050461998376,3.115184721529557,0.0,3.388468331917257,0.0,0.3,3.3717099820582357,0.03021907515588333,0.0,0.0,0.6,0.6,0.0,1.0,0.008,0.0,1.0,0.0,0.2916666666666667,0.0,False,
0.6223183213855339,0.08553352745161699,1.1335130448819992,1.3591938766844534,0.07497984011556681,0.016545533250994712,17.06010301457846,5.348489243321648,3.6158735625546754,0.4666579871667299,1.4151709128345504,0.28994734486649565,0.2805635807860539,0.32611404125164,0.6594450982280704,0.0628100925080754,1.1735693604581792,0.5211594151081771,7.204186172853099,8.414905330157007,0.7760441132075021,2.196641484338666,3.4280776054802815,0.4418234317098386,0.33130110943543845,0.17988493146478077,0.12769619549399386,1.2281599940862287,0.09992732738692488,0.10694621374785657,1,95.05,0.0495,131.4538992178456,114.37303211189587,10.774041491603404,0.8839185113454615,0.05614922881245914,0.0671875474289862,0.09393556701896599,0.021657067709017964,0.5661875121765352,94.55,0.0,0.0,0.5293837580518901,105.50826004412083,2.373175431772614,0.0,5.815159138686587,0.0,0.4,4.58869824925699,0.03523404182022342,0.0,0.0,0.85,0.85,0.0,1.0,0.008333333333333333,0.0,1.0,0.0,0.2916666666666667,0.0,False,
0.6223183213855339,0.08553352745161699,1.1335130448819992,1.3591938766844534,0.07497984011556681,0.016545533250994712,17.06010301457846,5.348489243321648,3.6158735625546754,0.4666579871667299,1.4151709128345504,0.28994734486649565,0.2805635807860539,0.32611404125164,0.6594450982280704,0.0628100925080754,1.1735693604581792,0.5211594151081771,7.204186172853099,8.414905330157007,0.7760441132075021,2.196641484338666,3.4280776054802815,0.4418234317098386,0.33130110943543845,0.17988493146478077,0.12769619549399386,1.2281599940862287,0.09992732738692488,0.10694621374785657,2,99.3,0.007000000000000006,132.78211083879475,121.91018424823089,11.255784535678254,0.9289667660949303,0.09618293102791398,0.06717027448356458,-0.025486810098008128,0.017065557418505864,0.6169115412321183,99.4,0.0,0.0,0.0748623496234996,83.89388119057054,1.798746404275771,0.023233299852168356,5.813522736335489,0.0,0.15,1.9996241198155977,0.027398126869731382,0.0,0.0,0.4,0.4,0.0,1.0,0.00775,0.0,1.0,0.0,0.25,0.0,False,
0.7062822058171084,0.08079017524981778,1.1005287941697572,1.2507135337607092,0.06945091587998999,0.01806382522281203,14.242470035032156,7.768812411702578,2.6490656173420026,0.2882848404667017,1.8037887612263104,0.24419735719361885,0.08596463318045497,0.17183382285941273,0.8280982760541336,0.11507113021204815,1.1841692003777817,0.496222737536656,8.736147224198886,9.586453201019594,0.5595080238249347,2.1586211454008786,1.6266497558631958,0.36424077483354206,0.47722075519147916,0.0983407488593534,0.08214085098429681,2.487037590616839,0.1287763395616697,0.1414866056826626,0,97.25,0.027500000000000017,122.42079622540943,116.88252990963338,10.70264252330089,0.9858192518270116,0.11224008631261026,0.09733449703047795,0.050585469608164714,0.01601042069733853,0.5817035499880168,103.3,0.0,0.0,0.38908816562732224,66.71773123123191,0.06465370689512223,0.10715203154208408,6.456479747811889,0.0,0.3,2.8309719793086394,0.10682270877166128,0.0,0.9016171718618196,0.35,0.35,0.0,1.0,0.008666666666666666,0.0,1.0,0.0,0.325,0.025,False,
0.7062822058171084,0.08079017524981778,1.1005287941697572,1.2507135337607092,0.06945091587998999,0.01806382522281203,14.242470035032156,7.768812411702578,2.6490656173420026,0.2882848404667017,1.8037887612263104,0.24419735719361885,0.08596463318045497,0.17183382285941273,0.8280982760541336,0.11507113021204815,1.1841692003777817,0.496222737536656,8.736147224198886,9.586453201019594,0.5595080238249347,2.1586211454008786,1.6266497558631958,0.36424077483354206,0.47722075519147916,0.0983407488593534,0.08214085098429681,2.487037590616839,0.1287763395616697,0.1414866056826626,1,92.4,0.07599999999999998,116.03202965198011,111.58883113236841,10.168886058128555,0.9851201312235431,0.11452388389346468,0.08673822900935065,0.09257249345213016,0.016287951605338954,0.5625101695876454,99.8,0.0,0.0,1.0752982031882357,79.28292787194015,0.3160603612556204,0.0,6.456114513304341,0.0,0.35,4.374028653131686,0.08817567435057386,0.0,1.3845080099179816,0.55,0.55,0.0,1.0,0.008666666666666666,0.0,1.0,0.0,0.2916666666666667,0.05,False,
0.7062822058171084,0.08079017524981778,1.1005287941697572,1.2507135337607092,0.06945091587998999,0.01806382522281203,14.242470035032156,7.768812411702578,2.6490656173420026,0.2882848404667017,1.8037887612263104,0.24419735719361885,0.08596463318045497,0.17183382285941273,0.8280982760541336,0.11507113021204815,1.1841692003777817,0.496222737536656,8.736147224198886,9.586453201019594,0.5595080238249347,2.1586211454008786,1.6266497558631958,0.36424077483354206,0.47722075519147916,0.0983407488593534,0.08214085098429681,2.487037590616839,0.1287763395616697,0.1414866056826626,2,95.4,0.046,117.606047727559,113.76923349153822,10.499044696379483,0.9922781298201349,0.105537022290724,0.0995616874754977,0.030433353296515565,0.014522533180205235,0.5885095462816368,104.85,0.0,0.0,0.650838386140248,83.60732665326881,0.0,0.0,6.321143092668945,0.0,0.35,4.341511674690213,0.11126497380009295,0.0,0.774863567131805,0.55,0.55,0.0,1.0,0.009166666666666667,0.0008333333333333333,1.0,0.0,0.36666666666666664,0.05,False,
0.7762539356942408,0.061046175495281955,1.406563056524548,1.0748645567105688,0.039946887186281185,0.013094044858497144,18.131823574729754,5.47418876977299,5.881423162985185,0.7166608060401802,2.3419461763528417,0.3825685214336677,0.24394008968922914,0.25178921717163794,0.5399795171142018,0.17053589394195853,2.385783391436515,0.35445925586514304,9.600032444353367,10.673394559834886,0.732801465583983,1.4398053655831313,3.5341285223469114,0.6243954791147748,0.5611070703013729,0.05890662440831115,0.11400090252244144,1.3155646558572687,0.3272262785240562,0.20187688285571723,0,93.55,0.0645,102.84628215184898,146.11993988397046,13.158397393787146,1.4592675998949638,0.10819738929012994,0.12119472345607105,-0.06958271439083562,0.0825583561515603,0.3928276140496557,99.2,0.0,0.0,1.3021058944193764,168.91786480377198,0.0,0.1230202962719396,9.670979643352585,0.0,0.05,1.102468047125963,0.0699104428238499,0.0,2.9156759473888885,0.25,0.25,0.0,1.0,0.008833333333333334,0.0025,1.0,0.0,0.10833333333333334,0.05,False,
0.7762539356942408,0.061046175495281955,1.406563056524548,1.0748645567105688,0.039946887186281185,0.013094044858497144,18.131823574729754,5.47418876977299,5.881423162985185,0.7166608060401802,2.3419461763528417,0.3825685214336677,0.24394008968922914,0.25178921717163794,0.5399795171142018,0.17053589394195853,2.385783391436515,0.35445925586514304,9.600032444353367,10.673394559834886,0.732801465583983,1.4398053655831313,3.5341285223469114,0.6243954791147748,0.5611070703013729,0.05890662440831115,0.11400090252244144,1.3155646558572687,0.3272262785240562,0.20187688285571723,1,99.7,0.0030000000000000027,111.27506646481541,157.8534113077584,14.023433673549741,1.4785178084236275,0.12154947556824669,0.15607868700368827,-0.09947463340349184,0.04735945113504325,0.3817628367947544,100.05,0.0,0.0,0.060563064856715164,119.42634746080144,0.0,0.0,9.341245552423242,0.0,0.05,0.8397028352047418,0.0425898105299525,0.0,2.8869644801929675,0.05,0.05,0.0,1.0,0.008333333333333333,0.0008333333333333333,1.0,0.0,0.06666666666666667,0.03333333333333333,False,
0.7762539356942408,0.061046175495281955,1.406563056524548,1.0748645567105688,0.039946887186281185,0.013094044858497144,18.131823574729754,5.47418876977299,5.881423162985185,0.7166608060401802,2.3419461763528417,0.3825685214336677,0.24394008968922914,0.25178921717163794,0.5399795171142018,0.17053589394195853,2.385783391436515,0.35445925586514304,9.600032444353367,10.673394559834886,0.732801465583983,1.4398053655831313,3.5341285223469114,0.6243954791147748,0.5611070703013729,0.05890662440831115,0.11400090252244144,1.3155646558572687,0.3272262785240562,0.20187688285571723,2,99.1,0.009000000000000008,106.33614758756801,149.49364564512263,13.93903989015827,1.4539253026752088,0.08450000738390334,0.15816701121502127,-0.04019463674615024,0.034524215526528144,0.35952495458736744,98.1,0.0,0.0,0.1816891945701455,154.72424683692236,0.0,0.0,6.933801554316851,0.0,0.25,3.723326196660035,0.054044974924898924,0.0,3.30549971210807,0.55,0.55,0.0,1.0,0.009833333333333333,0.003333333333333333,1.0,0.0,0.15,0.041666666666666664,False,
0.7400524337322092,0.105676715589231,1.1471705123130467,1.6060067854919766,0.06975984541542672,0.022875301669325613,11.409690808931323,3.5241253843656484,6.535810264373497,0.4035391021762068,1.3948279386212576,0.36116053665253817,0.2708531871136237,0.38674737768875417,0.7709959500479722,0.07466089434176791,1.6102071597429455,0.4464707689661616,8.394162831088583,3.5525839903928933,0.44755565242464945,2.5360965764993826,2.303749323889318,0.7218382332607501,0.3559420925166368,0.10509231220067489,0.09687071892991031,1.4189956736765719,0.2988233747880149,0.13026150664285444,0,94.8,0.052000000000000005,150.36531827763127,117.02261886164374,10.875176456727683,0.7860200969743208,0.09727340510356167,0.048781792797649125,0.04728430008578914,0.03940733184496352,0.45789233336962976,97.3,0.0,0.0,0.6773598345428431,54.58304042527762,0.3896206385234075,0.0,4.78912313277088,0.0,0.1,1.123537524243639,0.01857299475953057,0.0,0.0,0.3,0.3,0.0,1.0,0.009250000000000001,0.0,1.0,0.0,0.18333333333333332,0.0,False,
0.7400524337322092,0.105676715589231,1.1471705123130467,1.6060067854919766,0.06975984541542672,0.022875301669325613,11.409690808931323,3.5241253843656484,6.535810264373497,0.4035391021762068,1.3948279386212576,0.36116053665253817,0.2708531871136237,0.38674737768875417,0.7709959500479722,0.07466089434176791,1.6102071597429455,0.4464707689661616,8.394162831088583,3.5525839903928933,0.44755565242464945,2.5360965764993826,2.303749323889318,0.7218382332607501,0.3559420925166368,0.10509231220067489,0.09687071892991031,1.4189956736765719,0.2988233747880149,0.13026150664285444,1,97.75,0.02250000000000002,160.9349394147619,123.8447764747079,11.213591757860033,0.7813897283428093,0.09081947247310856,0.05913221938241059,-0.08844725460076774,0.047231664243830206,0.5201765636810521,99.7,0.0,0.0,0.2930883899464225,46.01168827246171,0.7855284959880179,0.14456220067573664,5.494878450316274,0.0,0.1,1.3152393354196397,0.01687419705120717,0.0,0.0,0.25,0.25,0.0,1.0,0.008333333333333333,0.0,1.0,0.0,0.15833333333333333,0.0,False,
0.7400524337322092,0.105676715589231,1.1471705123130467,1.6060067854919766,0.06975984541542672,0.022875301669325613,11.409690808931323,3.5241253843656484,6.535810264373497,0.4035391021762068,1.3948279386212576,0.36116053665253817,0.2708531871136237,0.38674737768875417,0.7709959500479722,0.07466089434176791,1.6102071597429455,0.4464707689661616,8.394162831088583,3.5525839903928933,0.44755565242464945,2.5360965764993826,2.303749323889318,0.7218382332607501,0.3559420925166368,0.10509231220067489,0.09687071892991031,1.4189956736765719,0.2988233747880149,0.13026150664285444,2,99.55,0.004500000000000004,159.74747096650063,124.3729226173255,11.420082450076382,0.7875391328266259,0.08786504299497545,0.055149268855379206,-0.07902074556719527,0.05672963101849156,0.5068568830011628,102.0,0.0,0.0,0.05861767798928449,52.13018708962195,0.036165163436983644,0.023009217410156546,4.920875082995887,0.0,0.1,1.1142434881403647,0.019483727384969153,0.0,0.0,0.35,0.35,0.0,1.0,0.009583333333333334,0.0,1.0,0.0,0.20833333333333334,0.0,False,
0.6612131983452937,0.09578311569787451,1.0706518560589124,1.023111333852835,0.08572310747819911,0.025649380583111836,8.984885333289045,5.433848923776955,4.701924160123877,0.5542680327227267,2.371411097238725,0.2637401507990195,0.3228573984220218,0.35152060985481953,0.7272314632920674,0.07881840241429929,1.4823518205053403,0.5934263779669102,4.299267514323934,4.180695048191998,0.7007095816581137,2.700449894315926,2.6133888396806175,0.7008752412068984,0.3395528911386112,0.24864382505424615,0.15608650233358318,1.931301835404181,0.1646884865686624,0.0646645738797409,0,91.55,0.08449999999999995,97.25631654034008,106.55275515443972,9.801817742219345,1.1588849663137228,0.09512601623266521,0.14640563181401337,0.1801989596763289,0.02272186611514287,0.4470696152438304,98.15,0.0,0.0,0.5464156492838106,71.25176351370956,1.6578084533763628,0.0,8.947588071893588,0.0,0.1,1.096451145149088,0.06650445170784433,0.0,0.3353454877842618,0.15,0.15,0.0,1.0,0.006833333333333334,0.0025,1.0,0.0,0.21666666666666667,0.025,False,
0.6612131983452937,0.09578311569787451,1.0706518560589124,1.023111333852835,0.08572310747819911,0.025649380583111836,8.984885333289045,5.433848923776955,4.701924160123877,0.5542680327227267,2.371411097238725,0.2637401507990195,0.3228573984220218,0.35152060985481953,0.7272314632920674,0.07881840241429929,1.4823518205053403,0.5934263779669102,4.299267514323934,4.180695048191998,0.7007095816581137,2.700449894315926,2.6133888396806175,0.7008752412068984,0.3395528911386112,0.24864382505424615,0.15608650233358318,1.931301835404181,0.1646884865686624,0.0646645738797409,1,91.6,0.08399999999999998,97.31472164587467,105.80938193336155,9.807171001499642,1.1440599966062206,0.08383142777961008,0.13063018966152729,0.21207042751989177,0.014225120496352944,0.43831928265109327,98.05,0.0,0.0,0.5431824205898236,25.923171825206573,1.521183670773837,0.0,2.994868399722435,0.0,0.0,0.0,0.07133346313167246,0.0,0.4716865081872694,0.0,0.0,0.0,1.0,0.0069166666666666664,0.0025,1.0,0.0,0.2,0.025,False,
0.6612131983452937,0.09578311569787451,1.0706518560589124,1.023111333852835,0.08572310747819911,0.025649380583111836,8.984885333289045,5.433848923776955,4.701924160123877,0.5542680327227267,2.371411097238725,0.2637401507990195,0.3228573984220218,0.35152060985481953,0.7272314632920674,0.07881840241429929,1.4823518205053403,0.5934263779669102,4.299267514323934,4.180695048191998,0.7007095816581137,2.700449894315926,2.6133888396806175,0.7008752412068984,0.3395528911386112,0.24864382505424615,0.15608650233358318,1.931301835404181,0.1646884865686624,0.0646645738797409,2,91.85,0.08150000000000002,95.90962505802084,106.87022322565733,9.833937297901112,1.1673043849493294,0.08500952191030187,0.14992944323439264,0.04011701337429143,0.027216009069152353,0.4958349705262055,99.05,0.0,0.0,0.5270162771198882,34.125091581401854,1.022455248892732,0.0,2.4473418388212242,0.0,0.1,1.0910789231124065,0.10551509704803565,0.0,0.4219695636875712,0.2,0.2,0.0,1.0,0.008083333333333333,0.003333333333333333,1.0,0.0,0.25,0.05,False,
0.8084398528477187,0.05496877971468308,1.2490417226923713,1.3417067856494471,0.07612632584725729,0.023787082736549794,16.284556894479728,4.733253678669922,3.8250763617512384,0.7031844311392759,1.272820752495887,0.1128561768431982,0.1290696464839179,0.39039804752060764,0.8056241785724397,0.10230486798834117,2.4851126643772603,0.5254164187573584,9.898292692296863,10.874158868268228,0.6761628118515557,1.6973446306862536,0.6280882465216133,0.29612710106200324,0.2413319491446344,0.1483323132400699,0.2500574748697434,1.2578718509948783,0.36401989449714045,0.14871258824158057,0,87.9,0.121,121.08433388239901,118.89846136927272,10.979076742465946,1.0022110597848688,0.07029848802303526,0.08791779170580927,0.17928606862420776,0.024639919182611252,0.29537144057531245,104.15,0.0,0.0,1.7994223177231252,92.13710370696012,0.0,0.0,4.618450145122372,0.0,0.25,3.248579836317405,0.06265126779129056,0.0,2.1044676766164603,0.6,0.6,0.0,1.0,0.011833333333333333,0.0016666666666666666,1.0,0.0,0.24166666666666667,0.03333333333333333,False,
0.8084398528477187,0.05496877971468308,1.2490417226923713,1.3417067856494471,0.07612632584725729,0.023787082736549794,16.284556894479728,4.733253678669922,3.8250763617512384,0.7031844311392759,1.272820752495887,0.1128561768431982,0.1290696464839179,0.39039804752060764,0.8056241785724397,0.10230486798834117,2.4851126643772603,0.5254164187573584,9.898292692296863,10.874158868268228,0.6761628118515557,1.6973446306862536,0.6280882465216133,0.29612710106200324,0.2413319491446344,0.1483323132400699,0.2500574748697434,1.2578718509948783,0.36401989449714045,0.14871258824158057,1,82.55,0.17449999999999996,113.54313547377009,107.5684516068671,10.310839420825529,0.9627037360616788,0.030039686473817613,0.07642251206467884,0.2444704528270202,0.04140020810208779,0.2811772667492795,104.35,0.0,0.0,2.5950346648155813,126.49679476012591,0.0,0.0,3.8700087878028193,0.0,0.4,6.404911708729271,0.05769780084252626,0.0,2.062026549052041,1.15,1.15,0.0,1.0,0.011333333333333332,0.0008333333333333333,1.0,0.0,0.2,0.025,False,
0.8084398528477187,0.05496877971468308,1.2490417226923713,1.3417067856494471,0.07612632584725729,0.023787082736549794,16.284556894479728,4.733253678669922,3.8250763617512384,0.7031844311392759,1.272820752495887,0.1128561768431982,0.1290696464839179,0.39039804752060764,0.8056241785724397,0.10230486798834117,2.4851126643772603,0.5254164187573584,9.898292692296863,10.874158868268228,0.6761628118515557,1.6973446306862536,0.6280882465216133,0.29612710106200324,0.2413319491446344,0.1483323132400699,0.2500574748697434,1.2578718509948783,0.36401989449714045,0.14871258824158057,2,97.45,0.025500000000000002,131.81513469861343,132.35480807267692,12.171911587637158,1.0162957370418781,0.07365945842717023,0.07620894001492522,-0.0029755561128110763,0.037537263376620875,0.34113404377187756,103.9,0.0,0.0,0.37921710001603043,80.21616341474964,0.0,0.0,4.450031826668457,0.0,0.2,3.0526768490605036,0.053358895813443434,0.0,1.9075627084627231,0.55,0.55,0.0,1.0,0.011333333333333332,0.0016666666666666666,1.0,0.0,0.19166666666666668,0.025,False,
0.5923093818009731,0.10394012230954941,1.180444936995233,1.3482271714161977,0.031764437409027665,0.009302047366848946,15.304466484721251,7.256897962450653,4.797172785431498,0.3605804487247377,1.2413198608725624,0.134246253116376,0.20247729447708296,0.3777455982541886,0.7778527131966448,0.1832474056685694,1.8735176257683923,0.5706611489564105,7.198559992516987,4.944663411922102,0.9155152187921707,2.619698405998353,3.302912395414659,0.46301972532351454,0.37185488277696743,0.24703743895956723,0.0952337424962624,1.9588673834644017,0.34175973188003955,0.13308342401689852,0,99.65,0.003500000000000003,135.26781055760404,127.65364586598787,11.763133797157497,0.9569519345234438,0.08796107024632817,0.0716397193844009,0.06754363843217152,0.014161397015289822,0.4013429432974548,79.2,0.0,0.0,0.04657919840591448,91.97708702613667,8.539871720786119,0.0,5.302387562525854,0.0,0.1,1.5544841490520274,0.01014295699374928,0.0,0.0,0.2,0.2,0.0,1.0,0.0034999999999999996,0.0,1.0,0.0,0.125,0.0,False,
0.5923093818009731,0.10394012230954941,1.180444936995233,1.3482271714161977,0.031764437409027665,0.009302047366848946,15.304466484721251,7.256897962450653,4.797172785431498,0.3605804487247377,1.2413198608725624,0.134246253116376,0.20247729447708296,0.3777455982541886,0.7778527131966448,0.1832474056685694,1.8735176257683923,0.5706611489564105,7.198559992516987,4.944663411922102,0.9155152187921707,2.619698405998353,3.302912395414659,0.46301972532351454,0.37185488277696743,0.24703743895956723,0.0952337424962624,1.9588673834644017,0.34175973188003955,0.13308342401689852,1,99.25,0.007500000000000007,132.60602749633296,127.57990600317137,11.715915999677685,0.970903840296562,0.10612929249363465,0.060625158853511794,0.04079527481964179,0.02088619323196311,0.41014010727471656,79.6,0.0,0.0,0.09981256801267388,63.24376472618046,7.561798226358644,0.03704054539764936,5.379687291241692,0.0,0.1,1.5616220726345578,0.010088754638252003,0.0,0.0,0.2,0.2,0.0,1.0,0.0034999999999999996,0.0,1.0,0.0,0.11666666666666667,0.0,False,
0.5923093818009731,0.10394012230954941,1.180444936995233,1.3482271714161977,0.031764437409027665,0.009302047366848946,15.304466484721251,7.256897962450653,4.797172785431498,0.3605804487247377,1.2413198608725624,0.134246253116376,0.20247729447708296,0.3777455982541886,0.7778527131966448,0.1832474056685694,1.8735176257683923,0.5706611489564105,7.198559992516987,4.944663411922102,0.9155152187921707,2.619698405998353,3.302912395414659,0.46301972532351454,0.37185488277696743,0.24703743895956723,0.0952337424962624,1.9588673834644017,0.34175973188003955,0.13308342401689852,2,99.45,0.005500000000000005,133.45297250602997,127.35234799135614,11.73952489841759,0.9699127192881054,0.08868664328420947,0.08644224568933115,0.04969387003646256,0.008693480797840379,0.4068977629287443,76.6,0.0,0.0,0.07319588320929418,89.38752008624452,6.336339072573653,0.0,5.643475621578443,0.0,0.05,0.7865840194356888,0.009242364052410633,0.0,0.0,0.1,0.1,0.0,1.0,0.003416666666666667,0.0,1.0,0.0,0.11666666666666667,0.0,False,
0.5368529580556167,0.10083820969101032,1.1538390903909812,1.414384225036827,0.028711689898918438,0.019435314467505013,14.3930613725427,5.298407861118905,4.629584911714698,0.7286413861031997,1.950192567853719,0.26617242269528085,0.2321056664824268,0.2568505575455919,0.502484089096193,0.11305214538612396,1.423513566439679,0.27485152048717393,7.083039125502538,6.024158269638475,0.5067803043600226,2.3548873877671035,2.9767518403050124,0.24453309742786056,0.2606303446452314,0.07116779251758981,0.1091999776178321,2.3248096783868872,0.12369035395311434,0.06824051452748331,0,98.95,0.01050000000000001,140.57060387782403,124.78174618359408,11.41723779941876,0.9000703416177567,0.09938443172172534,0.057006354769066826,-0.0027023441657702115,0.007201909528987563,0.521477240056155,57.25,0.0,0.0,0.0716525402538575,55.270394670941435,17.05799705151773,0.0,6.146951618981523,0.0,0.0,0.0,0.006047542410195214,0.0,0.0,0.0,0.0,0.0,1.0,0.003416666666666667,0.0,1.0,0.0,0.08333333333333333,0.0,False,
0.5368529580556167,0.10083820969101032,1.1538390903909812,1.414384225036827,0.028711689898918438,0.019435314467505013,14.3930613725427,5.298407861118905,4.629584911714698,0.7286413861031997,1.950192567853719,0.26617242269528085,0.2321056664824268,0.2568505575455919,0.502484089096193,0.11305214538612396,1.423513566439679,0.27485152048717393,7.083039125502538,6.024158269638475,0.5067803043600226,2.3548873877671035,2.9767518403050124,0.24453309742786056,0.2606303446452314,0.07116779251758981,0.1091999776178321,2.3248096783868872,0.12369035395311434,0.06824051452748331,1,100.0,0.0,144.71114146182876,127.54418390732447,11.538390903909818,0.8898436271284924,0.0887883693688358,0.04886581283133705,-0.06045175486793295,0.012583690820599925,0.5471331193475457,65.25,0.0,0.0,0.0,38.0001504455494,15.838531970569239,0.4893968199543842,8.818366628625807,0.0,0.1,1.6692186834600329,0.006719395432169284,0.0,0.0,0.2,0.2,0.0,1.0,0.00375,0.0,1.0,0.0,0.08333333333333333,0.0,False,
0.5368529580556167,0.10083820969101032,1.1538390903909812,1.414384225036827,0.028711689898918438,0.019435314467505013,14.3930613725427,5.298407861118905,4.629584911714698,0.7286413861031997,1.950192567853719,0.26617242269528085,0.2321056664824268,0.2568505575455919,0.502484089096193,0.11305214538612396,1.423513566439679,0.27485152048717393,7.083039125502538,6.024158269638475,0.5067803043600226,2.3548873877671035,2.9767518403050124,0.24453309742786056,0.2606303446452314,0.07116779251758981,0.1091999776178321,2.3248096783868872,0.12369035395311434,0.06824051452748331,2,99.05,0.009500000000000008,140.1633934657219,123.51723722262916,11.428776190322669,0.8886560513465506,0.07404990421455356,0.04881849387400507,0.1380523586830217,0.010093006836062781,0.47510455233207693,52.7,0.0,0.0,0.06482848880110915,75.60094056294876,15.235852754321584,0.0,3.2226933777702547,0.0,0.05,0.9294206557309419,0.006581900759869021,0.0,0.0,0.2,0.2,0.0,1.0,0.003916666666666666,0.0,1.0,0.0,0.09166666666666666,0.0,False,
0.7276310560292472,0.06545378970991611,1.3207954521970948,1.5447328533684268,0.09124520975988216,0.01798816389789406,10.287252982474909,4.7079387690455095,2.6874864437725217,0.513441618432363,1.6128055878860743,0.3639458099961325,0.2968554763529896,0.3391303754493342,0.6867930309424117,0.15800485288307736,2.143150080652987,0.4641418183067854,4.036050031094147,7.375205496886069,0.45841926667474553,1.272108978494037,1.7662984358444869,0.5220210206070146,0.5468524247146473,0.11087656877593238,0.1474824863272023,2.0566860430939466,0.1431039884475529,0.03759001926786687,0,93.2,0.06799999999999999,143.7338473069819,135.11754323808896,12.309813614476923,0.9548507513408382,0.11224513335773192,0.0712281073749668,0.09781372496087291,0.03382082293503179,0.35274950745820266,101.7,0.0,0.0,0.25561213102149477,60.61492932442879,0.0,0.0,7.636689457602328,0.0,0.1,1.1852162530194663,0.13407779367030984,0.0,1.678469649926577,0.15,0.15,0.0,1.0,0.009000000000000001,0.0016666666666666666,1.0,0.0,0.225,0.10833333333333334,False,
0.7276310560292472,0.06545378970991611,1.3207954521970948,1.5447328533684268,0.09124520975988216,0.01798816389789406,10.287252982474909,4.7079387690455095,2.6874864437725217,0.513441618432363,1.6128055878860743,0.3639458099961325,0.2968554763529896,0.3391303754493342,0.6867930309424117,0.15800485288307736,2.143150080652987,0.4641418183067854,4.036050031094147,7.375205496886069,0.45841926667474553,1.272108978494037,1.7662984358444869,0.5220210206070146,0.5468524247146473,0.11087656877593238,0.1474824863272023,2.0566860430939466,0.1431039884475529,0.03759001926786687,1,94.9,0.051000000000000004,145.34384379389996,135.4117646873429,12.534348841350432,0.9519062992498014,0.10907407707534404,0.08267443931512704,0.020020683084964602,0.05489634297645195,0.3768165495773764,105.4,0.0,0.0,0.19170909826612104,31.47313932194091,0.0,0.029119877736672184,3.485468610380592,0.0,0.1,1.1535159796516463,0.11301505163039786,0.0,1.801280160806802,0.25,0.25,0.0,1.0,0.009833333333333333,0.0016666666666666666,1.0,0.0,0.23333333333333334,0.08333333333333333,False,
0.7276310560292472,0.06545378970991611,1.3207954521970948,1.5447328533684268,0.09124520975988216,0.01798816389789406,10.287252982474909,4.7079387690455095,2.6874864437725217,0.513441618432363,1.6128055878860743,0.3639458099961325,0.2968554763529896,0.3391303754493342,0.6867930309424117,0.15800485288307736,2.143150080652987,0.4641418183067854,4.036050031094147,7.375205496886069,0.45841926667474553,1.272108978494037,1.7662984358444869,0.5220210206070146,0.5468524247146473,0.11087656877593238,0.1474824863272023,2.0566860430939466,0.1431039884475529,0.03759001926786687,2,92.7,0.073,139.21224288714217,132.37077692759357,12.243773841867068,0.9680511460490775,0.11512633270921244,0.08416139348329392,0.1066479157096204,0.046541082171821326,0.3487908884190912,103.7,0.0,0.0,0.27440714065542815,47.368337385318895,0.0,0.0,4.833781731658566,0.0,0.1,1.2023845390221695,0.13433157838978993,0.0,1.706851773994281,0.2,0.2,0.0,1.0,0.009833333333333333,0.0025,1.0,0.0,0.25833333333333336,0.1,False,
0.6114679543021347,0.1003591800989509,1.108534126815522,1.707356066152954,0.08761807701866837,0.012894756487443168,8.066929478783813,4.818444017658136,7.188460499628066,0.4119517114349937,1.3604138835804922,0.3432426971240996,0.27484405310813553,0.33172263695552207,0.6283915481454054,0.09791562195364412,2.2592137249349458,0.5386061584698077,5.926815317065102,4.858888426860718,0.5471202496568996,2.7215710298997347,3.458182197177885,0.43730527781485184,0.5115754173449186,0.25725507409078235,0.332149280261776,1.2865507975391866,0.37722520745116506,0.14785654070380994,0,99.7,0.0030000000000000027,171.76129464300018,121.51804082778438,11.052085244350755,0.7162579456368435,0.09959436226721871,0.04955176253649556,-0.10654376827114856,0.026830036437689497,0.40082146015577946,87.15,0.0,0.0,0.04435696221114298,34.43129022403556,5.911407652637671,0.08072557371309705,7.289581146969928,0.0,0.15,1.7313933124448908,0.014402908292086873,0.0,0.0,0.35,0.35,0.0,1.0,0.006166666666666667,0.0,1.0,0.0,0.175,0.0,False,
0.6114679543021347,0.1003591800989509,1.108534126815522,1.707356066152954,0.08761807701866837,0.012894756487443168,8.066929478783813,4.818444017658136,7.188460499628066,0.4119517114349937,1.3604138835804922,0.3432426971240996,0.27484405310813553,0.33172263695552207,0.6283915481454054,0.09791562195364412,2.2592137249349458,0.5386061584698077,5.926815317065102,4.858888426860718,0.5471202496568996,2.7215710298997347,3.458182197177885,0.43730527781485184,0.5115754173449186,0.25725507409078235,0.332149280261776,1.2865507975391866,0.37722520745116506,0.14785654070380994,1,99.1,0.009000000000000008,167.58523003900694,119.43749741629213,10.985573196741822,0.7223394548412372,0.1095852995566019,0.05374178937874495,-0.012392662252864589,0.01604388358550452,0.3691504831045717,82.9,0.0,0.0,0.13307088663342898,47.21841768600073,4.902572524135377,0.0,7.750595642461991,0.0,0.1,1.0106679424646479,0.015235157140185042,0.0,0.0,0.25,0.25,0.0,1.0,0.006500000000000001,0.0,1.0,0.0,0.18333333333333332,0.0,False,
0.6114679543021347,0.1003591800989509,1.108534126815522,1.707356066152954,0.08761807701866837,0.012894756487443168,8.066929478783813,4.818444017658136,7.188460499628066,0.4119517114349937,1.3604138835804922,0.3432426971240996,0.27484405310813553,0.33172263695552207,0.6283915481454054,0.09791562195364412,2.2592137249349458,0.5386061584698077,5.926815317065102,4.858888426860718,0.5471202496568996,2.7215710298997347,3.458182197177885,0.43730527781485184,0.5115754173449186,0.25725507409078235,0.332149280261776,1.2865507975391866,0.37722520745116506,0.14785654070380994,2,99.6,0.0040000000000000036,171.41061183133132,120.4973013513398,11.040999903082602,0.7115527007858253,0.08191303600933922,0.053024730113303185,0.02554210891989635,0.024123163776182732,0.3559165488850381,86.4,0.0,0.0,0.05914261628152397,46.48786449280289,3.801502448912987,0.0,7.670490829214101,0.0,0.2,2.246958625314542,0.013481200156944251,0.0,0.0,0.4,0.4,0.0,1.0,0.006166666666666667,0.0,1.0,0.0,0.19166666666666668,0.0,False,
0.6829959692661638,0.11512108036943533,1.0056155987225852,1.1984956755061278,0.06327726475280417,0.012037345532966932,7.85293644645536,7.662883443120798,2.9842012930060346,0.6574552558592823,1.2591191633343366,0.19554933621475623,0.32816133973198175,0.30268877179876236,0.8620829479789374,0.052223506018736994,1.0006760376868113,0.4654298606605905,4.608869701851535,3.697413755751178,0.5511788290952345,2.017028360997414,3.7503521013884145,0.48577560640803863,0.4340044981799048,0.19793449889446904,0.08473742469004274,1.8701570678779122,0.3884333954202085,0.17679058425793628,0,98.25,0.017500000000000016,117.44504233302027,108.31546102700392,9.880173257449398,0.9331726681511656,0.10778633138842568,0.0682768773710718,0.179655292157474,0.02738103726169997,0.6001340084125791,96.4,0.0,0.0,0.30938352245138856,53.17186933160379,2.212517266638314,0.044991247896299144,7.722093358301082,0.0,0.15,2.5038078445772443,0.026764973671645785,0.0,0.0,0.35,0.35,0.0,1.0,0.005916666666666666,0.0,1.0,0.0,0.23333333333333334,0.0,False,
0.6829959692661638,0.11512108036943533,1.0056155987225852,1.1984956755061278,0.06327726475280417,0.012037345532966932,7.85293644645536,7.662883443120798,2.9842012930060346,0.6574552558592823,1.2591191633343366,0.19554933621475623,0.32816133973198175,0.30268877179876236,0.8620829479789374,0.052223506018736994,1.0006760376868113,0.4654298606605905,4.608869701851535,3.697413755751178,0.5511788290952345,2.017028360997414,3.7503521013884145,0.48577560640803863,0.4340044981799048,0.19793449889446904,0.08473742469004274,1.8701570678779122,0.3884333954202085,0.17679058425793628,1,90.25,0.09749999999999999,109.3692579032341,101.19353860639528,9.075680778471334,0.9421425058150413,0.11772542027625281,0.08280622832001724,0.2876610560661281,0.02318087741879652,0.5625837705747873,96.95,0.0,0.0,1.7237081965148788,44.65821070685671,1.405286809153501,0.0,5.714242489899067,0.0,0.1,1.4561689632526438,0.03474489174631708,0.0,0.0,0.2,0.2,0.0,1.0,0.006,0.0,1.0,0.0,0.25,0.0,False,
0.6829959692661638,0.11512108036943533,1.0056155987225852,1.1984956755061278,0.06327726475280417,0.012037345532966932,7.85293644645536,7.662883443120798,2.9842012930060346,0.6574552558592823,1.2591191633343366,0.19554933621475623,0.32816133973198175,0.30268877179876236,0.8620829479789374,0.052223506018736994,1.0006760376868113,0.4654298606605905,4.608869701851535,3.697413755751178,0.5511788290952345,2.017028360997414,3.7503521013884145,0.48577560640803863,0.4340044981799048,0.19793449889446904,0.08473742469004274,1.8701570678779122,0.3884333954202085,0.17679058425793628,2,97.65,0.02350000000000002,114.74612461458018,107.30939246764046,9.819836321526044,0.9453803097863268,0.10670747914509807,0.0700600197327502,0.14761558336163172,0.026511387215576887,0.6104040003909399,98.1,0.0,0.0,0.41545787300615034,44.404264259391965,1.4271682288233642,0.0,6.606762554438715,0.0,0.1,1.7936529937611503,0.02247662530083965,0.0,0.0,0.25,0.25,0.0,1.0,0.00575,0.0,1.0,0.0,0.21666666666666667,0.0,False,
0.6753836665517923,0.07343144360544926,1.1292029511575812,1.033783737338869,0.03104536005573309,0.0043695650916971505,12.089331720421004,6.096616847596841,3.87957287176169,0.3169196507022691,2.046791630352738,0.127206579581962,0.1961511805626932,0.28467001641719536,0.6561130850792956,0.14361285183647765,2.162555092039535,0.4935504266534754,7.5151671998856155,7.143161232329764,0.9120561721695998,2.8148247442741234,3.11357148490457,0.5380628489633227,0.22691175934051203,0.13242464508872978,0.161271321547575,2.470760575442853,0.35902940359615604,0.18952019999320788,0,95.5,0.045,97.57457899999187,118.28150615879062,10.7838881835549,1.247866869657797,0.1333145640164363,0.11411421369498649,-0.01481469792881937,0.017164271781269953,0.384777190639626,97.45,0.0,0.0,0.8528408999694357,63.25261921546174,0.24478361402585733,0.0,5.756274212673508,0.0,0.0,0.0,0.050991758031523934,0.0,0.07798122066003586,0.05,0.05,0.0,1.0,0.006666666666666666,0.0008333333333333333,1.0,0.0,0.16666666666666666,0.016666666666666666,False,
0.6753836665517923,0.07343144360544926,1.1292029511575812,1.033783737338869,0.03104536005573309,0.0043695650916971505,12.089331720421004,6.096616847596841,3.87957287176169,0.3169196507022691,2.046791630352738,0.127206579581962,0.1961511805626932,0.28467001641719536,0.6561130850792956,0.14361285183647765,2.162555092039535,0.4935504266534754,7.5151671998856155,7.143161232329764,0.9120561721695998,2.8148247442741234,3.11357148490457,0.5380628489633227,0.22691175934051203,0.13242464508872978,0.161271321547575,2.470760575442853,0.35902940359615604,0.18952019999320788,1,96.1,0.039,100.53842946075223,121.41216450046704,10.851640360624355,1.2464490030337212,0.13315114974871253,0.12173071571816156,-0.04919963825938094,0.04047614247658454,0.3963413039804002,97.6,0.0,0.0,0.7391287799735107,34.69746776841815,0.5128373854567682,0.0,3.8749306902014466,0.0,0.1,1.2515408791802483,0.035036349218003554,0.0,0.06685775622733049,0.15,0.15,0.0,1.0,0.006416666666666667,0.0,1.0,0.0,0.15,0.008333333333333333,False,
0.6753836665517923,0.07343144360544926,1.1292029511575812,1.033783737338869,0.03104536005573309,0.0043695650916971505,12.089331720421004,6.096616847596841,3.87957287176169,0.3169196507022691,2.046791630352738,0.127206579581962,0.1961511805626932,0.28467001641719536,0.6561130850792956,0.14361285183647765,2.162555092039535,0.4935504266534754,7.5151671998856155,7.143161232329764,0.9120561721695998,2.8148247442741234,3.11357148490457,0.5380628489633227,0.22691175934051203,0.13242464508872978,0.161271321547575,2.470760575442853,0.35902940359615604,0.18952019999320788,2,98.85,0.01150000000000001,100.96209694181526,122.16544375634416,11.16217117219269,1.2701082801315313,0.13086275944737127,0.17471522495541697,0.026369974466973655,0.007141183837238668,0.3710628815092133,105.65,0.0,0.0,0.21794822999218902,17.085445433688427,0.00357948504207648,0.0,0.5585642081284554,0.0,0.0,0.0,0.04920797099656692,0.0,0.45622560311418664,0.0,0.0,0.0,1.0,0.006999999999999999,0.0025,1.0,0.0,0.125,0.025,False,
0.7543045467449231,0.05307978515174674,1.0504144996793074,1.5149965027147938,0.0448250177627051,0.01674481924155101,16.009042255644296,5.661582826263643,5.63616594646142,0.46084070324300896,1.6848400279158975,0.2572222272357275,0.09324719606094005,0.3954083047384665,0.6046209782895747,0.15700842235857548,1.3127294425973672,0.19268869538382774,8.232869914984363,10.595630482281326,0.5881924057512311,1.0027716182619673,1.5652362474774777,0.3679922006253758,0.5753430335348582,0.18607245653702892,0.08838626100358063,1.5290187958147134,0.40827569854634493,0.05311901553744374,0,99.85,0.0015000000000000013,148.35918996974846,113.35647908165083,10.488388779297884,0.7724114375919315,0.11075702440939131,0.0466824759935921,-0.04320343315473342,0.028873278885532695,0.579595260219582,101.1,0.0,0.0,0.007967852330616561,87.83774079523074,0.0,0.0,5.373068981541659,0.0,0.1,1.2007827261092605,0.05610615656901024,0.0,0.5844482186309321,0.25,0.25,0.0,1.0,0.008666666666666666,0.0,1.0,0.0,0.16666666666666666,0.025,False,
0.7543045467449231,0.05307978515174674,1.0504144996793074,1.5149965027147938,0.0448250177627051,0.01674481924155101,16.009042255644296,5.661582826263643,5.63616594646142,0.46084070324300896,1.6848400279158975,0.2572222272357275,0.09324719606094005,0.3954083047384665,0.6046209782895747,0.15700842235857548,1.3127294425973672,0.19268869538382774,8.232869914984363,10.595630482281326,0.5881924057512311,1.0027716182619673,1.5652362474774777,0.3679922006253758,0.5753430335348582,0.18607245653702892,0.08838626100358063,1.5290187958147134,0.40827569854634493,0.05311901553744374,1,97.4,0.026000000000000023,148.99816459308983,110.80033252429409,10.231037226876454,0.7554295491412192,0.08664202871414005,0.056619175326176,0.1349180337270745,0.04410861130330783,0.5094332868544427,102.5,0.0,0.0,0.1381094403973537,63.148457662830296,0.0,0.0,3.3166042747581614,0.0,0.15,1.7620213130044917,0.04667842131169375,0.0,0.7218843928753409,0.3,0.3,0.0,1.0,0.008916666666666666,0.0,1.0,0.0,0.15,0.016666666666666666,False,
0.7543045467449231,0.05307978515174674,1.0504144996793074,1.5149965027147938,0.0448250177627051,0.01674481924155101,16.009042255644296,5.661582826263643,5.63616594646142,0.46084070324300896,1.6848400279158975,0.2572222272357275,0.09324719606094005,0.3954083047384665,0.6046209782895747,0.15700842235857548,1.3127294425973672,0.19268869538382774,8.232869914984363,10.595630482281326,0.5881924057512311,1.0027716182619673,1.5652362474774777,0.3679922006253758,0.5753430335348582,0.18607245653702892,0.08838626100358063,1.5290187958147134,0.40827569854634493,0.05311901553744374,2,100.0,0.0,148.5981849354328,112.96548895505684,10.504144996793077,0.7677944350317165,0.09220751133018926,0.04865177342998012,-0.003400668424527696,0.02014496578455646,0.5552546413258138,103.05,0.0,0.0,0.0,88.10813560773099,0.0,0.0,4.060383257806878,0.0,0.25,2.508850740151828,0.05999586607828067,0.0,0.6342458144451266,0.5,0.5,0.0,1.0,0.009250000000000001,0.0,1.0,0.0,0.175,0.016666666666666666,False,
0.7843860705741761,0.08121529105025115,1.1586608606848943,1.2487359877615016,0.042542159298224615,0.014344792409501273,11.295759932514272,4.78317720434438,2.545164861854296,0.47550837179180777,1.5356949445617643,0.373214796617724,0.28517389454058034,0.4243273432699997,0.7788262251564644,0.1191905969762756,1.7306237039868502,0.23098964173386907,5.840229163220877,9.521387349407114,0.44059569797082454,1.3975938253474736,3.8314824408375046,0.3549583911650378,0.55589359671756,0.11139755552930372,0.15090263555722816,2.720948850849651,0.3134520885968883,0.06593460449315741,0,99.15,0.008500000000000008,123.4284081844517,125.74598996533598,11.48812243369073,1.0404902280029977,0.1149472846625548,0.08991978773952435,-0.13090434068780127,0.04010088819485289,0.5166943890735185,101.85,0.0,0.0,0.056044413819183805,57.264753285677635,0.0,0.0,4.378159704669182,0.0,0.1,1.1459917717644656,0.08341658087039347,0.0,0.9475287658784304,0.2,0.2,0.0,1.0,0.008166666666666666,0.0,1.0,0.0,0.175,0.05,False,
0.7843860705741761,0.08121529105025115,1.1586608606848943,1.2487359877615016,0.042542159298224615,0.014344792409501273,11.295759932514272,4.78317720434438,2.545164861854296,0.47550837179180777,1.5356949445617643,0.373214796617724,0.28517389454058034,0.4243273432699997,0.7788262251564644,0.1191905969762756,1.7306237039868502,0.23098964173386907,5.840229163220877,9.521387349407114,0.44059569797082454,1.3975938253474736,3.8314824408375046,0.3549583911650378,0.55589359671756,0.11139755552930372,0.15090263555722816,2.720948850849651,0.3134520885968883,0.06593460449315741,1,99.7,0.0030000000000000027,123.01610701904622,124.9344521550443,11.551848781028397,1.0353284646836793,0.11142636638015853,0.0833634097061436,-0.18741885070099823,0.030286245190199717,0.5408371951698978,101.1,0.0,0.0,0.019780381347947223,54.76418171377496,0.0,0.0,2.216505901638963,0.0,0.1,1.1023469287620837,0.0793497873057599,0.0,1.0537715941026,0.15,0.15,0.0,1.0,0.00825,0.0,1.0,0.0,0.18333333333333332,0.03333333333333333,False,
0.7843860705741761,0.08121529105025115,1.1586608606848943,1.2487359877615016,0.042542159298224615,0.014344792409501273,11.295759932514272,4.78317720434438,2.545164861854296,0.47550837179180777,1.5356949445617643,0.373214796617724,0.28517389454058034,0.4243273432699997,0.7788262251564644,0.1191905969762756,1.7306237039868502,0.23098964173386907,5.840229163220877,9.521387349407114,0.44059569797082454,1.3975938253474736,3.8314824408375046,0.3549583911650378,0.55589359671756,0.11139755552930372,0.15090263555722816,2.720948850849651,0.3134520885968883,0.06593460449315741,2,99.8,0.0020000000000000018,122.98443635041318,126.04318604600333,11.563435389635247,1.0556110447285232,0.11370139079902239,0.12317930248446503,-0.15407784316994474,0.016659620889388462,0.5331985914385199,103.9,0.0,0.0,0.013186920898631483,27.799583181204962,0.0,0.0,2.6307647016729705,0.0,0.0,0.0,0.07749272710332382,0.0,0.6299494708786113,0.0,0.0,0.0,1.0,0.008083333333333333,0.0008333333333333333,1.0,0.0,0.18333333333333332,0.025,False,
0.6938702276736026,0.06982672693436237,0.985138914326022,1.3929798397222544,0.035101002123976,0.0038227155566800037,10.552936827434541,5.7963736991956925,5.522642965272782,0.48113143172070694,1.879774645107251,0.47891941464032656,0.32651009727430563,0.20894608673162274,0.8359624676494614,0.05634867664475784,1.664313386853748,0.21470698116528814,4.256825076902278,6.345575179551036,0.7652683746438272,1.1801176603749146,2.337266236170692,0.2844312403663349,0.40580925641403987,0.1822547776333147,0.2000772370682759,1.6616154494042683,0.3189016454683972,0.11219425811468808,0,99.8,0.0020000000000000018,137.05689071132159,107.09660159733778,9.8316863649737,0.8014120101574086,0.12679465957831357,0.0750504785720876,-0.37383103306623666,0.017193398825864833,0.7269078673407018,104.25,0.0,0.0,0.022438851622937617,37.69281909139888,0.0,0.0,2.8404656600412523,0.0,0.0,0.0,0.012786503822060084,0.0,0.0,0.05,0.05,0.0,1.0,0.006750000000000001,0.0,1.0,0.0,0.14166666666666666,0.0,False,
0.6938702276736026,0.06982672693436237,0.985138914326022,1.3929798397222544,0.035101002123976,0.0038227155566800037,10.552936827434541,5.7963736991956925,5.522642965272782,0.48113143172070694,1.879774645107251,0.47891941464032656,0.32651009727430563,0.20894608673162274,0.8359624676494614,0.05634867664475784,1.664313386853748,0.21470698116528814,4.256825076902278,6.345575179551036,0.7652683746438272,1.1801176603749146,2.337266236170692,0.2844312403663349,0.40580925641403987,0.1822547776333147,0.2000772370682759,1.6616154494042683,0.3189016454683972,0.11219425811468808,1,99.7,0.0030000000000000027,139.23252861370952,107.24347814692821,9.821834975830441,0.7932895565973517,0.11647560803098327,0.07950603279329213,-0.39209291702877463,0.0328080756303141,0.7595090130412159,101.05,0.0,0.0,0.03365827743440643,40.43315190288871,0.15553711832247585,0.0,3.345758481168457,0.0,0.05,0.5508927824978682,0.01262187696900549,0.0,0.0,0.15,0.15,0.0,1.0,0.006666666666666666,0.0,1.0,0.0,0.15833333333333333,0.0,False,
0.6938702276736026,0.06982672693436237,0.985138914326022,1.3929798397222544,0.035101002123976,0.0038227155566800037,10.552936827434541,5.7963736991956925,5.522642965272782,0.48113143172070694,1.879774645107251,0.47891941464032656,0.32651009727430563,0.20894608673162274,0.8359624676494614,0.05634867664475784,1.664313386853748,0.21470698116528814,4.256825076902278,6.345575179551036,0.7652683746438272,1.1801176603749146,2.337266236170692,0.2844312403663349,0.40580925641403987,0.1822547776333147,0.2000772370682759,1.6616154494042683,0.3189016454683972,0.11219425811468808,2,99.9,0.0010000000000000009,136.57087531259756,107.57887073258443,9.841537754116958,0.8094298808675873,0.12387929562059377,0.08517923468774978,-0.39720164024534416,0.026196766136269655,0.7640083322383312,103.0,0.0,0.0,0.011219425811468809,43.313510598377064,0.0,0.0,5.404411984354684,0.0,0.05,0.5144809333867837,0.013139200070284933,0.0,0.0,0.1,0.1,0.0,1.0,0.006750000000000001,0.0,1.0,0.0,0.175,0.0,False,
0.6889260814568253,0.08823936011775113,1.3734110061372187,1.1623741556252911,0.08816525380029554,0.023072581668141544,12.295808228366631,3.9274096885624497,2.867107735799356,0.47000419624153733,1.7819659700450132,0.17139408514109084,0.2221523146025331,0.3657685167194355,0.7726368041462626,0.08217500219054069,1.5508149136135105,0.33049643541339013,11.288597022193063,9.158502302863113,0.43154574724853234,2.808268893466236,1.9476616443009396,0.42548795504629866,0.42829621074223,0.22548779022779936,0.21442176575422822,2.399667810999877,0.33910425705469566,0.07881723416369765,0,94.0,0.06000000000000001,113.76007942269803,141.14338348406002,12.910063457689855,1.2803903654860982,0.07562721751608373,0.12845604190989843,0.11657662673486344,0.041680375623666256,0.45553295974331587,97.85,0.0,0.0,0.4729034049821859,63.92893503782297,0.5860673583198507,0.0,6.132759847118326,0.0,0.25,3.253483989757244,0.05415763931773846,0.0,0.8280676687774073,0.65,0.65,0.0,1.0,0.010333333333333335,0.005,1.0,0.0,0.21666666666666667,0.03333333333333333,False,
0.6889260814568253,0.08823936011775113,1.3734110061372187,1.1623741556252911,0.08816525380029554,0.023072581668141544,12.295808228366631,3.9274096885624497,2.867107735799356,0.47000419624153733,1.7819659700450132,0.17139408514109084,0.2221523146025331,0.3657685167194355,0.7726368041462626,0.08217500219054069,1.5508149136135105,0.33049643541339013,11.288597022193063,9.158502302863113,0.43154574724853234,2.808268893466236,1.9476616443009396,0.42548795504629866,0.42829621074223,0.22548779022779936,0.21442176575422822,2.399667810999877,0.33910425705469566,0.07881723416369765,1,98.95,0.01050000000000001,117.66431195615567,148.26627711008402,13.58990190572778,1.303461654632012,0.09586694624015242,0.13614262390781368,-0.08473416567260005,0.040021079412686844,0.5327266763390994,100.45,0.0,0.0,0.08275809587188254,71.65708714148955,1.0608726924877654,0.029510099232670894,8.069983734655278,0.0,0.2,2.591639745528435,0.05605460988724257,0.0,0.9077378755682086,0.45,0.45,0.0,1.0,0.010583333333333333,0.005833333333333334,1.0,0.0,0.175,0.041666666666666664,False,
0.6889260814568253,0.08823936011775113,1.3734110061372187,1.1623741556252911,0.08816525380029554,0.023072581668141544,12.295808228366631,3.9274096885624497,2.867107735799356,0.47000419624153733,1.7819659700450132,0.17139408514109084,0.2221523146025331,0.3657685167194355,0.7726368041462626,0.08217500219054069,1.5508149136135105,0.33049643541339013,11.288597022193063,9.158502302863113,0.43154574724853234,2.808268893466236,1.9476616443009396,0.42548795504629866,0.42829621074223,0.22548779022779936,0.21442176575422822,2.399667810999877,0.33910425705469566,0.07881723416369765,2,96.9,0.031000000000000007,114.89845042437408,145.0244954970281,13.308352649469649,1.295930467309788,0.07337560108607637,0.12997311609719747,-0.042649382876848975,0.04368557246612576,0.5125982429750734,101.55,0.0,0.0,0.24433342590746268,50.18428581631336,0.24135089682574246,0.03790944549741754,5.35285127235471,0.0,0.15,2.0428610490899097,0.05204761370341785,0.0,0.9156023679977454,0.4,0.4,0.0,1.0,0.010583333333333333,0.005,1.0,0.0,0.25,0.025,False,
0.6080691900871918,0.09947828615954021,1.029159410746099,1.6973191413831779,0.03296467017194779,0.010764342319313542,15.835113053017738,6.899444138922455,4.28897924703362,0.34325264523573684,1.7206722437386324,0.10604168878584275,0.3163718889064259,0.24220533973505826,0.801426216278031,0.09063962355954666,1.5067995010728406,0.20726243622295926,5.701033858869045,3.3286420306841613,0.564163807486383,2.5986806635905713,0.643146811235016,0.4737511626632559,0.6425333703157889,0.06722264913928398,0.15207170128615127,2.1446356856325335,0.13797449300466683,0.052235673570029145,0,98.5,0.015000000000000003,163.6738244716139,109.9300138701395,10.137220195849073,0.6816861880361131,0.12039650082259042,0.05257015435795631,-0.06399709852689472,0.020356740856309164,0.5308954870086513,83.8,0.0,0.0,0.0783535103550437,62.83564606778581,5.08090425834156,0.0,3.743075319774074,0.0,0.05,0.6628244994229575,0.012070495524461825,0.0,0.0,0.1,0.1,0.0,1.0,0.005833333333333334,0.0,1.0,0.0,0.14166666666666666,0.0,False,
0.6080691900871918,0.09947828615954021,1.029159410746099,1.6973191413831779,0.03296467017194779,0.010764342319313542,15.835113053017738,6.899444138922455,4.28897924703362,0.34325264523573684,1.7206722437386324,0.10604168878584275,0.3163718889064259,0.24220533973505826,0.801426216278031,0.09063962355954666,1.5067995010728406,0.20726243622295926,5.701033858869045,3.3286420306841613,0.564163807486383,2.5986806635905713,0.643146811235016,0.4737511626632559,0.6425333703157889,0.06722264913928398,0.15207170128615127,2.1446356856325335,0.13797449300466683,0.052235673570029145,1,99.5,0.0050000000000000044,170.14060710911988,112.59748749134658,10.240136136923685,0.6798223683214762,0.11703801407429193,0.06762721004288254,-0.0975949737288935,0.011938856947250836,0.5621743121938036,86.7,0.0,0.0,0.02611783678501457,76.23243800300773,4.415891151712443,0.0025275204605522904,8.559035946955268,0.0,0.05,0.7601694631620158,0.012776381272358769,0.0,0.0,0.1,0.1,0.0,1.0,0.006500000000000001,0.0,1.0,0.0,0.15833333333333333,0.0,False,
0.6080691900871918,0.09947828615954021,1.029159410746099,1.6973191413831779,0.03296467017194779,0.010764342319313542,15.835113053017738,6.899444138922455,4.28897924703362,0.34325264523573684,1.7206722437386324,0.10604168878584275,0.3163718889064259,0.24220533973505826,0.801426216278031,0.09063962355954666,1.5067995010728406,0.20726243622295926,5.701033858869045,3.3286420306841613,0.564163807486383,2.5986806635905713,0.643146811235016,0.4737511626632559,0.6425333703157889,0.06722264913928398,0.15207170128615127,2.1446356856325335,0.13797449300466683,0.052235673570029145,2,99.3,0.007000000000000006,167.4491952838291,112.05001571911141,10.219552948708763,0.6799885843470587,0.10663524849855813,0.05648689995410028,-0.007729440748388805,0.02741499653962374,0.5063072287733161,88.95,0.0,0.0,0.036564971499020396,53.18589351282897,3.6153168146491232,0.003336956584081163,3.367710067928493,0.0,0.15,1.948276921665635,0.013542038121970598,0.0,0.0,0.25,0.25,0.0,1.0,0.006416666666666667,0.0,1.0,0.0,0.15833333333333333,0.0,False,
0.7425108356691916,0.08895416604842396,1.2294676126102164,1.661339181061207,0.049231843099619935,0.02539742877022646,14.145579530102864,6.19188637176448,5.69652458495298,0.33079453807491366,1.5040714301923677,0.4733988203133298,0.20007979984348367,0.233516837483833,0.4850969176959446,0.1719561393079849,1.9736170769451704,0.5962852882864615,8.517177281355183,11.047781206664222,0.7532802948844699,2.229036897218395,1.930664345523629,0.595645036124557,0.2921409356487388,0.11561050098025283,0.3064531949476064,1.8223048936612518,0.29064671469422715,0.09074712663789328,0,98.9,0.01100000000000001,161.36110033576296,130.47235232069477,12.159434688715042,0.8193190697779681,0.10325910235847355,0.05675338819541764,0.0852276411371928,0.009459093183347856,0.380848536517976,100.4,0.0,0.0,0.09982183930168262,87.62601279542108,0.0,0.0,5.429088954366246,0.0,0.0,0.0,0.07912859740132804,0.0,0.22177253825940796,0.05,0.05,0.0,1.0,0.007583333333333333,0.0,1.0,0.0,0.23333333333333334,0.025,False,
0.7425108356691916,0.08895416604842396,1.2294676126102164,1.661339181061207,0.049231843099619935,0.02539742877022646,14.145579530102864,6.19188637176448,5.69652458495298,0.33079453807491366,1.5040714301923677,0.4733988203133298,0.20007979984348367,0.233516837483833,0.4850969176959446,0.1719561393079849,1.9736170769451704,0.5962852882864615,8.517177281355183,11.047781206664222,0.7532802948844699,2.229036897218395,1.930664345523629,0.595645036124557,0.2921409356487388,0.11561050098025283,0.3064531949476064,1.8223048936612518,0.29064671469422715,0.09074712663789328,1,92.4,0.07599999999999998,156.74217801160808,125.06968683873626,11.3602807405184,0.8083521052580428,0.08964738625928481,0.056663158902512334,0.014118937070436155,0.013069260833508522,0.40385743364124255,101.15,0.0,0.0,0.6896781624479889,10.636559412697851,0.21105310565601018,0.0,0.4891445093433539,0.0,0.0,0.0,0.07489078878184588,0.0,0.13946364864213656,0.0,0.0,0.0,1.0,0.007583333333333333,0.0,1.0,0.0,0.225,0.016666666666666666,False,
0.7425108356691916,0.08895416604842396,1.2294676126102164,1.661339181061207,0.049231843099619935,0.02539742877022646,14.145579530102864,6.19188637176448,5.69652458495298,0.33079453807491366,1.5040714301923677,0.4733988203133298,0.20007979984348367,0.233516837483833,0.4850969176959446,0.1719561393079849,1.9736170769451704,0.5962852882864615,8.517177281355183,11.047781206664222,0.7532802948844699,2.229036897218395,1.930664345523629,0.595645036124557,0.2921409356487388,0.11561050098025283,0.3064531949476064,1.8223048936612518,0.29064671469422715,0.09074712663789328,2,82.15,0.17849999999999996,136.59674449258432,109.43729713703401,10.100076437592929,0.8097375853546567,0.08061318010535765,0.05131491975436827,0.27362117579836687,0.02545526962613461,0.33511879080291057,101.45,0.0,0.0,1.6198362104863953,97.56828943949147,0.0,0.0,5.243298544419723,0.0,0.05,0.7444672522816721,0.07580284840621623,0.0,0.4439172994792846,0.15,0.15,0.0,1.0,0.008083333333333333,0.0,1.0,0.0,0.24166666666666667,0.03333333333333333,False,
0.7955789807221934,0.061863894632659094,0.9992890222485106,1.2584698838808484,0.10111209958224555,0.019140002543690474,13.176844304095408,5.580846914396679,5.035191766828455,0.6584226015178531,2.3963993202791176,0.1254917237058949,0.22910545812084626,0.362268484957578,0.4865200412251043,0.05031180248174241,2.4620633644829066,0.5910999261896983,4.644992221999544,7.909044009488808,0.4158139630137335,2.1166089959118244,2.8561113143344925,0.3333125124910026,0.4111062691406048,0.26856518951155145,0.12373277904625588,1.6980929922004238,0.41739707076943267,0.12465167789335446,0,89.1,0.10899999999999999,115.878025978029,95.04766875398268,8.90366518823423,0.8404390673476939,0.05263858518513215,0.06799650702889137,0.11720903625705932,0.029429146465824084,0.3105145143264958,107.65,0.0,0.0,1.3587032890375637,75.01081929701407,0.0,0.0,4.631233463206199,0.0,0.5,4.396994222541409,0.07402361057362998,0.0,1.6536771664477758,0.85,0.85,0.0,1.0,0.011833333333333333,0.0,1.0,0.0,0.275,0.041666666666666664,False,
0.7955789807221934,0.061863894632659094,0.9992890222485106,1.2584698838808484,0.10111209958224555,0.019140002543690474,13.176844304095408,5.580846914396679,5.035191766828455,0.6584226015178531,2.3963993202791176,0.1254917237058949,0.22910545812084626,0.362268484957578,0.4865200412251043,0.05031180248174241,2.4620633644829066,0.5910999261896983,4.644992221999544,7.909044009488808,0.4158139630137335,2.1166089959118244,2.8561113143344925,0.3333125124910026,0.4111062691406048,0.26856518951155145,0.12373277904625588,1.6980929922004238,0.41739707076943267,0.12465167789335446,1,98.05,0.019500000000000017,124.83666971315071,104.42207827981807,9.798028863146646,0.8628672523130015,0.0812619554303911,0.07649798998981454,-0.0027856385203572516,0.01851488987325236,0.33963235520364915,107.05,0.0,0.0,0.2430707718920412,66.67086994277403,0.0,0.0,4.529705389929881,0.0,0.3,3.667669675634535,0.07087289383496669,0.0,1.7285374633231305,0.7,0.7,0.0,1.0,0.010666666666666666,0.0,1.0,0.0,0.20833333333333334,0.03333333333333333,False,
0.7955789807221934,0.061863894632659094,0.9992890222485106,1.2584698838808484,0.10111209958224555,0.019140002543690474,13.176844304095408,5.580846914396679,5.035191766828455,0.6584226015178531,2.3963993202791176,0.1254917237058949,0.22910545812084626,0.362268484957578,0.4865200412251043,0.05031180248174241,2.4620633644829066,0.5910999261896983,4.644992221999544,7.909044009488808,0.4158139630137335,2.1166089959118244,2.8561113143344925,0.3333125124910026,0.4111062691406048,0.26856518951155145,0.12373277904625588,1.6980929922004238,0.41739707076943267,0.12465167789335446,2,94.25,0.057499999999999975,120.52783673643125,100.9225972096565,9.418299034692213,0.857187798322367,0.05927924974092249,0.07456996128450245,0.09283943821261066,0.02459948039583585,0.31567791553508284,108.3,0.0,0.0,0.7167471478867882,68.48294745061246,0.0,0.00015685968262924566,3.107290513824954,0.0,0.45,4.700093778276781,0.07348251118091657,0.0,1.5060166320199335,0.9,0.9,0.0,1.0,0.011666666666666667,0.0008333333333333333,1.0,0.0,0.24166666666666667,0.041666666666666664,False,
0.7731731616167561,0.057176688335030874,1.104797295031357,1.2957332624589277,0.05618744636326049,0.008787408604568014,15.788931751149454,6.335130908954387,6.6616907737872655,0.675671506438924,2.29303211804344,0.2800150493809624,0.24333323048713296,0.15506907881255258,0.600962250846948,0.17273707046972414,0.9857476011575641,0.5271800754673452,5.763392989782325,3.238396712551989,0.3632739926389219,2.0392607314480156,0.9362312388238934,0.45199212726047616,0.5260831071361416,0.11757221701140469,0.14654700969674928,1.7035101161205768,0.20378786620935097,0.1664202950438061,0,97.0,0.03000000000000001,125.56936257338675,116.02581430191928,10.716533761804163,0.9579434317636538,0.11662260027193891,0.0920567238506789,-0.05370819045873404,0.057464718879594145,0.7497514739464589,102.45,0.0,0.0,0.4992608851314183,91.6695076828391,0.0,0.005181942298210085,5.998215840113452,0.0,0.15,1.8989636377579124,0.07276607660365594,0.0,1.4158379262759604,0.3,0.3,0.0,1.0,0.009250000000000001,0.0,1.0,0.0,0.18333333333333332,0.041666666666666664,False,
0.7731731616167561,0.057176688335030874,1.104797295031357,1.2957332624589277,0.05618744636326049,0.008787408604568014,15.788931751149454,6.335130908954387,6.6616907737872655,0.675671506438924,2.29303211804344,0.2800150493809624,0.24333323048713296,0.15506907881255258,0.600962250846948,0.17273707046972414,0.9857476011575641,0.5271800754673452,5.763392989782325,3.238396712551989,0.3632739926389219,2.0392607314480156,0.9362312388238934,0.45199212726047616,0.5260831071361416,0.11757221701140469,0.14654700969674928,1.7035101161205768,0.20378786620935097,0.1664202950438061,1,98.0,0.02000000000000001,130.83462430720476,118.39633424826624,10.827013491307298,0.9347381556475373,0.09080414950293306,0.08565823515953555,-0.12562045260056762,0.054013112961867824,0.747123570983614,103.05,0.0,0.0,0.33284059008761224,73.11354314296807,0.0,0.056207344703190595,5.2459817492716985,0.0,0.15,2.2124413258845954,0.08503405678158087,0.0,1.2836141568965211,0.35,0.35,0.0,1.0,0.0095,0.0,1.0,0.0,0.2,0.025,False,
0.7731731616167561,0.057176688335030874,1.104797295031357,1.2957332624589277,0.05618744636326049,0.008787408604568014,15.788931751149454,6.335130908954387,6.6616907737872655,0.675671506438924,2.29303211804344,0.2800150493809624,0.24333323048713296,0.15506907881255258,0.600962250846948,0.17273707046972414,0.9857476011575641,0.5271800754673452,5.763392989782325,3.238396712551989,0.3632739926389219,2.0392607314480156,0.9362312388238934,0.45199212726047616,0.5260831071361416,0.11757221701140469,0.14654700969674928,1.7035101161205768,0.20378786620935097,0.1664202950438061,2,98.0,0.020000000000000007,128.60739645932097,119.5114224529924,10.827013491307298,0.947852644628753,0.09227311312729096,0.07597849435071838,-0.15562343969465364,0.054217859629967655,0.7806928520238534,104.35,0.0,0.0,0.33284059008761213,64.93565191177017,0.0,0.31408224293518183,4.342588504776339,0.0,0.2,2.6640102360004265,0.08381752292868822,0.0,1.2719468832258378,0.4,0.4,0.0,1.0,0.00975,0.0,1.0,0.0,0.225,0.03333333333333333,False,
0.5882247741470936,0.12175173345012234,1.112112819715353,1.4403342892194262,0.05542354273668118,0.009015632593980902,8.418869477435143,5.978844487715162,2.78373930815315,0.6884966854856859,2.0154162441061456,0.17766410970827923,0.27615347011160646,0.22131909985107462,0.7030469828918061,0.17634036270067738,2.445316171587729,0.3426877756356961,8.908340205134985,9.934874835944346,0.5801154615203277,1.6169212351632858,3.715260333782186,0.6317271294194747,0.6116498201539136,0.233896552705214,0.07874063884730426,1.4746018424498009,0.33172342472780747,0.07288071639628575,0,91.85,0.08149999999999999,129.7854464879819,111.54717590673374,10.214756249085516,0.8792364454495118,0.13298843744824096,0.07695189440538149,0.11245874991969027,0.01626366624454854,0.3105476525670906,71.75,0.0,0.0,0.5939778386297287,60.30533094681459,10.202849200905002,0.0,6.665143981580006,0.0,0.1,1.2552624056444501,0.013885244778795797,0.0,0.0,0.2,0.2,0.0,1.0,0.004583333333333333,0.0,1.0,0.0,0.16666666666666666,0.0,False,
0.5882247741470936,0.12175173345012234,1.112112819715353,1.4403342892194262,0.05542354273668118,0.009015632593980902,8.418869477435143,5.978844487715162,2.78373930815315,0.6884966854856859,2.0154162441061456,0.17766410970827923,0.27615347011160646,0.22131909985107462,0.7030469828918061,0.17634036270067738,2.445316171587729,0.3426877756356961,8.908340205134985,9.934874835944346,0.5801154615203277,1.6169212351632858,3.715260333782186,0.6317271294194747,0.6116498201539136,0.233896552705214,0.07874063884730426,1.4746018424498009,0.33172342472780747,0.07288071639628575,1,96.55,0.03450000000000001,136.56826149288406,118.03862973319283,10.737449274351736,0.8748658294877558,0.1305057065803894,0.053828834672881944,0.07263857736729545,0.020933990309836503,0.3205270364213193,77.25,0.0,0.0,0.25143847156718585,22.64998250151374,9.967617992879125,0.0,4.045640952526262,0.0,0.05,0.6446048827443379,0.014997644050979614,0.0,0.0,0.1,0.1,0.0,1.0,0.004583333333333333,0.0,1.0,0.0,0.15,0.0,False,
0.5882247741470936,0.12175173345012234,1.112112819715353,1.4403342892194262,0.05542354273668118,0.009015632593980902,8.418869477435143,5.978844487715162,2.78373930815315,0.6884966854856859,2.0154162441061456,0.17766410970827923,0.27615347011160646,0.22131909985107462,0.7030469828918061,0.17634036270067738,2.445316171587729,0.3426877756356961,8.908340205134985,9.934874835944346,0.5801154615203277,1.6169212351632858,3.715260333782186,0.6317271294194747,0.6116498201539136,0.233896552705214,0.07874063884730426,1.4746018424498009,0.33172342472780747,0.07288071639628575,2,97.05,0.0295,135.6507990685348,118.11160475662231,10.793054915337498,0.8938841622251749,0.13792693812899176,0.09063964285304749,-0.007831558976244622,0.02003559948857396,0.34338261323688724,73.45,0.0,0.0,0.21499811336904298,48.30806208884557,8.521024020173453,0.017255894989431753,7.270858265927144,0.0,0.05,0.6465277245261575,0.013625532352890398,0.0,0.0,0.1,0.1,0.0,1.0,0.00475,0.0,1.0,0.0,0.16666666666666666,0.0,False,
0.5502926365511275,0.07917242533676548,0.973340324019317,1.3673190708560097,0.055988769423085005,0.01119472127164612,11.702159294184863,6.458089176712297,5.5044487411183445,0.4874602143713632,2.0735724303890626,0.45617880704674685,0.18486988833439538,0.1572322169265995,0.8299739670571696,0.07368581996837573,1.9584981141770934,0.5608758673621852,6.509279040078285,3.2161846670538394,0.7385495690256794,1.7424697844903587,2.0897138828304187,0.4323920126684336,0.582954101783675,0.07841138865263451,0.2811058230561394,2.7372967478044856,0.21861755120864584,0.05032562167740924,0,100.0,0.0,137.96777644239802,104.80040556694537,9.733403240193166,0.7661371090351852,0.07362827221179935,0.03892146098131001,-0.10195319941515757,0.007463459157064242,0.44926903232523685,67.1,0.0,0.0,0.0,75.51528893637787,8.83860373029623,0.0,6.951119454478831,0.0,0.3,3.670963080479365,0.016224667102384946,0.0,0.0,0.65,0.65,0.0,1.0,0.006500000000000001,0.0,1.0,0.0,0.18333333333333332,0.0,False,
0.5502926365511275,0.07917242533676548,0.973340324019317,1.3673190708560097,0.055988769423085005,0.01119472127164612,11.702159294184863,6.458089176712297,5.5044487411183445,0.4874602143713632,2.0735724303890626,0.45617880704674685,0.18486988833439538,0.1572322169265995,0.8299739670571696,0.07368581996837573,1.9584981141770934,0.5608758673621852,6.509279040078285,3.2161846670538394,0.7385495690256794,1.7424697844903587,2.0897138828304187,0.4323920126684336,0.582954101783675,0.07841138865263451,0.2811058230561394,2.7372967478044856,0.21861755120864584,0.05032562167740924,1,99.9,0.0010000000000000009,137.92989817695718,106.44640286436308,9.723669836952979,0.7855127365321954,0.10036044613350015,0.059248742740085056,-0.3968546986914267,0.014750586714885109,0.6772637648057055,70.05,0.0,0.0,0.005032562167740924,21.30879309343702,8.374214548655875,0.2491031245044865,3.1892338618522365,0.0,0.1,1.2493257020775836,0.01600110389942002,0.0,0.0,0.2,0.2,0.0,1.0,0.00625,0.0,1.0,0.0,0.15833333333333333,0.0,False,
0.5502926365511275,0.07917242533676548,0.973340324019317,1.3673190708560097,0.055988769423085005,0.01119472127164612,11.702159294184863,6.458089176712297,5.5044487411183445,0.4874602143713632,2.0735724303890626,0.45617880704674685,0.18486988833439538,0.1572322169265995,0.8299739670571696,0.07368581996837573,1.9584981141770934,0.5608758673621852,6.509279040078285,3.2161846670538394,0.7385495690256794,1.7424697844903587,2.0897138828304187,0.4323920126684336,0.582954101783675,0.07841138865263451,0.2811058230561394,2.7372967478044856,0.21861755120864584,0.05032562167740924,2,100.0,0.0,135.69363369740992,106.74709580404613,9.733403240193173,0.7994945083598831,0.10520045547206087,0.06276447931676972,-0.5560004022628803,0.010477651219665134,0.7724464787067381,69.1,0.0,0.0,0.0,41.663240006061656,7.716238632583914,0.0,6.5335044079338,0.0,0.05,0.5962175403640959,0.012362017594718238,0.0,0.0,0.1,0.1,0.0,1.0,0.00575,0.0,1.0,0.0,0.14166666666666666,0.0,False,
0.6643884403537054,0.06018609623859341,1.2728306740152475,1.1337613595734548,0.05268387545982818,0.00995155080846533,12.892256428323087,7.612804906679845,7.2473962537822825,0.6111120285211475,1.1391832891819913,0.14303900144267195,0.23980174369259588,0.2950852119282233,0.5914066999768901,0.13070756958715923,1.2447144579251246,0.5416554914553189,8.70684084964536,7.9643206357235865,0.893308636193846,2.651606333048733,3.3785458802317168,0.4684231573296268,0.3360713037921885,0.30261262230799957,0.17865027209064888,1.596222056102866,0.10277029796447903,0.2038949061494277,0,98.7,0.013000000000000012,112.58814307541802,136.34005926039237,12.562838752530498,1.247516428487187,0.10092945370906721,0.14571750037730208,0.0007149151447106497,0.017286191079690767,0.5773197130267402,101.8,0.0,0.0,0.265063377994256,102.30350684868588,0.007014785076799432,0.0,8.45518173841829,0.0,0.05,0.9505233394695718,0.07349641298613901,0.0,0.59642004239396,0.15,0.15,0.0,1.0,0.007333333333333333,0.0008333333333333333,1.0,0.0,0.18333333333333332,0.03333333333333333,False,
0.6643884403537054,0.06018609623859341,1.2728306740152475,1.1337613595734548,0.05268387545982818,0.00995155080846533,12.892256428323087,7.612804906679845,7.2473962537822825,0.6111120285211475,1.1391832891819913,0.14303900144267195,0.23980174369259588,0.2950852119282233,0.5914066999768901,0.13070756958715923,1.2447144579251246,0.5416554914553189,8.70684084964536,7.9643206357235865,0.893308636193846,2.651606333048733,3.3785458802317168,0.4684231573296268,0.3360713037921885,0.30261262230799957,0.17865027209064888,1.596222056102866,0.10277029796447903,0.2038949061494277,1,90.1,0.09899999999999998,105.17436935899829,126.33674082081363,11.468204372877384,1.2325429135061705,0.09042593165425394,0.1258054142512534,0.10824071913667763,0.00800319691326334,0.5352457149723054,100.2,0.0,0.0,2.0185595708793342,103.6573115493718,0.21335192172639372,0.0,9.114788124969845,0.0,0.1,0.9372243659568198,0.06121731361333889,0.0,0.7227230059703693,0.1,0.1,0.0,1.0,0.007333333333333333,0.0,1.0,0.0,0.20833333333333334,0.025,False,
0.6643884403537054,0.06018609623859341,1.2728306740152475,1.1337613595734548,0.05268387545982818,0.00995155080846533,12.892256428323087,7.612804906679845,7.2473962537822825,0.6111120285211475,1.1391832891819913,0.14303900144267195,0.23980174369259588,0.2950852119282233,0.5914066999768901,0.13070756958715923,1.2447144579251246,0.5416554914553189,8.70684084964536,7.9643206357235865,0.893308636193846,2.651606333048733,3.3785458802317168,0.4684231573296268,0.3360713037921885,0.30261262230799957,0.17865027209064888,1.596222056102866,0.10277029796447903,0.2038949061494277,2,91.6,0.08399999999999996,103.10944213821608,128.25133372702058,11.65912897397967,1.2668269538337065,0.10420641167718825,0.12337192939281483,0.16586100819008356,0.013362835928578487,0.513674644283253,102.85,0.0,0.0,1.7127172116551925,93.64508153922063,0.0,0.0,6.9923961587423875,0.0,0.1,1.35204594839189,0.053021773878009874,0.0,0.5371401387210165,0.15,0.15,0.0,1.0,0.008166666666666666,0.0008333333333333333,1.0,0.0,0.20833333333333334,0.025,False,
0.7525230843868292,0.06959955352380649,1.388740924350892,1.0155912500620596,0.06715845588486095,0.0075679076912850704,16.346903510292957,3.364677867297947,3.344872952497733,0.39141376183589005,2.2595184498660434,0.16605161067735963,0.1633004795972549,0.4077938545876439,0.6758445044716855,0.0600729392496653,1.5644483700539524,0.1969988973039758,9.712739759853216,10.198741610503877,0.3500565810367454,3.0206658946556857,2.9182160435449878,0.34513760343134436,0.2690039553936664,0.09740517043082036,0.10039947316736425,1.8556270541738487,0.28678330783808187,0.05998800217927552,0,99.0,0.010000000000000009,103.93386430375237,147.71105801613493,13.748535151073833,1.490057925805157,0.07902326366607128,0.15940325865681276,-0.059992380019852534,0.064497344436174,0.5180433784598385,100.95,0.0,0.0,0.059988002179275524,83.19430579942238,0.0,0.02018009468229457,3.9956476108776022,0.0,0.2,2.7902234817892135,0.08008696451882855,0.0,1.74065588213397,0.7,0.7,0.0,1.0,0.01175,0.009166666666666667,1.0,0.0,0.19166666666666668,0.06666666666666667,False,
0.7525230843868292,0.06959955352380649,1.388740924350892,1.0155912500620596,0.06715845588486095,0.0075679076912850704,16.346903510292957,3.364677867297947,3.344872952497733,0.39141376183589005,2.2595184498660434,0.16605161067735963,0.1633004795972549,0.4077938545876439,0.6758445044716855,0.0600729392496653,1.5644483700539524,0.1969988973039758,9.712739759853216,10.198741610503877,0.3500565810367454,3.0206658946556857,2.9182160435449878,0.34513760343134436,0.2690039553936664,0.09740517043082036,0.10039947316736425,1.8556270541738487,0.28678330783808187,0.05998800217927552,1,99.25,0.007500000000000007,103.63819567773484,147.80141467311398,13.783253674182603,1.4822316532574709,0.07569060504472848,0.15311833436574823,0.000213357839523428,0.03719277141785623,0.4884290104100838,102.0,0.0,0.0,0.044991001634456636,93.76343231613464,0.0,0.0,5.849354947786065,0.0,0.2,1.953447731667572,0.06253014722558568,0.0,1.7889866048162446,0.5,0.5,0.0,1.0,0.01325,0.008333333333333333,1.0,0.0,0.2,0.041666666666666664,False,
0.7525230843868292,0.06959955352380649,1.388740924350892,1.0155912500620596,0.06715845588486095,0.0075679076912850704,16.346903510292957,3.364677867297947,3.344872952497733,0.39141376183589005,2.2595184498660434,0.16605161067735963,0.1633004795972549,0.4077938545876439,0.6758445044716855,0.0600729392496653,1.5644483700539524,0.1969988973039758,9.712739759853216,10.198741610503877,0.3500565810367454,3.0206658946556857,2.9182160435449878,0.34513760343134436,0.2690039553936664,0.09740517043082036,0.10039947316736425,1.8556270541738487,0.28678330783808187,0.05998800217927552,2,93.15,0.06849999999999998,94.42743840863437,137.73064562780115,12.93612171032856,1.5036511997095516,0.07241796275690462,0.15556627986218868,0.17701343558330518,0.0393395525724472,0.4284008395248282,100.25,0.0,0.0,0.4109178149280372,105.19158803378446,0.0,0.0,5.152368003718751,0.0,0.25,2.510170379191191,0.08837090765767353,0.0,1.876521826116098,0.6,0.6,0.0,1.0,0.014750000000000001,0.008333333333333333,1.0,0.0,0.2,0.075,False,
0.5309113220203501,0.11992427159568778,1.3839348832029774,1.2431453101407381,0.05888029176608741,0.011326969772533401,17.522963181289185,5.700326314901132,5.203158351230236,0.5064924676689887,1.780890534505772,0.2612344642483664,0.3195348535473927,0.3002962501738601,0.7506138064376187,0.1346579735841443,2.316649214822726,0.20021453146799045,6.4259993602848215,8.568876331383002,0.8540996031470938,2.7451991261952977,1.3958419703087486,0.6712853506599434,0.40039819300915,0.28922307411883375,0.17190098266201892,2.7010791232808025,0.4199369201886552,0.13705674900168474,0,84.6,0.15399999999999997,108.56191500146296,124.32539712267499,11.70808911189719,1.178088771352494,0.05108474079726788,0.1113576864646435,0.004119561352767852,0.09442128334253728,0.3843137815577111,61.35,0.0,0.0,2.1106739346259453,126.5928472402287,18.695659352799115,20.244244425311745,8.422397413435387,0.0,0.25,4.795225481113064,0.007313988823091064,0.0,0.0,0.75,0.75,0.0,1.0,0.008583333333333333,0.006666666666666666,1.0,0.0,0.08333333333333333,0.0,False,
0.5309113220203501,0.11992427159568778,1.3839348832029774,1.2431453101407381,0.05888029176608741,0.011326969772533401,17.522963181289185,5.700326314901132,5.203158351230236,0.5064924676689887,1.780890534505772,0.2612344642483664,0.3195348535473927,0.3002962501738601,0.7506138064376187,0.1346579735841443,2.316649214822726,0.20021453146799045,6.4259993602848215,8.568876331383002,0.8540996031470938,2.7451991261952977,1.3958419703087486,0.6712853506599434,0.40039819300915,0.28922307411883375,0.17190098266201892,2.7010791232808025,0.4199369201886552,0.13705674900168474,1,60.55,0.39449999999999996,79.353271032104,92.817000936099,8.379725717794027,1.2165288224457245,0.08589323665454476,0.12990604642628661,0.6927121752710919,0.041453761234766726,0.2389644853439708,81.75,0.0,0.0,5.406888748116463,137.59326650160943,8.371408214698096,91.32444636080241,11.735476751749948,0.0,0.2,4.511739913161873,0.0029901999666939994,0.0,0.0,1.05,1.05,0.0,1.0,0.009833333333333333,0.0075,1.0,0.0,0.041666666666666664,0.0,False,
0.5309113220203501,0.11992427159568778,1.3839348832029774,1.2431453101407381,0.05888029176608741,0.011326969772533401,17.522963181289185,5.700326314901132,5.203158351230236,0.5064924676689887,1.780890534505772,0.2612344642483664,0.3195348535473927,0.3002962501738601,0.7506138064376187,0.1346579735841443,2.316649214822726,0.20021453146799045,6.4259993602848215,8.568876331383002,0.8540996031470938,2.7451991261952977,1.3958419703087486,0.6712853506599434,0.40039819300915,0.28922307411883375,0.17190098266201892,2.7010791232808025,0.4199369201886552,0.13705674900168474,2,99.9,0.0010000000000000009,123.74176170814596,147.62510826318027,13.825509483197743,1.2337546093521714,0.08482924345074978,0.14357498475292932,-0.17834218770899268,0.0327196979072499,0.4272048921568473,57.0,0.0,0.0,0.013705674900168474,86.25517956085646,23.423008625346363,66.54545281716365,10.44882384839099,0.0,0.05,1.653457819056553,0.004459145475350094,0.0,0.0,0.45,0.45,0.0,1.0,0.007583333333333333,0.005833333333333334,1.0,0.0,0.05,0.0,False,
0.7202143183112968,0.11159479392903668,1.2656690683398457,1.1829841038583735,0.0789642231168828,0.02419041382175051,13.514649816549856,7.587337472636401,6.148901439832697,0.7417333048090349,1.4734206691585683,0.4008781244408175,0.28919776759488247,0.4175063195670775,0.5528800870918218,0.10351823561705689,2.017643398795378,0.24542424871636329,9.526251946174087,11.303672090352158,0.9241841262575191,2.273017902069224,3.484339918533213,0.41968258885201354,0.5007110333755278,0.2752667412546094,0.15922867190827084,1.3750999550577423,0.2463399702333311,0.14482386616597995,0,99.55,0.004500000000000004,118.24960061825723,136.61377676838777,12.599735575323162,1.1835836321250977,0.09848568134204054,0.10881676104112577,-0.006944917851488372,0.015278165825978199,0.40095326837837836,98.95,0.0,0.0,0.06517073977469098,90.08759774277374,1.2690175228787026,0.0,8.173921216076577,0.0,0.3,3.529608495414981,0.07208592088859674,0.0,1.705853156498995,0.4,0.4,0.0,1.0,0.008666666666666666,0.0016666666666666666,1.0,0.0,0.2833333333333333,0.03333333333333333,False,
0.7202143183112968,0.11159479392903668,1.2656690683398457,1.1829841038583735,0.0789642231168828,0.02419041382175051,13.514649816549856,7.587337472636401,6.148901439832697,0.7417333048090349,1.4734206691585683,0.4008781244408175,0.28919776759488247,0.4175063195670775,0.5528800870918218,0.10351823561705689,2.017643398795378,0.24542424871636329,9.526251946174087,11.303672090352158,0.9241841262575191,2.273017902069224,3.484339918533213,0.41968258885201354,0.5007110333755278,0.2752667412546094,0.15922867190827084,1.3750999550577423,0.2463399702333311,0.14482386616597995,1,99.85,0.0015000000000000013,120.06273579114627,138.32635411317656,12.63770564737336,1.1768396834292632,0.09436154605052718,0.10149625875038995,-0.13516148638857797,0.02138902339290365,0.4473643097745378,103.7,0.0,0.0,0.021723579924896992,73.79522379673934,1.5443293439320116,0.0,7.499111274007445,0.0,0.35,4.496727398290341,0.09151363086988802,0.0,1.9887407709776672,0.5,0.5,0.0,1.0,0.0095,0.0008333333333333333,1.0,0.0,0.30833333333333335,0.041666666666666664,False,
0.7202143183112968,0.11159479392903668,1.2656690683398457,1.1829841038583735,0.0789642231168828,0.02419041382175051,13.514649816549856,7.587337472636401,6.148901439832697,0.7417333048090349,1.4734206691585683,0.4008781244408175,0.28919776759488247,0.4175063195670775,0.5528800870918218,0.10351823561705689,2.017643398795378,0.24542424871636329,9.526251946174087,11.303672090352158,0.9241841262575191,2.273017902069224,3.484339918533213,0.41968258885201354,0.5007110333755278,0.2752667412546094,0.15922867190827084,1.3750999550577423,0.2463399702333311,0.14482386616597995,2,98.75,0.012500000000000006,118.19156245195629,136.49666969105147,12.498482049855978,1.1852396437582224,0.08398600407601291,0.1261061572164773,-0.14273713177372252,0.04207258629968359,0.45993534805439473,102.3,0.0,0.0,0.18102983270747494,71.75053253568744,0.5513807672808535,0.1556742775835465,7.441933688097945,0.0,0.3,4.033738141403793,0.08748943890057984,0.0,1.5130798425845045,0.45,0.45,0.0,1.0,0.01,0.0016666666666666666,1.0,0.0,0.35833333333333334,0.03333333333333333,False,
0.6969027783502264,0.0773563093539254,0.9713536168241007,1.6377580631919417,0.0986270734791481,0.024563696922853196,18.43965349239363,4.1717575347207,3.726900703977069,0.751222135948981,2.0564803974241874,0.09691333305123541,0.2495687191312118,0.3841995114269601,0.7670726371824279,0.15354745138312317,1.691399935517672,0.584431014111987,9.075990987298846,5.295566004284527,0.9023940550657643,1.1282576425300581,1.8903675968634168,0.5001209342887724,0.22510901077718676,0.2844269221056905,0.20805078987017084,2.7136905106522313,0.2696532588592565,0.17782990754673783,0,82.6,0.17400000000000002,135.06239424195115,85.62208774595439,8.02338087496707,0.6423786043003703,0.08017828143811183,0.040471890009928624,0.2696236900308863,0.031213393664280154,0.37943200084636886,99.35,0.0,0.0,3.0942403913132375,93.52071344697437,0.03331878459181488,0.0,3.840157031246707,0.0,0.55,5.587590389481294,0.040124601653476324,0.0,0.0,1.5,1.5,0.0,1.0,0.016583333333333335,0.0,1.0,0.0,0.375,0.0,False,
0.6969027783502264,0.0773563093539254,0.9713536168241007,1.6377580631919417,0.0986270734791481,0.024563696922853196,18.43965349239363,4.1717575347207,3.726900703977069,0.751222135948981,2.0564803974241874,0.09691333305123541,0.2495687191312118,0.3841995114269601,0.7670726371824279,0.15354745138312317,1.691399935517672,0.584431014111987,9.075990987298846,5.295566004284527,0.9023940550657643,1.1282576425300581,1.8903675968634168,0.5001209342887724,0.22510901077718676,0.2844269221056905,0.20805078987017084,2.7136905106522313,0.2696532588592565,0.17782990754673783,1,98.2,0.018000000000000016,164.24853094140562,103.80577315127104,9.53869251721267,0.6412504706906512,0.0785447377754813,0.04222553676774784,-0.013094748818383762,0.0320706799019722,0.4651345515129788,103.05,0.0,0.0,0.3200938335841281,61.72384888932129,0.2699271571002556,0.0,4.426291551251383,0.0,0.35,3.2312744620828737,0.03497618493333855,0.0,0.0,0.9,0.9,0.0,1.0,0.015416666666666667,0.0,1.0,0.0,0.35,0.0,False,
0.6969027783502264,0.0773563093539254,0.9713536168241007,1.6377580631919417,0.0986270734791481,0.024563696922853196,18.43965349239363,4.1717575347207,3.726900703977069,0.751222135948981,2.0564803974241874,0.09691333305123541,0.2495687191312118,0.3841995114269601,0.7670726371824279,0.15354745138312317,1.691399935517672,0.584431014111987,9.075990987298846,5.295566004284527,0.9023940550657643,1.1282576425300581,1.8903675968634168,0.5001209342887724,0.22510901077718676,0.2844269221056905,0.20805078987017084,2.7136905106522313,0.2696532588592565,0.17782990754673783,2,97.95,0.020500000000000018,159.07734292999976,102.7355012354401,9.514408676792065,0.6495819034530156,0.08274850155141411,0.0283554109506984,-0.012021219700335886,0.042586135354469465,0.46431596486359156,104.35,0.0,0.0,0.3645513104708126,71.78833577780082,0.0,0.035289389004348866,4.48005550980209,0.0,0.3,2.618163853771532,0.03763864837165947,0.0,0.0,0.75,0.75,0.0,1.0,0.016166666666666666,0.0,1.0,0.0,0.425,0.0,False,
0.8021228203192983,0.1240187511711798,1.1430335212554095,1.6826769730005582,0.03385911130896524,0.007170781453825488,16.61837461259826,6.663296513951741,2.8068485346351135,0.4214526688214112,2.4058910255714263,0.4435914518407581,0.18142066319865813,0.16276814172147994,0.5771943477333323,0.06539223268686456,1.1469600547997627,0.31439362966454354,5.330581976956989,8.178538997966779,0.6216830556584061,2.4632652880267267,1.8631734870124237,0.41237115124324375,0.5676384058575319,0.06310333617626601,0.32170035715139067,2.3740674495800476,0.2286901827699016,0.1395241506680812,0,82.4,0.17600000000000002,140.1521318395063,103.10419003816074,9.418596215144579,0.746035844428786,0.0950289468244719,0.04564154771276693,0.5284959939178676,0.02299977377330878,0.4448121533170305,100.45,0.0,0.0,2.4556250517582283,89.39804579641806,0.0,0.0,1.420753950309964,0.0,0.0,0.0,0.02370249251804345,0.0,0.0,0.05,0.05,0.0,1.0,0.007416666666666667,0.0,1.0,0.0,0.21666666666666667,0.0,False,
0.8021228203192983,0.1240187511711798,1.1430335212554095,1.6826769730005582,0.03385911130896524,0.007170781453825488,16.61837461259826,6.663296513951741,2.8068485346351135,0.4214526688214112,2.4058910255714263,0.4435914518407581,0.18142066319865813,0.16276814172147994,0.5771943477333323,0.06539223268686456,1.1469600547997627,0.31439362966454354,5.330581976956989,8.178538997966779,0.6216830556584061,2.4632652880267267,1.8631734870124237,0.41237115124324375,0.5676384058575319,0.06310333617626601,0.32170035715139067,2.3740674495800476,0.2286901827699016,0.1395241506680812,1,91.8,0.08200000000000002,164.08724478927618,119.18316670642496,10.49304772512466,0.7394624811845147,0.08628471819033609,0.051913445723184314,-0.014142787926853001,0.06273363260581792,0.744906158182242,98.45,0.0,0.0,1.1440980354782657,88.74703993282499,0.5569617497332677,0.008647382247549639,5.840106936241717,0.0,0.15,2.166142596766666,0.023383388304994326,0.0,0.0,0.25,0.25,0.0,1.0,0.007666666666666667,0.0,1.0,0.0,0.2,0.0,False,
0.8021228203192983,0.1240187511711798,1.1430335212554095,1.6826769730005582,0.03385911130896524,0.007170781453825488,16.61837461259826,6.663296513951741,2.8068485346351135,0.4214526688214112,2.4058910255714263,0.4435914518407581,0.18142066319865813,0.16276814172147994,0.5771943477333323,0.06539223268686456,1.1469600547997627,0.31439362966454354,5.330581976956989,8.178538997966779,0.6216830556584061,2.4632652880267267,1.8631734870124237,0.41237115124324375,0.5676384058575319,0.06310333617626601,0.32170035715139067,2.3740674495800476,0.2286901827699016,0.1395241506680812,2,83.8,0.162,140.39928258374363,104.12122424434294,9.57862090812033,0.7504185222080916,0.091071400612873,0.046477150016879916,0.5162798936387739,0.02142845825585335,0.4465722697017248,100.9,0.0,0.0,2.2602912408229154,101.65641635161631,0.0,0.0,2.979157380907553,0.0,0.05,0.6425133886520797,0.022096402024681692,0.0,0.0,0.15,0.15,0.0,1.0,0.007583333333333333,0.0,1.0,0.0,0.21666666666666667,0.0,False,
0.7476383120326278,0.06873685565983169,1.0661861481219688,1.218374942859585,0.07180828079002775,0.019109085522267408,14.03628499560094,4.966819524970182,2.912256185202701,0.5394551817535207,1.1107157064064752,0.15099545791292673,0.23863566893827443,0.15013161550329793,0.7423785056340537,0.08573399382005045,2.1581479942715784,0.391258950082609,10.527634785032602,4.492742621336665,0.871143566477508,2.0839141893837,1.2162328437935317,0.6908827302159012,0.3634411185419219,0.21373807189260785,0.13402013609257485,1.4336118325801834,0.24083414181452345,0.1168095236175849,0,94.9,0.051000000000000004,114.43214976300901,110.31022689435079,10.118106545677485,0.9849535037203291,0.1181195857170068,0.09245184763881151,-0.017050407733962734,0.0651873961452689,0.38731541805645026,103.45,0.0,0.0,0.595728570449683,56.06762814842849,0.0,0.0,4.367556332616666,0.0,0.15,1.49635328117731,0.07273922919990775,0.0,0.9485505979637369,0.3,0.3,0.0,1.0,0.00975,0.0008333333333333333,1.0,0.0,0.23333333333333334,0.025,False,
0.7476383120326278,0.06873685565983169,1.0661861481219688,1.218374942859585,0.07180828079002775,0.019109085522267408,14.03628499560094,4.966819524970182,2.912256185202701,0.5394551817535207,1.1107157064064752,0.15099545791292673,0.23863566893827443,0.15013161550329793,0.7423785056340537,0.08573399382005045,2.1581479942715784,0.391258950082609,10.527634785032602,4.492742621336665,0.871143566477508,2.0839141893837,1.2162328437935317,0.6908827302159012,0.3634411185419219,0.21373807189260785,0.13402013609257485,1.4336118325801834,0.24083414181452345,0.1168095236175849,1,94.2,0.05800000000000001,112.67154220023153,109.03024330129115,10.043473515308944,0.9940680310648766,0.12863064053347167,0.10630756118870903,0.05243337030851046,0.04737011480403038,0.3650143867281974,103.5,0.0,0.0,0.6774952369819924,47.50976814473567,0.0,0.0,3.8521860741037655,0.0,0.05,0.47462440118548865,0.05637057317712008,0.0,1.1722939776790242,0.1,0.1,0.0,1.0,0.008916666666666666,0.0008333333333333333,1.0,0.0,0.16666666666666666,0.03333333333333333,False,
0.7476383120326278,0.06873685565983169,1.0661861481219688,1.218374942859585,0.07180828079002775,0.019109085522267408,14.03628499560094,4.966819524970182,2.912256185202701,0.5394551817535207,1.1107157064064752,0.15099545791292673,0.23863566893827443,0.15013161550329793,0.7423785056340537,0.08573399382005045,2.1581479942715784,0.391258950082609,10.527634785032602,4.492742621336665,0.871143566477508,2.0839141893837,1.2162328437935317,0.6908827302159012,0.3634411185419219,0.21373807189260785,0.13402013609257485,1.4336118325801834,0.24083414181452345,0.1168095236175849,2,94.5,0.05500000000000003,112.62237241809967,111.27955033368316,10.075459099752603,0.9988135264371192,0.12092092287598588,0.07224255819176846,0.05925421636654592,0.05888629331850799,0.36317806300642447,101.9,0.0,0.0,0.642452379896717,47.27596668008381,0.0,0.005603985237022735,3.9904028864300374,0.0,0.1,0.9738691052238042,0.06096346004122329,0.0,0.8509705178930635,0.2,0.2,0.0,1.0,0.008666666666666666,0.0025,1.0,0.0,0.15833333333333333,0.03333333333333333,False,
0.6445647619775225,0.10780553603038823,1.0943380089587744,1.5387745001686242,0.06554852416056152,0.005355533039671898,8.547539535250985,6.960788962368561,3.4351340701052884,0.7582562071453701,2.2737931215094647,0.26943755867378544,0.06538601549008334,0.1599705996895055,0.5630858728129413,0.06675227570328576,0.8866354190177325,0.5564504017735811,4.176137707600887,7.643762868749472,0.41425548311305016,2.438234305333068,2.4811221472035325,0.41855283714398983,0.39640707742846204,0.12132483215594789,0.11754807882817656,1.5010052169358552,0.2627451504211622,0.20872261974996417,0,98.05,0.019500000000000017,155.04828988845063,117.17812077602721,10.729984177840782,0.762418301726777,0.06989850660954074,0.03790064007270528,0.050749651065583004,0.022020494099876997,0.7101804302659381,86.4,0.0,0.0,0.4070091085124302,59.90674403482727,4.106369851838761,0.023839102588297734,5.088749226767526,0.0,0.2,2.860496350087258,0.01879393889859838,0.0,0.0,0.4,0.4,0.0,1.0,0.00625,0.0,1.0,0.0,0.2,0.0,False,
0.6445647619775225,0.10780553603038823,1.0943380089587744,1.5387745001686242,0.06554852416056152,0.005355533039671898,8.547539535250985,6.960788962368561,3.4351340701052884,0.7582562071453701,2.2737931215094647,0.26943755867378544,0.06538601549008334,0.1599705996895055,0.5630858728129413,0.06675227570328576,0.8866354190177325,0.5564504017735811,4.176137707600887,7.643762868749472,0.41425548311305016,2.438234305333068,2.4811221472035325,0.41855283714398983,0.39640707742846204,0.12132483215594789,0.11754807882817656,1.5010052169358552,0.2627451504211622,0.20872261974996417,1,96.35,0.03650000000000003,149.22430457915215,114.83378544844433,10.543946716317794,0.7803842267697828,0.09537259737756101,0.049648500343354045,0.19845535552705237,0.01460363772429627,0.6486149427863044,91.6,0.0,0.0,0.7618375620873692,56.10749021413763,3.2431505777385032,0.0,6.893505094001258,0.0,0.05,0.7836879245846388,0.02030142093270319,0.0,0.0,0.15,0.15,0.0,1.0,0.006416666666666667,0.0,1.0,0.0,0.2,0.0,False,
0.6445647619775225,0.10780553603038823,1.0943380089587744,1.5387745001686242,0.06554852416056152,0.005355533039671898,8.547539535250985,6.960788962368561,3.4351340701052884,0.7582562071453701,2.2737931215094647,0.26943755867378544,0.06538601549008334,0.1599705996895055,0.5630858728129413,0.06675227570328576,0.8866354190177325,0.5564504017735811,4.176137707600887,7.643762868749472,0.41425548311305016,2.438234305333068,2.4811221472035325,0.41855283714398983,0.39640707742846204,0.12132483215594789,0.11754807882817656,1.5010052169358552,0.2627451504211622,0.20872261974996417,2,98.45,0.015500000000000014,149.74856821330383,118.38647686969185,10.773757698199132,0.7957686343532321,0.1053600967047645,0.036052054145566656,-0.09974991211660146,0.023543970078612916,0.7887899512122649,95.75,0.0,0.0,0.3235200606124445,57.00250500221695,2.447230792867217,0.08390670026419315,8.938263145254629,0.0,0.05,0.8036639900172633,0.017400631790509304,0.0,0.0,0.05,0.05,0.0,1.0,0.005916666666666666,0.0,1.0,0.0,0.20833333333333334,0.0,False,
0.5730816796551951,0.08377668834606791,0.9929311755403207,1.4655870116020853,0.06223797251570817,0.0204743266138535,10.984877749356219,7.549883607541503,4.840505093458766,0.6496496455986771,1.7150026762791768,0.23047286648742554,0.1827967852468964,0.27724910975188016,0.6481448840753903,0.14221004077345803,1.7977063064325307,0.4580731602016062,5.150585411744755,3.9248285745048768,0.901756341259098,1.820605037224424,3.77211121738977,0.3434807591305179,0.5954655636635443,0.22827623201204808,0.26825086268626425,1.7768974364205907,0.2584241338651891,0.0701367591506927,0,100.0,0.0,148.61163908906602,107.63787622230168,9.929311755403209,0.7357694136343088,0.0814290166363371,0.057000324754863975,0.1452512056068375,0.0062271513346408595,0.3924649088696871,77.15,0.0,0.0,0.0,61.40996580168469,6.891348515451935,0.0,2.337891271788985,0.0,0.1,1.377102875662803,0.018627229057136003,0.0,0.0,0.15,0.15,0.0,1.0,0.005,0.0,1.0,0.0,0.225,0.0,False,
0.5730816796551951,0.08377668834606791,0.9929311755403207,1.4655870116020853,0.06223797251570817,0.0204743266138535,10.984877749356219,7.549883607541503,4.840505093458766,0.6496496455986771,1.7150026762791768,0.23047286648742554,0.1827967852468964,0.27724910975188016,0.6481448840753903,0.14221004077345803,1.7977063064325307,0.4580731602016062,5.150585411744755,3.9248285745048768,0.901756341259098,1.820605037224424,3.77211121738977,0.3434807591305179,0.5954655636635443,0.22827623201204808,0.26825086268626425,1.7768974364205907,0.2584241338651891,0.0701367591506927,1,92.75,0.07249999999999994,138.40645534253454,101.83134587733599,9.209436653136478,0.7446009925053956,0.09663796724659882,0.049537657357309015,0.11261005935224792,0.010267790988824124,0.40202134576926485,79.8,0.0,0.0,0.5084915038425222,50.45308927165915,5.949990919522787,0.040742954556498547,6.310395219793087,0.0,0.05,1.010255434848551,0.02142874246300657,0.0,0.0,0.15,0.15,0.0,1.0,0.005416666666666666,0.0,1.0,0.0,0.175,0.0,False,
0.5730816796551951,0.08377668834606791,0.9929311755403207,1.4655870116020853,0.06223797251570817,0.0204743266138535,10.984877749356219,7.549883607541503,4.840505093458766,0.6496496455986771,1.7150026762791768,0.23047286648742554,0.1827967852468964,0.27724910975188016,0.6481448840753903,0.14221004077345803,1.7977063064325307,0.4580731602016062,5.150585411744755,3.9248285745048768,0.901756341259098,1.820605037224424,3.77211121738977,0.3434807591305179,0.5954655636635443,0.22827623201204808,0.26825086268626425,1.7768974364205907,0.2584241338651891,0.0701367591506927,2,99.1,0.009000000000000008,143.50353139562444,107.16071695063245,9.839947949604579,0.7552317823544745,0.09861229762228212,0.05052505643065901,0.17112372302261195,0.01009462601493614,0.3861939102363165,76.55,0.0,0.0,0.06312308323562343,52.87054681963625,4.837878489244783,0.0,5.476788570771629,0.0,0.1,1.3828360803084314,0.024295531967402702,0.0,0.0,0.2,0.2,0.0,1.0,0.005833333333333334,0.0,1.0,0.0,0.2833333333333333,0.0,False,
0.5384845864627869,0.08333352892747815,1.0200846147090905,1.1698191578515935,0.06119766944262929,0.009850033947322452,7.563595476566903,6.305070642594432,4.000764413172959,0.42685341813390687,2.3036027036624165,0.23448677775474086,0.28968192705717083,0.34332838852199815,0.5856410986571734,0.14886724508510524,2.5342722495581804,0.4411867943246593,11.098470132838592,4.086101224375843,0.5764470641449781,1.0741189839676204,3.140548812450565,0.5436525596386291,0.6740942724888923,0.26406849024500645,0.2529477767556115,1.3365649893318088,0.23542806087873197,0.2120540884057635,0,99.4,0.006000000000000005,118.5605309189096,110.2871095450383,10.139641070208363,0.9554799647512787,0.0892021592948693,0.07946621890959758,0.05607627002290562,0.007911910848444916,0.3158670937691671,57.55,0.0,0.0,0.1272324530434581,54.66044111640355,12.424939029413519,0.0,7.9655354415711574,0.0,0.15,2.7107982341645824,0.007131767615337403,0.0,0.0,0.35,0.35,0.0,1.0,0.003916666666666666,0.0,1.0,0.0,0.1,0.0,False,
0.5384845864627869,0.08333352892747815,1.0200846147090905,1.1698191578515935,0.06119766944262929,0.009850033947322452,7.563595476566903,6.305070642594432,4.000764413172959,0.42685341813390687,2.3036027036624165,0.23448677775474086,0.28968192705717083,0.34332838852199815,0.5856410986571734,0.14886724508510524,2.5342722495581804,0.4411867943246593,11.098470132838592,4.086101224375843,0.5764470641449781,1.0741189839676204,3.140548812450565,0.5436525596386291,0.6740942724888923,0.26406849024500645,0.2529477767556115,1.3365649893318088,0.23542806087873197,0.2120540884057635,1,99.15,0.008500000000000008,118.21615149953008,110.91924769615366,10.114138954840636,0.9600080130932611,0.09608849583349752,0.07569539250215185,-0.011473401585659892,0.0048665148953998035,0.33292012309721514,65.85,0.0,0.0,0.18024597514489896,31.944029478503484,11.217492982189736,0.0,8.169306760364966,0.0,0.0,0.0,0.005538716024705965,0.0,0.0,0.05,0.05,0.0,1.0,0.003333333333333333,0.0,1.0,0.0,0.075,0.0,False,
0.5384845864627869,0.08333352892747815,1.0200846147090905,1.1698191578515935,0.06119766944262929,0.009850033947322452,7.563595476566903,6.305070642594432,4.000764413172959,0.42685341813390687,2.3036027036624165,0.23448677775474086,0.28968192705717083,0.34332838852199815,0.5856410986571734,0.14886724508510524,2.5342722495581804,0.4411867943246593,11.098470132838592,4.086101224375843,0.5764470641449781,1.0741189839676204,3.140548812450565,0.5436525596386291,0.6740942724888923,0.26406849024500645,0.2529477767556115,1.3365649893318088,0.23542806087873197,0.2120540884057635,2,98.65,0.013500000000000012,115.90137865848203,110.43322952925624,10.06313472410518,0.9833938242220428,0.10314815903132939,0.1035679924118574,0.013950402894755173,0.008121433071672766,0.3261479954481148,58.05,0.0,0.0,0.2862730193477807,36.61626045208156,10.619700188351311,0.0,7.560216409366103,0.0,0.1,1.188076389048735,0.007972089159700853,0.0,0.0,0.15,0.15,0.0,1.0,0.00375,0.0016666666666666666,1.0,0.0,0.10833333333333334,0.0,False,
0.7304550509595037,0.06230704673479703,1.343279997940822,1.5598554731354835,0.0904143196036561,0.004254701808028213,17.64166387377938,3.753729959921063,4.553488297864629,0.5798812268098703,1.5973344095283326,0.179690813290053,0.12433989658399883,0.3233104032070285,0.7589778911494649,0.17418789752377878,2.3014689533072614,0.5648217256540009,7.904989408987879,6.876474959930524,0.5160348645518087,2.4089479921102397,1.701167236031349,0.5578388790654023,0.46196702988262167,0.30710852650165843,0.07618625668246178,1.739517552598142,0.37373744620545085,0.2163117408014964,0,96.8,0.031999999999999994,154.8482657802043,142.39417956573794,13.002950380067158,0.9374382889249999,0.08377011150163617,0.07532807120271878,0.041279950140533934,0.05685239224171827,0.3485818740250707,103.65,0.0,0.0,0.6921975705647885,82.61823125773381,0.0,0.002789135746971172,5.959268684110355,0.0,0.35,3.574020140609084,0.06908593746754353,0.0,0.6517384845219546,0.75,0.75,0.0,1.0,0.014333333333333333,0.0016666666666666666,1.0,0.0,0.325,0.041666666666666664,False,
0.7304550509595037,0.06230704673479703,1.343279997940822,1.5598554731354835,0.0904143196036561,0.004254701808028213,17.64166387377938,3.753729959921063,4.553488297864629,0.5798812268098703,1.5973344095283326,0.179690813290053,0.12433989658399883,0.3233104032070285,0.7589778911494649,0.17418789752377878,2.3014689533072614,0.5648217256540009,7.904989408987879,6.876474959930524,0.5160348645518087,2.4089479921102397,1.701167236031349,0.5578388790654023,0.46196702988262167,0.30710852650165843,0.07618625668246178,1.739517552598142,0.37373744620545085,0.2163117408014964,1,90.5,0.095,143.94581989785914,128.52774259259095,12.156683981364441,0.907521782265906,0.05151096209069054,0.06946587185327456,0.08117295148595789,0.04678581599623363,0.3453098963741885,106.6,0.0,0.0,2.054961537614216,79.62396431427297,0.0,1.4406118977739244,5.334516949196407,0.0,0.55,6.221717208211399,0.0817246205219437,0.0,0.7463296575308479,1.3,1.3,0.0,1.0,0.02008333333333333,0.0008333333333333333,1.0,0.0,0.275,0.025,False,
0.7304550509595037,0.06230704673479703,1.343279997940822,1.5598554731354835,0.0904143196036561,0.004254701808028213,17.64166387377938,3.753729959921063,4.553488297864629,0.5798812268098703,1.5973344095283326,0.179690813290053,0.12433989658399883,0.3233104032070285,0.7589778911494649,0.17418789752377878,2.3014689533072614,0.5648217256540009,7.904989408987879,6.876474959930524,0.5160348645518087,2.4089479921102397,1.701167236031349,0.5578388790654023,0.46196702988262167,0.30710852650165843,0.07618625668246178,1.739517552598142,0.37373744620545085,0.2163117408014964,2,97.9,0.02100000000000002,154.00852671590658,142.39299138691882,13.15071117984065,0.9380688541430342,0.07386603267275779,0.07117453551913056,0.017162444559294214,0.053482341565556535,0.3549948333721486,105.35,0.0,0.0,0.4542546556831423,86.3173029299089,0.0,0.0,6.219404119232885,0.0,0.4,3.7792716883808994,0.05935737640250117,0.0,0.4734837524132431,0.8,0.8,0.0,1.0,0.014499999999999999,0.0025,1.0,0.0,0.3333333333333333,0.025,False,
0.6172498101339905,0.08690016078444812,1.2195716858661532,1.4218965896353102,0.042084480145330436,0.021459681873315196,8.639918775653596,4.234644173604491,5.958896821056703,0.5563239069292537,1.8644360533934519,0.1877581501066503,0.12615633331391046,0.2659867365829407,0.795866996266904,0.08636602719372127,1.9080990940845985,0.5014554727797825,3.850810227981793,5.6337650938576465,0.47017279978584503,1.0958022302912993,2.1915464171925896,0.6287117169464952,0.6465330378260324,0.29141540039458674,0.12003030837523647,1.6137098158643521,0.12020853495816326,0.21839757056655082,0,95.4,0.046,133.6593372914006,126.051915706662,11.634713883163105,0.951505981317181,0.10649327059910385,0.051903215512329993,0.10296298459002155,0.012291935405778168,0.38618281870087634,87.55,0.0,0.0,1.0046288246061335,54.736759946568895,4.016924854461463,0.0190188783409464,6.6201033123565525,0.0,0.0,0.0,0.006656196404065668,0.0,0.0,0.1,0.1,0.0,1.0,0.004583333333333333,0.0,1.0,0.0,0.09166666666666666,0.0,False,
0.6172498101339905,0.08690016078444812,1.2195716858661532,1.4218965896353102,0.042084480145330436,0.021459681873315196,8.639918775653596,4.234644173604491,5.958896821056703,0.5563239069292537,1.8644360533934519,0.1877581501066503,0.12615633331391046,0.2659867365829407,0.795866996266904,0.08636602719372127,1.9080990940845985,0.5014554727797825,3.850810227981793,5.6337650938576465,0.47017279978584503,1.0958022302912993,2.1915464171925896,0.6287117169464952,0.6465330378260324,0.29141540039458674,0.12003030837523647,1.6137098158643521,0.12020853495816326,0.21839757056655082,1,95.85,0.041499999999999995,136.67704949908173,129.1792625739819,11.689594609027083,0.9540711642727192,0.11039495860669354,0.052098072748776814,0.014210824051740336,0.025027712017901476,0.41510995079615887,86.05,0.0,0.0,0.906349917851186,42.55629727089156,3.391025991811779,0.0,8.739183866349034,0.0,0.05,0.725755662188021,0.007806791550843029,0.0,0.0,0.15,0.15,0.0,1.0,0.004833333333333334,0.0,1.0,0.0,0.10833333333333334,0.0,False,
0.6172498101339905,0.08690016078444812,1.2195716858661532,1.4218965896353102,0.042084480145330436,0.021459681873315196,8.639918775653596,4.234644173604491,5.958896821056703,0.5563239069292537,1.8644360533934519,0.1877581501066503,0.12615633331391046,0.2659867365829407,0.795866996266904,0.08636602719372127,1.9080990940845985,0.5014554727797825,3.850810227981793,5.6337650938576465,0.47017279978584503,1.0958022302912993,2.1915464171925896,0.6287117169464952,0.6465330378260324,0.29141540039458674,0.12003030837523647,1.6137098158643521,0.12020853495816326,0.21839757056655082,2,99.2,0.008000000000000007,138.2058701356033,131.81851345231522,12.098151123792244,0.9617214779125671,0.10592805968005214,0.05350319463212759,-0.05759120029420776,0.013133081594714314,0.4393891724041145,92.65,0.0,0.0,0.17471805645324065,71.45880560416569,2.379203683107316,0.04282811579998128,12.201097722402915,0.0,0.0,0.0,0.005601384760659387,0.0,0.0,0.05,0.05,0.0,1.0,0.004083333333333333,0.0,1.0,0.0,0.06666666666666667,0.0,False,
0.5318152148355061,0.07885308060656844,1.0933293334384093,1.0083132450015129,0.07654728908884098,0.02317768263280378,10.346785576647237,7.349591452812344,6.372580532996265,0.5494772071079506,1.8925522029138127,0.21741757416396978,0.1942366744396632,0.1217129299800801,0.5090087079337292,0.0509490695975519,1.3336940680051963,0.3163704467068582,9.382119750874736,9.366994545406197,0.8659876801501561,1.6867778859176779,2.2619065195092514,0.4791410145973858,0.5419516857354194,0.22422032844032486,0.31057724411553067,1.176353440393009,0.34376596910130036,0.03837230869509256,0,99.4,0.006000000000000005,104.54472220267137,116.82704213982996,10.867693574377792,1.1662916607475988,0.06437133992849398,0.13414966891327856,-0.3197580769312904,0.022621732769686313,0.8370566237189611,60.9,0.0,0.0,0.023023385217055537,13.060077876309368,13.965872456154438,3.2475358374786465,3.5072832806598875,0.0,0.1,0.7798061496005483,0.020930602418026172,0.0,0.0,0.15,0.15,0.0,1.0,0.005583333333333333,0.003333333333333333,1.0,0.0,0.24166666666666667,0.0,False,
0.5318152148355061,0.07885308060656844,1.0933293334384093,1.0083132450015129,0.07654728908884098,0.02317768263280378,10.346785576647237,7.349591452812344,6.372580532996265,0.5494772071079506,1.8925522029138127,0.21741757416396978,0.1942366744396632,0.1217129299800801,0.5090087079337292,0.0509490695975519,1.3336940680051963,0.3163704467068582,9.382119750874736,9.366994545406197,0.8659876801501561,1.6867778859176779,2.2619065195092514,0.4791410145973858,0.5419516857354194,0.22422032844032486,0.31057724411553067,1.176353440393009,0.34376596910130036,0.03837230869509256,1,100.0,0.0,103.45698330677631,117.68462933380093,10.933293334384096,1.1838023542711453,0.08349963378746564,0.12818447111263304,-0.32018009705418665,0.021808143862514846,0.7897138562016215,67.45,0.0,0.0,0.0,28.213212109146088,12.666136318958655,3.4744812921386354,6.901508786267337,0.0,0.15,1.5312811676500424,0.024775286346993056,0.0,0.0,0.25,0.25,0.0,1.0,0.006999999999999999,0.005833333333333334,1.0,0.0,0.225,0.0,False,
0.5318152148355061,0.07885308060656844,1.0933293334384093,1.0083132450015129,0.07654728908884098,0.02317768263280378,10.346785576647237,7.349591452812344,6.372580532996265,0.5494772071079506,1.8925522029138127,0.21741757416396978,0.1942366744396632,0.1217129299800801,0.5090087079337292,0.0509490695975519,1.3336940680051963,0.3163704467068582,9.382119750874736,9.366994545406197,0.8659876801501561,1.6867778859176779,2.2619065195092514,0.4791410145973858,0.5419516857354194,0.22422032844032486,0.31057724411553067,1.176353440393009,0.34376596910130036,0.03837230869509256,2,99.8,0.0020000000000000018,99.32876973594509,119.22904096099401,10.911426747715328,1.2422180316846836,0.11598372018305578,0.14314888278519872,-0.33384712404361144,0.013112928957230924,0.7622371894376605,58.35,0.0,0.0,0.007674461739018512,13.86110683839397,12.349780749060093,0.0,0.2694055469315684,0.0,0.0,0.0,0.02451851464845485,0.0,0.0,0.0,0.0,0.0,1.0,0.0045000000000000005,0.003333333333333333,1.0,0.0,0.20833333333333334,0.0,False,
0.5559484813011135,0.10956151440464126,1.167461972762335,1.4616637209256673,0.09456244262457357,0.01837681299844935,17.769543916679417,5.241628246165274,3.7951725298826844,0.40740092869814015,2.2204813012923843,0.11556324401782092,0.24687661508306974,0.370957581883848,0.7096489358929097,0.1453020108186147,1.5166676474607268,0.4741409445288279,11.680246689993345,3.428875018605106,0.9225465459814665,2.945570182042028,3.6460010564502148,0.3697138707946642,0.3163498335691052,0.293056648737973,0.20459373748668946,1.242584884662297,0.3210473968441738,0.06114692296568048,0,99.3,0.007000000000000006,147.39224603744032,126.92094741551819,11.592897389529988,0.8728749877801183,0.08911929276967702,0.0538468505266993,0.02245771912913421,0.01875910110300432,0.48960350764192995,64.9,0.0,0.0,0.042802846075976335,53.31773104362927,14.889093459513296,0.20426341612195706,4.927822162970232,0.0,0.1,1.4454024518982753,0.02349779991347218,0.0,0.0,0.25,0.25,0.0,1.0,0.0069166666666666664,0.0,1.0,0.0,0.25,0.0,False,
0.5559484813011135,0.10956151440464126,1.167461972762335,1.4616637209256673,0.09456244262457357,0.01837681299844935,17.769543916679417,5.241628246165274,3.7951725298826844,0.40740092869814015,2.2204813012923843,0.11556324401782092,0.24687661508306974,0.370957581883848,0.7096489358929097,0.1453020108186147,1.5166676474607268,0.4741409445288279,11.680246689993345,3.428875018605106,0.9225465459814665,2.945570182042028,3.6460010564502148,0.3697138707946642,0.3163498335691052,0.293056648737973,0.20459373748668946,1.242584884662297,0.3210473968441738,0.06114692296568048,1,97.75,0.02250000000000002,145.3923687868677,124.32566269055178,11.411940783751827,0.8657360959679007,0.08150360210649936,0.05130904798597978,0.032109655500909565,0.020417232633600187,0.48527201627971317,72.3,0.0,0.0,0.1375805766727811,47.02314837380986,13.004648485933203,0.030828639516484645,4.928760159629105,0.0,0.2,2.570856154046603,0.02502233811794879,0.0,0.0,0.45,0.45,0.0,1.0,0.006999999999999999,0.0,1.0,0.0,0.25,0.0,False,
0.5559484813011135,0.10956151440464126,1.167461972762335,1.4616637209256673,0.09456244262457357,0.01837681299844935,17.769543916679417,5.241628246165274,3.7951725298826844,0.40740092869814015,2.2204813012923843,0.11556324401782092,0.24687661508306974,0.370957581883848,0.7096489358929097,0.1453020108186147,1.5166676474607268,0.4741409445288279,11.680246689993345,3.428875018605106,0.9225465459814665,2.945570182042028,3.6460010564502148,0.3697138707946642,0.3163498335691052,0.293056648737973,0.20459373748668946,1.242584884662297,0.3210473968441738,0.06114692296568048,2,91.15,0.08849999999999995,134.98015267635054,114.7698356409215,10.641415881728683,0.870187243742914,0.07184104853641857,0.08025537133988928,0.16029275509413368,0.011146271893897991,0.4447566412209782,71.6,0.0,0.0,0.5411502682462721,86.3904715290811,10.669057361265427,0.008674766656037437,4.925912351464195,0.0,0.25,4.230760337718113,0.029245524818785614,0.0,0.0,0.8,0.8,0.0,1.0,0.008666666666666666,0.0008333333333333333,1.0,0.0,0.3,0.0,False,
0.5576841603032792,0.05785862516395089,1.3810418815134424,1.045684091808292,0.09680497176638876,0.02015908434189223,17.979448870944907,5.092931376344234,7.362502764732126,0.3773981676958106,2.0803320514740857,0.30054727599175923,0.17967948712179377,0.1525626066106693,0.6378130734542331,0.07741443337624332,2.4800927971050273,0.43862373598993254,8.295145966478985,4.4040429841174085,0.709951399054305,2.916712470672617,2.284623032751856,0.307151975469738,0.6581709976556163,0.28616844436665523,0.26448163863776747,1.2745178322355104,0.17145947961548902,0.08785931064012031,0,33.15,0.6685000000000001,33.78036586856467,45.641107980362534,4.60577467484733,1.3825708025381847,0.03759081768184164,0.1506454237561494,3.047617403614291,0.38892440483732427,0.3636217942104977,94.15,0.04,0.25,5.855823054164018,37.793369078441835,2.74016074445736,14.429214311135524,2.252971640449462,0.0,0.6,4.522742036797811,0.13545323233708906,0.2,0.7631751831120738,0.95,0.75,0.2,1.0,0.02183333333333333,0.02,1.0,0.0,0.23333333333333334,0.075,False,
0.5576841603032792,0.05785862516395089,1.3810418815134424,1.045684091808292,0.09680497176638876,0.02015908434189223,17.979448870944907,5.092931376344234,7.362502764732126,0.3773981676958106,2.0803320514740857,0.30054727599175923,0.17967948712179377,0.1525626066106693,0.6378130734542331,0.07741443337624332,2.4800927971050273,0.43862373598993254,8.295145966478985,4.4040429841174085,0.709951399054305,2.916712470672617,2.284623032751856,0.307151975469738,0.6581709976556163,0.28616844436665523,0.26448163863776747,1.2745178322355104,0.17145947961548902,0.08785931064012031,1,18.75,0.8125,23.886931359849445,30.878631209179428,2.5894535278377044,1.333514993989931,0.0030886055095323316,0.12356727942142016,4.500730417751995,0.2788871895847961,0.10613974423167079,100.2,0.0,0.0,7.138568989509774,72.32134798300679,1.0003908101714334,25.056781311387486,2.7012884031516315,0.0,0.45,4.471403304611689,0.09107767646665864,0.0,0.40551264094951595,1.05,1.05,0.0,1.0,0.02316666666666667,0.016666666666666666,1.0,0.0,0.18333333333333332,0.025,False,
0.5576841603032792,0.05785862516395089,1.3810418815134424,1.045684091808292,0.09680497176638876,0.02015908434189223,17.979448870944907,5.092931376344234,7.362502764732126,0.3773981676958106,2.0803320514740857,0.30054727599175923,0.17967948712179377,0.1525626066106693,0.6378130734542331,0.07741443337624332,2.4800927971050273,0.43862373598993254,8.295145966478985,4.4040429841174085,0.709951399054305,2.916712470672617,2.284623032751856,0.307151975469738,0.6581709976556163,0.28616844436665523,0.26448163863776747,1.2745178322355104,0.17145947961548902,0.08785931064012031,2,38.1,0.619,40.2178571089254,54.51367013224477,5.261769568566217,1.4124459531768219,0.044066292078699956,0.17377776317566712,1.0217969780034972,0.21751609334840566,0.29232521980932663,96.1,0.0,0.0,5.4384913286234475,46.83972593964846,2.263472057950309,4.2968441167943725,2.505027121727729,0.0,0.55,4.901932656408776,0.1347570435646877,0.0,1.0168326435644954,0.8,0.8,0.0,1.0,0.02183333333333333,0.018333333333333333,1.0,0.0,0.275,0.058333333333333334,False,
0.7642389404653709,0.05901656111240459,1.19758976934691,1.6151760281445129,0.09207098653446187,0.014389686683420402,11.882633176995432,4.323675958497372,5.105970739613401,0.36922149395540194,1.0389046417877232,0.25380489832563546,0.10481914329087894,0.31830212043579137,0.7111223517836236,0.11076559946419612,2.131759036080837,0.5864500531107939,11.133781453931942,3.583881554264957,0.37493462817787554,2.5169737064882716,1.3771447502754812,0.49078129042186036,0.3787944538415316,0.08085724779266437,0.1916275500918671,1.222170558705799,0.365558861723755,0.09976264086616612,0,88.1,0.119,145.26207377494984,112.7453444199887,10.55076586794628,0.7885865307397043,0.0595103595153376,0.06593340016327957,0.22089126537266707,0.014031815697869595,0.32520004296786253,102.95,0.0,0.0,1.1871754263073768,96.77907329806324,0.0,0.0,7.205236102492341,0.0,0.4,5.259344467224511,0.06610991977035036,0.0,0.7083163249641783,1.05,1.05,0.0,1.0,0.011916666666666666,0.0,1.0,0.0,0.26666666666666666,0.025,False,
0.7642389404653709,0.05901656111240459,1.19758976934691,1.6151760281445129,0.09207098653446187,0.014389686683420402,11.882633176995432,4.323675958497372,5.105970739613401,0.36922149395540194,1.0389046417877232,0.25380489832563546,0.10481914329087894,0.31830212043579137,0.7111223517836236,0.11076559946419612,2.131759036080837,0.5864500531107939,11.133781453931942,3.583881554264957,0.37493462817787554,2.5169737064882716,1.3771447502754812,0.49078129042186036,0.3787944538415316,0.08085724779266437,0.1916275500918671,1.222170558705799,0.365558861723755,0.09976264086616612,1,91.5,0.08499999999999999,152.69033669216205,117.11736671615624,10.957946389524228,0.7744879972166061,0.04219055864447299,0.05131180491661118,0.07051611547646074,0.041399415132902184,0.3697619265412603,104.5,0.0,0.0,0.847982447362412,76.75753618761411,0.0,0.0,3.5842454619913404,0.0,0.35,4.123077042778047,0.08370830713380097,0.0,0.6919734564577441,0.8,0.8,0.0,1.0,0.011000000000000001,0.0,1.0,0.0,0.24166666666666667,0.041666666666666664,False,
0.7642389404653709,0.05901656111240459,1.19758976934691,1.6151760281445129,0.09207098653446187,0.014389686683420402,11.882633176995432,4.323675958497372,5.105970739613401,0.36922149395540194,1.0389046417877232,0.25380489832563546,0.10481914329087894,0.31830212043579137,0.7111223517836236,0.11076559946419612,2.131759036080837,0.5864500531107939,11.133781453931942,3.583881554264957,0.37493462817787554,2.5169737064882716,1.3771447502754812,0.49078129042186036,0.3787944538415316,0.08085724779266437,0.1916275500918671,1.222170558705799,0.365558861723755,0.09976264086616612,2,93.15,0.06849999999999999,152.86518442650402,119.47755050895039,11.155548701466468,0.7875433253132395,0.04851695725932998,0.05114469647024563,-0.0798201020894545,0.0524700884362321,0.4296447354534636,106.05,0.0,0.0,0.683374089933238,57.746659454655024,0.0,0.0,4.539056784017,0.0,0.35,4.179899520005734,0.0820457651588528,0.0,0.7261079440204748,0.85,0.85,0.0,1.0,0.0115,0.0,1.0,0.0,0.25,0.03333333333333333,False,
0.7621788267398479,0.050049506138332,1.3922219391526567,1.6215815688623962,0.08235827010975956,0.011847501548617745,7.981815745266907,7.008461069921426,3.3976914481686915,0.3021957467772414,2.187772964509163,0.14870581502380062,0.14663537969542134,0.2277586287623954,0.8664387742581232,0.12192954720204938,2.333501483357849,0.2662624578983788,7.838592160475999,5.114679250821819,0.8177323505537947,3.011217505536671,0.7262367015868539,0.3480943242257174,0.6225720356815643,0.21020686419529,0.22003539134014138,2.6368657704731175,0.26559539341771143,0.10224454987628379,0,100.0,0.0,166.28235627054138,152.18479785210312,13.922219391526568,0.9320464860949654,0.08109236639282377,0.07533171024468534,-0.6169845633539819,0.03732349931745904,0.9275601083851279,104.6,0.0,0.0,0.0,50.001179469767834,0.0,0.002355094979991157,6.562146035700685,0.0,0.15,2.2424650663386676,0.11591606730488317,0.0,3.0138049294772657,0.25,0.25,0.0,1.0,0.009000000000000001,0.0,1.0,0.0,0.20833333333333334,0.075,False,
0.7621788267398479,0.050049506138332,1.3922219391526567,1.6215815688623962,0.08235827010975956,0.011847501548617745,7.981815745266907,7.008461069921426,3.3976914481686915,0.3021957467772414,2.187772964509163,0.14870581502380062,0.14663537969542134,0.2277586287623954,0.8664387742581232,0.12192954720204938,2.333501483357849,0.2662624578983788,7.838592160475999,5.114679250821819,0.8177323505537947,3.011217505536671,0.7262367015868539,0.3480943242257174,0.6225720356815643,0.21020686419529,0.22003539134014138,2.6368657704731175,0.26559539341771143,0.10224454987628379,1,100.0,0.0,167.12419564845268,151.22141148465784,13.922219391526564,0.9217924067083466,0.07050358824273124,0.07177027166045943,-0.5593260428020955,0.030750851610055863,0.8898312550951681,103.6,0.0,0.0,0.0,52.814522143124385,0.0,0.0,3.29461168082656,0.0,0.2,3.543205357179512,0.12283346094507437,0.0,3.0897257762096073,0.4,0.4,0.0,1.0,0.009000000000000001,0.0,1.0,0.0,0.225,0.06666666666666667,False,
0.7621788267398479,0.050049506138332,1.3922219391526567,1.6215815688623962,0.08235827010975956,0.011847501548617745,7.981815745266907,7.008461069921426,3.3976914481686915,0.3021957467772414,2.187772964509163,0.14870581502380062,0.14663537969542134,0.2277586287623954,0.8664387742581232,0.12192954720204938,2.333501483357849,0.2662624578983788,7.838592160475999,5.114679250821819,0.8177323505537947,3.011217505536671,0.7262367015868539,0.3480943242257174,0.6225720356815643,0.21020686419529,0.22003539134014138,2.6368657704731175,0.26559539341771143,0.10224454987628379,2,100.0,0.0,162.47901455117358,150.92950494180727,13.922219391526568,0.9457417017771581,0.0855952631500843,0.0826957788766458,-0.5219651213681968,0.03971224233467312,0.8454842411403971,105.4,0.0,0.0,0.0,44.53896497386517,0.0,0.05477193740712429,4.842302232108676,0.0,0.1,1.7313904957904989,0.12558632218688467,0.0,2.818543961776476,0.25,0.25,0.0,1.0,0.009000000000000001,0.0008333333333333333,1.0,0.0,0.21666666666666667,0.09166666666666666,False,
0.7868547498512598,0.09348334687384063,1.365100501412662,1.4727741180765053,0.051302430077797063,0.01611262179985368,10.007440533379029,6.873568316207581,4.361761858869639,0.734843799032827,2.142917969491614,0.28676090277797106,0.15103164832169075,0.414355463462642,0.5882314335624064,0.1557510349409406,1.1046913578082038,0.455803366351951,10.168125111019355,4.252768899515625,0.45422875765063486,2.886866534219212,2.585070821436544,0.32703144793328265,0.44567757051525886,0.17694003025044652,0.2929385980494469,2.6858264198117165,0.356474903224066,0.13488747379637386,0,99.95,0.0005000000000000004,148.33555666915436,149.63750395234965,13.644179511619559,1.0340098094630066,0.11026596700988134,0.086925638787008,-0.07684839168708033,0.011133330314238191,0.6651789881380356,104.45,0.0,0.0,0.006744373689818693,9.096875412605872,0.0,0.0,1.0567129116681158,0.0,0.0,0.0,0.08304618862154906,0.0,0.7874303779891944,0.0,0.0,0.0,1.0,0.007083333333333334,0.0,1.0,0.0,0.23333333333333334,0.03333333333333333,False,
0.7868547498512598,0.09348334687384063,1.365100501412662,1.4727741180765053,0.051302430077797063,0.01611262179985368,10.007440533379029,6.873568316207581,4.361761858869639,0.734843799032827,2.142917969491614,0.28676090277797106,0.15103164832169075,0.414355463462642,0.5882314335624064,0.1557510349409406,1.1046913578082038,0.455803366351951,10.168125111019355,4.252768899515625,0.45422875765063486,2.886866534219212,2.585070821436544,0.32703144793328265,0.44567757051525886,0.17694003025044652,0.2929385980494469,2.6858264198117165,0.356474903224066,0.13488747379637386,1,97.8,0.02200000000000001,146.6097725903988,145.12688035102786,13.350682903815834,1.0163649540077464,0.09230367658137886,0.08660748045657823,-0.1412219610667044,0.04352474989228704,0.7039422615899791,102.6,0.0,0.0,0.2967524423520225,77.68989766806527,0.0,0.0,4.71011172626999,0.0,0.1,1.7917012642301746,0.09095340729909683,0.0,1.2276735591915966,0.2,0.2,0.0,1.0,0.007416666666666667,0.0,1.0,0.0,0.225,0.041666666666666664,False,
0.7868547498512598,0.09348334687384063,1.365100501412662,1.4727741180765053,0.051302430077797063,0.01611262179985368,10.007440533379029,6.873568316207581,4.361761858869639,0.734843799032827,2.142917969491614,0.28676090277797106,0.15103164832169075,0.414355463462642,0.5882314335624064,0.1557510349409406,1.1046913578082038,0.455803366351951,10.168125111019355,4.252768899515625,0.45422875765063486,2.886866534219212,2.585070821436544,0.32703144793328265,0.44567757051525886,0.17694003025044652,0.2929385980494469,2.6858264198117165,0.356474903224066,0.13488747379637386,2,94.05,0.059499999999999977,139.98658159650583,139.81414683475495,12.838770215786088,1.017063997997416,0.08080755670454354,0.08545811016829927,0.046498193827230624,0.020307077066002932,0.613424591958271,102.95,0.0,0.0,0.8025804690884245,86.95810624575513,0.0,0.0,7.464293968782288,0.0,0.1,1.756717560647349,0.08922373935648625,0.0,0.6341639301418552,0.2,0.2,0.0,1.0,0.007333333333333333,0.0,1.0,0.0,0.25833333333333336,0.03333333333333333,False,
0.6236700251529401,0.0850181860017018,1.0736560476562746,1.0031893783732808,0.07540916773892437,0.01520838919964811,12.792951086392225,6.698414842100623,3.0641601507691894,0.3945542229080295,2.243979658844428,0.24922720619492805,0.16657388765532594,0.21357547356850054,0.5556438615996653,0.12857288074211282,1.2095930246609634,0.2871446246760453,8.029691135963274,3.8070485578808224,0.7996748713185116,2.31477194991134,2.538545476241673,0.25483222081180196,0.6791160977274666,0.24254317020557378,0.09861902137804031,1.64059633940005,0.22679217296123944,0.0576544048430302,0,90.5,0.09499999999999997,94.35234394961746,105.98659560134963,9.716587231289287,1.1784858573265873,0.09000906275284556,0.13935215319770416,0.2095758447377778,0.021808041394029982,0.5147064475956062,89.55,0.0,0.0,0.547716846008787,66.74560494738712,2.5960450447593026,0.0019513003981523225,4.360064400269713,0.0,0.25,3.9428665823046947,0.09006724486971679,0.0,0.41598030828037114,0.55,0.55,0.0,1.0,0.006999999999999999,0.0025,1.0,0.0,0.24166666666666667,0.025,False,
0.6236700251529401,0.0850181860017018,1.0736560476562746,1.0031893783732808,0.07540916773892437,0.01520838919964811,12.792951086392225,6.698414842100623,3.0641601507691894,0.3945542229080295,2.243979658844428,0.24922720619492805,0.16657388765532594,0.21357547356850054,0.5556438615996653,0.12857288074211282,1.2095930246609634,0.2871446246760453,8.029691135963274,3.8070485578808224,0.7996748713185116,2.31477194991134,2.538545476241673,0.25483222081180196,0.6791160977274666,0.24254317020557378,0.09861902137804031,1.64059633940005,0.22679217296123944,0.0576544048430302,1,90.05,0.09949999999999999,90.83032484966799,105.46742401989532,9.668272709144755,1.2219195880948672,0.1313007801548795,0.14780951537682124,0.14760477762125543,0.037051677489349615,0.5338337936980928,95.3,0.0,0.0,0.5736613281881505,47.52406981961298,1.994804063336521,0.0,3.5855451790025255,0.0,0.05,0.6784545081355289,0.07484940575013774,0.0,0.6627286731008049,0.05,0.05,0.0,1.0,0.007083333333333334,0.0025,1.0,0.0,0.21666666666666667,0.03333333333333333,False,
0.6236700251529401,0.0850181860017018,1.0736560476562746,1.0031893783732808,0.07540916773892437,0.01520838919964811,12.792951086392225,6.698414842100623,3.0641601507691894,0.3945542229080295,2.243979658844428,0.24922720619492805,0.16657388765532594,0.21357547356850054,0.5556438615996653,0.12857288074211282,1.2095930246609634,0.2871446246760453,8.029691135963274,3.8070485578808224,0.7996748713185116,2.31477194991134,2.538545476241673,0.25483222081180196,0.6791160977274666,0.24254317020557378,0.09861902137804031,1.64059633940005,0.22679217296123944,0.0576544048430302,2,96.2,0.038000000000000034,95.8016036024918,112.29078806155658,10.328571178453368,1.2174963330920028,0.10816457792033389,0.13495942516858758,0.1372450518769904,0.02989411255323838,0.5382398154174146,98.65,0.0,0.0,0.21908673840351475,50.30297783831348,1.6565271292239074,0.0,1.9061034170252866,0.0,0.15,2.0030075218116137,0.11340439441141405,0.0,0.32805031446360594,0.35,0.35,0.0,1.0,0.006833333333333334,0.003333333333333333,1.0,0.0,0.25833333333333336,0.041666666666666664,False,
0.5543760565534942,0.052093370914453874,1.1022315906738729,1.3287104527740279,0.10069548782683096,0.02397696701868542,18.887022736133556,4.527017653818469,6.215897124938593,0.5373602340465827,1.6530143674689004,0.14011071568834196,0.23469768426748283,0.3688092055433691,0.6835505836026049,0.0835082710664444,1.4459648734398391,0.5489096708980806,6.157145383843582,10.44556000445009,0.889284764847911,1.309514966017097,2.5331995589497502,0.49441510134039146,0.2186246871615757,0.15778553852359284,0.22358901344853765,2.2275948138113493,0.30366841354518287,0.04610083040032174,0,96.0,0.039999999999999994,130.14392805501194,114.99625963686614,10.58142327046918,0.9000933748241463,0.07932271890787035,0.0714628633033894,0.058056385465025284,0.02303180964384382,0.49928883438281507,79.05,0.0,0.0,0.18440332160128697,35.444656934025026,4.391102555346693,7.377023176516028,4.4622025053359025,0.0,0.15,1.6476909314993446,0.021291946801946793,0.0,0.0,0.35,0.35,0.0,1.0,0.007666666666666667,0.0008333333333333333,1.0,0.0,0.23333333333333334,0.0,False,
0.5543760565534942,0.052093370914453874,1.1022315906738729,1.3287104527740279,0.10069548782683096,0.02397696701868542,18.887022736133556,4.527017653818469,6.215897124938593,0.5373602340465827,1.6530143674689004,0.14011071568834196,0.23469768426748283,0.3688092055433691,0.6835505836026049,0.0835082710664444,1.4459648734398391,0.5489096708980806,6.157145383843582,10.44556000445009,0.889284764847911,1.309514966017097,2.5331995589497502,0.49441510134039146,0.2186246871615757,0.15778553852359284,0.22358901344853765,2.2275948138113493,0.30366841354518287,0.04610083040032174,1,94.4,0.05599999999999998,128.48405019958966,112.80137232949423,10.40506621596136,0.9077284232946232,0.08776351501041817,0.10327838349515137,0.06358871435632066,0.024828713151647308,0.49562735720018625,81.75,0.0,0.0,0.25816465024180185,38.404053842257596,4.115086331384324,0.32055310235282286,4.159396066546964,0.0,0.2,2.180276938247644,0.018495435944854678,0.0,0.0,0.4,0.4,0.0,1.0,0.007416666666666667,0.0008333333333333333,1.0,0.0,0.19166666666666668,0.0,False,
0.5543760565534942,0.052093370914453874,1.1022315906738729,1.3287104527740279,0.10069548782683096,0.02397696701868542,18.887022736133556,4.527017653818469,6.215897124938593,0.5373602340465827,1.6530143674689004,0.14011071568834196,0.23469768426748283,0.3688092055433691,0.6835505836026049,0.0835082710664444,1.4459648734398391,0.5489096708980806,6.157145383843582,10.44556000445009,0.889284764847911,1.309514966017097,2.5331995589497502,0.49441510134039146,0.2186246871615757,0.15778553852359284,0.22358901344853765,2.2275948138113493,0.30366841354518287,0.04610083040032174,2,95.15,0.04849999999999999,124.57111935576602,113.24320212035886,10.487733585261902,0.9300608817048552,0.10070391514443273,0.08954599090528073,0.1160274635935287,0.01574481982291707,0.47874044892882067,76.35,0.0,0.0,0.22358902744156048,41.208685877767614,3.095947195652937,30.281965130127027,6.046163802637227,0.0,0.1,0.8985165675094423,0.022443461380068325,0.0,0.0,0.2,0.2,0.0,1.0,0.0095,0.0008333333333333333,1.0,0.0,0.25,0.0,False,
0.6654311538923904,0.09409859933943716,1.326784511279977,0.9878070073864336,0.07349629548363329,0.017612064818544146,10.220408337830566,7.379549028287913,6.290520222329457,0.6659261101455191,1.315758196332209,0.4336666236680115,0.09459559953138923,0.1989811020235519,0.500487033249232,0.09597985711497581,0.926519572847916,0.29295910130101893,7.78759788780811,5.736549939969249,0.395936274523476,1.8657401104199134,0.9760745249353205,0.5116347973498129,0.32678087125768795,0.21512705883893327,0.29230678353946,1.5035453451359624,0.38355409621415065,0.1736507570640393,0,97.95,0.020500000000000018,100.41585930750027,140.6149674428778,12.995854287987374,1.4519758116036445,0.07041594638589896,0.16767713929758526,0.08411942752699136,0.018285010218366364,0.6790886861908929,97.9,0.0,0.0,0.3559840519812805,93.92709908572462,1.8760619812899324,0.0,6.129749886976999,0.0,0.25,4.603293765761942,0.08159250659902423,0.0,1.0623531211595334,0.5,0.5,0.0,1.0,0.009833333333333333,0.004166666666666667,1.0,0.0,0.24166666666666667,0.041666666666666664,False,
0.6654311538923904,0.09409859933943716,1.326784511279977,0.9878070073864336,0.07349629548363329,0.017612064818544146,10.220408337830566,7.379549028287913,6.290520222329457,0.6659261101455191,1.315758196332209,0.4336666236680115,0.09459559953138923,0.1989811020235519,0.500487033249232,0.09597985711497581,0.926519572847916,0.29295910130101893,7.78759788780811,5.736549939969249,0.395936274523476,1.8657401104199134,0.9760745249353205,0.5116347973498129,0.32678087125768795,0.21512705883893327,0.29230678353946,1.5035453451359624,0.38355409621415065,0.1736507570640393,1,98.0,0.020000000000000018,100.1697864605791,141.00316839234142,13.002488210543774,1.4564548358948066,0.07503879076894727,0.1650836652050862,0.12441332632346173,0.01796945119262078,0.6606675599956398,97.45,0.0,0.0,0.3473015141280785,72.14901603868513,2.0330315810321435,0.0,4.693609903146584,0.0,0.1,2.285357446082589,0.0696796434309508,0.0,1.0595931401315912,0.2,0.2,0.0,1.0,0.008916666666666666,0.004166666666666667,1.0,0.0,0.19166666666666668,0.041666666666666664,False,
0.6654311538923904,0.09409859933943716,1.326784511279977,0.9878070073864336,0.07349629548363329,0.017612064818544146,10.220408337830566,7.379549028287913,6.290520222329457,0.6659261101455191,1.315758196332209,0.4336666236680115,0.09459559953138923,0.1989811020235519,0.500487033249232,0.09597985711497581,0.926519572847916,0.29295910130101893,7.78759788780811,5.736549939969249,0.395936274523476,1.8657401104199134,0.9760745249353205,0.5116347973498129,0.32678087125768795,0.21512705883893327,0.29230678353946,1.5035453451359624,0.38355409621415065,0.1736507570640393,2,90.4,0.09600000000000002,91.92124654099278,131.0775575388864,11.994131981970991,1.4663570020551193,0.06257030072529815,0.16871650344347783,0.10165567653553687,0.03545357199725647,0.6986934743111579,98.1,0.0,0.0,1.6670472678147772,87.61561336553346,0.9769121481987872,0.0,8.248095344491915,0.0,0.2,2.734997620604875,0.06231099595774505,0.0,0.9741567320080122,0.3,0.3,0.0,1.0,0.00975,0.004166666666666667,1.0,0.0,0.24166666666666667,0.025,False,
0.7909189148407936,0.06719156546879429,1.0896216186167735,1.140587139157528,0.08694444448392129,0.021061712411349826,9.63935887887078,7.321704977484957,5.606760840455133,0.6725367390027708,1.753742335788643,0.4701143045639685,0.16465940358042702,0.2600342775122762,0.47716795109313154,0.13709221534154178,1.0580868495624003,0.5466895816639581,9.444753136074084,9.972982415486275,0.35438933842750137,1.4553426815035322,1.2301916621902773,0.31734797899252315,0.5054945129721795,0.19248083181043277,0.24395835518717907,2.5111133598144253,0.10558349083784924,0.18570713384060555,0,87.9,0.12099999999999997,101.59192457376135,102.88970975360948,9.577774027641437,1.0458904919523584,0.08608403254568842,0.10432786516612028,0.22306948963716314,0.03671107118915521,0.5659241879758427,101.65,0.0,0.0,2.247056319471327,72.61225558796859,0.0,0.0,4.708630970210341,0.0,0.05,1.0731903576230049,0.07527969239163901,0.0,2.3149882415744814,0.2,0.2,0.0,1.0,0.008666666666666666,0.0,1.0,0.0,0.15,0.05,False,
0.7909189148407936,0.06719156546879429,1.0896216186167735,1.140587139157528,0.08694444448392129,0.021061712411349826,9.63935887887078,7.321704977484957,5.606760840455133,0.6725367390027708,1.753742335788643,0.4701143045639685,0.16465940358042702,0.2600342775122762,0.47716795109313154,0.13709221534154178,1.0580868495624003,0.5466895816639581,9.444753136074084,9.972982415486275,0.35438933842750137,1.4553426815035322,1.2301916621902773,0.31734797899252315,0.5054945129721795,0.19248083181043277,0.24395835518717907,2.5111133598144253,0.10558349083784924,0.18570713384060555,1,98.05,0.019500000000000017,112.4248133683348,115.96090446093986,10.683739970537465,1.0549459985880485,0.0988737070964982,0.08958588750767818,0.08076584535547786,0.020156889138646522,0.6114291052645302,105.7,0.0,0.0,0.3621289109891809,55.77339597765513,0.0,0.0,6.943649848893479,0.0,0.2,1.4683430672374884,0.07647811896566609,0.0,2.6110506856846056,0.2,0.2,0.0,1.0,0.009833333333333333,0.0,1.0,0.0,0.24166666666666667,0.041666666666666664,False,
0.7909189148407936,0.06719156546879429,1.0896216186167735,1.140587139157528,0.08694444448392129,0.021061712411349826,9.63935887887078,7.321704977484957,5.606760840455133,0.6725367390027708,1.753742335788643,0.4701143045639685,0.16465940358042702,0.2600342775122762,0.47716795109313154,0.13709221534154178,1.0580868495624003,0.5466895816639581,9.444753136074084,9.972982415486275,0.35438933842750137,1.4553426815035322,1.2301916621902773,0.31734797899252315,0.5054945129721795,0.19248083181043277,0.24395835518717907,2.5111133598144253,0.10558349083784924,0.18570713384060555,2,100.0,0.0,114.29836378119657,119.27334480616953,10.896216186167738,1.079339809234664,0.10346351642372054,0.12848812940865947,-0.12475700739491513,0.02335119983794505,0.7063176364776743,105.6,0.0,0.0,0.0,51.08557606669142,0.0,0.0,6.929277571955133,0.0,0.3,2.2563394687981413,0.09400451960217332,0.0,2.353532219126511,0.3,0.3,0.0,1.0,0.010249999999999999,0.0008333333333333333,1.0,0.0,0.275,0.06666666666666667,False,
0.5906900312923551,0.07361029491388178,1.2930663428538436,1.3851507902058513,0.03766235222584171,0.022611689173910484,13.823499719471759,6.624692696669409,3.144022558466604,0.754820688352386,1.7656249410947682,0.22330753335556713,0.09036107722760402,0.38137719766265654,0.5320708501056018,0.14405965619674024,1.2650456063659772,0.35264276271426565,5.5089531611368106,4.675858344402642,0.9303612788221025,1.958231842430127,3.0198897813509578,0.4567239323891821,0.48005002500593535,0.18459863923659806,0.31591960611880227,1.8830524379165474,0.13030783656620853,0.12232220668153548,0,100.0,0.0,140.21301721261963,142.0154374895361,12.930663428538434,1.0231499623961244,0.09239726410597629,0.05916239065221943,-0.0376164050429295,0.01479713815610167,0.5830100493658709,85.9,0.0,0.0,0.0,52.60481259467881,4.980982991999101,0.0,5.619110754016063,0.0,0.05,0.8114273971521971,0.015623371556901943,0.0,0.0,0.1,0.1,0.0,1.0,0.004,0.0,1.0,0.0,0.15833333333333333,0.0,False,
0.5906900312923551,0.07361029491388178,1.2930663428538436,1.3851507902058513,0.03766235222584171,0.022611689173910484,13.823499719471759,6.624692696669409,3.144022558466604,0.754820688352386,1.7656249410947682,0.22330753335556713,0.09036107722760402,0.38137719766265654,0.5320708501056018,0.14405965619674024,1.2650456063659772,0.35264276271426565,5.5089531611368106,4.675858344402642,0.9303612788221025,1.958231842430127,3.0198897813509578,0.4567239323891821,0.48005002500593535,0.18459863923659806,0.31591960611880227,1.8830524379165474,0.13030783656620853,0.12232220668153548,1,100.0,0.0,137.8388869049282,140.95962447232552,12.930663428538434,1.0290064460324826,0.10096537824959025,0.04691499046581378,0.03487094317551508,0.019021145895091768,0.5552195236409505,86.15,0.0,0.0,0.0,54.335895498382264,4.417251487146543,0.007667988373671675,6.611045084665173,0.0,0.05,0.8531960613058225,0.011502414338202623,0.0,0.0,0.15,0.15,0.0,1.0,0.0035833333333333333,0.0,1.0,0.0,0.125,0.0,False,
0.5906900312923551,0.07361029491388178,1.2930663428538436,1.3851507902058513,0.03766235222584171,0.022611689173910484,13.823499719471759,6.624692696669409,3.144022558466604,0.754820688352386,1.7656249410947682,0.22330753335556713,0.09036107722760402,0.38137719766265654,0.5320708501056018,0.14405965619674024,1.2650456063659772,0.35264276271426565,5.5089531611368106,4.675858344402642,0.9303612788221025,1.958231842430127,3.0198897813509578,0.4567239323891821,0.48005002500593535,0.18459863923659806,0.31591960611880227,1.8830524379165474,0.13030783656620853,0.12232220668153548,2,100.0,0.0,139.33848043475493,142.49611117646577,12.930663428538432,1.0305013045163194,0.08826478101022688,0.05510738589586574,-0.052665051582012054,0.008103996968786754,0.5919831647320735,90.5,0.0,0.0,0.0,46.51412661906916,2.9090933469920133,0.010438367933359694,4.548632029223905,0.0,0.1,1.6706776463473099,0.011809688867270763,0.0,0.0,0.15,0.15,0.0,1.0,0.0036666666666666666,0.0,1.0,0.0,0.14166666666666666,0.0,False,
0.7849595226927131,0.08760612743488566,1.0460466231081613,1.3138844287161409,0.04101578312991981,0.019651752607872663,9.423248065366105,4.3473658512038345,6.4961540300052185,0.6966761081190533,1.2124459924586795,0.43623868926204923,0.06905977739880437,0.2224353344432643,0.5259298501990687,0.16166182099924684,1.2048648600756482,0.33670931771735935,9.20833882793974,5.054166002281999,0.9395506698618133,1.7182902671765152,2.6291004472991277,0.6474038608700596,0.28558713466823155,0.16241683507718374,0.14407881707936937,2.253142791110794,0.4062678756272123,0.19571902747655492,0,97.7,0.02300000000000001,129.45851469330697,113.2351957330063,10.219875507766735,0.894037416132172,0.1161183893367919,0.08486431602990223,-0.17545358287741414,0.04548310965829512,0.6939920441714088,101.6,0.0,0.0,0.45015376319607636,66.99120151155373,0.0,0.0,9.413551380908288,0.0,0.05,0.5592276680180494,0.02174251446456722,0.0,0.0,0.05,0.05,0.0,1.0,0.006999999999999999,0.0,1.0,0.0,0.14166666666666666,0.0,False,
0.7849595226927131,0.08760612743488566,1.0460466231081613,1.3138844287161409,0.04101578312991981,0.019651752607872663,9.423248065366105,4.3473658512038345,6.4961540300052185,0.6966761081190533,1.2124459924586795,0.43623868926204923,0.06905977739880437,0.2224353344432643,0.5259298501990687,0.16166182099924684,1.2048648600756482,0.33670931771735935,9.20833882793974,5.054166002281999,0.9395506698618133,1.7182902671765152,2.6291004472991277,0.6474038608700596,0.28558713466823155,0.16241683507718374,0.14407881707936937,2.253142791110794,0.4062678756272123,0.19571902747655492,1,93.25,0.06750000000000003,121.48251425190942,105.04283279844594,9.754384760483603,0.8807057370074919,0.10148196968710668,0.07668078460069107,0.15224533356409767,0.019692018550026634,0.537429645154183,100.85,0.0,0.0,1.3211034354667455,62.238400139936644,0.0,0.0,5.921836724191507,0.0,0.0,0.0,0.023479871673305827,0.0,0.0,0.1,0.1,0.0,1.0,0.007083333333333334,0.0,1.0,0.0,0.14166666666666666,0.0,False,
0.7849595226927131,0.08760612743488566,1.0460466231081613,1.3138844287161409,0.04101578312991981,0.019651752607872663,9.423248065366105,4.3473658512038345,6.4961540300052185,0.6966761081190533,1.2124459924586795,0.43623868926204923,0.06905977739880437,0.2224353344432643,0.5259298501990687,0.16166182099924684,1.2048648600756482,0.33670931771735935,9.20833882793974,5.054166002281999,0.9395506698618133,1.7182902671765152,2.6291004472991277,0.6474038608700596,0.28558713466823155,0.16241683507718374,0.14407881707936937,2.253142791110794,0.4062678756272123,0.19571902747655492,2,99.35,0.006500000000000006,131.36466296779292,113.5234283651275,10.392473200579582,0.8803826175792688,0.08535355967419438,0.085222398060247,0.05783034204864222,0.01349871973865017,0.5660813742739201,100.8,0.0,0.0,0.12721736785976068,57.82140132928286,0.0,0.0,7.261359245743881,0.0,0.0,0.0,0.018281236537730793,0.0,0.0,0.0,0.0,0.0,1.0,0.006833333333333334,0.0,1.0,0.0,0.175,0.0,False,
0.798328518957556,0.06430589643021076,1.136422402027117,1.5899392738059195,0.08553801224240126,0.02337830024942466,13.481871420078399,3.6164150452426327,2.7339030417247523,0.32047517004416337,1.8335570199585178,0.321971981951499,0.15882539229503378,0.4037402303496844,0.7646560035639283,0.14119952047670173,0.9699884034314166,0.3371751997864809,3.7270194015729756,6.13856667581281,0.6622772957585882,2.103108466774617,0.7948930685073411,0.37576779350911793,0.27185026466486706,0.08473243514007951,0.32760414692158796,2.214218924560736,0.29314643861534795,0.15570596195501893,0,99.1,0.009000000000000008,159.80532256568569,122.67054584294014,11.26194600408873,0.7744364646995885,0.08086872312223503,0.0417610014853979,-0.14706741447793512,0.06548806607882754,0.7660518394308977,104.0,0.0,0.0,0.14013536575951704,64.11645654807673,0.0,0.0014570307043135222,5.762534925940765,0.0,0.3,3.0056379239412503,0.0315280440551556,0.0,0.0,0.8,0.8,0.0,1.0,0.011583333333333334,0.0,1.0,0.0,0.21666666666666667,0.0,False,
0.798328518957556,0.06430589643021076,1.136422402027117,1.5899392738059195,0.08553801224240126,0.02337830024942466,13.481871420078399,3.6164150452426327,2.7339030417247523,0.32047517004416337,1.8335570199585178,0.321971981951499,0.15882539229503378,0.4037402303496844,0.7646560035639283,0.14119952047670173,0.9699884034314166,0.3371751997864809,3.7270194015729756,6.13856667581281,0.6622772957585882,2.103108466774617,0.7948930685073411,0.37576779350911793,0.27185026466486706,0.08473243514007951,0.32760414692158796,2.214218924560736,0.29314643861534795,0.15570596195501893,1,99.0,0.010000000000000009,159.39819966154454,121.55809256232313,11.25058178006846,0.7769823939243004,0.08396954212230569,0.06039994128713046,-0.02931658265210787,0.06440905501329289,0.6993453999873028,102.5,0.0,0.0,0.1557059619550189,64.51344810450537,0.0,0.00030637648909079827,4.682002179564108,0.0,0.2,2.2797309535036834,0.034286924013644415,0.0,0.0,0.6,0.6,0.0,1.0,0.012333333333333333,0.0,1.0,0.0,0.24166666666666667,0.0,False,
0.798328518957556,0.06430589643021076,1.136422402027117,1.5899392738059195,0.08553801224240126,0.02337830024942466,13.481871420078399,3.6164150452426327,2.7339030417247523,0.32047517004416337,1.8335570199585178,0.321971981951499,0.15882539229503378,0.4037402303496844,0.7646560035639283,0.14119952047670173,0.9699884034314166,0.3371751997864809,3.7270194015729756,6.13856667581281,0.6622772957585882,2.103108466774617,0.7948930685073411,0.37576779350911793,0.27185026466486706,0.08473243514007951,0.32760414692158796,2.214218924560736,0.29314643861534795,0.15570596195501893,2,97.55,0.024499999999999994,156.91268663595218,119.83690919270168,11.085800531774527,0.7700754454686355,0.06433086536312439,0.04142293592004005,0.03010284569822739,0.046835839613816765,0.6867477688786761,101.5,0.0,0.0,0.3814796067897964,73.93010861829855,0.0,0.02052847685555642,5.15907576745951,0.0,0.25,2.842337725863185,0.03630081457238068,0.0,0.0,0.8,0.8,0.0,1.0,0.012666666666666666,0.0,1.0,0.0,0.23333333333333334,0.0,False,
0.653064608118196,0.11847310764782668,1.37047079045926,1.4865367202228745,0.07205395110699786,0.003907589816154923,9.84216411397986,5.210824616105549,5.984055885366905,0.7151844009590791,2.4349387787561882,0.4632118276623883,0.2927636638340765,0.16459869998287163,0.4981278668907173,0.13107781912472297,1.630082412757738,0.3296274171961364,8.09719463816303,5.282427123139987,0.7727904585471934,2.244300523826719,2.693053053678428,0.29062671407337604,0.3415840617961525,0.10212744973854712,0.33031891549189357,2.5001614900377267,0.3153954890314007,0.16256993163441663,0,86.9,0.131,133.33623730135452,132.0605575593712,11.909391169090966,1.01223819080378,0.09324568314154179,0.07499778526194902,0.06447404209282334,0.03193143570692876,0.45440819122787096,85.85,0.0,0.0,2.1296661044108576,77.72156619643316,4.759277399464137,0.0,8.54908507120227,0.0,0.1,1.360815572673926,0.023824176864144554,0.0,0.0,0.2,0.2,0.0,1.0,0.006083333333333333,0.0,1.0,0.0,0.175,0.0,False,
0.653064608118196,0.11847310764782668,1.37047079045926,1.4865367202228745,0.07205395110699786,0.003907589816154923,9.84216411397986,5.210824616105549,5.984055885366905,0.7151844009590791,2.4349387787561882,0.4632118276623883,0.2927636638340765,0.16459869998287163,0.4981278668907173,0.13107781912472297,1.630082412757738,0.3296274171961364,8.09719463816303,5.282427123139987,0.7727904585471934,2.244300523826719,2.693053053678428,0.29062671407337604,0.3415840617961525,0.10212744973854712,0.33031891549189357,2.5001614900377267,0.3153954890314007,0.16256993163441663,1,94.6,0.054000000000000006,141.09403660065857,141.98661620890988,12.964653677744598,1.0223561245282373,0.10617155688759312,0.06606851546235507,0.1392601470365044,0.027528259220682177,0.4253382760363052,89.6,0.0,0.0,0.8778776308258498,57.36617723001865,4.005886378880186,0.0,5.901962167800267,0.0,0.1,1.3190405340419136,0.05525071752644709,0.0,0.03673047597700336,0.2,0.2,0.0,1.0,0.00775,0.0,1.0,0.0,0.19166666666666668,0.016666666666666666,False,
0.653064608118196,0.11847310764782668,1.37047079045926,1.4865367202228745,0.07205395110699786,0.003907589816154923,9.84216411397986,5.210824616105549,5.984055885366905,0.7151844009590791,2.4349387787561882,0.4632118276623883,0.2927636638340765,0.16459869998287163,0.4981278668907173,0.13107781912472297,1.630082412757738,0.3296274171961364,8.09719463816303,5.282427123139987,0.7727904585471934,2.244300523826719,2.693053053678428,0.29062671407337604,0.3415840617961525,0.10212744973854712,0.33031891549189357,2.5001614900377267,0.3153954890314007,0.16256993163441663,2,91.4,0.08599999999999997,136.25245969166264,138.05095714476727,12.526103024797635,1.0417400720661592,0.11149667494580677,0.10122823063677244,0.10480440193754773,0.02318052471568808,0.4358512467498511,94.8,0.0,0.0,1.398101412055983,68.37394018743576,3.5556020173374625,0.0,7.291755022503928,0.0,0.1,1.4075752572744538,0.022526269529416602,0.0,0.0,0.2,0.2,0.0,1.0,0.007833333333333333,0.0008333333333333333,1.0,0.0,0.19166666666666668,0.0,False,
0.64669590789033,0.09751452945069225,1.3341916244741765,1.457550489117403,0.05411936178620248,0.005697815046628288,9.209731751294486,7.643169974682017,2.342143004020704,0.3549367356905605,2.463575365061523,0.40464571028321156,0.08447513347260498,0.3347527146855088,0.5774906382693973,0.15997713615426412,1.5985319119523358,0.48368903362733806,3.8783080063934925,8.330586050015377,0.8591320994055219,1.3739196280172474,3.5650227237940824,0.7376680515589873,0.25310848974060474,0.07455181584858203,0.1398399387740905,1.7850187411617466,0.16838221691506433,0.12071954199310375,0,100.0,0.0,146.23528874607126,145.22563385515932,13.341916244741762,1.0080370858611156,0.09747731885597337,0.0616355675712049,0.11742711998219571,0.004521125375327693,0.43822451863000567,92.75,0.0,0.0,0.0,64.81345823923343,3.4879958543031164,0.0,8.665856024305047,0.0,0.1,0.968309182826248,0.03695681021638415,0.0,0.0,0.1,0.1,0.0,1.0,0.00525,0.0,1.0,0.0,0.325,0.0,False,
0.64669590789033,0.09751452945069225,1.3341916244741765,1.457550489117403,0.05411936178620248,0.005697815046628288,9.209731751294486,7.643169974682017,2.342143004020704,0.3549367356905605,2.463575365061523,0.40464571028321156,0.08447513347260498,0.3347527146855088,0.5774906382693973,0.15997713615426412,1.5985319119523358,0.48368903362733806,3.8783080063934925,8.330586050015377,0.8591320994055219,1.3739196280172474,3.5650227237940824,0.7376680515589873,0.25310848974060474,0.07455181584858203,0.1398399387740905,1.7850187411617466,0.16838221691506433,0.12071954199310375,1,90.9,0.091,136.13125885381362,133.94309522429765,12.127801866470266,1.007763161422462,0.09709413219734825,0.07875612422850099,0.06146035611653365,0.014398857733129395,0.4598305301083684,95.9,0.0,0.0,1.0985478321372442,17.17820425740938,2.864242586262618,0.0,0.08629905920724035,0.0,0.0,0.0,0.05905307377397328,0.0,0.35292818664153297,0.0,0.0,0.0,1.0,0.005666666666666666,0.0,1.0,0.0,0.19166666666666668,0.025,False,
0.64669590789033,0.09751452945069225,1.3341916244741765,1.457550489117403,0.05411936178620248,0.005697815046628288,9.209731751294486,7.643169974682017,2.342143004020704,0.3549367356905605,2.463575365061523,0.40464571028321156,0.08447513347260498,0.3347527146855088,0.5774906382693973,0.15997713615426412,1.5985319119523358,0.48368903362733806,3.8783080063934925,8.330586050015377,0.8591320994055219,1.3739196280172474,3.5650227237940824,0.7376680515589873,0.25310848974060474,0.07455181584858203,0.1398399387740905,1.7850187411617466,0.16838221691506433,0.12071954199310375,2,100.0,0.0,144.12070948669702,145.0697276877329,13.341916244741764,1.0251810406866062,0.1027388643446889,0.07884244925170329,0.10842771235774,0.006144112843144762,0.44137574726000217,96.4,0.0,0.0,0.0,72.32692140266182,2.1870370714105944,0.0,9.26796260214158,0.0,0.1,0.932688690010921,0.031815971299740654,0.0,0.0,0.1,0.1,0.0,1.0,0.0051666666666666675,0.0,1.0,0.0,0.25833333333333336,0.0,False,
0.7609940141218982,0.09616408920231727,1.2807979679375743,1.427067973113257,0.06832820258607876,0.010426402840726967,15.405341610040503,3.4071198222074797,7.436695231333253,0.6161753608183003,1.9923320855297502,0.30193147853946195,0.32515896517086496,0.11875054085361707,0.810428227758083,0.15259171237008914,1.5840813539827958,0.4907677582827859,10.390584807450834,8.451928994739882,0.7265990125887709,1.3509562646960795,0.6735391823200181,0.3872857672732669,0.49071543917653787,0.3112899764700261,0.2746582656227435,2.5606158772057754,0.11378598488497992,0.22247505748319774,0,96.25,0.03750000000000001,136.07048661227796,131.92165035787366,12.327680441399155,0.9794322128856674,0.08895481643779649,0.0550885472975101,0.06567014937944725,0.05188852742404928,0.46232522481475985,98.95,0.0,0.0,0.8342814655619917,90.9693738578014,0.0,0.0,4.694179233108379,0.0,0.3,3.7575114791252466,0.04831019333248547,0.0,0.3167888508267438,0.85,0.85,0.0,1.0,0.012,0.0,1.0,0.0,0.18333333333333332,0.016666666666666666,False,
0.7609940141218982,0.09616408920231727,1.2807979679375743,1.427067973113257,0.06832820258607876,0.010426402840726967,15.405341610040503,3.4071198222074797,7.436695231333253,0.6161753608183003,1.9923320855297502,0.30193147853946195,0.32515896517086496,0.11875054085361707,0.810428227758083,0.15259171237008914,1.5840813539827958,0.4907677582827859,10.390584807450834,8.451928994739882,0.7265990125887709,1.3509562646960795,0.6735391823200181,0.3872857672732669,0.49071543917653787,0.3112899764700261,0.2746582656227435,2.5606158772057754,0.11378598488497992,0.22247505748319774,1,95.65,0.0435,135.81440361163268,132.42037826250123,12.250832563322898,0.9851723648383912,0.09547942482421115,0.05666254556120002,0.07428462499549496,0.05177390101212516,0.45694124311397416,99.2,0.0,0.0,0.9677665000519102,76.71313864483253,0.2250100191108444,0.0,5.469033955274752,0.0,0.25,2.9948463556532094,0.05061172974262921,0.0,0.22259681298376374,0.7,0.7,0.0,1.0,0.011000000000000001,0.0,1.0,0.0,0.2,0.025,False,
0.7609940141218982,0.09616408920231727,1.2807979679375743,1.427067973113257,0.06832820258607876,0.010426402840726967,15.405341610040503,3.4071198222074797,7.436695231333253,0.6161753608183003,1.9923320855297502,0.30193147853946195,0.32515896517086496,0.11875054085361707,0.810428227758083,0.15259171237008914,1.5840813539827958,0.4907677582827859,10.390584807450834,8.451928994739882,0.7265990125887709,1.3509562646960795,0.6735391823200181,0.3872857672732669,0.49071543917653787,0.3112899764700261,0.2746582656227435,2.5606158772057754,0.11378598488497992,0.22247505748319774,2,99.2,0.008000000000000007,142.5325366957107,139.12640338921994,12.705515841940734,0.985104670341606,0.0821323084247226,0.05711618600089269,-0.21800651498111745,0.08396330780329483,0.6019452487696668,102.55,0.0,0.0,0.1779800459865582,59.18784414590177,0.0,0.2994855698217367,4.633459598208761,0.0,0.15,1.7786831430718433,0.05609765391182759,0.0,0.21109142641949566,0.45,0.45,0.0,1.0,0.013666666666666667,0.0008333333333333333,1.0,0.0,0.25,0.016666666666666666,False,
0.5339332337147296,0.11901505687224839,1.013204736813209,1.0780302496694911,0.08344939157440502,0.013615336686789188,8.170440724787731,6.391161170924425,2.2832844563988535,0.5216056850698338,2.277461976423998,0.1834427220865712,0.10085690741485498,0.3648981469153537,0.5729962766770967,0.13991538384879243,1.8969806114500776,0.4778810103339389,3.37764438315698,8.738080202173327,0.6927456093610449,2.188006568846631,2.7640806472183206,0.4289798510671398,0.4410517834834552,0.30029151073733984,0.1886322778222374,2.029071736604587,0.4014700454849541,0.07559222517285326,0,99.25,0.007500000000000007,110.9716441532594,110.33338102893099,10.056057012871099,1.0283489730807556,0.08512733927274532,0.10129432446036946,0.023870893412641394,0.012759857269926376,0.41100122329224964,58.3,0.0,0.0,0.05669416887963995,26.023516859456254,17.5920698445208,0.0467068119975283,4.883881633919929,0.0,0.15,1.8016181335425987,0.015630897499031376,0.0,0.0,0.3,0.3,0.0,1.0,0.004583333333333333,0.0008333333333333333,1.0,0.0,0.15833333333333333,0.0,False,
0.5339332337147296,0.11901505687224839,1.013204736813209,1.0780302496694911,0.08344939157440502,0.013615336686789188,8.170440724787731,6.391161170924425,2.2832844563988535,0.5216056850698338,2.277461976423998,0.1834427220865712,0.10085690741485498,0.3648981469153537,0.5729962766770967,0.13991538384879243,1.8969806114500776,0.4778810103339389,3.37764438315698,8.738080202173327,0.6927456093610449,2.188006568846631,2.7640806472183206,0.4289798510671398,0.4410517834834552,0.30029151073733984,0.1886322778222374,2.029071736604587,0.4014700454849541,0.07559222517285326,1,100.0,0.0,110.87110208843612,111.51437725701153,10.132047368132088,1.0337458907001393,0.093888364667618,0.09042407645159965,-0.0254900304115041,0.007683795708284554,0.4267640311744237,64.0,0.0,0.0,0.0,25.33299044879222,16.4167716287214,0.016854767179802665,7.01276856407784,0.0,0.05,0.6100556646937495,0.012905120627997346,0.0,0.0,0.05,0.05,0.0,1.0,0.00425,0.0008333333333333333,1.0,0.0,0.14166666666666666,0.0,False,
0.5339332337147296,0.11901505687224839,1.013204736813209,1.0780302496694911,0.08344939157440502,0.013615336686789188,8.170440724787731,6.391161170924425,2.2832844563988535,0.5216056850698338,2.277461976423998,0.1834427220865712,0.10085690741485498,0.3648981469153537,0.5729962766770967,0.13991538384879243,1.8969806114500776,0.4778810103339389,3.37764438315698,8.738080202173327,0.6927456093610449,2.188006568846631,2.7640806472183206,0.4289798510671398,0.4410517834834552,0.30029151073733984,0.1886322778222374,2.029071736604587,0.4014700454849541,0.07559222517285326,2,100.0,0.0,108.6037549478984,111.60123284822137,10.132047368132088,1.0686408951098825,0.10877245998363685,0.128262392900989,-0.0506832626486046,0.012132829117150835,0.4366996793133298,56.85,0.0,0.0,0.0,14.824613366441122,16.565819929900954,0.0,2.4287458478111343,0.0,0.05,0.7373425993500311,0.010935228549433598,0.0,0.0,0.1,0.1,0.0,1.0,0.0034999999999999996,0.0016666666666666666,1.0,0.0,0.11666666666666667,0.0,False,
0.6291987907489895,0.07074707404496819,1.1716888723980046,1.3665472011260684,0.07755932541301337,0.014801350519725642,18.87962502209741,4.199729381574562,3.5342894139276284,0.33600337151585846,1.2154694091075005,0.16504277175639392,0.3018314575010551,0.3808568679895562,0.6961825550920819,0.0690201408690306,2.4986084164373907,0.45071687562549134,7.374364949049685,7.719599114318019,0.6840945158424299,1.2202910947101178,2.868046742238507,0.3951564179775401,0.2899376773283472,0.06069079158956022,0.18157293620656784,2.7657297418664903,0.369875833948887,0.11042067715560447,0,97.6,0.024,135.71955845254632,125.60825915351288,11.435683394604528,0.9404957287027382,0.09137930080590453,0.07500011246637503,-0.03950598678521571,0.02435629046568245,0.3484100776184406,98.45,0.0,0.0,0.2650096251734507,76.59384012660743,1.281331316179982,0.0026228567474325336,6.684171850022061,0.0,0.25,2.547816960907414,0.027453298776705916,0.0,0.0,0.55,0.55,0.0,1.0,0.008166666666666666,0.0,1.0,0.0,0.275,0.0,False,
0.6291987907489895,0.07074707404496819,1.1716888723980046,1.3665472011260684,0.07755932541301337,0.014801350519725642,18.87962502209741,4.199729381574562,3.5342894139276284,0.33600337151585846,1.2154694091075005,0.16504277175639392,0.3018314575010551,0.3808568679895562,0.6961825550920819,0.0690201408690306,2.4986084164373907,0.45071687562549134,7.374364949049685,7.719599114318019,0.6840945158424299,1.2202910947101178,2.868046742238507,0.3951564179775401,0.2899376773283472,0.06069079158956022,0.18157293620656784,2.7657297418664903,0.369875833948887,0.11042067715560447,1,97.05,0.029500000000000005,134.48515951923022,124.3127665938891,11.371240506622636,0.9401423532708941,0.09198553096611853,0.07944069603359663,0.011675328806427836,0.04146233055623601,0.33272938541428176,96.75,0.0,0.0,0.3257409976090332,58.56720250787298,1.2906208212652737,0.01978749617165455,5.346515823032382,0.0,0.2,2.260163223062807,0.03337260944902652,0.0,0.0,0.5,0.5,0.0,1.0,0.008583333333333333,0.0,1.0,0.0,0.24166666666666667,0.0,False,
0.6291987907489895,0.07074707404496819,1.1716888723980046,1.3665472011260684,0.07755932541301337,0.014801350519725642,18.87962502209741,4.199729381574562,3.5342894139276284,0.33600337151585846,1.2154694091075005,0.16504277175639392,0.3018314575010551,0.3808568679895562,0.6961825550920819,0.0690201408690306,2.4986084164373907,0.45071687562549134,7.374364949049685,7.719599114318019,0.6840945158424299,1.2202910947101178,2.868046742238507,0.3951564179775401,0.2899376773283472,0.06069079158956022,0.18157293620656784,2.7657297418664903,0.369875833948887,0.11042067715560447,2,97.3,0.027000000000000014,134.86509906951497,122.76166621472335,11.400532728432584,0.9339267004811227,0.06826299261884615,0.10819936020583627,-0.048359350076820046,0.04502189228690302,0.3535187568957385,101.35,0.0,0.0,0.29813582832013213,75.48448870284838,0.6390779535342482,0.4754445996347624,6.584602470295525,0.0,0.3,2.985851401434379,0.03390305181908657,0.0,0.0,0.65,0.65,0.0,1.0,0.009833333333333333,0.0016666666666666666,1.0,0.0,0.31666666666666665,0.0,False,
0.7084323651926975,0.051112848367570865,1.2706664701509012,1.6667170476532838,0.09646824447630219,0.007410068371399998,14.839537808041172,6.032311760010931,4.856203514180063,0.5856412898585488,2.1312681892620384,0.4391276567637714,0.29460395584693755,0.275133748610152,0.7512423617253192,0.12637340054781399,2.344850568769652,0.37875003159926157,9.825999052779652,11.13705674353179,0.6410306260092489,2.136900335694429,3.1700123188399973,0.7443042309721718,0.5309353113907075,0.12691422684120893,0.2749408984585019,2.7534280550226153,0.18802255481454447,0.11494251130592217,0,91.4,0.086,152.60420980320737,125.5084555832946,11.613891537179237,0.8323373522259014,0.08885867456169137,0.04811482602599342,0.11370158081761891,0.020010918758920887,0.32169258546505425,106.35,0.0,0.0,0.988505597230931,69.57889275629515,0.0,0.0,2.225836286668209,0.0,0.2,2.1137721961564115,0.07424087113734595,0.0,1.5885025760102987,0.3,0.3,0.0,1.0,0.011083333333333334,0.0,1.0,0.0,0.275,0.03333333333333333,False,
0.7084323651926975,0.051112848367570865,1.2706664701509012,1.6667170476532838,0.09646824447630219,0.007410068371399998,14.839537808041172,6.032311760010931,4.856203514180063,0.5856412898585488,2.1312681892620384,0.4391276567637714,0.29460395584693755,0.275133748610152,0.7512423617253192,0.12637340054781399,2.344850568769652,0.37875003159926157,9.825999052779652,11.13705674353179,0.6410306260092489,2.136900335694429,3.1700123188399973,0.7443042309721718,0.5309353113907075,0.12691422684120893,0.2749408984585019,2.7534280550226153,0.18802255481454447,0.11494251130592217,1,99.3,0.007000000000000006,165.15768665624233,135.51418343786378,12.617718048598448,0.8341730433938979,0.09162017895962425,0.057474767029143156,0.0706874658629711,0.02182055791860083,0.33284621555205585,105.8,0.0,0.0,0.08045975791414553,82.06448972485701,0.0,0.0,4.889732804781036,0.0,0.15,2.148658758262942,0.08059644610090651,0.0,1.9060808607460267,0.35,0.35,0.0,1.0,0.010916666666666665,0.0,1.0,0.0,0.25833333333333336,0.03333333333333333,False,
0.7084323651926975,0.051112848367570865,1.2706664701509012,1.6667170476532838,0.09646824447630219,0.007410068371399998,14.839537808041172,6.032311760010931,4.856203514180063,0.5856412898585488,2.1312681892620384,0.4391276567637714,0.29460395584693755,0.275133748610152,0.7512423617253192,0.12637340054781399,2.344850568769652,0.37875003159926157,9.825999052779652,11.13705674353179,0.6410306260092489,2.136900335694429,3.1700123188399973,0.7443042309721718,0.5309353113907075,0.12691422684120893,0.2749408984585019,2.7534280550226153,0.18802255481454447,0.11494251130592217,2,90.45,0.09550000000000003,147.37423805095779,122.85968738369866,11.493178222514901,0.8477041472959292,0.09688497028084445,0.06590327015339878,0.1784709234770293,0.020988271066264375,0.3067183468985221,105.05,0.0,0.0,1.0977009829715567,101.35095132622703,0.0,0.0,4.350445887868342,0.0,0.3,2.5248344906100106,0.08731078520944142,0.0,1.7374416506143313,0.35,0.35,0.0,1.0,0.011083333333333334,0.0008333333333333333,1.0,0.0,0.275,0.041666666666666664,False,
0.7042082331315775,0.060914693574714865,1.1745731438589877,0.9730233743353581,0.06684114480020793,0.025009973776315458,14.69354913606999,4.878718265026256,2.562744421026697,0.3461524205590938,1.6629171249088759,0.10224673879409105,0.262043870368451,0.3141871841338841,0.6979932287211617,0.1803549489415762,2.079960470504565,0.2214683361403358,4.797098570917244,6.618082148633569,0.3252994671889981,1.8994923123679777,2.930174117298338,0.3033561556238472,0.23177191262753855,0.270095513157267,0.20566668857733755,2.2385308180475496,0.1079053667578733,0.18710640906567266,0,99.05,0.009500000000000008,98.24821743169042,126.87636572985006,11.634146989923272,1.332743617944208,0.09414052025543049,0.12954535886351876,-0.053107664472704416,0.04640617566698981,0.40727368879987785,102.7,0.0,0.0,0.17775108861238903,70.67110605712412,0.0,0.009411200537796805,6.9844733437278546,0.0,0.25,2.668417640255412,0.05231022348681794,0.0,1.3842538752004263,0.45,0.45,0.0,1.0,0.011000000000000001,0.004166666666666667,1.0,0.0,0.21666666666666667,0.03333333333333333,False,
0.7042082331315775,0.060914693574714865,1.1745731438589877,0.9730233743353581,0.06684114480020793,0.025009973776315458,14.69354913606999,4.878718265026256,2.562744421026697,0.3461524205590938,1.6629171249088759,0.10224673879409105,0.262043870368451,0.3141871841338841,0.6979932287211617,0.1803549489415762,2.079960470504565,0.2214683361403358,4.797098570917244,6.618082148633569,0.3252994671889981,1.8994923123679777,2.930174117298338,0.3033561556238472,0.23177191262753855,0.270095513157267,0.20566668857733755,2.2385308180475496,0.1079053667578733,0.18710640906567266,1,88.9,0.11099999999999999,91.97622992527099,112.29876470768188,10.441955248906401,1.2703492940016203,0.04310131819983604,0.1429878358690422,0.10673811883814861,0.056988709891550395,0.37894832281418145,99.95,0.0,0.0,2.076881140628966,117.55253606553394,0.0,0.0,6.66572352509545,0.0,0.4,5.179392916404184,0.04246558039677709,0.0,1.427137242103096,1.0,1.0,0.0,1.0,0.01,0.0016666666666666666,1.0,0.0,0.15833333333333333,0.025,False,
0.7042082331315775,0.060914693574714865,1.1745731438589877,0.9730233743353581,0.06684114480020793,0.025009973776315458,14.69354913606999,4.878718265026256,2.562744421026697,0.3461524205590938,1.6629171249088759,0.10224673879409105,0.262043870368451,0.3141871841338841,0.6979932287211617,0.1803549489415762,2.079960470504565,0.2214683361403358,4.797098570917244,6.618082148633569,0.3252994671889981,1.8994923123679777,2.930174117298338,0.3033561556238472,0.23177191262753855,0.270095513157267,0.20566668857733755,2.2385308180475496,0.1079053667578733,0.18710640906567266,2,95.95,0.04049999999999998,95.47266270623112,122.67296917301253,11.270029315326987,1.3322533712882654,0.07289578967506265,0.16234362247645429,0.045152999617821855,0.05118628514322743,0.3810079373034349,101.25,0.0,0.0,0.7577809567159742,92.76101630462861,0.0,0.0,7.196689350454666,0.0,0.2,2.1138424255055157,0.057188978402116515,0.0,0.8418676095119477,0.4,0.4,0.0,1.0,0.0095,0.004166666666666667,1.0,0.0,0.2,0.03333333333333333,False,
0.6498101932691274,0.09509963916710396,1.206125404386691,1.433639194386048,0.05202650511294904,0.021288603204971154,18.630609639120486,5.172015776468654,6.038907383328871,0.45711036824781415,1.071538181099461,0.19096848295702185,0.176833738485773,0.3294787739807611,0.5668915822712304,0.12604056085347062,1.157892163926281,0.28258765808169817,9.968182272224476,10.82256929715859,0.9350556525459872,1.643347774340694,1.8092161806637257,0.3852494067132407,0.6664502309978657,0.20073654026306756,0.10276429707824594,1.543815008120107,0.11708946935927549,0.11903794873023979,0,99.8,0.0020000000000000018,146.22960238978345,131.10952792992197,12.037131535779178,0.9073489057115331,0.07397564046792737,0.06551690242067706,-0.1324532831189445,0.03698359673659479,0.671604000396105,95.75,0.0,0.0,0.023807589746047957,72.61345460050802,2.5900634848479482,0.0,4.478051791910591,0.0,0.2,2.249263037212226,0.024150881299346328,0.0,0.0,0.35,0.35,0.0,1.0,0.006750000000000001,0.0,1.0,0.0,0.225,0.0,False,
0.6498101932691274,0.09509963916710396,1.206125404386691,1.433639194386048,0.05202650511294904,0.021288603204971154,18.630609639120486,5.172015776468654,6.038907383328871,0.45711036824781415,1.071538181099461,0.19096848295702185,0.176833738485773,0.3294787739807611,0.5668915822712304,0.12604056085347062,1.157892163926281,0.28258765808169817,9.968182272224476,10.82256929715859,0.9350556525459872,1.643347774340694,1.8092161806637257,0.3852494067132407,0.6664502309978657,0.20073654026306756,0.10276429707824594,1.543815008120107,0.11708946935927549,0.11903794873023979,1,91.55,0.08449999999999998,130.35782261435708,118.55814118850813,11.042078077160156,0.916912861527444,0.08750838881226791,0.0569567371231114,0.2314103919093077,0.035212686782592886,0.5193681764415766,94.3,0.0,0.0,1.0058706667705264,100.5210572168244,2.491664585747551,0.0,5.6376121988675845,0.0,0.15,1.7350962920459438,0.02842086454020026,0.0,0.0,0.35,0.35,0.0,1.0,0.0069166666666666664,0.0,1.0,0.0,0.18333333333333332,0.0,False,
0.6498101932691274,0.09509963916710396,1.206125404386691,1.433639194386048,0.05202650511294904,0.021288603204971154,18.630609639120486,5.172015776468654,6.038907383328871,0.45711036824781415,1.071538181099461,0.19096848295702185,0.176833738485773,0.3294787739807611,0.5668915822712304,0.12604056085347062,1.157892163926281,0.28258765808169817,9.968182272224476,10.82256929715859,0.9350556525459872,1.643347774340694,1.8092161806637257,0.3852494067132407,0.6664502309978657,0.20073654026306756,0.10276429707824594,1.543815008120107,0.11708946935927549,0.11903794873023979,2,93.75,0.0625,133.66561246801524,121.59276416988205,11.30742566612523,0.9227211301094103,0.07997967509736124,0.07951976743831253,0.236746358130599,0.023079392854079204,0.5233027280757321,92.2,0.0,0.0,0.7439871795639987,145.21300673567188,1.6187455307230247,0.0,7.870484792244021,0.0,0.2,2.802011000388533,0.02165359528428769,0.0,0.0,0.5,0.5,0.0,1.0,0.006750000000000001,0.0,1.0,0.0,0.2,0.0,False,
0.6139740369976239,0.10696846784677877,0.9816209820995495,1.5823082183409178,0.050182621982707384,0.012166200236278594,13.937652513372068,6.785538730031488,3.734047196022515,0.3996016809237307,1.971012448902914,0.238007246344894,0.16189124237256936,0.19337065804049947,0.8429463599445067,0.1295613288734462,2.1769399973120995,0.305751768711937,3.4923987193392056,8.836976848203433,0.8244072761961561,2.2260129232340344,2.793365739937063,0.40943937290380084,0.47329744795566303,0.0882554736498701,0.25712698029369574,1.7980689868944983,0.3987899231587742,0.21499139703779988,0,83.15,0.16850000000000004,133.5456492364461,92.12278842097729,8.162178466157753,0.6939774316625518,0.11662813018545355,0.028996711582780527,0.0833646591701084,0.044992187616352805,0.3511729127756626,77.6,0.0,0.0,3.6226050400869285,157.30921202315193,4.232901045033278,0.0,15.015563836413282,0.0,0.2,6.518014197327874,0.010132477639435386,0.0,0.0,1.05,1.05,0.0,1.0,0.008833333333333334,0.0,1.0,0.0,0.15,0.0,False,
0.6139740369976239,0.10696846784677877,0.9816209820995495,1.5823082183409178,0.050182621982707384,0.012166200236278594,13.937652513372068,6.785538730031488,3.734047196022515,0.3996016809237307,1.971012448902914,0.238007246344894,0.16189124237256936,0.19337065804049947,0.8429463599445067,0.1295613288734462,2.1769399973120995,0.305751768711937,3.4923987193392056,8.836976848203433,0.8244072761961561,2.2260129232340344,2.793365739937063,0.40943937290380084,0.47329744795566303,0.0882554736498701,0.25712698029369574,1.7980689868944983,0.3987899231587742,0.21499139703779988,1,93.25,0.0675,144.96260832494642,101.90273567551677,9.153615658078298,0.7089757200550613,0.14115946413574043,0.03581234943491098,-0.013668870753800369,0.048810744578839875,0.3831664056049118,72.4,0.0,0.0,1.4511919300051492,119.6889666639709,4.4728722282778115,0.0,14.590370865662544,0.0,0.15,4.712188686289148,0.011320989528101877,0.0,0.0,0.65,0.65,0.0,1.0,0.0095,0.0,1.0,0.0,0.15833333333333333,0.0,False,
0.6139740369976239,0.10696846784677877,0.9816209820995495,1.5823082183409178,0.050182621982707384,0.012166200236278594,13.937652513372068,6.785538730031488,3.734047196022515,0.3996016809237307,1.971012448902914,0.238007246344894,0.16189124237256936,0.19337065804049947,0.8429463599445067,0.1295613288734462,2.1769399973120995,0.305751768711937,3.4923987193392056,8.836976848203433,0.8244072761961561,2.2260129232340344,2.793365739937063,0.40943937290380084,0.47329744795566303,0.0882554736498701,0.25712698029369574,1.7980689868944983,0.3987899231587742,0.21499139703779988,2,92.85,0.07149999999999998,143.73548623588314,101.78357630627578,9.114350818794318,0.711531125550967,0.13349733327336696,0.028886597584958873,0.08489985009977295,0.037832806222008145,0.3506875337975042,80.05,0.0,0.0,1.5371884888202694,129.83361886467407,3.58518408987932,0.009572512179798315,13.789990273423154,0.0,0.1,3.474304108736952,0.010093778643562945,0.0,0.0,0.6,0.6,0.0,1.0,0.008583333333333333,0.0,1.0,0.0,0.14166666666666666,0.0,False,
0.6923660307110256,0.11671418992701113,1.1910373544198574,1.2919604391816797,0.030629293242105133,0.02089850205981564,14.367330622742376,3.825789676638515,6.968845187676667,0.2854484602036434,1.08032883289877,0.3597100899544108,0.21227854327948825,0.22688700270446718,0.7371375909863342,0.17933114924187057,1.3805004044779203,0.43081904180083064,6.8485035673732915,4.365511224498594,0.4446248909970194,1.9957006570875073,2.137129357425891,0.5851004344063395,0.2149690515237906,0.29708810868835295,0.12023477020085896,2.3823078804585407,0.4045564360094719,0.17073419955271354,0,99.75,0.0025000000000000022,126.80668631232042,128.96730535799927,11.880597610338075,1.0302679997590467,0.11255014302950336,0.08113068437355761,-0.1761900155868596,0.015774670381449692,0.6470602692777632,97.95,0.0,0.0,0.042683549888178386,59.330477658064844,2.721669127347517,0.0,5.111517526776,0.0,0.0,0.0,0.012104056546084442,0.0,0.0,0.05,0.05,0.0,1.0,0.00575,0.0,1.0,0.0,0.10833333333333334,0.0,False,
0.6923660307110256,0.11671418992701113,1.1910373544198574,1.2919604391816797,0.030629293242105133,0.02089850205981564,14.367330622742376,3.825789676638515,6.968845187676667,0.2854484602036434,1.08032883289877,0.3597100899544108,0.21227854327948825,0.22688700270446718,0.7371375909863342,0.17933114924187057,1.3805004044779203,0.43081904180083064,6.8485035673732915,4.365511224498594,0.4446248909970194,1.9957006570875073,2.137129357425891,0.5851004344063395,0.2149690515237906,0.29708810868835295,0.12023477020085896,2.3823078804585407,0.4045564360094719,0.17073419955271354,1,100.0,0.0,129.15137835854227,129.7571178589155,11.91037354419857,1.0162713395306224,0.09889562594561026,0.0740709847889989,-0.3351307838175879,0.007891993468763302,0.7204866678748623,96.8,0.0,0.0,0.0,50.710536365054324,2.4364574994113695,0.0,4.6172474764917855,0.0,0.0,0.0,0.012889633328027676,0.0,0.0,0.0,0.0,0.0,1.0,0.00575,0.0,1.0,0.0,0.08333333333333333,0.0,False,
0.6923660307110256,0.11671418992701113,1.1910373544198574,1.2919604391816797,0.030629293242105133,0.02089850205981564,14.367330622742376,3.825789676638515,6.968845187676667,0.2854484602036434,1.08032883289877,0.3597100899544108,0.21227854327948825,0.22688700270446718,0.7371375909863342,0.17933114924187057,1.3805004044779203,0.43081904180083064,6.8485035673732915,4.365511224498594,0.4446248909970194,1.9957006570875073,2.137129357425891,0.5851004344063395,0.2149690515237906,0.29708810868835295,0.12023477020085896,2.3823078804585407,0.4045564360094719,0.17073419955271354,2,99.9,0.0010000000000000009,131.10095574474582,132.9070749304151,11.89846317065437,1.0258905072466087,0.09378674858278903,0.08056615291378633,-0.33665059222442245,0.026750811715950507,0.7650991786594145,95.55,0.0,0.0,0.017073419955271354,64.19655567435524,1.6272068996117461,0.016095708045003165,6.594371968408973,0.0,0.1,1.05247838681023,0.011611175030871999,0.0,0.0,0.15,0.15,0.0,1.0,0.0055000000000000005,0.0,1.0,0.0,0.10833333333333334,0.0,False,
0.697684071289467,0.06310030838685622,1.2002717702092105,1.1266994044458671,0.09556375017144826,0.012437939636880188,15.537193458061612,3.942955503487971,6.842479955425365,0.7635417803956475,2.2301635822810084,0.33395296551359943,0.11877432628263518,0.27031672455294686,0.4892407425316727,0.18538430526714447,2.070058323733586,0.27359847595228826,9.268414488428638,8.886168804377114,0.5538464356437846,2.2967547271426585,1.6903700867444829,0.5539823525187021,0.5198823481417078,0.0821990270879899,0.3183523814590552,1.9204651201819785,0.3494432797305832,0.08768557209491523,0,98.5,0.015000000000000013,111.56403134531494,127.40279947912511,11.822676936560724,1.1801488964368003,0.09950443952933975,0.11279583658352903,-0.002235285037368895,0.04302514900149223,0.39096654542803827,106.1,0.0,0.0,0.13152835814237282,60.147392494735435,0.0,0.0,5.253556722111178,0.0,0.35,3.3178095842207243,0.09062139946373869,0.0,1.160957488354862,0.75,0.75,0.0,1.0,0.01916666666666667,0.0025,1.0,0.0,0.35833333333333334,0.03333333333333333,False,
0.697684071289467,0.06310030838685622,1.2002717702092105,1.1266994044458671,0.09556375017144826,0.012437939636880188,15.537193458061612,3.942955503487971,6.842479955425365,0.7635417803956475,2.2301635822810084,0.33395296551359943,0.11877432628263518,0.27031672455294686,0.4892407425316727,0.18538430526714447,2.070058323733586,0.27359847595228826,9.268414488428638,8.886168804377114,0.5538464356437846,2.2967547271426585,1.6903700867444829,0.5539823525187021,0.5198823481417078,0.0821990270879899,0.3183523814590552,1.9204651201819785,0.3494432797305832,0.08768557209491523,1,91.55,0.08449999999999999,105.56551465029247,116.41643818497414,10.988488056265322,1.14624213495978,0.06901602419055285,0.12271534594021585,0.032508264954466536,0.08244494084123463,0.4019974499768608,104.1,0.0,0.0,0.7409430842020337,73.45561632547037,0.2774252788297743,12.295461473632125,6.079905236219998,0.0,0.2,1.7514021300489653,0.14737932298887516,0.0,1.3647326317584183,0.4,0.4,0.0,1.0,0.024833333333333332,0.005833333333333334,1.0,0.0,0.30833333333333335,0.09166666666666666,False,
0.697684071289467,0.06310030838685622,1.2002717702092105,1.1266994044458671,0.09556375017144826,0.012437939636880188,15.537193458061612,3.942955503487971,6.842479955425365,0.7635417803956475,2.2301635822810084,0.33395296551359943,0.11877432628263518,0.27031672455294686,0.4892407425316727,0.18538430526714447,2.070058323733586,0.27359847595228826,9.268414488428638,8.886168804377114,0.5538464356437846,2.2967547271426585,1.6903700867444829,0.5539823525187021,0.5198823481417078,0.0821990270879899,0.3183523814590552,1.9204651201819785,0.3494432797305832,0.08768557209491523,2,94.85,0.051499999999999976,109.05373885373619,123.38800565855604,11.384577740434363,1.1611552302734063,0.06644681568080892,0.1096928696357049,0.03574474658407582,0.03705267201302448,0.3826121338106764,106.05,0.0,0.0,0.4515806962888135,67.15614059072036,0.0,0.0006638252038154935,5.250869811306697,0.0,0.45,4.609797448425488,0.07304382275673955,0.0,1.2434290925691367,1.0,1.0,0.0,1.0,0.01425,0.003333333333333333,1.0,0.0,0.3,0.041666666666666664,False,
0.6047826751930435,0.10255446014499872,1.1240781617381093,1.3205142768593896,0.08417105100783386,0.005126077673776093,7.702307119049265,7.404152017997294,4.186950997710368,0.3076073384170458,2.195921920791185,0.34420064764856484,0.08057599034859615,0.4324671859601003,0.7045459733674303,0.05853474546544759,2.224392752051296,0.5769743266667191,10.699067499899419,8.106260298163846,0.42927479864414747,2.78356064558519,1.188055891377642,0.2738299780119383,0.6302854598927978,0.2391540021650609,0.19442354247364896,1.5326512445220901,0.3534743833134069,0.07486199520481894,0,89.0,0.11000000000000001,118.293832976831,109.27787754221356,10.00429563946917,0.9445590379916566,0.10376418627593173,0.07745643986896253,0.15338198316153787,0.01367510547385766,0.3262383275902829,83.35,0.0,0.0,0.8234819472530084,51.35706837621543,6.590517483243201,0.0,1.2534568942866864,0.0,0.15,2.2608903265886537,0.054621571851952176,0.0,0.0,0.25,0.25,0.0,1.0,0.005666666666666666,0.0,1.0,0.0,0.25833333333333336,0.0,False,
0.6047826751930435,0.10255446014499872,1.1240781617381093,1.3205142768593896,0.08417105100783386,0.005126077673776093,7.702307119049265,7.404152017997294,4.186950997710368,0.3076073384170458,2.195921920791185,0.34420064764856484,0.08057599034859615,0.4324671859601003,0.7045459733674303,0.05853474546544759,2.224392752051296,0.5769743266667191,10.699067499899419,8.106260298163846,0.42927479864414747,2.78356064558519,1.188055891377642,0.2738299780119383,0.6302854598927978,0.2391540021650609,0.19442354247364896,1.5326512445220901,0.3534743833134069,0.07486199520481894,1,94.8,0.052000000000000005,123.40540417738764,115.67643336585195,10.656260973277274,0.9622547230120636,0.12567656946093766,0.0828843067522621,0.013602300067817635,0.011453907340290467,0.36770546983420205,81.25,0.0,0.0,0.3892823750650584,50.30616180063201,5.47364129146621,0.0,4.639013924929669,0.0,0.1,1.202165858353601,0.10502078242295548,0.0,0.07367322573141481,0.15,0.15,0.0,1.0,0.006583333333333333,0.0,1.0,0.0,0.31666666666666665,0.016666666666666666,False,
0.6047826751930435,0.10255446014499872,1.1240781617381093,1.3205142768593896,0.08417105100783386,0.005126077673776093,7.702307119049265,7.404152017997294,4.186950997710368,0.3076073384170458,2.195921920791185,0.34420064764856484,0.08057599034859615,0.4324671859601003,0.7045459733674303,0.05853474546544759,2.224392752051296,0.5769743266667191,10.699067499899419,8.106260298163846,0.42927479864414747,2.78356064558519,1.188055891377642,0.2738299780119383,0.6302854598927978,0.2391540021650609,0.19442354247364896,1.5326512445220901,0.3534743833134069,0.07486199520481894,2,93.45,0.0655,121.23532090718986,114.52461858119227,10.50451042144263,0.9700783791406842,0.11847502428220462,0.09258668812790315,0.05903493594938838,0.01369164173323276,0.35226634103481996,84.05,0.0,0.0,0.49034606859156404,55.28219571251388,4.120247670672663,0.0,6.921752712595961,0.0,0.25,2.318915022828579,0.04949562942464207,0.0,0.0,0.3,0.3,0.0,1.0,0.006750000000000001,0.0008333333333333333,1.0,0.0,0.3,0.0,False,
0.6257315308324314,0.10884465418261347,1.3359790688060897,1.0933082816057693,0.04035476911104655,0.01342579580704949,18.08212282912785,7.15786371920164,4.979765499580585,0.7674147972380939,1.6378450400193916,0.19219241635712564,0.07201062141484775,0.42180740853012166,0.8804400302759008,0.17910369026666972,1.1239904693101563,0.21613695787812312,10.043373761940389,6.497639699720438,0.8143234270961757,2.9829871195355584,1.0892721119568116,0.606778261534111,0.30443454413178045,0.2730351221440332,0.3337905562478166,2.5679420495061986,0.3967988139057534,0.18291771098981946,0,61.05,0.38949999999999996,77.38182831706635,94.1671922569177,8.156152215061178,1.251038003133736,0.015821416037143408,0.11603216038775396,2.63337886572143,0.15633251728139735,0.3089416153337436,82.65,0.0,0.0,7.124644843053467,117.99543426546995,5.624320392740005,80.0352284722689,13.68415745235934,0.0,0.0,0.0,0.02186763140636191,0.0,0.0,0.2,0.2,0.0,1.0,0.009250000000000001,0.0025,1.0,0.0,0.10833333333333334,0.0,False,
0.6257315308324314,0.10884465418261347,1.3359790688060897,1.0933082816057693,0.04035476911104655,0.01342579580704949,18.08212282912785,7.15786371920164,4.979765499580585,0.7674147972380939,1.6378450400193916,0.19219241635712564,0.07201062141484775,0.42180740853012166,0.8804400302759008,0.17910369026666972,1.1239904693101563,0.21613695787812312,10.043373761940389,6.497639699720438,0.8143234270961757,2.9829871195355584,1.0892721119568116,0.606778261534111,0.30443454413178045,0.2730351221440332,0.3337905562478166,2.5679420495061986,0.3967988139057534,0.18291771098981946,1,70.5,0.29500000000000004,59.10828654883095,81.87983820323208,9.498811179211302,1.4154865793351281,0.14883846294551772,0.17883143050611966,3.4443524928360993,0.29145520727307217,0.37943279518773276,87.25,0.01,0.1,5.286321847605782,293.4340976333077,2.8411569724204626,140.65580041673212,25.25168985667053,0.0,0.55,9.654084016358059,0.046353416953264906,0.1,0.5101496926395984,2.9,2.8,0.1,1.0,0.011833333333333333,0.003333333333333333,1.0,0.0,0.125,0.016666666666666666,False,
0.6257315308324314,0.10884465418261347,1.3359790688060897,1.0933082816057693,0.04035476911104655,0.01342579580704949,18.08212282912785,7.15786371920164,4.979765499580585,0.7674147972380939,1.6378450400193916,0.19219241635712564,0.07201062141484775,0.42180740853012166,0.8804400302759008,0.17910369026666972,1.1239904693101563,0.21613695787812312,10.043373761940389,6.497639699720438,0.8143234270961757,2.9829871195355584,1.0892721119568116,0.606778261534111,0.30443454413178045,0.2730351221440332,0.3337905562478166,2.5679420495061986,0.3967988139057534,0.18291771098981946,2,98.2,0.018,103.77620421559477,142.22758264750186,13.119314455675802,1.4119771054805736,0.12853855625866467,0.15344105766174948,-0.23390434500775661,0.026990957276558876,0.7871827899927246,90.35,0.0,0.0,0.3292518797816751,110.6434989282576,4.462248269846394,0.7220965698177338,4.673004543401141,0.0,0.05,0.9067761086778251,0.03483207899379846,0.0,0.3270085707053963,0.15,0.15,0.0,1.0,0.005833333333333334,0.004166666666666667,1.0,0.0,0.09166666666666666,0.016666666666666666,False,
0.6377145007213298,0.1086314886962958,1.1930356876042076,1.446270717816207,0.058308164517529806,0.0101746426334694,10.7914313128176,4.007906490404979,3.1588476122969924,0.5020316439247255,1.049875135380435,0.45862531045399474,0.13072765847356171,0.20361106874650492,0.6043314651952317,0.10431418302690931,1.0841345236695648,0.296466702443133,5.28000755691898,9.829507463729295,0.6469297933725169,2.6810858881612463,0.6867136686767022,0.7429322978699631,0.249533743471598,0.21692668057412448,0.08955109403081177,1.8337491965043213,0.30608208182244634,0.1850427360294319,0,99.65,0.003500000000000003,145.69101507353915,132.83982252955946,11.888600626975933,0.9242720272353905,0.1160531788538037,0.0735216637479902,-0.31301736437205174,0.034273665649523735,0.8467389647267589,85.5,0.0,0.0,0.06476495761030117,74.62186855558217,5.303990468191776,0.0,11.927004606310286,0.0,0.05,0.8618977389226933,0.008867995358231335,0.0,0.0,0.05,0.05,0.0,1.0,0.00475,0.0,1.0,0.0,0.11666666666666667,0.0,False,
0.6377145007213298,0.1086314886962958,1.1930356876042076,1.446270717816207,0.058308164517529806,0.0101746426334694,10.7914313128176,4.007906490404979,3.1588476122969924,0.5020316439247255,1.049875135380435,0.45862531045399474,0.13072765847356171,0.20361106874650492,0.6043314651952317,0.10431418302690931,1.0841345236695648,0.296466702443133,5.28000755691898,9.829507463729295,0.6469297933725169,2.6810858881612463,0.6867136686767022,0.7429322978699631,0.249533743471598,0.21692668057412448,0.08955109403081177,1.8337491965043213,0.30608208182244634,0.1850427360294319,1,99.4,0.006000000000000005,144.8048088325494,129.11468065833583,11.858774734785827,0.9042380741843621,0.09229653813271547,0.07176389261183337,-0.1144542537169311,0.031490528431619966,0.7041779659796645,85.6,0.0,0.0,0.11102564161765913,54.75834477313699,3.9114955614067832,0.009964024897159007,6.2905100441805,0.0,0.15,1.7512710090033814,0.015420771217094877,0.0,0.0,0.45,0.45,0.0,1.0,0.007083333333333334,0.0,1.0,0.0,0.20833333333333334,0.0,False,
0.6377145007213298,0.1086314886962958,1.1930356876042076,1.446270717816207,0.058308164517529806,0.0101746426334694,10.7914313128176,4.007906490404979,3.1588476122969924,0.5020316439247255,1.049875135380435,0.45862531045399474,0.13072765847356171,0.20361106874650492,0.6043314651952317,0.10431418302690931,1.0841345236695648,0.296466702443133,5.28000755691898,9.829507463729295,0.6469297933725169,2.6810858881612463,0.6867136686767022,0.7429322978699631,0.249533743471598,0.21692668057412448,0.08955109403081177,1.8337491965043213,0.30608208182244634,0.1850427360294319,2,98.8,0.01200000000000001,140.76323275805035,128.49441864601846,11.787192593529571,0.9229365815613167,0.1019352489644254,0.06858971398387156,-0.09784174742109943,0.028202394121725222,0.6911072098008749,91.25,0.0,0.0,0.22205128323531825,58.08957213476437,3.1521244474323935,0.0,5.941420958008633,0.0,0.1,1.3270172633940476,0.013011402721343237,0.0,0.0,0.3,0.3,0.0,1.0,0.006333333333333333,0.0,1.0,0.0,0.15833333333333333,0.0,False,
0.7213934557152197,0.0828850413049041,1.287235951070262,1.2775768500494726,0.05970229941578495,0.006180525015015374,11.977015184153078,4.463091960486672,3.3041012855254346,0.4248698066097883,2.419357321048607,0.483545446006184,0.09988341310913916,0.3385649005655823,0.8396609405934761,0.12100981866917604,1.8505785437667903,0.3707100346747686,11.362762751936296,5.404767487430831,0.6102628302826794,1.4737894713434216,2.232023582102204,0.5055881189464918,0.5189793969968282,0.30527133193099604,0.1973310055414132,1.2082645382264212,0.13398651875735157,0.13092835752122708,0,97.05,0.029500000000000005,123.84182072799129,137.04732554210074,12.492624905136893,1.138133311087006,0.12265984322829553,0.10263938469475904,0.019788883903037367,0.03449318855072821,0.4231857599388923,100.55,0.0,0.0,0.3862386546876199,73.06239309677349,0.0,0.0,7.468534920036045,0.0,0.05,0.5386005454177661,0.06127122390938775,0.0,0.8086600427866977,0.15,0.15,0.0,1.0,0.009833333333333333,0.0016666666666666666,1.0,0.0,0.15833333333333333,0.041666666666666664,False,
0.7213934557152197,0.0828850413049041,1.287235951070262,1.2775768500494726,0.05970229941578495,0.006180525015015374,11.977015184153078,4.463091960486672,3.3041012855254346,0.4248698066097883,2.419357321048607,0.483545446006184,0.09988341310913916,0.3385649005655823,0.8396609405934761,0.12100981866917604,1.8505785437667903,0.3707100346747686,11.362762751936296,5.404767487430831,0.6102628302826794,1.4737894713434216,2.232023582102204,0.5055881189464918,0.5189793969968282,0.30527133193099604,0.1973310055414132,1.2082645382264212,0.13398651875735157,0.13092835752122708,1,92.8,0.072,119.01264552762423,130.25944558595813,11.945549625932035,1.1334453988657334,0.11898124273046132,0.1074806998014963,0.12511240550266622,0.029053589177075668,0.3875843113434033,96.9,0.0,0.0,0.9426841741528349,82.15136188837421,0.16014300068667606,0.0,7.7095934692566885,0.0,0.1,1.3537208621015142,0.050325100877811536,0.0,0.6951478470821846,0.25,0.25,0.0,1.0,0.008833333333333334,0.0008333333333333333,1.0,0.0,0.11666666666666667,0.025,False,
0.7213934557152197,0.0828850413049041,1.287235951070262,1.2775768500494726,0.05970229941578495,0.006180525015015374,11.977015184153078,4.463091960486672,3.3041012855254346,0.4248698066097883,2.419357321048607,0.483545446006184,0.09988341310913916,0.3385649005655823,0.8396609405934761,0.12100981866917604,1.8505785437667903,0.3707100346747686,11.362762751936296,5.404767487430831,0.6102628302826794,1.4737894713434216,2.232023582102204,0.5055881189464918,0.5189793969968282,0.30527133193099604,0.1973310055414132,1.2082645382264212,0.13398651875735157,0.13092835752122708,2,87.7,0.12300000000000004,114.57779155865141,124.40119823228281,11.289059290886199,1.1298528547401776,0.09847840407656519,0.13115177744822779,0.1976538326136917,0.04940752838651501,0.374445802018154,100.85,0.0,0.0,1.6104187975110933,80.57770556736018,0.0,0.0,6.940439309948106,0.0,0.2,2.6304231232937916,0.05747162385704554,0.0,1.2596816188265492,0.55,0.55,0.0,1.0,0.009833333333333333,0.003333333333333333,1.0,0.0,0.18333333333333332,0.041666666666666664,False,
0.7098801736804712,0.09210963188802143,1.3629481339946337,1.1086353585834885,0.0469633857257799,0.024406754653075086,11.163923911086236,5.384931596168367,3.95030196217604,0.43709219227500273,1.566448979771332,0.1541780088332619,0.2602850156315448,0.3528422481985986,0.5388221761593254,0.10506832704635657,2.023420876410111,0.311393384085819,7.598494868196555,5.831200195408449,0.5007618602084867,1.77579757288696,0.8413922322549817,0.4459810183895959,0.323708932296382,0.19605706053140176,0.21777456027502523,2.3568942204280106,0.15525430015210542,0.16953327118444825,0,98.05,0.019500000000000017,109.08673121175158,143.35403286942991,13.36370645381738,1.3478232864290018,0.08808085485073719,0.12572570567361685,0.15927546206367016,0.01075460719493603,0.3528087774828522,99.6,0.0,0.0,0.33058987880967405,83.28560259392437,0.4583767562633125,0.0,6.88000195717899,0.0,0.05,0.7305645376013394,0.05843596520997195,0.0,0.5539340496746963,0.1,0.1,0.0,1.0,0.007166666666666667,0.0016666666666666666,1.0,0.0,0.175,0.025,False,
0.7098801736804712,0.09210963188802143,1.3629481339946337,1.1086353585834885,0.0469633857257799,0.024406754653075086,11.163923911086236,5.384931596168367,3.95030196217604,0.43709219227500273,1.566448979771332,0.1541780088332619,0.2602850156315448,0.3528422481985986,0.5388221761593254,0.10506832704635657,2.023420876410111,0.311393384085819,7.598494868196555,5.831200195408449,0.5007618602084867,1.77579757288696,0.8413922322549817,0.4459810183895959,0.323708932296382,0.19605706053140176,0.21777456027502523,2.3568942204280106,0.15525430015210542,0.16953327118444825,1,91.7,0.083,106.3566135430289,136.03081188953078,12.49823438873079,1.3098123010315232,0.059101204270931865,0.11952827155215037,0.017616225275872834,0.033591428025608445,0.4044219311125401,97.3,0.0,0.0,1.4071261508309205,88.32043281001589,0.6251956625288007,0.0,5.631234857736351,0.0,0.1,1.365422954647617,0.04414014292106953,0.0,0.9104746038723361,0.15,0.15,0.0,1.0,0.0069166666666666664,0.0008333333333333333,1.0,0.0,0.15,0.025,False,
0.7098801736804712,0.09210963188802143,1.3629481339946337,1.1086353585834885,0.0469633857257799,0.024406754653075086,11.163923911086236,5.384931596168367,3.95030196217604,0.43709219227500273,1.566448979771332,0.1541780088332619,0.2602850156315448,0.3528422481985986,0.5388221761593254,0.10506832704635657,2.023420876410111,0.311393384085819,7.598494868196555,5.831200195408449,0.5007618602084867,1.77579757288696,0.8413922322549817,0.4459810183895959,0.323708932296382,0.19605706053140176,0.21777456027502523,2.3568942204280106,0.15525430015210542,0.16953327118444825,2,97.0,0.030000000000000006,108.4077665086601,143.79169607415326,13.220596899747946,1.3605931828556617,0.08148420593967465,0.14064246171194822,-0.09649709245844895,0.040555533796088325,0.44015866777528323,101.3,0.0,0.0,0.5085998135533447,71.67092103889836,0.03932752761428783,0.0,5.570708010792927,0.0,0.05,0.7055505697251414,0.04797190013944461,0.0,0.6129922052036006,0.1,0.1,0.0,1.0,0.0072499999999999995,0.0025,1.0,0.0,0.175,0.016666666666666666,False,
0.6684275571069187,0.09250697876324629,1.0349804694337763,1.2863904043881091,0.039070405172437456,0.02191905953939791,8.26898214060531,4.394612996137614,4.609320606870607,0.5946660324638204,2.039234519563114,0.3054309358377017,0.30482182149673076,0.35581051432823885,0.6411090222264961,0.09101063198906878,1.2248944782310784,0.41815858711981146,4.8941359907448545,10.969981580171005,0.6747276036741345,1.0109238388945516,2.1734189494755913,0.40449849796056914,0.45711626997465993,0.06571301048434801,0.09182712903351552,1.7591953741445008,0.32528605041395814,0.043246300475317426,0,94.3,0.05699999999999998,126.20429380633304,107.98247114104906,9.759865826760514,0.8673647429855788,0.0739607966359799,0.053841347955493654,0.012148783165319496,0.024344714003096884,0.5934350835541777,97.0,0.0,0.0,0.24650391270930933,25.48557578436849,1.1676641179832186,0.017411398780871223,4.486488836727386,0.0,0.05,0.47046604643630785,0.016393908112866114,0.0,0.0,0.05,0.05,0.0,1.0,0.005833333333333334,0.0,1.0,0.0,0.18333333333333332,0.0,False,
0.6684275571069187,0.09250697876324629,1.0349804694337763,1.2863904043881091,0.039070405172437456,0.02191905953939791,8.26898214060531,4.394612996137614,4.609320606870607,0.5946660324638204,2.039234519563114,0.3054309358377017,0.30482182149673076,0.35581051432823885,0.6411090222264961,0.09101063198906878,1.2248944782310784,0.41815858711981146,4.8941359907448545,10.969981580171005,0.6747276036741345,1.0109238388945516,2.1734189494755913,0.40449849796056914,0.45711626997465993,0.06571301048434801,0.09182712903351552,1.7591953741445008,0.32528605041395814,0.043246300475317426,1,99.35,0.006500000000000006,130.56627293106686,113.49812962955336,10.28253096382457,0.8859560617244846,0.09738527506648073,0.0681095797606245,-0.04768312044126965,0.02129648118733734,0.6064226601176713,98.9,0.0,0.0,0.028110095308956327,33.29975486145834,1.4050662861872982,0.003796195506769662,6.319532973809754,0.0,0.05,0.44558282365883917,0.015448581812079424,0.0,0.0,0.05,0.05,0.0,1.0,0.005666666666666666,0.0,1.0,0.0,0.15833333333333333,0.0,False,
0.6684275571069187,0.09250697876324629,1.0349804694337763,1.2863904043881091,0.039070405172437456,0.02191905953939791,8.26898214060531,4.394612996137614,4.609320606870607,0.5946660324638204,2.039234519563114,0.3054309358377017,0.30482182149673076,0.35581051432823885,0.6411090222264961,0.09101063198906878,1.2248944782310784,0.41815858711981146,4.8941359907448545,10.969981580171005,0.6747276036741345,1.0109238388945516,2.1734189494755913,0.40449849796056914,0.45711626997465993,0.06571301048434801,0.09182712903351552,1.7591953741445008,0.32528605041395814,0.043246300475317426,2,98.3,0.017000000000000015,127.69852642310941,112.61824766656278,10.173858014534023,0.8991347130432146,0.0976437827306389,0.07599472504057733,-0.13224479561930327,0.03439264086627687,0.6498272298032017,97.95,0.0,0.0,0.07351871080803962,30.257832931589178,0.6243950959530526,0.030125894628171966,5.8837491520207434,0.0,0.1,0.8742598434475315,0.013935817947733053,0.0,0.0,0.15,0.15,0.0,1.0,0.0055000000000000005,0.0,1.0,0.0,0.15833333333333333,0.0,False,
0.7689480714620648,0.10534244319791786,1.3134937977099308,1.502103603288464,0.08020910299806853,0.022266008459861993,9.506601636439475,7.727731340671726,4.103322608404362,0.7073715541172723,1.3109305192889218,0.4135578109557424,0.31224385647606456,0.4276284501096012,0.5338878167369434,0.11416251204203468,1.0384015201658525,0.3504257007620353,6.267295814013186,5.853212315647283,0.7899378738726763,2.899343702992213,1.3500335238274896,0.6198378646463982,0.5576458860656031,0.2768801440366716,0.22828558589672393,2.168260971276834,0.28054613906687564,0.04745077640902531,0,80.65,0.1935,103.35725320725706,97.02113207754306,10.593327478530593,0.9358307004393538,0.06679198225837585,0.05662746182292655,1.8652457692983397,0.25872858530632337,0.5320435693655882,103.5,0.0,0.0,0.9181725235146396,219.51138949025093,0.19735565533725716,0.0,5.018220106446216,0.0,0.55,10.541532721533782,0.22488814006433888,0.05,2.491779277317918,1.55,1.55,0.0,1.0,0.009833333333333333,0.0,1.0,0.0,0.325,0.13333333333333333,False,
0.7689480714620648,0.10534244319791786,1.3134937977099308,1.502103603288464,0.08020910299806853,0.022266008459861993,9.506601636439475,7.727731340671726,4.103322608404362,0.7073715541172723,1.3109305192889218,0.4135578109557424,0.31224385647606456,0.4276284501096012,0.5338878167369434,0.11416251204203468,1.0384015201658525,0.3504257007620353,6.267295814013186,5.853212315647283,0.7899378738726763,2.899343702992213,1.3500335238274896,0.6198378646463982,0.5576458860656031,0.2768801440366716,0.22828558589672393,2.168260971276834,0.28054613906687564,0.04745077640902531,1,99.85,0.0015000000000000013,148.0470683926841,143.32805128826453,13.115235570133658,0.9782853061328831,0.11610488878781093,0.06274983013677103,-0.0025184097783794213,0.02189491625443851,0.657936481537621,103.65,0.0,0.0,0.007117616461353796,60.62117692554396,0.4470264804008339,0.0,8.089574171898876,0.0,0.2,1.9021469472353885,0.1392653727336376,0.0,2.92782227480252,0.2,0.2,0.0,1.0,0.00775,0.0,1.0,0.0,0.21666666666666667,0.10833333333333334,False,
0.7689480714620648,0.10534244319791786,1.3134937977099308,1.502103603288464,0.08020910299806853,0.022266008459861993,9.506601636439475,7.727731340671726,4.103322608404362,0.7073715541172723,1.3109305192889218,0.4135578109557424,0.31224385647606456,0.4276284501096012,0.5338878167369434,0.11416251204203468,1.0384015201658525,0.3504257007620353,6.267295814013186,5.853212315647283,0.7899378738726763,2.899343702992213,1.3500335238274896,0.6198378646463982,0.5576458860656031,0.2768801440366716,0.22828558589672393,2.168260971276834,0.28054613906687564,0.04745077640902531,2,51.65,0.48349999999999993,76.37833630728478,71.16478975762963,6.784195465171794,0.9680284991472108,0.08429243218832005,0.21526728933443423,0.3578753375773104,0.16173649025427267,0.4670834581225421,103.95,0.0,0.0,2.2942450393763734,144.75757353557682,0.4027391323865698,0.0,3.0878080052376795,0.0,0.45,5.042363354204109,0.2094569072263293,0.0,2.662758921078998,0.6,0.6,0.0,1.0,0.008916666666666666,0.0008333333333333333,1.0,0.0,0.3416666666666667,0.16666666666666666,False,
0.800409672165765,0.07990432150376589,1.3169129757298383,1.104993785847008,0.03577882068243957,0.006668071933331447,8.895051769240462,4.861490741513969,5.151055212609608,0.622735407156491,1.2959917717896332,0.17261683386324506,0.26684922221941,0.34699434903193316,0.5593079739648683,0.09389724871295538,1.4680190437719847,0.26890279748803786,7.008881212834057,10.119842472006592,0.5253924468266173,2.857835462313228,2.752897080418742,0.3813919411314217,0.49461332769233585,0.2020631181047449,0.27182238420561255,2.351957630390441,0.2483820138552027,0.16896958542828783,0,89.7,0.10299999999999998,101.43997293886967,128.571570219198,11.81270939229665,1.2929226467245822,0.07734287149635323,0.11493698023542405,0.21244404077670614,0.01682530420911587,0.44773952204767786,100.45,0.0,0.0,1.7403867299113647,85.97451500849404,0.0,0.0,10.552008261774224,0.0,0.0,0.0,0.036427113933099164,0.0,1.1391415010905714,0.05,0.05,0.0,1.0,0.00775,0.0,1.0,0.0,0.1,0.025,False,
0.800409672165765,0.07990432150376589,1.3169129757298383,1.104993785847008,0.03577882068243957,0.006668071933331447,8.895051769240462,4.861490741513969,5.151055212609608,0.622735407156491,1.2959917717896332,0.17261683386324506,0.26684922221941,0.34699434903193316,0.5593079739648683,0.09389724871295538,1.4680190437719847,0.26890279748803786,7.008881212834057,10.119842472006592,0.5253924468266173,2.857835462313228,2.752897080418742,0.3813919411314217,0.49461332769233585,0.2020631181047449,0.27182238420561255,2.351957630390441,0.2483820138552027,0.16896958542828783,1,91.05,0.0895,102.68428641695695,130.37771847099947,11.990492644020176,1.3028166635493705,0.08607066836399671,0.12669017424410592,0.16796491222425636,0.03635244963291765,0.45747066768142064,100.2,0.0,0.0,1.5122777895831763,48.07214966544145,0.0,0.0,5.565564624574603,0.0,0.0,0.0,0.043788131281369255,0.0,1.0209161581148605,0.05,0.05,0.0,1.0,0.007833333333333333,0.0,1.0,0.0,0.13333333333333333,0.025,False,
0.800409672165765,0.07990432150376589,1.3169129757298383,1.104993785847008,0.03577882068243957,0.006668071933331447,8.895051769240462,4.861490741513969,5.151055212609608,0.622735407156491,1.2959917717896332,0.17261683386324506,0.26684922221941,0.34699434903193316,0.5593079739648683,0.09389724871295538,1.4680190437719847,0.26890279748803786,7.008881212834057,10.119842472006592,0.5253924468266173,2.857835462313228,2.752897080418742,0.3813919411314217,0.49461332769233585,0.2020631181047449,0.27182238420561255,2.351957630390441,0.2483820138552027,0.16896958542828783,2,88.95,0.1105,99.52841724715275,127.64144455971379,11.713940919116915,1.3301611103204578,0.08735643932462142,0.17794963622352486,0.1860508016172054,0.016421413303458844,0.45005169503206605,99.55,0.0,0.0,1.867113918982581,85.44632639679848,0.0,0.0,9.216530743464007,0.0,0.0,0.0,0.0478441555646054,0.0,0.7678391062965886,0.05,0.05,0.0,1.0,0.008083333333333333,0.0008333333333333333,1.0,0.0,0.125,0.016666666666666666,False,
