,Employment,UnemploymentRate,WageBill,Output,Production,Consumption,Transfers,UnemploymentTransfers,HH_Deposit,HH_Debt,Firm_Debt,Firm_Cash,Inventories,AvgPrice,AvgMarkup,PriceDispersion,InventoryGap,SalesForecastError,InventoryTurnover,CreditRequests,CreditRejections,CreditRejectionRate,FirmDowntimeShare,ReentryCount,Bank_Equity,Bank_Loans,Bank_Deposits,BankFailed,BankResolved,BankResolutionAmount,BankResolutionHaircut,BankBailedOut,BankBailoutAmount,Defaults,DefaultsHH,DefaultsFirm,BalanceOK
0,97,0.030000000000000027,93.42963291873153,107.7766380550611,107.7766380550611,219.68658291495635,9.342963291873152,0.6463587716378316,4.8829704835632874,19.273366830171877,33.4095925723319,101.47147521331553,0.0,1.0479192292332342,0.20959425739172377,0.03604463996184443,-1.0,0.8570374549247861,2.0,95.0,0.0,0.0,0.0,0.0,50.0,52.68295940250378,106.35444569687881,False,False,0.0,0.0,False,0.0,0,0,0,True
1,100,0.0,96.31920919456859,110.13982428039994,110.79470956478528,144.95427830964647,9.631920919456858,0.0,0.3065699793224044,53.98804245027759,29.06149976164181,107.2234940989347,0.6548852843853457,1.0548395774271537,0.21743837913788938,0.03760249954942692,-0.9934407107732912,0.3890933995719281,1.9809254794164837,106.0,0.0,0.0,0.0,0.0,50.0,83.0495422119194,107.5300640782571,False,False,0.0,0.0,False,0.0,0,0,0,True
2,100,0.0,96.31920919456859,109.65977443214732,110.79470956478528,140.50608415907246,9.631920919456858,0.0,0.05419756330219605,89.16593763415216,23.789984099379073,112.27490568314954,1.789820417023316,1.0615114566845492,0.2249982349038267,0.03912963777890169,-0.9837061150302805,0.18498280111346604,1.953879569129878,107.0,0.0,0.0,0.0,0.0,50.0,112.95592173353123,112.32910324645174,False,False,0.0,0.0,False,0.0,0,0,0,True
3,100,0.0,96.31920919456859,109.60020883122284,110.79470956478528,140.701468762358,9.631920919456858,0.0,0.0,125.30977984242925,19.564978498299148,119.00395284849772,2.984321150585748,1.0679190586989176,0.2322659501518464,0.04052949058531674,-0.9741194961893994,0.09750388693714349,1.9331336391508867,108.0,0.0,0.0,0.0,0.0,50.0,144.8747583407284,119.00395284849772,False,False,0.0,0.0,False,0.0,0,0,0,True
4,100,0.0,96.31920919456859,109.48551248233416,110.79470956478528,140.00095184329214,9.631920919456858,0.0,0.0,161.39439816184577,16.33878529005885,127.27300148249668,4.293518233036865,1.0740880571460074,0.23927127200682383,0.04180714940013639,-0.9635940863173964,0.05254611196351823,1.9156320151048463,106.0,0.0,0.0,0.0,0.0,50.0,177.7331834519046,127.27300148249668,False,False,0.0,0.0,False,0.0,0,0,0,True
5,100,0.0,96.31920919456859,109.24825935645913,110.79470956478528,137.5760632082624,9.631920919456858,0.0,0.0,195.6400745968017,13.097257684402498,135.90369833221015,5.83996844136302,1.0800310193724167,0.24602873470163864,0.04296841343658376,-0.9506716950333793,0.027344334623584217,1.8993620605140902,104.0,0.0,0.0,0.0,0.0,50.0,208.7373322812042,135.90369833221015,False,False,0.0,0.0,False,0.0,0,0,0,True
6,100,0.0,96.31920919456859,108.69481510255223,110.79470956478528,131.0689231889166,9.631920919456858,0.0,0.0,223.9346967842076,11.007143155628867,145.67787772192094,7.939862903596072,1.0857334458951162,0.2525235255598364,0.04400634246796437,-0.9316760067447426,0.0192587822296347,1.8817511183900344,104.0,0.0,0.0,0.0,0.0,50.0,234.94183993983648,145.67787772192094,False,False,0.0,0.0,False,0.0,0,0,0,True
7,100,0.0,96.31920919456859,107.9277011239014,110.79470956478528,123.42427521561892,9.631920919456858,0.0,0.0,245.04412277310067,10.710403727957328,156.95974801987157,10.806871344479937,1.0911634688421183,0.2587237754630411,0.04489898301939572,-0.9035812221077629,0.01623667996409078,1.8594404284183692,104.0,0.0,0.0,0.0,0.0,50.0,255.754526501058,156.95974801987157,False,False,0.0,0.0,False,0.0,0,0,0,True
8,99,0.010000000000000009,95.3560171026229,101.52827388484151,109.78868572821055,112.50090422906442,9.53560171026229,0.2154529238792772,0.0,256.4170137721029,10.4936986191287,162.7443639250158,19.06728318784899,1.0962711315342581,0.26457909358202225,0.045624516413719736,-0.8195700772762755,0.06455493073055305,1.6515063263355316,104.0,0.0,0.0,0.0,0.0,50.0,266.9107123912316,162.7443639250158,False,False,0.0,0.0,False,0.0,0,0,0,True
9,99,0.010000000000000009,95.35513171130296,99.23188533535382,110.09720553780592,108.89043019989542,9.53560171026229,0.2154529238792772,0.0,264.3649906243771,11.938650857243843,168.0299330902672,29.9326033903011,1.1006131888588755,0.26960266968343516,0.045977577220314925,-0.7065972181712045,0.06360178853864287,1.4178602552887687,104.0,0.0,0.0,0.0,0.0,50.0,276.30364148162096,168.0299330902672,False,False,0.0,0.0,False,0.0,0,0,0,True
10,99,0.010000000000000009,95.31614389508134,96.40112322399095,110.4057253474013,105.94141615374598,9.53560171026229,0.2154529238792772,0.0,269.5320015341006,12.830764896683446,170.11871333537573,43.93720551371147,1.1040029250457941,0.27356824587914236,0.04605557338472224,-0.5597859422246442,0.06300948029199097,1.1838621631888806,106.0,0.0,0.0,0.0,0.0,50.0,282.362766430784,170.11871333537573,False,False,0.0,0.0,False,0.0,0,0,0,True
11,100,0.0,96.19040750309117,95.69792522667738,111.72026899357141,105.38175573036219,9.631920919456858,0.0,0.0,273.4681247258874,14.417855357039127,171.45442734934448,59.959549280605486,1.1062028090579088,0.27618117880012816,0.0459963384861446,-0.39332163207318144,0.04424067048597544,1.0095096236379217,106.0,0.0,0.0,0.0,0.0,50.0,287.8859800829265,171.45442734934448,False,False,0.0,0.0,False,0.0,0,0,0,True
12,99,0.010000000000000009,95.2104978490067,93.88714901070473,110.71424515699667,103.47364478680254,9.53560171026229,0.2154529238792772,0.0,276.4208281965759,15.124218178539252,171.09028696683535,76.78664542689741,1.1071005774247034,0.2772939520822076,0.04593884787142675,-0.2138764894560315,0.04426975072793231,0.8626594860300548,104.0,0.0,0.0,0.0,0.0,50.0,291.54504637511513,171.09028696683535,False,False,0.0,0.0,False,0.0,0,0,0,True
13,97,0.030000000000000027,93.32214926571517,92.00344573581089,108.23949364035313,101.35293782721936,9.342963291873152,0.6463587716378316,0.0,278.950852246646,15.254732524833624,170.14299456534582,93.02269333143968,1.1066127899181415,0.2768012907639664,0.0458835576821564,-0.031075688631842107,0.04537683290593492,0.7300275844887801,103.0,0.0,0.0,0.0,0.0,50.0,294.2055847714796,170.14299456534582,False,False,0.0,0.0,False,0.0,0,0,0,True
14,93,0.06999999999999995,89.57354250959385,88.46428292581139,104.13944762530059,97.28885266571515,8.957686455094878,1.5081704671549403,0.0,280.7299458939364,14.009002626772368,167.84167445545313,108.69785803092887,1.1047126441991746,0.27468828966786163,0.045663629741248275,0.15784145626449,0.06390768776956189,0.6033049925109228,97.0,0.0,0.0,0.0,0.0,50.0,294.7389485207088,167.84167445545313,False,False,0.0,0.0,False,0.0,0,0,0,True
15,88,0.12,84.75821807477203,84.3253828319081,99.0494068767095,92.45781108365915,8.476090409122035,2.5854350865513265,0.0,281.9265429758418,12.82113801279171,166.05912863923848,123.42188207573028,1.1013847846268425,0.27090478763671744,0.04551323311909371,0.35140770839272156,0.08264080889896881,0.5150474003391337,93.0,0.0,0.0,0.0,0.0,50.0,294.74768098863353,166.05912863923848,False,False,0.0,0.0,False,0.0,0,0,0,True
16,84,0.16000000000000003,80.8369178853714,81.56419448409714,93.98654368707147,89.0377768203514,8.09081357234376,3.447246782068435,0.0,283.1673016249801,12.78668268147847,166.38922555338462,135.8442312787046,1.0966527361148046,0.26543629030348975,0.04577193439969682,0.5376962285130062,0.08029776632912194,0.4649564379746319,91.0,0.0,0.0,0.0,0.0,50.0,295.95398430645855,166.38922555338462,False,False,0.0,0.0,False,0.0,0,0,0,True
17,80,0.19999999999999996,76.97227096632201,79.1403294911966,89.4942127169582,85.90380631753082,7.705536735565487,4.309058477585544,0.0,284.68234943279026,12.430070611829706,167.38623588321553,146.19811450446616,1.0905684241152607,0.25839131793798087,0.046016982227298546,0.7073985328650905,0.07603121091767959,0.42892689709434534,86.0,0.0,0.0,0.0,0.0,50.0,297.11242004461997,167.38623588321553,False,False,0.0,0.0,False,0.0,0,0,0,True
18,73,0.27,70.30949844652184,74.11663303597025,81.69799361230817,79.90262591574876,7.031302271203507,5.817228944740484,0.0,286.049654900231,12.004788793621774,169.67281804491157,153.77947508080408,1.083274075883,0.24993475543797228,0.04634367536352939,0.8780335646975397,0.10575618677935776,0.3913505299156749,79.0,0.0,0.0,0.0,0.0,50.0,298.0544436938528,169.67281804491157,False,False,0.0,0.0,False,0.0,0,0,0,True
19,71,0.29000000000000004,68.2805198554145,72.35892931160238,79.08419910522495,77.38435777257088,6.83866385281437,6.248134792499039,0.0,286.7116058711964,12.512182877116379,172.63135353786575,160.50474487442665,1.0747832944865305,0.24008421621801795,0.04672136129844232,1.0375037522132122,0.08579881364865215,0.3700102370327071,76.0,0.0,0.0,0.0,0.0,50.0,299.2237887483128,172.63135353786575,False,False,0.0,0.0,False,0.0,0,0,0,True
20,70,0.30000000000000004,67.32296908383714,72.18066237949053,78.08871705927992,76.4957046060902,6.742344643619801,6.463587716378316,0.0,287.3340695789948,12.484887346817345,175.15236845972106,166.41279955421604,1.0651814511148994,0.2289741150109482,0.04682980624235096,1.1622932133979096,0.05345701456674593,0.3582561364819564,73.0,0.0,0.0,0.0,0.0,50.0,299.81895692581213,175.15236845972106,False,False,0.0,0.0,False,0.0,0,0,0,True
21,69,0.31000000000000005,66.34811423313883,72.0880589448438,77.04093681766648,75.64249396105447,6.6460254344252325,6.679040640257593,0.0,287.9691514248494,12.591542147280014,178.03736460902323,171.36567742703872,1.0547520215982142,0.21691745728923134,0.046839850634580016,1.2573149955137037,0.032674960888614116,0.34952029693413833,72.0,0.0,0.0,0.0,0.0,50.0,300.56069357212937,178.03736460902323,False,False,0.0,0.0,False,0.0,0,0,0,True
22,63,0.37,60.68110179257821,68.39075848484968,70.54396857392956,71.00728877343555,6.068110179257821,7.9717581835332565,0.0,288.93155077759144,11.992271126325338,181.81688222420044,173.51888751611858,1.0437471507983485,0.2041961761317836,0.046852369334207236,1.352153292625789,0.06939858639272625,0.33135963305754773,65.0,0.0,0.0,0.0,0.0,50.0,300.9238219039168,181.81688222420044,False,False,0.0,0.0,False,0.0,0,0,0,True
23,62,0.38,59.6593684265921,68.07697352409387,69.24471771301644,69.88928108955172,5.971790970063252,8.187211107412534,0.0,289.6941696642808,12.092779077554308,186.35057054059004,174.68663170504112,1.0321859072625625,0.19081593640425146,0.046961088542088386,1.4141730580562462,0.04550248284692188,0.32797090546189245,66.0,0.0,0.0,0.0,0.0,50.0,301.78694874183515,186.35057054059004,False,False,0.0,0.0,False,0.0,0,0,0,True
24,62,0.38,59.63013004206669,68.91146301480283,69.24471771301644,69.92350293842787,5.971790970063252,8.187211107412534,0.0,290.53263228957115,12.35072599010185,191.11047101367515,175.0198864032547,1.0203224294423292,0.17708848091847065,0.04701724247945704,1.433635356952832,0.014798794671239245,0.33057469006534196,66.0,0.0,0.0,0.0,0.0,50.0,302.883358279673,191.11047101367515,False,False,0.0,0.0,False,0.0,0,0,0,True
25,62,0.38,59.62795020694086,69.75454673399251,69.24471771301644,69.9491201155663,5.971790970063252,8.187211107412534,0.0,291.41250699286974,12.594379996915574,195.88976298349093,174.51005738227863,1.0084917818644663,0.16339938671755463,0.0470209783693072,1.4226987481525375,0.004620550904532524,0.3345892733115252,66.0,0.0,0.0,0.0,0.0,50.0,304.0068869897853,195.88976298349093,False,False,0.0,0.0,False,0.0,0,0,0,True
26,62,0.38,59.62562930918891,70.53962157468587,69.24471771301644,69.91656991244969,5.971790970063252,8.187211107412534,0.0,292.27643991128497,12.825437672710772,200.6322743829887,173.2151535206092,0.9969282098133345,0.15001854287416788,0.04697238601409765,1.391292233747375,0.013085004840485021,0.33970672196825213,66.0,0.0,0.0,0.0,0.0,50.0,305.10187758399576,200.6322743829887,False,False,0.0,0.0,False,0.0,0,0,0,True
27,62,0.38,59.62185756998406,71.31089699097102,69.24471771301644,69.91322133214796,5.971790970063252,8.187211107412534,0.0,293.1548246442976,13.055556256751153,205.38020384942905,171.14897424265465,0.9861778251600347,0.13753314875975572,0.04670688049789075,1.3445760514182934,0.018366600957455397,0.3462229742582379,66.0,0.0,0.0,0.0,0.0,50.0,306.2103809010488,205.38020384942905,False,False,0.0,0.0,False,0.0,0,0,0,True
28,62,0.38,59.61374200406627,72.04786831996476,69.24471771301644,69.91446204382987,5.971790970063252,8.187211107412534,0.0,294.056828981059,13.308654753565172,210.1666208606412,168.34582363570627,0.9761745792042191,0.12588828247687278,0.04637928478868441,1.2862613427817176,0.02081083172218644,0.35409895880298514,66.0,0.0,0.0,0.0,0.0,50.0,307.3654837346242,210.1666208606412,False,False,0.0,0.0,False,0.0,0,0,0,True
29,62,0.38,59.60244712477964,72.73514745338514,69.24471771301644,69.90466822976148,5.971790970063252,8.187211107412534,0.0,294.97498124740196,13.598848472805772,214.99812428533352,164.8553938953376,0.9668940304841265,0.11506966902660362,0.046102721854189316,1.2191715062849902,0.022598916399315765,0.363321876267017,66.0,0.0,0.0,0.0,0.0,50.0,308.57382972020775,214.99812428533352,False,False,0.0,0.0,False,0.0,0,0,0,True
30,63,0.37,60.55204967298953,74.17828154840439,70.54396857392956,70.6532938489096,6.068110179257821,7.9717581835332565,0.0,295.8261993759232,13.918919892069361,219.56903444588482,161.2210809208628,0.9583384798899374,0.10508835705399225,0.04593476190397199,1.1389189613732156,0.03258478267461646,0.37653076191880763,66.0,0.0,0.0,0.0,0.0,50.0,309.74511926799255,219.56903444588482,False,False,0.0,0.0,False,0.0,0,0,0,True
31,64,0.36,61.52393058584727,75.64693579790888,71.69378639557125,71.45541595979523,6.1644293884523895,7.756305259653979,0.0,296.6406146084303,14.162852840750006,223.8039335235641,157.26793151852513,0.9505687112014698,0.09600190969145654,0.04604697842786699,1.0509474251123438,0.03813241974542244,0.39094229892014465,66.0,0.0,0.0,0.0,0.0,50.0,310.80346744918035,223.8039335235641,False,False,0.0,0.0,False,0.0,0,0,0,True
32,64,0.36,61.5330801421174,76.24179536225903,71.69378639557125,71.47221270744913,6.1644293884523895,7.756305259653979,0.0,297.47590161335665,14.338210132136455,227.98101473045162,152.7199225518373,0.9436058892846463,0.08783588539598286,0.046449645622953985,0.9652945042451627,0.031159264964559712,0.40372863739012976,65.0,0.0,0.0,0.0,0.0,50.0,311.8141117454931,227.98101473045162,False,False,0.0,0.0,False,0.0,0,0,0,True
33,67,0.32999999999999996,64.40695425133478,79.17828646055477,74.92473366532276,73.71571710240069,6.453387016036095,7.109946488016147,0.0,298.0517835476762,14.509805042587779,231.23696835641465,148.4663697566053,0.937418110514362,0.08055693284089274,0.047091910004677204,0.8677589604982539,0.055299828880208,0.4252037057910186,65.0,0.0,0.0,0.0,0.0,50.0,312.561588590264,231.23696835641465,False,False,0.0,0.0,False,0.0,0,0,0,True
34,71,0.29000000000000004,68.14149466515015,82.8019938087888,79.39271891482032,76.62244805703024,6.83866385281437,6.248134792499039,0.0,298.285742127699,15.215328202030857,233.84374053877184,145.05709486263683,0.9320234754079438,0.07420511725181175,0.04777721034313924,0.7685402569089862,0.07771743817580543,0.447640352649175,67.0,0.0,0.0,0.0,0.0,50.0,313.5010703297298,233.84374053877184,False,False,0.0,0.0,False,0.0,0,0,0,True
35,71,0.29000000000000004,68.21992194238615,83.46578931707072,79.39271891482032,76.83088541149799,6.83866385281437,6.248134792499039,0.0,298.6535098349675,15.56675522281233,236.23042723832145,140.98402446038642,0.9273839279960473,0.0687452700510596,0.04839370610688153,0.6847200993573616,0.05107083794466023,0.45980660784821914,67.0,0.0,0.0,0.0,0.0,50.0,314.22026505777984,236.23042723832145,False,False,0.0,0.0,False,0.0,0,0,0,True
36,72,0.28,69.17786067056124,84.6041237903626,80.69196977573343,77.5240989274759,6.934983062008938,6.032681868619761,0.0,298.8816579048419,15.913130658697817,238.25531506121956,137.0718704457572,0.9233849370156839,0.06404472970181685,0.04891545679734134,0.6090184254959691,0.04233331303979506,0.4745812791753357,67.0,0.0,0.0,0.0,0.0,50.0,314.7947885635397,238.25531506121956,False,False,0.0,0.0,False,0.0,0,0,0,True
37,73,0.27,69.9622659462673,85.54389503812051,81.69799361230817,78.07625687686473,7.031302271203507,5.817228944740484,0.0,299.0003970612747,17.031890357858714,240.7513472646093,133.22596901994487,0.9199684349960693,0.06002026596059205,0.0494550566561732,0.542440249071064,0.03486951268818713,0.48998137086188354,68.0,0.0,0.0,0.0,0.0,50.0,316.03228741913347,240.7513472646093,False,False,0.0,0.0,False,0.0,0,0,0,True
38,74,0.26,70.92518865779643,86.75185095209551,82.84781143394984,78.9233638436846,7.1276214803980755,5.601776020861207,0.0,299.12438228963055,18.087416931151175,242.97961316889032,129.32192950179922,0.9172410308861609,0.05678546068280754,0.050085873598494104,0.4774347558714476,0.03373382369487889,0.5075426422792261,69.0,0.0,0.0,0.0,0.0,50.0,317.2117992207817,242.97961316889032,False,False,0.0,0.0,False,0.0,0,0,0,True
39,75,0.25,71.89905783581868,87.90275755106951,84.16235508011995,79.76429924675533,7.223940689592644,5.38632309698193,0.0,299.23658074606976,19.043495668430275,244.88622688550936,125.58152703084964,0.9151209141370436,0.05425052647668296,0.05076386890881593,0.41341296317307485,0.03221688313389495,0.5265459945428989,70.0,0.0,0.0,0.0,0.0,50.0,318.28007641450006,244.88622688550936,False,False,0.0,0.0,False,0.0,0,0,0,True
40,78,0.21999999999999997,74.80124397390539,90.73175071383321,87.39330234987148,82.16430286160701,7.51289831717635,4.739964325344098,0.0,299.20581971653445,19.872210289805608,245.88067786589338,122.24307866688793,0.9135463294809627,0.05233678617384927,0.051570766135085835,0.3476017315190834,0.05056391706306481,0.5505551097144722,73.0,0.0,0.0,0.0,0.0,50.0,319.07803000634004,245.88067786589338,False,False,0.0,0.0,False,0.0,0,0,0,True
41,81,0.18999999999999995,77.54978154444441,93.32480644155329,90.54674395319893,84.38442518075951,7.801855944760056,4.093605553706267,0.0,299.0035450780468,21.1965714276284,246.58103504402914,119.46501617853353,0.9124156486515064,0.05094944827915922,0.052295902398425735,0.29046329913773816,0.057363454678575634,0.5696774342794685,74.0,0.0,0.0,0.0,0.0,50.0,320.20011650567517,246.58103504402914,False,False,0.0,0.0,False,0.0,0,0,0,True
42,82,0.18000000000000005,78.57571287797127,94.51743967357201,91.84599481411206,85.37783926513963,7.898175153954624,3.8781526298269897,0.0,298.8846023430686,22.236548767350563,246.87434555505996,116.79357131907355,0.9116814744857604,0.050047805243230915,0.0527811031165728,0.24045484939309833,0.04499818115061612,0.5835648312978399,75.0,0.0,0.0,0.0,0.0,50.0,321.12115111041913,246.87434555505996,False,False,0.0,0.0,False,0.0,0,0,0,True
43,82,0.18000000000000005,78.59891945517356,94.64803237207965,91.84599481411206,85.44655297883092,7.898175153954624,3.8781526298269897,0.0,298.8092353368964,23.160880263431142,247.10311187638388,113.99153376110594,0.9112817142945764,0.049546769281692285,0.05313212193581331,0.19993422959872423,0.026516819631965543,0.5939354287409607,76.0,0.0,0.0,0.0,0.0,50.0,321.9701156003275,247.10311187638388,False,False,0.0,0.0,False,0.0,0,0,0,True
44,84,0.16000000000000003,80.51654278423683,96.35730532412535,94.31035628192384,86.9698719471994,8.09081357234376,3.447246782068435,0.0,298.5766075800977,24.05433526178067,246.71973454610833,111.94458471890438,0.9111546543615114,0.04937396376224925,0.05335693217833859,0.16058050569945587,0.033228558592569714,0.6093847266933056,76.0,0.0,0.0,0.0,0.0,50.0,322.6309428418784,246.71973454610833,False,False,0.0,0.0,False,0.0,0,0,0,True
45,84,0.16000000000000003,80.56696117203299,96.57966281494423,94.31035628192384,87.1746513031857,8.09081357234376,3.447246782068435,0.0,298.49456335155685,24.756074553335065,246.30248305189676,109.675278185884,0.9112945071204113,0.04950485541893124,0.05364479889200003,0.1256913615527285,0.020974972532403935,0.6196048794410116,76.0,0.0,0.0,0.0,0.0,50.0,323.2506379048919,246.30248305189676,False,False,0.0,0.0,False,0.0,0,0,0,True
46,84,0.16000000000000003,80.56833679214688,96.53215482742979,94.31035628192384,87.1566181252111,8.09081357234376,3.447246782068435,0.0,298.39177808001654,25.433137391445516,245.84516919781632,107.453479640378,0.9116664389449497,0.04989998443250565,0.053987255458879516,0.09638541326285097,0.011252595228104992,0.6288325151406147,78.0,0.0,0.0,0.0,0.0,50.0,323.8249154714621,245.84516919781632,False,False,0.0,0.0,False,0.0,0,0,0,True
47,88,0.12,84.41454641890893,99.92696294847934,98.65148286744432,90.26491923965445,8.476090409122035,2.5854350865513265,0.0,298.02595011421715,26.055087980277747,244.21340712068522,106.17799955934296,0.9122284686497422,0.05051151138659917,0.054377533203797804,0.06624205367664594,0.04163082691186925,0.6459108619947507,79.0,0.0,0.0,0.0,0.0,50.0,324.0810380944949,244.21340712068522,False,False,0.0,0.0,False,0.0,0,0,0,True
48,89,0.10999999999999999,85.49784753092369,101.17779186195253,99.88833465420191,91.45635253718059,8.572409618316604,2.369982162672049,0.0,297.88144768627103,26.270173827837034,242.18635053830428,104.88854235159232,0.9129242755173834,0.05128811091055976,0.05466362833500041,0.03728018693117069,0.0361143353034308,0.6546739104866461,81.0,0.0,0.0,0.0,0.0,50.0,324.15162151410806,242.18635053830428,False,False,0.0,0.0,False,0.0,0,0,0,True
49,91,0.08999999999999997,87.23978886670301,102.29491896446362,102.27130121110227,92.54238253909831,8.76504803670574,1.9390763149134949,0.0,297.3169549045132,27.1214373369,239.97512006531184,104.86492459823096,0.9137392706594681,0.05220698376894659,0.054909522254245016,0.0206137481885273,0.03154124463437623,0.6610619176642472,80.0,0.0,0.0,0.0,0.0,50.0,324.43839224141317,239.97512006531184,False,False,0.0,0.0,False,0.0,0,0,0,True
50,95,0.050000000000000044,90.88921729604888,105.24845057270863,106.76363218121557,95.30091444666247,9.150324873484015,1.077264619396386,0.0,296.32893415211083,28.590301405709624,237.31051070242688,106.38010620673788,0.914671423560854,0.05324780867095151,0.0552814396659183,0.01230775396105907,0.047063993785463346,0.6671066832811512,83.0,0.0,0.0,0.0,0.0,50.0,324.91923555782046,237.31051070242688,False,False,0.0,0.0,False,0.0,0,0,0,True
51,95,0.050000000000000044,90.66697906392008,105.00870634777792,106.51216156191589,95.17380221485699,9.150324873484015,1.077264619396386,0.0,295.41999578986446,30.526161962643563,235.28114449238495,107.88356142087585,0.9156796216213194,0.054361632140866645,0.055780786889622076,0.017665450419406203,0.023880362575108994,0.6581307103612307,87.0,0.0,0.0,0.0,0.0,50.0,325.94615775250804,235.28114449238495,False,False,0.0,0.0,False,0.0,0,0,0,True
52,96,0.040000000000000036,91.74994226887289,105.98125883688252,107.85547919819939,96.14462927581188,9.246644082678584,0.8618116955171088,0.0,294.5032955383289,31.950441485039544,232.51561676135157,109.75778178219271,0.9166554737838084,0.0554434182556536,0.05622153609924296,0.023798894647234073,0.022750109658933086,0.65423934841085,87.0,0.0,0.0,0.0,0.0,50.0,326.4537370233685,232.51561676135157,False,False,0.0,0.0,False,0.0,0,0,0,True
53,97,0.030000000000000027,92.75885516301442,106.82378913767566,108.97203221019683,96.99266503787676,9.342963291873152,0.6463587716378316,0.0,293.52996637085266,33.19272328483559,229.31533759830674,111.90602485471388,0.9175960471041632,0.05647446626379813,0.0567370209150776,0.033339635633717744,0.020747771908946958,0.6482633554798956,87.0,0.0,0.0,0.0,0.0,50.0,326.72268965568827,229.31533759830674,False,False,0.0,0.0,False,0.0,0,0,0,True
54,96,0.040000000000000036,91.83587483723086,106.03607339063453,107.81980450602791,96.35146378758338,9.246644082678584,0.8618116955171088,0.0,292.7034775178912,34.32622503679294,226.38637647344464,113.68975597010726,0.9184710491261736,0.057422317330005336,0.057304613595799594,0.04738335371416589,0.00531535885531865,0.6374199282631879,88.0,0.0,0.0,0.0,0.0,50.0,327.02970255468415,226.38637647344464,False,False,0.0,0.0,False,0.0,0,0,0,True
55,95,0.050000000000000044,90.81466833591348,104.98108344038015,106.55622833728626,95.45482039054389,9.150324873484015,1.077264619396386,0.0,291.86899742045955,35.63348560282956,223.92378865170667,115.26490086701335,0.9192472661262681,0.058252992169222265,0.05789096859571039,0.06727955262684475,0.00787571812533923,0.6259857341451709,87.0,0.0,0.0,0.0,0.0,50.0,327.50248302328913,223.92378865170667,False,False,0.0,0.0,False,0.0,0,0,0,True
56,94,0.06000000000000005,89.77183265140577,104.01662788823779,105.46438132030244,94.62668335031991,9.054005664289447,1.2927175432756632,0.0,291.1165318556914,37.15793454490161,222.1067168445993,116.71265429907798,0.9198771287923637,0.058922201407610376,0.058404270473903425,0.0886065314242513,0.013875120598498736,0.6162069729504431,86.0,0.0,0.0,0.0,0.0,50.0,328.274466400593,222.1067168445993,False,False,0.0,0.0,False,0.0,0,0,0,True
57,95,0.050000000000000044,90.6052697680349,104.72410025937265,106.76363218121557,95.30574286671091,9.150324873484015,1.077264619396386,0.0,290.31660377113917,38.83902319395382,220.26329740252748,118.75218622092089,0.9203567646618229,0.059425029498176275,0.05885291537500458,0.10736699353393239,0.0034088242272237584,0.6119637745416913,88.0,0.0,0.0,0.0,0.0,50.0,329.155626965093,220.26329740252748,False,False,0.0,0.0,False,0.0,0,0,0,True
58,94,0.06000000000000005,89.60105350005709,103.7597570499419,105.46438132030244,94.44900390800645,9.054005664289447,1.2927175432756632,0.0,289.532029944343,40.466105136188574,218.6230565617581,120.4568104912814,0.9207149401035473,0.059783082972946565,0.059335332672965334,0.1300956782291434,0.01022340859923813,0.6018221274242281,88.0,0.0,0.0,0.0,0.0,50.0,329.99813508053154,218.6230565617581,False,False,0.0,0.0,False,0.0,0,0,0,True
59,93,0.06999999999999995,88.7629973003116,103.40117855112578,104.4688992743574,94.1297938473658,8.957686455094878,1.5081704671549403,0.0,289.1344285295791,41.66389458335716,217.1546200315413,121.52453121451305,0.9209165989580015,0.05996947300854183,0.05973779676358331,0.14470045649133864,0.009488055949899793,0.5967688202633117,87.0,0.0,0.0,0.0,0.0,50.0,330.79832311293626,217.1546200315413,False,False,0.0,0.0,False,0.0,0,0,0,True
60,93,0.06999999999999995,88.71084081010281,103.02878566888391,104.4688992743574,93.78802927785867,8.957686455094878,1.5081704671549403,0.0,288.4407627317552,42.963709942245686,215.51122854795193,122.96464481998653,0.9210264085063716,0.06004925976866262,0.060160437319162055,0.16290942745486867,0.009217354840646997,0.5906372526690054,87.0,0.0,0.0,0.0,0.0,50.0,331.4044726740009,215.51122854795193,False,False,0.0,0.0,False,0.0,0,0,0,True
61,93,0.06999999999999995,88.65747537407609,102.91833600338403,104.4688992743574,93.6724228407455,8.957686455094878,1.5081704671549403,0.0,287.6735920969184,44.36909067937704,213.92102996208786,124.51520809095989,0.9210190903376168,0.05999416765652803,0.06059571288349746,0.18108389748934844,0.006839575541648437,0.5854374210584437,87.0,0.0,0.0,0.0,0.0,50.0,332.04268277629546,213.92102996208786,False,False,0.0,0.0,False,0.0,0,0,0,True
62,93,0.06999999999999995,88.62332057399783,102.89940303774964,104.4688992743574,93.6282265148535,8.957686455094878,1.5081704671549403,0.0,286.8839225191868,45.82416299694786,212.38030742306927,126.08470432756766,0.920896721692324,0.05980744749945075,0.0610376073405383,0.19843142999494984,0.005149047533144637,0.5807506233385409,88.0,0.0,0.0,0.0,0.0,50.0,332.70808551613464,212.38030742306927,False,False,0.0,0.0,False,0.0,0,0,0,True
63,93,0.06999999999999995,88.59469564794536,103.02520452759941,104.4688992743574,93.7047619777536,8.957686455094878,1.5081704671549403,0.0,286.1865905725502,47.307260697792515,210.98281139161517,127.52839907432565,0.9206670933442513,0.059498921089709354,0.061480293846516376,0.2133336902412481,0.004387381198843422,0.5772083729586974,91.0,0.0,0.0,0.0,0.0,50.0,333.4938512703427,210.98281139161517,False,False,0.0,0.0,False,0.0,0,0,0,True
64,94,0.06000000000000005,89.5385311983084,104.06959598484428,105.76815013527053,94.60751869499703,9.054005664289447,1.2927175432756632,0.0,285.55599014014837,48.756268720798104,209.4253142129579,129.2269532247519,0.9203497471225871,0.059091907570109695,0.06191843828536945,0.22261688892683065,0.009468049972139906,0.5764828900985179,94.0,0.0,0.0,0.0,0.0,50.0,334.3122588609465,209.4253142129579,False,False,0.0,0.0,False,0.0,0,0,0,True
65,93,0.06999999999999995,88.63580300838983,103.55580905416156,104.4688992743574,94.08612538350319,8.957686455094878,1.5081704671549403,0.0,285.1773510992103,50.03047173325723,208.18084740848064,130.14004344494774,0.919993922267556,0.05863143611872575,0.0624461017720966,0.23209781336398955,0.004581659196485275,0.5721353462023739,95.0,0.0,0.0,0.0,0.0,50.0,335.2078228324675,208.18084740848064,False,False,0.0,0.0,False,0.0,0,0,0,True
66,93,0.06999999999999995,88.55703334050276,103.526878043963,104.4688992743574,94.00160635457036,8.957686455094878,1.5081704671549403,0.0,284.78681430697014,51.440724194475045,207.08094812884102,131.08206467534214,0.9195917063580332,0.058121985199903484,0.06295198549658697,0.24229237794431432,0.0046575445228224325,0.5696006236031224,96.0,0.0,0.0,0.0,0.0,50.0,336.22753850144517,207.08094812884102,False,False,0.0,0.0,False,0.0,0,0,0,True
67,93,0.06999999999999995,88.51817013786656,103.7059845442882,104.4688992743574,94.1017610160452,8.957686455094878,1.5081704671549403,0.0,284.5289537913433,52.87447858252495,206.15867305876452,131.84497940541138,0.9191379815780983,0.05755855873742051,0.06342638865970845,0.250046560535893,0.004848334237469746,0.5684163564566993,98.0,0.0,0.0,0.0,0.0,50.0,337.40343237386827,206.15867305876452,False,False,0.0,0.0,False,0.0,0,0,0,True
68,93,0.06999999999999995,88.49559217097605,103.84919662340367,104.4688992743574,94.16717657167139,8.957686455094878,1.5081704671549403,0.0,284.3548996254637,54.28384511179696,205.31693189697526,132.46468205636512,0.9186510203494145,0.05696288905022142,0.06386180098036827,0.25623989773755756,0.005120131280056868,0.5674869313144792,98.0,0.0,0.0,0.0,0.0,50.0,338.63874473726065,205.31693189697526,False,False,0.0,0.0,False,0.0,0,0,0,True
69,94,0.06000000000000005,89.43266911521125,104.74409375066107,105.76815013527053,94.91302817064437,9.054005664289447,1.2927175432756632,0.0,284.1059275147022,55.64708272388151,204.16236171458655,133.48873844097457,0.9181424464265149,0.05634887811607172,0.06425110920157581,0.2596110325060781,0.010841425892649076,0.567966100066807,100.0,0.0,0.0,0.0,0.0,50.0,339.7530102385837,204.16236171458655,False,False,0.0,0.0,False,0.0,0,0,0,True
70,93,0.06999999999999995,88.51698881517834,104.10718884464262,104.4688992743574,94.26940680939227,8.957686455094878,1.5081704671549403,0.0,284.0058377863476,56.86252190997521,203.36014337274705,133.85044887068938,0.917639129600625,0.055735418188408305,0.06468134246220683,0.26516791973660114,0.0041232849078914275,0.5645856674172477,102.0,0.0,0.0,0.0,0.0,50.0,340.86835969632284,203.36014337274705,False,False,0.0,0.0,False,0.0,0,0,0,True
71,93,0.06999999999999995,88.41793335628113,104.02572297270234,104.4688992743574,94.12979744190994,8.957686455094878,1.5081704671549403,0.0,283.86356887931123,58.21440515606199,202.89471509546155,134.29362517234443,0.9171189906576037,0.05511017159720562,0.06504726437394247,0.27194702153475087,0.0038706297697548436,0.5630554842503408,102.0,0.0,0.0,0.0,0.0,50.0,342.07797403537324,202.89471509546155,False,False,0.0,0.0,False,0.0,0,0,0,True
72,93,0.06999999999999995,88.37055587138313,104.10855718993858,104.4688992743574,94.13872563831268,8.957686455094878,1.5081704671549403,0.0,283.7752954724608,59.580976379400894,202.68527783763898,134.65396725676325,0.9165721818766344,0.05446225264931095,0.06534007046987397,0.27737640557657384,0.0037529342152352084,0.5623897470816427,103.0,0.0,0.0,0.0,0.0,50.0,343.3562718518617,202.68527783763898,False,False,0.0,0.0,False,0.0,0,0,0,True
73,93,0.06999999999999995,88.30024695475412,104.1443524224196,104.4688992743574,94.10609964595233,8.957686455094878,1.5081704671549403,0.0,283.72327159475617,60.926618365901334,202.5884316417049,134.97851410870103,0.9160084317557866,0.05380301270709331,0.06555447936145294,0.28237648868658866,0.003785641378693549,0.5616443504405886,104.0,0.0,0.0,0.0,0.0,50.0,344.6498899606575,202.5884316417049,False,False,0.0,0.0,False,0.0,0,0,0,True
74,93,0.06999999999999995,88.19740160967,104.06607443609686,104.4688992743574,93.97190704607154,8.957686455094878,1.5081704671549403,0.0,283.6390556917262,62.26032708634434,202.48087568647696,135.3813389469616,0.9154308910850348,0.05313602421439865,0.06568674089569136,0.28862541907942746,0.0032839470590095067,0.5602294154793435,105.0,0.0,0.0,0.0,0.0,50.0,345.8993827780705,202.48087568647696,False,False,0.0,0.0,False,0.0,0,0,0,True
75,93,0.06999999999999995,88.10033886620687,103.99837510421483,104.4688992743574,93.84794649035877,8.957686455094878,1.5081704671549403,0.0,283.52657446760145,63.601122860003024,202.38220593513594,135.85186311710416,0.9148305186236187,0.05245067034079036,0.0657340389566427,0.29570700508124,0.003048289126600814,0.5586752575530378,105.0,0.0,0.0,0.0,0.0,50.0,347.1276973276045,202.38220593513594,False,False,0.0,0.0,False,0.0,0,0,0,True
76,94,0.06000000000000005,88.98257082923068,104.79990315352951,105.76815013527053,94.5078811674696,9.054005664289447,1.2927175432756632,0.0,283.30910318742343,64.91534539070199,201.96611695377902,136.8201100988452,0.9142013874649131,0.05173977468606981,0.06569537658258126,0.30032330970224685,0.007733246931630416,0.55868809603961,105.0,0.0,0.0,0.0,0.0,50.0,348.2244485781254,201.96611695377902,False,False,0.0,0.0,False,0.0,0,0,0,True
77,93,0.06999999999999995,88.09895817643434,104.13560362392346,104.4688992743574,93.84449928595096,8.957686455094878,1.5081704671549403,0.0,283.18919763675524,66.08834693534527,201.74660923642088,137.1534057492791,0.9135672747337089,0.05101760065549847,0.06566312728060322,0.3067601962686054,0.003083613552399697,0.5553010399038326,105.0,0.0,0.0,0.0,0.0,50.0,349.2775445721005,201.74660923642088,False,False,0.0,0.0,False,0.0,0,0,0,True
78,93,0.06999999999999995,87.97329091248612,104.02280734276141,104.4688992743574,93.679096408903,8.957686455094878,1.5081704671549403,0.0,283.0276094309769,67.3780595896068,201.6291995050838,137.59949768087512,0.912910819908066,0.050276518345833535,0.0655464181314339,0.31422447631059913,0.0031076604258382426,0.5537390062440493,104.0,0.0,0.0,0.0,0.0,50.0,350.4056690205837,201.6291995050838,False,False,0.0,0.0,False,0.0,0,0,0,True
79,93,0.06999999999999995,87.90687705466829,104.05364794713408,104.4688992743574,93.64262132594015,8.957686455094878,1.5081704671549403,0.0,282.89333610963945,68.67082701591696,201.5699995587074,138.01474900809842,0.9122236117789985,0.04950652077443649,0.06534663125094496,0.32052303930999393,0.002424820261176262,0.5528721691695273,104.0,0.0,0.0,0.0,0.0,50.0,351.56416312555643,201.5699995587074,False,False,0.0,0.0,False,0.0,0,0,0,True
80,93,0.06999999999999995,87.86747553790161,104.11301824115625,104.4688992743574,93.63196035515986,8.957686455094878,1.5081704671549403,0.0,282.7856229865394,69.93544374856894,201.53664614191848,138.37063004129956,0.9115144640075892,0.048717105809607864,0.06506978155656384,0.3254979538078142,0.002107605692087053,0.5523348739459005,104.0,0.0,0.0,0.0,0.0,50.0,352.72106673510837,201.53664614191848,False,False,0.0,0.0,False,0.0,0,0,0,True
81,93,0.06999999999999995,87.84211172917615,104.14559377629358,104.4688992743574,93.59808258263084,8.957686455094878,1.5081704671549403,0.0,282.6676468398587,71.16510458972132,201.48477580273016,138.6939355393634,0.9107935492669033,0.04791919313026769,0.06472408221387098,0.32975410949853656,0.0019031245506062155,0.5518221353121769,104.0,0.0,0.0,0.0,0.0,50.0,353.83275142958007,201.48477580273016,False,False,0.0,0.0,False,0.0,0,0,0,True
82,93,0.06999999999999995,87.82070779145603,104.21159981794037,104.4688992743574,93.59537378705495,8.957686455094878,1.5081704671549403,0.0,282.5664501232265,72.36265879124096,201.44344450811587,138.95123499578042,0.9100666420477991,0.0471185633085236,0.06431897298662895,0.33285258568728027,0.002299807943772122,0.5516476648833246,104.0,0.0,0.0,0.0,0.0,50.0,354.92910891446746,201.44344450811587,False,False,0.0,0.0,False,0.0,0,0,0,True
83,93,0.06999999999999995,87.80999152567257,104.31792835174805,104.4688992743574,93.63061222591438,8.957686455094878,1.5081704671549403,0.0,282.5095648657202,73.51922067955314,201.43051906616904,139.1022059183898,0.9093441640287411,0.04632612210911411,0.06386656138444788,0.334309972937658,0.0028195101313713547,0.5519431005437141,105.0,0.0,0.0,0.0,0.0,50.0,356.02878554527337,201.43051906616904,False,False,0.0,0.0,False,0.0,0,0,0,True
84,93,0.06999999999999995,87.81145084831057,104.45753560373223,104.4688992743574,93.70260601885647,8.957686455094878,1.5081704671549403,0.0,282.52229036826856,74.62506848155205,201.4607323464388,139.11356958901496,0.9086957097266574,0.045614909593207555,0.06342397501955359,0.3339039545769506,0.0032317514561278913,0.5528016448751899,105.0,0.0,0.0,0.0,0.0,50.0,357.1473588498206,201.4607323464388,False,False,0.0,0.0,False,0.0,0,0,0,True
85,93,0.06999999999999995,87.82416646645471,104.59245296835654,104.4688992743574,93.7762247525204,8.957686455094878,1.5081704671549403,0.0,282.59612562471085,75.67448234966642,201.51901594784488,138.9900158950158,0.9081062689703208,0.04496997907891913,0.06297960113747358,0.33189961424028913,0.00352928859962824,0.5540631846887702,105.0,0.0,0.0,0.0,0.0,50.0,358.2706079743773,201.51901594784488,False,False,0.0,0.0,False,0.0,0,0,0,True
86,93,0.06999999999999995,87.84236441610517,104.71414597397433,104.4688992743574,93.84349647717036,8.957686455094878,1.5081704671549403,0.0,282.72023360270134,76.6681689287269,201.59432738529156,138.74476919539893,0.9075711508387393,0.04438702163902197,0.06253176451001288,0.3285758788791868,0.0036372242806449176,0.5556517170859128,105.0,0.0,0.0,0.0,0.0,50.0,359.38840253142826,201.59432738529156,False,False,0.0,0.0,False,0.0,0,0,0,True
87,93,0.06999999999999995,87.8630884769695,104.81110778593649,104.4688992743574,93.89411698913725,8.957686455094878,1.5081704671549403,0.0,282.8762533133691,77.60839895158377,201.66966479942883,138.40256068381984,0.9070905721127206,0.04386664486155054,0.06208388997898597,0.3243077937443669,0.0035075444499725024,0.5574447928938808,105.0,0.0,0.0,0.0,0.0,50.0,360.48465226495284,201.66966479942883,False,False,0.0,0.0,False,0.0,0,0,0,True
88,93,0.06999999999999995,87.88272849382763,104.88230228574352,104.4688992743574,93.92720359662708,8.957686455094878,1.5081704671549403,0.0,283.0482530831307,78.49963876977363,201.73265925675227,137.98915767243372,0.9066660029948979,0.043410469241515745,0.06164185455933225,0.31942304284608924,0.00325151061852557,0.5593565284075492,105.0,0.0,0.0,0.0,0.0,50.0,361.54789185290434,201.73265925675227,False,False,0.0,0.0,False,0.0,0,0,0,True
89,93,0.06999999999999995,87.8993620477593,104.93060939286597,104.4688992743574,93.94531723864613,8.957686455094878,1.5081704671549403,0.0,283.22452589573106,79.34666156036411,201.77550725952923,137.52744755392516,0.9062987680215862,0.04301970805734767,0.06121247900905859,0.3141731375167235,0.0029591831084512543,0.5613251547783522,105.0,0.0,0.0,0.0,0.0,50.0,362.5711874560952,201.77550725952923,False,False,0.0,0.0,False,0.0,0,0,0,True
90,93,0.06999999999999995,87.91217149533712,104.96239330063285,104.4688992743574,93.95405596479007,8.957686455094878,1.5081704671549403,0.0,283.39959032787755,80.15377679812458,201.79621010773835,137.0339535276497,0.9059895816768906,0.04269475290157956,0.060802638281095396,0.3087067014615409,0.002759862168161885,0.5633226975947657,105.0,0.0,0.0,0.0,0.0,50.0,363.5533671260021,201.79621010773835,False,False,0.0,0.0,False,0.0,0,0,0,True
91,93,0.06999999999999995,87.9214485916448,104.98008291690685,104.4688992743574,93.95544726125675,8.957686455094878,1.5081704671549403,0.0,283.5696116793231,80.92429762461765,201.79346664312934,136.52276988510022,0.9057386803647125,0.04243540412490425,0.06041872874716182,0.30314762514282745,0.0026391290344770775,0.5653150036430377,105.0,0.0,0.0,0.0,0.0,50.0,364.49390930394077,201.79346664312934,False,False,0.0,0.0,False,0.0,0,0,0,True
92,84,0.16000000000000003,87.92703304460363,104.98504112623904,104.4688992743574,93.95051736367827,8.957686455094878,1.5081704671549403,0.0,283.7318795091676,26.18190446978214,194.06817659926958,113.08354994351963,0.9055456849441876,0.042240760428686075,0.060066352703642564,0.29761210559974016,0.002480443236456115,0.5672691929726728,106.0,0.0,0.0,0.1,0.0,16.712643967942405,309.9137839789497,194.06817659926958,False,False,0.0,0.0,False,0.0,1,0,1,True
93,84,0.16000000000000003,78.64846158682515,83.159285530828,95.41468474518484,81.23097660072534,8.09081357234376,3.447246782068435,0.0,279.38360952791345,23.941319563203898,183.89545408140626,125.33894915787647,0.906409910018193,0.043154039916981704,0.06068934768902462,0.23042529354068325,0.2200276152280646,0.44670274724769987,104.0,104.0,1.0,0.1,0.0,16.712643967942405,303.3249290911173,183.89545408140626,False,False,0.0,0.0,False,0.0,0,0,0,True
94,85,0.15000000000000002,75.08664751722056,84.13452416499807,95.67516776275886,77.98325549028111,8.18713278153833,3.231793858189158,0.0,275.39795844398446,21.784681517396773,183.79028313489795,136.87959275563725,0.905872011711174,0.04244231100385922,0.061498669110196046,0.41654267459574534,0.12456445363584703,0.6056293467169653,105.0,105.0,1.0,0.0,1.0,16.712643967942405,297.18263996138126,183.79028313489795,False,False,0.0,0.0,False,0.0,0,0,0,True
95,82,0.18000000000000005,73.50529423769457,86.19948595521758,92.3088503994041,76.93147019974612,7.898175153954624,3.8781526298269897,0.0,271.5197546815417,19.649629367063277,183.1723395684006,142.98895719982372,0.9038621448943133,0.04005439278933336,0.062296884555009986,0.5274812987432179,0.1135533414878986,0.5741079729838572,86.0,86.0,1.0,0.0,0.0,16.712643967942405,291.16938404860497,183.1723395684006,False,False,0.0,0.0,False,0.0,0,0,0,True
96,84,0.16000000000000003,74.68930831526706,87.46998654956403,94.32089807255355,77.78582053007845,8.09081357234376,3.447246782068435,0.0,267.4871798214333,17.483168266361552,182.27232570781342,149.83986872281324,0.9009979108273921,0.03667497300565403,0.06338683706731595,0.628472416161926,0.044519588167124244,0.4959042984360743,78.0,78.0,1.0,0.0,0.0,16.712643967942405,284.97034808779483,182.27232570781342,False,False,0.0,0.0,False,0.0,0,0,0,True
97,83,0.17000000000000004,74.36441638240305,87.60724031379885,93.00635442638344,77.60074831636229,7.994494363149193,3.662699705947712,0.0,263.4098094879241,15.926542508076567,182.21828611798546,155.23898283539782,0.89789060856026,0.03299634964345564,0.0646105381719081,0.7067515001372221,0.019017620815040832,0.45695062006772724,89.0,89.0,1.0,0.0,0.0,16.712643967942405,279.3363519960007,182.21828611798546,False,False,0.0,0.0,False,0.0,0,0,0,True
98,80,0.19999999999999996,73.31437795249754,87.26543091891642,89.55126190725389,76.98890833145705,7.705536735565487,4.309058477585544,0.0,259.3470275827429,14.523915145368937,182.29805791646498,157.5248138237353,0.8947430911965644,0.0292614561935338,0.06575637672947375,0.7499613462654727,0.011227253332457485,0.441372454442481,92.0,92.0,1.0,0.0,0.0,16.712643967942405,273.87094272811186,182.29805791646498,False,False,0.0,0.0,False,0.0,0,0,0,True
99,79,0.20999999999999996,73.04412544145131,87.45371040748954,88.54523807067918,76.85645339445973,7.6092175263709185,4.524511401464821,0.006192025656572064,251.3206574845096,13.128379679940377,182.5719583181331,158.61634148692494,0.8916595342343943,0.02561275986400511,0.06667485085462467,0.7720224710288665,0.00591180609154242,0.4370791811521995,101.0,101.0,1.0,0.0,0.0,14.359160711385554,264.44903716445,182.57815034378967,False,False,0.0,0.0,False,0.0,1,1,0,True
100,78,0.21999999999999997,72.40686919468229,87.26535964877178,87.53921423410443,76.42777277802351,7.51289831717635,4.739964325344098,0.008907545175919074,247.1723844045616,11.745669245959496,182.5251609776054,158.89019607225754,0.8889531783292313,0.022403264278026656,0.06748635338907787,0.7823540673919278,0.007061339511756736,0.43675732182058813,96.0,96.0,1.0,0.0,0.0,14.359160711385554,258.9180536505211,182.53406852278133,False,False,0.0,0.0,False,0.0,0,0,0,True
101,78,0.21999999999999997,72.18252771732776,87.29659909042422,87.53921423410443,76.23749059189298,7.51289831717635,4.739964325344098,0.0,242.97918527166314,10.37087320018388,182.6128152663305,159.13281121593775,0.8867970312539608,0.019822751356318436,0.06834186550625651,0.7918071897883331,0.007368358261101183,0.43760883104922177,97.0,97.0,1.0,0.0,0.0,14.359160711385554,253.35005847184703,182.6128152663305,False,False,0.0,0.0,False,0.0,0,0,0,True
102,77,0.22999999999999998,72.07883431314161,87.4994179069999,86.49143399249098,76.24218105141314,7.416579107981781,4.955417249223376,0.0,238.7160634342792,8.999661183413288,182.85420082223186,158.12482730142887,0.8851457998181795,0.017830737038593038,0.06912566071932731,0.7844273108444211,0.007815910412542629,0.4414816762182041,97.0,97.0,1.0,0.0,0.0,14.359160711385554,247.71572461769247,182.85420082223186,False,False,0.0,0.0,False,0.0,0,0,0,True
103,77,0.22999999999999998,72.08517218178446,87.64636725671025,86.49143399249098,76.2478851331917,7.416579107981781,4.955417249223376,0.0,234.3830826802046,7.630909059918887,183.1089664605626,156.9698940372096,0.8840375664317639,0.016475066638154744,0.06979464093748211,0.7750630397789922,0.006951961258526223,0.44582005788212636,97.0,97.0,1.0,0.0,0.0,14.359160711385554,242.0139917401235,183.1089664605626,False,False,0.0,0.0,False,0.0,0,0,0,True
104,77,0.22999999999999998,72.06131293397618,87.7212586034431,86.49143399249098,76.22641181016422,7.416579107981781,4.955417249223376,0.0,229.98212834286076,6.596911987896009,183.68666950952178,155.7400694262575,0.883294969755131,0.015553593171226421,0.07034623735092724,0.7653612712069986,0.005696081323700292,0.4504526062652604,95.0,95.0,1.0,0.0,0.0,14.359160711385554,236.57904033075678,183.68666950952178,False,False,0.0,0.0,False,0.0,0,0,0,True
105,78,0.21999999999999997,73.3280765875512,88.97987588792463,87.79068485340412,77.259567712793,7.51289831717635,4.739964325344098,0.0,225.3952366972722,5.933534820129885,184.3085666090345,154.55087839173692,0.8828114710741743,0.014944857232213216,0.07078319165395985,0.7433491022816054,0.014823677630567689,0.45941813380666996,95.0,95.0,1.0,0.0,0.0,14.359160711385554,231.3287715174021,184.3085666090345,False,False,0.0,0.0,False,0.0,0,0,0,True
106,80,0.19999999999999996,75.24090340278893,90.84936158827749,90.2550463212159,78.83770104955309,7.705536735565487,4.309058477585544,0.0,220.6374364562685,5.257020087658715,184.29628018957789,153.95656312467534,0.8824917020797463,0.014528708588812212,0.07118966660966139,0.7121713188311889,0.02935105331020642,0.4690087864803987,96.0,96.0,1.0,0.0,0.0,14.359160711385554,225.8944565439272,184.29628018957789,False,False,0.0,0.0,False,0.0,0,0,0,True
107,81,0.18999999999999995,76.44405532394453,92.01878735727232,91.30282656282935,79.81546291649822,7.801855944760056,4.093605553706267,0.0,211.27711122843127,4.572412424771313,184.11149215428833,153.24060233023238,0.8822898073053373,0.014244151330875731,0.07166545465644632,0.6818322187621325,0.02938060986433828,0.4770134955795216,95.0,95.0,1.0,0.0,0.0,11.707754192457035,215.84952365320257,184.11149215428833,False,False,0.0,0.0,False,0.0,1,1,0,True
108,82,0.18000000000000005,77.50807819855417,93.06217343732801,92.3088503994041,80.6929988781167,7.898175153954624,3.8781526298269897,0.0,201.69541273608723,3.8804411695056933,184.02210299885752,152.48727929230841,0.8822083316561965,0.014097607894541352,0.07219393526399075,0.6574108119060689,0.027822243261905705,0.4799449553963133,98.0,98.0,1.0,0.0,0.0,9.055132144792069,205.57585390559294,184.02210299885752,False,False,0.0,0.0,False,0.0,1,1,0,True
109,81,0.18999999999999995,77.13647699228197,92.86381533889359,91.30282656282935,80.49950791392722,7.801855944760056,4.093605553706267,0.0,196.4381386442615,3.1902814953359497,183.27480101660512,150.92629051624417,0.8821213879973083,0.013961012949285357,0.0725380799006425,0.6305025073500377,0.013363604682478169,0.48483385617991137,97.0,97.0,1.0,0.0,0.0,9.055132144792069,199.62842013959744,183.27480101660512,False,False,0.0,0.0,False,0.0,0,0,0,True
110,82,0.18000000000000005,77.91349775584519,93.56047136649799,92.3088503994041,81.09015539534803,7.898175153954624,3.8781526298269897,0.0,191.02825668085205,2.495093401998904,182.97570292153128,149.67466954915025,0.8821317332304544,0.013937077062857073,0.07292516965060951,0.6107306550337916,0.01494395103001957,0.4880890526416877,100.0,100.0,1.0,0.0,0.0,9.055132144792069,193.52335008285095,182.97570292153128,False,False,0.0,0.0,False,0.0,0,0,0,True
111,81,0.18999999999999995,77.28214544036271,93.04056663324423,91.30282656282935,80.63090373702961,7.801855944760056,4.093605553706267,0.0,185.58349528922284,1.8038845621556239,182.08559152827243,147.93692947873538,0.8821183870821312,0.01390242901492662,0.07312249435068661,0.5898288565986081,0.0034144817805026443,0.4923182445448583,97.0,97.0,1.0,0.0,0.0,9.055132144792069,187.38737985137845,182.08559152827243,False,False,0.0,0.0,False,0.0,0,0,0,True
112,82,0.18000000000000005,77.97128133482073,93.63283085340872,92.3088503994041,81.14219978510125,7.898175153954624,3.8781526298269897,0.0,175.5647765476946,1.1082378490315627,181.7442047506773,146.6129490247307,0.8821838016915426,0.013958900020423525,0.07336023846743284,0.5746178123606634,0.00784002346701033,0.49590747216372016,99.0,99.0,1.0,0.0,0.0,6.399029062322674,176.67301439672616,181.7442047506773,False,False,0.0,0.0,False,0.0,1,1,0,True
113,82,0.18000000000000005,77.86437755110606,93.55682642371019,92.41300587859834,81.07761735707017,7.898175153954624,3.8781526298269897,0.0,169.8525323676947,0.413113144925628,181.24380065507555,145.46912847961886,0.8822115386944314,0.013988126813207758,0.07340673247622323,0.559331681301424,0.0037549644250262056,0.5001216747167059,97.0,97.0,1.0,0.0,0.0,6.399029062322674,170.26564551262032,181.24380065507555,False,False,0.0,0.0,False,0.0,0,0,0,True
114,82,0.18000000000000005,77.85164792571696,93.53338601484414,92.41300587859834,81.06616069421997,7.898175153954624,3.8781526298269897,0.0,164.04880498232578,0.0,181.04669412390504,144.34874834337305,0.882324243222549,0.014116520901030993,0.0734904517546575,0.5454883686891412,0.0022879041524041513,0.5048075091614193,97.0,97.0,1.0,0.0,0.0,6.399029062322674,164.04880498232578,181.04669412390504,False,False,0.0,0.0,False,0.0,0,0,0,True
115,83,0.17000000000000004,79.10400252016461,94.77867555107767,93.41902971517305,82.16141131806832,7.994494363149193,3.662699705947712,0.0,153.85556316636783,0.0,181.68323268481853,142.98910250746843,0.8825153402036282,0.014336250586385635,0.0736118941571784,0.5257050391905286,0.014325487673461559,0.5111997152850882,98.0,98.0,1.0,0.0,0.0,3.844647568013185,153.85556316636783,181.68323268481853,False,False,0.0,0.0,False,0.0,1,1,0,True
116,83,0.17000000000000004,79.5868121435824,95.28869041823354,93.71225673951145,82.62547976589539,7.994494363149193,3.662699705947712,0.0,147.73536347189483,0.0,180.93507091152992,141.41266882874638,0.8826892348502315,0.014554455449131098,0.07353317695966174,0.4965562944275793,0.013658957284910442,0.5187358447130134,97.0,97.0,1.0,0.0,0.0,3.844647568013185,147.73536347189483,180.93507091152992,False,False,0.0,0.0,False,0.0,0,0,0,True
117,83,0.17000000000000004,79.68255245567595,95.36110068419224,93.41902971517305,82.71164604677956,7.994494363149193,3.662699705947712,0.0,141.5062091433177,0.0,180.5751385269629,139.4705978597272,0.8829141357294924,0.01482231979288855,0.07357186911031705,0.4747177802423675,0.00856958968689779,0.5226369905267759,100.0,100.0,1.0,0.0,0.0,3.844647568013185,141.5062091433177,180.5751385269629,False,False,0.0,0.0,False,0.0,0,0,0,True
118,84,0.16000000000000003,80.66283766784679,96.22152427328047,95.02680038568155,83.48735662898149,8.09081357234376,3.447246782068435,0.0,135.09046407696638,0.0,179.21506438764268,138.27587397212827,0.8831221047672008,0.015088784216216466,0.0734126792873376,0.4454260647206512,0.014097443729538375,0.5307070662022392,98.0,98.0,1.0,0.0,0.0,3.844647568013185,135.09046407696638,179.21506438764268,False,False,0.0,0.0,False,0.0,0,0,0,True
119,84,0.16000000000000003,80.37316921466166,95.98194192453933,94.51087673215687,83.30142893792154,8.09081357234376,3.447246782068435,0.0,128.6742800654525,0.0,178.72985615977453,136.80480877974585,0.8833424589221981,0.015348781000756517,0.07347348277420954,0.4306863526892493,0.005524787808522677,0.5319071377153023,100.0,100.0,1.0,0.0,0.0,3.844647568013185,128.6742800654525,178.72985615977453,False,False,0.0,0.0,False,0.0,0,0,0,True
120,85,0.15000000000000002,81.30514696078339,96.78949679303301,96.11864740266537,84.03366280067911,8.18713278153833,3.231793858189158,0.0,122.07329905032259,0.0,177.47221909469613,136.13395938937822,0.8835747375380342,0.015641990838432894,0.07332013599137437,0.4086494759737388,0.011730122571629618,0.538354299561538,100.0,100.0,1.0,0.0,0.0,3.844647568013185,122.07329905032259,177.47221909469613,False,False,0.0,0.0,False,0.0,0,0,0,True
121,85,0.15000000000000002,81.04590640446685,96.57032320456483,95.5938046601122,83.87052004460904,8.18713278153833,3.231793858189158,0.0,115.46122824259416,0.0,177.0812737282555,135.1574408449256,0.8838463550513216,0.015961370811039922,0.07337049274989489,0.4000400089532358,0.004421795570869165,0.5383336231434186,102.0,102.0,1.0,0.0,0.0,3.844647568013185,115.46122824259416,177.0812737282555,False,False,0.0,0.0,False,0.0,0,0,0,True
122,87,0.13,82.83910938989507,98.13463434046754,98.20759916719541,85.2670660823908,8.379771199927466,2.8008880104306035,0.0,108.5834002462414,0.0,176.34330237442805,135.23040567165347,0.8841381881136444,0.016324257657609854,0.07320280917104482,0.3865205415955933,0.01890684074582969,0.5422289395613927,103.0,103.0,1.0,0.0,0.0,3.844647568013185,108.5834002462414,176.34330237442805,False,False,0.0,0.0,False,0.0,0,0,0,True
123,87,0.13,82.96575346672488,98.23394586909312,97.88853756697034,85.38673058276854,8.379771199927466,2.8008880104306035,0.0,101.58690960311112,0.0,175.70771474179682,134.88499736953068,0.8843819585524544,0.016629509775533725,0.0729967583118708,0.3797086218572595,0.011905139880575163,0.5421812328798641,103.0,103.0,1.0,0.0,0.0,3.844647568013185,101.58690960311112,175.70771474179682,False,False,0.0,0.0,False,0.0,0,0,0,True
124,89,0.10999999999999999,84.43041586479251,99.45428539365116,100.35289903478215,86.48693607371862,8.572409618316604,2.369982162672049,0.0,94.35061955233289,0.0,175.01271600152356,135.78361101066164,0.8846310660761245,0.016950755857301568,0.07265572762229941,0.37562905438699473,0.019511692074168845,0.5416711550004691,104.0,104.0,1.0,0.0,0.0,3.844647568013185,94.35061955233289,175.01271600152356,False,False,0.0,0.0,False,0.0,0,0,0,True
125,89,0.10999999999999999,84.85195970939594,99.85924109411158,100.35289903478215,86.86853938668612,8.572409618316604,2.369982162672049,0.0,86.9568851458822,0.0,173.85114755881173,136.27726895133222,0.8847913915546469,0.017165858860154825,0.07232844826835261,0.3698370506390122,0.01539658425053487,0.5395510904541547,106.0,106.0,1.0,0.0,0.0,3.844647568013185,86.9568851458822,173.85114755881173,False,False,0.0,0.0,False,0.0,0,0,0,True
126,88,0.12,84.41686055393878,99.51382575584749,99.20308121314045,86.58805572622646,8.476090409122035,2.5854350865513265,0.0,79.47857209367349,0.0,172.10902635523263,135.96652440862516,0.88487119226377,0.017284343064952457,0.0720192173647547,0.3629146892480129,0.005626721562056894,0.5381780229446148,106.0,106.0,1.0,0.0,0.0,3.844647568013185,79.47857209367349,172.10902635523263,False,False,0.0,0.0,False,0.0,0,0,0,True
127,89,0.10999999999999999,84.87557566309216,99.84101603118481,100.35289903478215,86.88976774825315,8.572409618316604,2.369982162672049,0.0,71.84095584384299,0.0,170.87366833038018,136.4784074122225,0.8849264128357038,0.017371861204733597,0.07169837812526017,0.3622361853681918,0.006689229044841399,0.5362226075345629,107.0,107.0,1.0,0.0,0.0,3.844647568013185,71.84095584384299,170.87366833038018,False,False,0.0,0.0,False,0.0,0,0,0,True
128,89,0.10999999999999999,84.96212381473995,99.9387184959425,100.25925353795282,86.98096522249045,8.572409618316604,2.369982162672049,0.0,64.08396830526925,0.0,169.49680943259173,136.7989424542328,0.8848927984922363,0.017351546129492988,0.07141348893967131,0.36265010733483377,0.00521875106054458,0.5361639006322598,107.0,107.0,1.0,0.0,0.0,3.844647568013185,64.08396830526925,169.49680943259173,False,False,0.0,0.0,False,0.0,0,0,0,True
129,90,0.09999999999999998,85.53470779715899,100.50912470330593,101.40907135959449,87.4819734670914,8.668728827511172,2.154529238792772,0.0,56.2485797656342,0.0,168.55040332161582,137.69888911052135,0.8848510462149362,0.017319316184396572,0.07112999329904546,0.36543080376752984,0.008644143037999923,0.5354049259547129,108.0,108.0,1.0,0.0,0.0,3.844647568013185,56.2485797656342,168.55040332161582,False,False,0.0,0.0,False,0.0,0,0,0,True
130,89,0.10999999999999999,85.13078605234192,102.9133519014068,100.25925353795282,89.57104112213325,8.572409618316604,2.369982162672049,0.0,50.65981484753879,0.0,169.31521542031405,135.04479074706734,0.8847481522076036,0.017212124088153,0.07088939891819873,0.3231885702401039,0.02907412428175175,0.5534851703837192,107.0,107.0,1.0,0.0,0.0,3.844647568013185,50.65981484753879,169.31521542031405,False,False,0.0,0.0,False,0.0,0,0,0,True
131,91,0.08999999999999997,87.00669862161298,108.47015708781015,102.45685160120794,94.41742303108805,8.76504803670574,1.9390763149134949,0.0,43.74773100826802,0.0,173.34120700335274,129.03148526046516,0.8847600297527125,0.017242321734520404,0.07063021116288262,0.2283031721178141,0.0714542474243947,0.5941068892596927,107.0,107.0,1.0,0.0,0.0,1.1798648111805163,43.74773100826802,173.34120700335274,False,False,0.0,0.0,False,0.0,1,1,0,True
132,94,0.06000000000000005,89.88794831008336,111.85797790365852,106.01609959953174,97.41537580796728,9.054005664289447,1.2927175432756632,0.0,41.63881667499941,0.0,175.79742829755386,123.18960695633835,0.8850763426654812,0.017639138877858417,0.07032217411859447,0.13517608474922257,0.07236611496625014,0.6266913158170058,105.0,105.0,1.0,0.0,0.0,1.1798648111805163,41.63881667499941,175.79742829755386,False,False,0.0,0.0,False,0.0,0,0,0,True
133,98,0.020000000000000018,94.00174629848344,116.07163048428411,110.51144202721572,101.17906439548598,9.439282501067721,0.4309058477585544,0.0,39.62208297289047,0.0,178.3159131982015,117.62941849926995,0.8857614510173473,0.01846413222542178,0.07005781307742552,0.04672239012852789,0.07957981759446012,0.6612616731220375,107.0,107.0,1.0,0.0,0.0,1.1798648111805163,39.62208297289047,178.3159131982015,False,False,0.0,0.0,False,0.0,0,0,0,True
134,100,0.0,96.05757920602996,117.89837559544245,112.93616498915479,102.90922033459792,9.631920919456858,0.0,0.0,37.48519174616059,0.0,179.13606378141318,112.66720789298232,0.8867686642037504,0.01967085304358116,0.06970833956239135,-0.02819708482569075,0.060763451992697115,0.6868271814187215,104.0,104.0,1.0,0.0,0.0,1.1798648111805163,37.48519174616059,179.13606378141318,False,False,0.0,0.0,False,0.0,0,0,0,True
135,100,0.0,96.22061326757601,118.13219419580855,112.93616498915479,103.2877503066996,9.631920919456858,0.0,0.0,35.52909731083431,0.0,179.4778271683283,107.47117868632856,0.8881338644801327,0.02127880138229652,0.06947788989564418,-0.09272069146034236,0.03615643657728118,0.7101116961512874,103.0,103.0,1.0,0.0,0.0,1.1798648111805163,35.52909731083431,179.4778271683283,False,False,0.0,0.0,False,0.0,0,0,0,True
136,100,0.0,96.25086910595793,118.04709999436186,112.93616498915479,103.42293993524372,9.631920919456858,0.0,0.0,33.64617334845728,0.0,179.80087231583266,102.36024368112147,0.8898878721150618,0.02331164604513756,0.06947978780507481,-0.14889491960696005,0.01972319993172628,0.7351746414527259,103.0,103.0,1.0,0.0,0.0,1.1798648111805163,33.64617334845728,179.80087231583266,False,False,0.0,0.0,False,0.0,0,0,0,True
137,100,0.0,96.26314877352158,117.84909235463563,112.93616498915479,103.49475684644196,9.631920919456858,0.0,0.0,31.792211464209245,0.0,180.15049220017158,97.44731631564066,0.8920475607131744,0.02578534724257937,0.06972983090994961,-0.1989784997817427,0.009441032574640063,0.7628485761735531,103.0,103.0,1.0,0.0,0.0,1.1798648111805163,31.792211464209245,180.15049220017158,False,False,0.0,0.0,False,0.0,0,0,0,True
138,100,0.0,96.27697754054968,117.62891538241918,112.93616498915479,103.57912536988009,9.631920919456858,0.0,0.0,29.978684460877226,0.0,180.55350433226093,92.75456592237626,0.8945869412353451,0.028669924899128764,0.07022448534604056,-0.24478129294596412,0.00426163703391617,0.7939148231721169,103.0,103.0,1.0,0.0,0.0,1.1798648111805163,29.978684460877226,180.55350433226093,False,False,0.0,0.0,False,0.0,0,0,0,True
139,100,0.0,96.30011389234038,117.35462495258498,112.93616498915479,103.64311485675772,9.631920919456858,0.0,0.0,28.17656230402158,0.0,180.96531315678848,88.33610595894609,0.8974659655778309,0.031920988080949605,0.0709544638402616,-0.2868610154820754,0.00503562811916527,0.8284584661688937,105.0,105.0,1.0,0.0,0.0,1.1798648111805163,28.17656230402158,180.96531315678848,False,False,0.0,0.0,False,0.0,0,0,0,True
140,100,0.0,96.31920919456859,117.20673706158985,112.93616498915479,103.84211681596861,9.631920919456858,0.0,0.0,26.52508370892646,0.0,181.5137630315084,84.06553388651105,0.9006492650732525,0.03549979309040248,0.07191187165401583,-0.3272667906939327,0.006449968930455732,0.868482294978395,104.0,104.0,1.0,0.0,0.0,1.1798648111805163,26.52508370892646,181.5137630315084,False,False,0.0,0.0,False,0.0,0,0,0,True
141,100,0.0,96.31920919456859,117.03540603295836,112.93616498915479,104.04185570224463,9.631920919456858,0.0,0.0,25.04652707473865,0.0,182.11828679906088,79.96629284270746,0.9041176499107634,0.03938649209382457,0.07308880856134803,-0.36593073014011274,0.008340328191945431,0.9138433614418995,104.0,104.0,1.0,0.0,0.0,1.1798648111805163,25.04652707473865,182.11828679906088,False,False,0.0,0.0,False,0.0,0,0,0,True
142,100,0.0,96.31920919456859,116.72392062183917,112.93616498915479,104.13590232169952,9.631920919456858,0.0,0.0,23.638008064048872,0.0,182.65862283270243,76.17853721002307,0.9078514433863019,0.043560926077150675,0.07447467623637377,-0.4014782712494515,0.010201716791176523,0.9633718247678896,104.0,104.0,1.0,0.0,0.0,1.1798648111805163,23.638008064048872,182.65862283270243,False,False,0.0,0.0,False,0.0,0,0,0,True
143,100,0.0,96.31920919456859,116.50047758926704,112.93616498915479,104.32405268068108,9.631920919456858,0.0,0.0,22.39476769647205,0.0,183.2679591812535,72.61422460991082,0.9118204047282552,0.047990948173855054,0.07605467517015868,-0.4349851656075794,0.011560770359053788,1.018543479483692,104.0,104.0,1.0,0.0,0.0,1.1798648111805163,22.39476769647205,183.2679591812535,False,False,0.0,0.0,False,0.0,0,0,0,True
144,100,0.0,96.31920919456859,116.13085501439843,112.93616498915479,104.42592418416001,9.631920919456858,0.0,0.0,21.23321093272369,0.0,183.79073486812922,69.41953458466722,0.9160028979943542,0.052654507415300845,0.07780946117028402,-0.46483298353967745,0.013224406068719071,1.0750027648889513,104.0,104.0,1.0,0.0,0.0,1.1798648111805163,21.23321093272369,183.79073486812922,False,False,0.0,0.0,False,0.0,0,0,0,True
145,100,0.0,96.31920919456859,115.30179053477616,112.93616498915479,104.46781429242883,9.631920919456858,0.0,0.0,20.0946827666333,0.0,183.81359723242954,67.05390903904582,0.9203645936620047,0.05751541306459684,0.07970993967594922,-0.4858897195569081,0.01889560389834781,1.108392457858883,104.0,104.0,1.0,0.0,0.0,1.1798648111805163,20.0946827666333,183.81359723242954,False,False,0.0,0.0,False,0.0,0,0,0,True
146,100,0.0,96.31920919456859,114.97197158061095,112.93616498915479,104.46781429242883,9.631920919456858,0.0,0.0,18.937667031311975,0.0,183.8772504461807,65.01810244758968,0.924827913057116,0.06249213488812862,0.08166963692066583,-0.5037121073257451,0.01610842996392145,1.1395056617600257,104.0,104.0,1.0,0.0,0.0,1.1798648111805163,18.937667031311975,183.8772504461807,False,False,0.0,0.0,False,0.0,0,0,0,True
147,100,0.0,96.31920919456859,114.61030127712422,112.93616498915479,104.46781429242883,9.631920919456858,0.0,0.0,17.76186352319317,0.0,183.96994800900995,63.34396615962024,0.9293649883921514,0.06755403309115016,0.08367059471239925,-0.5179959217364188,0.014716802682293629,1.165494667032781,104.0,104.0,1.0,0.0,0.0,1.1798648111805163,17.76186352319317,183.96994800900995,False,False,0.0,0.0,False,0.0,0,0,0,True
148,100,0.0,96.31920919456859,113.93221217644836,112.93616498915479,104.46781429242883,9.631920919456858,0.0,0.0,16.56696716396558,0.0,183.78224129691682,62.34791897232668,0.9339459020291241,0.07266820470877737,0.08569235967233371,-0.5256302052401223,0.016860848735996175,1.1699577074161815,104.0,104.0,1.0,0.0,0.0,1.1798648111805163,16.56696716396558,183.78224129691682,False,False,0.0,0.0,False,0.0,0,0,0,True
149,100,0.0,96.31920919456859,113.7769447999963,112.93616498915479,104.55410878006406,9.631920919456858,0.0,0.0,15.43896240905159,0.0,183.8107080676126,61.507139161485185,0.9385158689745152,0.07777442590763022,0.0876997095252258,-0.531444029318091,0.013514585587853225,1.1694751789861384,104.0,104.0,1.0,0.0,0.0,1.1798648111805163,15.43896240905159,183.8107080676126,False,False,0.0,0.0,False,0.0,0,0,0,True
150,100,0.0,96.31920919456859,113.58920751459166,112.93616498915479,104.67971655265687,9.631920919456858,0.0,0.0,14.418248738026188,0.0,183.98047807947717,60.85409663604832,0.9430597099879237,0.08285654073711579,0.08966811788348363,-0.5348838964397596,0.012000988021140984,1.161629586238292,104.0,104.0,1.0,0.0,0.0,1.1798648111805163,14.418248738026188,183.98047807947717,False,False,0.0,0.0,False,0.0,0,0,0,True
151,100,0.0,96.31920919456859,113.33618054351186,112.93616498915479,104.78015052136686,9.631920919456858,0.0,0.0,13.481394553655715,0.0,184.21244774285287,60.45408108169129,0.947557525206782,0.08789368584673751,0.09156453208540437,-0.5351995215757451,0.011248910560335732,1.1458787438380864,104.0,104.0,1.0,0.0,0.0,1.1798648111805163,13.481394553655715,184.21244774285287,False,False,0.0,0.0,False,0.0,0,0,0,True
152,100,0.0,96.31920919456859,112.96155777481427,112.93616498915479,104.84311078101959,9.631920919456858,0.0,0.0,12.592287868192379,0.0,184.39658052162488,60.42868829603181,0.9519838900088974,0.0928586013979114,0.09335678421806083,-0.5311253443015929,0.011411927776163473,1.1205041522883579,104.0,104.0,1.0,0.0,0.0,1.1798648111805163,12.592287868192379,184.39658052162488,False,False,0.0,0.0,False,0.0,0,0,0,True
153,100,0.0,96.31920919456859,112.58611599908075,112.93616498915479,104.89770091045972,9.631920919456858,0.0,0.0,11.743333881554133,0.0,184.54458631311104,60.778737286105866,0.9563037682966004,0.09771311994794288,0.0950112486125011,-0.5226709407123684,0.011038931916468256,1.0886384284679207,104.0,104.0,1.0,0.0,0.0,1.1798648111805163,11.743333881554133,184.54458631311104,False,False,0.0,0.0,False,0.0,0,0,0,True
154,100,0.0,96.31920919456859,112.26926180620461,112.93616498915479,104.99756994299895,9.631920919456858,0.0,0.0,10.980463501613848,0.0,184.88398814548657,61.445640469056066,0.9604829061156777,0.10241972833925939,0.09649749951704369,-0.5104989099141943,0.010156139076088883,1.0541647951648065,105.0,105.0,1.0,0.0,0.0,1.1798648111805163,10.980463501613848,184.88398814548657,False,False,0.0,0.0,False,0.0,0,0,0,True
155,100,0.0,96.31920919456859,111.85725035840434,112.93616498915479,104.99756994299895,9.631920919456858,0.0,0.0,10.205205532693826,0.0,185.24187812062678,62.524555099806534,0.9644929173711372,0.10694739579755799,0.09778923609685924,-0.493663719158155,0.009814171830957579,1.0178518758110364,105.0,105.0,1.0,0.0,0.0,1.1798648111805163,10.205205532693826,185.24187812062678,False,False,0.0,0.0,False,0.0,0,0,0,True
156,100,0.0,96.31920919456859,111.45974929789136,112.93616498915479,104.99756994299895,9.631920919456858,0.0,0.0,9.417358823504461,0.0,185.5680484622381,64.00097079106999,0.9682987701893053,0.11125710108933089,0.09886485411033653,-0.47248375836283885,0.009427358562168107,0.9820540219272716,105.0,105.0,1.0,0.0,0.0,1.1798648111805163,9.417358823504461,185.5680484622381,False,False,0.0,0.0,False,0.0,0,0,0,True
157,100,0.0,96.31920919456859,111.07913674526687,112.93616498915479,104.99756994299895,9.631920919456858,0.0,0.0,8.616718956435202,0.0,185.86526781231214,65.85799903495793,0.971868692189014,0.11531325069820797,0.09970789221289247,-0.4473109830418651,0.009081685485758937,0.9479043662764788,105.0,105.0,1.0,0.0,0.0,1.1798648111805163,8.616718956435202,185.86526781231214,False,False,0.0,0.0,False,0.0,0,0,0,True
158,100,0.0,96.31920919456859,110.74451504806633,112.93616498915479,105.02298223680364,9.631920919456858,0.0,0.0,7.828490488320295,0.0,185.72739711371665,68.04964897604637,0.9751744157387959,0.11908392782075612,0.1003075800337592,-0.4188282338234954,0.008389743540796767,0.9162243296184954,105.0,66.0,0.6285714285714286,0.0,0.0,1.1798648111805163,7.828490488320295,185.72739711371665,False,False,0.0,0.0,False,0.0,0,0,0,True
159,100,0.0,96.31920919456859,110.55438406054012,112.93616498915479,105.16586055016545,9.631920919456858,0.0,0.0,7.170340976635945,0.0,185.51236175000557,70.43142990466106,0.9781937217966734,0.12254379560735103,0.10065931264531355,-0.3888099975694984,0.0065504683508027265,0.8883554865266374,105.0,63.0,0.6,0.0,0.0,1.1798648111805163,7.170340976635945,185.51236175000557,False,False,0.0,0.0,False,0.0,0,0,0,True
160,100,0.0,96.31920919456859,110.31258033496552,112.93616498915479,105.23938108210497,9.631920919456858,0.0,0.0,6.575024879063063,0.0,185.38587296442492,73.05501455885035,0.9809188654604919,0.1256837581419326,0.10076547603250678,-0.3567797406056691,0.0058117440516019265,0.862547595986326,105.0,63.0,0.6,0.0,0.0,1.1798648111805163,6.575024879063063,185.38587296442492,False,False,0.0,0.0,False,0.0,0,0,0,True
161,100,0.0,96.31920919456859,110.04825122985966,112.93616498915479,105.26933514928585,9.631920919456858,0.0,0.0,5.999996028037222,0.0,185.23965181847655,75.94292831814546,0.9833388581194639,0.12849059495302478,0.10063420108642966,-0.3226588806344711,0.0054540897841693445,0.8382717412231061,105.0,62.0,0.5904761904761905,0.0,0.0,1.1798648111805163,5.999996028037222,185.23965181847655,False,False,0.0,0.0,False,0.0,0,0,0,True
162,100,0.0,96.31920919456859,109.83817526598253,112.93616498915479,105.32718138448121,9.631920919456858,0.0,0.0,5.473476018535016,0.0,185.0854714516731,79.04091804131774,0.9854425805867099,0.130950580043939,0.1002788596885155,-0.2872629005618843,0.00526066030361977,0.8157141672754877,105.0,62.0,0.5904761904761905,0.0,0.0,1.1798648111805163,5.473476018535016,185.0854714516731,False,False,0.0,0.0,False,0.0,0,0,0,True
163,100,0.0,96.31920919456859,109.79569825657579,112.93616498915479,105.5206634243551,9.631920919456858,0.0,0.0,5.131888348146502,0.13219524841287744,185.25787435069512,82.18138477389678,0.9872257310960675,0.13305748212268642,0.0997180881854398,-0.2526773539639982,0.005074085369689131,0.795857399908013,106.0,62.0,0.5849056603773585,0.0,0.0,1.1798648111805163,5.264083596559379,185.25787435069512,False,False,0.0,0.0,False,0.0,0,0,0,True
164,100,0.0,96.31920919456859,109.56952255974642,112.93616498915479,105.51262764451707,9.631920919456858,0.0,0.0,4.776718152663364,0.43283101270305124,185.61437739566892,85.54802720330515,0.9887021942352122,0.1348256278037144,0.09897537602722369,-0.2166831409566913,0.005812237042930663,0.7756218967396857,106.0,62.0,0.5849056603773585,0.0,0.0,1.1798648111805163,5.209549165366416,185.61437739566892,False,False,0.0,0.0,False,0.0,0,0,0,True
165,98,0.020000000000000018,94.38650598426271,108.1626523141521,110.8929027015963,104.33853023654584,9.439282501067721,0.4309058477585544,0.0,4.936119030070235,0.7771791803046222,186.76094235206955,88.27827759074938,0.9898690078866608,0.13624980299935205,0.09807512724261497,-0.18973106101698864,0.013791626523722131,0.7546900096323322,106.0,61.0,0.5754716981132075,0.0,0.0,1.1798648111805163,5.713298210374857,186.76094235206955,False,False,0.0,0.0,False,0.0,0,0,0,True
166,99,0.010000000000000009,95.2721365466711,108.1356285165303,111.84877804993344,104.46547421406699,9.53560171026229,0.2154529238792772,0.0,4.458555409564628,1.081732824712062,187.52946924616478,91.99142712415254,0.9908193599511076,0.13741667645573127,0.097256550034929,-0.15171693946009962,0.00887095097079578,0.7316619276556517,106.0,64.0,0.6037735849056604,0.0,0.0,1.1798648111805163,5.54028823427669,187.52946924616478,False,False,0.0,0.0,False,0.0,0,0,0,True
167,99,0.010000000000000009,95.29661281094214,108.17181471548132,112.15729785952881,104.62268925202373,9.53560171026229,0.2154529238792772,0.0,4.105975822230455,1.4402363172839383,188.42792208122626,95.97691026820002,0.9914561970116681,0.1382306226534617,0.09633796244491645,-0.12084437546608665,0.006288923409469248,0.7150743138545703,107.0,64.0,0.5981308411214953,0.0,0.0,1.1798648111805163,5.5462121395143935,188.42792208122626,False,False,0.0,0.0,False,0.0,0,0,0,True
168,99,0.010000000000000009,95.29085345688725,108.09675219842691,112.46581766912418,104.63664481735185,9.53560171026229,0.2154529238792772,0.0,3.7673859208381013,1.9671656661716919,189.5964634860039,100.34597573889727,0.9918608499195493,0.1387614928703888,0.09556654753264614,-0.09507198286514242,0.0050730704258483686,0.7012273440721295,106.0,64.0,0.6037735849056604,0.0,0.0,1.1798648111805163,5.734551587009793,189.5964634860039,False,False,0.0,0.0,False,0.0,0,0,0,True
169,99,0.010000000000000009,95.16349098383058,107.89408262252324,112.30109184459577,104.4854016652595,9.53560171026229,0.2154529238792772,0.0,3.399417273318436,2.8410198887182077,192.00322919869666,104.75298496096977,0.9920987581130895,0.13906144097762305,0.0951881233307014,-0.06572919224092588,0.004675378369352418,0.6879923207610319,106.0,65.0,0.6132075471698113,0.0,0.0,1.1798648111805163,6.240437162036644,192.00322919869666,False,False,0.0,0.0,False,0.0,0,0,0,True
170,98,0.020000000000000018,93.85698385427642,106.6835191448412,110.94690969255295,103.31852626407479,9.439282501067721,0.4309058477585544,0.0,3.0459715164707246,3.316879874791309,194.03098045407282,109.01637550868155,0.9921420638088728,0.13910668994303826,0.09515369678572937,-0.028926544592406605,0.012815897429975607,0.6706809838428114,106.0,66.0,0.6226415094339622,0.0,0.0,1.1798648111805163,6.3628513912620335,194.03098045407282,False,False,0.0,0.0,False,0.0,0,0,0,True
171,99,0.010000000000000009,95.13984824863485,107.94561947416436,111.93229086001084,104.50666298415507,9.53560171026229,0.2154529238792772,0.0,2.7111925016145433,3.5477574854813314,195.4310084987819,113.00304689452803,0.991919642240649,0.13882935563600257,0.09535275785309268,0.0034787223860139327,0.005358847614236602,0.6603821947884996,106.0,65.0,0.6132075471698113,0.0,0.0,1.1798648111805163,6.258949987095875,195.4310084987819,False,False,0.0,0.0,False,0.0,0,0,0,True
172,99,0.010000000000000009,95.19146383137395,108.0628180563304,111.94068294320975,104.5575010439799,9.53560171026229,0.2154529238792772,0.0,2.370199778426372,3.832827210654225,196.4457934075619,116.88091178140739,0.9914550861561189,0.13826939507602143,0.09561834150024259,0.03542783739428547,0.005069673869981008,0.6475104777129405,106.0,65.0,0.6132075471698113,0.0,0.0,1.1798648111805163,6.203026989080597,196.4457934075619,False,False,0.0,0.0,False,0.0,0,0,0,True
173,100,0.0,96.15989131481031,109.03033854845951,112.93616498915479,105.40321806809321,9.631920919456858,0.0,0.0,2.0200932261737714,4.150100249627924,197.23497032171488,120.78673822210266,0.9907565296098454,0.1374361275155545,0.0959378451227235,0.06856850864453723,0.011091139565243421,0.6324819877607958,106.0,65.0,0.6132075471698113,0.0,0.0,1.1798648111805163,6.170193475801695,197.23497032171488,False,False,0.0,0.0,False,0.0,0,0,0,True
174,98,0.020000000000000018,94.26140912767843,107.46381662053204,110.83221242272899,103.77852147926951,9.439282501067721,0.4309058477585544,0.0,1.6998197668856112,4.516645865983915,198.23371757468092,124.15513402429964,0.9898061649122318,0.13632312112466566,0.09613073658549479,0.10142523043431399,0.008769563176777045,0.6131314832143662,106.0,64.0,0.6037735849056604,0.0,0.0,1.1798648111805163,6.216465632869527,198.23371757468092,False,False,0.0,0.0,False,0.0,0,0,0,True
175,98,0.020000000000000018,94.39282501067721,107.97600270829957,110.71751515290504,104.13588477534404,9.439282501067721,0.4309058477585544,0.0,1.6002930783634959,4.374930045746215,198.92770206310868,126.8966464689051,0.9886204582906875,0.13493872079679659,0.09631494558933817,0.13029933465499907,0.003978879267981007,0.6023581759496304,105.0,63.0,0.6,0.0,0.0,1.1798648111805163,5.975223124109711,198.92770206310868,False,False,0.0,0.0,False,0.0,0,0,0,True
176,99,0.010000000000000009,95.3560171026229,109.02443246343911,111.82598567338583,104.99239198803204,9.53560171026229,0.2154529238792772,0.0,1.5115990978864722,4.237364503377552,199.34947318792146,129.6981996788518,0.987214566696049,0.13331465279399074,0.0962712131994419,0.1551541545187767,0.009477702033020612,0.5945151026554575,105.0,62.0,0.5904761904761905,0.0,0.0,1.1798648111805163,5.748963601264025,199.34947318792146,False,False,0.0,0.0,False,0.0,0,0,0,True
177,97,0.030000000000000027,93.32718545071604,107.0718501388009,109.83673037678396,102.94826919657251,9.342963291873152,0.6463587716378316,0.0,1.167906324035024,4.8467861733617585,200.83164846560473,132.4630799168349,0.9856248407168691,0.13149022432793817,0.09604749061941077,0.18092646642739346,0.012574305400667738,0.5807708153042143,106.0,64.0,0.6037735849056604,0.0,0.0,1.1798648111805163,6.014692497396783,200.83164846560473,False,False,0.0,0.0,False,0.0,0,0,0,True
178,96,0.040000000000000036,92.46644082678584,106.71308570161828,108.72655106101497,102.41532235903904,9.246644082678584,0.8618116955171088,0.0,1.027296693693704,4.871838428754767,202.48192607922664,134.47654527623158,0.983878581050526,0.12947203129604665,0.09598633716599358,0.19988524545038883,0.01063744774675109,0.5756851764550939,106.0,64.0,0.6037735849056604,0.0,0.0,1.1798648111805163,5.899135122448471,202.48192607922664,False,False,0.0,0.0,False,0.0,0,0,0,True
179,95,0.050000000000000044,91.50324873484016,106.21188673091437,107.5767332393733,101.728601465376,9.150324873484015,1.077264619396386,0.0,1.0417413093871628,4.433593359604323,203.72815652171613,135.8413917846905,0.982023103234227,0.12731506452886918,0.09605669853063493,0.21445563092835376,0.010945833717024702,0.571278139393142,105.0,63.0,0.6,0.0,0.0,1.1798648111805163,5.475334668991486,203.72815652171613,False,False,0.0,0.0,False,0.0,0,0,0,True
180,95,0.050000000000000044,91.50324873484016,106.28213465710078,107.5767332393733,101.5761654965279,9.150324873484015,1.077264619396386,0.0,0.9039845097908744,4.122158068330048,205.21762620447743,137.13599036696303,0.980085775805396,0.12505414553228028,0.09621307414488936,0.2259456137197589,0.005863827391303917,0.5693427923777428,106.0,63.0,0.5943396226415094,0.0,0.0,1.1798648111805163,5.026142578120923,205.21762620447743,False,False,0.0,0.0,False,0.0,0,0,0,True
181,94,0.06000000000000005,90.5278049387518,106.29453227240548,106.26218959320319,101.35752090846128,9.054005664289447,1.2927175432756632,0.0,1.4016562906071277,3.6974342760346155,206.9004525411462,137.1036476877607,0.9780919917750154,0.12271966319042057,0.09644818348984505,0.2285441353371413,0.004619091546957328,0.5694308664817053,106.0,61.0,0.5754716981132075,0.0,0.0,1.1798648111805163,5.099090566641744,206.9004525411462,False,False,0.0,0.0,False,0.0,0,0,0,True
182,94,0.06000000000000005,90.51314833285916,106.207221223618,106.26218959320319,101.04623822978482,9.054005664289447,1.2927175432756632,0.0,1.6107832580902608,3.5741119686535656,208.62873682170246,137.1586160573459,0.976100578425578,0.12039103526239821,0.09666371677292943,0.2318800460956328,0.005101396778631115,0.5688295514895868,106.0,62.0,0.5849056603773585,0.0,0.0,1.1798648111805163,5.184895226743826,208.62873682170246,False,False,0.0,0.0,False,0.0,0,0,0,True
183,94,0.06000000000000005,90.52133186660723,106.48492850983291,106.26218959320319,101.08418599106209,9.054005664289447,1.2927175432756632,0.0,1.8530702841452809,3.6269033568241356,210.55828023521744,136.93587714071617,0.9741086236028146,0.11806587412972802,0.09685178890153061,0.23087567952554955,0.005425312264449729,0.5704055634418952,107.0,62.0,0.5794392523364486,0.0,0.0,1.1798648111805163,5.479973640969416,210.55828023521744,False,False,0.0,0.0,False,0.0,0,0,0,True
184,94,0.06000000000000005,90.46689778721908,106.46125950920012,106.26218959320319,100.84177380792804,9.054005664289447,1.2927175432756632,0.0,1.9113134948640806,3.608677621992806,212.3052969786138,136.73680722471923,0.9721514868757952,0.11578548738469004,0.09700947415281955,0.23055625164839091,0.005806832919581903,0.5706667819198675,106.0,63.0,0.5943396226415094,0.0,0.0,1.1798648111805163,5.519991116856886,212.3052969786138,False,False,0.0,0.0,False,0.0,0,0,0,True
185,94,0.06000000000000005,90.4361376005532,106.63617205248485,106.26218959320319,100.79276363751164,9.054005664289447,1.2927175432756632,0.0,1.9522524827037155,3.580934866112658,214.15202534667807,136.36282476543755,0.9702218969854559,0.1135420508058178,0.09713280356382217,0.2279412133765641,0.006069879489930829,0.5721184706114316,106.0,63.0,0.5943396226415094,0.0,0.0,1.1798648111805163,5.533187348816374,214.15202534667807,False,False,0.0,0.0,False,0.0,0,0,0,True
186,94,0.06000000000000005,90.45345613127964,106.87658231308156,106.26218959320319,100.81229348995754,9.054005664289447,1.2927175432756632,0.0,1.9960675649003745,3.5170259596628473,216.01934080658697,135.7484320455592,0.9683366351310292,0.1113552785595365,0.09721942479002646,0.22242453960489264,0.006196746308472908,0.5744533137631962,106.0,63.0,0.5943396226415094,0.0,0.0,1.1798648111805163,5.513093524563222,216.01934080658697,False,False,0.0,0.0,False,0.0,0,0,0,True
187,94,0.06000000000000005,90.47533175076175,107.10547020642079,106.26218959320319,100.82977820413761,9.054005664289447,1.2927175432756632,0.0,2.036203216828809,3.4124476252437557,217.8476692572777,134.90515143234157,0.9665167492691674,0.10924964404686702,0.09726785998610883,0.2144897335264932,0.00623481164500769,0.577351573173543,105.0,63.0,0.6,0.0,0.0,1.1798648111805163,5.448650842072565,217.8476692572777,False,False,0.0,0.0,False,0.0,0,0,0,True
188,94,0.06000000000000005,90.46981233784526,107.28188007928814,106.26218959320319,100.80866288200217,9.054005664289447,1.2927175432756632,0.0,2.0613946875023266,3.275045042837605,219.58798033658675,133.88546094625664,0.9647793019850754,0.10724489661439549,0.09727684318474421,0.2050259740805942,0.006432928613740107,0.5805096375391245,105.0,63.0,0.6,0.0,0.0,1.1798648111805163,5.336439730339931,219.58798033658675,False,False,0.0,0.0,False,0.0,0,0,0,True
189,94,0.06000000000000005,90.46689010897427,107.45373866969832,106.26218959320319,100.79528523004265,9.054005664289447,1.2927175432756632,0.0,2.076539797482076,3.2084036425275353,221.3704778527006,132.69391186976145,0.9631344195947088,0.10535268216226856,0.097245037579668,0.19407143632301313,0.006560999226576039,0.5841187640102081,106.0,63.0,0.5943396226415094,0.0,0.0,1.1798648111805163,5.284943440009611,221.3704778527006,False,False,0.0,0.0,False,0.0,0,0,0,True
190,94,0.06000000000000005,90.46607856824042,107.66208240983394,106.26218959320319,100.82930982567503,9.054005664289447,1.2927175432756632,0.0,2.1267669721041935,3.234118837277964,223.2673062871225,131.2940190531307,0.9615932377877068,0.10358568801635352,0.09717120857440002,0.18109829703742636,0.006565447255045431,0.5884851319648898,106.0,63.0,0.5943396226415094,0.0,0.0,1.1798648111805163,5.360885809382157,223.2673062871225,False,False,0.0,0.0,False,0.0,0,0,0,True
191,95,0.050000000000000044,91.42871047901546,108.7117490481417,107.5767332393733,101.66491091515421,9.150324873484015,1.077264619396386,0.0,2.169912635544283,3.211175845425265,224.90046346136407,130.1590032443623,0.9601712234005273,0.10196145813263535,0.09705502991031513,0.1625018005676492,0.012118549619312616,0.5960188250081807,106.0,63.0,0.5943396226415094,0.0,0.0,1.1798648111805163,5.381088480969548,224.90046346136407,False,False,0.0,0.0,False,0.0,0,0,0,True
192,94,0.06000000000000005,90.49054750014038,108.17697756147894,106.26218959320319,101.03262480553416,9.054005664289447,1.2927175432756632,0.0,2.4005020584791397,3.0611361153549588,226.66755179765167,128.24421527608658,0.9589193141716699,0.10052713026832338,0.09699055129414981,0.1461657470764001,0.006029278349538725,0.5990992756200102,106.0,62.0,0.5849056603773585,0.0,0.0,1.1798648111805163,5.461638173834098,226.66755179765167,False,False,0.0,0.0,False,0.0,0,0,0,True
193,95,0.050000000000000044,91.43163250371718,108.93978611582878,107.5767332393733,101.62981887893422,9.150324873484015,1.077264619396386,0.0,2.4100786071226294,2.9877948029049515,228.16078406350329,126.88116239963107,0.9578066498595657,0.09925821404035551,0.09688204769709657,0.1278494949185618,0.008359113256004464,0.6064215727005084,107.0,63.0,0.5887850467289719,0.0,0.0,1.1798648111805163,5.3978734100275805,228.16078406350329,False,False,0.0,0.0,False,0.0,0,0,0,True
194,95,0.050000000000000044,91.37205951724992,108.89166051814149,107.41200741484487,101.48395708801922,9.150324873484015,1.077264619396386,0.0,2.3335218565674705,3.2777722786079764,230.4695735325185,125.40150929633444,0.9568570381194761,0.09817074429185058,0.09682013148221638,0.11376300497142729,0.005748391870828774,0.6097215376583052,107.0,64.0,0.5981308411214953,0.0,0.0,1.1798648111805163,5.611294135175447,230.4695735325185,False,False,0.0,0.0,False,0.0,0,0,0,True
195,94,0.06000000000000005,90.47436026834674,108.49409339109955,106.26218959320319,101.02831223202371,9.054005664289447,1.2927175432756632,0.0,2.5786426457094596,3.113915620381229,232.25696780894899,123.16960549843806,0.956032347613349,0.0972294473006045,0.09674185413504689,0.09644264124632715,0.004220007463179994,0.6146314930596607,107.0,62.0,0.5794392523364486,0.0,0.0,1.1798648111805163,5.692558266090689,232.25696780894899,False,False,0.0,0.0,False,0.0,0,0,0,True
196,95,0.050000000000000044,91.4125884775871,109.17236489777353,107.5767332393733,101.59260800381199,9.150324873484015,1.077264619396386,0.0,2.57294501550934,2.9929615935930824,233.69595524312064,121.57397384003785,0.9553483389247877,0.09645479433661468,0.09661497922265903,0.07774262287188141,0.005842198821247034,0.6229496218340778,107.0,63.0,0.5887850467289719,0.0,0.0,1.1798648111805163,5.565906609102422,233.69595524312064,False,False,0.0,0.0,False,0.0,0,0,0,True
197,94,0.06000000000000005,90.48703470826368,108.63951548021737,106.26218959320319,101.04384896915319,9.054005664289447,1.2927175432756632,0.0,2.8248158864249153,3.057176376513418,235.69040855238455,119.19664795302366,0.9548238017714918,0.09585696912320814,0.0965314368158472,0.05937842583095363,0.002978134071886092,0.6282909701888761,107.0,62.0,0.5794392523364486,0.0,0.0,1.1798648111805163,5.881992262938333,235.69040855238455,False,False,0.0,0.0,False,0.0,0,0,0,True
198,95,0.050000000000000044,91.46481255717306,109.32079933594406,107.25767163914821,101.6433672071546,9.150324873484015,1.077264619396386,0.0,2.821650773252913,3.1282688580410136,237.34327438577347,117.13352025622781,0.9544469336928779,0.09543342398491647,0.09640033728843227,0.04543416118241036,0.00538292554367973,0.6352551198272195,106.0,63.0,0.5943396226415094,0.0,0.0,1.1798648111805163,5.949919631293927,237.34327438577347,False,False,0.0,0.0,False,0.0,0,0,0,True
199,96,0.040000000000000036,92.4325962862876,110.53922729503266,108.8759841002864,102.76354542800586,9.246644082678584,0.8618116955171088,0.0,3.0899624709808484,3.0853200877401816,238.83008369589803,115.47027706148157,0.9541692312810772,0.09514179828962968,0.09603893524697943,0.019178054341498163,0.014467852651022559,0.6483864936987296,106.0,62.0,0.5849056603773585,0.0,0.0,1.1798648111805163,6.17528255872103,238.83008369589803,False,False,0.0,0.0,False,0.0,0,0,0,True
200,98,0.020000000000000018,94.03001485185875,111.45817267728476,110.80021004028804,103.62064678180097,9.439282501067721,0.4309058477585544,0.0,2.8605812667333956,3.5337283111305684,240.90258978009425,114.81231442448482,0.954115244398006,0.09508827436056407,0.09582367222132045,0.006554780893784741,0.016725665110865498,0.6544530478284116,107.0,65.0,0.6074766355140186,0.0,0.0,1.1798648111805163,6.3943095778639645,240.90258978009425,False,False,0.0,0.0,False,0.0,0,0,0,True
201,98,0.020000000000000018,94.3304107766065,112.17840214917474,111.01508435305406,104.30482204160042,9.439282501067721,0.4309058477585544,0.0,3.0112546755499947,3.0769036585063576,241.71352918594064,113.64899662836416,0.9541638614529324,0.09515447606048041,0.09562844442433126,-0.013587734965047591,0.01614706527437208,0.6636003735284721,106.0,62.0,0.5849056603773585,0.0,0.0,1.1798648111805163,6.088158334056352,241.71352918594064,False,False,0.0,0.0,False,0.0,0,0,0,True
202,99,0.010000000000000009,95.0103066311131,112.40567769833,112.11475368645814,104.54276686492993,9.53560171026229,0.2154529238792772,0.0,2.841557422388097,3.020939979300151,243.32784628511567,113.35807261649231,0.9543727209794456,0.09539276992723948,0.0955391806642441,-0.024329921723069515,0.011276267580474503,0.6682770003587071,107.0,65.0,0.6074766355140186,0.0,0.0,1.1798648111805163,5.862497401688248,243.32784628511567,False,False,0.0,0.0,False,0.0,0,0,0,True
203,98,0.020000000000000018,94.38494710944316,112.19190841865387,111.00669226985515,104.37421947796169,9.439282501067721,0.4309058477585544,0.0,3.0067830230573684,2.4099034600147693,244.221921673965,112.1728564676936,0.9546689621392641,0.09572240703765142,0.09556372231750303,-0.0394672324820461,0.00501328635337427,0.6745926582814243,106.0,62.0,0.5849056603773585,0.0,0.0,1.1798648111805163,5.416686483072137,244.221921673965,False,False,0.0,0.0,False,0.0,0,0,0,True
204,99,0.010000000000000009,95.03079001161214,112.37597482832409,112.07511518058543,104.58309917465697,9.53560171026229,0.2154529238792772,0.0,2.856862087845621,2.3160499408868565,245.8505830782628,111.87199681995494,0.9550799475255835,0.09617358505089613,0.095684281931425,-0.04679916054800993,0.005158249259322654,0.6799317591948412,107.0,65.0,0.6074766355140186,0.0,0.0,1.1798648111805163,5.172912028732478,245.8505830782628,False,False,0.0,0.0,False,0.0,0,0,0,True
205,98,0.020000000000000018,94.2971432122245,111.85582469026907,111.1087298498834,104.13755991714982,9.439282501067721,0.4309058477585544,0.0,2.8734805440805333,3.154740290293691,248.84152709760463,111.12490197956927,0.9555445715649398,0.09668144705463862,0.09590089471547743,-0.058468315349499346,0.0028313433211350513,0.6858356272128956,107.0,64.0,0.5981308411214953,0.0,0.0,1.1798648111805163,6.028220834374224,248.84152709760463,False,False,0.0,0.0,False,0.0,0,0,0,True
206,99,0.010000000000000009,95.3560171026229,112.87908841520601,112.01271610642989,105.13124976790799,9.53560171026229,0.2154529238792772,0.0,2.944318528025326,3.0986812901370815,250.1925799228016,110.25852967079315,0.9561173924695676,0.09729694859750386,0.09630507500545209,-0.06907265070432275,0.008612900574827779,0.6960068634957558,105.0,63.0,0.6,0.0,0.0,1.1798648111805163,6.042999818162407,250.1925799228016,False,False,0.0,0.0,False,0.0,0,0,0,True
207,99,0.010000000000000009,95.17792332723316,112.51604211084951,112.15651009149686,104.84238038597661,9.53560171026229,0.2154529238792772,0.0,2.9055311818742595,3.4113440474830474,252.1144065364677,109.89899765144052,0.9567598262841001,0.09799581955931749,0.09669643167289463,-0.07586862431286455,0.004589027361024557,0.7006547030053145,106.0,64.0,0.6037735849056604,0.0,0.0,1.1798648111805163,6.316875229357307,252.1144065364677,False,False,0.0,0.0,False,0.0,0,0,0,True
208,98,0.020000000000000018,94.39282501067721,111.91883151292166,110.96493586481644,104.33593190935028,9.439282501067721,0.4309058477585544,0.0,3.025630126969577,3.1497901527427077,253.21305720134384,108.94510200333531,0.957457257374911,0.09874858717147957,0.09719003310362578,-0.08457760776119697,0.005505100090876313,0.7054976544807031,104.0,62.0,0.5961538461538461,0.0,0.0,1.1798648111805163,6.175420279712284,253.21305720134384,False,False,0.0,0.0,False,0.0,0,0,0,True
209,99,0.010000000000000009,95.31167030476456,112.45468878837714,112.12526366882305,104.88848458077696,9.53560171026229,0.2154529238792772,0.0,2.9005203464631553,2.972351288302279,254.8607831078824,108.61567688378123,0.9582098418107193,0.09956351966942367,0.09773983359263821,-0.09068066378400075,0.006449991309978714,0.7100267665830199,106.0,64.0,0.6037735849056604,0.0,0.0,1.1798648111805163,5.872871634765435,254.8607831078824,False,False,0.0,0.0,False,0.0,0,0,0,True
210,100,0.0,96.22927898157936,113.41060059866804,113.1312875053978,105.8344046588856,9.631920919456858,0.0,0.0,2.9208241329605897,2.769248219138995,256.088779675752,108.33636379051099,0.9590009142098375,0.1004171939015801,0.09836448203234044,-0.09618335612541581,0.010650056325336802,0.716057788376308,106.0,64.0,0.6037735849056604,0.0,0.0,1.1798648111805163,5.690072352099585,256.088779675752,False,False,0.0,0.0,False,0.0,0,0,0,True
211,99,0.010000000000000009,95.3560171026229,112.8791106135473,112.0211081896288,105.3971885245854,9.53560171026229,0.2154529238792772,0.0,3.2583696449695054,2.9814130233791265,257.267498116267,107.47836136659252,0.9598148978757413,0.10130322225663595,0.09896606060450241,-0.10273789898468962,0.005919041542989717,0.7181776482712385,105.0,61.0,0.580952380952381,0.0,0.0,1.1798648111805163,6.2397826683486315,257.267498116267,False,False,0.0,0.0,False,0.0,0,0,0,True
212,100,0.0,96.27916158747082,113.10987017562543,113.17092601127051,105.67829740589207,9.631920919456858,0.0,0.0,3.0784943762821517,3.213101731069643,258.56247157310077,107.53941720223757,0.9606644118801067,0.10223698160708197,0.0995180200468891,-0.10240452176680474,0.006749949219879123,0.7197849799870825,107.0,63.0,0.5887850467289719,0.0,0.0,1.1798648111805163,6.291596107351795,258.56247157310077,False,False,0.0,0.0,False,0.0,0,0,0,True
213,99,0.010000000000000009,95.27703284052242,112.22447929068446,112.11475368645814,104.91651286994599,9.53560171026229,0.2154529238792772,0.0,3.0169087657795663,3.403760888900644,259.8797442801582,107.42969159801127,0.9614976967862804,0.10315641433932836,0.1000449314364158,-0.1024156752518262,0.007170665364531127,0.7180165686199149,105.0,63.0,0.6,0.0,0.0,1.1798648111805163,6.420669654680211,259.8797442801582,False,False,0.0,0.0,False,0.0,0,0,0,True
214,100,0.0,96.16591698872547,112.90322180571667,113.22493300222713,105.6139410194613,9.631920919456858,0.0,0.0,2.8820008360779297,3.6062339417497506,261.96193777613786,107.75140279452171,0.9623215275102499,0.1040645866613912,0.10061258292467118,-0.10198951690780014,0.006991754195111559,0.7212347350913666,106.0,65.0,0.6132075471698113,0.0,0.0,1.1798648111805163,6.48823477782768,261.96193777613786,False,False,0.0,0.0,False,0.0,0,0,0,True
215,98,0.020000000000000018,94.38459884893315,111.77449930309854,110.96493586481644,104.61730558977895,9.439282501067721,0.4309058477585544,0.0,3.2913175345142123,3.728579995845725,263.27699781218155,106.94183935623963,0.9631320432071743,0.1049575515370625,0.10123128263766679,-0.105984991738406,0.009494248092111815,0.7199152867552833,104.0,61.0,0.5865384615384616,0.0,0.0,1.1798648111805163,7.019897530359938,263.27699781218155,False,False,0.0,0.0,False,0.0,0,0,0,True
216,100,0.0,96.26600053734609,112.71841113902431,113.22493300222713,105.56260291611481,9.631920919456858,0.0,0.0,3.0094438383129622,3.7582971538350707,265.354246775996,107.44836121944245,0.9639602276436288,0.10587455679207178,0.10184146933984362,-0.10377483405180588,0.007864494137211445,0.7229129239996207,105.0,65.0,0.6190476190476191,0.0,0.0,1.1798648111805163,6.767740992148033,265.354246775996,False,False,0.0,0.0,False,0.0,0,0,0,True
217,98,0.020000000000000018,94.36932750067348,111.53389618513654,110.96493586481644,104.5105045218416,9.439282501067721,0.4309058477585544,0.0,3.3293002532058407,3.783909352802527,266.4654000478349,106.87940089912233,0.964758645211948,0.10675819363987878,0.10248391496830318,-0.1051053470977614,0.010082818482591871,0.7195619380676773,104.0,61.0,0.5865384615384616,0.0,0.0,1.1798648111805163,7.113209606008368,266.4654000478349,False,False,0.0,0.0,False,0.0,0,0,0,True
218,100,0.0,96.26099950090888,112.59994925358937,113.41400454737125,105.56786980261234,9.631920919456858,0.0,0.0,3.0583112482919095,3.7714275572758718,267.81680792823545,107.69345619290425,0.9655524620704343,0.10764108029168122,0.10309644308767557,-0.10309461090206673,0.008120819690137745,0.7222194949629201,105.0,65.0,0.6190476190476191,0.0,0.0,1.1798648111805163,6.829738805567781,267.81680792823545,False,False,0.0,0.0,False,0.0,0,0,0,True
219,99,0.010000000000000009,95.33160812995746,112.03127173348301,112.26418672572957,105.08614142015269,9.53560171026229,0.2154529238792772,0.0,3.1114511622895917,3.7486148755643276,268.56895792195013,107.9263711851508,0.9663263473492592,0.10849236966862079,0.10377567673727714,-0.10235151841012265,0.0065920253155727195,0.719700903650344,104.0,63.0,0.6057692307692307,0.0,0.0,1.1798648111805163,6.860066037853919,268.56895792195013,False,False,0.0,0.0,False,0.0,0,0,0,True
220,99,0.010000000000000009,95.32602961880396,111.78970504957341,112.11475368645814,104.90671541934154,9.53560171026229,0.2154529238792772,0.0,2.9916064795015567,3.7489366273176854,269.97038363401833,108.25141982203554,0.967087514450926,0.10932412510222614,0.10447651224564034,-0.09738396713744128,0.006783693922329452,0.7166900672305184,105.0,64.0,0.6095238095238096,0.0,0.0,1.1798648111805163,6.740543106819242,269.97038363401833,False,False,0.0,0.0,False,0.0,0,0,0,True
221,99,0.010000000000000009,95.33242412364885,111.82041159546205,112.07511518058543,104.97896362020138,9.53560171026229,0.2154529238792772,0.0,2.9356694390988496,3.7870773918811658,271.2147543481566,108.5061234071589,0.9677962895534774,0.11009909661685302,0.10514154153655009,-0.09282973201268019,0.0063661699059881765,0.7141539123814057,105.0,64.0,0.6095238095238096,0.0,0.0,1.1798648111805163,6.722746830980015,271.2147543481566,False,False,0.0,0.0,False,0.0,0,0,0,True
222,100,0.0,96.29789756710052,112.67591139829743,113.22493300222713,105.82382344235955,9.631920919456858,0.0,0.0,2.877344179111235,3.8055947890851156,273.2508867163979,109.05514501108858,0.9684538359799809,0.11082220172781627,0.10574674559686835,-0.0893362546705444,0.007838948849448425,0.7149049540239509,106.0,65.0,0.6132075471698113,0.0,0.0,1.1798648111805163,6.682938968196351,273.2508867163979,False,False,0.0,0.0,False,0.0,0,0,0,True
223,99,0.010000000000000009,95.34344806344815,111.81326663347102,112.11475368645814,105.0535602516913,9.53560171026229,0.2154529238792772,0.0,2.8831244242248992,3.7673176427830644,274.3934842294909,109.3566320640757,0.9690709463599985,0.1115032393310093,0.10631709029699582,-0.08337675281811159,0.00674003595961534,0.7086244680287461,106.0,64.0,0.6037735849056604,0.0,0.0,1.1798648111805163,6.650442067007964,274.3934842294909,False,False,0.0,0.0,False,0.0,0,0,0,True
224,100,0.0,96.30328843127153,112.63634504343622,113.41400454737125,105.86406084669545,9.631920919456858,0.0,0.0,2.858792471580083,3.7879588741928556,275.788969202318,110.13429156801075,0.9696284567750763,0.11212056596752132,0.10682400916934448,-0.07985420497875814,0.007414270174997228,0.7091590820774082,105.0,64.0,0.6095238095238096,0.0,0.0,1.1798648111805163,6.646751345772939,275.788969202318,False,False,0.0,0.0,False,0.0,0,0,0,True
225,99,0.010000000000000009,95.34556531601498,111.71342952765734,112.11475368645814,105.0288621087453,9.53560171026229,0.2154529238792772,0.0,2.8374560761282357,3.7489668581623086,277.10801513926145,110.53561572681159,0.9701551277033372,0.11269720474509834,0.10733567722067118,-0.07192807824636925,0.007332074379835972,0.7017626838251904,105.0,64.0,0.6095238095238096,0.0,0.0,1.1798648111805163,6.586422934290544,277.10801513926145,False,False,0.0,0.0,False,0.0,0,0,0,True
226,100,0.0,96.27003824232669,112.49230202182113,113.22493300222713,105.78965339182074,9.631920919456858,0.0,0.0,2.7712252889456934,3.786852861820976,279.0275906056711,111.26824670721756,0.9706075169763422,0.11319414105488879,0.10776881931228069,-0.06479386256600264,0.007021566182321984,0.7000966399722663,107.0,66.0,0.616822429906542,0.0,0.0,1.1798648111805163,6.5580781507666694,279.0275906056711,False,False,0.0,0.0,False,0.0,0,0,0,True
227,99,0.010000000000000009,95.33008488181152,111.66222666139375,112.11475368645814,105.03435834227713,9.53560171026229,0.2154529238792772,0.0,2.7694436338675206,3.7777938336432353,280.1784607341904,111.72077373228196,0.9709929856541049,0.1136201332223387,0.10813876492151231,-0.05606250126585741,0.0072060165209173535,0.6923902709986068,106.0,64.0,0.6037735849056604,0.0,0.0,1.1798648111805163,6.547237467510756,280.1784607341904,False,False,0.0,0.0,False,0.0,0,0,0,True
228,100,0.0,96.26427642911705,112.43772037083887,113.22493300222713,105.78538074125713,9.631920919456858,0.0,0.0,2.7035976144004894,3.830673465029287,282.29253386511607,112.5079863636702,0.9712996494348438,0.1139618140227759,0.10842010023744564,-0.04823385695024172,0.007075378167663023,0.6901695924054498,107.0,66.0,0.616822429906542,0.0,0.0,1.1798648111805163,6.534271079429777,282.29253386511607,False,False,0.0,0.0,False,0.0,0,0,0,True
229,99,0.010000000000000009,95.33927183192878,111.63402420187708,112.11475368645814,105.04751262568355,9.53560171026229,0.2154529238792772,0.0,2.7046851455894863,3.8365510963387255,283.4040980887451,112.98871584825126,0.9715359395294481,0.11422884496705059,0.1086315949028351,-0.03917311254771065,0.007119073121933844,0.6822180080906766,106.0,64.0,0.6037735849056604,0.0,0.0,1.1798648111805163,6.541236241928212,283.4040980887451,False,False,0.0,0.0,False,0.0,0,0,0,True
230,100,0.0,96.28634597460017,112.46129589061232,113.41400454737125,105.8404995377387,9.631920919456858,0.0,0.0,2.670836820320666,3.9012078656379034,284.7808370638338,113.94142450501019,0.9716930217805789,0.11441117325830101,0.10875003031909572,-0.03323662680739596,0.007139807013566689,0.6805451034925818,106.0,65.0,0.6132075471698113,0.0,0.0,1.1798648111805163,6.57204468595857,284.7808370638338,False,False,0.0,0.0,False,0.0,0,0,0,True
231,99,0.010000000000000009,95.34702058291217,111.60255907404316,112.11475368645814,105.04139912118595,9.53560171026229,0.2154529238792772,0.0,2.6575301219707566,3.9077068498287426,285.9639292808119,114.45361911742518,0.9718057258808568,0.11453827534972791,0.10885114937793332,-0.023781921464213002,0.007511809658848953,0.6723387648206253,105.0,64.0,0.6095238095238096,0.0,0.0,1.1798648111805163,6.565236971799499,285.9639292808119,False,False,0.0,0.0,False,0.0,0,0,0,True
232,100,0.0,96.3064530352613,112.44253739524703,113.22493300222713,105.83708083674992,9.631920919456858,0.0,0.0,2.5993903256126853,3.9839963443175765,287.51247528248814,115.23601472440527,0.9718380367238592,0.1145792772480035,0.10885791095250164,-0.01626065415632289,0.0065281397226094485,0.6700763164032006,106.0,65.0,0.6132075471698113,0.0,0.0,1.1798648111805163,6.5833866699302614,287.51247528248814,False,False,0.0,0.0,False,0.0,0,0,0,True
233,99,0.010000000000000009,95.34554859348053,111.63305684184138,112.11475368645814,105.07766252327654,9.53560171026229,0.2154529238792772,0.0,2.6226588612617823,4.00732460753817,288.5470220661341,115.71771156902199,0.9718067304521799,0.11455313497982678,0.1087938336780949,-0.0073310998260124275,0.007662521365490703,0.6624804943905456,105.0,64.0,0.6095238095238096,0.0,0.0,1.1798648111805163,6.629983468799952,288.5470220661341,False,False,0.0,0.0,False,0.0,0,0,0,True
234,100,0.0,96.28933392970603,112.42907901566801,113.12077752303286,105.82585128096983,9.631920919456858,0.0,0.0,2.5698423705878417,4.031858050394938,289.901231303451,116.40941007638688,0.9717016494478766,0.1144480698704891,0.1086390048250872,0.0012178279070470643,0.005908162473903427,0.6598415067343294,106.0,65.0,0.6132075471698113,0.0,0.0,1.1798648111805163,6.601700420982779,289.901231303451,False,False,0.0,0.0,False,0.0,0,0,0,True
235,99,0.010000000000000009,95.33591824214378,111.64638742051989,112.11475368645814,105.0869289748135,9.53560171026229,0.2154529238792772,0.0,2.6115279055534053,4.034202447718178,291.0027410563408,116.87777634232513,0.9715186950686062,0.11426827210602916,0.10835697242584173,0.009651593284249096,0.007391661394007876,0.6529337411478704,106.0,64.0,0.6037735849056604,0.0,0.0,1.1798648111805163,6.645730353271583,291.0027410563408,False,False,0.0,0.0,False,0.0,0,0,0,True
236,100,0.0,96.28682059630019,112.4080156768062,113.22493300222713,105.79798095991143,9.631920919456858,0.0,0.0,2.533173681312689,4.079905298483649,292.4361573929352,117.69469366774604,0.9712687717551557,0.11401603641128848,0.10799472217984331,0.01691248335473652,0.005437800416655781,0.6508832822535772,107.0,65.0,0.6074766355140186,0.0,0.0,1.1798648111805163,6.613078979796338,292.4361573929352,False,False,0.0,0.0,False,0.0,0,0,0,True
237,99,0.010000000000000009,95.33276733307767,111.73626305930158,112.11475368645814,105.15682977872711,9.53560171026229,0.2154529238792772,0.0,2.6473154982868525,4.103393231489985,293.4738836582415,118.07318429490262,0.9709630236124669,0.11370303581048138,0.10758187548038262,0.023682640292193326,0.006389998564977127,0.6453606333696793,106.0,63.0,0.5943396226415094,0.0,0.0,1.1798648111805163,6.750708729776838,293.4738836582415,False,False,0.0,0.0,False,0.0,0,0,0,True
238,100,0.0,96.18651834961102,112.27030112440455,113.12077752303286,105.64770358890999,9.631920919456858,0.0,0.0,2.5195672733440717,3.8152305655281826,295.0845011132503,118.92366069353095,0.9706065647479492,0.11333467769179784,0.10710479080912608,0.0333041592970522,0.004909395837140301,0.6422564160588686,107.0,66.0,0.616822429906542,0.0,0.0,1.1798648111805163,6.334797838872254,295.0845011132503,False,False,0.0,0.0,False,0.0,0,0,0,True
239,99,0.010000000000000009,95.29594456419666,111.69688843142387,112.11475368645814,105.09240059756381,9.53560171026229,0.2154529238792772,0.0,2.6058817354042105,3.737331205238224,296.152909389934,119.34152594856519,0.9701688950101724,0.11288320998244653,0.10653628178400862,0.03974947270355717,0.0057989384609501825,0.6376379616396484,106.0,63.0,0.5943396226415094,0.0,0.0,1.1798648111805163,6.3432129406424345,296.152909389934,False,False,0.0,0.0,False,0.0,0,0,0,True
240,100,0.0,96.24228320079129,112.41814534129269,113.22493300222713,105.75159955640278,9.631920919456858,0.0,0.0,2.5255918199145633,3.7212240317671275,297.68538449014005,120.14831360949964,0.9696858476831027,0.11238022379549753,0.10592580955617163,0.04549552081066862,0.005438081521907713,0.6366313512290955,108.0,65.0,0.6018518518518519,0.0,0.0,1.1798648111805163,6.24681585168169,297.68538449014005,False,False,0.0,0.0,False,0.0,0,0,0,True
241,99,0.010000000000000009,95.29898287934373,111.75861992143415,112.11475368645814,105.10826032128502,9.53560171026229,0.2154529238792772,0.0,2.6248255179238122,3.6896784689231437,298.71062726009063,120.50444737452361,0.9691653292556094,0.11183330187487703,0.10530693705799465,0.050550191249128726,0.004981756749647358,0.6325005135905734,106.0,63.0,0.5943396226415094,0.0,0.0,1.1798648111805163,6.314503986846956,298.71062726009063,False,False,0.0,0.0,False,0.0,0,0,0,True
242,100,0.0,96.2399435063514,112.54292474765732,113.41400454737125,105.81946952921184,9.631920919456858,0.0,0.0,2.615052881300693,3.7083880199232597,299.9051506376299,121.37552717423758,0.9686137647568509,0.11124935248861383,0.10467039775883827,0.052674467758825824,0.006188150818498004,0.6330229486833869,106.0,64.0,0.6037735849056604,0.0,0.0,1.1798648111805163,6.323440901223952,299.9051506376299,False,False,0.0,0.0,False,0.0,0,0,0,True
243,100,0.0,96.25535465792488,112.6582537199831,113.41400454737125,105.89601133323815,9.631920919456858,0.0,0.0,2.6662522077790682,3.649793387322932,300.794460007912,122.1312780016257,0.9680650409460354,0.11065552849381369,0.10410806344002194,0.054036265926836836,0.005033102436626618,0.6320313468402372,106.0,63.0,0.5943396226415094,0.0,0.0,1.1798648111805163,6.3160455951020005,300.794460007912,False,False,0.0,0.0,False,0.0,0,0,0,True
244,99,0.010000000000000009,95.29255681172847,111.7918941958651,112.11475368645814,105.04481093001645,9.53560171026229,0.2154529238792772,0.0,2.710746643905409,3.6180103663065752,301.94390837448145,122.45413749221873,0.9675247022357203,0.11005783934762434,0.10363032821563427,0.05884545310598843,0.005652560661897797,0.6280020869656815,106.0,63.0,0.5943396226415094,0.0,0.0,1.1798648111805163,6.328757010211984,301.94390837448145,False,False,0.0,0.0,False,0.0,0,0,0,True
245,100,0.0,96.23066037012197,112.56489233060077,113.22493300222713,105.72970960883657,9.631920919456858,0.0,0.0,2.621892421614917,3.6841723926877994,303.614636996279,123.1141781638451,0.9669572593413059,0.10942619397580673,0.10316637502969474,0.062105392088194614,0.005017177869149544,0.6289029889684392,107.0,65.0,0.6074766355140186,0.0,0.0,1.1798648111805163,6.306064814302717,303.614636996279,False,False,0.0,0.0,False,0.0,0,0,0,True
246,99,0.010000000000000009,95.28531531438905,111.8992967847328,112.11475368645814,105.06006458341889,9.53560171026229,0.2154529238792772,0.0,2.6881616884750423,3.7066373353379163,304.79454264186364,123.32963506557044,0.9663766707887623,0.10877601011830636,0.10274430327211793,0.06478182142949475,0.005257893095993619,0.6262891205132746,107.0,63.0,0.5887850467289719,0.0,0.0,1.1798648111805163,6.394799023812959,304.79454264186364,False,False,0.0,0.0,False,0.0,0,0,0,True
247,99,0.010000000000000009,95.25745431646432,111.81563595458718,112.11475368645814,104.93405103885628,9.53560171026229,0.2154529238792772,0.0,2.6573544977176535,3.7761773646210974,306.308044933055,123.6287527974414,0.9657873416070538,0.10811252625709729,0.10235312514870219,0.06758280332563629,0.004957401876377172,0.6257080744034511,106.0,64.0,0.6037735849056604,0.0,0.0,1.1798648111805163,6.433531862338751,306.308044933055,False,False,0.0,0.0,False,0.0,0,0,0,True
248,99,0.010000000000000009,95.2472379115659,111.86730541205598,112.11475368645814,104.93166164183394,9.53560171026229,0.2154529238792772,0.0,2.6338740636446247,3.8123882813650134,307.83999490741974,123.87620107184358,0.9651892441332338,0.10743550428877993,0.10200018136963668,0.06898086245839238,0.00422219586354161,0.6258835850991569,106.0,64.0,0.6037735849056604,0.0,0.0,1.1798648111805163,6.446262345009638,307.83999490741974,False,False,0.0,0.0,False,0.0,0,0,0,True
249,100,0.0,96.207630824839,112.81598407737434,113.11023573240318,105.76768387739999,9.631920919456858,0.0,0.0,2.6047753881905606,3.820791535783873,309.15809968155594,124.17045272687238,0.9645933313330713,0.106757351979809,0.10169291719533431,0.07157270326923493,0.008214098335039466,0.6267419590286833,106.0,64.0,0.6037735849056604,0.0,0.0,1.1798648111805163,6.425566923974434,309.15809968155594,False,False,0.0,0.0,False,0.0,0,0,0,True
250,99,0.010000000000000009,95.27247893112339,112.03061503971603,112.11475368645814,104.98118433936074,9.53560171026229,0.2154529238792772,0.0,2.6047228456312754,3.839239114861267,310.45147325752293,124.25459137361449,0.9639780430635095,0.10606684224646772,0.1012503241497897,0.07179865946483749,0.00492755989077895,0.6242939245286202,106.0,64.0,0.6037735849056604,0.0,0.0,1.1798648111805163,6.443961960492542,310.45147325752293,False,False,0.0,0.0,False,0.0,0,0,0,True
251,100,0.0,96.20867130543056,112.87434378781388,113.20660070344198,105.71916065519493,9.631920919456858,0.0,0.0,2.525587106090843,3.85420301773574,312.353231242093,124.58684828924257,0.9633744940089368,0.10538577658655035,0.10086776772041835,0.07017491777072295,0.006630808460797777,0.6267870299322853,107.0,66.0,0.616822429906542,0.0,0.0,1.1798648111805163,6.379790123826583,312.353231242093,False,False,0.0,0.0,False,0.0,0,0,0,True
252,99,0.010000000000000009,95.27637684508471,112.14102479504906,112.11475368645814,104.97935377022665,9.53560171026229,0.2154529238792772,0.0,2.5185202107570355,3.9130158337161567,313.7098371324696,124.56057718065162,0.9627961347770262,0.10473036791602966,0.10056595572642106,0.06945025913109311,0.0049141851470203505,0.6249181003582585,107.0,64.0,0.5981308411214953,0.0,0.0,1.1798648111805163,6.431536044473193,313.7098371324696,False,False,0.0,0.0,False,0.0,0,0,0,True
253,100,0.0,96.08001187588677,112.84892009352028,113.26457150809982,105.5872666671088,9.631920919456858,0.0,0.0,2.4347501430175367,3.9450722178105333,316.04244061075764,124.97622859523122,0.962237346614881,0.1040931087693979,0.10033164675545166,0.067859394865897,0.005538765206488061,0.6272225931073513,108.0,66.0,0.6111111111111112,0.0,0.0,1.1798648111805163,6.37982236082807,316.04244061075764,False,False,0.0,0.0,False,0.0,0,0,0,True
254,99,0.010000000000000009,95.27452305437268,112.23803887432209,112.11475368645814,104.95871184635865,9.53560171026229,0.2154529238792772,0.0,2.407420092043857,4.02902710714247,317.5093932857989,124.85294340736726,0.9617069231653677,0.1034810047253728,0.10021237765677121,0.06622917060594462,0.004386043617108725,0.6261899946427759,107.0,65.0,0.6074766355140186,0.0,0.0,1.1798648111805163,6.436447199186327,317.5093932857989,False,False,0.0,0.0,False,0.0,0,0,0,True
255,100,0.0,96.21207336958105,113.14338400158726,113.11023573240318,105.74737921778978,9.631920919456858,0.0,0.0,2.349897023036396,4.054220039785735,319.00446227153225,124.81979513818317,0.9612027879726103,0.10289500636596513,0.10015895161494762,0.06619644510691738,0.006515204734025099,0.6280662295802248,107.0,66.0,0.616822429906542,0.0,0.0,1.1798648111805163,6.404117062822131,319.00446227153225,False,False,0.0,0.0,False,0.0,0,0,0,True
256,99,0.010000000000000009,95.28005044784977,112.34183942364555,112.11475368645814,104.94573926271396,9.53560171026229,0.2154529238792772,0.0,2.302689138883558,4.111865938017653,320.36843749362345,124.59270940099576,0.9606994794794679,0.10231946848266402,0.09998492008431763,0.06401684030800439,0.004162935244778901,0.6266314767332688,107.0,65.0,0.6074766355140186,0.0,0.0,1.1798648111805163,6.414555076901211,320.36843749362345,False,False,0.0,0.0,False,0.0,0,0,0,True
257,99,0.010000000000000009,95.25544987881823,112.36574784051751,112.11475368645814,104.91550469295895,9.53560171026229,0.2154529238792772,0.0,2.2490806862116792,4.175155853225993,322.1457294838165,124.34171524693636,0.9602261046357998,0.10177423647812929,0.09987839921024548,0.06089846340690578,0.00346503048334377,0.6284784564482347,107.0,66.0,0.616822429906542,0.0,0.0,1.1798648111805163,6.424236539437672,322.1457294838165,False,False,0.0,0.0,False,0.0,0,0,0,True
258,100,0.0,96.21886954878826,113.32778201277895,113.1625339280716,105.76148345156935,9.631920919456858,0.0,0.0,2.1962945358007175,4.210381712251298,323.7006145874256,124.17646716222896,0.9597898089493428,0.10126743080522027,0.09984035516152776,0.05719191999682961,0.007529278819239822,0.6320544396283674,107.0,66.0,0.616822429906542,0.0,0.0,1.1798648111805163,6.406676248052015,323.7006145874256,False,False,0.0,0.0,False,0.0,0,0,0,True
259,99,0.010000000000000009,95.28787398345851,112.50971874653774,112.11475368645814,104.95156422851886,9.53560171026229,0.2154529238792772,0.0,2.144593864571774,4.256815732293122,325.0719028362608,123.78150210214937,0.9593887084643826,0.10080302846622353,0.09978836176769695,0.05351059279897554,0.0033807738204655207,0.6312020155506844,107.0,65.0,0.6074766355140186,0.0,0.0,1.1798648111805163,6.401409596864896,325.0719028362608,False,False,0.0,0.0,False,0.0,0,0,0,True
260,100,0.0,96.22913137786988,113.43659125885851,113.11023573240318,105.77069361200635,9.631920919456858,0.0,0.0,2.089059374844104,4.309954994820393,326.64206315898065,123.45514657569402,0.9590275966646298,0.10038074791897349,0.09980139518555636,0.05113818476032067,0.006455116866689798,0.634280817329207,108.0,66.0,0.6111111111111112,0.0,0.0,1.1798648111805163,6.3990143696644965,326.64206315898065,False,False,0.0,0.0,False,0.0,0,0,0,True
261,99,0.010000000000000009,95.29507417272964,112.60539628353482,112.11475368645814,104.95774262221867,9.53560171026229,0.2154529238792772,0.0,2.034595609478581,4.345927519254879,328.02106156678053,122.96450397861734,0.9586837214767356,0.09998798202450247,0.09969554236968171,0.047019945535603416,0.0036644141397935356,0.6337467604513746,108.0,66.0,0.6111111111111112,0.0,0.0,1.1798648111805163,6.38052312873346,328.02106156678053,False,False,0.0,0.0,False,0.0,0,0,0,True
262,100,0.0,96.23839699203694,113.51316460818903,113.1625339280716,105.76735172908576,9.631920919456858,0.0,0.0,1.964667456614119,4.4152757243757,329.6896800357122,122.61387329849988,0.958382360714511,0.09964014272263184,0.09965645213594419,0.04263635673865023,0.005911513337306491,0.6379485064869737,108.0,66.0,0.6111111111111112,0.0,0.0,1.1798648111805163,6.3799431809898195,329.6896800357122,False,False,0.0,0.0,False,0.0,0,0,0,True
263,99,0.010000000000000009,95.30309185631616,112.68518289625254,112.11475368645814,104.96568895570584,9.53560171026229,0.2154529238792772,0.0,1.908112448915965,4.581309573515616,331.2118496325748,122.04344408870547,0.9581198471722135,0.09933892192127589,0.09960430190583491,0.03801220353800014,0.003954376459748768,0.6378034216339135,108.0,66.0,0.6111111111111112,0.0,0.0,1.1798648111805163,6.489422022431581,331.2118496325748,False,False,0.0,0.0,False,0.0,0,0,0,True
264,100,0.0,96.2645773627776,113.60394882162802,113.17092601127051,105.7934951608797,9.631920919456858,0.0,0.0,1.8360935070050588,4.881042618268969,333.1412797340566,121.61042127834793,0.9579037831750311,0.09908734563967077,0.09961729207404459,0.033009250547512935,0.005821861665551443,0.6420510674645187,108.0,67.0,0.6203703703703703,0.0,0.0,1.1798648111805163,6.717136125274028,333.1412797340566,False,False,0.0,0.0,False,0.0,0,0,0,True
265,99,0.010000000000000009,95.32936688416355,112.77008147206342,112.11475368645814,104.99623329011935,9.53560171026229,0.2154529238792772,0.0,1.7817200052674107,5.082562097492096,334.72359719791336,120.95509349274266,0.9577325426643114,0.09888894551526883,0.09961406212107649,0.027768361900802674,0.004060739060108694,0.6423170571057002,107.0,66.0,0.616822429906542,0.0,0.0,1.1798648111805163,6.864282102759507,334.72359719791336,False,False,0.0,0.0,False,0.0,0,0,0,True
266,100,0.0,96.27614172232235,113.65840132614886,113.1625339280716,105.80551090970123,9.631920919456858,0.0,0.0,1.7081000756066662,5.289312028480213,336.5573145601865,120.45922609466533,0.9576108105129773,0.09874414987429385,0.09967136365775647,0.022491933521847952,0.005479301332887395,0.6472526785654329,107.0,66.0,0.616822429906542,0.0,0.0,1.1798648111805163,6.997412104086878,336.5573145601865,False,False,0.0,0.0,False,0.0,0,0,0,True
267,99,0.010000000000000009,95.30982173845855,112.78706951371693,112.11475368645814,104.98383382519243,9.53560171026229,0.2154529238792772,0.0,1.658793880572089,5.420865489009816,338.05243137227956,119.78691026740657,0.9575322011888863,0.09865172871206636,0.09970818535182537,0.017365735177093278,0.0045836654562725915,0.6475271419650589,107.0,65.0,0.6074766355140186,0.0,0.0,1.1798648111805163,7.079659369581905,338.05243137227956,False,False,0.0,0.0,False,0.0,0,0,0,True
268,100,0.0,96.25927218787501,113.65817392229354,113.17092601127051,105.78685366625864,9.631920919456858,0.0,0.0,1.5813901514298998,5.569077690603834,339.80960048732084,119.29966235638356,0.9574996060078144,0.09860912230908939,0.0998027295400015,0.012413124344594826,0.005022311575935532,0.6522081422698957,107.0,66.0,0.616822429906542,0.0,0.0,1.1798648111805163,7.150467842033733,339.80960048732084,False,False,0.0,0.0,False,0.0,0,0,0,True
269,99,0.010000000000000009,95.30061461679965,112.78944349484324,112.11475368645814,104.97725041965862,9.53560171026229,0.2154529238792772,0.0,1.532650140203465,5.656196447532489,341.2526075086595,118.62497254799844,0.9575059399130369,0.09861342217285489,0.09987450983278316,0.007386704274161137,0.004819481580732193,0.6525611857967303,107.0,65.0,0.6074766355140186,0.0,0.0,1.1798648111805163,7.188846587735954,341.2526075086595,False,False,0.0,0.0,False,0.0,0,0,0,True
270,100,0.0,96.25257890774898,113.65151275380573,113.1625339280716,105.78114233389931,9.631920919456858,0.0,0.0,1.454180020277756,5.76641221564738,342.95585401248616,118.13599372226427,0.9575554027857794,0.09866443223244696,0.10000056196891265,0.0025430505792439833,0.005047200487677603,0.6574424199984131,107.0,66.0,0.616822429906542,0.0,0.0,1.1798648111805163,7.220592235925135,342.95585401248616,False,False,0.0,0.0,False,0.0,0,0,0,True
271,99,0.010000000000000009,95.29845351582709,112.77985905107464,112.11475368645814,104.97775304493102,9.53560171026229,0.2154529238792772,0.0,1.4060380805530808,5.82384553660044,344.35622352395217,117.47088835764777,0.9576402142253304,0.09875928877172088,0.10010047804396464,-0.002338708123244418,0.004965765259882908,0.6576669924832148,107.0,65.0,0.6074766355140186,0.0,0.0,1.1798648111805163,7.22988361715352,344.35622352395217,False,False,0.0,0.0,False,0.0,0,0,0,True
272,100,0.0,96.25228595510374,113.63334721703009,113.1625339280716,105.78246599726982,9.631920919456858,0.0,0.0,1.3271286334632053,5.9092870008977725,346.01628953770467,117.00007506868927,0.9577652564932307,0.09889769779668751,0.10025070246148822,-0.006937154391743694,0.005252809225197324,0.6627207944128682,107.0,66.0,0.616822429906542,0.0,0.0,1.1798648111805163,7.236415634360978,346.01628953770467,False,False,0.0,0.0,False,0.0,0,0,0,True
273,99,0.010000000000000009,95.30054666723693,112.75739204394421,112.11475368645814,104.98320786763075,9.53560171026229,0.2154529238792772,0.0,1.2802852879965145,5.947240879005546,347.38125068402917,116.35743671120323,0.9579220890947824,0.09907600921773044,0.10037167609796997,-0.011581067915155042,0.005090949521598559,0.6626619013127122,107.0,65.0,0.6074766355140186,0.0,0.0,1.1798648111805163,7.227526167002061,347.38125068402917,False,False,0.0,0.0,False,0.0,0,0,0,True
274,100,0.0,96.25562502107321,113.60174347034258,113.17092601127051,105.78760753806638,9.631920919456858,0.0,0.0,1.201136325445179,6.016951656415408,349.00496153058003,115.92661925213113,0.9581158163141771,0.09929417052597603,0.10053854363251673,-0.01570825692073235,0.00532573580833196,0.666496722005644,107.0,66.0,0.616822429906542,0.0,0.0,1.1798648111805163,7.218087981860587,349.00496153058003,False,False,0.0,0.0,False,0.0,0,0,0,True
275,100,0.0,96.26798176985878,113.62701156714598,113.17092601127051,105.83506427680796,9.631920919456858,0.0,0.0,1.1558021216467216,6.035267309741346,350.1168888647776,115.47053369625564,0.9583370136523811,0.09954655335586157,0.10066942898995815,-0.019295256104232664,0.003998136073446457,0.667812419633931,107.0,65.0,0.6074766355140186,0.0,0.0,1.1798648111805163,7.191069431388067,350.1168888647776,False,False,0.0,0.0,False,0.0,0,0,0,True
276,99,0.010000000000000009,95.30835368325333,112.69476236258008,112.11475368645814,104.99547657452992,9.53560171026229,0.2154529238792772,0.0,1.110638444761891,6.056724280421545,351.43360183268123,114.89052502013371,0.9585805852203784,0.09982733509983122,0.10076289342919252,-0.022746651702287783,0.006611995026088955,0.6669905051114537,107.0,65.0,0.6074766355140186,0.0,0.0,1.1798648111805163,7.167362725183436,351.43360183268123,False,False,0.0,0.0,False,0.0,0,0,0,True
277,100,0.0,96.21504355066132,113.44533573080884,113.42929733262822,105.72443735517425,9.631920919456858,0.0,0.0,1.0061460221073906,6.118362331435139,353.9779176643796,114.87448662195311,0.9588501821909896,0.10013556910595015,0.10089476026043478,-0.029193374145399964,0.004036201084504754,0.6724169309873698,108.0,66.0,0.6111111111111112,0.0,0.0,1.1798648111805163,7.12450835354253,353.9779176643796,False,False,0.0,0.0,False,0.0,0,0,0,True
278,99,0.010000000000000009,95.31291522987466,112.64063467805398,112.11475368645814,105.00192073271009,9.53560171026229,0.2154529238792772,0.0,0.9604348214685567,6.148047987923135,355.32705467800014,114.34860563035726,0.9591774977744671,0.10049736477231999,0.10114731687006495,-0.0325052457817437,0.005592668317685816,0.6718426058247039,107.0,65.0,0.6074766355140186,0.0,0.0,1.1798648111805163,7.108482809391692,355.32705467800014,False,False,0.0,0.0,False,0.0,0,0,0,True
279,100,0.0,96.2698021376459,113.47056686963347,113.41400454737125,105.80409387886594,9.631920919456858,0.0,0.0,0.8784013094460816,6.210887378072334,356.8963906759058,114.29204330809503,0.959528234152115,0.1008842383556136,0.10142623894685113,-0.038721088293551156,0.004781770451709152,0.6774713294177911,107.0,66.0,0.616822429906542,0.0,0.0,1.1798648111805163,7.089288687518415,356.8963906759058,False,False,0.0,0.0,False,0.0,0,0,0,True
280,99,0.010000000000000009,95.3172095318056,112.67116203600547,112.11475368645814,105.08668033295143,9.53560171026229,0.2154529238792772,0.0,0.9110810717700358,6.233426976681752,358.25630514243846,113.73563495854769,0.9599331719783262,0.10132140292485783,0.10180074594579616,-0.04226104800427828,0.004967531124618963,0.6770166897129373,107.0,65.0,0.6074766355140186,0.0,0.0,1.1798648111805163,7.1445080484517876,358.25630514243846,False,False,0.0,0.0,False,0.0,0,0,0,True
281,100,0.0,96.2697125302111,113.40932478056682,113.1625339280716,105.80491739704946,9.631920919456858,0.0,0.0,0.8291592727249674,6.27640733542763,359.7900074581752,113.48884410605247,0.9603611295217327,0.10178444447514161,0.10218575493286446,-0.043702611849647875,0.004423489024912327,0.6783261903618107,107.0,65.0,0.6074766355140186,0.0,0.0,1.1798648111805163,7.105566608152598,359.7900074581752,False,False,0.0,0.0,False,0.0,0,0,0,True
282,100,0.0,96.28052363201608,113.43915081909456,113.1625339280716,105.86671636365597,9.631920919456858,0.0,0.0,0.7968950815966921,6.282911565481138,360.84546202223373,113.21222721502947,0.9607891974239446,0.10225369080638307,0.10249414646009676,-0.04461530384158408,0.0032013637797555497,0.6776329263805656,106.0,64.0,0.6037735849056604,0.0,0.0,1.1798648111805163,7.07980664707783,360.84546202223373,False,False,0.0,0.0,False,0.0,0,0,0,True
283,100,0.0,96.2827409347195,113.40038422604033,113.1625339280716,105.86842758129738,9.631920919456858,0.0,0.0,0.7636008952521233,6.28974132730268,361.91644833740537,112.97437691706071,0.9612126466624872,0.10272406692335663,0.10272088452663575,-0.04450079588277371,0.002114479269288169,0.6771271172824161,106.0,64.0,0.6037735849056604,0.0,0.0,1.1798648111805163,7.053342222554804,361.91644833740537,False,False,0.0,0.0,False,0.0,0,0,0,True
284,99,0.010000000000000009,95.3208806815358,112.46109661989901,112.11475368645814,105.03215672215146,9.53560171026229,0.2154529238792772,0.0,0.7362217529093315,6.309539727940762,363.21704281800044,112.62803398361984,0.9616234166887818,0.10318645883594395,0.10286472868604704,-0.04445613411997009,0.00791226232012239,0.6748152731399661,106.0,64.0,0.6037735849056604,0.0,0.0,1.1798648111805163,7.045761480850094,363.21704281800044,False,False,0.0,0.0,False,0.0,0,0,0,True
285,100,0.0,96.19870492384733,113.132491049539,113.42929733262822,105.69913005743028,9.631920919456858,0.0,0.0,0.6166808321251767,6.3759687659628215,365.58513912519237,112.92484026670907,0.9620281011581776,0.10364245704778811,0.10300332618893228,-0.04649467881796646,0.002230588410390053,0.6783811155429722,107.0,66.0,0.616822429906542,0.0,0.0,1.1798648111805163,6.992649598087998,365.58513912519237,False,False,0.0,0.0,False,0.0,0,0,0,True
286,99,0.010000000000000009,95.32170125038664,112.37325819468364,112.11475368645814,105.02505362219115,9.53560171026229,0.2154529238792772,0.0,0.5789923137753985,6.422797507780102,366.9436810831959,112.66633575848357,0.9624518439041474,0.1041106398632043,0.10321970547094225,-0.04627733009051366,0.006075261608825641,0.676512457970928,106.0,64.0,0.6037735849056604,0.0,0.0,1.1798648111805163,7.0017898215555,366.9436810831959,False,False,0.0,0.0,False,0.0,0,0,0,True
287,100,0.0,96.27745570702099,113.17863445407254,113.1625339280716,105.81255677800758,9.631920919456858,0.0,0.0,0.4915742182034756,6.504433875240295,368.42856904024364,112.65023523248263,0.9628678929355455,0.10457117168403281,0.10342476797883529,-0.045064145636015976,0.004129208985211006,0.6784488370177051,106.0,65.0,0.6132075471698113,0.0,0.0,1.1798648111805163,6.996008093443771,368.42856904024364,False,False,0.0,0.0,False,0.0,0,0,0,True
288,99,0.010000000000000009,95.3214672109858,112.31368384669379,112.11475368645814,105.04102927402141,9.53560171026229,0.2154529238792772,0.0,0.46806389352943506,6.551796213688009,369.77291249488513,112.451305072247,0.9632628135886684,0.10501491430624707,0.10354114114346157,-0.04431755732785729,0.005706811285894132,0.6757746101624605,106.0,64.0,0.6037735849056604,0.0,0.0,1.1798648111805163,7.019860107217444,369.77291249488513,False,False,0.0,0.0,False,0.0,0,0,0,True
289,100,0.0,96.27506690052302,113.09183807886086,113.41400454737125,105.8051995943593,9.631920919456858,0.0,0.0,0.373876150614665,6.638235691641751,371.2359341100135,112.7734715407574,0.9636460223392562,0.10544672370747721,0.1036449524743698,-0.04598418918229012,0.0044483089151171485,0.679210904950473,106.0,65.0,0.6132075471698113,0.0,0.0,1.1798648111805163,7.012111842256416,371.2359341100135,False,False,0.0,0.0,False,0.0,0,0,0,True
290,99,0.010000000000000009,95.318960336209,112.24109605220322,112.11475368645814,105.04248929451956,9.53560171026229,0.2154529238792772,0.0,0.35242152460423487,6.6936290791367785,372.5836678512814,112.6471291750123,0.9640452717801657,0.10588802552470686,0.103812564285902,-0.04449490629607075,0.005613689422871226,0.6762397753849227,106.0,64.0,0.6037735849056604,0.0,0.0,1.1798648111805163,7.046050603741014,372.5836678512814,False,False,0.0,0.0,False,0.0,0,0,0,True
291,100,0.0,96.2715664969815,112.9871207638439,113.22493300222713,105.77276747263784,9.631920919456858,0.0,0.0,0.2274242476018817,6.786308166873502,374.8371081529902,112.88494141339551,0.9644267410042022,0.10631095226473126,0.10396411591196107,-0.043317643566806785,0.0043515950831723455,0.6783489547299332,107.0,66.0,0.616822429906542,0.0,0.0,1.1798648111805163,7.013732414475383,374.8371081529902,False,False,0.0,0.0,False,0.0,0,0,0,True
292,99,0.010000000000000009,95.3167508114691,112.18779745290031,112.11475368645814,105.05567776498417,9.53560171026229,0.2154529238792772,0.0,0.2189895116453372,6.855612902638983,376.1754661077536,112.81189764695334,0.9647927447576403,0.10671821707793332,0.10411199358339476,-0.041312161976685406,0.005301520795162556,0.675306819956127,107.0,64.0,0.5981308411214953,0.0,0.0,1.1798648111805163,7.07460241428432,376.1754661077536,False,False,0.0,0.0,False,0.0,0,0,0,True
293,100,0.0,96.26767724194438,112.93726263773571,113.1625339280716,105.78743440599389,9.631920919456858,0.0,0.0,0.11038173656266223,6.9540591069597095,377.6371340155944,113.0371689372892,0.9651372454133401,0.10710323285354854,0.10424120277867452,-0.03760232391014399,0.0045299226557152525,0.6749494925649266,107.0,65.0,0.6074766355140186,0.0,0.0,1.1798648111805163,7.064440843522371,377.6371340155944,False,False,0.0,0.0,False,0.0,0,0,0,True
294,100,0.0,96.27498120247363,113.02337879042491,113.1625339280716,105.89925740087199,9.631920919456858,0.0,0.0,0.10452940857585406,7.0176705959785135,378.7684730869751,113.17632407493586,0.9654415587458172,0.10745060459689344,0.10427637472074335,-0.034289219576919536,0.003910880052019181,0.6727921325389532,106.0,64.0,0.6037735849056604,0.0,0.0,1.1798648111805163,7.122200004554368,378.7684730869751,False,False,0.0,0.0,False,0.0,0,0,0,True
295,100,0.0,96.27150277511359,113.00522495768718,113.1625339280716,105.91489871921176,9.631920919456858,0.0,0.0,0.11770179542179737,7.069162616534108,379.9395071395275,113.33363304532025,0.965709215293144,0.10776420032527238,0.10422009280357049,-0.030324342359871713,0.0031208417184444706,0.6705750213826398,106.0,64.0,0.6037735849056604,0.0,0.0,1.1798648111805163,7.186864411955905,379.9395071395275,False,False,0.0,0.0,False,0.0,0,0,0,True
296,99,0.010000000000000009,95.30321322051668,112.04911157894652,112.11475368645814,105.05188123644226,9.53560171026229,0.2154529238792772,0.0,0.11722643435031438,7.12051438754637,381.31625854255907,113.39927515283186,0.9659358081227045,0.10803858497924479,0.10407719860521963,-0.026182639012241736,0.0075291652854969585,0.6658716749071758,106.0,64.0,0.6037735849056604,0.0,0.0,1.1798648111805163,7.2377408218966846,381.31625854255907,False,False,0.0,0.0,False,0.0,0,0,0,True
297,100,0.0,96.25064434490085,112.82526622384357,113.41400454737125,105.8094051308555,9.631920919456858,0.0,0.0,0.045969839017481716,7.209496749278934,382.81870822136267,113.98801347635955,0.9661266628264468,0.10827348941026431,0.10392441978190284,-0.025073769978656003,0.0036775242262064778,0.667514111860951,106.0,65.0,0.6132075471698113,0.0,0.0,1.1798648111805163,7.255466588296415,382.81870822136267,False,False,0.0,0.0,False,0.0,0,0,0,True
298,99,0.010000000000000009,95.29473487125985,112.0082598075894,112.11475368645814,105.06766385935553,9.53560171026229,0.2154529238792772,0.0,0.06859065722859747,7.26505006473457,384.2411946404948,114.09450735522833,0.9663149954466261,0.1084960957454734,0.10384306039507754,-0.02143315064422772,0.005714249776395263,0.6634090319097394,106.0,65.0,0.6132075471698113,0.0,0.0,1.1798648111805163,7.333640721963167,384.2411946404948,False,False,0.0,0.0,False,0.0,0,0,0,True
299,100,0.0,96.24072324694832,112.81170052844706,113.1625339280716,105.84288344362692,9.631920919456858,0.0,0.0,0.03994371851135725,7.342966016462953,385.85370773330055,114.44534075485284,0.9664724543255414,0.10868443910524747,0.10375460034513151,-0.01712726415164751,0.004225823574997076,0.6636183754508967,106.0,65.0,0.6132075471698113,0.0,0.0,1.1798648111805163,7.3829097349743105,385.85370773330055,False,False,0.0,0.0,False,0.0,0,0,0,True
300,99,0.010000000000000009,95.28406811082806,111.93427350604695,112.11475368645814,105.04117588437505,9.53560171026229,0.2154529238792772,0.0,0.046645469241072664,7.379467368823982,387.26868339663656,114.62582093526406,0.966588690638264,0.1088323433819151,0.10359095413199634,-0.013039638639111728,0.0054379796122833906,0.659135551266626,106.0,65.0,0.6132075471698113,0.0,0.0,1.1798648111805163,7.4261128380650545,387.26868339663656,False,False,0.0,0.0,False,0.0,0,0,0,True
301,100,0.0,96.23067989216413,112.77588132406377,113.41400454737125,105.84902977402852,9.631920919456858,0.0,0.0,0.03383186687756916,7.446279434592415,388.918476461893,115.26394415857152,0.9666717476866948,0.10894280219434663,0.1034251723456066,-0.012488966072701875,0.004487516511739102,0.661379697073043,106.0,66.0,0.6226415094339622,0.0,0.0,1.1798648111805163,7.480111301469984,388.918476461893,False,False,0.0,0.0,False,0.0,0,0,0,True
302,99,0.010000000000000009,95.27543286044055,111.88810705415088,112.11475368645814,105.02882585608269,9.53560171026229,0.2154529238792772,0.0,0.036719594656459055,7.468242224330967,390.34279781699155,115.4905907908788,0.9667585173209886,0.10904730549025979,0.10333958733643889,-0.008155396966354794,0.005282376851144635,0.6570619877098919,106.0,65.0,0.6132075471698113,0.0,0.0,1.1798648111805163,7.504961818987426,390.34279781699155,False,False,0.0,0.0,False,0.0,0,0,0,True
303,100,0.0,96.22250413602318,112.73285888048687,113.22493300222713,105.83106432712789,9.631920919456858,0.0,0.0,0.013955123883887043,7.522772635328758,392.4673160035695,115.98266491261903,0.966810704647829,0.10911255427897862,0.10325451196621772,-0.005675172235236589,0.004540837125910815,0.6587923056185152,107.0,67.0,0.6261682242990654,0.0,0.0,1.1798648111805163,7.536727759212646,392.4673160035695,False,False,0.0,0.0,False,0.0,0,0,0,True
304,99,0.010000000000000009,95.27010162681962,111.88214193914587,112.11475368645814,105.0394818087799,9.53560171026229,0.2154529238792772,0.0,0.03250727682916454,7.536224794859316,393.8671785277987,116.2152766599313,0.9668429443057656,0.10915502858712636,0.10318772291168797,-0.0015061454783175533,0.0049286634300599284,0.6550233992162522,106.0,66.0,0.6226415094339622,0.0,0.0,1.1798648111805163,7.568732071688481,393.8671785277987,False,False,0.0,0.0,False,0.0,0,0,0,True
305,100,0.0,96.21684531256531,112.73034731482674,113.1625339280716,105.83915952234965,9.631920919456858,0.0,0.0,0.023428424568574815,7.576800991179297,395.53991503328757,116.64746327317613,0.966842658659209,0.10916045022454546,0.10312442743436157,0.0027634229942880913,0.004772968940898951,0.6548359532372023,106.0,66.0,0.6226415094339622,0.0,0.0,1.1798648111805163,7.600229415747872,395.53991503328757,False,False,0.0,0.0,False,0.0,0,0,0,True
306,100,0.0,96.22885453543246,112.75447062906095,113.1625339280716,105.86508226942247,9.631920919456858,0.0,0.0,0.028115672923534712,7.568181056528766,396.7576300374068,117.05552657218678,0.966803888138239,0.10912771524527438,0.10299550069173422,0.007488574397536266,0.0030300422959003612,0.6520701757787939,106.0,66.0,0.6226415094339622,0.0,0.0,1.1798648111805163,7.5962967294523,396.7576300374068,False,False,0.0,0.0,False,0.0,0,0,0,True
307,100,0.0,96.23000211438824,112.75005812407414,113.1625339280716,105.86358994262785,9.631920919456858,0.0,0.0,0.030239127679758632,7.557776170136043,397.9766866696536,117.46800237618422,0.96672355992277,0.10905296944935683,0.10280351962677464,0.012638701462466723,0.0018270664080845792,0.649686713432316,106.0,66.0,0.6226415094339622,0.0,0.0,1.1798648111805163,7.588015297815801,397.9766866696536,False,False,0.0,0.0,False,0.0,0,0,0,True
308,99,0.010000000000000009,95.26784211295957,111.84976152229908,112.11475368645814,105.01968048302655,9.53560171026229,0.2154529238792772,0.0,0.03151389051457523,7.555138345881977,399.4257781840253,117.73299454034331,0.9665993429462789,0.1089330547924979,0.10255376817093201,0.017483493053778214,0.006773921846426255,0.6456423953013518,106.0,66.0,0.6226415094339622,0.0,0.0,1.1798648111805163,7.586652236396552,399.4257781840253,False,False,0.0,0.0,False,0.0,0,0,0,True
309,100,0.0,96.21645769412754,112.72668466198904,113.41400454737125,105.839476508612,9.631920919456858,0.0,0.0,0.023123512217218353,7.5873467587714245,401.11728082123193,118.42031442572551,0.9664405194722414,0.10877224214447578,0.10232296487892041,0.017848416643333212,0.004082150911441003,0.6482736822460009,106.0,66.0,0.6226415094339622,0.0,0.0,1.1798648111805163,7.6104702709886425,401.11728082123193,False,False,0.0,0.0,False,0.0,0,0,0,True
310,99,0.010000000000000009,95.26699277017964,111.8654809321101,112.11475368645814,105.02177441201069,9.53560171026229,0.2154529238792772,0.0,0.027226002521806247,7.576835439029836,402.58328258549676,118.66958718007352,0.9662914673701236,0.10861049151337192,0.10219625260978651,0.021652755120527164,0.005241478918629401,0.6447130528934297,106.0,66.0,0.6226415094339622,0.0,0.0,1.1798648111805163,7.604061441551642,402.58328258549676,False,False,0.0,0.0,False,0.0,0,0,0,True
311,100,0.0,96.21664609066661,112.75539318035702,113.1625339280716,105.84376489662692,9.631920919456858,0.0,0.0,0.0228659884144134,7.599397392157948,404.2873219191673,119.07672792778811,0.9661165889535983,0.10841755503793767,0.10209408907901475,0.02484236384380862,0.0049903226649882105,0.6458430648595757,106.0,66.0,0.6226415094339622,0.0,0.0,1.1798648111805163,7.622263380572361,404.2873219191673,False,False,0.0,0.0,False,0.0,0,0,0,True
312,99,0.010000000000000009,95.26826490654366,111.89535317107534,112.11475368645814,105.02300049446174,9.53560171026229,0.2154529238792772,0.0,0.02691824310087421,7.5793650611963335,405.75346816424866,119.29612844317089,0.9659154507975917,0.10819869116909815,0.10194805905337043,0.027974617292892568,0.004918061178666161,0.642411665945555,106.0,66.0,0.6226415094339622,0.0,0.0,1.1798648111805163,7.606283304297207,405.75346816424866,False,False,0.0,0.0,False,0.0,0,0,0,True
313,100,0.0,96.21873629893766,112.79112681661934,113.41400454737125,105.84630550219669,9.631920919456858,0.0,0.0,0.023003628854494775,7.593812138727687,407.45437822389374,119.91900617392282,0.9656945924348598,0.10795530824955046,0.10183143194122829,0.026852152834938598,0.005366503279986207,0.6456947295229215,106.0,66.0,0.6226415094339622,0.0,0.0,1.1798648111805163,7.616815767582182,407.45437822389374,False,False,0.0,0.0,False,0.0,0,0,0,True
314,99,0.010000000000000009,95.27118316811513,111.94061144250688,112.11475368645814,105.02630654379817,9.53560171026229,0.2154529238792772,0.0,0.027445906329366936,7.5665904391770225,408.91494604138427,120.09314841787406,0.965496186992703,0.10772513561087145,0.10182605845508633,0.02940878532507492,0.004842931149024661,0.6425912049679958,106.0,66.0,0.6226415094339622,0.0,0.0,1.1798648111805163,7.59403634550639,408.91494604138427,False,False,0.0,0.0,False,0.0,0,0,0,True
315,100,0.0,96.22241642942977,112.84556116736707,113.1625339280716,105.84994506091512,9.631920919456858,0.0,0.0,0.023499288573821508,7.574752074959287,410.60552948141736,120.41012117857858,0.9652824185468847,0.10747561440358319,0.10184978832158298,0.03139620171638193,0.005457712117185628,0.6437638177836943,106.0,66.0,0.6226415094339622,0.0,0.0,1.1798648111805163,7.598251363533109,410.60552948141736,False,False,0.0,0.0,False,0.0,0,0,0,True
316,100,0.0,96.23850142648747,112.89846468497265,113.1625339280716,105.87514291060519,9.631920919456858,0.0,0.0,0.0286014377554909,7.534514163608961,411.82992267020273,120.67419042167751,0.9650521343091301,0.10721147322908753,0.10182947662843389,0.03373645492218613,0.003638877073472049,0.6421889945032319,106.0,66.0,0.6226415094339622,0.0,0.0,1.1798648111805163,7.563115601364451,411.82992267020273,False,False,0.0,0.0,False,0.0,0,0,0,True
317,99,0.010000000000000009,95.27942792302105,112.02605674317196,112.11475368645814,105.0334114925702,9.53560171026229,0.2154529238792772,0.0,0.03199480704936069,7.50328699294321,413.26879357513116,120.76288736496367,0.9648025504914738,0.10692947450932659,0.10176512578283341,0.036033832155909794,0.005646692679103923,0.6390064556456707,106.0,66.0,0.6226415094339622,0.0,0.0,1.1798648111805163,7.535281799992571,413.26879357513116,False,False,0.0,0.0,False,0.0,0,0,0,True
318,100,0.0,96.23097065474258,112.93163787469075,113.11023573240318,105.85553287276336,9.631920919456858,0.0,0.0,0.025155641473933538,7.510811433063025,414.93864658440117,120.9414852226761,0.9645403064723421,0.1066311929021295,0.10172964109237133,0.03969371937846677,0.004837108409727261,0.638966642627229,106.0,66.0,0.6226415094339622,0.0,0.0,1.1798648111805163,7.535967074536958,414.93864658440117,False,False,0.0,0.0,False,0.0,0,0,0,True
319,99,0.010000000000000009,95.28308008566412,112.0866318800422,112.11475368645814,105.0398789342461,9.53560171026229,0.2154529238792772,0.0,0.031308336510023696,7.478402811239238,416.3720514420007,120.96960702909203,0.964242489841204,0.10630409287194661,0.10152370217450539,0.04094193105998212,0.004633281126898958,0.6364215252528609,106.0,66.0,0.6226415094339622,0.0,0.0,1.1798648111805163,7.509711147749261,416.3720514420007,False,False,0.0,0.0,False,0.0,0,0,0,True
320,100,0.0,96.23503680705657,112.99068117487334,113.41400454737125,105.860879143408,9.631920919456858,0.0,0.0,0.025738142266874438,7.483894011347766,418.0323728192588,121.39293040158995,0.9639411735505424,0.10597070734839131,0.10135257697418396,0.03781259499549144,0.005470094075898496,0.6404777408299618,106.0,66.0,0.6226415094339622,0.0,0.0,1.1798648111805163,7.50963215361464,418.0323728192588,False,False,0.0,0.0,False,0.0,0,0,0,True
321,99,0.010000000000000009,95.2866629447422,112.14979300518272,112.11475368645814,105.0440731121029,9.53560171026229,0.2154529238792772,0.0,0.03251161480573075,7.450046168090125,419.4527529582612,121.3578910828654,0.9636794300915978,0.10566968573038629,0.10129994071168535,0.03829419747008543,0.004342600006703173,0.6383153825070977,106.0,66.0,0.6226415094339622,0.0,0.0,1.1798648111805163,7.4825577828958565,419.4527529582612,False,False,0.0,0.0,False,0.0,0,0,0,True
322,100,0.0,96.23875680989478,113.05933231452319,113.1625339280716,105.86496290432584,9.631920919456858,0.0,0.0,0.02732471763248677,7.455117451594125,421.0979197309131,121.46109269641379,0.9634197920649588,0.10536881857426636,0.10128491613475181,0.03819966737430087,0.005573297944349492,0.6399650901073158,106.0,66.0,0.6226415094339622,0.0,0.0,1.1798648111805163,7.482442169226612,421.0979197309131,False,False,0.0,0.0,False,0.0,0,0,0,True
323,100,0.0,96.25306991249879,113.12011064804523,113.1625339280716,105.89352065500867,9.631920919456858,0.0,0.0,0.03629824302359811,7.4137018566207304,422.2809007968427,121.50351597644014,0.963161019330127,0.10507270250330877,0.101232335402098,0.03843206758685723,0.0037593036936220867,0.6390515187334163,106.0,65.0,0.6132075471698113,0.0,0.0,1.1798648111805163,7.4500000996443285,422.2809007968427,False,False,0.0,0.0,False,0.0,0,0,0,True
324,99,0.010000000000000009,95.29281000454122,112.24597094131094,112.11475368645814,105.0494552759092,9.53560171026229,0.2154529238792772,0.0,0.04247829586662584,7.383008339455971,423.67732709080036,121.37229872158733,0.9629003020175068,0.10477807268049058,0.10114176245095527,0.03864796850470702,0.00558148365186247,0.6368701238176666,106.0,65.0,0.6132075471698113,0.0,0.0,1.1798648111805163,7.425486635322597,423.67732709080036,False,False,0.0,0.0,False,0.0,0,0,0,True
325,100,0.0,96.24440254724497,113.1478263224339,113.1625339280716,105.86595774573378,9.631920919456858,0.0,0.0,0.03280234302142334,7.394707799271796,425.29632869285456,121.38700632722502,0.9626438529380291,0.10448600409946854,0.10108955929217277,0.03814934771969701,0.004815040726993968,0.6396097249708522,106.0,66.0,0.6226415094339622,0.0,0.0,1.1798648111805163,7.427510142293219,425.29632869285456,False,False,0.0,0.0,False,0.0,0,0,0,True
326,99,0.010000000000000009,95.2941001164557,112.30744874202549,112.11475368645814,105.0552928374819,9.53560171026229,0.2154529238792772,0.0,0.04347307864137454,7.368589860559104,426.69010450810356,121.19431127165768,0.9623916574389442,0.10420234301519604,0.10100166358738684,0.03737870110195617,0.00465863245548706,0.637747958397564,106.0,65.0,0.6132075471698113,0.0,0.0,1.1798648111805163,7.412062939200479,426.69010450810356,False,False,0.0,0.0,False,0.0,0,0,0,True
327,100,0.0,96.24558693684024,113.2019187569293,113.41400454737125,105.86664508578029,9.631920919456858,0.0,0.0,0.033316229660176,7.38241959735635,428.29972287747137,121.40639706209961,0.9621514713825781,0.10392995032647911,0.10095453378875896,0.032492459004977596,0.005283910275297128,0.642370009751189,106.0,66.0,0.6226415094339622,0.0,0.0,1.1798648111805163,7.415735827016526,428.29972287747137,False,False,0.0,0.0,False,0.0,0,0,0,True
328,99,0.010000000000000009,95.29469471844482,112.36465583061613,112.11475368645814,105.05708941793992,9.53560171026229,0.2154529238792772,0.0,0.04519728830743112,7.359198558310048,429.68583196383196,121.15649491794163,0.9619639359124198,0.10370494159581398,0.10102700705596801,0.03119367548801343,0.004470626461755191,0.6408030735526274,106.0,65.0,0.6132075471698113,0.0,0.0,1.1798648111805163,7.404395846617479,429.68583196383196,False,False,0.0,0.0,False,0.0,0,0,0,True
329,100,0.0,96.24587047138766,113.2586087126544,113.1625339280716,105.86599001063927,9.631920919456858,0.0,0.0,0.03412982757980905,7.375853082064934,431.2836390256041,121.06042013335882,0.9617914248763586,0.10349510346530673,0.10113554874444847,0.02964852700773394,0.005278201614426534,0.6437228046117976,106.0,66.0,0.6226415094339622,0.0,0.0,1.1798648111805163,7.409982909644743,431.2836390256041,False,False,0.0,0.0,False,0.0,0,0,0,True
330,99,0.010000000000000009,95.2945610458623,112.4181378723697,112.11475368645814,105.05776732245204,9.53560171026229,0.2154529238792772,0.0,0.04683567463110595,7.355834950888627,432.66002911456235,120.75703594744728,0.961629777050711,0.10330190862674304,0.1012023385504026,0.02802710522861688,0.004486224434660119,0.6422004022942236,106.0,65.0,0.6132075471698113,0.0,0.0,1.1798648111805163,7.402670625519733,432.66002911456235,False,False,0.0,0.0,False,0.0,0,0,0,True
331,100,0.0,96.24534034647593,113.30545906130091,113.1625339280716,105.86451943074131,9.631920919456858,0.0,0.0,0.0348543632485914,7.375666552296942,434.2466325039081,120.61411081421794,0.9614849371830155,0.10312636071630654,0.10130060533476926,0.026229627110996218,0.005222141060672556,0.645439083207921,106.0,66.0,0.6226415094339622,0.0,0.0,1.1798648111805163,7.410520915545534,434.2466325039081,False,False,0.0,0.0,False,0.0,0,0,0,True
332,99,0.010000000000000009,95.29364049480998,112.46047402118114,112.11475368645814,105.05715486975005,9.53560171026229,0.2154529238792772,0.0,0.047880073755164516,7.359230358260934,435.6151480125415,120.26839047949494,0.9613522745634453,0.1029692699476766,0.10135407748423698,0.02436383540352471,0.004536992159799101,0.6439206485958736,106.0,65.0,0.6132075471698113,0.0,0.0,1.1798648111805163,7.407110432016099,435.6151480125415,False,False,0.0,0.0,False,0.0,0,0,0,True
333,100,0.0,96.24399084118217,113.341206326599,113.17092601127051,105.86250933823949,9.631920919456858,0.0,0.0,0.03525513425415361,7.382410240992282,437.1938403897354,120.09811016416643,0.9612377203385745,0.10283154590399375,0.10143603053506706,0.022756079318491933,0.0051510587786905634,0.6462465833957982,106.0,65.0,0.6132075471698113,0.0,0.0,1.1798648111805163,7.417665375246436,437.1938403897354,False,False,0.0,0.0,False,0.0,0,0,0,True
334,100,0.0,96.25518785470769,113.39575220361228,113.17092601127051,105.90095517888237,9.631920919456858,0.0,0.0,0.04967401645211169,7.361950447438451,438.3372354813705,119.87328397182465,0.9611339414678056,0.1027100883491395,0.10145858177161887,0.021487351602058162,0.0034107555775010233,0.646544084504808,107.0,65.0,0.6074766355140186,0.0,0.0,1.1798648111805163,7.411624463890563,438.3372354813705,False,False,0.0,0.0,False,0.0,0,0,0,True
335,99,0.010000000000000009,95.29229873975255,112.4909720504148,112.11475368645814,105.04801576321847,9.53560171026229,0.2154529238792772,0.0,0.05514301895099646,7.351027170164624,439.7023804382424,119.49706560786798,0.9610378795922856,0.10260137170528219,0.10142298641801167,0.020063456829570767,0.0060161758459739804,0.6451551916081011,107.0,65.0,0.6074766355140186,0.0,0.0,1.1798648111805163,7.40617018911562,439.7023804382424,False,False,0.0,0.0,False,0.0,0,0,0,True
336,100,0.0,96.24183538433503,113.35196086944669,113.41400454737125,105.8440756949282,9.631920919456858,0.0,0.0,0.026357829639580294,7.3837114509841415,441.3421399527661,119.55910928579256,0.9609560136342339,0.10250752710119601,0.1014166483989497,0.014771981844087817,0.004185595925935788,0.6502798723607686,107.0,66.0,0.616822429906542,0.0,0.0,1.1798648111805163,7.410069280623722,441.3421399527661,False,False,0.0,0.0,False,0.0,0,0,0,True
337,99,0.010000000000000009,95.28983472154992,112.51969137628053,112.11475368645814,105.05827892698339,9.53560171026229,0.2154529238792772,0.0,0.04417540281582123,7.38284358585676,442.7293542809808,119.15417159597015,0.9609270129399388,0.10246243616549237,0.10151790238356116,0.01267648777011201,0.005032643672676947,0.6493544941844555,107.0,65.0,0.6074766355140186,0.0,0.0,1.1798648111805163,7.4270189886725815,442.7293542809808,False,False,0.0,0.0,False,0.0,0,0,0,True
338,100,0.0,96.23879740853278,113.37470453837221,113.1625339280716,105.84858305883517,9.631920919456858,0.0,0.0,0.022757459628786204,7.416876393549428,444.38373067412533,118.94200098566954,0.9609163055459812,0.10243738104141087,0.10164500728197644,0.010777718849578333,0.004648027769329611,0.6516183899150829,107.0,66.0,0.616822429906542,0.0,0.0,1.1798648111805163,7.439633853178214,444.38373067412533,False,False,0.0,0.0,False,0.0,0,0,0,True
339,100,0.0,96.24963110372252,113.4324012800309,113.1625339280716,105.89908069264672,9.631920919456858,0.0,0.0,0.04065566770152233,7.408311925914051,445.5433240300847,118.6721336337102,0.9609161633367458,0.10242973057129576,0.10171867842264629,0.009119060550840326,0.0032678841959826203,0.6515367086430149,107.0,65.0,0.6074766355140186,0.0,0.0,1.1798648111805163,7.448967593615573,445.5433240300847,False,False,0.0,0.0,False,0.0,0,0,0,True
340,100,0.0,96.2490951008865,113.41885134480184,113.1625339280716,105.887503904542,9.631920919456858,0.0,0.0,0.04780372394856028,7.398115663359188,446.685830012619,118.41581621697995,0.9609241911500419,0.10243681622715468,0.10173697448741913,0.008232091164432397,0.0017592920394794507,0.6516150992830231,107.0,65.0,0.6074766355140186,0.0,0.0,1.1798648111805163,7.4459193873077485,446.685830012619,False,False,0.0,0.0,False,0.0,0,0,0,True
341,99,0.010000000000000009,95.2851109073758,112.50405160310419,112.11475368645814,105.03815003510579,9.53560171026229,0.2154529238792772,0.0,0.05056446065729911,7.399875856510764,448.06059831705534,118.0265183003339,0.9609343098221332,0.10245157009146952,0.10170071920337825,0.0072570288428297405,0.007087194903683587,0.6499081679228833,106.0,65.0,0.6132075471698113,0.0,0.0,1.1798648111805163,7.450440317168064,448.06059831705534,False,False,0.0,0.0,False,0.0,0,0,0,True
342,100,0.0,96.233506369179,113.36255773960141,113.41400454737125,105.8440914388811,9.631920919456858,0.0,0.0,0.030049683226589283,7.442278400808993,449.7103551797803,118.07796510810371,0.9609532285453002,0.10247559226438738,0.1016870591079183,0.002308136807898628,0.003555237710581275,0.6548932337339599,107.0,66.0,0.616822429906542,0.0,0.0,1.1798648111805163,7.472328084035582,449.7103551797803,False,False,0.0,0.0,False,0.0,0,0,0,True
343,99,0.010000000000000009,95.28096461373623,112.50119031357318,112.11475368645814,105.0431815966108,9.53560171026229,0.2154529238792772,0.0,0.041699982645230296,7.446968595074628,451.1014655543978,117.69152848098871,0.9610205002337946,0.10254371623508998,0.101773897185185,0.0007412927676474222,0.005629952687508684,0.6534922536939741,106.0,65.0,0.6132075471698113,0.0,0.0,1.1798648111805163,7.488668577719858,451.1014655543978,False,False,0.0,0.0,False,0.0,0,0,0,True
344,100,0.0,96.22911323752764,113.35510735412855,113.1625339280716,105.84411087294741,9.631920919456858,0.0,0.0,0.025453828379114602,7.485829677331447,452.78163845620895,117.49895505493174,0.9611001642328194,0.10262557674102746,0.1018792726346397,-0.0006845747887094867,0.004272815452702217,0.656616694569172,107.0,66.0,0.616822429906542,0.0,0.0,1.1798648111805163,7.511283505710561,452.78163845620895,False,False,0.0,0.0,False,0.0,0,0,0,True
345,99,0.010000000000000009,95.27711686232082,112.48418127345745,112.11475368645814,105.03861012657977,9.53560171026229,0.2154529238792772,0.0,0.03630578109017674,7.4864450633053465,454.1837469908222,117.1295274679324,0.96118503604137,0.10271908228332224,0.10192686772569208,-0.0021908985577184454,0.005279382667465251,0.6550372424977489,106.0,65.0,0.6132075471698113,0.0,0.0,1.1798648111805163,7.5227508443955236,454.1837469908222,False,False,0.0,0.0,False,0.0,0,0,0,True
346,100,0.0,96.22534169366925,113.33852942135584,113.1625339280716,105.84445956195756,9.631920919456858,0.0,0.0,0.02409226794244181,7.521195589145382,455.86616433181126,116.95353197464817,0.9612812276239998,0.10282531531318748,0.10199044598019902,-0.0035468407700660768,0.004511924711150212,0.6583326127782276,107.0,66.0,0.616822429906542,0.0,0.0,1.1798648111805163,7.545287857087824,455.86616433181126,False,False,0.0,0.0,False,0.0,0,0,0,True
347,99,0.010000000000000009,95.27406001160226,112.45740521916255,112.11475368645814,105.03359145263238,9.53560171026229,0.2154529238792772,0.0,0.03296028822825915,7.516893075851534,457.28349402340115,116.61088044194373,0.961381653611266,0.10294210457700352,0.10199648197108155,-0.0048517223518569135,0.005204685910888409,0.6565506644055843,106.0,66.0,0.6226415094339622,0.0,0.0,1.1798648111805163,7.549853364079794,457.28349402340115,False,False,0.0,0.0,False,0.0,0,0,0,True
348,100,0.0,96.2226098717613,113.31355508249203,113.17092601127051,105.84534472431785,9.631920919456858,0.0,0.0,0.0243094347981964,7.547201591410441,458.95648984160056,116.46825137072223,0.9614915124050298,0.10306937560950251,0.10201856824032937,-0.0057674607887258,0.004603471676444609,0.6585258395694786,107.0,66.0,0.616822429906542,0.0,0.0,1.1798648111805163,7.571511026208637,458.95648984160056,False,False,0.0,0.0,False,0.0,0,0,0,True
349,100,0.0,96.23526643254404,113.32632458956024,113.17092601127051,105.8733708277522,9.631920919456858,0.0,0.0,0.030887650330620683,7.53024424722853,460.1652496611749,116.3128527924325,0.9616026627743611,0.10320285155455144,0.10197515813388808,-0.006027809616485234,0.0027873624035202305,0.6581943133519743,106.0,66.0,0.6226415094339622,0.0,0.0,1.1798648111805163,7.56113189755915,460.1652496611749,False,False,0.0,0.0,False,0.0,0,0,0,True
350,99,0.010000000000000009,95.27341317929148,112.39935532040533,112.11475368645814,105.02653093774943,9.53560171026229,0.2154529238792772,0.0,0.03345233235197744,7.521148653999929,461.6018654272804,116.02825115848529,0.9617098317508785,0.10333627515910719,0.10186842047603582,-0.006365159774076233,0.006511891165376956,0.6562961128725079,106.0,66.0,0.6226415094339622,0.0,0.0,1.1798648111805163,7.554600986351907,461.6018654272804,False,False,0.0,0.0,False,0.0,0,0,0,True
351,100,0.0,96.22229949571516,113.2568100169367,113.41400454737125,105.84592022925187,9.631920919456858,0.0,0.0,0.025695349778901113,7.549927714793371,463.2779305552729,116.18544568891986,0.9618191354594657,0.1034712399763877,0.10178257632804108,-0.010595950305584823,0.0039338797349777275,0.6611887724084963,106.0,66.0,0.6226415094339622,0.0,0.0,1.1798648111805163,7.575623064572272,463.2779305552729,False,False,0.0,0.0,False,0.0,0,0,0,True
352,99,0.010000000000000009,95.27224914312997,112.36423764236757,112.11475368645814,105.02773811671977,9.53560171026229,0.2154529238792772,0.0,0.030546933676847094,7.53784565143771,464.72653618741094,115.9359617330104,0.9619696739259312,0.10364190146925575,0.10179878164103409,-0.011094482199119236,0.005654367783151939,0.6595081571046817,106.0,66.0,0.6226415094339622,0.0,0.0,1.1798648111805163,7.568392585114557,464.72653618741094,False,False,0.0,0.0,False,0.0,0,0,0,True
353,100,0.0,96.22182182780303,113.2241539053711,113.1625339280716,105.8465451425915,9.631920919456858,0.0,0.0,0.023845354111937445,7.561151656333725,466.40747532732877,115.87434175571092,0.9621229760891788,0.10381488119224344,0.10183675249309246,-0.011599351969606608,0.004363001746396968,0.6613679533936492,106.0,66.0,0.6226415094339622,0.0,0.0,1.1798648111805163,7.5849970104456625,466.40747532732877,False,False,0.0,0.0,False,0.0,0,0,0,True
354,100,0.0,96.23573211699137,113.23306268622677,113.1625339280716,105.8727954993971,9.631920919456858,0.0,0.0,0.02937502103906926,7.5363180862446395,467.6330714515709,115.80381299755572,0.9622732924324804,0.10398955538206636,0.10182206310022271,-0.011415751867473988,0.002779713776492279,0.6604826156137013,106.0,66.0,0.6226415094339622,0.0,0.0,1.1798648111805163,7.565693107283709,467.6330714515709,False,False,0.0,0.0,False,0.0,0,0,0,True
355,100,0.0,96.23812843649787,113.21129706504107,113.1625339280716,105.87259665864129,9.631920919456858,0.0,0.0,0.03239931915849479,7.512226819360341,468.85583949968424,115.75504986058627,0.9624150635282076,0.10415943129175868,0.1017546403382197,-0.010549706466297343,0.001387530909179494,0.6599023655010888,106.0,66.0,0.6226415094339622,0.0,0.0,1.1798648111805163,7.5446261385188365,468.85583949968424,False,False,0.0,0.0,False,0.0,0,0,0,True
356,99,0.010000000000000009,95.27689330321218,112.28680100687971,112.11475368645814,105.02950418275931,9.53560171026229,0.2154529238792772,0.0,0.03448166894516348,7.498282773415867,470.3048959229691,115.58300254016471,0.9625433285709619,0.104318544567698,0.10163727427975144,-0.00979754855021327,0.0073163495709377855,0.6575464757701417,106.0,66.0,0.6226415094339622,0.0,0.0,1.1798648111805163,7.532764442361031,470.3048959229691,False,False,0.0,0.0,False,0.0,0,0,0,True
357,100,0.0,96.22678533457376,113.14370441899192,113.41400454737125,105.85025126481517,9.631920919456858,0.0,0.0,0.02658659757900812,7.522207381913683,471.99351496315177,115.85330266854405,0.9626653215806794,0.10446898224719744,0.10154708338437755,-0.013063149208365534,0.003466696306806981,0.6619929028795285,106.0,66.0,0.6226415094339622,0.0,0.0,1.1798648111805163,7.548793979492691,471.99351496315177,False,False,0.0,0.0,False,0.0,0,0,0,True
358,99,0.010000000000000009,95.27718513793609,112.25275083818917,112.11475368645814,105.03261700071434,9.53560171026229,0.2154529238792772,0.0,0.031395542863730516,7.505060496812826,473.4520866476213,115.71530551681303,0.9628212558761533,0.10464616461081741,0.10156528192261756,-0.012681597723656882,0.005919734785544344,0.659808941087611,106.0,66.0,0.6226415094339622,0.0,0.0,1.1798648111805163,7.5364560396765565,473.4520866476213,False,False,0.0,0.0,False,0.0,0,0,0,True
359,100,0.0,96.22765213256518,113.11404839410118,113.1625339280716,105.85245216081151,9.631920919456858,0.0,0.0,0.024784456583657966,7.523984549116329,475.14162757660085,115.76379105078341,0.9629734241821915,0.10481759859126398,0.10161058847709929,-0.01234023785915829,0.004218012305634322,0.6622305274275141,106.0,66.0,0.6226415094339622,0.0,0.0,1.1798648111805163,7.548769005699987,475.14162757660085,False,False,0.0,0.0,False,0.0,0,0,0,True
360,100,0.0,96.24168217081815,113.1254614337362,113.1625339280716,105.87896312197003,9.631920919456858,0.0,0.0,0.030546941525671212,7.494791904721668,476.3728866897909,115.80086354511882,0.9631164409379117,0.10498310276709592,0.10160952120395357,-0.011402723517268194,0.0026567373153784817,0.661742873826013,106.0,66.0,0.6226415094339622,0.0,0.0,1.1798648111805163,7.5253388462473385,476.3728866897909,False,False,0.0,0.0,False,0.0,0,0,0,True
361,99,0.010000000000000009,95.28113907066954,112.20559328892206,112.11475368645814,105.03497620156143,9.53560171026229,0.2154529238792772,0.0,0.033825463506878484,7.474389822497807,477.8220720281404,115.71002394265489,0.9632455619774799,0.10513712610191761,0.10156410446920726,-0.01033547305151887,0.006669014121180127,0.6590446928917636,106.0,66.0,0.6226415094339622,0.0,0.0,1.1798648111805163,7.508215286004686,477.8220720281404,False,False,0.0,0.0,False,0.0,0,0,0,True
362,100,0.0,96.23166675373623,113.06734372932848,113.41400454737125,105.85603269534428,9.631920919456858,0.0,0.0,0.02681974795764989,7.49307547367618,479.5058364786422,116.05668476069766,0.9633660395587669,0.10527959573792948,0.10154837303320861,-0.013162718960754891,0.00403500423660094,0.6632197206892,106.0,66.0,0.6226415094339622,0.0,0.0,1.1798648111805163,7.51989522163383,479.5058364786422,False,False,0.0,0.0,False,0.0,0,0,0,True
363,99,0.010000000000000009,95.28211602104274,112.18236926475575,112.11475368645814,105.03825507068619,9.53560171026229,0.2154529238792772,0.0,0.032339666033909746,7.471322270769997,480.95444287732056,115.98906918240006,0.9635170495335312,0.10544490906116813,0.10164153719249158,-0.012256687354168436,0.005715983094406034,0.6606237024988189,106.0,66.0,0.6226415094339622,0.0,0.0,1.1798648111805163,7.5036619368039075,480.95444287732056,False,False,0.0,0.0,False,0.0,0,0,0,True
364,100,0.0,96.23310047449918,113.04905650189957,113.1625339280716,105.85822921924152,9.631920919456858,0.0,0.0,0.026072627045301423,7.48703567383245,482.63062818035786,116.10254660857206,0.9636601929118822,0.10559987545750489,0.10176028306907438,-0.01140774035324017,0.00461440126021642,0.662721215917488,106.0,66.0,0.6226415094339622,0.0,0.0,1.1798648111805163,7.513108300877751,482.63062818035786,False,False,0.0,0.0,False,0.0,0,0,0,True
365,100,0.0,96.2468436555662,113.06640832658927,113.1625339280716,105.8845844432203,9.631920919456858,0.0,0.0,0.032315865969913676,7.4552752568791245,483.8444791372835,116.1986722100544,0.9637902052633379,0.10574456956728466,0.1018318315567174,-0.0099435106825021,0.0032820421993430453,0.6618006921898347,106.0,66.0,0.6226415094339622,0.0,0.0,1.1798648111805163,7.487591122849039,483.8444791372835,False,False,0.0,0.0,False,0.0,0,0,0,True
366,99,0.010000000000000009,95.28617699508813,112.15303140349965,112.11475368645814,105.0403076385136,9.53560171026229,0.2154529238792772,0.0,0.03591662451116036,7.433303782752473,485.273388588829,116.16039449301287,0.9639021749404902,0.10587334866241552,0.10185664013987124,-0.008265972935401694,0.006623575707171825,0.6585866068783702,106.0,65.0,0.6132075471698113,0.0,0.0,1.1798648111805163,7.4692204072636335,485.273388588829,False,False,0.0,0.0,False,0.0,0,0,0,True
367,100,0.0,96.23698301277781,113.02124643937896,113.41400454737125,105.86182981792349,9.631920919456858,0.0,0.0,0.029425729045391112,7.451890675078135,486.9361158808079,116.55315260100517,0.9640006817039517,0.10598547451452926,0.10190432898426667,-0.01051036196994511,0.0043934115785598735,0.6622928152839472,106.0,66.0,0.6226415094339622,0.0,0.0,1.1798648111805163,7.481316404123526,486.9361158808079,False,False,0.0,0.0,False,0.0,0,0,0,True
368,99,0.010000000000000009,95.28672250713576,112.14256971547707,112.11475368645814,105.0435923067809,9.53560171026229,0.2154529238792772,0.0,0.035718713384989186,7.430443450207244,488.3611688972371,116.52533657198623,0.964125091472595,0.10611570156558589,0.10205230672529199,-0.008995709486208769,0.005675203258542524,0.659231643770556,106.0,65.0,0.6132075471698113,0.0,0.0,1.1798648111805163,7.466162163592234,488.3611688972371,False,False,0.0,0.0,False,0.0,0,0,0,True
369,100,0.0,96.23774371508374,113.01399011708578,113.1625339280716,105.86235822332725,9.631920919456858,0.0,0.0,0.028992307310317867,7.4477152053908275,490.011489156916,116.67388038297203,0.9642368364647881,0.10623068253520722,0.10221605133857203,-0.007612004592308964,0.0047088685021762135,0.6607778660018951,106.0,66.0,0.6226415094339622,0.0,0.0,1.1798648111805163,7.476707512701146,490.011489156916,False,False,0.0,0.0,False,0.0,0,0,0,True
370,100,0.0,96.25065056346936,113.03890552954681,113.1625339280716,105.88991970600485,9.631920919456858,0.0,0.0,0.03681131126621805,7.418093779074828,491.20129298409455,116.7975087814968,0.9643312717924806,0.1063312574267832,0.10232414230020356,-0.005645977823478599,0.003270434552592634,0.6593298665719163,106.0,65.0,0.6132075471698113,0.0,0.0,1.1798648111805163,7.454905090341046,491.20129298409455,False,False,0.0,0.0,False,0.0,0,0,0,True
371,99,0.010000000000000009,95.28939142660238,112.1307597786982,112.11475368645814,105.04462133229069,9.53560171026229,0.2154529238792772,0.0,0.04158432969879431,7.398627627450441,492.6059408923811,116.78150268925673,0.9644037599932522,0.1064121468231202,0.10237588644451623,-0.0034049042319832827,0.00656025909630145,0.6557841530856969,106.0,65.0,0.6132075471698113,0.0,0.0,1.1798648111805163,7.440211957149235,492.6059408923811,False,False,0.0,0.0,False,0.0,0,0,0,True
372,100,0.0,96.23995413738382,112.99992937875324,113.41400454737125,105.86172894509113,9.631920919456858,0.0,0.0,0.03211346973259109,7.420633973698672,494.2372216978483,117.19557785787474,0.9644584073731229,0.10647212118606486,0.1024379941871071,-0.005107029311580638,0.004121948255553826,0.6591604431171394,106.0,66.0,0.6226415094339622,0.0,0.0,1.1798648111805163,7.452747443431264,494.2372216978483,False,False,0.0,0.0,False,0.0,0,0,0,True
373,99,0.010000000000000009,95.28891180376375,112.13171350805987,112.11475368645814,105.04787765446221,9.53560171026229,0.2154529238792772,0.0,0.040546149010218434,7.403724302355595,495.6401264643923,117.17861803627301,0.9645347793539273,0.1065462145097031,0.10258774684511934,-0.0031293957773683677,0.00556403616270317,0.6559762263082475,106.0,65.0,0.6132075471698113,0.0,0.0,1.1798648111805163,7.444270451365814,495.6401264643923,False,False,0.0,0.0,False,0.0,0,0,0,True
374,100,0.0,96.23950677185496,112.99338073804707,113.1625339280716,105.85259657091412,9.631920919456858,0.0,0.0,0.02237342228206702,7.4255489781423245,497.3234100952698,117.34777122629754,0.9645950094944148,0.10660185472413959,0.10274130882072527,-0.001210604670696741,0.004359526524520163,0.6570735628088458,107.0,66.0,0.616822429906542,0.0,0.0,1.1798648111805163,7.447922400424392,497.3234100952698,False,False,0.0,0.0,False,0.0,0,0,0,True
375,100,0.0,96.2520091940853,113.04305945644359,113.1625339280716,105.89848449859068,9.631920919456858,0.0,0.0,0.03729110988734519,7.403583022127909,498.5020931143036,117.46724569792552,0.9646339756574266,0.10663930432567756,0.10282911956969518,0.0009762809877804597,0.0028736903352090766,0.6554701578341804,107.0,65.0,0.6074766355140186,0.0,0.0,1.1798648111805163,7.440874132015254,498.5020931143036,False,False,0.0,0.0,False,0.0,0,0,0,True
376,99,0.010000000000000009,95.28981090370975,112.13324279279512,112.11475368645814,105.0471502838395,9.53560171026229,0.2154529238792772,0.0,0.04418139379411324,7.388979616547245,499.8875631271665,117.44875659158853,0.9646495804212731,0.1066561744378414,0.10285087328767896,0.003521798268077904,0.006427713238434432,0.6519672614943197,107.0,65.0,0.6074766355140186,0.0,0.0,1.1798648111805163,7.433161010341358,499.8875631271665,False,False,0.0,0.0,False,0.0,0,0,0,True
377,100,0.0,96.23966004340309,112.99215465569415,113.41400454737125,105.85047902115215,9.631920919456858,0.0,0.0,0.02379687533597846,7.416026418010681,501.55880622522847,117.87060648326566,0.9646452821634158,0.10665046855090696,0.1028732533105782,0.002186711424113011,0.003930549673881549,0.655264839592814,107.0,66.0,0.616822429906542,0.0,0.0,1.1798648111805163,7.4398232933466595,501.55880622522847,False,False,0.0,0.0,False,0.0,0,0,0,True
378,99,0.010000000000000009,95.28839040786865,112.14711758965028,112.11475368645814,105.05438244112935,9.53560171026229,0.2154529238792772,0.0,0.03912069122861237,7.406958605257014,502.95509326790454,117.8382425800735,0.964660238305983,0.10665669727976668,0.10297507829052534,0.004227079330242414,0.005320602995679834,0.652357918316533,107.0,65.0,0.6074766355140186,0.0,0.0,1.1798648111805163,7.446079296485626,502.95509326790454,False,False,0.0,0.0,False,0.0,0,0,0,True
379,100,0.0,96.23810122580484,113.00474185901248,113.1625339280716,105.85158579054301,9.631920919456858,0.0,0.0,0.021319583409608628,7.433527359061953,504.62621862752854,117.99603464913262,0.9646590651336071,0.10664506267904242,0.10307451122165984,0.006215522368164808,0.004499859151354713,0.6533550215550376,107.0,66.0,0.616822429906542,0.0,0.0,1.1798648111805163,7.454846942471562,504.62621862752854,False,False,0.0,0.0,False,0.0,0,0,0,True
380,100,0.0,96.24995961727876,113.05875273652626,113.1625339280716,105.89813691612707,9.631920919456858,0.0,0.0,0.03792215298438791,7.416446489857604,505.7928152054648,118.09981584067796,0.9646366204446073,0.10661571872182514,0.1031033130806537,0.008394381580116453,0.003031465278333166,0.6517623471166755,107.0,65.0,0.6074766355140186,0.0,0.0,1.1798648111805163,7.454368642841992,505.7928152054648,False,False,0.0,0.0,False,0.0,0,0,0,True
381,100,0.0,96.25039680578406,113.05121941604553,113.1625339280716,105.88896311761061,9.631920919456858,0.0,0.0,0.04518333023306533,7.398476769813577,506.9425065110757,118.21113035270403,0.9645914689867456,0.10656695836370242,0.10306216422824539,0.011182742631187934,0.0016989012505587888,0.6502281463025972,107.0,65.0,0.6074766355140186,0.0,0.0,1.1798648111805163,7.4436601000466425,506.9425065110757,False,False,0.0,0.0,False,0.0,0,0,0,True
382,99,0.010000000000000009,95.28727978877185,112.14662849120532,112.11475368645814,105.04081474771716,9.53560171026229,0.2154529238792772,0.0,0.04839734786131749,7.392617915740515,508.323390289569,118.17925554795683,0.9645193803216296,0.10649368373629102,0.10295392219099579,0.013931058624063977,0.006956569831357498,0.6468778173848764,106.0,65.0,0.6132075471698113,0.0,0.0,1.1798648111805163,7.441015263601832,508.323390289569,False,False,0.0,0.0,False,0.0,0,0,0,True
383,100,0.0,96.23655895469439,113.01189586481941,113.41400454737125,105.84789238285732,9.631920919456858,0.0,0.0,0.028595739030480308,7.427887170665726,509.97951412969644,118.5813642305087,0.964427152907186,0.10639754977904994,0.10284823206105455,0.012454659004676747,0.0037684747428965862,0.6501465009104868,107.0,66.0,0.616822429906542,0.0,0.0,1.1798648111805163,7.456482909696207,509.97951412969644,False,False,0.0,0.0,False,0.0,0,0,0,True
384,99,0.010000000000000009,95.28465420690134,112.16449837869199,112.11475368645814,105.04768692935912,9.53560171026229,0.2154529238792772,0.0,0.041038168696345495,7.425768646969516,511.3740368088865,118.53161953827482,0.9643568335987827,0.10631612460909019,0.10282661571893206,0.014270599735340566,0.005347433685541877,0.6473952029340964,107.0,65.0,0.6074766355140186,0.0,0.0,1.1798648111805163,7.466806815665861,511.3740368088865,False,False,0.0,0.0,False,0.0,0,0,0,True
385,100,0.0,96.23367148349341,113.0275977125578,113.1625339280716,105.84771308237403,9.631920919456858,0.0,0.0,0.023825231269645683,7.458748066824507,513.0548788820937,118.66655575378859,0.9642737530649057,0.10622028979707543,0.10280908541807915,0.015805378797626966,0.004612204531806778,0.6488824581551156,107.0,66.0,0.616822429906542,0.0,0.0,1.1798648111805163,7.482573298094152,513.0548788820937,False,False,0.0,0.0,False,0.0,0,0,0,True
386,100,0.0,96.2452500038877,113.07971265951115,113.1625339280716,105.89032958866662,9.631920919456858,0.0,0.0,0.037370773812635594,7.446891392503961,514.2304698004529,118.74937702234905,0.9641746754824462,0.10611217235518444,0.10273008979560008,0.01746588743088807,0.0031522871061512798,0.6477261521996188,107.0,65.0,0.6074766355140186,0.0,0.0,1.1798648111805163,7.484262166316596,514.2304698004529,False,False,0.0,0.0,False,0.0,0,0,0,True
387,99,0.010000000000000009,95.28230320006439,112.17212347600025,112.11475368645814,105.03613874048582,9.53560171026229,0.2154529238792772,0.0,0.04075851160436799,7.441324048786529,515.6336256010942,118.69200723280689,0.9640587101028796,0.1059905421792551,0.10259212655641378,0.01940472928497156,0.006141283832051539,0.6446931776647488,106.0,65.0,0.6132075471698113,0.0,0.0,1.1798648111805163,7.482082560390897,515.6336256010942,False,False,0.0,0.0,False,0.0,0,0,0,True
388,100,0.0,96.23112035210406,113.04656922804828,113.41400454737125,105.84846422578023,9.631920919456858,0.0,0.0,0.026843307864792474,7.47588406101341,517.3096100454233,119.05944255212984,0.9639299815431738,0.10585399705814595,0.10246442074946002,0.017133375671198027,0.004332030560607694,0.6483585536902235,107.0,66.0,0.616822429906542,0.0,0.0,1.1798648111805163,7.502727368878203,517.3096100454233,False,False,0.0,0.0,False,0.0,0,0,0,True
389,99,0.010000000000000009,95.27959807205161,112.19287168017566,112.11475368645814,105.03983808789289,9.53560171026229,0.2154529238792772,0.0,0.03646457470771619,7.471308856977004,518.7195068196538,118.98132455841231,0.9638303303569605,0.10573982675735386,0.10242875999452636,0.018321156183191623,0.005076342028744533,0.6459144980705853,106.0,65.0,0.6132075471698113,0.0,0.0,1.1798648111805163,7.50777343168472,518.7195068196538,False,False,0.0,0.0,False,0.0,0,0,0,True
390,100,0.0,96.22858533536605,113.0660838185666,113.1625339280716,105.84643627561103,9.631920919456858,0.0,0.0,0.022986712028147616,7.501911670008365,520.4139216586115,119.07777466791728,0.9637236471642284,0.10561729848939436,0.10240519638876928,0.019137227970882156,0.004857338092900001,0.6475608997600879,107.0,66.0,0.616822429906542,0.0,0.0,1.1798648111805163,7.524898382036513,520.4139216586115,False,False,0.0,0.0,False,0.0,0,0,0,True
391,100,0.0,96.24090650790306,113.1146181783024,113.1625339280716,105.8833134452586,9.631920919456858,0.0,0.0,0.033845991162674435,7.486428657351299,521.6022509101447,119.12569041768649,0.9636073010143063,0.10548924043431711,0.10232708161379399,0.02019206086012368,0.0032550068405978855,0.6465184799237592,106.0,66.0,0.6226415094339622,0.0,0.0,1.1798648111805163,7.520274648513973,521.6022509101447,False,False,0.0,0.0,False,0.0,0,0,0,True
392,100,0.0,96.24180484538576,113.11314602826191,113.1625339280716,105.8754279275033,9.631920919456858,0.0,0.0,0.036097749453702324,7.470264576737947,522.807169218749,119.17507831749617,0.9634794041558085,0.1053533014752814,0.10219598469375364,0.021753030877132543,0.001935845782037571,0.6455909589502901,106.0,65.0,0.6132075471698113,0.0,0.0,1.1798648111805163,7.50636232619165,522.807169218749,False,False,0.0,0.0,False,0.0,0,0,0,True
393,99,0.010000000000000009,95.27932173443489,112.2168727334185,112.11475368645814,105.03144704341899,9.53560171026229,0.2154529238792772,0.0,0.03775458427205763,7.465316341513325,524.2404465642342,119.07295927053582,0.9633364622614072,0.10520512717925112,0.10201547843224026,0.023191327573368913,0.00670220179268526,0.6428446761459822,106.0,65.0,0.6132075471698113,0.0,0.0,1.1798648111805163,7.503070925785383,524.2404465642342,False,False,0.0,0.0,False,0.0,0,0,0,True
394,100,0.0,96.22839954261596,113.10114506199002,113.41400454737125,105.85173099813386,9.631920919456858,0.0,0.0,0.029778184209394425,7.498864927571932,525.918696881385,119.38581875591704,0.963185791483337,0.10504691443591967,0.10185622697334891,0.020181888604672384,0.004109067191248915,0.6468064647810234,106.0,66.0,0.6226415094339622,0.0,0.0,1.1798648111805163,7.528643111781327,525.918696881385,False,False,0.0,0.0,False,0.0,0,0,0,True
395,99,0.010000000000000009,95.27719539820261,112.23581739748813,112.11475368645814,105.03183691739251,9.53560171026229,0.2154529238792772,0.0,0.0338486113068086,7.491040350152181,527.3683437645499,119.26475504488704,0.9630710635659598,0.10491796223822003,0.10180018366540391,0.020717590454688992,0.00529133328836432,0.6445614616618978,106.0,66.0,0.6226415094339622,0.0,0.0,1.1798648111805163,7.5248889614589896,527.3683437645499,False,False,0.0,0.0,False,0.0,0,0,0,True
396,100,0.0,96.22668294759306,113.1234012012874,113.1625339280716,105.85077678698683,9.631920919456858,0.0,0.0,0.026571169420301567,7.519490723319781,529.0533498014875,119.30388777167124,0.9629553746471744,0.10478664204152632,0.10176696058655195,0.02064709648319361,0.0048605173424748,0.646849075044707,106.0,66.0,0.6226415094339622,0.0,0.0,1.1798648111805163,7.546061892740083,529.0533498014875,False,False,0.0,0.0,False,0.0,0,0,0,True
397,100,0.0,96.23944530750155,113.16018040836808,113.1625339280716,105.87610216039972,9.631920919456858,0.0,0.0,0.03173856898529162,7.499529246050685,530.2836208985158,119.30624129137476,0.9628378538156307,0.10465778339873211,0.10169007405704138,0.020963068353003576,0.003148088608639026,0.6462702999664701,106.0,66.0,0.6226415094339622,0.0,0.0,1.1798648111805163,7.531267815035976,530.2836208985158,False,False,0.0,0.0,False,0.0,0,0,0,True
398,99,0.010000000000000009,95.27794430000439,112.26455560957936,112.11475368645814,105.0312132652808,9.53560171026229,0.2154529238792772,0.0,0.034468275153535136,7.488018845674185,531.7357680449783,119.15643936825353,0.962715326471318,0.10452757407072548,0.10157113024547278,0.02145547966054734,0.006053357560421028,0.6439056782878549,106.0,66.0,0.6226415094339622,0.0,0.0,1.1798648111805163,7.52248712082772,531.7357680449783,False,False,0.0,0.0,False,0.0,0,0,0,True
399,100,0.0,96.22745935437572,113.15046226394409,113.41400454737125,105.85133576293185,9.631920919456858,0.0,0.0,0.026983464611948883,7.5148550806138426,533.4257234078891,119.41998165168069,0.9625925203743705,0.10439536465929895,0.10147918238294687,0.01768677741126067,0.004445604153493603,0.6483943904558426,106.0,66.0,0.6226415094339622,0.0,0.0,1.1798648111805163,7.541838545225791,533.4257234078891,False,False,0.0,0.0,False,0.0,0,0,0,True
400,99,0.010000000000000009,95.27723679877417,112.28717209293886,112.11475368645814,105.03282392814356,9.53560171026229,0.2154529238792772,0.0,0.03195412086660151,7.500746373530103,534.8839643344181,119.24756324519994,0.9625114238762918,0.10429866722979095,0.10149483972457521,0.017537866301376485,0.005131936330889431,0.6465251191488325,106.0,66.0,0.6226415094339622,0.0,0.0,1.1798648111805163,7.532700494396705,534.8839643344181,False,False,0.0,0.0,False,0.0,0,0,0,True
401,100,0.0,96.22728549658747,113.17394510378944,113.1625339280716,105.85016031567467,9.631920919456858,0.0,0.0,0.023426895690058347,7.522966323104235,536.5831398803359,119.2361520694821,0.9624343761372265,0.1042051075876574,0.10153672292474886,0.01690440300130804,0.004887507199008897,0.6489070622163788,107.0,66.0,0.616822429906542,0.0,0.0,1.1798648111805163,7.546393218794294,536.5831398803359,False,False,0.0,0.0,False,0.0,0,0,0,True
402,100,0.0,96.24089399077234,113.21568171045509,113.1625339280716,105.88004462543356,9.631920919456858,0.0,0.0,0.031037019890084783,7.497627643212733,537.8081890357777,119.1830042870986,0.9623593580891893,0.10411835184579352,0.10153612481016228,0.01668270478385695,0.003152309667168745,0.6484578727530341,106.0,66.0,0.6226415094339622,0.0,0.0,1.1798648111805163,7.528664663102818,537.8081890357777,False,False,0.0,0.0,False,0.0,0,0,0,True
403,100,0.0,96.24304669345047,113.22006222194051,113.1625339280716,105.87758517875103,9.631920919456858,0.0,0.0,0.03415856892131536,7.472941554033167,539.0322677399339,119.12547599322967,0.9622828465932829,0.10403431164287669,0.10149306663703225,0.016964086903223256,0.0018632690502157281,0.648151586627276,106.0,66.0,0.6226415094339622,0.0,0.0,1.1798648111805163,7.5071001229544825,539.0322677399339,False,False,0.0,0.0,False,0.0,0,0,0,True
404,99,0.010000000000000009,95.28157637026679,112.32309245041135,112.11475368645814,105.03431405001723,9.53560171026229,0.2154529238792772,0.0,0.03639628583896974,7.459221827600089,540.4792954648708,118.91713722927646,0.9622011185381357,0.10394851947350399,0.10140961905673293,0.017202034076658018,0.006812360233293934,0.6459277421746656,106.0,65.0,0.6132075471698113,0.0,0.0,1.1798648111805163,7.495618113439059,540.4792954648708,False,False,0.0,0.0,False,0.0,0,0,0,True
405,100,0.0,96.23164277036996,113.20772509243011,113.17092601127051,105.8554275688997,9.631920919456858,0.0,0.0,0.028851172560633975,7.484464779085824,542.1647215876869,118.88033814811685,0.962120613355582,0.10386230879868294,0.1013550693984803,0.017130748470155877,0.003965881030390113,0.6481388220728858,106.0,66.0,0.6226415094339622,0.0,0.0,1.1798648111805163,7.513315951646458,542.1647215876869,False,False,0.0,0.0,False,0.0,0,0,0,True
406,99,0.010000000000000009,95.28127518008016,112.3352905976231,112.11475368645814,105.03658645525181,9.53560171026229,0.2154529238792772,0.0,0.03357630270342835,7.468806324380951,543.6158484821726,118.6598012369519,0.9620388500976096,0.10377785157652905,0.10124559853069347,0.016560611089328586,0.005388360715130359,0.6464154303154166,106.0,66.0,0.6226415094339622,0.0,0.0,1.1798648111805163,7.50238262708438,543.6158484821726,False,False,0.0,0.0,False,0.0,0,0,0,True
407,100,0.0,96.23166075787407,113.21305897540276,113.41400454737125,105.85315211314202,9.631920919456858,0.0,0.0,0.02369195490837419,7.49057772855629,545.3194304438881,118.8607468089204,0.9619648059200377,0.10370009402065057,0.10116874621911251,0.011982181747262902,0.004744841508234846,0.6513695922442001,107.0,66.0,0.616822429906542,0.0,0.0,1.1798648111805163,7.514269683464664,545.3194304438881,False,False,0.0,0.0,False,0.0,0,0,0,True
408,99,0.010000000000000009,95.28170780390299,112.35120227107103,112.11475368645814,105.04132786360513,9.53560171026229,0.2154529238792772,0.0,0.0326420935308048,7.472818343348304,546.7574566698387,118.62429822430752,0.961938362240366,0.10366417675983078,0.10120541854841053,0.011039295716916295,0.004957304851894664,0.6500341559005396,106.0,66.0,0.6226415094339622,0.0,0.0,1.1798648111805163,7.505460436879108,546.7574566698387,False,False,0.0,0.0,False,0.0,0,0,0,True
409,100,0.0,96.23210126870438,113.22325157018574,113.1625339280716,105.84983315289266,9.631920919456858,0.0,0.0,0.018983104845400046,7.4914653421708906,548.4788646933943,118.56358058219334,0.9619216422489764,0.10363751089367172,0.10127439669759207,0.009884770675344578,0.004839059589902976,0.6521732279312458,107.0,66.0,0.616822429906542,0.0,0.0,1.1798648111805163,7.510448447016291,548.4788646933943,False,False,0.0,0.0,False,0.0,0,0,0,True
410,100,0.0,96.24575154761266,113.26923573100152,113.1625339280716,105.88924204872835,9.631920919456858,0.0,0.0,0.030860936643143645,7.46477686373583,549.6841661467636,118.4568787792634,0.9619103855888543,0.10362125690963728,0.10130451523799164,0.009121809123803351,0.003410988430418274,0.6516414010740141,107.0,66.0,0.616822429906542,0.0,0.0,1.1798648111805163,7.495637800378974,549.6841661467636,False,False,0.0,0.0,False,0.0,0,0,0,True
411,100,0.0,96.24768443741492,113.26445944452027,113.1625339280716,105.8841051553726,9.631920919456858,0.0,0.0,0.03586185906871892,7.438081651828432,550.8833918727795,118.35495326281473,0.9619011403985501,0.10361148115423142,0.10129415192478032,0.009020200373502736,0.0019896445727780156,0.6512508721340096,106.0,65.0,0.6132075471698113,0.0,0.0,1.1798648111805163,7.473943510897151,550.8833918727795,False,False,0.0,0.0,False,0.0,0,0,0,True
412,99,0.010000000000000009,95.28595662724291,112.35885892377529,112.11475368645814,105.0391122770272,9.53560171026229,0.2154529238792772,0.0,0.038545204268377396,7.423147465966222,552.3085426150063,118.11084802549759,0.9618888340460702,0.10360224618966543,0.10124381337501608,0.008915709970730452,0.006962471303718851,0.6493017073840024,106.0,65.0,0.6132075471698113,0.0,0.0,1.1798648111805163,7.4616926702346,552.3085426150063,False,False,0.0,0.0,False,0.0,0,0,0,True
413,100,0.0,96.23621635376062,113.2316665687068,113.41400454737125,105.85517476698398,9.631920919456858,0.0,0.0,0.026208600102085238,7.448635022669358,554.0035452837825,118.29318600416207,0.9618795379325544,0.10359450085904487,0.10122503389900138,0.004660078665573506,0.0037522163225164945,0.6541375518893285,107.0,66.0,0.616822429906542,0.0,0.0,1.1798648111805163,7.474843622771443,554.0035452837825,False,False,0.0,0.0,False,0.0,0,0,0,True
414,99,0.010000000000000009,95.28544149521538,112.3677660634571,112.11475368645814,105.04560303259971,9.53560171026229,0.2154529238792772,0.0,0.0357410820204489,7.43489704124379,555.4265894314616,118.04017362716313,0.9619142617287679,0.1036247722910161,0.1013169242403999,0.0039023744014016976,0.005567755139726853,0.6525516027754624,107.0,65.0,0.6074766355140186,0.0,0.0,1.1798648111805163,7.470638123264239,555.4265894314616,False,False,0.0,0.0,False,0.0,0,0,0,True
415,100,0.0,96.23569342004731,113.23307011691851,113.1625339280716,105.85176082243756,9.631920919456858,0.0,0.0,0.02046793331730042,7.457888675547481,557.1382198512622,117.9696374383162,0.9619562010800987,0.10366174628424951,0.10143699990811166,0.003046927622929288,0.004394818548735773,0.6550339457170505,107.0,66.0,0.616822429906542,0.0,0.0,1.1798648111805163,7.4783566088647815,557.1382198512622,False,False,0.0,0.0,False,0.0,0,0,0,True
416,100,0.0,96.24843306684818,113.27666146953332,113.1625339280716,105.89296421962362,9.631920919456858,0.0,0.0,0.03341052761369155,7.435786759267466,558.3355379724679,117.85550989685444,0.9620001583275377,0.10370561505932767,0.10151158674198689,0.002539686324960451,0.00284602508577639,0.6548179309642863,107.0,66.0,0.616822429906542,0.0,0.0,1.1798648111805163,7.469197286881157,558.3355379724679,False,False,0.0,0.0,False,0.0,0,0,0,True
417,99,0.010000000000000009,95.28652654238384,112.3639756828475,112.11475368645814,105.04310509453546,9.53560171026229,0.2154529238792772,0.0,0.0394769701399609,7.420937200495155,559.741930706461,117.60628790046508,0.9620430321023166,0.103752880960211,0.10153996512714783,0.002330742211077802,0.00645871817483096,0.6527147191567153,106.0,65.0,0.6132075471698113,0.0,0.0,1.1798648111805163,7.460414170635116,559.741930706461,False,False,0.0,0.0,False,0.0,0,0,0,True
418,100,0.0,96.23636747966107,113.22574524279464,113.1625339280716,105.85097146274018,9.631920919456858,0.0,0.0,0.02280106596544108,7.44664216021965,561.4432584824525,117.543076585742,0.9620884128341934,0.10380172524653827,0.10159292913182767,0.001852731662711925,0.0039005275779341276,0.6556022873969772,107.0,66.0,0.616822429906542,0.0,0.0,1.1798648111805163,7.469443226185091,561.4432584824525,False,False,0.0,0.0,False,0.0,0,0,0,True
419,99,0.010000000000000009,95.28556942880783,112.36233669875472,112.11475368645814,105.04890846498364,9.53560171026229,0.2154529238792772,0.0,0.03545571469043593,7.434888966622066,562.8584580802783,117.29549357344541,0.9621327556803315,0.10385398290731143,0.10159981921083777,0.0012267449541982218,0.005410285401094221,0.6536025086780513,107.0,65.0,0.6074766355140186,0.0,0.0,1.1798648111805163,7.470344681312501,562.8584580802783,False,False,0.0,0.0,False,0.0,0,0,0,True
420,100,0.0,96.23543907510609,113.21588345774677,113.41400454737125,105.85129004185855,9.631920919456858,0.0,0.0,0.01996149651752728,7.459121142597065,564.5579880421058,117.49361466306988,0.9621828382246889,0.10391147351481766,0.10163113453451884,-0.0029553068166816823,0.004454357534274534,0.658087358438951,107.0,66.0,0.616822429906542,0.0,0.0,1.1798648111805163,7.479082639114592,564.5579880421058,False,False,0.0,0.0,False,0.0,0,0,0,True
421,99,0.010000000000000009,95.28467581627586,112.3556148541468,112.11475368645814,105.04952712316444,9.53560171026229,0.2154529238792772,0.0,0.034082306655278755,7.446339389435444,565.9691766591388,117.25275349538123,0.9622749053054415,0.10400532520182648,0.10176417982788226,-0.003537553533578634,0.005160523381710627,0.6561967030807355,107.0,66.0,0.616822429906542,0.0,0.0,1.1798648111805163,7.480421696090723,565.9691766591388,False,False,0.0,0.0,False,0.0,0,0,0,True
422,100,0.0,96.2344611239198,113.2107374696226,113.1625339280716,105.85102926041954,9.631920919456858,0.0,0.0,0.01928295665035874,7.469123045947072,567.6599928933001,117.20454995383021,0.962371399953091,0.10410337187764454,0.10191581327312775,-0.003976747202469303,0.00452584142282572,0.6584918879771078,107.0,66.0,0.616822429906542,0.0,0.0,1.1798648111805163,7.48840600259743,567.6599928933001,False,False,0.0,0.0,False,0.0,0,0,0,True
423,100,0.0,96.24709908443639,113.25085499791444,113.1625339280716,105.89372470290833,9.631920919456858,0.0,0.0,0.034300774837193584,7.44752082691095,568.8374122568619,117.11622888398735,0.9624652642106168,0.1042036825436052,0.1020133431191499,-0.004001509454763871,0.002910513286358153,0.6580372827888781,107.0,66.0,0.616822429906542,0.0,0.0,1.1798648111805163,7.481821601748144,568.8374122568619,False,False,0.0,0.0,False,0.0,0,0,0,True
424,99,0.010000000000000009,95.28496782238872,112.33134276474529,112.11475368645814,105.04189723760885,9.53560171026229,0.2154529238792772,0.0,0.04073253638279225,7.432931458481321,570.225249666637,116.8996398057002,0.9625529637541137,0.10430224732174234,0.1020563041843567,-0.00362758664921939,0.00650478568698476,0.6554896685538647,106.0,65.0,0.6132075471698113,0.0,0.0,1.1798648111805163,7.473663994864114,570.225249666637,False,False,0.0,0.0,False,0.0,0,0,0,True
425,100,0.0,96.23450497887745,113.18776111061118,113.41400454737125,105.84952558690944,9.631920919456858,0.0,0.0,0.02449364520997551,7.459003385531943,571.8960701956217,117.12588324246029,0.9626373822834186,0.10439642740503782,0.10211359766936945,-0.007007748869182576,0.003831039801298007,0.6597703696972423,107.0,66.0,0.616822429906542,0.0,0.0,1.1798648111805163,7.483497030741919,571.8960701956217,False,False,0.0,0.0,False,0.0,0,0,0,True
426,99,0.010000000000000009,95.28373421459261,112.3254488640003,112.11475368645814,105.04775081891975,9.53560171026229,0.2154529238792772,0.0,0.03785334640938134,7.447776607418667,573.2871694558886,116.9151880649181,0.962756413157393,0.10451930014426122,0.10226231397937528,-0.006870395232022106,0.005543250708720885,0.6575607904118014,107.0,65.0,0.6074766355140186,0.0,0.0,1.1798648111805163,7.485629953828048,573.2871694558886,False,False,0.0,0.0,False,0.0,0,0,0,True
427,100,0.0,96.23337359480529,113.17805942858543,113.1625339280716,105.84901161291559,9.631920919456858,0.0,0.0,0.022185112651660042,7.472013349008458,574.9592398231099,116.89966256440424,0.9628732410456029,0.10463954064276479,0.10241959132510457,-0.006620238296165088,0.0042801587122692645,0.6594511784726563,107.0,66.0,0.616822429906542,0.0,0.0,1.1798648111805163,7.494198461660118,574.9592398231099,False,False,0.0,0.0,False,0.0,0,0,0,True
428,100,0.0,96.24599746163103,113.2169615888857,113.1625339280716,105.89231115226953,9.631920919456858,0.0,0.0,0.036938128593617,7.451886692367698,576.1210393427004,116.84523490359017,0.9629811272743236,0.10475558400419074,0.10251371247677259,-0.005984774955591725,0.002732266660409906,0.6586039454821604,107.0,65.0,0.6074766355140186,0.0,0.0,1.1798648111805163,7.488824820961315,576.1210393427004,False,False,0.0,0.0,False,0.0,0,0,0,True
429,99,0.010000000000000009,95.28379757269572,112.2941100187777,112.11475368645814,105.03868135929716,9.53560171026229,0.2154529238792772,0.0,0.04136708721567332,7.438526769736879,577.5073650576813,116.66587857127062,0.9630768618901765,0.10486377364281611,0.10254439326511858,-0.00493952211176636,0.00661276019028631,0.6557494744263226,106.0,65.0,0.6132075471698113,0.0,0.0,1.1798648111805163,7.479893856952552,577.5073650576813,False,False,0.0,0.0,False,0.0,0,0,0,True
430,100,0.0,96.23329170463721,113.15326807365237,113.1625339280716,105.85052868136286,9.631920919456858,0.0,0.0,0.0273548686559286,7.465944345235684,579.1562987824234,116.67514442568984,0.9631633426605385,0.10496145897837066,0.10258029960459263,-0.00418246128510466,0.0038093505155985053,0.6579667080417301,107.0,66.0,0.616822429906542,0.0,0.0,1.1798648111805163,7.493299213891612,579.1562987824234,False,False,0.0,0.0,False,0.0,0,0,0,True
431,99,0.010000000000000009,95.28243929254597,112.2803162845034,112.11475368645814,105.04458417749126,9.53560171026229,0.2154529238792772,0.0,0.038889311393896356,7.455138756265651,580.5425922975879,116.50958182764454,0.9632374052572452,0.10505081895110466,0.10255414089084165,-0.0034822719078236733,0.00552439575399411,0.655254086528105,106.0,65.0,0.6132075471698113,0.0,0.0,1.1798648111805163,7.494028067659547,580.5425922975879,False,False,0.0,0.0,False,0.0,0,0,0,True
432,100,0.0,96.23197852122283,113.12953966014933,113.41400454737125,105.84867161313004,9.631920919456858,0.0,0.0,0.024292973567952444,7.480280528948313,582.2057025839084,116.79404671486651,0.9633053263134291,0.10513302775800845,0.1025347625933456,-0.006359609911206532,0.004393332174109316,0.6590743561870771,107.0,66.0,0.616822429906542,0.0,0.0,1.1798648111805163,7.504573502516266,582.2057025839084,False,False,0.0,0.0,False,0.0,0,0,0,True
433,99,0.010000000000000009,95.28140331196074,112.26313009762227,112.11475368645814,105.04523450987374,9.53560171026229,0.2154529238792772,0.0,0.03746400982083525,7.468085969881026,583.590094738928,116.64567030370235,0.9634037602674969,0.1052395794808535,0.10260117246142797,-0.005618776732123755,0.005208568852361304,0.6565744888285605,106.0,65.0,0.6132075471698113,0.0,0.0,1.1798648111805163,7.505549979701861,583.590094738928,False,False,0.0,0.0,False,0.0,0,0,0,True
434,100,0.0,96.23095391600694,113.11433005765306,113.1625339280716,105.84786630470144,9.631920919456858,0.0,0.0,0.023063824548883137,7.491104498195087,585.2553418459897,116.6938741741209,0.963495291695672,0.10533832154035157,0.1026720347102552,-0.004803619170996678,0.00452525975716867,0.6582048749975005,107.0,66.0,0.616822429906542,0.0,0.0,1.1798648111805163,7.51416832274397,585.2553418459897,False,False,0.0,0.0,False,0.0,0,0,0,True
435,100,0.0,96.24392813416947,113.14905655660624,113.1625339280716,105.88909535835322,9.631920919456858,0.0,0.0,0.036684642674804466,7.469496013858752,586.4141659748926,116.70735154558622,0.9635737103204225,0.10542810202510548,0.10267910410390498,-0.0035933638044771386,0.0028948602876157996,0.6570930882859274,106.0,65.0,0.6132075471698113,0.0,0.0,1.1798648111805163,7.506180656533556,586.4141659748926,False,False,0.0,0.0,False,0.0,0,0,0,True
436,100,0.0,96.24519084111172,113.12701254951466,113.1625339280716,105.87933616178931,9.631920919456858,0.0,0.0,0.03950473392029838,7.44741094002488,587.5855488826714,116.74287292414314,0.9636359135843626,0.10550524820146015,0.10262357093552084,-0.001651638174030616,0.0015071915276824346,0.6559737810626043,106.0,65.0,0.6132075471698113,0.0,0.0,1.1798648111805163,7.4869156739451785,587.5855488826714,False,False,0.0,0.0,False,0.0,0,0,0,True
437,99,0.010000000000000009,95.28303043696783,112.21307189891142,112.11475368645814,105.03605303707377,9.53560171026229,0.2154529238792772,0.0,0.04211418291973129,7.43766627880921,588.9842611197331,116.64455471168986,0.9636766705935729,0.10556347476522143,0.10250869454087438,0.0002695925873475496,0.007133893889670252,0.6528435225602094,106.0,65.0,0.6132075471698113,0.0,0.0,1.1798648111805163,7.479780461728941,588.9842611197331,False,False,0.0,0.0,False,0.0,0,0,0,True
438,100,0.0,96.2326170481855,113.07626525243974,113.41400454737125,105.85383854874293,9.631920919456858,0.0,0.0,0.032098619629528126,7.467603280028976,590.6226903752569,116.98229400662137,0.9637025686532217,0.10560418241628919,0.10240399100498994,-0.0019451556565446705,0.003645537178453651,0.6564594796029922,106.0,66.0,0.6226415094339622,0.0,0.0,1.1798648111805163,7.499701899658505,590.6226903752569,False,False,0.0,0.0,False,0.0,0,0,0,True
439,99,0.010000000000000009,95.28146487966374,112.19684556435811,112.11475368645814,105.03720229459785,9.53560171026229,0.2154529238792772,0.0,0.037302622004944885,7.457520744215508,592.0379119951893,116.90020212872136,0.9637548969120511,0.10566402694348735,0.10239052601128405,-0.0005670610725725573,0.005698638666316006,0.6537248685898427,106.0,65.0,0.6132075471698113,0.0,0.0,1.1798648111805163,7.494823366220452,592.0379119951893,False,False,0.0,0.0,False,0.0,0,0,0,True
440,100,0.0,96.2312999634054,113.06423499506874,113.1625339280716,105.85396234477348,9.631920919456858,0.0,0.0,0.028649808770085636,7.484587717894039,593.694089578891,116.99850106172421,0.963796535383153,0.10571112053239635,0.10238779579742643,0.000471547948086215,0.004437265793046531,0.6555308144647659,107.0,66.0,0.616822429906542,0.0,0.0,1.1798648111805163,7.513237526664124,593.694089578891,False,False,0.0,0.0,False,0.0,0,0,0,True
441,100,0.0,96.24373755489624,113.08642135960297,113.1625339280716,105.8814106203149,9.631920919456858,0.0,0.0,0.034867174073075206,7.464211647347953,594.889228740627,117.07461363019281,0.96382468106478,0.10574809199684612,0.10233065302923808,0.0019815865110011962,0.002774655662053332,0.6544034826332732,106.0,66.0,0.6226415094339622,0.0,0.0,1.1798648111805163,7.499078821421028,594.889228740627,False,False,0.0,0.0,False,0.0,0,0,0,True
442,99,0.010000000000000009,95.28198827660471,112.1737616160837,112.11475368645814,105.03491317595571,9.53560171026229,0.2154529238792772,0.0,0.03730361701439351,7.452761922502223,596.3106506148913,117.01560570056725,0.9638356796961973,0.10577057141059742,0.10222117840609411,0.003756035146442258,0.006416604435724447,0.6513726215524139,106.0,65.0,0.6132075471698113,0.0,0.0,1.1798648111805163,7.490065539516617,596.3106506148913,False,False,0.0,0.0,False,0.0,0,0,0,True
443,100,0.0,96.23163422815813,113.0439619073901,113.41400454737125,105.85531840917206,9.631920919456858,0.0,0.0,0.029672619582492125,7.480999589193523,597.9765250989745,117.38564834054841,0.9638337601983646,0.10577732720673534,0.10212722626625134,0.0014378184222967399,0.004113426469093965,0.6552019506807687,107.0,66.0,0.616822429906542,0.0,0.0,1.1798648111805163,7.510672208776016,597.9765250989745,False,False,0.0,0.0,False,0.0,0,0,0,True
444,99,0.010000000000000009,95.28071814194219,112.1668201067231,112.11475368645814,105.03626717420823,9.53560171026229,0.2154529238792772,0.0,0.034648845583831696,7.468629080868778,599.4090640086686,117.33358192028346,0.9638598046607967,0.1058046009397241,0.10212998954547153,0.0027891282302891594,0.005432015612595162,0.6526243435553725,106.0,66.0,0.6226415094339622,0.0,0.0,1.1798648111805163,7.50327792645261,599.4090640086686,False,False,0.0,0.0,False,0.0,0,0,0,True
445,100,0.0,96.2306910364711,113.03688882789486,113.1625339280716,105.85122897609108,9.631920919456858,0.0,0.0,0.02382849823237388,7.493585438673117,601.1048693294991,117.45922702046022,0.9638760208770147,0.10581979905363417,0.10214872006859299,0.0038087360376258123,0.004598141368737443,0.6542246384668157,107.0,66.0,0.616822429906542,0.0,0.0,1.1798648111805163,7.51741393690549,601.1048693294991,False,False,0.0,0.0,False,0.0,0,0,0,True
446,100,0.0,96.24359120838506,113.07055872867085,113.1625339280716,105.8847686169509,9.631920919456858,0.0,0.0,0.03347191761164939,7.471739047526465,602.306493608862,117.55120221986095,0.9638794812622017,0.10582547415888555,0.10211726973585768,0.005232103970284623,0.0029456850258426466,0.6529869328153851,106.0,66.0,0.6226415094339622,0.0,0.0,1.1798648111805163,7.505210965138114,602.306493608862,False,False,0.0,0.0,False,0.0,0,0,0,True
447,100,0.0,96.24511273848134,113.06093695402818,113.1625339280716,105.87914786553146,9.631920919456858,0.0,0.0,0.036129646580034085,7.450270561884202,603.5184121727711,117.65279919390436,0.9638669970405344,0.10581785943364419,0.10203647976299443,0.007240970918219505,0.0016550032626450565,0.6518297458367457,106.0,65.0,0.6132075471698113,0.0,0.0,1.1798648111805163,7.486400208464236,603.5184121727711,False,False,0.0,0.0,False,0.0,0,0,0,True
448,99,0.010000000000000009,95.2831017609165,112.15570106680455,112.11475368645814,105.03550262946817,9.53560171026229,0.2154529238792772,0.0,0.038062558915683845,7.440431047738434,604.9571222710194,117.61185181355793,0.9638344700019686,0.10579198929684741,0.10190911696183783,0.009220561388127354,0.006977919334864122,0.6488368632465856,106.0,65.0,0.6132075471698113,0.0,0.0,1.1798648111805163,7.478493606654117,604.9571222710194,False,False,0.0,0.0,False,0.0,0,0,0,True
449,100,0.0,96.23285144393982,113.02970570357837,113.41400454737125,105.85522425102684,9.631920919456858,0.0,0.0,0.029132511354684924,7.470065226657314,606.648124227038,117.99615065735087,0.9637884971802197,0.10574932366361059,0.10180388635493541,0.006927825172625221,0.003827983449068672,0.6526500603572706,107.0,66.0,0.616822429906542,0.0,0.0,1.1798648111805163,7.499197738011999,606.648124227038,False,False,0.0,0.0,False,0.0,0,0,0,True
450,99,0.010000000000000009,95.28177012119394,112.15949362179096,112.11475368645814,105.0379531561938,9.53560171026229,0.2154529238792772,0.0,0.0347339697418041,7.4590361445704705,608.0958971647603,117.95141072201801,0.9637713908965212,0.10572772034124236,0.10180209640735313,0.008189082962258284,0.0055322882593739665,0.6501306033215297,106.0,66.0,0.6226415094339622,0.0,0.0,1.1798648111805163,7.493770114312275,608.0958971647603,False,False,0.0,0.0,False,0.0,0,0,0,True
451,100,0.0,96.23173254086016,113.03117232147304,113.1625339280716,105.84969762206859,9.631920919456858,0.0,0.0,0.021342146235979968,7.485028761236444,609.8240046044968,118.08277232861656,0.9637462388919321,0.10569560170892842,0.10182250591191677,0.0090634581442014,0.004551539900003833,0.6519193430906707,107.0,66.0,0.616822429906542,0.0,0.0,1.1798648111805163,7.506370907472425,609.8240046044968,False,False,0.0,0.0,False,0.0,0,0,0,True
452,100,0.0,96.2445429872995,113.07355710996421,113.1625339280716,105.88650951161041,9.631920919456858,0.0,0.0,0.03173430765146747,7.464685073966731,611.0465616709372,118.17174914672393,0.9637105133348314,0.10565598878282542,0.10179853121795712,0.010234906473351558,0.0029892755522545884,0.6509143870679706,107.0,66.0,0.616822429906542,0.0,0.0,1.1798648111805163,7.496419381618198,611.0465616709372,False,False,0.0,0.0,False,0.0,0,0,0,True
453,100,0.0,96.24593356060863,113.0697093776173,113.1625339280716,105.88141074037956,9.631920919456858,0.0,0.0,0.03580587380290268,7.444170373007589,612.2694664499139,118.26457369717821,0.9636618127643579,0.1056060395528277,0.10173087529410774,0.011941299703989527,0.001720233488133637,0.6499754554917353,106.0,65.0,0.6132075471698113,0.0,0.0,1.1798648111805163,7.479976246810492,612.2694664499139,False,False,0.0,0.0,False,0.0,0,0,0,True
454,99,0.010000000000000009,95.28374211365224,112.16770922019163,112.11475368645814,105.03605742918735,9.53560171026229,0.2154529238792772,0.0,0.037647975657293775,7.43488935021145,613.7214925061363,118.21161816344474,0.963596362221687,0.10554118803080766,0.1016220432464657,0.013633307871049641,0.0069258210567615065,0.6470916098858097,106.0,65.0,0.6132075471698113,0.0,0.0,1.1798648111805163,7.4725373258687435,613.7214925061363,False,False,0.0,0.0,False,0.0,0,0,0,True
455,100,0.0,96.2334707404357,113.0427760251178,113.41400454737125,105.851956467214,9.631920919456858,0.0,0.0,0.024824115730439782,7.465300903099518,615.4492349631736,118.58284668569819,0.9635205622452802,0.10546270532657431,0.10153998258502785,0.01106115168731998,0.0038494425064042937,0.6509864549668964,107.0,66.0,0.616822429906542,0.0,0.0,1.1798648111805163,7.490125018829958,615.4492349631736,False,False,0.0,0.0,False,0.0,0,0,0,True
456,99,0.010000000000000009,95.28242289725586,112.18439096440461,112.11475368645814,105.0413134365431,9.53560171026229,0.2154529238792772,0.0,0.03306311811344572,7.455936404139057,616.9061899884738,118.5132094077517,0.9634765889375224,0.10540833591488927,0.10156509669544495,0.011939800938206478,0.0054339371584208205,0.6486465022468805,107.0,66.0,0.616822429906542,0.0,0.0,1.1798648111805163,7.488999522252502,616.9061899884738,False,False,0.0,0.0,False,0.0,0,0,0,True
457,100,0.0,96.2322315792479,113.05620270167475,113.1625339280716,105.84866497073537,9.631920919456858,0.0,0.0,0.018112473379457292,7.482561689212302,618.6562428541444,118.61954063414855,0.9634282555340586,0.1053473852750941,0.10161543042062036,0.012444332065846116,0.004586322158640066,0.6506416120069561,107.0,66.0,0.616822429906542,0.0,0.0,1.1798648111805163,7.500674162591759,618.6562428541444,False,False,0.0,0.0,False,0.0,0,0,0,True
458,100,0.0,96.24493430966712,113.1056509270108,113.1625339280716,105.88794682033563,9.631920919456858,0.0,0.0,0.029498177302451148,7.463352095803442,619.8906281822574,118.67642363520932,0.9633728291639855,0.10528269265993676,0.10162416149237856,0.013197170418051185,0.0030483428171584333,0.6498630637918377,107.0,66.0,0.616822429906542,0.0,0.0,1.1798648111805163,7.492850273105893,619.8906281822574,False,False,0.0,0.0,False,0.0,0,0,0,True
459,99,0.010000000000000009,95.2829940971535,112.20481556916238,112.11475368645814,105.03931072929193,9.53560171026229,0.2154529238792772,0.0,0.03523917055962052,7.450997563903029,621.3366610622703,118.58636175250507,0.9633081959532651,0.10521179952937694,0.10159142633278384,0.014267900983875348,0.0062151284977957685,0.6472492248534885,107.0,66.0,0.616822429906542,0.0,0.0,1.1798648111805163,7.48623673446265,621.3366610622703,False,False,0.0,0.0,False,0.0,0,0,0,True
460,100,0.0,96.2325140866055,113.07698136797073,113.41400454737125,105.8482960302656,9.631920919456858,0.0,0.0,0.019672413022369276,7.4779964371272385,623.0794594149469,118.92338493190562,0.9632379161401298,0.10513284722784141,0.10158339043021766,0.0113067356077371,0.004179972621926687,0.6514687175133411,107.0,66.0,0.616822429906542,0.0,0.0,1.1798648111805163,7.497668850149608,623.0794594149469,False,False,0.0,0.0,False,0.0,0,0,0,True
461,99,0.010000000000000009,95.28198257551168,112.22818578604031,112.11475368645814,105.0434997669222,9.53560171026229,0.2154529238792772,0.0,0.03045441350649213,7.4667385148499905,624.5301697786356,118.80995283232342,0.9632021478957252,0.10508142387331665,0.10167904504288638,0.011791025138192354,0.005209473718614828,0.6494145053941602,107.0,66.0,0.616822429906542,0.0,0.0,1.1798648111805163,7.497192928356482,624.5301697786356,False,False,0.0,0.0,False,0.0,0,0,0,True
462,100,0.0,96.23180725874774,113.10191045406457,113.1625339280716,105.84947059645634,9.631920919456858,0.0,0.0,0.016691354507098133,7.490745559963134,626.2671951051942,118.87057630633043,0.9631646442667623,0.10502685527697331,0.1017959343592837,0.011993438257994418,0.004683182981935534,0.6512576974915825,107.0,67.0,0.6261682242990654,0.0,0.0,1.1798648111805163,7.507436914470232,626.2671951051942,False,False,0.0,0.0,False,0.0,0,0,0,True
463,100,0.0,96.2447356041782,113.15392314515319,113.1625339280716,105.888859322195,9.631920919456858,0.0,0.0,0.029165189464324323,7.469178306384568,627.4836401215924,118.87918708924882,0.9631217860217645,0.10497109838120862,0.10186483211488546,0.012504030001476405,0.00308336431874359,0.6503654310090563,107.0,66.0,0.616822429906542,0.0,0.0,1.1798648111805163,7.498343495848892,627.4836401215924,False,False,0.0,0.0,False,0.0,0,0,0,True
464,100,0.0,96.24612087074009,113.15623864780237,113.1625339280716,105.88403666577908,9.631920919456858,0.0,0.0,0.035633653206789836,7.447093599501369,628.6840919406125,118.88548236951807,0.9630708908101591,0.1049111277137275,0.10188445611773982,0.013591064030857091,0.001766665607045336,0.6495459946743701,107.0,65.0,0.6074766355140186,0.0,0.0,1.1798648111805163,7.482727252708159,628.6840919406125,False,False,0.0,0.0,False,0.0,0,0,0,True
465,99,0.010000000000000009,95.28387908689064,112.25603541985049,112.11475368645814,105.03649552623834,9.53560171026229,0.2154529238792772,0.0,0.037774082333211244,7.436065344165496,630.1139462445209,118.7442006361257,0.9630076675644543,0.10484191197067667,0.10185553140893508,0.014717950212345426,0.006933378087589023,0.6469431049856869,106.0,65.0,0.6132075471698113,0.0,0.0,1.1798648111805163,7.473839426498707,630.1139462445209,False,False,0.0,0.0,False,0.0,0,0,0,True
466,100,0.0,96.23364092355833,113.1348399915927,113.41400454737125,105.85163064561024,9.631920919456858,0.0,0.0,0.024456265416659614,7.46516979598849,631.8214170682188,119.02336519190422,0.9629379518776237,0.10476415314507148,0.10184588705493383,0.011590082005550504,0.0038215801947402163,0.6511727247144695,107.0,66.0,0.616822429906542,0.0,0.0,1.1798648111805163,7.48962606140515,631.8214170682188,False,False,0.0,0.0,False,0.0,0,0,0,True
467,99,0.010000000000000009,95.28270782057973,112.28080250097803,112.11475368645814,105.04305523666,9.53560171026229,0.2154529238792772,0.0,0.03414617139120704,7.454960439295392,633.2472929666923,118.85731637738434,0.9629036638259079,0.10471544305479841,0.10193448252266896,0.011910841762210874,0.005448491467901441,0.649069681584258,107.0,66.0,0.616822429906542,0.0,0.0,1.1798648111805163,7.489106610686599,633.2472929666923,False,False,0.0,0.0,False,0.0,0,0,0,True
468,100,0.0,96.23249065791379,113.15428023202546,113.1625339280716,105.8495718750118,9.631920919456858,0.0,0.0,0.019860939028530655,7.480583206850957,634.9613669179995,118.86557007343043,0.9628685416672017,0.10466503911867757,0.10203902112738897,0.011927616117165968,0.004548971045920118,0.6511157646303835,107.0,66.0,0.616822429906542,0.0,0.0,1.1798648111805163,7.500444145879488,634.9613669179995,False,False,0.0,0.0,False,0.0,0,0,0,True
469,100,0.0,96.24518421137206,113.20489532305416,113.1625339280716,105.88923422218323,9.631920919456858,0.0,0.0,0.03231253490802063,7.46056955456744,636.1570636231353,118.82320867844783,0.9628291563818031,0.10461508090628387,0.10209026628654203,0.012221591738185586,0.0030083054702109914,0.6504225764166283,107.0,66.0,0.616822429906542,0.0,0.0,1.1798648111805163,7.492882089475461,636.1570636231353,False,False,0.0,0.0,False,0.0,0,0,0,True
470,100,0.0,96.24639602426095,113.20309132017447,113.1625339280716,105.88257723052367,9.631920919456858,0.0,0.0,0.037097516881067064,7.4399851470273095,637.3460982019033,118.78265128634496,0.9627830869722436,0.10456279216443023,0.1020878709795939,0.013097714020074222,0.001704782355038496,0.6497744353909961,106.0,65.0,0.6132075471698113,0.0,0.0,1.1798648111805163,7.4770826639083765,637.3460982019033,False,False,0.0,0.0,False,0.0,0,0,0,True
471,99,0.010000000000000009,95.2840663888448,112.30199914214252,112.11475368645814,105.03692368468049,9.53560171026229,0.2154529238792772,0.0,0.0395025729052223,7.4308385570244795,638.7650405094897,118.59540583066055,0.9627260216920439,0.10450306220377743,0.10203351463409133,0.013969660444773263,0.0069531275569102696,0.6471805915600062,106.0,65.0,0.6132075471698113,0.0,0.0,1.1798648111805163,7.470341129929702,638.7650405094897,False,False,0.0,0.0,False,0.0,0,0,0,True
472,100,0.0,96.23370187197028,113.17952256010982,113.41400454737125,105.85326354408292,9.631920919456858,0.0,0.0,0.02778477350528835,7.461535989861761,640.44598083394,118.82988781792203,0.9626641614404164,0.10443696214576523,0.10199539355666795,0.010577688094979507,0.003817528954019607,0.6513839040259903,107.0,66.0,0.616822429906542,0.0,0.0,1.1798648111805163,7.48932076336705,640.44598083394,False,False,0.0,0.0,False,0.0,0,0,0,True
473,99,0.010000000000000009,95.2824750333658,112.31884859369947,112.11475368645814,105.0418357889666,9.53560171026229,0.2154529238792772,0.0,0.03654206774991676,7.452385916060013,641.861784499173,118.62579291068069,0.9626395162852971,0.10440212898791264,0.10205280375183025,0.01068962542658956,0.005483315852233514,0.6492671823008751,106.0,65.0,0.6132075471698113,0.0,0.0,1.1798648111805163,7.48892798380993,641.861784499173,False,False,0.0,0.0,False,0.0,0,0,0,True
474,100,0.0,96.23215558768469,113.18983050807748,113.1625339280716,105.84907463706726,9.631920919456858,0.0,0.0,0.022133572550132798,7.479366563911256,643.5635107780447,118.59849633067478,0.9626154046987654,0.10436728591140165,0.10212388993797689,0.010485426872153914,0.004528846233725766,0.6515143614021714,107.0,66.0,0.616822429906542,0.0,0.0,1.1798648111805163,7.501500136461389,643.5635107780447,False,False,0.0,0.0,False,0.0,0,0,0,True
475,100,0.0,96.24472810366868,113.23621834628857,113.1625339280716,105.88831261804488,9.631920919456858,0.0,0.0,0.034156575314889207,7.460573916175748,644.7524618688383,118.52481191245779,0.9625885403031693,0.10433465847413508,0.10214117182214087,0.010564969877221332,0.0029846971604088925,0.6509861630351266,107.0,66.0,0.616822429906542,0.0,0.0,1.1798648111805163,7.494730491490637,644.7524618688383,False,False,0.0,0.0,False,0.0,0,0,0,True
476,99,0.010000000000000009,95.2826576956036,112.3266614184866,112.11475368645814,105.03650229835242,9.53560171026229,0.2154529238792772,0.0,0.03750118285849056,7.448673131615013,646.167859953065,118.31290418042934,0.9625564769030819,0.10430138308370854,0.10210523392718919,0.01101323091321826,0.0063137314874736495,0.648528240560099,106.0,65.0,0.6132075471698113,0.0,0.0,1.1798648111805163,7.486174314473504,646.167859953065,False,False,0.0,0.0,False,0.0,0,0,0,True
477,100,0.0,96.23219663726057,113.20066407236479,113.41400454737125,105.85138712011138,9.631920919456858,0.0,0.0,0.02537969536347183,7.476863252486546,647.8536278256508,118.52624465543579,0.9625223492016192,0.10426506672904041,0.10208307521098729,0.007383222778529286,0.004143798825949047,0.6529492718232728,107.0,66.0,0.616822429906542,0.0,0.0,1.1798648111805163,7.502242947850018,647.8536278256508,False,False,0.0,0.0,False,0.0,0,0,0,True
478,99,0.010000000000000009,95.2814019274375,112.33993120986597,112.11475368645814,105.04235241662683,9.53560171026229,0.2154529238792772,0.0,0.035687669223298545,7.465727785581194,649.2636866273006,118.30106713202797,0.9625266401467399,0.10426164280142096,0.10215402818154558,0.007308525156546386,0.005307401737068186,0.6510078495070818,106.0,65.0,0.6132075471698113,0.0,0.0,1.1798648111805163,7.5014154548044925,649.2636866273006,False,False,0.0,0.0,False,0.0,0,0,0,True
479,100,0.0,96.23108820922273,113.20704772915262,113.1625339280716,105.84835806035748,9.631920919456858,0.0,0.0,0.021616101940717985,7.490263089193526,650.9608894815674,118.25655333094696,0.9625322412223491,0.10425936366566924,0.10223657187852155,0.007021726290793716,0.004587051592707338,0.6530747955293625,107.0,66.0,0.616822429906542,0.0,0.0,1.1798648111805163,7.511879191134244,650.9608894815674,False,False,0.0,0.0,False,0.0,0,0,0,True
480,100,0.0,96.24400928171954,113.25111365295633,113.1625339280716,105.88811999864076,9.631920919456858,0.0,0.0,0.03415690449506849,7.469350722242466,652.1435063827662,118.16797360606219,0.9625350117907961,0.10425950249497781,0.1022626072051483,0.007074839849955689,0.002991064655779874,0.6523978569242583,107.0,66.0,0.616822429906542,0.0,0.0,1.1798648111805163,7.503507626737535,652.1435063827662,False,False,0.0,0.0,False,0.0,0,0,0,True
481,100,0.0,96.24533193722684,113.24062713166396,113.1625339280716,105.8798785545812,9.631920919456858,0.0,0.0,0.03733724667423161,7.447883872885628,653.332510121598,118.0898804024698,0.9625320576477542,0.1042586974393042,0.10223220503258176,0.007786727493030372,0.001639420644750087,0.6517528694171838,106.0,65.0,0.6132075471698113,0.0,0.0,1.1798648111805163,7.485221119559859,653.332510121598,False,False,0.0,0.0,False,0.0,0,0,0,True
482,99,0.010000000000000009,95.2831915936527,112.33408812539581,112.11475368645814,105.03610300173924,9.53560171026229,0.2154529238792772,0.0,0.03980030771297488,7.438262069499817,654.74906612984,117.87054596353215,0.9625184936240372,0.1042511343034204,0.10214748231702458,0.008499811456755834,0.007012945414746345,0.649275467898365,106.0,65.0,0.6132075471698113,0.0,0.0,1.1798648111805163,7.478062377212792,654.74906612984,False,False,0.0,0.0,False,0.0,0,0,0,True
483,100,0.0,96.23284572125445,113.2071010838852,113.41400454737125,105.85485454567807,9.631920919456858,0.0,0.0,0.030534495280782115,7.468164477709854,656.411802149988,118.07744942701818,0.9625005090049745,0.10423783131403949,0.10207724202698716,0.004977405504343127,0.00376496690100782,0.6536061131928788,107.0,66.0,0.616822429906542,0.0,0.0,1.1798648111805163,7.498698972990636,656.411802149988,False,False,0.0,0.0,False,0.0,0,0,0,True
484,99,0.010000000000000009,95.28169492709875,112.33294103193182,112.11475368645814,105.03787768723505,9.53560171026229,0.2154529238792772,0.0,0.03615844440264665,7.457650198919644,657.8361411909744,117.8592620815445,0.9625199262412828,0.10425615428017765,0.10210193355653205,0.005059797806994971,0.005605933023385594,0.6515393041539108,106.0,65.0,0.6132075471698113,0.0,0.0,1.1798648111805163,7.493808643322291,657.8361411909744,False,False,0.0,0.0,False,0.0,0,0,0,True
485,100,0.0,96.23157910064423,113.20307568832037,113.1625339280716,105.85106658424236,9.631920919456858,0.0,0.0,0.0243121540923118,7.4841924004886184,659.5280065708513,117.81872032129574,0.9625393214151403,0.10427391688040007,0.10214047397680184,0.004809882443280529,0.004474285610986188,0.653793076874195,107.0,66.0,0.616822429906542,0.0,0.0,1.1798648111805163,7.50850455458093,659.5280065708513,False,False,0.0,0.0,False,0.0,0,0,0,True
486,100,0.0,96.24422802235738,113.237646397474,113.1625339280716,105.88606250227836,9.631920919456858,0.0,0.0,0.03462049849383677,7.4640635027291875,660.719745957146,117.7436078518933,0.9625556031273927,0.10429350361616223,0.10212588007081623,0.0049443373002206244,0.002873397251661591,0.6532130713880729,106.0,66.0,0.6226415094339622,0.0,0.0,1.1798648111805163,7.498684001223024,660.719745957146,False,False,0.0,0.0,False,0.0,0,0,0,True
487,100,0.0,96.24554047731131,113.22458915328112,113.1625339280716,105.87919683842141,9.631920919456858,0.0,0.0,0.03691811232874645,7.444002675550131,661.9223753840666,117.68155262668378,0.9625655831514763,0.10431114970355138,0.10205917369331957,0.005698452280935874,0.0015772139229738636,0.6526714169766504,106.0,65.0,0.6132075471698113,0.0,0.0,1.1798648111805163,7.480920787878877,661.9223753840666,False,False,0.0,0.0,False,0.0,0,0,0,True
488,99,0.010000000000000009,95.28337068128084,112.31493287675198,112.11475368645814,105.0358063241382,9.53560171026229,0.2154529238792772,0.0,0.03889860218001075,7.435673473459059,663.3520458950159,117.4813734363899,0.9625647495805317,0.10432141086622689,0.10194333318576926,0.006446721156389179,0.00705302240173878,0.6501364794894753,106.0,65.0,0.6132075471698113,0.0,0.0,1.1798648111805163,7.4745720756390694,663.3520458950159,False,False,0.0,0.0,False,0.0,0,0,0,True
489,100,0.0,96.23300635113621,113.18526714379323,113.41400454737125,105.85531119826415,9.631920919456858,0.0,0.0,0.029914170439801466,7.466765628878958,665.0341658894803,117.71011083996795,0.962559379552714,0.10432537527232247,0.10184696652575365,0.0029740168555165473,0.003739607154200137,0.6543732190087949,107.0,66.0,0.616822429906542,0.0,0.0,1.1798648111805163,7.49667979931876,665.0341658894803,False,False,0.0,0.0,False,0.0,0,0,0,True
490,99,0.010000000000000009,95.2817134861374,112.30774384503876,112.11475368645814,105.03779192940412,9.53560171026229,0.2154529238792772,0.0,0.03542372977623953,7.457107272694922,666.4728721411501,117.51712068138733,0.9625912390040525,0.10436028517112377,0.10185085079773028,0.0031152886217484426,0.005635283036065949,0.6522578979603877,106.0,65.0,0.6132075471698113,0.0,0.0,1.1798648111805163,7.4925310024711615,666.4728721411501,False,False,0.0,0.0,False,0.0,0,0,0,True
491,100,0.0,96.23154699701831,113.17409174605746,113.1625339280716,105.85005455914101,9.631920919456858,0.0,0.0,0.022585587598315058,7.48442879369868,668.1894651587698,117.50556286340147,0.962622844747371,0.10439387704996175,0.1018738081844832,0.0029303741531607865,0.004437981332127155,0.6545808252377436,107.0,66.0,0.616822429906542,0.0,0.0,1.1798648111805163,7.507014381296996,668.1894651587698,False,False,0.0,0.0,False,0.0,0,0,0,True
492,100,0.0,96.24416950360731,113.20753917742518,113.1625339280716,105.88601905559112,9.631920919456858,0.0,0.0,0.03288096785017453,7.465175042057137,669.4013673147583,117.46055761404786,0.9626511012820675,0.10442849093257386,0.101850061040902,0.0031189991804017356,0.0028508706411136506,0.6540437895143087,107.0,66.0,0.616822429906542,0.0,0.0,1.1798648111805163,7.4980560099073115,669.4013673147583,False,False,0.0,0.0,False,0.0,0,0,0,True
493,99,0.010000000000000009,95.28224760831684,112.29159469659194,112.11475368645814,105.03619463613938,9.53560171026229,0.2154529238792772,0.0,0.036307286986715155,7.45322625041091,670.8415642490274,117.28371660391404,0.9626729196197445,0.10446047061427373,0.1017807192425705,0.0036825903738051747,0.006421229267062571,0.6515872267050111,106.0,65.0,0.6132075471698113,0.0,0.0,1.1798648111805163,7.489533537397625,670.8415642490274,False,False,0.0,0.0,False,0.0,0,0,0,True
494,100,0.0,96.2318350382917,113.1562163196595,113.41400454737125,105.85019615692487,9.631920919456858,0.0,0.0,0.02333704863678031,7.481012805892493,672.5601124880147,117.54150483162582,0.962691433783398,0.1044874005127133,0.10173260253243878,0.00026790121403952126,0.004022488737551981,0.6559699337693988,107.0,66.0,0.616822429906542,0.0,0.0,1.1798648111805163,7.5043498545292735,672.5601124880147,False,False,0.0,0.0,False,0.0,0,0,0,True
495,99,0.010000000000000009,95.2812046479535,112.28885953112119,112.11475368645814,105.04155955540817,9.53560171026229,0.2154529238792772,0.0,0.03301627199732318,7.4696007729562615,673.9999179156962,117.36739898696275,0.9627464214436902,0.1045443451398405,0.10178574589255693,0.0004130352912604586,0.005421617619287005,0.654010183092771,107.0,66.0,0.616822429906542,0.0,0.0,1.1798648111805163,7.502617044953585,673.9999179156962,False,False,0.0,0.0,False,0.0,0,0,0,True
496,100,0.0,96.23100067116225,113.14962479657007,113.1625339280716,105.8482445121404,9.631920919456858,0.0,0.0,0.018875316060628648,7.4938011064698085,675.7306834662336,117.38030811846424,0.9628007822252999,0.10459956136073105,0.10185861479508274,0.0003946258678207703,0.004478585699202096,0.6559947697147279,107.0,66.0,0.616822429906542,0.0,0.0,1.1798648111805163,7.512676422530437,675.7306834662336,False,False,0.0,0.0,False,0.0,0,0,0,True
497,100,0.0,96.24403145285656,113.18725309011229,113.1625339280716,105.88748983570245,9.631920919456858,0.0,0.0,0.03071927930018475,7.47241372930096,676.944804284339,117.35558895642355,0.9628500562349791,0.10465392919675506,0.10188354096742255,0.0007632032659979573,0.0028766947693536224,0.6551947782296007,107.0,66.0,0.616822429906542,0.0,0.0,1.1798648111805163,7.503133008601145,676.944804284339,False,False,0.0,0.0,False,0.0,0,0,0,True
498,100,0.0,96.2454752952063,113.17469133651475,113.1625339280716,105.88198895751239,9.631920919456858,0.0,0.0,0.03581084582367998,7.450527035089562,678.1536522277146,117.34343154798034,0.9628910155777657,0.10470371361650152,0.1018602484183065,0.0017936940712841,0.0015539609042415207,0.6544263151387034,106.0,65.0,0.6132075471698113,0.0,0.0,1.1798648111805163,7.486337880913242,678.1536522277146,False,False,0.0,0.0,False,0.0,0,0,0,True
499,99,0.010000000000000009,95.28333260891245,112.26194026476665,112.11475368645814,105.03577709791041,9.53560171026229,0.2154529238792772,0.0,0.037782201877263756,7.439859555781442,679.5919395313812,117.19624496967182,0.9629187775687951,0.104743125211576,0.10179038120432375,0.0028933766154476664,0.007128468344942888,0.6518256568810685,106.0,65.0,0.6132075471698113,0.0,0.0,1.1798648111805163,7.477641757658706,679.5919395313812,False,False,0.0,0.0,False,0.0,0,0,0,True
