,Employment,UnemploymentRate,WageBill,Output,Production,Consumption,Transfers,UnemploymentTransfers,HH_Deposit,HH_Debt,Firm_Debt,Firm_Cash,Inventories,AvgPrice,AvgMarkup,PriceDispersion,InventoryGap,SalesForecastError,InventoryTurnover,CreditRequests,CreditRejections,CreditRejectionRate,FirmDowntimeShare,ReentryCount,Bank_Equity,Bank_Loans,Bank_Deposits,BankFailed,BankResolved,BankResolutionAmount,BankResolutionHaircut,BankBailedOut,BankBailoutAmount,Defaults,DefaultsHH,DefaultsFirm,BalanceOK
0,100,0.0,107.4895250908917,105.98089799228255,105.98089799228255,236.4930181989842,10.748952509089175,0.0,3.360610212945577,18.09401270960528,43.239251000021966,108.79707700480326,0.0,1.1159373796376268,0.11581372892647765,0.03919601742779217,-1.0,0.6359465578315178,2.0,92.0,0.0,0.0,0.0,0.0,50.0,61.333263709627246,112.15768721774883,False,False,0.0,0.0,False,0.0,0,0,0,True
1,100,0.0,107.4895250908917,103.91469143348534,105.98089799228255,154.1634522243339,10.748952509089175,0.0,0.005983187002444712,51.537225139036934,44.796216435116946,109.52859542646911,2.0662065587972,1.1301025236310838,0.12718860058128123,0.04403513678110421,-0.9847467659559765,0.3267653197368131,1.945440738569053,111.0,0.0,0.0,0.0,0.0,50.0,96.33344157415388,109.53457861347155,False,False,0.0,0.0,False,0.0,0,0,0,True
2,100,0.0,107.4895250908917,102.21243571977688,105.98089799228255,149.7418572616929,10.748952509089175,0.0,0.0,85.71665865980313,47.531864793878285,110.83860195543342,5.8346688313028725,1.1429371373515615,0.13971804365687077,0.047190801706522296,-0.9594997290660269,0.1833149235170233,1.8687249495495777,111.0,0.0,0.0,0.0,0.0,50.0,133.2485234536814,110.83860195543342,False,False,0.0,0.0,False,0.0,0,0,0,True
3,100,0.0,107.4895250908917,102.05845818603335,105.98089799228255,151.33573709193973,10.748952509089175,0.0,0.0,123.2748957554544,51.974029861167715,114.88772092056949,9.757108637552074,1.1551929542040074,0.15169617075370406,0.05007208959819924,-0.9347736886670587,0.11687006969856825,1.8124480938133396,111.0,0.0,0.0,0.0,0.0,50.034590255016795,175.2489256166221,114.88772092056949,False,False,0.0,0.0,False,0.0,0,0,0,True
4,100,0.0,107.4895250908917,101.81595942946343,105.98089799228255,152.30950417334125,10.748952509089175,0.0,0.0,163.76155445518086,56.65770275614875,119.93154367403501,13.922047200371189,1.1669133156629574,0.16316428638608296,0.05270245963158163,-0.9090648042621268,0.07496219634731453,1.765834463941156,110.0,0.0,0.0,0.0,0.0,50.21442968401422,220.4192572113296,119.93154367403501,False,False,0.0,0.0,False,0.0,0,0,0,True
5,100,0.0,107.4895250908917,100.48401312179182,105.98089799228255,148.34873835913973,10.748952509089175,0.0,0.0,202.3945065813681,62.89359691195731,125.89730780240644,19.41893207086192,1.1781060908926777,0.1741316173295941,0.05508138841828616,-0.8739493861023654,0.03845568487914046,1.7105523281511423,107.0,0.0,0.0,0.0,0.0,50.529980824084966,265.2881034933254,125.89730780240644,False,False,0.0,0.0,False,0.0,0,0,0,True
6,100,0.0,107.09234539284404,96.71565509076333,105.98089799228255,134.95754773803253,10.748952509089175,0.0,0.0,230.04403402168717,71.05857372636322,130.79745419325502,28.684174972381136,1.188710060986633,0.1845476619506314,0.057127816168809326,-0.8096671284055175,0.04621143909842744,1.6227414309086257,94.0,0.0,0.0,0.0,0.0,51.043093218021525,301.1026077480504,130.79745419325502,False,False,0.0,0.0,False,0.0,0,0,0,True
7,97,0.030000000000000027,102.50827966018798,92.06430316164422,103.27283078804591,121.17505992551713,10.4264839338165,0.3073374292403373,0.0,249.94924312221696,78.2519388004224,135.18211369168782,39.89270259878282,1.1984490604488112,0.19416126560801608,0.058651785108031304,-0.7246641673477027,0.07041857382601863,1.5151862411151527,85.0,0.0,0.0,0.0,0.0,51.88040783765935,328.20118192263936,135.18211369168782,False,False,0.0,0.0,False,0.0,0,0,0,True
8,88,0.12,102.1025382939456,89.54709556953992,105.46718677357201,113.59186165358344,10.641462983998284,0.1024458097467791,0.0,263.70284061382796,43.31028269355528,131.69972963689048,35.40881164993296,1.2071142346680073,0.20275726138479575,0.05979500707343349,-0.5981801630389854,0.07373844588300732,1.4292920594850564,75.0,0.0,0.0,0.1,0.0,25.751182884124717,307.01312330738324,131.69972963689048,False,False,0.0,0.0,False,0.0,1,0,1,True
9,93,0.06999999999999995,86.36631971653333,66.25439187663613,100.6744829526297,87.37196959639239,9.996525833452933,0.7171206682274537,0.0,267.7188094895095,40.845228907332846,118.0503263109214,69.82890272592654,1.2154273193909735,0.2108862515419247,0.062173331122871475,-0.44882942660081715,0.2915554615832127,0.8873335875736705,54.0,54.0,1.0,0.1,0.0,25.751182884124717,308.56403839684236,118.0503263109214,False,False,0.0,0.0,False,0.0,0,0,0,True
10,89,0.10999999999999999,74.95791158458243,63.58185456213236,95.52823631571442,77.08624490239781,9.566567733089364,1.1269039072145701,0.0,273.08664092917445,38.657494349582706,116.0064234203303,101.7752844795086,1.2197166301498343,0.2151146282109193,0.06361701386627623,-0.09988861197206857,0.25046556151632904,0.7156746246187806,50.0,50.0,1.0,0.0,1.0,25.751182884124717,311.74413527875714,116.0064234203303,False,False,0.0,0.0,False,0.0,0,0,0,True
11,91,0.08999999999999997,81.54942344233501,68.50607457089117,97.84447884791375,83.02768426199448,9.78154678327115,0.9220122877210118,0.0,245.40805360959072,36.28207609029346,110.27223735161036,131.1136887565312,1.21952158911995,0.21496953954657316,0.0647440919737423,0.23199258248820306,0.12532579390117318,0.5153744166545512,46.0,46.0,1.0,0.0,0.0,6.151811795389237,281.6901296998842,110.27223735161036,False,False,0.0,0.0,False,0.0,10,10,0,True
12,88,0.12,88.38136838885436,74.49410488866728,95.35797934315012,89.93584420873137,9.459078207998473,1.2293497169613492,0.0,245.67053334476648,33.69074496402459,105.50907958153269,151.97756321101406,1.2150221697015093,0.21063177202998817,0.06536647689822674,0.4362545370195325,0.01525288687275718,0.441949119896268,54.0,54.0,1.0,0.0,0.0,4.126564231354569,279.36127830879104,105.50907958153269,False,False,0.0,0.0,False,0.0,1,1,0,True
13,78,0.21999999999999997,81.05233132655815,69.41177534073263,84.61079015305874,83.28944372932952,8.384182957089555,2.2538078144291402,0.0,250.0551597340587,31.27764852494698,99.68837779679686,167.17657802334017,1.2080176267739884,0.20374498172503452,0.06659918796293916,0.613762763622404,0.07558539638614889,0.3738206964206292,49.0,49.0,1.0,0.0,0.0,4.126564231354569,281.3328082590057,99.68837779679686,False,False,0.0,0.0,False,0.0,0,0,0,True
14,68,0.31999999999999995,71.89669997455833,63.01772237299922,73.55095622024386,75.01239045355912,7.309287706180638,3.278265911896931,0.0,248.6274218156382,29.09269669869332,89.88924624346961,177.7098118705848,1.1989758810571955,0.1947714805706606,0.06852884727930676,0.7919828764265372,0.14088709746091296,0.32254452179152315,46.0,46.0,1.0,0.0,0.0,5.393354774608177,277.72011851433155,89.88924624346961,False,True,5.448532516161905,0.05714977406699299,False,0.0,2,2,0,True
15,63,0.37,63.5388646096941,57.23039125027609,67.74149397137111,67.45423724268187,6.771840080726182,3.7904949606308267,0.0,247.6716232251672,27.66037072675502,87.75024332561075,188.22091459167981,1.187938487856048,0.18378975719142712,0.07069685510759637,1.0139394262029866,0.18433058521189388,0.2802411667541521,45.0,45.0,1.0,0.0,0.0,1.044418473952605,275.3319939519222,87.75024332561075,False,False,0.0,0.0,False,0.0,2,2,0,True
16,63,0.37,62.96082002747277,57.51134113407888,67.74149397137111,66.96198159752991,6.771840080726182,3.7904949606308267,0.0,246.64598076447047,26.27129012408929,78.31807556607421,198.45106742897207,1.1743210852312544,0.17027874560901407,0.07277236711999394,1.2133400338676985,0.13076576690006703,0.26604377742725555,48.0,48.0,1.0,0.0,0.0,4.699084533964452,272.91727088855976,78.31807556607421,False,True,8.067136298564984,0.09338561687162077,False,0.0,2,2,0,True
17,61,0.39,59.92273021425901,55.93452051117443,65.83320852395681,64.20021664436186,6.556861030544399,3.995386580124385,0.0,242.13496486282054,24.92881492991873,72.62569172391434,208.3497554417544,1.1584763019082,0.1545842857004595,0.07462395069988824,1.4101251414542246,0.11919469602205386,0.24674115680277522,55.0,55.0,1.0,0.0,0.0,4.3575415034348595,267.0637797927393,72.62569172391434,False,True,6.30197195734836,0.07984490688585325,False,0.0,3,3,0,True
18,55,0.44999999999999996,55.05920953652129,53.03459777921709,59.31820038954394,59.9546792881805,5.911923879999044,4.610061438605059,0.0,234.42221071680407,23.67185404906726,65.15611539832136,214.6333580520813,1.141849584793058,0.13801364159560764,0.07613013921002855,1.5863274609435867,0.13323280793823442,0.22830995492934378,52.0,52.0,1.0,0.0,0.0,3.909366923899281,258.09406476587134,65.15611539832136,False,True,8.364469836428905,0.1137704468717334,False,0.0,4,4,0,True
19,53,0.47,51.160080476842296,50.79088476047067,56.9776642854254,56.61837811634817,5.6969448298172605,4.8149530580986175,0.0,223.03348762835742,22.48773074483637,57.430674529647355,220.820137577036,1.126380270068673,0.1224442217084351,0.07649336331333778,1.7789622074184603,0.13433008471282865,0.21318297402394784,58.0,58.0,1.0,0.0,0.0,3.4458404717788405,245.5212183731938,57.430674529647355,False,True,10.65761022332115,0.1565263431438769,False,0.0,5,5,0,True
20,53,0.47,47.13003986978975,48.32753637880888,56.9776642854254,53.15210973393217,5.6969448298172605,4.8149530580986175,0.0,212.2315433261486,21.383372448449855,50.912851514144165,229.4702654836525,1.1113564237329516,0.10721946545666072,0.07572068920661926,2.024402336532558,0.14034468308568926,0.19631688385240792,61.0,61.0,1.0,0.0,0.0,3.0547710908486483,233.61491577459844,50.912851514144165,False,True,10.360639332350193,0.16908844574085427,False,0.0,4,4,0,True
21,52,0.48,44.38981461092714,46.73184258668734,56.07497521734653,50.7014742001568,5.5894553047263695,4.917398867845397,0.0,166.7060262232511,20.3406388043863,25.2229454005523,238.81339811431167,1.0962299248020038,0.09177509910254167,0.07473588854318068,2.283296373852841,0.13046749264897486,0.18383646600465148,63.0,63.0,1.0,0.0,0.0,1.5133767240331366,187.04666502763737,25.2229454005523,False,True,29.883936807849057,0.542290465550836,False,0.0,13,13,0,True
22,48,0.52,24.101782578762595,30.206469297334124,51.93453882655879,32.31643532243265,5.159497204362804,5.327182106832513,0.0,107.59367162380103,19.684437722111774,0.0,260.54146764353635,1.081412553850068,0.0764077068617293,0.07575986304696586,3.1185260389441014,0.4141717592019436,0.11288247170801953,78.0,78.0,1.0,0.0,0.0,1.0,127.27810934591281,0.0,False,True,31.83674693383201,1.0,True,6.444939966627416,17,17,0,True
23,43,0.5700000000000001,0.0,9.587176751627542,46.21383459947969,10.075308699586897,4.622049578908345,5.839411155566409,0.0,57.941644417217375,20.508111170137646,0.0,297.16812549138854,1.0638650911788978,0.05789626732534479,0.08040967989364736,5.24258273868626,0.7865877505575851,0.03265213906167414,93.0,93.0,1.0,0.0,0.0,1.0,78.44975558735501,0.0,False,True,9.874539090772082,1.0,True,23.04470371648597,16,16,0,True
24,32,0.6799999999999999,0.0,9.810036434304157,34.444408534198566,10.128855285334888,3.4396648029085366,6.9663150627809785,0.0,52.328740286989486,21.37737276491039,5.584957408607486,321.80249759128293,1.0479390344764812,0.040864222764512334,0.0874763837801972,7.70792234466641,0.7108064374205929,0.030845481721690778,108.0,108.0,1.0,0.0,0.0,0.33509744451644874,73.70611305189988,5.584957408607486,False,True,4.345849732011662,0.4376129422790014,False,0.0,2,2,0,True
25,20,0.8,4.780933264363096,14.622825384631717,24.686175227588265,14.899899730971997,2.47225907709051,7.88832735050199,0.0,43.52911393671044,7.525531045568585,0.0,286.6623669087316,1.0366981383200744,0.02884270056243632,0.09327777011394568,9.46824547773319,0.4466565739674958,0.04442418105532825,109.0,109.0,1.0,0.1,0.0,1.0,51.05464498227902,0.0,False,True,13.29607357180507,1.0,True,1.5943161570747968,4,3,1,True
26,18,0.8200000000000001,0.0,9.128515776254146,19.462962669488096,10.145977080801797,1.934811451636051,8.400556399235885,0.0,39.50010194642931,7.821928026372291,6.05703704837837,296.9968138019655,1.03038198058151,0.021911523921394706,0.09807552265413313,10.436732307718625,0.5980126931754847,0.027745804835066702,108.0,108.0,1.0,0.1,0.0,0.363422222902702,47.3220299728016,6.05703704837837,False,True,3.0264341420180654,0.33318035347740016,False,0.0,2,2,0,True
27,20,0.8,8.10476552362686,18.20685521825055,21.65731865501421,18.289093975992575,2.1497905018178347,8.195664779742328,0.0,36.91937218839938,7.651131631128988,15.118111055925526,300.44727723872916,1.0263351375826442,0.017414312726622905,0.10204133837649004,10.69649347928174,0.07062803426569993,0.11813052852197523,111.0,111.0,1.0,0.0,1.0,0.907086663355531,44.57050381952837,15.118111055925526,False,True,3.0001865248237447,0.16558876524974675,False,0.0,1,1,0,True
28,18,0.8200000000000001,14.752480195883832,24.946000578262083,19.731807790515305,24.941695337640013,1.934811451636051,8.400556399235885,0.0,29.716765655882238,7.41924624392165,19.227200564173444,295.2330844509824,1.023009257964613,0.01378914088298402,0.10481773755476201,9.397588826581659,0.34875204013564465,0.15258397510021096,108.0,108.0,1.0,0.0,0.0,1.153632033850406,37.13601189980389,19.227200564173444,False,True,5.5663935560095394,0.22450934418896012,False,0.0,2,2,0,True
29,21,0.79,18.916249328301042,29.12648052071143,22.560007723093086,29.02854957731946,2.2572800269087265,8.093218969995549,0.05071951671904372,22.062157793277873,7.150133278821908,23.119587038879715,288.66661165336404,1.0209232119357827,0.01148150144041844,0.10699781326884772,8.045657171913211,0.4170317563888486,0.1540962997725728,105.0,105.0,1.0,0.0,0.0,1.3902183933359247,29.21229107209978,23.17030655559876,False,True,5.652222218415667,0.19610431349491966,False,0.0,2,2,0,True
30,21,0.79,20.34411380068444,30.71887626920021,22.560007723093086,30.54413827881544,2.2572800269087265,8.093218969995549,0.037281973099255794,19.262051301744656,6.867566499008754,29.118431610045757,280.50774310725694,1.0193929682145275,0.009797143949553644,0.10854494170144577,7.033695743363644,0.3202889139017123,0.15237416005722143,101.0,101.0,1.0,0.0,0.0,1.749342814988701,26.129617800753408,29.155713583145012,False,True,2.631275635077285,0.08277838511263823,False,0.0,1,1,0,True
31,24,0.76,25.63105136660774,36.07039834433997,26.241858456073896,35.80402452335748,2.579748602181402,7.785881540755211,0.14063135243861336,20.174741669233057,6.536861677174257,37.37368980330018,270.6792032189909,1.0182534697681385,0.008551221426124722,0.10961517374035096,5.889298652095728,0.4079023167656747,0.19550893217405343,101.0,101.0,1.0,0.0,0.0,1.749342814988701,26.711603346407315,37.51432115573879,False,False,0.0,0.0,False,0.0,0,0,0,True
32,29,0.71,29.723605581223342,40.2939653836622,31.52798582766268,39.96087613406808,3.117196227635861,7.2736524920213155,0.1047191258261233,21.033924375934745,6.167928492014664,44.87597062787818,261.91322366299136,1.0179676879082329,0.008169800224152524,0.11075359657032632,4.953661201025274,0.3937132055564639,0.19752502287673102,95.0,95.0,1.0,0.0,0.0,1.749342814988701,27.20185286794941,44.980689753704304,False,False,0.0,0.0,False,0.0,0,0,0,True
33,28,0.72,29.89333930661366,40.522941895719256,30.495637476461017,40.160661032714515,3.0097067025449693,7.376098301768095,0.033930133223742345,21.938574210888195,5.7973009631316135,52.08467401078146,251.88591924373313,1.0177031438017128,0.007840239280953143,0.11153438792037991,4.327349035952542,0.24728018022654083,0.20524999818462414,94.0,94.0,1.0,0.0,0.0,1.749342814988701,27.73587517401981,52.118604144005204,False,False,0.0,0.0,False,0.0,0,0,0,True
34,34,0.6599999999999999,35.643951755568565,46.22623615095639,36.9174653680615,45.79637078485233,3.654643853090319,6.761423443287421,0.10323644505975957,22.88579044666532,5.374674449159261,58.91205178598614,242.5771484608382,1.01772372791492,0.007806727759398257,0.11226364373403351,3.683545475640011,0.3200660919416646,0.22548081265908176,93.0,93.0,1.0,0.0,0.0,1.749342814988701,28.260464895824583,59.01528823104589,False,False,0.0,0.0,False,0.0,0,0,0,True
35,37,0.63,39.49232726758932,50.14139300714969,40.253870783071314,49.663558364741476,3.977112428362994,6.454086014047083,0.14413287218264847,11.76532799405301,4.916340747943842,56.206021475271996,232.6896262367599,1.0177883198597253,0.00783115641166363,0.11283358702727235,3.121153391730402,0.3010978652615585,0.24479396930144032,92.0,92.0,1.0,0.0,0.0,3.3810092608472786,16.68166874199685,56.35015434745464,False,True,8.90049704493036,0.13640472324800546,False,0.0,3,3,0,True
36,40,0.6,42.95938442926959,59.23030698434749,43.68876128831892,58.65979443623992,4.299581003635669,6.146748584806746,0.29400612075160437,17.780930698637725,6.177498232200734,68.91447409087594,217.1480805407313,1.0179474842427372,0.007957477286177817,0.11334331872968838,2.4261893073065943,0.40421658193369775,0.30033636326609525,96.0,36.0,0.375,0.0,0.0,3.3810092608472786,23.95842893083846,69.20848021162755,False,False,0.0,0.0,False,0.0,0,0,0,True
37,46,0.54,47.82019167508864,57.89559950274644,50.25419723884257,57.34420136535856,4.94451815418102,5.532073726326071,0.28752632834477937,17.745874855326417,5.59545442280765,73.51183452769195,209.5066782768274,1.018393707524395,0.008367303182558383,0.11401524049513236,2.1032183037351992,0.21805359336509192,0.2832761777864921,96.0,58.0,0.6041666666666666,0.0,0.0,3.3810092608472786,23.34132927813407,73.79936085603673,False,False,0.0,0.0,False,0.0,0,0,0,True
38,47,0.53,50.520076792719124,61.65583080435679,51.205317096774145,61.06545659849206,5.052007679271911,5.4296279165792924,0.18543823667512738,18.629945776962018,4.806714892203661,78.43917143853761,199.05616456924474,1.0184828265779056,0.008439671327609343,0.11429222366752512,1.7756126886625379,0.21412708472930272,0.31582963297343214,95.0,52.0,0.5473684210526316,0.0,0.0,3.3810092608472786,23.43666066916568,78.62460967521274,False,False,0.0,0.0,False,0.0,0,0,0,True
39,51,0.49,54.18648136080621,64.49071208273531,55.616924807375156,63.8782702470993,5.481965779635479,5.019844677592176,0.21359698099168878,14.322118200836094,4.607544338133305,83.14694197978521,190.18237729388457,1.0187630853027452,0.00869950346026811,0.11469795370418748,1.5145525931171524,0.1899611456756333,0.33690830648692865,97.0,57.0,0.5876288659793815,0.0,0.0,0.6840472516114531,18.9296625389694,83.3605389607769,False,False,0.0,0.0,False,0.0,1,1,0,True
40,54,0.45999999999999996,56.216926115706954,66.72682011891231,58.88842268721852,66.09945327456155,5.804434354908155,4.712507248351838,0.17107742968588752,14.38993827195294,3.85527617056102,87.65453519455664,182.3439798621908,1.0190397450700892,0.008958624776837709,0.1150678807565306,1.3071964692378986,0.16192730205707967,0.3517298784430614,99.0,99.0,1.0,0.0,0.0,0.6840472516114531,18.24521444251396,87.82561262424254,False,False,0.0,0.0,False,0.0,0,0,0,True
41,56,0.43999999999999995,60.12935224415838,70.68858771544758,61.38262434829715,70.03455345088145,6.019413405089937,4.5076156288582805,0.18195369107489998,14.527494822248357,3.2078466073016756,91.86528720248802,173.03801649504038,1.0191988124246831,0.009121742317800052,0.1151037854120618,1.080763228773589,0.1715583232772692,0.3847849995664073,98.0,98.0,1.0,0.0,0.0,0.6840472516114531,17.735341429550033,92.04724089356291,False,False,0.0,0.0,False,0.0,0,0,0,True
42,59,0.41000000000000003,63.41881980362613,73.91640133685203,64.34280976278377,73.26332990189549,6.341881980362613,4.200278199617943,0.19239827382394803,14.596017453718186,2.530197890046649,94.93165662066176,163.46442492097214,1.0195688147351805,0.009510573549021451,0.11505248476817954,0.8818726101749398,0.16274125513214882,0.41997123094489186,96.0,96.0,1.0,0.0,0.0,0.6840472516114531,17.126215343764834,95.12405489448571,False,False,0.0,0.0,False,0.0,0,0,0,True
43,65,0.35,69.17817596675411,79.30438569582856,71.0385623158694,78.68412609923372,6.986819130907962,3.5856033411372685,0.2067678505256408,14.303272870356128,1.8015222484094076,98.0117195763392,155.19860154101298,1.0203696606725146,0.010368744720268696,0.1147350291968701,0.6950951068143925,0.18740676469692713,0.46019222877807886,99.0,99.0,1.0,0.0,0.0,0.6840472516114531,16.104795118765537,98.21848742686484,False,False,0.0,0.0,False,0.0,0,0,0,True
44,69,0.31000000000000005,74.1677723127153,84.05192708477745,75.79571313911383,83.53387547616528,7.41677723127153,3.1758201021501518,0.21977640677078683,13.833979183381238,1.0264709385784614,100.36153695754061,146.94238759534935,1.0215820131797542,0.011684148468405885,0.11398960574871415,0.5123612198705493,0.18948697160181643,0.4982955693442414,97.0,97.0,1.0,0.0,0.0,0.6840472516114531,14.8604501219597,100.5813133643114,False,False,0.0,0.0,False,0.0,0,0,0,True
45,75,0.25,79.11795766635292,88.75095987861202,82.6489705400824,88.42580652082243,8.06171438181688,2.5611452436694773,0.2173678375921323,8.766936271424418,0.20360255435709007,95.9529564879341,140.84039825681975,1.0235070030512214,0.013742914180584176,0.11291629887671326,0.358931509087124,0.18661059780040773,0.5243003576012191,100.0,100.0,1.0,0.0,0.0,5.770219459531575,8.970538825781508,96.17032432552624,False,True,7.7784044449624785,0.07482924069361765,False,0.0,1,1,0,True
46,86,0.14,92.44099157816689,122.520953804463,94.52920821793408,122.41687735187585,9.24409915781669,1.4342413364549074,0.6723737271751872,28.975723764242222,5.312372019891503,121.79348861690265,112.84865267029083,1.0256958490015433,0.016074063676409824,0.11166756681588019,-0.06914187632293015,0.549064170634988,0.7614954402622618,105.0,0.0,0.0,0.0,0.0,5.770219459531575,34.28809578413372,122.46586234407783,False,False,0.0,0.0,False,0.0,0,0,0,True
47,100,0.0,106.29021163453268,110.85622824703538,109.52533311406056,111.36300480940679,10.748952509089174,0.0,0.8483505723409844,24.982004107337776,6.2689913662077785,118.3863049240829,111.51775753731599,1.0303363364132874,0.020904890536915043,0.11023405419789789,-0.13727953437086676,0.19749339050548412,0.706675911161205,95.0,46.0,0.4842105263157895,0.0,0.0,5.770219459531575,31.250995473545554,119.2346554964239,False,False,0.0,0.0,False,0.0,0,0,0,True
48,100,0.0,105.58205452879989,109.87343149577946,109.52533311406056,110.95162256674392,10.748952509089174,0.0,0.39825231874438694,20.450334562511447,11.695419697245923,120.46599207366754,111.16965915559709,1.0348294213987888,0.025575225956182446,0.10881516978843238,-0.17539847707139639,0.11902389814030775,0.7041435122893673,101.0,54.0,0.5346534653465347,0.0,0.0,5.770219459531575,32.14575425975737,120.86424439241192,False,False,0.0,0.0,False,0.0,0,0,0,True
49,95,0.050000000000000044,101.10477188663722,108.32005177377559,103.80074147478088,109.94601065321082,10.211504883634715,0.5122290487338955,0.05238448061969159,19.284258676606022,14.136234638748395,122.76897793726047,106.65034885660238,1.0392684731737503,0.03018742473906084,0.10730363531443425,-0.22697733473390466,0.06474568803225844,0.7185637930461697,104.0,49.0,0.47115384615384615,0.0,0.0,5.770219459531575,33.42049331535442,122.82136241788017,False,False,0.0,0.0,False,0.0,0,0,0,True
50,100,0.0,105.6844143345159,110.54396718286911,108.85285824059359,112.79975194746507,10.748952509089174,0.0,0.0,16.60156004706591,16.912387733007186,123.94292873322173,104.95923991432684,1.0438868712248845,0.03498882978095459,0.10572278841154117,-0.2538434128043193,0.06619628425605059,0.7447447482335673,108.0,59.0,0.5462962962962963,0.0,0.0,5.770219459531575,33.513947780073096,123.94292873322173,False,False,0.0,0.0,False,0.0,0,0,0,True
51,99,0.010000000000000009,104.84984686212034,110.83994014562359,107.95016917251472,113.70973424957948,10.641462983998283,0.1024458097467791,0.0,15.581538576314784,19.485101472602974,126.47913886314797,102.06946894121798,1.0486068326491336,0.039899130912572175,0.1041298393617753,-0.2877178488406406,0.048474456823858675,0.7738474563361103,107.0,58.0,0.5420560747663551,0.0,0.0,5.770219459531575,35.06664004891776,126.47913886314797,False,False,0.0,0.0,False,0.0,0,0,0,True
52,99,0.010000000000000009,104.69433789134378,110.46159111741389,107.88526163734828,113.94726769983511,10.641462983998283,0.1024458097467791,0.0,14.901474245304446,21.246547445733206,128.76468144711194,99.49313946115232,1.0536476606744816,0.04510105781769751,0.10285175707209739,-0.3128421571272142,0.031735600961684096,0.7992208968531139,107.0,61.0,0.5700934579439252,0.0,0.0,5.770219459531575,36.148021691037656,128.76468144711194,False,False,0.0,0.0,False,0.0,0,0,0,True
53,98,0.020000000000000018,104.34618268055809,110.27950018989542,106.89091306223672,114.40268576200413,10.533973458907388,0.2048916194935582,0.0,14.994634112006601,21.35333852535171,130.0538163430828,96.10455233349363,1.0589582510206283,0.05054401744388946,0.10177678688370592,-0.34333366332219734,0.026496675511967265,0.8291577156887273,107.0,58.0,0.5420560747663551,0.0,0.0,5.770219459531575,36.34797263735831,130.0538163430828,False,False,0.0,0.0,False,0.0,0,0,0,True
54,99,0.010000000000000009,105.51077041659977,111.01869750558792,107.76685015844934,115.83470506938832,10.641462983998283,0.1024458097467791,0.0,15.355030181404594,21.1788255512835,131.1662052663384,92.85270498635506,1.0645730399800595,0.056252753869096096,0.10106100281612726,-0.3722924248723075,0.02697687003774501,0.866302639466943,106.0,58.0,0.5471698113207547,0.0,0.0,5.770219459531575,36.533855732688096,131.1662052663384,False,False,0.0,0.0,False,0.0,0,0,0,True
55,98,0.020000000000000018,104.64555049551616,109.95368136142238,106.89091306223672,115.42371854656314,10.533973458907388,0.2048916194935582,0.0,16.19345956441545,20.571091137034475,132.30217999662696,89.78993668716942,1.0704433090710535,0.062196198444310236,0.10066467324531352,-0.3984235044127423,0.020246476556859225,0.8907581645501089,105.0,57.0,0.5428571428571428,0.0,0.0,5.770219459531575,36.76455070144992,132.30217999662696,False,False,0.0,0.0,False,0.0,0,0,0,True
56,99,0.010000000000000009,105.56984347060404,109.4154406757297,107.76685015844934,115.56019299022941,10.641462983998283,0.1024458097467791,0.0,11.976936542560775,19.779606086396324,132.77844241454386,88.14134616988906,1.076541337671186,0.06832828636352754,0.1006754460633122,-0.41345483874681077,0.020245928593265385,0.9092832780198735,106.0,60.0,0.5660377358490566,0.0,0.0,3.186784586570707,31.7565426289571,132.77844241454386,False,False,0.0,0.0,False,0.0,1,1,0,True
57,99,0.010000000000000009,103.47191983965452,106.6918018855511,107.89650944157215,113.29119580216994,10.641462983998283,0.1024458097467791,0.0,11.675622988033913,15.300454994845477,132.67414883903632,89.3460537259101,1.0827034815708845,0.07450443486881923,0.10103195276899704,-0.4062840552678574,0.027225995679386404,0.8967852064201512,108.0,108.0,1.0,0.0,0.0,3.186784586570707,26.97607798287939,132.67414883903632,False,False,0.0,0.0,False,0.0,0,0,0,True
58,98,0.020000000000000018,102.74775794592207,105.54144176530377,106.76125377911394,112.67539271544676,10.533973458907388,0.2048916194935582,0.0,11.47203060477374,10.828920178407257,132.02800714659745,90.56586573972024,1.0885910445820532,0.08037763590176131,0.1017750443801501,-0.3981321429886651,0.02992312942261057,0.8860386462775013,107.0,107.0,1.0,0.0,0.0,3.186784586570707,22.300950783180998,132.02800714659745,False,False,0.0,0.0,False,0.0,0,0,0,True
59,99,0.010000000000000009,104.66278699935538,106.80861174718798,108.01148418739648,114.59821249923678,10.641462983998283,0.1024458097467791,0.0,11.260589617469035,7.986782621466013,133.17822177197525,91.7687381799287,1.0941857164955953,0.08593988367011518,0.10281235547370939,-0.395775983328052,0.02182186369782709,0.8966554487072314,108.0,69.0,0.6388888888888888,0.0,0.0,3.186784586570707,19.24737223893505,133.17822177197525,False,False,0.0,0.0,False,0.0,0,0,0,True
60,100,0.0,106.74251472801436,107.882189696211,108.91417325547538,116.84734023652928,10.748952509089174,0.0,0.0,11.202500837158082,7.941599611154613,133.63051956072803,92.80072173919307,1.0996207042833084,0.09130069826898779,0.10431899017292218,-0.39332790274968,0.030356974154253896,0.8923881361982475,107.0,62.0,0.5794392523364486,0.0,0.0,3.186784586570707,19.144100448312695,133.63051956072803,False,False,0.0,0.0,False,0.0,0,0,0,True
61,99,0.010000000000000009,106.23497668800508,107.8270030000611,108.01148418739648,117.27837797297944,10.641462983998283,0.1024458097467791,0.0,12.085008416950876,7.388164583996232,133.84395050685404,92.98520292652842,1.1049276907984615,0.09652070071021457,0.10597978720368567,-0.39787929367034636,0.026283908312600524,0.8811161051555334,106.0,58.0,0.5471698113207547,0.0,0.0,3.186784586570707,19.473173000947106,133.84395050685404,False,False,0.0,0.0,False,0.0,0,0,0,True
62,100,0.0,107.0761958256767,107.58286481435383,108.91417325547538,117.36649468111456,10.748952509089174,0.0,0.0,12.255298456758497,7.1946599572108365,134.32324033679905,94.31651136764995,1.110197768450875,0.10167677795299704,0.10787571560617393,-0.39136498814726733,0.02056927002866953,0.8656460325068481,106.0,61.0,0.5754716981132075,0.0,0.0,3.186784586570707,19.449958413969334,134.32324033679905,False,False,0.0,0.0,False,0.0,0,0,0,True
63,100,0.0,106.93833113390602,107.12076186690886,108.91417325547538,117.18093737381274,10.748952509089174,0.0,0.0,12.386758336310194,6.8041123123641665,134.91034031784122,96.10992275621643,1.115290984292297,0.10664392569813093,0.10986767310795999,-0.3807167091551165,0.017190635872222276,0.8492539421789014,107.0,61.0,0.5700934579439252,0.0,0.0,3.186784586570707,19.190870648674363,134.91034031784122,False,False,0.0,0.0,False,0.0,0,0,0,True
64,100,0.0,106.78021737478467,106.67556277903839,108.91417325547538,116.98636952761753,10.748952509089174,0.0,0.0,12.488605734464622,6.6598709258392415,135.85290341944068,98.34853323265342,1.1201586085262636,0.11137179518366971,0.11196244881665009,-0.3663899786801711,0.015258210422554791,0.833274454329106,106.0,61.0,0.5754716981132075,0.0,0.0,3.186784586570707,19.148476660303864,135.85290341944068,False,False,0.0,0.0,False,0.0,0,0,0,True
65,100,0.0,106.74262700833879,106.23776277790047,108.91417325547538,116.87526739409333,10.748952509089174,0.0,0.0,12.52224184002568,6.576174568624867,136.93016878610914,101.02494371022833,1.1247655586090837,0.1158241793761741,0.11416402025880464,-0.3483768807934987,0.015561967827596352,0.8126328204278466,105.0,61.0,0.580952380952381,0.0,0.0,3.186784586570707,19.098416408650547,136.93016878610914,False,False,0.0,0.0,False,0.0,0,0,0,True
66,99,0.010000000000000009,106.05698073917041,105.54726510177512,107.79360213031559,116.49390773799857,10.641462983998283,0.1024458097467791,0.0,12.866958807867205,6.186806866588116,137.59896429299408,103.27128073876878,1.1290710336907703,0.11996215818844824,0.11644143384580213,-0.3308182648196877,0.0176825990717605,0.7852688219443389,106.0,59.0,0.5566037735849056,0.0,0.0,3.186784586570707,19.05376567445532,137.59896429299408,False,False,0.0,0.0,False,0.0,0,0,0,True
67,100,0.0,107.13407836327993,106.19745497106321,108.82595048151727,117.56064319918009,10.748952509089174,0.0,0.0,8.73347448907731,5.911193330325805,138.34009553982398,105.89977624922285,1.1330747281851503,0.12379251342085522,0.11868432657672617,-0.3112275535084296,0.014774627996437912,0.7628042826810901,107.0,59.0,0.5514018691588785,0.0,0.0,0.4983432168409938,14.644667819403114,138.34009553982398,False,False,0.0,0.0,False,0.0,1,1,0,True
68,99,0.010000000000000009,105.4331023612697,104.10666706932086,107.79360213031559,115.55872557635092,10.641462983998283,0.1024458097467791,0.0,8.569707725161328,3.9944249475568308,139.4849882310489,109.58671131021755,1.13675202478269,0.12729747132092833,0.12081818362899605,-0.2807251167959014,0.024003428976696554,0.7201855821857903,105.0,105.0,1.0,0.0,0.0,0.49834321684099375,12.56413267271816,139.4849882310489,False,False,0.0,0.0,False,0.0,0,0,0,True
69,100,0.0,106.21767004786722,104.71458088005598,108.79919850965102,116.50106943637797,10.748952509089174,0.0,0.0,8.550150456846271,2.9983548266000057,141.53690518154883,113.67132893981258,1.139934080044286,0.13031437757036504,0.12279046921204395,-0.24939877792594317,0.015582182933771425,0.6898340420503264,105.0,105.0,1.0,0.0,0.0,0.4983432168409938,11.548505283446277,141.53690518154883,False,False,0.0,0.0,False,0.0,0,0,0,True
70,100,0.0,106.40633164594333,104.68449397176607,108.79919850965102,116.69183855871775,10.748952509089174,0.0,0.0,8.531682888053345,1.997904743235553,142.32813401393133,117.78603347769753,1.1426231365292145,0.13285596745897904,0.12454430991591912,-0.21770970654731353,0.013883144023260224,0.6602498485578299,103.0,103.0,1.0,0.0,0.0,0.4983432168409938,10.529587631288898,142.32813401393133,False,False,0.0,0.0,False,0.0,0,0,0,True
71,100,0.0,106.47060800178771,104.57743792859762,108.79919850965102,116.7551341268593,10.748952509089174,0.0,0.0,8.511273418372971,0.9941764133924347,143.07069851295674,122.00779405875092,1.144822364940125,0.13492801914776067,0.12603904013420708,-0.18486711084339225,0.013318561780044081,0.6334122655744191,103.0,103.0,1.0,0.0,0.0,0.4983432168409938,9.505449831765405,143.07069851295674,False,False,0.0,0.0,False,0.0,0,0,0,True
72,100,0.0,106.5205846458404,104.49459294810816,108.79919850965102,116.80423872388506,10.748952509089174,0.0,0.0,8.488929725554597,0.0,143.78793552850843,126.31239962029375,1.146525027074413,0.13652612602019182,0.12724011077773406,-0.1511241718266062,0.013170536750145578,0.6096460781798092,103.0,103.0,1.0,0.0,0.0,0.4983432168409938,8.488929725554597,143.78793552850843,False,False,0.0,0.0,False,0.0,0,0,0,True
73,98,0.020000000000000018,104.43834104291582,102.53381335766268,106.51628627305855,114.71178056882319,10.53397345890739,0.2048916194935582,0.0,8.465296071825106,0.0,145.6771920973262,130.2948725356896,1.1477283854971756,0.1376493633743242,0.12812120809207583,-0.11425684310178233,0.023096161839062775,0.5806751906730263,102.0,102.0,1.0,0.0,0.0,0.4983432168409938,8.465296071825106,145.6771920973262,False,False,0.0,0.0,False,0.0,0,0,0,True
74,99,0.010000000000000009,106.41462983998282,104.24579099530885,107.57538659612646,116.68601468142818,10.641462983998283,0.1024458097467791,0.0,8.433334045007438,0.0,146.74049694506218,133.6244681365072,1.1484147421482482,0.13829044188961148,0.12863238566490287,-0.08662330171010382,0.012374893125234373,0.5707753631590958,101.0,101.0,1.0,0.0,0.0,0.4983432168409938,8.433334045007438,146.74049694506218,False,False,0.0,0.0,False,0.0,0,0,0,True
75,97,0.030000000000000027,104.26483933816499,102.28812180040991,105.42193187192949,114.52699666512284,10.426483933816499,0.3073374292403373,0.0,8.40056852510657,0.0,148.49806380484347,136.75827820802675,1.1487087772180717,0.13857428903563557,0.12873492801966768,-0.055671111721444455,0.018562028564738018,0.5486916917898064,102.0,102.0,1.0,0.0,0.0,0.4983432168409938,8.40056852510657,148.49806380484347,False,False,0.0,0.0,False,0.0,0,0,0,True
76,100,0.0,106.21661135735059,104.05036639974313,108.75502434314427,116.50091358979361,10.748952509089172,0.0,0.0,8.3731115389446,0.0,152.07614454549605,141.4629361514279,1.14857656998322,0.13846701049233154,0.12843523886761693,-0.019486620389208373,0.010112019862121967,0.5389577620695911,104.0,104.0,1.0,0.0,0.0,0.4983432168409938,8.3731115389446,152.07614454549605,False,False,0.0,0.0,False,0.0,0,0,0,True
77,95,0.050000000000000044,102.11504883634716,100.4764532964344,103.40819823347248,112.46522359293375,10.211504883634714,0.5122290487338955,0.0,8.435316701535907,0.0,153.17261734932688,144.39468108846597,1.1479533040223586,0.13791159729705654,0.1275068859454542,0.010485446569056681,0.031217107746052214,0.5169376477368957,102.0,102.0,1.0,0.0,0.0,0.4983432168409938,8.435316701535907,153.17261734932688,False,False,0.0,0.0,False,0.0,0,0,0,True
78,100,0.0,107.48952509089173,105.27795926997102,109.1162739068684,117.76552368958085,10.748952509089174,0.0,0.0,8.401364491318338,0.0,155.34547847444884,148.23299572536337,1.1469613902387568,0.1369946665952172,0.12656077435748092,0.02698965304159857,0.025384336364923644,0.5237370528545698,102.0,102.0,1.0,0.0,0.0,0.4983432168409938,8.401364491318338,155.34547847444884,False,False,0.0,0.0,False,0.0,0,0,0,True
79,97,0.030000000000000027,104.26483933816499,102.46682763802478,105.73610578390783,114.52699666512284,10.426483933816497,0.3073374292403373,0.0,8.366935170410326,0.0,155.8060287713756,151.50227387124642,1.1458121256809144,0.1358913414997549,0.12581915784535574,0.05082534036995344,0.009636955024124287,0.5057258405572517,100.0,100.0,1.0,0.0,0.0,0.4983432168409938,8.366935170410326,155.8060287713756,False,False,0.0,0.0,False,0.0,0,0,0,True
80,95,0.050000000000000044,102.11504883634714,100.69071554449417,103.34329069830605,112.41826534456006,10.211504883634714,0.5122290487338955,0.0,8.381860646040224,0.0,157.48562575432476,154.1548490250583,1.1444007238097493,0.13451423932248902,0.12520607780123474,0.0773038883230264,0.02370034005262621,0.49278291289980025,102.0,102.0,1.0,0.0,0.0,0.4983432168409938,8.381860646040224,157.48562575432476,False,False,0.0,0.0,False,0.0,0,0,0,True
81,94,0.06000000000000005,101.04015358543823,99.92148886339582,102.31094234710439,111.40606318111429,10.104015358543823,0.6146748584806746,0.0,8.465299695452261,0.0,160.4345779728026,156.54430250876683,1.1426787165621757,0.13283614559643353,0.12459755261558417,0.10154162239550997,0.02376718011571769,0.484990829564771,102.0,102.0,1.0,0.0,0.0,0.4983432168409938,8.465299695452261,160.4345779728026,False,False,0.0,0.0,False,0.0,0,0,0,True
82,94,0.06000000000000005,101.04015358543823,100.08519221270208,102.31094234710439,111.40606318111429,10.104015358543823,0.6146748584806746,0.0,8.553081188171355,0.0,163.81379733508373,158.77005264316915,1.1406843173123424,0.1308911936523232,0.12401590074306108,0.12162013154394904,0.014709851295100742,0.4812297666964233,102.0,102.0,1.0,0.0,0.0,0.4983432168409938,8.553081188171355,163.81379733508373,False,False,0.0,0.0,False,0.0,0,0,0,True
83,94,0.06000000000000005,101.04015358543823,100.270533145379,102.31094234710439,111.40606318111429,10.104015358543823,0.6146748584806746,0.0,8.645431119268252,0.0,167.18657341496248,160.8104618448945,1.1384762790528486,0.12873668572829872,0.12347448061276632,0.13812312578656977,0.008213497632314128,0.47812417956858455,102.0,102.0,1.0,0.0,0.0,0.4983432168409938,8.645431119268252,167.18657341496248,False,False,0.0,0.0,False,0.0,0,0,0,True
84,93,0.06999999999999995,99.96525833452932,99.49983462441774,101.0909773681456,110.32644668343653,9.996525833452932,0.7171206682274537,0.0,8.742909713917772,0.0,169.9762836518301,162.40160458862238,1.1361048243803424,0.126421470421285,0.12298431216407021,0.15567038493649227,0.013221432848857184,0.47160212400720364,101.0,101.0,1.0,0.0,0.0,0.4983432168409938,8.742909713917772,169.9762836518301,False,False,0.0,0.0,False,0.0,0,0,0,True
85,93,0.06999999999999995,99.95239860912781,99.70343587856152,101.0909773681456,110.31372984387282,9.996525833452932,0.7171206682274537,0.0,8.845604301947658,0.0,173.05668941108578,163.7891460782065,1.1335508872948155,0.12393588424913349,0.12244620261779082,0.16948592794304612,0.006984010712509034,0.46920982676859013,102.0,102.0,1.0,0.0,0.0,0.4983432168409938,8.845604301947658,173.05668941108578,False,False,0.0,0.0,False,0.0,0,0,0,True
86,93,0.06999999999999995,99.96525833452932,99.93998558281056,101.0909773681456,110.32644668343653,9.996525833452932,0.7171206682274537,0.0,8.95350056917978,0.0,176.12494587040774,164.9401378635415,1.1308663213269168,0.12132990707913269,0.12187179152212133,0.1797941606410851,0.003968723370497733,0.4675663378478726,101.0,101.0,1.0,0.0,0.0,0.4983432168409938,8.95350056917978,176.12494587040774,False,False,0.0,0.0,False,0.0,0,0,0,True
87,93,0.06999999999999995,99.96525833452932,100.17125335055637,101.0909773681456,110.32644668343653,9.996525833452932,0.7171206682274537,0.0,9.067012113992366,0.0,179.1501078637638,165.85986188113077,1.1280993323980297,0.11864968900795159,0.12127376232441839,0.18710678013625154,0.0038580706514464262,0.4664887618766754,101.0,101.0,1.0,0.0,0.0,0.4983432168409938,9.067012113992366,179.1501078637638,False,False,0.0,0.0,False,0.0,0,0,0,True
88,93,0.06999999999999995,99.96525833452932,100.40564611538488,101.0909773681456,110.32644668343653,9.996525833452932,0.7171206682274537,0.0,4.717433082885146,0.0,169.75812390889388,166.54519313389147,1.1252908492204434,0.11593405411593645,0.1206647180641817,0.1917130028473066,0.004902924908449534,0.4659841024735356,101.0,101.0,1.0,0.0,0.0,10.18548743453363,4.717433082885146,169.75812390889388,False,True,12.368543072331226,0.06791176315550904,False,0.0,1,1,0,True
89,93,0.06999999999999995,99.96525833452932,146.65704763282378,101.0909773681456,160.7718417761668,9.996525833452932,0.7171206682274537,1.1102230246251565e-16,55.055880798211916,0.20888760706261,220.7770691241411,120.9791228692133,1.1224774029880216,0.113217421478498,0.12005679477704034,-0.24239610625617983,0.4640829836509113,0.7609759779116702,105.0,0.0,0.0,0.0,0.0,10.18548743453363,55.26476840527452,220.7770691241411,False,False,0.0,0.0,False,0.0,0,0,0,True
90,100,0.0,107.48952509089175,113.5633148862973,108.33745011948442,124.81553510903123,10.748952509089175,0.0,0.0,64.49822791411853,0.0,227.14523902612876,115.75325810240041,1.1251929480012284,0.11596368964231762,0.12000591641811362,-0.270808147449064,0.00980485365884387,0.6737740901203427,99.0,9.0,0.09090909090909091,0.0,0.0,10.18548743453363,64.49822791411853,227.14523902612876,False,False,0.0,0.0,False,0.0,0,0,0,True
91,99,0.010000000000000009,106.41462983998282,103.6672690075885,107.30510176828274,114.26437614445801,10.64146298399828,0.1024458097467791,0.0,60.538571859156164,0.0,224.4965281740682,119.39109086309468,1.1281802364961973,0.11900308052682321,0.12001703938436031,-0.22463394614140886,0.09309800939647864,0.6308235662288915,100.0,34.0,0.34,0.0,0.0,7.532171000570843,60.538571859156164,224.4965281740682,False,False,0.0,0.0,False,0.0,1,1,0,True
92,98,0.020000000000000018,104.23329173067803,93.9469777171804,106.04534480521856,103.78428218010768,10.53397345890739,0.2048916194935582,0.0,52.501324161351945,0.0,216.82068576257572,131.4894579511328,1.1305003974586885,0.12140472912127717,0.120044752693022,-0.09764933383592263,0.1532764699442527,0.5493226155288629,105.0,105.0,1.0,0.0,0.0,7.532171000570843,52.501324161351945,216.82068576257572,False,False,0.0,0.0,False,0.0,0,0,0,True
93,96,0.040000000000000036,102.7100862371134,93.16219427573336,104.09726737369886,103.00633475151932,10.318994408725604,0.4097832389871164,0.0,44.80113708278539,0.0,208.88097351980608,142.42453104909828,1.1311205167887273,0.12217608070324311,0.11956741727953593,0.021247171348770827,0.1177150112995186,0.5074383856556767,107.0,63.0,0.5887850467289719,0.0,0.0,7.532171000570843,44.80113708278539,208.88097351980608,False,False,0.0,0.0,False,0.0,0,0,0,True
94,98,0.020000000000000018,104.60291910711089,99.82984222167872,107.0680931703488,110.33955490097006,10.53397345890739,0.2048916194935582,0.0,42.1305067227826,1.2496076812188224,206.47152609298269,149.66278199776838,1.1301825396884442,0.12145161998530889,0.11826457268679737,0.06744606913664333,0.018080800682315757,0.5137916557226163,107.0,48.0,0.4485981308411215,0.0,0.0,7.532171000570843,43.38011440400142,206.47152609298269,False,False,0.0,0.0,False,0.0,0,0,0,True
95,97,0.030000000000000027,103.8295331866341,102.72252737990233,105.73686589969351,113.42108225253807,10.426483933816499,0.3073374292403373,0.0,43.18084493869779,2.034481872246043,207.27601041596822,152.6771205175596,1.128764340815946,0.12019378328385717,0.11742716350813799,0.07897168676642705,0.01688728792136888,0.5142862668705849,107.0,42.0,0.3925233644859813,0.0,0.0,7.532171000570843,45.21532681094383,207.27601041596822,False,False,0.0,0.0,False,0.0,0,0,0,True
96,97,0.030000000000000027,103.95474319752422,103.89659846694771,105.61104641170195,114.58407501462423,10.426483933816499,0.3073374292403373,0.0,45.32362897050102,2.233420262005349,208.53398990895107,154.3915684623138,1.1272920842546756,0.11883457718162618,0.11685546293334813,0.08186784335909685,0.0230818736354951,0.5098261307180973,106.0,44.0,0.41509433962264153,0.0,0.0,7.532171000570843,47.557049232506365,208.53398990895107,False,False,0.0,0.0,False,0.0,0,0,0,True
97,96,0.040000000000000036,102.92247213439012,102.45093561833315,104.71896480900585,112.85908693350704,10.318994408725606,0.4097832389871164,0.0,46.8902572474194,2.1021836361905883,208.99334999458432,156.65959765298652,1.1258560670075557,0.11747143434065069,0.11643458972490711,0.09215977542189929,0.01049918456052036,0.4967624407444992,105.0,46.0,0.4380952380952381,0.0,0.0,7.532171000570843,48.99244088360999,208.99334999458432,False,False,0.0,0.0,False,0.0,0,0,0,True
98,93,0.06999999999999995,99.56233796087949,98.84221707888075,101.0909773681456,108.74192559215133,9.996525833452932,0.7171206682274537,0.0,47.79652200467705,2.0947446622778525,209.2093849553174,158.90835794225137,1.1243646997966295,0.11600635666587848,0.1162736218626465,0.11876465758251731,0.03406778652212407,0.47795465282172767,104.0,50.0,0.4807692307692308,0.0,0.0,7.532171000570843,49.891266666954905,209.2093849553174,False,False,0.0,0.0,False,0.0,0,0,0,True
99,93,0.06999999999999995,99.26113929233969,97.77085357196978,101.0909773681456,107.3930035738301,9.996525833452932,0.7171206682274537,0.0,47.70222841891343,2.440390327840534,208.96481894731616,162.2284817384272,1.1225840725325544,0.1142417339742479,0.11615218031356885,0.1536460157992352,0.03426103678411298,0.4662828250730672,103.0,52.0,0.5048543689320388,0.0,0.0,7.532171000570843,50.14261874675396,208.96481894731616,False,False,0.0,0.0,False,0.0,0,0,0,True
100,93,0.06999999999999995,99.07475273225393,97.60638241472816,101.0909773681456,107.00383261891422,9.996525833452932,0.7171206682274537,0.0,47.40024308914346,2.9068318567459186,208.72616742809487,165.71307669184458,1.1204238466990635,0.11208782364942729,0.11605900625711135,0.18714728886554038,0.025477948927464605,0.4579402910679324,102.0,53.0,0.5196078431372549,0.0,0.0,7.532171000570843,50.307074945889376,208.72616742809487,False,False,0.0,0.0,False,0.0,0,0,0,True
101,93,0.06999999999999995,98.9489093931353,97.8078574292508,101.0909773681456,106.97992249908856,9.996525833452932,0.7171206682274537,0.0,47.184474666180506,3.4055032991826746,208.6445887427128,168.99619663073935,1.1179117133801284,0.10957237933978854,0.11599109285028879,0.21599324350335197,0.0156796849573975,0.45166332204647686,101.0,51.0,0.504950495049505,0.0,0.0,7.532171000570843,50.58997796536318,208.6445887427128,False,False,0.0,0.0,False,0.0,0,0,0,True
102,92,0.07999999999999996,97.80429348676469,97.30807673041629,99.8816482211922,106.16055826182786,9.889036308362039,0.8195664779742328,0.0,47.28777232735269,3.9031816601707607,209.04758801756583,171.56976812151527,1.1151135610244371,0.1067615112599041,0.11594747017070546,0.24133837010306852,0.015960809728050765,0.44427691563243155,97.0,52.0,0.5360824742268041,0.0,0.0,7.532171000570843,51.19095398752345,209.04758801756583,False,False,0.0,0.0,False,0.0,0,0,0,True
103,92,0.07999999999999996,97.63954807279525,97.41956553898888,99.8816482211922,105.98650495441446,9.889036308362039,0.8195664779742328,0.0,47.38713804603615,4.422820857680318,209.86512311603087,174.0318508037186,1.1120674001212414,0.10370537714628322,0.11585778451280641,0.26377770177231713,0.009956774741159727,0.43954667566859945,97.0,53.0,0.5463917525773195,0.0,0.0,7.532171000570843,51.80995890371646,209.86512311603087,False,False,0.0,0.0,False,0.0,0,0,0,True
104,92,0.07999999999999996,97.71223970320442,97.67968485641,99.8816482211922,105.95626460364655,9.889036308362039,0.8195664779742328,0.0,47.38874310324342,4.719731816452833,210.69217581930536,176.23381416850077,1.1088444628013274,0.10047089808587979,0.11574274422863153,0.28221783929681343,0.004357128339641406,0.43606042797256855,96.0,53.0,0.5520833333333334,0.0,0.0,7.532171000570843,52.108474919696256,210.69217581930536,False,False,0.0,0.0,False,0.0,0,0,0,True
105,92,0.07999999999999996,97.7211777069887,98.0606115435733,99.8816482211922,106.04699680832,9.889036308362039,0.8195664779742328,0.0,47.472225893810354,4.799609529747401,211.50886082777896,178.05485084611965,1.1055595950370072,0.09716313245799368,0.11565487964107854,0.2959062934414042,0.003990514395875055,0.4338891563805083,95.0,53.0,0.5578947368421052,0.0,0.0,7.532171000570843,52.271835423557754,211.50886082777896,False,False,0.0,0.0,False,0.0,0,0,0,True
106,92,0.07999999999999996,97.56898552743517,98.43436259780282,99.8816482211922,106.12344633916828,9.889036308362039,0.8195664779742328,0.0,47.78869511452012,4.661009696393712,212.41793814669708,179.50213646950903,1.1022459103323172,0.09382002561034086,0.11558100858323508,0.30552279131104687,0.005428433346107005,0.4325235874815059,95.0,53.0,0.5578947368421052,0.0,0.0,7.532171000570843,52.44970481091383,212.41793814669708,False,False,0.0,0.0,False,0.0,0,0,0,True
107,92,0.07999999999999996,97.44819679304285,98.60715809708114,99.8816482211922,105.9809813189933,9.889036308362039,0.8195664779742328,0.0,48.09995815138441,5.06183798537578,213.9588044292664,180.7766265936201,1.0989355083684837,0.09047730557591009,0.1155140289955309,0.3137912920812544,0.006162019951757753,0.43088293671109684,94.0,53.0,0.5638297872340425,0.0,0.0,7.532171000570843,53.161796136760195,213.9588044292664,False,False,0.0,0.0,False,0.0,0,0,0,True
108,92,0.07999999999999996,97.82037732304097,99.20513572570312,99.8816482211922,106.30341395395449,9.889036308362039,0.8195664779742328,0.0,48.37767244817199,5.151964975663627,215.61101632797357,181.4531390891092,1.0957353353812909,0.08723790357265697,0.11543294280713527,0.31589754706144063,0.010214164389167587,0.4318991966579399,94.0,54.0,0.574468085106383,0.0,0.0,7.532171000570843,53.52963742383562,215.61101632797357,False,False,0.0,0.0,False,0.0,0,0,0,True
109,92,0.07999999999999996,97.83199096217272,99.63887324683951,99.8816482211922,106.46245672313871,9.889036308362039,0.8195664779742328,0.0,48.81726904289763,4.950400971317112,217.18109584660536,181.6959140634618,1.0926975966085775,0.08415730650152146,0.11533909656591997,0.31433081017205167,0.011655443795113723,0.4332269734543992,95.0,55.0,0.5789473684210527,0.0,0.0,7.532171000570843,53.767670014214744,217.18109584660536,False,False,0.0,0.0,False,0.0,0,0,0,True
110,93,0.06999999999999995,98.78932974677024,100.89526595295003,101.0909773681456,107.5129478877269,9.996525833452932,0.7171206682274537,0.0,44.874370345782154,4.555889920240448,218.9018283655201,181.8916254786574,1.0898371018191477,0.08125365311152952,0.11523809012688024,0.30759779163735573,0.019838993114769603,0.43679700201082194,95.0,55.0,0.5789473684210527,0.0,0.0,4.8360817927508535,49.4302602660226,218.9018283655201,False,False,0.0,0.0,False,0.0,1,1,0,True
111,92,0.07999999999999996,97.41910682133852,99.87944818129384,99.8816482211922,106.159814188287,9.889036308362039,0.8195664779742328,0.0,45.24188515145733,3.634067953005185,220.0724965755328,181.89382551855573,1.087180362815484,0.07854734405047512,0.11518560311908764,0.3074959518310444,0.00857496865178169,0.43365168662929354,95.0,95.0,1.0,0.0,0.0,4.8360817927508535,48.87595310446252,220.0724965755328,False,False,0.0,0.0,False,0.0,0,0,0,True
112,92,0.07999999999999996,97.31560264362766,100.06156961755718,99.8816482211922,106.09631900250818,9.889036308362039,0.8195664779742328,0.0,45.6685356315879,2.7158576691008793,221.7358692056563,181.71390412219068,1.0846665087998086,0.07598666902777171,0.11512772166888388,0.3059143818377109,0.009219014141679971,0.43496252738658203,96.0,96.0,1.0,0.0,0.0,4.8360817927508535,48.38439330068878,221.7358692056563,False,False,0.0,0.0,False,0.0,0,0,0,True
113,93,0.06999999999999995,98.37048063600635,101.368431446842,101.0909773681456,107.23710696702122,9.996525833452932,0.7171206682274537,0.0,42.45301203811901,1.7907230530367897,223.4002542329268,181.4364500434943,1.0823069665121654,0.0735843373167552,0.11506550967917206,0.29796788513666167,0.016010564442972944,0.439630745972452,96.0,96.0,1.0,0.0,0.0,2.5889350156888895,44.243735091155806,223.4002542329268,False,False,0.0,0.0,False,0.0,1,1,0,True
114,92,0.07999999999999996,97.45275820983176,100.80109942442935,99.8816482211922,106.41249573286912,9.889036308362039,0.8195664779742328,0.0,39.16229970412583,0.8754114173343199,224.86643625190612,180.51699884025712,1.0801509553415842,0.07138249511721573,0.1150456172712454,0.29102453459026023,0.009631137167698957,0.4398868065269686,96.0,96.0,1.0,0.0,0.0,0.33818992130653625,40.03771112146015,224.86643625190612,False,False,0.0,0.0,False,0.0,1,1,0,True
115,93,0.06999999999999995,98.41368409149462,102.00804517344581,101.0909773681456,107.48087357972956,9.996525833452932,0.7171206682274537,0.0,39.55397792157605,0.0,226.6915925094015,179.59993103495688,1.078199257217877,0.0693913924092561,0.11501578985088638,0.27915914344489823,0.015433564056107834,0.44568546667699305,98.0,98.0,1.0,0.0,0.0,0.33818992130653625,39.55397792157605,226.6915925094015,False,False,0.0,0.0,False,0.0,0,0,0,True
116,92,0.07999999999999996,97.56094566666928,101.45078222502498,99.8816482211922,106.71270266479615,9.889036308362039,0.8195664779742328,0.0,40.05565159042351,0.0,229.2284408834984,178.03079703112408,1.0764870102351936,0.06763846809769083,0.11501872097310473,0.26805375723535046,0.008783514028717462,0.4474361509735695,97.0,97.0,1.0,0.0,0.0,0.33818992130653625,40.05565159042351,229.2284408834984,False,False,0.0,0.0,False,0.0,0,0,0,True
117,92,0.07999999999999996,98.26050157499773,102.28315659396326,99.8816482211922,107.43171089206302,9.889036308362039,0.8195664779742328,0.0,40.602886330417874,0.0,232.05020358633263,175.62928865835303,1.0750171317368262,0.06613591774244451,0.11500436773445413,0.24866052662364288,0.011875557872014579,0.4558181353912526,98.0,98.0,1.0,0.0,0.0,0.33818992130653625,40.602886330417874,232.05020358633263,False,False,0.0,0.0,False,0.0,0,0,0,True
118,93,0.06999999999999995,99.43110366887106,103.51676667664387,101.0909773681456,108.60378390870954,9.996525833452932,0.7171206682274537,0.0,41.17502817844932,0.0,234.5295298636517,173.20349934985475,1.073866375819995,0.0649622471830111,0.11496876135600374,0.2251720985253424,0.019898697679990293,0.4654181726735788,98.0,98.0,1.0,0.0,0.0,0.33818992130653625,41.17502817844932,234.5295298636517,False,False,0.0,0.0,False,0.0,0,0,0,True
119,92,0.07999999999999996,98.47612057442781,102.76883733106015,99.8816482211922,107.73198868320719,9.889036308362039,0.8195664779742328,0.0,41.8651777594177,0.0,236.74573308516273,170.31631023998676,1.0730567371053243,0.0641311789525116,0.11495320957688575,0.20482205039759668,0.00739123159600834,0.46996720138730613,97.0,97.0,1.0,0.0,0.0,0.33818992130653625,41.8651777594177,236.74573308516273,False,False,0.0,0.0,False,0.0,0,0,0,True
120,93,0.06999999999999995,99.43610297438221,103.76742442724894,101.0909773681456,108.7258224507591,9.996525833452932,0.7171206682274537,0.0,42.620052652893996,0.0,239.24648459550733,167.63986318088348,1.072564404319969,0.06362735786258271,0.11491299072529666,0.18228526609230308,0.013975893479736125,0.48011901280909386,98.0,98.0,1.0,0.0,0.0,0.33818992130653625,42.620052652893996,239.24648459550733,False,False,0.0,0.0,False,0.0,0,0,0,True
121,94,0.06000000000000005,100.61929222025165,104.91735345282319,102.25531120125612,109.91118759294052,10.104015358543823,0.6146748584806746,0.0,43.411345906314835,0.0,241.2547142563499,164.97782092931635,1.0723901193329213,0.06344284250564733,0.1148912035829595,0.1570604544678995,0.020730277700273636,0.49104551720032574,97.0,97.0,1.0,0.0,0.0,0.33818992130653625,43.411345906314835,241.2547142563499,False,False,0.0,0.0,False,0.0,0,0,0,True
122,96,0.040000000000000036,102.86771341668882,107.05595873394307,104.2670521180353,112.1658055958067,10.318994408725604,0.4097832389871164,0.0,39.75125611405128,0.0,226.72371798871214,162.18891431340865,1.0725346346423663,0.06357337431391626,0.11491958672725046,0.13123274007279753,0.034814348069311565,0.503381091885985,96.0,96.0,1.0,0.0,0.0,13.603423079322726,39.75125611405128,226.72371798871214,False,True,15.95843751719116,0.06575859475091471,False,0.0,1,1,0,True
123,99,0.010000000000000009,106.41462983998284,150.31962992004085,107.84402994642637,157.56971836615028,10.64146298399828,0.1024458097467791,0.0,77.81500125632114,1.1273676052245876,268.36471113610594,119.71331433979414,1.0729109523119842,0.06396155129751113,0.11460576040709328,-0.26250908095687187,0.4375774909905391,0.7871112772619198,102.0,0.0,0.0,0.0,0.0,10.953690446350244,78.94236886154573,268.36471113610594,False,False,0.0,0.0,False,0.0,1,1,0,True
124,100,0.0,107.48952509089176,101.45014800741703,108.74671901450525,106.81213623451626,10.748952509089172,0.0,0.0,70.438409184205,0.0,255.81100216541665,127.00988534688233,1.077306101303237,0.06840964994176187,0.11440257109487068,-0.18249550957379368,0.14626828243052487,0.5885856374937236,93.0,56.0,0.6021505376344086,0.0,0.0,10.953690446350244,70.438409184205,255.81100216541665,False,False,0.0,0.0,False,0.0,0,0,0,True
125,99,0.010000000000000009,106.20415436492436,106.57153201261846,107.84402994642637,112.59359750559709,10.64146298399828,0.1024458097467791,0.0,52.02396462817245,0.140652136098664,252.2851713687549,128.28238328069025,1.080852455741867,0.07198310021673782,0.11447379345927143,-0.16226083815850115,0.0599699631102548,0.6064683137011356,97.0,31.0,0.31958762886597936,0.0,0.0,0.31819483588936626,52.164616764271116,252.2851713687549,False,False,0.0,0.0,False,0.0,4,4,0,True
126,100,0.0,104.77216563683571,98.98433791500952,108.87637829762802,104.90279310476497,10.748952509089172,0.0,0.0,44.11313827735044,0.0,244.96585899440487,138.17442366330874,1.084121383574168,0.0752589997137332,0.11479019310073353,-0.06983204505717963,0.11011611386318805,0.5461565314531155,103.0,103.0,1.0,0.0,0.0,0.31819483588936626,44.11313827735044,244.96585899440487,False,False,0.0,0.0,False,0.0,0,0,0,True
127,99,0.010000000000000009,103.89143113548839,99.41060637924242,107.84402994642637,105.564136621194,10.64146298399828,0.1024458097467791,0.0,28.498934287040097,0.0,222.44264516801945,146.60784723049267,1.0863149856881038,0.07743555202699688,0.11534801598444981,0.005843067933237245,0.07445289122450542,0.5250550304829533,105.0,105.0,1.0,0.0,0.0,13.346558710081169,28.498934287040097,222.44264516801945,False,True,18.33164020219596,0.07613620438747919,False,0.0,2,2,0,True
128,99,0.010000000000000009,106.41462983998284,147.18110455604392,107.70484410852195,156.45768647225626,10.64146298399828,0.1024458097467791,0.0,69.28126065318884,3.515545260057441,265.35978407635207,107.1315867829707,1.0876366077146278,0.07871417035378822,0.11614714245924115,-0.34453818133896114,0.40269762347329446,0.8423192314166214,108.0,0.0,0.0,0.0,0.0,13.346558710081169,72.79680591324627,265.35978407635207,False,False,0.0,0.0,False,0.0,0,0,0,True
129,100,0.0,107.48952509089176,121.84787342747632,108.60753317660082,130.14567739092172,10.748952509089172,0.0,0.0,84.79408573286223,0.0,273.75143860723546,93.8912465320952,1.092676749073197,0.08376848273463082,0.11655830817814597,-0.42793919148861265,0.03152193412355267,0.8189658882046699,96.0,0.0,0.0,0.0,0.0,13.346558710081169,84.79408573286223,273.75143860723546,False,False,0.0,0.0,False,0.0,0,0,0,True
130,100,0.0,107.48952509089176,109.48381686491733,108.60753317660082,117.58811322617738,10.748952509089172,0.0,0.0,84.1575766752997,0.0,273.3584795215406,93.01496284377869,1.0985131840151507,0.0896376034884691,0.1168138952359608,-0.4162519626901049,0.08196352006750666,0.7707838628222602,97.0,21.0,0.21649484536082475,0.0,0.0,10.707093580226505,84.1575766752997,273.3584795215406,False,False,0.0,0.0,False,0.0,1,1,0,True
131,100,0.0,106.50887964608766,98.17082597492077,108.60753317660082,106.0008596957416,10.748952509089172,0.0,0.0,77.2804420513491,0.0,263.66672902894254,103.45167004545871,1.1041346125264717,0.09529990802013504,0.11691241954841224,-0.3172824600116755,0.15492727851564267,0.666861018601861,99.0,99.0,1.0,0.0,0.0,10.707093580226505,77.2804420513491,263.66672902894254,False,False,0.0,0.0,False,0.0,0,0,0,True
132,100,0.0,105.24398044622306,97.2173528438166,108.60753317660082,105.41634485273435,10.748952509089172,0.0,0.0,70.72578301815739,0.0,255.4058717999764,114.84185037824292,1.108592876046227,0.0997976541167687,0.11683821738759288,-0.2125020286048839,0.12029412752146229,0.6136113819293421,100.0,63.0,0.63,0.0,0.0,10.707093580226505,70.72578301815739,255.4058717999764,False,False,0.0,0.0,False,0.0,0,0,0,True
133,99,0.010000000000000009,105.86839971123317,102.31371938829922,107.70484410852195,111.2867247023833,10.64146298399828,0.1024458097467791,0.0,69.08100221209315,0.23763667499912078,251.41594804861933,120.23297509846564,1.1118265373908163,0.10306982202396457,0.11656390588207831,-0.16654824833429044,0.037758166659582,0.6127126800316663,102.0,44.0,0.43137254901960786,0.0,0.0,10.707093580226505,69.31863888709228,251.41594804861933,False,False,0.0,0.0,False,0.0,0,0,0,True
134,100,0.0,106.7150160926123,103.31253744954485,108.7371924597236,112.65504475128469,10.748952509089172,0.0,0.0,67.86728154069725,0.8459736386438312,248.8053723993155,125.65763010864441,1.1143955590938956,0.10568253299962886,0.11609236478667544,-0.12468011911903203,0.018591125820560765,0.5944593030385132,102.0,43.0,0.4215686274509804,0.0,0.0,10.707093580226505,68.71325517934108,248.8053723993155,False,False,0.0,0.0,False,0.0,0,0,0,True
135,99,0.010000000000000009,105.90661531554179,103.86398586039131,107.61662133456385,113.48000299122377,10.64146298399828,0.1024458097467791,0.0,68.22879757515696,0.641351752953401,247.1201410001105,129.41026558281695,1.1163404293202366,0.10768110754874863,0.1154139541458621,-0.09565905820655923,0.010032525103866593,0.5804527513075,104.0,40.0,0.38461538461538464,0.0,0.0,10.707093580226505,68.87014932811036,247.1201410001105,False,False,0.0,0.0,False,0.0,0,0,0,True
136,99,0.010000000000000009,105.82077160572956,104.52296358521531,107.75580717246827,114.38232496727437,10.64146298399828,0.1024458097467791,0.0,69.59729378216531,0.349973364493265,246.35730796500687,132.64310917006992,1.1178049353601451,0.10921140315779462,0.11449880932255074,-0.07733613844788197,0.007494327883947567,0.5708531752180781,103.0,40.0,0.3883495145631068,0.0,0.0,10.707093580226505,69.94726714665858,246.35730796500687,False,False,0.0,0.0,False,0.0,0,0,0,True
137,99,0.010000000000000009,105.4361422576306,103.28839826635462,107.72905520060202,113.17295439844335,10.64146298399828,0.1024458097467791,0.0,70.21226982425094,0.7358635749464388,245.8858393595592,137.0837661043173,1.1189455315257888,0.11040372444838498,0.11378386206942054,-0.04739099662822958,0.012003010289821491,0.5512990791612951,103.0,46.0,0.44660194174757284,0.0,0.0,10.707093580226505,70.94813339919737,245.8858393595592,False,False,0.0,0.0,False,0.0,0,0,0,True
138,99,0.010000000000000009,104.85296288744324,101.724124084809,107.59939591747924,111.54855576787335,10.64146298399828,0.1024458097467791,0.0,69.81803198732838,2.011251576686894,245.34253039617943,142.95903793698756,1.1196566774146235,0.1111519970393077,0.11328805517440668,-0.0030128210263352497,0.021538893871290505,0.5292871489938304,102.0,51.0,0.5,0.0,0.0,10.707093580226505,71.82928356401527,245.34253039617943,False,False,0.0,0.0,False,0.0,0,0,0,True
139,96,0.040000000000000036,102.01011537317338,99.6006405971067,104.49446072989782,109.25263298984665,10.318994408725604,0.4097832389871164,0.0,69.96533259548141,2.3773331773951414,244.40983017679798,147.85285806977865,1.1198954224537547,0.11140764624219276,0.11303070832171652,0.03878973746888735,0.03537211662895179,0.5081227841636272,100.0,47.0,0.47,0.0,0.0,10.707093580226505,72.34266577287656,244.40983017679798,False,False,0.0,0.0,False,0.0,0,0,0,True
140,97,0.030000000000000027,103.05833381899032,100.56561751120083,105.56713200846019,110.28566644556689,10.426483933816499,0.3073374292403373,0.0,70.10007050762817,2.5832126006439005,243.12917429769035,152.85437256703804,1.1196301313136539,0.11113954394114148,0.1129821388835778,0.08035502000626425,0.015130178013957107,0.49654026037416654,98.0,46.0,0.46938775510204084,0.0,0.0,10.707093580226505,72.68328310827208,243.12917429769035,False,False,0.0,0.0,False,0.0,0,0,0,True
141,92,0.07999999999999996,98.23986642899663,97.05687560861847,100.0403856749673,106.3671424786121,9.88903630836204,0.8195664779742328,0.0,71.16698262483783,2.2229193282985236,242.51920740447412,155.83788263338687,1.1188350093788135,0.11033877967331898,0.11271892820479912,0.1155945970100541,0.044920848452106275,0.4765466371553515,97.0,42.0,0.4329896907216495,0.0,0.0,10.707093580226505,73.38990195313636,242.51920740447412,False,False,0.0,0.0,False,0.0,0,0,0,True
142,91,0.08999999999999997,96.72462160814831,94.48285279694848,98.87605184185678,103.43666444108248,9.781546783271148,0.9220122877210118,0.0,70.87923086588512,2.254533025201153,241.39796838035645,160.23108167829517,1.1176483453991917,0.10913620511073105,0.11254227349652918,0.16692806804389254,0.05699625205239519,0.4572073383062696,95.0,48.0,0.5052631578947369,0.0,0.0,10.707093580226505,73.13376389108628,241.39796838035645,False,False,0.0,0.0,False,0.0,0,0,0,True
143,91,0.08999999999999997,96.22456009740127,94.08106076399325,98.87605184185678,102.83293425364417,9.781546783271148,0.9220122877210118,0.0,70.4728348797218,2.5931949408435564,241.44667142785107,165.02607275615867,1.1159123314925437,0.1073786900603941,0.11241146152079312,0.21775735447061267,0.04400234317747598,0.4456896112377026,95.0,49.0,0.5157894736842106,0.0,0.0,10.707093580226505,73.06602982056536,241.44667142785107,False,False,0.0,0.0,False,0.0,0,0,0,True
144,90,0.09999999999999998,95.45639823138518,93.96482980890696,97.75548071669702,102.48955345490594,9.674057258180255,1.024458097467791,0.0,70.4751134887974,3.01877753458723,241.73708978572492,168.81672366394872,1.1136496307153587,0.10508901611054774,0.11233017829560778,0.2590088506025304,0.03194451563104432,0.4372340211803822,94.0,48.0,0.5106382978723404,0.0,0.0,10.707093580226505,73.49389102338463,241.73708978572492,False,False,0.0,0.0,False,0.0,0,0,0,True
145,89,0.10999999999999999,94.68307508176824,93.79867844022374,96.72313236549536,102.05511585463015,9.566567733089364,1.1269039072145701,0.0,70.82143994888932,3.4994476707304285,242.29295569073182,171.74117758922029,1.1109884328179014,0.10239937851706057,0.11222765252638106,0.29057010369003006,0.023996050878001947,0.43074024726597215,92.0,46.0,0.5,0.0,0.0,10.707093580226505,74.32088761961975,242.29295569073182,False,False,0.0,0.0,False,0.0,0,0,0,True
146,88,0.12,93.51550923971075,93.04258050352908,95.50316738653657,100.95539843095446,9.459078207998473,1.2293497169613492,0.0,71.25868251384864,4.010374956378067,242.24934652960616,174.2017644722278,1.1080673805958636,0.09944427276625442,0.11213485360112989,0.3218089577508684,0.024659308718872466,0.42273173394750707,90.0,46.0,0.5111111111111111,0.0,0.0,10.707093580226505,75.26905747022671,242.24934652960616,False,False,0.0,0.0,False,0.0,0,0,0,True
147,88,0.12,93.2255642817774,92.87826700135736,95.50316738653657,100.48120444046862,9.459078207998473,1.2293497169613492,0.0,67.42593482358468,4.138286543748339,242.19411255943288,176.82666485740702,1.1049033563260013,0.09625017687243906,0.11195422928463557,0.35239953346311526,0.01890030233665268,0.41690877495568673,89.0,48.0,0.5393258426966292,0.0,0.0,8.241995519580021,71.56422136733302,242.19411255943288,False,False,0.0,0.0,False,0.0,1,1,0,True
148,88,0.12,91.81120205385949,91.9832373454549,95.50316738653657,99.20159813428148,9.459078207998473,1.2293497169613492,0.0,67.63697099288306,2.3019609782049986,240.86197212513275,180.3465948984887,1.1015065123856238,0.09282789095220563,0.11169118429007051,0.39189300745843797,0.02263107316525566,0.407240493432635,89.0,89.0,1.0,0.0,0.0,8.241995519580021,69.93893197108807,240.86197212513275,False,False,0.0,0.0,False,0.0,0,0,0,True
149,87,0.13,91.65796076781524,92.26297749404972,94.60047831845769,99.16331350827153,9.35158868290758,1.3317955267081283,0.0,59.42737936840081,1.2613709100537962,240.50504928740668,182.68409572289664,1.0977800427512545,0.08908018381867744,0.11135543119120221,0.41681113863345126,0.01269915321461224,0.4037070942737742,89.0,89.0,1.0,0.0,0.0,3.1110288071455554,60.688750278454606,240.50504928740668,False,False,0.0,0.0,False,0.0,2,2,0,True
150,87,0.13,92.46790335936953,93.51028305689822,94.60047831845769,100.14000119296229,9.35158868290758,1.3317955267081283,0.0,59.50888980169749,0.3826180331332535,240.4917759870059,183.77429098445617,1.0938257801768763,0.08510777821133712,0.11096827838410259,0.4245081986624165,0.008517825498171209,0.405961599162045,91.0,91.0,1.0,0.0,0.0,3.1110288071455554,59.89150783483075,240.4917759870059,False,False,0.0,0.0,False,0.0,0,0,0,True
151,87,0.13,92.80624126127675,94.42674418800607,94.60047831845769,100.75362332471754,9.35158868290758,1.3317955267081283,0.0,55.47308746301267,0.0,241.13480038263006,183.94802511490778,1.0898502999990793,0.08111812187010022,0.11054923776700483,0.42136316965015885,0.015575952253582204,0.4088143247537374,90.0,90.0,1.0,0.0,0.0,0.47292536298944565,55.47308746301267,241.13480038263006,False,False,0.0,0.0,False,0.0,1,1,0,True
152,87,0.13,93.32748058322667,95.57220544446656,94.60047831845769,101.61511574982161,9.35158868290758,1.3317955267081283,0.0,51.48040467919977,0.0,226.55406957030982,182.9762979888989,1.0859827640022057,0.07724070559366916,0.11011547015840778,0.40583257859752253,0.022308890524228353,0.41460881352338985,91.0,91.0,1.0,0.0,0.0,13.593244174218587,51.48040467919977,226.55406957030982,False,True,15.810680506269572,0.06523506616070988,False,0.0,1,1,0,True
153,87,0.13,93.51588682907581,131.20070619439326,94.60047831845769,139.03535574231452,9.35158868290758,1.3317955267081283,0.0,84.52571285215909,0.06508000606715925,262.78702980670806,146.37607011296336,1.082366238216998,0.07361902537477602,0.10968152289279827,0.006027000243961865,0.3926971504358306,0.6206693477721702,95.0,0.0,0.0,0.0,0.0,10.911252233036,84.59079285822625,262.78702980670806,False,False,0.0,0.0,False,0.0,1,1,0,True
154,100,0.0,107.48952509089173,100.42833896784556,108.74054462408861,106.53286831758295,10.748952509089174,0.0,0.0,77.2191004259747,0.0,252.42521142046618,154.68827576920637,1.083209202073205,0.07450014108712796,0.10921201459648353,0.07685488113335306,0.050325918220926504,0.4910813568821825,91.0,91.0,1.0,0.0,0.0,10.911252233036,77.2191004259747,252.42521142046618,False,False,0.0,0.0,False,0.0,0,0,0,True
155,93,0.06999999999999995,99.8027491003177,94.00529866707457,100.77481073448944,99.73591975262245,9.996525833452932,0.7171206682274537,0.0,70.45736122550076,0.0,244.63619025197048,161.45778783662124,1.0832283795415367,0.07456080199455721,0.10876723617297027,0.16340937081863055,0.09669272995218461,0.45178685644233196,96.0,53.0,0.5520833333333334,0.0,0.0,10.911252233036,70.45736122550076,244.63619025197048,False,False,0.0,0.0,False,0.0,0,0,0,True
156,94,0.06000000000000005,99.756416758027,97.19040167100034,102.45904396887413,103.04821802429137,10.104015358543824,0.6146748584806746,0.0,66.6973057159469,1.0558289558166272,240.918409554961,166.72643013449505,1.0823118695347644,0.07370900600924994,0.10803183415976755,0.21121445678142908,0.03672662086774211,0.45241561448110373,99.0,40.0,0.40404040404040403,0.0,0.0,10.911252233036,67.75313467176352,240.918409554961,False,False,0.0,0.0,False,0.0,0,0,0,True
157,91,0.08999999999999997,96.27963111016157,97.46114241656957,98.87605184185678,103.2138873957387,9.781546783271148,0.9220122877210118,0.0,62.14881427065115,2.866210528551956,241.69638142851645,168.14133955978218,1.0809638513342996,0.07238749552893128,0.10760075953277999,0.22960708910629352,0.022730170796185976,0.4517379155391362,98.0,34.0,0.3469387755102041,0.0,0.0,8.361050385840823,65.0150247992031,241.69638142851645,False,False,0.0,0.0,False,0.0,1,1,0,True
158,90,0.09999999999999998,92.45838267067668,92.75585383934633,97.97336277377791,98.10266588768606,9.674057258180255,1.024458097467791,0.0,60.329011388730876,1.1215151975815243,241.08140926073793,173.3588484942138,1.0795367514360357,0.07097719394649449,0.10731664380949782,0.290358573549188,0.06323005694343828,0.4250526363692139,98.0,98.0,1.0,0.0,0.0,8.361050385840823,61.4505265863124,241.08140926073793,False,False,0.0,0.0,False,0.0,0,0,0,True
159,88,0.12,92.68343887301658,94.17791180520145,95.82044329741647,99.40638388486178,9.459078207998473,1.2293497169613492,0.0,50.78906436733125,0.26849728477320645,241.9356491848941,175.0013799864288,1.0774503469704084,0.06889154816381508,0.10721497618358991,0.31277265410679256,0.029761453332049725,0.4272994580141144,97.0,97.0,1.0,0.0,0.0,3.132539492966913,51.057561652104454,241.9356491848941,False,False,0.0,0.0,False,0.0,2,2,0,True
160,87,0.13,92.5803551814131,95.09169241556638,94.60047831845769,100.1451670846525,9.35158868290758,1.3317955267081283,0.0,45.87036133944785,0.0,242.50042545781932,174.5101658893201,1.0751807202613999,0.06660818469422021,0.1072500714683143,0.3142299865295181,0.011301212224818493,0.4312371608663469,96.0,96.0,1.0,0.0,0.0,0.46652281516871286,45.87036133944785,242.50042545781932,False,False,0.0,0.0,False,0.0,1,1,0,True
161,87,0.13,93.21394122547846,96.23186304233617,94.60047831845769,101.12247964099264,9.35158868290758,1.3317955267081283,0.0,36.61546832670614,0.0,225.0086205364171,172.87878116544158,1.0729651205116988,0.06437619527034832,0.10731439658949374,0.30110104148678507,0.006057857822602758,0.43833690398179864,95.0,95.0,1.0,0.0,0.0,13.500517232185024,36.61546832670614,225.0086205364171,False,True,18.35436967684608,0.07541972450602216,False,0.0,2,2,0,True
162,87,0.13,93.51588682907581,138.26679696910745,94.60047831845769,145.00354364724512,9.35158868290758,1.3317955267081283,0.0,74.86048075714427,0.29463177295007337,267.43932044462895,129.2124625147918,1.0709659704478478,0.06235971093840616,0.10739575679716422,-0.14113489399546206,0.4404670383743715,0.7031400581784419,101.0,0.0,0.0,0.0,0.0,10.821607289260943,75.15511253009434,267.43932044462895,False,False,0.0,0.0,False,0.0,1,1,0,True
163,100,0.0,107.45314805559353,103.23571886946448,107.65820249351881,108.57261156934521,10.748952509089174,0.0,0.0,64.69439536383624,0.0,258.2904917400334,133.63494613884615,1.0738464560476806,0.06526930232850445,0.10730926989272868,-0.08159358467880745,0.05456670871288614,0.5622310329277245,96.0,49.0,0.5104166666666666,0.0,0.0,8.16205766880648,64.69439536383624,258.2904917400334,False,False,0.0,0.0,False,0.0,1,1,0,True
164,94,0.06000000000000005,98.6538629682081,93.50741039229212,101.70776523189208,98.57409289960451,10.104015358543823,0.6146748584806746,0.0,48.3617876098718,0.0,252.51377684161253,141.83530097844607,1.0758931296695071,0.06744696245401434,0.10622512085662657,0.01934929304347851,0.12829761390540367,0.5032122419287719,102.0,102.0,1.0,0.0,0.0,2.8214233726400257,48.3617876098718,252.51377684161253,False,False,0.0,0.0,False,0.0,2,2,0,True
165,98,0.020000000000000018,101.95771587544462,96.76468768576585,106.62921744410195,102.14586766857543,10.53397345890739,0.2048916194935582,0.0,40.327981245325425,0.0,246.3600466543807,151.6998307367822,1.076806186003044,0.0685184909968993,0.1048833560083637,0.105238044613463,0.059627993680716515,0.49213409680022535,104.0,104.0,1.0,0.0,0.0,2.8214233726400257,40.327981245325425,246.3600466543807,False,False,0.0,0.0,False,0.0,0,0,0,True
166,94,0.06000000000000005,100.00684166189887,95.7826630243712,102.20078933263159,101.14332516654017,10.104015358543823,0.6146748584806746,0.0,32.844575675571086,0.0,241.5285812232612,158.11795704504254,1.0767706477481687,0.0686246188717202,0.10369618256090438,0.16892236282625137,0.05103041385050337,0.47153776514888257,103.0,103.0,1.0,0.0,0.0,2.8214233726400257,32.844575675571086,241.5285812232612,False,False,0.0,0.0,False,0.0,0,0,0,True
167,96,0.040000000000000036,102.73558436989325,100.92359781265763,105.00284085471255,106.52949206024789,10.318994408725608,0.4097832389871164,0.0,27.6190457552882,0.0,239.69446319684366,162.19720008709746,1.0759694152101753,0.06796207344395049,0.10247450012484666,0.18356594440690427,0.01657658041728543,0.476506721053996,103.0,103.0,1.0,0.0,0.0,2.8214233726400257,27.6190457552882,239.69446319684366,False,False,0.0,0.0,False,0.0,0,0,0,True
168,93,0.06999999999999995,99.7471631615849,100.64215660085226,101.08145081336396,106.15541912949995,9.996525833452932,0.7171206682274537,0.0,24.751041448145354,0.0,239.40879077082786,162.63649429960915,1.075005289062553,0.06706697744212275,0.10179204387828192,0.18305847578637768,0.009828577033619432,0.47418505051679416,102.0,102.0,1.0,0.0,0.0,2.8214233726400257,24.751041448145354,239.40879077082786,False,False,0.0,0.0,False,0.0,0,0,0,True
169,93,0.06999999999999995,99.71925692310701,101.9182613047518,101.03645549952107,107.42112334616773,9.996525833452932,0.7171206682274537,0.0,23.027387193543927,0.0,240.55281188801715,161.75468849437843,1.0740129220538475,0.06614438449856648,0.10107711143866119,0.1696237391065361,0.018958835212400986,0.4804706513436206,102.0,102.0,1.0,0.0,0.0,2.8214233726400257,23.027387193543927,240.55281188801715,False,False,0.0,0.0,False,0.0,0,0,0,True
170,95,0.050000000000000044,102.0056254028356,104.91225116397538,103.29728510321401,110.50751811483066,10.211504883634714,0.5122290487338955,0.0,17.61448050324869,0.0,241.74539957705798,160.13972243361704,1.073136434520147,0.06534107696309796,0.1003308870926058,0.141826692420506,0.042957732606598645,0.49348547678345966,102.0,102.0,1.0,0.0,0.0,0.18773138741028328,17.61448050324869,241.74539957705798,False,False,0.0,0.0,False,0.0,1,1,0,True
171,96,0.040000000000000036,102.95017869034349,106.44010726487711,104.24572960092146,112.07534198880273,10.318994408725604,0.4097832389871164,0.0,16.92758181060454,0.0,242.90217119888982,157.94534476966138,1.0725222777647903,0.0647953278197416,0.09960511956377786,0.11157570204697238,0.04437515258650758,0.5036399369177484,103.0,103.0,1.0,0.0,0.0,0.18773138741028328,16.92758181060454,242.90217119888982,False,False,0.0,0.0,False,0.0,0,0,0,True
172,97,0.030000000000000027,104.1515243417702,107.93070682421734,105.36430800440341,113.64399970956015,10.426483933816495,0.3073374292403373,0.0,12.081847320382007,0.0,227.76956576372189,155.3789459498474,1.072291024592484,0.06462423101502993,0.09892320704947459,0.07904620005682174,0.04476504501381721,0.5144728976732736,101.0,101.0,1.0,0.0,0.0,13.66617394582331,12.081847320382007,227.76956576372189,False,True,16.169655965369046,0.06628559298810265,False,0.0,1,1,0,True
173,98,0.020000000000000018,105.33973458907393,156.4582957258686,106.58427298336217,164.80049846376312,10.53397345890739,0.2048916194935582,0.0,61.43252529623866,0.18562009146268288,276.8819762709664,105.50492320734101,1.0724532271121274,0.06483519723375217,0.0983025570191429,-0.3614042900640634,0.4939751865840879,0.8508495710140597,106.0,0.0,0.0,0.0,0.0,13.66617394582331,61.61814538770134,276.8819762709664,False,False,0.0,0.0,False,0.0,0,0,0,True
174,100,0.0,107.48952509089176,135.3101158656601,108.51931040264272,143.25865624445157,10.748952509089172,0.0,0.0,89.64985515693273,0.0,301.71653482397437,78.71411774432364,1.0776459906058606,0.07006603497342945,0.09791945951013718,-0.5365835895271042,0.11952973145426386,0.9287776243998331,97.0,0.0,0.0,0.0,0.0,13.66617394582331,89.64985515693273,301.71653482397437,False,False,0.0,0.0,False,0.0,0,0,0,True
175,100,0.0,107.48952509089176,108.42652235735368,108.51931040264272,115.60421822860602,10.748952509089172,0.0,0.0,91.68126990634431,0.0,299.08227545259945,78.80690578961273,1.0849341485555155,0.07736541138769933,0.09782626171235136,-0.5155168078644655,0.13493903484000455,0.8246485125185631,97.0,29.0,0.29896907216494845,0.0,0.0,13.66617394582331,91.68126990634431,299.08227545259945,False,False,0.0,0.0,False,0.0,0,0,0,True
176,100,0.0,107.48952509089176,105.38257467142812,108.51931040264272,113.10127428309376,10.748952509089172,0.0,0.0,91.3154622332547,0.0,294.23321164167305,81.94364152082731,1.0918007918755952,0.08425117005169136,0.09771149476936317,-0.4772374632282431,0.12186984630501987,0.7965954760884568,98.0,37.0,0.37755102040816324,0.0,0.0,13.66617394582331,91.3154622332547,294.23321164167305,False,False,0.0,0.0,False,0.0,0,0,0,True
177,100,0.0,106.9660155851826,103.68990484768422,108.51931040264272,111.95037792303351,10.748952509089172,0.0,0.0,90.30322986810037,0.5581943639529803,289.4438307753257,86.77304707578581,1.0980405474274337,0.09051765964380928,0.09759594468397323,-0.4300625405946329,0.10142891518465147,0.7658390715082781,99.0,39.0,0.3939393939393939,0.0,0.0,13.66617394582331,90.86142423205335,289.4438307753257,False,False,0.0,0.0,False,0.0,0,0,0,True
178,100,0.0,106.77164140747695,103.30331211494712,108.51931040264272,112.12116941651594,10.748952509089172,0.0,0.0,89.60348326358617,1.4752273783237588,285.3768741430601,91.98904536348144,1.1035720348392881,0.09607911291631824,0.09753106057286215,-0.3835267128707187,0.07516480212787893,0.7403855029116615,99.0,37.0,0.37373737373737376,0.0,0.0,13.66617394582331,91.07871064190994,285.3768741430601,False,False,0.0,0.0,False,0.0,0,0,0,True
179,99,0.010000000000000009,106.10117015688346,102.91593659584922,107.61662133456385,112.21352525055747,10.64146298399828,0.1024458097467791,0.0,89.63519033804089,1.6144991446938257,281.3528809454949,96.68973010219604,1.1084309520301465,0.10096606985781673,0.09757042723162025,-0.3445784144731907,0.05621515081182752,0.7161239872732306,99.0,33.0,0.3333333333333333,0.0,0.0,13.66617394582331,91.24968948273471,281.3528809454949,False,False,0.0,0.0,False,0.0,0,0,0,True
180,100,0.0,107.20180826573885,103.5429800521549,108.6489696857655,113.34629421528201,10.748952509089172,0.0,0.0,85.29158108960932,1.6842798881396954,277.31866406226237,101.79571973580664,1.1127265034234286,0.1052699353849607,0.09782296548758405,-0.30627835086084443,0.03416446929657111,0.6966943363819461,99.0,31.0,0.31313131313131315,0.0,0.0,11.023741783343159,86.97586097774902,277.31866406226237,False,False,0.0,0.0,False,0.0,1,1,0,True
181,100,0.0,105.73954925300987,97.54369647211595,108.6489696857655,107.14183354952259,10.748952509089172,0.0,0.0,80.38376804209875,0.7187250728112744,269.15623153617537,112.90099294945618,1.116475732513725,0.10900905463268278,0.09826981333597054,-0.21488641191784702,0.07971344952682514,0.624187237318737,98.0,98.0,1.0,0.0,0.0,11.023741783343159,81.10249311491003,269.15623153617537,False,False,0.0,0.0,False,0.0,0,0,0,True
182,98,0.020000000000000018,104.31946846895256,97.67691444040534,106.58427298336217,107.52682444001306,10.53397345890739,0.2048916194935582,0.0,77.03569532323695,0.0,263.49230262179066,121.80835149241302,1.1189959929664677,0.111512703155529,0.09881834007393188,-0.14283031013089237,0.05492264959582799,0.589532123680823,98.0,98.0,1.0,0.0,0.0,11.023741783343159,77.03569532323695,263.49230262179066,False,False,0.0,0.0,False,0.0,0,0,0,True
183,99,0.010000000000000009,104.59293257423529,99.00249494406597,107.37550076307424,109.13018801459185,10.64146298399828,0.1024458097467791,0.0,74.83823361234766,0.24122827360573562,259.23886859248813,130.1813573114213,1.1206240356274915,0.11309825113742211,0.09955499968922871,-0.07775027238295823,0.026137798936263612,0.5633471627468565,99.0,55.0,0.5555555555555556,0.0,0.0,11.023741783343159,75.0794618859534,259.23886859248813,False,False,0.0,0.0,False,0.0,0,0,0,True
184,96,0.040000000000000036,102.38705321916453,99.43677190295031,104.26904483971312,109.67044655528386,10.318994408725604,0.4097832389871164,0.0,75.28767778875677,0.5142288922089078,257.56553132551454,135.01363024818409,1.1214153680604597,0.11384773885354046,0.10028648279728347,-0.04188264685516727,0.015464983001756291,0.546142667872616,97.0,42.0,0.4329896907216495,0.0,0.0,11.023741783343159,75.80190668096567,257.56553132551454,False,False,0.0,0.0,False,0.0,0,0,0,True
185,99,0.010000000000000009,104.7442884625797,100.43670276281944,107.29091573729171,110.78619221847677,10.64146298399828,0.1024458097467791,0.0,74.50389179608435,0.708915865623279,255.10024403680342,141.86784322265635,1.1217421841089548,0.11412629489770021,0.10102925515994404,0.011154854978905473,0.010706947276138338,0.5235404680848046,97.0,50.0,0.5154639175257731,0.0,0.0,11.023741783343159,75.21280766170763,255.10024403680342,False,False,0.0,0.0,False,0.0,0,0,0,True
186,94,0.06000000000000005,100.3228422721623,98.40224884378917,102.07579938847552,108.49936012411229,10.104015358543823,0.6146748584806746,0.0,71.36269625847466,0.745641648085295,254.5686809765883,145.5413937673427,1.1213325297915966,0.11370796074640314,0.10105058344463651,0.04352988807198169,0.02007040046605978,0.5056379241255107,94.0,40.0,0.425531914893617,0.0,0.0,8.337870937471907,72.10833790655995,254.5686809765883,False,False,0.0,0.0,False,0.0,1,1,0,True
187,93,0.06999999999999995,99.02877387476506,96.08532093357412,100.9765507804296,105.86621016181276,9.996525833452932,0.7171206682274537,0.0,71.20043610589028,0.0,253.7469525832025,150.43262361419818,1.120532133469764,0.11289559658289257,0.1009843238457245,0.09187049767323692,0.03714505229887334,0.48387711499373437,93.0,93.0,1.0,0.0,0.0,8.337870937471907,71.20043610589028,253.7469525832025,False,False,0.0,0.0,False,0.0,0,0,0,True
188,90,0.09999999999999998,96.61478133104005,94.23685813896265,97.75548071669702,103.69997501537446,9.674057258180255,1.024458097467791,0.0,71.29261994316296,0.0,254.37757940287764,153.95124619193254,1.119151770348189,0.11150121112665137,0.10078455041814428,0.13041896462029248,0.04458819322360818,0.46933486413433806,94.0,94.0,1.0,0.0,0.0,8.337870937471907,71.29261994316296,254.37757940287764,False,False,0.0,0.0,False,0.0,0,0,0,True
189,90,0.09999999999999998,96.49149757427492,94.38149825358107,97.75548071669702,103.68579272331932,9.674057258180255,1.024458097467791,0.0,71.49870279605264,0.0,255.452678497731,157.32522865504845,1.1173863992976998,0.1097036484486598,0.1007919773371504,0.1633340224309961,0.029690720515094686,0.46304791565898373,93.0,93.0,1.0,0.0,0.0,8.337870937471907,71.49870279605264,255.452678497731,False,False,0.0,0.0,False,0.0,0,0,0,True
190,90,0.09999999999999998,96.46984458420182,94.78046405781191,97.75548071669702,103.91340029185683,9.674057258180255,1.024458097467791,0.0,71.96477143886298,0.0,256.7806740934062,160.30024531393357,1.115309428596031,0.10757748751008722,0.1010076378829874,0.18901768285939352,0.0166435105106913,0.45882235134971944,91.0,91.0,1.0,0.0,0.0,8.337870937471907,71.96477143886298,256.7806740934062,False,False,0.0,0.0,False,0.0,0,0,0,True
191,89,0.10999999999999999,95.39053248415345,94.1209882127414,96.53551573773824,102.95371862735004,9.566567733089364,1.1269039072145701,0.0,72.57976998178981,0.0,257.5196637548031,162.7147728389304,1.1130111441267152,0.10521487698886886,0.10142341802132196,0.21397119544482343,0.018643299284461845,0.4511873225004089,89.0,89.0,1.0,0.0,0.0,8.337870937471907,72.57976998178981,257.5196637548031,False,False,0.0,0.0,False,0.0,0,0,0,True
192,89,0.10999999999999999,95.27554825839692,94.25597178901775,96.53551573773824,102.84384481162712,9.566567733089364,1.1269039072145701,0.0,68.80943683674411,0.0,258.54476917339616,164.99431678765092,1.1105079927824726,0.10264296588783292,0.10191881247207345,0.23570307215162672,0.011762720354117902,0.44698929667118925,89.0,89.0,1.0,0.0,0.0,5.684401747232728,68.80943683674411,258.54476917339616,False,False,0.0,0.0,False,0.0,1,1,0,True
193,89,0.10999999999999999,95.23460453542269,94.67348803400938,96.53551573773824,103.02482862660706,9.566567733089364,1.1269039072145701,0.0,69.4872593089104,0.0,259.807238769782,166.85634449137976,1.1078447216973335,0.09990808676122229,0.10248042247342418,0.2516155597327553,0.004919374885097496,0.44485059511996666,90.0,90.0,1.0,0.0,0.0,5.684401747232728,69.4872593089104,259.807238769782,False,False,0.0,0.0,False,0.0,0,0,0,True
194,89,0.10999999999999999,95.21752189332418,94.95046825828733,96.53551573773824,103.04232073046889,9.566567733089364,1.1269039072145701,0.0,65.75675273009844,0.0,261.0232595234124,168.44139197083067,1.1050942508701884,0.09708501869231141,0.10309434590740743,0.2641752706311241,0.005112104371354178,0.4428690931193424,89.0,89.0,1.0,0.0,0.0,2.9974937989543964,65.75675273009844,261.0232595234124,False,False,0.0,0.0,False,0.0,1,1,0,True
195,89,0.10999999999999999,95.18443942494382,95.20559192392787,96.53551573773824,103.03051974272431,9.566567733089364,1.1269039072145701,0.0,66.33155968043044,0.0,262.22128998331,169.771315784641,1.1023009711784544,0.09421961391248132,0.10374716462572671,0.274069899903259,0.006671268786793028,0.44139999221457604,89.0,89.0,1.0,0.0,0.0,2.9974937989543964,66.33155968043044,262.22128998331,False,False,0.0,0.0,False,0.0,0,0,0,True
196,89,0.10999999999999999,95.14804460482603,95.44110336418397,96.53551573773824,102.99574247016731,9.566567733089364,1.1269039072145701,0.0,66.93789902768827,0.0,263.3840225939458,170.86572815819525,1.0995008665915527,0.091349140796567,0.10442578606863555,0.2818105942930558,0.008161288621349669,0.44038017134592095,89.0,89.0,1.0,0.0,0.0,2.9974937989543964,66.93789902768827,263.3840225939458,False,False,0.0,0.0,False,0.0,0,0,0,True
197,89,0.10999999999999999,95.10941182787747,95.71639729054706,96.53551573773824,103.00516596574677,9.566567733089364,1.1269039072145701,0.0,63.142651791113806,0.0,264.55951557102077,171.68484660538644,1.0967235635690114,0.08850434881932805,0.10511736698526124,0.28710734235799934,0.009515421486074493,0.4400775451923461,89.0,89.0,1.0,0.0,0.0,0.30877454556274486,63.142651791113806,264.55951557102077,False,False,0.0,0.0,False,0.0,1,1,0,True
198,89,0.10999999999999999,95.0748891543353,96.16929944650218,96.53551573773824,103.20970554336857,9.566567733089364,1.1269039072145701,0.0,63.87014837872732,0.0,265.9212112389607,172.05106289662254,1.0940012126100211,0.08571844488898842,0.1058089729374248,0.28806552014317777,0.011607251568029251,0.4413249697052276,90.0,90.0,1.0,0.0,0.0,0.30877454556274486,63.87014837872732,265.9212112389607,False,False,0.0,0.0,False,0.0,0,0,0,True
199,89,0.10999999999999999,95.05811767311323,96.47071052842107,96.53551573773824,103.26098056944706,9.566567733089364,1.1269039072145701,0.0,64.70355279528928,0.0,267.23581350279835,172.1158681059397,1.0913859368146608,0.08304472908912004,0.10648688917331407,0.2868290560777207,0.012256130819641331,0.44262868657000476,90.0,90.0,1.0,0.0,0.0,0.30877454556274486,64.70355279528928,267.23581350279835,False,False,0.0,0.0,False,0.0,0,0,0,True
200,88,0.12,94.59078207998472,96.24685970953377,95.63282666965937,102.7641783581197,9.459078207998473,1.2293497169613492,0.0,65.55590742333895,0.0,268.01250323879106,171.5018350660653,1.0889049501916412,0.08051119845503915,0.10713827439359495,0.28108784776028134,0.010590757605907525,0.4429429564572522,89.0,89.0,1.0,0.0,0.0,0.30877454556274486,65.55590742333895,268.01250323879106,False,False,0.0,0.0,False,0.0,0,0,0,True
201,88,0.12,94.59078207998472,96.54850043984108,95.63282666965937,102.8387276303935,9.459078207998473,1.2293497169613492,0.0,66.52717066950704,0.0,269.03579246633024,170.58616129588356,1.086517241184927,0.07807676718550834,0.10775316434882398,0.27246400533205,0.01169888207132523,0.4456780774585818,89.0,89.0,1.0,0.0,0.0,0.30877454556274486,66.52717066950704,269.03579246633024,False,False,0.0,0.0,False,0.0,0,0,0,True
202,88,0.12,94.59078207998472,96.80810236066584,95.63282666965937,102.88112696141859,9.459078207998473,1.2293497169613492,0.0,67.59138098918329,0.0,270.0486032094983,169.41088560487702,1.0842565560873996,0.07577583642412208,0.10831898824023288,0.2617030224594128,0.012208071916007139,0.44873480272748384,88.0,88.0,1.0,0.0,0.0,0.30877454556274486,67.59138098918329,270.0486032094983,False,False,0.0,0.0,False,0.0,0,0,0,True
203,89,0.10999999999999999,95.66567733089364,98.0291068419279,96.85279164861814,103.95859366859452,9.566567733089364,1.1269039072145701,0.0,59.894769552964796,0.0,250.88371120079404,168.2345704115673,1.0821476162669847,0.07363356205513971,0.10882421395261567,0.24488222370785667,0.016748339426544523,0.4550889844044648,88.0,88.0,1.0,0.0,0.0,15.05302267204764,59.894769552964796,250.88371120079404,False,True,20.03248883340796,0.07394348817412524,False,0.0,2,2,0,True
204,88,0.12,94.59078207998472,131.62297697276267,95.63282666965937,139.3154802717319,9.459078207998473,1.2293497169613492,0.0,92.62575252294289,0.0,286.1493311845427,132.24442010846397,1.0802573684309902,0.07170822162976753,0.10933863400664731,-0.11815467373614937,0.3575055748494308,0.6707601691861378,94.0,0.0,0.0,0.0,0.0,12.399577492397121,92.62575252294289,286.1493311845427,False,False,0.0,0.0,False,0.0,1,1,0,True
205,100,0.0,107.48952509089173,100.44703478475827,108.18633354656455,106.53286831758295,10.748952509089174,0.0,0.0,85.74069287454233,0.0,274.77176881569716,139.98371887027022,1.0823803449196,0.07384436382877298,0.1096100894052619,-0.03654544066678437,0.068185736774113,0.5285998802769665,87.0,87.0,1.0,0.0,0.0,12.399577492397121,85.74069287454233,274.77176881569716,False,False,0.0,0.0,False,0.0,0,0,0,True
206,96,0.040000000000000036,102.99429802898239,97.80844270560931,104.24708904360865,103.86545458730441,10.318994408725606,0.4097832389871164,0.0,75.8739271682651,0.0,267.208545554943,146.42236520826955,1.0834541262199313,0.07499936113586558,0.10892864442532382,0.031510479005033336,0.07259527710134459,0.5035663166556602,93.0,45.0,0.4838709677419355,0.0,0.0,9.716753668170877,75.8739271682651,267.208545554943,False,False,0.0,0.0,False,0.0,1,1,0,True
207,97,0.030000000000000027,99.63578381533627,94.03248575921889,105.43717601135108,99.90869793271874,10.426483933816499,0.3073374292403373,0.0,56.2078562823543,0.0,262.3858392495118,157.82705546040177,1.0837506113286786,0.07538565688439898,0.10807169024823349,0.13945469892461743,0.0873909856797773,0.4626301728268346,96.0,96.0,1.0,0.0,0.0,1.8244178462542884,56.2078562823543,262.3858392495118,False,False,0.0,0.0,False,0.0,3,3,0,True
208,94,0.06000000000000005,99.02517053908039,95.47249494367223,102.32253779577407,101.36990935954421,10.104015358543823,0.6146748584806746,0.0,46.27157855249715,0.0,244.07738766533112,164.6770983125036,1.0828666716666415,0.07456727170614627,0.10746573835385725,0.202821302975547,0.04720241575424343,0.45206308984974164,98.0,98.0,1.0,0.0,0.0,14.644643259919867,46.27157855249715,244.07738766533112,False,True,15.51276653975074,0.059758686099840745,False,0.0,1,1,0,True
209,90,0.09999999999999998,96.74057258180255,135.81409184287895,98.0514849635662,144.00513418319605,9.674057258180257,1.024458097467791,1.1102230246251565e-16,80.78134709468567,0.0,281.66789200854436,126.91449143319082,1.081363783206071,0.07309505575533318,0.10713025059839248,-0.1699369763197525,0.37575063329391933,0.699459710744238,100.0,0.0,0.0,0.0,0.0,11.966001308969481,80.78134709468567,281.66789200854436,False,False,0.0,0.0,False,0.0,1,1,0,True
210,100,0.0,107.41288555547303,103.84540449134728,108.4297215987356,110.3954294067098,10.748952509089174,0.0,0.0,72.80057880442757,0.0,275.0505708215901,131.49880854057912,1.0839936824937966,0.07576823604242264,0.10683362655618417,-0.12633615634920808,0.05851256815182393,0.5748753494792131,96.0,42.0,0.4375,0.0,0.0,9.314908901389765,72.80057880442757,275.0505708215901,False,False,0.0,0.0,False,0.0,1,1,0,True
211,94,0.06000000000000005,99.81570153437029,93.52740622503626,102.11268988734192,99.62460889494639,10.104015358543824,0.6146748584806746,0.0,65.67957815974651,0.0,268.48338206727146,140.08409220288476,1.0860347982423095,0.07785886989309392,0.10677304942788228,-0.029479174990214657,0.1361335145620998,0.511240931178085,99.0,99.0,1.0,0.0,0.0,9.314908901389765,65.67957815974651,268.48338206727146,False,False,0.0,0.0,False,0.0,0,0,0,True
212,99,0.010000000000000009,103.80810495907615,97.06276915094313,107.44683659022739,103.48415234401627,10.64146298399828,0.1024458097467791,0.0,53.639281062161224,0.1639377023854499,261.27032283394135,150.46815964216907,1.087007226755441,0.07885959103333647,0.10690542470880754,0.06690234196679433,0.06358761034363271,0.4962941138372033,101.0,60.0,0.594059405940594,0.0,0.0,6.680538375902588,53.80321876454667,261.27032283394135,False,False,0.0,0.0,False,0.0,1,1,0,True
213,95,0.050000000000000044,98.62190925810474,93.68726726500091,103.10850834513005,99.87521587947863,10.211504883634715,0.5122290487338955,0.0,38.06159002124414,0.0,256.4477678729308,159.8894007222982,1.0868351328893346,0.07873426105380454,0.10659813542597728,0.15945713689039626,0.07772632369270524,0.46164011313891756,102.0,102.0,1.0,0.0,0.0,1.3412410870968765,38.06159002124414,256.4477678729308,False,False,0.0,0.0,False,0.0,2,2,0,True
214,95,0.050000000000000044,100.28529401060695,98.22192925416073,103.38624516919344,104.5918023420698,10.211504883634715,0.5122290487338955,0.0,33.62521508927988,0.0,254.15513174065126,165.05371663733092,1.0856655443861374,0.07759665234203206,0.10651301664090829,0.19771459933004915,0.009989978918958416,0.4620860365739545,102.0,102.0,1.0,0.0,0.0,1.3412410870968765,33.62521508927988,254.15513174065126,False,False,0.0,0.0,False,0.0,0,0,0,True
215,89,0.10999999999999999,95.52999928310078,96.03088565131262,96.75339779481912,102.10363383270364,9.566567733089364,1.1269039072145701,0.0,31.25534508523299,0.0,253.19222120151443,165.7762287808374,1.084143528340137,0.07606954723024154,0.10664318135540808,0.21210607875975268,0.02852802816666073,0.4524412209672555,101.0,101.0,1.0,0.0,0.0,1.3412410870968765,31.25534508523299,253.19222120151443,False,False,0.0,0.0,False,0.0,0,0,0,True
216,88,0.12,94.59078207998472,96.2464000953316,95.63282666965937,102.16073794278232,9.459078207998473,1.2293497169613492,0.0,29.763504259062902,0.0,253.24679041086057,165.16265535516516,1.082478131203088,0.07439020488980405,0.10683966030325785,0.2143026836630979,0.01775500632975479,0.45368030747255467,100.0,100.0,1.0,0.0,0.0,1.3412410870968765,29.763504259062902,253.24679041086057,False,False,0.0,0.0,False,0.0,0,0,0,True
217,88,0.12,94.59078207998472,96.98824194040981,95.63282666965937,102.77623791124981,9.459078207998473,1.2293497169613492,0.0,24.335222187747274,0.0,238.23209832479517,163.80724008441467,1.080816435032574,0.0727099993389078,0.10701671773043056,0.2063424616307375,0.006920230237505619,0.45855617922705927,100.0,100.0,1.0,0.0,0.0,14.29392589948771,24.335222187747274,238.23209832479517,False,True,15.637265350615628,0.06159571649066302,False,0.0,1,1,0,True
218,88,0.12,94.59078207998472,143.5623472983117,95.63282666965937,151.89500709813564,9.459078207998473,1.2293497169613492,0.0,67.79226149526497,0.0,286.0772451349476,115.87771945576235,1.0792734771249353,0.07114537701821541,0.10716276429110555,-0.25551013943291323,0.4750807740769135,0.7676519494024086,104.0,0.0,0.0,0.0,0.0,11.638780097063705,67.79226149526497,286.0772451349476,False,False,0.0,0.0,False,0.0,1,1,0,True
219,100,0.0,107.48276303061746,113.8976678682799,107.83112597828496,120.942131988255,10.748952509089175,0.0,0.0,69.5658673370516,0.0,289.22915364265083,109.81117756576742,1.083061695288314,0.07492406294020693,0.10732464805073631,-0.29622954727778056,0.018973089772762585,0.6970417065531422,100.0,15.0,0.15,0.0,0.0,8.959814015837873,69.5658673370516,289.22915364265083,False,False,0.0,0.0,False,0.0,1,1,0,True
220,99,0.010000000000000009,101.49741196683836,94.86705271502123,106.82552959894954,101.13531967260009,10.64146298399828,0.1024458097467791,0.0,62.0803034082403,0.0,281.9877317425955,121.76965444969568,1.0872329798297447,0.07913116751541352,0.1075647286926621,-0.17850371924240221,0.1561658701532049,0.5857189029429212,104.0,104.0,1.0,0.0,0.0,8.959814015837873,62.0803034082403,281.9877317425955,False,False,0.0,0.0,False,0.0,0,0,0,True
221,94,0.06000000000000005,98.82398454553999,92.43927158619826,101.93517384375461,98.79381820795496,10.104015358543823,0.6146748584806746,0.0,54.56231057912573,0.20408365408728524,275.20276097959083,131.26555670725202,1.089785681704954,0.08178576008363478,0.10771728598135635,-0.07848185643488942,0.13536989943862268,0.5483028158222335,106.0,63.0,0.5943396226415094,0.0,0.0,8.959814015837873,54.76639423321301,275.20276097959083,False,False,0.0,0.0,False,0.0,0,0,0,True
222,98,0.020000000000000018,103.52830137551392,99.41976756485438,106.03341407020312,106.39528457659999,10.53397345890739,0.2048916194935582,0.0,49.530031286708834,2.864519180196563,271.6927968359504,137.87920321260077,1.0912270595413045,0.08331659381789838,0.10816029638703384,-0.014242442331534638,0.028942110613072003,0.5475150498981951,106.0,50.0,0.4716981132075472,0.0,0.0,8.959814015837873,52.3945504669054,271.6927968359504,False,False,0.0,0.0,False,0.0,0,0,0,True
223,98,0.020000000000000018,104.2001403318876,103.91605124552014,106.44160081634485,111.29629730814943,10.53397345890739,0.2048916194935582,0.0,48.46502935901499,5.0245764708658385,271.595168825904,140.40475278342547,1.0918824960562374,0.0841131350789237,0.10764714740298194,-0.0049912042608198206,0.024512843147899324,0.5575000792643083,106.0,41.0,0.3867924528301887,0.0,0.0,8.959814015837873,53.48960582988083,271.595168825904,False,False,0.0,0.0,False,0.0,0,0,0,True
224,97,0.030000000000000027,103.53479374338472,105.16850390075561,105.43717601135108,112.71583988933064,10.426483933816499,0.3073374292403373,0.0,49.43453410373661,5.709128163367512,272.23520989306314,140.67342489402097,1.0924286550320808,0.08479208242140754,0.1070421074110762,-0.015295301154905998,0.029224719163118206,0.5615829608540582,105.0,40.0,0.38095238095238093,0.0,0.0,8.959814015837873,55.14366226710412,272.23520989306314,False,False,0.0,0.0,False,0.0,0,0,0,True
225,99,0.010000000000000009,105.75343191506522,107.59940413514363,107.51599487487269,115.40682232818166,10.64146298399828,0.1024458097467791,0.0,50.91675190920891,5.767590465266213,272.6471343127628,140.59001563375,1.0930946625995008,0.0855591415184875,0.10668132955730175,-0.027726825037619696,0.04364817309592521,0.5701153403178938,105.0,43.0,0.4095238095238095,0.0,0.0,8.959814015837873,56.68434237447512,272.6471343127628,False,False,0.0,0.0,False,0.0,0,0,0,True
226,98,0.020000000000000018,104.97433591898182,107.34382633924115,106.40729218761044,115.2335479455385,10.53397345890739,0.2048916194935582,0.0,53.086974546304276,5.325276229568477,273.5398097681658,139.65348148211928,1.0938428108640952,0.08639791810978296,0.10616108490612901,-0.04196674519726405,0.02738543193467951,0.5735602521017275,105.0,44.0,0.41904761904761906,0.0,0.0,8.959814015837873,58.41225077587275,273.5398097681658,False,False,0.0,0.0,False,0.0,0,0,0,True
227,99,0.010000000000000009,105.37009835497078,106.00785661494515,107.34024668501308,113.9126396708242,10.64146298399828,0.1024458097467791,0.0,53.64842830061632,5.43370733475759,273.35329841631244,140.98587155218718,1.094692435325843,0.08733235236807886,0.10552682251432306,-0.034505493367461816,0.011192945547330515,0.5673610278206814,105.0,52.0,0.49523809523809526,0.0,0.0,8.959814015837873,59.08213563537391,273.35329841631244,False,False,0.0,0.0,False,0.0,0,0,0,True
228,100,0.0,106.03873451067004,105.82797716676025,108.45882508849502,113.81967232610836,10.748952509089174,0.0,0.0,48.98770403002494,5.649160237204813,272.48509090467564,143.61671947392196,1.0954158680011823,0.08813912244013951,0.1048375270528141,-0.01743610025364343,0.009343518913420236,0.5618584346016859,104.0,56.0,0.5384615384615384,0.0,0.0,6.268963587347614,54.636864267229754,272.48509090467564,False,False,0.0,0.0,False,0.0,1,1,0,True
229,99,0.010000000000000009,102.49119587450406,102.14379855865562,107.34024668501308,109.93149228662136,10.64146298399828,0.1024458097467791,0.0,48.23357332385053,3.1701658611657724,271.3194900105731,148.81316760027943,1.0959241825974926,0.08872102443113243,0.10413905745982295,0.02795061294052046,0.03264139671202347,0.5353529475916801,105.0,105.0,1.0,0.0,0.0,6.268963587347614,51.4037391850163,271.3194900105731,False,False,0.0,0.0,False,0.0,0,0,0,True
230,95,0.050000000000000044,100.39894116691764,100.46025487782853,103.0164882326445,108.12916049221292,10.211504883634714,0.5122290487338955,0.0,47.75029294321542,1.9036614662334375,271.3680534183897,151.3694009550954,1.0958018492558825,0.08867741095709403,0.10339060794325362,0.05897139198386157,0.038511079808299084,0.5129232218684756,104.0,104.0,1.0,0.0,0.0,6.268963587347614,49.65395440944886,271.3680534183897,False,False,0.0,0.0,False,0.0,0,0,0,True
231,99,0.010000000000000009,105.20566189102294,105.15616798136666,108.16997145411435,113.15472590260251,10.641462983998283,0.1024458097467791,0.0,47.440530882657924,0.9083796409993714,271.8990852438747,154.38320442784308,1.0952760876842293,0.08823456785491682,0.1024791103391698,0.0669925282627014,0.022339561141202943,0.5075884217471345,102.0,102.0,1.0,0.0,0.0,6.268963587347614,48.348910523657295,271.8990852438747,False,False,0.0,0.0,False,0.0,0,0,0,True
232,96,0.040000000000000036,102.4276976797401,102.71081998205983,104.22581737959793,110.47991115219914,10.318994408725606,0.4097832389871164,0.0,47.23292838980901,0.0,270.54192422849076,155.89820182538116,1.0947187673260226,0.08767463772631694,0.10199083905001224,0.0818589998208078,0.011126601731725356,0.4943707115282268,100.0,100.0,1.0,0.0,0.0,6.268963587347614,47.23292838980901,270.54192422849076,False,False,0.0,0.0,False,0.0,0,0,0,True
233,94,0.06000000000000005,100.17146896999978,100.95284410986781,101.8071590856911,108.53323741408632,10.104015358543823,0.6146748584806746,0.0,47.3341639808907,0.0,271.7064691789032,156.75251680120445,1.094010227101251,0.0869485272219805,0.10141030935450018,0.09778149016892894,0.02405362791688171,0.4858447985859914,101.0,101.0,1.0,0.0,0.0,6.268963587347614,47.3341639808907,271.7064691789032,False,False,0.0,0.0,False,0.0,0,0,0,True
234,95,0.050000000000000044,101.97711864426896,102.74668639506726,102.97149291880162,110.39093613877294,10.211504883634714,0.5122290487338955,0.0,47.48767354107296,0.0,273.76863110653665,156.97732332493882,1.0931411665164987,0.08606806387817627,0.10070938393508037,0.1000637299433482,0.005311853342900495,0.4916922737083615,101.0,101.0,1.0,0.0,0.0,6.268963587347614,47.48767354107296,273.76863110653665,False,False,0.0,0.0,False,0.0,0,0,0,True
235,95,0.050000000000000044,102.11504883634714,102.88088382737196,102.90441497205919,110.46430608336678,10.211504883634714,0.5122290487338955,0.0,47.58461199754562,0.0,275.0007236204293,157.00085446962603,1.0922628070587794,0.0851796524368467,0.09994778733400465,0.10080343201431659,0.006118277135774468,0.4919163073618866,100.0,100.0,1.0,0.0,0.0,6.268963587347614,47.58461199754562,275.0007236204293,False,False,0.0,0.0,False,0.0,0,0,0,True
236,95,0.050000000000000044,102.11504883634714,102.94492258693964,102.97149291880162,110.46430608336678,10.211504883634714,0.5122290487338955,0.0,47.686595450988804,0.0,276.2582391412984,157.027424801488,1.0913882835496191,0.08430199155255305,0.09912336078281823,0.10077405588820185,0.006927149553052567,0.4920983167377953,100.0,100.0,1.0,0.0,0.0,6.268963587347614,47.686595450988804,276.2582391412984,False,False,0.0,0.0,False,0.0,0,0,0,True
237,94,0.06000000000000005,101.04015358543822,102.00246161221277,101.8071590856911,109.38662439714066,10.104015358543823,0.6146748584806746,0.0,47.796143739709755,0.0,277.68559914782395,156.83212227496634,1.0905330724196887,0.08344499513508093,0.09828606615094018,0.10285787855321123,0.010253658493392003,0.4893973093428765,99.0,99.0,1.0,0.0,0.0,6.268963587347614,47.796143739709755,277.68559914782395,False,False,0.0,0.0,False,0.0,0,0,0,True
238,95,0.050000000000000044,102.0137993164395,102.97843254323871,102.90441497205919,110.36643154745607,10.211504883634714,0.5122290487338955,0.0,47.91251098662771,0.0,279.5321528229867,156.75810470378678,1.0896785355425362,0.0825959515606239,0.09742152733903006,0.1013961020801624,0.008263967155614223,0.49307545294976274,100.0,100.0,1.0,0.0,0.0,6.268963587347614,47.91251098662771,279.5321528229867,False,False,0.0,0.0,False,0.0,0,0,0,True
239,95,0.050000000000000044,102.0895670594922,103.11245688897166,102.97149291880162,110.44653045861274,10.211504883634714,0.5122290487338955,0.0,48.0392655369496,0.0,281.0107295575803,156.61714073361674,1.0888573431619157,0.08178598670252035,0.09656266652122764,0.09872568938264625,0.008391211207097208,0.49395183218015737,100.0,100.0,1.0,0.0,0.0,6.268963587347614,48.0392655369496,281.0107295575803,False,False,0.0,0.0,False,0.0,0,0,0,True
240,95,0.050000000000000044,102.08690480354512,103.2695258788263,102.97149291880162,110.55480121496602,10.211504883634714,0.5122290487338955,0.0,48.2835498243975,0.0,282.6120271959783,156.31910777359204,1.088089778560929,0.08102942738255596,0.09575690930281713,0.09471935673859491,0.00840907754766253,0.49544104269821415,100.0,100.0,1.0,0.0,0.0,6.268963587347614,48.2835498243975,282.6120271959783,False,False,0.0,0.0,False,0.0,0,0,0,True
241,95,0.050000000000000044,102.08724594354155,103.4163355683975,102.90441497205919,110.65686594956365,10.211504883634714,0.5122290487338955,0.0,44.167167582271674,0.0,284.3119219708642,155.80718717725375,1.0873915328357537,0.08034150608577992,0.09502044467390938,0.08964616844187029,0.008266416136589374,0.4971439471933413,100.0,100.0,1.0,0.0,0.0,3.583901496872771,44.167167582271674,284.3119219708642,False,False,0.0,0.0,False,0.0,1,1,0,True
242,95,0.050000000000000044,102.08780421504666,103.586936603653,102.97149291880162,110.79107270603323,10.211504883634714,0.5122290487338955,0.0,44.445307201838546,0.0,286.1413855573324,155.19174349240234,1.0867693448448814,0.07973383812301163,0.09433476989725852,0.08312852660013909,0.00805254363161657,0.49948541703555316,101.0,101.0,1.0,0.0,0.0,3.583901496872771,44.445307201838546,286.1413855573324,False,False,0.0,0.0,False,0.0,0,0,0,True
243,97,0.030000000000000027,104.24185502728051,105.6455545701903,105.18732720865165,112.95119931570481,10.426483933816499,0.3073374292403373,0.0,44.733910491240565,0.0,287.7400128437694,154.7335161308637,1.086244587020438,0.07922202769883306,0.09373979084637236,0.07155485933024261,0.02374441008702699,0.5076510464618864,100.0,100.0,1.0,0.0,0.0,3.583901496872771,44.733910491240565,287.7400128437694,False,False,0.0,0.0,False,0.0,0,0,0,True
244,97,0.030000000000000027,103.8259083518263,105.39767311845463,105.21317041695669,112.65735647175237,10.426483933816499,0.3073374292403373,0.0,45.159637479116554,0.0,289.357525666934,154.54901342936571,1.0858565162305944,0.07884125160792596,0.09325032033868946,0.06436280969457962,0.013970848274617384,0.5073332095460749,99.0,99.0,1.0,0.0,0.0,3.583901496872771,45.159637479116554,289.357525666934,False,False,0.0,0.0,False,0.0,0,0,0,True
245,97,0.030000000000000027,104.26483933816499,105.73452050705085,105.18732720865165,112.99408854780162,10.426483933816499,0.3073374292403373,0.0,45.50532179316752,0.0,290.30159065941,154.00182013096654,1.0855568034880443,0.07854151076806434,0.09290780098653002,0.055896775052164074,0.012852730253406447,0.5097690604584668,98.0,98.0,1.0,0.0,0.0,3.583901496872771,45.50532179316752,290.30159065941,False,False,0.0,0.0,False,0.0,0,0,0,True
246,97,0.030000000000000027,104.26483933816499,105.74808512557757,105.27807795212311,112.99408854780162,10.426483933816499,0.3073374292403373,0.0,45.86899665896234,0.0,291.15535914019983,153.5318129575121,1.0853557251018897,0.07833493607908941,0.09266601927791798,0.048520497125616395,0.009482312804116742,0.5111912522955802,98.0,98.0,1.0,0.0,0.0,3.583901496872771,45.86899665896234,291.15535914019983,False,False,0.0,0.0,False,0.0,0,0,0,True
247,97,0.030000000000000027,104.26483933816499,105.75588996320097,105.27807795212311,112.99408854780162,10.426483933816499,0.3073374292403373,0.0,41.79751793721037,0.0,292.0524529968602,153.05400094643426,1.0852459502145442,0.07820781292465999,0.09256238213703769,0.041992979864623206,0.007552154427202307,0.5129001743222554,97.0,97.0,1.0,0.0,0.0,0.9114532407118587,41.79751793721037,292.0524529968602,False,False,0.0,0.0,False,0.0,1,1,0,True
248,98,0.020000000000000018,105.33973458907391,106.87864370071891,106.39665635560506,114.19022369067791,10.53397345890739,0.2048916194935582,0.0,42.08442263890866,0.0,293.0059610781407,152.57201360132038,1.0852155538597803,0.07814905306298008,0.09259307562968559,0.032713414944573596,0.014956515255530808,0.5185426183968296,98.0,98.0,1.0,0.0,0.0,0.9114532407118587,42.08442263890866,293.0059610781407,False,False,0.0,0.0,False,0.0,0,0,0,True
249,99,0.010000000000000009,106.41462983998282,107.88248327730952,107.39120544437914,115.2684428245295,10.64146298399828,0.1024458097467791,0.0,42.384538975071806,0.0,293.4243555125766,152.08073576839,1.0853056762848716,0.07819516417783667,0.09277811589124726,0.02357123131760869,0.019675068320764225,0.5231345268330833,98.0,98.0,1.0,0.0,0.0,0.9114532407118587,42.384538975071806,293.4243555125766,False,False,0.0,0.0,False,0.0,0,0,0,True
250,99,0.010000000000000009,106.080226197034,107.55804558928688,107.53039128228356,114.94011924781613,10.64146298399828,0.1024458097467791,0.0,38.324562222086236,0.0,276.4415526560666,152.05308146138668,1.0855070562446296,0.07835410437256922,0.09289181060622743,0.016997272104777503,0.010406756188016291,0.523390125952923,100.0,100.0,1.0,0.0,0.0,16.586493159363997,38.324562222086236,276.4415526560666,False,True,18.304115238219524,0.062101388525868,False,0.0,1,1,0,True
251,98,0.020000000000000018,105.33973458907391,150.58587660816215,106.39864907728288,160.94875546978676,10.53397345890739,0.2048916194935582,0.0,85.1892546339337,0.572522239920704,322.0891223177928,107.8658539305074,1.0858044743526443,0.07859156847876994,0.09325876934871098,-0.36234789286157215,0.4098081182164461,0.8260829036977502,105.0,0.0,0.0,0.0,0.0,16.586493159363997,85.7617768738544,322.0891223177928,False,False,0.0,0.0,False,0.0,0,0,0,True
252,100,0.0,107.48952509089175,128.52878676060988,108.20402721344064,137.99228572156667,10.748952509089172,0.0,0.0,109.37659251436718,0.0,341.2781275074145,87.54109438333818,1.0908826140031092,0.08355341562619248,0.09426255053943197,-0.4921101895492736,0.06636651539757865,0.8567918378344463,91.0,0.0,0.0,0.0,0.0,16.586493159363997,109.37659251436718,341.2781275074145,False,False,0.0,0.0,False,0.0,0,0,0,True
253,100,0.0,107.42972445416734,107.48006575826317,108.20402721344064,116.07173661286512,10.748952509089172,0.0,0.0,104.05729834134654,0.0,339.5903156133044,88.26505583851565,1.0974576479024531,0.09001948839097969,0.09535905995423521,-0.4655069299403688,0.1265618423232025,0.775343990479372,91.0,17.0,0.18681318681318682,0.0,0.0,11.243689711696211,104.05729834134654,339.5903156133044,False,False,0.0,0.0,False,0.0,2,2,0,True
254,100,0.0,104.8530612481008,96.03863351373147,108.20402721344064,104.2782893366711,10.748952509089172,0.0,0.0,98.14905889958548,0.0,329.44897596878536,100.43044953822479,1.1035387451988474,0.09602032099927356,0.09634839632961063,-0.352790241573295,0.1874840418252465,0.6696687151584937,92.0,92.0,1.0,0.0,0.0,11.243689711696211,98.14905889958548,329.44897596878536,False,False,0.0,0.0,False,0.0,0,0,0,True
255,99,0.010000000000000009,103.8336617562448,94.84147287440193,107.30133814536177,103.39136041194574,10.64146298399828,0.1024458097467791,0.0,87.60333872055378,0.0,320.7299811924877,112.89031480918463,1.1080504390988333,0.10049377789119855,0.0971363404582576,-0.23812562770212414,0.14770096539591843,0.614933453925284,94.0,94.0,1.0,0.0,0.0,8.563183259133766,87.60333872055378,320.7299811924877,False,False,0.0,0.0,False,0.0,1,1,0,True
256,99,0.010000000000000009,104.22121246057664,95.25019387491224,107.43099742848455,104.105805052476,10.64146298399828,0.1024458097467791,0.0,81.30318917488938,0.0,312.23039082729747,125.0711183627569,1.1110168992565668,0.10344729817881312,0.09786072193945666,-0.13051341669332894,0.10264797776844732,0.5733952598409904,95.0,95.0,1.0,0.0,0.0,8.563183259133766,81.30318917488938,312.23039082729747,False,False,0.0,0.0,False,0.0,0,0,0,True
257,99,0.010000000000000009,102.82543589233079,94.13613714236885,107.31602268266019,103.01809235757192,10.64146298399828,0.1024458097467791,0.0,74.98322294279534,0.0,306.2961443623578,138.25100390304826,1.1125752362908763,0.10500018669298387,0.09866092571707841,-0.013891423308741862,0.08386467500316389,0.5266298287599098,99.0,99.0,1.0,0.0,0.0,8.563183259133766,74.98322294279534,306.2961443623578,False,False,0.0,0.0,False,0.0,0,0,0,True
258,94,0.06000000000000005,100.47757292317021,92.47777631976894,101.91546872335542,101.19292919005781,10.104015358543823,0.6146748584806746,0.0,68.88226320358119,0.0,299.4830980800044,147.68869630663477,1.1126328034082928,0.10506936001023828,0.09942916329025113,0.08237906193324226,0.07592247206299343,0.4868368206552346,96.0,96.0,1.0,0.0,0.0,8.563183259133766,68.88226320358119,299.4830980800044,False,False,0.0,0.0,False,0.0,0,0,0,True
259,96,0.040000000000000036,102.51393974576438,95.20664599766184,104.1175059326961,104.0763547629084,10.318994408725608,0.4097832389871164,0.0,63.30076071860452,0.0,293.8209476546017,156.599556241669,1.1116756234092224,0.10411887110014453,0.09987388836192261,0.1611261664512868,0.02566688080967961,0.4677449989219216,96.0,96.0,1.0,0.0,0.0,8.563183259133766,63.30076071860452,293.8209476546017,False,False,0.0,0.0,False,0.0,0,0,0,True
260,90,0.09999999999999998,96.34675182963261,91.0670708050322,97.42867825103548,99.38718726460996,9.674057258180255,1.024458097467791,0.0,58.93706114683572,0.0,289.37148546772926,162.96116368767224,1.1098837794970768,0.10233075073282179,0.09985688918963546,0.23513679473967802,0.060558278668022526,0.436954597368739,96.0,96.0,1.0,0.0,0.0,8.563183259133766,58.93706114683572,289.37148546772926,False,False,0.0,0.0,False,0.0,0,0,0,True
261,87,0.13,93.49170674963273,90.98130760020146,94.51424826617742,99.069698139899,9.35158868290758,1.3317955267081283,0.0,56.898947359523376,0.0,286.99502038466767,166.49410435364825,1.1073704210193185,0.09982331949036402,0.09958868820594739,0.27649966875910886,0.04333167811549452,0.4294870013846827,95.0,49.0,0.5157894736842106,0.0,0.0,8.563183259133766,56.898947359523376,286.99502038466767,False,False,0.0,0.0,False,0.0,0,0,0,True
262,87,0.13,92.98735610168427,92.18722126009017,94.51424826617742,100.11301681296621,9.35158868290758,1.3317955267081283,0.0,56.30243273019033,0.0,286.32421154346775,168.82113135973543,1.104454014482092,0.09689407815385817,0.09948495645894562,0.29893128496514565,0.017406766183111006,0.42947458313815917,98.0,46.0,0.46938775510204084,0.0,0.0,8.563183259133766,56.30243273019033,286.32421154346775,False,False,0.0,0.0,False,0.0,0,0,0,True
263,87,0.13,92.65727609822181,92.90749913643491,94.51424826617742,100.60012966028368,9.35158868290758,1.3317955267081283,0.0,56.49206636306658,0.17863702425360295,286.6279971727507,170.42788048947793,1.1013430390317027,0.09375561759313633,0.099538800216383,0.31084646446461,0.005716764283092593,0.4292156736563684,98.0,46.0,0.46938775510204084,0.0,0.0,8.563183259133766,56.67070338732018,286.6279971727507,False,False,0.0,0.0,False,0.0,0,0,0,True
264,87,0.13,92.54380351847345,93.11236133819186,94.51424826617742,100.51486052937773,9.35158868290758,1.3317955267081283,0.0,48.10684620520238,0.3649754101856576,287.01609924706327,171.82976741746347,1.0981594398690482,0.09053251404976255,0.09974076714978798,0.3199869039602331,0.004247464921461487,0.42756541942492055,97.0,47.0,0.4845360824742268,0.0,0.0,3.3954274195926755,48.47182161538804,287.01609924706327,False,False,0.0,0.0,False,0.0,2,2,0,True
265,87,0.13,90.93880652571602,91.16518067817222,94.51424826617742,98.10454076469271,9.35158868290758,1.3317955267081283,0.0,42.835778346086805,0.0,288.51760790453045,175.17883500546867,1.0949365022712292,0.08725993124600324,0.10007839185517725,0.35303892022256234,0.021847955724530167,0.4144883822254631,100.0,100.0,1.0,0.0,0.0,0.8411933289583575,42.835778346086805,288.51760790453045,False,False,0.0,0.0,False,0.0,1,1,0,True
266,87,0.13,92.99491594631613,93.75690117319125,94.51424826617742,100.54268555092473,9.35158868290758,1.3317955267081283,0.0,37.491598313456954,0.0,272.7406704498423,175.93618209845485,1.0914015089309685,0.08366454175778355,0.100544897705065,0.3519109308342422,0.013298273951176021,0.42272191944559995,99.0,99.0,1.0,0.0,0.0,16.364440226990535,37.491598313456954,272.7406704498423,False,True,18.185975259172107,0.0625105177796666,False,0.0,1,1,0,True
267,87,0.13,93.51588682907581,138.35889534270922,94.51424826617742,147.86210757023156,9.35158868290758,1.3317955267081283,0.0,83.10562126567572,0.06574038618776079,317.80104289427817,132.09153502192305,1.0879502988408882,0.08014704012499226,0.10111475546562801,-0.1203474587059383,0.4879291655520818,0.6920998880210554,102.0,0.0,0.0,0.0,0.0,16.364440226990535,83.17136165186348,317.80104289427817,False,False,0.0,0.0,False,0.0,0,0,0,True
268,100,0.0,107.48952509089173,130.32249672768373,108.18832626824236,139.51034544178142,10.748952509089175,0.0,0.0,108.70257971417514,0.0,339.00791891060527,109.95736456248169,1.0898941026629387,0.08205787026598829,0.10166937586034094,-0.3094140381096069,0.21578158253185373,0.7514702088026516,94.0,0.0,0.0,0.0,0.0,16.364440226990535,108.70257971417514,339.00791891060527,False,False,0.0,0.0,False,0.0,0,0,0,True
269,100,0.0,107.48952509089173,108.00063574198612,108.18832626824236,116.06647561331464,10.748952509089175,0.0,0.0,112.1878184686942,0.0,336.83591692393895,110.14505508873792,1.0941255248853485,0.08628109035083972,0.10188786091575544,-0.2911865775210273,0.0561340386258803,0.6784599693617941,93.0,19.0,0.20430107526881722,0.0,0.0,16.364440226990535,112.1878184686942,336.83591692393895,False,False,0.0,0.0,False,0.0,0,0,0,True
270,99,0.010000000000000009,106.00474374267623,101.64378473809377,107.29516375494512,109.63508038345753,10.641462983998283,0.1024458097467791,0.0,110.91287037575381,0.15303006951168352,330.7303621193844,115.79643410558926,1.0979896967412146,0.09018984233459482,0.10155273347978447,-0.23204127122227947,0.09564796109903898,0.649094002837281,96.0,36.0,0.375,0.0,0.0,16.364440226990535,111.0659004452655,330.7303621193844,False,False,0.0,0.0,False,0.0,0,0,0,True
271,95,0.050000000000000044,101.31122718310812,97.49350578761607,102.71184087544779,105.46039630559797,10.211504883634715,0.5122290487338955,0.0,110.11057712245996,0.8200008764895381,326.3975350368949,121.01476919342096,1.101004304352959,0.09328400748889024,0.10100317327682032,-0.16884159335602805,0.10563571484286957,0.6223178930432266,96.0,34.0,0.3541666666666667,0.0,0.0,16.364440226990535,110.9305779989495,326.3975350368949,False,False,0.0,0.0,False,0.0,0,0,0,True
272,98,0.020000000000000018,103.93727138172088,97.76762330032433,106.08320060701695,105.97718784479451,10.53397345890739,0.2048916194935582,0.0,102.74689226051564,1.1174844610294012,320.38410665129544,129.3303465001136,1.1031303873427836,0.09553935152508428,0.10025323745088209,-0.09198588607632865,0.07223185357416802,0.5982407853656219,98.0,41.0,0.41836734693877553,0.0,0.0,13.727287937151504,103.86437672154504,320.38410665129544,False,False,0.0,0.0,False,0.0,1,1,0,True
273,98,0.020000000000000018,100.17257916716451,92.54521342881482,106.30901600753448,100.43058665312459,10.53397345890739,0.2048916194935582,0.0,97.61332179276653,0.0,314.30076690359147,143.09414907883323,1.1042321554982806,0.09679719278074259,0.09948506518498196,0.034298469996949445,0.10126982043607946,0.5318047635293814,98.0,98.0,1.0,0.0,0.0,13.727287937151504,97.61332179276653,314.30076690359147,False,False,0.0,0.0,False,0.0,0,0,0,True
274,95,0.050000000000000044,100.2715175326131,92.95437794636084,103.30797128411415,100.83522433504655,10.211504883634715,0.5122290487338955,0.0,88.05875613638477,0.10670221463272289,308.61837455360995,153.44774241658652,1.1037035839863418,0.09643674465724614,0.09875832022257458,0.12886027469380604,0.06760036786963484,0.5015324723615637,97.0,56.0,0.5773195876288659,0.0,0.0,11.04249330882908,88.16545835101749,308.61837455360995,False,False,0.0,0.0,False,0.0,1,1,0,True
275,95,0.050000000000000044,100.90393470987134,94.61020181544691,103.28520775515466,102.47708973372069,10.211504883634714,0.5122290487338955,0.0,79.00351857160598,0.0,303.76005890275525,162.12274835629427,1.1020239605494422,0.09490941395047969,0.09812891624164052,0.20529816700112966,0.030411923269636005,0.46705977016394407,98.0,98.0,1.0,0.0,0.0,8.349977266813188,79.00351857160598,303.76005890275525,False,False,0.0,0.0,False,0.0,1,1,0,True
276,96,0.040000000000000036,103.00101131519057,97.91417004570148,104.81178444636537,105.8169127728438,10.318994408725604,0.4097832389871164,0.0,66.23136048738775,0.0,299.0197384151214,169.0203627569582,1.0994546996855292,0.09245982611970353,0.09734620149803741,0.2474813728679282,0.020500170249731754,0.4510492308061317,96.0,96.0,1.0,0.0,0.0,2.9674459378722524,66.23136048738775,299.0197384151214,False,False,0.0,0.0,False,0.0,2,2,0,True
277,90,0.09999999999999998,96.74057258180255,93.93188774375808,97.73731105158782,101.24345840645513,9.674057258180255,1.024458097467791,0.0,63.482629382157334,0.0,295.331346786475,172.82578606478793,1.0964884686039513,0.08953603048509422,0.09673415718316822,0.287725682320534,0.03199548293285119,0.42833505258391263,97.0,97.0,1.0,0.0,0.0,2.9674459378722524,63.482629382157334,295.331346786475,False,False,0.0,0.0,False,0.0,0,0,0,True
278,89,0.10999999999999999,95.38034384897779,93.50161074364706,96.52798190463442,100.47175268312326,9.566567733089364,1.1269039072145701,0.0,61.18441196994118,0.0,293.8966790243001,175.85215722577527,1.093097688476542,0.08617199579225694,0.09611894000768736,0.32155880675685966,0.02665938036049175,0.42081316214230224,98.0,98.0,1.0,0.0,0.0,2.9674459378722524,61.18441196994118,293.8966790243001,False,False,0.0,0.0,False,0.0,0,0,0,True
279,89,0.10999999999999999,95.3120583255567,94.23701373972746,96.52798190463442,100.92025804358605,9.566567733089364,1.1269039072145701,0.0,59.28337862813047,0.0,293.3965217447201,178.14312539068223,1.0893595374475962,0.08245664922076217,0.09546891723396024,0.3435397750297439,0.013146259883242108,0.4190614958815858,98.0,98.0,1.0,0.0,0.0,2.9674459378722524,59.28337862813047,293.3965217447201,False,False,0.0,0.0,False,0.0,0,0,0,True
280,89,0.10999999999999999,95.38530844763602,95.28384314024254,96.52798190463442,101.67895345993551,9.566567733089364,1.1269039072145701,0.0,57.96885453601841,0.0,293.7116100750751,179.3872641550741,1.0854425530834266,0.07855517802755536,0.09483031137146881,0.3515829233947287,0.006978978834928966,0.4204486939160015,98.0,98.0,1.0,0.0,0.0,2.9674459378722524,57.96885453601841,293.7116100750751,False,False,0.0,0.0,False,0.0,0,0,0,True
281,89,0.10999999999999999,95.4959803884463,95.85307460834508,96.52798190463442,101.94317731813165,9.566567733089364,1.1269039072145701,0.0,52.259598337658566,0.0,293.95564502641537,180.0621714513634,1.0816801095506041,0.07480403482508942,0.09407563045484776,0.35311324536309063,0.009949297306597866,0.42132763693617725,98.0,98.0,1.0,0.0,0.0,0.2795228250645856,52.259598337658566,293.95564502641537,False,False,0.0,0.0,False,0.0,1,1,0,True
282,89,0.10999999999999999,95.5321032683365,96.4112231278662,96.52798190463442,102.21395934810322,9.566567733089364,1.1269039072145701,0.0,50.96774462280317,0.0,294.3982231127312,180.17893022813166,1.0781034800663793,0.0712348482095984,0.09325770671624045,0.3488888372515718,0.013035361806898441,0.4232924923763995,99.0,99.0,1.0,0.0,0.0,0.2795228250645856,50.96774462280317,294.3982231127312,False,False,0.0,0.0,False,0.0,0,0,0,True
283,89,0.10999999999999999,95.55538970448745,97.04714914921674,96.52798190463442,102.58584147393431,9.566567733089364,1.1269039072145701,0.0,49.95725426987126,0.0,295.1478460374955,179.65976298354937,1.0747387918783462,0.06787355505002216,0.09243427509427997,0.33846936334238686,0.015803286544957572,0.426788672584214,99.0,99.0,1.0,0.0,0.0,0.2795228250645856,49.95725426987126,295.1478460374955,False,False,0.0,0.0,False,0.0,0,0,0,True
284,89,0.10999999999999999,95.58150679147917,97.56213637029234,96.52798190463442,102.85121313591635,9.566567733089364,1.1269039072145701,0.0,44.730661361396194,0.0,277.0673347233494,178.6256085178914,1.071627959738933,0.0647620781581896,0.09165049168352407,0.3237821252856639,0.016611094303037307,0.43091628167757107,99.0,99.0,1.0,0.0,0.0,16.624040083400963,44.730661361396194,277.0673347233494,False,True,18.98617798636425,0.06413089921679319,False,0.0,1,1,0,True
285,89,0.10999999999999999,95.66567733089363,141.26219847003708,96.52798190463442,148.55460909542117,9.566567733089364,1.1269039072145701,0.0,89.25405262119392,0.3175067400305087,320.70720549481814,133.8913919524887,1.0688004073624224,0.06192995696893404,0.09093740722626686,-0.13356574052167663,0.4640245883918577,0.6953690536642649,103.0,0.0,0.0,0.0,0.0,16.624040083400963,89.57155936122443,320.70720549481814,False,False,0.0,0.0,False,0.0,0,0,0,True
286,100,0.0,107.417600552106,126.11137359428271,107.50280277684371,132.92680038533067,10.748952509089175,0.0,0.0,108.65937519682949,0.6876463648577658,336.2031283236277,115.28282113504974,1.0713347113555103,0.06438667727397449,0.0913664454070791,-0.27978172507007115,0.14124920319739073,0.7145342463106752,97.0,0.0,0.0,0.0,0.0,16.624040083400963,109.34702156168726,336.2031283236277,False,False,0.0,0.0,False,0.0,0,0,0,True
287,100,0.0,105.66779886756672,104.16077686945474,107.50280277684371,110.23201601214491,10.748952509089175,0.0,0.0,108.12963206793589,3.0277980708550745,333.8741958519172,118.6248470424387,1.0755950697020378,0.06862074190489642,0.09169448781860284,-0.22985058672346267,0.09723799450045642,0.6299319161277163,98.0,32.0,0.32653061224489793,0.0,0.0,16.624040083400963,111.15743013879096,333.8741958519172,False,False,0.0,0.0,False,0.0,0,0,0,True
288,94,0.06000000000000005,99.2224336025013,97.39566888113995,101.6215351796118,103.42856429197936,10.104015358543823,0.6146748584806746,0.0,107.24449519652673,4.806614446898881,331.0784229882112,122.85071334091053,1.07911983004232,0.0721953533489926,0.09166964237865978,-0.16864044134214695,0.1292201795443252,0.5949217749977789,95.0,35.0,0.3684210526315789,0.0,0.0,16.624040083400963,112.0511096434256,331.0784229882112,False,False,0.0,0.0,False,0.0,0,0,0,True
289,99,0.010000000000000009,103.86499515439394,99.12306180705076,106.92856930517817,105.54423791768191,10.641462983998283,0.1024458097467791,0.0,103.7611863803045,6.7248695019583895,325.9542297296034,130.65622083903796,1.0818194005488553,0.07497552916716228,0.09160465708568884,-0.09138523655623257,0.07625173499440797,0.5705267966063581,97.0,44.0,0.4536082474226804,0.0,0.0,16.624040083400963,110.48605588226289,325.9542297296034,False,False,0.0,0.0,False,0.0,0,0,0,True
290,98,0.020000000000000018,102.68770706974087,99.27821775252112,106.36220925754247,105.89937192631032,10.53397345890739,0.2048916194935582,0.0,101.6340604942236,9.073304301671435,322.80800155912567,137.7402123440593,1.0834820632419264,0.07677901632910074,0.09099138500014073,-0.03213925472838951,0.051887167824773595,0.5516339091622031,95.0,38.0,0.4,0.0,0.0,16.624040083400963,110.70736479589505,322.80800155912567,False,False,0.0,0.0,False,0.0,0,0,0,True
291,99,0.010000000000000009,103.78901501389652,100.25159603262644,107.33675605131991,107.04711433031494,10.641462983998283,0.1024458097467791,0.0,95.18431796554476,11.270625449913409,319.45930525101835,144.8253723627528,1.084422645579882,0.07785801821693758,0.09050739980454342,0.02212138785033594,0.026594516126768136,0.5368127767424781,95.0,37.0,0.3894736842105263,0.0,0.0,14.0720572388662,106.45494341545817,319.45930525101835,False,False,0.0,0.0,False,0.0,1,1,0,True
292,98,0.020000000000000018,99.24502480234139,94.18736615260444,105.99408197977044,100.60722941822573,10.53397345890739,0.2048916194935582,0.0,86.64864027269317,7.2394253092580785,310.700853864974,156.6320881899188,1.08471507588641,0.07828508156938348,0.09012685906290725,0.13232770983394365,0.07769484171340048,0.48311676462451514,97.0,97.0,1.0,0.0,0.0,11.604423410114096,93.88806558195125,310.700853864974,False,False,0.0,0.0,False,0.0,1,1,0,True
293,92,0.07999999999999996,93.9919722337097,90.93454891225018,99.88899792205711,97.05328035257398,9.88903630836204,0.8195664779742328,0.0,79.0491779993604,4.456149566548434,305.4545210831483,165.58653719972568,1.0836666108712887,0.07740339101691403,0.08946148586050162,0.22664351462686044,0.08718380569189248,0.44533550707322583,98.0,98.0,1.0,0.0,0.0,8.927434246338489,83.50532756590883,305.4545210831483,False,False,0.0,0.0,False,0.0,1,1,0,True
294,95,0.050000000000000044,98.34634332293206,96.26160988025863,103.4667092420976,102.56610297346612,10.211504883634715,0.5122290487338955,0.0,72.21233655347737,2.474039126210833,302.28318724304256,172.79163656156464,1.0817572783984366,0.0756183542134607,0.08901502440640263,0.2804088978456404,0.012222200282696709,0.44033295517743254,100.0,100.0,1.0,0.0,0.0,6.259325995142795,74.68637567968821,302.28318724304256,False,False,0.0,0.0,False,0.0,1,1,0,True
295,89,0.10999999999999999,94.5933276545939,94.27580221630942,96.52798190463442,100.23068454045747,9.566567733089364,1.1269039072145701,0.0,66.48797497550042,0.9008626366935993,300.680057968192,175.04381624988963,1.0793344628235917,0.07324571773751017,0.08871088816375786,0.3055187506129348,0.02497939603370358,0.4278850374645139,98.0,98.0,1.0,0.0,0.0,3.603477013991032,67.38883761219402,300.680057968192,False,False,0.0,0.0,False,0.0,1,1,0,True
296,89,0.10999999999999999,94.36309943569725,94.91500229494419,96.52798190463442,100.67726221037415,9.566567733089364,1.1269039072145701,0.0,65.56891959989497,0.03865785865745919,301.17150862311513,176.6567958595799,1.0768167495117933,0.07074710264719504,0.0885064170688969,0.32045679159864154,0.01268139942186849,0.4263725295489832,99.0,99.0,1.0,0.0,0.0,3.603477013991032,65.60757745855243,301.17150862311513,False,False,0.0,0.0,False,0.0,0,0,0,True
297,89,0.10999999999999999,94.60244740135167,95.7964107342259,96.52798190463442,101.38428588508319,9.566567733089364,1.1269039072145701,0.0,65.06970926062282,0.0,302.15770701148824,177.3883670299884,1.0743996164009644,0.06831615373863913,0.08837042190472058,0.32394251822279163,0.006126724797472413,0.42768143587844926,98.0,98.0,1.0,0.0,0.0,3.603477013991032,65.06970926062282,302.15770701148824,False,False,0.0,0.0,False,0.0,0,0,0,True
298,89,0.10999999999999999,95.49865474178006,96.92098109582813,96.52798190463442,102.35345548540894,9.566567733089364,1.1269039072145701,0.0,64.61748062883443,0.0,302.89842313585746,176.99536783879466,1.0721059583515136,0.06598330460856991,0.08831216877818156,0.31466847858012986,0.013006590171751861,0.43223418451328877,97.0,97.0,1.0,0.0,0.0,3.603477013991032,64.61748062883443,302.89842313585746,False,False,0.0,0.0,False,0.0,0,0,0,True
299,90,0.09999999999999998,96.41033031491898,98.18880295582066,97.56033025583608,103.48247058394554,9.674057258180255,1.024458097467791,0.0,64.35401233768565,0.0,304.1552142289022,176.36689513881007,1.0699819971042506,0.06380208700212867,0.08834567222869552,0.2999801961109619,0.02204161548707116,0.4380910043583162,97.0,97.0,1.0,0.0,0.0,3.603477013991032,64.35401233768565,304.1552142289022,False,False,0.0,0.0,False,0.0,0,0,0,True
300,90,0.09999999999999998,96.60408956292832,98.63193878587197,97.56033025583608,103.7589397468612,9.674057258180255,1.024458097467791,0.0,59.77768201212729,0.0,305.12977814092557,175.2952866087742,1.0680913306542892,0.06184268815945086,0.0884793656835226,0.2832624926045632,0.019541934876757986,0.4420987572699552,95.0,95.0,1.0,0.0,0.0,0.9743608996633939,59.77768201212729,305.12977814092557,False,False,0.0,0.0,False,0.0,1,1,0,True
301,90,0.09999999999999998,96.62376674522156,99.11872068341256,97.56033025583608,104.0996305243717,9.674057258180255,1.024458097467791,0.0,59.666058149800094,0.0,306.35215465429144,173.7368961811977,1.0664289227243642,0.06010388682981853,0.08870622943622115,0.263737164867095,0.01824204137679463,0.4473944754022655,96.0,96.0,1.0,0.0,0.0,0.9743608996633939,59.666058149800094,306.35215465429144,False,False,0.0,0.0,False,0.0,0,0,0,True
302,90,0.09999999999999998,96.64790365063104,99.46992671918021,97.56033025583608,104.31812037206707,9.674057258180255,1.024458097467791,0.0,59.7429779558362,0.0,307.6667267267861,171.82729971785355,1.065006747805173,0.05860078682316603,0.08901730443691605,0.2428156782359896,0.015922983905312445,0.4531110334735621,96.0,96.0,1.0,0.0,0.0,0.9743608996633939,59.7429779558362,307.6667267267861,False,False,0.0,0.0,False,0.0,0,0,0,True
303,91,0.08999999999999997,97.2851397802718,100.2501198966516,98.5659266351715,105.01129706161925,9.781546783271148,0.9220122877210118,0.0,59.87479776682142,0.0,309.6060387866514,170.1431064563734,1.0638713412510843,0.05737972072534529,0.08940355542680828,0.2229590360322587,0.018666009330818713,0.459761149253497,97.0,97.0,1.0,0.0,0.0,0.9743608996633939,59.87479776682142,309.6060387866514,False,False,0.0,0.0,False,0.0,0,0,0,True
304,91,0.08999999999999997,97.39471305349656,100.63559070144672,98.5659266351715,105.31173295495553,9.781546783271148,0.9220122877210118,0.0,55.65899464942615,0.0,292.27268735730723,168.0734423900982,1.0629681718407675,0.0563956881309909,0.08984864528629026,0.20145087532881983,0.016483358996194943,0.4660642545841944,96.0,96.0,1.0,0.0,0.0,17.53636124143843,55.65899464942615,292.27268735730723,False,True,19.2892078734875,0.06191131896664928,False,0.0,1,1,0,True
305,91,0.08999999999999997,97.81546783271148,142.3445618683822,98.5659266351715,148.84562237076577,9.781546783271148,0.9220122877210118,0.0,98.8822677571855,0.9543045151530973,334.47559962724347,124.2948071568875,1.062304226152931,0.05565763054783348,0.09033732143682027,-0.21802132391593948,0.43015553743849244,0.7395217672965072,100.0,0.0,0.0,0.0,0.0,17.53636124143843,99.8365722723386,334.47559962724347,False,False,0.0,0.0,False,0.0,0,0,0,True
306,100,0.0,107.36079956849338,124.35416692244375,107.69393286205835,130.46474385132248,10.748952509089175,0.0,0.0,116.38341885122543,1.215643094595272,347.4970582929496,107.6345730965021,1.0660304588892837,0.05930660399008776,0.09132235196184099,-0.3426724556445062,0.10097337918536867,0.7622397451393834,94.0,0.0,0.0,0.0,0.0,17.53636124143843,117.5990619458207,347.4970582929496,False,False,0.0,0.0,False,0.0,0,0,0,True
307,100,0.0,106.34222270163843,104.53057322746176,107.69393286205835,110.18135858050192,10.748952509089175,0.0,0.0,106.6812927522924,2.4385817432011954,343.64283708802816,110.79793273109868,1.071203438001788,0.06443714546398778,0.0924002739779335,-0.29941676512943016,0.10304643936546305,0.6922863758774597,96.0,29.0,0.3020833333333333,0.0,0.0,12.226789395792718,109.1198744954936,343.64283708802816,False,False,0.0,0.0,False,0.0,2,2,0,True
308,96,0.040000000000000036,96.54936978325955,91.5306412368752,103.74770268410697,96.8695233048617,10.318994408725608,0.4097832389871164,0.0,97.53056385497793,1.481771450325561,337.41672501202834,123.01499417833044,1.0756999495649462,0.06894886972914886,0.09342566218541319,-0.17479179019019705,0.18856765961991523,0.5962127863116361,94.0,94.0,1.0,0.0,0.0,9.65029875208754,99.0123353053035,337.41672501202834,False,False,0.0,0.0,False,0.0,1,1,0,True
309,98,0.020000000000000018,97.97594859795262,92.82557632103186,105.19418523280075,98.47757546280563,10.53397345890739,0.2048916194935582,0.0,83.71881144801027,0.5034080486917696,330.9205750701576,135.38360309009934,1.0785114008296746,0.07182141681594692,0.09446403585376553,-0.04136829184419411,0.12567299727977946,0.5490702907854086,95.0,95.0,1.0,0.0,0.0,4.46010292118835,84.22221949670204,330.9205750701576,False,False,0.0,0.0,False,0.0,2,2,0,True
310,94,0.06000000000000005,97.76617818873646,93.11359397901086,101.89901910638629,98.9233764601157,10.104015358543823,0.6146748584806746,0.0,74.13269713262753,0.0,325.66244141284596,144.1690282174747,1.0798307665732938,0.07332591613824946,0.09404857166230272,0.04710423066223242,0.08683330475481782,0.5180597343589927,97.0,97.0,1.0,0.0,0.0,1.8311276717205218,74.13269713262753,325.66244141284596,False,False,0.0,0.0,False,0.0,1,1,0,True
311,99,0.010000000000000009,103.99483099662964,98.80373883040038,107.9018880432214,105.06421452853424,10.641462983998283,0.1024458097467791,0.0,68.31628191357899,0.0,320.2824534392971,153.26717743029573,1.0805939533386029,0.074250907483395,0.09342169502766814,0.1045595852663356,0.015100516519634174,0.511072991577096,98.0,98.0,1.0,0.0,0.0,1.8311276717205218,68.31628191357899,320.2824534392971,False,False,0.0,0.0,False,0.0,0,0,0,True
312,94,0.06000000000000005,100.8206374483589,96.49899726272142,102.1145592803513,102.63350863576295,10.104015358543823,0.6146748584806746,0.0,58.583851246367615,0.0,296.996333088639,158.88273944792562,1.0807687569266222,0.0745161059248625,0.09323219580034427,0.15035912303636892,0.02581073956661247,0.4863964704378915,96.0,96.0,1.0,0.0,0.0,17.81977998531834,58.583851246367615,296.996333088639,False,True,18.617862063770428,0.058989305138128854,False,0.0,1,1,0,True
313,97,0.030000000000000027,104.26483933816499,140.3330479923304,105.54964928647756,149.2233617986024,10.426483933816499,0.3073374292403373,0.0,91.29198708430154,0.9540089492099764,332.4823805644699,124.09934074207278,1.0805707703087162,0.07436570615604403,0.09317731750730006,-0.2092338119015873,0.42818061828488085,0.7402890512545909,100.0,0.0,0.0,0.0,0.0,15.080502735275985,92.24599603351152,332.4823805644699,False,False,0.0,0.0,False,0.0,1,1,0,True
314,100,0.0,107.46278272092388,114.74478600936122,108.2577164907142,122.35404689754982,10.748952509089172,0.0,0.0,100.18543483375171,0.0,335.9594343499541,117.61227122342578,1.0837404590641189,0.07751691907668246,0.09389580265663841,-0.25245414084512674,0.029647500945167736,0.6700340464264583,94.0,0.0,0.0,0.0,0.0,15.080502735275985,100.18543483375171,335.9594343499541,False,False,0.0,0.0,False,0.0,0,0,0,True
315,99,0.010000000000000009,105.98076595029076,105.15809808641825,107.35502742263532,112.50709026605439,10.64146298399828,0.1024458097467791,0.0,101.18183078848081,0.45775869547102566,332.70603255629567,119.80920055964286,1.0873770024901253,0.08112540006175802,0.09434544395416533,-0.21903290322266247,0.06506517480602467,0.6280405513053869,93.0,25.0,0.26881720430107525,0.0,0.0,15.080502735275985,101.63958948395184,332.70603255629567,False,False,0.0,0.0,False,0.0,0,0,0,True
316,96,0.040000000000000036,102.81744033598888,101.38469112035105,104.0382007518408,108.79395978465965,10.318994408725606,0.4097832389871164,0.0,101.69540875367186,0.6928552166481511,328.9812787277327,122.4627101911326,1.0905495249277983,0.08425314696538617,0.09461867038538899,-0.18111562760156572,0.07981014745311152,0.6070449744205431,93.0,28.0,0.3010752688172043,0.0,0.0,15.080502735275985,102.38826397032001,328.9812787277327,False,False,0.0,0.0,False,0.0,0,0,0,True
317,99,0.010000000000000009,105.45782449447384,101.48237562681805,107.01973581178589,109.1696927752406,10.64146298399828,0.1024458097467791,0.0,99.95593269597614,1.3751981039109866,324.13298813578945,128.00007037610044,1.093199507120456,0.08684967477518393,0.09492268707998021,-0.13109655549683402,0.05525897112556185,0.5945631890740779,94.0,37.0,0.39361702127659576,0.0,0.0,15.080502735275985,101.33113079988713,324.13298813578945,False,False,0.0,0.0,False,0.0,0,0,0,True
318,98,0.020000000000000018,103.6722559732585,100.39144211307162,106.07561023454232,108.19039368919297,10.53397345890739,0.2048916194935582,0.0,98.93724171809001,2.612073363865605,321.0726131345282,133.68423849757113,1.0951775373593944,0.08878418779104147,0.09541071578983353,-0.08168057331971562,0.048964458976702555,0.5759660375266514,95.0,39.0,0.4105263157894737,0.0,0.0,15.080502735275985,101.54931508195561,321.0726131345282,False,False,0.0,0.0,False,0.0,0,0,0,True
319,96,0.040000000000000036,101.23521874075865,98.49396268838376,103.40786020620628,106.26514063657346,10.318994408725608,0.4097832389871164,0.0,93.91908810369253,3.698742610628238,318.8145723614203,138.59813601539366,1.0965251555141147,0.09008915222047223,0.09610622852685931,-0.025928763043471314,0.052516478086343396,0.5457577730992426,96.0,41.0,0.4270833333333333,0.0,0.0,12.399511809860957,97.61783071432077,318.8145723614203,False,False,0.0,0.0,False,0.0,1,1,0,True
320,98,0.020000000000000018,100.18156086748908,96.59303109689507,106.36220925754247,104.27443073502417,10.53397345890739,0.2048916194935582,0.0,92.16095197576898,1.3745074859842774,314.45630417413054,148.36731417604105,1.0971091435956954,0.09069692233910771,0.09612495219841295,0.057347716376157265,0.05521888503245912,0.5052357535680991,96.0,96.0,1.0,0.0,0.0,12.399511809860957,93.53545946175326,314.45630417413054,False,False,0.0,0.0,False,0.0,0,0,0,True
321,95,0.050000000000000044,99.1212614782203,96.30218095047744,102.88309245494534,103.91207282815856,10.211504883634715,0.5122290487338955,0.0,91.02438927398437,0.0764204835138178,311.85445074879516,154.94822568050893,1.0965906097500984,0.09020712640160429,0.09601272242205276,0.11876146997576684,0.0414994259181481,0.4815848517755626,95.0,95.0,1.0,0.0,0.0,12.399511809860957,91.10080975749818,311.85445074879516,False,False,0.0,0.0,False,0.0,0,0,0,True
322,96,0.040000000000000036,101.2075006879619,98.70815247240608,104.05887308895002,106.3932201070591,10.318994408725608,0.4097832389871164,0.0,86.33152353184215,0.0,310.8121755872798,160.29894629705285,1.0954138025837925,0.08904462791064623,0.09588859810022547,0.16025474022452652,0.012174676283342224,0.47168906406330446,93.0,93.0,1.0,0.0,0.0,10.067301656136554,86.33152353184215,310.8121755872798,False,False,0.0,0.0,False,0.0,1,1,0,True
323,92,0.07999999999999996,98.46098017665238,96.98525288235192,99.46861570325036,104.38866656419981,9.88903630836204,0.8195664779742328,0.0,86.04358433246442,0.0,310.33175516576665,162.78230911795134,1.0938548243829327,0.08747088555269822,0.0957273026287676,0.18767226149956248,0.020621045370407202,0.45916152684190487,91.0,91.0,1.0,0.0,0.0,10.067301656136554,86.04358433246442,310.33175516576665,False,False,0.0,0.0,False,0.0,0,0,0,True
324,92,0.07999999999999996,98.21923940284518,97.16607551916277,99.46861570325036,104.41646295514794,9.88903630836204,0.8195664779742328,0.0,86.01019699230467,0.0,310.6511123544499,165.0848493020389,1.0920839074320994,0.08568309230914291,0.09549548845873376,0.21111901174730474,0.012609456179015951,0.4545129535638986,91.0,91.0,1.0,0.0,0.0,10.067301656136554,86.01019699230467,310.6511123544499,False,False,0.0,0.0,False,0.0,0,0,0,True
325,91,0.08999999999999997,97.13463281965633,96.32351092963526,98.37135981688228,103.3319407920416,9.781546783271148,0.9220122877210118,0.0,81.58529050984333,0.0,311.09521748567715,167.13269818928592,1.0901512054549491,0.08373308474839251,0.09518724292355879,0.2343052135097004,0.01712864946486631,0.4474102248695214,91.0,91.0,1.0,0.0,0.0,7.430355841874064,81.58529050984333,311.09521748567715,False,False,0.0,0.0,False,0.0,1,1,0,True
326,89,0.10999999999999999,95.4094397904293,95.23928486943285,96.30433691569289,101.98421721871097,9.566567733089364,1.1269039072145701,0.0,81.71256387805106,0.0,311.86173749164493,168.19775023554595,1.0881359092582428,0.08169830004899992,0.09482080027338499,0.2510244089962452,0.022908330859748915,0.4416454549113621,92.0,92.0,1.0,0.0,0.0,7.430355841874064,81.71256387805106,311.86173749164493,False,False,0.0,0.0,False,0.0,0,0,0,True
327,89,0.10999999999999999,94.95512151417716,95.18449007640234,96.30433691569289,101.7318573552126,9.566567733089364,1.1269039072145701,0.0,77.61986072835106,0.0,312.9761629999288,169.3175970748365,1.086026535057241,0.07957484032869815,0.09439755874883958,0.2656763300551831,0.016367964583474687,0.4397225429872198,93.0,93.0,1.0,0.0,0.0,4.773220647985541,77.61986072835106,312.9761629999288,False,False,0.0,0.0,False,0.0,1,1,0,True
328,89,0.10999999999999999,94.8443473330554,95.5697142297158,96.30433691569289,101.94128440036012,9.566567733089364,1.1269039072145701,0.0,78.06291969206634,0.0,314.4544098017862,170.05221976081359,1.0838411635353395,0.0773816313099169,0.09393599738396233,0.2738562616108776,0.008051947472710088,0.4403695977208998,93.0,93.0,1.0,0.0,0.0,4.773220647985541,78.06291969206634,314.4544098017862,False,False,0.0,0.0,False,0.0,0,0,0,True
329,89,0.10999999999999999,94.8844853417715,95.81309973239809,96.30433691569289,102.0009301286003,9.566567733089364,1.1269039072145701,0.0,69.68203009624371,0.0,297.557598061386,170.54345694410836,1.081689187517915,0.07522723276138008,0.0934397148812466,0.2782220224216597,0.006376206077939879,0.44117156952241443,93.0,93.0,1.0,0.0,0.0,17.853455883683154,69.68203009624371,297.557598061386,False,True,18.400143952922814,0.05823609143304211,False,0.0,2,2,0,True
330,89,0.10999999999999999,95.66567733089363,133.56552725330718,96.30433691569289,141.9251378829259,9.566567733089364,1.1269039072145701,0.0,99.90160446079325,1.4926363748033133,335.7431272551321,133.28226660649406,1.0796351830072957,0.0731752685878406,0.09292198745387815,-0.10855271474710786,0.3917975659057019,0.6746619795967206,97.0,0.0,0.0,0.0,0.0,12.469717564022066,101.39424083559656,335.7431272551321,False,False,0.0,0.0,False,0.0,2,2,0,True
331,100,0.0,107.48952509089173,100.1784118614313,107.92335646719033,106.65110679518294,10.748952509089175,0.0,0.0,84.61304213212762,0.0,324.5918378660075,141.02721121225312,1.0815101757345444,0.07510713032892886,0.09243643390345645,-0.03533895018532214,0.06988155702412975,0.5364372140196243,92.0,92.0,1.0,0.0,0.0,7.129477271271018,84.61304213212762,324.5918378660075,False,False,0.0,0.0,False,0.0,2,2,0,True
332,96,0.040000000000000036,99.10881576804167,93.25162721171583,103.78001859116355,99.3727279886567,10.318994408725608,0.4097832389871164,0.0,74.33434409937476,0.0,319.1588052568053,151.55560259170085,1.082367982973128,0.07606333661256366,0.09181368129103677,0.07276775567329988,0.11464842042840868,0.48705620381730313,98.0,98.0,1.0,0.0,0.0,4.599052651908725,74.33434409937476,319.1588052568053,False,False,0.0,0.0,False,0.0,1,1,0,True
333,95,0.050000000000000044,99.38935757533991,93.81278179999322,102.96161720258192,99.96165861125041,10.211504883634715,0.5122290487338955,0.0,68.05151561887469,0.0,313.8191824127167,160.70443799428952,1.0822013175310252,0.07598162442920506,0.09139835897097062,0.16554109616191368,0.07609682071787534,0.4635580272142731,99.0,99.0,1.0,0.0,0.0,4.599052651908725,68.05151561887469,313.8191824127167,False,False,0.0,0.0,False,0.0,0,0,0,True
334,96,0.040000000000000036,101.7599777126366,97.4210076775944,104.34032013952415,103.71249382026639,10.318994408725606,0.4097832389871164,0.0,62.816879380332985,0.0,309.5964027979448,167.62375045621928,1.0812030280386433,0.07502740070278298,0.0910875964849444,0.2203415693375808,0.017124751331777106,0.45414023662594316,98.0,98.0,1.0,0.0,0.0,4.599052651908725,62.816879380332985,309.5964027979448,False,False,0.0,0.0,False,0.0,0,0,0,True
335,93,0.06999999999999995,99.67266802383199,98.67041139819813,101.00590744619218,104.89286352384798,9.99652583345293,0.7171206682274537,0.0,60.59262594692288,0.0,308.5782076560612,169.95924650421327,1.079660445145889,0.073483817287019,0.09085506872765386,0.23417532408885894,0.007835092613136155,0.4517758923467303,96.0,96.0,1.0,0.0,0.0,4.599052651908725,60.59262594692288,308.5782076560612,False,False,0.0,0.0,False,0.0,0,0,0,True
336,91,0.08999999999999997,97.62446292019621,98.72536857212603,98.5659266351715,104.7869573235621,9.781546783271148,0.9220122877210118,0.0,60.20500136345727,0.0,309.37432600631786,169.79980456725875,1.078011279462163,0.07180382927746631,0.09076197910204388,0.23207266533492885,0.006801370841191973,0.452508066234597,96.0,96.0,1.0,0.0,0.0,4.599052651908725,60.20500136345727,309.37432600631786,False,False,0.0,0.0,False,0.0,0,0,0,True
337,91,0.08999999999999997,97.59389164490182,99.39681390003922,98.5659266351715,105.34074069827044,9.781546783271148,0.9220122877210118,0.0,60.38155816831449,0.0,310.81505477347196,168.96891730239102,1.0764295555977847,0.07018652455674967,0.09070202479956495,0.22271633122702475,0.007792529555802579,0.45701854365777317,95.0,95.0,1.0,0.0,0.0,4.599052651908725,60.38155816831449,310.81505477347196,False,False,0.0,0.0,False,0.0,0,0,0,True
338,91,0.08999999999999997,97.62974614337287,99.77159910402777,98.5659266351715,105.59113747807992,9.781546783271148,0.9220122877210118,0.0,56.341759412924404,0.0,312.33241526483846,167.76324483353474,1.0749757324826719,0.0686951043353844,0.09067774602065991,0.21020027088209808,0.008924509500083916,0.4614623057973034,95.0,95.0,1.0,0.0,0.0,1.9350007879198965,56.341759412924404,312.33241526483846,False,False,0.0,0.0,False,0.0,1,1,0,True
339,91,0.08999999999999997,97.63626267526567,100.10166435609271,98.5659266351715,105.80851924849453,9.781546783271148,0.9220122877210118,0.0,56.74266788585725,0.0,314.0155477346225,166.2275071126135,1.0736762908978466,0.06735767964070935,0.09069013645059205,0.19519370192190277,0.009381973242057914,0.4666434230789571,96.0,96.0,1.0,0.0,0.0,1.9350007879198965,56.74266788585725,314.0155477346225,False,False,0.0,0.0,False,0.0,0,0,0,True
340,93,0.06999999999999995,99.79091114011135,102.26353596900636,100.89383418560685,107.976627251956,9.996525833452932,0.7171206682274537,0.0,43.82940036576601,0.0,291.8804193852627,164.85780532921405,1.0725519628126345,0.06619634455189898,0.09073900350473839,0.1742593686942131,0.02812283392031053,0.4767821631421117,95.0,95.0,1.0,0.0,0.0,17.51282516311576,43.82940036576601,291.8804193852627,False,True,23.58087199522513,0.07475044526709775,False,0.0,3,3,0,True
341,91,0.08999999999999997,97.81546783271148,145.12043302129888,98.5659266351715,153.08724656679578,9.781546783271148,0.9220122877210118,0.0,86.09915685957331,0.3271869087156072,337.6978382447915,118.30329894308666,1.0716023644469996,0.06520154802181033,0.09084621678849039,-0.26058805094374593,0.446209338347306,0.7687911581359467,103.0,0.0,0.0,0.0,0.0,14.765131336902119,86.42634376828892,337.6978382447915,False,False,0.0,0.0,False,0.0,1,1,0,True
342,100,0.0,107.19531544000458,116.35032886391991,107.31167269162908,123.19390504152908,10.748952509089175,0.0,0.0,95.82967802346714,1.1163078598776386,344.3114680481962,109.26464277079582,1.0756473177563568,0.06917199359895095,0.09155337431667984,-0.31505835142493605,0.017408300880895886,0.7131621163491251,97.0,0.0,0.0,0.0,0.0,14.765131336902119,96.94598588334478,344.3114680481962,False,False,0.0,0.0,False,0.0,0,0,0,True
343,98,0.020000000000000018,103.5176626979761,101.3332698945767,105.37663527234854,107.75858001143465,10.53397345890739,0.2048916194935582,0.0,94.31902274187283,3.8262839367393484,341.8624563990795,113.30800814856765,1.0802328004300297,0.07375432283856447,0.09199213880797484,-0.2583881293892709,0.11864101259207951,0.6483749781262113,96.0,36.0,0.375,0.0,0.0,14.765131336902119,98.14530667861217,341.8624563990795,False,False,0.0,0.0,False,0.0,0,0,0,True
344,96,0.040000000000000036,101.40490368350115,98.30483874820928,103.74770268410697,104.9193843574775,10.318994408725608,0.4097832389871164,0.0,87.60994143512453,5.564502235802415,338.15329258088514,118.75087208446531,1.0840106253153368,0.07759468112008946,0.09217941083768463,-0.19753063584483632,0.1118704726292465,0.6221930460202489,97.0,39.0,0.4020618556701031,0.0,0.0,12.12305693681449,93.17444367092693,338.15329258088514,False,False,0.0,0.0,False,0.0,1,1,0,True
345,100,0.0,97.9848688741427,91.86870332963852,107.77516996102098,98.32517455388707,10.748952509089175,0.0,0.0,77.69095904853226,3.395042831764642,330.5197045016836,134.65733871584777,1.0869691961929497,0.08063696283496084,0.09251370333414488,-0.04868520956224047,0.13983226720524872,0.5427371253217409,99.0,99.0,1.0,0.0,0.0,9.681149432532184,81.0860018802969,330.5197045016836,False,False,0.0,0.0,False,0.0,1,1,0,True
346,95,0.050000000000000044,95.31016344554655,90.16430137431527,102.37551185500462,96.61827664894633,10.211504883634715,0.5122290487338955,0.0,72.31863204733703,1.550576608590561,325.14632285281914,146.86854919653712,1.0881650435940724,0.08197901576712067,0.09238579001624207,0.08192271986506014,0.11704029649065335,0.4971242779444376,99.0,99.0,1.0,0.0,0.0,9.681149432532184,73.8692086559276,325.14632285281914,False,False,0.0,0.0,False,0.0,0,0,0,True
347,96,0.040000000000000036,98.43804670551324,94.20162249107996,104.56436495448854,100.9715363593111,10.318994408725606,0.4097832389871164,0.0,63.95333284661954,0.14364453693162293,320.8984041804135,157.2312916599457,1.088228958695197,0.082207978228549,0.09167189952354667,0.16406497526273728,0.04219892130631795,0.4796878897456297,99.0,99.0,1.0,0.0,0.0,7.320922640587835,64.09697738355116,320.8984041804135,False,False,0.0,0.0,False,0.0,1,1,0,True
348,97,0.030000000000000027,102.03415023105215,98.81302372406599,105.56028511848292,105.85262479317437,10.426483933816499,0.3073374292403373,0.0,60.366328400262105,0.0,318.89175469072177,163.97855305436264,1.0875650755095747,0.08163090272181957,0.09136529553940828,0.20398213738217513,0.018209049399735944,0.4720545099595818,99.0,99.0,1.0,0.0,0.0,7.320922640587835,60.366328400262105,318.89175469072177,False,False,0.0,0.0,False,0.0,0,0,0,True
349,93,0.06999999999999995,99.96525833452931,98.45457322416817,100.98458492907832,105.35810908282065,9.996525833452932,0.7171206682274537,0.0,58.18719546039334,0.0,317.5614587956379,166.5085647592728,1.0864306001130646,0.08052102907170813,0.09117843138234007,0.21612587499518643,0.0104266455440049,0.46282747365612764,95.0,95.0,1.0,0.0,0.0,7.320922640587835,58.18719546039334,317.5614587956379,False,False,0.0,0.0,False,0.0,0,0,0,True
350,91,0.08999999999999997,97.76048675591852,97.22272182662019,98.5659266351715,103.91387940236122,9.781546783271148,0.9220122877210118,0.0,56.66528258455831,0.0,317.22559719995905,167.85176956782408,1.0851679970015369,0.0792473465198568,0.09113636457320266,0.22729541120222452,0.0072769774210271684,0.45499235251471415,96.0,96.0,1.0,0.0,0.0,7.320922640587835,56.66528258455831,317.22559719995905,False,False,0.0,0.0,False,0.0,0,0,0,True
351,91,0.08999999999999997,97.59977470259614,97.70131435070012,98.5659266351715,104.2895144668784,9.781546783271148,0.9220122877210118,0.0,55.60051146135124,0.0,317.9658425443753,168.71638185229546,1.083824458230437,0.07787902344705108,0.09113335906646217,0.23253130997347485,0.0032762071291491286,0.45450546390356195,95.0,95.0,1.0,0.0,0.0,7.320922640587835,55.60051146135124,317.9658425443753,False,False,0.0,0.0,False,0.0,0,0,0,True
352,91,0.08999999999999997,97.62177617631087,98.01866233077503,98.5659266351715,104.48756445949493,9.781546783271148,0.9220122877210118,0.0,54.65637465625994,0.0,318.73450448431424,169.2636461566919,1.082445784731077,0.07646541089050633,0.09116334957551336,0.23441693417403808,0.0035227408960885054,0.45424310332781426,95.0,95.0,1.0,0.0,0.0,7.320922640587835,54.65637465625994,318.73450448431424,False,False,0.0,0.0,False,0.0,0,0,0,True
353,91,0.08999999999999997,97.62465196889741,98.4515262707566,98.5659266351715,104.80959595506516,9.781546783271148,0.9220122877210118,0.0,53.9822575611238,0.0,319.75091713968743,169.37804652110682,1.0810807290885127,0.07505867891153983,0.09119459969783257,0.23199584658448927,0.006624162018855136,0.4554391340251792,95.0,95.0,1.0,0.0,0.0,7.320922640587835,53.9822575611238,319.75091713968743,False,False,0.0,0.0,False,0.0,0,0,0,True
354,91,0.08999999999999997,97.63976418269857,98.99449998685567,98.5659266351715,105.25534352191028,9.781546783271148,0.9220122877210118,0.0,49.27439292394632,0.0,321.0881091142564,168.94947316942256,1.0797793718020592,0.07371189540521725,0.0912074971187826,0.22442486354304397,0.010023818072945589,0.45831229355080405,95.0,95.0,1.0,0.0,0.0,4.663342869627398,49.27439292394632,321.0881091142564,False,False,0.0,0.0,False,0.0,1,1,0,True
355,91,0.08999999999999997,97.66784096370503,99.35434094714277,98.5659266351715,105.51434625048597,9.781546783271148,0.9220122877210118,0.0,48.98174105070638,0.0,322.50806758504893,168.16105885745134,1.0785650418823074,0.07244990243993896,0.09122803264980382,0.21417783010695035,0.010474444800205453,0.46143416595592013,96.0,96.0,1.0,0.0,0.0,4.663342869627398,48.98174105070638,322.50806758504893,False,False,0.0,0.0,False,0.0,0,0,0,True
356,91,0.08999999999999997,97.67796413417591,99.56093098667893,98.5659266351715,105.61957954403434,9.781546783271148,0.9220122877210118,0.0,48.76896873191689,0.0,323.95214313740024,167.1660545059439,1.0774491619511468,0.07128525452923887,0.09127085234084374,0.2030127449236224,0.00921602196545599,0.46458723959895637,96.0,96.0,1.0,0.0,0.0,4.663342869627398,48.76896873191689,323.95214313740024,False,False,0.0,0.0,False,0.0,0,0,0,True
357,91,0.08999999999999997,97.67372635969625,99.76032836872935,98.5659266351715,105.72666856818066,9.781546783271148,0.9220122877210118,0.0,48.656449838576556,0.0,325.49860873050125,165.97165277238602,1.0764405355081845,0.07022655157810105,0.09135062402219364,0.19085743910163794,0.008270192366267106,0.4682798574533377,96.0,96.0,1.0,0.0,0.0,4.663342869627398,48.656449838576556,325.49860873050125,False,False,0.0,0.0,False,0.0,0,0,0,True
358,91,0.08999999999999997,97.6709424572972,99.85550470941111,98.5659266351715,105.73590481753791,9.781546783271148,0.9220122877210118,0.0,48.550095242704415,0.0,327.04949000514824,164.68207469814638,1.0755917358707001,0.06931960221002997,0.09153053971629806,0.17876175162653637,0.006836716018933961,0.4719201571452528,96.0,96.0,1.0,0.0,0.0,4.663342869627398,48.550095242704415,327.04949000514824,False,False,0.0,0.0,False,0.0,0,0,0,True
359,91,0.08999999999999997,97.66027140329078,99.99124359278682,98.5659266351715,105.80039980414504,9.781546783271148,0.9220122877210118,0.0,44.09182511358343,0.0,328.7092994800552,163.25675774053107,1.0748977045722818,0.06856072879794375,0.09180549864860829,0.1660959729660148,0.0065227180782985285,0.47611028671562855,96.0,96.0,1.0,0.0,0.0,2.010414951661135,44.09182511358343,328.7092994800552,False,False,0.0,0.0,False,0.0,1,1,0,True
360,91,0.08999999999999997,97.65703273359495,100.3128352704007,98.5659266351715,106.07394740669523,9.781546783271148,0.9220122877210118,0.0,44.09986470609617,0.0,330.66133066571945,161.50984910530184,1.0743589128270348,0.06795191607224094,0.09216930602211819,0.15078819638427274,0.007774830189607382,0.4818094248922661,97.0,97.0,1.0,0.0,0.0,2.010414951661135,44.09986470609617,330.66133066571945,False,False,0.0,0.0,False,0.0,0,0,0,True
361,91,0.08999999999999997,97.67662867871846,100.38418626161108,98.5659266351715,106.10044000720984,9.781546783271148,0.9220122877210118,0.0,44.11521936090837,0.0,332.557646541332,159.69158947886226,1.0740136365412434,0.06753384909091394,0.09259451735698548,0.1356999372921273,0.0067672588295516495,0.4868682947770798,97.0,97.0,1.0,0.0,0.0,2.010414951661135,44.11521936090837,332.557646541332,False,False,0.0,0.0,False,0.0,0,0,0,True
362,92,0.07999999999999996,98.74890181220684,101.44325470356677,99.68450503865344,107.1884593101052,9.889036308362039,0.8195664779742328,0.0,44.14207557665836,0.0,334.39581302107945,157.93283981394896,1.0738576785842087,0.06730411065319733,0.09306561372547509,0.11888011751606375,0.014079064707685324,0.4947055019279313,97.0,97.0,1.0,0.0,0.0,2.010414951661135,44.14207557665836,334.39581302107945,False,False,0.0,0.0,False,0.0,0,0,0,True
363,92,0.07999999999999996,98.26124633431763,100.98865907961955,99.46861570325036,106.69588671274649,9.88903630836204,0.8195664779742328,0.0,35.24543201340871,0.0,314.25270410390266,156.41279643757977,1.0738820640886695,0.06725133337979064,0.09355471773620874,0.10846450914329657,0.007021837688637132,0.49612046820929373,97.0,97.0,1.0,0.0,0.0,18.85516224623416,35.24543201340871,314.25270410390266,False,True,22.196735501913487,0.06597346551659934,False,0.0,2,2,0,True
364,92,0.07999999999999996,98.8903630836204,146.03982092577752,99.7752557821249,154.29627755516694,9.88903630836204,0.8195664779742328,0.0,77.39404554542752,0.3212219377603216,360.09080420484753,110.14823129392714,1.0739947606797762,0.06730957113201652,0.09390135173326009,-0.31677230022073005,0.45085038175767955,0.8143473574366793,101.0,0.0,0.0,0.0,0.0,16.225370243076387,77.71526748318784,360.09080420484753,False,False,0.0,0.0,False,0.0,1,1,0,True
365,100,0.0,107.48952509089173,132.0262700943424,107.3857461761243,140.09317214470445,10.748952509089172,0.0,0.0,103.27658146002484,2.2454679451523587,383.86974475696303,85.50770737570905,1.0787485914445891,0.07198916335333039,0.09482890295167201,-0.4859752053678873,0.14937557278485575,0.9035510344538423,96.0,0.0,0.0,0.0,0.0,16.225370243076387,105.5220494051772,383.86974475696303,False,False,0.0,0.0,False,0.0,0,0,0,True
366,100,0.0,106.18619128772383,105.59207648586269,107.3857461761243,112.7455590779875,10.748952509089172,0.0,0.0,100.03401254755833,4.525377751420809,383.0030870727654,87.30137706597063,1.0854397519960353,0.07866254474261969,0.09546834500293046,-0.44666823561781666,0.1217273132027474,0.8114748930215576,97.0,28.0,0.28865979381443296,0.0,0.0,13.56866738838656,104.55939029897914,383.0030870727654,False,False,0.0,0.0,False,0.0,1,1,0,True
367,97,0.030000000000000027,98.43180034321313,91.59646981738919,104.67767897188766,98.36697554466761,10.426483933816499,0.3073374292403373,0.0,94.44146630351413,3.6929367595527474,374.1515964256258,100.38258622046914,1.0914763564114063,0.08476472428611534,0.09561082706323236,-0.3202158383044932,0.20777158987051986,0.6874356594768408,97.0,97.0,1.0,0.0,0.0,13.56866738838656,98.13440306306688,374.1515964256258,False,False,0.0,0.0,False,0.0,0,0,0,True
368,97,0.030000000000000027,100.29567805127115,92.77454487314064,104.95703183106038,100.04629273436781,10.426483933816499,0.3073374292403373,0.0,79.81378487994817,2.8383312468991777,364.7709121640703,112.56507317838886,1.0957384032254405,0.0891559118430479,0.09552285139638628,-0.20839199308165407,0.14151830658241507,0.640604063467863,97.0,97.0,1.0,0.0,0.0,8.43295532188827,82.65211612684735,364.7709121640703,False,False,0.0,0.0,False,0.0,2,2,0,True
369,99,0.010000000000000009,98.8002170762532,91.75767473520985,107.31314882720426,99.2118788572381,10.64146298399828,0.1024458097467791,0.0,65.14819659761616,1.982104684760851,358.6268347340117,128.12054727038327,1.0984681379974048,0.09204411591339223,0.09557171914914228,-0.07777206301165591,0.11138092875402446,0.5814160708126093,101.0,101.0,1.0,0.0,0.0,3.340687009169892,67.13030128237702,358.6268347340117,False,False,0.0,0.0,False,0.0,2,2,0,True
370,94,0.06000000000000005,97.41670022289611,90.75411802049548,101.7889894205819,98.23069232334653,10.104015358543823,0.6146748584806746,0.0,58.634025485791156,1.1265778130483184,352.7808656078415,139.15541867046966,1.0997300867204767,0.09344273998755334,0.0961513290136315,0.028896065345350018,0.08943068008509293,0.53243391269486,104.0,104.0,1.0,0.0,0.0,3.340687009169892,59.76060329883948,352.7808656078415,False,False,0.0,0.0,False,0.0,0,0,0,True
371,98,0.020000000000000018,102.50727327854943,95.28063964900517,106.32936746396918,103.15665216232381,10.53397345890739,0.2048916194935582,0.0,51.59604734801228,0.2229398908218383,347.15213031484484,150.20414648543363,1.1001620635238472,0.09397227233078634,0.09662662320538035,0.11566245803848958,0.022267213185274075,0.5080496968672621,106.0,106.0,1.0,0.0,0.0,3.340687009169892,51.81898723883412,347.15213031484484,False,False,0.0,0.0,False,0.0,0,0,0,True
372,95,0.050000000000000044,101.34953328023761,95.4764794179208,103.2118151667194,103.31225347928128,10.211504883634715,0.5122290487338955,0.0,45.52026207852713,0.0,343.26006418825637,157.93948223423226,1.0996588891813688,0.09354735542235346,0.09665390743447201,0.17280205702914878,0.016318963166106884,0.4822640750577939,104.0,104.0,1.0,0.0,0.0,3.340687009169892,45.52026207852713,343.26006418825637,False,False,0.0,0.0,False,0.0,0,0,0,True
373,95,0.050000000000000044,101.89553632517895,97.65638229411708,103.08599567872784,105.55237761712706,10.211504883634715,0.5122290487338955,0.0,40.82239399904364,0.0,340.97813026788117,163.36909561884306,1.098568461528268,0.09248574354284982,0.09675576143603377,0.20889665683659206,0.017056829659823945,0.46714582363268564,103.0,103.0,1.0,0.0,0.0,3.340687009169892,40.82239399904364,340.97813026788117,False,False,0.0,0.0,False,0.0,0,0,0,True
374,91,0.08999999999999997,97.81546783271148,95.42884137834434,98.5659266351715,102.993324863745,9.781546783271148,0.9220122877210118,0.0,32.983289305529766,0.0,339.5127647981865,166.50618087567014,1.0970135683498392,0.09092892090949549,0.09664210177088663,0.2366528265763408,0.01277993744909468,0.450670201562145,101.0,101.0,1.0,0.0,0.0,0.6779262093158285,32.983289305529766,339.5127647981865,False,False,0.0,0.0,False,0.0,1,1,0,True
375,91,0.08999999999999997,97.55678316760941,96.17409563731589,98.5659266351715,103.62119421149198,9.781546783271148,0.9220122877210118,0.0,30.060700430265378,0.0,339.9123607300102,168.89801187352575,1.0951884607625135,0.08908996035858263,0.09643237826089003,0.25481805394072965,0.004931927122979486,0.4472051947132491,104.0,104.0,1.0,0.0,0.0,0.6779262093158285,30.060700430265378,339.9123607300102,False,False,0.0,0.0,False,0.0,0,0,0,True
376,91,0.08999999999999997,97.69199755140463,97.37062519814413,98.5659266351715,104.71508750758596,9.781546783271148,0.9220122877210118,0.0,23.992772163042236,0.0,320.2045367875373,170.09331331055313,1.0931700095469177,0.08705036534820634,0.09613907726691777,0.25929020023885463,0.011871290110409084,0.44820112690458247,103.0,103.0,1.0,0.0,0.0,19.212272207252234,23.992772163042236,320.2045367875373,False,True,20.905496282363888,0.06128666487531863,False,0.0,1,1,0,True
377,91,0.08999999999999997,97.81546783271148,142.97953237078175,98.5659266351715,153.4698885161184,9.781546783271148,0.9220122877210118,0.0,70.19229676516375,0.20553048697214193,366.2829411746452,125.67970757494287,1.0910771955905756,0.08493381062393976,0.09578166118831638,-0.19031223342291187,0.48035953696933165,0.7305344656271073,107.0,0.0,0.0,0.0,0.0,19.212272207252234,70.39782725213588,366.2829411746452,False,False,0.0,0.0,False,0.0,0,0,0,True
378,100,0.0,107.48952509089173,140.00572945967662,107.50280277684371,150.65938758467018,10.748952509089175,0.0,0.0,106.26624536238086,0.0,398.4983206723623,93.17678089210995,1.0937791819911686,0.08761823788684431,0.09578461230404113,-0.44305142314122603,0.2603149012400932,0.879338020103655,100.0,0.0,0.0,0.0,0.0,19.212272207252234,106.26624536238086,398.4983206723623,False,False,0.0,0.0,False,0.0,0,0,0,True
379,100,0.0,107.48952509089173,127.61310290303167,107.50280277684371,138.06152729082595,10.748952509089175,0.0,0.0,127.20430702992805,0.0,418.3548196163925,73.06648076592197,1.0995567340664187,0.09338939520597152,0.09603270757324005,-0.5696391779279427,0.06237667740444057,0.9958790524116795,98.0,0.0,0.0,0.0,0.0,16.563011873270188,127.20430702992805,418.3548196163925,False,False,0.0,0.0,False,0.0,1,1,0,True
380,100,0.0,107.48952509089173,97.81846247615351,107.50280277684371,106.53286831758295,10.748952509089175,0.0,0.0,122.11882939551995,0.0,408.6535912252798,82.75082106661215,1.1067608724449902,0.10061637597967021,0.09637839320191974,-0.47930255810530564,0.20114052108451067,0.8333217386774313,99.0,99.0,1.0,0.0,0.0,16.563011873270188,122.11882939551995,408.6535912252798,False,False,0.0,0.0,False,0.0,0,0,0,True
381,99,0.010000000000000009,101.05602560257859,91.97930565534138,106.60011370876482,100.71719851798342,10.641462983998283,0.1024458097467791,0.0,117.39156013755567,0.0,401.43543453486757,97.3716291200356,1.1126187366475107,0.10656909336843748,0.0965826980792727,-0.3486952786154489,0.1982611324701304,0.7319021355744305,103.0,103.0,1.0,0.0,0.0,16.563011873270188,117.39156013755567,401.43543453486757,False,False,0.0,0.0,False,0.0,0,0,0,True
382,96,0.040000000000000036,100.9654323067466,91.65912008200534,103.74770268410697,100.74133882493429,10.318994408725608,0.4097832389871164,0.0,112.54813294604696,0.045498456096850215,393.2116942909296,109.46021172213723,1.116664960645906,0.11077276296166531,0.09676776078165653,-0.2363243096668835,0.14810861212596754,0.669129954873412,102.0,60.0,0.5882352941176471,0.0,0.0,16.563011873270188,112.59363140214381,393.2116942909296,False,False,0.0,0.0,False,0.0,0,0,0,True
383,99,0.010000000000000009,103.62318697797059,94.40866020222911,106.5265840777977,103.9994155224665,10.641462983998283,0.1024458097467791,0.0,108.03782871051251,2.00208010323235,386.9830681059821,121.57813559770584,1.1192041990177615,0.11349169402969736,0.09707659387737547,-0.12224494978232761,0.07988954632543485,0.6232508538799783,104.0,56.0,0.5384615384615384,0.0,0.0,16.563011873270188,110.03990881374486,386.9830681059821,False,False,0.0,0.0,False,0.0,0,0,0,True
384,95,0.050000000000000044,99.98788458180002,94.12775215686335,102.94089401236958,103.80434896319333,10.211504883634715,0.5122290487338955,0.0,106.75320406619373,3.568065415824294,383.95901175982925,130.39127745321207,1.1202332397861923,0.11477468990211155,0.0964462734880994,-0.045789853906831435,0.05886198884587528,0.5827799791381884,104.0,43.0,0.41346153846153844,0.0,0.0,16.563011873270188,110.32126948201802,383.95901175982925,False,False,0.0,0.0,False,0.0,0,0,0,True
385,99,0.010000000000000009,104.25623559347704,97.4791457995441,107.34136435873614,107.52158953487607,10.641462983998283,0.1024458097467791,0.0,104.83043801741901,4.943473501880221,379.7795571251937,140.2534960124041,1.120342600403708,0.11511219204778236,0.09594827988262684,0.026108111642888555,0.0159212676274156,0.5562870016557632,104.0,43.0,0.41346153846153844,0.0,0.0,16.563011873270188,109.77391151929923,379.7795571251937,False,False,0.0,0.0,False,0.0,0,0,0,True
386,95,0.050000000000000044,100.58586927630424,95.84504933570523,102.78387629104449,105.67029749681987,10.211504883634714,0.5122290487338955,0.0,104.64685402282291,5.625793247778889,377.09168069130527,147.19232296774337,1.1197233020481592,0.11466233767768035,0.09548853654438813,0.08397735004966882,0.02132740777327593,0.5208502835695009,103.0,35.0,0.33980582524271846,0.0,0.0,16.563011873270188,110.2726472706018,377.09168069130527,False,False,0.0,0.0,False,0.0,0,0,0,True
387,98,0.020000000000000018,103.51709453040868,97.61518846100797,106.4781815628615,107.52891960850225,10.53397345890739,0.2048916194935582,0.0,103.36598142324752,6.542093331013149,373.2862262735447,156.05531606959687,1.1186345788735532,0.11369373124532393,0.09495544256528816,0.14682887369842987,0.011888073792374337,0.4837194043164835,102.0,36.0,0.35294117647058826,0.0,0.0,16.563011873270188,109.90807475426067,373.2862262735447,False,False,0.0,0.0,False,0.0,0,0,0,True
388,94,0.06000000000000005,99.5201903157449,95.41241585043994,101.82236646199077,104.95868896735014,10.104015358543824,0.6146748584806746,0.0,103.46529642425756,7.259374630635383,371.10199222709673,162.4652666811477,1.11695936525846,0.11205493677569098,0.09437707122252302,0.1999215253582275,0.020056932554382356,0.45791411921903624,100.0,33.0,0.33,0.0,0.0,16.563011873270188,110.72467105489294,371.10199222709673,False,False,0.0,0.0,False,0.0,0,0,0,True
389,89,0.10999999999999999,93.70162853128949,89.83285379020492,95.91146678453805,98.64516387142046,9.566567733089364,1.1269039072145701,0.0,103.10003537069973,8.65288375432179,369.7061506629864,168.5438796754808,1.114844078871788,0.10992530867014423,0.0938160949283372,0.27240654936404685,0.07143673003889724,0.42550999958813096,97.0,36.0,0.3711340206185567,0.0,0.0,16.563011873270188,111.75291912502152,369.7061506629864,False,False,0.0,0.0,False,0.0,0,0,0,True
390,87,0.13,90.84811263207584,86.7815283945746,93.65915345437762,95.08034673834922,9.35158868290758,1.3317955267081283,0.0,102.01455112414237,10.801162510746844,368.7005325088962,175.42150473528386,1.112228538137948,0.10728363495793462,0.09318577726002064,0.36113546446059797,0.08237131957991162,0.4009974796024857,98.0,41.0,0.41836734693877553,0.0,0.0,16.563011873270188,112.81571363488922,368.7005325088962,False,False,0.0,0.0,False,0.0,0,0,0,True
391,84,0.16000000000000003,87.83785958504095,85.10403514637062,90.74273074784173,92.98642886446383,9.029120107634906,1.6391329559484655,0.0,101.8040410167312,12.436194255779096,368.2721172590763,181.06020033675497,1.1090365250404566,0.10405527074106018,0.09234390581474594,0.4370328622198219,0.07615966022510565,0.3849251731095615,94.0,40.0,0.425531914893617,0.0,0.0,16.563011873270188,114.2402352725103,368.2721172590763,False,False,0.0,0.0,False,0.0,0,0,0,True
392,83,0.17000000000000004,86.72885680257252,83.9117022990627,89.73713436850632,91.39018706456767,8.921630582544013,1.7415787656952446,0.0,96.69044063093376,13.749341951534152,367.2510178558215,186.88563240619862,1.105400994692974,0.10034664674042337,0.09161948093975647,0.5133944958909884,0.06676438826111317,0.37085185003278365,94.0,44.0,0.46808510638297873,0.0,0.0,13.917048271630224,110.43978258246791,367.2510178558215,False,False,0.0,0.0,False,0.0,1,1,0,True
393,83,0.17000000000000004,82.93204435746048,80.96934287314008,89.73713436850632,87.85748140924787,8.921630582544013,1.7415787656952446,0.0,95.98475774265222,10.519239797044348,364.0019571966525,195.65342390156482,1.1012698797026275,0.09610526820504453,0.09104986133543634,0.6238868703349858,0.0802302968222053,0.3469384000426423,93.0,93.0,1.0,0.0,0.0,13.917048271630224,106.50399753969657,364.0019571966525,False,False,0.0,0.0,False,0.0,0,0,0,True
394,80,0.19999999999999996,79.92594700765926,79.16631394956384,86.39820098398314,85.51313302530367,8.599162007271339,2.048916194935582,0.0,87.67061116385112,7.976110141565662,362.6395908529482,202.88531093598414,1.0963729192932012,0.09105392408181154,0.09067181672994105,0.725754370730462,0.07759037487317513,0.3306443389126354,91.0,91.0,1.0,0.0,0.0,8.967877629061704,95.64672130541678,362.6395908529482,False,False,0.0,0.0,False,0.0,2,2,0,True
395,77,0.22999999999999998,77.31847536660189,77.71147674605861,82.89333104675408,83.52115441897061,8.276693431998662,2.356253624175919,0.0,83.57835792572928,5.881720307135071,362.5494904383009,208.06716523667959,1.0909794983027854,0.08548220063955433,0.09030469003571596,0.8151723017213429,0.07205537535621812,0.3188980115477683,92.0,92.0,1.0,0.0,0.0,6.433085846877928,89.46007823286435,362.5494904383009,False,False,0.0,0.0,False,0.0,1,1,0,True
396,74,0.26,75.99200356312468,77.22272492027345,79.86646719585785,82.57323753158093,7.954224856725988,2.6635910534162566,0.0,83.891469365581,4.29606645219766,363.75810410014617,210.710907512264,1.0854030078015309,0.07973197374318677,0.08962590463149155,0.873269187434062,0.056535742330924135,0.31437653787226083,94.0,94.0,1.0,0.0,0.0,6.433085846877928,88.18753581777867,363.75810410014617,False,False,0.0,0.0,False,0.0,0,0,0,True
397,74,0.26,75.98913278079047,77.90110211879875,79.86646719585785,82.87271484632056,7.954224856725988,2.6635910534162566,0.0,84.52322425445425,2.7160269061445397,365.29951324144196,212.6762725893231,1.0797872262870958,0.0739523868514628,0.08882519409113944,0.9115444794914165,0.030965988005455764,0.31508141241884735,94.0,94.0,1.0,0.0,0.0,6.433085846877928,87.23925116059878,365.29951324144196,False,False,0.0,0.0,False,0.0,0,0,0,True
398,73,0.27,76.01954131478568,78.52695905571115,78.83411884465617,83.11813399555527,7.846735331635095,2.7660368631630354,0.0,85.4079120818077,1.1425480899942706,367.0274627559895,212.98343237826816,1.074282104022536,0.06829649287428081,0.08802126547076276,0.9258515616538071,0.019913376143145877,0.31742806042564636,92.0,92.0,1.0,0.0,0.0,6.433085846877928,86.55046017180196,367.0274627559895,False,False,0.0,0.0,False,0.0,0,0,0,True
399,73,0.27,75.99786811166982,79.26259291954591,78.83411884465617,83.4894959114541,7.846735331635095,2.7660368631630354,0.0,82.74753085907228,0.0,369.52167805621497,212.5549583033784,1.0690142482810618,0.06289294968531152,0.08729141408202404,0.9256884778513472,0.024108320827179362,0.3214535424286846,90.0,90.0,1.0,0.0,0.0,4.04259810211448,82.74753085907228,369.52167805621497,False,False,0.0,0.0,False,0.0,1,1,0,True
400,73,0.27,76.43033358161212,80.27202130998282,78.83411884465617,84.16621747099948,7.846735331635095,2.7660368631630354,0.0,79.65077959407402,0.0,373.3314957909406,211.1170558380518,1.0641044547461376,0.05786420201948526,0.08667972478425257,0.9091718206055189,0.02761830088342563,0.32818865504873773,90.0,90.0,1.0,0.0,0.0,1.3268076857714384,79.65077959407402,373.3314957909406,False,False,0.0,0.0,False,0.0,1,1,0,True
401,73,0.27,77.63229444389198,81.83244565585989,78.83411884465617,85.44809992196052,7.846735331635095,2.7660368631630354,0.0,76.55066302346852,0.0,354.4950106461556,208.11872902684806,1.0597642000752123,0.05340996374125177,0.08635715742596459,0.8702109542679184,0.03247866796734743,0.3395613153324109,90.0,90.0,1.0,0.0,0.0,21.269700638769336,76.55066302346852,354.4950106461556,False,True,22.611956416705276,0.059961651180356026,False,0.0,1,1,0,True
402,74,0.26,79.54224856725989,120.30273260865162,79.95269724813812,125.18093027860539,7.954224856725987,2.6635910534162566,0.0,110.97668215504422,1.0144389342409765,393.1939064350161,167.76869366633454,1.056235232225524,0.04976209747476383,0.08644719116734102,0.3136537480928007,0.49825919284139514,0.5517164202452878,92.0,0.0,0.0,0.0,0.0,18.522423259781103,111.99112108928519,393.1939064350161,False,False,0.0,0.0,False,0.0,1,1,0,True
403,89,0.10999999999999999,95.66567733089364,113.1206411342253,96.59306712969902,117.74709276135368,9.566567733089364,1.1269039072145701,0.0,128.1402184772258,0.0,404.71256593544877,151.24111966180826,1.0565261095276806,0.05008175308241436,0.086279129959983,0.11284166852208147,0.21877109320217433,0.5718491956368357,82.0,0.0,0.0,0.0,0.0,18.522423259781103,128.1402184772258,404.71256593544877,False,False,0.0,0.0,False,0.0,0,0,0,True
404,100,0.0,107.48952509089173,107.5580176685378,108.91947938155936,112.13174398192872,10.748952509089174,0.0,0.0,128.7023244254458,0.0,398.6839041748533,152.60258137482984,1.0581212201878958,0.051718403175019946,0.08631384820424584,0.08948300384812427,0.08461575607815772,0.5426696581593079,82.0,22.0,0.2682926829268293,0.0,0.0,18.522423259781103,128.7023244254458,398.6839041748533,False,False,0.0,0.0,False,0.0,0,0,0,True
405,98,0.020000000000000018,105.3397345890739,105.07750037315836,106.59081171533832,109.69801493080418,10.53397345890739,0.2048916194935582,0.0,129.01983310237583,0.0,392.5858182507939,154.11589271700973,1.0596080750652184,0.05322223837970701,0.08656132199366726,0.08554924096212092,0.03224482842617873,0.527438329949899,82.0,24.0,0.2926829268292683,0.0,0.0,18.522423259781103,129.01983310237583,392.5858182507939,False,False,0.0,0.0,False,0.0,0,0,0,True
406,97,0.030000000000000027,104.18353487666865,103.04830881546737,104.95238476368532,107.70245715504731,10.426483933816499,0.3073374292403373,0.0,128.51955162996524,0.0,386.3691179618829,156.0199686652277,1.0608873926582347,0.0545028172064123,0.0869376418028789,0.10110316678884221,0.0034555845066819592,0.5122095111769154,85.0,27.0,0.3176470588235294,0.0,0.0,18.522423259781103,128.51955162996524,386.3691179618829,False,False,0.0,0.0,False,0.0,0,0,0,True
407,98,0.020000000000000018,105.04519258506642,102.71784049570408,106.49920306140875,107.45950691587525,10.533973458907388,0.2048916194935582,0.0,126.88358219692614,0.0,380.18118493850534,159.80133123093233,1.0618656273234914,0.05550690364246993,0.08697769979065131,0.12701917211071562,0.0032772569557030103,0.4956576117676518,85.0,33.0,0.38823529411764707,0.0,0.0,18.522423259781103,126.88358219692614,380.18118493850534,False,False,0.0,0.0,False,0.0,0,0,0,True
408,98,0.020000000000000018,104.42725204443731,102.91957899883509,106.56863128776637,107.73590584138996,10.53397345890739,0.2048916194935582,0.0,121.65661641392182,0.08061473025590538,375.1815597139283,163.4503835198636,1.0624733913493394,0.05611746513988107,0.08700631343302728,0.14917981998969215,0.004585075597608582,0.48433342768657395,88.0,30.0,0.3409090909090909,0.0,0.0,15.882306516874644,121.73723114417773,375.1815597139283,False,False,0.0,0.0,False,0.0,1,1,0,True
409,96,0.040000000000000036,100.14031849621436,97.16739566240771,104.17129551097338,101.74150763343555,10.318994408725604,0.4097832389871164,0.0,114.63481184112699,0.0,371.4086981166693,170.4542833684293,1.0627570242075528,0.056377334266463255,0.08713111046616108,0.21814761107759556,0.05536319321576497,0.4472540389498927,88.0,88.0,1.0,0.0,0.0,13.346929960010435,114.63481184112699,371.4086981166693,False,False,0.0,0.0,False,0.0,1,1,0,True
410,93,0.06999999999999995,97.88843418266032,96.41104950707762,100.6790541274275,100.91100615114242,9.996525833452932,0.7171206682274537,0.0,112.90971097305221,0.0,369.4867519309704,174.72228798877916,1.0623806804281415,0.05595694129066646,0.08725440396620647,0.26668048508218883,0.046235343140093324,0.4358349031825927,90.0,90.0,1.0,0.0,0.0,13.346929960010435,112.90971097305221,369.4867519309704,False,False,0.0,0.0,False,0.0,0,0,0,True
411,93,0.06999999999999995,97.52834397278679,97.24048590385186,100.6790541274275,101.70100771315339,9.996525833452932,0.7171206682274537,0.0,98.9714695787661,0.0,368.71489751715603,178.16085621235476,1.0616058373984953,0.05514001818971452,0.08731643822605865,0.30130741138404876,0.023959947584534246,0.4321951879065035,89.0,89.0,1.0,0.0,0.0,5.382858544208741,98.9714695787661,368.71489751715603,False,False,0.0,0.0,False,0.0,3,3,0,True
412,90,0.09999999999999998,95.90343864830658,97.24565325597116,97.56033025583608,101.60178456445135,9.674057258180255,1.024458097467791,0.0,99.12210181653874,0.0,368.6961435692823,178.47553321221972,1.0605576263247793,0.05405562811284701,0.08730972610987811,0.3093118684686832,0.016583232292639888,0.4320645511055966,90.0,90.0,1.0,0.0,0.0,5.382858544208741,99.12210181653874,368.6961435692823,False,False,0.0,0.0,False,0.0,0,0,0,True
413,90,0.09999999999999998,95.83402724251812,97.8002682840092,97.56033025583608,102.07049207504102,9.674057258180255,1.024458097467791,0.0,91.04361290112566,0.0,369.23734448994026,178.23559518404656,1.0594901099421468,0.0529442039082149,0.0874224935704174,0.3090690422331897,0.005906258966273057,0.43511537380629706,89.0,89.0,1.0,0.0,0.0,0.11781086341394964,91.04361290112566,369.23734448994026,False,False,0.0,0.0,False,0.0,2,2,0,True
414,90,0.09999999999999998,95.9399059672653,98.60832533081228,97.56033025583608,102.80452567559985,9.674057258180255,1.024458097467791,0.0,87.47625355898577,0.0,346.9503426788378,177.18760010907036,1.058478530101161,0.051883304719064216,0.08764558391641517,0.29903242472003233,0.00488854313272022,0.440844172518729,91.0,91.0,1.0,0.0,0.0,20.817020560730267,87.47625355898577,346.9503426788378,False,True,23.382213836393184,0.06313842362771452,False,0.0,1,1,0,True
415,90,0.09999999999999998,96.74057258180255,133.93121607049554,97.56033025583608,139.4976985720494,9.674057258180255,1.024458097467791,0.0,115.200870998176,1.5103331030586615,381.543744513963,140.81671429441082,1.05760817157695,0.05096120468138576,0.0879636339531824,-0.07071633624638539,0.3617668232775735,0.6563218872383579,93.0,0.0,0.0,0.0,0.0,15.4850930083313,116.71120410123466,381.543744513963,False,False,0.0,0.0,False,0.0,2,2,0,True
416,100,0.0,107.19523505352595,101.90329492599076,107.86152380258082,106.38330286118004,10.748952509089175,0.0,0.0,100.75425211663395,0.0,371.33233026383914,146.7749431710009,1.0599601633880587,0.05333785551519203,0.08804722113054295,-0.0066189893129305925,0.06912607292875417,0.5285549054359215,87.0,87.0,1.0,0.0,0.0,10.156392549981295,100.75425211663395,371.33233026383914,False,False,0.0,0.0,False,0.0,2,2,0,True
417,97,0.030000000000000027,99.84211109037369,95.53014203931627,104.95462765082658,99.90025435472712,10.426483933816499,0.3073374292403373,0.0,77.57611734485779,0.0,344.8367599064788,156.19942878251123,1.0616319673103747,0.05507838677328145,0.08777655616663413,0.09210945713724379,0.1079170010547756,0.4844583990339092,93.0,93.0,1.0,0.0,0.0,20.69020559438873,77.57611734485779,344.8367599064788,False,True,21.1814371842679,0.05786990196833409,False,0.0,4,4,0,True
418,96,0.040000000000000036,103.18994408725607,136.2435583303673,104.03789973327423,142.58723174234876,10.318994408725608,0.4097832389871164,0.0,110.28194433901284,4.030949737629439,377.94600289047537,123.99377018541811,1.0624215345427759,0.055930301124996015,0.0876313480157607,-0.20913304467451824,0.31679137747200103,0.7367071918275362,98.0,0.0,0.0,0.0,0.0,20.69020559438873,114.31289407664228,377.94600289047537,False,False,0.0,0.0,False,0.0,0,0,0,True
419,100,0.0,107.4535499152949,128.24705917311402,107.98412991122561,134.69891163114056,10.748952509089175,0.0,0.0,132.51778963065607,1.3110182945159243,391.8642268407659,103.73084092352967,1.0660456473686928,0.05965108759478612,0.08739458053984793,-0.3605345508698112,0.12800496868601688,0.8169803283367244,87.0,0.0,0.0,0.0,0.0,20.69020559438873,133.828807925172,391.8642268407659,False,False,0.0,0.0,False,0.0,0,0,0,True
420,100,0.0,107.1498072427992,114.00427744434435,107.98412991122561,120.34919959738284,10.748952509089175,0.0,0.0,141.86489228214495,1.6977351688505748,395.12935619795473,97.71069339041091,1.0712936029741045,0.0649979861294288,0.08735199346035062,-0.38907746703771595,0.03565697564865717,0.8203995746763498,86.0,0.0,0.0,0.0,0.0,20.69020559438873,143.56262745099554,395.12935619795473,False,False,0.0,0.0,False,0.0,0,0,0,True
421,100,0.0,106.47724330416557,102.98850147017689,107.98412991122561,109.29628343630782,10.748952509089175,0.0,0.0,132.47797792450282,2.642436491686005,388.9236088248202,102.7063218314596,1.0767789744904444,0.0705976398120565,0.08733346955643749,-0.3332440886009741,0.11880282446795029,0.7687813368186276,86.0,31.0,0.36046511627906974,0.0,0.0,15.386134293563881,135.12041441618882,388.9236088248202,False,False,0.0,0.0,False,0.0,2,2,0,True
422,99,0.010000000000000009,103.23142752803318,96.55388152828199,106.97853353189018,102.93023038954306,10.641462983998283,0.1024458097467791,0.0,128.32746286577762,1.6222352668242062,380.2929227552876,113.13097383506778,1.0814438407948042,0.0754066489432164,0.08725339060315776,-0.23341248839519774,0.1417544728026277,0.6953912490132522,91.0,91.0,1.0,0.0,0.0,15.386134293563881,129.94969813260184,380.2929227552876,False,False,0.0,0.0,False,0.0,0,0,0,True
423,98,0.020000000000000018,101.58958157339512,94.97872591863415,105.99625239134643,101.5834124181712,10.53397345890739,0.2048916194935582,0.0,119.78210874105685,0.6096401807930789,373.38551360183453,124.14850030778005,1.0847945225297262,0.07893122443006684,0.08706556921454817,-0.13119290121877009,0.11634677970760474,0.6375769101897523,95.0,95.0,1.0,0.0,0.0,12.698791729844032,120.39174892184992,373.38551360183453,False,False,0.0,0.0,False,0.0,1,1,0,True
424,99,0.010000000000000009,98.35665766635299,92.47277726124264,106.91273014343533,99.11189785891293,10.641462983998283,0.1024458097467791,0.0,111.66863523447473,0.0,368.8405875829463,138.58845318997274,1.086917975168566,0.08124308411992551,0.08683187175398649,0.00046059469243140414,0.1069632994868605,0.5671457215334994,97.0,97.0,1.0,0.0,0.0,10.083595203891633,111.66863523447473,368.8405875829463,False,False,0.0,0.0,False,0.0,1,1,0,True
425,94,0.06000000000000005,98.47751575301399,92.75475544471719,102.17019042619957,99.4915890947675,10.104015358543823,0.6146748584806746,0.0,99.17308604240702,0.0,364.9441461496121,148.00388817145512,1.0876091633169018,0.08214052898523863,0.08638966765603627,0.08377591492846456,0.07304038227037726,0.5285071102326171,97.0,97.0,1.0,0.0,0.0,4.9220733824408445,99.17308604240702,364.9441461496121,False,False,0.0,0.0,False,0.0,2,2,0,True
426,98,0.020000000000000018,103.61959704908034,97.70272692983704,106.53248163264514,104.79711204977525,10.53397345890739,0.2048916194935582,0.0,94.77303042766057,0.0,360.6228016069372,156.8336428742632,1.0876485650087497,0.08230902551506494,0.0864651370841204,0.14936244461943943,0.016550996154073315,0.4915318913522616,98.0,98.0,1.0,0.0,0.0,4.9220733824408445,94.77303042766057,360.6228016069372,False,False,0.0,0.0,False,0.0,0,0,0,True
427,96,0.040000000000000036,102.91382019619422,97.59812890743282,104.43107088299561,104.62079634370268,10.318994408725608,0.4097832389871164,0.0,90.6835299851751,0.0,355.4052592805874,163.66658484982605,1.0869632058936602,0.08167679504127454,0.08636424291202156,0.19799483503344592,0.012734097720375306,0.4657879508641073,95.0,95.0,1.0,0.0,0.0,4.9220733824408445,90.6835299851751,355.4052592805874,False,False,0.0,0.0,False,0.0,0,0,0,True
428,92,0.07999999999999996,98.6026760731661,94.30673689042648,99.7752557821249,100.98216626671591,9.88903630836204,0.8195664779742328,0.0,87.07388736021817,0.0,351.3267274333213,169.1351037415245,1.0857606863097662,0.08045347484416224,0.08631326855455118,0.24893009274813016,0.03487388641298131,0.4414131865717931,95.0,95.0,1.0,0.0,0.0,4.9220733824408445,87.07388736021817,351.3267274333213,False,False,0.0,0.0,False,0.0,0,0,0,True
429,88,0.12,93.93070656175507,90.81826369483058,95.11744795957635,97.09726174151008,9.459078207998473,1.2293497169613492,0.0,84.08362687631272,0.0,348.6152218329854,173.43428800627024,1.0841355090694882,0.07876130974362379,0.08641847214179617,0.3039182196467702,0.06040204394881503,0.4204450671259109,96.0,96.0,1.0,0.0,0.0,4.9220733824408445,84.08362687631272,348.6152218329854,False,False,0.0,0.0,False,0.0,0,0,0,True
430,87,0.13,92.77903408177212,91.03329777383723,94.11185158024094,97.14203608255225,9.35158868290758,1.3317955267081283,0.0,77.662889627327,0.0,348.52262889722635,176.51284181267397,1.0821658903224833,0.07670482157697656,0.08661152274792895,0.34278046884186825,0.04014833451586969,0.41515976846136293,97.0,97.0,1.0,0.0,0.0,2.2362668119119324,77.662889627327,348.52262889722635,False,False,0.0,0.0,False,0.0,1,1,0,True
431,86,0.14,91.66932356631531,91.17637400382114,92.94751774713042,97.08140581965186,9.24409915781669,1.4342413364549074,0.0,71.95520966732113,0.0,329.373410938933,178.2839855559833,1.0799299820702628,0.07436729952780341,0.08688480186627487,0.3671530738267206,0.026558030692406233,0.4124719415856351,98.0,98.0,1.0,0.0,0.0,19.762404656335978,71.95520966732113,329.373410938933,False,True,20.216090617380488,0.057828082729549556,False,0.0,1,1,0,True
432,86,0.14,92.44099157816689,131.48195709731976,92.94751774713042,139.67225879901704,9.24409915781669,1.4342413364549074,0.0,112.2529228078087,1.2140627616771562,368.57464176364357,139.74954620579396,1.0775864835597821,0.07191972001611165,0.08719110888269045,-0.052206415305421694,0.41527683333704635,0.6500527849648593,103.0,0.0,0.0,0.0,0.0,19.762404656335978,113.46698556948586,368.57464176364357,False,False,0.0,0.0,False,0.0,0,0,0,True
433,100,0.0,107.35994326028359,125.3326771507202,107.82752187868067,133.31112245968973,10.748952509089174,0.0,0.0,128.9268859157648,0.5504971521779354,383.290528565489,122.24439093375443,1.0790822690219453,0.07337505378690774,0.08777999248522253,-0.21718961454030886,0.1938258324656065,0.6945462644169875,92.0,0.0,0.0,0.0,0.0,17.140239124195283,129.47738306794275,383.290528565489,False,False,0.0,0.0,False,0.0,1,1,0,True
434,100,0.0,106.12749991168346,98.69975757048526,107.82752187868067,105.29342540450342,10.748952509089174,0.0,0.0,119.64543805654765,0.0,372.23189964795074,131.37215524194983,1.0823602810446311,0.07664273627297302,0.08829522991245796,-0.12614012031736138,0.11368670644772656,0.5712421565386364,91.0,91.0,1.0,0.0,0.0,14.49531841794059,119.64543805654765,372.23189964795074,False,False,0.0,0.0,False,0.0,1,1,0,True
435,96,0.040000000000000036,101.31297584016374,94.55990108005713,103.60126689416865,101.06212287816852,10.318994408725606,0.4097832389871164,0.0,106.59407275184903,0.0,366.88106989100316,140.41352105606134,1.0843701773899874,0.07870510517251494,0.08834399527354805,-0.031267198903885324,0.11956454104537059,0.5351905135893722,98.0,98.0,1.0,0.0,0.0,9.5162316941226,106.59407275184903,366.88106989100316,False,False,0.0,0.0,False,0.0,2,2,0,True
436,98,0.020000000000000018,101.73123075334857,95.19078140083532,106.04077521508285,101.81824601505846,10.53397345890739,0.2048916194935582,0.0,101.48973002032795,0.0,362.9082829397381,151.2635148703089,1.0852803681188607,0.07969988204001535,0.08826785022907466,0.06849245456331195,0.07926614437309143,0.5121078731407401,101.0,101.0,1.0,0.0,0.0,9.5162316941226,101.48973002032795,362.9082829397381,False,False,0.0,0.0,False,0.0,0,0,0,True
437,95,0.050000000000000044,99.5380977061561,93.57574632998276,102.53261719255475,100.06522484160675,10.211504883634715,0.5122290487338955,0.0,92.20343926807722,0.0,359.5744870358169,160.22038573288089,1.0850576155443772,0.07956445031972552,0.0881334688447272,0.16207335234448647,0.0718967912156572,0.4769445724382962,101.0,101.0,1.0,0.0,0.0,6.893305167510949,92.20343926807722,359.5744870358169,False,False,0.0,0.0,False,0.0,1,1,0,True
438,97,0.030000000000000027,102.4303854043764,96.67626315290012,105.43757602589226,103.25777822586646,10.426483933816499,0.3073374292403373,0.0,87.09558178596772,0.0,355.8425609620063,168.98169860587302,1.083708879549055,0.07832801274511356,0.08759918646266077,0.23383367056233925,0.019022583417051007,0.45189465737288587,101.0,101.0,1.0,0.0,0.0,6.893305167510949,87.09558178596772,355.8425609620063,False,False,0.0,0.0,False,0.0,0,0,0,True
439,93,0.06999999999999995,99.41673926045534,95.11087223629715,100.98458492907832,101.40053584741455,9.996525833452932,0.7171206682274537,0.0,78.50273223440284,0.0,351.7358591747354,174.8554112986542,1.0816434902378274,0.07630356524647239,0.08703350940729083,0.2863054469345978,0.029004885832090523,0.42996309420357337,96.0,96.0,1.0,0.0,0.0,4.255860598947643,78.50273223440284,351.7358591747354,False,False,0.0,0.0,False,0.0,1,1,0,True
440,89,0.10999999999999999,94.56493183450002,92.75048308574956,96.23801908473612,98.65988620127172,9.566567733089364,1.1269039072145701,0.0,75.98975604240314,0.0,350.5339417917968,178.34294729764076,1.0791409506344969,0.0737866279302238,0.08660028252920939,0.32795206951557876,0.04438731488272081,0.41579274201674477,98.0,98.0,1.0,0.0,0.0,4.255860598947643,75.98975604240314,350.5339417917968,False,False,0.0,0.0,False,0.0,0,0,0,True
441,88,0.12,93.11290576802347,92.42559809393582,95.11744795957635,98.06134225702569,9.459078207998473,1.2293497169613492,0.0,69.82140834473952,0.0,350.6541695943485,181.03479716328133,1.0763715593545489,0.0709896952792588,0.0862984850009055,0.3618129127338768,0.03433194770529821,0.4101496881805036,99.0,99.0,1.0,0.0,0.0,1.6259923341862996,69.82140834473952,350.6541695943485,False,False,0.0,0.0,False,0.0,1,1,0,True
442,87,0.13,92.71538748256228,93.34996386872328,94.11185158024094,98.77445533071166,9.35158868290758,1.3317955267081283,0.0,60.02989183592104,0.0,328.70652572169195,181.79668487479898,1.0735315062034179,0.06809883085164214,0.08617046843725806,0.3729515254021446,0.014151875723577729,0.41233503185460735,99.0,99.0,1.0,0.0,0.0,19.722391543301512,60.02989183592104,328.70652572169195,False,True,23.37696111110677,0.06639607361707446,False,0.0,2,2,0,True
443,87,0.13,93.51588682907581,136.83419675948508,94.11185158024094,144.39720263696245,9.35158868290758,1.3317955267081283,0.0,103.3519769793616,1.169717415834963,371.40597026250595,139.07433969555484,1.0707849314561027,0.06527926529896215,0.0862440524084748,-0.08073881008207243,0.45130435545369413,0.6675621846609202,105.0,0.0,0.0,0.0,0.0,19.722391543301512,104.52169439519656,371.40597026250595,False,False,0.0,0.0,False,0.0,0,0,0,True
444,100,0.0,107.48952509089173,129.58611955561506,107.76870416522128,136.96866893551163,10.748952509089174,0.0,0.0,127.46094604387623,0.0,389.04768502019726,117.25692430516109,1.072624620259145,0.06706003699938815,0.08681116880197584,-0.27268395456638206,0.20422692846655122,0.7326645183708399,91.0,0.0,0.0,0.0,0.0,19.722391543301512,127.46094604387623,389.04768502019726,False,False,0.0,0.0,False,0.0,0,0,0,True
445,100,0.0,107.39331292855115,113.3867748737102,107.76870416522128,120.29267552019786,10.748952509089174,0.0,0.0,136.2448441150857,0.0,391.6912168361546,111.6388535966722,1.0767395539684521,0.0711372169813842,0.08747197423174206,-0.3063033756479767,0.009721460015552812,0.7173409161361322,90.0,0.0,0.0,0.0,0.0,19.722391543301512,136.2448441150857,391.6912168361546,False,False,0.0,0.0,False,0.0,0,0,0,True
446,100,0.0,106.53922584484488,101.95754864351562,107.76870416522128,108.59711129650297,10.748952509089174,0.0,0.0,134.64440807056144,0.5393148470163464,385.24476371438715,117.45000911837786,1.0811480759177257,0.07554825577634691,0.08806550517787562,-0.24559135573656507,0.10693764330533954,0.6731343362870197,92.0,35.0,0.3804347826086957,0.0,0.0,19.722391543301512,135.1837229175778,385.24476371438715,False,False,0.0,0.0,False,0.0,0,0,0,True
447,97,0.030000000000000027,101.38716248354211,94.83205861349231,104.52547899302387,101.32129584218619,10.426483933816499,0.3073374292403373,0.0,130.85205910918205,2.200947721829814,379.796735801713,127.14342949790945,1.0846679188179047,0.07912442307416216,0.08854468029577184,-0.14541077568425478,0.1407267492232147,0.6218161012365006,93.0,43.0,0.46236559139784944,0.0,0.0,19.722391543301512,133.05300683101186,379.796735801713,False,False,0.0,0.0,False,0.0,0,0,0,True
448,97,0.030000000000000027,99.81841427214906,93.42115835430474,104.69852278053673,99.996964281631,10.426483933816499,0.3073374292403373,0.0,122.837600715361,5.85808303158315,376.39021928030996,138.42079392414144,1.0868474189820603,0.08141600207522141,0.08889194325450436,-0.03747296789668876,0.11465998125499857,0.5765660297911185,93.0,43.0,0.46236559139784944,0.0,0.0,17.160895701431453,128.69568374694416,376.39021928030996,False,False,0.0,0.0,False,0.0,1,1,0,True
449,97,0.030000000000000027,96.24467031922643,90.33795797912673,105.00175984194314,96.74699689890268,10.426483933816499,0.3073374292403373,0.0,114.6776824711745,1.6112355748797642,368.52273130659444,153.08459578695786,1.0876891831738695,0.08239619166110905,0.08935897484230043,0.09943346080033805,0.11224075687346065,0.5164696131816816,94.0,94.0,1.0,0.0,0.0,14.568117314759533,116.28891804605428,368.52273130659444,False,False,0.0,0.0,False,0.0,1,1,0,True
450,96,0.040000000000000036,94.05546272790437,88.96347156818811,104.01422693654517,95.17150076691766,10.318994408725608,0.4097832389871164,0.0,111.03314765657035,0.3496824181774715,365.36750948636046,168.13535115531494,1.086860244419087,0.08170868950266949,0.08992414619399729,0.2452673139037222,0.09424217559124766,0.4534105712307864,96.0,96.0,1.0,0.0,0.0,14.568117314759533,111.38283007474782,365.36750948636046,False,False,0.0,0.0,False,0.0,0,0,0,True
451,93,0.06999999999999995,97.46105898773656,92.49856803959804,101.00482348807554,98.71647611803942,9.996525833452932,0.7171206682274537,0.0,107.35344946813674,0.0,362.2253775492366,176.64160660379247,1.0846308901137902,0.07957702643684099,0.0904106459455438,0.32792689570432676,0.030009981899895465,0.42583154982060245,93.0,93.0,1.0,0.0,0.0,14.568117314759533,107.35344946813674,362.2253775492366,False,False,0.0,0.0,False,0.0,0,0,0,True
452,90,0.09999999999999998,95.86189401180869,91.8986483026978,97.64908827762972,97.79709791943102,9.674057258180255,1.024458097467791,0.0,104.17716557396339,0.0,358.5083735876667,182.3920465787244,1.0817601662214975,0.07671448460019781,0.09051175680154158,0.3856196535836713,0.027422954830449698,0.40658282442141996,91.0,91.0,1.0,0.0,0.0,14.568117314759533,104.17716557396339,358.5083735876667,False,False,0.0,0.0,False,0.0,0,0,0,True
453,87,0.13,93.15489528404069,90.41475867422011,94.11185158024094,95.92677127826674,9.35158868290758,1.3317955267081283,0.0,101.68738062343022,0.0,355.55427340091427,186.08913948474523,1.0786113946507436,0.07350793561774982,0.09044029451771786,0.4302536758452142,0.0350091868654481,0.3938657416345786,91.0,50.0,0.5494505494505495,0.0,0.0,14.568117314759533,101.68738062343022,355.55427340091427,False,False,0.0,0.0,False,0.0,0,0,0,True
454,85,0.15000000000000002,90.31994061002209,89.4714763744098,91.73818860017701,94.63310363622617,9.136609632725797,1.5366871462016864,0.0,91.8470867369548,0.43861578462850237,354.19129529040595,188.35585171051247,1.0753740432724432,0.07018044306555309,0.0903225634604489,0.4650673163655245,0.034609417153915634,0.38698266053378727,92.0,47.0,0.5108695652173914,0.0,0.0,9.304733247562986,92.28570252158329,354.19129529040595,False,False,0.0,0.0,False,0.0,2,2,0,True
455,84,0.16000000000000003,86.9278911619075,88.09782127173794,90.70584024897535,92.89645255409907,9.029120107634904,1.6391329559484655,0.0,83.59412682513461,0.0,356.82632151095055,190.96387068774987,1.0721628615967282,0.06687037390865816,0.09015216826751288,0.5059727168911945,0.03908547616699475,0.37790141816280653,95.0,95.0,1.0,0.0,0.0,4.304757124197534,83.59412682513461,356.82632151095055,False,False,0.0,0.0,False,0.0,2,2,0,True
456,84,0.16000000000000003,88.42756676255621,90.32472515371768,90.70584024897535,94.94744637025202,9.029120107634904,1.6391329559484655,0.0,83.79626741631445,0.0,360.4685977900618,191.34498578300753,1.0688673087243346,0.0634675715527561,0.08995129529018978,0.5125909345944162,0.009526285871098838,0.3852380673337417,98.0,98.0,1.0,0.0,0.0,4.304757124197534,83.79626741631445,360.4685977900618,False,False,0.0,0.0,False,0.0,0,0,0,True
457,84,0.16000000000000003,89.4873299659094,91.92701746102163,90.70584024897535,96.34498275602539,9.029120107634904,1.6391329559484655,0.0,84.34670125292385,0.0,363.6805534037565,190.12380857096122,1.0657518081554518,0.060242434590843975,0.08980451300941429,0.498021953894621,0.01633879162842777,0.3933040819407635,95.0,95.0,1.0,0.0,0.0,4.304757124197534,84.34670125292385,363.6805534037565,False,False,0.0,0.0,False,0.0,0,0,0,True
458,84,0.16000000000000003,89.6781622222922,92.51624864741174,90.70584024897535,96.70461871373172,9.029120107634904,1.6391329559484655,0.0,80.80395017327625,0.0,366.32863256960184,188.3134001725248,1.062995370248079,0.05737587481044317,0.08977622311900962,0.4784243838146933,0.017508470315077632,0.3992011938707078,95.0,95.0,1.0,0.0,0.0,1.7303761183615345,80.80395017327625,366.32863256960184,False,False,0.0,0.0,False,0.0,1,1,0,True
459,84,0.16000000000000003,89.68328873827721,92.86012606080084,90.70584024897535,96.83783743427202,9.029120107634904,1.6391329559484655,0.0,77.08034468070994,0.0,347.16960154011633,186.15911436069936,1.0605984436850773,0.05487728896691633,0.08980702396177755,0.4572223009822462,0.016346215216022274,0.4052041948068722,94.0,94.0,1.0,0.0,0.0,20.830176092406976,77.08034468070994,347.16960154011633,False,True,21.748923080420386,0.05895318784219621,False,0.0,1,1,0,True
460,84,0.16000000000000003,90.29120107634904,130.9534354109356,90.70584024897535,136.29037157693097,9.029120107634904,1.6391329559484655,0.0,112.00623935202395,1.029307887316977,385.1689598203803,145.9115191987391,1.0585516020297479,0.05274254210725051,0.08985615143616324,0.012786257053378814,0.42506563616707654,0.6336632246330195,98.0,0.0,0.0,0.0,0.0,18.18025322760893,113.03554723934093,385.1689598203803,False,False,0.0,0.0,False,0.0,1,1,0,True
461,100,0.0,107.39012545047903,118.53502812747385,107.97959727181124,123.54183572029362,10.748952509089174,0.0,0.0,123.2381711967072,0.04100181085660726,389.98723918927453,135.35608834307646,1.059921608353775,0.05413351240100965,0.08976685277939579,-0.09643467811463284,0.1386703574160742,0.6294656888259815,87.0,0.0,0.0,0.0,0.0,18.18025322760893,123.27917300756381,389.98723918927453,False,False,0.0,0.0,False,0.0,0,0,0,True
462,100,0.0,106.695624274318,106.71228010399578,107.97959727181124,111.49078979825978,10.748952509089174,0.0,0.0,123.69810507077382,0.7512745161133916,385.6156443683636,136.6234055108919,1.0622446779039068,0.056527638002692004,0.08937438011363989,-0.081302161364376,0.017707907501565957,0.5956329224810519,89.0,23.0,0.25842696629213485,0.0,0.0,18.18025322760893,124.44937958688722,385.6156443683636,False,False,0.0,0.0,False,0.0,0,0,0,True
463,98,0.020000000000000018,103.99400515612204,101.66607677082617,105.92210092540348,106.45762302046076,10.533973458907392,0.2048916194935582,0.0,117.46241670861008,1.579400851960223,380.15240605122034,140.87942966546925,1.0643594946689423,0.05873839222340984,0.08883272287276166,-0.03617538853005245,0.05834590370343862,0.5828334908057099,90.0,34.0,0.37777777777777777,0.0,0.0,15.541394137839424,119.04181756057031,380.15240605122034,False,False,0.0,0.0,False,0.0,1,1,0,True
464,97,0.030000000000000027,99.99843058581435,95.78872954656669,104.79755907639837,100.47340912813628,10.426483933816499,0.3073374292403373,0.0,100.15597823450616,0.47571224357581554,375.33411744794375,149.8882591953009,1.0659701653315272,0.060451350326293965,0.08838668853405253,0.0537515725141622,0.09607542175228428,0.551178966237152,92.0,92.0,1.0,0.0,0.0,7.644957817225787,100.63169047808198,375.33411744794375,False,False,0.0,0.0,False,0.0,3,3,0,True
465,96,0.040000000000000036,98.92114923421849,95.84903916232048,104.00278013565101,100.59785802984123,10.318994408725608,0.4097832389871164,0.0,87.6772358365394,0.0,373.0442044539599,158.04200016863143,1.0665717507323644,0.0611576102430635,0.08823054883824356,0.13235434401366045,0.06740336744557027,0.5189361159790504,98.0,98.0,1.0,0.0,0.0,2.461485241215542,87.6772358365394,373.0442044539599,False,False,0.0,0.0,False,0.0,2,2,0,True
466,97,0.030000000000000027,101.33569955016755,99.16715798764973,105.40429745465585,104.06455576562303,10.426483933816499,0.3073374292403373,0.0,80.04508166150772,0.0,351.2125601768368,164.27913963563756,1.0664334414022256,0.061099743480776916,0.08817957469481877,0.18377205921437398,0.014344824316823507,0.47377258947231227,99.0,99.0,1.0,0.0,0.0,21.072753610610206,80.04508166150772,351.2125601768368,False,True,21.12538928933557,0.05673713710789732,False,0.0,1,1,0,True
467,97,0.030000000000000027,104.264839338165,139.23251359892652,105.40429745465585,146.02704572033375,10.426483933816499,0.3073374292403373,0.0,115.23927671289013,1.5565721216943273,384.10485474688346,130.4509234913669,1.0657893764661555,0.060479918596809346,0.08796933441711109,-0.15739228423909574,0.3901880872964459,0.6956744585356454,101.0,0.0,0.0,0.0,0.0,21.072753610610206,116.79584883458446,384.10485474688346,False,False,0.0,0.0,False,0.0,0,0,0,True
468,100,0.0,107.48952509089175,127.2494148588098,108.37168322513806,133.85891933787562,10.748952509089175,0.0,0.0,132.43918488935765,0.0,398.2504582621201,111.57319185769516,1.0685903555018919,0.06330296655777715,0.08722948046560641,-0.30189962220239835,0.13279664948033915,0.7280204436605495,86.0,0.0,0.0,0.0,0.0,18.421974267436266,132.43918488935765,398.2504582621201,False,False,0.0,0.0,False,0.0,1,1,0,True
469,99,0.010000000000000009,106.35163569858047,100.16583870698457,107.16235407818465,105.86275656370617,10.641462983998283,0.1024458097467791,0.0,114.8763829085547,0.0,388.03799973122983,118.5697072288952,1.0731386223665391,0.06782170657688162,0.08652895725902152,-0.2208986306438415,0.1434398723286075,0.6043035090175255,85.0,45.0,0.5294117647058824,0.0,0.0,10.488422662511436,114.8763829085547,388.03799973122983,False,False,0.0,0.0,False,0.0,3,3,0,True
470,97,0.030000000000000027,102.8411541112454,96.7135800390787,104.71694381241157,102.59189701885451,10.426483933816499,0.3073374292403373,0.0,109.8718502732625,0.0,379.54518729203903,126.57307100222805,1.0765893558461437,0.07123855537653594,0.08565580884428199,-0.13160870673542155,0.13360415914789586,0.5668562087123441,89.0,89.0,1.0,0.0,0.0,10.488422662511436,109.8718502732625,379.54518729203903,False,False,0.0,0.0,False,0.0,0,0,0,True
471,98,0.020000000000000018,100.78423392983481,94.9588906024733,105.86373166160202,100.98976943619388,10.533973458907392,0.2048916194935582,0.0,105.05661413846664,0.0,373.94628844348995,137.47791206135676,1.078833627176801,0.07347320440601879,0.08467951043506572,-0.02828028598093662,0.1116715804880996,0.5286282599955099,92.0,92.0,1.0,0.0,0.0,10.488422662511436,105.05661413846664,373.94628844348995,False,False,0.0,0.0,False,0.0,0,0,0,True
472,96,0.040000000000000036,98.61672624955432,93.08479472634718,103.25599496151554,99.12620325344416,10.318994408725608,0.4097832389871164,0.0,100.30480616315154,0.0,369.5112472931988,147.6491122965251,1.0799088358987858,0.07453076540727972,0.08413521644990846,0.0801885211295697,0.09732282756568103,0.49120465123195023,93.0,93.0,1.0,0.0,0.0,10.488422662511436,100.30480616315154,369.5112472931988,False,False,0.0,0.0,False,0.0,0,0,0,True
473,97,0.030000000000000027,101.30209555802071,95.8167825022998,105.44684078267728,102.05574776269424,10.426483933816499,0.3073374292403373,0.0,95.54482991513845,0.0,366.7094682887041,157.2791705769026,1.0797394661948532,0.0743874569204015,0.08325923978721653,0.1521672148821751,0.04162945756390528,0.4771728436834817,95.0,95.0,1.0,0.0,0.0,10.488422662511436,95.54482991513845,366.7094682887041,False,False,0.0,0.0,False,0.0,0,0,0,True
474,96,0.040000000000000036,101.0158695252012,96.0509567315384,104.15937621997276,102.22363718259894,10.318994408725608,0.4097832389871164,0.0,90.99628797320662,0.0,364.1856163569049,165.38759006533695,1.078779034054778,0.07341392920868714,0.08297670718842494,0.21572946816419253,0.02989347319725024,0.4545266737480752,95.0,95.0,1.0,0.0,0.0,10.488422662511436,90.99628797320662,364.1856163569049,False,False,0.0,0.0,False,0.0,0,0,0,True
475,92,0.07999999999999996,98.44713074249603,95.85250183752494,99.62646971257138,101.85885780592369,9.88903630836204,0.8195664779742328,0.0,88.43515917527684,0.0,362.37649126423605,169.16155794038337,1.0771585984003846,0.07175068393657705,0.08292015436947234,0.2512807437107619,0.024811483834210966,0.44306497628577085,92.0,92.0,1.0,0.0,0.0,10.488422662511436,88.43515917527684,362.37649126423605,False,False,0.0,0.0,False,0.0,0,0,0,True
476,90,0.09999999999999998,96.23472624048873,95.00137583715718,97.34355747597891,100.77265012402164,9.674057258180257,1.024458097467791,0.0,82.542010977638,0.0,362.13743443659945,171.5037395792051,1.0752095210148715,0.069746390960377,0.08277777748893386,0.2773302837577892,0.02627863981316931,0.4347547339004498,92.0,92.0,1.0,0.0,0.0,7.887414225641564,82.542010977638,362.13743443659945,False,False,0.0,0.0,False,0.0,1,1,0,True
477,90,0.09999999999999998,96.03253274680549,95.47636992667613,97.34355747597891,101.07458627353306,9.674057258180257,1.024458097467791,0.0,81.18130761728291,0.0,363.0197145271153,173.37092712850787,1.0730601808211353,0.06754166126119932,0.08258901958430956,0.2954382087408284,0.016248176670141033,0.43243356273546574,93.0,93.0,1.0,0.0,0.0,7.887414225641564,81.18130761728291,363.0197145271153,False,False,0.0,0.0,False,0.0,0,0,0,True
478,90,0.09999999999999998,96.08668528400798,96.4344938349478,97.34355747597891,101.87333145053775,9.674057258180257,1.024458097467791,0.0,80.4943814063607,0.0,364.5500371048561,174.27999076953898,1.0707914578511928,0.06521925113361968,0.08236229162872848,0.3011996699400254,0.008178717912099393,0.43391216726257564,93.0,93.0,1.0,0.0,0.0,7.887414225641564,80.4943814063607,364.5500371048561,False,False,0.0,0.0,False,0.0,0,0,0,True
479,90,0.09999999999999998,96.23358462291512,97.38008532524826,97.34355747597891,102.65523572080838,9.674057258180257,1.024458097467791,0.0,71.7048863779933,0.0,366.3658724619427,174.2434629202696,1.0685295157101844,0.06290746555745963,0.08210665769239855,0.2963619988752323,0.012163926151870365,0.4373660788443803,93.0,93.0,1.0,0.0,0.0,2.666319919624477,71.7048863779933,366.3658724619427,False,False,0.0,0.0,False,0.0,2,2,0,True
480,90,0.09999999999999998,96.3794549356391,98.14645230573001,97.34355747597891,103.25928188594112,9.674057258180257,1.024458097467791,0.0,71.61795673703261,0.0,368.30178203673063,173.44056809051847,1.0664578233874185,0.060778719586030025,0.08196574037715056,0.2842808938842801,0.0158079376336767,0.4418709766775071,95.0,95.0,1.0,0.0,0.0,2.666319919624477,71.61795673703261,368.30178203673063,False,False,0.0,0.0,False,0.0,0,0,0,True
481,90,0.09999999999999998,96.4887420273628,98.59547502316337,97.34355747597891,103.55156824620846,9.674057258180257,1.024458097467791,0.0,62.82101646562697,0.0,346.7026941593701,172.18865054333406,1.0646965349780373,0.058946662738262524,0.08202145667219589,0.2693032473379677,0.01533496653349547,0.44634868725275884,95.0,95.0,1.0,0.0,0.0,20.80216164956221,62.82101646562697,346.7026941593701,False,True,23.468933206209098,0.06340014055974993,False,0.0,2,2,0,True
482,90,0.09999999999999998,96.74057258180255,139.86747375657538,97.34355747597891,146.6790118790984,9.674057258180257,1.024458097467791,0.0,100.95792496706274,0.6687500209202133,387.6358262194059,129.66473426273757,1.0632299987941392,0.05740436877823716,0.08218862822714497,-0.15575626498088424,0.43328730661283776,0.7045987381827461,101.0,0.0,0.0,0.0,0.0,18.1787046599449,101.62667498798295,387.6358262194059,False,False,0.0,0.0,False,0.0,1,1,0,True
483,100,0.0,107.283844687906,126.46014192125844,107.66829016741582,132.9869710230916,10.748952509089175,0.0,0.0,121.16628216002111,1.4755205443228663,403.68221266723117,110.87288250889495,1.066072505598531,0.06023855867554968,0.08200486067759508,-0.3073941481566809,0.1413656056337734,0.7380011412365722,91.0,0.0,0.0,0.0,0.0,18.1787046599449,122.64180270434397,403.68221266723117,False,False,0.0,0.0,False,0.0,0,0,0,True
484,100,0.0,106.17378584462946,104.52012998055224,107.66829016741582,110.40525052099525,10.748952509089175,0.0,0.0,116.46567998484998,3.349863047830789,400.1830396938892,114.02104269575852,1.0707425291062944,0.06491511053232021,0.08208696203559451,-0.26562895604372716,0.09651691889154901,0.6571446195006022,90.0,30.0,0.3333333333333333,0.0,0.0,15.485300301989037,119.81554303268078,400.1830396938892,False,False,0.0,0.0,False,0.0,1,1,0,True
485,97,0.030000000000000027,99.4069540749816,93.59274202611526,104.65150102940957,99.24461390325925,10.426483933816499,0.3073374292403373,0.0,107.35588507751189,2.373273496039613,392.39924642541234,125.07980169905285,1.074790655252287,0.06901438128223973,0.08216151710421489,-0.15211094529459385,0.1657103553196602,0.5819216780434802,94.0,94.0,1.0,0.0,0.0,12.920365429621476,109.7291585735515,392.39924642541234,False,False,0.0,0.0,False,0.0,1,1,0,True
486,97,0.030000000000000027,98.1474777514332,92.41375229746654,104.41105240530788,98.22722978507895,10.426483933816499,0.3073374292403373,0.0,97.8162170859435,1.4013726138146323,386.56257942265216,137.0771018068942,1.0772785564227458,0.0716001790435187,0.08218362692624465,-0.02864010840013952,0.13110944137152933,0.5435932474946114,99.0,99.0,1.0,0.0,0.0,10.236713645728994,99.21758969975814,386.56257942265216,False,False,0.0,0.0,False,0.0,1,1,0,True
487,96,0.040000000000000036,98.7073146506225,93.19500687117089,103.98145761853716,99.1450020270251,10.318994408725608,0.4097832389871164,0.0,84.38817201038131,0.41473366431085323,380.74664112009725,147.86355255426042,1.0780813700329728,0.07258052857259592,0.08172557321741776,0.07159095544330138,0.08610263815886214,0.5147341486252133,100.0,100.0,1.0,0.0,0.0,5.300133646609153,84.80290567469217,380.74664112009725,False,False,0.0,0.0,False,0.0,2,2,0,True
488,96,0.040000000000000036,100.24025563310352,94.8388588347942,104.05798964449592,100.89078636349556,10.318994408725608,0.4097832389871164,0.0,74.41334630346586,0.0,376.05165506071626,157.08268336396213,1.0779926809724327,0.07264387720452699,0.08140382680838855,0.1523890687276616,0.044154987409393796,0.4954499348174872,103.0,103.0,1.0,0.0,0.0,2.7270831065271475,74.41334630346586,376.05165506071626,False,False,0.0,0.0,False,0.0,1,1,0,True
489,94,0.06000000000000005,100.48690600930014,95.91773840823116,102.18087406379257,101.96351934433162,10.104015358543823,0.6146748584806746,0.0,69.04398537267502,0.0,373.5282648630356,163.3458190195236,1.0771624647175941,0.07192690582528546,0.08110620945416128,0.20272298872144096,0.019688096844790746,0.4646624454143312,104.0,104.0,1.0,0.0,0.0,2.7270831065271475,69.04398537267502,373.5282648630356,False,False,0.0,0.0,False,0.0,0,0,0,True
490,94,0.06000000000000005,100.74291868803736,97.69906031008068,102.18087406379257,103.73006653761132,10.104015358543823,0.6146748584806746,0.0,56.121635581081634,0.0,348.1015595646449,167.82763277323548,1.0758341484307834,0.07065433654828542,0.0808877383890211,0.23182953115181512,0.010461523279144838,0.45499483763967347,102.0,102.0,1.0,0.0,0.0,20.886093573878693,56.121635581081634,348.1015595646449,False,True,23.429460942208554,0.0630619239013889,False,0.0,2,2,0,True
491,92,0.07999999999999996,98.8903630836204,139.89426350187628,99.55848300226775,148.30446367871536,9.88903630836204,0.8195664779742328,0.0,93.32117825712783,0.9772598910437453,388.6038837424216,127.49185227362693,1.074207205651764,0.06902546735728385,0.08075475654022056,-0.17676667389291525,0.4364632973520166,0.7154414240390077,108.0,0.0,0.0,0.0,0.0,18.230067493929994,94.29843814817157,388.6038837424216,False,False,0.0,0.0,False,0.0,1,1,0,True
492,100,0.0,107.47996833001321,130.2778206715798,107.57798553856266,138.47553535897023,10.748952509089175,0.0,0.0,113.93753356765475,0.33796957882469303,408.2631273780786,104.79201714060976,1.0771127421209106,0.07188464970014694,0.08127434861870568,-0.3562509588719301,0.17692547973749853,0.7822445118601665,97.0,0.0,0.0,0.0,0.0,15.53786683872602,114.27550314647945,408.2631273780786,False,False,0.0,0.0,False,0.0,1,1,0,True
493,100,0.0,106.23628964138052,98.70239931486392,107.57798553856266,105.40495641302286,10.748952509089175,0.0,0.0,108.28693283440893,0.0,397.92075531416594,113.66760336430848,1.0821692895960757,0.07690847805613636,0.08181133381719798,-0.26390930775472865,0.15509778772565927,0.627710441658858,97.0,97.0,1.0,0.0,0.0,15.53786683872602,108.28693283440893,397.92075531416594,False,False,0.0,0.0,False,0.0,0,0,0,True
494,97,0.030000000000000027,103.05402291768439,96.4624242816148,104.74025905120322,103.37438675478492,10.426483933816499,0.3073374292403373,0.0,103.50908441524324,0.2855333646656186,389.64686671630693,121.9454381338969,1.085904314833083,0.08067215384036017,0.08203205673332148,-0.17800159699496163,0.1321078525259932,0.5912733131386059,98.0,52.0,0.5306122448979592,0.0,0.0,15.53786683872602,103.79461777990886,389.64686671630693,False,False,0.0,0.0,False,0.0,0,0,0,True
495,100,0.0,104.17657433008463,97.10339363954955,107.41974659109493,104.31021834978598,10.748952509089175,0.0,0.0,93.84326534540111,3.153906218793529,384.4702375568786,132.26179108544227,1.088478779867,0.08329507615827018,0.08229038012938869,-0.07796318838121723,0.0886463140954212,0.5600478705888936,102.0,52.0,0.5098039215686274,0.0,0.0,12.875388019608152,96.99717156419463,384.4702375568786,False,False,0.0,0.0,False,0.0,1,1,0,True
496,95,0.050000000000000044,94.83215779367876,88.73753062550439,102.61409154670805,95.44846044926135,10.211504883634715,0.5122290487338955,0.0,88.61974708515831,0.24065994503356614,377.22877578452017,146.13835200664593,1.0897388585612098,0.08467832494953134,0.08193548505761074,0.0646732470673919,0.14323996368605912,0.48407515067797047,103.0,103.0,1.0,0.0,0.0,12.875388019608152,88.86040703019188,377.22877578452017,False,False,0.0,0.0,False,0.0,0,0,0,True
497,98,0.020000000000000018,100.9720789865676,94.15790091318162,106.53346083704004,101.25855650890702,10.53397345890739,0.2048916194935582,0.0,78.66807297916854,1.1816735357440682,372.3191794608838,158.51391193050432,1.0893451573010677,0.08442405702877294,0.08138494685756795,0.1628726597338921,0.04806030347586539,0.4721966356229147,103.0,59.0,0.5728155339805825,0.0,0.0,10.408577749943204,79.84974651491261,372.3191794608838,False,False,0.0,0.0,False,0.0,1,1,0,True
498,93,0.06999999999999995,96.17246301161177,91.11298752381322,100.67782152153536,97.87023358399499,9.996525833452932,0.7171206682274537,0.0,73.74634300904277,0.0,368.6320868998546,168.0787459282265,1.0881221491629671,0.08325718138850136,0.08134742843659792,0.25705371286384576,0.06483167093333234,0.4354384600022013,103.0,103.0,1.0,0.0,0.0,10.408577749943204,73.74634300904277,368.6320868998546,False,False,0.0,0.0,False,0.0,0,0,0,True
499,91,0.08999999999999997,95.5140798064115,91.75315547248964,98.26908979695133,98.37450426724006,9.781546783271148,0.9220122877210118,0.0,69.74121129891334,0.0,366.1024306085958,174.5946802526882,1.0861865725406246,0.08132422583751915,0.08139487438037733,0.3257069819172034,0.03887702034841787,0.4198731197101888,103.0,62.0,0.6019417475728155,0.0,0.0,10.408577749943204,69.74121129891334,366.1024306085958,False,False,0.0,0.0,False,0.0,0,0,0,True
