,Employment,UnemploymentRate,WageBill,Output,Production,Consumption,Transfers,UnemploymentTransfers,HH_Deposit,HH_Debt,Firm_Debt,Firm_Cash,Inventories,AvgPrice,AvgMarkup,PriceDispersion,InventoryGap,SalesForecastError,InventoryTurnover,CreditRequests,CreditRejections,CreditRejectionRate,FirmDowntimeShare,ReentryCount,Bank_Equity,Bank_Loans,Bank_Deposits,BankFailed,BankResolved,BankResolutionAmount,BankResolutionHaircut,BankBailedOut,BankBailoutAmount,Defaults,DefaultsHH,DefaultsFirm,BalanceOK
0,100,0.0,103.14903921231159,104.75615843736772,104.75615843736772,207.0841235088047,10.31490392123116,0.0,20.465346969913515,6.92363932430958,41.57016533115568,107.52943234075167,0.0,1.1082646886343352,0.12596728165888943,0.03551881662089699,-1.0,0.9432854422347949,2.0,55.0,0.0,0.0,0.0,0.0,50.0,48.493804655465254,127.99477931066518,False,False,0.0,0.0,False,0.0,0,0,0,True
1,100,0.0,103.14903921231159,104.26875459662546,104.75615843736772,147.97364408293765,10.31490392123116,0.0,4.731864098291883,25.706829111613988,40.60255057792964,109.37348984828301,0.4874038407422514,1.1201703067995936,0.13784536762435529,0.037940960220706185,-0.9972759658242223,0.30768714343977444,1.9838179411127386,82.0,0.0,0.0,0.0,0.0,50.0,66.30937968954363,114.1053539465749,False,False,0.0,0.0,False,0.0,0,0,0,True
2,100,0.0,103.14903921231159,102.55730376425075,104.75615843736772,135.64605483013642,10.31490392123116,0.0,2.3664142633128247,46.35485874716598,39.33477369494589,110.2522847070162,2.6862585138592188,1.1317399373301948,0.14937988773764296,0.04037199007424318,-0.9853976940267932,0.11607569456757846,1.921645862390974,98.0,0.0,0.0,0.0,0.0,50.0,85.68963244211187,112.61869897032902,False,False,0.0,0.0,False,0.0,0,0,0,True
3,100,0.0,103.14903921231159,101.89138139166117,104.75615843736772,133.38265240410664,10.31490392123116,0.0,1.8263573577004324,67.31014132988965,39.08038926662404,112.50416977517426,5.551035559565763,1.1429038467252945,0.1605135750926608,0.04266321850235267,-0.96976017319088,0.053029265745476326,1.8651078545168467,100.0,0.0,0.0,0.0,0.0,50.0,106.39053059651368,114.33052713287469,False,False,0.0,0.0,False,0.0,0,0,0,True
4,100,0.0,103.14903921231159,101.40708310570591,104.75615843736772,132.9566794923616,10.31490392123116,0.0,1.6048348933731302,88.89091756378639,39.132230596967965,115.56252829499539,8.90011089122756,1.153656440186306,0.17124274247874377,0.044796358684026774,-0.9511398197050033,0.02613079247009023,1.8160846311917045,100.0,0.0,0.0,0.0,0.0,50.0,128.02314816075435,117.16736318836851,False,False,0.0,0.0,False,0.0,0,0,0,True
5,100,0.0,103.14903921231159,100.87951501922458,104.75615843736772,132.8192643611228,10.31490392123116,0.0,1.5058453327093904,111.20741249961986,41.840301821814975,121.67299079402852,12.776754309370698,1.1639821859244774,0.18155477989601804,0.04674458854926386,-0.9293494336027575,0.01395304899520992,1.7679272518053282,101.0,0.0,0.0,0.0,0.0,50.0,153.04771432143485,123.1788361267379,False,False,0.0,0.0,False,0.0,0,0,0,True
6,100,0.0,103.14903921231159,98.99260731009034,104.75615843736772,129.124361561237,10.31490392123116,0.0,1.4641758880901428,130.66016398137037,45.077407094862345,127.03817493974007,18.540305436648076,1.173887118476586,0.19146296647110952,0.04844810132781868,-0.8962166643417495,0.021766038703554296,1.686933989588081,102.0,0.0,0.0,0.0,0.0,50.0,175.7375710762327,128.5023508278302,False,False,0.0,0.0,False,0.0,0,0,0,True
7,100,0.0,103.14903921231159,97.36857736508024,104.75615843736772,126.16312348313514,10.31490392123116,0.0,1.4417304788363758,147.8446116370686,49.771393785455764,132.8198406252039,25.927886508935543,1.183268925443232,0.20086874429130827,0.04985820008947753,-0.8526919701044035,0.026273483686901383,1.5935973855286143,102.0,0.0,0.0,0.0,0.0,50.0,197.61600542252435,134.26157110404029,False,False,0.0,0.0,False,0.0,0,0,0,True
8,100,0.0,103.14903921231159,96.05540401305792,104.75615843736772,123.73830735501379,10.31490392123116,0.0,1.4300766704998455,163.2095147898189,55.64868233362349,139.03273266862064,34.628640933245336,1.1920452115852183,0.2096913486598709,0.050959576343905445,-0.8001531719016274,0.026047122051976124,1.5041661778709927,102.0,0.0,0.0,0.0,0.0,50.0,218.8581971234424,140.4628093391205,False,False,0.0,0.0,False,0.0,0,0,0,True
9,98,0.020000000000000018,101.08605842806536,93.99517006822038,102.97760431862271,119.21199399145544,10.108605842806536,0.2675373061254202,1.417936335106807,176.58041459192867,60.396083917265734,144.64341908062804,43.611075183647664,1.2001472747600368,0.21786285550641474,0.051758184291618124,-0.7433296012938587,0.033523628322313176,1.4161897063399338,102.0,0.0,0.0,0.0,0.0,50.0,236.9764985091944,146.06135541573485,False,False,0.0,0.0,False,0.0,0,0,0,True
10,99,0.010000000000000009,102.11754882018847,93.33103201892621,104.05520421771142,117.92611010072024,10.211754882018848,0.1337686530627101,1.4151348769709857,188.13632519500942,68.98009076731455,152.8225239193557,54.33524738243288,1.2075449129371725,0.22534150398544783,0.05239329450948714,-0.6766575813984878,0.024108887360405208,1.3489222657403097,102.0,0.0,0.0,0.0,0.0,50.0,257.11641596232397,154.23765879632668,False,False,0.0,0.0,False,0.0,0,0,0,True
11,97,0.030000000000000027,100.05456803594225,90.84363515043833,102.32945613479023,113.19956160710312,10.005456803594225,0.4013059591881303,1.4080127542528094,197.36171106472958,74.94175660100309,158.28054443011783,65.82106836678477,1.2141969412521283,0.23208264093999603,0.05294183658487325,-0.6021475929965271,0.0365184398478771,1.266790689937532,101.0,0.0,0.0,0.0,0.0,50.0,272.3034676657327,159.68855718437064,False,False,0.0,0.0,False,0.0,0,0,0,True
12,98,0.020000000000000018,101.08605842806536,90.33395361338268,103.75379698106656,112.17018080044848,10.108605842806536,0.2675373061254202,1.40804796405882,204.88254647290177,80.35467787442377,161.96058707885254,79.24091173446865,1.2200302855262015,0.23799155190647064,0.053653238583347425,-0.5203782857764886,0.023994597680147445,1.1997061947287544,100.0,0.0,0.0,0.0,0.0,50.0,285.23722434732554,163.36863504291136,False,False,0.0,0.0,False,0.0,0,0,0,True
13,98,0.020000000000000018,101.08605842806537,89.7538049697876,104.29869768052562,110.79245695671707,10.108605842806536,0.2675373061254202,1.408291184124391,211.28594786428175,86.83969545879611,166.36180211026922,93.78580444520667,1.2249665611221066,0.2429642046932309,0.054844459126229976,-0.4355915826895667,0.018208100830073737,1.1167358146420852,102.0,0.0,0.0,0.0,0.0,50.08194444949379,298.12564332307784,167.7700932943936,False,False,0.0,0.0,False,0.0,0,0,0,True
14,96,0.040000000000000036,99.02307764381914,88.34497128848436,102.56361430580334,108.13930145094763,9.902307764381913,0.5350746122508404,1.401908622558886,217.2531022938537,91.30060942618847,169.47143302790573,108.00444746252565,1.2290334871382889,0.24700220837071116,0.05679837348785137,-0.3509546295269034,0.024693292837547644,1.0420528666596458,101.0,0.0,0.0,0.0,0.0,50.318251014089356,308.55371172004214,170.87334165046462,False,False,0.0,0.0,False,0.0,0,0,0,True
15,97,0.030000000000000027,100.05456803594225,88.0565769039062,104.14994695222639,107.6960926515611,10.005456803594225,0.4013059591881303,1.4017478420059786,221.98919271408613,93.42966427641139,168.87175521356906,124.0978175108458,1.2322515858951362,0.2501090230885527,0.059643941909792206,-0.26121958454521566,0.017663233406529682,0.9137801591974837,97.0,0.0,0.0,0.0,0.0,50.65946891765414,315.4188569904975,170.27350305557505,False,False,0.0,0.0,False,0.0,0,0,0,True
16,93,0.06999999999999995,95.9286064674498,85.21482198845345,99.26350482773923,104.31228461807463,9.592860646744978,0.9363805714389707,1.1003996118168624,227.20781909430164,91.80354473850852,165.58657972800674,138.1465003501316,1.2345431557433928,0.2521787400919904,0.06346855293010938,-0.1669773496306887,0.04178972134427378,0.7618678431035641,92.0,0.0,0.0,0.0,0.0,51.08576250078626,319.01136383281016,166.6869793398236,False,False,0.0,0.0,False,0.0,0,0,0,True
17,98,0.020000000000000018,101.08605842806537,87.82087278925732,103.49456113567652,107.48558537166754,10.108605842806536,0.2675373061254202,1.239081509634101,231.2212510656545,92.17062973391425,161.79672188271377,153.82018869655082,1.2358035550832616,0.2531423085375065,0.06772567220414276,-0.06863696057237381,0.01768625943153192,0.6363987773690459,90.0,0.0,0.0,0.0,0.0,51.515115782043075,323.39188079956875,163.03580339234787,False,False,0.0,0.0,False,0.0,0,0,0,True
18,95,0.050000000000000044,97.99158725169603,85.63567625076898,100.06450346918238,104.70554793572175,9.799158725169603,0.6688432653135505,1.10409372078813,235.32027002654044,93.38931410896728,159.40566345093902,168.24901591496425,1.2358800897113742,0.25292642223833883,0.07124878827186878,0.04020422905652767,0.024765633060150862,0.5204362393059655,91.0,0.0,0.0,0.0,0.0,52.018817013628066,328.7095841355077,160.50975717172716,False,False,0.0,0.0,False,0.0,0,0,0,True
19,94,0.06000000000000005,96.96009685957291,84.55836162278538,98.8652191211159,103.1989098498672,9.696009685957291,0.8026119183762606,1.1886532059583195,239.27731884406845,96.12639602854857,158.0778600151838,182.55587341329473,1.2347559976595563,0.2515268943528969,0.0740311198963977,0.15588121331980775,0.02616187869639245,0.42309081661373443,87.0,0.0,0.0,0.0,0.0,52.607932871642625,335.403714872617,159.26651322114213,False,False,0.0,0.0,False,0.0,0,0,0,True
20,84,0.16000000000000003,94.89711607532666,82.74787678208035,96.92938322516758,100.7251900200437,9.489711607532668,1.0701492245016808,1.2690036507477527,242.89381960968112,52.47113654958197,146.53541199431658,175.29305279975412,1.2324011848986232,0.24891781348214587,0.07599053861398393,0.2811383976622808,0.0350718001078987,0.35477047624355684,84.0,0.0,0.0,0.1,0.0,26.67026059229533,295.3649561592631,147.80441564506432,False,False,0.0,0.0,False,0.0,1,0,1,True
21,77,0.22999999999999998,79.31868336938743,62.72365169164772,82.67178957108833,82.5453860814658,7.9424760193479935,3.076679020442332,0.7455015725301558,242.97526521449794,49.18197605555445,133.18783068578023,195.24119067919474,1.229723012263627,0.24585608904995143,0.07829256779342529,0.37508925750014704,0.2706018896680561,0.24933647289211183,71.0,71.0,1.0,0.1,0.0,26.67026059229533,292.1572412700524,133.93333225831037,False,False,0.0,0.0,False,0.0,0,0,0,True
22,73,0.27,70.57237883136231,61.9027148638821,77.30292953286899,74.73118780954972,7.529879862498749,3.6117536326931727,0.6682092997727036,244.32182262379288,46.28265499918495,133.5994586443905,210.64140534818162,1.2242063755165122,0.239896089164382,0.08057801945857473,0.6398563127494888,0.1974060580594607,0.3674750428704418,64.0,64.0,1.0,0.0,1.0,26.67026059229533,290.6044776229778,134.2676679441632,False,False,0.0,0.0,False,0.0,0,0,0,True
23,70,0.30000000000000004,67.13253053227454,59.86219722245175,73.77590820271327,71.71106589261325,7.220432744861814,4.013059591881303,0.6541163667840296,246.10735880677126,43.498980022073766,131.77602806426378,224.55511632844315,1.2158315657961531,0.23104246747747675,0.08305044097988208,0.8835124236687376,0.12004687440106887,0.2655473100497076,59.0,59.0,1.0,0.0,0.0,26.67026059229533,289.606338828845,132.4301444310478,False,False,0.0,0.0,False,0.0,0,0,0,True
24,62,0.38,60.44163580496355,55.67315072331804,65.32690317456328,66.0364347606051,6.3952404311633195,5.083208816382984,0.5581802198777748,241.74335491963143,40.93006012672358,130.50537633781406,234.20886877968834,1.2047637278654464,0.2195383277259479,0.08493843611098105,1.1146913055241785,0.12630816266151715,0.22353668244007413,54.0,54.0,1.0,0.0,0.0,22.529422576989294,282.673415046355,131.06355655769184,False,False,0.0,0.0,False,0.0,2,2,0,True
25,59,0.41000000000000003,57.808193837954356,54.34859960842051,62.49927819272315,63.7036677347409,6.085793313526385,5.484514775571114,0.7540157489346198,244.63160181286898,38.45867451987734,130.56073630928475,242.35954736399106,1.1912296128360953,0.20561022694378978,0.08611460124630899,1.2971711458620323,0.09100748631338008,0.2080759474658267,55.0,55.0,1.0,0.0,0.0,22.529422576989294,283.0902763327463,131.31475205821937,False,False,0.0,0.0,False,0.0,0,0,0,True
26,55,0.44999999999999996,54.89669209256666,52.85987401468261,58.41361944238352,61.124424754327,5.673197156677138,6.019589387821955,1.079054397584047,244.54221829362857,36.08854611784907,131.512843620792,247.91329279169196,1.1758227403991532,0.18982615658131557,0.08696039781366227,1.4421418567762607,0.07485010747429248,0.19721237809855527,49.0,49.0,1.0,0.0,0.0,20.48040368440188,280.6307644114776,132.59189801837607,False,False,0.0,0.0,False,0.0,1,1,0,True
27,51,0.49,51.59393957659681,51.26845582377645,54.14540535336418,58.40720279183634,5.260600999827892,6.554664000072795,1.1395744248307225,248.06076152708243,34.19889382176727,132.71281951374428,250.79024232127966,1.1590156926367876,0.17265273219607455,0.08753794927677053,1.5595931217825427,0.0688029698692134,0.1891470778494439,51.0,51.0,1.0,0.0,0.0,20.48040368440188,282.2596553488497,133.852393938575,False,False,0.0,0.0,False,0.0,0,0,0,True
28,51,0.49,51.10917096288885,51.76151089042838,54.14540535336418,58.034017440687286,5.260600999827892,6.554664000072795,1.1267891477117487,251.73955036459992,33.08508358464558,134.93302454187392,253.17413678421545,1.1411671966724515,0.1544483934341196,0.08790331125456756,1.6214057000184314,0.02730479694217731,0.1884492850482115,51.0,51.0,1.0,0.0,0.0,20.48040368440188,284.8246339492455,136.05981368958567,False,False,0.0,0.0,False,0.0,0,0,0,True
29,51,0.49,51.244832367898915,52.79727262238538,54.14540535336418,58.22549493959379,5.260600999827892,6.554664000072795,1.0680027000633112,255.55618148316262,31.969636155532307,137.22200406684138,254.52226951519427,1.1229145365678312,0.13586296744284618,0.08801990039908611,1.6310096355723513,0.013262500040494757,0.1902573743562445,51.0,51.0,1.0,0.0,0.0,20.48040368440188,287.52581763869495,138.2900067669047,False,False,0.0,0.0,False,0.0,0,0,0,True
30,51,0.49,51.294886312507344,53.71180698804628,54.14540535336418,58.26262058663277,5.260600999827892,6.554664000072795,1.018294724644294,259.5021109372441,30.85522787059289,139.5101991944679,254.95586788051216,1.1048426367023858,0.11749034495477037,0.08786852721179773,1.6131699859647486,0.02366890168384227,0.19231147015424327,51.0,51.0,1.0,0.0,0.0,20.48040368440188,290.357338807837,140.5284939191122,False,False,0.0,0.0,False,0.0,0,0,0,True
31,51,0.49,51.32070897125981,54.59587644638712,54.14540535336418,58.26634594627436,5.260600999827892,6.554664000072795,0.987800933117384,259.379821674943,29.742252881267135,141.80468086058474,254.50539678748925,1.087258379708412,0.09964077908373789,0.08743765172044868,1.5787460507344035,0.027927760244957467,0.19492056559113863,51.0,51.0,1.0,0.0,0.0,17.958706016504394,289.1220745562101,142.7924817937021,False,False,0.0,0.0,False,0.0,1,1,0,True
32,51,0.49,51.30143310371335,55.45099081892708,54.14540535336418,58.26092931133294,5.260600999827892,6.554664000072795,0.9607163327307138,258.8207018584503,28.631979062943604,144.09648373057152,253.1998113219263,1.0705455637082804,0.08268892397610635,0.08675934156202685,1.5336105086884118,0.02863791005944254,0.19811513073249046,53.0,53.0,1.0,0.0,0.0,15.166715270700195,287.45268092139395,145.05720006330225,False,False,0.0,0.0,False,0.0,1,1,0,True
33,51,0.49,51.27920034594762,56.2742982897452,54.14540535336418,58.28090602382636,5.260600999827892,6.554664000072795,0.9403832081219461,254.17679148651303,27.52556503509316,146.41503444338892,251.07091838554527,1.055451927085762,0.06734728535239454,0.0860783254310841,1.4814145912127112,0.028948521709432413,0.20189931664223404,54.0,54.0,1.0,0.0,0.0,9.905754545328199,281.7023565216062,147.35541765151086,False,False,0.0,0.0,False,0.0,2,2,0,True
34,51,0.49,51.266212773614456,57.11499244565086,54.14540535336418,58.370906696871174,5.260600999827892,6.554664000072795,0.8724677414265409,239.91692489555948,26.42256508673993,139.40619746291048,248.1013312932586,1.0417611927445627,0.05341635467741288,0.08539244617360577,1.4224598474230563,0.029590128922288943,0.2064993243481986,55.0,55.0,1.0,0.0,0.0,8.416719912260223,266.3394899822994,140.27866520433702,False,True,9.514029072359774,0.06351464013849349,False,0.0,4,4,0,True
35,52,0.48,51.2904860999267,57.95873864432237,55.211531346979314,58.542812521611744,5.3637500390402035,6.4208953470100845,0.7400613755972973,220.26774606390276,25.32461456484225,128.84954201914786,245.3541239959155,1.0299586041496964,0.04138251954344041,0.08483817191458257,1.3674933638025968,0.03064604657495133,0.21095009592286856,59.0,59.0,1.0,0.0,0.0,7.775376203684708,245.592360628745,129.58960339474515,False,True,13.377781449470278,0.09357226100237753,False,0.0,5,5,0,True
36,53,0.47,51.72901531688481,58.91215998374968,56.5409039037804,58.93630614048376,5.466899078252515,6.287126693947375,0.6293700698432729,190.53419240409238,24.228125131462292,112.83681610592501,242.98286791594626,1.0203693485760084,0.03160824187032905,0.0841144716706316,1.3116386638972704,0.03223402604993649,0.21592312950323903,63.0,63.0,1.0,0.0,0.0,6.807971170546098,214.76231753555467,113.46618617576829,False,True,18.715225362246883,0.1415874225012676,False,0.0,7,7,0,True
37,54,0.45999999999999996,51.21944083030721,58.927585289594774,57.60426897624812,58.50448931524308,5.570048117464826,6.153358040884664,0.5483146700791754,160.5469571181258,23.147284228222183,97.75799332114138,241.6595516025996,1.0130997925045375,0.024146532063809456,0.08394483863322225,1.2846115391287365,0.021064161335405375,0.21689279666596625,71.0,71.0,1.0,0.0,0.0,5.89837847947323,183.69424134634798,98.30630799122056,False,True,18.38958874588529,0.1575855643606186,False,0.0,7,7,0,True
38,55,0.44999999999999996,50.43035898303694,58.55446331241947,58.65333983934325,57.78938123853711,5.673197156677138,6.019589387821955,0.5273545371588163,134.42431339260733,22.085667145040727,85.93005382159294,241.7584281295234,1.0077983963105859,0.018636110657106596,0.08439490252814023,1.2881069769258282,0.012634592387452506,0.21539263768659872,76.0,76.0,1.0,0.0,0.0,5.187444501525102,156.50998053764806,86.45740835875175,False,True,15.741274329638625,0.1540261959895772,False,0.0,7,7,0,True
39,55,0.44999999999999996,50.072687988272996,58.88787048761772,58.65333983934325,57.841580614472264,5.673197156677138,6.019589387821955,0.6399358086791239,130.5976268122479,21.028030228077252,90.16102481717202,241.52389748124895,1.0038697421837104,0.014489203005974782,0.08524461343977012,1.283907480910173,0.01202346392533496,0.21646199357233914,83.0,83.0,1.0,0.0,0.0,2.387383543852729,151.62565704032517,90.80096062585115,False,False,0.0,0.0,False,0.0,1,1,0,True
40,55,0.44999999999999996,54.78914714684081,63.59185192395719,58.65333983934325,62.218704163360165,5.673197156677138,6.019589387821955,0.8264435149942861,112.71926986035194,19.89476921955842,80.53513880201656,236.585385396635,1.0009236660363208,0.01132745254112455,0.08630839481540543,1.1554090748814474,0.08097202399249928,0.23580351223981308,82.0,82.0,1.0,0.0,0.0,4.881694939020649,132.61403907991036,81.36158231701084,False,True,13.569018840805418,0.14293619418092343,False,0.0,4,4,0,True
41,57,0.43000000000000005,54.453063198836276,63.84028841207756,60.81398719053347,62.275886274952526,5.8794952351017615,5.752052081696535,0.9092808189693182,112.89062036030452,18.763844171328525,84.77401775627008,233.5590841750909,0.9987888519146739,0.009016352486311363,0.08725677586353038,1.087511211373329,0.04209900858898068,0.23898880297592004,90.0,90.0,1.0,0.0,0.0,4.881694939020649,131.65446453163304,85.6832985752394,False,False,0.0,0.0,False,0.0,0,0,0,True
42,58,0.42000000000000004,59.037874744861796,68.39811336413312,62.14335974733456,66.56936709057294,5.982644274314073,5.618283428633824,1.0960025183095465,108.29702071812193,17.557728102016902,88.17457189727497,227.30433055829232,0.9972330296907689,0.007316361877847677,0.08808456840102719,0.9423491303746807,0.09257230835198206,0.25985033252002593,93.0,93.0,1.0,0.0,0.0,2.1131940425176112,125.85474882013884,89.27057441558452,False,False,0.0,0.0,False,0.0,1,1,0,True
43,60,0.4,59.82871572496276,69.61850627204684,64.12940891015208,67.64266856669738,6.188942352738697,5.350746122508404,1.0814219628104598,108.30030872918732,16.33424453108833,90.15591497778286,221.81523319639757,0.9961225261773776,0.006096658026264934,0.08873357872309784,0.8413168726472696,0.06241475130651244,0.2698532406863494,90.0,90.0,1.0,0.0,0.0,2.1131940425176112,124.63455326027565,91.23733694059332,False,False,0.0,0.0,False,0.0,0,0,0,True
44,65,0.35,64.80785782286618,74.55076490430145,69.44862231725382,72.34727612838954,6.704687548800255,4.681902857194854,1.0836474565932097,108.19985002278045,15.02725353229784,93.68563250002344,216.71309060934993,0.9953421091264749,0.00523746406484824,0.08921044398544159,0.7164206525124595,0.10287952882688747,0.29173322722852923,95.0,95.0,1.0,0.0,0.0,2.1131940425176112,123.22710355507829,94.76927995661666,False,False,0.0,0.0,False,0.0,0,0,0,True
45,67,0.32999999999999996,68.03647437442946,77.79831541409983,71.62809911526148,75.43898187194104,6.910985627224878,4.414365551069434,1.1136759634458384,108.04880639278853,13.665483451683844,97.02452062884942,210.54287431051156,0.9948203049082884,0.004666581575336948,0.08950301889982475,0.5962733772073495,0.09464969025367247,0.3099776199167163,93.0,93.0,1.0,0.0,0.0,2.1131940425176112,121.71428984447238,98.13819659229526,False,False,0.0,0.0,False,0.0,0,0,0,True
46,69,0.31000000000000005,70.57342510798446,80.38044392605165,73.98771308834027,77.91235673279043,7.117283705649502,4.146828244944013,1.1234500093765378,107.87052705637453,12.259593097513475,98.75265736316442,204.1501434728002,0.9945179682856983,0.004347365108169954,0.08958151927712048,0.4886289659975674,0.08014564558209655,0.32694471589698626,93.0,93.0,1.0,0.0,0.0,2.1131940425176112,120.130120153888,99.87610737254096,False,False,0.0,0.0,False,0.0,0,0,0,True
47,71,0.29000000000000004,71.96525431556206,81.86161237628039,76.05644976554233,79.3357186007073,7.3235817840741255,3.8792909388185928,1.0816662749738843,107.72788724416701,11.529834903674084,100.8768720269263,198.34498086206213,0.9943510404710395,0.00418104907496748,0.08954616549424889,0.4063356248070952,0.058017628032490776,0.340065759821525,95.0,95.0,1.0,0.0,0.0,2.1131940425176112,119.2577221478411,101.95853830190019,False,False,0.0,0.0,False,0.0,0,0,0,True
48,75,0.25,75.74948997420087,85.50639379916502,80.2827301152483,82.87134757173762,7.736177940923371,3.3442163265677527,1.1150657971187867,107.52990526460209,10.796785345171056,104.42640942054153,193.12131717814538,0.99428986051161,0.004136038983284962,0.0894068490331751,0.32070217158427783,0.07436787963003474,0.3609134077036885,95.0,95.0,1.0,0.0,0.0,2.1131940425176112,118.32669060977315,105.54147521766032,False,False,0.0,0.0,False,0.0,0,0,0,True
49,79,0.20999999999999996,80.05902377590813,89.83232217634284,84.50269387254487,87.09852362864099,8.148774097772618,2.809141714316912,1.0248981290687087,102.6569303660408,10.025975743977593,101.24914961578213,187.79168887434744,0.994428511769317,0.004319149762110941,0.08905615715458928,0.23223908169990604,0.08896742512339256,0.38410471078434905,96.0,96.0,1.0,0.0,0.0,6.13644286469105,112.6829061100184,102.27404774485083,False,True,6.8152126782162625,0.06247372703587579,False,0.0,1,1,0,True
50,80,0.19999999999999996,80.65726681848231,90.32972572541186,85.83206642934596,87.65989078874861,8.25192313698493,2.675373061254202,1.0399845192024875,97.72782511834927,9.249181225677253,105.28788151325043,183.29402957828157,0.9949372864098743,0.004900832306491032,0.08848368147253963,0.17222609311223733,0.0493132588984438,0.3936513631052656,99.0,99.0,1.0,0.0,0.0,3.3933679013953273,106.97700634402652,106.32786603245292,False,False,0.0,0.0,False,0.0,1,1,0,True
51,85,0.15000000000000002,86.44062179144703,95.90684467747742,91.42394667072935,93.1858268801613,8.767668333046487,2.0065297959406516,1.1654801591594746,97.20621772598493,8.421798661198581,108.52348740482739,178.81113157153348,0.9957625986339756,0.00580423155805736,0.08788749797772219,0.08950864591347213,0.0881219434355706,0.4214865696683823,100.0,100.0,1.0,0.0,0.0,3.3933679013953273,105.62801638718351,109.68896756398686,False,False,0.0,0.0,False,0.0,0,0,0,True
52,91,0.08999999999999997,91.26306333754663,100.47619084865055,98.0098409935141,97.7903916650251,9.386562568320356,1.2039178775643908,1.251993375923069,96.59343692609608,7.550900682040755,110.5917892876141,176.34478171639705,0.997132271002334,0.007244754418492749,0.0874481129334067,0.017803618168473624,0.09273556448353053,0.44350900455746894,97.0,97.0,1.0,0.0,0.0,3.3933679013953273,104.14433760813682,111.84378266353717,False,False,0.0,0.0,False,0.0,0,0,0,True
53,97,0.030000000000000027,95.79056166326615,104.81584197723384,104.16032919500499,102.22499943940554,10.005456803594225,0.4013059591881303,1.3049151264194712,96.01683984176717,6.636844865706984,112.83463897294699,175.6892689341682,0.9990363843592416,0.009197931438102236,0.08732125741555148,-0.035211833317742094,0.09007352304982842,0.4599300067386909,98.0,98.0,1.0,0.0,0.0,3.3933679013953273,102.65368470747416,114.13955409936646,False,False,0.0,0.0,False,0.0,0,0,0,True
54,100,0.0,99.02342546561303,107.96097007765974,107.50938474609109,105.54435683590319,10.31490392123116,0.0,1.2608674676140244,95.50195513055345,5.688544839966054,114.14004442414392,175.23768360259956,1.0013764923755024,0.011573003368488655,0.08740932172331028,-0.07850591699844152,0.07486449256417317,0.4730932004502166,94.0,94.0,1.0,0.0,0.0,3.3933679013953273,101.19049997051951,115.40091189175794,False,False,0.0,0.0,False,0.0,0,0,0,True
55,100,0.0,100.49386877030919,109.07885548642764,107.50938474609109,106.91940380561812,10.31490392123116,0.0,1.2802479940642726,94.93774500122306,4.723812460345496,114.76001184934738,173.66821286226298,1.004100719125619,0.01431700038769732,0.08765888304569565,-0.11366518952841753,0.0470317776243082,0.4839730467024503,93.0,93.0,1.0,0.0,0.0,3.3933679013953273,99.66155746156856,116.04025984341165,False,False,0.0,0.0,False,0.0,0,0,0,True
56,99,0.010000000000000009,100.99013359766012,109.31586210674726,106.37897881117858,107.45748988528872,10.211754882018848,0.1337686530627101,1.3534940469122407,90.09648339616999,3.751661132217331,115.09208670300352,170.73132956669426,1.0071720040542427,0.017391492622557125,0.08808240120010513,-0.14443776022690882,0.025129427881672373,0.4963164103974581,91.0,91.0,1.0,0.0,0.0,0.7996131102059305,93.84814452838732,116.44558074991576,False,False,0.0,0.0,False,0.0,1,1,0,True
57,99,0.010000000000000009,101.10582431290601,109.46691853565834,106.47314023103668,107.93166184064084,10.211754882018848,0.1337686530627101,1.1519228018570205,89.49441752588434,2.773961667845142,115.52166161925086,167.73755126207263,1.0105291434951815,0.02074104227371203,0.08862537764546496,-0.17230804401947383,0.013524547542094052,0.5112655424578414,93.0,93.0,1.0,0.0,0.0,0.7996131102059305,92.26837919372949,116.67358442110789,False,False,0.0,0.0,False,0.0,0,0,0,True
58,99,0.010000000000000009,100.27468416466691,107.98710282519679,106.1272061534662,106.80497337796365,10.211754882018848,0.1337686530627101,1.2497458670182615,88.87590639567327,1.8050961170281128,115.61197373369333,165.87765459034205,1.0141435796855627,0.024327485138108583,0.08944293556970152,-0.18217855695771304,0.008236181912996278,0.517655481012486,93.0,93.0,1.0,0.0,0.0,0.7996131102059305,90.68100251270138,116.8617196007116,False,False,0.0,0.0,False,0.0,0,0,0,True
59,99,0.010000000000000009,100.53685717653237,107.96945545954345,106.0330447336081,107.11579518627418,10.211754882018848,0.1337686530627101,1.2950953995722954,88.23242735105539,0.8306071264779213,116.54875456872769,163.94124386440666,1.017789930954574,0.027938754630327068,0.09040735805567261,-0.19166178769210632,0.00929414285760632,0.5293261637941038,96.0,96.0,1.0,0.0,0.0,0.7996131102059305,89.06303447753331,117.84384996829998,False,False,0.0,0.0,False,0.0,0,0,0,True
60,99,0.010000000000000009,100.01667239441282,107.24857588590685,105.95311814037098,106.72623843581465,10.211754882018848,0.1337686530627101,1.2023733966246237,83.06185124300193,0.0,108.49230911951668,162.64578611887077,1.0214507977321086,0.03156956101034838,0.09137493536645039,-0.19498202807020065,0.010834177243068616,0.5369812531495122,94.0,94.0,1.0,0.0,0.0,6.581680950968478,83.06185124300193,109.6946825161413,False,True,8.53684244097206,0.07220445176587773,False,0.0,1,1,0,True
61,98,0.020000000000000018,98.15731112442246,105.123720394927,105.40977515856895,104.92528989542792,10.108605842806536,0.2675373061254202,1.2872556311958587,82.41561158094076,0.0,112.29155088614657,162.9318408825127,1.0250526061303908,0.03515134303497693,0.09230638421350096,-0.19075237092568123,0.025266047138628338,0.5362425984603524,100.0,100.0,1.0,0.0,0.0,6.581680950968478,82.41561158094076,113.57880651734243,False,False,0.0,0.0,False,0.0,0,0,0,True
62,99,0.010000000000000009,100.1220584007528,106.76666575672559,106.21265458899813,106.85742206157802,10.211754882018848,0.1337686530627101,1.3409171261691553,81.71377165306296,0.0,114.34526636129735,162.37782971478524,1.0285561512393016,0.038614912196292914,0.09348495249587965,-0.19866844378360554,0.014261412130695136,0.5487176308700689,98.0,98.0,1.0,0.0,0.0,6.581680950968478,81.71377165306296,115.68618348746651,False,False,0.0,0.0,False,0.0,0,0,0,True
63,100,0.0,101.14969912666739,107.49148914948258,107.10193164837065,107.87321770855068,10.31490392123116,0.0,1.3532085044860958,80.96502626763554,0.0,115.78284713427901,161.9882722136733,1.0320942516510099,0.04210332467153473,0.09484475969288954,-0.2044122749887009,0.01589731065179655,0.5576178132083112,97.0,97.0,1.0,0.0,0.0,6.581680950968478,80.96502626763554,117.1360556387651,False,False,0.0,0.0,False,0.0,0,0,0,True
64,99,0.010000000000000009,100.66984880250136,106.7362554196921,106.21265458899813,107.40395040124767,10.211754882018848,0.1337686530627101,1.3853416970590346,80.19015154288668,0.0,115.77668748775865,161.46467138297936,1.0356252422187406,0.0455909236284906,0.09620272186820324,-0.20880608801490247,0.012124585379419132,0.5605754146573763,96.0,96.0,1.0,0.0,0.0,6.581680950968478,80.19015154288668,117.16202918481768,False,False,0.0,0.0,False,0.0,0,0,0,True
65,99,0.010000000000000009,101.29457367389374,107.05684531085066,106.12996707461363,108.01000395660047,10.211754882018848,0.1337686530627101,1.4155583752460847,79.36784938002933,0.0,116.48409037253128,160.5377931467423,1.0391475351954442,0.04906207766794657,0.09770363518008135,-0.21571260434799938,0.01377120060835541,0.5665277652082841,97.0,97.0,1.0,0.0,0.0,6.581680950968478,79.36784938002933,117.89964874777736,False,False,0.0,0.0,False,0.0,0,0,0,True
66,99,0.010000000000000009,101.53026012155075,107.19974469585097,105.95311814037098,108.43768153299139,10.211754882018848,0.1337686530627101,1.4323801771178135,78.69566110109533,0.0,116.9449710974946,159.29116659126228,1.0426832621261448,0.05254622744120838,0.09928780226654105,-0.22113616391945223,0.013932880166418759,0.5692409739199669,96.0,96.0,1.0,0.0,0.0,6.581680950968478,78.69566110109533,118.37735127461241,False,False,0.0,0.0,False,0.0,0,0,0,True
67,100,0.0,102.67420107805458,107.94114735852278,107.28249069717205,109.47769582543582,10.31490392123116,0.0,1.4289109236645623,77.90659189539248,0.0,117.94740119326758,158.63250992991152,1.046198083010085,0.05602593399556892,0.10076665883304117,-0.2282978653825915,0.016144226473279642,0.5731870670458349,98.0,98.0,1.0,0.0,0.0,6.581680950968478,77.90659189539248,119.37631211693214,False,False,0.0,0.0,False,0.0,0,0,0,True
68,100,0.0,102.90142455859603,107.8704795420793,107.28249069717205,109.69806751196393,10.31490392123116,0.0,1.4310348972039821,77.08893285576947,0.0,118.28263111967773,158.0445210850043,1.0497208977207955,0.05952142874530355,0.10220050431911754,-0.23275432373848987,0.013828807576914747,0.572057807552311,98.0,98.0,1.0,0.0,0.0,6.581680950968478,77.08893285576947,119.71366601688172,False,False,0.0,0.0,False,0.0,0,0,0,True
69,100,0.0,103.00056149191765,107.78346264371518,107.28249069717205,109.9014343690131,10.31490392123116,0.0,1.429186787080417,76.34321011320415,0.0,118.47362138508657,157.54354913846117,1.0532200585496942,0.06300105213129852,0.10357117100938121,-0.235241682402975,0.01295836413520281,0.5689662888212025,97.0,97.0,1.0,0.0,0.0,6.581680950968478,76.34321011320415,119.90280817216698,False,False,0.0,0.0,False,0.0,0,0,0,True
70,100,0.0,103.10409327572543,107.6124879171157,107.28249069717205,110.01743320421802,10.31490392123116,0.0,1.426984115154054,75.58376999998421,0.0,118.49570443772734,157.21355191851754,1.056673046774875,0.06644228828950727,0.10486039249695803,-0.2355033657077384,0.012201260395145139,0.5638299636559291,97.0,97.0,1.0,0.0,0.0,6.581680950968478,75.58376999998421,119.9226885528814,False,False,0.0,0.0,False,0.0,0,0,0,True
71,100,0.0,103.1490392123116,107.37792611852039,107.28249069717205,110.06487620694743,10.31490392123116,0.0,1.4221327477432326,74.79787326379437,0.0,118.32846427280529,157.1181164971692,1.0600549335654341,0.06982008250987544,0.10605003221127894,-0.2333794443038933,0.01135479815036544,0.5570319436821737,95.0,95.0,1.0,0.0,0.0,6.581680950968478,74.79787326379437,119.75059702054853,False,False,0.0,0.0,False,0.0,0,0,0,True
72,100,0.0,103.1490392123116,107.10448913974241,107.28249069717205,110.06707275085738,10.31490392123116,0.0,1.4150848364224704,73.9847551466445,0.0,117.96781829160233,157.29611805459885,1.0633395295716084,0.07310801043936802,0.10712264031393581,-0.2288534072634004,0.010430547513496539,0.5490511598971977,95.0,95.0,1.0,0.0,0.0,6.581680950968478,73.9847551466445,119.3829031280248,False,False,0.0,0.0,False,0.0,0,0,0,True
73,100,0.0,103.1490392123116,106.83548265726354,107.28249069717205,110.06671186815369,10.31490392123116,0.0,1.408397807805403,73.14347277201254,0.0,117.4426902230485,157.7431260945074,1.0665010528641619,0.07627996680193938,0.10806214309488925,-0.22221501843391045,0.009596955492326132,0.5404972793799525,95.0,95.0,1.0,0.0,0.0,6.581680950968478,73.14347277201254,118.8510880308539,False,False,0.0,0.0,False,0.0,0,0,0,True
74,100,0.0,103.1490392123116,106.57953379586957,107.28249069717205,110.0714055749661,10.31490392123116,0.0,1.4033020811169068,72.2793356133724,0.0,116.76908517237246,158.44608299580986,1.0695176383509921,0.07931370905103637,0.10885470469759684,-0.21373286894119675,0.009486665971131913,0.5317673078684592,95.0,95.0,1.0,0.0,0.0,6.581680950968478,72.2793356133724,118.17238725348936,False,False,0.0,0.0,False,0.0,0,0,0,True
75,100,0.0,103.1490392123116,106.45942419747436,107.28249069717205,110.20722990002496,10.31490392123116,0.0,1.399973511664883,71.52285851510685,0.0,116.33523430887408,159.26914949550758,1.0723710240049322,0.082190537354443,0.10948945820305778,-0.20470424763714368,0.00871044853217592,0.5238775956107282,96.0,96.0,1.0,0.0,0.0,6.581680950968478,71.52285851510685,117.73520782053896,False,False,0.0,0.0,False,0.0,0,0,0,True
76,100,0.0,103.1490392123116,106.29544873773388,107.28249069717205,110.28897336114103,10.31490392123116,0.0,1.3979528763275615,70.82323044943186,0.0,115.85749124550686,160.2561914549457,1.0750583028414888,0.08490714907310706,0.10995988754972422,-0.1946150243537521,0.008193583199905005,0.5161500056632456,96.0,96.0,1.0,0.0,0.0,6.581680950968478,70.82323044943186,117.25544412183443,False,False,0.0,0.0,False,0.0,0,0,0,True
77,100,0.0,103.1490392123116,106.06107586634981,107.28249069717205,110.2881297617038,10.31490392123116,0.0,1.3967758404274622,70.09936912100231,0.0,115.52179947217364,161.47760628576796,1.0775708176747787,0.08745434644332865,0.11026316088098909,-0.18290355016177495,0.007861726783189353,0.5083471851619097,97.0,97.0,1.0,0.0,0.0,6.581680950968478,70.09936912100231,116.9185753126011,False,False,0.0,0.0,False,0.0,0,0,0,True
78,100,0.0,103.1490392123116,105.8377649255261,107.28249069717205,110.28762113839743,10.31490392123116,0.0,1.3961074278337444,69.35043515379468,0.0,115.19441672566705,162.9223320574139,1.0798937095426815,0.08981659969721237,0.11039999111410644,-0.1698787845688708,0.00728943968541408,0.5007850530033081,97.0,97.0,1.0,0.0,0.0,6.581680950968478,69.35043515379468,116.5905241535008,False,False,0.0,0.0,False,0.0,0,0,0,True
79,100,0.0,103.1490392123116,105.6265732890562,107.28249069717205,110.28732608233484,10.31490392123116,0.0,1.3957340713026178,68.57556009802353,0.0,114.79799653338014,164.57824946552975,1.0820160383332564,0.09198225999095795,0.11037525130167636,-0.1557884433960136,0.006564236981722868,0.49345881427012844,97.0,97.0,1.0,0.0,0.0,6.581680950968478,68.57556009802353,116.19373060468276,False,False,0.0,0.0,False,0.0,0,0,0,True
80,100,0.0,103.1490392123116,105.4284857895726,107.28249069717205,110.28715897241973,10.31490392123116,0.0,1.395527824686596,67.77384542310367,0.0,114.33752991342482,166.43225437312918,1.0839299985840287,0.09394277460378171,0.11019779688612057,-0.1408463476519261,0.005740249440659912,0.4863470801898231,97.0,97.0,1.0,0.0,0.0,6.581680950968478,67.77384542310367,115.73305773811141,False,False,0.0,0.0,False,0.0,0,0,0,True
81,100,0.0,103.1490392123116,105.25116595965027,107.28249069717205,110.29411442864382,10.31490392123116,0.0,1.3954147535992847,66.9514101074836,0.0,113.05505774106184,168.46357911065098,1.0856304610138672,0.09569223427859723,0.10988007959143486,-0.12530649045361836,0.005791157257479984,0.4794610227038154,97.0,58.0,0.5979381443298969,0.0,0.0,6.581680950968478,66.9514101074836,114.45047249466113,False,False,0.0,0.0,False,0.0,0,0,0,True
82,100,0.0,103.1490392123116,105.10414646903236,107.28249069717205,110.31734375878712,10.31490392123116,0.0,1.3953530897351303,66.12376854867576,0.0,111.83948341072666,170.6419233387907,1.0871153723497198,0.09722778776452964,0.1094376617823145,-0.10947428947670615,0.005896763860526587,0.4728364461397213,98.0,55.0,0.5612244897959183,0.0,0.0,6.581680950968478,66.12376854867576,113.23483650046178,False,False,0.0,0.0,False,0.0,0,0,0,True
83,100,0.0,103.12877539244948,104.97425286208576,107.28249069717205,110.34241200274731,10.31490392123116,0.0,1.394356530240736,65.31185684703406,0.0,110.83459223728866,172.95016117387698,1.088386274712552,0.09855017877090663,0.10888861999993955,-0.09348451658606188,0.006096174846735146,0.46640471918804066,99.0,54.0,0.5454545454545454,0.0,0.0,6.581680950968478,65.31185684703406,112.2289487675294,False,False,0.0,0.0,False,0.0,0,0,0,True
84,99,0.010000000000000009,102.05865681824385,104.16264142916992,106.27988001358514,109.63317653245718,10.211754882018848,0.1337686530627101,1.3889158539999324,64.7976420482662,0.0,110.47574910996049,175.0673997582922,1.089446256598034,0.09966169868688417,0.10825257958245853,-0.07822798193208055,0.009452822251323554,0.45876199198360446,99.0,52.0,0.5252525252525253,0.0,0.0,6.581680950968478,64.7976420482662,111.86466496396042,False,False,0.0,0.0,False,0.0,0,0,0,True
85,99,0.010000000000000009,101.6549414236504,103.19205539595666,106.36121508540252,108.73402103300934,10.211754882018848,0.1337686530627101,1.3822189135013936,63.76891984200426,0.0,110.23662211536973,178.2365594477381,1.0903116877993906,0.10057491939429526,0.10763094747558154,-0.05772477429638061,0.012961767239180171,0.4492184772189292,100.0,53.0,0.53,0.0,0.0,6.581680950968478,63.76891984200426,111.61884102887112,False,False,0.0,0.0,False,0.0,0,0,0,True
86,99,0.010000000000000009,100.75755289402817,102.45227374724111,106.52054829546974,108.04534445991337,10.211754882018848,0.1337686530627101,1.3742674887648352,62.912022896075555,1.0176904347141307,111.29936600127722,182.30483399596667,1.0909302234188574,0.1012328609640331,0.107103001582317,-0.035739952795870576,0.013286992967102392,0.4404581054940856,99.0,54.0,0.5454545454545454,0.0,0.0,6.581680950968478,63.92971333078969,112.67363349004205,False,False,0.0,0.0,False,0.0,0,0,0,True
87,99,0.010000000000000009,100.7217409382961,102.4507163258988,106.7195149173583,108.09812380872766,10.211754882018848,0.1337686530627101,1.3601507083217765,62.10744118283711,1.525643532925519,112.89187731976023,186.57363258742623,1.0913151577387352,0.10163930923023212,0.1068009840805021,-0.017730409479430276,0.0074468904469783895,0.43516674604377803,100.0,54.0,0.54,0.0,0.0,6.581680950968478,63.63308471576263,114.25202802808201,False,False,0.0,0.0,False,0.0,0,0,0,True
88,98,0.020000000000000018,100.26727666899994,102.24603561807119,105.32586241925985,107.90050487054793,10.108605842806536,0.2675373061254202,1.356945225177313,61.5119285883111,1.4680999941604487,113.1341018323242,189.65345938861486,1.091514641443397,0.10183722930812748,0.10675728190102365,-0.0017338233233515493,0.0056521554673225945,0.4294171058558608,100.0,52.0,0.52,0.0,0.0,6.581680950968478,62.98002858247155,114.49104705750152,False,False,0.0,0.0,False,0.0,0,0,0,True
89,100,0.0,101.97170056582638,103.4824328139647,107.29954582769206,109.19894021595131,10.31490392123116,0.0,1.3507689507991294,60.54809533918782,1.470167204728383,113.79761866636755,193.4705724023422,1.091535162237795,0.10184522037052815,0.10684884903092752,0.015426917087788272,0.009272339207191775,0.42576164538877304,102.0,53.0,0.5196078431372549,0.0,0.0,6.581680950968478,62.0182625439162,115.14838761716669,False,False,0.0,0.0,False,0.0,0,0,0,True
90,98,0.020000000000000018,100.31206759143151,103.57724125457902,105.1700547616092,109.27612256075068,10.108605842806536,0.2675373061254202,1.361677045922531,61.243543252284006,1.398368967922124,114.9407166100671,195.06338590937236,1.091357780503165,0.10165431543342296,0.10689179172021936,0.022342721988997262,0.005507115971822159,0.4230032286912328,100.0,42.0,0.42,0.0,0.0,6.581680950968478,62.64191222020613,116.30239365598963,False,False,0.0,0.0,False,0.0,0,0,0,True
91,99,0.010000000000000009,101.41627846209067,103.25027120620065,106.31141797232675,108.90302314598392,10.211754882018848,0.1337686530627101,1.3754343070567652,60.51926842917541,1.2671044449525575,114.77901226081693,198.1245326754985,1.0910995830998231,0.10138600219166857,0.10687389568760503,0.03898835038430013,0.0020866432456737626,0.41637869370786007,101.0,47.0,0.46534653465346537,0.0,0.0,6.581680950968478,61.78637287412797,116.15444656787369,False,False,0.0,0.0,False,0.0,0,0,0,True
92,98,0.020000000000000018,100.40107745262608,103.78756342792452,105.21651494111741,109.42321852986301,10.108605842806536,0.2675373061254202,1.0816257136229601,60.967164989546674,1.2345666170295149,116.0693950731135,199.55348418869139,1.0906573611942558,0.10092808838925837,0.10686398835035299,0.044104351650553604,0.004961462717183509,0.4154823614789264,99.0,41.0,0.41414141414141414,0.0,0.0,6.581680950968478,62.20173160657619,117.15102078673645,False,False,0.0,0.0,False,0.0,0,0,0,True
93,98,0.020000000000000018,100.3970344738395,102.79101308036455,105.24805289985903,108.32170061511434,10.108605842806536,0.2675373061254202,1.2161003286971708,60.76150872326543,1.1270962810368539,116.16858357868016,202.0105240081859,1.090164210294883,0.10041951873717132,0.10685285256735903,0.060870336622014354,0.007156608752109504,0.408274525945757,100.0,43.0,0.43,0.0,0.0,6.581680950968478,61.888605004302285,117.38468390737732,False,False,0.0,0.0,False,0.0,0,0,0,True
94,98,0.020000000000000018,100.23768126748611,102.71352481341636,105.21651494111741,108.17089444278452,10.108605842806536,0.2675373061254202,1.2849044147806947,60.49159594628518,1.196250496051373,116.5136097049654,204.51351413588694,1.0894888635771234,0.09972519479909406,0.10683920944662204,0.07664407649228695,0.004402161687136326,0.4039920911154919,100.0,43.0,0.43,0.0,0.0,6.581680950968478,61.68784644233655,117.7985141197461,False,False,0.0,0.0,False,0.0,0,0,0,True
95,97,0.030000000000000027,99.14307988129585,101.97000389029176,104.2597364256447,107.30296696279392,10.005456803594225,0.4013059591881303,1.3179927740772843,60.3726251380252,1.3700586295039532,117.3353640676414,206.8032466712399,1.0886463815259604,0.09886337972517159,0.10681145189414143,0.09125118569141945,0.009475206853639284,0.39915097040020414,100.0,43.0,0.43,0.0,0.0,6.581680950968478,61.74268376752915,118.65335684171868,False,False,0.0,0.0,False,0.0,0,0,0,True
96,97,0.030000000000000027,98.97760839427333,101.49162031005389,104.1989820367639,106.69514471124646,10.005456803594225,0.4013059591881303,1.3335412887542517,59.78956766394538,1.6999977542269338,118.02247789582393,209.51060839794994,1.0876626365022828,0.09785318080932155,0.10688686876301758,0.11009471816990375,0.009580766039701975,0.39399727989083283,101.0,46.0,0.45544554455445546,0.0,0.0,6.581680950968478,61.48956541817231,119.35601918457817,False,False,0.0,0.0,False,0.0,0,0,0,True
97,96,0.040000000000000036,97.8614322735056,101.27583317865421,103.10131808440714,106.34353849632981,9.902307764381913,0.5350746122508404,1.3393998989310643,59.910444133326,2.1769477996310354,119.33396529753267,211.33609330370285,1.0864899812691373,0.09665151224163149,0.10697292899027723,0.12313158738154836,0.007108141407389817,0.39087570850055,100.0,42.0,0.42,0.0,0.0,6.581680950968478,62.08739193295704,120.67336519646373,False,False,0.0,0.0,False,0.0,0,0,0,True
98,94,0.06000000000000005,95.88583053908255,99.39644514828306,101.10000394328414,104.23478378794653,9.696009685957291,0.8026119183762606,1.3331775333691835,59.82885502565526,2.700169791226367,120.62213942046947,213.03965209870393,1.0851970950815049,0.09533235787648313,0.10704176446153015,0.14182834176934128,0.02223848640727388,0.3836862101682533,99.0,43.0,0.43434343434343436,0.0,0.0,6.581680950968478,62.52902481688162,121.95531695383865,False,False,0.0,0.0,False,0.0,0,0,0,True
99,93,0.06999999999999995,94.6649728877117,98.56900091664217,99.77063138648305,103.20976813606333,9.59286064674498,0.9363805714389707,1.1798342652484481,59.76235563867137,3.5185674421232878,122.14016706542135,214.24128256854482,1.0837297916503104,0.09383410724691706,0.10716686567731595,0.16019485852311002,0.019802045275931237,0.3795570680452244,99.0,44.0,0.4444444444444444,0.0,0.0,6.581680950968478,63.28092308079466,123.3200013306698,False,False,0.0,0.0,False,0.0,0,0,0,True
100,91,0.08999999999999997,93.27937556609635,98.05807191298683,97.65678697233993,102.50323328460414,9.386562568320356,1.2039178775643908,1.184879652181582,60.46962082426226,3.1811856989958702,123.10619878415476,213.83999762789787,1.0820917667746026,0.09217004754876716,0.10726180159543006,0.16854295163640193,0.015435863379787298,0.37798361448870316,99.0,38.0,0.3838383838383838,0.0,0.0,6.581680950968478,63.650806523258126,124.29107843633633,False,False,0.0,0.0,False,0.0,0,0,0,True
101,91,0.08999999999999997,93.22801253617493,97.31540594488177,97.65678697233993,101.55314436475726,9.386562568320356,1.2039178775643908,1.1849332476403347,60.29778190874136,3.3390993419727986,123.6847300726435,214.18137865535604,1.0803799949914081,0.09043838413393093,0.10728070471415549,0.18121532355961062,0.015530072921793439,0.3746386512220897,99.0,40.0,0.40404040404040403,0.0,0.0,6.581680950968478,63.636881250714154,124.86966332028383,False,False,0.0,0.0,False,0.0,0,0,0,True
102,90,0.09999999999999998,92.61214258497782,97.7358113615619,96.76750991296743,101.81053293047803,9.283413529108044,1.337686530627101,1.203159411312683,60.98075525011765,2.906880247290615,124.55702796652174,213.2130772067616,1.0785543614768696,0.08859881997878298,0.1072126488008932,0.1774225709520531,0.004139034677566543,0.37703048943009076,98.0,34.0,0.3469387755102041,0.0,0.0,6.581680950968478,63.88763549740827,125.76018737783443,False,False,0.0,0.0,False,0.0,0,0,0,True
103,90,0.09999999999999998,92.63694130321979,97.5247767259722,96.76750991296743,101.41655730665954,9.283413529108044,1.337686530627101,1.208789368329227,61.256148913522864,2.425708913566002,124.90332158373579,212.45581039375682,1.0768023365430968,0.08682830773873074,0.10715858149690909,0.1751510007009876,0.00432545615122481,0.3771793158441098,98.0,34.0,0.3469387755102041,0.0,0.0,6.581680950968478,63.68185782708887,126.11211095206501,False,False,0.0,0.0,False,0.0,0,0,0,True
104,90,0.09999999999999998,92.62516948965693,97.80493014010258,96.76750991296743,101.53834965007987,9.283413529108044,1.337686530627101,1.2058638757664182,61.66624836843135,1.9744808793989785,125.41246891545704,211.41839016662163,1.0751039796048016,0.08510693343903578,0.10711348300501493,0.16862326399115057,0.0018753797333596494,0.3793282865585718,97.0,33.0,0.3402061855670103,0.0,0.0,6.581680950968478,63.64072924783033,126.61833279122345,False,False,0.0,0.0,False,0.0,0,0,0,True
105,90,0.09999999999999998,92.64044212120422,97.9848005543085,96.76750991296743,101.56512159025431,9.283413529108044,1.337686530627101,1.1998875479311566,62.0991552491113,1.503202994238122,125.89723607089434,210.2010995252806,1.0735074130783078,0.08348352829035517,0.10707840751922405,0.160392287260349,0.0021689115558884945,0.3814918008125549,97.0,32.0,0.32989690721649484,0.0,0.0,6.581680950968478,63.60235824334942,127.09712361882549,False,False,0.0,0.0,False,0.0,0,0,0,True
106,91,0.08999999999999997,93.26588998132827,98.0675430509277,97.65678697233993,101.50244220382221,9.386562568320356,1.2039178775643908,1.2194324590362624,57.39866100905338,1.694043772034248,126.31815605334364,209.79034344669282,1.0720293483168901,0.08197549246828054,0.10705210372622849,0.15921097326838374,0.0017768980406033259,0.3817865720037082,96.0,36.0,0.375,0.0,0.0,3.871739309177919,59.092704781087626,127.5375885123799,False,False,0.0,0.0,False,0.0,1,1,0,True
107,91,0.08999999999999997,92.3202689784948,95.51709823679855,97.65678697233993,98.72634873218054,9.386562568320356,1.2039178775643908,1.1488589808565148,55.13126310486063,0.2512335334096122,125.1933908255146,211.9300321822342,1.0705914671027683,0.08051579182876419,0.10694506029121763,0.18808773192962863,0.025192882961656827,0.3701237857046624,97.0,97.0,1.0,0.0,0.0,3.871739309177919,55.38249663827024,126.34224980637111,False,False,0.0,0.0,False,0.0,0,0,0,True
108,90,0.09999999999999998,92.14699411649823,96.21652183345137,96.76750991296743,99.285146495446,9.283413529108044,1.337686530627101,1.2482557445674902,53.657233953808365,0.0,126.52938080945327,212.4810202617503,1.06880585332283,0.07871748487825694,0.10670425693615536,0.19430071545925492,0.005599929118757783,0.3713949503734607,97.0,97.0,1.0,0.0,0.0,3.871739309177919,53.657233953808365,127.77763655402076,False,False,0.0,0.0,False,0.0,0,0,0,True
109,90,0.09999999999999998,92.83413529108044,97.15808927374728,96.76750991296743,100.08693040450866,9.283413529108044,1.337686530627101,1.3444088316239469,52.2436265310672,0.0,127.3933880772524,212.09044090097046,1.0669837686566424,0.07687659937790632,0.10647851428302972,0.18778090428391203,0.006949543997966409,0.37482729277309107,96.0,96.0,1.0,0.0,0.0,3.871739309177919,52.2436265310672,128.73779690887633,False,False,0.0,0.0,False,0.0,0,0,0,True
110,90,0.09999999999999998,92.83413529108044,97.55673288775722,96.76750991296743,100.33734796503349,9.283413529108044,1.337686530627101,1.387577049730694,50.978488183677364,0.0,127.73327770139575,211.30121792618064,1.0652777190514007,0.07514684112555543,0.10628202077208883,0.17865697180089501,0.007620487222897129,0.37719023994310275,96.0,96.0,1.0,0.0,0.0,3.871739309177919,50.978488183677364,129.12085475112644,False,False,0.0,0.0,False,0.0,0,0,0,True
111,90,0.09999999999999998,92.83413529108044,97.78258768331132,96.76750991296743,100.42186911581491,9.283413529108044,1.337686530627101,1.3843981192775752,49.70770279773423,0.0,127.9986382877316,210.28614015583682,1.0637150521336933,0.07355624600192696,0.10611802294071068,0.16916102802972835,0.006152350685004146,0.37939914746135933,95.0,95.0,1.0,0.0,0.0,3.871739309177919,49.70770279773423,129.38303640700917,False,False,0.0,0.0,False,0.0,0,0,0,True
112,90,0.09999999999999998,92.83413529108044,98.15273449665702,96.76750991296743,100.66663066096397,9.283413529108044,1.337686530627101,1.367272472228288,48.62371560111369,0.0,128.46401756710213,208.9009155721472,1.0622968092953031,0.07210643749193466,0.10598734098570739,0.15721964441233865,0.006879455320218009,0.38266726833452425,95.0,95.0,1.0,0.0,0.0,3.871739309177919,48.62371560111369,129.8312900393304,False,False,0.0,0.0,False,0.0,0,0,0,True
113,91,0.08999999999999997,93.52819952961781,99.07410001050764,97.65678697233993,101.49040013596188,9.386562568320356,1.2039178775643908,1.3172289285609289,47.629588913371755,0.0,129.61097201091386,207.4836025339795,1.061047725885244,0.07082303937589873,0.10589252748268567,0.14408560795835682,0.012855024939355123,0.3871238152477669,96.0,96.0,1.0,0.0,0.0,3.871739309177919,47.629588913371755,130.92820093947478,False,False,0.0,0.0,False,0.0,0,0,0,True
114,91,0.08999999999999997,93.57304792499508,99.36701371114971,97.65678697233993,101.68942586567917,9.386562568320356,1.2039178775643908,1.3020289422580984,46.79004920249119,0.0,130.4458168975564,205.77337579516973,1.0599633977858167,0.0697166602795791,0.10572878055912047,0.131339404776639,0.009461885628845586,0.3901584305591662,96.0,96.0,1.0,0.0,0.0,3.871739309177919,46.79004920249119,131.7478458398145,False,False,0.0,0.0,False,0.0,0,0,0,True
115,91,0.08999999999999997,93.57691467087514,99.47364967975419,97.65678697233993,101.71697425134113,9.386562568320356,1.2039178775643908,1.3017573464394303,45.96004009038324,0.0,131.2013903166492,203.9565130877555,1.0590361642678825,0.06877938559391153,0.10549881817257555,0.11999710937938064,0.0059371485777367115,0.39289192786162613,96.0,96.0,1.0,0.0,0.0,3.871739309177919,45.96004009038324,132.5031476630886,False,False,0.0,0.0,False,0.0,0,0,0,True
116,91,0.08999999999999997,93.57550738719988,99.5273105356654,97.65678697233993,101.70760424165839,9.386562568320356,1.2039178775643908,1.3094660676741756,45.10129925252104,0.0,131.97523177858682,202.08598952443003,1.0582471433146805,0.06799167699043747,0.10520689144599953,0.10954904539840996,0.004328497126638353,0.39566662856119333,95.0,95.0,1.0,0.0,0.0,3.871739309177919,45.10129925252104,133.284697846261,False,False,0.0,0.0,False,0.0,0,0,0,True
117,91,0.08999999999999997,93.5791092365783,99.57922729309338,97.65678697233993,101.712126430696,9.386562568320356,1.2039178775643908,1.3162094261324957,44.21276888387675,0.0,132.80077216331375,200.16354920367655,1.0575839014000414,0.06734028086720563,0.10485976389944573,0.09930423981935442,0.0038495619216038475,0.39864338911646563,95.0,95.0,1.0,0.0,0.0,3.871739309177919,44.21276888387675,134.11698158944625,False,False,0.0,0.0,False,0.0,0,0,0,True
118,91,0.08999999999999997,93.59122302429056,99.70696167410051,97.65678697233993,101.80885858108601,9.386562568320356,1.2039178775643908,1.321875030704779,39.010818361750594,0.0,133.75849379101646,198.11337450191604,1.0570423791268122,0.06682020822797663,0.1044665341186541,0.08806877973050893,0.00408235029688252,0.4021952221649568,95.0,95.0,1.0,0.0,0.0,1.252028654669724,39.010818361750594,135.08036882172124,False,False,0.0,0.0,False,0.0,1,1,0,True
119,91,0.08999999999999997,93.61737015685372,99.8007065972111,97.65678697233993,101.88607464246296,9.386562568320356,1.2039178775643908,1.327751865823327,38.046150637979665,0.0,134.77405230177078,195.96945487704485,1.0566324867037244,0.06644040425716265,0.10403881469023558,0.07623951312694048,0.004084410568928975,0.4059202242949416,96.0,96.0,1.0,0.0,0.0,1.252028654669724,38.046150637979665,136.1018041675941,False,False,0.0,0.0,False,0.0,0,0,0,True
120,91,0.08999999999999997,93.6480120048005,100.02813467813343,97.65678697233993,102.11492820750034,9.386562568320356,1.2039178775643908,1.3333344533823699,37.24598684936649,0.0,136.00493414563726,193.59810717125137,1.056359500624374,0.06620504175673389,0.10358841735273082,0.062299580535906486,0.00482501459501247,0.41059276243051884,96.0,96.0,1.0,0.0,0.0,1.252028654669724,37.24598684936649,137.33826859901964,False,False,0.0,0.0,False,0.0,0,0,0,True
121,91,0.08999999999999997,93.69581492295453,100.41714750860523,97.65678697233993,102.52560423667352,9.386562568320356,1.2039178775643908,1.3398239097181117,36.781887486689136,0.0,137.5454421366421,190.8377466349861,1.0562461379115349,0.06613579377648689,0.10312912669908009,0.04487693858941253,0.006353577971649089,0.41661353136264834,96.0,96.0,1.0,0.0,0.0,1.252028654669724,36.781887486689136,138.88526604636021,False,False,0.0,0.0,False,0.0,0,0,0,True
122,93,0.06999999999999995,95.61190914206128,102.26971279351798,99.78980359083937,104.45123738916284,9.59286064674498,0.9363805714389707,1.3543094648378438,36.380487211438634,0.0,139.67203987345135,188.3578374323075,1.0563305180235647,0.0662698170969502,0.10267603284813669,0.021674347173417097,0.022024259386947964,0.426607115597741,97.0,97.0,1.0,0.0,0.0,1.252028654669724,36.380487211438634,141.0263493382892,False,False,0.0,0.0,False,0.0,0,0,0,True
123,96,0.040000000000000036,99.02307764381914,105.38164667206128,103.13579418316431,107.69332453648083,9.902307764381915,0.5350746122508404,1.379116398017366,35.8982823592059,0.0,140.66892497748736,186.11198494341048,1.0566779069396377,0.0666701764343451,0.1022240470622954,-0.010872407503440124,0.042149908695407357,0.44069382692728293,95.0,95.0,1.0,0.0,0.0,1.252028654669724,35.8982823592059,142.04804137550474,False,False,0.0,0.0,False,0.0,0,0,0,True
124,100,0.0,103.00714976017218,108.89440557115879,107.58162183769545,111.38703983889249,10.31490392123116,0.0,1.3935095133045534,35.22108303190708,0.0,143.23131404182192,184.79920120994714,1.0573977018969458,0.06744002857621925,0.10182551215549608,-0.04592262251267124,0.055232836895578855,0.45507760712360285,98.0,98.0,1.0,0.0,0.0,1.252028654669724,35.22108303190708,144.62482355512648,False,False,0.0,0.0,False,0.0,0,0,0,True
125,100,0.0,103.1490392123116,109.00512626387024,107.58162183769545,111.64012669666434,10.31490392123116,0.0,1.4019028600463923,34.62562495102033,0.0,144.12748002451383,183.3756967837724,1.0585183875916466,0.06860125182251464,0.10154121349197202,-0.06843686488086093,0.028444236153730346,0.45900437034719427,96.0,96.0,1.0,0.0,0.0,1.252028654669724,34.62562495102033,145.52938288456022,False,False,0.0,0.0,False,0.0,0,0,0,True
126,100,0.0,103.1490392123116,108.91967024240842,107.58162183769545,111.71224421352031,10.31490392123116,0.0,1.402489614011361,34.07385270376617,0.0,144.94577153593585,182.03764837905942,1.0598874070467954,0.07000099032448204,0.10135539047950361,-0.08352075724375044,0.013560595709477648,0.46245741904254256,95.0,95.0,1.0,0.0,0.0,1.252028654669724,34.07385270376617,146.3482611499472,False,False,0.0,0.0,False,0.0,0,0,0,True
127,100,0.0,103.1490392123116,108.84043531293902,107.58162183769545,111.8008963515862,10.31490392123116,0.0,1.4013188306952968,33.58986312839578,0.0,145.8264909684583,180.77883490381586,1.0614141028641098,0.07154851666688977,0.10126129839605882,-0.09486476355606344,0.006891872695160149,0.4660713718089279,95.0,95.0,1.0,0.0,0.0,1.252028654669724,33.58986312839578,147.2278097991536,False,False,0.0,0.0,False,0.0,0,0,0,True
128,100,0.0,103.1490392123116,108.85458081293051,107.58162183769545,111.99087383477627,10.31490392123116,0.0,1.3993568687258318,33.27829574084655,0.0,146.8587172820631,179.50587592858076,1.063052045719688,0.07319762961087795,0.1012576498385842,-0.10502763019212846,0.005043371943231147,0.47027591853760153,95.0,95.0,1.0,0.0,0.0,1.252028654669724,33.27829574084655,148.25807415078896,False,False,0.0,0.0,False,0.0,0,0,0,True
129,100,0.0,103.1490392123116,108.68021441304035,107.58162183769545,111.99048079273119,10.31490392123116,0.0,1.3977879488014402,32.95593648439058,0.0,147.79323090189934,178.40728335323587,1.0647850516485269,0.07493267702956145,0.10134594894926055,-0.11292300724569204,0.004215159159441416,0.473693031550417,95.0,95.0,1.0,0.0,0.0,1.252028654669724,32.95593648439058,149.19101885070077,False,False,0.0,0.0,False,0.0,0,0,0,True
130,100,0.0,103.1490392123116,108.50538537821143,107.58162183769545,111.98995244243784,10.31490392123116,0.0,1.3967473791704041,32.62241155727855,0.0,148.73014999759832,177.48351981271986,1.0665846865374358,0.07672571803075105,0.10152577356904047,-0.11923209269684239,0.004703117643910987,0.4768455489609768,95.0,95.0,1.0,0.0,0.0,1.252028654669724,32.62241155727855,150.1268973767687,False,False,0.0,0.0,False,0.0,0,0,0,True
131,100,0.0,103.1490392123116,108.33223889585315,107.58162183769545,111.98954620084842,10.31490392123116,0.0,1.3961130511287843,32.2773342102588,0.0,149.6658983468712,176.7329027545622,1.068430803584825,0.07855724674920554,0.10179617013462604,-0.12428810163994908,0.0051001698182552594,0.479641723723924,95.0,95.0,1.0,0.0,0.0,1.252028654669724,32.2773342102588,151.06201139799998,False,False,0.0,0.0,False,0.0,0,0,0,True
132,100,0.0,103.1490392123116,108.24330161194989,107.58162183769545,112.07330226259825,10.31490392123116,0.0,1.3957438974385892,32.004325534211404,0.0,150.6808092033237,176.07122298030774,1.070307379111267,0.08041199618020309,0.1021547896520517,-0.1289812262882512,0.0053659641890112545,0.4824385819248043,95.0,95.0,1.0,0.0,0.0,1.252028654669724,32.004325534211404,152.07655310076228,False,False,0.0,0.0,False,0.0,0,0,0,True
133,100,0.0,103.1490392123116,108.10467587153413,107.58162183769545,112.1025846688044,10.31490392123116,0.0,1.3955350445745185,31.751303267907048,0.0,151.67079360846841,175.54816894646905,1.072208820306145,0.08228531182800873,0.10259803056253325,-0.13273648158335855,0.005533754584179255,0.48458635068311173,95.0,95.0,1.0,0.0,0.0,1.252028654669724,31.751303267907048,153.06632865304294,False,False,0.0,0.0,False,0.0,0,0,0,True
134,100,0.0,103.1490392123116,107.94150990509851,107.58162183769545,112.10249184555614,10.31490392123116,0.0,1.3954190149587153,31.489516980599333,0.0,152.6327514895581,175.18828087906599,1.0741229715446468,0.08416596485991454,0.10311957862327636,-0.13534408979995535,0.005678740709574541,0.48603255922252736,95.0,95.0,1.0,0.0,0.0,1.252028654669724,31.489516980599333,154.02817050451682,False,False,0.0,0.0,False,0.0,0,0,0,True
135,100,0.0,103.1490392123116,107.7830688595902,107.58162183769545,112.10243949848412,10.31490392123116,0.0,1.3953553324149324,31.21866310981818,0.0,153.57953858751932,174.9868338571712,1.0760354436203043,0.08604051196590505,0.10371078940930312,-0.1368770882471631,0.005880573672887993,0.486826684296665,95.0,95.0,1.0,0.0,0.0,1.252028654669724,31.21866310981818,154.97489391993426,False,False,0.0,0.0,False,0.0,0,0,0,True
136,100,0.0,103.1490392123116,107.62997888139758,107.58162183769545,112.10241047983696,10.31490392123116,0.0,1.3953206685183313,30.93842757849372,0.0,154.50820862604934,174.9384768134691,1.0779329107572244,0.08789661604683432,0.10436105970905786,-0.13736854056930364,0.005971205004333185,0.48695176890805014,95.0,95.0,1.0,0.0,0.0,1.252028654669724,30.93842757849372,155.90352929456768,False,False,0.0,0.0,False,0.0,0,0,0,True
137,100,0.0,103.1490392123116,107.4827246948552,107.58162183769545,112.10239457717411,10.31490392123116,0.0,1.3953019072845658,30.64848543075844,0.0,155.41614229168897,175.03737395630935,1.0798026466515778,0.0897225615388492,0.10505805742967289,-0.13683563814150415,0.005951111340987233,0.48642125008621634,95.0,95.0,1.0,0.0,0.0,1.252028654669724,30.64848543075844,156.81144419897353,False,False,0.0,0.0,False,0.0,0,0,0,True
138,100,0.0,103.1490392123116,107.34168558388765,107.58162183769545,112.102385930377,10.31490392123116,0.0,1.3952917928479032,30.348500455134445,0.0,156.30197923911442,175.27731021011712,1.0816323475169836,0.09150705844274735,0.10578808367527039,-0.13529266821953925,0.005829932761498326,0.4852762973093305,94.0,94.0,1.0,0.0,0.0,1.252028654669724,30.348500455134445,157.69727103196232,False,False,0.0,0.0,False,0.0,0,0,0,True
139,100,0.0,103.1490392123116,107.20715966735285,107.58162183769545,112.10238125415533,10.31490392123116,0.0,1.303970671126619,25.474430275077264,0.0,146.88597768833438,175.65177238045973,1.0834101083494025,0.09323920044366366,0.10653652590248709,-0.13275818669356895,0.00561616732430895,0.4835800914632977,94.0,94.0,1.0,0.0,0.0,8.89139690156766,25.474430275077264,148.189948359461,False,True,10.377584958652925,0.06544583712375528,False,0.0,1,1,0,True
140,100,0.0,103.1490392123116,133.58010591534764,107.58162183769545,139.84622698058953,10.31490392123116,0.0,1.3466278928361535,52.78173812222077,0.025167282783302936,173.29342881816441,149.6532883028075,1.085124482584296,0.09490850697412452,0.10728836484222501,-0.3442564089394645,0.24302976378880103,0.6390958785945526,101.0,0.0,0.0,0.0,0.0,8.89139690156766,52.80690540500407,174.64005671100057,False,False,0.0,0.0,False,0.0,0,0,0,True
141,100,0.0,103.1490392123116,122.99519543962059,107.58162183769545,129.21215220030004,10.31490392123116,0.0,1.3693363757163675,70.38086853028666,0.0,189.01646388031799,134.23971470088236,1.089227738488339,0.09899729954743838,0.10817414515592264,-0.420239143369512,0.020992524450959026,0.6529548548030495,91.0,0.0,0.0,0.0,0.0,8.89139690156766,70.38086853028666,190.38580025603434,False,False,0.0,0.0,False,0.0,0,0,0,True
142,100,0.0,103.1490392123116,116.17556559621383,107.58162183769545,122.56159244349325,10.31490392123116,0.0,1.381431187123558,81.92841948597098,0.0,198.11411319026848,125.64577094236394,1.0941220387621464,0.10388736611696892,0.10911339148823933,-0.44603873709467934,0.04593393852723583,0.6578904106997053,91.0,0.0,0.0,0.0,0.0,8.89139690156766,81.92841948597098,199.49554437739204,False,False,0.0,0.0,False,0.0,0,0,0,True
143,100,0.0,103.1490392123116,107.75498448110908,107.58162183769545,114.17618828234394,10.31490392123116,0.0,1.3878809285358804,85.48489778407938,0.0,198.82635833906966,125.47240829895033,1.0992172736367547,0.10898199546556613,0.11006582220863027,-0.4192374129385212,0.0948110074876529,0.6244439372040793,91.0,0.0,0.0,0.0,0.0,8.89139690156766,85.48489778407938,200.21423926760554,False,False,0.0,0.0,False,0.0,0,0,0,True
144,100,0.0,103.1490392123116,104.32684625591958,107.58162183769545,110.98442120397742,10.31490392123116,0.0,1.3913234756140662,85.96978879598369,0.0,196.3468364095043,128.72718388072622,1.1039059560084135,0.11366757566485944,0.11098329586828466,-0.3781660163442001,0.08073344463256807,0.5977417464605858,91.0,8.0,0.08791208791208792,0.0,0.0,8.89139690156766,85.96978879598369,197.73815988511836,False,False,0.0,0.0,False,0.0,0,0,0,True
145,100,0.0,103.1490392123116,103.84374155379676,107.58162183769545,110.85284857297941,10.31490392123116,0.0,1.3931625621770227,86.3382990564638,0.0,193.73574184894093,132.4650641646249,1.1080308071702136,0.11778661398114516,0.11183671244321888,-0.3432900829194295,0.047200145531603066,0.5818697901869778,91.0,11.0,0.12087912087912088,0.0,0.0,8.89139690156766,86.3382990564638,195.12890441111796,False,False,0.0,0.0,False,0.0,0,0,0,True
146,100,0.0,103.1490392123116,103.67850112854009,107.58162183769545,111.01164956457673,10.31490392123116,0.0,1.3941458917686407,82.28842458910917,0.0,191.30601133852792,136.36818487378025,1.11167216366492,0.12142186166661881,0.11261232072003995,-0.3132992307030146,0.026270773201096713,0.5674966377277059,92.0,13.0,0.14130434782608695,0.0,0.0,6.137940392587332,82.28842458910917,192.70015723029655,False,False,0.0,0.0,False,0.0,1,1,0,True
147,100,0.0,103.1490392123116,98.15417841226812,107.58162183769545,105.37699605593032,10.31490392123116,0.0,1.3946721032958829,77.05225675397335,0.0,184.37010866561252,145.79562829920755,1.1148942416395073,0.12463928373543595,0.11330111895274979,-0.2380887797582532,0.06628970011476007,0.5172599841174395,94.0,94.0,1.0,0.0,0.0,6.137940392587332,77.05225675397335,185.7647807689084,False,False,0.0,0.0,False,0.0,0,0,0,True
148,100,0.0,102.65514330655476,98.0594098097373,107.58162183769545,105.46932114035283,10.31490392123116,0.0,1.3494158246772734,72.17516043661095,0.0,178.726065284001,155.3178403271657,1.1171858836225903,0.12692284273288748,0.11386093078257138,-0.17083624722474255,0.035772745322119735,0.4912081675144665,96.0,96.0,1.0,0.0,0.0,6.137940392587332,72.17516043661095,180.07548110867828,False,False,0.0,0.0,False,0.0,0,0,0,True
149,100,0.0,102.67495101767437,98.3950948219108,107.58162183769545,105.95021994493031,10.31490392123116,0.0,1.3362927988305797,67.62235876934913,0.0,174.40910871099373,164.50436734295027,1.118655199862073,0.1283828128979265,0.11428650397254181,-0.11232580361846342,0.01525063508706411,0.4699752051507161,98.0,98.0,1.0,0.0,0.0,6.137940392587332,67.62235876934913,175.74540150982432,False,False,0.0,0.0,False,0.0,0,0,0,True
150,98,0.020000000000000018,100.77779203499112,97.93116078347049,105.26881080166376,105.50711207484157,10.108605842806536,0.2675373061254202,1.0457543271123189,64.02725655254487,0.0,171.26489821064348,171.8420173611436,1.1194177388448068,0.1291364270544652,0.11457989050171978,-0.06109563977403126,0.01262625970213466,0.4498642327222117,96.0,96.0,1.0,0.0,0.0,6.137940392587332,64.02725655254487,172.3106525377558,False,False,0.0,0.0,False,0.0,0,0,0,True
151,97,0.030000000000000027,100.05456803594225,97.59577012220599,104.2876230683031,105.15515752498717,10.005456803594225,0.4013059591881303,1.2264129110084172,51.924214151706025,0.0,166.77443419114292,178.5338703072407,1.1195653626573931,0.12928171061563382,0.11466397219715241,-0.015107516465862428,0.009867863407169702,0.43255271216658936,94.0,94.0,1.0,0.0,0.0,0.6207830376226484,51.924214151706025,168.00084710215134,False,False,0.0,0.0,False,0.0,2,2,0,True
152,96,0.040000000000000036,99.02307764381914,97.43464679377642,103.17566490657373,104.94947080124503,9.902307764381913,0.5350746122508404,1.3160264406173416,49.30135568375322,0.0,163.3212000313599,184.27488842003808,1.1191801098352563,0.1288911716198618,0.11461327302958711,0.025238038132279032,0.006596492460639772,0.4190590585784594,98.0,98.0,1.0,0.0,0.0,0.6207830376226484,49.30135568375322,164.63722647197724,False,False,0.0,0.0,False,0.0,0,0,0,True
153,93,0.06999999999999995,95.92860646744978,95.1685395026744,100.08939532501817,102.44476195686117,9.592860646744978,0.9363805714389707,1.3457203159070967,47.02563218300879,0.0,160.903697130865,189.1957442423818,1.1183317269005824,0.12804055969707281,0.1143794763184729,0.06885967008987082,0.02634046952526667,0.4021187619062003,98.0,98.0,1.0,0.0,0.0,0.6207830376226484,47.02563218300879,162.2494174467721,False,False,0.0,0.0,False,0.0,0,0,0,True
154,90,0.09999999999999998,92.83413529108043,92.71664780280453,97.06664105349081,99.70310619102003,9.283413529108044,1.337686530627101,1.3422579775651668,44.89888400434426,0.0,160.31103411258258,193.5457374930681,1.1169955570872925,0.12670079143626486,0.11403066322697783,0.11219974611192611,0.03864680929264325,0.3874196786796509,98.0,98.0,1.0,0.0,0.0,0.6207830376226484,44.89888400434426,161.65329209014774,False,False,0.0,0.0,False,0.0,0,0,0,True
155,89,0.10999999999999999,91.80264489895733,92.11893779540797,95.73726849668972,98.91108771561981,9.180264489895732,1.471455183689811,1.333606198147151,42.902133764705084,0.0,160.20099742644675,197.16406819434985,1.1151934071477128,0.12488457926839062,0.11371548915864915,0.1490472288810018,0.02603865323864025,0.3793942112185093,98.0,98.0,1.0,0.0,0.0,0.6207830376226484,42.902133764705084,161.5346036245939,False,False,0.0,0.0,False,0.0,0,0,0,True
156,88,0.12,90.77115450683421,91.6716309476503,94.60686256177722,98.24899946677634,9.07711545068342,1.6052238367525211,1.3244368766297014,41.174486373844935,0.0,160.18609318446016,200.0992998084768,1.1129993226265893,0.12267637783465779,0.11335598581465561,0.1791380588319818,0.01792961379962412,0.37281791671819187,97.0,97.0,1.0,0.0,0.0,0.6207830376226484,41.174486373844935,161.51053006108987,False,False,0.0,0.0,False,0.0,0,0,0,True
157,87,0.13,89.73966411471109,91.13761307393534,93.57662114549953,97.47262968878127,8.973966411471109,1.7389924898152314,1.315841285516945,39.61207258489603,0.0,160.7803373935935,202.53830788004097,1.1104936689041054,0.12016207088132387,0.11290223796448855,0.20340093001839005,0.014673698003068402,0.3672706628123539,97.0,97.0,1.0,0.0,0.0,0.6207830376226484,39.61207258489603,162.09617867911044,False,False,0.0,0.0,False,0.0,0,0,0,True
158,86,0.14,88.70817372258797,90.65040644242279,92.51325607303181,96.72928495366678,8.870817372258799,1.8727611428779414,1.185283182372106,38.131104452538835,0.0,162.04805506993438,204.40115751064997,1.1077504862193006,0.11741511928260191,0.1123927348938888,0.2229399287472714,0.012516674846543388,0.3630170373777112,98.0,98.0,1.0,0.0,0.0,0.6207830376226484,38.131104452538835,163.23333825230648,False,False,0.0,0.0,False,0.0,0,0,0,True
159,85,0.15000000000000002,87.67668333046485,90.03843043820774,91.52981759380121,95.84079213546272,8.767668333046487,2.0065297959406516,1.1788701396715113,36.83536252794026,0.0,162.8508664854758,205.89254466624345,1.1048274954613884,0.1144947681666995,0.11182168519381731,0.23986352604306896,0.012797570844570602,0.3591594208084061,97.0,97.0,1.0,0.0,0.0,0.6207830376226484,36.83536252794026,164.0297366251473,False,False,0.0,0.0,False,0.0,0,0,0,True
160,84,0.16000000000000003,86.64519293834174,89.48733743314153,90.64054053442871,95.00726339539072,8.664519293834175,2.1402984490033616,1.1727091647468737,35.66233364170334,0.0,163.41153416492023,207.0457477675306,1.1017632310599679,0.11143468040473917,0.11120372507957102,0.25132532206970776,0.012313963253385886,0.35654435921256034,96.0,96.0,1.0,0.0,0.0,0.6207830376226484,35.66233364170334,164.5842433296671,False,False,0.0,0.0,False,0.0,0,0,0,True
161,83,0.17000000000000004,85.61370254621863,88.85540413458504,89.31116797762762,94.07886252656051,8.561370254621863,2.2740671020660717,1.166696502156393,34.52129236418804,0.0,163.6598906727935,207.5015116105732,1.0986404824083864,0.10830085922122767,0.11069880587732617,0.26304938960699964,0.013110080250845887,0.3537784352262078,95.0,95.0,1.0,0.0,0.0,0.6207830376226484,34.52129236418804,164.82658717494988,False,False,0.0,0.0,False,0.0,0,0,0,True
162,82,0.18000000000000005,84.58221215409552,88.42922345380529,88.24504198401247,93.36570794820936,8.458221215409553,2.4078357551287817,1.1607671345888277,33.62852793458736,0.0,163.9851652514978,207.31733014078037,1.0954474771778382,0.10509168913163507,0.11021764680495999,0.26974414024539006,0.011262588759523408,0.3524626174648506,94.0,94.0,1.0,0.0,0.0,0.6207830376226484,33.62852793458736,165.14593238608663,False,False,0.0,0.0,False,0.0,0,0,0,True
163,82,0.18000000000000005,84.58221215409552,88.90448971613276,88.24504198401247,93.60352572946616,8.458221215409553,2.4078357551287817,1.1576175394082324,32.9454380638824,0.0,164.65352770006203,206.6578824086601,1.0922415933038911,0.10186691694881382,0.10974309125576125,0.2664565728319108,0.003770556824179372,0.3548912280154231,96.0,96.0,1.0,0.0,0.0,0.6207830376226484,32.9454380638824,165.81114523947025,False,False,0.0,0.0,False,0.0,0,0,0,True
164,82,0.18000000000000005,84.58221215409552,89.22817282460086,88.24504198401247,93.6884941232504,8.458221215409553,2.4078357551287817,1.1559432882890928,32.32513150752968,0.0,165.79802867295552,205.6747515680717,1.0891377390887862,0.09874254210992173,0.10928886103480163,0.25862159063956575,0.004434012079009957,0.35739670436627785,97.0,97.0,1.0,0.0,0.0,0.6207830376226484,32.32513150752968,166.9539719612446,False,False,0.0,0.0,False,0.0,0,0,0,True
165,83,0.17000000000000004,85.61370254621863,90.41029790534738,89.31116797762762,94.68388714482464,8.561370254621863,2.2740671020660717,1.157786962123374,31.68137934362337,0.0,166.94340121406367,204.57562164035193,1.0861861165578988,0.09576933111899552,0.10886363567002076,0.24267248215549606,0.015304909925801708,0.36309215341509526,97.0,97.0,1.0,0.0,0.0,0.6207830376226484,31.68137934362337,168.10118817618704,False,False,0.0,0.0,False,0.0,0,0,0,True
166,83,0.17000000000000004,85.61370254621863,90.67387569861344,89.31116797762762,94.73423463544972,8.561370254621863,2.2740671020660717,1.1587638252528487,31.064809990094723,0.0,167.8490090873473,203.21291391936614,1.0834786094620636,0.09303840906732692,0.10850673551830972,0.22788876045726206,0.010751739652262993,0.36624459711975604,96.0,96.0,1.0,0.0,0.0,0.6207830376226484,31.064809990094723,169.00777291260016,False,False,0.0,0.0,False,0.0,0,0,0,True
167,83,0.17000000000000004,85.61370254621863,90.93231580451638,89.31116797762762,94.79692312294567,8.561370254621863,2.2740671020660717,1.1592819304330026,30.48911403710946,0.0,168.82503521815718,201.5917660924774,1.0809968886478232,0.09053158843851153,0.10821903284883756,0.21292093466748657,0.008397562033105741,0.36983845158963774,96.0,96.0,1.0,0.0,0.0,0.6207830376226484,30.48911403710946,169.98431714859018,False,False,0.0,0.0,False,0.0,0,0,0,True
168,83,0.17000000000000004,85.61370254621863,91.11399712808617,89.31116797762762,94.79716616780058,8.561370254621863,2.2740671020660717,1.1595569907582572,29.893477501434788,0.0,169.84222121363828,199.78893694201878,1.0787384272604132,0.08824667404989281,0.10800159775085301,0.19803422214575334,0.0069065733119657285,0.37351403611622175,97.0,97.0,1.0,0.0,0.0,0.6207830376226484,29.893477501434788,171.00177820439654,False,False,0.0,0.0,False,0.0,0,0,0,True
169,83,0.17000000000000004,85.61370254621863,91.2790276909734,89.31116797762762,94.79729505910194,8.561370254621863,2.2740671020660717,1.1597031597821585,29.277209694112496,0.0,171.20928461934238,197.82107722867303,1.0766976599675917,0.08617843917507448,0.10785378478610759,0.18283775596265223,0.006665338177937905,0.3774355113926744,97.0,97.0,1.0,0.0,0.0,0.6207830376226484,29.277209694112496,172.36898777912455,False,False,0.0,0.0,False,0.0,0,0,0,True
170,84,0.16000000000000003,86.64519293834174,92.42246388552714,90.64054053442871,95.82901649125267,8.664519293834175,2.1402984490033616,1.1625152624912531,28.67311259011189,0.0,173.4590111210641,196.0391538775746,1.0748735801745992,0.0843262883176981,0.10777378644370667,0.15902242358282034,0.015200155361588216,0.38540741388704286,98.0,98.0,1.0,0.0,0.0,0.6207830376226484,28.67311259011189,174.62152638355533,False,False,0.0,0.0,False,0.0,0,0,0,True
171,85,0.15000000000000002,87.67668333046485,93.5477956689509,91.52981759380121,96.85798032724573,8.767668333046487,2.0065297959406516,1.1667420806956768,28.077598936006147,0.0,175.27099044372034,194.02117580242492,1.0733705087365473,0.08278594258176744,0.10785484659341286,0.1347294308284845,0.019815693105238754,0.39237917974913417,98.0,98.0,1.0,0.0,0.0,0.6207830376226484,28.077598936006147,176.43773252441602,False,False,0.0,0.0,False,0.0,0,0,0,True
172,85,0.15000000000000002,87.67668333046485,93.68729536063984,91.6707819507064,96.8901346806053,8.767668333046487,2.0065297959406516,1.228282594173971,27.550926315178252,0.0,176.6715998481335,192.00466239249147,1.072170297065177,0.08155691500287288,0.10792412862939985,0.11380579252350582,0.011350109525747488,0.3965609584227253,96.0,96.0,1.0,0.0,0.0,0.6207830376226484,27.550926315178252,177.89988244230747,False,False,0.0,0.0,False,0.0,0,0,0,True
173,86,0.14,88.70817372258797,94.74277983718535,92.59318266626893,97.88780923751504,8.870817372258797,1.8727611428779414,1.262806967544041,26.975798788544104,0.0,177.92670834246653,189.85506522157505,1.0712436821836036,0.08059413997207394,0.10809065416413192,0.091608468673918,0.016854238748205567,0.4032981653012017,96.0,96.0,1.0,0.0,0.0,0.6207830376226484,26.975798788544104,179.18951531001056,False,False,0.0,0.0,False,0.0,0,0,0,True
174,85,0.15000000000000002,87.67668333046485,93.91068989624458,91.6707819507064,96.9594732411234,8.767668333046487,2.0065297959406516,1.2771534541435396,26.43310726311394,0.0,179.14302321194845,187.61515727603688,1.0705851419468275,0.0799072366410966,0.10822779322763908,0.07646653855362202,0.004754595039874162,0.4047840572143806,94.0,94.0,1.0,0.0,0.0,0.6207830376226484,26.43310726311394,180.42017666609198,False,False,0.0,0.0,False,0.0,0,0,0,True
175,86,0.14,88.70817372258797,95.02362198738275,92.75297646999157,98.05249818554243,8.870817372258799,1.8727611428779414,1.2876738619537642,25.95994642828727,0.0,180.4987902691051,185.34451175864564,1.0701223411943541,0.07940910182940264,0.10843988243201963,0.05425294482236938,0.011352954891275576,0.4136083985875708,95.0,95.0,1.0,0.0,0.0,0.6207830376226484,25.95994642828727,181.78646413105886,False,False,0.0,0.0,False,0.0,0,0,0,True
176,88,0.12,90.56974007545479,96.8000565717695,94.59256835240464,99.84854974457406,9.077115450683422,1.6052238367525211,1.2995816628005088,25.4675083825323,0.0,182.29650974490855,183.13702353928082,1.0699348214737199,0.07917805175869588,0.10878002853413551,0.0314747211114534,0.024201013968010113,0.4226436941360509,96.0,96.0,1.0,0.0,0.0,0.6207830376226484,25.4675083825323,183.59609140770905,False,False,0.0,0.0,False,0.0,0,0,0,True
177,90,0.09999999999999998,92.83413529108044,99.06070509622079,96.7463428727088,102.17326574370848,9.283413529108042,1.337686530627101,1.312295531992065,25.08037966698339,0.0,183.00021385881703,180.8226613157688,1.069999204430411,0.07921547133923065,0.10900939306931848,0.0031325041831093414,0.03549630910579958,0.43371125699418317,95.0,95.0,1.0,0.0,0.0,0.6207830376226484,25.08037966698339,184.3125093908091,False,False,0.0,0.0,False,0.0,0,0,0,True
178,93,0.06999999999999995,95.9286064674498,101.9380279973775,99.82614876183221,105.17144375837726,9.592860646744978,0.9363805714389707,1.3287312432328746,24.679129360201287,0.0,183.7957329906386,178.7107820802235,1.0703765421953038,0.07958066284246519,0.10914913086146967,-0.026938253409673187,0.047047506106869245,0.44579535718303476,97.0,97.0,1.0,0.0,0.0,0.6207830376226484,24.679129360201287,185.1244642338715,False,False,0.0,0.0,False,0.0,0,0,0,True
179,98,0.020000000000000018,100.4095334553933,106.07461537742338,105.36297222152186,109.51525611835788,10.108605842806536,0.2675373061254202,1.3536639825681,24.288461275159875,0.0,186.17741914959788,177.99913892432198,1.0710774307534832,0.08028732894698627,0.10918436243339727,-0.05892178273769714,0.06475214968121619,0.46010632615870656,100.0,100.0,1.0,0.0,0.0,0.6207830376226484,24.288461275159875,187.53108313216597,False,False,0.0,0.0,False,0.0,0,0,0,True
180,100,0.0,102.54646553871005,108.01894598402714,107.58162183769545,111.64187458667791,10.31490392123116,0.0,1.333801065203872,23.890391438607217,0.0,188.7272985016057,177.56181477799026,1.072128502262854,0.08135104292764114,0.10921435336685875,-0.08258834708021334,0.05065638829490755,0.4673294581018248,99.0,99.0,1.0,0.0,0.0,0.6207830376226484,23.890391438607217,190.0610995668096,False,False,0.0,0.0,False,0.0,0,0,0,True
181,99,0.010000000000000009,102.05414039802103,107.50708107947514,106.69234477832296,111.26064520988115,10.211754882018848,0.1337686530627101,1.2258510533877847,23.470922573064847,0.0,190.10041180026772,176.74707847683808,1.073421696569665,0.08266851152250732,0.10916394868702062,-0.09737584840777716,0.02023236104586918,0.46881530263589066,98.0,98.0,1.0,0.0,0.0,0.6207830376226484,23.470922573064847,191.3262628536555,False,False,0.0,0.0,False,0.0,0,0,0,True
182,99,0.010000000000000009,102.00550964709555,107.13127173723761,106.59818335846484,111.03046309723777,10.211754882018848,0.1337686530627101,1.2151458121318126,18.506903568461503,0.0,178.41115080322197,176.21399009806532,1.0748659230385817,0.08413192191849513,0.10918684171141695,-0.10256890887818196,0.0066922838441327275,0.4697479191031541,97.0,97.0,1.0,0.0,0.0,10.777577796921227,18.506903568461503,179.6262966153538,False,True,12.876487856179144,0.06688987845826876,False,0.0,1,1,0,True
183,99,0.010000000000000009,102.11754882018849,134.94055945308793,106.69234477832296,140.05625183185518,10.211754882018848,0.1337686530627101,1.0306398388373454,46.55660718325196,0.5242715075552489,206.6623704404251,147.96577542330033,1.0763373140517147,0.0856272524974315,0.10914786389746804,-0.33564989212956153,0.2639994350401297,0.6351462428871402,102.0,0.0,0.0,0.0,0.0,10.777577796921227,47.08087869080721,207.69301027926244,False,False,0.0,0.0,False,0.0,0,0,0,True
184,100,0.0,103.1490392123116,125.87798832524267,107.67578325755355,131.16085782969597,10.31490392123116,0.0,1.2078333968131387,66.04322285282123,0.21532002261057692,224.05024353106091,129.76357035561125,1.0804727753523884,0.0898039420976687,0.10943968124682403,-0.43099805981875094,0.04272631306720795,0.6704696153278046,95.0,0.0,0.0,0.0,0.0,10.777577796921227,66.25854287543181,225.25807692787404,False,False,0.0,0.0,False,0.0,0,0,0,True
185,100,0.0,103.1490392123116,122.41077844211921,107.67578325755355,128.16168719883362,10.31490392123116,0.0,1.3021947217668002,83.12285053060353,0.6465949847702528,239.17922256678747,115.02857517104559,1.085620475565701,0.09499996427581796,0.10988762170264837,-0.49571737134998023,0.007908068323303274,0.7257168834587296,96.0,0.0,0.0,0.0,0.0,10.777577796921227,83.76944551537377,240.48141728855427,False,False,0.0,0.0,False,0.0,0,0,0,True
186,100,0.0,103.09395200078103,116.55805309691951,107.67578325755355,122.68786223565162,10.31490392123116,0.0,1.346892649585086,95.32558882074952,1.2044783802119048,249.11455926304785,106.14630533167966,1.0914223739904465,0.100853175527102,0.11046992027483404,-0.524640543315218,0.05113522771211123,0.757955057888885,96.0,0.0,0.0,0.0,0.0,10.777577796921227,96.53006720096143,250.46145191263292,False,False,0.0,0.0,False,0.0,0,0,0,True
187,100,0.0,102.84350227451974,110.77333264324871,107.67578325755355,117.24024412446144,10.31490392123116,0.0,1.3583982850799043,102.72053385471392,1.7700132045493733,254.07829686918222,103.04875594598451,1.097457873907435,0.1069387471013891,0.11116184464075601,-0.5229467315274023,0.07479230056764789,0.7660820503870831,96.0,0.0,0.0,0.0,0.0,10.777577796921227,104.49054705926329,255.43669515426214,False,False,0.0,0.0,False,0.0,0,0,0,True
188,100,0.0,102.54665754488904,102.63511344957972,107.67578325755355,109.20315960054896,10.31490392123116,0.0,1.3538446882176451,102.61521944599896,2.3897881066585014,251.49210221931682,108.08942575395832,1.103372106328806,0.112898253526587,0.11194777104158621,-0.4726727639725709,0.10983862543827345,0.7185385509310067,96.0,8.0,0.08333333333333333,0.0,0.0,10.777577796921227,105.00500755265746,252.84594690753445,False,False,0.0,0.0,False,0.0,0,0,0,True
189,99,0.010000000000000009,101.6601936081741,101.51008829970891,106.69234477832296,108.50232876516371,10.211754882018848,0.1337686530627101,1.3577302814112635,102.66959265390206,2.6864310616960774,248.83425313411863,113.27168223257235,1.108612857521286,0.1181738106297926,0.11280148825848503,-0.4306694472130224,0.0690663850919562,0.6948240474977251,96.0,9.0,0.09375,0.0,0.0,10.777577796921227,105.35602371559814,250.19198341552988,False,False,0.0,0.0,False,0.0,0,0,0,True
190,100,0.0,102.68919491054822,101.81959222910704,107.58162183769545,109.26581635677508,10.31490392123116,0.0,1.3677275300935623,102.49700497496777,2.950112042579346,245.77991703172623,119.03371184116077,1.1132840233764953,0.12286702368913602,0.11374093943128187,-0.3913547807651823,0.03342119483086685,0.6718550019425171,96.0,10.0,0.10416666666666667,0.0,0.0,10.777577796921227,105.44711701754711,247.1476445618198,False,False,0.0,0.0,False,0.0,0,0,0,True
191,99,0.010000000000000009,102.11754882018849,101.94539564575913,106.59818335846484,109.7793168877325,10.211754882018848,0.1337686530627101,1.394502955894019,103.38968392691193,2.443076548751534,243.08769713802917,123.68649955386645,1.1174103076934125,0.12701882832529468,0.11460248889146632,-0.36280668845623065,0.018045947768088034,0.6503850432346547,95.0,5.0,0.05263157894736842,0.0,0.0,10.777577796921227,105.83276047566346,244.48220009392318,False,False,0.0,0.0,False,0.0,0,0,0,True
192,100,0.0,102.79356021448973,101.63065080487893,107.58162183769545,109.77539176621065,10.31490392123116,0.0,1.3916476831809994,103.63441819691401,2.5072415718116976,240.24371727656873,129.63747058668295,1.121113259680674,0.13074921724265184,0.11538009577353008,-0.32766402732254585,0.01472480881462856,0.6243328783782365,96.0,9.0,0.09375,0.0,0.0,10.777577796921227,106.14165976872572,241.63536495974972,False,False,0.0,0.0,False,0.0,0,0,0,True
193,100,0.0,102.81583247869148,101.33019533818147,107.58162183769545,109.73846116891161,10.31490392123116,0.0,1.3898857098902335,103.82950235213931,2.518839379516785,237.29203741518413,135.88889708619692,1.1243331581914429,0.13400117699077546,0.116058494895088,-0.2912032631742246,0.012947860734444188,0.5977136886293363,96.0,9.0,0.09375,0.0,0.0,10.777577796921227,106.3483417316561,238.68192312507435,False,False,0.0,0.0,False,0.0,0,0,0,True
194,100,0.0,102.83726287474441,100.83654161784912,107.58162183769545,109.44383926087008,10.31490392123116,0.0,1.3884909831736107,103.71565075506705,2.4879299946880966,234.23137486933348,142.63397730604322,1.1270633603886975,0.1367676651052308,0.11663159192345118,-0.25132003742728026,0.012480875240024013,0.5695646661567191,97.0,10.0,0.10309278350515463,0.0,0.0,10.777577796921227,106.20358074975515,235.61986585250708,False,False,0.0,0.0,False,0.0,0,0,0,True
195,99,0.010000000000000009,101.82001357530343,99.58592447306157,106.69234477832296,108.27546465361024,10.211754882018848,0.1337686530627101,1.3866997883236531,103.41571447351973,2.449041267634474,231.473847146238,149.7403976113046,1.1292737572885945,0.1390176821109446,0.11709355603429591,-0.20892271137563195,0.017573321078012273,0.5386236642820748,97.0,11.0,0.1134020618556701,0.0,0.0,10.777577796921227,105.8647557411542,232.86054693456165,False,False,0.0,0.0,False,0.0,0,0,0,True
196,100,0.0,102.61187079216784,99.40748544605276,107.82275071323545,108.21534166253637,10.31490392123116,0.0,1.3883541241195432,102.28747679883809,2.4459194323470435,228.470193011663,158.15566287848736,1.130961865247727,0.14073223658296677,0.1175864375673497,-0.16229549899465462,0.012094156103537914,0.5116868432986311,100.0,16.0,0.16,0.0,0.0,10.777577796921227,104.73339623118513,229.85854713578254,False,False,0.0,0.0,False,0.0,0,0,0,True
197,99,0.010000000000000009,101.35816004516207,99.36575098287584,106.69234477832296,108.24405189870089,10.211754882018848,0.1337686530627101,1.3872691668407886,102.36921547679908,2.4456283420390097,226.75697506787628,165.4822566739344,1.1320944211717354,0.14187306212242232,0.11814148561657371,-0.12136673172626103,0.009521064501712933,0.48903561245905286,98.0,9.0,0.09183673469387756,0.0,0.0,10.777577796921227,104.8148438188381,228.14424423471706,False,False,0.0,0.0,False,0.0,0,0,0,True
198,98,0.020000000000000018,100.81281332925612,100.09591453029745,105.29869228022449,109.06529573888187,10.108605842806536,0.2675373061254202,1.3838740580275308,103.78744277320507,2.4082670537935917,226.11354368400347,170.68503442386142,1.1327430488487134,0.14251731239764026,0.11868709742233864,-0.0906882438183465,0.009866388800292605,0.47266436374064924,98.0,1.0,0.01020408163265306,0.0,0.0,10.777577796921227,106.19570982699867,227.49741774203102,False,False,0.0,0.0,False,0.0,0,0,0,True
199,100,0.0,102.90440616292832,101.08323037750114,107.36742895742654,110.14202409699871,10.31490392123116,0.0,1.389637560661551,104.31033474650418,2.261284666940872,223.67753380259143,176.9692330037869,1.1330214435573258,0.14279244291043708,0.11908499896747397,-0.05502329255536702,0.01219477811697164,0.45581943962141314,97.0,2.0,0.020618556701030927,0.0,0.0,10.777577796921227,106.57161941344505,225.06717136325298,False,False,0.0,0.0,False,0.0,0,0,0,True
200,98,0.020000000000000018,100.8902928148107,99.68127298778563,105.23517697019628,108.59095535666368,10.108605842806536,0.2675373061254202,1.3877516340701652,105.24551809993733,2.046874836529999,221.60265656194377,182.5231369861975,1.132875437239805,0.14264565598009743,0.11925827457836251,-0.014132142296737215,0.008398305972559781,0.43522379912171943,97.0,1.0,0.010309278350515464,0.0,0.0,10.777577796921227,107.29239293646732,222.99040819601393,False,False,0.0,0.0,False,0.0,0,0,0,True
201,98,0.020000000000000018,100.83504439290127,99.32237259995205,105.26791895275203,108.14547585874104,10.108605842806536,0.2675373061254202,1.3831263397437126,105.82016568845847,1.886426346749719,219.16618472360096,188.46868333899744,1.1322493923173735,0.14202401975171647,0.11918348893055583,0.027719233536433664,0.00778252245940129,0.419740865748263,96.0,4.0,0.041666666666666664,0.0,0.0,10.777577796921227,107.70659203520819,220.54931106334467,False,False,0.0,0.0,False,0.0,0,0,0,True
202,96,0.040000000000000036,98.75737032555101,97.3339925834538,103.21290047250241,105.89326931641426,9.902307764381913,0.5350746122508404,1.3730261875764742,106.17350246142784,1.7525549746775868,216.8062091281647,194.34759122804607,1.1311423408509977,0.14092640323529637,0.11889235552407568,0.07622331218215753,0.023677185597820446,0.4009209820910934,95.0,7.0,0.07368421052631578,0.0,0.0,10.777577796921227,107.92605743610544,218.17923531574118,False,False,0.0,0.0,False,0.0,0,0,0,True
203,93,0.06999999999999995,95.57584151900306,94.6348420948575,100.12939181209427,102.8294346314629,9.59286064674498,0.9363805714389707,1.353841954791859,106.55585685303632,1.7524182899508034,215.1841189035015,199.8421409452828,1.1294941173345112,0.13928581604361148,0.11845591413562563,0.12893724055957664,0.03918702381541616,0.3831308003957446,95.0,10.0,0.10526315789473684,0.0,0.0,10.777577796921227,108.30827514298713,216.53796085829336,False,False,0.0,0.0,False,0.0,0,0,0,True
204,90,0.09999999999999998,92.35514705148267,92.12328025790885,96.72070697592034,99.92518491618195,9.283413529108044,1.337686530627101,1.3293446043347172,107.17073029290526,1.9223382798965167,214.17268440403524,204.4395676632943,1.127274355777337,0.13706677939756018,0.11796257899238846,0.18393017732141798,0.04587080958842703,0.3676479954804623,94.0,11.0,0.11702127659574468,0.0,0.0,10.777577796921227,109.09306857280178,215.50202900836996,False,False,0.0,0.0,False,0.0,0,0,0,True
205,88,0.12,90.62652841408845,90.16553736883571,94.6881976335946,97.58148434740602,9.07711545068342,1.6052238367525211,1.3272153008433396,107.15291695714234,1.621949242797971,212.64546298291594,208.9622279280532,1.124462363722121,0.13425756459568475,0.11736219474481704,0.2377363560146942,0.04409032196065795,0.3546654103753581,95.0,18.0,0.18947368421052632,0.0,0.0,10.777577796921227,108.7748661999403,213.97267828375928,False,False,0.0,0.0,False,0.0,0,0,0,True
206,85,0.15000000000000002,87.4460384225724,88.32237724946978,91.60238864569445,95.32213021285189,8.767668333046485,2.0065297959406516,1.0122034283765644,107.65094336085193,1.455962516322662,212.413380619769,212.2422393242779,1.1210766392357978,0.13087371563866118,0.11667344474891611,0.28248523840955336,0.04237660206838409,0.3445784024694697,93.0,12.0,0.12903225806451613,0.0,0.0,10.777577796921227,109.10690587717458,213.42558404814554,False,False,0.0,0.0,False,0.0,0,0,0,True
207,84,0.16000000000000003,86.32345569170812,87.2173332483201,90.27301608889336,93.82625129529306,8.664519293834175,2.1402984490033616,0.9874369456524976,108.05265899845845,1.4028970786624961,211.80700005730466,215.29792216485117,1.1172458177519584,0.12703387026286855,0.11599380117402007,0.32532197294161863,0.03379397675984504,0.3366055772116491,91.0,14.0,0.15384615384615385,0.0,0.0,10.777577796921227,109.45555607712095,212.79443700295715,False,False,0.0,0.0,False,0.0,0,0,0,True
208,82,0.18000000000000005,84.19712865598055,85.47822644145276,88.29933268046116,91.62593650022171,8.458221215409552,2.4078357551287817,0.9701330657729133,108.34053831158425,1.4326273580313007,211.47331210209592,218.11902840385957,1.1129930819771725,0.12277112178982393,0.11524260158650433,0.36476249817495254,0.036618483118992816,0.32806121018147105,91.0,24.0,0.26373626373626374,0.0,0.0,10.777577796921227,109.77316566961555,212.44344516786884,False,False,0.0,0.0,False,0.0,0,0,0,True
209,81,0.18999999999999995,83.07071325120927,84.27841815097388,87.23596760799342,89.97936982392339,8.35507217619724,2.541604408191492,0.9550866830506712,108.08987449469507,1.5739057631548778,211.2253221004861,221.07657786087913,1.1083787251383217,0.1181349281395341,0.11459452772155528,0.40313135490629015,0.03237065729852241,0.32119179301499223,91.0,40.0,0.43956043956043955,0.0,0.0,10.777577796921227,109.66378025784995,212.18040878353676,False,False,0.0,0.0,False,0.0,0,0,0,True
210,80,0.19999999999999996,81.97287323617815,83.44414346720536,86.20572619171573,88.69829937839346,8.251923136984928,2.675373061254202,0.9438918194693777,107.62051102274498,1.808452066937472,211.5281777621699,223.83816058538952,1.1034233930114794,0.11314734348687569,0.11402501103035954,0.43588443535590005,0.02620953557814218,0.31601798895410005,91.0,44.0,0.4835164835164835,0.0,0.0,10.777577796921227,109.42896308968245,212.47206958163926,False,False,0.0,0.0,False,0.0,0,0,0,True
211,77,0.22999999999999998,79.30267076264387,82.84231058201425,82.76250922077152,87.64253740356129,7.942476019347995,3.076679020442332,0.9542524848726426,108.67899432935104,1.5135279272532673,212.3982255174049,223.75835922414674,1.0982014428245102,0.10788235998425655,0.11354264503953296,0.45219839611417945,0.020502805882926987,0.3137370629856865,93.0,24.0,0.25806451612903225,0.0,0.0,10.777577796921227,110.1925222566043,213.35247800227756,False,False,0.0,0.0,False,0.0,0,0,0,True
212,77,0.22999999999999998,79.26561462279474,82.54461149562562,82.76250922077152,86.90859200077274,7.942476019347995,3.076679020442332,0.9558392391681338,109.06852134034474,1.2505289653250062,212.57064539909427,223.97625694929263,1.0928820764022897,0.10252371113059873,0.11298395256707121,0.46579643121411174,0.013943739319212972,0.3121614665032998,93.0,37.0,0.3978494623655914,0.0,0.0,10.777577796921227,110.31905030566975,213.52648463826242,False,False,0.0,0.0,False,0.0,0,0,0,True
213,77,0.22999999999999998,79.19786474922554,82.68526550889106,82.76250922077152,86.63518705984123,7.942476019347995,3.076679020442332,0.9491732401360233,109.25767331272657,1.0122145191864442,212.63896289116545,224.05350066117313,1.087498888444506,0.09710517809771588,0.11235133723995015,0.47212968636484387,0.005275291787758297,0.31223527165591014,93.0,39.0,0.41935483870967744,0.0,0.0,10.777577796921227,110.26988783191301,213.58813613130147,False,False,0.0,0.0,False,0.0,0,0,0,True
214,77,0.22999999999999998,79.13580224386125,83.01847961559088,82.76250922077152,86.56596719197714,7.942476019347995,3.076679020442332,0.9382717870996977,109.44202229628074,0.7804080395646918,212.7434201503387,223.79753026635373,1.0821372147300115,0.09171248982952278,0.11165670473906106,0.47118895569666003,0.0025140876485007396,0.31339078154921907,91.0,39.0,0.42857142857142855,0.0,0.0,10.777577796921227,110.22243033584543,213.6816919374384,False,False,0.0,0.0,False,0.0,0,0,0,True
215,77,0.22999999999999998,79.10944585211654,83.41753805327933,82.76250922077152,86.57739727598177,7.942476019347995,3.076679020442332,0.9315536888937328,109.67476359417947,0.5478431378885891,212.9132713238156,223.14250143384595,1.0769364183738128,0.08648263684461226,0.11090649243919762,0.46435629367847653,0.005795173653927401,0.31530064985747963,90.0,39.0,0.43333333333333335,0.0,0.0,10.777577796921227,110.22260673206806,213.84482501270932,False,False,0.0,0.0,False,0.0,0,0,0,True
216,77,0.22999999999999998,79.10053012612114,83.91100128297926,82.76250922077152,86.70637007879853,7.942476019347995,3.076679020442332,0.9297043697923726,105.43134875664622,0.3161124610866729,213.24122208892075,221.99400937163824,1.0720042097353486,0.08152148425141134,0.11011275152137424,0.4517401491862863,0.009112015616338596,0.31817254652840277,90.0,38.0,0.4222222222222222,0.0,0.0,8.001371182550745,105.74746121773289,214.17092645871313,False,False,0.0,0.0,False,0.0,1,1,0,True
217,77,0.22999999999999998,78.75139820223391,83.29408749180553,82.76250922077152,85.71332547178822,7.942476019347995,3.076679020442332,0.908493742604074,100.40363020075485,0.0,213.82606706833622,221.46243110060422,1.067362633383256,0.07685318720376873,0.10930455337739572,0.45131527631805407,0.005883757222991377,0.316809649635409,89.0,89.0,1.0,0.0,0.0,5.240714038504251,100.40363020075485,214.73456081094028,False,False,0.0,0.0,False,0.0,1,1,0,True
218,77,0.22999999999999998,79.42476019347993,84.27261200925885,82.76250922077152,86.37262920009321,7.942476019347995,3.076679020442332,0.9468361619971986,99.84840234987433,0.0,214.59073692423186,219.95232831211686,1.0628619445738094,0.07232674191695498,0.10848542375935988,0.4347642530224358,0.011192877172051668,0.3217792751915795,93.0,93.0,1.0,0.0,0.0,5.240714038504251,99.84840234987433,215.53757308622906,False,False,0.0,0.0,False,0.0,0,0,0,True
219,77,0.22999999999999998,79.42476019347993,84.62120546910558,82.76250922077152,86.40491835534041,7.942476019347995,3.076679020442332,0.9634143125770216,94.72157658866841,0.0,214.84259135381637,218.09363206378285,1.0586546411656996,0.06809724819228444,0.1076913971160942,0.4164811014528973,0.010942376657474351,0.3252230425158445,93.0,93.0,1.0,0.0,0.0,2.502979333562383,94.72157658866841,215.8060056663934,False,False,0.0,0.0,False,0.0,1,1,0,True
220,77,0.22999999999999998,79.42476019347993,85.08576540365833,82.76250922077152,86.57682314131783,7.942476019347995,3.076679020442332,0.9117457968919875,89.62550392296752,0.0,202.91747083179163,215.77037588089598,1.0547476164519942,0.06417173736164095,0.10693553215355078,0.39450823891125186,0.011931637050733288,0.329693266819279,94.0,94.0,1.0,0.0,0.0,12.229752997721018,89.62550392296752,203.8292166286836,False,True,12.435077495412997,0.05749944782044099,False,0.0,1,1,0,True
221,77,0.22999999999999998,79.42169512790157,104.09569069416337,82.76250922077152,105.58224780303263,7.942476019347995,3.076679020442332,0.9309944266454135,103.25037707340583,0.0,221.2119988022468,194.43719440750417,1.0511708711506877,0.06058047091238243,0.10622972428729607,0.12847532168517958,0.23041829209266326,0.42285349146335494,97.0,0.0,0.0,0.0,0.0,9.445655115827584,103.25037707340583,222.1429932288922,False,False,0.0,0.0,False,0.0,1,1,0,True
222,87,0.13,89.72704474519604,90.03502372655889,93.27749000497613,91.2764709346777,8.973966411471109,1.7389924898152314,1.0630197983304255,93.13578214505159,0.0,215.36682655872818,197.67966068592142,1.0504213763711494,0.05985616751335867,0.10585111888953758,0.17757205978640056,0.04461303677196231,0.3704455662182854,94.0,94.0,1.0,0.0,0.0,6.650010843069937,93.13578214505159,216.4298463570586,False,False,0.0,0.0,False,0.0,1,1,0,True
223,87,0.13,89.0500866773863,90.97063446420277,93.27749000497613,92.14395018380353,8.973966411471109,1.7389924898152314,1.0540441042608846,84.14143236468544,0.0,211.6782388424192,199.98651622669476,1.0491818115073344,0.058646591201958406,0.10529794459859777,0.20274563250178884,0.012424985403259939,0.36915426196306866,94.0,94.0,1.0,0.0,0.0,3.8947754677986626,84.14143236468544,212.7322829466801,False,False,0.0,0.0,False,0.0,1,1,0,True
224,87,0.13,89.20590935273094,93.02667858435171,93.27749000497613,94.12874986276603,8.973966411471109,1.7389924898152314,1.0757931822569575,81.2873193472423,0.0,210.50659613019135,200.23732764731918,1.04770544865915,0.057207531928253744,0.10461087583937323,0.19814258673418933,0.016690362806667174,0.37475581742723707,95.0,95.0,1.0,0.0,0.0,3.8947754677986626,81.2873193472423,211.5823893124483,False,False,0.0,0.0,False,0.0,0,0,0,True
225,87,0.13,89.55373092111921,94.65414970270821,93.27749000497613,95.68845254888528,8.973966411471109,1.7389924898152314,1.1285003497618316,79.57720097599132,0.0,210.05256020459447,198.8606679495871,1.0463040811019972,0.05585338789384118,0.10384238158055022,0.1778957074005533,0.026609832383057096,0.3815054619713355,96.0,96.0,1.0,0.0,0.0,3.8947754677986626,79.57720097599132,211.1810605543563,False,False,0.0,0.0,False,0.0,0,0,0,True
226,88,0.12,90.77115450683421,96.22698171762437,94.60686256177722,97.2165453931384,9.07711545068342,1.6052238367525211,1.1808435750272352,78.14878595079979,0.0,210.47773443400598,197.24054879373995,1.0451392224167293,0.054746083770784604,0.10302749154717426,0.15017891292189145,0.03077164956991669,0.3893979366752349,97.0,97.0,1.0,0.0,0.0,3.8947754677986626,78.14878595079979,211.65857800903322,False,False,0.0,0.0,False,0.0,0,0,0,True
227,88,0.12,90.77115450683421,96.59783771714359,94.60686256177722,97.55459538901317,9.07711545068342,1.6052238367525211,1.2022927914977144,76.97806638309423,0.0,210.60831986014182,195.24957363837356,1.0442900692336263,0.05395428031888405,0.10227773911675372,0.12663646613879492,0.019825652808371168,0.3941127792713224,97.0,97.0,1.0,0.0,0.0,3.8947754677986626,76.97806638309423,211.81061265163953,False,False,0.0,0.0,False,0.0,0,0,0,True
228,88,0.12,90.77115450683421,96.87143906608219,94.60686256177722,97.81497359479482,9.07711545068342,1.6052238367525211,1.2056187689001063,76.0090726782467,0.0,210.88675093660126,192.98499713406866,1.0437086514620169,0.05342857588526602,0.10159512379812992,0.10514444372281335,0.01332798616983604,0.3991128551464036,97.0,97.0,1.0,0.0,0.0,3.8947754677986626,76.0090726782467,212.09236970550137,False,False,0.0,0.0,False,0.0,0,0,0,True
229,89,0.10999999999999999,91.73927797274207,97.82484209838013,95.73726849668972,98.77985463948596,9.180264489895732,1.471455183689811,1.2065065643635233,75.03147890141355,0.0,212.04523542526806,190.89742353237824,1.0433692335843816,0.05314219788386829,0.10098375292604023,0.08149285548789578,0.017091257777069737,0.4063171114564111,98.0,98.0,1.0,0.0,0.0,3.8947754677986626,75.03147890141355,213.2517419896316,False,False,0.0,0.0,False,0.0,0,0,0,True
230,89,0.10999999999999999,91.80264489895733,97.89100498145694,95.67298855539235,98.86609091845992,9.180264489895732,1.471455183689811,1.2067739235817554,74.0422979388355,0.0,212.1911086944736,188.6794071063137,1.0432876180276236,0.053106012422950835,0.10050450562810719,0.062032496036131445,0.00962573258426535,0.4110283694514024,97.0,97.0,1.0,0.0,0.0,3.8947754677986626,74.0422979388355,213.39788261805535,False,False,0.0,0.0,False,0.0,0,0,0,True
231,91,0.08999999999999997,93.86562568320356,99.72221889595143,97.83363590658257,100.75173542285621,9.386562568320356,1.2039178775643908,1.2147100312256813,72.91045115032688,0.0,213.6096266190078,186.79082411694486,1.043435327010564,0.05329289613851025,0.10013027958753594,0.03687901372335423,0.023950875948126883,0.4209793714301111,98.0,98.0,1.0,0.0,0.0,3.8947754677986626,72.91045115032688,214.82433665023348,False,False,0.0,0.0,False,0.0,0,0,0,True
232,92,0.07999999999999996,94.89711607532668,100.60249519876257,98.91583042586774,101.70027229551538,9.489711607532668,1.0701492245016808,1.2424897846717526,71.70693536746708,0.0,213.8342168129712,185.10415934405,1.0438811648659745,0.053767706166467685,0.09990198458885821,0.014163446724492334,0.021092899158724705,0.42772472956553154,98.0,98.0,1.0,0.0,0.0,3.8947754677986626,71.70693536746708,215.07670659764295,False,False,0.0,0.0,False,0.0,0,0,0,True
233,95,0.050000000000000044,97.99158725169603,103.61220646363111,101.91975525057765,104.82314156787415,9.799158725169601,0.6688432653135505,1.2969240440272989,70.60866022909482,0.0,213.25917054501215,183.41170813099654,1.0445938175935432,0.05449662441989256,0.09984958197259444,-0.0129314151439655,0.04087600009569214,0.4397544988826804,98.0,98.0,1.0,0.0,0.0,3.8947754677986626,70.60866022909482,214.55609458903945,False,False,0.0,0.0,False,0.0,0,0,0,True
234,98,0.020000000000000018,100.79293144535337,106.20312933931771,105.12184334598186,107.56144030584319,10.108605842806536,0.2675373061254202,1.3142372472997708,64.89771622926028,0.0,213.72223521409057,182.3304221376607,1.0456078991002271,0.05552549958442863,0.09979425982522315,-0.03914827898913616,0.04587861559351057,0.4498244924009255,100.0,100.0,1.0,0.0,0.0,1.1549835578124665,64.89771622926028,215.03647246139033,False,False,0.0,0.0,False,0.0,1,1,0,True
235,100,0.0,102.88112129777858,108.28229357408082,107.58162183769545,109.81814255775407,10.31490392123116,0.0,1.3567553954391756,63.8102366806184,0.0,214.97698149622389,181.62975040127532,1.0468988604134608,0.05683836108359326,0.09970729025685421,-0.06565525472905023,0.042841749103330794,0.45909547619504315,101.0,101.0,1.0,0.0,0.0,1.1549835578124665,63.8102366806184,216.33373689166305,False,False,0.0,0.0,False,0.0,0,0,0,True
236,100,0.0,103.1490392123116,108.61703982609744,107.58162183769545,110.331723304748,10.31490392123116,0.0,1.3799354148942422,62.91141442511674,0.0,215.7493383041512,180.5943324128733,1.0484783168171323,0.05843308559014242,0.09972271367187231,-0.08501933571051673,0.024413242483853285,0.46356025767024284,98.0,98.0,1.0,0.0,0.0,1.1549835578124665,62.91141442511674,217.12927371904544,False,False,0.0,0.0,False,0.0,0,0,0,True
237,100,0.0,103.1490392123116,108.59912613267497,107.58162183769545,110.50131366555375,10.31490392123116,0.0,1.392502361411236,62.140436635693774,0.0,216.49313444928,179.57682811789377,1.0502581157385389,0.06022144002538972,0.09983028831278232,-0.09850584416633579,0.012010241226880831,0.467061680042721,98.0,98.0,1.0,0.0,0.0,1.1549835578124665,62.140436635693774,217.88563681069124,False,False,0.0,0.0,False,0.0,0,0,0,True
238,100,0.0,103.1490392123116,108.42990871093109,107.58162183769545,110.52304236955646,10.31490392123116,0.0,1.3958902128697157,61.35530382704805,0.0,217.19708809706975,178.72854124465815,1.0521663879046677,0.0621315611863172,0.10002185387290947,-0.10765655933603654,0.0046004090992408445,0.4699051769378785,98.0,98.0,1.0,0.0,0.0,1.1549835578124665,61.35530382704805,218.59297830993947,False,False,0.0,0.0,False,0.0,0,0,0,True
239,100,0.0,103.1490392123116,108.34055009067767,107.58162183769545,110.62682473690147,10.31490392123116,0.0,1.396410031172507,60.643890432057994,0.0,217.9938016702361,177.96961299167592,1.0541503410661321,0.0641108437453058,0.1002909512693434,-0.11491280503807855,0.003516968635759029,0.4729584399365784,98.0,98.0,1.0,0.0,0.0,1.1549835578124665,60.643890432057994,219.39021170140862,False,False,0.0,0.0,False,0.0,0,0,0,True
240,99,0.010000000000000009,102.11754882018849,107.26682269335188,106.25224928089435,109.72230243939852,10.211754882018848,0.1337686530627101,1.3929322685919194,60.000186461613715,0.0,217.82499738780882,176.95503957921838,1.0561861679322588,0.06613599423303976,0.10063311369425618,-0.11552023352023708,0.009523058128646518,0.47172790650316954,98.0,98.0,1.0,0.0,0.0,1.1549835578124665,60.000186461613715,219.21792965640074,False,False,0.0,0.0,False,0.0,0,0,0,True
241,100,0.0,102.31256583182879,107.29365636907545,107.23568776012496,109.93913592318023,10.31490392123116,0.0,1.3224593739249135,59.31962724482611,0.0,218.24229667479327,176.8970709702679,1.058187114213553,0.06812906483293082,0.10096003544041142,-0.11287132697584545,0.005175360517144881,0.4722117515403303,99.0,99.0,1.0,0.0,0.0,1.1549835578124665,59.31962724482611,219.56475604871818,False,False,0.0,0.0,False,0.0,0,0,0,True
242,100,0.0,102.31738160244508,107.2284217224108,107.23568776012496,110.05617569110701,10.31490392123116,0.0,1.2993923316270843,58.77512510937222,0.0,218.64605514039206,176.90433700798206,1.060112273724144,0.0700529333414992,0.10126320045424887,-0.11052433945923787,0.004744015916655415,0.47242393682727196,99.0,99.0,1.0,0.0,0.0,1.1549835578124665,58.77512510937222,219.94544747201914,False,False,0.0,0.0,False,0.0,0,0,0,True
243,99,0.010000000000000009,102.11754882018849,106.78941106701743,106.25224928089435,109.78395891125042,10.211754882018848,0.1337686530627101,1.3712075114772033,58.203641473127725,0.0,218.6775948352324,176.36717522185901,1.0619663139978157,0.07191243587868448,0.10154289547220313,-0.11021713766672962,0.0064361280382117135,0.47225420691977915,98.0,98.0,1.0,0.0,0.0,1.1549835578124665,58.203641473127725,220.0488023467096,False,False,0.0,0.0,False,0.0,0,0,0,True
244,100,0.0,102.2964795311641,106.93441873576765,107.14152634026686,110.10870748612314,10.31490392123116,0.0,1.3743367807859943,57.72011472489273,0.0,219.25936648118187,176.57428282635823,1.0637776567930057,0.07373245753858837,0.10180588213493118,-0.10560154781255668,0.00431811704164139,0.4719520643392688,100.0,100.0,1.0,0.0,0.0,1.1549835578124665,57.72011472489273,220.63370326196787,False,False,0.0,0.0,False,0.0,0,0,0,True
245,99,0.010000000000000009,102.11754882018849,106.71303677766174,106.25224928089435,110.0524977394225,10.211754882018848,0.1337686530627101,1.4154359039205422,57.34991109529834,0.0,219.5977447148568,176.11349532959082,1.0654842087931056,0.07546382547483077,0.10193385786164874,-0.1062044776312803,0.004530306693255646,0.47220224892684326,99.0,99.0,1.0,0.0,0.0,1.1549835578124665,57.34991109529834,221.01318061877734,False,False,0.0,0.0,False,0.0,0,0,0,True
246,100,0.0,103.1490392123116,107.53340012695544,107.58162183769545,111.06983795746179,10.31490392123116,0.0,1.4267982741972072,56.95361727961946,0.0,220.9298902173496,176.16171704033084,1.0671618766147324,0.077168736428301,0.10205372793305076,-0.1115054730391802,0.007491700512373525,0.47624855736915783,99.0,99.0,1.0,0.0,0.0,1.1549835578124665,56.95361727961946,222.3566884915468,False,False,0.0,0.0,False,0.0,0,0,0,True
247,100,0.0,103.1490392123116,107.3808958444806,107.58162183769545,111.08080392207204,10.31490392123116,0.0,1.4271946798636275,56.54359689601895,0.0,221.6642337864425,176.36244303354567,1.0688745420171144,0.07890215345685996,0.10225247295041287,-0.1139732751357041,0.005412806791612208,0.47655144896303403,99.0,99.0,1.0,0.0,0.0,1.1549835578124665,56.54359689601895,223.09142846630613,False,False,0.0,0.0,False,0.0,0,0,0,True
248,100,0.0,103.1490392123116,107.23304700631265,107.58162183769545,111.0903572206415,10.31490392123116,0.0,1.4180377869605885,56.119374492548154,0.0,222.3422110780432,176.71101786492844,1.0705890759251966,0.08063068834691949,0.10252475196501078,-0.11458117576696132,0.0045617949563034315,0.47638098061063383,99.0,99.0,1.0,0.0,0.0,1.1549835578124665,56.119374492548154,223.76024886500377,False,False,0.0,0.0,False,0.0,0,0,0,True
249,100,0.0,103.1490392123116,107.08304788778419,107.58162183769545,111.08966810652842,10.31490392123116,0.0,1.4095700081705977,55.68045814886249,0.0,222.95118953643325,177.20959181483974,1.0722840076853202,0.08233287859382905,0.10286415245801872,-0.11373875121927993,0.004503014623162511,0.4756963055618484,99.0,99.0,1.0,0.0,0.0,1.1549835578124665,55.68045814886249,224.36075954460384,False,False,0.0,0.0,False,0.0,0,0,0,True
250,99,0.010000000000000009,102.11754882018849,105.98174968725334,106.25224928089435,110.09162770812449,10.211754882018848,0.1337686530627101,1.4004379793353128,55.228505035623236,0.0,222.49731380701613,177.48009140848077,1.0739428526120578,0.08399242339921516,0.10326302581723878,-0.10639421442246515,0.011598899208202652,0.4704525357841517,99.0,99.0,1.0,0.0,0.0,1.1549835578124665,55.228505035623236,223.89775178635145,False,False,0.0,0.0,False,0.0,0,0,0,True
251,100,0.0,103.1490392123116,106.80528297568188,107.58162183769545,111.08330051846609,10.31490392123116,0.0,1.3983377886076687,54.75873133402289,0.0,223.51416106851096,178.2564302704943,1.0754825352525519,0.08553478512828523,0.1036292909278456,-0.10536309969544586,0.004725842794393682,0.4721280230395193,99.0,99.0,1.0,0.0,0.0,1.1549835578124665,54.75873133402289,224.91249885711863,False,False,0.0,0.0,False,0.0,0,0,0,True
252,99,0.010000000000000009,102.11754882018849,105.81120790626366,106.25224928089435,110.1768430623395,10.211754882018848,0.1337686530627101,1.3937625794634207,54.36462421964352,0.0,223.0380261607157,178.697471645125,1.0769864940670348,0.08703540187407041,0.10404233863158376,-0.09792540097357019,0.008863010696944361,0.46663216543153885,98.0,98.0,1.0,0.0,0.0,1.1549835578124665,54.36462421964352,224.43178874017912,False,False,0.0,0.0,False,0.0,0,0,0,True
253,100,0.0,103.1490392123116,106.56351176940031,107.31837527450949,111.08043406995327,10.31490392123116,0.0,1.3945288372485956,53.864927975153115,0.0,223.26907110791532,179.45233515023415,1.0783727545969168,0.08842082580848898,0.10441039342512223,-0.09355004405051595,0.004304793865551478,0.46586884464652895,100.0,100.0,1.0,0.0,0.0,1.1549835578124665,53.864927975153115,224.66359994516392,False,False,0.0,0.0,False,0.0,0,0,0,True
254,100,0.0,102.90240212220817,106.23334179992315,107.31837527450949,110.85295402197758,10.31490392123116,0.0,1.3851066743643117,53.35689219799694,0.0,223.63868338947526,180.5373686248205,1.0796800800311388,0.08972877558652781,0.1047419510242868,-0.08524991652925343,0.0034855256508397547,0.46120414907358676,100.0,100.0,1.0,0.0,0.0,1.1549835578124665,53.35689219799694,225.02379006383958,False,False,0.0,0.0,False,0.0,0,0,0,True
255,100,0.0,102.86640282765843,106.09034341395477,107.31837527450949,110.8127749283873,10.31490392123116,0.0,1.3811733757768898,52.83256847265447,0.0,224.0623952734673,181.76540048537524,1.0808648314377365,0.09091525852526236,0.10502960257126367,-0.07584246672242481,0.0033609790418273103,0.4572573343959593,100.0,100.0,1.0,0.0,0.0,1.1549835578124665,52.83256847265447,225.44356864924418,False,False,0.0,0.0,False,0.0,0,0,0,True
256,99,0.010000000000000009,102.11754882018849,105.2871995711429,106.25224928089435,110.07362799225922,10.211754882018848,0.1337686530627101,1.390041062806867,52.28197200560265,0.0,223.740261934662,182.73045019512668,1.081916570169129,0.09196978682347008,0.10527079177298432,-0.06486117445112757,0.008965873593552992,0.4517074148575625,99.0,99.0,1.0,0.0,0.0,1.1549835578124665,52.28197200560265,225.13030299746885,False,False,0.0,0.0,False,0.0,0,0,0,True
257,100,0.0,103.1490392123116,106.1572456044305,107.58162183769545,111.07306674045101,10.31490392123116,0.0,1.3981746500943113,51.71013820573766,0.0,224.7313819882229,184.1548264283916,1.0828181708056417,0.092876668166241,0.10545234317586877,-0.06060381249384332,0.0036426746465130872,0.4521558577574515,100.0,100.0,1.0,0.0,0.0,1.1549835578124665,51.71013820573766,226.1295566383172,False,False,0.0,0.0,False,0.0,0,0,0,True
258,100,0.0,103.1490392123116,106.08534502682221,107.58162183769545,111.07852529452525,10.31490392123116,0.0,1.400849683307483,51.11849759793578,0.0,225.1620463975998,185.6511032392649,1.083658589185455,0.0937166870355866,0.1056592518458773,-0.05474130240245169,0.0018023874701822416,0.44937827258120466,100.0,100.0,1.0,0.0,0.0,1.1549835578124665,51.11849759793578,226.56289608090728,False,False,0.0,0.0,False,0.0,0,0,0,True
259,100,0.0,103.1490392123116,106.02222290522857,107.58162183769545,111.0823169257626,10.31490392123116,0.0,1.3997330852833112,50.50636412684188,0.0,225.5670070010716,187.21050217173175,1.0844203811510955,0.09447253087842127,0.10588732041722351,-0.04790825361121278,0.001713219643221368,0.44653616111855704,100.0,100.0,1.0,0.0,0.0,1.1549835578124665,50.50636412684188,226.96674008635492,False,False,0.0,0.0,False,0.0,0,0,0,True
260,99,0.010000000000000009,102.11754882018849,105.01741026531599,106.25224928089435,110.08730016134014,10.211754882018848,0.1337686530627101,1.3949286032323742,49.87519410378426,0.0,225.00106438226214,188.44534118731008,1.0850936131625613,0.09513457688406335,0.10613227618842691,-0.034805942140851726,0.009696380089968567,0.4399517786479943,99.0,99.0,1.0,0.0,0.0,1.1549835578124665,49.87519410378426,226.39599298549453,False,False,0.0,0.0,False,0.0,0,0,0,True
261,100,0.0,103.1490392123116,105.92116341666444,107.25485996448128,111.08083325311524,10.31490392123116,0.0,1.3952956778555783,49.21999589338722,0.0,224.81495441013038,189.7790377351269,1.085598803801608,0.09563197433306289,0.10630625447735025,-0.02574469611155758,0.003574259016639769,0.4385346133877762,100.0,100.0,1.0,0.0,0.0,1.1549835578124665,49.21999589338722,226.21025008798597,False,False,0.0,0.0,False,0.0,0,0,0,True
262,100,0.0,103.1490392123116,105.88068059265437,107.25485996448128,111.08113967414032,10.31490392123116,0.0,1.395356331453703,48.5421033527198,0.0,224.07175233771352,191.1532171069538,1.0859823084772646,0.0960147409246398,0.10635068438479961,-0.015477160179883733,0.0016483431555054848,0.43443124441857905,99.0,99.0,1.0,0.0,0.0,1.1549835578124665,48.5421033527198,225.46710866916723,False,False,0.0,0.0,False,0.0,0,0,0,True
263,99,0.010000000000000009,102.11754882018849,104.89624779566924,106.25224928089435,110.0857682836422,10.211754882018848,0.1337686530627101,1.3920837271007036,47.8428965401262,0.0,223.45741059010163,192.50921859217888,1.0862326380969898,0.09627110974153316,0.10626959598087997,-0.0022408267236320297,0.00842902777509182,0.4281718003709164,99.0,99.0,1.0,0.0,0.0,1.1549835578124665,47.8428965401262,224.84949431720233,False,False,0.0,0.0,False,0.0,0,0,0,True
264,100,0.0,103.1490392123116,105.81911957922094,107.58162183769545,111.07968295478331,10.31490392123116,0.0,1.3936011000558395,47.11730492604534,0.0,224.34213899740817,194.2717208506534,1.0863213965594347,0.09636911317997925,0.106127409386113,0.0032108835522243126,0.004690467083018718,0.4284952551538856,100.0,100.0,1.0,0.0,0.0,1.1549835578124665,47.11730492604534,225.735740097464,False,False,0.0,0.0,False,0.0,0,0,0,True
265,100,0.0,103.1490392123116,105.80503550592553,107.58162183769545,111.08040654730199,10.31490392123116,0.0,1.394394880492296,46.36658074067524,0.0,224.69898467850604,196.04830718242331,1.0863502824257647,0.09640203651878984,0.10601659061396783,0.009780924418202863,0.00264488326685471,0.4258701400621038,100.0,100.0,1.0,0.0,0.0,1.1549835578124665,46.36658074067524,226.09337955899832,False,False,0.0,0.0,False,0.0,0,0,0,True
266,99,0.010000000000000009,102.11754882018849,104.85314858295483,106.25224928089435,110.08533611213161,10.211754882018848,0.1337686530627101,1.3915544476498867,45.592019588150585,0.0,224.08353112255713,197.44740788036285,1.0863076157256724,0.0963581751352679,0.1059372851559245,0.022730605298611335,0.007707034226069612,0.41988708713887357,99.0,99.0,1.0,0.0,0.0,1.1549835578124665,45.592019588150585,225.47508557020703,False,False,0.0,0.0,False,0.0,0,0,0,True
267,100,0.0,103.1490392123116,105.80739521207425,107.22332200573963,111.07943928725828,10.31490392123116,0.0,1.393315488130029,44.78846355943064,0.0,223.97031803140547,198.86333467402824,1.0861124708363883,0.09616507035852488,0.10580371367812,0.031011119900279705,0.005313220477200864,0.4192655227553835,100.0,100.0,1.0,0.0,0.0,1.1549835578124665,44.78846355943064,225.3636335195355,False,False,0.0,0.0,False,0.0,0,0,0,True
268,99,0.010000000000000009,102.11754882018849,104.86991970353213,106.25224928089435,110.08482581917585,10.211754882018848,0.1337686530627101,1.3909853482433814,43.95924060846354,0.0,223.3778333402271,200.24566425139045,1.0858157962360795,0.09587972218008849,0.1055490572474033,0.04285084449583869,0.00596960733804123,0.4136484070383405,100.0,100.0,1.0,0.0,0.0,1.1549835578124665,43.95924060846354,224.7688186884705,False,False,0.0,0.0,False,0.0,0,0,0,True
269,99,0.010000000000000009,102.11754882018849,104.88926546583478,106.25224928089435,110.08372311979888,10.211754882018848,0.1337686530627101,1.3897579077337217,43.10129557123549,0.0,223.45836023815275,201.60864806645003,1.0853846309174169,0.09546266017361205,0.10525074840320954,0.05270685392176411,0.00298441767327737,0.4111690183295976,100.0,100.0,1.0,0.0,0.0,1.1549835578124665,43.10129557123549,224.84811814588647,False,False,0.0,0.0,False,0.0,0,0,0,True
270,99,0.010000000000000009,102.11754882018849,104.91758060439523,106.25224928089435,110.08314291249893,10.211754882018848,0.1337686530627101,1.3891106745240116,42.21363359076836,0.0,223.56920446798253,202.94331674294915,1.0848447580012768,0.09493942052835429,0.10491698465146396,0.06129643941978531,0.002703035544186797,0.40886241391908235,100.0,100.0,1.0,0.0,0.0,1.1549835578124665,42.21363359076836,224.95831514250654,False,False,0.0,0.0,False,0.0,0,0,0,True
271,99,0.010000000000000009,102.11754882018849,104.9534843416457,106.25224928089435,110.08283731849858,10.211754882018848,0.1337686530627101,1.3887690353146356,41.2952253508739,0.0,223.71136944816018,204.2420816821978,1.084213261959963,0.09432673252698162,0.10455512778769026,0.06897955126039587,0.0026913027215761916,0.4067298122333899,100.0,100.0,1.0,0.0,0.0,1.1549835578124665,41.2952253508739,225.1001384834748,False,False,0.0,0.0,False,0.0,0,0,0,True
272,99,0.010000000000000009,102.11754882018849,104.99613295016835,106.25224928089435,110.0826761985713,10.211754882018848,0.1337686530627101,1.388588516032549,40.34500588257786,0.0,223.88531352895518,205.4981980129238,1.0835027950741711,0.09363683035866377,0.10417207020347383,0.07593104409762486,0.0027493006540067377,0.40477219737031567,100.0,100.0,1.0,0.0,0.0,1.1549835578124665,40.34500588257786,225.27390204498772,False,False,0.0,0.0,False,0.0,0,0,0,True
273,99,0.010000000000000009,102.11754882018849,105.09582644549329,106.25224928089435,110.13591252167376,10.211754882018848,0.1337686530627101,1.3884930324036326,39.41519468795774,0.0,224.1442787463998,206.65462084832484,1.08272378285935,0.09287968526503647,0.10377440084195601,0.08170790327890666,0.003036534560854257,0.4032246828927254,100.0,100.0,1.0,0.0,0.0,1.1549835578124665,39.41519468795774,225.53277177880344,False,False,0.0,0.0,False,0.0,0,0,0,True
274,99,0.010000000000000009,102.11754882018849,105.20710661313768,106.25224928089435,110.19590703051779,10.211754882018848,0.1337686530627101,1.388442475269389,38.51321673213153,0.0,224.45986955011978,207.69976351608156,1.0818915660763266,0.09207021054381562,0.10336908386650161,0.0864113973715897,0.003353693456092391,0.4019554243899412,100.0,100.0,1.0,0.0,0.0,1.1549835578124665,38.51321673213153,225.84831202538916,False,False,0.0,0.0,False,0.0,0,0,0,True
275,99,0.010000000000000009,102.11754882018849,105.26530423527512,106.25224928089435,110.19588327009689,10.211754882018848,0.1337686530627101,1.3884156785560426,37.57999664941713,0.0,224.7666702636231,208.68670856170078,1.081020033681261,0.09122185767713446,0.10296271774959705,0.09073840451464243,0.003170360471621217,0.4006774949177282,100.0,100.0,1.0,0.0,0.0,1.1549835578124665,37.57999664941713,226.15508594217914,False,False,0.0,0.0,False,0.0,0,0,0,True
276,99,0.010000000000000009,102.11754882018849,105.32757123201229,106.25224928089435,110.1958706908506,10.211754882018848,0.1337686530627101,1.38840146108901,36.614452295305114,0.0,225.10206697704487,209.61138661058283,1.0801147891973226,0.09033974127677218,0.10256075840110288,0.09459637253175524,0.0030466743459605385,0.3995650973523995,100.0,100.0,1.0,0.0,0.0,1.1549835578124665,36.614452295305114,226.4904684381339,False,False,0.0,0.0,False,0.0,0,0,0,True
277,99,0.010000000000000009,102.11754882018849,105.39364657678303,106.25224928089435,110.19586402429712,10.211754882018848,0.1337686530627101,1.3883939101754403,35.6154640426671,0.0,225.46418121941997,210.46998931469417,1.0791823875043913,0.0894299498620879,0.10216844704769071,0.09793918188871414,0.0029364180400927894,0.3986162785656539,100.0,100.0,1.0,0.0,0.0,1.1549835578124665,35.6154640426671,226.8525751295954,False,False,0.0,0.0,False,0.0,0,0,0,True
278,99,0.010000000000000009,102.11754882018849,105.46319573951068,106.25224928089435,110.19586048766024,10.211754882018848,0.1337686530627101,1.3883898958987366,34.58187348345702,0.0,225.8507963311969,211.25904285607788,1.0782297733219512,0.08849898887869187,0.10179068946621248,0.10074644353090056,0.0028177936418827534,0.3978284322199908,100.0,100.0,1.0,0.0,0.0,1.1549835578124665,34.58187348345702,227.23918622709564,False,False,0.0,0.0,False,0.0,0,0,0,True
279,99,0.010000000000000009,102.11754882018849,105.53583623644367,106.25224928089435,110.19585860956796,10.211754882018848,0.1337686530627101,1.3883877597143168,33.51248208544293,0.0,226.2594156467348,211.97545590052857,1.077263969203278,0.08755347442066563,0.10143196747583333,0.10301274180153801,0.0026815641994001765,0.39719834326274195,100.0,100.0,1.0,0.0,0.0,1.1549835578124665,33.51248208544293,227.6478034064491,False,False,0.0,0.0,False,0.0,0,0,0,True
280,99,0.010000000000000009,102.11754882018849,105.61115207591003,106.25224928089435,110.1958576112365,10.211754882018848,0.1337686530627101,1.3883866218613643,32.40604980241154,0.0,226.6873217115419,212.61655310551296,1.076291894018855,0.08659995754699212,0.10109627168127855,0.10474196469459643,0.0025354923801858037,0.39672221455556195,100.0,100.0,1.0,0.0,0.0,1.1549835578124665,32.40604980241154,228.07570833340327,False,False,0.0,0.0,False,0.0,0,0,0,True
281,99,0.010000000000000009,102.11754882018849,105.68870263719448,106.25224928089435,110.19585708003767,10.211754882018848,0.1337686530627101,1.3883860152072451,31.2612936362338,0.0,227.1316356680361,213.18009974921281,1.0753202510322326,0.08564481770575724,0.10078705021805111,0.10594424138896053,0.0025116136622896504,0.3963956864023134,100.0,100.0,1.0,0.0,0.0,1.1549835578124665,31.2612936362338,228.52002168324333,False,False,0.0,0.0,False,0.0,0,0,0,True
282,99,0.010000000000000009,102.11754882018849,105.76802879015702,106.25224928089435,110.1958567971224,10.211754882018848,0.1337686530627101,1.3883856914683823,30.07688614912436,0.0,227.5893758624378,213.66432023995011,1.0743554543476403,0.08469419371198779,0.10050717120663047,0.10663421793811086,0.002459142995010126,0.3962138552709954,100.0,100.0,1.0,0.0,0.0,1.1549835578124665,30.07688614912436,228.9777615539062,False,False,0.0,0.0,False,0.0,0,0,0,True
283,99,0.010000000000000009,102.11754882018849,105.84865767205702,106.25224928089435,110.19585664630056,10.211754882018848,0.1337686530627101,1.3883855185513572,28.851453924369633,0.0,228.05751473037537,214.0679118487875,1.0734035776862538,0.08375393604407388,0.10025889804697362,0.10683002120690543,0.0023830581224595017,0.3961712954453621,100.0,100.0,1.0,0.0,0.0,1.1549835578124665,28.851453924369633,229.44590024892673,False,False,0.0,0.0,False,0.0,0,0,0,True
284,99,0.010000000000000009,102.11754882018849,105.9301068290714,106.25224928089435,110.19585656582358,10.211754882018848,0.1337686530627101,1.3883854261113362,27.583575973739464,0.0,228.5330330735151,214.39005430061042,1.072470317207559,0.08282957206997099,0.10004387726045695,0.10655257836027701,0.0023098245556013126,0.39626208578644967,100.0,100.0,1.0,0.0,0.0,1.1549835578124665,27.583575973739464,229.92141849962644,False,False,0.0,0.0,False,0.0,0,0,0,True
285,99,0.010000000000000009,102.11754882018849,106.01188806925589,106.25224928089435,110.19585652284324,10.211754882018848,0.1337686530627101,1.38838537665164,26.271782089735897,0.0,229.0129709247745,214.63041551224885,1.0715609640502135,0.08192627983246303,0.09986313869019445,0.10582512181960602,0.0022074613963050885,0.3964798427728311,100.0,100.0,1.0,0.0,0.0,1.1549835578124665,26.271782089735897,230.40135630142612,False,False,0.0,0.0,False,0.0,0,0,0,True
286,99,0.010000000000000009,102.11754882018849,106.0935111906244,106.25224928089435,110.19585649986863,10.211754882018848,0.1337686530627101,1.3883853501665495,24.914551140768076,0.0,229.49447430416285,214.7891536025188,1.0706803842763317,0.08104886807852303,0.0997171077179568,0.10467279297297913,0.002078897209398584,0.39681776028265664,100.0,100.0,1.0,0.0,0.0,1.1549835578124665,24.914551140768076,230.8828596543294,False,False,0.0,0.0,False,0.0,0,0,0,True
287,99,0.010000000000000009,102.11754882018849,106.17448765532508,106.25224928089435,110.19585648757736,10.211754882018848,0.1337686530627101,1.3883853359727276,23.51030930727657,0.0,229.9748372836302,214.86691522808806,1.0698330049149471,0.0802017612675667,0.0996056288771539,0.10312230066880053,0.001927387779141154,0.3972686560535789,100.0,100.0,1.0,0.0,0.0,1.1549835578124665,23.51030930727657,231.3632226196029,False,False,0.0,0.0,False,0.0,0,0,0,True
288,99,0.010000000000000009,102.11754882018849,106.25433423388716,106.25224928089435,110.19585648099618,10.211754882018848,0.1337686530627101,1.3883853283601064,22.057428256761764,0.0,230.45153890209068,214.8648302750953,1.0690228053028283,0.07938898882746517,0.09952799992058478,0.10120161243731866,0.0018191458830429275,0.39782502433851974,100.0,100.0,1.0,0.0,0.0,1.1549835578124665,22.057428256761764,231.83992423045078,False,False,0.0,0.0,False,0.0,0,0,0,True
289,99,0.010000000000000009,102.11754882018849,106.33257661936402,106.25224928089435,110.19585647746952,10.211754882018848,0.1337686530627101,1.3883853242741384,20.5542232556,0.0,230.92227459676434,214.78450293662561,1.068253313164545,0.07861417819693528,0.09948301509550844,0.09893966762373434,0.0017188059883077751,0.39847909392656045,100.0,100.0,1.0,0.0,0.0,1.1549835578124665,20.5542232556,232.31065992103848,False,False,0.0,0.0,False,0.0,0,0,0,True
290,99,0.010000000000000009,102.11754882018849,106.40875299829997,106.25224928089435,110.19585647557821,10.211754882018848,0.1337686530627101,1.3883853220794613,18.99895121545804,0.0,231.38498194064084,214.62799921922002,1.067527604987525,0.07788055132720503,0.09946901612502156,0.09636610738342233,0.001602746688341173,0.39922289039894043,100.0,100.0,1.0,0.0,0.0,1.1549835578124665,18.99895121545804,232.7733672627203,False,False,0.0,0.0,False,0.0,0,0,0,True
291,99,0.010000000000000009,102.11754882018849,106.48241755797608,106.25224928089435,110.1958564745632,10.211754882018848,0.1337686530627101,1.3883853208998191,17.38980867204055,0.0,231.8378605952826,214.39783094213828,1.0668483102978796,0.07719092438069228,0.099483949217202,0.09351101945033075,0.0014734131040572093,0.4000483012341661,100.0,100.0,1.0,0.0,0.0,1.1549835578124665,17.38980867204055,233.22624591618242,False,False,0.0,0.0,False,0.0,0,0,0,True
292,99,0.010000000000000009,102.11754882018849,106.5531439045206,106.25224928089435,110.19585647401803,10.211754882018848,0.1337686530627101,1.388385320265333,15.724929693826715,0.0,232.27938650091136,214.096936318512,1.0662176194628339,0.07654771039371507,0.09952542633310119,0.09040469710827878,0.0013900174417178462,0.40094714216859967,100.0,100.0,1.0,0.0,0.0,1.1549835578124665,15.724929693826715,233.6677718211767,False,False,0.0,0.0,False,0.0,0,0,0,True
293,99,0.010000000000000009,102.11754882018849,106.62052836290144,106.25224928089435,110.19585647372503,10.211754882018848,0.1337686530627101,1.3883853199238443,14.002383718371007,0.0,232.70832042978006,213.7286572365049,1.0656372946528363,0.07595292468136028,0.09959078894204658,0.08707741256878644,0.0013219865739740684,0.4019112230724657,100.0,100.0,1.0,0.0,0.0,1.1549835578124665,14.002383718371007,234.09670574970391,False,False,0.0,0.0,False,0.0,0,0,0,True
294,99,0.010000000000000009,102.11754882018849,106.68419312704961,106.25224928089435,110.19585647356746,10.211754882018848,0.1337686530627101,1.3883853197399356,12.220173313659206,0.0,233.1237111226691,213.29671339034968,1.0651086835994026,0.07540819276456459,0.09967717256995612,0.08355920534284042,0.0013187836763912887,0.40293241153269477,100.0,100.0,1.0,0.0,0.0,1.1549835578124665,12.220173313659206,234.51209644240905,False,False,0.0,0.0,False,0.0,0,0,0,True
295,99,0.010000000000000009,102.11754882018849,106.74378922628729,106.25224928089435,110.19585647348265,10.211754882018848,0.1337686530627101,1.3883853196408324,10.376231861923669,0.0,233.52489331083706,212.80517344495672,1.064632735787586,0.0749147605969009,0.09978157058942949,0.07987968636616996,0.001302832522387685,0.40400269235928016,100.0,100.0,1.0,0.0,0.0,1.1549835578124665,10.376231861923669,234.9132786304779,False,False,0.0,0.0,False,0.0,0,0,0,True
296,99,0.010000000000000009,102.11754882018849,106.8575034647599,106.25224928089435,110.25622145412025,10.211754882018848,0.1337686530627101,1.388385319587398,8.528786143915397,0.0,232.37866589779833,212.19991926109117,1.0642100207264316,0.07447350686405882,0.09990089589162364,0.07547692534083311,0.001543328918774411,0.4053812176384223,100.0,59.0,0.59,0.0,0.0,1.1549835578124665,8.528786143915397,233.76705121738573,False,False,0.0,0.0,False,0.0,0,0,0,True
297,99,0.010000000000000009,102.11245993542656,107.13698634320379,106.25224928089435,110.4930160311947,10.211754882018848,0.1337686530627101,1.388013812243294,6.8588617549965605,0.0813401878017952,231.49519876470927,211.3151821987817,1.0638475342809133,0.07409180621807059,0.10003260631140976,0.06881399860394795,0.003133819679973144,0.40766647822843033,102.0,57.0,0.5588235294117647,0.0,0.0,1.1549835578124665,6.940201942798356,232.88321257695256,False,False,0.0,0.0,False,0.0,0,0,0,True
298,99,0.010000000000000009,102.10513637314583,107.27200816031163,106.25224928089435,110.58920238545578,10.211754882018848,0.1337686530627101,1.387602627695507,5.234549056193544,0.9848473208610145,231.42874642444116,210.29542331936446,1.0635714008463517,0.07379625398776321,0.10017582762836816,0.061828639579066744,0.002662113568753322,0.409703908233233,102.0,56.0,0.5490196078431373,0.0,0.0,1.1549835578124665,6.219396377054559,232.81634905213667,False,False,0.0,0.0,False,0.0,0,0,0,True
299,100,0.0,103.14119195117884,108.70492429599375,107.30132014398947,112.03327344903349,10.31490392123116,0.0,1.3916004552085024,3.99683202955066,2.1180356425938016,231.81445890259675,208.89181916736018,1.06340157274787,0.07360569379051136,0.10033719469879854,0.047511552049545186,0.01452740030411695,0.4158875736041779,103.0,56.0,0.5436893203883495,0.0,0.0,1.1549835578124665,6.114867672144461,233.20605935780526,False,False,0.0,0.0,False,0.0,0,0,0,True
300,99,0.010000000000000009,102.10480796053008,108.99079734624898,106.25224928089435,112.31598071597703,10.211754882018848,0.1337686530627101,1.3905884786467806,3.9994710320493625,3.070218985865443,233.22793181343178,206.1532711020056,1.0634262297010681,0.0736081312258721,0.10051738405918473,0.028546337075417167,0.009740309240559415,0.4211463695952441,103.0,53.0,0.5145631067961165,0.0,0.0,1.1549835578124665,7.069690017914805,234.61852029207856,False,False,0.0,0.0,False,0.0,0,0,0,True
301,100,0.0,103.08508595754206,109.482119561373,107.25485996448128,112.83531572883615,10.31490392123116,0.0,1.3923897735066413,3.574498667954969,3.91384746300318,234.18370445856618,203.9260115051138,1.0636898711529985,0.07384994957885535,0.10072586128811949,0.014314761849848867,0.009232671586151906,0.42560322296049324,103.0,56.0,0.5436893203883495,0.0,0.0,1.1549835578124665,7.488346130958149,235.57609423207282,False,False,0.0,0.0,False,0.0,0,0,0,True
302,99,0.010000000000000009,102.06579240921727,108.90627355353058,106.25224928089435,112.2769245383549,10.211754882018848,0.1337686530627101,1.3890826060462953,3.559809528865433,4.667557990276169,235.56079474108319,201.2719872324776,1.0641270191617387,0.07426897506506429,0.10089002120385762,0.001442846304587645,0.0017234500051950042,0.4282215682188026,101.0,55.0,0.5445544554455446,0.0,0.0,1.1549835578124665,8.227367519141602,236.94987734712947,False,False,0.0,0.0,False,0.0,0,0,0,True
303,100,0.0,103.05556147620453,109.32529802517864,107.31561435336208,112.760668286023,10.31490392123116,0.0,1.3882743160233308,3.0715580752354703,5.339054090969967,237.3653734291867,199.26230356066105,1.0647195787159844,0.07484456418674397,0.10106862826001552,-0.010146027818017081,0.003325914028034166,0.4328540060251986,101.0,58.0,0.5742574257425742,0.0,0.0,1.1549835578124665,8.410612166205437,238.75364774521003,False,False,0.0,0.0,False,0.0,0,0,0,True
304,99,0.010000000000000009,102.01930724017744,108.74549255735113,106.25224928089435,112.22876732853994,10.211754882018848,0.1337686530627101,1.3857097081294125,3.0382445102621634,5.946848667493898,238.70394231019208,196.7690602842043,1.0654479172216713,0.07555639398671254,0.10127091992857444,-0.020600907077841256,0.0038951288977243674,0.4352839118081101,100.0,56.0,0.56,0.0,0.0,1.1549835578124665,8.985093177756061,240.0896520183215,False,False,0.0,0.0,False,0.0,0,0,0,True
305,100,0.0,102.94690261328424,109.24993086904057,107.31837527450949,112.82876832285284,10.31490392123116,0.0,1.3809660163188993,2.704509467858152,6.426703973320195,240.5536269995668,194.8375046896732,1.0662939558993452,0.07638804446499303,0.10147680780377405,-0.031271979179462076,0.0030584469792410683,0.4402121580313968,101.0,58.0,0.5742574257425742,0.0,0.0,1.1549835578124665,9.131213441178346,241.9345930158857,False,False,0.0,0.0,False,0.0,0,0,0,True
306,99,0.010000000000000009,101.9057831131674,108.39907161144298,106.25224928089435,112.04169616947544,10.211754882018848,0.1337686530627101,1.3769157970670314,2.5832540161639015,6.8359511454916895,241.60531395799552,192.6906823591246,1.0672551943629776,0.07733627147640547,0.10169762547688833,-0.03855099358567589,0.006602755307533995,0.44126944083946124,100.0,57.0,0.57,0.0,0.0,1.1549835578124665,9.41920516165559,242.98222975506255,False,False,0.0,0.0,False,0.0,0,0,0,True
307,100,0.0,102.70462807873007,108.9160653218587,107.38265521580686,112.67664100249247,10.31490392123116,0.0,1.374370525353402,2.3259517487209442,7.197079836386923,243.55934880951776,191.15727225307273,1.0682882193320762,0.07835915224766185,0.10191118016122534,-0.04774857750023228,0.002380756761653969,0.446142974651333,101.0,60.0,0.594059405940594,0.0,0.0,1.1549835578124665,9.523031585107868,244.93371933487117,False,False,0.0,0.0,False,0.0,0,0,0,True
308,99,0.010000000000000009,101.82392409600305,108.12186738782631,106.25224928089435,111.96280655934214,10.211754882018848,0.1337686530627101,1.3732480412675474,2.1973527724878767,7.478393035635518,244.63906425778106,189.28765414614077,1.0694148875030505,0.07947525738550092,0.1021682440327497,-0.0535064555115772,0.0067645727210029665,0.44691680619590163,100.0,58.0,0.58,0.0,0.0,1.1549835578124665,9.675745808123395,246.0123122990486,False,False,0.0,0.0,False,0.0,0,0,0,True
309,100,0.0,102.79063942555752,108.81549331424453,107.58162183769545,112.79595646594734,10.31490392123116,0.0,1.3737081931204604,1.9628890755281647,7.659793462572149,246.73446771176756,188.05378266959167,1.0705888281928484,0.08064234987121148,0.10240684395342668,-0.06366884354623596,0.0032247973852945013,0.45255422160531894,100.0,59.0,0.59,0.0,0.0,1.1549835578124665,9.622682538100314,248.10817590488801,False,False,0.0,0.0,False,0.0,0,0,0,True
310,100,0.0,102.83184775859151,108.75633300712616,107.58162183769545,112.85470429601278,10.31490392123116,0.0,1.3798123684593446,1.7434645945632896,7.860515069089356,248.5423925279389,186.879071500161,1.0718639657436735,0.08190669508565554,0.10270182798885931,-0.07243461826462898,0.0018733012407511616,0.45573170586234435,100.0,59.0,0.59,0.0,0.0,1.1549835578124665,9.603979663652645,249.92220489639823,False,False,0.0,0.0,False,0.0,0,0,0,True
311,99,0.010000000000000009,101.80120215224552,107.7378431653576,106.25224928089435,111.92047051956163,10.211754882018848,0.1337686530627101,1.3811405125909633,1.5774217468073937,8.097052263226473,249.52538152203854,185.39347761569772,1.0732231718166232,0.08325133639144837,0.10304867321374875,-0.0749408207349967,0.009234175504726532,0.4550363948204363,99.0,58.0,0.5858585858585859,0.0,0.0,1.1549835578124665,9.674474010033867,250.90652203462952,False,False,0.0,0.0,False,0.0,0,0,0,True
312,100,0.0,102.69225653717032,108.36348814789118,107.38265521580686,112.69653959016334,10.31490392123116,0.0,1.381658422059524,1.3204109478106882,8.305513742143035,251.55320318567072,184.4126446836134,1.0745855721796036,0.08460398527528853,0.10335947005787947,-0.0807351451343424,0.001627549512083081,0.4593488787773811,101.0,59.0,0.5841584158415841,0.0,0.0,1.1549835578124665,9.625924689953722,252.93486160773026,False,False,0.0,0.0,False,0.0,0,0,0,True
313,100,0.0,102.77232082471382,108.42926856717423,107.38265521580686,112.89543724981175,10.31490392123116,0.0,1.3855473025855822,1.1766746206557865,8.52594356639325,253.58765731569633,183.366031332246,1.0759897559159683,0.086000146054702,0.10368502712696806,-0.0867298818295422,0.0015918200345801023,0.4620434214812403,100.0,58.0,0.58,0.0,0.0,1.1549835578124665,9.702618187049037,254.97320461828193,False,False,0.0,0.0,False,0.0,0,0,0,True
314,99,0.010000000000000009,101.77622865434219,107.4589356412827,106.25224928089435,112.01910674949181,10.211754882018848,0.1337686530627101,1.3838933775723408,1.1115255122922385,8.701486301422895,254.74561862641775,182.15934497185765,1.077437818771247,0.08744205217395651,0.10402364041532723,-0.08783132791462964,0.008722303659679334,0.46089607021552803,99.0,58.0,0.5858585858585859,0.0,0.0,1.1549835578124665,9.813011813715134,256.1295120039901,False,False,0.0,0.0,False,0.0,0,0,0,True
315,100,0.0,102.74434731380265,108.20802677987331,107.58162183769545,112.93644006325209,10.31490392123116,0.0,1.382027545067354,1.023718413496033,8.929644199021736,256.8638142747356,181.5329400296798,1.078868517910479,0.08887228082210777,0.1043129205776233,-0.0941171450361455,0.0024680629056637025,0.46563481511234883,100.0,59.0,0.59,0.0,0.0,1.1549835578124665,9.953362612517768,258.24584181980293,False,False,0.0,0.0,False,0.0,0,0,0,True
316,100,0.0,102.81047580345013,108.1757442386706,107.58162183769545,113.04070513494734,10.31490392123116,0.0,1.3852165377534582,0.9760344808065357,9.34405818843734,259.14477555640383,180.93881762870464,1.0803498031741912,0.09035047506709873,0.1046346305001999,-0.09938053774901026,0.0015066694565991831,0.46774557440195935,100.0,59.0,0.59,0.0,0.0,1.1549835578124665,10.320092669243877,260.5299920941573,False,False,0.0,0.0,False,0.0,0,0,0,True
317,100,0.0,102.88434979204102,108.1024498852158,107.58162183769545,113.10269480268622,10.31490392123116,0.0,1.389175192862988,0.9155184949974576,9.630479397574549,261.3263273380476,180.41798958118432,1.0818749614253556,0.09186914935824722,0.10499362955300981,-0.1035883447026666,0.0018135404062251802,0.46955695850257023,99.0,59.0,0.5959595959595959,0.0,0.0,1.1549835578124665,10.545997892572005,262.71550253091056,False,False,0.0,0.0,False,0.0,0,0,0,True
318,99,0.010000000000000009,101.81844696650292,107.03206025571968,106.25224928089435,112.1194878941484,10.211754882018848,0.1337686530627101,1.3843161182877666,0.8961218467172782,9.752972745370704,262.53361618240234,179.63817860635896,1.0834281293311334,0.09341284224006272,0.10538436557779592,-0.10137534590520106,0.010473824294839744,0.46698051168048416,98.0,58.0,0.5918367346938775,0.0,0.0,1.1549835578124665,10.649094592087982,263.9179323006901,False,False,0.0,0.0,False,0.0,0,0,0,True
319,100,0.0,102.80718405253987,107.77037375013295,107.38265521580686,113.02882039480832,10.31490392123116,0.0,1.3804595506439794,0.8282627798002958,9.810648524051027,264.8895847789582,179.2504600720329,1.0849238586179886,0.09490474011045516,0.10571885740823281,-0.10361703579648332,0.0016865113374652445,0.47031865340508483,98.0,59.0,0.6020408163265306,0.0,0.0,1.1549835578124665,10.638911303851323,266.2700443296022,False,False,0.0,0.0,False,0.0,0,0,0,True
320,100,0.0,102.83182838259519,107.67539098628752,107.38265521580686,113.06608762834696,10.31490392123116,0.0,1.3814205884370685,0.7755039714749977,9.858438613753501,266.98444489336015,178.95772430155222,1.0864146412315567,0.09639403398465937,0.10605276111755188,-0.10449213476346553,0.0017754437027964454,0.470695968323231,98.0,59.0,0.6020408163265306,0.0,0.0,1.1549835578124665,10.633942585228498,268.36586548179724,False,False,0.0,0.0,False,0.0,0,0,0,True
321,99,0.010000000000000009,101.80216483891653,106.61651862000835,106.25224928089435,112.0893982623075,10.211754882018848,0.1337686530627101,1.3798106844029077,0.7407053923603618,9.917831404847446,268.12039322092073,178.59345496243824,1.087885328498484,0.09786548480642085,0.10638288844459208,-0.09995535600216383,0.010247481181139991,0.4671167883991589,98.0,58.0,0.5918367346938775,0.0,0.0,1.1549835578124665,10.658536797207807,269.50020390532364,False,False,0.0,0.0,False,0.0,0,0,0,True
322,100,0.0,102.80507657945068,107.3510801939068,107.58162183769545,112.99394967081291,10.31490392123116,0.0,1.3801809748065232,0.6389398590042326,9.967973338142743,269.32685696649713,178.8239966062269,1.0892715820627985,0.09925823071358744,0.10664810360436013,-0.10080859275976281,0.002045227667774737,0.4697351945174269,99.0,60.0,0.6060606060606061,0.0,0.0,1.1549835578124665,10.606913197146975,270.70703794130367,False,False,0.0,0.0,False,0.0,0,0,0,True
323,100,0.0,102.83808348787086,107.3033203467674,107.58162183769545,113.07209149814962,10.31490392123116,0.0,1.3839262658876963,0.5821578697748084,10.035700280116608,271.0712482629602,179.10229809715491,1.0906433089909708,0.1006338819616069,0.10693015540734709,-0.10073210049081867,0.0018621033907684815,0.46959118937905686,99.0,59.0,0.5959595959595959,0.0,0.0,1.1549835578124665,10.617858149891417,272.45517452884786,False,False,0.0,0.0,False,0.0,0,0,0,True
324,100,0.0,102.84070328556989,107.19119004052669,107.58162183769545,113.07760666292972,10.31490392123116,0.0,1.3861122172520306,0.5247397551737153,10.091169872356916,272.7762384106404,179.49272989432367,1.0919911331470895,0.10198304413704759,0.10722620266294995,-0.09940987432385254,0.002111565496370398,0.46894279596042876,99.0,59.0,0.5959595959595959,0.0,0.0,1.1549835578124665,10.615909627530632,274.16235062789247,False,False,0.0,0.0,False,0.0,0,0,0,True
325,100,0.0,102.84385502991702,107.08033795718387,107.58162183769545,113.07838775072935,10.31490392123116,0.0,1.3874487961382203,0.4621113091677748,10.144722811151649,274.45482069018146,179.99401377483525,1.0933008946219616,0.10329163903303866,0.10753248575889626,-0.09712153913098232,0.002491419948800733,0.4680042022412242,98.0,59.0,0.6020408163265306,0.0,0.0,1.1549835578124665,10.606834120319423,275.8422694863197,False,False,0.0,0.0,False,0.0,0,0,0,True
326,100,0.0,102.84827142431273,106.97972648711882,107.58162183769545,113.08310682427553,10.31490392123116,0.0,1.3879772005782858,0.39680782450948954,10.201321146730187,276.1045383369506,180.5959091254119,1.094561996094473,0.10454922349677413,0.10784529001635858,-0.09409057809890371,0.002857630140455472,0.4668210343667627,98.0,59.0,0.6020408163265306,0.0,0.0,1.1549835578124665,10.598128971239676,277.4925155375289,False,False,0.0,0.0,False,0.0,0,0,0,True
327,100,0.0,102.85298822353934,106.88668998923507,107.58162183769545,113.08848425304548,10.31490392123116,0.0,1.388302140074262,0.3296996017264947,10.260402585220834,277.72009636225107,181.29084097387226,1.0957666532581027,0.10574822215806017,0.10816097463334294,-0.09042852080212829,0.003087629626878884,0.4653968117699795,98.0,59.0,0.6020408163265306,0.0,0.0,1.1549835578124665,10.590102186947329,279.1083985023253,False,False,0.0,0.0,False,0.0,0,0,0,True
328,100,0.0,102.85779155460912,106.80080998736898,107.58162183769545,113.09376757541243,10.31490392123116,0.0,1.3885750767701999,0.2606945577942092,10.321335614195258,279.2985436053784,182.07165282419874,1.096908473078994,0.10688248740137352,0.10847592475245793,-0.08620530231165584,0.0032286552660118345,0.463743979995928,98.0,59.0,0.6020408163265306,0.0,0.0,1.1549835578124665,10.582030171989468,280.68711868214865,False,False,0.0,0.0,False,0.0,0,0,0,True
329,100,0.0,102.86267452233596,106.72243315365355,107.58162183769545,113.0991143800323,10.31490392123116,0.0,1.3888235337641686,0.18973787346027432,10.384133497065289,280.83788613350174,182.93084150824063,1.097981959016447,0.10794679100913199,0.10878657243361281,-0.08147677737603627,0.003300183685565288,0.4618804618311475,98.0,59.0,0.6020408163265306,0.0,0.0,1.1549835578124665,10.573871370525563,282.22670966726594,False,False,0.0,0.0,False,0.0,0,0,0,True
330,100,0.0,102.86755691427228,106.65161077060482,107.58162183769545,113.10444919934177,10.31490392123116,0.0,1.3890502950603973,0.11675279553841289,10.448932221900495,282.3369622482343,183.86085257533125,1.0989823540203068,0.10893665699874658,0.10908943874676488,-0.07629074819143224,0.0033140264682416216,0.45982537730601775,98.0,59.0,0.6020408163265306,0.0,0.0,1.1549835578124665,10.56568501743891,283.72601254329464,False,False,0.0,0.0,False,0.0,0,0,0,True
331,100,0.0,102.87234299899043,106.61391920669953,107.58162183769545,113.13684768764134,10.31490392123116,0.0,1.3892507430828906,0.06882387095061147,10.515651745834537,283.8222842483634,184.82855520632717,1.0999055444219918,0.1098482573338971,0.1093811772548809,-0.07093270034540794,0.003133973632849893,0.45773470963015683,98.0,59.0,0.6020408163265306,0.0,0.0,1.1549835578124665,10.584475616785149,285.2115349914463,False,False,0.0,0.0,False,0.0,0,0,0,True
332,100,0.0,102.8742166674672,106.60148254680138,107.58162183769545,113.18827006689095,10.31490392123116,0.0,1.389160967389311,0.068491014720274,10.56337708676259,285.30939805121204,185.80869449722124,1.1007507408646204,0.11068111427239942,0.10965882511243585,-0.06556103968809408,0.0028790106138268075,0.45563759385215097,98.0,59.0,0.6020408163265306,0.0,0.0,1.1549835578124665,10.631868101482864,286.6985590186014,False,False,0.0,0.0,False,0.0,0,0,0,True
333,100,0.0,102.87307912986343,106.53739220921726,107.58162183769545,113.1774559969468,10.31490392123116,0.0,1.3886854829448496,0.05808569770622934,10.57098449833693,286.7592240258359,186.8529241256994,1.101518578511525,0.11143619792217958,0.10991971155116063,-0.05959557315050292,0.002999367237261754,0.4531871038301434,99.0,59.0,0.5959595959595959,0.0,0.0,1.1549835578124665,10.629070196043159,288.14790950878074,False,False,0.0,0.0,False,0.0,0,0,0,True
334,100,0.0,102.87681374705325,106.48956760892986,107.58162183769545,113.17616860411903,10.31490392123116,0.0,1.3885797704092608,0.042676001395088106,10.577254993528184,288.1983670281147,187.94497835446498,1.102202720875363,0.11210743809278516,0.11016088336875121,-0.05325731326731631,0.002915643334507952,0.45064937921614695,99.0,59.0,0.5959595959595959,0.0,0.0,1.1549835578124665,10.619930994923273,289.58694679852397,False,False,0.0,0.0,False,0.0,0,0,0,True
335,100,0.0,102.88130131000199,106.4605242837575,107.58162183769545,113.18708895125918,10.31490392123116,0.0,1.3887816325817302,0.03348079376909959,10.587006475618702,289.638066966382,189.06607590840292,1.102800222379915,0.11269212322483409,0.11037991435915728,-0.0467294768890138,0.0026991897616278158,0.4480794183017663,99.0,60.0,0.6060606060606061,0.0,0.0,1.1549835578124665,10.620487269387802,291.02684859896374,False,False,0.0,0.0,False,0.0,0,0,0,True
336,100,0.0,102.8845596094387,106.44046239741574,107.58162183769545,113.20000982536776,10.31490392123116,0.0,1.3890083760798337,0.03366138795265454,10.59309098525233,291.085607594368,190.20723534868267,1.1033104087084038,0.11318980264063108,0.11057483747688748,-0.04006576913436716,0.002456344187907478,0.44547317472914355,99.0,60.0,0.6060606060606061,0.0,0.0,1.1549835578124665,10.626752373204985,292.47461597044787,False,False,0.0,0.0,False,0.0,0,0,0,True
337,100,0.0,102.88686376371346,106.41729176774012,107.58162183769545,113.2022975449955,10.31490392123116,0.0,1.3890936105594827,0.03369768975896654,10.59162157769297,292.5225710799854,191.37156541863794,1.1037331270996626,0.11360053044575333,0.11074404432673031,-0.0332070197600602,0.0022564793862833257,0.4427971489503385,99.0,60.0,0.6060606060606061,0.0,0.0,1.1549835578124665,10.625319267451937,293.9116646905449,False,False,0.0,0.0,False,0.0,0,0,0,True
338,100,0.0,102.88948658097756,106.40138063105093,107.58162183769545,113.20509382236881,10.31490392123116,0.0,1.3891312795401052,0.03386981953235577,10.588956021478129,293.95458265678246,192.55180662528247,1.1040675166065905,0.1139236183148715,0.11088621186931243,-0.026222196653139785,0.0020111501302591253,0.44011040049408806,99.0,60.0,0.6060606060606061,0.0,0.0,1.1549835578124665,10.622825841010485,295.34371393632256,False,False,0.0,0.0,False,0.0,0,0,0,True
339,100,0.0,102.8918403304565,106.39167971238054,107.58162183769545,113.20745972003539,10.31490392123116,0.0,1.3891418107518327,0.03404173852257591,10.586313739893235,295.3856473330417,193.74174875059737,1.1043136712633423,0.11415930341237454,0.11100043841737371,-0.019162757153999895,0.0017413242667997206,0.4374323126527269,99.0,60.0,0.6060606060606061,0.0,0.0,1.1549835578124665,10.620355478415812,296.7747891437935,False,False,0.0,0.0,False,0.0,0,0,0,True
340,100,0.0,102.89374608000877,106.38796285701207,107.58162183769545,113.2093574499146,10.31490392123116,0.0,1.389118974399927,0.03418698074020413,10.584124588548919,296.8189479477389,194.93540773128078,1.1044723291655605,0.11430843956524628,0.1110862254336071,-0.012076879867330283,0.0014971165533951868,0.43478367933219186,99.0,60.0,0.6060606060606061,0.0,0.0,1.1549835578124665,10.618311569289123,298.2080669221388,False,False,0.0,0.0,False,0.0,0,0,0,True
341,100,0.0,102.8951464656791,106.38999479050483,107.58162183769545,113.21075698254366,10.31490392123116,0.0,1.3890477504041414,0.03429666500778084,10.582514112546948,298.25730256934503,196.12703477847134,1.1045448056853973,0.114372431179014,0.11114347142187411,-0.005010611130168515,0.0013431976759785802,0.4321837162245815,99.0,60.0,0.6060606060606061,0.0,0.0,1.1549835578124665,10.61681077755473,299.64635031974916,False,False,0.0,0.0,False,0.0,0,0,0,True
342,100,0.0,102.89602895212633,106.39753753708204,107.58162183769545,113.21163792943922,10.31490392123116,0.0,1.3889281274036493,0.03436877350594662,10.581511817265437,299.70322789407066,197.31111907908476,1.1045329511058637,0.11435319169153968,0.11117246062132195,0.0019917002738667504,0.0012269216399988128,0.4296498598472822,99.0,60.0,0.6060606060606061,0.0,0.0,1.1549835578124665,10.615880590771383,301.0921560214743,False,False,0.0,0.0,False,0.0,0,0,0,True
343,100,0.0,102.8963998766017,106.41036419237615,107.58162183769545,113.21200116257982,10.31490392123116,0.0,1.388767886322465,0.0344035558186767,10.581112028184057,301.1589645323245,198.48237672440408,1.1044391177704944,0.11425311180089023,0.111173845707579,0.008887242164030307,0.0011580214483867485,0.42719767564772504,99.0,60.0,0.6060606060606061,0.0,0.0,1.1549835578124665,10.615515584002734,302.54773241864694,False,False,0.0,0.0,False,0.0,0,0,0,True
344,100,0.0,102.89627699177254,106.4282556727748,107.58162183769545,113.21186360577147,10.31490392123116,0.0,1.3885765924309645,0.034402230156233726,10.581292984804271,302.6264674942264,199.63574288932466,1.10426613054893,0.11407503130226511,0.11114862465695088,0.015634841534465642,0.0011128935981869253,0.424840771495679,99.0,60.0,0.6060606060606061,0.0,0.0,1.1549835578124665,10.615695214960505,304.0150440866574,False,False,0.0,0.0,False,0.0,0,0,0,True
345,100,0.0,102.89568645692316,106.45099630489116,107.58162183769545,113.21125264403342,10.31490392123116,0.0,1.3883630795244462,0.034366554208359136,10.582023227215055,304.1073920919451,200.76636842212895,1.1040172568032234,0.11382221065745599,0.11109811224654732,0.02219520889102272,0.0011264607806012413,0.42259076621276737,99.0,60.0,0.6060606060606061,0.0,0.0,1.1549835578124665,10.616389781423415,305.4957551714695,False,False,0.0,0.0,False,0.0,0,0,0,True
346,100,0.0,102.89466127726605,106.4783711040684,107.58162183769545,113.21020292102729,10.31490392123116,0.0,1.3881348656224817,0.03429867276447153,10.583264115642638,305.6030833864926,201.869619155756,1.1036961740626154,0.11349830043686145,0.11102390689954925,0.028531231758283832,0.0011299504278983767,0.42045732108498407,99.0,60.0,0.6060606060606061,0.0,0.0,1.1549835578124665,10.61756278840711,306.99121825211506,False,False,0.0,0.0,False,0.0,0,0,0,True
347,100,0.0,102.89324021961617,106.51016406667074,107.58162183769545,113.2087546436692,10.31490392123116,0.0,1.3878982746907356,0.03420105528209395,10.584971110403114,307.11457126037703,202.9410769267807,1.1033069348709719,0.11310730804089708,0.11092785374226127,0.03460826769268045,0.001116768617190559,0.4184482261204806,99.0,60.0,0.6060606060606061,0.0,0.0,1.1549835578124665,10.619172165685208,308.50246953506775,False,False,0.0,0.0,False,0.0,0,0,0,True
348,100,0.0,102.89146687931198,106.54615677652859,107.58162183769545,113.20695252849201,10.31490392123116,0.0,1.3876587120958186,0.034076464114675284,10.587094643517124,308.64257138730403,203.97654198794754,1.1028539288918615,0.1126535617407892,0.1108120048292374,0.04039441215261091,0.0010928362146154006,0.41656952903678784,99.0,60.0,0.6060606060606061,0.0,0.0,1.1549835578124665,10.621171107631799,310.03023009939983,False,False,0.0,0.0,False,0.0,0,0,0,True
349,100,0.0,102.88938878518165,106.58612701837465,107.58162183769545,113.20484495605888,10.31490392123116,0.0,1.3874209014999137,0.033927932098243074,10.589580866817851,310.1874918424855,204.97203680726835,1.1023418426437428,0.11214167237780337,0.11067857753535602,0.04586072848166024,0.001128589294821679,0.414825694365004,99.0,60.0,0.6060606060606061,0.0,0.0,1.1549835578124665,10.623508798916093,311.5749127439854,False,False,0.0,0.0,False,0.0,0,0,0,True
350,100,0.0,102.88705650477361,106.62984732830078,107.58162183769545,113.20248315737975,10.31490392123116,0.0,1.3871890420088733,0.03375874047933442,10.59237238652004,311.7494448955675,205.92381131666303,1.1017756173728401,0.11157649320555399,0.11052991212112201,0.050981433024229236,0.0012587205929836258,0.4132197804213919,99.0,60.0,0.6060606060606061,0.0,0.0,1.1549835578124665,10.626131126999374,313.13663393757633,False,False,0.0,0.0,False,0.0,0,0,0,True
351,100,0.0,102.88452273956844,106.67708351917159,107.58162183769545,113.19992037572872,10.31490392123116,0.0,1.3869668953377563,0.03357239251027844,10.595409033158678,313.32826342596644,206.82834963518692,1.101160405635218,0.11096307843291717,0.11036842945417258,0.0557340316818374,0.0014407951973061193,0.41175362289158857,99.0,60.0,0.6060606060606061,0.0,0.0,1.1549835578124665,10.628981425668956,314.7152303213042,False,False,0.0,0.0,False,0.0,0,0,0,True
352,100,0.0,102.88184141077885,106.72759325777413,107.58162183769545,113.19721099564742,10.31490392123116,0.0,1.3867578236589668,0.03337257992875254,10.598628690381219,314.923521336608,207.6823782151082,1.1005015271846674,0.11030664105729267,0.11019658981719535,0.06009940659462447,0.0015979341201210195,0.4104280152525761,99.0,60.0,0.6060606060606061,0.0,0.0,1.1549835578124665,10.63200127030997,316.310279160267,False,False,0.0,0.0,False,0.0,0,0,0,True
353,100,0.0,102.8790667414716,106.78112477732604,107.58162183769545,113.19440964838839,10.31490392123116,0.0,1.386564796561228,0.0331631406905091,10.601968191843948,316.5345573011173,208.4828752754776,1.0998044247616252,0.10961251058150001,0.11001685365101063,0.06406185364763,0.001729260099255847,0.40924287806549514,99.0,60.0,0.6060606060606061,0.0,0.0,1.1549835578124665,10.635131332534458,317.9211220976785,False,False,0.0,0.0,False,0.0,0,0,0,True
354,100,0.0,102.87625234393072,106.83741580201924,107.58162183769545,113.19157030870055,10.31490392123116,0.0,1.386390380604397,0.03294800727847246,10.60536428476681,318.1605011575574,209.22708131115377,1.0990746203555108,0.10888609118738486,0.10983164497338527,0.06760907328340068,0.0018343023490302326,0.40819741114432173,99.0,60.0,0.6060606060606061,0.0,0.0,1.1549835578124665,10.638312292045283,319.5468915381618,False,False,0.0,0.0,False,0.0,0,0,0,True
355,100,0.0,102.87345032370727,106.89619274771768,107.58162183769545,113.18874539966846,10.31490392123116,0.0,1.3862367206424535,0.03273114582095312,10.608754649345466,319.80030225760896,209.9125104011316,1.0983176724717942,0.10813282089846869,0.10964331808317684,0.07073211862517041,0.001912984586809313,0.40729022459275865,99.0,60.0,0.6060606060606061,0.0,0.0,1.1549835578124665,10.64148579516642,321.1865389782514,False,False,0.0,0.0,False,0.0,0,0,0,True
356,100,0.0,102.87071041400807,106.95717024827883,107.58162183769545,113.18598492317753,10.31490392123116,0.0,1.3861055190557432,0.03251648713518499,10.612078954841897,321.4527590924743,210.53696199054824,1.0975391348790065,0.10735813220613422,0.1094541280117696,0.07342530611316654,0.0019656075531616227,0.40651944658316036,99.0,60.0,0.6060606060606061,0.0,0.0,1.1549835578124665,10.644595441977081,322.83886461153,False,False,0.0,0.0,False,0.0,0,0,0,True
357,100,0.0,102.8680791559281,107.02005104180066,107.58162183769545,113.18333563424994,10.31490392123116,0.0,1.3859980170879647,0.0323078516370105,10.615279926021252,323.1165495442134,211.098532786443,1.0967445172435781,0.10656741456302805,0.10926620502737415,0.07568609467426929,0.0019928264356470437,0.40588280743611627,99.0,60.0,0.6060606060606061,0.0,0.0,1.1549835578124665,10.647587777658263,324.50254756130136,False,False,0.0,0.0,False,0.0,0,0,0,True
358,100,0.0,102.86559914136714,107.08452623620165,107.58162183769545,113.1808402779624,10.31490392123116,0.0,1.3859149812646665,0.03210887077257182,10.618304388081839,324.7902611516088,211.59562838793676,1.095939247985985,0.10576597906830036,0.10908153334163724,0.07751493985359316,0.001995623693687039,0.4053777009852186,99.0,60.0,0.6060606060606061,0.0,0.0,1.1549835578124665,10.65041325885441,326.1761761328734,False,False,0.0,0.0,False,0.0,0,0,0,True
359,100,0.0,102.86330833608737,107.15027595941278,107.58162183769545,113.17853690766174,10.31490392123116,0.0,1.3858566970708932,0.03192290817827667,10.621104254727921,326.472420830666,212.02697426621938,1.09512863961469,0.10495902558694684,0.10890193402127833,0.07891512934032116,0.001975277864472552,0.40500122534161065,99.0,60.0,0.6060606060606061,0.0,0.0,1.1549835578124665,10.653027162906199,327.8582775277369,False,False,0.0,0.0,False,0.0,0,0,0,True
360,100,0.0,102.86123950009025,107.21697038645364,107.58162183769545,113.1764583024758,10.31490392123116,0.0,1.3858229714722363,0.031752984112233006,10.623637422847379,328.16152354890085,212.3916257174612,1.0943178567189131,0.1041516124647246,0.1087290519783845,0.07989260595626786,0.001933329001909954,0.4047502059922906,99.0,60.0,0.6060606060606061,0.0,0.0,1.1549835578124665,10.655390406959611,329.5473465203731,False,False,0.0,0.0,False,0.0,0,0,0,True
361,100,0.0,102.85941972119743,107.28427112405964,107.58162183769545,113.17463150048508,10.31490392123116,0.0,1.3858131453455307,0.03160170678731415,10.625868538515178,329.85605951705503,212.68897643109705,1.093511886731201,0.10334862892518053,0.10856434680802801,0.08045578350819146,0.0018715414578267218,0.4046212046791188,99.0,60.0,0.6060606060606061,0.0,0.0,1.1549835578124665,10.657470245302491,331.24187266240057,False,False,0.0,0.0,False,0.0,0,0,0,True
362,100,0.0,102.85787007537448,107.35183292352576,107.58162183769545,113.17307746129728,10.31490392123116,0.0,1.3858261163745114,0.031471214056118975,10.627769602712382,331.55453952932066,212.9187653452667,1.0927155135089532,0.10255477016976725,0.10840908716505263,0.08061536001678894,0.0018355259900537976,0.4046105177330122,99.0,60.0,0.6060606060606061,0.0,0.0,1.1549835578124665,10.6592408167685,332.9403656456952,False,False,0.0,0.0,False,0.0,0,0,0,True
363,100,0.0,102.85660542399256,107.4193056841821,107.58162183769545,113.1718108681844,10.31490392123116,0.0,1.3858603724377239,0.031363128456620704,10.62932039101261,333.2555181512427,213.08108149878,1.09193329373266,0.10177451514828292,0.10826434832451198,0.08038413181923816,0.0017848729151640828,0.4047141675144264,99.0,60.0,0.6060606060606061,0.0,0.0,1.1549835578124665,10.66068351946923,334.64137852368043,False,False,0.0,0.0,False,0.0,0,0,0,True
364,100,0.0,102.85563435403446,107.48633670348951,107.58162183769545,113.17084007554904,10.31490392123116,0.0,1.3859140349757724,0.03127852795430737,10.630508669159221,334.9576145212371,213.17636663298595,1.0911695360785802,0.10101210692628049,0.10813101255093638,0.0797768109909708,0.0017200384078152522,0.40492789038169885,99.0,60.0,0.6060606060606061,0.0,0.0,1.1549835578124665,10.66178719711353,336.34352855621285,False,False,0.0,0.0,False,0.0,0,0,0,True
365,100,0.0,102.85495926245395,107.55257312516511,107.58162183769545,113.17016720252211,10.31490392123116,0.0,1.385984911296197,0.03121793386421671,10.631330195410191,336.65953059548383,213.2054153455163,1.0904282830950511,0.100271535548862,0.10800977190664951,0.07880984753062012,0.001642381355697923,0.4052471242239696,99.0,60.0,0.6060606060606061,0.0,0.0,1.1549835578124665,10.662548129274407,338.04551550678,False,False,0.0,0.0,False,0.0,0,0,0,True
366,100,0.0,102.85457658079548,107.6176645339803,107.58162183769545,113.16978836826853,10.31490392123116,0.0,1.386070554289993,0.03118131647473655,10.63178851013732,338.3600667256179,213.1693726492315,1.0897132956937792,0.09955652328559687,0.10790113315334404,0.07750125686945145,0.0015533430299631244,0.40566699810777607,99.0,60.0,0.6060606060606061,0.0,0.0,1.1549835578124665,10.662969826612056,339.7461372799079,False,False,0.0,0.0,False,0.0,0,0,0,True
367,100,0.0,102.8544771311141,107.68126564482621,107.58162183769545,113.16969405943516,10.31490392123116,0.0,1.3861683276294814,0.031168117905126358,10.631894522756367,340.0581345133147,213.06972884210072,1.0890280401588508,0.09887051213755753,0.10780542443771314,0.07587045255346561,0.001454425379628702,0.40618232604599,99.0,60.0,0.6060606060606061,0.0,0.0,1.1549835578124665,10.663062640661494,341.4443028409442,False,False,0.0,0.0,False,0.0,0,0,0,True
368,100,0.0,102.85464659954563,107.7430390341878,107.58162183769545,113.16986961546422,10.31490392123116,0.0,1.386275474224688,0.031177290792728376,10.631665914969949,341.75276693511273,212.90831164560836,1.0883756775748847,0.09821665349246403,0.10772280349462995,0.07393808343206106,0.0013471694026109511,0.4067876063483215,99.0,60.0,0.6060606060606061,0.0,0.0,1.1549835578124665,10.662843205762677,343.13904240933743,False,False,0.0,0.0,False,0.0,0,0,0,True
369,100,0.0,102.85506610988006,107.80265786412075,107.58162183769545,113.17029581352324,10.31490392123116,0.0,1.3863891855576969,0.03120735059929106,10.631126386927738,343.4431257744928,212.68727561918303,1.0877590555795953,0.09759779982513202,0.1076532671442236,0.07172587438033617,0.0012331338604695836,0.40747702748911463,99.0,60.0,0.6060606060606061,0.0,0.0,1.1549835578124665,10.662333737527028,344.82951496005046,False,False,0.0,0.0,False,0.0,0,0,0,True
370,100,0.0,102.85571287643316,107.85980855197144,107.58162183769545,113.17094953181899,10.31490392123116,0.0,1.3865066695031292,0.031256438708187825,10.630304778770428,345.12850643648,212.40908890490707,1.0871807023528495,0.09701649835525028,0.10759666189738437,0.06925646947315668,0.0011536766129399529,0.4082444809553727,99.0,60.0,0.6060606060606061,0.0,0.0,1.1549835578124665,10.661561217478615,346.51501310598314,False,False,0.0,0.0,False,0.0,0,0,0,True
371,100,0.0,102.85656091356604,107.9141933431687,107.58162183769545,113.17180446822016,10.31490392123116,0.0,1.3866252143761684,0.03132239309425719,10.629234103805295,346.8083402531586,212.07651739943378,1.0866428227621285,0.09647498659051619,0.10755269551434649,0.0665532765937979,0.0010821377142476564,0.4090835811304553,99.0,60.0,0.6060606060606061,0.0,0.0,1.1549835578124665,10.660556496899552,348.19496546753476,False,False,0.0,0.0,False,0.0,0,0,0,True
372,100,0.0,102.85758177843614,107.96553274917649,107.58162183769545,113.17283189047497,10.31490392123116,0.0,1.3867422472126532,0.03140282320008017,10.627950531123751,348.48219441691174,211.69260648795273,1.0861472965914072,0.09597518969821103,0.10752094938124006,0.06364031266382363,0.001006234696255895,0.4099876919321012,99.0,60.0,0.6060606060606061,0.0,0.0,1.1549835578124665,10.659353354323832,349.8689366641244,False,False,0.0,0.0,False,0.0,0,0,0,True
373,100,0.0,102.85874532395333,108.0135678178522,107.58162183769545,113.17400139483256,10.31490392123116,0.0,1.3868553846530844,0.031495185736813806,10.626492354860197,350.1497697023782,211.26066050779602,1.0856956787856222,0.0955187196607075,0.10750089157957579,0.06054204898384642,0.0009265846696608893,0.41094995965556774,99.0,60.0,0.6060606060606061,0.0,0.0,1.1549835578124665,10.657987540597011,351.53662508703127,False,False,0.0,0.0,False,0.0,0,0,0,True
374,100,0.0,102.86002044034524,108.05806220874123,107.58162183769545,113.17528165143801,10.31490392123116,0.0,1.3869624752403613,0.03159685841469395,10.62489898472189,351.81089615849925,210.7842201367502,1.0852892016452302,0.09510687617899594,0.10749189052452486,0.05728325653546436,0.0008577872212723065,0.41196335126715733,99.0,60.0,0.6060606060606061,0.0,0.0,1.1549835578124665,10.656495843136584,353.1978586337396,False,False,0.0,0.0,False,0.0,0,0,0,True
375,100,0.0,102.86137576602519,108.09880405100886,107.58162183769545,113.1766411172725,10.31490392123116,0.0,1.387061632412389,0.03170520905205618,10.623209988241603,353.46552696897294,210.26703792343676,1.0849287789044666,0.09474064929241173,0.10749322904153451,0.05388885147380766,0.0007840287403975568,0.41302069724131807,99.0,60.0,0.6060606060606061,0.0,0.0,1.1549835578124665,10.65491519729366,354.8525886013853,False,False,0.0,0.0,False,0.0,0,0,0,True
376,100,0.0,102.86278035137296,108.1356075665716,107.58162183769545,113.1780487004183,10.31490392123116,0.0,1.3871512579383678,0.031817658058873155,10.621464209862507,355.1137306932386,209.71305219456062,1.0846150116228102,0.09442072368216843,0.1075041187398128,0.05038374140344147,0.0007085924188144439,0.41411473792694037,99.0,60.0,0.6060606060606061,0.0,0.0,1.1549835578124665,10.65328186792138,356.50088195117695,False,False,0.0,0.0,False,0.0,0,0,0,True
377,100,0.0,102.86420426233637,108.16831444539487,107.58162183769545,113.17947436279222,10.31490392123116,0.0,1.3872300559785107,0.03193173288500228,10.619698985943968,356.755682110933,209.12635958686116,1.0843481958121055,0.09414748462127123,0.10752371452826179,0.04679267335034558,0.0006465362948975646,0.4152381723581078,99.0,60.0,0.6060606060606061,0.0,0.0,1.1549835578124665,10.65163071882897,358.1429121669115,False,False,0.0,0.0,False,0.0,0,0,0,True
378,100,0.0,102.86561911419697,108.19679496378528,107.58162183769545,113.18088965196196,10.31490392123116,0.0,1.3872970383151724,0.03204511361325357,10.617949468558713,358.39165190068286,208.51118646077134,1.0841283317124155,0.09392102552448411,0.10755112910714555,0.04314008459931085,0.0006101159956689626,0.4163837083868522,99.0,60.0,0.6060606060606061,0.0,0.0,1.1549835578124665,10.649994582171967,359.77894893899804,False,False,0.0,0.0,False,0.0,0,0,0,True
379,100,0.0,102.8669985291993,108.22094883980371,107.58162183769545,113.18226815602863,10.31490392123116,0.0,1.3873515215914882,0.032155669419896345,10.61624806496802,360.0219953890939,207.8718594586631,1.0839551346186047,0.09374115704003894,0.10758544725937068,0.03944995774705383,0.000601414131202806,0.4175441130087548,99.0,60.0,0.6060606060606061,0.0,0.0,1.1549835578124665,10.648403734387918,361.4093469106854,False,False,0.0,0.0,False,0.0,0,0,0,True
380,100,0.0,102.86831851484511,108.24070582269319,107.58162183769545,113.18358587865102,10.31490392123116,0.0,1.3873931175934857,0.03226148608859711,10.614623994264111,361.6471406078026,207.21277547366537,1.0838280471477666,0.09360741761066946,0.10762573976039708,0.03574568142139993,0.0005892687049966994,0.4187122617774149,99.0,60.0,0.6060606060606061,0.0,0.0,1.1549835578124665,10.646885480352708,363.0345337253961,False,False,0.0,0.0,False,0.0,0,0,0,True
381,100,0.0,102.86955776237639,108.25602601552757,107.58162183769545,113.184821533981,10.31490392123116,0.0,1.3874217177238126,0.03236088512880235,10.613102958109774,363.2675758953588,206.5383712958333,1.0837462528256274,0.09351908541631915,0.10767107672652444,0.03204991813693966,0.0005813701529393142,0.4198811862631368,99.0,60.0,0.6060606060606061,0.0,0.0,1.1549835578124665,10.645463843238577,364.6549976130826,False,False,0.0,0.0,False,0.0,0,0,0,True
382,100,0.0,102.87069786723669,108.2668999322603,107.58162183769545,113.18595676350813,10.31490392123116,0.0,1.387437472847376,0.03245243530895981,10.611706918930894,364.88383727641747,205.8530932012684,1.0837086908587727,0.09347519159549703,0.10772054022800805,0.028384480703391436,0.0005805163796942307,0.421044118606989,99.0,60.0,0.6060606060606061,0.0,0.0,1.1549835578124665,10.644159354239854,366.2712747492648,False,False,0.0,0.0,False,0.0,0,0,0,True
383,100,0.0,102.87172347508357,108.27334829210594,107.58162183769545,113.18697627854769,10.31490392123116,0.0,1.3874407696542272,0.032534957571003637,10.610453976373455,366.49649584316876,205.1613667468579,1.0837140719495801,0.09347453462763307,0.10777323600598952,0.02477021848390845,0.0005700028518803622,0.4221945323544136,99.0,60.0,0.6060606060606061,0.0,0.0,1.1549835578124665,10.642988933944459,367.883936612823,False,False,0.0,0.0,False,0.0,0,0,0,True
384,100,0.0,102.87262235823535,108.27542155584862,107.58162183769545,113.18786793337067,10.31490392123116,0.0,1.3874322045988192,0.03260752435602349,10.609358331282365,368.1061453531388,204.46756702870474,1.0837608950026367,0.09351569574570015,0.10782830414996039,0.021226914628471552,0.0005627638729182534,0.42332617892078694,99.0,60.0,0.6060606060606061,0.0,0.0,1.1549835578124665,10.64196585563839,369.49357755773764,False,False,0.0,0.0,False,0.0,0,0,0,True
385,100,0.0,102.8733854283134,108.2731992103492,107.58162183769545,113.1886227348072,10.31490392123116,0.0,1.387412556354032,0.032669454357222516,10.608430325787534,369.7133902435356,203.775989656051,1.0838474645655385,0.09359705523743318,0.10788492861446805,0.017773195195263724,0.000561245151803482,0.42443311923898575,99.0,60.0,0.6060606060606061,0.0,0.0,1.1549835578124665,10.641099780144756,371.10080279988966,False,False,0.0,0.0,False,0.0,0,0,0,True
386,100,0.0,102.87400669135036,108.26678880930024,107.58162183769545,113.18923479462347,10.31490392123116,0.0,1.3873827575790545,0.03272030364345797,10.607676548140969,371.3188342453883,203.09082268444612,1.0839719088436008,0.09371680948515475,0.10794234547889942,0.014426450833748,0.0005695704125585309,0.42550975035650634,99.0,60.0,0.6060606060606061,0.0,0.0,1.1549835578124665,10.640396851784427,372.7062170029674,False,False,0.0,0.0,False,0.0,0,0,0,True
387,100,0.0,102.87448315184128,108.25632478020005,107.58162183769545,113.18970123114585,10.31490392123116,0.0,1.3873438666561453,0.032759853983735855,10.607099991561878,372.9230697611083,202.4161197419416,1.084132198127214,0.09387298858879745,0.10799984988124216,0.011202771449916065,0.0005753261330476361,0.42655082697394137,99.0,60.0,0.6060606060606061,0.0,0.0,1.1549835578124665,10.639859845545613,374.31041362776443,False,False,0.0,0.0,False,0.0,0,0,0,True
388,100,0.0,102.8748146721955,108.24196700960763,107.58162183769545,113.19002202656307,10.31490392123116,0.0,1.3872970399133773,0.03278809906739157,10.606700257334833,374.52666814718754,201.7557745700294,1.0843261634724128,0.09406347441432306,0.10805680158457658,0.008116894018613511,0.0005743917524288045,0.4275514781324542,99.0,60.0,0.6060606060606061,0.0,0.0,1.1549835578124665,10.639488356402223,375.9139651871009,False,False,0.0,0.0,False,0.0,0,0,0,True
389,100,0.0,102.87500379386859,108.22389922096652,107.58162183769545,113.19019984614125,10.31490392123116,0.0,1.3872435047266776,0.032805229172311906,10.606473793599921,376.13017101998395,201.1134971867583,1.0845515154795085,0.09428601891036628,0.10811262916265521,0.0051821634605802,0.0006031179482476854,0.42850721944941184,99.0,60.0,0.6060606060606061,0.0,0.0,1.1549835578124665,10.639279022772232,377.5174145247106,False,False,0.0,0.0,False,0.0,0,0,0,True
390,100,0.0,102.87505552617657,108.20232716160636,107.58162183769545,113.19023982530202,10.31490392123116,0.0,1.3871845337894932,0.03281161469653689,10.606414162525589,377.73408267747016,200.49279186284738,1.084805863021243,0.09453826253943214,0.10816683281739246,0.0024105062717918136,0.0006246936862901453,0.4294139614540426,99.0,60.0,0.6060606060606061,0.0,0.0,1.1549835578124665,10.639225777222125,379.12126721125964,False,False,0.0,0.0,False,0.0,0,0,0,True
391,100,0.0,102.87497710847072,108.17747661786537,107.58162183769545,113.19014933018924,10.31490392123116,0.0,1.3871214207545919,0.03280778884728651,10.60651232974516,379.3388637040025,199.89693708267743,1.0850867317805144,0.09481775267610015,0.10821898586571536,-0.00018758361276306063,0.0006395318553856237,0.430268014677345,99.0,60.0,0.6060606060606061,0.0,0.0,1.1549835578124665,10.639320118592446,380.7259851247571,False,False,0.0,0.0,False,0.0,0,0,0,True
392,100,0.0,102.87477775101723,108.14959127953885,107.58162183769545,113.18993769702112,10.31490392123116,0.0,1.3870554573897136,0.032794429681680726,10.606756970977976,380.9449257991929,199.328967640834,1.085391582468032,0.09512196183310387,0.10826873495548096,-0.002603047414014724,0.0006480924340143594,0.4310660921954913,99.0,60.0,0.6060606060606061,0.0,0.0,1.1549835578124665,10.639551400659657,382.3319812565826,False,False,0.0,0.0,False,0.0,0,0,0,True
393,100,0.0,102.8744683596114,108.11893047695014,107.58162183769545,113.189615955219,10.31490392123116,0.0,1.3869879123455457,0.03277234161960899,10.607134791588956,382.552627846434,198.79165900157935,1.0857178286019042,0.09544830558646586,0.10831579908968139,-0.004828253396759635,0.0006508721344393729,0.43180531031191743,99.0,60.0,0.6060606060606061,0.0,0.0,1.1549835578124665,10.639907133208565,383.93961575877955,False,False,0.0,0.0,False,0.0,0,0,0,True
394,100,0.0,102.87406124867569,108.08576681576145,107.58162183769545,113.18919653903758,10.31490392123116,0.0,1.3869200116080844,0.03274243650221885,10.607630855437835,384.16227321209044,198.28751402351335,1.0860628537437746,0.09579416008263919,0.10835996755469957,-0.006856978989757653,0.0006483943354685946,0.432483187993918,99.0,60.0,0.6060606060606061,0.0,0.0,1.1549835578124665,10.640373291940053,385.5491932236985,False,False,0.0,0.0,False,0.0,0,0,0,True
395,100,0.0,102.8735698473549,108.05038373611184,107.58162183769545,113.18869299219915,10.31490392123116,0.0,1.3868529206944955,0.03270571424861111,10.608228919729209,385.77410824335936,197.8187521250969,1.0864240280993198,0.09615687902338636,0.10840109686182858,-0.008684384145026794,0.0006498271862742772,0.4330976455636006,99.0,60.0,0.6060606060606061,0.0,0.0,1.1549835578124665,10.64093463397782,387.16096116405384,False,False,0.0,0.0,False,0.0,0,0,0,True
396,100,0.0,102.87300840292755,108.01307302370498,107.58162183769545,113.18811966985436,10.31490392123116,0.0,1.3867877286485433,0.032663243166068584,10.608911772716214,387.3883219117715,197.38730093908742,1.0867987244043544,0.09653381003746175,0.10843910682159646,-0.010306976975303103,0.0006781207519564062,0.4336470029930902,99.0,60.0,0.6060606060606061,0.0,0.0,1.1549835578124665,10.641575015882282,388.77510964042006,False,False,0.0,0.0,False,0.0,0,0,0,True
397,100,0.0,102.87239168569417,107.97413230102202,107.58162183769545,113.18749144204848,10.31490392123116,0.0,1.3867254338947843,0.03261613999173702,10.609661571069463,389.0050465306447,196.99479047576085,1.0871843330310846,0.09692231036162151,0.10847397587768975,-0.011722572706940397,0.0007013854555250458,0.4341299779849968,99.0,60.0,0.6060606060606061,0.0,0.0,1.1549835578124665,10.6422777110612,390.3917719645395,False,False,0.0,0.0,False,0.0,0,0,0,True
398,100,0.0,102.87173469936997,107.93386252685946,107.58162183769545,113.18682340274879,10.31490392123116,0.0,1.3866669320166478,0.03256554978092873,10.610460173546818,390.62435945880594,196.64254978659682,1.0875782762619242,0.09731976176667374,0.10850573583154101,-0.012930246953784058,0.0007196879899616555,0.43454568384728587,99.0,60.0,0.6060606060606061,0.0,0.0,1.1549835578124665,10.643025723327746,392.01102639082256,False,False,0.0,0.0,False,0.0,0,0,0,True
399,100,0.0,102.87105240088353,107.89256553188372,107.58162183769545,113.18613058837256,10.31490392123116,0.0,1.3866130055290329,0.032512625804309137,10.611289467343019,392.2462856897926,196.33160609240855,1.0879780216904429,0.09772358467685374,0.10853446609009229,-0.013930284260445203,0.0007331228666179016,0.43489362701210477,99.0,60.0,0.6060606060606061,0.0,0.0,1.1549835578124665,10.643802093147327,393.63289869532167,False,False,0.0,0.0,False,0.0,0,0,0,True
400,100,0.0,102.87035943335046,107.85054161685265,107.58162183769545,113.18542770962738,10.31490392123116,0.0,1.3865643157185386,0.03245850966690537,10.612131683218468,393.87080121562946,196.06268631325136,1.0883810947202828,0.09813125144248251,0.10856028756806332,-0.014724122786259303,0.0007418101123974885,0.43517370391400806,99.0,60.0,0.6060606060606061,0.0,0.0,1.1549835578124665,10.644590192885374,395.257365531348,False,False,0.0,0.0,False,0.0,0,0,0,True
401,100,0.0,102.86966987583077,107.80808723861043,107.58162183769545,113.18472890031713,10.31490392123116,0.0,1.3865213966216154,0.03240431191093116,10.612969695259226,395.4978370472091,195.83622091233636,1.0887850901430216,0.09854029873643293,0.10858335637247662,-0.01531429590992946,0.0007458929478217211,0.43538619684461616,99.0,60.0,0.6060606060606061,0.0,0.0,1.1549835578124665,10.645374007170156,396.8843584438307,False,False,0.0,0.0,False,0.0,0,0,0,True
402,100,0.0,102.86899701327675,107.76549280696145,107.58162183769545,113.18404748656285,10.31490392123116,0.0,1.3864846512013538,0.03235109340639968,10.613787300956277,397.1272837692015,195.65234994307033,1.0891876827849623,0.09894833905423805,0.10860385739149787,-0.015704371435401626,0.0007455354713970267,0.4355317683445186,99.0,60.0,0.6060606060606061,0.0,0.0,1.1549835578124665,10.646138394362676,398.5137684204028,False,False,0.0,0.0,False,0.0,0,0,0,True
403,100,0.0,102.86835312981835,107.7230406131331,107.58162183769545,113.18339577962267,10.31490392123116,0.0,1.3864543497662132,0.03229984786389195,10.61456947725364,398.758996506168,195.5109311676327,1.0895866372205818,0.09935307130567647,0.10862199790214538,-0.01589888897771727,0.0007409203714411844,0.435611453681802,99.0,60.0,0.6060606060606061,0.0,0.0,1.1549835578124665,10.646869325117532,400.1454508559342,False,False,0.0,0.0,False,0.0,0,0,0,True
404,100,0.0,102.86774932820475,107.6810029078196,107.58162183769545,113.18278489515914,10.31490392123116,0.0,1.3864306306486136,0.032251485818941224,10.615302608333925,400.392800177946,195.41155009750855,1.0899798165568968,0.09975229049235317,0.10863800130243448,-0.01590329600877153,0.0007322466826162968,0.4356266509987094,99.0,60.0,0.6060606060606061,0.0,0.0,1.1549835578124665,10.647554094152866,401.7792308085946,False,False,0.0,0.0,False,0.0,0,0,0,True
405,100,0.0,102.86719537781931,107.63964014384048,107.58162183769545,113.18222460138841,10.31490392123116,0.0,1.3864135031282505,0.032206820435095665,10.615974681205607,402.02849492615616,195.35353179136357,1.090365190298389,0.10014389647123526,0.10865210106339358,-0.01572388295163433,0.0007197276009700517,0.43557910877899947,99.0,60.0,0.6060606060606061,0.0,0.0,1.1549835578124665,10.648181501640703,403.4149084292844,False,False,0.0,0.0,False,0.0,0,0,0,True
406,100,0.0,102.86669959320629,107.59919939533975,107.58162183769545,113.18172319805696,10.31490392123116,0.0,1.3864028525454084,0.03216655545104378,10.616575445634865,403.6658615995605,195.3359542337192,1.0907408413064261,0.10052590180841488,0.10866453498545345,-0.015367717632032268,0.0007042988086188866,0.43547091039119346,99.0,60.0,0.6060606060606061,0.0,0.0,1.1549835578124665,10.648742001085909,405.05226445210593,False,False,0.0,0.0,False,0.0,0,0,0,True
407,100,0.0,102.8662687445009,107.5599129622793,107.58162183769545,113.18128742762944,10.31490392123116,0.0,1.3863984475050457,0.03213127555724845,10.617096535618744,405.30466719364347,195.3576631091354,1.0911049718704802,0.10089643873071352,0.10867553983229847,-0.014842579329274321,0.0007027642564660747,0.4353044555877581,99.0,60.0,0.6060606060606061,0.0,0.0,1.1549835578124665,10.649227811175992,406.6910656411485,False,False,0.0,0.0,False,0.0,0,0,0,True
408,100,0.0,102.86590800054503,107.52199716583263,107.58162183769545,113.18092241945074,10.31490392123116,0.0,1.386399949025112,0.03210143943012263,10.617531550405332,406.94467014886686,195.41728778099812,1.0914559089110079,0.10125376518530142,0.10868534640366476,-0.014156892617784429,0.0006954876665840696,0.43508243897698806,99.0,60.0,0.6060606060606061,0.0,0.0,1.1549835578124665,10.649632989835455,408.331070097892,False,False,0.0,0.0,False,0.0,0,0,0,True
409,100,0.0,102.86562090481944,107.4856513372427,107.58162183769545,113.18063166698113,10.31490392123116,0.0,1.3864069214349761,0.03207737558020849,10.617876093999518,408.58562542221165,195.51325828145087,1.0917921083357758,0.10159627001947347,0.10869417509703926,-0.013319661154809282,0.0006826489420276965,0.4348078256224057,99.0,60.0,0.6060606060606061,0.0,0.0,1.1549835578124665,10.649953469579726,409.9720323436466,False,False,0.0,0.0,False,0.0,0,0,0,True
410,100,0.0,102.865409383646,107.45105699984123,107.58162183769545,113.18041703751481,10.31490392123116,0.0,1.3864188447846046,0.032059281088804854,10.618127773108911,410.2272892575384,195.64382311930513,1.092112158572847,0.1019224772942954,0.10870223199695869,-0.012340401549110449,0.000664486297423174,0.4344838240540114,99.0,60.0,0.6060606060606061,0.0,0.0,1.1549835578124665,10.650187054197715,411.613708102323,False,False,0.0,0.0,False,0.0,0,0,0,True
411,100,0.0,102.86527378543602,107.41837724130599,107.58162183769545,113.18027881310971,10.31490392123116,0.0,1.3864351284847984,0.03204722321936226,10.618286154537492,411.8694235916737,195.8070677156946,1.0924147833045246,0.10223104974719392,0.10870970551979503,-0.011229077438066672,0.0006412915470479549,0.4341138570882709,99.0,60.0,0.6060606060606061,0.0,0.0,1.1549835578124665,10.650333377756853,413.25585872015847,False,False,0.0,0.0,False,0.0,0,0,0,True
412,100,0.0,102.86521294910641,107.38775627089129,107.58162183769545,113.18021576079214,10.31490392123116,0.0,1.3864551258659443,0.032041143801040534,10.618352684075155,413.51180004465004,196.00093328249878,1.0926988434274028,0.10252079141986374,0.1087167636316521,-0.009996033904324887,0.000613404772314069,0.43370153094268626,99.0,60.0,0.6060606060606061,0.0,0.0,1.1549835578124665,10.650393827876195,414.898255170516,False,False,0.0,0.0,False,0.0,0,0,0,True
413,100,0.0,102.86522429917898,107.35931915435873,107.58162183769545,113.180225229496,10.31490392123116,0.0,1.3864781493191736,0.03204086619680232,10.61833056991066,415.1542034539831,196.22323596583547,1.092963338264436,0.10279064946924057,0.10872355164736179,-0.008651932375439061,0.0005812084835624858,0.4332506031919536,99.0,60.0,0.6060606060606061,0.0,0.0,1.1549835578124665,10.650371436107461,416.54068160330223,False,False,0.0,0.0,False,0.0,0,0,0,True
414,100,0.0,102.8653039645426,107.33317171766406,107.58162183769545,113.18030327065814,10.31490392123116,0.0,1.3865034856712364,0.032046104591928255,10.61822463446844,416.79643492400476,196.47168608586685,1.0932074060556247,0.10303971518082082,0.1087301906095943,-0.007207686167875547,0.000545121394633507,0.4327649501439952,99.0,60.0,0.6060606060606061,0.0,0.0,1.1549835578124665,10.65027073906037,418.182938409676,False,False,0.0,0.0,False,0.0,0,0,0,True
415,100,0.0,102.86544691741368,107.3094006091381,107.58162183769545,113.18044477895121,10.31490392123116,0.0,1.386530411443422,0.03205647527481635,10.618041139298239,418.4383143719434,196.7439073144242,1.0934303237546614,0.1032672242053688,0.10873677623879385,-0.005674396857516561,0.0005055919292068997,0.4322485342159351,99.0,60.0,0.6060606060606061,0.0,0.0,1.1549835578124665,10.650097614573054,419.8248447833868,False,False,0.0,0.0,False,0.0,0,0,0,True
416,100,0.0,102.86564712869051,107.28807350892126,107.58162183769545,113.18064364930277,10.31490392123116,0.0,1.3865582076557765,0.032071509533301734,10.617787588200802,420.0796825624916,197.03745564319843,1.0936315061596558,0.10347255604204382,0.10874337843702037,-0.004063291679640166,0.0004630915757029004,0.4317053718645846,99.0,60.0,0.6060606060606061,0.0,0.0,1.1549835578124665,10.649859097734103,421.46624077014735,False,False,0.0,0.0,False,0.0,0,0,0,True
417,100,0.0,102.86589773567479,107.26923947375833,107.58162183769545,113.1808929461327,10.31490392123116,0.0,1.3865861738599874,0.03209066775828284,10.617472514134487,421.7204026319304,197.34983800713556,1.0938105044068984,0.10365523279320339,0.10875004132180865,-0.002385662179883237,0.00041810820294876797,0.4311395025770898,99.0,60.0,0.6060606060606061,0.0,0.0,1.1549835578124665,10.64956318189277,423.1069888057904,False,False,0.0,0.0,False,0.0,0,0,0,True
418,100,0.0,102.86619121802904,107.25292940489337,107.58162183769545,113.18118508064661,10.31490392123116,0.0,1.3866136411164596,0.032113354332653825,10.617105255608974,423.36036111141175,197.67853043993762,1.0939670038575333,0.10381491721854867,0.10875678375984486,-0.0006528043519335557,0.00037113944221071535,0.4305549593600169,99.0,60.0,0.6060606060606061,0.0,0.0,1.1549835578124665,10.649218609941629,424.7469747525282,False,False,0.0,0.0,False,0.0,0,0,0,True
419,100,0.0,102.86651957785485,107.23915662670038,107.58162183769545,113.18151199204894,10.31490392123116,0.0,1.3866399836715615,0.03213893288732989,10.616695728236987,424.9994684666836,198.02099565093272,1.0941008214079229,0.1039514101188079,0.10876360036460786,0.0011240394938146687,0.00032268623296353657,0.42995574108489165,99.0,60.0,0.6060606060606061,0.0,0.0,1.1549835578124665,10.648834661124317,426.38610845035515,False,False,0.0,0.0,False,0.0,0,0,0,True
420,100,0.0,102.86687451990285,107.22791756378484,107.58162183769545,113.18186532867291,10.31490392123116,0.0,1.3866646291376,0.03216674152530279,10.616254196897078,426.63765917835326,198.37469992484333,1.09421190225544,0.10406464708173221,0.10877046291713882,0.002933736884632265,0.0002839644856727447,0.42934578696076364,99.0,60.0,0.6060606060606061,0.0,0.0,1.1549835578124665,10.648420938422381,428.0243238074909,False,False,0.0,0.0,False,0.0,0,0,0,True
421,100,0.0,102.8672476281528,107.21919250456646,107.58162183769545,113.18223662526302,10.31490392123116,0.0,1.3866870670285019,0.03219610764741694,10.615791053582525,428.2748913927032,198.7371292579723,1.0943003161523013,0.10415469462571295,0.1087773221648145,0.004765319122152674,0.0002453738850645438,0.42872895331520555,99.0,60.0,0.6060606060606061,0.0,0.0,1.1549835578124665,10.647987161229942,429.6615784597317,False,False,0.0,0.0,False,0.0,0,0,0,True
422,100,0.0,102.86763053531386,107.2129464397477,107.58162183769545,113.18261747296478,10.31490392123116,0.0,1.3867068555560136,0.03222636205660079,10.615316605502304,429.9111461781118,199.10580465592008,1.0943662531808882,0.10422174577873045,0.1087841099494287,0.006608032772980864,0.00020535977897630475,0.4281089927791248,99.0,60.0,0.6060606060606061,0.0,0.0,1.1549835578124665,10.647542967558906,431.29785303366776,False,False,0.0,0.0,False,0.0,0,0,0,True
423,100,0.0,102.86801508217651,107.20912996455102,107.58162183769545,113.1829996789624,10.31490392123116,0.0,1.3867236266422374,0.0322568520676241,10.614840877392657,431.5464264262806,199.47829652906447,1.094410019084704,0.10426611513253563,0.10879074161307284,0.008451388503529927,0.00016436725873425243,0.42748953589189664,99.0,60.0,0.6060606060606061,0.0,0.0,1.1549835578124665,10.647097729460281,432.9331500529229,False,False,0.0,0.0,False,0.0,0,0,0,True
424,100,0.0,102.8683934641767,107.20768023413582,107.58162183769545,113.18337541314247,10.31490392123116,0.0,1.3867370891525217,0.03228695340359763,10.614373431326836,433.18075544076174,199.8522381326241,1.0944320301896817,0.10428823341385632,0.10879711862827793,0.010285207073568097,0.00012703232832103834,0.4268740750747462,99.0,60.0,0.6060606060606061,0.0,0.0,1.1549835578124665,10.646660384730433,434.56749252991426,False,False,0.0,0.0,False,0.0,0,0,0,True
425,100,0.0,102.86875836299464,107.20852196214614,107.58162183769545,113.18373733962397,10.31490392123116,0.0,1.3867470303963922,0.03231608071554638,10.61392320660957,434.8141752577178,200.2253380081734,1.09443280795097,0.10428864161596836,0.10880313139766641,0.01209966233140375,0.00011342490282959996,0.4262659508640672,99.0,60.0,0.6060606060606061,0.0,0.0,1.1549835578124665,10.646239287325116,436.2009222881142,False,False,0.0,0.0,False,0.0,0,0,0,True
426,100,0.0,102.86910306148566,107.21156845288073,107.58162183769545,113.18407873147359,10.31490392123116,0.0,1.3867533159822842,0.03234369661464015,10.613498381642701,436.44674474545826,200.59539139298815,1.094412973160527,0.10426798473511542,0.10880866216797618,0.013885321084879165,0.00011702052272009797,0.4256683402536282,99.0,60.0,0.6060606060606061,0.0,0.0,1.1549835578124665,10.645842078257342,437.83349806144054,False,False,0.0,0.0,False,0.0,0,0,0,True
427,100,0.0,102.86942154071343,107.21672265809153,107.58162183769545,113.18439356739832,10.31490392123116,0.0,1.3867558881433777,0.032369319156003835,10.61310625897569,438.0785375301042,200.96029057259204,1.0943732398508985,0.10422700515698571,0.10881358800376549,0.015633179754904938,0.00012614856295874833,0.4250842469655865,99.0,60.0,0.6060606060606061,0.0,0.0,1.1549835578124665,10.645475578131695,439.4652934182476,False,False,0.0,0.0,False,0.0,0,0,0,True
428,100,0.0,102.86970855831356,107.22387824990543,107.58162183769545,113.18467660966436,10.31490392123116,0.0,1.3867547626766465,0.032392527756787304,10.612753174130448,439.70963979476073,201.31803416038207,1.0943144089304089,0.10416653573875097,0.10881778376737333,0.017334697750633083,0.00013400500996691618,0.42451649345437126,99.0,60.0,0.6060606060606061,0.0,0.0,1.1549835578124665,10.645145701887236,441.0963945574374,False,False,0.0,0.0,False,0.0,0,0,0,True
429,100,0.0,102.86995970784724,107.23292070182114,107.58162183769545,113.18492346292184,10.31490392123116,0.0,1.3867500246553153,0.03241296756847714,10.612444428229168,441.34014799885745,201.6667352962564,1.0942373615846743,0.10408749263204849,0.10882112505375953,0.01898182753614748,0.00015293929564129142,0.423967714443624,99.0,60.0,0.6060606060606061,0.0,0.0,1.1549835578124665,10.644857395797645,442.7268980235128,False,False,0.0,0.0,False,0.0,0,0,0,True
430,100,0.0,102.87017145920187,107.24372837016395,107.58162183769545,113.18513061401039,10.31490392123116,0.0,1.3867418230866317,0.032430352353872365,10.612184243966173,442.97016656288395,202.00462876378788,1.0941430524788918,0.10399086789178107,0.10882349103164167,0.02056704138650081,0.00018074337941577527,0.42344035180284906,99.0,60.0,0.6060606060606061,0.0,0.0,1.1549835578124665,10.644614596320045,444.3569083859706,False,False,0.0,0.0,False,0.0,0,0,0,True
431,100,0.0,102.87034118045347,107.25617356879205,107.58162183769545,113.18529545317588,10.31490392123116,0.0,1.3867303646928932,0.032444465942727124,10.611975744053327,444.5998055616492,202.3300770326913,1.0940325027947686,0.10387772191475135,0.10882476714581066,0.022083354855095917,0.00021150300964514748,0.42293665058523644,99.0,60.0,0.6060606060606061,0.0,0.0,1.1549835578124665,10.644420209996055,445.98653592634207,False,False,0.0,0.0,False,0.0,0,0,0,True
432,100,0.0,102.87046714192064,107.27012363025229,107.58162183769545,113.18541627744233,10.31490392123116,0.0,1.3867159069947341,0.032455162357557826,10.611820950933105,446.2291784664752,202.64157524013444,1.0939067931353046,0.10374917575100548,0.10882484763956884,0.02352434699407195,0.00024159465382868664,0.4224586560691527,99.0,60.0,0.6060606060606061,0.0,0.0,1.1549835578124665,10.644276113290662,447.6158943734699,False,False,0.0,0.0,False,0.0,0,0,0,True
433,100,0.0,102.8705485034114,107.28544194698733,107.58162183769545,113.18549227715093,10.31490392123116,0.0,1.3866987508726467,0.032462364712865864,10.61172080628868,447.85839997345954,202.93775513084256,1.0937670563298991,0.10360640332938238,0.10882363786080884,0.0248841773841623,0.0002684735633401789,0.4220082116708512,99.0,60.0,0.6060606060606061,0.0,0.0,1.1549835578124665,10.644183171001545,449.2450987243322,False,False,0.0,0.0,False,0.0,0,0,0,True
434,100,0.0,102.870585285892,107.30198898661892,107.58162183769545,113.18552350690663,10.31490392123116,0.0,1.3866792327764978,0.03246606299857375,10.611675208679475,449.48758395118244,203.2173879819191,1.0936144701715265,0.10345062363722671,0.10882105632023391,0.026157600040335495,0.00029207123947145187,0.4215869576229899,99.0,60.0,0.6060606060606061,0.0,0.0,1.1549835578124665,10.644141271678048,450.87426318395893,False,False,0.0,0.0,False,0.0,0,0,0,True
435,100,0.0,102.8705783289937,107.31962327577133,107.58162183769545,113.18551084235537,10.31490392123116,0.0,1.386657716744118,0.03246631086233813,10.611683067484453,451.11684153705806,203.4793865438432,1.0934502501169852,0.10328309289257935,0.10881703647551735,0.027339974264712758,0.0003123560394478283,0.4211963303406419,99.0,60.0,0.6060606060606061,0.0,0.0,1.1549835578124665,10.64414937834679,452.5034992538022,False,False,0.0,0.0,False,0.0,0,0,0,True
436,100,0.0,102.87052923592063,107.33820234737753,107.58162183769545,113.18545592436385,10.31490392123116,0.0,1.386634586379695,0.03246322150693846,10.611742371234964,452.74627940703806,203.72280603416112,1.0932756419805298,0.1031050967454751,0.10881152822070447,0.028427272519210577,0.00032933137355524043,0.42083756242208115,99.0,60.0,0.6060606060606061,0.0,0.0,1.1549835578124665,10.644205592741903,454.13291399341773,False,False,0.0,0.0,False,0.0,0,0,0,True
437,100,0.0,102.87044030743269,107.35758364691573,107.58162183769545,113.18536109228309,10.31490392123116,0.0,1.3866102369312232,0.03245696281888216,10.61185026835485,454.37599823865145,203.9468442249408,1.0930919146505538,0.102917942543305,0.10880449906577172,0.02941608538790038,0.0003430335504743426,0.4205116832543937,99.0,60.0,0.6060606060606061,0.0,0.0,1.1549835578124665,10.644307231173732,455.7626084755827,False,False,0.0,0.0,False,0.0,0,0,0,True
438,100,0.0,102.87031446665576,107.37762539356949,107.58162183769545,113.18522930805406,10.31490392123116,0.0,1.3865850675941531,0.0324477518436016,10.612003158290221,456.0060913825058,204.15084066906672,1.0929003528584262,0.10272295169357451,0.10879593499687722,0.030303623694060387,0.00035352931915987143,0.4202195202130235,99.0,60.0,0.6060606060606061,0.0,0.0,1.1549835578124665,10.644450910133823,457.39267645009994,False,False,0.0,0.0,False,0.0,0,0,0,True
439,100,0.0,102.87015517651751,107.39818739288073,107.58162183769545,113.18506407296232,10.31490392123116,0.0,1.38655947415595,0.032435848721498024,10.612196790998109,457.636643752489,204.33427511388146,1.0927022500280774,0.10252145215585642,0.10878584101337155,0.031087717830355643,0.00036091315785384434,0.4199617004591052,99.0,60.0,0.6060606060606061,0.0,0.0,1.1549835578124665,10.644632639719607,459.02320322664497,False,False,0.0,0.0,False,0.0,0,0,0,True
440,100,0.0,102.86996635162686,107.41913179806473,107.58162183769545,113.18486933886642,10.31490392123116,0.0,1.386533842083724,0.03242155019821467,10.612426372767573,459.2677309400884,204.49676515351214,1.0924989012345054,0.10231477109329679,0.10877424134299478,0.03176681435356908,0.00036530436236110336,0.41973865334864635,99.0,60.0,0.6060606060606061,0.0,0.0,1.1549835578124665,10.644847922965788,460.65426478217216,False,False,0.0,0.0,False,0.0,0,0,0,True
441,100,0.0,102.86975226640747,107.44032381777595,107.58162183769545,113.18464941571844,10.31490392123116,0.0,1.3865085401445776,0.03240518282192704,10.612686676365897,460.8994185535917,204.63806317343168,1.0922915962990034,0.10210422771270844,0.10876117934179143,0.03233996988883905,0.000366843986486426,0.41955061347336187,99.0,60.0,0.6060606060606061,0.0,0.0,1.1549835578124665,10.645091859187824,462.2859270937363,False,False,0.0,0.0,False,0.0,0,0,0,True
442,100,0.0,102.86951746126523,107.46163236873528,107.58162183769545,113.18440887716436,10.31490392123116,0.0,1.386483914635801,0.03238709593992248,10.612972153534873,462.5317617785314,204.75805264239185,1.0920816130485618,0.10189112632105575,0.10874671709005049,0.032806842383375764,0.0003711439107457003,0.4193976243545464,99.0,60.0,0.6060606060606061,0.0,0.0,1.1549835578124665,10.645359249474796,463.9182456931672,False,False,0.0,0.0,False,0.0,0,0,0,True
443,100,0.0,102.86926664851505,107.48293067224502,107.58162183769545,113.18415246595872,10.31490392123116,0.0,1.3864602842895701,0.03236765460652793,10.613277047908582,464.1648051516772,204.85674380784224,1.0918702107665752,0.10167674962499576,0.10873093469996285,0.033167679746919726,0.00037658783432199697,0.4192795428093203,99.0,60.0,0.6060606060606061,0.0,0.0,1.1549835578124665,10.64564470251511,465.55126543596674,False,False,0.0,0.0,False,0.0,0,0,0,True
444,100,0.0,102.86900461971798,107.50409679421011,107.58162183769545,113.18388500085113,10.31490392123116,0.0,1.3864379359042744,0.03234723251370506,10.613595506485169,465.79858253722875,204.9342688513276,1.091658623861625,0.10146235229905372,0.10871392935462779,0.03342330591640891,0.0003798389421442735,0.419196044003529,99.0,60.0,0.6060606060606061,0.0,0.0,1.1549835578124665,10.645942738998874,467.185020473133,False,False,0.0,0.0,False,0.0,0,0,0,True
445,100,0.0,102.8687361559839,107.52501412884507,107.58162183769545,113.18361128650848,10.31490392123116,0.0,1.3864171207419793,0.0323262050544584,10.613921687863622,467.4331172906834,204.99087656017795,1.091448055780695,0.10124915484695188,0.10869581410148847,0.03357510438581628,0.00038092919288966074,0.4191466271982656,99.0,60.0,0.6060606060606061,0.0,0.0,1.1549835578124665,10.64624789291808,468.81953441142537,False,False,0.0,0.0,False,0.0,0,0,0,True
446,100,0.0,102.86846594268013,107.54557182675501,107.58162183769545,113.18333602791874,10.31490392123116,0.0,1.3863980517188097,0.032304942626820536,10.614249865553996,469.0684225931858,205.02692657111842,1.0912396731926628,0.10103833777953933,0.10867671642619997,0.03362499924913124,0.00037990046264678337,0.4191306221881358,99.0,60.0,0.6060606060606061,0.0,0.0,1.1549835578124665,10.646554808180817,470.4548206449046,False,False,0.0,0.0,False,0.0,0,0,0,True
447,100,0.0,102.86819848985465,107.56566516853684,107.58162183769545,113.18306375059102,10.31490392123116,0.0,1.3863809014021193,0.03228380428246967,10.614574524788484,470.70450193704994,205.042883240277,1.0910346004672622,0.10083103613164543,0.10865677663530664,0.03357543381492732,0.000376804341627019,0.419147196419752,99.0,60.0,0.6060606060606061,0.0,0.0,1.1549835578124665,10.646858329070954,472.09088283845205,False,False,0.0,0.0,False,0.0,0,0,0,True
448,100,0.0,102.86793805953222,107.58519588543265,107.58162183769545,113.18279872771355,10.31490392123116,0.0,1.3863658008154147,0.03226313181844734,10.614890451402074,472.34134974157985,205.03930919253975,1.0908339144739023,0.10062833433897107,0.1086361460779159,0.03342934686467151,0.00037170188991466496,0.41919536276914526,99.0,60.0,0.6060606060606061,0.0,0.0,1.1549835578124665,10.647153583220522,473.7277155423953,False,False,0.0,0.0,False,0.0,0,0,0,True
449,100,0.0,102.86768860087933,107.60407242888763,107.58162183769545,113.18254491526739,10.31490392123116,0.0,1.3863528390389892,0.03224324440296638,10.615192811516156,473.97895207731653,205.01685860134756,1.0906386397237016,0.10043126149479246,0.10861498523779857,0.03319014664344912,0.0003646633484621253,0.4192739879474347,99.0,60.0,0.6060606060606061,0.0,0.0,1.1549835578124665,10.647436055919123,475.3653049163555,False,False,0.0,0.0,False,0.0,0,0,0,True
450,100,0.0,102.86745369405638,107.62221019110756,107.58162183769545,113.1823058959148,10.31490392123116,0.0,1.3863420635814763,0.03222443381654293,10.6154772209455,475.6172874763797,204.97627024793547,1.0904497438768836,0.10024078700476916,0.10859346172802799,0.03286168269053434,0.0003557678020982671,0.4193818014956108,99.0,60.0,0.6060606060606061,0.0,0.0,1.1549835578124665,10.647701654762043,477.0036295399612,False,False,0.0,0.0,False,0.0,0,0,0,True
451,100,0.0,102.86723650339007,107.63953167888282,107.58162183769545,113.18208483229192,10.31490392123116,0.0,1.3863334814850667,0.032206960378004294,10.615739803456638,477.25632780663057,204.9183604067481,1.0902681336361815,0.10005781665648472,0.10857174822041077,0.03244821563756411,0.00034510279199019827,0.4195174053220347,99.0,60.0,0.6060606060606061,0.0,0.0,1.1549835578124665,10.647946763834643,478.6426612881156,False,False,0.0,0.0,False,0.0,0,0,0,True
452,100,0.0,102.8670397403057,107.65596664304786,107.58162183769545,113.18188443014208,10.31490392123116,0.0,1.3863270611153145,0.03219104961110211,10.61597723723079,478.89603918791784,204.8440156013957,1.0900946510451996,0.09988318911849858,0.10855002034158129,0.03195438512317413,0.00033276387581494615,0.4196792837304438,99.0,60.0,0.6060606060606061,0.0,0.0,1.1549835578124665,10.648168286841893,480.28236624903315,False,False,0.0,0.0,False,0.0,0,0,0,True
453,100,0.0,102.86686563626269,107.6714521659816,107.58162183769545,113.18170691152628,10.31490392123116,0.0,1.386322734575463,0.0321768896920913,10.616186789122745,480.5363829296271,204.7541852731095,1.089930070208699,0.09971767288164679,0.10852845456677289,0.03138517599409525,0.0003188541347414845,0.4198658138819633,99.0,60.0,0.6060606060606061,0.0,0.0,1.1549835578124665,10.648363678814835,481.92270566420257,False,False,0.0,0.0,False,0.0,0,0,0,True
454,100,0.0,102.86671592574083,107.68593270953787,107.58162183769545,113.18155399815022,10.31490392123116,0.0,1.3863204006754082,0.03216462970199778,10.616366336552963,482.1773164700898,204.64987440126708,1.089775094449563,0.09956196365309666,0.10850722614097424,0.03074588298308082,0.00030348362726865266,0.4200752766318711,99.0,60.0,0.6060606060606061,0.0,0.0,1.1549835578124665,10.64853096625496,483.5636368707652,False,False,0.0,0.0,False,0.0,0,0,0,True
455,100,0.0,102.86659183913356,107.69936012572846,107.58162183769545,113.18142690465396,10.31490392123116,0.0,1.386319928376978,0.03215437868981838,10.616514377118142,483.8187943000436,204.53213611323406,1.0896303539147698,0.09941668221125097,0.10848650705548264,0.03004207407294441,0.00028676879091309334,0.42030586768050515,99.0,60.0,0.6060606060606061,0.0,0.0,1.1549835578124665,10.64866875580796,485.20511422842054,False,False,0.0,0.0,False,0.0,0,0,0,True
456,100,0.0,102.86649410522062,107.71169363238386,107.58162183769545,113.18132634152606,10.31490392123116,0.0,1.3863211606304715,0.03214620553531417,10.616630026248172,485.4607688542228,204.40206431854563,1.089496403640054,0.09928237272703214,0.10846646410582879,0.029279552772776996,0.0002688317937246723,0.4205557089775935,99.0,60.0,0.6060606060606061,0.0,0.0,1.1549835578124665,10.648776231783486,486.8470900148533,False,False,0.0,0.0,False,0.0,0,0,0,True
457,100,0.0,102.86642296272304,107.72289975589138,107.58162183769545,113.18125252713294,10.31490392123116,0.0,1.3863239185125027,0.03214013958285329,10.616713003469044,487.1031913572236,204.26078640034964,1.0893737220801267,0.09915950155437966,0.10844725705472469,0.02846431954656343,0.0002499503685263174,0.4208228603201497,99.0,60.0,0.6060606060606061,0.0,0.0,1.1549835578124665,10.648853143051898,488.4895152757361,False,False,0.0,0.0,False,0.0,0,0,0,True
458,100,0.0,102.86637818028714,107.73295224297294,107.58162183769545,113.18120520819748,10.31490392123116,0.0,1.3863280055723541,0.03213617200142804,10.616763608044936,488.74601261196165,204.1094559950722,1.0892627101083687,0.09904845648999998,0.10842903692113563,0.02760253264552977,0.0002367415775088062,0.4211053310856439,99.0,60.0,0.6060606060606061,0.0,0.0,1.1549835578124665,10.648899780046364,490.132340617534,False,False,0.0,0.0,False,0.0,0,0,0,True
459,100,0.0,102.86635908410985,107.7418319433259,107.58162183769545,113.18118368792753,10.31490392123116,0.0,1.3863332122933003,0.032134257811385125,10.616782684962716,490.3891837212818,203.94924588944173,1.0891636904868587,0.09894954649954986,0.10841194441385806,0.02670046860331753,0.00022193880042232751,0.42140109204414156,99.0,60.0,0.6060606060606061,0.0,0.0,1.1549835578124665,10.648916942774102,491.77551693357515,False,False,0.0,0.0,False,0.0,0,0,0,True
460,100,0.0,102.86636459230297,107.74952666481431,107.58162183769545,113.18118686087914,10.31490392123116,0.0,1.3863393205767396,0.03213431850554847,10.616771582383574,492.0326567355041,203.78134106232284,1.0890769078044762,0.09886300190455344,0.10839610852515168,0.025764482657403887,0.00020566677772692552,0.4217080871951862,99.0,60.0,0.6060606060606061,0.0,0.0,1.1549835578124665,10.648905900889122,493.4189960560808,False,False,0.0,0.0,False,0.0,0,0,0,True
461,100,0.0,102.86639325500484,107.7560310027801,107.58162183769545,113.18121325355237,10.31490392123116,0.0,1.386346108160445,0.03213624518216643,10.616732101815492,493.6763852208767,203.60693189723818,1.08900252887768,0.09878897502148479,0.10838164529708397,0.024800969361000024,0.00018806503339300856,0.42202424557714335,99.0,60.0,0.6060606060606061,0.0,0.0,1.1549835578124665,10.648868346997657,495.06273132903715,False,False,0.0,0.0,False,0.0,0,0,0,True
462,100,0.0,102.86644329918252,107.7613461449412,107.58162183769545,113.18126106965224,10.31490392123116,0.0,1.3863533528876053,0.0321399020993708,10.616666442354118,495.3203247459868,203.4272075899924,1.0889406436054474,0.09872754124163412,0.10836865677034553,0.023816323647111684,0.00016928613423953075,0.4223474929982669,99.0,60.0,0.6060606060606061,0.0,0.0,1.1549835578124665,10.648806344453488,496.7066780988744,False,False,0.0,0.0,False,0.0,0,0,0,True
463,100,0.0,102.86651267702923,107.76547965326937,107.58162183769545,113.18132823891087,10.31490392123116,0.0,1.386360836750455,0.03214513055589371,10.616577140397194,496.9644332851316,203.24334977441853,1.088891266266801,0.09867870053764838,0.1083572301224349,0.02281690260069476,0.00014949380353919785,0.42267576363975856,99.0,60.0,0.6060606060606061,0.0,0.0,1.1549835578124665,10.648722270953087,498.350794121882,False,False,0.0,0.0,False,0.0,0,0,0,True
464,100,0.0,102.86659911684758,107.76844522418918,107.58162183769545,113.18141246835417,10.31490392123116,0.0,1.3863683496408556,0.032151753000669095,10.616467006258757,498.6086715394411,203.0565263879248,1.088854337246382,0.09864237938003353,0.1083474369993311,0.021808988186197503,0.00012886091913300656,0.4230070114814242,99.0,60.0,0.6060606060606061,0.0,0.0,1.1549835578124665,10.648618759259426,499.99503988908197,False,False,0.0,0.0,False,0.0,0,0,0,True
465,100,0.0,102.86670017532032,107.77026242841568,107.58162183769545,113.18151129490887,10.31490392123116,0.0,1.3863756927499256,0.032159577274522844,10.616339059095784,500.2530031781422,202.86788579720456,1.088829725170715,0.0986184330444512,0.10833933304210555,0.020798751166566792,0.00010756742703789202,0.423339221500186,99.0,60.0,0.6060606060606061,0.0,0.0,1.1549835578124665,10.648498636370308,501.63937887089213,False,False,0.0,0.0,False,0.0,0,0,0,True
466,100,0.0,102.86681329010428,107.77095643175045,107.58162183769545,113.18162213828155,10.31490392123116,0.0,1.3863826815694205,0.032168400890169355,10.61619646151339,501.8973950037543,202.6785512031495,1.0888172294351275,0.09860664828836596,0.10833295760740506,0.01979221643638965,8.991139298155049e-05,0.4236704205907101,99.0,60.0,0.6060606060606061,0.0,0.0,1.1549835578124665,10.64836486240356,503.28377768532374,False,False,0.0,0.0,False,0.0,0,0,0,True
467,100,0.0,102.86693583173694,107.77055769817781,107.58162183769545,113.18174235309672,10.31490392123116,0.0,1.3863891484585886,0.032178015262054334,10.616042455139521,503.5418170461935,202.48961534266715,1.0888165830988212,0.09860674637351659,0.10832833367838426,0.018795229976636404,7.267261250674937e-05,0.42399868815587916,99.0,60.0,0.6060606060606061,0.0,0.0,1.1549835578124665,10.648220470401576,504.9282061946521,False,False,0.0,0.0,False,0.0,0,0,0,True
468,100,0.0,102.86706515391809,107.76910167664751,107.58162183769545,113.18186927935527,10.31490392123116,0.0,1.3863949447515027,0.03218820980465316,10.615880298359752,505.1862425917277,202.30213550371508,1.0888274561233255,0.09861838640881601,0.10832546796049852,0.01781342762184441,6.266776600118958e-05,0.4243221663129475,99.0,60.0,0.6060606060606061,0.0,0.0,1.1549835578124665,10.648068508164405,506.5726375364792,False,False,0.0,0.0,False,0.0,0,0,0,True
469,100,0.0,102.86719864131614,107.76662847298437,107.58162183769545,113.18200029036346,10.31490392123116,0.0,1.3863999423909026,0.03219877582644354,10.615713207282163,506.8306481534869,202.11712886842622,1.0888494589275144,0.09864116898663611,0.10832435115460155,0.016852205812900953,6.058152380172899e-05,0.4246390696591938,99.0,60.0,0.6060606060606061,0.0,0.0,1.1549835578124665,10.647911983108607,508.2170480958778,False,False,0.0,0.0,False,0.0,0,0,0,True
470,100,0.0,102.86733375414819,107.76318250843366,107.58162183769545,113.18213283738349,10.31490392123116,0.0,1.386404035085216,0.032209510156486085,10.615544300866489,508.4750133907703,201.93556819768799,1.0888821462305862,0.09867464008401547,0.1083249583980283,0.015916694490174615,6.365407384984869e-05,0.42494769453900716,99.0,60.0,0.6060606060606061,0.0,0.0,1.1549835578124665,10.647753811022975,509.8614174258555,False,False,0.0,0.0,False,0.0,0,0,0,True
471,100,0.0,102.86746806889131,107.75881216641879,107.58162183769545,113.18226449036447,10.31490392123116,0.0,1.3864071389953603,0.032220218450740384,10.615376551005294,510.119320984739,201.7583778689646,1.0889250211528463,0.09871829519914385,0.10832724986279371,0.015011732262898297,7.091199374228444e-05,0.42524642775286636,99.0,60.0,0.6060606060606061,0.0,0.0,1.1549835578124665,10.647596769456035,511.50572812373434,False,False,0.0,0.0,False,0.0,0,0,0,True
472,100,0.0,102.86759931459623,107.75356942916089,107.58162183769545,113.18239297423048,10.31490392123116,0.0,1.386409192966951,0.03223071813604667,10.615212738192845,511.7635564782363,201.58643027749918,1.0889775395428518,0.09877158369252217,0.10833117149869557,0.014141843971636958,8.153906313604917e-05,0.42553375464792,99.0,60.0,0.6060606060606061,0.0,0.0,1.1549835578124665,10.647443456328892,513.1499656712033,False,False,0.0,0.0,False,0.0,0,0,0,True
473,100,0.0,102.86772540439108,107.74750950587217,107.58162183769545,113.1825162003156,10.31490392123116,0.0,1.3864101583315396,0.03224084096011515,10.615055413264002,513.4077080874584,201.42054260932244,1.0890391144984426,0.09883391330147517,0.10833665590797631,0.013311220741595412,9.542846288406942e-05,0.42580826653007425,99.0,60.0,0.6060606060606061,0.0,0.0,1.1549835578124665,10.647296254224118,514.79411824579,False,False,0.0,0.0,False,0.0,0,0,0,True
474,100,0.0,102.86784446187951,107.74069045429425,107.58162183769545,113.18263229265588,10.31490392123116,0.0,1.386410018307362,0.03225043512623815,10.614906865534499,515.0517664930151,201.26147399272367,1.0891091210484094,0.09890465479619581,0.1083436233372674,0.012523702605536846,0.00011001329484615543,0.4260686673389065,99.0,60.0,0.6060606060606061,0.0,0.0,1.1549835578124665,10.647157300660737,516.4381765113225,False,False,0.0,0.0,False,0.0,0,0,0,True
475,100,0.0,102.86795484225142,107.73317279739754,107.58162183769545,113.1827396089607,10.31490392123116,0.0,1.38640877703572,0.032259367001098084,10.614769097528955,516.6957246176039,201.10992303302163,1.0891869009610478,0.0989831467452236,0.10835198277180819,0.011782763756297186,0.00012611941111395996,0.42631377952950167,99.0,60.0,0.6060606060606061,0.0,0.0,1.1549835578124668,10.647028464530052,518.0821333946396,False,False,0.0,0.0,False,0.0,0,0,0,True
476,100,0.0,102.86805514803338,107.7250191370901,107.58162183769545,113.18283675619622,10.31490392123116,0.0,1.38640645829355,0.03226752239302674,10.61464380634644,518.3395773970769,200.9665257336269,1.0892717676455679,0.09906870035819637,0.10836163311638701,0.011091500470345407,0.00014102600275384686,0.4265425491095877,99.0,60.0,0.6060606060606061,0.0,0.0,1.1549835578124668,10.646911328739467,519.7259838553705,False,False,0.0,0.0,False,0.0,0,0,0,True
477,100,0.0,102.86814423950939,107.71629376680254,107.58162183769545,113.1829226008158,10.31490392123116,0.0,1.3864031039260418,0.03227480740618259,10.61453237158747,519.983321551126,200.83185380451988,1.089363011112343,0.09916060437385861,0.10837246444709477,0.010452621725576029,0.0001546713007076891,0.426754049786142,99.0,60.0,0.6060606060606061,0.0,0.0,1.1549835578124668,10.646807178993653,521.369724655052,False,False,0.0,0.0,False,0.0,0,0,0,True
478,100,0.0,102.86822123993684,107.70706228481703,107.58162183769545,113.18299627376734,10.31490392123116,0.0,1.3863987720452382,0.03228114888334666,10.614435849652446,521.6269553591861,200.70641335739822,1.089459902958195,0.0992581299616562,0.10838435931779875,0.009868442518541362,0.0001670030923670751,0.4269474861829431,99.0,60.0,0.6060606060606061,0.0,0.0,1.1549835578124668,10.646716998535792,523.0133541312314,False,False,0.0,0.0,False,0.0,0,0,0,True
479,100,0.0,102.86828553576899,107.69739121019713,107.58162183769545,113.18305717049432,10.31490392123116,0.0,1.3863935350416994,0.03228649445629236,10.614354974120612,523.2704784464493,200.59064398489662,1.0895617013433934,0.09936053560578391,0.10839719410523216,0.009340879868625352,0.00017797888941509758,0.4271221960992181,99.0,60.0,0.6060606060606061,0.0,0.0,1.1549835578124668,10.646641468576904,524.656871981491,False,False,0.0,0.0,False,0.0,0,0,0,True
480,100,0.0,102.86833677217098,107.68734760314575,107.58162183769545,113.18310494622091,10.31490392123116,0.0,1.3863874774564016,0.0322908122279815,10.614290161831267,524.9138915841366,200.48491821944629,1.0896676559277396,0.09946707194128324,0.10841084037674595,0.008871451479261893,0.00018756601972126007,0.42727765178941324,99.0,60.0,0.6060606060606061,0.0,0.0,1.1549835578124668,10.64658097405925,526.3002790615931,False,False,0.0,0.0,False,0.0,0,0,0,True
481,100,0.0,102.86837484418291,107.67699869157948,107.58162183769545,113.18313950687956,10.31490392123116,0.0,1.386380693759339,0.032294090115327655,10.614241524215025,526.557196507393,200.3895413655622,1.0897770127340372,0.0995769865126946,0.10842516626507687,0.008461277009187853,0.00019574164364248676,0.4274134602549437,99.0,60.0,0.6060606060606061,0.0,0.0,1.1549835578124668,10.646535614330352,527.9435772011523,False,False,0.0,0.0,False,0.0,0,0,0,True
482,100,0.0,102.86839988393805,107.66641150565329,107.58162183769545,113.1831609960935,10.31490392123116,0.0,1.3863732860798246,0.03229633488475219,10.614208883362345,528.2003957533785,200.30475169760442,1.0898890189083694,0.09968952842685361,0.10844003783494328,0.00811108188995857,0.0002024926957949397,0.4275293625502764,99.0,60.0,0.6060606060606061,0.0,0.0,1.1549835578124665,10.646505218247096,529.5867690394583,False,False,0.0,0.0,False,0.0,0,0,0,True
483,100,0.0,102.8684122443894,107.65565252190711,107.58162183769545,113.18316977867039,10.31490392123116,0.0,1.3863653619313772,0.03229757091567649,10.61419179226895,529.8434925213428,200.23072101339272,1.0900029273479503,0.09980395287267593,0.10845532042688041,0.007821203609590027,0.00020781575403160408,0.4276252321175244,99.0,60.0,0.6060606060606061,0.0,0.0,1.1549835578124665,10.646489363184628,531.2298578832741,False,False,0.0,0.0,False,0.0,0,0,0,True
484,100,0.0,102.86841248003171,107.64478731863308,107.58162183769545,113.18316642109855,10.31490392123116,0.0,1.3863570319714107,0.03229783872895849,10.614189558662362,531.486490555692,200.16755553245508,1.09011800116884,0.0999195254821909,0.10847087996446321,0.007591600366306871,0.00021171683800228102,0.4277010721755615,99.0,60.0,0.6060606060606061,0.0,0.0,1.1549835578124665,10.64648739739132,532.8728475876634,False,False,0.0,0.0,False,0.0,0,0,0,True
485,100,0.0,102.86840132513,107.63388024398083,107.58162183769545,113.18315166955873,10.31490392123116,0.0,1.386348407832855,0.032297193318886704,10.614201271790144,533.1293940523292,200.11529712616968,1.0902335179875258,0.10003552650865288,0.10848658421192683,0.007421861981096493,0.00021421114028970546,0.4277570122011385,99.0,60.0,0.6060606060606061,0.0,0.0,1.1549835578124665,10.64649846510903,534.5157424601621,False,False,0.0,0.0,False,0.0,0,0,0,True
486,100,0.0,102.86837966997926,107.62299409823542,107.58162183769545,113.18312642598043,10.31490392123116,0.0,1.3863396000613655,0.03229570232795733,10.614225831537755,534.7722075878559,200.0739248656297,1.0903487739922357,0.10015125479927796,0.1085023039701765,0.007311222943200342,0.00021532269366817967,0.4277933035503077,99.0,60.0,0.6060606060606061,0.0,0.0,1.1549835578124665,10.646521533865712,536.1585471879172,False,False,0.0,0.0,False,0.0,0,0,0,True
487,100,0.0,102.86834853572486,107.61218983160872,107.58162183769545,113.1830917226741,10.31490392123116,0.0,1.386330716187995,0.03229344410398088,10.614261979241478,536.4149360705842,200.04335687171647,1.0904630877819015,0.10026603154200027,0.10851791420026491,0.007258577448995789,0.0002150839785712754,0.42781031427831434,99.0,60.0,0.6060606060606061,0.0,0.0,1.1549835578124665,10.64655542334546,537.8012667867722,False,False,0.0,0.0,False,0.0,0,0,0,True
488,100,0.0,102.86830904826805,107.60152625879036,107.58162183769545,113.18304869606564,10.31490392123116,0.0,1.3863218589632713,0.03229050567867535,10.614308329569084,538.0575847117593,200.0234524506215,1.090575803952819,0.10037920376761718,0.10853329506459651,0.007262496282103602,0.00021353547534216992,0.42780852322476226,99.0,60.0,0.6060606060606061,0.0,0.0,1.1549835578124665,10.64659883524776,539.4439065707226,False,False,0.0,0.0,False,0.0,0,0,0,True
489,100,0.0,102.8682624117688,107.59105979140759,107.58162183769545,113.1829985600479,10.31490392123116,0.0,1.3863131247744613,0.032286980706215905,10.614363402857093,539.7001590148919,200.0140144969094,1.0906862964153716,0.10049014759077295,0.10854833287738033,0.007321245371124471,0.00021072516623904143,0.42778851343813973,99.0,60.0,0.6060606060606061,0.0,0.0,1.1549835578124665,10.646650383563308,541.0864721396664,False,False,0.0,0.0,False,0.0,0,0,0,True
490,100,0.0,102.868209882237,107.58084418943925,107.58162183769545,113.18294257944174,10.31490392123116,0.0,1.3863046022635954,0.032282967398821895,10.614425657317788,541.3426647807079,200.0147921451656,1.0907939714255346,0.10059827117540572,0.10856292095717976,0.007432805851403941,0.00020670799257506675,0.42775096501950693,99.0,60.0,0.6060606060606061,0.0,0.0,1.1549835578124665,10.646708624716611,542.7289693829715,False,False,0.0,0.0,False,0.0,0,0,0,True
491,100,0.0,102.86815274167604,107.57093033252674,107.58162183769545,113.18288204403152,10.31490392123116,0.0,1.3862963711595797,0.032278566494840344,10.614493520561346,542.9851081249053,200.02548365033428,1.090898270318357,0.10070301741253254,0.10857696037578089,0.007594895448743422,0.00020154527265857318,0.42769664746930103,99.0,60.0,0.6060606060606061,0.0,0.0,1.1549835578124665,10.646772087056187,544.3714044960649,False,False,0.0,0.0,False,0.0,0,0,0,True
492,100,0.0,102.86809227320855,107.56136601201483,107.58162183769545,113.18281824360578,10.31490392123116,0.0,1.3862885013334394,0.03227387929258977,10.614565419917394,544.6274955056836,200.0457394760149,1.0909986719331222,0.10080386630055657,0.10859036059900888,0.0078049909962102735,0.00019530408647284108,0.42762641162372483,99.0,60.0,0.6060606060606061,0.0,0.0,1.1549835578124665,10.646839299209983,546.013784007017,False,False,0.0,0.0,False,0.0,0,0,0,True
493,100,0.0,102.868029737575,107.55219574444764,107.58162183769545,113.18275244439485,10.31490392123116,0.0,1.3862810520815878,0.03226900578074817,10.614639811085727,546.2698337578867,200.0751655692627,1.0910946947224447,0.10090033702062193,0.1086030400165365,0.008060351890229068,0.00018805663319784808,0.427541181268158,99.0,60.0,0.6060606060606061,0.0,0.0,1.1549835578124665,10.646908816866475,547.6561148099682,False,False,0.0,0.0,False,0.0,0,0,0,True
494,100,0.0,102.86796635135208,107.54346060712894,107.58162183769545,113.18268586725138,10.31490392123116,0.0,1.3862740716379176,0.032264042893081664,10.614715204696713,547.9121301305586,200.1133267998292,1.0911858985401042,0.10099198970190508,0.10861492635913904,0.008358044289083363,0.00017987956781380642,0.4274419445145051,99.0,60.0,0.6060606060606061,0.0,0.0,1.1549835578124665,10.646979247589796,549.2984042021965,False,False,0.0,0.0,False,0.0,0,0,0,True
495,100,0.0,102.86790326718983,107.53519809624034,107.58162183769545,113.18261966787308,10.31490392123116,0.0,1.3862675969115876,0.03225908291209357,10.61479019041758,549.554392324756,200.15975054128432,1.0912718861049786,0.10107842687408193,0.10862595700323466,0.00869496585585279,0.00017085332306423994,0.4273297450275403,99.0,60.0,0.6060606060606061,0.0,0.0,1.1549835578124665,10.647049273329673,550.9406599216676,False,False,0.0,0.0,False,0.0,0,0,0,True
496,100,0.0,102.86784155631584,107.52744200789058,107.58162183769545,113.1825549193152,10.31490392123116,0.0,1.3862616534436942,0.03225421204260841,10.614863458300123,551.1966285286039,200.2139303710892,1.0913523041409179,0.10115929460653657,0.10863607916388486,0.009067870848676591,0.00016106142304150997,0.42720567318226044,99.0,60.0,0.6060606060606061,0.0,0.0,1.1549835578124665,10.647117670342732,552.5828901820477,False,False,0.0,0.0,False,0.0,0,0,0,True
497,100,0.0,102.86778219350268,107.52022234234697,107.58162183769545,113.18249259698763,10.31490392123116,0.0,1.386256255572533,0.032249509172503965,10.61493381712772,552.8388474467793,200.27532986643772,1.091426844194854,0.10123428333614999,0.10864524997870903,0.009473395364044478,0.00015058979455824653,0.4270708572302275,99.0,60.0,0.6060606060606061,0.0,0.0,1.1549835578124665,10.647183326300224,554.2251037023518,False,False,0.0,0.0,False,0.0,0,0,0,True
498,100,0.0,102.86772604464072,107.5135652315721,107.58162183769545,113.18243356627751,10.31490392123116,0.0,1.3862514067940184,0.0322450448337375,10.615000209583584,554.4810583218882,200.34338647256106,1.0914952431377785,0.10130312838770943,0.10865343648636303,0.00990808254351987,0.0001395260823296715,0.4269264545480154,99.0,60.0,0.6060606060606061,0.0,0.0,1.1549835578124665,10.647245254417323,555.8673097286822,False,False,0.0,0.0,False,0.0,0,0,0,True
499,100,0.0,102.86767385700482,107.50749289006288,107.58162183769545,113.18237857288368,10.31490392123116,0.0,1.386247100301018,0.03224088037281669,10.615061724127083,556.1232709455398,200.4175154201936,1.0915572833554754,0.10136561019308687,0.10866061550433645,0.010368407560780325,0.00012795897375447016,0.42677364303541276,99.0,60.0,0.6060606060606061,0.0,0.0,1.1549835578124665,10.647302604499899,557.5095180458409,False,False,0.0,0.0,False,0.0,0,0,0,True
