alpha_mean,alpha_std,wage,productivity,loan_rate,deposit_rate,bank_credit_multiplier,hh_debt_cap_multiplier,firm_debt_cap_multiplier,adaptation_rate,price_elasticity,skill_wage_weight,demand_smoothing,price_adjust_speed,price_stickiness,max_price_step,inventory_target_days,demand_expectation_memory,max_hire_per_step,max_fire_per_step,hh_max_dsr,firm_max_dsr,firm_reentry_lag,firm_reentry_cash_fraction,consumption_memory,precautionary_saving,consumption_floor_prop,consumption_ceiling_prop,unemployed_consumption_penalty,unemployment_transfer,Output_mean_pred,Output_mean_sigma_emul,Output_mean_var_obs,Output_mean_var_ev,Output_mean_var_md,Output_mean_var_cu,Output_mean_var_total,Output_mean_I,Consumption_mean_pred,Consumption_mean_sigma_emul,Consumption_mean_var_obs,Consumption_mean_var_ev,Consumption_mean_var_md,Consumption_mean_var_cu,Consumption_mean_var_total,Consumption_mean_I,AvgPrice_mean_pred,AvgPrice_mean_sigma_emul,AvgPrice_mean_var_obs,AvgPrice_mean_var_ev,AvgPrice_mean_var_md,AvgPrice_mean_var_cu,AvgPrice_mean_var_total,AvgPrice_mean_I,DefaultsHH_rate_pred,DefaultsHH_rate_sigma_emul,DefaultsHH_rate_var_obs,DefaultsHH_rate_var_ev,DefaultsHH_rate_var_md,DefaultsHH_rate_var_cu,DefaultsHH_rate_var_total,DefaultsHH_rate_I,BankResolved_share_pred,BankResolved_share_sigma_emul,BankResolved_share_var_obs,BankResolved_share_var_ev,BankResolved_share_var_md,BankResolved_share_var_cu,BankResolved_share_var_total,BankResolved_share_I,BankResolutionHaircut_mean_pred,BankResolutionHaircut_mean_sigma_emul,BankResolutionHaircut_mean_var_obs,BankResolutionHaircut_mean_var_ev,BankResolutionHaircut_mean_var_md,BankResolutionHaircut_mean_var_cu,BankResolutionHaircut_mean_var_total,BankResolutionHaircut_mean_I,BankBailedOut_share_pred,BankBailedOut_share_sigma_emul,BankBailedOut_share_var_obs,BankBailedOut_share_var_ev,BankBailedOut_share_var_md,BankBailedOut_share_var_cu,BankBailedOut_share_var_total,BankBailedOut_share_I,BankBailoutAmount_mean_pred,BankBailoutAmount_mean_sigma_emul,BankBailoutAmount_mean_var_obs,BankBailoutAmount_mean_var_ev,BankBailoutAmount_mean_var_md,BankBailoutAmount_mean_var_cu,BankBailoutAmount_mean_var_total,BankBailoutAmount_mean_I,Transfers_mean_pred,Transfers_mean_sigma_emul,Transfers_mean_var_obs,Transfers_mean_var_ev,Transfers_mean_var_md,Transfers_mean_var_cu,Transfers_mean_var_total,Transfers_mean_I,HH_Deposit_mean_pred,HH_Deposit_mean_sigma_emul,HH_Deposit_mean_var_obs,HH_Deposit_mean_var_ev,HH_Deposit_mean_var_md,HH_Deposit_mean_var_cu,HH_Deposit_mean_var_total,HH_Deposit_mean_I,PriceDispersion_mean_pred,PriceDispersion_mean_sigma_emul,PriceDispersion_mean_var_obs,PriceDispersion_mean_var_ev,PriceDispersion_mean_var_md,PriceDispersion_mean_var_cu,PriceDispersion_mean_var_total,PriceDispersion_mean_I,metrics_used,I_max,nroy
0.810544268900942,0.0948337217916917,1.2209311562221572,1.2021839424798757,0.0498493748459488,0.0105227450374633,6.131828046565282,3.1355745553104963,4.332209005540792,0.3943624755724542,2.216070966635628,0.2973153517772025,0.1580463204547319,0.1079167174207747,0.7620062640229717,0.1779104076198949,1.7546691881919454,0.4631971455510474,6.857763378048622,9.03719182328216,0.2572741710693166,1.921287176300735,1.780748656288901,0.5774345197172743,0.4098948056771275,0.2907285808772802,0.1968545409044896,2.35532692706314,0.3544241713272255,0.1510948108537939,126.0071644768153,4.693655470822783,100.0,51.85604862569084,174.23999999999998,22.030401678784642,348.1264503044755,2.465794937831346,132.5069866826459,4.686613824813124,100.0,45.52048835321769,174.23999999999998,21.9643491429295,341.72483749614713,2.8403955429544125,1.0801409636611543,0.016349330676252556,0.0025000000000000005,0.0005210107069002201,0.005929,0.0002673006135614529,0.009217311320461673,0.3139460369858274,0.013082191006320451,0.001270523118809181,4e-06,2.5009259259259e-06,9e-06,1.6142289954286082e-06,1.711515492135451e-05,2.1953320306444253,0.1123964085917558,0.02704527914505973,0.0009,0.0014675925925925928,0.0025000000000000005,0.0007314471240342028,0.005599039716626796,0.833878582025827,0.056304431664292665,0.008822387311677988,0.0001,0.000203482905557985,0.0004,7.783451787725676e-05,0.0007813174234352417,1.298810789600309,0.026453666927771756,0.006411552138747043,0.0004,9.259259259259198e-05,0.0009,4.110800082787179e-05,0.0014337005934204638,0.1704422722304647,0.6454070417199954,0.1645771486412526,0.04000000000000001,0.039188102912426026,0.053824000000000004,0.027085637854884957,0.160097740767311,1.113177647343381,12.112321143465877,0.41850909144562776,4.0,0.4105021473767655,5.3824,0.17514985962264482,9.96805200699941,1.7776136083087217,0.005137261380593661,0.1148152641186451,1.0,0.1174532852706986,1.3456,0.013182544874634232,2.476235830145333,0.9499599916184333,0.0967035470840417,0.012625427362298726,0.0036,0.0002834663007478492,0.0144,0.00015940141608068134,0.01844286771682853,0.02427351394639209,11,2.8403955429544125,False
0.810544268900942,0.0948337217916917,1.2209311562221572,1.2021839424798757,0.0498493748459488,0.0105227450374633,6.131828046565282,3.1355745553104963,4.332209005540792,0.3943624755724542,2.216070966635628,0.2973153517772025,0.1580463204547319,0.1079167174207747,0.7620062640229717,0.1779104076198949,1.7546691881919454,0.4631971455510474,6.857763378048622,9.03719182328216,0.2572741710693166,1.921287176300735,1.780748656288901,0.5774345197172743,0.4098948056771275,0.2907285808772802,0.1968545409044896,2.35532692706314,0.3544241713272255,0.1510948108537939,126.0071644768153,4.693655470822783,100.0,51.85604862569084,174.23999999999998,22.030401678784642,348.1264503044755,2.465794937831346,132.5069866826459,4.686613824813124,100.0,45.52048835321769,174.23999999999998,21.9643491429295,341.72483749614713,2.8403955429544125,1.0801409636611543,0.016349330676252556,0.0025000000000000005,0.0005210107069002201,0.005929,0.0002673006135614529,0.009217311320461673,0.3139460369858274,0.013082191006320451,0.001270523118809181,4e-06,2.5009259259259e-06,9e-06,1.6142289954286082e-06,1.711515492135451e-05,2.1953320306444253,0.1123964085917558,0.02704527914505973,0.0009,0.0014675925925925928,0.0025000000000000005,0.0007314471240342028,0.005599039716626796,0.833878582025827,0.056304431664292665,0.008822387311677988,0.0001,0.000203482905557985,0.0004,7.783451787725676e-05,0.0007813174234352417,1.298810789600309,0.026453666927771756,0.006411552138747043,0.0004,9.259259259259198e-05,0.0009,4.110800082787179e-05,0.0014337005934204638,0.1704422722304647,0.6454070417199954,0.1645771486412526,0.04000000000000001,0.039188102912426026,0.053824000000000004,0.027085637854884957,0.160097740767311,1.113177647343381,12.112321143465877,0.41850909144562776,4.0,0.4105021473767655,5.3824,0.17514985962264482,9.96805200699941,1.7776136083087217,0.005137261380593661,0.1148152641186451,1.0,0.1174532852706986,1.3456,0.013182544874634232,2.476235830145333,0.9499599916184333,0.0967035470840417,0.012625427362298726,0.0036,0.0002834663007478492,0.0144,0.00015940141608068134,0.01844286771682853,0.02427351394639209,11,2.8403955429544125,False
0.810544268900942,0.0948337217916917,1.2209311562221572,1.2021839424798757,0.0498493748459488,0.0105227450374633,6.131828046565282,3.1355745553104963,4.332209005540792,0.3943624755724542,2.216070966635628,0.2973153517772025,0.1580463204547319,0.1079167174207747,0.7620062640229717,0.1779104076198949,1.7546691881919454,0.4631971455510474,6.857763378048622,9.03719182328216,0.2572741710693166,1.921287176300735,1.780748656288901,0.5774345197172743,0.4098948056771275,0.2907285808772802,0.1968545409044896,2.35532692706314,0.3544241713272255,0.1510948108537939,126.0071644768153,4.693655470822783,100.0,51.85604862569084,174.23999999999998,22.030401678784642,348.1264503044755,2.465794937831346,132.5069866826459,4.686613824813124,100.0,45.52048835321769,174.23999999999998,21.9643491429295,341.72483749614713,2.8403955429544125,1.0801409636611543,0.016349330676252556,0.0025000000000000005,0.0005210107069002201,0.005929,0.0002673006135614529,0.009217311320461673,0.3139460369858274,0.013082191006320451,0.001270523118809181,4e-06,2.5009259259259e-06,9e-06,1.6142289954286082e-06,1.711515492135451e-05,2.1953320306444253,0.1123964085917558,0.02704527914505973,0.0009,0.0014675925925925928,0.0025000000000000005,0.0007314471240342028,0.005599039716626796,0.833878582025827,0.056304431664292665,0.008822387311677988,0.0001,0.000203482905557985,0.0004,7.783451787725676e-05,0.0007813174234352417,1.298810789600309,0.026453666927771756,0.006411552138747043,0.0004,9.259259259259198e-05,0.0009,4.110800082787179e-05,0.0014337005934204638,0.1704422722304647,0.6454070417199954,0.1645771486412526,0.04000000000000001,0.039188102912426026,0.053824000000000004,0.027085637854884957,0.160097740767311,1.113177647343381,12.112321143465877,0.41850909144562776,4.0,0.4105021473767655,5.3824,0.17514985962264482,9.96805200699941,1.7776136083087217,0.005137261380593661,0.1148152641186451,1.0,0.1174532852706986,1.3456,0.013182544874634232,2.476235830145333,0.9499599916184333,0.0967035470840417,0.012625427362298726,0.0036,0.0002834663007478492,0.0144,0.00015940141608068134,0.01844286771682853,0.02427351394639209,11,2.8403955429544125,False
0.827889402006551,0.0631687498657485,1.0902324127306997,1.2702724277737254,0.0641853735076995,0.0217694884752537,10.317343484855485,2.5377704171116595,2.103138817964166,0.5584559831383303,2.5514005979611376,0.1808504695921661,0.119780465415084,0.2848148559501834,0.7435418456211338,0.1184113052691765,1.9921696664502917,0.2179288095588123,10.159847045602053,8.543301449142684,0.2793618843401446,1.3351794026892567,1.713638490854632,0.5273885558741982,0.3542671596759995,0.0791349217770701,0.0919347726748241,2.3377935480500267,0.1413545892065877,0.1680694145764786,121.95602631591522,4.693655470822783,100.0,51.85604862569084,174.23999999999998,22.030401678784642,348.1264503044755,2.248670581588162,111.31800966790595,4.686613824813122,100.0,45.52048835321769,174.23999999999998,21.964349142929482,341.72483749614713,1.69416568527487,0.9415011389467249,0.016349330676252608,0.0025000000000000005,0.0005210107069002201,0.005929,0.00026730061356145456,0.009217311320461675,1.1301160715392733,0.012263948919881222,0.0012705231188091806,4e-06,2.5009259259259e-06,9e-06,1.6142289954286071e-06,1.7115154921354507e-05,1.9975479210687426,0.15111321218809026,0.02704527914505973,0.0009,0.0014675925925925928,0.0025000000000000005,0.0007314471240342028,0.005599039716626796,1.3512979978565889,0.03601504205662933,0.008822387311677986,0.0001,0.000203482905557985,0.0004,7.783451787725673e-05,0.0007813174234352417,0.5729468405233652,0.01365202434641056,0.006411552138747039,0.0004,9.259259259259198e-05,0.0009,4.1108000827871734e-05,0.0014337005934204638,0.16765095047057546,0.38596735527932174,0.1645771486412526,0.04000000000000001,0.039188102912426026,0.053824000000000004,0.027085637854884957,0.160097740767311,0.4647764486010206,10.140985875352873,0.41850909144562765,4.0,0.4105021473767655,5.3824,0.17514985962264473,9.96805200699941,1.1532244635042708,0.005137261380593661,0.1148152641186451,1.0,0.1174532852706986,1.3456,0.013182544874634232,2.476235830145333,0.9499599916184333,0.09014120866627662,0.012625427362298717,0.0036,0.0002834663007478492,0.0144,0.00015940141608068113,0.01844286771682853,0.07259545791635731,11,2.248670581588162,True
0.827889402006551,0.0631687498657485,1.0902324127306997,1.2702724277737254,0.0641853735076995,0.0217694884752537,10.317343484855485,2.5377704171116595,2.103138817964166,0.5584559831383303,2.5514005979611376,0.1808504695921661,0.119780465415084,0.2848148559501834,0.7435418456211338,0.1184113052691765,1.9921696664502917,0.2179288095588123,10.159847045602053,8.543301449142684,0.2793618843401446,1.3351794026892567,1.713638490854632,0.5273885558741982,0.3542671596759995,0.0791349217770701,0.0919347726748241,2.3377935480500267,0.1413545892065877,0.1680694145764786,121.95602631591522,4.693655470822783,100.0,51.85604862569084,174.23999999999998,22.030401678784642,348.1264503044755,2.248670581588162,111.31800966790595,4.686613824813122,100.0,45.52048835321769,174.23999999999998,21.964349142929482,341.72483749614713,1.69416568527487,0.9415011389467249,0.016349330676252608,0.0025000000000000005,0.0005210107069002201,0.005929,0.00026730061356145456,0.009217311320461675,1.1301160715392733,0.012263948919881222,0.0012705231188091806,4e-06,2.5009259259259e-06,9e-06,1.6142289954286071e-06,1.7115154921354507e-05,1.9975479210687426,0.15111321218809026,0.02704527914505973,0.0009,0.0014675925925925928,0.0025000000000000005,0.0007314471240342028,0.005599039716626796,1.3512979978565889,0.03601504205662933,0.008822387311677986,0.0001,0.000203482905557985,0.0004,7.783451787725673e-05,0.0007813174234352417,0.5729468405233652,0.01365202434641056,0.006411552138747039,0.0004,9.259259259259198e-05,0.0009,4.1108000827871734e-05,0.0014337005934204638,0.16765095047057546,0.38596735527932174,0.1645771486412526,0.04000000000000001,0.039188102912426026,0.053824000000000004,0.027085637854884957,0.160097740767311,0.4647764486010206,10.140985875352873,0.41850909144562765,4.0,0.4105021473767655,5.3824,0.17514985962264473,9.96805200699941,1.1532244635042708,0.005137261380593661,0.1148152641186451,1.0,0.1174532852706986,1.3456,0.013182544874634232,2.476235830145333,0.9499599916184333,0.09014120866627662,0.012625427362298717,0.0036,0.0002834663007478492,0.0144,0.00015940141608068113,0.01844286771682853,0.07259545791635731,11,2.248670581588162,True
0.827889402006551,0.0631687498657485,1.0902324127306997,1.2702724277737254,0.0641853735076995,0.0217694884752537,10.317343484855485,2.5377704171116595,2.103138817964166,0.5584559831383303,2.5514005979611376,0.1808504695921661,0.119780465415084,0.2848148559501834,0.7435418456211338,0.1184113052691765,1.9921696664502917,0.2179288095588123,10.159847045602053,8.543301449142684,0.2793618843401446,1.3351794026892567,1.713638490854632,0.5273885558741982,0.3542671596759995,0.0791349217770701,0.0919347726748241,2.3377935480500267,0.1413545892065877,0.1680694145764786,121.95602631591522,4.693655470822783,100.0,51.85604862569084,174.23999999999998,22.030401678784642,348.1264503044755,2.248670581588162,111.31800966790595,4.686613824813122,100.0,45.52048835321769,174.23999999999998,21.964349142929482,341.72483749614713,1.69416568527487,0.9415011389467249,0.016349330676252608,0.0025000000000000005,0.0005210107069002201,0.005929,0.00026730061356145456,0.009217311320461675,1.1301160715392733,0.012263948919881222,0.0012705231188091806,4e-06,2.5009259259259e-06,9e-06,1.6142289954286071e-06,1.7115154921354507e-05,1.9975479210687426,0.15111321218809026,0.02704527914505973,0.0009,0.0014675925925925928,0.0025000000000000005,0.0007314471240342028,0.005599039716626796,1.3512979978565889,0.03601504205662933,0.008822387311677986,0.0001,0.000203482905557985,0.0004,7.783451787725673e-05,0.0007813174234352417,0.5729468405233652,0.01365202434641056,0.006411552138747039,0.0004,9.259259259259198e-05,0.0009,4.1108000827871734e-05,0.0014337005934204638,0.16765095047057546,0.38596735527932174,0.1645771486412526,0.04000000000000001,0.039188102912426026,0.053824000000000004,0.027085637854884957,0.160097740767311,0.4647764486010206,10.140985875352873,0.41850909144562765,4.0,0.4105021473767655,5.3824,0.17514985962264473,9.96805200699941,1.1532244635042708,0.005137261380593661,0.1148152641186451,1.0,0.1174532852706986,1.3456,0.013182544874634232,2.476235830145333,0.9499599916184333,0.09014120866627662,0.012625427362298717,0.0036,0.0002834663007478492,0.0144,0.00015940141608068113,0.01844286771682853,0.07259545791635731,11,2.248670581588162,True
0.6766240773917755,0.0677290676176717,1.031330880823098,1.3956509225378304,0.0283700579863239,0.0077712925705009,11.436155845615088,4.228916767862806,2.9943988874136824,0.6402760133372185,1.4693105652181786,0.1444762947185186,0.2218756397776026,0.1301420285762131,0.7670972309605169,0.1572581682818683,1.7762533298336003,0.2118429086240791,7.005656265721019,4.695893441156372,0.456537394116736,1.1803289451343524,2.42140018248407,0.3090422465513781,0.5079367385940361,0.2623055653911592,0.2160705335992527,2.5318798901894333,0.3555950226955574,0.1962063981131113,133.88810315609481,4.955979590043874,100.0,51.85604862569084,174.23999999999998,24.561733696931448,350.6577823226223,2.87773736587075,109.93298167522228,4.936716042003472,100.0,45.52048835321769,174.23999999999998,24.37116527937443,344.1316536325921,1.6135694738275412,0.8264965638748155,0.017331142395266973,0.0025000000000000005,0.0005210107069002201,0.005929,0.00030036849672502024,0.009250379203625241,2.323830439665699,0.00763472207993696,0.0013394901065964901,4e-06,2.5009259259259e-06,9e-06,1.7942337456698765e-06,1.729515967159578e-05,0.8739949460284414,0.1104802679052367,0.028444075658176977,0.0009,0.0014675925925925928,0.0025000000000000005,0.000809065440048096,0.00567665803264069,0.8027260186146737,0.010175122870902286,0.009296517716979955,0.0001,0.000203482905557985,0.0004,8.64252416621222e-05,0.0007899081472201072,0.3495737642924115,0.001227526660789277,0.006737427542730748,0.0004,9.259259259259198e-05,0.0009,4.539292989354689e-05,0.001437985522486139,0.4950444995255062,0.017369646082992185,0.17384730976161417,0.04000000000000001,0.039188102912426026,0.053824000000000004,0.030222887111350627,0.16323499002377667,0.45202903567198954,10.277045144936933,0.4409052750239061,4.0,0.4105021473767655,5.3824,0.19439746154390627,9.98729960892067,1.195165743073572,0.09072203972446878,0.1316067626475605,1.0,0.1174532852706986,1.3456,0.017320339974571324,2.48037362524527,0.8948249971238876,0.07069390163719994,0.013251297021080568,0.0036,0.0002834663007478492,0.0144,0.00017559687274089873,0.01845906317348875,0.2157015047967715,11,2.87773736587075,False
0.6766240773917755,0.0677290676176717,1.031330880823098,1.3956509225378304,0.0283700579863239,0.0077712925705009,11.436155845615088,4.228916767862806,2.9943988874136824,0.6402760133372185,1.4693105652181786,0.1444762947185186,0.2218756397776026,0.1301420285762131,0.7670972309605169,0.1572581682818683,1.7762533298336003,0.2118429086240791,7.005656265721019,4.695893441156372,0.456537394116736,1.1803289451343524,2.42140018248407,0.3090422465513781,0.5079367385940361,0.2623055653911592,0.2160705335992527,2.5318798901894333,0.3555950226955574,0.1962063981131113,133.88810315609481,4.955979590043874,100.0,51.85604862569084,174.23999999999998,24.561733696931448,350.6577823226223,2.87773736587075,109.93298167522228,4.936716042003472,100.0,45.52048835321769,174.23999999999998,24.37116527937443,344.1316536325921,1.6135694738275412,0.8264965638748155,0.017331142395266973,0.0025000000000000005,0.0005210107069002201,0.005929,0.00030036849672502024,0.009250379203625241,2.323830439665699,0.00763472207993696,0.0013394901065964901,4e-06,2.5009259259259e-06,9e-06,1.7942337456698765e-06,1.729515967159578e-05,0.8739949460284414,0.1104802679052367,0.028444075658176977,0.0009,0.0014675925925925928,0.0025000000000000005,0.000809065440048096,0.00567665803264069,0.8027260186146737,0.010175122870902286,0.009296517716979955,0.0001,0.000203482905557985,0.0004,8.64252416621222e-05,0.0007899081472201072,0.3495737642924115,0.001227526660789277,0.006737427542730748,0.0004,9.259259259259198e-05,0.0009,4.539292989354689e-05,0.001437985522486139,0.4950444995255062,0.017369646082992185,0.17384730976161417,0.04000000000000001,0.039188102912426026,0.053824000000000004,0.030222887111350627,0.16323499002377667,0.45202903567198954,10.277045144936933,0.4409052750239061,4.0,0.4105021473767655,5.3824,0.19439746154390627,9.98729960892067,1.195165743073572,0.09072203972446878,0.1316067626475605,1.0,0.1174532852706986,1.3456,0.017320339974571324,2.48037362524527,0.8948249971238876,0.07069390163719994,0.013251297021080568,0.0036,0.0002834663007478492,0.0144,0.00017559687274089873,0.01845906317348875,0.2157015047967715,11,2.87773736587075,False
0.6766240773917755,0.0677290676176717,1.031330880823098,1.3956509225378304,0.0283700579863239,0.0077712925705009,11.436155845615088,4.228916767862806,2.9943988874136824,0.6402760133372185,1.4693105652181786,0.1444762947185186,0.2218756397776026,0.1301420285762131,0.7670972309605169,0.1572581682818683,1.7762533298336003,0.2118429086240791,7.005656265721019,4.695893441156372,0.456537394116736,1.1803289451343524,2.42140018248407,0.3090422465513781,0.5079367385940361,0.2623055653911592,0.2160705335992527,2.5318798901894333,0.3555950226955574,0.1962063981131113,133.88810315609481,4.955979590043874,100.0,51.85604862569084,174.23999999999998,24.561733696931448,350.6577823226223,2.87773736587075,109.93298167522228,4.936716042003472,100.0,45.52048835321769,174.23999999999998,24.37116527937443,344.1316536325921,1.6135694738275412,0.8264965638748155,0.017331142395266973,0.0025000000000000005,0.0005210107069002201,0.005929,0.00030036849672502024,0.009250379203625241,2.323830439665699,0.00763472207993696,0.0013394901065964901,4e-06,2.5009259259259e-06,9e-06,1.7942337456698765e-06,1.729515967159578e-05,0.8739949460284414,0.1104802679052367,0.028444075658176977,0.0009,0.0014675925925925928,0.0025000000000000005,0.000809065440048096,0.00567665803264069,0.8027260186146737,0.010175122870902286,0.009296517716979955,0.0001,0.000203482905557985,0.0004,8.64252416621222e-05,0.0007899081472201072,0.3495737642924115,0.001227526660789277,0.006737427542730748,0.0004,9.259259259259198e-05,0.0009,4.539292989354689e-05,0.001437985522486139,0.4950444995255062,0.017369646082992185,0.17384730976161417,0.04000000000000001,0.039188102912426026,0.053824000000000004,0.030222887111350627,0.16323499002377667,0.45202903567198954,10.277045144936933,0.4409052750239061,4.0,0.4105021473767655,5.3824,0.19439746154390627,9.98729960892067,1.195165743073572,0.09072203972446878,0.1316067626475605,1.0,0.1174532852706986,1.3456,0.017320339974571324,2.48037362524527,0.8948249971238876,0.07069390163719994,0.013251297021080568,0.0036,0.0002834663007478492,0.0144,0.00017559687274089873,0.01845906317348875,0.2157015047967715,11,2.87773736587075,False
0.8123586658396507,0.0917768158528951,0.9733878667726726,1.0823527334980565,0.0332073969400686,0.0040565179561061,12.62993411717451,2.8852581797202634,3.476344879600421,0.6029693636251443,1.3341650899811812,0.1865638780917341,0.2108591495337367,0.2141373618320511,0.7329490706687842,0.0669735793372966,1.0411187915962874,0.4691956083338768,5.401644498242,3.8214209195271,0.3195581066798454,1.8713698449881204,0.4158814947206539,0.6820216335686469,0.6366113781372367,0.1244265670677983,0.2830142267197391,1.906958348170364,0.1832667227245833,0.0921034496439389,95.80314374015481,5.6243774223122145,100.0,51.85604862569084,174.23999999999998,31.633621388615392,357.72967001430624,0.835537621197249,88.93311655192782,5.554276513016017,100.0,45.52048835321769,174.23999999999998,30.849987583041365,350.610475936259,0.4770792811452439,0.9310387724028996,0.01996653349416608,0.0025000000000000005,0.0005210107069002201,0.005929,0.000398662459773656,0.009348673166673876,1.2303550288251812,0.009551507287682637,0.0015117371620104202,4e-06,2.5009259259259e-06,9e-06,2.2853492470033195e-06,1.778627517292922e-05,1.3163410069555115,0.1664912985230467,0.03182827459401799,0.0009,0.0014675925925925928,0.0025000000000000005,0.0010130390636322111,0.005880631656224804,1.5190829791418188,0.04485256187978065,0.01047274311200331,0.0001,0.000203482905557985,0.0004,0.00010967834829001279,0.0008131612538479978,0.8715309718792627,0.0022057987049205474,0.007517151731069944,0.0004,9.259259259259198e-05,0.0009,5.650757014792785e-05,0.0014491001627405199,0.4674436845364073,0.03310571625133313,0.19759689377885806,0.04000000000000001,0.039188102912426026,0.053824000000000004,0.03904453243105331,0.17205663534347937,0.4023516152325088,8.478821429580218,0.4963090572546632,4.0,0.4105021473767655,5.3824,0.24632268031301252,10.039224827689777,0.624534615664307,0.014508315739838535,0.13912335435641723,1.0,0.1174532852706986,1.3456,0.019355307727381237,2.48240859299808,0.9428304322156402,0.09667464793983274,0.014725746294967581,0.0036,0.0002834663007478492,0.0144,0.00021684760394375145,0.0185003139046916,0.024448267166414673,11,1.5190829791418188,True
0.8123586658396507,0.0917768158528951,0.9733878667726726,1.0823527334980565,0.0332073969400686,0.0040565179561061,12.62993411717451,2.8852581797202634,3.476344879600421,0.6029693636251443,1.3341650899811812,0.1865638780917341,0.2108591495337367,0.2141373618320511,0.7329490706687842,0.0669735793372966,1.0411187915962874,0.4691956083338768,5.401644498242,3.8214209195271,0.3195581066798454,1.8713698449881204,0.4158814947206539,0.6820216335686469,0.6366113781372367,0.1244265670677983,0.2830142267197391,1.906958348170364,0.1832667227245833,0.0921034496439389,95.80314374015481,5.6243774223122145,100.0,51.85604862569084,174.23999999999998,31.633621388615392,357.72967001430624,0.835537621197249,88.93311655192782,5.554276513016017,100.0,45.52048835321769,174.23999999999998,30.849987583041365,350.610475936259,0.4770792811452439,0.9310387724028996,0.01996653349416608,0.0025000000000000005,0.0005210107069002201,0.005929,0.000398662459773656,0.009348673166673876,1.2303550288251812,0.009551507287682637,0.0015117371620104202,4e-06,2.5009259259259e-06,9e-06,2.2853492470033195e-06,1.778627517292922e-05,1.3163410069555115,0.1664912985230467,0.03182827459401799,0.0009,0.0014675925925925928,0.0025000000000000005,0.0010130390636322111,0.005880631656224804,1.5190829791418188,0.04485256187978065,0.01047274311200331,0.0001,0.000203482905557985,0.0004,0.00010967834829001279,0.0008131612538479978,0.8715309718792627,0.0022057987049205474,0.007517151731069944,0.0004,9.259259259259198e-05,0.0009,5.650757014792785e-05,0.0014491001627405199,0.4674436845364073,0.03310571625133313,0.19759689377885806,0.04000000000000001,0.039188102912426026,0.053824000000000004,0.03904453243105331,0.17205663534347937,0.4023516152325088,8.478821429580218,0.4963090572546632,4.0,0.4105021473767655,5.3824,0.24632268031301252,10.039224827689777,0.624534615664307,0.014508315739838535,0.13912335435641723,1.0,0.1174532852706986,1.3456,0.019355307727381237,2.48240859299808,0.9428304322156402,0.09667464793983274,0.014725746294967581,0.0036,0.0002834663007478492,0.0144,0.00021684760394375145,0.0185003139046916,0.024448267166414673,11,1.5190829791418188,True
0.8123586658396507,0.0917768158528951,0.9733878667726726,1.0823527334980565,0.0332073969400686,0.0040565179561061,12.62993411717451,2.8852581797202634,3.476344879600421,0.6029693636251443,1.3341650899811812,0.1865638780917341,0.2108591495337367,0.2141373618320511,0.7329490706687842,0.0669735793372966,1.0411187915962874,0.4691956083338768,5.401644498242,3.8214209195271,0.3195581066798454,1.8713698449881204,0.4158814947206539,0.6820216335686469,0.6366113781372367,0.1244265670677983,0.2830142267197391,1.906958348170364,0.1832667227245833,0.0921034496439389,95.80314374015481,5.6243774223122145,100.0,51.85604862569084,174.23999999999998,31.633621388615392,357.72967001430624,0.835537621197249,88.93311655192782,5.554276513016017,100.0,45.52048835321769,174.23999999999998,30.849987583041365,350.610475936259,0.4770792811452439,0.9310387724028996,0.01996653349416608,0.0025000000000000005,0.0005210107069002201,0.005929,0.000398662459773656,0.009348673166673876,1.2303550288251812,0.009551507287682637,0.0015117371620104202,4e-06,2.5009259259259e-06,9e-06,2.2853492470033195e-06,1.778627517292922e-05,1.3163410069555115,0.1664912985230467,0.03182827459401799,0.0009,0.0014675925925925928,0.0025000000000000005,0.0010130390636322111,0.005880631656224804,1.5190829791418188,0.04485256187978065,0.01047274311200331,0.0001,0.000203482905557985,0.0004,0.00010967834829001279,0.0008131612538479978,0.8715309718792627,0.0022057987049205474,0.007517151731069944,0.0004,9.259259259259198e-05,0.0009,5.650757014792785e-05,0.0014491001627405199,0.4674436845364073,0.03310571625133313,0.19759689377885806,0.04000000000000001,0.039188102912426026,0.053824000000000004,0.03904453243105331,0.17205663534347937,0.4023516152325088,8.478821429580218,0.4963090572546632,4.0,0.4105021473767655,5.3824,0.24632268031301252,10.039224827689777,0.624534615664307,0.014508315739838535,0.13912335435641723,1.0,0.1174532852706986,1.3456,0.019355307727381237,2.48240859299808,0.9428304322156402,0.09667464793983274,0.014725746294967581,0.0036,0.0002834663007478492,0.0144,0.00021684760394375145,0.0185003139046916,0.024448267166414673,11,1.5190829791418188,True
0.6660219575746447,0.0507592845297738,1.1007797528683936,1.196131207305239,0.0274737282718724,0.0199558092309275,6.5238096370623415,2.4190727661016385,1.958133375519285,0.4919665798775625,2.54028304975811,0.3303590261614801,0.2945748168843476,0.2883276819300739,0.692367617889873,0.1720853956872162,2.448966597349974,0.3215565759455484,10.521489586275704,3.56163088799857,0.5127461551150913,1.058762748984929,2.470339375211715,0.5036308617076581,0.2191988749358093,0.1504478903422091,0.20683828609197,1.360610860883758,0.2302025396072248,0.0894619811966677,111.46565798158097,4.693655470822785,100.0,51.85604862569084,174.23999999999998,22.03040167878466,348.1264503044755,1.6864299517005492,111.4521076853427,4.686613824813125,100.0,45.52048835321769,174.23999999999998,21.964349142929507,341.72483749614713,1.701419794396547,1.0299851664837891,0.016349330676252608,0.0025000000000000005,0.0005210107069002201,0.005929,0.00026730061356145456,0.009217311320461675,0.20847301811533708,0.0022866740556109193,0.0012705231188091806,4e-06,2.5009259259259e-06,9e-06,1.6142289954286071e-06,1.7115154921354507e-05,0.41414228373240475,0.0375439216388425,0.027045279145059734,0.0009,0.0014675925925925928,0.0025000000000000005,0.0007314471240342029,0.005599039716626796,0.1664656219136462,0.004219389815217224,0.00882238731167799,0.0001,0.000203482905557985,0.0004,7.783451787725679e-05,0.0007813174234352417,0.5645599127952009,0.0008503820651187561,0.006411552138747044,0.0004,9.259259259259198e-05,0.0009,4.1108000827871795e-05,0.0014337005934204638,0.5057441652467398,0.011773413797372845,0.1645771486412526,0.04000000000000001,0.039188102912426026,0.053824000000000004,0.027085637854884957,0.160097740767311,0.47042280155111954,10.129503785004072,0.41850909144562776,4.0,0.4105021473767655,5.3824,0.17514985962264482,9.96805200699941,1.149587693701883,0.005137261380593689,0.11481526411864512,1.0,0.1174532852706986,1.3456,0.013182544874634237,2.476235830145333,0.9499599916184331,0.0909984615674962,0.012625427362298726,0.0036,0.0002834663007478492,0.0144,0.00015940141608068134,0.01844286771682853,0.06628305461989173,11,1.701419794396547,True
0.6660219575746447,0.0507592845297738,1.1007797528683936,1.196131207305239,0.0274737282718724,0.0199558092309275,6.5238096370623415,2.4190727661016385,1.958133375519285,0.4919665798775625,2.54028304975811,0.3303590261614801,0.2945748168843476,0.2883276819300739,0.692367617889873,0.1720853956872162,2.448966597349974,0.3215565759455484,10.521489586275704,3.56163088799857,0.5127461551150913,1.058762748984929,2.470339375211715,0.5036308617076581,0.2191988749358093,0.1504478903422091,0.20683828609197,1.360610860883758,0.2302025396072248,0.0894619811966677,111.46565798158097,4.693655470822785,100.0,51.85604862569084,174.23999999999998,22.03040167878466,348.1264503044755,1.6864299517005492,111.4521076853427,4.686613824813125,100.0,45.52048835321769,174.23999999999998,21.964349142929507,341.72483749614713,1.701419794396547,1.0299851664837891,0.016349330676252608,0.0025000000000000005,0.0005210107069002201,0.005929,0.00026730061356145456,0.009217311320461675,0.20847301811533708,0.0022866740556109193,0.0012705231188091806,4e-06,2.5009259259259e-06,9e-06,1.6142289954286071e-06,1.7115154921354507e-05,0.41414228373240475,0.0375439216388425,0.027045279145059734,0.0009,0.0014675925925925928,0.0025000000000000005,0.0007314471240342029,0.005599039716626796,0.1664656219136462,0.004219389815217224,0.00882238731167799,0.0001,0.000203482905557985,0.0004,7.783451787725679e-05,0.0007813174234352417,0.5645599127952009,0.0008503820651187561,0.006411552138747044,0.0004,9.259259259259198e-05,0.0009,4.1108000827871795e-05,0.0014337005934204638,0.5057441652467398,0.011773413797372845,0.1645771486412526,0.04000000000000001,0.039188102912426026,0.053824000000000004,0.027085637854884957,0.160097740767311,0.47042280155111954,10.129503785004072,0.41850909144562776,4.0,0.4105021473767655,5.3824,0.17514985962264482,9.96805200699941,1.149587693701883,0.005137261380593689,0.11481526411864512,1.0,0.1174532852706986,1.3456,0.013182544874634237,2.476235830145333,0.9499599916184331,0.0909984615674962,0.012625427362298726,0.0036,0.0002834663007478492,0.0144,0.00015940141608068134,0.01844286771682853,0.06628305461989173,11,1.701419794396547,True
0.6660219575746447,0.0507592845297738,1.1007797528683936,1.196131207305239,0.0274737282718724,0.0199558092309275,6.5238096370623415,2.4190727661016385,1.958133375519285,0.4919665798775625,2.54028304975811,0.3303590261614801,0.2945748168843476,0.2883276819300739,0.692367617889873,0.1720853956872162,2.448966597349974,0.3215565759455484,10.521489586275704,3.56163088799857,0.5127461551150913,1.058762748984929,2.470339375211715,0.5036308617076581,0.2191988749358093,0.1504478903422091,0.20683828609197,1.360610860883758,0.2302025396072248,0.0894619811966677,111.46565798158097,4.693655470822785,100.0,51.85604862569084,174.23999999999998,22.03040167878466,348.1264503044755,1.6864299517005492,111.4521076853427,4.686613824813125,100.0,45.52048835321769,174.23999999999998,21.964349142929507,341.72483749614713,1.701419794396547,1.0299851664837891,0.016349330676252608,0.0025000000000000005,0.0005210107069002201,0.005929,0.00026730061356145456,0.009217311320461675,0.20847301811533708,0.0022866740556109193,0.0012705231188091806,4e-06,2.5009259259259e-06,9e-06,1.6142289954286071e-06,1.7115154921354507e-05,0.41414228373240475,0.0375439216388425,0.027045279145059734,0.0009,0.0014675925925925928,0.0025000000000000005,0.0007314471240342029,0.005599039716626796,0.1664656219136462,0.004219389815217224,0.00882238731167799,0.0001,0.000203482905557985,0.0004,7.783451787725679e-05,0.0007813174234352417,0.5645599127952009,0.0008503820651187561,0.006411552138747044,0.0004,9.259259259259198e-05,0.0009,4.1108000827871795e-05,0.0014337005934204638,0.5057441652467398,0.011773413797372845,0.1645771486412526,0.04000000000000001,0.039188102912426026,0.053824000000000004,0.027085637854884957,0.160097740767311,0.47042280155111954,10.129503785004072,0.41850909144562776,4.0,0.4105021473767655,5.3824,0.17514985962264482,9.96805200699941,1.149587693701883,0.005137261380593689,0.11481526411864512,1.0,0.1174532852706986,1.3456,0.013182544874634237,2.476235830145333,0.9499599916184331,0.0909984615674962,0.012625427362298726,0.0036,0.0002834663007478492,0.0144,0.00015940141608068134,0.01844286771682853,0.06628305461989173,11,1.701419794396547,True
0.7210591996799036,0.0651653400303189,0.9795644447193887,1.2898471868494448,0.0320935218503271,0.0166550881718381,5.843538968151559,4.168435012922163,3.8922069124761456,0.8232991268425316,1.9428925637165368,0.0869738089895909,0.2131043831282762,0.1809747671236041,0.6799965359733952,0.1678830523870069,1.5148951072848678,0.2787838967601097,10.577675480202616,9.471078570581929,0.4193641400881642,1.850067465220141,1.1790953942906623,0.2678099321591201,0.6052731609381112,0.0541331727602535,0.0413699534370693,1.4133521852540567,0.1610811735302443,0.1116260961261812,126.72613294091133,5.624377422312216,100.0,51.85604862569084,174.23999999999998,31.63362138861541,357.7296700143063,2.470485784799487,108.51409488779673,5.554276513016018,100.0,45.52048835321769,174.23999999999998,30.849987583041376,350.610475936259,1.5228150010694328,0.8669360560184024,0.019966533494166126,0.0025000000000000005,0.0005210107069002201,0.005929,0.00039866245977365777,0.009348673166673878,1.8933365822110906,0.005518696568993397,0.0015117371620104192,4e-06,2.5009259259259e-06,9e-06,2.285349247003316e-06,1.7786275172929218e-05,0.3601044666417328,0.14614247590307322,0.03182827459401799,0.0009,0.0014675925925925928,0.0025000000000000005,0.0010130390636322111,0.005880631656224804,1.2537279656816316,0.013573102471138753,0.010472743112003309,0.0001,0.000203482905557985,0.0004,0.00010967834829001276,0.0008131612538479977,0.22537878696738656,0.0022057986782943115,0.007517151731069946,0.0004,9.259259259259198e-05,0.0009,5.650757014792788e-05,0.0014491001627405199,0.46744368523586355,0.033105715825257565,0.1975968937788581,0.04000000000000001,0.039188102912426026,0.053824000000000004,0.03904453243105334,0.17205663534347937,0.4023516162596991,9.848862271938517,0.49630905725466307,4.0,0.4105021473767655,5.3824,0.2463226803130124,10.039224827689777,1.0569323642111053,0.014508315739838535,0.13912335435641723,1.0,0.1174532852706986,1.3456,0.019355307727381237,2.48240859299808,0.9428304322156402,0.08966415486027186,0.014725746294967578,0.0036,0.0002834663007478492,0.0144,0.00021684760394375134,0.0185003139046916,0.07599000009462212,11,2.470485784799487,True
0.7210591996799036,0.0651653400303189,0.9795644447193887,1.2898471868494448,0.0320935218503271,0.0166550881718381,5.843538968151559,4.168435012922163,3.8922069124761456,0.8232991268425316,1.9428925637165368,0.0869738089895909,0.2131043831282762,0.1809747671236041,0.6799965359733952,0.1678830523870069,1.5148951072848678,0.2787838967601097,10.577675480202616,9.471078570581929,0.4193641400881642,1.850067465220141,1.1790953942906623,0.2678099321591201,0.6052731609381112,0.0541331727602535,0.0413699534370693,1.4133521852540567,0.1610811735302443,0.1116260961261812,126.72613294091133,5.624377422312216,100.0,51.85604862569084,174.23999999999998,31.63362138861541,357.7296700143063,2.470485784799487,108.51409488779673,5.554276513016018,100.0,45.52048835321769,174.23999999999998,30.849987583041376,350.610475936259,1.5228150010694328,0.8669360560184024,0.019966533494166126,0.0025000000000000005,0.0005210107069002201,0.005929,0.00039866245977365777,0.009348673166673878,1.8933365822110906,0.005518696568993397,0.0015117371620104192,4e-06,2.5009259259259e-06,9e-06,2.285349247003316e-06,1.7786275172929218e-05,0.3601044666417328,0.14614247590307322,0.03182827459401799,0.0009,0.0014675925925925928,0.0025000000000000005,0.0010130390636322111,0.005880631656224804,1.2537279656816316,0.013573102471138753,0.010472743112003309,0.0001,0.000203482905557985,0.0004,0.00010967834829001276,0.0008131612538479977,0.22537878696738656,0.0022057986782943115,0.007517151731069946,0.0004,9.259259259259198e-05,0.0009,5.650757014792788e-05,0.0014491001627405199,0.46744368523586355,0.033105715825257565,0.1975968937788581,0.04000000000000001,0.039188102912426026,0.053824000000000004,0.03904453243105334,0.17205663534347937,0.4023516162596991,9.848862271938517,0.49630905725466307,4.0,0.4105021473767655,5.3824,0.2463226803130124,10.039224827689777,1.0569323642111053,0.014508315739838535,0.13912335435641723,1.0,0.1174532852706986,1.3456,0.019355307727381237,2.48240859299808,0.9428304322156402,0.08966415486027186,0.014725746294967578,0.0036,0.0002834663007478492,0.0144,0.00021684760394375134,0.0185003139046916,0.07599000009462212,11,2.470485784799487,True
0.7210591996799036,0.0651653400303189,0.9795644447193887,1.2898471868494448,0.0320935218503271,0.0166550881718381,5.843538968151559,4.168435012922163,3.8922069124761456,0.8232991268425316,1.9428925637165368,0.0869738089895909,0.2131043831282762,0.1809747671236041,0.6799965359733952,0.1678830523870069,1.5148951072848678,0.2787838967601097,10.577675480202616,9.471078570581929,0.4193641400881642,1.850067465220141,1.1790953942906623,0.2678099321591201,0.6052731609381112,0.0541331727602535,0.0413699534370693,1.4133521852540567,0.1610811735302443,0.1116260961261812,126.72613294091133,5.624377422312216,100.0,51.85604862569084,174.23999999999998,31.63362138861541,357.7296700143063,2.470485784799487,108.51409488779673,5.554276513016018,100.0,45.52048835321769,174.23999999999998,30.849987583041376,350.610475936259,1.5228150010694328,0.8669360560184024,0.019966533494166126,0.0025000000000000005,0.0005210107069002201,0.005929,0.00039866245977365777,0.009348673166673878,1.8933365822110906,0.005518696568993397,0.0015117371620104192,4e-06,2.5009259259259e-06,9e-06,2.285349247003316e-06,1.7786275172929218e-05,0.3601044666417328,0.14614247590307322,0.03182827459401799,0.0009,0.0014675925925925928,0.0025000000000000005,0.0010130390636322111,0.005880631656224804,1.2537279656816316,0.013573102471138753,0.010472743112003309,0.0001,0.000203482905557985,0.0004,0.00010967834829001276,0.0008131612538479977,0.22537878696738656,0.0022057986782943115,0.007517151731069946,0.0004,9.259259259259198e-05,0.0009,5.650757014792788e-05,0.0014491001627405199,0.46744368523586355,0.033105715825257565,0.1975968937788581,0.04000000000000001,0.039188102912426026,0.053824000000000004,0.03904453243105334,0.17205663534347937,0.4023516162596991,9.848862271938517,0.49630905725466307,4.0,0.4105021473767655,5.3824,0.2463226803130124,10.039224827689777,1.0569323642111053,0.014508315739838535,0.13912335435641723,1.0,0.1174532852706986,1.3456,0.019355307727381237,2.48240859299808,0.9428304322156402,0.08966415486027186,0.014725746294967578,0.0036,0.0002834663007478492,0.0144,0.00021684760394375134,0.0185003139046916,0.07599000009462212,11,2.470485784799487,True
0.8163689979547345,0.1046271338949626,1.1588783223673609,1.411947842359264,0.0204230541762198,0.0181054777619747,10.60976685874152,2.7717215690720893,3.132202949151128,0.7114337172731157,2.6602835817877857,0.133540741388855,0.2046856655709977,0.1543260552075336,0.5744744538715754,0.0645697606488854,0.989061664359773,0.4309880431384015,4.399797644425578,7.544569394825478,0.3920905610253598,1.7208755238803148,2.105058715630772,0.3909874745741245,0.4989339274311502,0.2820187536102584,0.3065500425571648,2.003853195292033,0.2139758168523894,0.0501247607057753,124.6579391988434,5.6243774223122225,100.0,51.85604862569084,174.23999999999998,31.63362138861548,357.72967001430635,2.361137055974627,116.77325606559711,5.554276513016016,100.0,45.52048835321769,174.23999999999998,30.849987583041354,350.610475936259,1.9639012283298813,0.9653660377221863,0.019966533494166126,0.0025000000000000005,0.0005210107069002201,0.005929,0.00039866245977365777,0.009348673166673878,0.8753257107481868,0.005086609717075946,0.0015117371620104196,4e-06,2.5009259259259e-06,9e-06,2.285349247003318e-06,1.778627517292922e-05,0.2576505541687696,0.11222777153645075,0.03182827459401799,0.0009,0.0014675925925925928,0.0025000000000000005,0.0010130390636322111,0.005880631656224804,0.8114696099146528,0.01383076677065364,0.010472743112003307,0.0001,0.000203482905557985,0.0004,0.00010967834829001272,0.0008131612538479977,0.2163430015034543,0.002205798532731229,0.007517151731069943,0.0004,9.259259259259198e-05,0.0009,5.650757014792784e-05,0.0014491001627405199,0.46744368905972405,0.03310571354633479,0.19759689377885792,0.04000000000000001,0.039188102912426026,0.053824000000000004,0.03904453243105326,0.1720566353434793,0.40235162175376543,10.61423550566259,0.4963090572546628,4.0,0.4105021473767655,5.3824,0.24632268031301216,10.039224827689777,1.2984913402855731,0.014508315739838535,0.13912335435641723,1.0,0.1174532852706986,1.3456,0.019355307727381237,2.48240859299808,0.9428304322156402,0.09273184744353645,0.014725746294967576,0.0036,0.0002834663007478492,0.0144,0.00021684760394375128,0.0185003139046916,0.053436067006313585,11,2.361137055974627,True
0.8163689979547345,0.1046271338949626,1.1588783223673609,1.411947842359264,0.0204230541762198,0.0181054777619747,10.60976685874152,2.7717215690720893,3.132202949151128,0.7114337172731157,2.6602835817877857,0.133540741388855,0.2046856655709977,0.1543260552075336,0.5744744538715754,0.0645697606488854,0.989061664359773,0.4309880431384015,4.399797644425578,7.544569394825478,0.3920905610253598,1.7208755238803148,2.105058715630772,0.3909874745741245,0.4989339274311502,0.2820187536102584,0.3065500425571648,2.003853195292033,0.2139758168523894,0.0501247607057753,124.6579391988434,5.6243774223122225,100.0,51.85604862569084,174.23999999999998,31.63362138861548,357.72967001430635,2.361137055974627,116.77325606559711,5.554276513016016,100.0,45.52048835321769,174.23999999999998,30.849987583041354,350.610475936259,1.9639012283298813,0.9653660377221863,0.019966533494166126,0.0025000000000000005,0.0005210107069002201,0.005929,0.00039866245977365777,0.009348673166673878,0.8753257107481868,0.005086609717075946,0.0015117371620104196,4e-06,2.5009259259259e-06,9e-06,2.285349247003318e-06,1.778627517292922e-05,0.2576505541687696,0.11222777153645075,0.03182827459401799,0.0009,0.0014675925925925928,0.0025000000000000005,0.0010130390636322111,0.005880631656224804,0.8114696099146528,0.01383076677065364,0.010472743112003307,0.0001,0.000203482905557985,0.0004,0.00010967834829001272,0.0008131612538479977,0.2163430015034543,0.002205798532731229,0.007517151731069943,0.0004,9.259259259259198e-05,0.0009,5.650757014792784e-05,0.0014491001627405199,0.46744368905972405,0.03310571354633479,0.19759689377885792,0.04000000000000001,0.039188102912426026,0.053824000000000004,0.03904453243105326,0.1720566353434793,0.40235162175376543,10.61423550566259,0.4963090572546628,4.0,0.4105021473767655,5.3824,0.24632268031301216,10.039224827689777,1.2984913402855731,0.014508315739838535,0.13912335435641723,1.0,0.1174532852706986,1.3456,0.019355307727381237,2.48240859299808,0.9428304322156402,0.09273184744353645,0.014725746294967576,0.0036,0.0002834663007478492,0.0144,0.00021684760394375128,0.0185003139046916,0.053436067006313585,11,2.361137055974627,True
0.8163689979547345,0.1046271338949626,1.1588783223673609,1.411947842359264,0.0204230541762198,0.0181054777619747,10.60976685874152,2.7717215690720893,3.132202949151128,0.7114337172731157,2.6602835817877857,0.133540741388855,0.2046856655709977,0.1543260552075336,0.5744744538715754,0.0645697606488854,0.989061664359773,0.4309880431384015,4.399797644425578,7.544569394825478,0.3920905610253598,1.7208755238803148,2.105058715630772,0.3909874745741245,0.4989339274311502,0.2820187536102584,0.3065500425571648,2.003853195292033,0.2139758168523894,0.0501247607057753,124.6579391988434,5.6243774223122225,100.0,51.85604862569084,174.23999999999998,31.63362138861548,357.72967001430635,2.361137055974627,116.77325606559711,5.554276513016016,100.0,45.52048835321769,174.23999999999998,30.849987583041354,350.610475936259,1.9639012283298813,0.9653660377221863,0.019966533494166126,0.0025000000000000005,0.0005210107069002201,0.005929,0.00039866245977365777,0.009348673166673878,0.8753257107481868,0.005086609717075946,0.0015117371620104196,4e-06,2.5009259259259e-06,9e-06,2.285349247003318e-06,1.778627517292922e-05,0.2576505541687696,0.11222777153645075,0.03182827459401799,0.0009,0.0014675925925925928,0.0025000000000000005,0.0010130390636322111,0.005880631656224804,0.8114696099146528,0.01383076677065364,0.010472743112003307,0.0001,0.000203482905557985,0.0004,0.00010967834829001272,0.0008131612538479977,0.2163430015034543,0.002205798532731229,0.007517151731069943,0.0004,9.259259259259198e-05,0.0009,5.650757014792784e-05,0.0014491001627405199,0.46744368905972405,0.03310571354633479,0.19759689377885792,0.04000000000000001,0.039188102912426026,0.053824000000000004,0.03904453243105326,0.1720566353434793,0.40235162175376543,10.61423550566259,0.4963090572546628,4.0,0.4105021473767655,5.3824,0.24632268031301216,10.039224827689777,1.2984913402855731,0.014508315739838535,0.13912335435641723,1.0,0.1174532852706986,1.3456,0.019355307727381237,2.48240859299808,0.9428304322156402,0.09273184744353645,0.014725746294967576,0.0036,0.0002834663007478492,0.0144,0.00021684760394375128,0.0185003139046916,0.053436067006313585,11,2.361137055974627,True
0.7245091254431901,0.0944821155457331,1.232715489858511,1.2541008454042155,0.023108037037095,0.0207273769251955,9.332495774224489,3.173255591012852,4.352257377281548,0.7426006092502502,1.3577819433407987,0.3206795211597834,0.2532931764357289,0.2410891110972799,0.5434021278894681,0.1965574592758985,2.1227157150733293,0.2556943711080399,8.626130655515004,5.775871785819749,0.5675612293463863,0.899091290370773,2.0370997820250163,0.5855508768466744,0.2356206573555004,0.3135601209177618,0.3171202348062527,1.5504256295060626,0.3454802356042987,0.107276380072156,122.72973022741553,4.693655470822785,100.0,51.85604862569084,174.23999999999998,22.03040167878466,348.1264503044755,2.2901379315118717,133.23950068601386,4.686613824813125,100.0,45.52048835321769,174.23999999999998,21.964349142929507,341.72483749614713,2.880021307862489,1.116322244363507,0.016349330676252608,0.0025000000000000005,0.0005210107069002201,0.005929,0.00026730061356145456,0.009217311320461675,0.6908075672697741,0.003949553198202388,0.0012705231188091806,4e-06,2.5009259259259e-06,9e-06,1.6142289954286071e-06,1.7115154921354507e-05,0.012193916616904107,0.10465304787248891,0.027045279145059734,0.0009,0.0014675925925925928,0.0025000000000000005,0.0007314471240342029,0.005599039716626796,0.7303946988596747,0.012995856505946108,0.008822387311677988,0.0001,0.000203482905557985,0.0004,7.783451787725676e-05,0.0007813174234352417,0.2505770432135271,0.0008503820864313727,0.006411552138747044,0.0004,9.259259259259198e-05,0.0009,4.1108000827871795e-05,0.0014337005934204638,0.5057441646838705,0.011773414116312497,0.1645771486412526,0.04000000000000001,0.039188102912426026,0.053824000000000004,0.027085637854884957,0.160097740767311,0.4704228007540138,12.175077187081865,0.41850909144562776,4.0,0.4105021473767655,5.3824,0.17514985962264482,9.96805200699941,1.797490588667423,0.27955168961491156,0.14616119692429413,1.0,0.1174532852706986,1.3456,0.021363095486342288,2.484416380757041,0.7742963258004597,0.09878174665574005,0.012625427362298726,0.0036,0.0002834663007478492,0.0144,0.00015940141608068134,0.01844286771682853,0.008970639137291087,11,2.880021307862489,False
0.7245091254431901,0.0944821155457331,1.232715489858511,1.2541008454042155,0.023108037037095,0.0207273769251955,9.332495774224489,3.173255591012852,4.352257377281548,0.7426006092502502,1.3577819433407987,0.3206795211597834,0.2532931764357289,0.2410891110972799,0.5434021278894681,0.1965574592758985,2.1227157150733293,0.2556943711080399,8.626130655515004,5.775871785819749,0.5675612293463863,0.899091290370773,2.0370997820250163,0.5855508768466744,0.2356206573555004,0.3135601209177618,0.3171202348062527,1.5504256295060626,0.3454802356042987,0.107276380072156,122.72973022741553,4.693655470822785,100.0,51.85604862569084,174.23999999999998,22.03040167878466,348.1264503044755,2.2901379315118717,133.23950068601386,4.686613824813125,100.0,45.52048835321769,174.23999999999998,21.964349142929507,341.72483749614713,2.880021307862489,1.116322244363507,0.016349330676252608,0.0025000000000000005,0.0005210107069002201,0.005929,0.00026730061356145456,0.009217311320461675,0.6908075672697741,0.003949553198202388,0.0012705231188091806,4e-06,2.5009259259259e-06,9e-06,1.6142289954286071e-06,1.7115154921354507e-05,0.012193916616904107,0.10465304787248891,0.027045279145059734,0.0009,0.0014675925925925928,0.0025000000000000005,0.0007314471240342029,0.005599039716626796,0.7303946988596747,0.012995856505946108,0.008822387311677988,0.0001,0.000203482905557985,0.0004,7.783451787725676e-05,0.0007813174234352417,0.2505770432135271,0.0008503820864313727,0.006411552138747044,0.0004,9.259259259259198e-05,0.0009,4.1108000827871795e-05,0.0014337005934204638,0.5057441646838705,0.011773414116312497,0.1645771486412526,0.04000000000000001,0.039188102912426026,0.053824000000000004,0.027085637854884957,0.160097740767311,0.4704228007540138,12.175077187081865,0.41850909144562776,4.0,0.4105021473767655,5.3824,0.17514985962264482,9.96805200699941,1.797490588667423,0.27955168961491156,0.14616119692429413,1.0,0.1174532852706986,1.3456,0.021363095486342288,2.484416380757041,0.7742963258004597,0.09878174665574005,0.012625427362298726,0.0036,0.0002834663007478492,0.0144,0.00015940141608068134,0.01844286771682853,0.008970639137291087,11,2.880021307862489,False
0.7245091254431901,0.0944821155457331,1.232715489858511,1.2541008454042155,0.023108037037095,0.0207273769251955,9.332495774224489,3.173255591012852,4.352257377281548,0.7426006092502502,1.3577819433407987,0.3206795211597834,0.2532931764357289,0.2410891110972799,0.5434021278894681,0.1965574592758985,2.1227157150733293,0.2556943711080399,8.626130655515004,5.775871785819749,0.5675612293463863,0.899091290370773,2.0370997820250163,0.5855508768466744,0.2356206573555004,0.3135601209177618,0.3171202348062527,1.5504256295060626,0.3454802356042987,0.107276380072156,122.72973022741553,4.693655470822785,100.0,51.85604862569084,174.23999999999998,22.03040167878466,348.1264503044755,2.2901379315118717,133.23950068601386,4.686613824813125,100.0,45.52048835321769,174.23999999999998,21.964349142929507,341.72483749614713,2.880021307862489,1.116322244363507,0.016349330676252608,0.0025000000000000005,0.0005210107069002201,0.005929,0.00026730061356145456,0.009217311320461675,0.6908075672697741,0.003949553198202388,0.0012705231188091806,4e-06,2.5009259259259e-06,9e-06,1.6142289954286071e-06,1.7115154921354507e-05,0.012193916616904107,0.10465304787248891,0.027045279145059734,0.0009,0.0014675925925925928,0.0025000000000000005,0.0007314471240342029,0.005599039716626796,0.7303946988596747,0.012995856505946108,0.008822387311677988,0.0001,0.000203482905557985,0.0004,7.783451787725676e-05,0.0007813174234352417,0.2505770432135271,0.0008503820864313727,0.006411552138747044,0.0004,9.259259259259198e-05,0.0009,4.1108000827871795e-05,0.0014337005934204638,0.5057441646838705,0.011773414116312497,0.1645771486412526,0.04000000000000001,0.039188102912426026,0.053824000000000004,0.027085637854884957,0.160097740767311,0.4704228007540138,12.175077187081865,0.41850909144562776,4.0,0.4105021473767655,5.3824,0.17514985962264482,9.96805200699941,1.797490588667423,0.27955168961491156,0.14616119692429413,1.0,0.1174532852706986,1.3456,0.021363095486342288,2.484416380757041,0.7742963258004597,0.09878174665574005,0.012625427362298726,0.0036,0.0002834663007478492,0.0144,0.00015940141608068134,0.01844286771682853,0.008970639137291087,11,2.880021307862489,False
0.6852708324758566,0.0831374158379733,1.0824392683363546,1.2859390590084507,0.049360309116173,0.0059924915355736,10.983456924478167,3.946118039663705,3.355972677342482,0.4752983658921333,2.122294408333409,0.3599421377322781,0.1089262697249372,0.1989583097886363,0.6991796193573064,0.1019040445184492,2.255609645780095,0.4723619140325618,7.995419498773751,6.298253663549451,0.3297521175390446,0.8107754494306814,2.801835487750429,0.3396241393677656,0.5787809058751034,0.0604047196267062,0.2972681061119107,2.275905741228864,0.3897493807818017,0.1653124178462019,130.58646155351352,5.6243774223122145,100.0,51.85604862569084,174.23999999999998,31.633621388615392,357.72967001430624,2.6745875660050613,117.22813502856619,5.5542765130160126,100.0,45.52048835321769,174.23999999999998,30.849987583041315,350.6104759362589,1.9881943546313117,0.9198270789957147,0.01996653349416608,0.0025000000000000005,0.0005210107069002201,0.005929,0.000398662459773656,0.009348673166673876,1.346311829572858,0.01214402847109275,0.001511737162010419,4e-06,2.5009259259259e-06,9e-06,2.2853492470033157e-06,1.7786275172929218e-05,1.9310644988430816,0.20718894376299365,0.03182827459401799,0.0009,0.0014675925925925928,0.0025000000000000005,0.0010130390636322111,0.005880631656224804,2.049793006062193,0.06156673137302293,0.010472743112003306,0.0001,0.000203482905557985,0.0004,0.00010967834829001268,0.0008131612538479977,1.4576643634010198,0.015488226352046313,0.007517151731069936,0.0004,9.259259259259198e-05,0.0009,5.650757014792774e-05,0.0014491001627405197,0.11852176238879185,0.20715566996591359,0.19759689377885797,0.04000000000000001,0.039188102912426026,0.053824000000000004,0.03904453243105328,0.1720566353434793,0.01725101246242699,10.75824978974479,0.4963090572546628,4.0,0.4105021473767655,5.3824,0.24632268031301216,10.039224827689777,1.34394360000692,0.12477923275790442,0.1542452213983091,1.0,0.1174532852706986,1.3456,0.02379158832421339,2.486844873594912,0.8720634292461337,0.09017621292504574,0.014725746294967562,0.0036,0.0002834663007478492,0.0144,0.00021684760394375088,0.0185003139046916,0.07222530626798432,11,2.6745875660050613,False
0.6852708324758566,0.0831374158379733,1.0824392683363546,1.2859390590084507,0.049360309116173,0.0059924915355736,10.983456924478167,3.946118039663705,3.355972677342482,0.4752983658921333,2.122294408333409,0.3599421377322781,0.1089262697249372,0.1989583097886363,0.6991796193573064,0.1019040445184492,2.255609645780095,0.4723619140325618,7.995419498773751,6.298253663549451,0.3297521175390446,0.8107754494306814,2.801835487750429,0.3396241393677656,0.5787809058751034,0.0604047196267062,0.2972681061119107,2.275905741228864,0.3897493807818017,0.1653124178462019,130.58646155351352,5.6243774223122145,100.0,51.85604862569084,174.23999999999998,31.633621388615392,357.72967001430624,2.6745875660050613,117.22813502856619,5.5542765130160126,100.0,45.52048835321769,174.23999999999998,30.849987583041315,350.6104759362589,1.9881943546313117,0.9198270789957147,0.01996653349416608,0.0025000000000000005,0.0005210107069002201,0.005929,0.000398662459773656,0.009348673166673876,1.346311829572858,0.01214402847109275,0.001511737162010419,4e-06,2.5009259259259e-06,9e-06,2.2853492470033157e-06,1.7786275172929218e-05,1.9310644988430816,0.20718894376299365,0.03182827459401799,0.0009,0.0014675925925925928,0.0025000000000000005,0.0010130390636322111,0.005880631656224804,2.049793006062193,0.06156673137302293,0.010472743112003306,0.0001,0.000203482905557985,0.0004,0.00010967834829001268,0.0008131612538479977,1.4576643634010198,0.015488226352046313,0.007517151731069936,0.0004,9.259259259259198e-05,0.0009,5.650757014792774e-05,0.0014491001627405197,0.11852176238879185,0.20715566996591359,0.19759689377885797,0.04000000000000001,0.039188102912426026,0.053824000000000004,0.03904453243105328,0.1720566353434793,0.01725101246242699,10.75824978974479,0.4963090572546628,4.0,0.4105021473767655,5.3824,0.24632268031301216,10.039224827689777,1.34394360000692,0.12477923275790442,0.1542452213983091,1.0,0.1174532852706986,1.3456,0.02379158832421339,2.486844873594912,0.8720634292461337,0.09017621292504574,0.014725746294967562,0.0036,0.0002834663007478492,0.0144,0.00021684760394375088,0.0185003139046916,0.07222530626798432,11,2.6745875660050613,False
0.6852708324758566,0.0831374158379733,1.0824392683363546,1.2859390590084507,0.049360309116173,0.0059924915355736,10.983456924478167,3.946118039663705,3.355972677342482,0.4752983658921333,2.122294408333409,0.3599421377322781,0.1089262697249372,0.1989583097886363,0.6991796193573064,0.1019040445184492,2.255609645780095,0.4723619140325618,7.995419498773751,6.298253663549451,0.3297521175390446,0.8107754494306814,2.801835487750429,0.3396241393677656,0.5787809058751034,0.0604047196267062,0.2972681061119107,2.275905741228864,0.3897493807818017,0.1653124178462019,130.58646155351352,5.6243774223122145,100.0,51.85604862569084,174.23999999999998,31.633621388615392,357.72967001430624,2.6745875660050613,117.22813502856619,5.5542765130160126,100.0,45.52048835321769,174.23999999999998,30.849987583041315,350.6104759362589,1.9881943546313117,0.9198270789957147,0.01996653349416608,0.0025000000000000005,0.0005210107069002201,0.005929,0.000398662459773656,0.009348673166673876,1.346311829572858,0.01214402847109275,0.001511737162010419,4e-06,2.5009259259259e-06,9e-06,2.2853492470033157e-06,1.7786275172929218e-05,1.9310644988430816,0.20718894376299365,0.03182827459401799,0.0009,0.0014675925925925928,0.0025000000000000005,0.0010130390636322111,0.005880631656224804,2.049793006062193,0.06156673137302293,0.010472743112003306,0.0001,0.000203482905557985,0.0004,0.00010967834829001268,0.0008131612538479977,1.4576643634010198,0.015488226352046313,0.007517151731069936,0.0004,9.259259259259198e-05,0.0009,5.650757014792774e-05,0.0014491001627405197,0.11852176238879185,0.20715566996591359,0.19759689377885797,0.04000000000000001,0.039188102912426026,0.053824000000000004,0.03904453243105328,0.1720566353434793,0.01725101246242699,10.75824978974479,0.4963090572546628,4.0,0.4105021473767655,5.3824,0.24632268031301216,10.039224827689777,1.34394360000692,0.12477923275790442,0.1542452213983091,1.0,0.1174532852706986,1.3456,0.02379158832421339,2.486844873594912,0.8720634292461337,0.09017621292504574,0.014725746294967562,0.0036,0.0002834663007478492,0.0144,0.00021684760394375088,0.0185003139046916,0.07222530626798432,11,2.6745875660050613,False
0.6411020856621269,0.0845069172278515,0.968008915682698,1.24931382193398,0.0540946102171823,0.0182586167401366,11.32870461100461,3.258084790589916,2.344576242643226,0.3188469422721868,2.726007175758565,0.3390526821785483,0.272412566469029,0.2834630402552862,0.5115935434030553,0.192079907158739,2.054196894693749,0.352138673477217,4.675853856361173,8.170290316029007,0.4886504288145603,1.7972124791106656,1.2474354350599146,0.3280186970135308,0.2909635370722087,0.1313681952863434,0.1378257366461089,1.865236124033816,0.3420905725069608,0.1839857056839169,119.83206843404277,4.693655470822785,100.0,51.85604862569084,174.23999999999998,22.03040167878466,348.1264503044755,2.1348351680640936,101.37676613465149,4.686613824813125,100.0,45.52048835321769,174.23999999999998,21.964349142929507,341.72483749614713,1.1563884177667159,0.8626560360785416,0.016349330676252608,0.0025000000000000005,0.0005210107069002201,0.005929,0.00026730061356145456,0.009217311320461675,1.951360802115287,0.008199133218340194,0.0012705231188091806,4e-06,2.5009259259259e-06,9e-06,1.6142289954286071e-06,1.7115154921354507e-05,1.0150074633697899,0.15627545266760154,0.027045279145059723,0.0009,0.0014675925925925928,0.0025000000000000005,0.0007314471240342024,0.005599039716626796,1.4202872533006907,0.014179120560012037,0.008822387311677988,0.0001,0.000203482905557985,0.0004,7.783451787725676e-05,0.0007813174234352417,0.2082451280749521,0.0008503820859153844,0.006411552138747042,0.0004,9.259259259259198e-05,0.0009,4.110800082787176e-05,0.0014337005934204638,0.5057441646974978,0.011773414107425106,0.1645771486412526,0.04000000000000001,0.039188102912426026,0.053824000000000004,0.027085637854884957,0.160097740767311,0.47042280077622556,9.264845985517638,0.41850909144562787,4.0,0.4105021473767655,5.3824,0.1751498596226449,9.96805200699941,0.875721064974331,1.3044688978664722,0.26323589357171,1.0,0.1174532852706986,1.3456,0.06929313566449664,2.532346420935195,0.1228723855528512,0.07142714106771884,0.012625427362298729,0.0036,0.0002834663007478492,0.0144,0.00015940141608068145,0.01844286771682853,0.21039696530274787,11,2.1348351680640936,True
0.6411020856621269,0.0845069172278515,0.968008915682698,1.24931382193398,0.0540946102171823,0.0182586167401366,11.32870461100461,3.258084790589916,2.344576242643226,0.3188469422721868,2.726007175758565,0.3390526821785483,0.272412566469029,0.2834630402552862,0.5115935434030553,0.192079907158739,2.054196894693749,0.352138673477217,4.675853856361173,8.170290316029007,0.4886504288145603,1.7972124791106656,1.2474354350599146,0.3280186970135308,0.2909635370722087,0.1313681952863434,0.1378257366461089,1.865236124033816,0.3420905725069608,0.1839857056839169,119.83206843404277,4.693655470822785,100.0,51.85604862569084,174.23999999999998,22.03040167878466,348.1264503044755,2.1348351680640936,101.37676613465149,4.686613824813125,100.0,45.52048835321769,174.23999999999998,21.964349142929507,341.72483749614713,1.1563884177667159,0.8626560360785416,0.016349330676252608,0.0025000000000000005,0.0005210107069002201,0.005929,0.00026730061356145456,0.009217311320461675,1.951360802115287,0.008199133218340194,0.0012705231188091806,4e-06,2.5009259259259e-06,9e-06,1.6142289954286071e-06,1.7115154921354507e-05,1.0150074633697899,0.15627545266760154,0.027045279145059723,0.0009,0.0014675925925925928,0.0025000000000000005,0.0007314471240342024,0.005599039716626796,1.4202872533006907,0.014179120560012037,0.008822387311677988,0.0001,0.000203482905557985,0.0004,7.783451787725676e-05,0.0007813174234352417,0.2082451280749521,0.0008503820859153844,0.006411552138747042,0.0004,9.259259259259198e-05,0.0009,4.110800082787176e-05,0.0014337005934204638,0.5057441646974978,0.011773414107425106,0.1645771486412526,0.04000000000000001,0.039188102912426026,0.053824000000000004,0.027085637854884957,0.160097740767311,0.47042280077622556,9.264845985517638,0.41850909144562787,4.0,0.4105021473767655,5.3824,0.1751498596226449,9.96805200699941,0.875721064974331,1.3044688978664722,0.26323589357171,1.0,0.1174532852706986,1.3456,0.06929313566449664,2.532346420935195,0.1228723855528512,0.07142714106771884,0.012625427362298729,0.0036,0.0002834663007478492,0.0144,0.00015940141608068145,0.01844286771682853,0.21039696530274787,11,2.1348351680640936,True
0.6411020856621269,0.0845069172278515,0.968008915682698,1.24931382193398,0.0540946102171823,0.0182586167401366,11.32870461100461,3.258084790589916,2.344576242643226,0.3188469422721868,2.726007175758565,0.3390526821785483,0.272412566469029,0.2834630402552862,0.5115935434030553,0.192079907158739,2.054196894693749,0.352138673477217,4.675853856361173,8.170290316029007,0.4886504288145603,1.7972124791106656,1.2474354350599146,0.3280186970135308,0.2909635370722087,0.1313681952863434,0.1378257366461089,1.865236124033816,0.3420905725069608,0.1839857056839169,119.83206843404277,4.693655470822785,100.0,51.85604862569084,174.23999999999998,22.03040167878466,348.1264503044755,2.1348351680640936,101.37676613465149,4.686613824813125,100.0,45.52048835321769,174.23999999999998,21.964349142929507,341.72483749614713,1.1563884177667159,0.8626560360785416,0.016349330676252608,0.0025000000000000005,0.0005210107069002201,0.005929,0.00026730061356145456,0.009217311320461675,1.951360802115287,0.008199133218340194,0.0012705231188091806,4e-06,2.5009259259259e-06,9e-06,1.6142289954286071e-06,1.7115154921354507e-05,1.0150074633697899,0.15627545266760154,0.027045279145059723,0.0009,0.0014675925925925928,0.0025000000000000005,0.0007314471240342024,0.005599039716626796,1.4202872533006907,0.014179120560012037,0.008822387311677988,0.0001,0.000203482905557985,0.0004,7.783451787725676e-05,0.0007813174234352417,0.2082451280749521,0.0008503820859153844,0.006411552138747042,0.0004,9.259259259259198e-05,0.0009,4.110800082787176e-05,0.0014337005934204638,0.5057441646974978,0.011773414107425106,0.1645771486412526,0.04000000000000001,0.039188102912426026,0.053824000000000004,0.027085637854884957,0.160097740767311,0.47042280077622556,9.264845985517638,0.41850909144562787,4.0,0.4105021473767655,5.3824,0.1751498596226449,9.96805200699941,0.875721064974331,1.3044688978664722,0.26323589357171,1.0,0.1174532852706986,1.3456,0.06929313566449664,2.532346420935195,0.1228723855528512,0.07142714106771884,0.012625427362298729,0.0036,0.0002834663007478492,0.0144,0.00015940141608068145,0.01844286771682853,0.21039696530274787,11,2.1348351680640936,True
0.7376739335359164,0.0718675111993016,0.985873634349499,1.1542938609138342,0.0245894057917787,0.0178777808313166,6.259836362463105,2.7424116247492827,4.44678312888643,0.7247977202096134,1.2486599931080398,0.2645721477360498,0.1696898718676318,0.176469414848153,0.6249055926883581,0.0899406952639863,2.0250213069116727,0.2956068001860398,9.575250149802406,6.888212875602772,0.5743833467986433,0.9466636915489904,3.2517977509521776,0.4080941381676561,0.4903730079775555,0.2329944755853212,0.270194160183429,2.3692560928366198,0.2680344357940798,0.0759979446816533,112.67467331758563,4.955979590042108,100.0,51.85604862569084,174.23999999999998,24.56173369691394,350.6577823226048,1.7448958641440633,107.68562932249964,4.936716042000918,100.0,45.52048835321769,174.23999999999998,24.37116527934921,344.13165363256684,1.492423535456562,0.9896437460832019,0.017331142395266154,0.0025000000000000005,0.0005210107069002201,0.005929,0.00030036849672499184,0.009250379203625212,0.6275415828394211,0.004505627963080434,0.0013394901065958767,4e-06,2.5009259259259e-06,9e-06,1.7942337456682332e-06,1.7295159671594136e-05,0.12158186364296664,0.07308712029164788,0.028444075658176977,0.0009,0.0014675925925925928,0.0025000000000000005,0.000809065440048096,0.00567665803264069,0.30642443882739306,0.008927264803121105,0.009296517716975348,0.0001,0.000203482905557985,0.0004,8.642524166203653e-05,0.0007899081472200215,0.3939731431676151,0.0012275193407016768,0.00673742754272621,0.0004,9.259259259259198e-05,0.0009,4.539292989348574e-05,0.0014379855224860778,0.49504469256183314,0.01736953745730363,0.17384730976155813,0.04000000000000001,0.039188102912426026,0.053824000000000004,0.030222887111331143,0.1632349900237572,0.4520293045318429,9.807502410042432,0.44090527502368193,4.0,0.4105021473767655,5.3824,0.1943974615437086,9.987299608920473,1.046588913800774,0.007587775467833756,0.1215757639279725,1.0,0.1174532852706986,1.3456,0.014780666374670098,2.4778339516453687,0.9480968377214737,0.12155118531284097,0.013251297021070729,0.0036,0.0002834663007478492,0.0144,0.00017559687274063798,0.018459063173488485,0.1586230635202766,11,1.7448958641440633,True
0.7376739335359164,0.0718675111993016,0.985873634349499,1.1542938609138342,0.0245894057917787,0.0178777808313166,6.259836362463105,2.7424116247492827,4.44678312888643,0.7247977202096134,1.2486599931080398,0.2645721477360498,0.1696898718676318,0.176469414848153,0.6249055926883581,0.0899406952639863,2.0250213069116727,0.2956068001860398,9.575250149802406,6.888212875602772,0.5743833467986433,0.9466636915489904,3.2517977509521776,0.4080941381676561,0.4903730079775555,0.2329944755853212,0.270194160183429,2.3692560928366198,0.2680344357940798,0.0759979446816533,112.67467331758563,4.955979590042108,100.0,51.85604862569084,174.23999999999998,24.56173369691394,350.6577823226048,1.7448958641440633,107.68562932249964,4.936716042000918,100.0,45.52048835321769,174.23999999999998,24.37116527934921,344.13165363256684,1.492423535456562,0.9896437460832019,0.017331142395266154,0.0025000000000000005,0.0005210107069002201,0.005929,0.00030036849672499184,0.009250379203625212,0.6275415828394211,0.004505627963080434,0.0013394901065958767,4e-06,2.5009259259259e-06,9e-06,1.7942337456682332e-06,1.7295159671594136e-05,0.12158186364296664,0.07308712029164788,0.028444075658176977,0.0009,0.0014675925925925928,0.0025000000000000005,0.000809065440048096,0.00567665803264069,0.30642443882739306,0.008927264803121105,0.009296517716975348,0.0001,0.000203482905557985,0.0004,8.642524166203653e-05,0.0007899081472200215,0.3939731431676151,0.0012275193407016768,0.00673742754272621,0.0004,9.259259259259198e-05,0.0009,4.539292989348574e-05,0.0014379855224860778,0.49504469256183314,0.01736953745730363,0.17384730976155813,0.04000000000000001,0.039188102912426026,0.053824000000000004,0.030222887111331143,0.1632349900237572,0.4520293045318429,9.807502410042432,0.44090527502368193,4.0,0.4105021473767655,5.3824,0.1943974615437086,9.987299608920473,1.046588913800774,0.007587775467833756,0.1215757639279725,1.0,0.1174532852706986,1.3456,0.014780666374670098,2.4778339516453687,0.9480968377214737,0.12155118531284097,0.013251297021070729,0.0036,0.0002834663007478492,0.0144,0.00017559687274063798,0.018459063173488485,0.1586230635202766,11,1.7448958641440633,True
0.7376739335359164,0.0718675111993016,0.985873634349499,1.1542938609138342,0.0245894057917787,0.0178777808313166,6.259836362463105,2.7424116247492827,4.44678312888643,0.7247977202096134,1.2486599931080398,0.2645721477360498,0.1696898718676318,0.176469414848153,0.6249055926883581,0.0899406952639863,2.0250213069116727,0.2956068001860398,9.575250149802406,6.888212875602772,0.5743833467986433,0.9466636915489904,3.2517977509521776,0.4080941381676561,0.4903730079775555,0.2329944755853212,0.270194160183429,2.3692560928366198,0.2680344357940798,0.0759979446816533,112.67467331758563,4.955979590042108,100.0,51.85604862569084,174.23999999999998,24.56173369691394,350.6577823226048,1.7448958641440633,107.68562932249964,4.936716042000918,100.0,45.52048835321769,174.23999999999998,24.37116527934921,344.13165363256684,1.492423535456562,0.9896437460832019,0.017331142395266154,0.0025000000000000005,0.0005210107069002201,0.005929,0.00030036849672499184,0.009250379203625212,0.6275415828394211,0.004505627963080434,0.0013394901065958767,4e-06,2.5009259259259e-06,9e-06,1.7942337456682332e-06,1.7295159671594136e-05,0.12158186364296664,0.07308712029164788,0.028444075658176977,0.0009,0.0014675925925925928,0.0025000000000000005,0.000809065440048096,0.00567665803264069,0.30642443882739306,0.008927264803121105,0.009296517716975348,0.0001,0.000203482905557985,0.0004,8.642524166203653e-05,0.0007899081472200215,0.3939731431676151,0.0012275193407016768,0.00673742754272621,0.0004,9.259259259259198e-05,0.0009,4.539292989348574e-05,0.0014379855224860778,0.49504469256183314,0.01736953745730363,0.17384730976155813,0.04000000000000001,0.039188102912426026,0.053824000000000004,0.030222887111331143,0.1632349900237572,0.4520293045318429,9.807502410042432,0.44090527502368193,4.0,0.4105021473767655,5.3824,0.1943974615437086,9.987299608920473,1.046588913800774,0.007587775467833756,0.1215757639279725,1.0,0.1174532852706986,1.3456,0.014780666374670098,2.4778339516453687,0.9480968377214737,0.12155118531284097,0.013251297021070729,0.0036,0.0002834663007478492,0.0144,0.00017559687274063798,0.018459063173488485,0.1586230635202766,11,1.7448958641440633,True
0.6586716319048508,0.0915206314724091,0.9628440477748854,1.2322096538445713,0.0307876937646259,0.0192963255526548,11.2679741525097,2.966762203009908,3.83479966987832,0.6245383248048217,2.716279320789159,0.3753609540663892,0.2240326201107564,0.2971589870366801,0.6720273379860985,0.1527695716217555,1.2852340633645585,0.2035172498989748,4.630564991086421,3.9640581823347327,0.3573128505235678,1.5184571775948168,2.315495742852454,0.5580900533932889,0.2634997402100256,0.3021035155718809,0.0828531189869087,2.2894190517505004,0.1212377175072016,0.0690695029483128,123.99762917347604,4.693655470822785,100.0,51.85604862569084,174.23999999999998,22.03040167878466,348.1264503044755,2.358092104268013,103.85998575418904,4.686613824813125,100.0,45.52048835321769,174.23999999999998,21.964349142929507,341.72483749614713,1.290719606531022,0.8467589983469022,0.016349330676252608,0.0025000000000000005,0.0005210107069002201,0.005929,0.00026730061356145456,0.009217311320461675,2.116943165432175,0.003923158291635894,0.0012705231188091806,4e-06,2.5009259259259e-06,9e-06,1.6142289954286071e-06,1.7115154921354507e-05,0.018574049317368894,0.040125041878598125,0.02704527914505973,0.0009,0.0014675925925925928,0.0025000000000000005,0.0007314471240342028,0.005599039716626796,0.13197099419159547,0.003952457624285661,0.008822387311677988,0.0001,0.000203482905557985,0.0004,7.783451787725676e-05,0.0007813174234352417,0.5741095571162979,0.0008503820888069082,0.006411552138747043,0.0004,9.259259259259198e-05,0.0009,4.110800082787179e-05,0.0014337005934204638,0.5057441646211324,0.011773414151768136,0.1645771486412526,0.04000000000000001,0.039188102912426026,0.053824000000000004,0.027085637854884957,0.160097740767311,0.4704228006654018,9.639671347378973,0.41850909144562787,4.0,0.4105021473767655,5.3824,0.1751498596226449,9.96805200699941,0.9944410467700415,1.261866034902333,0.2583694348785764,1.0,0.1174532852706986,1.3456,0.06675476487947492,2.5298080501501734,0.1497192208086156,0.058771963558183066,0.012625427362298729,0.0036,0.0002834663007478492,0.0144,0.00015940141608068145,0.01844286771682853,0.3035836831486733,11,2.358092104268013,True
0.6586716319048508,0.0915206314724091,0.9628440477748854,1.2322096538445713,0.0307876937646259,0.0192963255526548,11.2679741525097,2.966762203009908,3.83479966987832,0.6245383248048217,2.716279320789159,0.3753609540663892,0.2240326201107564,0.2971589870366801,0.6720273379860985,0.1527695716217555,1.2852340633645585,0.2035172498989748,4.630564991086421,3.9640581823347327,0.3573128505235678,1.5184571775948168,2.315495742852454,0.5580900533932889,0.2634997402100256,0.3021035155718809,0.0828531189869087,2.2894190517505004,0.1212377175072016,0.0690695029483128,123.99762917347604,4.693655470822785,100.0,51.85604862569084,174.23999999999998,22.03040167878466,348.1264503044755,2.358092104268013,103.85998575418904,4.686613824813125,100.0,45.52048835321769,174.23999999999998,21.964349142929507,341.72483749614713,1.290719606531022,0.8467589983469022,0.016349330676252608,0.0025000000000000005,0.0005210107069002201,0.005929,0.00026730061356145456,0.009217311320461675,2.116943165432175,0.003923158291635894,0.0012705231188091806,4e-06,2.5009259259259e-06,9e-06,1.6142289954286071e-06,1.7115154921354507e-05,0.018574049317368894,0.040125041878598125,0.02704527914505973,0.0009,0.0014675925925925928,0.0025000000000000005,0.0007314471240342028,0.005599039716626796,0.13197099419159547,0.003952457624285661,0.008822387311677988,0.0001,0.000203482905557985,0.0004,7.783451787725676e-05,0.0007813174234352417,0.5741095571162979,0.0008503820888069082,0.006411552138747043,0.0004,9.259259259259198e-05,0.0009,4.110800082787179e-05,0.0014337005934204638,0.5057441646211324,0.011773414151768136,0.1645771486412526,0.04000000000000001,0.039188102912426026,0.053824000000000004,0.027085637854884957,0.160097740767311,0.4704228006654018,9.639671347378973,0.41850909144562787,4.0,0.4105021473767655,5.3824,0.1751498596226449,9.96805200699941,0.9944410467700415,1.261866034902333,0.2583694348785764,1.0,0.1174532852706986,1.3456,0.06675476487947492,2.5298080501501734,0.1497192208086156,0.058771963558183066,0.012625427362298729,0.0036,0.0002834663007478492,0.0144,0.00015940141608068145,0.01844286771682853,0.3035836831486733,11,2.358092104268013,True
0.6586716319048508,0.0915206314724091,0.9628440477748854,1.2322096538445713,0.0307876937646259,0.0192963255526548,11.2679741525097,2.966762203009908,3.83479966987832,0.6245383248048217,2.716279320789159,0.3753609540663892,0.2240326201107564,0.2971589870366801,0.6720273379860985,0.1527695716217555,1.2852340633645585,0.2035172498989748,4.630564991086421,3.9640581823347327,0.3573128505235678,1.5184571775948168,2.315495742852454,0.5580900533932889,0.2634997402100256,0.3021035155718809,0.0828531189869087,2.2894190517505004,0.1212377175072016,0.0690695029483128,123.99762917347604,4.693655470822785,100.0,51.85604862569084,174.23999999999998,22.03040167878466,348.1264503044755,2.358092104268013,103.85998575418904,4.686613824813125,100.0,45.52048835321769,174.23999999999998,21.964349142929507,341.72483749614713,1.290719606531022,0.8467589983469022,0.016349330676252608,0.0025000000000000005,0.0005210107069002201,0.005929,0.00026730061356145456,0.009217311320461675,2.116943165432175,0.003923158291635894,0.0012705231188091806,4e-06,2.5009259259259e-06,9e-06,1.6142289954286071e-06,1.7115154921354507e-05,0.018574049317368894,0.040125041878598125,0.02704527914505973,0.0009,0.0014675925925925928,0.0025000000000000005,0.0007314471240342028,0.005599039716626796,0.13197099419159547,0.003952457624285661,0.008822387311677988,0.0001,0.000203482905557985,0.0004,7.783451787725676e-05,0.0007813174234352417,0.5741095571162979,0.0008503820888069082,0.006411552138747043,0.0004,9.259259259259198e-05,0.0009,4.110800082787179e-05,0.0014337005934204638,0.5057441646211324,0.011773414151768136,0.1645771486412526,0.04000000000000001,0.039188102912426026,0.053824000000000004,0.027085637854884957,0.160097740767311,0.4704228006654018,9.639671347378973,0.41850909144562787,4.0,0.4105021473767655,5.3824,0.1751498596226449,9.96805200699941,0.9944410467700415,1.261866034902333,0.2583694348785764,1.0,0.1174532852706986,1.3456,0.06675476487947492,2.5298080501501734,0.1497192208086156,0.058771963558183066,0.012625427362298729,0.0036,0.0002834663007478492,0.0144,0.00015940141608068145,0.01844286771682853,0.3035836831486733,11,2.358092104268013,True
0.6621644114942996,0.0469932348802145,1.2268068105262313,1.31876537562262,0.036995057454575,0.0144347012237844,10.886981143950289,4.50663965145028,3.24605722884591,0.7917730294849313,1.8942166203606048,0.4057601363555202,0.2414818581491059,0.1596559033870485,0.6102730715524485,0.1104390304751488,1.6740810827564765,0.4170324360637976,6.807718400712968,7.846720915841644,0.4750048544933469,1.1881092048040245,2.750447284101338,0.2467598802545406,0.6270627343410371,0.2280368375527139,0.0461960313757327,1.8693496976755648,0.3600251105310952,0.2134844839636834,121.10391416922884,4.955979590043874,100.0,51.85604862569084,174.23999999999998,24.561733696931448,350.6577823226223,2.19503494761544,121.79443611767205,4.936716042003473,100.0,45.52048835321769,174.23999999999998,24.371165279374438,344.1316536325921,2.252973894382678,1.0399417881698745,0.017331142395266973,0.0025000000000000005,0.0005210107069002201,0.005929,0.00030036849672502024,0.009250379203625241,0.10457816320264471,0.007634722079263294,0.0013394901065964906,4e-06,2.5009259259259e-06,9e-06,1.7942337456698777e-06,1.729515967159578e-05,0.8739949458664537,0.14413410075746663,0.028444075658176984,0.0009,0.0014675925925925928,0.0025000000000000005,0.0008090654400480965,0.00567665803264069,1.2493974404232264,0.04155420766278443,0.009296517716979957,0.0001,0.000203482905557985,0.0004,8.642524166212223e-05,0.0007899081472201072,0.7669088793695543,0.008619195715687372,0.006737427542730749,0.0004,9.259259259259198e-05,0.0009,4.53929298935469e-05,0.001437985522486139,0.3001205253735713,0.37515590152935563,0.17384730976161417,0.04000000000000001,0.039188102912426026,0.053824000000000004,0.030222887111350627,0.16323499002377667,0.4335289921003608,10.969867834630005,0.4409052750239061,4.0,0.4105021473767655,5.3824,0.19439746154390627,9.98729960892067,1.4143947734321904,0.007754627985072736,0.12159589638962053,1.0,0.1174532852706986,1.3456,0.01478556201879533,2.477838847289494,0.9479899034601471,0.09493261227983599,0.013251297021080567,0.0036,0.0002834663007478492,0.0144,0.0001755968727408987,0.018459063173488745,0.037297464271652175,11,2.252973894382678,True
0.6621644114942996,0.0469932348802145,1.2268068105262313,1.31876537562262,0.036995057454575,0.0144347012237844,10.886981143950289,4.50663965145028,3.24605722884591,0.7917730294849313,1.8942166203606048,0.4057601363555202,0.2414818581491059,0.1596559033870485,0.6102730715524485,0.1104390304751488,1.6740810827564765,0.4170324360637976,6.807718400712968,7.846720915841644,0.4750048544933469,1.1881092048040245,2.750447284101338,0.2467598802545406,0.6270627343410371,0.2280368375527139,0.0461960313757327,1.8693496976755648,0.3600251105310952,0.2134844839636834,121.10391416922884,4.955979590043874,100.0,51.85604862569084,174.23999999999998,24.561733696931448,350.6577823226223,2.19503494761544,121.79443611767205,4.936716042003473,100.0,45.52048835321769,174.23999999999998,24.371165279374438,344.1316536325921,2.252973894382678,1.0399417881698745,0.017331142395266973,0.0025000000000000005,0.0005210107069002201,0.005929,0.00030036849672502024,0.009250379203625241,0.10457816320264471,0.007634722079263294,0.0013394901065964906,4e-06,2.5009259259259e-06,9e-06,1.7942337456698777e-06,1.729515967159578e-05,0.8739949458664537,0.14413410075746663,0.028444075658176984,0.0009,0.0014675925925925928,0.0025000000000000005,0.0008090654400480965,0.00567665803264069,1.2493974404232264,0.04155420766278443,0.009296517716979957,0.0001,0.000203482905557985,0.0004,8.642524166212223e-05,0.0007899081472201072,0.7669088793695543,0.008619195715687372,0.006737427542730749,0.0004,9.259259259259198e-05,0.0009,4.53929298935469e-05,0.001437985522486139,0.3001205253735713,0.37515590152935563,0.17384730976161417,0.04000000000000001,0.039188102912426026,0.053824000000000004,0.030222887111350627,0.16323499002377667,0.4335289921003608,10.969867834630005,0.4409052750239061,4.0,0.4105021473767655,5.3824,0.19439746154390627,9.98729960892067,1.4143947734321904,0.007754627985072736,0.12159589638962053,1.0,0.1174532852706986,1.3456,0.01478556201879533,2.477838847289494,0.9479899034601471,0.09493261227983599,0.013251297021080567,0.0036,0.0002834663007478492,0.0144,0.0001755968727408987,0.018459063173488745,0.037297464271652175,11,2.252973894382678,True
0.6621644114942996,0.0469932348802145,1.2268068105262313,1.31876537562262,0.036995057454575,0.0144347012237844,10.886981143950289,4.50663965145028,3.24605722884591,0.7917730294849313,1.8942166203606048,0.4057601363555202,0.2414818581491059,0.1596559033870485,0.6102730715524485,0.1104390304751488,1.6740810827564765,0.4170324360637976,6.807718400712968,7.846720915841644,0.4750048544933469,1.1881092048040245,2.750447284101338,0.2467598802545406,0.6270627343410371,0.2280368375527139,0.0461960313757327,1.8693496976755648,0.3600251105310952,0.2134844839636834,121.10391416922884,4.955979590043874,100.0,51.85604862569084,174.23999999999998,24.561733696931448,350.6577823226223,2.19503494761544,121.79443611767205,4.936716042003473,100.0,45.52048835321769,174.23999999999998,24.371165279374438,344.1316536325921,2.252973894382678,1.0399417881698745,0.017331142395266973,0.0025000000000000005,0.0005210107069002201,0.005929,0.00030036849672502024,0.009250379203625241,0.10457816320264471,0.007634722079263294,0.0013394901065964906,4e-06,2.5009259259259e-06,9e-06,1.7942337456698777e-06,1.729515967159578e-05,0.8739949458664537,0.14413410075746663,0.028444075658176984,0.0009,0.0014675925925925928,0.0025000000000000005,0.0008090654400480965,0.00567665803264069,1.2493974404232264,0.04155420766278443,0.009296517716979957,0.0001,0.000203482905557985,0.0004,8.642524166212223e-05,0.0007899081472201072,0.7669088793695543,0.008619195715687372,0.006737427542730749,0.0004,9.259259259259198e-05,0.0009,4.53929298935469e-05,0.001437985522486139,0.3001205253735713,0.37515590152935563,0.17384730976161417,0.04000000000000001,0.039188102912426026,0.053824000000000004,0.030222887111350627,0.16323499002377667,0.4335289921003608,10.969867834630005,0.4409052750239061,4.0,0.4105021473767655,5.3824,0.19439746154390627,9.98729960892067,1.4143947734321904,0.007754627985072736,0.12159589638962053,1.0,0.1174532852706986,1.3456,0.01478556201879533,2.477838847289494,0.9479899034601471,0.09493261227983599,0.013251297021080567,0.0036,0.0002834663007478492,0.0144,0.0001755968727408987,0.018459063173488745,0.037297464271652175,11,2.252973894382678,True
0.7326431135043469,0.0963799940484164,1.0709169922043713,1.4406670065593872,0.0407753635980828,0.0186292417264711,12.681047288134163,3.240942727966781,2.788293348246576,0.7740882825633723,1.479484754867073,0.1992350964248311,0.1137560730352857,0.2039617282907272,0.5404465668219727,0.1418643620281448,2.0339250528644794,0.4176670255632431,4.891299963229744,7.679106412832537,0.5008327488613321,1.692739878806124,2.7085420468761376,0.4408478520494763,0.5984583315192894,0.2959518343546264,0.3101130166934243,1.804596074289448,0.2207568249162583,0.1426363135480307,133.9930690356922,4.693655470822785,100.0,51.85604862569084,174.23999999999998,22.03040167878466,348.1264503044755,2.8938066020843394,109.18271250048686,4.686613824813125,100.0,45.52048835321769,174.23999999999998,21.964349142929507,341.72483749614713,1.5786555609960196,0.8273869151165407,0.016349330676252608,0.0025000000000000005,0.0005210107069002201,0.005929,0.00026730061356145456,0.009217311320461675,2.318721344348525,0.00930771930163699,0.0012705231188091806,4e-06,2.5009259259259e-06,9e-06,1.6142289954286071e-06,1.7115154921354507e-05,1.2829730386031717,0.16918105386637966,0.027045279145059734,0.0009,0.0014675925925925928,0.0025000000000000005,0.0007314471240342029,0.005599039716626796,1.5927603919109443,0.022366653478383968,0.008822387311677988,0.0001,0.000203482905557985,0.0004,7.783451787725676e-05,0.0007813174234352417,0.08466831546611096,0.0008503820420672267,0.006411552138747044,0.0004,9.259259259259198e-05,0.0009,4.1108000827871795e-05,0.0014337005934204638,0.5057441658555341,0.011773413381691356,0.1645771486412526,0.04000000000000001,0.039188102912426026,0.053824000000000004,0.027085637854884957,0.160097740767311,0.470422802590006,10.087975666329836,0.41850909144562776,4.0,0.4105021473767655,5.3824,0.17514985962264482,9.96805200699941,1.1364343215060084,0.19577069821454743,0.1365910247444844,1.0,0.1174532852706986,1.3456,0.018657108040748348,2.481710393311447,0.827900992833973,0.07591191355756131,0.012625427362298726,0.0036,0.0002834663007478492,0.0144,0.00015940141608068134,0.01844286771682853,0.17737323029000612,11,2.8938066020843394,False
0.7326431135043469,0.0963799940484164,1.0709169922043713,1.4406670065593872,0.0407753635980828,0.0186292417264711,12.681047288134163,3.240942727966781,2.788293348246576,0.7740882825633723,1.479484754867073,0.1992350964248311,0.1137560730352857,0.2039617282907272,0.5404465668219727,0.1418643620281448,2.0339250528644794,0.4176670255632431,4.891299963229744,7.679106412832537,0.5008327488613321,1.692739878806124,2.7085420468761376,0.4408478520494763,0.5984583315192894,0.2959518343546264,0.3101130166934243,1.804596074289448,0.2207568249162583,0.1426363135480307,133.9930690356922,4.693655470822785,100.0,51.85604862569084,174.23999999999998,22.03040167878466,348.1264503044755,2.8938066020843394,109.18271250048686,4.686613824813125,100.0,45.52048835321769,174.23999999999998,21.964349142929507,341.72483749614713,1.5786555609960196,0.8273869151165407,0.016349330676252608,0.0025000000000000005,0.0005210107069002201,0.005929,0.00026730061356145456,0.009217311320461675,2.318721344348525,0.00930771930163699,0.0012705231188091806,4e-06,2.5009259259259e-06,9e-06,1.6142289954286071e-06,1.7115154921354507e-05,1.2829730386031717,0.16918105386637966,0.027045279145059734,0.0009,0.0014675925925925928,0.0025000000000000005,0.0007314471240342029,0.005599039716626796,1.5927603919109443,0.022366653478383968,0.008822387311677988,0.0001,0.000203482905557985,0.0004,7.783451787725676e-05,0.0007813174234352417,0.08466831546611096,0.0008503820420672267,0.006411552138747044,0.0004,9.259259259259198e-05,0.0009,4.1108000827871795e-05,0.0014337005934204638,0.5057441658555341,0.011773413381691356,0.1645771486412526,0.04000000000000001,0.039188102912426026,0.053824000000000004,0.027085637854884957,0.160097740767311,0.470422802590006,10.087975666329836,0.41850909144562776,4.0,0.4105021473767655,5.3824,0.17514985962264482,9.96805200699941,1.1364343215060084,0.19577069821454743,0.1365910247444844,1.0,0.1174532852706986,1.3456,0.018657108040748348,2.481710393311447,0.827900992833973,0.07591191355756131,0.012625427362298726,0.0036,0.0002834663007478492,0.0144,0.00015940141608068134,0.01844286771682853,0.17737323029000612,11,2.8938066020843394,False
0.7326431135043469,0.0963799940484164,1.0709169922043713,1.4406670065593872,0.0407753635980828,0.0186292417264711,12.681047288134163,3.240942727966781,2.788293348246576,0.7740882825633723,1.479484754867073,0.1992350964248311,0.1137560730352857,0.2039617282907272,0.5404465668219727,0.1418643620281448,2.0339250528644794,0.4176670255632431,4.891299963229744,7.679106412832537,0.5008327488613321,1.692739878806124,2.7085420468761376,0.4408478520494763,0.5984583315192894,0.2959518343546264,0.3101130166934243,1.804596074289448,0.2207568249162583,0.1426363135480307,133.9930690356922,4.693655470822785,100.0,51.85604862569084,174.23999999999998,22.03040167878466,348.1264503044755,2.8938066020843394,109.18271250048686,4.686613824813125,100.0,45.52048835321769,174.23999999999998,21.964349142929507,341.72483749614713,1.5786555609960196,0.8273869151165407,0.016349330676252608,0.0025000000000000005,0.0005210107069002201,0.005929,0.00026730061356145456,0.009217311320461675,2.318721344348525,0.00930771930163699,0.0012705231188091806,4e-06,2.5009259259259e-06,9e-06,1.6142289954286071e-06,1.7115154921354507e-05,1.2829730386031717,0.16918105386637966,0.027045279145059734,0.0009,0.0014675925925925928,0.0025000000000000005,0.0007314471240342029,0.005599039716626796,1.5927603919109443,0.022366653478383968,0.008822387311677988,0.0001,0.000203482905557985,0.0004,7.783451787725676e-05,0.0007813174234352417,0.08466831546611096,0.0008503820420672267,0.006411552138747044,0.0004,9.259259259259198e-05,0.0009,4.1108000827871795e-05,0.0014337005934204638,0.5057441658555341,0.011773413381691356,0.1645771486412526,0.04000000000000001,0.039188102912426026,0.053824000000000004,0.027085637854884957,0.160097740767311,0.470422802590006,10.087975666329836,0.41850909144562776,4.0,0.4105021473767655,5.3824,0.17514985962264482,9.96805200699941,1.1364343215060084,0.19577069821454743,0.1365910247444844,1.0,0.1174532852706986,1.3456,0.018657108040748348,2.481710393311447,0.827900992833973,0.07591191355756131,0.012625427362298726,0.0036,0.0002834663007478492,0.0144,0.00015940141608068134,0.01844286771682853,0.17737323029000612,11,2.8938066020843394,False
0.7682557754306771,0.0660179887591916,1.0133177916775475,1.1410190644515716,0.0586614612118273,0.0093405999164775,10.469893232314078,3.6551960592213977,3.8096616699075128,0.3891270918150655,2.7539703695507383,0.2478424868634598,0.2620810758187265,0.2471739450503726,0.5543663792251712,0.1566957369224745,1.1078086634856863,0.3006175036533061,7.202636832622725,3.8804489376771705,0.4929530390366182,1.3182005673304418,2.653935127620936,0.3438972294558797,0.619806085942054,0.1961700421342705,0.1029209276677714,2.14558568790595,0.3043692063132632,0.0847723459940921,116.22189804820977,4.693655470822785,100.0,51.85604862569084,174.23999999999998,22.03040167878466,348.1264503044755,1.9413448722954496,110.6120645746337,4.686613824813125,100.0,45.52048835321769,174.23999999999998,21.964349142929507,341.72483749614713,1.6559771807884043,0.9873747414147815,0.016349330676252608,0.0025000000000000005,0.0005210107069002201,0.005929,0.00026730061356145456,0.009217311320461675,0.6523000382161332,0.010838623916482645,0.001270523118809181,4e-06,2.5009259259259e-06,9e-06,1.6142289954286082e-06,1.711515492135451e-05,1.6530207434458868,0.16659993362662406,0.027045279145059734,0.0009,0.0014675925925925928,0.0025000000000000005,0.0007314471240342029,0.005599039716626796,1.558265764188894,0.04495784233301084,0.008822387311677988,0.0001,0.000203482905557985,0.0004,7.783451787725676e-05,0.0007813174234352417,0.892880384604401,0.023893338390797658,0.006411552138747043,0.0004,9.259259259259198e-05,0.0009,4.110800082787179e-05,0.0014337005934204638,0.10282362714351762,1.0398547235171653,0.1645771486412526,0.04000000000000001,0.039188102912426026,0.053824000000000004,0.027085637854884957,0.160097740767311,2.0989957896148224,10.047269400646398,0.41850909144562787,4.0,0.4105021473767655,5.3824,0.1751498596226449,9.96805200699941,1.1235412581953754,0.005137261380593661,0.1148152641186451,1.0,0.1174532852706986,1.3456,0.013182544874634232,2.476235830145333,0.9499599916184333,0.09513143572885659,0.012625427362298726,0.0036,0.0002834663007478492,0.0144,0.00015940141608068134,0.01844286771682853,0.035849795446009323,11,2.0989957896148224,True
0.7682557754306771,0.0660179887591916,1.0133177916775475,1.1410190644515716,0.0586614612118273,0.0093405999164775,10.469893232314078,3.6551960592213977,3.8096616699075128,0.3891270918150655,2.7539703695507383,0.2478424868634598,0.2620810758187265,0.2471739450503726,0.5543663792251712,0.1566957369224745,1.1078086634856863,0.3006175036533061,7.202636832622725,3.8804489376771705,0.4929530390366182,1.3182005673304418,2.653935127620936,0.3438972294558797,0.619806085942054,0.1961700421342705,0.1029209276677714,2.14558568790595,0.3043692063132632,0.0847723459940921,116.22189804820977,4.693655470822785,100.0,51.85604862569084,174.23999999999998,22.03040167878466,348.1264503044755,1.9413448722954496,110.6120645746337,4.686613824813125,100.0,45.52048835321769,174.23999999999998,21.964349142929507,341.72483749614713,1.6559771807884043,0.9873747414147815,0.016349330676252608,0.0025000000000000005,0.0005210107069002201,0.005929,0.00026730061356145456,0.009217311320461675,0.6523000382161332,0.010838623916482645,0.001270523118809181,4e-06,2.5009259259259e-06,9e-06,1.6142289954286082e-06,1.711515492135451e-05,1.6530207434458868,0.16659993362662406,0.027045279145059734,0.0009,0.0014675925925925928,0.0025000000000000005,0.0007314471240342029,0.005599039716626796,1.558265764188894,0.04495784233301084,0.008822387311677988,0.0001,0.000203482905557985,0.0004,7.783451787725676e-05,0.0007813174234352417,0.892880384604401,0.023893338390797658,0.006411552138747043,0.0004,9.259259259259198e-05,0.0009,4.110800082787179e-05,0.0014337005934204638,0.10282362714351762,1.0398547235171653,0.1645771486412526,0.04000000000000001,0.039188102912426026,0.053824000000000004,0.027085637854884957,0.160097740767311,2.0989957896148224,10.047269400646398,0.41850909144562787,4.0,0.4105021473767655,5.3824,0.1751498596226449,9.96805200699941,1.1235412581953754,0.005137261380593661,0.1148152641186451,1.0,0.1174532852706986,1.3456,0.013182544874634232,2.476235830145333,0.9499599916184333,0.09513143572885659,0.012625427362298726,0.0036,0.0002834663007478492,0.0144,0.00015940141608068134,0.01844286771682853,0.035849795446009323,11,2.0989957896148224,True
0.7682557754306771,0.0660179887591916,1.0133177916775475,1.1410190644515716,0.0586614612118273,0.0093405999164775,10.469893232314078,3.6551960592213977,3.8096616699075128,0.3891270918150655,2.7539703695507383,0.2478424868634598,0.2620810758187265,0.2471739450503726,0.5543663792251712,0.1566957369224745,1.1078086634856863,0.3006175036533061,7.202636832622725,3.8804489376771705,0.4929530390366182,1.3182005673304418,2.653935127620936,0.3438972294558797,0.619806085942054,0.1961700421342705,0.1029209276677714,2.14558568790595,0.3043692063132632,0.0847723459940921,116.22189804820977,4.693655470822785,100.0,51.85604862569084,174.23999999999998,22.03040167878466,348.1264503044755,1.9413448722954496,110.6120645746337,4.686613824813125,100.0,45.52048835321769,174.23999999999998,21.964349142929507,341.72483749614713,1.6559771807884043,0.9873747414147815,0.016349330676252608,0.0025000000000000005,0.0005210107069002201,0.005929,0.00026730061356145456,0.009217311320461675,0.6523000382161332,0.010838623916482645,0.001270523118809181,4e-06,2.5009259259259e-06,9e-06,1.6142289954286082e-06,1.711515492135451e-05,1.6530207434458868,0.16659993362662406,0.027045279145059734,0.0009,0.0014675925925925928,0.0025000000000000005,0.0007314471240342029,0.005599039716626796,1.558265764188894,0.04495784233301084,0.008822387311677988,0.0001,0.000203482905557985,0.0004,7.783451787725676e-05,0.0007813174234352417,0.892880384604401,0.023893338390797658,0.006411552138747043,0.0004,9.259259259259198e-05,0.0009,4.110800082787179e-05,0.0014337005934204638,0.10282362714351762,1.0398547235171653,0.1645771486412526,0.04000000000000001,0.039188102912426026,0.053824000000000004,0.027085637854884957,0.160097740767311,2.0989957896148224,10.047269400646398,0.41850909144562787,4.0,0.4105021473767655,5.3824,0.1751498596226449,9.96805200699941,1.1235412581953754,0.005137261380593661,0.1148152641186451,1.0,0.1174532852706986,1.3456,0.013182544874634232,2.476235830145333,0.9499599916184333,0.09513143572885659,0.012625427362298726,0.0036,0.0002834663007478492,0.0144,0.00015940141608068134,0.01844286771682853,0.035849795446009323,11,2.0989957896148224,True
0.7612996772778385,0.079477395466537,1.0275834679481353,1.3872167673469704,0.0518022885934484,0.0121838814171201,7.221081126437975,2.4382974646270044,3.016322850601022,0.320721167761089,2.031586893924761,0.3828986602898567,0.1266052978506458,0.1837631251496698,0.6848454983985786,0.0938040439692188,1.9211611281658616,0.334459772748538,8.341065387274643,5.582619109035568,0.2637624727717974,1.1635894183473126,2.620775331739906,0.6424056948718145,0.2105281227925652,0.0707446410412182,0.1121415453090854,2.1059468837152706,0.1972169920267644,0.1311771960531169,129.38570384740987,4.9559795900438495,100.0,51.85604862569084,174.23999999999998,24.561733696931203,350.65778232262204,2.6372998301656576,105.0908414424204,4.936716042003435,100.0,45.52048835321769,174.23999999999998,24.37116527937406,344.1316536325917,1.352548712434139,0.8223051618015973,0.017331142395266973,0.0025000000000000005,0.0005210107069002201,0.005929,0.00030036849672502024,0.009250379203625241,2.3674096699964893,0.009488999548049746,0.0013394901065964808,4e-06,2.5009259259259e-06,9e-06,1.7942337456698515e-06,1.7295159671595752e-05,1.319869238484139,0.13291615647338997,0.028444075658176984,0.0009,0.0014675925925925928,0.0025000000000000005,0.0008090654400480965,0.00567665803264069,1.100506966487042,0.013604081403519867,0.00929651771697989,0.0001,0.000203482905557985,0.0004,8.642524166212098e-05,0.000789908147220106,0.2275698016881695,0.0012275277911890144,0.006737427542730683,0.0004,9.259259259259198e-05,0.0009,4.539292989354601e-05,0.001437985522486138,0.49504446971599964,0.01736968152764401,0.17384730976161353,0.04000000000000001,0.039188102912426026,0.053824000000000004,0.030222887111350405,0.16323499002377645,0.4520289479428066,9.568147951351007,0.4409052750239029,4.0,0.4105021473767655,5.3824,0.19439746154390347,9.987299608920669,0.9708502772469012,0.007587775467833756,0.1215757639279725,1.0,0.1174532852706986,1.3456,0.014780666374670098,2.4778339516453687,0.9480968377214737,0.07444320958645574,0.013251297021080423,0.0036,0.0002834663007478492,0.0144,0.00017559687274089488,0.018459063173488742,0.1881054953727554,11,2.6372998301656576,False
0.7612996772778385,0.079477395466537,1.0275834679481353,1.3872167673469704,0.0518022885934484,0.0121838814171201,7.221081126437975,2.4382974646270044,3.016322850601022,0.320721167761089,2.031586893924761,0.3828986602898567,0.1266052978506458,0.1837631251496698,0.6848454983985786,0.0938040439692188,1.9211611281658616,0.334459772748538,8.341065387274643,5.582619109035568,0.2637624727717974,1.1635894183473126,2.620775331739906,0.6424056948718145,0.2105281227925652,0.0707446410412182,0.1121415453090854,2.1059468837152706,0.1972169920267644,0.1311771960531169,129.38570384740987,4.9559795900438495,100.0,51.85604862569084,174.23999999999998,24.561733696931203,350.65778232262204,2.6372998301656576,105.0908414424204,4.936716042003435,100.0,45.52048835321769,174.23999999999998,24.37116527937406,344.1316536325917,1.352548712434139,0.8223051618015973,0.017331142395266973,0.0025000000000000005,0.0005210107069002201,0.005929,0.00030036849672502024,0.009250379203625241,2.3674096699964893,0.009488999548049746,0.0013394901065964808,4e-06,2.5009259259259e-06,9e-06,1.7942337456698515e-06,1.7295159671595752e-05,1.319869238484139,0.13291615647338997,0.028444075658176984,0.0009,0.0014675925925925928,0.0025000000000000005,0.0008090654400480965,0.00567665803264069,1.100506966487042,0.013604081403519867,0.00929651771697989,0.0001,0.000203482905557985,0.0004,8.642524166212098e-05,0.000789908147220106,0.2275698016881695,0.0012275277911890144,0.006737427542730683,0.0004,9.259259259259198e-05,0.0009,4.539292989354601e-05,0.001437985522486138,0.49504446971599964,0.01736968152764401,0.17384730976161353,0.04000000000000001,0.039188102912426026,0.053824000000000004,0.030222887111350405,0.16323499002377645,0.4520289479428066,9.568147951351007,0.4409052750239029,4.0,0.4105021473767655,5.3824,0.19439746154390347,9.987299608920669,0.9708502772469012,0.007587775467833756,0.1215757639279725,1.0,0.1174532852706986,1.3456,0.014780666374670098,2.4778339516453687,0.9480968377214737,0.07444320958645574,0.013251297021080423,0.0036,0.0002834663007478492,0.0144,0.00017559687274089488,0.018459063173488742,0.1881054953727554,11,2.6372998301656576,False
0.7612996772778385,0.079477395466537,1.0275834679481353,1.3872167673469704,0.0518022885934484,0.0121838814171201,7.221081126437975,2.4382974646270044,3.016322850601022,0.320721167761089,2.031586893924761,0.3828986602898567,0.1266052978506458,0.1837631251496698,0.6848454983985786,0.0938040439692188,1.9211611281658616,0.334459772748538,8.341065387274643,5.582619109035568,0.2637624727717974,1.1635894183473126,2.620775331739906,0.6424056948718145,0.2105281227925652,0.0707446410412182,0.1121415453090854,2.1059468837152706,0.1972169920267644,0.1311771960531169,129.38570384740987,4.9559795900438495,100.0,51.85604862569084,174.23999999999998,24.561733696931203,350.65778232262204,2.6372998301656576,105.0908414424204,4.936716042003435,100.0,45.52048835321769,174.23999999999998,24.37116527937406,344.1316536325917,1.352548712434139,0.8223051618015973,0.017331142395266973,0.0025000000000000005,0.0005210107069002201,0.005929,0.00030036849672502024,0.009250379203625241,2.3674096699964893,0.009488999548049746,0.0013394901065964808,4e-06,2.5009259259259e-06,9e-06,1.7942337456698515e-06,1.7295159671595752e-05,1.319869238484139,0.13291615647338997,0.028444075658176984,0.0009,0.0014675925925925928,0.0025000000000000005,0.0008090654400480965,0.00567665803264069,1.100506966487042,0.013604081403519867,0.00929651771697989,0.0001,0.000203482905557985,0.0004,8.642524166212098e-05,0.000789908147220106,0.2275698016881695,0.0012275277911890144,0.006737427542730683,0.0004,9.259259259259198e-05,0.0009,4.539292989354601e-05,0.001437985522486138,0.49504446971599964,0.01736968152764401,0.17384730976161353,0.04000000000000001,0.039188102912426026,0.053824000000000004,0.030222887111350405,0.16323499002377645,0.4520289479428066,9.568147951351007,0.4409052750239029,4.0,0.4105021473767655,5.3824,0.19439746154390347,9.987299608920669,0.9708502772469012,0.007587775467833756,0.1215757639279725,1.0,0.1174532852706986,1.3456,0.014780666374670098,2.4778339516453687,0.9480968377214737,0.07444320958645574,0.013251297021080423,0.0036,0.0002834663007478492,0.0144,0.00017559687274089488,0.018459063173488742,0.1881054953727554,11,2.6372998301656576,False
0.7730749273178349,0.0844890539690586,1.2072472719766087,1.0540972929092831,0.0415640372045316,0.0174930667326248,11.960489939308935,3.611492566496176,4.304914416018373,0.5686912610701842,1.7927921626594592,0.2435428749392215,0.1742305595670845,0.2346380615772472,0.644159340994513,0.1605684250853458,1.043031030837719,0.4460372496297771,9.683960541851302,8.672595487273025,0.3397337957647311,1.8372071721456449,1.4546861083184923,0.2906591109205244,0.4013433772686107,0.1867762562986407,0.1898928788677812,1.5320831840420617,0.3963235182537453,0.2101597150011114,100.43073509556537,4.693655470822776,100.0,51.85604862569084,174.23999999999998,22.030401678784575,348.12645030447544,1.0950034358280356,124.08984861419086,4.686613824813113,100.0,45.52048835321769,174.23999999999998,21.9643491429294,341.724837496147,2.3850656342210774,1.2905382840286304,0.0163493306762525,0.0025000000000000005,0.0005210107069002201,0.005929,0.00026730061356145104,0.009217311320461672,2.50542888618671,0.010284330854985676,0.001270523118809178,4e-06,2.5009259259259e-06,9e-06,1.6142289954286006e-06,1.7115154921354504e-05,1.5190379510314325,0.09949080739297764,0.02704527914505973,0.0009,0.0014675925925925928,0.0025000000000000005,0.0007314471240342028,0.005599039716626796,0.661405443415573,0.0557317932244351,0.008822387311677967,0.0001,0.000203482905557985,0.0004,7.783451787725639e-05,0.0007813174234352414,1.2783243379432676,0.03925530991235368,0.0064115521387470165,0.0004,9.259259259259198e-05,0.0009,4.110800082787144e-05,0.0014337005934204634,0.5085355055806223,1.5570340524311077,0.16457714864125203,0.04000000000000001,0.039188102912426026,0.053824000000000004,0.027085637854884766,0.16009774076731081,3.3915493747397134,11.346860819600174,0.4185090914456265,4.0,0.4105021473767655,5.3824,0.17514985962264376,9.96805200699941,1.5351662049009078,0.005137261380593689,0.11481526411864512,1.0,0.1174532852706986,1.3456,0.013182544874634237,2.476235830145333,0.9499599916184331,0.12887525737101244,0.012625427362298677,0.0036,0.0002834663007478492,0.0144,0.00015940141608068012,0.01844286771682853,0.2126236838111106,11,3.3915493747397134,False
0.7730749273178349,0.0844890539690586,1.2072472719766087,1.0540972929092831,0.0415640372045316,0.0174930667326248,11.960489939308935,3.611492566496176,4.304914416018373,0.5686912610701842,1.7927921626594592,0.2435428749392215,0.1742305595670845,0.2346380615772472,0.644159340994513,0.1605684250853458,1.043031030837719,0.4460372496297771,9.683960541851302,8.672595487273025,0.3397337957647311,1.8372071721456449,1.4546861083184923,0.2906591109205244,0.4013433772686107,0.1867762562986407,0.1898928788677812,1.5320831840420617,0.3963235182537453,0.2101597150011114,100.43073509556537,4.693655470822776,100.0,51.85604862569084,174.23999999999998,22.030401678784575,348.12645030447544,1.0950034358280356,124.08984861419086,4.686613824813113,100.0,45.52048835321769,174.23999999999998,21.9643491429294,341.724837496147,2.3850656342210774,1.2905382840286304,0.0163493306762525,0.0025000000000000005,0.0005210107069002201,0.005929,0.00026730061356145104,0.009217311320461672,2.50542888618671,0.010284330854985676,0.001270523118809178,4e-06,2.5009259259259e-06,9e-06,1.6142289954286006e-06,1.7115154921354504e-05,1.5190379510314325,0.09949080739297764,0.02704527914505973,0.0009,0.0014675925925925928,0.0025000000000000005,0.0007314471240342028,0.005599039716626796,0.661405443415573,0.0557317932244351,0.008822387311677967,0.0001,0.000203482905557985,0.0004,7.783451787725639e-05,0.0007813174234352414,1.2783243379432676,0.03925530991235368,0.0064115521387470165,0.0004,9.259259259259198e-05,0.0009,4.110800082787144e-05,0.0014337005934204634,0.5085355055806223,1.5570340524311077,0.16457714864125203,0.04000000000000001,0.039188102912426026,0.053824000000000004,0.027085637854884766,0.16009774076731081,3.3915493747397134,11.346860819600174,0.4185090914456265,4.0,0.4105021473767655,5.3824,0.17514985962264376,9.96805200699941,1.5351662049009078,0.005137261380593689,0.11481526411864512,1.0,0.1174532852706986,1.3456,0.013182544874634237,2.476235830145333,0.9499599916184331,0.12887525737101244,0.012625427362298677,0.0036,0.0002834663007478492,0.0144,0.00015940141608068012,0.01844286771682853,0.2126236838111106,11,3.3915493747397134,False
0.7730749273178349,0.0844890539690586,1.2072472719766087,1.0540972929092831,0.0415640372045316,0.0174930667326248,11.960489939308935,3.611492566496176,4.304914416018373,0.5686912610701842,1.7927921626594592,0.2435428749392215,0.1742305595670845,0.2346380615772472,0.644159340994513,0.1605684250853458,1.043031030837719,0.4460372496297771,9.683960541851302,8.672595487273025,0.3397337957647311,1.8372071721456449,1.4546861083184923,0.2906591109205244,0.4013433772686107,0.1867762562986407,0.1898928788677812,1.5320831840420617,0.3963235182537453,0.2101597150011114,100.43073509556537,4.693655470822776,100.0,51.85604862569084,174.23999999999998,22.030401678784575,348.12645030447544,1.0950034358280356,124.08984861419086,4.686613824813113,100.0,45.52048835321769,174.23999999999998,21.9643491429294,341.724837496147,2.3850656342210774,1.2905382840286304,0.0163493306762525,0.0025000000000000005,0.0005210107069002201,0.005929,0.00026730061356145104,0.009217311320461672,2.50542888618671,0.010284330854985676,0.001270523118809178,4e-06,2.5009259259259e-06,9e-06,1.6142289954286006e-06,1.7115154921354504e-05,1.5190379510314325,0.09949080739297764,0.02704527914505973,0.0009,0.0014675925925925928,0.0025000000000000005,0.0007314471240342028,0.005599039716626796,0.661405443415573,0.0557317932244351,0.008822387311677967,0.0001,0.000203482905557985,0.0004,7.783451787725639e-05,0.0007813174234352414,1.2783243379432676,0.03925530991235368,0.0064115521387470165,0.0004,9.259259259259198e-05,0.0009,4.110800082787144e-05,0.0014337005934204634,0.5085355055806223,1.5570340524311077,0.16457714864125203,0.04000000000000001,0.039188102912426026,0.053824000000000004,0.027085637854884766,0.16009774076731081,3.3915493747397134,11.346860819600174,0.4185090914456265,4.0,0.4105021473767655,5.3824,0.17514985962264376,9.96805200699941,1.5351662049009078,0.005137261380593689,0.11481526411864512,1.0,0.1174532852706986,1.3456,0.013182544874634237,2.476235830145333,0.9499599916184331,0.12887525737101244,0.012625427362298677,0.0036,0.0002834663007478492,0.0144,0.00015940141608068012,0.01844286771682853,0.2126236838111106,11,3.3915493747397134,False
0.8440203499268364,0.0648659767112204,1.068972943239636,1.1176978104595656,0.05806998570525,0.0209833712994524,12.23381459094634,4.117029802769447,2.862810718745699,0.5334683542349036,1.363777760232304,0.1472484878987459,0.2886377502475746,0.3672797405117438,0.551529891917264,0.1933594349877725,1.2236237306735682,0.2478324131679347,8.249252473664864,7.922625167890497,0.5825766294283337,1.4938127500768363,1.1213763414893556,0.691787217381279,0.6144163648274252,0.055655366980797,0.3012466141038176,1.2510020008629064,0.3325374977532613,0.0710320858403988,106.91408658090457,4.693655470822785,100.0,51.85604862569084,174.23999999999998,22.03040167878466,348.1264503044755,1.442484430462838,111.70415040441992,4.686613824813125,100.0,45.52048835321769,174.23999999999998,21.964349142929507,341.72483749614713,1.7150541897624054,1.072551858024779,0.016349330676252608,0.0025000000000000005,0.0005210107069002201,0.005929,0.00026730061356145456,0.009217311320461675,0.2348984768085301,0.010812229006819992,0.0012705231188091806,4e-06,2.5009259259259e-06,9e-06,1.6142289954286071e-06,1.7115154921354507e-05,1.6466406099970237,0.1407887312290678,0.027045279145059734,0.0009,0.0014675925925925928,0.0025000000000000005,0.0007314471240342029,0.005599039716626796,1.2133194869683865,0.04564494500656571,0.008822387311677988,0.0001,0.000203482905557985,0.0004,7.783451787725676e-05,0.0007813174234352417,0.9174618564816767,0.026453666855568856,0.006411552138747044,0.0004,9.259259259259198e-05,0.0009,4.1108000827871795e-05,0.0014337005934204638,0.17044227032357573,1.766511178959132,0.1645771486412526,0.04000000000000001,0.039188102912426026,0.053824000000000004,0.027085637854884957,0.160097740767311,3.915082307627893,10.235546432344762,0.41850909144562776,4.0,0.4105021473767655,5.3824,0.17514985962264482,9.96805200699941,1.183175018474514,0.005137261380593689,0.11481526411864512,1.0,0.1174532852706986,1.3456,0.013182544874634237,2.476235830145333,0.9499599916184331,0.10121210693013787,0.012625427362298726,0.0036,0.0002834663007478492,0.0144,0.00015940141608068134,0.01844286771682853,0.00892537986233201,11,3.915082307627893,False
0.8440203499268364,0.0648659767112204,1.068972943239636,1.1176978104595656,0.05806998570525,0.0209833712994524,12.23381459094634,4.117029802769447,2.862810718745699,0.5334683542349036,1.363777760232304,0.1472484878987459,0.2886377502475746,0.3672797405117438,0.551529891917264,0.1933594349877725,1.2236237306735682,0.2478324131679347,8.249252473664864,7.922625167890497,0.5825766294283337,1.4938127500768363,1.1213763414893556,0.691787217381279,0.6144163648274252,0.055655366980797,0.3012466141038176,1.2510020008629064,0.3325374977532613,0.0710320858403988,106.91408658090457,4.693655470822785,100.0,51.85604862569084,174.23999999999998,22.03040167878466,348.1264503044755,1.442484430462838,111.70415040441992,4.686613824813125,100.0,45.52048835321769,174.23999999999998,21.964349142929507,341.72483749614713,1.7150541897624054,1.072551858024779,0.016349330676252608,0.0025000000000000005,0.0005210107069002201,0.005929,0.00026730061356145456,0.009217311320461675,0.2348984768085301,0.010812229006819992,0.0012705231188091806,4e-06,2.5009259259259e-06,9e-06,1.6142289954286071e-06,1.7115154921354507e-05,1.6466406099970237,0.1407887312290678,0.027045279145059734,0.0009,0.0014675925925925928,0.0025000000000000005,0.0007314471240342029,0.005599039716626796,1.2133194869683865,0.04564494500656571,0.008822387311677988,0.0001,0.000203482905557985,0.0004,7.783451787725676e-05,0.0007813174234352417,0.9174618564816767,0.026453666855568856,0.006411552138747044,0.0004,9.259259259259198e-05,0.0009,4.1108000827871795e-05,0.0014337005934204638,0.17044227032357573,1.766511178959132,0.1645771486412526,0.04000000000000001,0.039188102912426026,0.053824000000000004,0.027085637854884957,0.160097740767311,3.915082307627893,10.235546432344762,0.41850909144562776,4.0,0.4105021473767655,5.3824,0.17514985962264482,9.96805200699941,1.183175018474514,0.005137261380593689,0.11481526411864512,1.0,0.1174532852706986,1.3456,0.013182544874634237,2.476235830145333,0.9499599916184331,0.10121210693013787,0.012625427362298726,0.0036,0.0002834663007478492,0.0144,0.00015940141608068134,0.01844286771682853,0.00892537986233201,11,3.915082307627893,False
0.8440203499268364,0.0648659767112204,1.068972943239636,1.1176978104595656,0.05806998570525,0.0209833712994524,12.23381459094634,4.117029802769447,2.862810718745699,0.5334683542349036,1.363777760232304,0.1472484878987459,0.2886377502475746,0.3672797405117438,0.551529891917264,0.1933594349877725,1.2236237306735682,0.2478324131679347,8.249252473664864,7.922625167890497,0.5825766294283337,1.4938127500768363,1.1213763414893556,0.691787217381279,0.6144163648274252,0.055655366980797,0.3012466141038176,1.2510020008629064,0.3325374977532613,0.0710320858403988,106.91408658090457,4.693655470822785,100.0,51.85604862569084,174.23999999999998,22.03040167878466,348.1264503044755,1.442484430462838,111.70415040441992,4.686613824813125,100.0,45.52048835321769,174.23999999999998,21.964349142929507,341.72483749614713,1.7150541897624054,1.072551858024779,0.016349330676252608,0.0025000000000000005,0.0005210107069002201,0.005929,0.00026730061356145456,0.009217311320461675,0.2348984768085301,0.010812229006819992,0.0012705231188091806,4e-06,2.5009259259259e-06,9e-06,1.6142289954286071e-06,1.7115154921354507e-05,1.6466406099970237,0.1407887312290678,0.027045279145059734,0.0009,0.0014675925925925928,0.0025000000000000005,0.0007314471240342029,0.005599039716626796,1.2133194869683865,0.04564494500656571,0.008822387311677988,0.0001,0.000203482905557985,0.0004,7.783451787725676e-05,0.0007813174234352417,0.9174618564816767,0.026453666855568856,0.006411552138747044,0.0004,9.259259259259198e-05,0.0009,4.1108000827871795e-05,0.0014337005934204638,0.17044227032357573,1.766511178959132,0.1645771486412526,0.04000000000000001,0.039188102912426026,0.053824000000000004,0.027085637854884957,0.160097740767311,3.915082307627893,10.235546432344762,0.41850909144562776,4.0,0.4105021473767655,5.3824,0.17514985962264482,9.96805200699941,1.183175018474514,0.005137261380593689,0.11481526411864512,1.0,0.1174532852706986,1.3456,0.013182544874634237,2.476235830145333,0.9499599916184331,0.10121210693013787,0.012625427362298726,0.0036,0.0002834663007478492,0.0144,0.00015940141608068134,0.01844286771682853,0.00892537986233201,11,3.915082307627893,False
0.8187140669261695,0.048418477542684,1.0954058877307145,1.272236858364983,0.0526179359842219,0.0235463393753754,9.020287487997347,3.843350510130428,2.6611782144161564,0.7479453034282146,2.6208620348661285,0.0880630185976127,0.2267024186207001,0.1183643248481271,0.7700455450130614,0.1504634375739439,2.115088160929636,0.3285296981657467,5.6572236022333,6.378778920664497,0.4009957971694469,1.225131027115737,1.1074000458568607,0.5333202363365088,0.5677219345791741,0.2734358421313756,0.1224783732654744,1.404734620917033,0.3018887843355495,0.1516004796644385,121.17824314941022,4.955979590043874,100.0,51.85604862569084,174.23999999999998,24.561733696931448,350.6577823226223,2.1990042705477286,115.27618967452798,4.936716042003472,100.0,45.52048835321769,174.23999999999998,24.37116527937443,344.1316536325921,1.9016008304607355,0.9693468590042232,0.017331142395266973,0.0025000000000000005,0.0005210107069002201,0.005929,0.00030036849672502024,0.009250379203625241,0.8385742400651913,0.010454768707829569,0.0013394901065964901,4e-06,2.5009259259259e-06,9e-06,1.7942337456698765e-06,1.729515967159578e-05,1.5520953471423107,0.15909135980290215,0.028444075658176984,0.0009,0.0014675925925925928,0.0025000000000000005,0.0008090654400480965,0.00567665803264069,1.4479180723381384,0.04287940906565836,0.009296517716979955,0.0001,0.000203482905557985,0.0004,8.64252416621222e-05,0.0007899081472201072,0.8140601706031344,0.02340253378951413,0.006737427542730749,0.0004,9.259259259259198e-05,0.0009,4.53929298935469e-05,0.001437985522486139,0.08972742198175718,1.0954337306894242,0.17384730976161417,0.04000000000000001,0.039188102912426026,0.053824000000000004,0.030222887111350627,0.16323499002377667,2.2162911975500372,10.54548342526684,0.44090527502390603,4.0,0.4105021473767655,5.3824,0.19439746154390622,9.98729960892067,1.2801073374863234,0.007587775467833756,0.1215757639279725,1.0,0.1174532852706986,1.3456,0.014780666374670098,2.4778339516453687,0.9480968377214737,0.07325623638195854,0.013251297021080567,0.0036,0.0002834663007478492,0.0144,0.0001755968727408987,0.018459063173488745,0.19684196732456213,11,2.2162911975500372,True
0.8187140669261695,0.048418477542684,1.0954058877307145,1.272236858364983,0.0526179359842219,0.0235463393753754,9.020287487997347,3.843350510130428,2.6611782144161564,0.7479453034282146,2.6208620348661285,0.0880630185976127,0.2267024186207001,0.1183643248481271,0.7700455450130614,0.1504634375739439,2.115088160929636,0.3285296981657467,5.6572236022333,6.378778920664497,0.4009957971694469,1.225131027115737,1.1074000458568607,0.5333202363365088,0.5677219345791741,0.2734358421313756,0.1224783732654744,1.404734620917033,0.3018887843355495,0.1516004796644385,121.17824314941022,4.955979590043874,100.0,51.85604862569084,174.23999999999998,24.561733696931448,350.6577823226223,2.1990042705477286,115.27618967452798,4.936716042003472,100.0,45.52048835321769,174.23999999999998,24.37116527937443,344.1316536325921,1.9016008304607355,0.9693468590042232,0.017331142395266973,0.0025000000000000005,0.0005210107069002201,0.005929,0.00030036849672502024,0.009250379203625241,0.8385742400651913,0.010454768707829569,0.0013394901065964901,4e-06,2.5009259259259e-06,9e-06,1.7942337456698765e-06,1.729515967159578e-05,1.5520953471423107,0.15909135980290215,0.028444075658176984,0.0009,0.0014675925925925928,0.0025000000000000005,0.0008090654400480965,0.00567665803264069,1.4479180723381384,0.04287940906565836,0.009296517716979955,0.0001,0.000203482905557985,0.0004,8.64252416621222e-05,0.0007899081472201072,0.8140601706031344,0.02340253378951413,0.006737427542730749,0.0004,9.259259259259198e-05,0.0009,4.53929298935469e-05,0.001437985522486139,0.08972742198175718,1.0954337306894242,0.17384730976161417,0.04000000000000001,0.039188102912426026,0.053824000000000004,0.030222887111350627,0.16323499002377667,2.2162911975500372,10.54548342526684,0.44090527502390603,4.0,0.4105021473767655,5.3824,0.19439746154390622,9.98729960892067,1.2801073374863234,0.007587775467833756,0.1215757639279725,1.0,0.1174532852706986,1.3456,0.014780666374670098,2.4778339516453687,0.9480968377214737,0.07325623638195854,0.013251297021080567,0.0036,0.0002834663007478492,0.0144,0.0001755968727408987,0.018459063173488745,0.19684196732456213,11,2.2162911975500372,True
0.8187140669261695,0.048418477542684,1.0954058877307145,1.272236858364983,0.0526179359842219,0.0235463393753754,9.020287487997347,3.843350510130428,2.6611782144161564,0.7479453034282146,2.6208620348661285,0.0880630185976127,0.2267024186207001,0.1183643248481271,0.7700455450130614,0.1504634375739439,2.115088160929636,0.3285296981657467,5.6572236022333,6.378778920664497,0.4009957971694469,1.225131027115737,1.1074000458568607,0.5333202363365088,0.5677219345791741,0.2734358421313756,0.1224783732654744,1.404734620917033,0.3018887843355495,0.1516004796644385,121.17824314941022,4.955979590043874,100.0,51.85604862569084,174.23999999999998,24.561733696931448,350.6577823226223,2.1990042705477286,115.27618967452798,4.936716042003472,100.0,45.52048835321769,174.23999999999998,24.37116527937443,344.1316536325921,1.9016008304607355,0.9693468590042232,0.017331142395266973,0.0025000000000000005,0.0005210107069002201,0.005929,0.00030036849672502024,0.009250379203625241,0.8385742400651913,0.010454768707829569,0.0013394901065964901,4e-06,2.5009259259259e-06,9e-06,1.7942337456698765e-06,1.729515967159578e-05,1.5520953471423107,0.15909135980290215,0.028444075658176984,0.0009,0.0014675925925925928,0.0025000000000000005,0.0008090654400480965,0.00567665803264069,1.4479180723381384,0.04287940906565836,0.009296517716979955,0.0001,0.000203482905557985,0.0004,8.64252416621222e-05,0.0007899081472201072,0.8140601706031344,0.02340253378951413,0.006737427542730749,0.0004,9.259259259259198e-05,0.0009,4.53929298935469e-05,0.001437985522486139,0.08972742198175718,1.0954337306894242,0.17384730976161417,0.04000000000000001,0.039188102912426026,0.053824000000000004,0.030222887111350627,0.16323499002377667,2.2162911975500372,10.54548342526684,0.44090527502390603,4.0,0.4105021473767655,5.3824,0.19439746154390622,9.98729960892067,1.2801073374863234,0.007587775467833756,0.1215757639279725,1.0,0.1174532852706986,1.3456,0.014780666374670098,2.4778339516453687,0.9480968377214737,0.07325623638195854,0.013251297021080567,0.0036,0.0002834663007478492,0.0144,0.0001755968727408987,0.018459063173488745,0.19684196732456213,11,2.2162911975500372,True
0.8221138488160334,0.0541094251698368,0.9500109579610536,1.1915843784939026,0.032627793408158,0.0119081724465226,7.579057209928937,2.677032168107633,3.66532571493146,0.8330611677624857,1.8240164066665967,0.3886952994148341,0.1605524794128709,0.1949665610935074,0.6192428090562657,0.1130850629812702,1.412767495631897,0.269875337494645,9.88893308447236,7.443366987086829,0.3364821983464654,0.823088767895324,3.135166397434285,0.4959803409577694,0.5913631488240201,0.0860146616992575,0.1609468867166499,2.430586888584802,0.2427412772346507,0.0885623172770022,116.05988630590082,4.693655470821939,100.0,51.85604862569084,174.23999999999998,22.03040167877672,348.1264503044676,1.9326617087361095,102.51649887649135,4.686613824811894,100.0,45.52048835321769,174.23999999999998,21.964349142917968,341.7248374961356,1.2180429137607167,0.9014522053242711,0.01634933067625201,0.0025000000000000005,0.0005210107069002201,0.005929,0.00026730061356143505,0.009217311320461656,1.5472627871395535,0.005031743338782519,0.0012705231188088863,4e-06,2.5009259259259e-06,9e-06,1.6142289954278594e-06,1.7115154921353762e-05,0.2493912754595308,0.08142296571468823,0.02704527914505973,0.0009,0.0014675925925925928,0.0025000000000000005,0.0007314471240342028,0.005599039716626796,0.4199430493612174,0.010562258959062185,0.008822387311675771,0.0001,0.000203482905557985,0.0004,7.783451787721765e-05,0.0007813174234352026,0.3376403191426414,0.000850377183831838,0.00641155213874484,0.0004,9.259259259259198e-05,0.0009,4.110800082784354e-05,0.0014337005934204356,0.5057442941622347,0.011773341449092478,0.16457714864122605,0.04000000000000001,0.039188102912426026,0.053824000000000004,0.027085637854876214,0.16009774076730227,0.47042298236661345,9.3695483296211,0.4185090914455199,4.0,0.4105021473767655,5.3824,0.17514985962255453,9.968052006999319,0.9088838699782552,0.005137261380593717,0.11481526411864512,1.0,0.1174532852706986,1.3456,0.013182544874634237,2.476235830145333,0.9499599916184331,0.0863827159244357,0.012625427362293927,0.0036,0.0002834663007478492,0.0144,0.00015940141608056018,0.018442867716828407,0.10027121374008899,11,1.9326617087361095,True
0.8221138488160334,0.0541094251698368,0.9500109579610536,1.1915843784939026,0.032627793408158,0.0119081724465226,7.579057209928937,2.677032168107633,3.66532571493146,0.8330611677624857,1.8240164066665967,0.3886952994148341,0.1605524794128709,0.1949665610935074,0.6192428090562657,0.1130850629812702,1.412767495631897,0.269875337494645,9.88893308447236,7.443366987086829,0.3364821983464654,0.823088767895324,3.135166397434285,0.4959803409577694,0.5913631488240201,0.0860146616992575,0.1609468867166499,2.430586888584802,0.2427412772346507,0.0885623172770022,116.05988630590082,4.693655470821939,100.0,51.85604862569084,174.23999999999998,22.03040167877672,348.1264503044676,1.9326617087361095,102.51649887649135,4.686613824811894,100.0,45.52048835321769,174.23999999999998,21.964349142917968,341.7248374961356,1.2180429137607167,0.9014522053242711,0.01634933067625201,0.0025000000000000005,0.0005210107069002201,0.005929,0.00026730061356143505,0.009217311320461656,1.5472627871395535,0.005031743338782519,0.0012705231188088863,4e-06,2.5009259259259e-06,9e-06,1.6142289954278594e-06,1.7115154921353762e-05,0.2493912754595308,0.08142296571468823,0.02704527914505973,0.0009,0.0014675925925925928,0.0025000000000000005,0.0007314471240342028,0.005599039716626796,0.4199430493612174,0.010562258959062185,0.008822387311675771,0.0001,0.000203482905557985,0.0004,7.783451787721765e-05,0.0007813174234352026,0.3376403191426414,0.000850377183831838,0.00641155213874484,0.0004,9.259259259259198e-05,0.0009,4.110800082784354e-05,0.0014337005934204356,0.5057442941622347,0.011773341449092478,0.16457714864122605,0.04000000000000001,0.039188102912426026,0.053824000000000004,0.027085637854876214,0.16009774076730227,0.47042298236661345,9.3695483296211,0.4185090914455199,4.0,0.4105021473767655,5.3824,0.17514985962255453,9.968052006999319,0.9088838699782552,0.005137261380593717,0.11481526411864512,1.0,0.1174532852706986,1.3456,0.013182544874634237,2.476235830145333,0.9499599916184331,0.0863827159244357,0.012625427362293927,0.0036,0.0002834663007478492,0.0144,0.00015940141608056018,0.018442867716828407,0.10027121374008899,11,1.9326617087361095,True
0.8221138488160334,0.0541094251698368,0.9500109579610536,1.1915843784939026,0.032627793408158,0.0119081724465226,7.579057209928937,2.677032168107633,3.66532571493146,0.8330611677624857,1.8240164066665967,0.3886952994148341,0.1605524794128709,0.1949665610935074,0.6192428090562657,0.1130850629812702,1.412767495631897,0.269875337494645,9.88893308447236,7.443366987086829,0.3364821983464654,0.823088767895324,3.135166397434285,0.4959803409577694,0.5913631488240201,0.0860146616992575,0.1609468867166499,2.430586888584802,0.2427412772346507,0.0885623172770022,116.05988630590082,4.693655470821939,100.0,51.85604862569084,174.23999999999998,22.03040167877672,348.1264503044676,1.9326617087361095,102.51649887649135,4.686613824811894,100.0,45.52048835321769,174.23999999999998,21.964349142917968,341.7248374961356,1.2180429137607167,0.9014522053242711,0.01634933067625201,0.0025000000000000005,0.0005210107069002201,0.005929,0.00026730061356143505,0.009217311320461656,1.5472627871395535,0.005031743338782519,0.0012705231188088863,4e-06,2.5009259259259e-06,9e-06,1.6142289954278594e-06,1.7115154921353762e-05,0.2493912754595308,0.08142296571468823,0.02704527914505973,0.0009,0.0014675925925925928,0.0025000000000000005,0.0007314471240342028,0.005599039716626796,0.4199430493612174,0.010562258959062185,0.008822387311675771,0.0001,0.000203482905557985,0.0004,7.783451787721765e-05,0.0007813174234352026,0.3376403191426414,0.000850377183831838,0.00641155213874484,0.0004,9.259259259259198e-05,0.0009,4.110800082784354e-05,0.0014337005934204356,0.5057442941622347,0.011773341449092478,0.16457714864122605,0.04000000000000001,0.039188102912426026,0.053824000000000004,0.027085637854876214,0.16009774076730227,0.47042298236661345,9.3695483296211,0.4185090914455199,4.0,0.4105021473767655,5.3824,0.17514985962255453,9.968052006999319,0.9088838699782552,0.005137261380593717,0.11481526411864512,1.0,0.1174532852706986,1.3456,0.013182544874634237,2.476235830145333,0.9499599916184331,0.0863827159244357,0.012625427362293927,0.0036,0.0002834663007478492,0.0144,0.00015940141608056018,0.018442867716828407,0.10027121374008899,11,1.9326617087361095,True
0.6789658804025125,0.1069227552714018,1.212015311049831,1.4528417150027302,0.0467885191908456,0.0110699340330284,6.436083033953434,2.509965847714996,2.9729163653444592,0.3773374244376971,1.828944938455685,0.3730532365721848,0.2917882485601458,0.1123551030209419,0.7074237187275749,0.1328422958735522,1.199887273478779,0.2752298609195979,7.348993198654465,5.066927825677727,0.5374131313540091,1.5735744098082232,3.219716458254588,0.5487496206964042,0.309506052627111,0.2463292468712367,0.2225268900531294,2.0257734866900847,0.2529383602540687,0.1031381007371646,140.938260284183,4.955979590043851,100.0,51.85604862569084,174.23999999999998,24.56173369693122,350.6577823226221,3.2542304954209,132.60946199227703,4.936716042003439,100.0,45.52048835321769,174.23999999999998,24.371165279374097,344.13165363259174,2.8359694609206736,0.9657793877585331,0.017331142395266973,0.0025000000000000005,0.0005210107069002201,0.005929,0.00030036849672502024,0.009250379203625241,0.8756662795304078,0.007132521992943428,0.0013394901065964823,4e-06,2.5009259259259e-06,9e-06,1.7942337456698555e-06,1.729515967159576e-05,0.7532373397316208,0.13665547123474886,0.028444075658176984,0.0009,0.0014675925925925928,0.0025000000000000005,0.0008090654400480965,0.00567665803264069,1.15013712446577,0.014552241403027626,0.009296517716979896,0.0001,0.000203482905557985,0.0004,8.64252416621211e-05,0.0007899081472201061,0.19383382149990042,0.0012275272166457681,0.006737427542730688,0.0004,9.259259259259198e-05,0.0009,4.5392929893546084e-05,0.001437985522486138,0.4950444848671451,0.017369648650640668,0.17384730976161344,0.04000000000000001,0.039188102912426026,0.053824000000000004,0.030222887111350377,0.16323499002377642,0.452029029316794,11.924707124665506,0.44090527502390303,4.0,0.4105021473767655,5.3824,0.19439746154390358,9.987299608920669,1.7165333939146248,1.7223931954012115,0.3284845653169425,1.0,0.1174532852706986,1.3456,0.10790210965146065,2.570955394922159,0.13869928555241506,0.08575255024166886,0.013251297021080438,0.0036,0.0002834663007478492,0.0144,0.0001755968727408953,0.018459063173488745,0.10486542133119339,11,3.2542304954209,False
0.6789658804025125,0.1069227552714018,1.212015311049831,1.4528417150027302,0.0467885191908456,0.0110699340330284,6.436083033953434,2.509965847714996,2.9729163653444592,0.3773374244376971,1.828944938455685,0.3730532365721848,0.2917882485601458,0.1123551030209419,0.7074237187275749,0.1328422958735522,1.199887273478779,0.2752298609195979,7.348993198654465,5.066927825677727,0.5374131313540091,1.5735744098082232,3.219716458254588,0.5487496206964042,0.309506052627111,0.2463292468712367,0.2225268900531294,2.0257734866900847,0.2529383602540687,0.1031381007371646,140.938260284183,4.955979590043851,100.0,51.85604862569084,174.23999999999998,24.56173369693122,350.6577823226221,3.2542304954209,132.60946199227703,4.936716042003439,100.0,45.52048835321769,174.23999999999998,24.371165279374097,344.13165363259174,2.8359694609206736,0.9657793877585331,0.017331142395266973,0.0025000000000000005,0.0005210107069002201,0.005929,0.00030036849672502024,0.009250379203625241,0.8756662795304078,0.007132521992943428,0.0013394901065964823,4e-06,2.5009259259259e-06,9e-06,1.7942337456698555e-06,1.729515967159576e-05,0.7532373397316208,0.13665547123474886,0.028444075658176984,0.0009,0.0014675925925925928,0.0025000000000000005,0.0008090654400480965,0.00567665803264069,1.15013712446577,0.014552241403027626,0.009296517716979896,0.0001,0.000203482905557985,0.0004,8.64252416621211e-05,0.0007899081472201061,0.19383382149990042,0.0012275272166457681,0.006737427542730688,0.0004,9.259259259259198e-05,0.0009,4.5392929893546084e-05,0.001437985522486138,0.4950444848671451,0.017369648650640668,0.17384730976161344,0.04000000000000001,0.039188102912426026,0.053824000000000004,0.030222887111350377,0.16323499002377642,0.452029029316794,11.924707124665506,0.44090527502390303,4.0,0.4105021473767655,5.3824,0.19439746154390358,9.987299608920669,1.7165333939146248,1.7223931954012115,0.3284845653169425,1.0,0.1174532852706986,1.3456,0.10790210965146065,2.570955394922159,0.13869928555241506,0.08575255024166886,0.013251297021080438,0.0036,0.0002834663007478492,0.0144,0.0001755968727408953,0.018459063173488745,0.10486542133119339,11,3.2542304954209,False
0.6789658804025125,0.1069227552714018,1.212015311049831,1.4528417150027302,0.0467885191908456,0.0110699340330284,6.436083033953434,2.509965847714996,2.9729163653444592,0.3773374244376971,1.828944938455685,0.3730532365721848,0.2917882485601458,0.1123551030209419,0.7074237187275749,0.1328422958735522,1.199887273478779,0.2752298609195979,7.348993198654465,5.066927825677727,0.5374131313540091,1.5735744098082232,3.219716458254588,0.5487496206964042,0.309506052627111,0.2463292468712367,0.2225268900531294,2.0257734866900847,0.2529383602540687,0.1031381007371646,140.938260284183,4.955979590043851,100.0,51.85604862569084,174.23999999999998,24.56173369693122,350.6577823226221,3.2542304954209,132.60946199227703,4.936716042003439,100.0,45.52048835321769,174.23999999999998,24.371165279374097,344.13165363259174,2.8359694609206736,0.9657793877585331,0.017331142395266973,0.0025000000000000005,0.0005210107069002201,0.005929,0.00030036849672502024,0.009250379203625241,0.8756662795304078,0.007132521992943428,0.0013394901065964823,4e-06,2.5009259259259e-06,9e-06,1.7942337456698555e-06,1.729515967159576e-05,0.7532373397316208,0.13665547123474886,0.028444075658176984,0.0009,0.0014675925925925928,0.0025000000000000005,0.0008090654400480965,0.00567665803264069,1.15013712446577,0.014552241403027626,0.009296517716979896,0.0001,0.000203482905557985,0.0004,8.64252416621211e-05,0.0007899081472201061,0.19383382149990042,0.0012275272166457681,0.006737427542730688,0.0004,9.259259259259198e-05,0.0009,4.5392929893546084e-05,0.001437985522486138,0.4950444848671451,0.017369648650640668,0.17384730976161344,0.04000000000000001,0.039188102912426026,0.053824000000000004,0.030222887111350377,0.16323499002377642,0.452029029316794,11.924707124665506,0.44090527502390303,4.0,0.4105021473767655,5.3824,0.19439746154390358,9.987299608920669,1.7165333939146248,1.7223931954012115,0.3284845653169425,1.0,0.1174532852706986,1.3456,0.10790210965146065,2.570955394922159,0.13869928555241506,0.08575255024166886,0.013251297021080438,0.0036,0.0002834663007478492,0.0144,0.0001755968727408953,0.018459063173488745,0.10486542133119339,11,3.2542304954209,False
0.7971939063960146,0.0785664786230199,1.1459337042479492,1.0943508688395425,0.0362682160093599,0.019049271503529,9.802626492434593,2.8378889726066925,3.56875758364289,0.4851856307621142,2.4503154230146573,0.2520411367116572,0.1670221994047336,0.2385401910152217,0.6537276304202975,0.1495469531184831,2.0705088592313823,0.2680487157011629,7.755404868321284,4.6367934877402055,0.2449914141732392,1.08620931052736,3.1555899018312146,0.3718117392798108,0.2987100185356923,0.1006556544762541,0.2491442095587887,2.254379319450056,0.3803541928323331,0.1981920982287248,106.35989535118954,4.693655470822783,100.0,51.85604862569084,174.23999999999998,22.030401678784642,348.1264503044755,1.412782058139708,118.16403407806739,4.686613824813124,100.0,45.52048835321769,174.23999999999998,21.9643491429295,341.72483749614713,2.064505300060012,1.1602381405214341,0.016349330676252608,0.0025000000000000005,0.0005210107069002201,0.005929,0.00026730061356145456,0.009217311320461675,1.1482322771914195,0.008146343446958509,0.0012705231188091806,4e-06,2.5009259259259e-06,9e-06,1.6142289954286071e-06,1.7115154921354507e-05,1.0022472080609155,0.10465304787248894,0.02704527914505973,0.0009,0.0014675925925925928,0.0025000000000000005,0.0007314471240342028,0.005599039716626796,0.7303946988596751,0.037198285477659465,0.008822387311677986,0.0001,0.000203482905557985,0.0004,7.783451787725673e-05,0.0007813174234352417,0.6152780175038618,0.013652024530369473,0.006411552138747042,0.0004,9.259259259259198e-05,0.0009,4.110800082787176e-05,0.0014337005934204638,0.16765094561219412,0.34148698510976244,0.1645771486412526,0.04000000000000001,0.039188102912426026,0.053824000000000004,0.027085637854884957,0.160097740767311,0.3536094728228514,10.728272019709708,0.41850909144562776,4.0,0.4105021473767655,5.3824,0.17514985962264482,9.96805200699941,1.3392380246482736,0.005137261380593661,0.1148152641186451,1.0,0.1174532852706986,1.3456,0.013182544874634232,2.476235830145333,0.9499599916184333,0.11178882885116262,0.012625427362298724,0.0036,0.0002834663007478492,0.0144,0.00015940141608068132,0.01844286771682853,0.0868073377129179,11,2.064505300060012,True
0.7971939063960146,0.0785664786230199,1.1459337042479492,1.0943508688395425,0.0362682160093599,0.019049271503529,9.802626492434593,2.8378889726066925,3.56875758364289,0.4851856307621142,2.4503154230146573,0.2520411367116572,0.1670221994047336,0.2385401910152217,0.6537276304202975,0.1495469531184831,2.0705088592313823,0.2680487157011629,7.755404868321284,4.6367934877402055,0.2449914141732392,1.08620931052736,3.1555899018312146,0.3718117392798108,0.2987100185356923,0.1006556544762541,0.2491442095587887,2.254379319450056,0.3803541928323331,0.1981920982287248,106.35989535118954,4.693655470822783,100.0,51.85604862569084,174.23999999999998,22.030401678784642,348.1264503044755,1.412782058139708,118.16403407806739,4.686613824813124,100.0,45.52048835321769,174.23999999999998,21.9643491429295,341.72483749614713,2.064505300060012,1.1602381405214341,0.016349330676252608,0.0025000000000000005,0.0005210107069002201,0.005929,0.00026730061356145456,0.009217311320461675,1.1482322771914195,0.008146343446958509,0.0012705231188091806,4e-06,2.5009259259259e-06,9e-06,1.6142289954286071e-06,1.7115154921354507e-05,1.0022472080609155,0.10465304787248894,0.02704527914505973,0.0009,0.0014675925925925928,0.0025000000000000005,0.0007314471240342028,0.005599039716626796,0.7303946988596751,0.037198285477659465,0.008822387311677986,0.0001,0.000203482905557985,0.0004,7.783451787725673e-05,0.0007813174234352417,0.6152780175038618,0.013652024530369473,0.006411552138747042,0.0004,9.259259259259198e-05,0.0009,4.110800082787176e-05,0.0014337005934204638,0.16765094561219412,0.34148698510976244,0.1645771486412526,0.04000000000000001,0.039188102912426026,0.053824000000000004,0.027085637854884957,0.160097740767311,0.3536094728228514,10.728272019709708,0.41850909144562776,4.0,0.4105021473767655,5.3824,0.17514985962264482,9.96805200699941,1.3392380246482736,0.005137261380593661,0.1148152641186451,1.0,0.1174532852706986,1.3456,0.013182544874634232,2.476235830145333,0.9499599916184333,0.11178882885116262,0.012625427362298724,0.0036,0.0002834663007478492,0.0144,0.00015940141608068132,0.01844286771682853,0.0868073377129179,11,2.064505300060012,True
0.7971939063960146,0.0785664786230199,1.1459337042479492,1.0943508688395425,0.0362682160093599,0.019049271503529,9.802626492434593,2.8378889726066925,3.56875758364289,0.4851856307621142,2.4503154230146573,0.2520411367116572,0.1670221994047336,0.2385401910152217,0.6537276304202975,0.1495469531184831,2.0705088592313823,0.2680487157011629,7.755404868321284,4.6367934877402055,0.2449914141732392,1.08620931052736,3.1555899018312146,0.3718117392798108,0.2987100185356923,0.1006556544762541,0.2491442095587887,2.254379319450056,0.3803541928323331,0.1981920982287248,106.35989535118954,4.693655470822783,100.0,51.85604862569084,174.23999999999998,22.030401678784642,348.1264503044755,1.412782058139708,118.16403407806739,4.686613824813124,100.0,45.52048835321769,174.23999999999998,21.9643491429295,341.72483749614713,2.064505300060012,1.1602381405214341,0.016349330676252608,0.0025000000000000005,0.0005210107069002201,0.005929,0.00026730061356145456,0.009217311320461675,1.1482322771914195,0.008146343446958509,0.0012705231188091806,4e-06,2.5009259259259e-06,9e-06,1.6142289954286071e-06,1.7115154921354507e-05,1.0022472080609155,0.10465304787248894,0.02704527914505973,0.0009,0.0014675925925925928,0.0025000000000000005,0.0007314471240342028,0.005599039716626796,0.7303946988596751,0.037198285477659465,0.008822387311677986,0.0001,0.000203482905557985,0.0004,7.783451787725673e-05,0.0007813174234352417,0.6152780175038618,0.013652024530369473,0.006411552138747042,0.0004,9.259259259259198e-05,0.0009,4.110800082787176e-05,0.0014337005934204638,0.16765094561219412,0.34148698510976244,0.1645771486412526,0.04000000000000001,0.039188102912426026,0.053824000000000004,0.027085637854884957,0.160097740767311,0.3536094728228514,10.728272019709708,0.41850909144562776,4.0,0.4105021473767655,5.3824,0.17514985962264482,9.96805200699941,1.3392380246482736,0.005137261380593661,0.1148152641186451,1.0,0.1174532852706986,1.3456,0.013182544874634232,2.476235830145333,0.9499599916184333,0.11178882885116262,0.012625427362298724,0.0036,0.0002834663007478492,0.0144,0.00015940141608068132,0.01844286771682853,0.0868073377129179,11,2.064505300060012,True
0.6472197986258035,0.1019298625375335,1.1156646271053212,1.217798226454678,0.0544953566330721,0.0236059772113522,11.90242532744942,4.007460909191721,2.816390283652836,0.6328137998919665,1.314660647920623,0.4103770269544302,0.251481299983104,0.2135148479476213,0.663603312821839,0.183168634638953,2.185239431344164,0.3840087607494705,10.362925586748672,4.2909078552218105,0.3222785564550448,1.43743668775191,0.8059434645620647,0.6737827724227402,0.3912726464127994,0.2221584914951423,0.057720119596108,1.4658988020987038,0.2279350948725072,0.161416558433708,121.43992927872868,12.716443816254454,100.0,51.85604862569084,174.23999999999998,161.70794333195616,487.803991957647,1.8762743026948747,114.65521744677082,10.415116185978897,100.0,45.52048835321769,174.23999999999998,108.47464516743962,428.23513352065726,1.6746632141943856,0.9772228657877459,0.12080003426304825,0.0025000000000000005,0.0005210107069002201,0.005929,0.014592648277953632,0.023542658984853852,0.47431536578687045,0.007758432554968651,0.0030042899341270976,4e-06,2.5009259259259e-06,9e-06,9.0257580082974e-06,2.4526683934223304e-05,0.7589048773592951,0.12926587301587297,0.054788456956668355,0.0009,0.0014675925925925928,0.0025000000000000005,0.003001775015692701,0.007869367608285294,0.8935447974411721,0.030244126074130764,0.020090394344435273,0.0001,0.000203482905557985,0.0004,0.0004036239449149168,0.0011071068504729018,0.3078790555463203,0.01086309508114385,0.0124445757897004,0.0004,9.259259259259198e-05,0.0009,0.00015486746658559733,0.0015474600591781893,0.2322680005188289,0.3520096663352346,0.46671423548379026,0.04000000000000001,0.039188102912426026,0.053824000000000004,0.21782217760321884,0.3508342805156449,0.25663754643118425,10.477924043193386,0.938924877167975,4.0,0.4105021473767655,5.3824,0.881579924964897,10.674482072341661,1.2175395572089545,0.1646910992065397,0.37642529685002735,1.0,0.1174532852706986,1.3456,0.1416960041086312,2.60474928937933,0.8273681144031394,0.08844326363703892,0.023235459582279266,0.0036,0.0002834663007478492,0.0144,0.0005398865819997334,0.01882335288274758,0.08423386222018205,11,1.8762743026948747,True
0.6472197986258035,0.1019298625375335,1.1156646271053212,1.217798226454678,0.0544953566330721,0.0236059772113522,11.90242532744942,4.007460909191721,2.816390283652836,0.6328137998919665,1.314660647920623,0.4103770269544302,0.251481299983104,0.2135148479476213,0.663603312821839,0.183168634638953,2.185239431344164,0.3840087607494705,10.362925586748672,4.2909078552218105,0.3222785564550448,1.43743668775191,0.8059434645620647,0.6737827724227402,0.3912726464127994,0.2221584914951423,0.057720119596108,1.4658988020987038,0.2279350948725072,0.161416558433708,121.43992927872868,12.716443816254454,100.0,51.85604862569084,174.23999999999998,161.70794333195616,487.803991957647,1.8762743026948747,114.65521744677082,10.415116185978897,100.0,45.52048835321769,174.23999999999998,108.47464516743962,428.23513352065726,1.6746632141943856,0.9772228657877459,0.12080003426304825,0.0025000000000000005,0.0005210107069002201,0.005929,0.014592648277953632,0.023542658984853852,0.47431536578687045,0.007758432554968651,0.0030042899341270976,4e-06,2.5009259259259e-06,9e-06,9.0257580082974e-06,2.4526683934223304e-05,0.7589048773592951,0.12926587301587297,0.054788456956668355,0.0009,0.0014675925925925928,0.0025000000000000005,0.003001775015692701,0.007869367608285294,0.8935447974411721,0.030244126074130764,0.020090394344435273,0.0001,0.000203482905557985,0.0004,0.0004036239449149168,0.0011071068504729018,0.3078790555463203,0.01086309508114385,0.0124445757897004,0.0004,9.259259259259198e-05,0.0009,0.00015486746658559733,0.0015474600591781893,0.2322680005188289,0.3520096663352346,0.46671423548379026,0.04000000000000001,0.039188102912426026,0.053824000000000004,0.21782217760321884,0.3508342805156449,0.25663754643118425,10.477924043193386,0.938924877167975,4.0,0.4105021473767655,5.3824,0.881579924964897,10.674482072341661,1.2175395572089545,0.1646910992065397,0.37642529685002735,1.0,0.1174532852706986,1.3456,0.1416960041086312,2.60474928937933,0.8273681144031394,0.08844326363703892,0.023235459582279266,0.0036,0.0002834663007478492,0.0144,0.0005398865819997334,0.01882335288274758,0.08423386222018205,11,1.8762743026948747,True
0.6472197986258035,0.1019298625375335,1.1156646271053212,1.217798226454678,0.0544953566330721,0.0236059772113522,11.90242532744942,4.007460909191721,2.816390283652836,0.6328137998919665,1.314660647920623,0.4103770269544302,0.251481299983104,0.2135148479476213,0.663603312821839,0.183168634638953,2.185239431344164,0.3840087607494705,10.362925586748672,4.2909078552218105,0.3222785564550448,1.43743668775191,0.8059434645620647,0.6737827724227402,0.3912726464127994,0.2221584914951423,0.057720119596108,1.4658988020987038,0.2279350948725072,0.161416558433708,121.43992927872868,12.716443816254454,100.0,51.85604862569084,174.23999999999998,161.70794333195616,487.803991957647,1.8762743026948747,114.65521744677082,10.415116185978897,100.0,45.52048835321769,174.23999999999998,108.47464516743962,428.23513352065726,1.6746632141943856,0.9772228657877459,0.12080003426304825,0.0025000000000000005,0.0005210107069002201,0.005929,0.014592648277953632,0.023542658984853852,0.47431536578687045,0.007758432554968651,0.0030042899341270976,4e-06,2.5009259259259e-06,9e-06,9.0257580082974e-06,2.4526683934223304e-05,0.7589048773592951,0.12926587301587297,0.054788456956668355,0.0009,0.0014675925925925928,0.0025000000000000005,0.003001775015692701,0.007869367608285294,0.8935447974411721,0.030244126074130764,0.020090394344435273,0.0001,0.000203482905557985,0.0004,0.0004036239449149168,0.0011071068504729018,0.3078790555463203,0.01086309508114385,0.0124445757897004,0.0004,9.259259259259198e-05,0.0009,0.00015486746658559733,0.0015474600591781893,0.2322680005188289,0.3520096663352346,0.46671423548379026,0.04000000000000001,0.039188102912426026,0.053824000000000004,0.21782217760321884,0.3508342805156449,0.25663754643118425,10.477924043193386,0.938924877167975,4.0,0.4105021473767655,5.3824,0.881579924964897,10.674482072341661,1.2175395572089545,0.1646910992065397,0.37642529685002735,1.0,0.1174532852706986,1.3456,0.1416960041086312,2.60474928937933,0.8273681144031394,0.08844326363703892,0.023235459582279266,0.0036,0.0002834663007478492,0.0144,0.0005398865819997334,0.01882335288274758,0.08423386222018205,11,1.8762743026948747,True
0.786400450159606,0.0445586478289282,0.9986990820888578,1.1472726606581056,0.0455056473182425,0.0150973534837403,9.800064999786764,2.7100727939121505,3.0651820275439525,0.5881576994375691,2.234402427104663,0.2647513673857481,0.1560608531350613,0.2482157027519946,0.5676148772075025,0.181369716598267,2.42542440268337,0.3162726108436967,7.124529266358689,6.806639225896056,0.2713962099118116,1.535676957290904,1.7308257033849768,0.5347272402776119,0.3412616184899333,0.1609673025566878,0.0709708463125739,1.643896799345626,0.1552560633855422,0.0721902557286995,105.71089714710978,4.955979590043871,100.0,51.85604862569084,174.23999999999998,24.561733696931412,350.65778232262227,1.3730156583165833,97.96127086419352,4.93671604200347,100.0,45.52048835321769,174.23999999999998,24.371165279374402,344.131653632592,0.9682215654981345,0.9617113511554337,0.01733114239526687,0.0025000000000000005,0.0005210107069002201,0.005929,0.0003003684967250166,0.009250379203625236,0.917962843072553,0.009025430048143395,0.00133949010659649,4e-06,2.5009259259259e-06,9e-06,1.794233745669876e-06,1.729515967159578e-05,1.2084006334187103,0.11421958266659556,0.028444075658176984,0.0009,0.0014675925925925928,0.0025000000000000005,0.0008090654400480965,0.00567665803264069,0.8523561765934016,0.0416876077670515,0.00929651771697996,0.0001,0.000203482905557985,0.0004,8.642524166212229e-05,0.0007899081472201073,0.7716553180265355,0.019706699230170828,0.0067374275427307465,0.0004,9.259259259259198e-05,0.0009,4.5392929893546863e-05,0.001437985522486139,0.007734565935286239,0.581014926766814,0.17384730976161422,0.04000000000000001,0.039188102912426026,0.053824000000000004,0.030222887111350648,0.1632349900237767,0.943051394410058,8.768445329363722,0.44090527502390603,4.0,0.4105021473767655,5.3824,0.19439746154390622,9.98729960892067,0.7178013615550883,0.007587775467833756,0.1215757639279725,1.0,0.1174532852706986,1.3456,0.014780666374670098,2.4778339516453687,0.9480968377214737,0.11228242057362407,0.013251297021080563,0.0036,0.0002834663007478492,0.0144,0.0001755968727408986,0.018459063173488745,0.09040222848772299,11,1.3730156583165833,True
0.786400450159606,0.0445586478289282,0.9986990820888578,1.1472726606581056,0.0455056473182425,0.0150973534837403,9.800064999786764,2.7100727939121505,3.0651820275439525,0.5881576994375691,2.234402427104663,0.2647513673857481,0.1560608531350613,0.2482157027519946,0.5676148772075025,0.181369716598267,2.42542440268337,0.3162726108436967,7.124529266358689,6.806639225896056,0.2713962099118116,1.535676957290904,1.7308257033849768,0.5347272402776119,0.3412616184899333,0.1609673025566878,0.0709708463125739,1.643896799345626,0.1552560633855422,0.0721902557286995,105.71089714710978,4.955979590043871,100.0,51.85604862569084,174.23999999999998,24.561733696931412,350.65778232262227,1.3730156583165833,97.96127086419352,4.93671604200347,100.0,45.52048835321769,174.23999999999998,24.371165279374402,344.131653632592,0.9682215654981345,0.9617113511554337,0.01733114239526687,0.0025000000000000005,0.0005210107069002201,0.005929,0.0003003684967250166,0.009250379203625236,0.917962843072553,0.009025430048143395,0.00133949010659649,4e-06,2.5009259259259e-06,9e-06,1.794233745669876e-06,1.729515967159578e-05,1.2084006334187103,0.11421958266659556,0.028444075658176984,0.0009,0.0014675925925925928,0.0025000000000000005,0.0008090654400480965,0.00567665803264069,0.8523561765934016,0.0416876077670515,0.00929651771697996,0.0001,0.000203482905557985,0.0004,8.642524166212229e-05,0.0007899081472201073,0.7716553180265355,0.019706699230170828,0.0067374275427307465,0.0004,9.259259259259198e-05,0.0009,4.5392929893546863e-05,0.001437985522486139,0.007734565935286239,0.581014926766814,0.17384730976161422,0.04000000000000001,0.039188102912426026,0.053824000000000004,0.030222887111350648,0.1632349900237767,0.943051394410058,8.768445329363722,0.44090527502390603,4.0,0.4105021473767655,5.3824,0.19439746154390622,9.98729960892067,0.7178013615550883,0.007587775467833756,0.1215757639279725,1.0,0.1174532852706986,1.3456,0.014780666374670098,2.4778339516453687,0.9480968377214737,0.11228242057362407,0.013251297021080563,0.0036,0.0002834663007478492,0.0144,0.0001755968727408986,0.018459063173488745,0.09040222848772299,11,1.3730156583165833,True
0.786400450159606,0.0445586478289282,0.9986990820888578,1.1472726606581056,0.0455056473182425,0.0150973534837403,9.800064999786764,2.7100727939121505,3.0651820275439525,0.5881576994375691,2.234402427104663,0.2647513673857481,0.1560608531350613,0.2482157027519946,0.5676148772075025,0.181369716598267,2.42542440268337,0.3162726108436967,7.124529266358689,6.806639225896056,0.2713962099118116,1.535676957290904,1.7308257033849768,0.5347272402776119,0.3412616184899333,0.1609673025566878,0.0709708463125739,1.643896799345626,0.1552560633855422,0.0721902557286995,105.71089714710978,4.955979590043871,100.0,51.85604862569084,174.23999999999998,24.561733696931412,350.65778232262227,1.3730156583165833,97.96127086419352,4.93671604200347,100.0,45.52048835321769,174.23999999999998,24.371165279374402,344.131653632592,0.9682215654981345,0.9617113511554337,0.01733114239526687,0.0025000000000000005,0.0005210107069002201,0.005929,0.0003003684967250166,0.009250379203625236,0.917962843072553,0.009025430048143395,0.00133949010659649,4e-06,2.5009259259259e-06,9e-06,1.794233745669876e-06,1.729515967159578e-05,1.2084006334187103,0.11421958266659556,0.028444075658176984,0.0009,0.0014675925925925928,0.0025000000000000005,0.0008090654400480965,0.00567665803264069,0.8523561765934016,0.0416876077670515,0.00929651771697996,0.0001,0.000203482905557985,0.0004,8.642524166212229e-05,0.0007899081472201073,0.7716553180265355,0.019706699230170828,0.0067374275427307465,0.0004,9.259259259259198e-05,0.0009,4.5392929893546863e-05,0.001437985522486139,0.007734565935286239,0.581014926766814,0.17384730976161422,0.04000000000000001,0.039188102912426026,0.053824000000000004,0.030222887111350648,0.1632349900237767,0.943051394410058,8.768445329363722,0.44090527502390603,4.0,0.4105021473767655,5.3824,0.19439746154390622,9.98729960892067,0.7178013615550883,0.007587775467833756,0.1215757639279725,1.0,0.1174532852706986,1.3456,0.014780666374670098,2.4778339516453687,0.9480968377214737,0.11228242057362407,0.013251297021080563,0.0036,0.0002834663007478492,0.0144,0.0001755968727408986,0.018459063173488745,0.09040222848772299,11,1.3730156583165833,True
0.6423204911597855,0.0861982442845767,1.1644444610786224,1.3826920407205625,0.0661011517595223,0.0067956575451706,9.966775876042338,4.4110133709723165,4.12411153010123,0.4981409086271724,2.169657882396616,0.3670020396343889,0.2322772251191979,0.3545212419377472,0.5080882853960977,0.0612156701352285,1.121658518203192,0.5556773265966859,6.6294965911521455,8.371688793858409,0.2892262912577787,1.6004861760923783,1.560035850868919,0.3149237273709064,0.2476453619703964,0.1933018099487681,0.3131835506540256,2.069258321597826,0.3104952503866136,0.0823573210904741,132.09371923841468,4.955979590043876,100.0,51.85604862569084,174.23999999999998,24.561733696931466,350.6577823226223,2.781913513365345,120.96658682896783,4.936716042003472,100.0,45.52048835321769,174.23999999999998,24.37116527937443,344.1316536325921,2.2083477907864335,0.9312911786528545,0.01733114239526692,0.0025000000000000005,0.0005210107069002201,0.005929,0.0003003684967250184,0.009250379203625238,1.2342502526396293,0.007943768274268985,0.0013394901065964901,4e-06,2.5009259259259e-06,9e-06,1.7942337456698765e-06,1.729515967159578e-05,0.9483073159965458,0.18900587789377316,0.028444075658176984,0.0009,0.0014675925925925928,0.0025000000000000005,0.0008090654400480965,0.00567665803264069,1.8449593361679626,0.022553801837003937,0.00929651771697995,0.0001,0.000203482905557985,0.0004,8.64252416621221e-05,0.0007899081472201071,0.09086547441640404,0.001227526595537846,0.006737427542730748,0.0004,9.259259259259198e-05,0.0009,4.539292989354689e-05,0.001437985522486139,0.4950445012462365,0.01736964513413719,0.17384730976161408,0.04000000000000001,0.039188102912426026,0.053824000000000004,0.0302228871113506,0.16323499002377664,0.4520290380205039,11.006443014356078,0.44090527502390603,4.0,0.4105021473767655,5.3824,0.19439746154390622,9.98729960892067,1.4259682125037245,1.4469943503681693,0.29525487974019216,1.0,0.1174532852706986,1.3456,0.08717544401039533,2.550228729281094,0.03319193677643651,0.06746996367577078,0.013251297021080563,0.0036,0.0002834663007478492,0.0144,0.0001755968727408986,0.018459063173488745,0.23943063656459587,11,2.781913513365345,False
0.6423204911597855,0.0861982442845767,1.1644444610786224,1.3826920407205625,0.0661011517595223,0.0067956575451706,9.966775876042338,4.4110133709723165,4.12411153010123,0.4981409086271724,2.169657882396616,0.3670020396343889,0.2322772251191979,0.3545212419377472,0.5080882853960977,0.0612156701352285,1.121658518203192,0.5556773265966859,6.6294965911521455,8.371688793858409,0.2892262912577787,1.6004861760923783,1.560035850868919,0.3149237273709064,0.2476453619703964,0.1933018099487681,0.3131835506540256,2.069258321597826,0.3104952503866136,0.0823573210904741,132.09371923841468,4.955979590043876,100.0,51.85604862569084,174.23999999999998,24.561733696931466,350.6577823226223,2.781913513365345,120.96658682896783,4.936716042003472,100.0,45.52048835321769,174.23999999999998,24.37116527937443,344.1316536325921,2.2083477907864335,0.9312911786528545,0.01733114239526692,0.0025000000000000005,0.0005210107069002201,0.005929,0.0003003684967250184,0.009250379203625238,1.2342502526396293,0.007943768274268985,0.0013394901065964901,4e-06,2.5009259259259e-06,9e-06,1.7942337456698765e-06,1.729515967159578e-05,0.9483073159965458,0.18900587789377316,0.028444075658176984,0.0009,0.0014675925925925928,0.0025000000000000005,0.0008090654400480965,0.00567665803264069,1.8449593361679626,0.022553801837003937,0.00929651771697995,0.0001,0.000203482905557985,0.0004,8.64252416621221e-05,0.0007899081472201071,0.09086547441640404,0.001227526595537846,0.006737427542730748,0.0004,9.259259259259198e-05,0.0009,4.539292989354689e-05,0.001437985522486139,0.4950445012462365,0.01736964513413719,0.17384730976161408,0.04000000000000001,0.039188102912426026,0.053824000000000004,0.0302228871113506,0.16323499002377664,0.4520290380205039,11.006443014356078,0.44090527502390603,4.0,0.4105021473767655,5.3824,0.19439746154390622,9.98729960892067,1.4259682125037245,1.4469943503681693,0.29525487974019216,1.0,0.1174532852706986,1.3456,0.08717544401039533,2.550228729281094,0.03319193677643651,0.06746996367577078,0.013251297021080563,0.0036,0.0002834663007478492,0.0144,0.0001755968727408986,0.018459063173488745,0.23943063656459587,11,2.781913513365345,False
0.6423204911597855,0.0861982442845767,1.1644444610786224,1.3826920407205625,0.0661011517595223,0.0067956575451706,9.966775876042338,4.4110133709723165,4.12411153010123,0.4981409086271724,2.169657882396616,0.3670020396343889,0.2322772251191979,0.3545212419377472,0.5080882853960977,0.0612156701352285,1.121658518203192,0.5556773265966859,6.6294965911521455,8.371688793858409,0.2892262912577787,1.6004861760923783,1.560035850868919,0.3149237273709064,0.2476453619703964,0.1933018099487681,0.3131835506540256,2.069258321597826,0.3104952503866136,0.0823573210904741,132.09371923841468,4.955979590043876,100.0,51.85604862569084,174.23999999999998,24.561733696931466,350.6577823226223,2.781913513365345,120.96658682896783,4.936716042003472,100.0,45.52048835321769,174.23999999999998,24.37116527937443,344.1316536325921,2.2083477907864335,0.9312911786528545,0.01733114239526692,0.0025000000000000005,0.0005210107069002201,0.005929,0.0003003684967250184,0.009250379203625238,1.2342502526396293,0.007943768274268985,0.0013394901065964901,4e-06,2.5009259259259e-06,9e-06,1.7942337456698765e-06,1.729515967159578e-05,0.9483073159965458,0.18900587789377316,0.028444075658176984,0.0009,0.0014675925925925928,0.0025000000000000005,0.0008090654400480965,0.00567665803264069,1.8449593361679626,0.022553801837003937,0.00929651771697995,0.0001,0.000203482905557985,0.0004,8.64252416621221e-05,0.0007899081472201071,0.09086547441640404,0.001227526595537846,0.006737427542730748,0.0004,9.259259259259198e-05,0.0009,4.539292989354689e-05,0.001437985522486139,0.4950445012462365,0.01736964513413719,0.17384730976161408,0.04000000000000001,0.039188102912426026,0.053824000000000004,0.0302228871113506,0.16323499002377664,0.4520290380205039,11.006443014356078,0.44090527502390603,4.0,0.4105021473767655,5.3824,0.19439746154390622,9.98729960892067,1.4259682125037245,1.4469943503681693,0.29525487974019216,1.0,0.1174532852706986,1.3456,0.08717544401039533,2.550228729281094,0.03319193677643651,0.06746996367577078,0.013251297021080563,0.0036,0.0002834663007478492,0.0144,0.0001755968727408986,0.018459063173488745,0.23943063656459587,11,2.781913513365345,False
0.7777409561669755,0.063607423354962,1.104659484673718,1.4581087316930887,0.0405853245100919,0.0213679386975023,9.60791100787422,4.083873100312252,3.350021342734947,0.349945426620252,2.381126796878809,0.0783233265899458,0.3142335712073019,0.1369469077146096,0.7184661293539267,0.1866527637179428,1.9647864512161115,0.5490952117048554,8.407395572347799,8.772624768004889,0.2619837165347864,0.7878712027325355,0.7010207089867755,0.4141077648789171,0.5187305979615545,0.1567724470871926,0.1516708816617027,2.3140819249832663,0.1326303871579242,0.1776337919837021,135.85601066974147,4.693655470822785,100.0,51.85604862569084,174.23999999999998,22.03040167878466,348.1264503044755,2.99365261743764,114.92938630263312,4.686613824813125,100.0,45.52048835321769,174.23999999999998,21.964349142929507,341.72483749614713,1.8895251744645065,0.8514233966241556,0.016349330676252608,0.0025000000000000005,0.0005210107069002201,0.005929,0.00026730061356145456,0.009217311320461675,2.068359139701289,0.009096560056209301,0.0012705231188091806,4e-06,2.5009259259259e-06,9e-06,1.6142289954286071e-06,1.7115154921354507e-05,1.231931978716685,0.14078873122906774,0.027045279145059723,0.0009,0.0014675925925925928,0.0025000000000000005,0.0007314471240342024,0.005599039716626796,1.2133194869683857,0.031009816888295332,0.008822387311677986,0.0001,0.000203482905557985,0.0004,7.783451787725673e-05,0.0007813174234352417,0.39388218766983646,0.0008503820926663661,0.006411552138747042,0.0004,9.259259259259198e-05,0.0009,4.110800082787176e-05,0.0014337005934204638,0.5057441645192035,0.011773414260289827,0.1645771486412526,0.04000000000000001,0.039188102912426026,0.053824000000000004,0.027085637854884957,0.160097740767311,0.47042280039418044,10.385596002986338,0.41850909144562787,4.0,0.4105021473767655,5.3824,0.1751498596226449,9.96805200699941,1.230700837449411,0.005137261380593689,0.11481526411864512,1.0,0.1174532852706986,1.3456,0.013182544874634237,2.476235830145333,0.9499599916184331,0.05052100806206659,0.012625427362298729,0.0036,0.0002834663007478492,0.0144,0.00015940141608068145,0.01844286771682853,0.36433980144069544,11,2.99365261743764,False
0.7777409561669755,0.063607423354962,1.104659484673718,1.4581087316930887,0.0405853245100919,0.0213679386975023,9.60791100787422,4.083873100312252,3.350021342734947,0.349945426620252,2.381126796878809,0.0783233265899458,0.3142335712073019,0.1369469077146096,0.7184661293539267,0.1866527637179428,1.9647864512161115,0.5490952117048554,8.407395572347799,8.772624768004889,0.2619837165347864,0.7878712027325355,0.7010207089867755,0.4141077648789171,0.5187305979615545,0.1567724470871926,0.1516708816617027,2.3140819249832663,0.1326303871579242,0.1776337919837021,135.85601066974147,4.693655470822785,100.0,51.85604862569084,174.23999999999998,22.03040167878466,348.1264503044755,2.99365261743764,114.92938630263312,4.686613824813125,100.0,45.52048835321769,174.23999999999998,21.964349142929507,341.72483749614713,1.8895251744645065,0.8514233966241556,0.016349330676252608,0.0025000000000000005,0.0005210107069002201,0.005929,0.00026730061356145456,0.009217311320461675,2.068359139701289,0.009096560056209301,0.0012705231188091806,4e-06,2.5009259259259e-06,9e-06,1.6142289954286071e-06,1.7115154921354507e-05,1.231931978716685,0.14078873122906774,0.027045279145059723,0.0009,0.0014675925925925928,0.0025000000000000005,0.0007314471240342024,0.005599039716626796,1.2133194869683857,0.031009816888295332,0.008822387311677986,0.0001,0.000203482905557985,0.0004,7.783451787725673e-05,0.0007813174234352417,0.39388218766983646,0.0008503820926663661,0.006411552138747042,0.0004,9.259259259259198e-05,0.0009,4.110800082787176e-05,0.0014337005934204638,0.5057441645192035,0.011773414260289827,0.1645771486412526,0.04000000000000001,0.039188102912426026,0.053824000000000004,0.027085637854884957,0.160097740767311,0.47042280039418044,10.385596002986338,0.41850909144562787,4.0,0.4105021473767655,5.3824,0.1751498596226449,9.96805200699941,1.230700837449411,0.005137261380593689,0.11481526411864512,1.0,0.1174532852706986,1.3456,0.013182544874634237,2.476235830145333,0.9499599916184331,0.05052100806206659,0.012625427362298729,0.0036,0.0002834663007478492,0.0144,0.00015940141608068145,0.01844286771682853,0.36433980144069544,11,2.99365261743764,False
0.7777409561669755,0.063607423354962,1.104659484673718,1.4581087316930887,0.0405853245100919,0.0213679386975023,9.60791100787422,4.083873100312252,3.350021342734947,0.349945426620252,2.381126796878809,0.0783233265899458,0.3142335712073019,0.1369469077146096,0.7184661293539267,0.1866527637179428,1.9647864512161115,0.5490952117048554,8.407395572347799,8.772624768004889,0.2619837165347864,0.7878712027325355,0.7010207089867755,0.4141077648789171,0.5187305979615545,0.1567724470871926,0.1516708816617027,2.3140819249832663,0.1326303871579242,0.1776337919837021,135.85601066974147,4.693655470822785,100.0,51.85604862569084,174.23999999999998,22.03040167878466,348.1264503044755,2.99365261743764,114.92938630263312,4.686613824813125,100.0,45.52048835321769,174.23999999999998,21.964349142929507,341.72483749614713,1.8895251744645065,0.8514233966241556,0.016349330676252608,0.0025000000000000005,0.0005210107069002201,0.005929,0.00026730061356145456,0.009217311320461675,2.068359139701289,0.009096560056209301,0.0012705231188091806,4e-06,2.5009259259259e-06,9e-06,1.6142289954286071e-06,1.7115154921354507e-05,1.231931978716685,0.14078873122906774,0.027045279145059723,0.0009,0.0014675925925925928,0.0025000000000000005,0.0007314471240342024,0.005599039716626796,1.2133194869683857,0.031009816888295332,0.008822387311677986,0.0001,0.000203482905557985,0.0004,7.783451787725673e-05,0.0007813174234352417,0.39388218766983646,0.0008503820926663661,0.006411552138747042,0.0004,9.259259259259198e-05,0.0009,4.110800082787176e-05,0.0014337005934204638,0.5057441645192035,0.011773414260289827,0.1645771486412526,0.04000000000000001,0.039188102912426026,0.053824000000000004,0.027085637854884957,0.160097740767311,0.47042280039418044,10.385596002986338,0.41850909144562787,4.0,0.4105021473767655,5.3824,0.1751498596226449,9.96805200699941,1.230700837449411,0.005137261380593689,0.11481526411864512,1.0,0.1174532852706986,1.3456,0.013182544874634237,2.476235830145333,0.9499599916184331,0.05052100806206659,0.012625427362298729,0.0036,0.0002834663007478492,0.0144,0.00015940141608068145,0.01844286771682853,0.36433980144069544,11,2.99365261743764,False
0.6959866909095127,0.0767254758053051,1.099359861969574,1.4342250849534446,0.0462739620502527,0.0163589918091496,10.793875555497776,2.646137357778763,3.445289355168732,0.7025758359757646,1.7617284247521832,0.1683142441106689,0.2376029568460049,0.1327288215604745,0.6351866124219455,0.1457991276730338,1.2956297875117275,0.3447757800518726,10.429547014726316,3.655225546173396,0.3649874317597841,1.5601046299435684,3.3513468862739946,0.4308773361052929,0.4608988749910184,0.11323942104218,0.1689241088634757,1.6199688624854902,0.3125275959398567,0.1007350833242582,126.82952985861952,4.955979590043873,100.0,51.85604862569084,174.23999999999998,24.56173369693143,350.65778232262227,2.500794795280663,107.61690797887198,4.936716042003471,100.0,45.52048835321769,174.23999999999998,24.371165279374413,344.131653632592,1.4887190377395363,0.8546242451381066,0.017331142395266973,0.0025000000000000005,0.0005210107069002201,0.005929,0.00030036849672502024,0.009250379203625241,2.0313787304211037,0.008407337585934906,0.00133949010659649,4e-06,2.5009259259259e-06,9e-06,1.794233745669876e-06,1.729515967159578e-05,1.0597758757982145,0.13291615647338995,0.028444075658176984,0.0009,0.0014675925925925928,0.0025000000000000005,0.0008090654400480965,0.00567665803264069,1.1005069664870415,0.014641719497684391,0.009296517716979955,0.0001,0.000203482905557985,0.0004,8.64252416621222e-05,0.0007899081472201072,0.1906501486702177,0.0012275264920927793,0.006737427542730748,0.0004,9.259259259259198e-05,0.0009,4.539292989354689e-05,0.001437985522486139,0.4950445039741621,0.017369644417766172,0.17384730976161417,0.04000000000000001,0.039188102912426026,0.053824000000000004,0.030222887111350627,0.16323499002377667,0.4520290397935964,9.878854830682993,0.44090527502390586,4.0,0.4105021473767655,5.3824,0.19439746154390608,9.98729960892067,1.0691668723801808,0.029089451940337088,0.12417016096863027,1.0,0.1174532852706986,1.3456,0.015418228874975553,2.478471514145674,0.9343170978896942,0.06603919313218957,0.013251297021080558,0.0036,0.0002834663007478492,0.0144,0.00017559687274089846,0.018459063173488745,0.249961528648856,11,2.500794795280663,True
0.6959866909095127,0.0767254758053051,1.099359861969574,1.4342250849534446,0.0462739620502527,0.0163589918091496,10.793875555497776,2.646137357778763,3.445289355168732,0.7025758359757646,1.7617284247521832,0.1683142441106689,0.2376029568460049,0.1327288215604745,0.6351866124219455,0.1457991276730338,1.2956297875117275,0.3447757800518726,10.429547014726316,3.655225546173396,0.3649874317597841,1.5601046299435684,3.3513468862739946,0.4308773361052929,0.4608988749910184,0.11323942104218,0.1689241088634757,1.6199688624854902,0.3125275959398567,0.1007350833242582,126.82952985861952,4.955979590043873,100.0,51.85604862569084,174.23999999999998,24.56173369693143,350.65778232262227,2.500794795280663,107.61690797887198,4.936716042003471,100.0,45.52048835321769,174.23999999999998,24.371165279374413,344.131653632592,1.4887190377395363,0.8546242451381066,0.017331142395266973,0.0025000000000000005,0.0005210107069002201,0.005929,0.00030036849672502024,0.009250379203625241,2.0313787304211037,0.008407337585934906,0.00133949010659649,4e-06,2.5009259259259e-06,9e-06,1.794233745669876e-06,1.729515967159578e-05,1.0597758757982145,0.13291615647338995,0.028444075658176984,0.0009,0.0014675925925925928,0.0025000000000000005,0.0008090654400480965,0.00567665803264069,1.1005069664870415,0.014641719497684391,0.009296517716979955,0.0001,0.000203482905557985,0.0004,8.64252416621222e-05,0.0007899081472201072,0.1906501486702177,0.0012275264920927793,0.006737427542730748,0.0004,9.259259259259198e-05,0.0009,4.539292989354689e-05,0.001437985522486139,0.4950445039741621,0.017369644417766172,0.17384730976161417,0.04000000000000001,0.039188102912426026,0.053824000000000004,0.030222887111350627,0.16323499002377667,0.4520290397935964,9.878854830682993,0.44090527502390586,4.0,0.4105021473767655,5.3824,0.19439746154390608,9.98729960892067,1.0691668723801808,0.029089451940337088,0.12417016096863027,1.0,0.1174532852706986,1.3456,0.015418228874975553,2.478471514145674,0.9343170978896942,0.06603919313218957,0.013251297021080558,0.0036,0.0002834663007478492,0.0144,0.00017559687274089846,0.018459063173488745,0.249961528648856,11,2.500794795280663,True
0.6959866909095127,0.0767254758053051,1.099359861969574,1.4342250849534446,0.0462739620502527,0.0163589918091496,10.793875555497776,2.646137357778763,3.445289355168732,0.7025758359757646,1.7617284247521832,0.1683142441106689,0.2376029568460049,0.1327288215604745,0.6351866124219455,0.1457991276730338,1.2956297875117275,0.3447757800518726,10.429547014726316,3.655225546173396,0.3649874317597841,1.5601046299435684,3.3513468862739946,0.4308773361052929,0.4608988749910184,0.11323942104218,0.1689241088634757,1.6199688624854902,0.3125275959398567,0.1007350833242582,126.82952985861952,4.955979590043873,100.0,51.85604862569084,174.23999999999998,24.56173369693143,350.65778232262227,2.500794795280663,107.61690797887198,4.936716042003471,100.0,45.52048835321769,174.23999999999998,24.371165279374413,344.131653632592,1.4887190377395363,0.8546242451381066,0.017331142395266973,0.0025000000000000005,0.0005210107069002201,0.005929,0.00030036849672502024,0.009250379203625241,2.0313787304211037,0.008407337585934906,0.00133949010659649,4e-06,2.5009259259259e-06,9e-06,1.794233745669876e-06,1.729515967159578e-05,1.0597758757982145,0.13291615647338995,0.028444075658176984,0.0009,0.0014675925925925928,0.0025000000000000005,0.0008090654400480965,0.00567665803264069,1.1005069664870415,0.014641719497684391,0.009296517716979955,0.0001,0.000203482905557985,0.0004,8.64252416621222e-05,0.0007899081472201072,0.1906501486702177,0.0012275264920927793,0.006737427542730748,0.0004,9.259259259259198e-05,0.0009,4.539292989354689e-05,0.001437985522486139,0.4950445039741621,0.017369644417766172,0.17384730976161417,0.04000000000000001,0.039188102912426026,0.053824000000000004,0.030222887111350627,0.16323499002377667,0.4520290397935964,9.878854830682993,0.44090527502390586,4.0,0.4105021473767655,5.3824,0.19439746154390608,9.98729960892067,1.0691668723801808,0.029089451940337088,0.12417016096863027,1.0,0.1174532852706986,1.3456,0.015418228874975553,2.478471514145674,0.9343170978896942,0.06603919313218957,0.013251297021080558,0.0036,0.0002834663007478492,0.0144,0.00017559687274089846,0.018459063173488745,0.249961528648856,11,2.500794795280663,True
0.8008160140979674,0.0759905301891809,1.174777606108618,1.0610825084626865,0.0265207482655145,0.0231508301089802,7.856812454958289,4.247179546036433,2.2349918929068604,0.8120800512544273,2.2593862728027285,0.1655028050439422,0.2737660439306333,0.3466290030447418,0.728288366323697,0.1039517925633852,1.3935575827088391,0.3803862509315185,6.169745679163911,8.751798068815393,0.4862088743614725,1.2498536536512677,2.2603215552547797,0.572547882843168,0.5220391869205284,0.0738033795389799,0.1867406768610981,1.73878961585794,0.2926813229446674,0.0584395275494113,100.59940641249904,4.693655470822785,100.0,51.85604862569084,174.23999999999998,22.03040167878466,348.1264503044755,1.1040435252180691,122.3436960932909,4.686613824813125,100.0,45.52048835321769,174.23999999999998,21.964349142929507,341.72483749614713,2.2906065126634103,1.2764454499277602,0.016349330676252608,0.0025000000000000005,0.0005210107069002201,0.005929,0.00026730061356145456,0.009217311320461675,2.3586389737736213,0.005454062895077886,0.001270523118809181,4e-06,2.5009259259259e-06,9e-06,1.6142289954286082e-06,1.711515492135451e-05,0.3514736527688721,0.25435802177831557,0.02704527914505973,0.0009,0.0014675925925925928,0.0025000000000000005,0.0007314471240342028,0.005599039716626796,2.731083106738622,0.05304136478893076,0.008822387311677988,0.0001,0.000203482905557985,0.0004,7.783451787725676e-05,0.0007813174234352417,1.1820727972775753,0.005971039055403734,0.006411552138747043,0.0004,9.259259259259198e-05,0.0009,4.110800082787179e-05,0.0014337005934204638,0.3705068772824032,0.05379118910655217,0.1645771486412526,0.04000000000000001,0.039188102912426026,0.053824000000000004,0.027085637854884957,0.160097740767311,0.36541043334819606,11.173908255602472,0.41850909144562787,4.0,0.4105021473767655,5.3824,0.1751498596226449,9.96805200699941,1.4803862264400993,0.005137261380593661,0.1148152641186451,1.0,0.1174532852706986,1.3456,0.013182544874634232,2.476235830145333,0.9499599916184333,0.13052262261548594,0.012625427362298729,0.0036,0.0002834663007478492,0.0144,0.00015940141608068145,0.01844286771682853,0.22475409921699993,11,2.731083106738622,False
0.8008160140979674,0.0759905301891809,1.174777606108618,1.0610825084626865,0.0265207482655145,0.0231508301089802,7.856812454958289,4.247179546036433,2.2349918929068604,0.8120800512544273,2.2593862728027285,0.1655028050439422,0.2737660439306333,0.3466290030447418,0.728288366323697,0.1039517925633852,1.3935575827088391,0.3803862509315185,6.169745679163911,8.751798068815393,0.4862088743614725,1.2498536536512677,2.2603215552547797,0.572547882843168,0.5220391869205284,0.0738033795389799,0.1867406768610981,1.73878961585794,0.2926813229446674,0.0584395275494113,100.59940641249904,4.693655470822785,100.0,51.85604862569084,174.23999999999998,22.03040167878466,348.1264503044755,1.1040435252180691,122.3436960932909,4.686613824813125,100.0,45.52048835321769,174.23999999999998,21.964349142929507,341.72483749614713,2.2906065126634103,1.2764454499277602,0.016349330676252608,0.0025000000000000005,0.0005210107069002201,0.005929,0.00026730061356145456,0.009217311320461675,2.3586389737736213,0.005454062895077886,0.001270523118809181,4e-06,2.5009259259259e-06,9e-06,1.6142289954286082e-06,1.711515492135451e-05,0.3514736527688721,0.25435802177831557,0.02704527914505973,0.0009,0.0014675925925925928,0.0025000000000000005,0.0007314471240342028,0.005599039716626796,2.731083106738622,0.05304136478893076,0.008822387311677988,0.0001,0.000203482905557985,0.0004,7.783451787725676e-05,0.0007813174234352417,1.1820727972775753,0.005971039055403734,0.006411552138747043,0.0004,9.259259259259198e-05,0.0009,4.110800082787179e-05,0.0014337005934204638,0.3705068772824032,0.05379118910655217,0.1645771486412526,0.04000000000000001,0.039188102912426026,0.053824000000000004,0.027085637854884957,0.160097740767311,0.36541043334819606,11.173908255602472,0.41850909144562787,4.0,0.4105021473767655,5.3824,0.1751498596226449,9.96805200699941,1.4803862264400993,0.005137261380593661,0.1148152641186451,1.0,0.1174532852706986,1.3456,0.013182544874634232,2.476235830145333,0.9499599916184333,0.13052262261548594,0.012625427362298729,0.0036,0.0002834663007478492,0.0144,0.00015940141608068145,0.01844286771682853,0.22475409921699993,11,2.731083106738622,False
0.8008160140979674,0.0759905301891809,1.174777606108618,1.0610825084626865,0.0265207482655145,0.0231508301089802,7.856812454958289,4.247179546036433,2.2349918929068604,0.8120800512544273,2.2593862728027285,0.1655028050439422,0.2737660439306333,0.3466290030447418,0.728288366323697,0.1039517925633852,1.3935575827088391,0.3803862509315185,6.169745679163911,8.751798068815393,0.4862088743614725,1.2498536536512677,2.2603215552547797,0.572547882843168,0.5220391869205284,0.0738033795389799,0.1867406768610981,1.73878961585794,0.2926813229446674,0.0584395275494113,100.59940641249904,4.693655470822785,100.0,51.85604862569084,174.23999999999998,22.03040167878466,348.1264503044755,1.1040435252180691,122.3436960932909,4.686613824813125,100.0,45.52048835321769,174.23999999999998,21.964349142929507,341.72483749614713,2.2906065126634103,1.2764454499277602,0.016349330676252608,0.0025000000000000005,0.0005210107069002201,0.005929,0.00026730061356145456,0.009217311320461675,2.3586389737736213,0.005454062895077886,0.001270523118809181,4e-06,2.5009259259259e-06,9e-06,1.6142289954286082e-06,1.711515492135451e-05,0.3514736527688721,0.25435802177831557,0.02704527914505973,0.0009,0.0014675925925925928,0.0025000000000000005,0.0007314471240342028,0.005599039716626796,2.731083106738622,0.05304136478893076,0.008822387311677988,0.0001,0.000203482905557985,0.0004,7.783451787725676e-05,0.0007813174234352417,1.1820727972775753,0.005971039055403734,0.006411552138747043,0.0004,9.259259259259198e-05,0.0009,4.110800082787179e-05,0.0014337005934204638,0.3705068772824032,0.05379118910655217,0.1645771486412526,0.04000000000000001,0.039188102912426026,0.053824000000000004,0.027085637854884957,0.160097740767311,0.36541043334819606,11.173908255602472,0.41850909144562787,4.0,0.4105021473767655,5.3824,0.1751498596226449,9.96805200699941,1.4803862264400993,0.005137261380593661,0.1148152641186451,1.0,0.1174532852706986,1.3456,0.013182544874634232,2.476235830145333,0.9499599916184333,0.13052262261548594,0.012625427362298729,0.0036,0.0002834663007478492,0.0144,0.00015940141608068145,0.01844286771682853,0.22475409921699993,11,2.731083106738622,False
0.7696229131396417,0.1057040453358461,1.237916474104836,1.3654395902391083,0.028980472455527,0.0051014714049733,8.155823943884862,3.675761799239388,2.3743985407378503,0.8164266775816607,2.7612865588473063,0.158497573280254,0.3199671196457488,0.3234204914716136,0.6703734903812952,0.1301370196016765,1.3219458338447223,0.3225314460176368,9.52185396309361,6.659476728916989,0.4464525847744347,1.2883589915187734,2.9362328615866207,0.6526442744143454,0.4687923437803661,0.2166684794719497,0.1063332369445197,1.9218418232418693,0.1661181340422035,0.1039229807632081,123.67400236099253,5.624377422312219,100.0,51.85604862569084,174.23999999999998,31.633621388615442,357.7296700143063,2.3091147331745563,119.30917065014023,5.554276513016015,100.0,45.52048835321769,174.23999999999998,30.849987583041344,350.610475936259,2.099333504401381,0.9886118623817752,0.01996653349416608,0.0025000000000000005,0.0005210107069002201,0.005929,0.000398662459773656,0.009348673166673876,0.6349060559848838,0.007535101945124633,0.001511737162010419,4e-06,2.5009259259259e-06,9e-06,2.2853492470033157e-06,1.7786275172929218e-05,0.8382227407789666,0.12579365328309974,0.03182827459401799,0.0009,0.0014675925925925928,0.0025000000000000005,0.0010130390636322111,0.005880631656224804,0.9883729522214444,0.04104301979916328,0.010472743112003307,0.0001,0.000203482905557985,0.0004,0.00010967834829001272,0.0008131612538479977,0.7379377460381644,0.015488226520289576,0.007517151731069944,0.0004,9.259259259259198e-05,0.0009,5.650757014792785e-05,0.0014491001627405199,0.11852175796913572,0.3877818545739748,0.19759689377885806,0.04000000000000001,0.039188102912426026,0.053824000000000004,0.03904453243105331,0.17205663534347937,0.45270773091890476,10.836090318612003,0.4963090572546629,4.0,0.4105021473767655,5.3824,0.24632268031301224,10.039224827689777,1.368510801499934,0.38248710285746135,0.18958567428178494,1.0,0.1174532852706986,1.3456,0.03594272789287905,2.498996013163578,0.7069191756803436,0.07185895716863043,0.014725746294967576,0.0036,0.0002834663007478492,0.0144,0.00021684760394375128,0.0185003139046916,0.20689530643207618,11,2.3091147331745563,True
0.7696229131396417,0.1057040453358461,1.237916474104836,1.3654395902391083,0.028980472455527,0.0051014714049733,8.155823943884862,3.675761799239388,2.3743985407378503,0.8164266775816607,2.7612865588473063,0.158497573280254,0.3199671196457488,0.3234204914716136,0.6703734903812952,0.1301370196016765,1.3219458338447223,0.3225314460176368,9.52185396309361,6.659476728916989,0.4464525847744347,1.2883589915187734,2.9362328615866207,0.6526442744143454,0.4687923437803661,0.2166684794719497,0.1063332369445197,1.9218418232418693,0.1661181340422035,0.1039229807632081,123.67400236099253,5.624377422312219,100.0,51.85604862569084,174.23999999999998,31.633621388615442,357.7296700143063,2.3091147331745563,119.30917065014023,5.554276513016015,100.0,45.52048835321769,174.23999999999998,30.849987583041344,350.610475936259,2.099333504401381,0.9886118623817752,0.01996653349416608,0.0025000000000000005,0.0005210107069002201,0.005929,0.000398662459773656,0.009348673166673876,0.6349060559848838,0.007535101945124633,0.001511737162010419,4e-06,2.5009259259259e-06,9e-06,2.2853492470033157e-06,1.7786275172929218e-05,0.8382227407789666,0.12579365328309974,0.03182827459401799,0.0009,0.0014675925925925928,0.0025000000000000005,0.0010130390636322111,0.005880631656224804,0.9883729522214444,0.04104301979916328,0.010472743112003307,0.0001,0.000203482905557985,0.0004,0.00010967834829001272,0.0008131612538479977,0.7379377460381644,0.015488226520289576,0.007517151731069944,0.0004,9.259259259259198e-05,0.0009,5.650757014792785e-05,0.0014491001627405199,0.11852175796913572,0.3877818545739748,0.19759689377885806,0.04000000000000001,0.039188102912426026,0.053824000000000004,0.03904453243105331,0.17205663534347937,0.45270773091890476,10.836090318612003,0.4963090572546629,4.0,0.4105021473767655,5.3824,0.24632268031301224,10.039224827689777,1.368510801499934,0.38248710285746135,0.18958567428178494,1.0,0.1174532852706986,1.3456,0.03594272789287905,2.498996013163578,0.7069191756803436,0.07185895716863043,0.014725746294967576,0.0036,0.0002834663007478492,0.0144,0.00021684760394375128,0.0185003139046916,0.20689530643207618,11,2.3091147331745563,True
0.7696229131396417,0.1057040453358461,1.237916474104836,1.3654395902391083,0.028980472455527,0.0051014714049733,8.155823943884862,3.675761799239388,2.3743985407378503,0.8164266775816607,2.7612865588473063,0.158497573280254,0.3199671196457488,0.3234204914716136,0.6703734903812952,0.1301370196016765,1.3219458338447223,0.3225314460176368,9.52185396309361,6.659476728916989,0.4464525847744347,1.2883589915187734,2.9362328615866207,0.6526442744143454,0.4687923437803661,0.2166684794719497,0.1063332369445197,1.9218418232418693,0.1661181340422035,0.1039229807632081,123.67400236099253,5.624377422312219,100.0,51.85604862569084,174.23999999999998,31.633621388615442,357.7296700143063,2.3091147331745563,119.30917065014023,5.554276513016015,100.0,45.52048835321769,174.23999999999998,30.849987583041344,350.610475936259,2.099333504401381,0.9886118623817752,0.01996653349416608,0.0025000000000000005,0.0005210107069002201,0.005929,0.000398662459773656,0.009348673166673876,0.6349060559848838,0.007535101945124633,0.001511737162010419,4e-06,2.5009259259259e-06,9e-06,2.2853492470033157e-06,1.7786275172929218e-05,0.8382227407789666,0.12579365328309974,0.03182827459401799,0.0009,0.0014675925925925928,0.0025000000000000005,0.0010130390636322111,0.005880631656224804,0.9883729522214444,0.04104301979916328,0.010472743112003307,0.0001,0.000203482905557985,0.0004,0.00010967834829001272,0.0008131612538479977,0.7379377460381644,0.015488226520289576,0.007517151731069944,0.0004,9.259259259259198e-05,0.0009,5.650757014792785e-05,0.0014491001627405199,0.11852175796913572,0.3877818545739748,0.19759689377885806,0.04000000000000001,0.039188102912426026,0.053824000000000004,0.03904453243105331,0.17205663534347937,0.45270773091890476,10.836090318612003,0.4963090572546629,4.0,0.4105021473767655,5.3824,0.24632268031301224,10.039224827689777,1.368510801499934,0.38248710285746135,0.18958567428178494,1.0,0.1174532852706986,1.3456,0.03594272789287905,2.498996013163578,0.7069191756803436,0.07185895716863043,0.014725746294967576,0.0036,0.0002834663007478492,0.0144,0.00021684760394375128,0.0185003139046916,0.20689530643207618,11,2.3091147331745563,True
0.7927092428320359,0.0700877780910734,1.1543925584507708,1.1111886138587186,0.052198125005239,0.0244377074807089,12.530273090039143,3.914790718117671,4.255987245603393,0.3429792385461901,2.0931812417546234,0.0816902888685348,0.1881560151113178,0.3618734760711732,0.7112550602552028,0.0775765537999352,1.8582081267251385,0.5600435267191242,9.141272152962102,7.775550570952992,0.5177482666035116,1.6282294811392068,2.9835930639524317,0.4572429602879049,0.3238373612889613,0.1672222226240532,0.0766031969830815,1.6777237726471097,0.3880019110668771,0.1705060544501818,110.34579894614097,4.693655470822785,100.0,51.85604862569084,174.23999999999998,22.03040167878466,348.1264503044755,1.62641010974606,122.03847401445084,4.686613824813125,100.0,45.52048835321769,174.23999999999998,21.964349142929507,341.72483749614713,2.274095349347403,1.1581283914825076,0.0163493306762525,0.0025000000000000005,0.0005210107069002201,0.005929,0.00026730061356145104,0.009217311320461672,1.126257288028771,0.00978282764952338,0.001270523118809181,4e-06,2.5009259259259e-06,9e-06,1.6142289954286082e-06,1.711515492135451e-05,1.3978154343880314,0.12272088955077841,0.027045279145059734,0.0009,0.0014675925925925928,0.0025000000000000005,0.0007314471240342029,0.005599039716626796,0.9718570929140313,0.0473800279903371,0.008822387311677988,0.0001,0.000203482905557985,0.0004,7.783451787725676e-05,0.0007813174234352417,0.979535393977394,0.03413465253431477,0.006411552138747042,0.0004,9.259259259259198e-05,0.0009,4.110800082787176e-05,0.0014337005934204638,0.37329820737564856,1.6353075876077736,0.1645771486412526,0.04000000000000001,0.039188102912426026,0.053824000000000004,0.027085637854884957,0.160097740767311,3.5871734704000264,11.128232604477263,0.41850909144562776,4.0,0.4105021473767655,5.3824,0.17514985962264482,9.96805200699941,1.4659191891959706,0.005137261380593717,0.11481526411864512,1.0,0.1174532852706986,1.3456,0.013182544874634237,2.476235830145333,0.9499599916184331,0.1260355332437983,0.012625427362298726,0.0036,0.0002834663007478492,0.0144,0.00015940141608068134,0.01844286771682853,0.19171330378652585,11,3.5871734704000264,False
0.7927092428320359,0.0700877780910734,1.1543925584507708,1.1111886138587186,0.052198125005239,0.0244377074807089,12.530273090039143,3.914790718117671,4.255987245603393,0.3429792385461901,2.0931812417546234,0.0816902888685348,0.1881560151113178,0.3618734760711732,0.7112550602552028,0.0775765537999352,1.8582081267251385,0.5600435267191242,9.141272152962102,7.775550570952992,0.5177482666035116,1.6282294811392068,2.9835930639524317,0.4572429602879049,0.3238373612889613,0.1672222226240532,0.0766031969830815,1.6777237726471097,0.3880019110668771,0.1705060544501818,110.34579894614097,4.693655470822785,100.0,51.85604862569084,174.23999999999998,22.03040167878466,348.1264503044755,1.62641010974606,122.03847401445084,4.686613824813125,100.0,45.52048835321769,174.23999999999998,21.964349142929507,341.72483749614713,2.274095349347403,1.1581283914825076,0.0163493306762525,0.0025000000000000005,0.0005210107069002201,0.005929,0.00026730061356145104,0.009217311320461672,1.126257288028771,0.00978282764952338,0.001270523118809181,4e-06,2.5009259259259e-06,9e-06,1.6142289954286082e-06,1.711515492135451e-05,1.3978154343880314,0.12272088955077841,0.027045279145059734,0.0009,0.0014675925925925928,0.0025000000000000005,0.0007314471240342029,0.005599039716626796,0.9718570929140313,0.0473800279903371,0.008822387311677988,0.0001,0.000203482905557985,0.0004,7.783451787725676e-05,0.0007813174234352417,0.979535393977394,0.03413465253431477,0.006411552138747042,0.0004,9.259259259259198e-05,0.0009,4.110800082787176e-05,0.0014337005934204638,0.37329820737564856,1.6353075876077736,0.1645771486412526,0.04000000000000001,0.039188102912426026,0.053824000000000004,0.027085637854884957,0.160097740767311,3.5871734704000264,11.128232604477263,0.41850909144562776,4.0,0.4105021473767655,5.3824,0.17514985962264482,9.96805200699941,1.4659191891959706,0.005137261380593717,0.11481526411864512,1.0,0.1174532852706986,1.3456,0.013182544874634237,2.476235830145333,0.9499599916184331,0.1260355332437983,0.012625427362298726,0.0036,0.0002834663007478492,0.0144,0.00015940141608068134,0.01844286771682853,0.19171330378652585,11,3.5871734704000264,False
0.7927092428320359,0.0700877780910734,1.1543925584507708,1.1111886138587186,0.052198125005239,0.0244377074807089,12.530273090039143,3.914790718117671,4.255987245603393,0.3429792385461901,2.0931812417546234,0.0816902888685348,0.1881560151113178,0.3618734760711732,0.7112550602552028,0.0775765537999352,1.8582081267251385,0.5600435267191242,9.141272152962102,7.775550570952992,0.5177482666035116,1.6282294811392068,2.9835930639524317,0.4572429602879049,0.3238373612889613,0.1672222226240532,0.0766031969830815,1.6777237726471097,0.3880019110668771,0.1705060544501818,110.34579894614097,4.693655470822785,100.0,51.85604862569084,174.23999999999998,22.03040167878466,348.1264503044755,1.62641010974606,122.03847401445084,4.686613824813125,100.0,45.52048835321769,174.23999999999998,21.964349142929507,341.72483749614713,2.274095349347403,1.1581283914825076,0.0163493306762525,0.0025000000000000005,0.0005210107069002201,0.005929,0.00026730061356145104,0.009217311320461672,1.126257288028771,0.00978282764952338,0.001270523118809181,4e-06,2.5009259259259e-06,9e-06,1.6142289954286082e-06,1.711515492135451e-05,1.3978154343880314,0.12272088955077841,0.027045279145059734,0.0009,0.0014675925925925928,0.0025000000000000005,0.0007314471240342029,0.005599039716626796,0.9718570929140313,0.0473800279903371,0.008822387311677988,0.0001,0.000203482905557985,0.0004,7.783451787725676e-05,0.0007813174234352417,0.979535393977394,0.03413465253431477,0.006411552138747042,0.0004,9.259259259259198e-05,0.0009,4.110800082787176e-05,0.0014337005934204638,0.37329820737564856,1.6353075876077736,0.1645771486412526,0.04000000000000001,0.039188102912426026,0.053824000000000004,0.027085637854884957,0.160097740767311,3.5871734704000264,11.128232604477263,0.41850909144562776,4.0,0.4105021473767655,5.3824,0.17514985962264482,9.96805200699941,1.4659191891959706,0.005137261380593717,0.11481526411864512,1.0,0.1174532852706986,1.3456,0.013182544874634237,2.476235830145333,0.9499599916184331,0.1260355332437983,0.012625427362298726,0.0036,0.0002834663007478492,0.0144,0.00015940141608068134,0.01844286771682853,0.19171330378652585,11,3.5871734704000264,False
0.778804280714363,0.1052712600133289,1.064085391716567,1.1792265589706858,0.0631764020841207,0.020480204829449,6.335228253484335,3.1087410524085426,2.534650927791522,0.4510810015751342,1.516486559894396,0.3067683160608834,0.1801604385085013,0.2277838326565262,0.6874931795299664,0.0997521770281899,1.1830397299442743,0.497572631157457,9.06306959380746,8.39243775064953,0.5669042832581209,1.7136499276972652,1.482768632157739,0.6106598583371854,0.4970841860932882,0.2039737101339691,0.231781041812889,1.5734912974588566,0.2748093278470673,0.0675553545566272,116.28383528314217,4.693655470822785,100.0,51.85604862569084,174.23999999999998,22.03040167878466,348.1264503044755,1.9446644535410305,112.14866270798395,4.686613824813125,100.0,45.52048835321769,174.23999999999998,21.964349142929507,341.72483749614713,1.7391003376295988,0.9910588643840298,0.016349330676252608,0.0025000000000000005,0.0005210107069002201,0.005929,0.00026730061356145456,0.009217311320461675,0.613926487225307,0.008674241543820294,0.0012705231188091806,4e-06,2.5009259259259e-06,9e-06,1.6142289954286071e-06,1.7115154921354507e-05,1.1298498537386383,0.15111321218809026,0.027045279145059734,0.0009,0.0014675925925925928,0.0025000000000000005,0.0007314471240342029,0.005599039716626796,1.3512979978565889,0.04815312609670927,0.008822387311677988,0.0001,0.000203482905557985,0.0004,7.783451787725676e-05,0.0007813174234352417,1.00719339923859,0.02389333836763978,0.006411552138747044,0.0004,9.259259259259198e-05,0.0009,4.1108000827871795e-05,0.0014337005934204638,0.10282362653191471,0.36160734800558203,0.1645771486412526,0.04000000000000001,0.039188102912426026,0.053824000000000004,0.027085637854884957,0.160097740767311,0.4038950231939739,10.238306802695774,0.41850909144562776,4.0,0.4105021473767655,5.3824,0.17514985962264482,9.96805200699941,1.1840493219533241,0.08209933155700838,0.12360652154580049,1.0,0.1174532852706986,1.3456,0.01527857216865244,2.478331857439351,0.9006707885415379,0.10021556611428357,0.012625427362298726,0.0036,0.0002834663007478492,0.0144,0.00015940141608068134,0.01844286771682853,0.0015873265036187025,11,1.9446644535410305,True
0.778804280714363,0.1052712600133289,1.064085391716567,1.1792265589706858,0.0631764020841207,0.020480204829449,6.335228253484335,3.1087410524085426,2.534650927791522,0.4510810015751342,1.516486559894396,0.3067683160608834,0.1801604385085013,0.2277838326565262,0.6874931795299664,0.0997521770281899,1.1830397299442743,0.497572631157457,9.06306959380746,8.39243775064953,0.5669042832581209,1.7136499276972652,1.482768632157739,0.6106598583371854,0.4970841860932882,0.2039737101339691,0.231781041812889,1.5734912974588566,0.2748093278470673,0.0675553545566272,116.28383528314217,4.693655470822785,100.0,51.85604862569084,174.23999999999998,22.03040167878466,348.1264503044755,1.9446644535410305,112.14866270798395,4.686613824813125,100.0,45.52048835321769,174.23999999999998,21.964349142929507,341.72483749614713,1.7391003376295988,0.9910588643840298,0.016349330676252608,0.0025000000000000005,0.0005210107069002201,0.005929,0.00026730061356145456,0.009217311320461675,0.613926487225307,0.008674241543820294,0.0012705231188091806,4e-06,2.5009259259259e-06,9e-06,1.6142289954286071e-06,1.7115154921354507e-05,1.1298498537386383,0.15111321218809026,0.027045279145059734,0.0009,0.0014675925925925928,0.0025000000000000005,0.0007314471240342029,0.005599039716626796,1.3512979978565889,0.04815312609670927,0.008822387311677988,0.0001,0.000203482905557985,0.0004,7.783451787725676e-05,0.0007813174234352417,1.00719339923859,0.02389333836763978,0.006411552138747044,0.0004,9.259259259259198e-05,0.0009,4.1108000827871795e-05,0.0014337005934204638,0.10282362653191471,0.36160734800558203,0.1645771486412526,0.04000000000000001,0.039188102912426026,0.053824000000000004,0.027085637854884957,0.160097740767311,0.4038950231939739,10.238306802695774,0.41850909144562776,4.0,0.4105021473767655,5.3824,0.17514985962264482,9.96805200699941,1.1840493219533241,0.08209933155700838,0.12360652154580049,1.0,0.1174532852706986,1.3456,0.01527857216865244,2.478331857439351,0.9006707885415379,0.10021556611428357,0.012625427362298726,0.0036,0.0002834663007478492,0.0144,0.00015940141608068134,0.01844286771682853,0.0015873265036187025,11,1.9446644535410305,True
0.778804280714363,0.1052712600133289,1.064085391716567,1.1792265589706858,0.0631764020841207,0.020480204829449,6.335228253484335,3.1087410524085426,2.534650927791522,0.4510810015751342,1.516486559894396,0.3067683160608834,0.1801604385085013,0.2277838326565262,0.6874931795299664,0.0997521770281899,1.1830397299442743,0.497572631157457,9.06306959380746,8.39243775064953,0.5669042832581209,1.7136499276972652,1.482768632157739,0.6106598583371854,0.4970841860932882,0.2039737101339691,0.231781041812889,1.5734912974588566,0.2748093278470673,0.0675553545566272,116.28383528314217,4.693655470822785,100.0,51.85604862569084,174.23999999999998,22.03040167878466,348.1264503044755,1.9446644535410305,112.14866270798395,4.686613824813125,100.0,45.52048835321769,174.23999999999998,21.964349142929507,341.72483749614713,1.7391003376295988,0.9910588643840298,0.016349330676252608,0.0025000000000000005,0.0005210107069002201,0.005929,0.00026730061356145456,0.009217311320461675,0.613926487225307,0.008674241543820294,0.0012705231188091806,4e-06,2.5009259259259e-06,9e-06,1.6142289954286071e-06,1.7115154921354507e-05,1.1298498537386383,0.15111321218809026,0.027045279145059734,0.0009,0.0014675925925925928,0.0025000000000000005,0.0007314471240342029,0.005599039716626796,1.3512979978565889,0.04815312609670927,0.008822387311677988,0.0001,0.000203482905557985,0.0004,7.783451787725676e-05,0.0007813174234352417,1.00719339923859,0.02389333836763978,0.006411552138747044,0.0004,9.259259259259198e-05,0.0009,4.1108000827871795e-05,0.0014337005934204638,0.10282362653191471,0.36160734800558203,0.1645771486412526,0.04000000000000001,0.039188102912426026,0.053824000000000004,0.027085637854884957,0.160097740767311,0.4038950231939739,10.238306802695774,0.41850909144562776,4.0,0.4105021473767655,5.3824,0.17514985962264482,9.96805200699941,1.1840493219533241,0.08209933155700838,0.12360652154580049,1.0,0.1174532852706986,1.3456,0.01527857216865244,2.478331857439351,0.9006707885415379,0.10021556611428357,0.012625427362298726,0.0036,0.0002834663007478492,0.0144,0.00015940141608068134,0.01844286771682853,0.0015873265036187025,11,1.9446644535410305,True
0.7515605526283258,0.0517554729315404,1.0439335140330104,1.4082949927981383,0.0617924695143003,0.0082501129162282,9.502469267021413,2.9979919392606504,2.1745642306965847,0.6831757621922027,1.876840804239689,0.1043859873289746,0.1833320311601845,0.3213740116688484,0.7219059677374489,0.0919848438277423,1.13969512239378,0.4862109532591533,5.414504068137584,4.269049932569017,0.5414371497673475,0.8696584535026528,2.829428973740008,0.6703536546598682,0.4754037964763509,0.2650286683842868,0.0958147378262518,1.3565363607695051,0.3499736648378277,0.1631753413399843,133.88781777228186,5.624377422312194,100.0,51.85604862569084,174.23999999999998,31.63362138861516,357.729670014306,2.8491355779139527,109.6800805866917,5.55427651301599,100.0,45.52048835321769,174.23999999999998,30.84998758304107,350.6104759362587,1.5850852754827232,0.8182597053786306,0.01996653349416608,0.0025000000000000005,0.0005210107069002201,0.005929,0.000398662459773656,0.009348673166673876,2.396771138193773,0.010415681001189392,0.0015117371620104137,4e-06,2.5009259259259e-06,9e-06,2.2853492470033e-06,1.77862751729292e-05,1.5212488341947723,0.13935953502974868,0.03182827459401799,0.0009,0.0014675925925925928,0.0025000000000000005,0.0010130390636322111,0.005880631656224804,1.1652762945282353,0.02015393987697764,0.010472743112003262,0.0001,0.000203482905557985,0.0004,0.00010967834829001177,0.0008131612538479967,0.00539837185567767,0.002205798002014028,0.007517151731069901,0.0004,9.259259259259198e-05,0.0009,5.6507570147927215e-05,0.0014491001627405192,0.46744370300136734,0.033105704308786565,0.19759689377885742,0.04000000000000001,0.039188102912426026,0.053824000000000004,0.03904453243105306,0.1720566353434791,0.4023516440238062,10.02423654770962,0.4963090572546608,4.0,0.4105021473767655,5.3824,0.24632268031301016,10.039224827689775,1.1122821316427969,0.014508315739838535,0.13912335435641723,1.0,0.1174532852706986,1.3456,0.019355307727381237,2.48240859299808,0.9428304322156402,0.06333453411937479,0.01472574629496749,0.0036,0.0002834663007478492,0.0144,0.00021684760394374874,0.018500313904691597,0.26956757943563375,11,2.8491355779139527,False
0.7515605526283258,0.0517554729315404,1.0439335140330104,1.4082949927981383,0.0617924695143003,0.0082501129162282,9.502469267021413,2.9979919392606504,2.1745642306965847,0.6831757621922027,1.876840804239689,0.1043859873289746,0.1833320311601845,0.3213740116688484,0.7219059677374489,0.0919848438277423,1.13969512239378,0.4862109532591533,5.414504068137584,4.269049932569017,0.5414371497673475,0.8696584535026528,2.829428973740008,0.6703536546598682,0.4754037964763509,0.2650286683842868,0.0958147378262518,1.3565363607695051,0.3499736648378277,0.1631753413399843,133.88781777228186,5.624377422312194,100.0,51.85604862569084,174.23999999999998,31.63362138861516,357.729670014306,2.8491355779139527,109.6800805866917,5.55427651301599,100.0,45.52048835321769,174.23999999999998,30.84998758304107,350.6104759362587,1.5850852754827232,0.8182597053786306,0.01996653349416608,0.0025000000000000005,0.0005210107069002201,0.005929,0.000398662459773656,0.009348673166673876,2.396771138193773,0.010415681001189392,0.0015117371620104137,4e-06,2.5009259259259e-06,9e-06,2.2853492470033e-06,1.77862751729292e-05,1.5212488341947723,0.13935953502974868,0.03182827459401799,0.0009,0.0014675925925925928,0.0025000000000000005,0.0010130390636322111,0.005880631656224804,1.1652762945282353,0.02015393987697764,0.010472743112003262,0.0001,0.000203482905557985,0.0004,0.00010967834829001177,0.0008131612538479967,0.00539837185567767,0.002205798002014028,0.007517151731069901,0.0004,9.259259259259198e-05,0.0009,5.6507570147927215e-05,0.0014491001627405192,0.46744370300136734,0.033105704308786565,0.19759689377885742,0.04000000000000001,0.039188102912426026,0.053824000000000004,0.03904453243105306,0.1720566353434791,0.4023516440238062,10.02423654770962,0.4963090572546608,4.0,0.4105021473767655,5.3824,0.24632268031301016,10.039224827689775,1.1122821316427969,0.014508315739838535,0.13912335435641723,1.0,0.1174532852706986,1.3456,0.019355307727381237,2.48240859299808,0.9428304322156402,0.06333453411937479,0.01472574629496749,0.0036,0.0002834663007478492,0.0144,0.00021684760394374874,0.018500313904691597,0.26956757943563375,11,2.8491355779139527,False
0.7515605526283258,0.0517554729315404,1.0439335140330104,1.4082949927981383,0.0617924695143003,0.0082501129162282,9.502469267021413,2.9979919392606504,2.1745642306965847,0.6831757621922027,1.876840804239689,0.1043859873289746,0.1833320311601845,0.3213740116688484,0.7219059677374489,0.0919848438277423,1.13969512239378,0.4862109532591533,5.414504068137584,4.269049932569017,0.5414371497673475,0.8696584535026528,2.829428973740008,0.6703536546598682,0.4754037964763509,0.2650286683842868,0.0958147378262518,1.3565363607695051,0.3499736648378277,0.1631753413399843,133.88781777228186,5.624377422312194,100.0,51.85604862569084,174.23999999999998,31.63362138861516,357.729670014306,2.8491355779139527,109.6800805866917,5.55427651301599,100.0,45.52048835321769,174.23999999999998,30.84998758304107,350.6104759362587,1.5850852754827232,0.8182597053786306,0.01996653349416608,0.0025000000000000005,0.0005210107069002201,0.005929,0.000398662459773656,0.009348673166673876,2.396771138193773,0.010415681001189392,0.0015117371620104137,4e-06,2.5009259259259e-06,9e-06,2.2853492470033e-06,1.77862751729292e-05,1.5212488341947723,0.13935953502974868,0.03182827459401799,0.0009,0.0014675925925925928,0.0025000000000000005,0.0010130390636322111,0.005880631656224804,1.1652762945282353,0.02015393987697764,0.010472743112003262,0.0001,0.000203482905557985,0.0004,0.00010967834829001177,0.0008131612538479967,0.00539837185567767,0.002205798002014028,0.007517151731069901,0.0004,9.259259259259198e-05,0.0009,5.6507570147927215e-05,0.0014491001627405192,0.46744370300136734,0.033105704308786565,0.19759689377885742,0.04000000000000001,0.039188102912426026,0.053824000000000004,0.03904453243105306,0.1720566353434791,0.4023516440238062,10.02423654770962,0.4963090572546608,4.0,0.4105021473767655,5.3824,0.24632268031301016,10.039224827689775,1.1122821316427969,0.014508315739838535,0.13912335435641723,1.0,0.1174532852706986,1.3456,0.019355307727381237,2.48240859299808,0.9428304322156402,0.06333453411937479,0.01472574629496749,0.0036,0.0002834663007478492,0.0144,0.00021684760394374874,0.018500313904691597,0.26956757943563375,11,2.8491355779139527,False
0.6587879513687227,0.0974563947930011,1.1402498555644671,1.3596790349878476,0.0314624957184424,0.0195791400874792,10.771745242919454,4.043651082413126,2.247187573304852,0.3590879675894144,1.6506913019676652,0.2588602379190189,0.2342621206361191,0.3154834024316871,0.7482583431014199,0.1630661618098447,2.354541730400908,0.5358616101077168,7.5174008217492,8.861349547830539,0.2398692377572113,1.7820784070098517,2.555620076395742,0.4878143607724131,0.644501559683621,0.2899416089329918,0.1468707459353648,1.7939613568070618,0.2887675519514439,0.0614565708556993,125.32848363612858,4.955979590043874,100.0,51.85604862569084,174.23999999999998,24.561733696931448,350.6577823226223,2.4206357889439785,119.08841054102848,4.936716042003472,100.0,45.52048835321769,174.23999999999998,24.37116527937443,344.1316536325921,2.1071026840487277,0.977545242835685,0.017331142395266973,0.0025000000000000005,0.0005210107069002201,0.005929,0.00030036849672502024,0.009250379203625241,0.7533332512289252,0.00701662966779953,0.0013394901065964901,4e-06,2.5009259259259e-06,9e-06,1.7942337456698765e-06,1.729515967159578e-05,0.7253702004478904,0.16283067456426104,0.028444075658176977,0.0009,0.0014675925925925928,0.0025000000000000005,0.000809065440048096,0.00567665803264069,1.4975482303168666,0.028170232215133987,0.009296517716979955,0.0001,0.000203482905557985,0.0004,8.64252416621222e-05,0.0007899081472201072,0.29070071748060733,0.004923361171816521,0.006737427542730748,0.0004,9.259259259259198e-05,0.0009,4.539292989354689e-05,0.001437985522486139,0.39758251288259433,0.03043046705350355,0.17384730976161417,0.04000000000000001,0.039188102912426026,0.053824000000000004,0.030222887111350627,0.16323499002377667,0.41970215143965856,10.955223144505402,0.4409052750239061,4.0,0.4105021473767655,5.3824,0.19439746154390627,9.98729960892067,1.4097607721737422,1.6982301923568115,0.32556905202327147,1.0,0.1174532852706986,1.3456,0.10599520763533164,2.56904849290603,0.12367549332757352,0.09840248849925065,0.013251297021080568,0.0036,0.0002834663007478492,0.0144,0.00017559687274089873,0.01845906317348875,0.011758154578474598,11,2.4206357889439785,True
0.6587879513687227,0.0974563947930011,1.1402498555644671,1.3596790349878476,0.0314624957184424,0.0195791400874792,10.771745242919454,4.043651082413126,2.247187573304852,0.3590879675894144,1.6506913019676652,0.2588602379190189,0.2342621206361191,0.3154834024316871,0.7482583431014199,0.1630661618098447,2.354541730400908,0.5358616101077168,7.5174008217492,8.861349547830539,0.2398692377572113,1.7820784070098517,2.555620076395742,0.4878143607724131,0.644501559683621,0.2899416089329918,0.1468707459353648,1.7939613568070618,0.2887675519514439,0.0614565708556993,125.32848363612858,4.955979590043874,100.0,51.85604862569084,174.23999999999998,24.561733696931448,350.6577823226223,2.4206357889439785,119.08841054102848,4.936716042003472,100.0,45.52048835321769,174.23999999999998,24.37116527937443,344.1316536325921,2.1071026840487277,0.977545242835685,0.017331142395266973,0.0025000000000000005,0.0005210107069002201,0.005929,0.00030036849672502024,0.009250379203625241,0.7533332512289252,0.00701662966779953,0.0013394901065964901,4e-06,2.5009259259259e-06,9e-06,1.7942337456698765e-06,1.729515967159578e-05,0.7253702004478904,0.16283067456426104,0.028444075658176977,0.0009,0.0014675925925925928,0.0025000000000000005,0.000809065440048096,0.00567665803264069,1.4975482303168666,0.028170232215133987,0.009296517716979955,0.0001,0.000203482905557985,0.0004,8.64252416621222e-05,0.0007899081472201072,0.29070071748060733,0.004923361171816521,0.006737427542730748,0.0004,9.259259259259198e-05,0.0009,4.539292989354689e-05,0.001437985522486139,0.39758251288259433,0.03043046705350355,0.17384730976161417,0.04000000000000001,0.039188102912426026,0.053824000000000004,0.030222887111350627,0.16323499002377667,0.41970215143965856,10.955223144505402,0.4409052750239061,4.0,0.4105021473767655,5.3824,0.19439746154390627,9.98729960892067,1.4097607721737422,1.6982301923568115,0.32556905202327147,1.0,0.1174532852706986,1.3456,0.10599520763533164,2.56904849290603,0.12367549332757352,0.09840248849925065,0.013251297021080568,0.0036,0.0002834663007478492,0.0144,0.00017559687274089873,0.01845906317348875,0.011758154578474598,11,2.4206357889439785,True
0.6587879513687227,0.0974563947930011,1.1402498555644671,1.3596790349878476,0.0314624957184424,0.0195791400874792,10.771745242919454,4.043651082413126,2.247187573304852,0.3590879675894144,1.6506913019676652,0.2588602379190189,0.2342621206361191,0.3154834024316871,0.7482583431014199,0.1630661618098447,2.354541730400908,0.5358616101077168,7.5174008217492,8.861349547830539,0.2398692377572113,1.7820784070098517,2.555620076395742,0.4878143607724131,0.644501559683621,0.2899416089329918,0.1468707459353648,1.7939613568070618,0.2887675519514439,0.0614565708556993,125.32848363612858,4.955979590043874,100.0,51.85604862569084,174.23999999999998,24.561733696931448,350.6577823226223,2.4206357889439785,119.08841054102848,4.936716042003472,100.0,45.52048835321769,174.23999999999998,24.37116527937443,344.1316536325921,2.1071026840487277,0.977545242835685,0.017331142395266973,0.0025000000000000005,0.0005210107069002201,0.005929,0.00030036849672502024,0.009250379203625241,0.7533332512289252,0.00701662966779953,0.0013394901065964901,4e-06,2.5009259259259e-06,9e-06,1.7942337456698765e-06,1.729515967159578e-05,0.7253702004478904,0.16283067456426104,0.028444075658176977,0.0009,0.0014675925925925928,0.0025000000000000005,0.000809065440048096,0.00567665803264069,1.4975482303168666,0.028170232215133987,0.009296517716979955,0.0001,0.000203482905557985,0.0004,8.64252416621222e-05,0.0007899081472201072,0.29070071748060733,0.004923361171816521,0.006737427542730748,0.0004,9.259259259259198e-05,0.0009,4.539292989354689e-05,0.001437985522486139,0.39758251288259433,0.03043046705350355,0.17384730976161417,0.04000000000000001,0.039188102912426026,0.053824000000000004,0.030222887111350627,0.16323499002377667,0.41970215143965856,10.955223144505402,0.4409052750239061,4.0,0.4105021473767655,5.3824,0.19439746154390627,9.98729960892067,1.4097607721737422,1.6982301923568115,0.32556905202327147,1.0,0.1174532852706986,1.3456,0.10599520763533164,2.56904849290603,0.12367549332757352,0.09840248849925065,0.013251297021080568,0.0036,0.0002834663007478492,0.0144,0.00017559687274089873,0.01845906317348875,0.011758154578474598,11,2.4206357889439785,True
0.7145377621177393,0.045624326370701,1.0388480512057876,1.2604299589000414,0.022095834194345,0.0075255048749748,8.91466518636653,3.297671024603076,2.5764460068117936,0.3785347499973203,2.294247207911833,0.1081316780813824,0.2478128613871012,0.3363855776473647,0.5616820848523743,0.0745215138959492,1.810234526777104,0.2360398334953105,9.756748345065516,6.225790456112905,0.5525151803716118,1.470088144789874,0.495549347815606,0.2736809436769306,0.5937192745921911,0.1076704635390614,0.2465269345687335,1.2343026868429876,0.3785214416462807,0.1087358163256826,125.04474714260985,4.955979590043874,100.0,51.85604862569084,174.23999999999998,24.561733696931448,350.6577823226223,2.405483667016531,113.03687636090221,4.936716042003472,100.0,45.52048835321769,174.23999999999998,24.37116527937443,344.1316536325921,1.780888245112343,0.9203648758998817,0.017331142395266973,0.0025000000000000005,0.0005210107069002201,0.005929,0.00030036849672502024,0.009250379203625241,1.347854210460393,0.003114921317906978,0.0013394901065964901,4e-06,2.5009259259259e-06,9e-06,1.7942337456698765e-06,1.729515967159578e-05,0.21282350561455615,0.04317260220077687,0.028444075658176984,0.0009,0.0014675925925925928,0.0025000000000000005,0.0008090654400480965,0.00567665803264069,0.09061682500243087,0.004852090278717549,0.009296517716979955,0.0001,0.000203482905557985,0.0004,8.64252416621222e-05,0.0007899081472201072,0.5389697756878334,0.0012275266603909742,0.006737427542730749,0.0004,9.259259259259198e-05,0.0009,4.53929298935469e-05,0.001437985522486139,0.4950444995360098,0.017369646100292235,0.17384730976161417,0.04000000000000001,0.039188102912426026,0.053824000000000004,0.030222887111350627,0.16323499002377667,0.45202903562917013,10.355249342030989,0.44090527502390603,4.0,0.4105021473767655,5.3824,0.19439746154390622,9.98729960892067,1.2199118008369219,0.007587775467833756,0.1215757639279725,1.0,0.1174532852706986,1.3456,0.014780666374670098,2.4778339516453687,0.9480968377214737,0.070832746416144,0.013251297021080567,0.0036,0.0002834663007478492,0.0144,0.0001755968727408987,0.018459063173488745,0.21467956638038288,11,2.405483667016531,True
0.7145377621177393,0.045624326370701,1.0388480512057876,1.2604299589000414,0.022095834194345,0.0075255048749748,8.91466518636653,3.297671024603076,2.5764460068117936,0.3785347499973203,2.294247207911833,0.1081316780813824,0.2478128613871012,0.3363855776473647,0.5616820848523743,0.0745215138959492,1.810234526777104,0.2360398334953105,9.756748345065516,6.225790456112905,0.5525151803716118,1.470088144789874,0.495549347815606,0.2736809436769306,0.5937192745921911,0.1076704635390614,0.2465269345687335,1.2343026868429876,0.3785214416462807,0.1087358163256826,125.04474714260985,4.955979590043874,100.0,51.85604862569084,174.23999999999998,24.561733696931448,350.6577823226223,2.405483667016531,113.03687636090221,4.936716042003472,100.0,45.52048835321769,174.23999999999998,24.37116527937443,344.1316536325921,1.780888245112343,0.9203648758998817,0.017331142395266973,0.0025000000000000005,0.0005210107069002201,0.005929,0.00030036849672502024,0.009250379203625241,1.347854210460393,0.003114921317906978,0.0013394901065964901,4e-06,2.5009259259259e-06,9e-06,1.7942337456698765e-06,1.729515967159578e-05,0.21282350561455615,0.04317260220077687,0.028444075658176984,0.0009,0.0014675925925925928,0.0025000000000000005,0.0008090654400480965,0.00567665803264069,0.09061682500243087,0.004852090278717549,0.009296517716979955,0.0001,0.000203482905557985,0.0004,8.64252416621222e-05,0.0007899081472201072,0.5389697756878334,0.0012275266603909742,0.006737427542730749,0.0004,9.259259259259198e-05,0.0009,4.53929298935469e-05,0.001437985522486139,0.4950444995360098,0.017369646100292235,0.17384730976161417,0.04000000000000001,0.039188102912426026,0.053824000000000004,0.030222887111350627,0.16323499002377667,0.45202903562917013,10.355249342030989,0.44090527502390603,4.0,0.4105021473767655,5.3824,0.19439746154390622,9.98729960892067,1.2199118008369219,0.007587775467833756,0.1215757639279725,1.0,0.1174532852706986,1.3456,0.014780666374670098,2.4778339516453687,0.9480968377214737,0.070832746416144,0.013251297021080567,0.0036,0.0002834663007478492,0.0144,0.0001755968727408987,0.018459063173488745,0.21467956638038288,11,2.405483667016531,True
0.7145377621177393,0.045624326370701,1.0388480512057876,1.2604299589000414,0.022095834194345,0.0075255048749748,8.91466518636653,3.297671024603076,2.5764460068117936,0.3785347499973203,2.294247207911833,0.1081316780813824,0.2478128613871012,0.3363855776473647,0.5616820848523743,0.0745215138959492,1.810234526777104,0.2360398334953105,9.756748345065516,6.225790456112905,0.5525151803716118,1.470088144789874,0.495549347815606,0.2736809436769306,0.5937192745921911,0.1076704635390614,0.2465269345687335,1.2343026868429876,0.3785214416462807,0.1087358163256826,125.04474714260985,4.955979590043874,100.0,51.85604862569084,174.23999999999998,24.561733696931448,350.6577823226223,2.405483667016531,113.03687636090221,4.936716042003472,100.0,45.52048835321769,174.23999999999998,24.37116527937443,344.1316536325921,1.780888245112343,0.9203648758998817,0.017331142395266973,0.0025000000000000005,0.0005210107069002201,0.005929,0.00030036849672502024,0.009250379203625241,1.347854210460393,0.003114921317906978,0.0013394901065964901,4e-06,2.5009259259259e-06,9e-06,1.7942337456698765e-06,1.729515967159578e-05,0.21282350561455615,0.04317260220077687,0.028444075658176984,0.0009,0.0014675925925925928,0.0025000000000000005,0.0008090654400480965,0.00567665803264069,0.09061682500243087,0.004852090278717549,0.009296517716979955,0.0001,0.000203482905557985,0.0004,8.64252416621222e-05,0.0007899081472201072,0.5389697756878334,0.0012275266603909742,0.006737427542730749,0.0004,9.259259259259198e-05,0.0009,4.53929298935469e-05,0.001437985522486139,0.4950444995360098,0.017369646100292235,0.17384730976161417,0.04000000000000001,0.039188102912426026,0.053824000000000004,0.030222887111350627,0.16323499002377667,0.45202903562917013,10.355249342030989,0.44090527502390603,4.0,0.4105021473767655,5.3824,0.19439746154390622,9.98729960892067,1.2199118008369219,0.007587775467833756,0.1215757639279725,1.0,0.1174532852706986,1.3456,0.014780666374670098,2.4778339516453687,0.9480968377214737,0.070832746416144,0.013251297021080567,0.0036,0.0002834663007478492,0.0144,0.0001755968727408987,0.018459063173488745,0.21467956638038288,11,2.405483667016531,True
0.7174771157139999,0.0810939320853272,1.186168413590872,1.1336702205531943,0.0238573710902488,0.0138346198541707,7.101248958641423,3.476751188352893,3.760154362851061,0.4604463045878282,2.0155784284560334,0.1117453632291497,0.1222810916549045,0.208350804133166,0.5187986203013482,0.0889166456749635,2.3915102139009026,0.5614303776573748,5.564733774326365,7.266258644762865,0.4788219121783358,1.9060067681835584,1.5055903726170032,0.4217011108306442,0.2698668239465618,0.1489113438241875,0.1422267561109255,2.169609222662804,0.1488791424552032,0.0777886496907728,114.08334237475813,4.955979590043873,100.0,51.85604862569084,174.23999999999998,24.56173369693143,350.65778232262227,1.8201217367309408,127.31523170192743,4.936716042003473,100.0,45.52048835321769,174.23999999999998,24.371165279374438,344.1316536325921,2.550578300206717,1.161316768039116,0.01733114239526687,0.0025000000000000005,0.0005210107069002201,0.005929,0.0003003684967250166,0.009250379203625236,1.1573929175281945,0.00381027526465981,0.0013394901065964901,4e-06,2.5009259259259e-06,9e-06,1.7942337456698765e-06,1.729515967159578e-05,0.045620670900589425,0.1104802679052367,0.028444075658176977,0.0009,0.0014675925925925928,0.0025000000000000005,0.000809065440048096,0.00567665803264069,0.8027260186146737,0.014002300421967456,0.009296517716979955,0.0001,0.000203482905557985,0.0004,8.64252416621222e-05,0.0007899081472201072,0.21340098110523578,0.0012275266362476982,0.006737427542730751,0.0004,9.259259259259198e-05,0.0009,4.5392929893546924e-05,0.001437985522486139,0.49504450017268653,0.01736964557067583,0.17384730976161417,0.04000000000000001,0.039188102912426026,0.053824000000000004,0.030222887111350627,0.16323499002377667,0.4520290369400256,11.721346820788838,0.4409052750239061,4.0,0.4105021473767655,5.3824,0.19439746154390627,9.98729960892067,1.65218434343525,0.12440787899245366,0.13567130346700285,1.0,0.1174532852706986,1.3456,0.018406702584435577,2.481459987855134,0.8732448664477656,0.10292505902390847,0.013251297021080568,0.0036,0.0002834663007478492,0.0144,0.00017559687274089873,0.01845906317348875,0.02152929486776445,11,2.550578300206717,True
0.7174771157139999,0.0810939320853272,1.186168413590872,1.1336702205531943,0.0238573710902488,0.0138346198541707,7.101248958641423,3.476751188352893,3.760154362851061,0.4604463045878282,2.0155784284560334,0.1117453632291497,0.1222810916549045,0.208350804133166,0.5187986203013482,0.0889166456749635,2.3915102139009026,0.5614303776573748,5.564733774326365,7.266258644762865,0.4788219121783358,1.9060067681835584,1.5055903726170032,0.4217011108306442,0.2698668239465618,0.1489113438241875,0.1422267561109255,2.169609222662804,0.1488791424552032,0.0777886496907728,114.08334237475813,4.955979590043873,100.0,51.85604862569084,174.23999999999998,24.56173369693143,350.65778232262227,1.8201217367309408,127.31523170192743,4.936716042003473,100.0,45.52048835321769,174.23999999999998,24.371165279374438,344.1316536325921,2.550578300206717,1.161316768039116,0.01733114239526687,0.0025000000000000005,0.0005210107069002201,0.005929,0.0003003684967250166,0.009250379203625236,1.1573929175281945,0.00381027526465981,0.0013394901065964901,4e-06,2.5009259259259e-06,9e-06,1.7942337456698765e-06,1.729515967159578e-05,0.045620670900589425,0.1104802679052367,0.028444075658176977,0.0009,0.0014675925925925928,0.0025000000000000005,0.000809065440048096,0.00567665803264069,0.8027260186146737,0.014002300421967456,0.009296517716979955,0.0001,0.000203482905557985,0.0004,8.64252416621222e-05,0.0007899081472201072,0.21340098110523578,0.0012275266362476982,0.006737427542730751,0.0004,9.259259259259198e-05,0.0009,4.5392929893546924e-05,0.001437985522486139,0.49504450017268653,0.01736964557067583,0.17384730976161417,0.04000000000000001,0.039188102912426026,0.053824000000000004,0.030222887111350627,0.16323499002377667,0.4520290369400256,11.721346820788838,0.4409052750239061,4.0,0.4105021473767655,5.3824,0.19439746154390627,9.98729960892067,1.65218434343525,0.12440787899245366,0.13567130346700285,1.0,0.1174532852706986,1.3456,0.018406702584435577,2.481459987855134,0.8732448664477656,0.10292505902390847,0.013251297021080568,0.0036,0.0002834663007478492,0.0144,0.00017559687274089873,0.01845906317348875,0.02152929486776445,11,2.550578300206717,True
0.7174771157139999,0.0810939320853272,1.186168413590872,1.1336702205531943,0.0238573710902488,0.0138346198541707,7.101248958641423,3.476751188352893,3.760154362851061,0.4604463045878282,2.0155784284560334,0.1117453632291497,0.1222810916549045,0.208350804133166,0.5187986203013482,0.0889166456749635,2.3915102139009026,0.5614303776573748,5.564733774326365,7.266258644762865,0.4788219121783358,1.9060067681835584,1.5055903726170032,0.4217011108306442,0.2698668239465618,0.1489113438241875,0.1422267561109255,2.169609222662804,0.1488791424552032,0.0777886496907728,114.08334237475813,4.955979590043873,100.0,51.85604862569084,174.23999999999998,24.56173369693143,350.65778232262227,1.8201217367309408,127.31523170192743,4.936716042003473,100.0,45.52048835321769,174.23999999999998,24.371165279374438,344.1316536325921,2.550578300206717,1.161316768039116,0.01733114239526687,0.0025000000000000005,0.0005210107069002201,0.005929,0.0003003684967250166,0.009250379203625236,1.1573929175281945,0.00381027526465981,0.0013394901065964901,4e-06,2.5009259259259e-06,9e-06,1.7942337456698765e-06,1.729515967159578e-05,0.045620670900589425,0.1104802679052367,0.028444075658176977,0.0009,0.0014675925925925928,0.0025000000000000005,0.000809065440048096,0.00567665803264069,0.8027260186146737,0.014002300421967456,0.009296517716979955,0.0001,0.000203482905557985,0.0004,8.64252416621222e-05,0.0007899081472201072,0.21340098110523578,0.0012275266362476982,0.006737427542730751,0.0004,9.259259259259198e-05,0.0009,4.5392929893546924e-05,0.001437985522486139,0.49504450017268653,0.01736964557067583,0.17384730976161417,0.04000000000000001,0.039188102912426026,0.053824000000000004,0.030222887111350627,0.16323499002377667,0.4520290369400256,11.721346820788838,0.4409052750239061,4.0,0.4105021473767655,5.3824,0.19439746154390627,9.98729960892067,1.65218434343525,0.12440787899245366,0.13567130346700285,1.0,0.1174532852706986,1.3456,0.018406702584435577,2.481459987855134,0.8732448664477656,0.10292505902390847,0.013251297021080568,0.0036,0.0002834663007478492,0.0144,0.00017559687274089873,0.01845906317348875,0.02152929486776445,11,2.550578300206717,True
0.6904359360036381,0.0515117000185687,0.9885944962419144,1.185399370973682,0.0572250354605547,0.0127141997034119,9.136999457234849,3.784861302253087,4.429144456104459,0.7686155109900655,2.605462720393195,0.1785817536768993,0.2570385660135746,0.2608257217100434,0.7503271897043184,0.1751515496279519,1.6195642032627942,0.478947402183015,10.645764472102952,5.521636355026622,0.3113413337443458,1.757510977614963,2.373075756118061,0.6591902613706883,0.3820882726729524,0.0830902503703243,0.258255055875747,2.156734444649759,0.2799736677842165,0.0618907758369029,106.13974155849581,4.693655470822785,100.0,51.85604862569084,174.23999999999998,22.03040167878466,348.1264503044755,1.4009827196292437,95.08275088811337,4.686613824813125,100.0,45.52048835321769,174.23999999999998,21.964349142929507,341.72483749614713,0.8159100551136426,0.9226155266785919,0.016349330676252556,0.0025000000000000005,0.0005210107069002201,0.005929,0.0002673006135614529,0.009217311320461673,1.3268272050745518,0.008964585520816208,0.001270523118809181,4e-06,2.5009259259259e-06,9e-06,1.6142289954286082e-06,1.711515492135451e-05,1.200031314595412,0.13304537050980086,0.02704527914505973,0.0009,0.0014675925925925928,0.0025000000000000005,0.0007314471240342028,0.005599039716626796,1.1098356038022337,0.05075795680359367,0.00882238731167799,0.0001,0.000203482905557985,0.0004,7.783451787725679e-05,0.0007813174234352417,1.1003826346043428,0.021333009891091687,0.006411552138747043,0.0004,9.259259259259198e-05,0.0009,4.110800082787179e-05,0.0014337005934204638,0.03520498304082709,0.42675339965684755,0.1645771486412526,0.04000000000000001,0.039188102912426026,0.053824000000000004,0.027085637854884957,0.160097740767311,0.5667104295935323,8.625049506198682,0.41850909144562787,4.0,0.4105021473767655,5.3824,0.1751498596226449,9.96805200699941,0.6730756890037316,0.005137261380593661,0.1148152641186451,1.0,0.1174532852706986,1.3456,0.013182544874634232,2.476235830145333,0.9499599916184333,0.09186011672445361,0.012625427362298726,0.0036,0.0002834663007478492,0.0144,0.00015940141608068134,0.01844286771682853,0.05993823520259207,11,1.4009827196292437,True
0.6904359360036381,0.0515117000185687,0.9885944962419144,1.185399370973682,0.0572250354605547,0.0127141997034119,9.136999457234849,3.784861302253087,4.429144456104459,0.7686155109900655,2.605462720393195,0.1785817536768993,0.2570385660135746,0.2608257217100434,0.7503271897043184,0.1751515496279519,1.6195642032627942,0.478947402183015,10.645764472102952,5.521636355026622,0.3113413337443458,1.757510977614963,2.373075756118061,0.6591902613706883,0.3820882726729524,0.0830902503703243,0.258255055875747,2.156734444649759,0.2799736677842165,0.0618907758369029,106.13974155849581,4.693655470822785,100.0,51.85604862569084,174.23999999999998,22.03040167878466,348.1264503044755,1.4009827196292437,95.08275088811337,4.686613824813125,100.0,45.52048835321769,174.23999999999998,21.964349142929507,341.72483749614713,0.8159100551136426,0.9226155266785919,0.016349330676252556,0.0025000000000000005,0.0005210107069002201,0.005929,0.0002673006135614529,0.009217311320461673,1.3268272050745518,0.008964585520816208,0.001270523118809181,4e-06,2.5009259259259e-06,9e-06,1.6142289954286082e-06,1.711515492135451e-05,1.200031314595412,0.13304537050980086,0.02704527914505973,0.0009,0.0014675925925925928,0.0025000000000000005,0.0007314471240342028,0.005599039716626796,1.1098356038022337,0.05075795680359367,0.00882238731167799,0.0001,0.000203482905557985,0.0004,7.783451787725679e-05,0.0007813174234352417,1.1003826346043428,0.021333009891091687,0.006411552138747043,0.0004,9.259259259259198e-05,0.0009,4.110800082787179e-05,0.0014337005934204638,0.03520498304082709,0.42675339965684755,0.1645771486412526,0.04000000000000001,0.039188102912426026,0.053824000000000004,0.027085637854884957,0.160097740767311,0.5667104295935323,8.625049506198682,0.41850909144562787,4.0,0.4105021473767655,5.3824,0.1751498596226449,9.96805200699941,0.6730756890037316,0.005137261380593661,0.1148152641186451,1.0,0.1174532852706986,1.3456,0.013182544874634232,2.476235830145333,0.9499599916184333,0.09186011672445361,0.012625427362298726,0.0036,0.0002834663007478492,0.0144,0.00015940141608068134,0.01844286771682853,0.05993823520259207,11,1.4009827196292437,True
0.6904359360036381,0.0515117000185687,0.9885944962419144,1.185399370973682,0.0572250354605547,0.0127141997034119,9.136999457234849,3.784861302253087,4.429144456104459,0.7686155109900655,2.605462720393195,0.1785817536768993,0.2570385660135746,0.2608257217100434,0.7503271897043184,0.1751515496279519,1.6195642032627942,0.478947402183015,10.645764472102952,5.521636355026622,0.3113413337443458,1.757510977614963,2.373075756118061,0.6591902613706883,0.3820882726729524,0.0830902503703243,0.258255055875747,2.156734444649759,0.2799736677842165,0.0618907758369029,106.13974155849581,4.693655470822785,100.0,51.85604862569084,174.23999999999998,22.03040167878466,348.1264503044755,1.4009827196292437,95.08275088811337,4.686613824813125,100.0,45.52048835321769,174.23999999999998,21.964349142929507,341.72483749614713,0.8159100551136426,0.9226155266785919,0.016349330676252556,0.0025000000000000005,0.0005210107069002201,0.005929,0.0002673006135614529,0.009217311320461673,1.3268272050745518,0.008964585520816208,0.001270523118809181,4e-06,2.5009259259259e-06,9e-06,1.6142289954286082e-06,1.711515492135451e-05,1.200031314595412,0.13304537050980086,0.02704527914505973,0.0009,0.0014675925925925928,0.0025000000000000005,0.0007314471240342028,0.005599039716626796,1.1098356038022337,0.05075795680359367,0.00882238731167799,0.0001,0.000203482905557985,0.0004,7.783451787725679e-05,0.0007813174234352417,1.1003826346043428,0.021333009891091687,0.006411552138747043,0.0004,9.259259259259198e-05,0.0009,4.110800082787179e-05,0.0014337005934204638,0.03520498304082709,0.42675339965684755,0.1645771486412526,0.04000000000000001,0.039188102912426026,0.053824000000000004,0.027085637854884957,0.160097740767311,0.5667104295935323,8.625049506198682,0.41850909144562787,4.0,0.4105021473767655,5.3824,0.1751498596226449,9.96805200699941,0.6730756890037316,0.005137261380593661,0.1148152641186451,1.0,0.1174532852706986,1.3456,0.013182544874634232,2.476235830145333,0.9499599916184333,0.09186011672445361,0.012625427362298726,0.0036,0.0002834663007478492,0.0144,0.00015940141608068134,0.01844286771682853,0.05993823520259207,11,1.4009827196292437,True
0.6817495460897662,0.1028095629350483,0.9804331903596613,1.3117035422794254,0.045277506695856,0.003748780957735,8.379460887197077,2.3857851978015003,4.099120356870045,0.69876976559535,1.9094137296270208,0.2193252059015112,0.2859464924485836,0.3703640432247761,0.565839109474461,0.135021038030683,1.707761858775022,0.2089791360754465,8.826118397983429,8.944840929190818,0.5901924325812653,1.0296305315600176,1.8317418538510528,0.5649042281535008,0.4455596642272811,0.1279994330780494,0.1282887243927898,1.3840193035652646,0.364229298308554,0.1365945184214728,130.2692055154538,5.6243774223122145,100.0,51.85604862569084,174.23999999999998,31.633621388615392,357.72967001430624,2.657813729121117,107.55359421686455,5.554276513016017,100.0,45.52048835321769,174.23999999999998,30.849987583041365,350.610475936259,1.4715187969995376,0.8230348389651332,0.01996653349416608,0.0025000000000000005,0.0005210107069002201,0.005929,0.000398662459773656,0.009348673166673876,2.3473843779851156,0.007607116406098642,0.0015117371620104202,4e-06,2.5009259259259e-06,9e-06,2.2853492470033195e-06,1.778627517292922e-05,0.8552983894562569,0.09187894891647727,0.03182827459401799,0.0009,0.0014675925925925928,0.0025000000000000005,0.0010130390636322111,0.005880631656224804,0.5461145964544656,0.011068217419926973,0.01047274311200331,0.0001,0.000203482905557985,0.0004,0.00010967834829001279,0.0008131612538479978,0.31322023018312745,0.0022057987045579278,0.007517151731069944,0.0004,9.259259259259198e-05,0.0009,5.650757014792785e-05,0.0014491001627405199,0.4674436845459331,0.03310571626239145,0.19759689377885806,0.04000000000000001,0.039188102912426026,0.053824000000000004,0.03904453243105331,0.17205663534347937,0.4023516152058492,9.860353916907478,0.4963090572546632,4.0,0.4105021473767655,5.3824,0.24632268031301252,10.039224827689777,1.060559235219655,0.7855118598635411,0.24485398033058864,1.0,0.1174532852706986,1.3456,0.05995347168373229,2.5230067569544308,0.4498169510227446,0.06574734014417899,0.014725746294967581,0.0036,0.0002834663007478492,0.0144,0.00021684760394375145,0.0185003139046916,0.25182842723525556,11,2.657813729121117,False
0.6817495460897662,0.1028095629350483,0.9804331903596613,1.3117035422794254,0.045277506695856,0.003748780957735,8.379460887197077,2.3857851978015003,4.099120356870045,0.69876976559535,1.9094137296270208,0.2193252059015112,0.2859464924485836,0.3703640432247761,0.565839109474461,0.135021038030683,1.707761858775022,0.2089791360754465,8.826118397983429,8.944840929190818,0.5901924325812653,1.0296305315600176,1.8317418538510528,0.5649042281535008,0.4455596642272811,0.1279994330780494,0.1282887243927898,1.3840193035652646,0.364229298308554,0.1365945184214728,130.2692055154538,5.6243774223122145,100.0,51.85604862569084,174.23999999999998,31.633621388615392,357.72967001430624,2.657813729121117,107.55359421686455,5.554276513016017,100.0,45.52048835321769,174.23999999999998,30.849987583041365,350.610475936259,1.4715187969995376,0.8230348389651332,0.01996653349416608,0.0025000000000000005,0.0005210107069002201,0.005929,0.000398662459773656,0.009348673166673876,2.3473843779851156,0.007607116406098642,0.0015117371620104202,4e-06,2.5009259259259e-06,9e-06,2.2853492470033195e-06,1.778627517292922e-05,0.8552983894562569,0.09187894891647727,0.03182827459401799,0.0009,0.0014675925925925928,0.0025000000000000005,0.0010130390636322111,0.005880631656224804,0.5461145964544656,0.011068217419926973,0.01047274311200331,0.0001,0.000203482905557985,0.0004,0.00010967834829001279,0.0008131612538479978,0.31322023018312745,0.0022057987045579278,0.007517151731069944,0.0004,9.259259259259198e-05,0.0009,5.650757014792785e-05,0.0014491001627405199,0.4674436845459331,0.03310571626239145,0.19759689377885806,0.04000000000000001,0.039188102912426026,0.053824000000000004,0.03904453243105331,0.17205663534347937,0.4023516152058492,9.860353916907478,0.4963090572546632,4.0,0.4105021473767655,5.3824,0.24632268031301252,10.039224827689777,1.060559235219655,0.7855118598635411,0.24485398033058864,1.0,0.1174532852706986,1.3456,0.05995347168373229,2.5230067569544308,0.4498169510227446,0.06574734014417899,0.014725746294967581,0.0036,0.0002834663007478492,0.0144,0.00021684760394375145,0.0185003139046916,0.25182842723525556,11,2.657813729121117,False
0.6817495460897662,0.1028095629350483,0.9804331903596613,1.3117035422794254,0.045277506695856,0.003748780957735,8.379460887197077,2.3857851978015003,4.099120356870045,0.69876976559535,1.9094137296270208,0.2193252059015112,0.2859464924485836,0.3703640432247761,0.565839109474461,0.135021038030683,1.707761858775022,0.2089791360754465,8.826118397983429,8.944840929190818,0.5901924325812653,1.0296305315600176,1.8317418538510528,0.5649042281535008,0.4455596642272811,0.1279994330780494,0.1282887243927898,1.3840193035652646,0.364229298308554,0.1365945184214728,130.2692055154538,5.6243774223122145,100.0,51.85604862569084,174.23999999999998,31.633621388615392,357.72967001430624,2.657813729121117,107.55359421686455,5.554276513016017,100.0,45.52048835321769,174.23999999999998,30.849987583041365,350.610475936259,1.4715187969995376,0.8230348389651332,0.01996653349416608,0.0025000000000000005,0.0005210107069002201,0.005929,0.000398662459773656,0.009348673166673876,2.3473843779851156,0.007607116406098642,0.0015117371620104202,4e-06,2.5009259259259e-06,9e-06,2.2853492470033195e-06,1.778627517292922e-05,0.8552983894562569,0.09187894891647727,0.03182827459401799,0.0009,0.0014675925925925928,0.0025000000000000005,0.0010130390636322111,0.005880631656224804,0.5461145964544656,0.011068217419926973,0.01047274311200331,0.0001,0.000203482905557985,0.0004,0.00010967834829001279,0.0008131612538479978,0.31322023018312745,0.0022057987045579278,0.007517151731069944,0.0004,9.259259259259198e-05,0.0009,5.650757014792785e-05,0.0014491001627405199,0.4674436845459331,0.03310571626239145,0.19759689377885806,0.04000000000000001,0.039188102912426026,0.053824000000000004,0.03904453243105331,0.17205663534347937,0.4023516152058492,9.860353916907478,0.4963090572546632,4.0,0.4105021473767655,5.3824,0.24632268031301252,10.039224827689777,1.060559235219655,0.7855118598635411,0.24485398033058864,1.0,0.1174532852706986,1.3456,0.05995347168373229,2.5230067569544308,0.4498169510227446,0.06574734014417899,0.014725746294967581,0.0036,0.0002834663007478492,0.0144,0.00021684760394375145,0.0185003139046916,0.25182842723525556,11,2.657813729121117,False
0.652162975276894,0.048933881030394,0.9725533747271708,1.1016568623048162,0.0511324649248442,0.0057846111450296,7.278726051227637,4.563791188235536,3.0727744188414734,0.3347723936575556,1.3819514751133402,0.4212592536450335,0.1165125441594075,0.3330553886241988,0.6212503126650646,0.1073385173686385,2.221860156322431,0.2917542384603463,6.255788659767321,4.387962791789523,0.467109855576329,1.373511613303803,3.037612833644624,0.7001085330373148,0.3371656661571349,0.1995158272497199,0.023365032726554,1.9371143639671176,0.3726679199100046,0.1228926764851654,121.43993065218919,12.716443816254412,100.0,51.85604862569084,174.23999999999998,161.70794333195505,487.8039919576459,1.8762743648810027,114.65521698251804,10.415116185978865,100.0,45.52048835321769,174.23999999999998,108.47464516743895,428.2351335206566,1.6746631917600434,0.9772228511254613,0.12080003426304778,0.0025000000000000005,0.0005210107069002201,0.005929,0.014592648277953518,0.023542658984853738,0.4743154613463762,0.007758432599148224,0.003004289934127088,4e-06,2.5009259259259e-06,9e-06,9.025758008297343e-06,2.4526683934223243e-05,0.758904886280061,0.12926587301587297,0.054788456956668355,0.0009,0.0014675925925925928,0.0025000000000000005,0.003001775015692701,0.007869367608285294,0.8935447974411721,0.030244125473786798,0.02009039434443521,0.0001,0.000203482905557985,0.0004,0.0004036239449149143,0.0011071068504728992,0.3078790375034606,0.010863094348938297,0.012444575789700365,0.0004,9.259259259259198e-05,0.0009,0.00015486746658559646,0.0015474600591781885,0.23226801913212544,0.3520096371333834,0.4667142354837886,0.04000000000000001,0.039188102912426026,0.053824000000000004,0.2178221776032173,0.35083428051564336,0.25663749712977113,10.477924001831434,0.938924877167972,4.0,0.4105021473767655,5.3824,0.8815799249648913,10.674482072341656,1.2175395445491322,0.1646910992065397,0.37642529685002735,1.0,0.1174532852706986,1.3456,0.1416960041086312,2.60474928937933,0.8273681144031394,0.08844326189535762,0.0232354595822792,0.0036,0.0002834663007478492,0.0144,0.0005398865819997304,0.018823352882747578,0.08423387491481643,11,1.8762743648810027,True
0.652162975276894,0.048933881030394,0.9725533747271708,1.1016568623048162,0.0511324649248442,0.0057846111450296,7.278726051227637,4.563791188235536,3.0727744188414734,0.3347723936575556,1.3819514751133402,0.4212592536450335,0.1165125441594075,0.3330553886241988,0.6212503126650646,0.1073385173686385,2.221860156322431,0.2917542384603463,6.255788659767321,4.387962791789523,0.467109855576329,1.373511613303803,3.037612833644624,0.7001085330373148,0.3371656661571349,0.1995158272497199,0.023365032726554,1.9371143639671176,0.3726679199100046,0.1228926764851654,121.43993065218919,12.716443816254412,100.0,51.85604862569084,174.23999999999998,161.70794333195505,487.8039919576459,1.8762743648810027,114.65521698251804,10.415116185978865,100.0,45.52048835321769,174.23999999999998,108.47464516743895,428.2351335206566,1.6746631917600434,0.9772228511254613,0.12080003426304778,0.0025000000000000005,0.0005210107069002201,0.005929,0.014592648277953518,0.023542658984853738,0.4743154613463762,0.007758432599148224,0.003004289934127088,4e-06,2.5009259259259e-06,9e-06,9.025758008297343e-06,2.4526683934223243e-05,0.758904886280061,0.12926587301587297,0.054788456956668355,0.0009,0.0014675925925925928,0.0025000000000000005,0.003001775015692701,0.007869367608285294,0.8935447974411721,0.030244125473786798,0.02009039434443521,0.0001,0.000203482905557985,0.0004,0.0004036239449149143,0.0011071068504728992,0.3078790375034606,0.010863094348938297,0.012444575789700365,0.0004,9.259259259259198e-05,0.0009,0.00015486746658559646,0.0015474600591781885,0.23226801913212544,0.3520096371333834,0.4667142354837886,0.04000000000000001,0.039188102912426026,0.053824000000000004,0.2178221776032173,0.35083428051564336,0.25663749712977113,10.477924001831434,0.938924877167972,4.0,0.4105021473767655,5.3824,0.8815799249648913,10.674482072341656,1.2175395445491322,0.1646910992065397,0.37642529685002735,1.0,0.1174532852706986,1.3456,0.1416960041086312,2.60474928937933,0.8273681144031394,0.08844326189535762,0.0232354595822792,0.0036,0.0002834663007478492,0.0144,0.0005398865819997304,0.018823352882747578,0.08423387491481643,11,1.8762743648810027,True
0.652162975276894,0.048933881030394,0.9725533747271708,1.1016568623048162,0.0511324649248442,0.0057846111450296,7.278726051227637,4.563791188235536,3.0727744188414734,0.3347723936575556,1.3819514751133402,0.4212592536450335,0.1165125441594075,0.3330553886241988,0.6212503126650646,0.1073385173686385,2.221860156322431,0.2917542384603463,6.255788659767321,4.387962791789523,0.467109855576329,1.373511613303803,3.037612833644624,0.7001085330373148,0.3371656661571349,0.1995158272497199,0.023365032726554,1.9371143639671176,0.3726679199100046,0.1228926764851654,121.43993065218919,12.716443816254412,100.0,51.85604862569084,174.23999999999998,161.70794333195505,487.8039919576459,1.8762743648810027,114.65521698251804,10.415116185978865,100.0,45.52048835321769,174.23999999999998,108.47464516743895,428.2351335206566,1.6746631917600434,0.9772228511254613,0.12080003426304778,0.0025000000000000005,0.0005210107069002201,0.005929,0.014592648277953518,0.023542658984853738,0.4743154613463762,0.007758432599148224,0.003004289934127088,4e-06,2.5009259259259e-06,9e-06,9.025758008297343e-06,2.4526683934223243e-05,0.758904886280061,0.12926587301587297,0.054788456956668355,0.0009,0.0014675925925925928,0.0025000000000000005,0.003001775015692701,0.007869367608285294,0.8935447974411721,0.030244125473786798,0.02009039434443521,0.0001,0.000203482905557985,0.0004,0.0004036239449149143,0.0011071068504728992,0.3078790375034606,0.010863094348938297,0.012444575789700365,0.0004,9.259259259259198e-05,0.0009,0.00015486746658559646,0.0015474600591781885,0.23226801913212544,0.3520096371333834,0.4667142354837886,0.04000000000000001,0.039188102912426026,0.053824000000000004,0.2178221776032173,0.35083428051564336,0.25663749712977113,10.477924001831434,0.938924877167972,4.0,0.4105021473767655,5.3824,0.8815799249648913,10.674482072341656,1.2175395445491322,0.1646910992065397,0.37642529685002735,1.0,0.1174532852706986,1.3456,0.1416960041086312,2.60474928937933,0.8273681144031394,0.08844326189535762,0.0232354595822792,0.0036,0.0002834663007478492,0.0144,0.0005398865819997304,0.018823352882747578,0.08423387491481643,11,1.8762743648810027,True
0.6983105601715578,0.1011359486086327,1.0186753025632336,1.0890946590953463,0.0548533434109811,0.0034459937611564,11.55885832619228,3.026039179175611,2.7806579188941454,0.7188190844696568,2.6965135443664163,0.2321563206074895,0.1381018620021162,0.2644633146183773,0.5837596420686006,0.0790689100436263,2.496871501551252,0.5398199184673597,10.267072258145236,4.739839902080854,0.367652060166575,1.4449229462973447,0.7267111478326941,0.4328499514484041,0.5856663789401609,0.2397722410904459,0.0353146761956895,2.204446158397083,0.1937157625169299,0.2092144171625539,105.61269847575396,5.6243774223122145,100.0,51.85604862569084,174.23999999999998,31.633621388615392,357.72967001430624,1.3541845539566184,106.67814917219854,5.554276513016017,100.0,45.52048835321769,174.23999999999998,30.849987583041365,350.610475936259,1.4247650476038363,1.0323764799567736,0.01996653349416608,0.0025000000000000005,0.0005210107069002201,0.005929,0.000398662459773656,0.009348673166673876,0.18227103862967792,0.008327261177763003,0.0015117371620104202,4e-06,2.5009259259259e-06,9e-06,2.2853492470033195e-06,1.778627517292922e-05,1.0260549146236977,0.1664912985230467,0.03182827459401799,0.0009,0.0014675925925925928,0.0025000000000000005,0.0010130390636322111,0.005880631656224804,1.5190829791418188,0.015988601646228506,0.01047274311200331,0.0001,0.000203482905557985,0.0004,0.00010967834829001279,0.0008131612538479978,0.14067193244579101,0.0022057987077462454,0.007517151731069944,0.0004,9.259259259259198e-05,0.0009,5.650757014792785e-05,0.0014491001627405199,0.46744368446217777,0.03310571630662029,0.19759689377885806,0.04000000000000001,0.039188102912426026,0.053824000000000004,0.03904453243105331,0.17205663534347937,0.40235161509922157,9.876217755570929,0.4963090572546632,4.0,0.4105021473767655,5.3824,0.24632268031301252,10.039224827689777,1.0655660115939842,0.41588861031781055,0.1941661490658244,1.0,0.1174532852706986,1.3456,0.037700493443051944,2.5007537787137504,0.6855489031002999,0.08157184427905913,0.014725746294967581,0.0036,0.0002834663007478492,0.0144,0.00021684760394375145,0.0185003139046916,0.13548534600188883,11,1.5190829791418188,True
0.6983105601715578,0.1011359486086327,1.0186753025632336,1.0890946590953463,0.0548533434109811,0.0034459937611564,11.55885832619228,3.026039179175611,2.7806579188941454,0.7188190844696568,2.6965135443664163,0.2321563206074895,0.1381018620021162,0.2644633146183773,0.5837596420686006,0.0790689100436263,2.496871501551252,0.5398199184673597,10.267072258145236,4.739839902080854,0.367652060166575,1.4449229462973447,0.7267111478326941,0.4328499514484041,0.5856663789401609,0.2397722410904459,0.0353146761956895,2.204446158397083,0.1937157625169299,0.2092144171625539,105.61269847575396,5.6243774223122145,100.0,51.85604862569084,174.23999999999998,31.633621388615392,357.72967001430624,1.3541845539566184,106.67814917219854,5.554276513016017,100.0,45.52048835321769,174.23999999999998,30.849987583041365,350.610475936259,1.4247650476038363,1.0323764799567736,0.01996653349416608,0.0025000000000000005,0.0005210107069002201,0.005929,0.000398662459773656,0.009348673166673876,0.18227103862967792,0.008327261177763003,0.0015117371620104202,4e-06,2.5009259259259e-06,9e-06,2.2853492470033195e-06,1.778627517292922e-05,1.0260549146236977,0.1664912985230467,0.03182827459401799,0.0009,0.0014675925925925928,0.0025000000000000005,0.0010130390636322111,0.005880631656224804,1.5190829791418188,0.015988601646228506,0.01047274311200331,0.0001,0.000203482905557985,0.0004,0.00010967834829001279,0.0008131612538479978,0.14067193244579101,0.0022057987077462454,0.007517151731069944,0.0004,9.259259259259198e-05,0.0009,5.650757014792785e-05,0.0014491001627405199,0.46744368446217777,0.03310571630662029,0.19759689377885806,0.04000000000000001,0.039188102912426026,0.053824000000000004,0.03904453243105331,0.17205663534347937,0.40235161509922157,9.876217755570929,0.4963090572546632,4.0,0.4105021473767655,5.3824,0.24632268031301252,10.039224827689777,1.0655660115939842,0.41588861031781055,0.1941661490658244,1.0,0.1174532852706986,1.3456,0.037700493443051944,2.5007537787137504,0.6855489031002999,0.08157184427905913,0.014725746294967581,0.0036,0.0002834663007478492,0.0144,0.00021684760394375145,0.0185003139046916,0.13548534600188883,11,1.5190829791418188,True
0.6983105601715578,0.1011359486086327,1.0186753025632336,1.0890946590953463,0.0548533434109811,0.0034459937611564,11.55885832619228,3.026039179175611,2.7806579188941454,0.7188190844696568,2.6965135443664163,0.2321563206074895,0.1381018620021162,0.2644633146183773,0.5837596420686006,0.0790689100436263,2.496871501551252,0.5398199184673597,10.267072258145236,4.739839902080854,0.367652060166575,1.4449229462973447,0.7267111478326941,0.4328499514484041,0.5856663789401609,0.2397722410904459,0.0353146761956895,2.204446158397083,0.1937157625169299,0.2092144171625539,105.61269847575396,5.6243774223122145,100.0,51.85604862569084,174.23999999999998,31.633621388615392,357.72967001430624,1.3541845539566184,106.67814917219854,5.554276513016017,100.0,45.52048835321769,174.23999999999998,30.849987583041365,350.610475936259,1.4247650476038363,1.0323764799567736,0.01996653349416608,0.0025000000000000005,0.0005210107069002201,0.005929,0.000398662459773656,0.009348673166673876,0.18227103862967792,0.008327261177763003,0.0015117371620104202,4e-06,2.5009259259259e-06,9e-06,2.2853492470033195e-06,1.778627517292922e-05,1.0260549146236977,0.1664912985230467,0.03182827459401799,0.0009,0.0014675925925925928,0.0025000000000000005,0.0010130390636322111,0.005880631656224804,1.5190829791418188,0.015988601646228506,0.01047274311200331,0.0001,0.000203482905557985,0.0004,0.00010967834829001279,0.0008131612538479978,0.14067193244579101,0.0022057987077462454,0.007517151731069944,0.0004,9.259259259259198e-05,0.0009,5.650757014792785e-05,0.0014491001627405199,0.46744368446217777,0.03310571630662029,0.19759689377885806,0.04000000000000001,0.039188102912426026,0.053824000000000004,0.03904453243105331,0.17205663534347937,0.40235161509922157,9.876217755570929,0.4963090572546632,4.0,0.4105021473767655,5.3824,0.24632268031301252,10.039224827689777,1.0655660115939842,0.41588861031781055,0.1941661490658244,1.0,0.1174532852706986,1.3456,0.037700493443051944,2.5007537787137504,0.6855489031002999,0.08157184427905913,0.014725746294967581,0.0036,0.0002834663007478492,0.0144,0.00021684760394375145,0.0185003139046916,0.13548534600188883,11,1.5190829791418188,True
0.8412038649417906,0.0891553088895594,1.1680625340895117,1.2420455332302145,0.0255736814194537,0.0047275269001445,10.087697966616547,3.4014554580693703,3.968094416604983,0.7570099917718522,1.7714450894708118,0.1500594512461977,0.3169768326889788,0.342860606073142,0.6308180024330154,0.1059964547406191,1.362864503629532,0.5730517239440036,6.3417561732146215,9.252594826481584,0.3144765642243587,1.2327467381699253,1.0430510117921346,0.5177010046232551,0.4319542771808977,0.2764688132072055,0.1568634394904211,1.9556603206850445,0.3234085803406222,0.2025189120846463,125.75675379400681,4.955979590043874,100.0,51.85604862569084,174.23999999999998,24.561733696931448,350.6577823226223,2.4435063107072623,124.77015444750835,4.936716042003473,100.0,45.52048835321769,174.23999999999998,24.371165279374438,344.1316536325921,2.4133831817644125,1.0176947209146407,0.017331142395266973,0.0025000000000000005,0.0005210107069002201,0.005929,0.00030036849672502024,0.009250379203625241,0.3358874127483467,0.0042738445909837105,0.0013394901065964901,4e-06,2.5009259259259e-06,9e-06,1.7942337456698765e-06,1.729515967159578e-05,0.06584789242569536,0.07682643505300678,0.028444075658176977,0.0009,0.0014675925925925928,0.0025000000000000005,0.000809065440048096,0.00567665803264069,0.35605459680612134,0.009976973168295107,0.00929651771697995,0.0001,0.000203482905557985,0.0004,8.64252416621221e-05,0.0007899081472201071,0.35662402421155764,0.0012275266679627524,0.006737427542730748,0.0004,9.259259259259198e-05,0.0009,4.539292989354689e-05,0.001437985522486139,0.49504449933633626,0.017369646081369094,0.17384730976161417,0.04000000000000001,0.039188102912426026,0.053824000000000004,0.030222887111350627,0.16323499002377667,0.4520290356760069,11.539414424043887,0.44090527502390625,4.0,0.4105021473767655,5.3824,0.1943974615439064,9.98729960892067,1.5946156992170812,0.007587775467833756,0.1215757639279725,1.0,0.1174532852706986,1.3456,0.014780666374670098,2.4778339516453687,0.9480968377214737,0.08748499895377346,0.013251297021080561,0.0036,0.0002834663007478492,0.0144,0.00017559687274089857,0.018459063173488745,0.09211408918325592,11,2.4435063107072623,True
0.8412038649417906,0.0891553088895594,1.1680625340895117,1.2420455332302145,0.0255736814194537,0.0047275269001445,10.087697966616547,3.4014554580693703,3.968094416604983,0.7570099917718522,1.7714450894708118,0.1500594512461977,0.3169768326889788,0.342860606073142,0.6308180024330154,0.1059964547406191,1.362864503629532,0.5730517239440036,6.3417561732146215,9.252594826481584,0.3144765642243587,1.2327467381699253,1.0430510117921346,0.5177010046232551,0.4319542771808977,0.2764688132072055,0.1568634394904211,1.9556603206850445,0.3234085803406222,0.2025189120846463,125.75675379400681,4.955979590043874,100.0,51.85604862569084,174.23999999999998,24.561733696931448,350.6577823226223,2.4435063107072623,124.77015444750835,4.936716042003473,100.0,45.52048835321769,174.23999999999998,24.371165279374438,344.1316536325921,2.4133831817644125,1.0176947209146407,0.017331142395266973,0.0025000000000000005,0.0005210107069002201,0.005929,0.00030036849672502024,0.009250379203625241,0.3358874127483467,0.0042738445909837105,0.0013394901065964901,4e-06,2.5009259259259e-06,9e-06,1.7942337456698765e-06,1.729515967159578e-05,0.06584789242569536,0.07682643505300678,0.028444075658176977,0.0009,0.0014675925925925928,0.0025000000000000005,0.000809065440048096,0.00567665803264069,0.35605459680612134,0.009976973168295107,0.00929651771697995,0.0001,0.000203482905557985,0.0004,8.64252416621221e-05,0.0007899081472201071,0.35662402421155764,0.0012275266679627524,0.006737427542730748,0.0004,9.259259259259198e-05,0.0009,4.539292989354689e-05,0.001437985522486139,0.49504449933633626,0.017369646081369094,0.17384730976161417,0.04000000000000001,0.039188102912426026,0.053824000000000004,0.030222887111350627,0.16323499002377667,0.4520290356760069,11.539414424043887,0.44090527502390625,4.0,0.4105021473767655,5.3824,0.1943974615439064,9.98729960892067,1.5946156992170812,0.007587775467833756,0.1215757639279725,1.0,0.1174532852706986,1.3456,0.014780666374670098,2.4778339516453687,0.9480968377214737,0.08748499895377346,0.013251297021080561,0.0036,0.0002834663007478492,0.0144,0.00017559687274089857,0.018459063173488745,0.09211408918325592,11,2.4435063107072623,True
0.8412038649417906,0.0891553088895594,1.1680625340895117,1.2420455332302145,0.0255736814194537,0.0047275269001445,10.087697966616547,3.4014554580693703,3.968094416604983,0.7570099917718522,1.7714450894708118,0.1500594512461977,0.3169768326889788,0.342860606073142,0.6308180024330154,0.1059964547406191,1.362864503629532,0.5730517239440036,6.3417561732146215,9.252594826481584,0.3144765642243587,1.2327467381699253,1.0430510117921346,0.5177010046232551,0.4319542771808977,0.2764688132072055,0.1568634394904211,1.9556603206850445,0.3234085803406222,0.2025189120846463,125.75675379400681,4.955979590043874,100.0,51.85604862569084,174.23999999999998,24.561733696931448,350.6577823226223,2.4435063107072623,124.77015444750835,4.936716042003473,100.0,45.52048835321769,174.23999999999998,24.371165279374438,344.1316536325921,2.4133831817644125,1.0176947209146407,0.017331142395266973,0.0025000000000000005,0.0005210107069002201,0.005929,0.00030036849672502024,0.009250379203625241,0.3358874127483467,0.0042738445909837105,0.0013394901065964901,4e-06,2.5009259259259e-06,9e-06,1.7942337456698765e-06,1.729515967159578e-05,0.06584789242569536,0.07682643505300678,0.028444075658176977,0.0009,0.0014675925925925928,0.0025000000000000005,0.000809065440048096,0.00567665803264069,0.35605459680612134,0.009976973168295107,0.00929651771697995,0.0001,0.000203482905557985,0.0004,8.64252416621221e-05,0.0007899081472201071,0.35662402421155764,0.0012275266679627524,0.006737427542730748,0.0004,9.259259259259198e-05,0.0009,4.539292989354689e-05,0.001437985522486139,0.49504449933633626,0.017369646081369094,0.17384730976161417,0.04000000000000001,0.039188102912426026,0.053824000000000004,0.030222887111350627,0.16323499002377667,0.4520290356760069,11.539414424043887,0.44090527502390625,4.0,0.4105021473767655,5.3824,0.1943974615439064,9.98729960892067,1.5946156992170812,0.007587775467833756,0.1215757639279725,1.0,0.1174532852706986,1.3456,0.014780666374670098,2.4778339516453687,0.9480968377214737,0.08748499895377346,0.013251297021080561,0.0036,0.0002834663007478492,0.0144,0.00017559687274089857,0.018459063173488745,0.09211408918325592,11,2.4435063107072623,True
0.6392879639419528,0.09360740104957,1.2032692576504476,1.1240979863376783,0.0261396913391383,0.0190065074267781,10.531957063532412,3.199142574341808,3.212677437843304,0.8445105181185737,1.2889798149589895,0.3481760401854413,0.1292755435837092,0.1448490272753951,0.5467205342072402,0.0822428260561501,1.494546724464218,0.4075120161100284,9.354101664246912,6.5707457450204885,0.3831958865292122,1.4804513954087315,0.8857819869721351,0.2557755764725993,0.231299175255445,0.2560769121303121,0.174275143023178,2.043069332983359,0.1374389715242903,0.0548444845430608,112.01938941850212,4.955979590043874,100.0,51.85604862569084,174.23999999999998,24.561733696931448,350.6577823226223,1.7099023340102204,130.6182946324153,4.936716042003472,100.0,45.52048835321769,174.23999999999998,24.37116527937443,344.1316536325921,2.728633449292596,1.211855149878705,0.017331142395266973,0.0025000000000000005,0.0005210107069002201,0.005929,0.00030036849672502024,0.009250379203625241,1.6828552197028457,0.006514429581473229,0.0013394901065964901,4e-06,2.5009259259259e-06,9e-06,1.7942337456698765e-06,1.729515967159578e-05,0.6046125943115096,0.20770245170056761,0.028444075658176984,0.0009,0.0014675925925925928,0.0025000000000000005,0.0008090654400480965,0.00567665803264069,2.0931101260616036,0.0588721393959959,0.009296517716979955,0.0001,0.000203482905557985,0.0004,8.64252416621222e-05,0.0007899081472201072,1.3830890622044425,0.012315030221852786,0.006737427542730749,0.0004,9.259259259259198e-05,0.0009,4.53929298935469e-05,0.001437985522486139,0.20265853885886953,0.13905308848003037,0.17384730976161417,0.04000000000000001,0.039188102912426026,0.053824000000000004,0.030222887111350627,0.16323499002377667,0.1508499165153965,11.905607531824607,0.44090527502390603,4.0,0.4105021473767655,5.3824,0.19439746154390622,9.98729960892067,1.7104897332767066,2.25606738656192,0.3928778113037555,1.0,0.1174532852706986,1.3456,0.1543529746148293,2.6174062598855277,0.4673313723157204,0.12089865604776398,0.013251297021080567,0.0036,0.0002834663007478492,0.0144,0.0001755968727408987,0.018459063173488745,0.1538202561776337,11,2.728633449292596,False
0.6392879639419528,0.09360740104957,1.2032692576504476,1.1240979863376783,0.0261396913391383,0.0190065074267781,10.531957063532412,3.199142574341808,3.212677437843304,0.8445105181185737,1.2889798149589895,0.3481760401854413,0.1292755435837092,0.1448490272753951,0.5467205342072402,0.0822428260561501,1.494546724464218,0.4075120161100284,9.354101664246912,6.5707457450204885,0.3831958865292122,1.4804513954087315,0.8857819869721351,0.2557755764725993,0.231299175255445,0.2560769121303121,0.174275143023178,2.043069332983359,0.1374389715242903,0.0548444845430608,112.01938941850212,4.955979590043874,100.0,51.85604862569084,174.23999999999998,24.561733696931448,350.6577823226223,1.7099023340102204,130.6182946324153,4.936716042003472,100.0,45.52048835321769,174.23999999999998,24.37116527937443,344.1316536325921,2.728633449292596,1.211855149878705,0.017331142395266973,0.0025000000000000005,0.0005210107069002201,0.005929,0.00030036849672502024,0.009250379203625241,1.6828552197028457,0.006514429581473229,0.0013394901065964901,4e-06,2.5009259259259e-06,9e-06,1.7942337456698765e-06,1.729515967159578e-05,0.6046125943115096,0.20770245170056761,0.028444075658176984,0.0009,0.0014675925925925928,0.0025000000000000005,0.0008090654400480965,0.00567665803264069,2.0931101260616036,0.0588721393959959,0.009296517716979955,0.0001,0.000203482905557985,0.0004,8.64252416621222e-05,0.0007899081472201072,1.3830890622044425,0.012315030221852786,0.006737427542730749,0.0004,9.259259259259198e-05,0.0009,4.53929298935469e-05,0.001437985522486139,0.20265853885886953,0.13905308848003037,0.17384730976161417,0.04000000000000001,0.039188102912426026,0.053824000000000004,0.030222887111350627,0.16323499002377667,0.1508499165153965,11.905607531824607,0.44090527502390603,4.0,0.4105021473767655,5.3824,0.19439746154390622,9.98729960892067,1.7104897332767066,2.25606738656192,0.3928778113037555,1.0,0.1174532852706986,1.3456,0.1543529746148293,2.6174062598855277,0.4673313723157204,0.12089865604776398,0.013251297021080567,0.0036,0.0002834663007478492,0.0144,0.0001755968727408987,0.018459063173488745,0.1538202561776337,11,2.728633449292596,False
0.6392879639419528,0.09360740104957,1.2032692576504476,1.1240979863376783,0.0261396913391383,0.0190065074267781,10.531957063532412,3.199142574341808,3.212677437843304,0.8445105181185737,1.2889798149589895,0.3481760401854413,0.1292755435837092,0.1448490272753951,0.5467205342072402,0.0822428260561501,1.494546724464218,0.4075120161100284,9.354101664246912,6.5707457450204885,0.3831958865292122,1.4804513954087315,0.8857819869721351,0.2557755764725993,0.231299175255445,0.2560769121303121,0.174275143023178,2.043069332983359,0.1374389715242903,0.0548444845430608,112.01938941850212,4.955979590043874,100.0,51.85604862569084,174.23999999999998,24.561733696931448,350.6577823226223,1.7099023340102204,130.6182946324153,4.936716042003472,100.0,45.52048835321769,174.23999999999998,24.37116527937443,344.1316536325921,2.728633449292596,1.211855149878705,0.017331142395266973,0.0025000000000000005,0.0005210107069002201,0.005929,0.00030036849672502024,0.009250379203625241,1.6828552197028457,0.006514429581473229,0.0013394901065964901,4e-06,2.5009259259259e-06,9e-06,1.7942337456698765e-06,1.729515967159578e-05,0.6046125943115096,0.20770245170056761,0.028444075658176984,0.0009,0.0014675925925925928,0.0025000000000000005,0.0008090654400480965,0.00567665803264069,2.0931101260616036,0.0588721393959959,0.009296517716979955,0.0001,0.000203482905557985,0.0004,8.64252416621222e-05,0.0007899081472201072,1.3830890622044425,0.012315030221852786,0.006737427542730749,0.0004,9.259259259259198e-05,0.0009,4.53929298935469e-05,0.001437985522486139,0.20265853885886953,0.13905308848003037,0.17384730976161417,0.04000000000000001,0.039188102912426026,0.053824000000000004,0.030222887111350627,0.16323499002377667,0.1508499165153965,11.905607531824607,0.44090527502390603,4.0,0.4105021473767655,5.3824,0.19439746154390622,9.98729960892067,1.7104897332767066,2.25606738656192,0.3928778113037555,1.0,0.1174532852706986,1.3456,0.1543529746148293,2.6174062598855277,0.4673313723157204,0.12089865604776398,0.013251297021080567,0.0036,0.0002834663007478492,0.0144,0.0001755968727408987,0.018459063173488745,0.1538202561776337,11,2.728633449292596,False
0.7585799515928187,0.0995205210190857,1.134515330763652,1.1704389875882573,0.0390038595567118,0.008482261495517,7.715086239268657,3.868328839009117,3.292326454179201,0.7616513854229825,1.426778211971493,0.2141906685467959,0.1845449511300292,0.2701641401158874,0.7333962781845421,0.1246022484652164,1.7296548397819411,0.5226112297713339,4.464125279044096,7.148500906901067,0.3501729319713301,1.6547924911675576,3.301847674431647,0.7133509889111485,0.4521322905197822,0.2080954666363626,0.2398943075812526,1.9950167047465075,0.3845563061942607,0.1381062210961507,111.46620383638378,4.955979590043873,100.0,51.85604862569084,174.23999999999998,24.56173369693143,350.65778232262227,1.680361067446956,115.83306192419778,4.936716042003472,100.0,45.52048835321769,174.23999999999998,24.37116527937443,344.1316536325921,1.931619626203782,1.0722192904314076,0.017331142395266973,0.0025000000000000005,0.0005210107069002201,0.005929,0.00030036849672502024,0.009250379203625241,0.23102044580360523,0.007943768303421053,0.0013394901065964901,4e-06,2.5009259259259e-06,9e-06,1.7942337456698765e-06,1.729515967159578e-05,0.9483073230063692,0.14413410075746663,0.028444075658176984,0.0009,0.0014675925925925928,0.0025000000000000005,0.0008090654400480965,0.00567665803264069,1.2493974404232264,0.04439703464082075,0.009296517716979955,0.0001,0.000203482905557985,0.0004,8.64252416621222e-05,0.0007899081472201072,0.8680580046854294,0.019706699359570094,0.006737427542730748,0.0004,9.259259259259198e-05,0.0009,4.539292989354689e-05,0.001437985522486139,0.0077345625229284995,0.40487746985726236,0.17384730976161422,0.04000000000000001,0.039188102912426026,0.053824000000000004,0.030222887111350648,0.1632349900237767,0.5070929511124976,10.490326535726137,0.44090527502390603,4.0,0.4105021473767655,5.3824,0.19439746154390622,9.98729960892067,1.2626541108650033,0.11463204139261142,0.1344917487391929,1.0,0.1174532852706986,1.3456,0.018088030478926195,2.4811413157496247,0.8795071786005133,0.10390714349979542,0.013251297021080563,0.0036,0.0002834663007478492,0.0144,0.0001755968727408986,0.018459063173488745,0.02875772550578008,11,1.931619626203782,True
0.7585799515928187,0.0995205210190857,1.134515330763652,1.1704389875882573,0.0390038595567118,0.008482261495517,7.715086239268657,3.868328839009117,3.292326454179201,0.7616513854229825,1.426778211971493,0.2141906685467959,0.1845449511300292,0.2701641401158874,0.7333962781845421,0.1246022484652164,1.7296548397819411,0.5226112297713339,4.464125279044096,7.148500906901067,0.3501729319713301,1.6547924911675576,3.301847674431647,0.7133509889111485,0.4521322905197822,0.2080954666363626,0.2398943075812526,1.9950167047465075,0.3845563061942607,0.1381062210961507,111.46620383638378,4.955979590043873,100.0,51.85604862569084,174.23999999999998,24.56173369693143,350.65778232262227,1.680361067446956,115.83306192419778,4.936716042003472,100.0,45.52048835321769,174.23999999999998,24.37116527937443,344.1316536325921,1.931619626203782,1.0722192904314076,0.017331142395266973,0.0025000000000000005,0.0005210107069002201,0.005929,0.00030036849672502024,0.009250379203625241,0.23102044580360523,0.007943768303421053,0.0013394901065964901,4e-06,2.5009259259259e-06,9e-06,1.7942337456698765e-06,1.729515967159578e-05,0.9483073230063692,0.14413410075746663,0.028444075658176984,0.0009,0.0014675925925925928,0.0025000000000000005,0.0008090654400480965,0.00567665803264069,1.2493974404232264,0.04439703464082075,0.009296517716979955,0.0001,0.000203482905557985,0.0004,8.64252416621222e-05,0.0007899081472201072,0.8680580046854294,0.019706699359570094,0.006737427542730748,0.0004,9.259259259259198e-05,0.0009,4.539292989354689e-05,0.001437985522486139,0.0077345625229284995,0.40487746985726236,0.17384730976161422,0.04000000000000001,0.039188102912426026,0.053824000000000004,0.030222887111350648,0.1632349900237767,0.5070929511124976,10.490326535726137,0.44090527502390603,4.0,0.4105021473767655,5.3824,0.19439746154390622,9.98729960892067,1.2626541108650033,0.11463204139261142,0.1344917487391929,1.0,0.1174532852706986,1.3456,0.018088030478926195,2.4811413157496247,0.8795071786005133,0.10390714349979542,0.013251297021080563,0.0036,0.0002834663007478492,0.0144,0.0001755968727408986,0.018459063173488745,0.02875772550578008,11,1.931619626203782,True
0.7585799515928187,0.0995205210190857,1.134515330763652,1.1704389875882573,0.0390038595567118,0.008482261495517,7.715086239268657,3.868328839009117,3.292326454179201,0.7616513854229825,1.426778211971493,0.2141906685467959,0.1845449511300292,0.2701641401158874,0.7333962781845421,0.1246022484652164,1.7296548397819411,0.5226112297713339,4.464125279044096,7.148500906901067,0.3501729319713301,1.6547924911675576,3.301847674431647,0.7133509889111485,0.4521322905197822,0.2080954666363626,0.2398943075812526,1.9950167047465075,0.3845563061942607,0.1381062210961507,111.46620383638378,4.955979590043873,100.0,51.85604862569084,174.23999999999998,24.56173369693143,350.65778232262227,1.680361067446956,115.83306192419778,4.936716042003472,100.0,45.52048835321769,174.23999999999998,24.37116527937443,344.1316536325921,1.931619626203782,1.0722192904314076,0.017331142395266973,0.0025000000000000005,0.0005210107069002201,0.005929,0.00030036849672502024,0.009250379203625241,0.23102044580360523,0.007943768303421053,0.0013394901065964901,4e-06,2.5009259259259e-06,9e-06,1.7942337456698765e-06,1.729515967159578e-05,0.9483073230063692,0.14413410075746663,0.028444075658176984,0.0009,0.0014675925925925928,0.0025000000000000005,0.0008090654400480965,0.00567665803264069,1.2493974404232264,0.04439703464082075,0.009296517716979955,0.0001,0.000203482905557985,0.0004,8.64252416621222e-05,0.0007899081472201072,0.8680580046854294,0.019706699359570094,0.006737427542730748,0.0004,9.259259259259198e-05,0.0009,4.539292989354689e-05,0.001437985522486139,0.0077345625229284995,0.40487746985726236,0.17384730976161422,0.04000000000000001,0.039188102912426026,0.053824000000000004,0.030222887111350648,0.1632349900237767,0.5070929511124976,10.490326535726137,0.44090527502390603,4.0,0.4105021473767655,5.3824,0.19439746154390622,9.98729960892067,1.2626541108650033,0.11463204139261142,0.1344917487391929,1.0,0.1174532852706986,1.3456,0.018088030478926195,2.4811413157496247,0.8795071786005133,0.10390714349979542,0.013251297021080563,0.0036,0.0002834663007478492,0.0144,0.0001755968727408986,0.018459063173488745,0.02875772550578008,11,1.931619626203782,True
0.7811377213763679,0.0878357476119452,1.008612796194714,1.0829343606299495,0.0207341321847976,0.0220448326883652,5.940123797625168,3.0929934337072327,3.523972164487895,0.4350721173226776,2.1446509609823527,0.2785860905332463,0.1909036379802326,0.2759263018303571,0.6170315938797504,0.0848903037991245,2.1498293387093685,0.5826767823099388,8.668747610412282,5.3287408637022455,0.3557427240355022,1.8740771912052892,3.1038278905329086,0.59455335419544,0.2796276193106,0.2581968669114573,0.1317168196031872,1.7557357334612953,0.1872344478814995,0.1849350928596493,108.91665024881735,5.6243774223122145,100.0,51.85604862569084,174.23999999999998,31.633621388615392,357.72967001430624,1.528869796994772,110.00545974652196,5.554276513016016,100.0,45.52048835321769,174.23999999999998,30.849987583041354,350.610475936259,1.602462375039088,1.0433215331965504,0.01996653349416608,0.0025000000000000005,0.0005210107069002201,0.005929,0.000398662459773656,0.009348673166673876,0.06907196052393937,0.0014858858316566404,0.00151173716201042,4e-06,2.5009259259259e-06,9e-06,2.285349247003319e-06,1.778627517292922e-05,0.5961320780936362,0.024049540183232382,0.03182827459401799,0.0009,0.0014675925925925928,0.0025000000000000005,0.0010130390636322111,0.005880631656224804,0.33840211507949125,0.004434254260857848,0.010472743112003309,0.0001,0.000203482905557985,0.0004,0.00010967834829001276,0.0008131612538479977,0.5458604057675437,0.0022057984926140087,0.007517151731069943,0.0004,9.259259259259198e-05,0.0009,5.650757014792784e-05,0.0014491001627405199,0.4674436901135809,0.03310571270986029,0.19759689377885806,0.04000000000000001,0.039188102912426026,0.053824000000000004,0.03904453243105331,0.17205663534347937,0.40235162377035255,10.145338140537728,0.49630905725466307,4.0,0.4105021473767655,5.3824,0.2463226803130124,10.039224827689777,1.150502930954275,0.014508315739838535,0.13912335435641723,1.0,0.1174532852706986,1.3456,0.019355307727381237,2.48240859299808,0.9428304322156402,0.10326658727049827,0.014725746294967576,0.0036,0.0002834663007478492,0.0144,0.00021684760394375128,0.0185003139046916,0.024016223505529757,11,1.602462375039088,True
0.7811377213763679,0.0878357476119452,1.008612796194714,1.0829343606299495,0.0207341321847976,0.0220448326883652,5.940123797625168,3.0929934337072327,3.523972164487895,0.4350721173226776,2.1446509609823527,0.2785860905332463,0.1909036379802326,0.2759263018303571,0.6170315938797504,0.0848903037991245,2.1498293387093685,0.5826767823099388,8.668747610412282,5.3287408637022455,0.3557427240355022,1.8740771912052892,3.1038278905329086,0.59455335419544,0.2796276193106,0.2581968669114573,0.1317168196031872,1.7557357334612953,0.1872344478814995,0.1849350928596493,108.91665024881735,5.6243774223122145,100.0,51.85604862569084,174.23999999999998,31.633621388615392,357.72967001430624,1.528869796994772,110.00545974652196,5.554276513016016,100.0,45.52048835321769,174.23999999999998,30.849987583041354,350.610475936259,1.602462375039088,1.0433215331965504,0.01996653349416608,0.0025000000000000005,0.0005210107069002201,0.005929,0.000398662459773656,0.009348673166673876,0.06907196052393937,0.0014858858316566404,0.00151173716201042,4e-06,2.5009259259259e-06,9e-06,2.285349247003319e-06,1.778627517292922e-05,0.5961320780936362,0.024049540183232382,0.03182827459401799,0.0009,0.0014675925925925928,0.0025000000000000005,0.0010130390636322111,0.005880631656224804,0.33840211507949125,0.004434254260857848,0.010472743112003309,0.0001,0.000203482905557985,0.0004,0.00010967834829001276,0.0008131612538479977,0.5458604057675437,0.0022057984926140087,0.007517151731069943,0.0004,9.259259259259198e-05,0.0009,5.650757014792784e-05,0.0014491001627405199,0.4674436901135809,0.03310571270986029,0.19759689377885806,0.04000000000000001,0.039188102912426026,0.053824000000000004,0.03904453243105331,0.17205663534347937,0.40235162377035255,10.145338140537728,0.49630905725466307,4.0,0.4105021473767655,5.3824,0.2463226803130124,10.039224827689777,1.150502930954275,0.014508315739838535,0.13912335435641723,1.0,0.1174532852706986,1.3456,0.019355307727381237,2.48240859299808,0.9428304322156402,0.10326658727049827,0.014725746294967576,0.0036,0.0002834663007478492,0.0144,0.00021684760394375128,0.0185003139046916,0.024016223505529757,11,1.602462375039088,True
0.7811377213763679,0.0878357476119452,1.008612796194714,1.0829343606299495,0.0207341321847976,0.0220448326883652,5.940123797625168,3.0929934337072327,3.523972164487895,0.4350721173226776,2.1446509609823527,0.2785860905332463,0.1909036379802326,0.2759263018303571,0.6170315938797504,0.0848903037991245,2.1498293387093685,0.5826767823099388,8.668747610412282,5.3287408637022455,0.3557427240355022,1.8740771912052892,3.1038278905329086,0.59455335419544,0.2796276193106,0.2581968669114573,0.1317168196031872,1.7557357334612953,0.1872344478814995,0.1849350928596493,108.91665024881735,5.6243774223122145,100.0,51.85604862569084,174.23999999999998,31.633621388615392,357.72967001430624,1.528869796994772,110.00545974652196,5.554276513016016,100.0,45.52048835321769,174.23999999999998,30.849987583041354,350.610475936259,1.602462375039088,1.0433215331965504,0.01996653349416608,0.0025000000000000005,0.0005210107069002201,0.005929,0.000398662459773656,0.009348673166673876,0.06907196052393937,0.0014858858316566404,0.00151173716201042,4e-06,2.5009259259259e-06,9e-06,2.285349247003319e-06,1.778627517292922e-05,0.5961320780936362,0.024049540183232382,0.03182827459401799,0.0009,0.0014675925925925928,0.0025000000000000005,0.0010130390636322111,0.005880631656224804,0.33840211507949125,0.004434254260857848,0.010472743112003309,0.0001,0.000203482905557985,0.0004,0.00010967834829001276,0.0008131612538479977,0.5458604057675437,0.0022057984926140087,0.007517151731069943,0.0004,9.259259259259198e-05,0.0009,5.650757014792784e-05,0.0014491001627405199,0.4674436901135809,0.03310571270986029,0.19759689377885806,0.04000000000000001,0.039188102912426026,0.053824000000000004,0.03904453243105331,0.17205663534347937,0.40235162377035255,10.145338140537728,0.49630905725466307,4.0,0.4105021473767655,5.3824,0.2463226803130124,10.039224827689777,1.150502930954275,0.014508315739838535,0.13912335435641723,1.0,0.1174532852706986,1.3456,0.019355307727381237,2.48240859299808,0.9428304322156402,0.10326658727049827,0.014725746294967576,0.0036,0.0002834663007478492,0.0144,0.00021684760394375128,0.0185003139046916,0.024016223505529757,11,1.602462375039088,True
0.7959572348411637,0.0689400131621318,1.15227175355046,1.245545677075894,0.0649603433362314,0.0101063430097037,11.080101792128543,3.4475563103650417,2.147953659718276,0.8060048398394573,1.706839895250349,0.3497767889592174,0.3022014428218783,0.1289542963521099,0.7037000841256307,0.1110050649667162,1.4618550381823925,0.4478591441358857,7.669686557296193,3.980202591242366,0.3439220554568456,1.013770730882086,1.2209233333939995,0.4458824593870746,0.4191568804494736,0.1220802279435525,0.1018459657728338,1.2945486178052237,0.1709672972956811,0.1294934403193109,112.85722959165003,4.693655470822785,100.0,51.85604862569084,174.23999999999998,22.03040167878466,348.1264503044755,1.7610124709833286,113.34946465557785,4.686613824813125,100.0,45.52048835321769,174.23999999999998,21.964349142929507,341.72483749614713,1.8040584073152848,1.0325570373420245,0.016349330676252608,0.0025000000000000005,0.0005210107069002201,0.005929,0.00026730061356145456,0.009217311320461675,0.18168460243428972,0.01102338826920301,0.001270523118809181,4e-06,2.5009259259259e-06,9e-06,1.6142289954286082e-06,1.711515492135451e-05,1.6976816739819245,0.1407887312290678,0.027045279145059734,0.0009,0.0014675925925925928,0.0025000000000000005,0.0007314471240342029,0.005599039716626796,1.2133194869683865,0.042034696770816525,0.00882238731167799,0.0001,0.000203482905557985,0.0004,7.783451787725679e-05,0.0007813174234352417,0.78830326215121,0.01877268147732316,0.006411552138747042,0.0004,9.259259259259198e-05,0.0009,4.110800082787176e-05,0.0014337005934204638,0.032413658792243165,1.184034247131077,0.16457714864125253,0.04000000000000001,0.039188102912426026,0.053824000000000004,0.02708563785488493,0.16009774076731098,2.45933455361784,10.291261648662543,0.41850909144562787,4.0,0.4105021473767655,5.3824,0.1751498596226449,9.96805200699941,1.2008219285825819,0.005137261380593717,0.11481526411864512,1.0,0.1174532852706986,1.3456,0.013182544874634237,2.476235830145333,0.9499599916184331,0.09500326484583344,0.012625427362298726,0.0036,0.0002834663007478492,0.0144,0.00015940141608068134,0.01844286771682853,0.036793584966412475,11,2.45933455361784,True
0.7959572348411637,0.0689400131621318,1.15227175355046,1.245545677075894,0.0649603433362314,0.0101063430097037,11.080101792128543,3.4475563103650417,2.147953659718276,0.8060048398394573,1.706839895250349,0.3497767889592174,0.3022014428218783,0.1289542963521099,0.7037000841256307,0.1110050649667162,1.4618550381823925,0.4478591441358857,7.669686557296193,3.980202591242366,0.3439220554568456,1.013770730882086,1.2209233333939995,0.4458824593870746,0.4191568804494736,0.1220802279435525,0.1018459657728338,1.2945486178052237,0.1709672972956811,0.1294934403193109,112.85722959165003,4.693655470822785,100.0,51.85604862569084,174.23999999999998,22.03040167878466,348.1264503044755,1.7610124709833286,113.34946465557785,4.686613824813125,100.0,45.52048835321769,174.23999999999998,21.964349142929507,341.72483749614713,1.8040584073152848,1.0325570373420245,0.016349330676252608,0.0025000000000000005,0.0005210107069002201,0.005929,0.00026730061356145456,0.009217311320461675,0.18168460243428972,0.01102338826920301,0.001270523118809181,4e-06,2.5009259259259e-06,9e-06,1.6142289954286082e-06,1.711515492135451e-05,1.6976816739819245,0.1407887312290678,0.027045279145059734,0.0009,0.0014675925925925928,0.0025000000000000005,0.0007314471240342029,0.005599039716626796,1.2133194869683865,0.042034696770816525,0.00882238731167799,0.0001,0.000203482905557985,0.0004,7.783451787725679e-05,0.0007813174234352417,0.78830326215121,0.01877268147732316,0.006411552138747042,0.0004,9.259259259259198e-05,0.0009,4.110800082787176e-05,0.0014337005934204638,0.032413658792243165,1.184034247131077,0.16457714864125253,0.04000000000000001,0.039188102912426026,0.053824000000000004,0.02708563785488493,0.16009774076731098,2.45933455361784,10.291261648662543,0.41850909144562787,4.0,0.4105021473767655,5.3824,0.1751498596226449,9.96805200699941,1.2008219285825819,0.005137261380593717,0.11481526411864512,1.0,0.1174532852706986,1.3456,0.013182544874634237,2.476235830145333,0.9499599916184331,0.09500326484583344,0.012625427362298726,0.0036,0.0002834663007478492,0.0144,0.00015940141608068134,0.01844286771682853,0.036793584966412475,11,2.45933455361784,True
0.7959572348411637,0.0689400131621318,1.15227175355046,1.245545677075894,0.0649603433362314,0.0101063430097037,11.080101792128543,3.4475563103650417,2.147953659718276,0.8060048398394573,1.706839895250349,0.3497767889592174,0.3022014428218783,0.1289542963521099,0.7037000841256307,0.1110050649667162,1.4618550381823925,0.4478591441358857,7.669686557296193,3.980202591242366,0.3439220554568456,1.013770730882086,1.2209233333939995,0.4458824593870746,0.4191568804494736,0.1220802279435525,0.1018459657728338,1.2945486178052237,0.1709672972956811,0.1294934403193109,112.85722959165003,4.693655470822785,100.0,51.85604862569084,174.23999999999998,22.03040167878466,348.1264503044755,1.7610124709833286,113.34946465557785,4.686613824813125,100.0,45.52048835321769,174.23999999999998,21.964349142929507,341.72483749614713,1.8040584073152848,1.0325570373420245,0.016349330676252608,0.0025000000000000005,0.0005210107069002201,0.005929,0.00026730061356145456,0.009217311320461675,0.18168460243428972,0.01102338826920301,0.001270523118809181,4e-06,2.5009259259259e-06,9e-06,1.6142289954286082e-06,1.711515492135451e-05,1.6976816739819245,0.1407887312290678,0.027045279145059734,0.0009,0.0014675925925925928,0.0025000000000000005,0.0007314471240342029,0.005599039716626796,1.2133194869683865,0.042034696770816525,0.00882238731167799,0.0001,0.000203482905557985,0.0004,7.783451787725679e-05,0.0007813174234352417,0.78830326215121,0.01877268147732316,0.006411552138747042,0.0004,9.259259259259198e-05,0.0009,4.110800082787176e-05,0.0014337005934204638,0.032413658792243165,1.184034247131077,0.16457714864125253,0.04000000000000001,0.039188102912426026,0.053824000000000004,0.02708563785488493,0.16009774076731098,2.45933455361784,10.291261648662543,0.41850909144562787,4.0,0.4105021473767655,5.3824,0.1751498596226449,9.96805200699941,1.2008219285825819,0.005137261380593717,0.11481526411864512,1.0,0.1174532852706986,1.3456,0.013182544874634237,2.476235830145333,0.9499599916184331,0.09500326484583344,0.012625427362298726,0.0036,0.0002834663007478492,0.0144,0.00015940141608068134,0.01844286771682853,0.036793584966412475,11,2.45933455361784,True
0.8463550988120191,0.0979682592185104,1.122024073161294,1.333465312014042,0.0504152212137631,0.0044137382622999,9.20321981061184,3.5585899133487664,3.632752856705733,0.5169389794200063,2.041107449655037,0.2705338311123548,0.2446126740360297,0.2205273584686038,0.578419227373701,0.1668973010705371,2.350482333068636,0.3999465878146061,9.446340078845878,4.468078164649414,0.4417476956110648,1.2587847078933605,2.894248161327269,0.6564391587645583,0.2756679904536747,0.0771281381535486,0.1208369546432705,1.8244358290327785,0.2038175494849936,0.1138820412992674,129.00298809051878,4.693655470822772,100.0,51.85604862569084,174.23999999999998,22.030401678784532,348.1264503044754,2.6263587714279213,117.62697761869867,4.686613824813104,100.0,45.52048835321769,174.23999999999998,21.964349142929315,341.72483749614696,2.0354529230358716,0.9338184570660731,0.016349330676252556,0.0025000000000000005,0.0005210107069002201,0.005929,0.0002673006135614529,0.009217311320461673,1.2101383149210263,0.010389910569166237,0.0012705231188091758,4e-06,2.5009259259259e-06,9e-06,1.614228995428595e-06,1.7115154921354497e-05,1.544558503083858,0.11755864907126712,0.027045279145059734,0.0009,0.0014675925925925928,0.0025000000000000005,0.0007314471240342029,0.005599039716626796,0.9028678374699294,0.041707499136201316,0.008822387311677955,0.0001,0.000203482905557985,0.0004,7.783451787725618e-05,0.0007813174234352412,0.7765975888025785,0.023893338068141166,0.006411552138747008,0.0004,9.259259259259198e-05,0.0009,4.110800082787133e-05,0.0014337005934204634,0.10282361862211323,1.3723181154971602,0.16457714864125228,0.04000000000000001,0.039188102912426026,0.053824000000000004,0.027085637854884846,0.1600977407673109,2.929900516856985,10.747928004915035,0.41850909144562626,4.0,0.4105021473767655,5.3824,0.17514985962264357,9.96805200699941,1.345463745859253,0.005137261380593689,0.11481526411864512,1.0,0.1174532852706986,1.3456,0.013182544874634237,2.476235830145333,0.9499599916184331,0.08037704688850142,0.012625427362298656,0.0036,0.0002834663007478492,0.0144,0.0001594014160806796,0.01844286771682853,0.1444941087177307,11,2.929900516856985,False
0.8463550988120191,0.0979682592185104,1.122024073161294,1.333465312014042,0.0504152212137631,0.0044137382622999,9.20321981061184,3.5585899133487664,3.632752856705733,0.5169389794200063,2.041107449655037,0.2705338311123548,0.2446126740360297,0.2205273584686038,0.578419227373701,0.1668973010705371,2.350482333068636,0.3999465878146061,9.446340078845878,4.468078164649414,0.4417476956110648,1.2587847078933605,2.894248161327269,0.6564391587645583,0.2756679904536747,0.0771281381535486,0.1208369546432705,1.8244358290327785,0.2038175494849936,0.1138820412992674,129.00298809051878,4.693655470822772,100.0,51.85604862569084,174.23999999999998,22.030401678784532,348.1264503044754,2.6263587714279213,117.62697761869867,4.686613824813104,100.0,45.52048835321769,174.23999999999998,21.964349142929315,341.72483749614696,2.0354529230358716,0.9338184570660731,0.016349330676252556,0.0025000000000000005,0.0005210107069002201,0.005929,0.0002673006135614529,0.009217311320461673,1.2101383149210263,0.010389910569166237,0.0012705231188091758,4e-06,2.5009259259259e-06,9e-06,1.614228995428595e-06,1.7115154921354497e-05,1.544558503083858,0.11755864907126712,0.027045279145059734,0.0009,0.0014675925925925928,0.0025000000000000005,0.0007314471240342029,0.005599039716626796,0.9028678374699294,0.041707499136201316,0.008822387311677955,0.0001,0.000203482905557985,0.0004,7.783451787725618e-05,0.0007813174234352412,0.7765975888025785,0.023893338068141166,0.006411552138747008,0.0004,9.259259259259198e-05,0.0009,4.110800082787133e-05,0.0014337005934204634,0.10282361862211323,1.3723181154971602,0.16457714864125228,0.04000000000000001,0.039188102912426026,0.053824000000000004,0.027085637854884846,0.1600977407673109,2.929900516856985,10.747928004915035,0.41850909144562626,4.0,0.4105021473767655,5.3824,0.17514985962264357,9.96805200699941,1.345463745859253,0.005137261380593689,0.11481526411864512,1.0,0.1174532852706986,1.3456,0.013182544874634237,2.476235830145333,0.9499599916184331,0.08037704688850142,0.012625427362298656,0.0036,0.0002834663007478492,0.0144,0.0001594014160806796,0.01844286771682853,0.1444941087177307,11,2.929900516856985,False
0.8463550988120191,0.0979682592185104,1.122024073161294,1.333465312014042,0.0504152212137631,0.0044137382622999,9.20321981061184,3.5585899133487664,3.632752856705733,0.5169389794200063,2.041107449655037,0.2705338311123548,0.2446126740360297,0.2205273584686038,0.578419227373701,0.1668973010705371,2.350482333068636,0.3999465878146061,9.446340078845878,4.468078164649414,0.4417476956110648,1.2587847078933605,2.894248161327269,0.6564391587645583,0.2756679904536747,0.0771281381535486,0.1208369546432705,1.8244358290327785,0.2038175494849936,0.1138820412992674,129.00298809051878,4.693655470822772,100.0,51.85604862569084,174.23999999999998,22.030401678784532,348.1264503044754,2.6263587714279213,117.62697761869867,4.686613824813104,100.0,45.52048835321769,174.23999999999998,21.964349142929315,341.72483749614696,2.0354529230358716,0.9338184570660731,0.016349330676252556,0.0025000000000000005,0.0005210107069002201,0.005929,0.0002673006135614529,0.009217311320461673,1.2101383149210263,0.010389910569166237,0.0012705231188091758,4e-06,2.5009259259259e-06,9e-06,1.614228995428595e-06,1.7115154921354497e-05,1.544558503083858,0.11755864907126712,0.027045279145059734,0.0009,0.0014675925925925928,0.0025000000000000005,0.0007314471240342029,0.005599039716626796,0.9028678374699294,0.041707499136201316,0.008822387311677955,0.0001,0.000203482905557985,0.0004,7.783451787725618e-05,0.0007813174234352412,0.7765975888025785,0.023893338068141166,0.006411552138747008,0.0004,9.259259259259198e-05,0.0009,4.110800082787133e-05,0.0014337005934204634,0.10282361862211323,1.3723181154971602,0.16457714864125228,0.04000000000000001,0.039188102912426026,0.053824000000000004,0.027085637854884846,0.1600977407673109,2.929900516856985,10.747928004915035,0.41850909144562626,4.0,0.4105021473767655,5.3824,0.17514985962264357,9.96805200699941,1.345463745859253,0.005137261380593689,0.11481526411864512,1.0,0.1174532852706986,1.3456,0.013182544874634237,2.476235830145333,0.9499599916184331,0.08037704688850142,0.012625427362298656,0.0036,0.0002834663007478492,0.0144,0.0001594014160806796,0.01844286771682853,0.1444941087177307,11,2.929900516856985,False
0.7004656643591873,0.0894430034524801,0.9588548868434486,1.2145105776404383,0.0485237068821843,0.0225173495793305,8.490927491726852,4.552040764848112,3.1563241365305883,0.4677861543030021,2.5636155502126767,0.1896669925158473,0.309057261879432,0.2191938976350916,0.5245463201061912,0.11650599106481,1.5385846697458765,0.5123830095699788,8.545553947114579,6.977596025559402,0.4348779931161547,0.8537764144040647,1.4152661650651628,0.4848356768364874,0.2557924625691279,0.2681440101677435,0.0889536546356266,2.0965448049538287,0.2665097389391355,0.2003457480737378,118.9425258409157,4.955979590043841,100.0,51.85604862569084,174.23999999999998,24.561733696931114,350.657782322622,2.0796122923305305,102.50270104752157,4.936716042003424,100.0,45.52048835321769,174.23999999999998,24.371165279373955,344.13165363259156,1.2130322292284046,0.8677608191639283,0.017331142395266973,0.0025000000000000005,0.0005210107069002201,0.005929,0.00030036849672502024,0.009250379203625241,1.8947939372592308,0.0078665069437036,0.0013394901065964786,4e-06,2.5009259259259e-06,9e-06,1.7942337456698458e-06,1.729515967159575e-05,0.9297292759284185,0.18152724837105538,0.028444075658176984,0.0009,0.0014675925925925928,0.0025000000000000005,0.0008090654400480965,0.00567665803264069,1.7456990202105063,0.017937514273440168,0.009296517716979867,0.0001,0.000203482905557985,0.0004,8.642524166212056e-05,0.0007899081472201055,0.07338421537075285,0.0012275271847130807,0.006737427542730664,0.0004,9.259259259259198e-05,0.0009,4.539292989354575e-05,0.0014379855224861378,0.4950444857092344,0.017369660443931956,0.1738473097616131,0.04000000000000001,0.039188102912426026,0.053824000000000004,0.030222887111350263,0.1632349900237763,0.45202900012717717,9.320059682415934,0.4409052750239018,4.0,0.4105021473767655,5.3824,0.1943974615439025,9.987299608920667,0.8923480118749652,0.21430746638239243,0.14651860757275842,1.0,0.1174532852706986,1.3456,0.02146770236505998,2.4845209876357583,0.8156724369753056,0.06012730815796123,0.013251297021080383,0.0036,0.0002834663007478492,0.0144,0.00017559687274089383,0.018459063173488742,0.2934747411324791,11,2.0796122923305305,True
0.7004656643591873,0.0894430034524801,0.9588548868434486,1.2145105776404383,0.0485237068821843,0.0225173495793305,8.490927491726852,4.552040764848112,3.1563241365305883,0.4677861543030021,2.5636155502126767,0.1896669925158473,0.309057261879432,0.2191938976350916,0.5245463201061912,0.11650599106481,1.5385846697458765,0.5123830095699788,8.545553947114579,6.977596025559402,0.4348779931161547,0.8537764144040647,1.4152661650651628,0.4848356768364874,0.2557924625691279,0.2681440101677435,0.0889536546356266,2.0965448049538287,0.2665097389391355,0.2003457480737378,118.9425258409157,4.955979590043841,100.0,51.85604862569084,174.23999999999998,24.561733696931114,350.657782322622,2.0796122923305305,102.50270104752157,4.936716042003424,100.0,45.52048835321769,174.23999999999998,24.371165279373955,344.13165363259156,1.2130322292284046,0.8677608191639283,0.017331142395266973,0.0025000000000000005,0.0005210107069002201,0.005929,0.00030036849672502024,0.009250379203625241,1.8947939372592308,0.0078665069437036,0.0013394901065964786,4e-06,2.5009259259259e-06,9e-06,1.7942337456698458e-06,1.729515967159575e-05,0.9297292759284185,0.18152724837105538,0.028444075658176984,0.0009,0.0014675925925925928,0.0025000000000000005,0.0008090654400480965,0.00567665803264069,1.7456990202105063,0.017937514273440168,0.009296517716979867,0.0001,0.000203482905557985,0.0004,8.642524166212056e-05,0.0007899081472201055,0.07338421537075285,0.0012275271847130807,0.006737427542730664,0.0004,9.259259259259198e-05,0.0009,4.539292989354575e-05,0.0014379855224861378,0.4950444857092344,0.017369660443931956,0.1738473097616131,0.04000000000000001,0.039188102912426026,0.053824000000000004,0.030222887111350263,0.1632349900237763,0.45202900012717717,9.320059682415934,0.4409052750239018,4.0,0.4105021473767655,5.3824,0.1943974615439025,9.987299608920667,0.8923480118749652,0.21430746638239243,0.14651860757275842,1.0,0.1174532852706986,1.3456,0.02146770236505998,2.4845209876357583,0.8156724369753056,0.06012730815796123,0.013251297021080383,0.0036,0.0002834663007478492,0.0144,0.00017559687274089383,0.018459063173488742,0.2934747411324791,11,2.0796122923305305,True
0.7004656643591873,0.0894430034524801,0.9588548868434486,1.2145105776404383,0.0485237068821843,0.0225173495793305,8.490927491726852,4.552040764848112,3.1563241365305883,0.4677861543030021,2.5636155502126767,0.1896669925158473,0.309057261879432,0.2191938976350916,0.5245463201061912,0.11650599106481,1.5385846697458765,0.5123830095699788,8.545553947114579,6.977596025559402,0.4348779931161547,0.8537764144040647,1.4152661650651628,0.4848356768364874,0.2557924625691279,0.2681440101677435,0.0889536546356266,2.0965448049538287,0.2665097389391355,0.2003457480737378,118.9425258409157,4.955979590043841,100.0,51.85604862569084,174.23999999999998,24.561733696931114,350.657782322622,2.0796122923305305,102.50270104752157,4.936716042003424,100.0,45.52048835321769,174.23999999999998,24.371165279373955,344.13165363259156,1.2130322292284046,0.8677608191639283,0.017331142395266973,0.0025000000000000005,0.0005210107069002201,0.005929,0.00030036849672502024,0.009250379203625241,1.8947939372592308,0.0078665069437036,0.0013394901065964786,4e-06,2.5009259259259e-06,9e-06,1.7942337456698458e-06,1.729515967159575e-05,0.9297292759284185,0.18152724837105538,0.028444075658176984,0.0009,0.0014675925925925928,0.0025000000000000005,0.0008090654400480965,0.00567665803264069,1.7456990202105063,0.017937514273440168,0.009296517716979867,0.0001,0.000203482905557985,0.0004,8.642524166212056e-05,0.0007899081472201055,0.07338421537075285,0.0012275271847130807,0.006737427542730664,0.0004,9.259259259259198e-05,0.0009,4.539292989354575e-05,0.0014379855224861378,0.4950444857092344,0.017369660443931956,0.1738473097616131,0.04000000000000001,0.039188102912426026,0.053824000000000004,0.030222887111350263,0.1632349900237763,0.45202900012717717,9.320059682415934,0.4409052750239018,4.0,0.4105021473767655,5.3824,0.1943974615439025,9.987299608920667,0.8923480118749652,0.21430746638239243,0.14651860757275842,1.0,0.1174532852706986,1.3456,0.02146770236505998,2.4845209876357583,0.8156724369753056,0.06012730815796123,0.013251297021080383,0.0036,0.0002834663007478492,0.0144,0.00017559687274089383,0.018459063173488742,0.2934747411324791,11,2.0796122923305305,True
0.7340153963836971,0.0827907108776204,1.2419252374294596,1.3076250966923846,0.0371085390811699,0.0148148868375189,7.626079200663571,4.495507993373371,3.405431520803903,0.3341711703477105,2.5083985357860685,0.426218217827636,0.1972141683667741,0.3027987027389398,0.5718104026832636,0.0807515630728732,1.5755144911357213,0.4381755627680696,4.772611405426757,4.948848827713906,0.2943947205055619,1.012790602448939,1.5761268676117122,0.4692914399828103,0.2827254717608825,0.1379748206188697,0.269632791308964,2.4762271744233515,0.1982220105960367,0.1565658626969161,130.59240318352965,4.955979590043874,100.0,51.85604862569084,174.23999999999998,24.561733696931448,350.6577823226223,2.7017400974147106,132.14906041003866,4.936716042003472,100.0,45.52048835321769,174.23999999999998,24.37116527937443,344.1316536325921,2.811151019949364,1.0443092080922287,0.017331142395266973,0.0025000000000000005,0.0005210107069002201,0.005929,0.00030036849672502024,0.009250379203625241,0.05916882393555343,0.005394137086717122,0.0013394901065964901,4e-06,2.5009259259259e-06,9e-06,1.7942337456698765e-06,1.729515967159578e-05,0.3352302434861023,0.17404861884833767,0.028444075658176977,0.0009,0.0014675925925925928,0.0025000000000000005,0.000809065440048096,0.00567665803264069,1.6464387042530506,0.022017046457959537,0.009296517716979955,0.0001,0.000203482905557985,0.0004,8.64252416621222e-05,0.0007899081472201072,0.07176746475264523,0.0012275265918314463,0.006737427542730748,0.0004,9.259259259259198e-05,0.0009,4.539292989354689e-05,0.001437985522486139,0.495044501343977,0.01736964507570793,0.17384730976161417,0.04000000000000001,0.039188102912426026,0.053824000000000004,0.030222887111350627,0.16323499002377667,0.4520290381651224,12.058147297631548,0.4409052750239061,4.0,0.4105021473767655,5.3824,0.19439746154390627,9.98729960892067,1.758757703489693,0.007587775467833756,0.1215757639279725,1.0,0.1174532852706986,1.3456,0.014780666374670098,2.4778339516453687,0.9480968377214737,0.08685785108843741,0.013251297021080568,0.0036,0.0002834663007478492,0.0144,0.00017559687274089873,0.01845906317348875,0.0967300819574692,11,2.811151019949364,False
0.7340153963836971,0.0827907108776204,1.2419252374294596,1.3076250966923846,0.0371085390811699,0.0148148868375189,7.626079200663571,4.495507993373371,3.405431520803903,0.3341711703477105,2.5083985357860685,0.426218217827636,0.1972141683667741,0.3027987027389398,0.5718104026832636,0.0807515630728732,1.5755144911357213,0.4381755627680696,4.772611405426757,4.948848827713906,0.2943947205055619,1.012790602448939,1.5761268676117122,0.4692914399828103,0.2827254717608825,0.1379748206188697,0.269632791308964,2.4762271744233515,0.1982220105960367,0.1565658626969161,130.59240318352965,4.955979590043874,100.0,51.85604862569084,174.23999999999998,24.561733696931448,350.6577823226223,2.7017400974147106,132.14906041003866,4.936716042003472,100.0,45.52048835321769,174.23999999999998,24.37116527937443,344.1316536325921,2.811151019949364,1.0443092080922287,0.017331142395266973,0.0025000000000000005,0.0005210107069002201,0.005929,0.00030036849672502024,0.009250379203625241,0.05916882393555343,0.005394137086717122,0.0013394901065964901,4e-06,2.5009259259259e-06,9e-06,1.7942337456698765e-06,1.729515967159578e-05,0.3352302434861023,0.17404861884833767,0.028444075658176977,0.0009,0.0014675925925925928,0.0025000000000000005,0.000809065440048096,0.00567665803264069,1.6464387042530506,0.022017046457959537,0.009296517716979955,0.0001,0.000203482905557985,0.0004,8.64252416621222e-05,0.0007899081472201072,0.07176746475264523,0.0012275265918314463,0.006737427542730748,0.0004,9.259259259259198e-05,0.0009,4.539292989354689e-05,0.001437985522486139,0.495044501343977,0.01736964507570793,0.17384730976161417,0.04000000000000001,0.039188102912426026,0.053824000000000004,0.030222887111350627,0.16323499002377667,0.4520290381651224,12.058147297631548,0.4409052750239061,4.0,0.4105021473767655,5.3824,0.19439746154390627,9.98729960892067,1.758757703489693,0.007587775467833756,0.1215757639279725,1.0,0.1174532852706986,1.3456,0.014780666374670098,2.4778339516453687,0.9480968377214737,0.08685785108843741,0.013251297021080568,0.0036,0.0002834663007478492,0.0144,0.00017559687274089873,0.01845906317348875,0.0967300819574692,11,2.811151019949364,False
0.7340153963836971,0.0827907108776204,1.2419252374294596,1.3076250966923846,0.0371085390811699,0.0148148868375189,7.626079200663571,4.495507993373371,3.405431520803903,0.3341711703477105,2.5083985357860685,0.426218217827636,0.1972141683667741,0.3027987027389398,0.5718104026832636,0.0807515630728732,1.5755144911357213,0.4381755627680696,4.772611405426757,4.948848827713906,0.2943947205055619,1.012790602448939,1.5761268676117122,0.4692914399828103,0.2827254717608825,0.1379748206188697,0.269632791308964,2.4762271744233515,0.1982220105960367,0.1565658626969161,130.59240318352965,4.955979590043874,100.0,51.85604862569084,174.23999999999998,24.561733696931448,350.6577823226223,2.7017400974147106,132.14906041003866,4.936716042003472,100.0,45.52048835321769,174.23999999999998,24.37116527937443,344.1316536325921,2.811151019949364,1.0443092080922287,0.017331142395266973,0.0025000000000000005,0.0005210107069002201,0.005929,0.00030036849672502024,0.009250379203625241,0.05916882393555343,0.005394137086717122,0.0013394901065964901,4e-06,2.5009259259259e-06,9e-06,1.7942337456698765e-06,1.729515967159578e-05,0.3352302434861023,0.17404861884833767,0.028444075658176977,0.0009,0.0014675925925925928,0.0025000000000000005,0.000809065440048096,0.00567665803264069,1.6464387042530506,0.022017046457959537,0.009296517716979955,0.0001,0.000203482905557985,0.0004,8.64252416621222e-05,0.0007899081472201072,0.07176746475264523,0.0012275265918314463,0.006737427542730748,0.0004,9.259259259259198e-05,0.0009,4.539292989354689e-05,0.001437985522486139,0.495044501343977,0.01736964507570793,0.17384730976161417,0.04000000000000001,0.039188102912426026,0.053824000000000004,0.030222887111350627,0.16323499002377667,0.4520290381651224,12.058147297631548,0.4409052750239061,4.0,0.4105021473767655,5.3824,0.19439746154390627,9.98729960892067,1.758757703489693,0.007587775467833756,0.1215757639279725,1.0,0.1174532852706986,1.3456,0.014780666374670098,2.4778339516453687,0.9480968377214737,0.08685785108843741,0.013251297021080568,0.0036,0.0002834663007478492,0.0144,0.00017559687274089873,0.01845906317348875,0.0967300819574692,11,2.811151019949364,False
0.7043205796267338,0.0668212383274627,1.1614352153086216,1.477979163014845,0.0277338540007898,0.0157757453950936,7.431337739910369,2.3493378825295927,3.677435019180866,0.4082119691137885,2.1920704287876323,0.1207892619383808,0.1458742862394497,0.1714505957484094,0.603148140964571,0.1948680890118642,1.6969018293463147,0.285557140636823,7.608202564864579,9.41548598167552,0.5593754661729707,1.1241905427158565,2.272031871211216,0.6136719444491976,0.3155588202814364,0.1063353769202951,0.2011460494785577,2.192602684187099,0.3057010185844883,0.1700521468327765,135.76273063165962,4.955979590043874,100.0,51.85604862569084,174.23999999999998,24.561733696931448,350.6577823226223,2.977846392122691,117.34906748544425,4.936716042003472,100.0,45.52048835321769,174.23999999999998,24.37116527937443,344.1316536325921,2.0133415315696275,0.8776023716010142,0.017331142395266973,0.0025000000000000005,0.0005210107069002201,0.005929,0.00030036849672502024,0.009250379203625241,1.792468444983324,0.0036943829479889213,0.0013394901065964901,4e-06,2.5009259259259e-06,9e-06,1.7942337456698765e-06,1.729515967159578e-05,0.07348780814692354,0.039433287439418,0.028444075658176977,0.0009,0.0014675925925925928,0.0025000000000000005,0.000809065440048096,0.00567665803264069,0.1402469829811588,0.004293463908377752,0.009296517716979955,0.0001,0.000203482905557985,0.0004,8.64252416621222e-05,0.0007899081472201072,0.55884596554209,0.0012275265437387585,0.006737427542730748,0.0004,9.259259259259198e-05,0.0009,4.539292989354689e-05,0.001437985522486139,0.49504450261221805,0.01736964432313942,0.17384730976161417,0.04000000000000001,0.039188102912426026,0.053824000000000004,0.030222887111350627,0.16323499002377667,0.45202904002780736,10.713587428369241,0.44090527502390603,4.0,0.4105021473767655,5.3824,0.19439746154390622,9.98729960892067,1.3333002801364378,0.007787468874735762,0.12159985897863368,1.0,0.1174532852706986,1.3456,0.014786525703623599,2.4778398109743223,0.9479688560392712,0.06893199183712985,0.013251297021080563,0.0036,0.0002834663007478492,0.0144,0.0001755968727408986,0.018459063173488745,0.22866967921857415,11,2.977846392122691,False
0.7043205796267338,0.0668212383274627,1.1614352153086216,1.477979163014845,0.0277338540007898,0.0157757453950936,7.431337739910369,2.3493378825295927,3.677435019180866,0.4082119691137885,2.1920704287876323,0.1207892619383808,0.1458742862394497,0.1714505957484094,0.603148140964571,0.1948680890118642,1.6969018293463147,0.285557140636823,7.608202564864579,9.41548598167552,0.5593754661729707,1.1241905427158565,2.272031871211216,0.6136719444491976,0.3155588202814364,0.1063353769202951,0.2011460494785577,2.192602684187099,0.3057010185844883,0.1700521468327765,135.76273063165962,4.955979590043874,100.0,51.85604862569084,174.23999999999998,24.561733696931448,350.6577823226223,2.977846392122691,117.34906748544425,4.936716042003472,100.0,45.52048835321769,174.23999999999998,24.37116527937443,344.1316536325921,2.0133415315696275,0.8776023716010142,0.017331142395266973,0.0025000000000000005,0.0005210107069002201,0.005929,0.00030036849672502024,0.009250379203625241,1.792468444983324,0.0036943829479889213,0.0013394901065964901,4e-06,2.5009259259259e-06,9e-06,1.7942337456698765e-06,1.729515967159578e-05,0.07348780814692354,0.039433287439418,0.028444075658176977,0.0009,0.0014675925925925928,0.0025000000000000005,0.000809065440048096,0.00567665803264069,0.1402469829811588,0.004293463908377752,0.009296517716979955,0.0001,0.000203482905557985,0.0004,8.64252416621222e-05,0.0007899081472201072,0.55884596554209,0.0012275265437387585,0.006737427542730748,0.0004,9.259259259259198e-05,0.0009,4.539292989354689e-05,0.001437985522486139,0.49504450261221805,0.01736964432313942,0.17384730976161417,0.04000000000000001,0.039188102912426026,0.053824000000000004,0.030222887111350627,0.16323499002377667,0.45202904002780736,10.713587428369241,0.44090527502390603,4.0,0.4105021473767655,5.3824,0.19439746154390622,9.98729960892067,1.3333002801364378,0.007787468874735762,0.12159985897863368,1.0,0.1174532852706986,1.3456,0.014786525703623599,2.4778398109743223,0.9479688560392712,0.06893199183712985,0.013251297021080563,0.0036,0.0002834663007478492,0.0144,0.0001755968727408986,0.018459063173488745,0.22866967921857415,11,2.977846392122691,False
0.7043205796267338,0.0668212383274627,1.1614352153086216,1.477979163014845,0.0277338540007898,0.0157757453950936,7.431337739910369,2.3493378825295927,3.677435019180866,0.4082119691137885,2.1920704287876323,0.1207892619383808,0.1458742862394497,0.1714505957484094,0.603148140964571,0.1948680890118642,1.6969018293463147,0.285557140636823,7.608202564864579,9.41548598167552,0.5593754661729707,1.1241905427158565,2.272031871211216,0.6136719444491976,0.3155588202814364,0.1063353769202951,0.2011460494785577,2.192602684187099,0.3057010185844883,0.1700521468327765,135.76273063165962,4.955979590043874,100.0,51.85604862569084,174.23999999999998,24.561733696931448,350.6577823226223,2.977846392122691,117.34906748544425,4.936716042003472,100.0,45.52048835321769,174.23999999999998,24.37116527937443,344.1316536325921,2.0133415315696275,0.8776023716010142,0.017331142395266973,0.0025000000000000005,0.0005210107069002201,0.005929,0.00030036849672502024,0.009250379203625241,1.792468444983324,0.0036943829479889213,0.0013394901065964901,4e-06,2.5009259259259e-06,9e-06,1.7942337456698765e-06,1.729515967159578e-05,0.07348780814692354,0.039433287439418,0.028444075658176977,0.0009,0.0014675925925925928,0.0025000000000000005,0.000809065440048096,0.00567665803264069,0.1402469829811588,0.004293463908377752,0.009296517716979955,0.0001,0.000203482905557985,0.0004,8.64252416621222e-05,0.0007899081472201072,0.55884596554209,0.0012275265437387585,0.006737427542730748,0.0004,9.259259259259198e-05,0.0009,4.539292989354689e-05,0.001437985522486139,0.49504450261221805,0.01736964432313942,0.17384730976161417,0.04000000000000001,0.039188102912426026,0.053824000000000004,0.030222887111350627,0.16323499002377667,0.45202904002780736,10.713587428369241,0.44090527502390603,4.0,0.4105021473767655,5.3824,0.19439746154390622,9.98729960892067,1.3333002801364378,0.007787468874735762,0.12159985897863368,1.0,0.1174532852706986,1.3456,0.014786525703623599,2.4778398109743223,0.9479688560392712,0.06893199183712985,0.013251297021080563,0.0036,0.0002834663007478492,0.0144,0.0001755968727408986,0.018459063173488745,0.22866967921857415,11,2.977846392122691,False
0.832233092605132,0.0800102862510887,1.1132673379782507,1.3378463516986958,0.0377293287304923,0.016233849372769,11.158786908272791,2.6108908688520662,3.1724092234865475,0.3066163385070829,1.24250164114093,0.3866543000742681,0.2282079192324962,0.1674474307917657,0.5817587650579832,0.1466452614230414,1.8262057391776985,0.4991299585693035,5.234541901743992,9.280904142487024,0.5222736069496351,1.5874942619051424,1.6617374589627705,0.5126595934703337,0.573831757893999,0.2207888511856031,0.0306966235523683,2.2459154224093765,0.2608516459570987,0.1345362119737388,126.74832676800337,4.693655470822785,100.0,51.85604862569084,174.23999999999998,22.03040167878466,348.1264503044755,2.505518190644372,114.90334467875097,4.686613824813124,100.0,45.52048835321769,174.23999999999998,21.9643491429295,341.72483749614713,1.8881164378928723,0.9218905373801491,0.016349330676252608,0.0025000000000000005,0.0005210107069002201,0.005929,0.00026730061356145456,0.009217311320461675,1.3343786397155277,0.006932177688832748,0.0012705231188091801,4e-06,2.5009259259259e-06,9e-06,1.614228995428606e-06,1.7115154921354507e-05,0.7087610902871108,0.10981528835200019,0.02704527914505973,0.0009,0.0014675925925925928,0.0025000000000000005,0.0007314471240342028,0.005599039716626796,0.7993839543037765,0.025065496599269627,0.008822387311677986,0.0001,0.000203482905557985,0.0004,7.783451787725673e-05,0.0007813174234352417,0.18122089607825975,0.0034107106962547717,0.006411552138747039,0.0004,9.259259259259198e-05,0.0009,4.1108000827871734e-05,0.0014337005934204638,0.438125517672963,0.03753816536527976,0.16457714864125253,0.04000000000000001,0.039188102912426026,0.053824000000000004,0.02708563785488493,0.16009774076731098,0.40603058757983834,10.423416921826648,0.41850909144562765,4.0,0.4105021473767655,5.3824,0.17514985962264473,9.96805200699941,1.2426800129617654,0.005137261380593689,0.11481526411864512,1.0,0.1174532852706986,1.3456,0.013182544874634237,2.476235830145333,0.9499599916184331,0.08022456168267303,0.012625427362298722,0.0036,0.0002834663007478492,0.0144,0.00015940141608068126,0.01844286771682853,0.14561693736557074,11,2.505518190644372,True
0.832233092605132,0.0800102862510887,1.1132673379782507,1.3378463516986958,0.0377293287304923,0.016233849372769,11.158786908272791,2.6108908688520662,3.1724092234865475,0.3066163385070829,1.24250164114093,0.3866543000742681,0.2282079192324962,0.1674474307917657,0.5817587650579832,0.1466452614230414,1.8262057391776985,0.4991299585693035,5.234541901743992,9.280904142487024,0.5222736069496351,1.5874942619051424,1.6617374589627705,0.5126595934703337,0.573831757893999,0.2207888511856031,0.0306966235523683,2.2459154224093765,0.2608516459570987,0.1345362119737388,126.74832676800337,4.693655470822785,100.0,51.85604862569084,174.23999999999998,22.03040167878466,348.1264503044755,2.505518190644372,114.90334467875097,4.686613824813124,100.0,45.52048835321769,174.23999999999998,21.9643491429295,341.72483749614713,1.8881164378928723,0.9218905373801491,0.016349330676252608,0.0025000000000000005,0.0005210107069002201,0.005929,0.00026730061356145456,0.009217311320461675,1.3343786397155277,0.006932177688832748,0.0012705231188091801,4e-06,2.5009259259259e-06,9e-06,1.614228995428606e-06,1.7115154921354507e-05,0.7087610902871108,0.10981528835200019,0.02704527914505973,0.0009,0.0014675925925925928,0.0025000000000000005,0.0007314471240342028,0.005599039716626796,0.7993839543037765,0.025065496599269627,0.008822387311677986,0.0001,0.000203482905557985,0.0004,7.783451787725673e-05,0.0007813174234352417,0.18122089607825975,0.0034107106962547717,0.006411552138747039,0.0004,9.259259259259198e-05,0.0009,4.1108000827871734e-05,0.0014337005934204638,0.438125517672963,0.03753816536527976,0.16457714864125253,0.04000000000000001,0.039188102912426026,0.053824000000000004,0.02708563785488493,0.16009774076731098,0.40603058757983834,10.423416921826648,0.41850909144562765,4.0,0.4105021473767655,5.3824,0.17514985962264473,9.96805200699941,1.2426800129617654,0.005137261380593689,0.11481526411864512,1.0,0.1174532852706986,1.3456,0.013182544874634237,2.476235830145333,0.9499599916184331,0.08022456168267303,0.012625427362298722,0.0036,0.0002834663007478492,0.0144,0.00015940141608068126,0.01844286771682853,0.14561693736557074,11,2.505518190644372,True
0.832233092605132,0.0800102862510887,1.1132673379782507,1.3378463516986958,0.0377293287304923,0.016233849372769,11.158786908272791,2.6108908688520662,3.1724092234865475,0.3066163385070829,1.24250164114093,0.3866543000742681,0.2282079192324962,0.1674474307917657,0.5817587650579832,0.1466452614230414,1.8262057391776985,0.4991299585693035,5.234541901743992,9.280904142487024,0.5222736069496351,1.5874942619051424,1.6617374589627705,0.5126595934703337,0.573831757893999,0.2207888511856031,0.0306966235523683,2.2459154224093765,0.2608516459570987,0.1345362119737388,126.74832676800337,4.693655470822785,100.0,51.85604862569084,174.23999999999998,22.03040167878466,348.1264503044755,2.505518190644372,114.90334467875097,4.686613824813124,100.0,45.52048835321769,174.23999999999998,21.9643491429295,341.72483749614713,1.8881164378928723,0.9218905373801491,0.016349330676252608,0.0025000000000000005,0.0005210107069002201,0.005929,0.00026730061356145456,0.009217311320461675,1.3343786397155277,0.006932177688832748,0.0012705231188091801,4e-06,2.5009259259259e-06,9e-06,1.614228995428606e-06,1.7115154921354507e-05,0.7087610902871108,0.10981528835200019,0.02704527914505973,0.0009,0.0014675925925925928,0.0025000000000000005,0.0007314471240342028,0.005599039716626796,0.7993839543037765,0.025065496599269627,0.008822387311677986,0.0001,0.000203482905557985,0.0004,7.783451787725673e-05,0.0007813174234352417,0.18122089607825975,0.0034107106962547717,0.006411552138747039,0.0004,9.259259259259198e-05,0.0009,4.1108000827871734e-05,0.0014337005934204638,0.438125517672963,0.03753816536527976,0.16457714864125253,0.04000000000000001,0.039188102912426026,0.053824000000000004,0.02708563785488493,0.16009774076731098,0.40603058757983834,10.423416921826648,0.41850909144562765,4.0,0.4105021473767655,5.3824,0.17514985962264473,9.96805200699941,1.2426800129617654,0.005137261380593689,0.11481526411864512,1.0,0.1174532852706986,1.3456,0.013182544874634237,2.476235830145333,0.9499599916184331,0.08022456168267303,0.012625427362298722,0.0036,0.0002834663007478492,0.0144,0.00015940141608068126,0.01844286771682853,0.14561693736557074,11,2.505518190644372,True
0.7470760474013861,0.0464042386146844,0.9554127705024512,1.3020465209148406,0.0474611493869324,0.013208242586839,10.191109094799756,4.601031755009439,3.925432937706532,0.8565638598840137,2.5021619704217875,0.363853017633911,0.130259341494945,0.3053508515936891,0.5320119131759095,0.1697603649842786,2.296607688757599,0.308453361152027,5.923000571294018,5.725071823525539,0.4240541627982033,1.3588438406695738,0.9846850819876856,0.3031580660168866,0.3743833850628969,0.2306901629326128,0.2910980552245734,1.7708710116469732,0.3682827191077343,0.1808929371814471,125.34774982961854,4.693655470822785,100.0,51.85604862569084,174.23999999999998,22.03040167878466,348.1264503044755,2.4304530227735506,99.46912572782547,4.686613824813125,100.0,45.52048835321769,174.23999999999998,21.964349142929507,341.72483749614713,1.0531935164508646,0.8119241440457571,0.016349330676252608,0.0025000000000000005,0.0005210107069002201,0.005929,0.00026730061356145456,0.009217311320461675,2.4797804184068664,0.009835617454689903,0.0012705231188091806,4e-06,2.5009259259259e-06,9e-06,1.6142289954286071e-06,1.7115154921354507e-05,1.41057569786332,0.1330453705098009,0.02704527914505973,0.0009,0.0014675925925925928,0.0025000000000000005,0.0007314471240342028,0.005599039716626796,1.109835603802234,0.04166167221599408,0.008822387311677988,0.0001,0.000203482905557985,0.0004,7.783451787725676e-05,0.0007813174234352417,0.774958105805855,0.018772681449568854,0.006411552138747044,0.0004,9.259259259259198e-05,0.0009,4.1108000827871795e-05,0.0014337005934204638,0.03241365952523837,0.3611326024003345,0.1645771486412526,0.04000000000000001,0.039188102912426026,0.053824000000000004,0.027085637854884957,0.160097740767311,0.40270852153047243,9.163950874015427,0.41850909144562787,4.0,0.4105021473767655,5.3824,0.1751498596226449,9.96805200699941,0.8437641404446349,0.005137261380593689,0.11481526411864512,1.0,0.1174532852706986,1.3456,0.013182544874634237,2.476235830145333,0.9499599916184331,0.07661199690925988,0.012625427362298729,0.0036,0.0002834663007478492,0.0144,0.00015940141608068145,0.01844286771682853,0.17221814892396395,11,2.4797804184068664,True
0.7470760474013861,0.0464042386146844,0.9554127705024512,1.3020465209148406,0.0474611493869324,0.013208242586839,10.191109094799756,4.601031755009439,3.925432937706532,0.8565638598840137,2.5021619704217875,0.363853017633911,0.130259341494945,0.3053508515936891,0.5320119131759095,0.1697603649842786,2.296607688757599,0.308453361152027,5.923000571294018,5.725071823525539,0.4240541627982033,1.3588438406695738,0.9846850819876856,0.3031580660168866,0.3743833850628969,0.2306901629326128,0.2910980552245734,1.7708710116469732,0.3682827191077343,0.1808929371814471,125.34774982961854,4.693655470822785,100.0,51.85604862569084,174.23999999999998,22.03040167878466,348.1264503044755,2.4304530227735506,99.46912572782547,4.686613824813125,100.0,45.52048835321769,174.23999999999998,21.964349142929507,341.72483749614713,1.0531935164508646,0.8119241440457571,0.016349330676252608,0.0025000000000000005,0.0005210107069002201,0.005929,0.00026730061356145456,0.009217311320461675,2.4797804184068664,0.009835617454689903,0.0012705231188091806,4e-06,2.5009259259259e-06,9e-06,1.6142289954286071e-06,1.7115154921354507e-05,1.41057569786332,0.1330453705098009,0.02704527914505973,0.0009,0.0014675925925925928,0.0025000000000000005,0.0007314471240342028,0.005599039716626796,1.109835603802234,0.04166167221599408,0.008822387311677988,0.0001,0.000203482905557985,0.0004,7.783451787725676e-05,0.0007813174234352417,0.774958105805855,0.018772681449568854,0.006411552138747044,0.0004,9.259259259259198e-05,0.0009,4.1108000827871795e-05,0.0014337005934204638,0.03241365952523837,0.3611326024003345,0.1645771486412526,0.04000000000000001,0.039188102912426026,0.053824000000000004,0.027085637854884957,0.160097740767311,0.40270852153047243,9.163950874015427,0.41850909144562787,4.0,0.4105021473767655,5.3824,0.1751498596226449,9.96805200699941,0.8437641404446349,0.005137261380593689,0.11481526411864512,1.0,0.1174532852706986,1.3456,0.013182544874634237,2.476235830145333,0.9499599916184331,0.07661199690925988,0.012625427362298729,0.0036,0.0002834663007478492,0.0144,0.00015940141608068145,0.01844286771682853,0.17221814892396395,11,2.4797804184068664,True
0.7470760474013861,0.0464042386146844,0.9554127705024512,1.3020465209148406,0.0474611493869324,0.013208242586839,10.191109094799756,4.601031755009439,3.925432937706532,0.8565638598840137,2.5021619704217875,0.363853017633911,0.130259341494945,0.3053508515936891,0.5320119131759095,0.1697603649842786,2.296607688757599,0.308453361152027,5.923000571294018,5.725071823525539,0.4240541627982033,1.3588438406695738,0.9846850819876856,0.3031580660168866,0.3743833850628969,0.2306901629326128,0.2910980552245734,1.7708710116469732,0.3682827191077343,0.1808929371814471,125.34774982961854,4.693655470822785,100.0,51.85604862569084,174.23999999999998,22.03040167878466,348.1264503044755,2.4304530227735506,99.46912572782547,4.686613824813125,100.0,45.52048835321769,174.23999999999998,21.964349142929507,341.72483749614713,1.0531935164508646,0.8119241440457571,0.016349330676252608,0.0025000000000000005,0.0005210107069002201,0.005929,0.00026730061356145456,0.009217311320461675,2.4797804184068664,0.009835617454689903,0.0012705231188091806,4e-06,2.5009259259259e-06,9e-06,1.6142289954286071e-06,1.7115154921354507e-05,1.41057569786332,0.1330453705098009,0.02704527914505973,0.0009,0.0014675925925925928,0.0025000000000000005,0.0007314471240342028,0.005599039716626796,1.109835603802234,0.04166167221599408,0.008822387311677988,0.0001,0.000203482905557985,0.0004,7.783451787725676e-05,0.0007813174234352417,0.774958105805855,0.018772681449568854,0.006411552138747044,0.0004,9.259259259259198e-05,0.0009,4.1108000827871795e-05,0.0014337005934204638,0.03241365952523837,0.3611326024003345,0.1645771486412526,0.04000000000000001,0.039188102912426026,0.053824000000000004,0.027085637854884957,0.160097740767311,0.40270852153047243,9.163950874015427,0.41850909144562787,4.0,0.4105021473767655,5.3824,0.1751498596226449,9.96805200699941,0.8437641404446349,0.005137261380593689,0.11481526411864512,1.0,0.1174532852706986,1.3456,0.013182544874634237,2.476235830145333,0.9499599916184331,0.07661199690925988,0.012625427362298729,0.0036,0.0002834663007478492,0.0144,0.00015940141608068145,0.01844286771682853,0.17221814892396395,11,2.4797804184068664,True
0.835549880138436,0.0533424179538249,1.0551985863588182,1.3474321191096643,0.0350141523478617,0.0159801053629061,11.65372348773764,2.571490137293139,4.37474147674298,0.7856993613085527,2.3978209792480447,0.1282076668744221,0.3190405958948957,0.2986433213034988,0.5202655943657891,0.0767530418203375,1.4470020839162312,0.3784825395328962,5.250511485511706,5.449164303540866,0.4461932341401343,1.1476856797386887,2.8706773354688497,0.2515276017387577,0.3197351932638782,0.2982390997707356,0.3202565246227813,1.493145447166666,0.3272185064411723,0.1882538393347185,135.5606325717577,5.6243774223122145,100.0,51.85604862569084,174.23999999999998,31.633621388615392,357.72967001430624,2.937579986269622,114.3405961610824,5.554276513016017,100.0,45.52048835321769,174.23999999999998,30.849987583041365,350.610475936259,1.8339833400128107,0.8504406177454655,0.01996653349416608,0.0025000000000000005,0.0005210107069002201,0.005929,0.000398662459773656,0.009348673166673876,2.0639404490484394,0.004366464937110082,0.0015117371620104202,4e-06,2.5009259259259e-06,9e-06,2.2853492470033195e-06,1.778627517292922e-05,0.08689402703292463,0.057964244549854785,0.03182827459401799,0.0009,0.0014675925925925928,0.0025000000000000005,0.0010130390636322111,0.005880631656224804,0.10385624068748665,0.007600798793965309,0.01047274311200331,0.0001,0.000203482905557985,0.0004,0.00010967834829001279,0.0008131612538479978,0.43481585238154596,0.0022057987037670933,0.007517151731069944,0.0004,9.259259259259198e-05,0.0009,5.650757014792785e-05,0.0014491001627405199,0.46744368456670793,0.033105716239471894,0.19759689377885806,0.04000000000000001,0.039188102912426026,0.053824000000000004,0.03904453243105331,0.17205663534347937,0.4023516152611041,10.540793273851667,0.4963090572546632,4.0,0.4105021473767655,5.3824,0.24632268031301252,10.039224827689777,1.2753122826243197,0.014508315739838535,0.13912335435641723,1.0,0.1174532852706986,1.3456,0.019355307727381237,2.48240859299808,0.9428304322156402,0.06668468702683544,0.014725746294967581,0.0036,0.0002834663007478492,0.0144,0.00021684760394375145,0.0185003139046916,0.24493697436044679,11,2.937579986269622,False
0.835549880138436,0.0533424179538249,1.0551985863588182,1.3474321191096643,0.0350141523478617,0.0159801053629061,11.65372348773764,2.571490137293139,4.37474147674298,0.7856993613085527,2.3978209792480447,0.1282076668744221,0.3190405958948957,0.2986433213034988,0.5202655943657891,0.0767530418203375,1.4470020839162312,0.3784825395328962,5.250511485511706,5.449164303540866,0.4461932341401343,1.1476856797386887,2.8706773354688497,0.2515276017387577,0.3197351932638782,0.2982390997707356,0.3202565246227813,1.493145447166666,0.3272185064411723,0.1882538393347185,135.5606325717577,5.6243774223122145,100.0,51.85604862569084,174.23999999999998,31.633621388615392,357.72967001430624,2.937579986269622,114.3405961610824,5.554276513016017,100.0,45.52048835321769,174.23999999999998,30.849987583041365,350.610475936259,1.8339833400128107,0.8504406177454655,0.01996653349416608,0.0025000000000000005,0.0005210107069002201,0.005929,0.000398662459773656,0.009348673166673876,2.0639404490484394,0.004366464937110082,0.0015117371620104202,4e-06,2.5009259259259e-06,9e-06,2.2853492470033195e-06,1.778627517292922e-05,0.08689402703292463,0.057964244549854785,0.03182827459401799,0.0009,0.0014675925925925928,0.0025000000000000005,0.0010130390636322111,0.005880631656224804,0.10385624068748665,0.007600798793965309,0.01047274311200331,0.0001,0.000203482905557985,0.0004,0.00010967834829001279,0.0008131612538479978,0.43481585238154596,0.0022057987037670933,0.007517151731069944,0.0004,9.259259259259198e-05,0.0009,5.650757014792785e-05,0.0014491001627405199,0.46744368456670793,0.033105716239471894,0.19759689377885806,0.04000000000000001,0.039188102912426026,0.053824000000000004,0.03904453243105331,0.17205663534347937,0.4023516152611041,10.540793273851667,0.4963090572546632,4.0,0.4105021473767655,5.3824,0.24632268031301252,10.039224827689777,1.2753122826243197,0.014508315739838535,0.13912335435641723,1.0,0.1174532852706986,1.3456,0.019355307727381237,2.48240859299808,0.9428304322156402,0.06668468702683544,0.014725746294967581,0.0036,0.0002834663007478492,0.0144,0.00021684760394375145,0.0185003139046916,0.24493697436044679,11,2.937579986269622,False
0.835549880138436,0.0533424179538249,1.0551985863588182,1.3474321191096643,0.0350141523478617,0.0159801053629061,11.65372348773764,2.571490137293139,4.37474147674298,0.7856993613085527,2.3978209792480447,0.1282076668744221,0.3190405958948957,0.2986433213034988,0.5202655943657891,0.0767530418203375,1.4470020839162312,0.3784825395328962,5.250511485511706,5.449164303540866,0.4461932341401343,1.1476856797386887,2.8706773354688497,0.2515276017387577,0.3197351932638782,0.2982390997707356,0.3202565246227813,1.493145447166666,0.3272185064411723,0.1882538393347185,135.5606325717577,5.6243774223122145,100.0,51.85604862569084,174.23999999999998,31.633621388615392,357.72967001430624,2.937579986269622,114.3405961610824,5.554276513016017,100.0,45.52048835321769,174.23999999999998,30.849987583041365,350.610475936259,1.8339833400128107,0.8504406177454655,0.01996653349416608,0.0025000000000000005,0.0005210107069002201,0.005929,0.000398662459773656,0.009348673166673876,2.0639404490484394,0.004366464937110082,0.0015117371620104202,4e-06,2.5009259259259e-06,9e-06,2.2853492470033195e-06,1.778627517292922e-05,0.08689402703292463,0.057964244549854785,0.03182827459401799,0.0009,0.0014675925925925928,0.0025000000000000005,0.0010130390636322111,0.005880631656224804,0.10385624068748665,0.007600798793965309,0.01047274311200331,0.0001,0.000203482905557985,0.0004,0.00010967834829001279,0.0008131612538479978,0.43481585238154596,0.0022057987037670933,0.007517151731069944,0.0004,9.259259259259198e-05,0.0009,5.650757014792785e-05,0.0014491001627405199,0.46744368456670793,0.033105716239471894,0.19759689377885806,0.04000000000000001,0.039188102912426026,0.053824000000000004,0.03904453243105331,0.17205663534347937,0.4023516152611041,10.540793273851667,0.4963090572546632,4.0,0.4105021473767655,5.3824,0.24632268031301252,10.039224827689777,1.2753122826243197,0.014508315739838535,0.13912335435641723,1.0,0.1174532852706986,1.3456,0.019355307727381237,2.48240859299808,0.9428304322156402,0.06668468702683544,0.014725746294967581,0.0036,0.0002834663007478492,0.0144,0.00021684760394375145,0.0185003139046916,0.24493697436044679,11,2.937579986269622,False
0.7578445636483069,0.1007554648731544,1.0451250404613712,1.4628146642324693,0.0384622514549145,0.0170457435360279,6.922084103386193,4.309460584037549,2.742142070969646,0.52677668783846,2.581675720862476,0.0996133923022424,0.1401812789006823,0.1092205293618277,0.611278014521252,0.1979123622376176,1.272301530904536,0.3644353528064797,8.783910777098754,7.57506585224005,0.5261681546994137,1.6670619933299735,1.9255624545490535,0.366021984910672,0.4861004846242369,0.0634960722107389,0.2328024034359459,2.2261628047462736,0.258946899891305,0.1488529203638509,135.8103853718034,4.955979590043871,100.0,51.85604862569084,174.23999999999998,24.561733696931412,350.65778232262227,2.980391254872366,108.30499471003182,4.936716042003471,100.0,45.52048835321769,174.23999999999998,24.371165279374413,344.131653632592,1.5258110908063498,0.8028304470826175,0.017331142395267025,0.0025000000000000005,0.0005210107069002201,0.005929,0.00030036849672502203,0.009250379203625243,2.569893961300283,0.0068234757440291385,0.00133949010659649,4e-06,2.5009259259259e-06,9e-06,1.794233745669876e-06,1.729515967159578e-05,0.6789249566388196,0.1665699893256199,0.028444075658176984,0.0009,0.0014675925925925928,0.0025000000000000005,0.0008090654400480965,0.00567665803264069,1.5471783882955943,0.015627866569697644,0.009296517716979943,0.0001,0.000203482905557985,0.0004,8.642524166212197e-05,0.000789908147220107,0.15556257051734249,0.0012275263757866566,0.006737427542730745,0.0004,9.259259259259198e-05,0.0009,4.539292989354684e-05,0.001437985522486139,0.49504450704124364,0.01736964116651324,0.17384730976161408,0.04000000000000001,0.039188102912426026,0.053824000000000004,0.0302228871113506,0.16323499002377664,0.452029047840784,9.788840022739207,0.44090527502390603,4.0,0.4105021473767655,5.3824,0.19439746154390622,9.98729960892067,1.0406835975726312,0.1134656349154649,0.13435100987557994,1.0,0.1174532852706986,1.3456,0.018050193854588177,2.4811034791252866,0.8802543889089323,0.060468870059018257,0.013251297021080558,0.0036,0.0002834663007478492,0.0144,0.00017559687274089846,0.018459063173488745,0.2909607450649313,11,2.980391254872366,False
0.7578445636483069,0.1007554648731544,1.0451250404613712,1.4628146642324693,0.0384622514549145,0.0170457435360279,6.922084103386193,4.309460584037549,2.742142070969646,0.52677668783846,2.581675720862476,0.0996133923022424,0.1401812789006823,0.1092205293618277,0.611278014521252,0.1979123622376176,1.272301530904536,0.3644353528064797,8.783910777098754,7.57506585224005,0.5261681546994137,1.6670619933299735,1.9255624545490535,0.366021984910672,0.4861004846242369,0.0634960722107389,0.2328024034359459,2.2261628047462736,0.258946899891305,0.1488529203638509,135.8103853718034,4.955979590043871,100.0,51.85604862569084,174.23999999999998,24.561733696931412,350.65778232262227,2.980391254872366,108.30499471003182,4.936716042003471,100.0,45.52048835321769,174.23999999999998,24.371165279374413,344.131653632592,1.5258110908063498,0.8028304470826175,0.017331142395267025,0.0025000000000000005,0.0005210107069002201,0.005929,0.00030036849672502203,0.009250379203625243,2.569893961300283,0.0068234757440291385,0.00133949010659649,4e-06,2.5009259259259e-06,9e-06,1.794233745669876e-06,1.729515967159578e-05,0.6789249566388196,0.1665699893256199,0.028444075658176984,0.0009,0.0014675925925925928,0.0025000000000000005,0.0008090654400480965,0.00567665803264069,1.5471783882955943,0.015627866569697644,0.009296517716979943,0.0001,0.000203482905557985,0.0004,8.642524166212197e-05,0.000789908147220107,0.15556257051734249,0.0012275263757866566,0.006737427542730745,0.0004,9.259259259259198e-05,0.0009,4.539292989354684e-05,0.001437985522486139,0.49504450704124364,0.01736964116651324,0.17384730976161408,0.04000000000000001,0.039188102912426026,0.053824000000000004,0.0302228871113506,0.16323499002377664,0.452029047840784,9.788840022739207,0.44090527502390603,4.0,0.4105021473767655,5.3824,0.19439746154390622,9.98729960892067,1.0406835975726312,0.1134656349154649,0.13435100987557994,1.0,0.1174532852706986,1.3456,0.018050193854588177,2.4811034791252866,0.8802543889089323,0.060468870059018257,0.013251297021080558,0.0036,0.0002834663007478492,0.0144,0.00017559687274089846,0.018459063173488745,0.2909607450649313,11,2.980391254872366,False
0.7578445636483069,0.1007554648731544,1.0451250404613712,1.4628146642324693,0.0384622514549145,0.0170457435360279,6.922084103386193,4.309460584037549,2.742142070969646,0.52677668783846,2.581675720862476,0.0996133923022424,0.1401812789006823,0.1092205293618277,0.611278014521252,0.1979123622376176,1.272301530904536,0.3644353528064797,8.783910777098754,7.57506585224005,0.5261681546994137,1.6670619933299735,1.9255624545490535,0.366021984910672,0.4861004846242369,0.0634960722107389,0.2328024034359459,2.2261628047462736,0.258946899891305,0.1488529203638509,135.8103853718034,4.955979590043871,100.0,51.85604862569084,174.23999999999998,24.561733696931412,350.65778232262227,2.980391254872366,108.30499471003182,4.936716042003471,100.0,45.52048835321769,174.23999999999998,24.371165279374413,344.131653632592,1.5258110908063498,0.8028304470826175,0.017331142395267025,0.0025000000000000005,0.0005210107069002201,0.005929,0.00030036849672502203,0.009250379203625243,2.569893961300283,0.0068234757440291385,0.00133949010659649,4e-06,2.5009259259259e-06,9e-06,1.794233745669876e-06,1.729515967159578e-05,0.6789249566388196,0.1665699893256199,0.028444075658176984,0.0009,0.0014675925925925928,0.0025000000000000005,0.0008090654400480965,0.00567665803264069,1.5471783882955943,0.015627866569697644,0.009296517716979943,0.0001,0.000203482905557985,0.0004,8.642524166212197e-05,0.000789908147220107,0.15556257051734249,0.0012275263757866566,0.006737427542730745,0.0004,9.259259259259198e-05,0.0009,4.539292989354684e-05,0.001437985522486139,0.49504450704124364,0.01736964116651324,0.17384730976161408,0.04000000000000001,0.039188102912426026,0.053824000000000004,0.0302228871113506,0.16323499002377664,0.452029047840784,9.788840022739207,0.44090527502390603,4.0,0.4105021473767655,5.3824,0.19439746154390622,9.98729960892067,1.0406835975726312,0.1134656349154649,0.13435100987557994,1.0,0.1174532852706986,1.3456,0.018050193854588177,2.4811034791252866,0.8802543889089323,0.060468870059018257,0.013251297021080558,0.0036,0.0002834663007478492,0.0144,0.00017559687274089846,0.018459063173488745,0.2909607450649313,11,2.980391254872366,False
0.7890088699306654,0.0853279084287066,1.0355119391900651,1.1654734311388306,0.0621774315998979,0.0139558380719673,10.385069636782124,3.3144125449111588,3.78011607575782,0.4191509207109107,2.1093673374063937,0.1248533334292094,0.2768337377225073,0.3406013778839978,0.596503196003686,0.1649299049952791,1.6240730528211675,0.570774409721933,8.91599396260542,5.107058337485287,0.2506555024175156,1.108723916322338,1.34706836201951,0.3799926095983032,0.3019320081483976,0.2128970044525378,0.2029089349700414,1.6663277742512703,0.2245716671135821,0.1787238176270113,112.17758366891931,4.955979590043835,100.0,51.85604862569084,174.23999999999998,24.56173369693106,350.6577823226219,1.718350237700073,106.87763825752074,4.936716042003424,100.0,45.52048835321769,174.23999999999998,24.371165279373955,344.13165363259156,1.4488679107038114,0.9804810658893152,0.01733114239526687,0.0025000000000000005,0.0005210107069002201,0.005929,0.0003003684967250166,0.009250379203625236,0.7228086423201082,0.010956968818192327,0.0013394901065964782,4e-06,2.5009259259259e-06,9e-06,1.7942337456698445e-06,1.7295159671595745e-05,1.6728529590584313,0.12543752695067223,0.028444075658176984,0.0009,0.0014675925925925928,0.0025000000000000005,0.0008090654400480965,0.00567665803264069,1.001246650529586,0.03503696625327847,0.009296517716979865,0.0001,0.000203482905557985,0.0004,8.642524166212052e-05,0.0007899081472201055,0.5350223547456477,0.016010863923793358,0.006737427542730661,0.0004,9.259259259259198e-05,0.0009,4.5392929893545705e-05,0.0014379855224861376,0.10519657355219283,0.6742874533736145,0.17384730976161294,0.04000000000000001,0.039188102912426026,0.053824000000000004,0.030222887111350204,0.16323499002377626,1.1739105552915061,9.82791548728471,0.4409052750239018,4.0,0.4105021473767655,5.3824,0.1943974615439025,9.987299608920667,1.0530481986900084,0.007587775467833756,0.1215757639279725,1.0,0.1174532852706986,1.3456,0.014780666374670098,2.4778339516453687,0.9480968377214737,0.09268553215089274,0.013251297021080377,0.0036,0.0002834663007478492,0.0144,0.0001755968727408937,0.018459063173488742,0.05383663503439135,11,1.718350237700073,True
0.7890088699306654,0.0853279084287066,1.0355119391900651,1.1654734311388306,0.0621774315998979,0.0139558380719673,10.385069636782124,3.3144125449111588,3.78011607575782,0.4191509207109107,2.1093673374063937,0.1248533334292094,0.2768337377225073,0.3406013778839978,0.596503196003686,0.1649299049952791,1.6240730528211675,0.570774409721933,8.91599396260542,5.107058337485287,0.2506555024175156,1.108723916322338,1.34706836201951,0.3799926095983032,0.3019320081483976,0.2128970044525378,0.2029089349700414,1.6663277742512703,0.2245716671135821,0.1787238176270113,112.17758366891931,4.955979590043835,100.0,51.85604862569084,174.23999999999998,24.56173369693106,350.6577823226219,1.718350237700073,106.87763825752074,4.936716042003424,100.0,45.52048835321769,174.23999999999998,24.371165279373955,344.13165363259156,1.4488679107038114,0.9804810658893152,0.01733114239526687,0.0025000000000000005,0.0005210107069002201,0.005929,0.0003003684967250166,0.009250379203625236,0.7228086423201082,0.010956968818192327,0.0013394901065964782,4e-06,2.5009259259259e-06,9e-06,1.7942337456698445e-06,1.7295159671595745e-05,1.6728529590584313,0.12543752695067223,0.028444075658176984,0.0009,0.0014675925925925928,0.0025000000000000005,0.0008090654400480965,0.00567665803264069,1.001246650529586,0.03503696625327847,0.009296517716979865,0.0001,0.000203482905557985,0.0004,8.642524166212052e-05,0.0007899081472201055,0.5350223547456477,0.016010863923793358,0.006737427542730661,0.0004,9.259259259259198e-05,0.0009,4.5392929893545705e-05,0.0014379855224861376,0.10519657355219283,0.6742874533736145,0.17384730976161294,0.04000000000000001,0.039188102912426026,0.053824000000000004,0.030222887111350204,0.16323499002377626,1.1739105552915061,9.82791548728471,0.4409052750239018,4.0,0.4105021473767655,5.3824,0.1943974615439025,9.987299608920667,1.0530481986900084,0.007587775467833756,0.1215757639279725,1.0,0.1174532852706986,1.3456,0.014780666374670098,2.4778339516453687,0.9480968377214737,0.09268553215089274,0.013251297021080377,0.0036,0.0002834663007478492,0.0144,0.0001755968727408937,0.018459063173488742,0.05383663503439135,11,1.718350237700073,True
0.7890088699306654,0.0853279084287066,1.0355119391900651,1.1654734311388306,0.0621774315998979,0.0139558380719673,10.385069636782124,3.3144125449111588,3.78011607575782,0.4191509207109107,2.1093673374063937,0.1248533334292094,0.2768337377225073,0.3406013778839978,0.596503196003686,0.1649299049952791,1.6240730528211675,0.570774409721933,8.91599396260542,5.107058337485287,0.2506555024175156,1.108723916322338,1.34706836201951,0.3799926095983032,0.3019320081483976,0.2128970044525378,0.2029089349700414,1.6663277742512703,0.2245716671135821,0.1787238176270113,112.17758366891931,4.955979590043835,100.0,51.85604862569084,174.23999999999998,24.56173369693106,350.6577823226219,1.718350237700073,106.87763825752074,4.936716042003424,100.0,45.52048835321769,174.23999999999998,24.371165279373955,344.13165363259156,1.4488679107038114,0.9804810658893152,0.01733114239526687,0.0025000000000000005,0.0005210107069002201,0.005929,0.0003003684967250166,0.009250379203625236,0.7228086423201082,0.010956968818192327,0.0013394901065964782,4e-06,2.5009259259259e-06,9e-06,1.7942337456698445e-06,1.7295159671595745e-05,1.6728529590584313,0.12543752695067223,0.028444075658176984,0.0009,0.0014675925925925928,0.0025000000000000005,0.0008090654400480965,0.00567665803264069,1.001246650529586,0.03503696625327847,0.009296517716979865,0.0001,0.000203482905557985,0.0004,8.642524166212052e-05,0.0007899081472201055,0.5350223547456477,0.016010863923793358,0.006737427542730661,0.0004,9.259259259259198e-05,0.0009,4.5392929893545705e-05,0.0014379855224861376,0.10519657355219283,0.6742874533736145,0.17384730976161294,0.04000000000000001,0.039188102912426026,0.053824000000000004,0.030222887111350204,0.16323499002377626,1.1739105552915061,9.82791548728471,0.4409052750239018,4.0,0.4105021473767655,5.3824,0.1943974615439025,9.987299608920667,1.0530481986900084,0.007587775467833756,0.1215757639279725,1.0,0.1174532852706986,1.3456,0.014780666374670098,2.4778339516453687,0.9480968377214737,0.09268553215089274,0.013251297021080377,0.0036,0.0002834663007478492,0.0144,0.0001755968727408937,0.018459063173488742,0.05383663503439135,11,1.718350237700073,True
0.7500469139111905,0.0902133498736798,1.0612584520870614,1.483893958790657,0.03033344273461,0.0223482763716438,7.4089133462955745,4.463436271999844,3.28373083752474,0.6186828797214303,2.412757926083485,0.2203690782505188,0.2579897304580567,0.1493953396267232,0.5291587110099748,0.1845285055636595,1.0847299358107896,0.389934361430943,10.7605213261322,4.821365631112073,0.3069822352885954,1.767813170875033,0.3325279474177892,0.4521332597388261,0.224737163720072,0.1409597240587462,0.2881659479245441,1.691372803053428,0.1568777145912929,0.0966989430979393,132.45529890501658,4.693655470822783,100.0,51.85604862569084,174.23999999999998,22.030401678784642,348.1264503044755,2.811388442936995,107.63777342649735,4.686613824813122,100.0,45.52048835321769,174.23999999999998,21.964349142929482,341.72483749614713,1.4950811961897017,0.8251582688103845,0.016349330676252608,0.0025000000000000005,0.0005210107069002201,0.005929,0.00026730061356145456,0.009217311320461675,2.3419347586084878,0.006958572582753093,0.0012705231188091806,4e-06,2.5009259259259e-06,9e-06,1.6142289954286071e-06,1.7115154921354507e-05,0.7151412199307694,0.13562649074955652,0.02704527914505973,0.0009,0.0014675925925925928,0.0025000000000000005,0.0007314471240342028,0.005599039716626796,1.1443302315242847,0.029277072731327493,0.008822387311677988,0.0001,0.000203482905557985,0.0004,7.783451787725676e-05,0.0007813174234352417,0.3318923229751575,0.0034107104258972194,0.006411552138747042,0.0004,9.259259259259198e-05,0.0009,4.110800082787176e-05,0.0014337005934204638,0.43812552481314476,0.02422502468323995,0.16457714864125253,0.04000000000000001,0.039188102912426026,0.053824000000000004,0.02708563785488493,0.16009774076731098,0.4393032780293554,9.76853136658331,0.41850909144562787,4.0,0.4105021473767655,5.3824,0.1751498596226449,9.96805200699941,1.0352554117803616,0.05084730501076995,0.12003665122060654,1.0,0.1174532852706986,1.3456,0.014408797636257542,2.477462082906956,0.9206840948389212,0.06694993836623245,0.012625427362298722,0.0036,0.0002834663007478492,0.0144,0.00015940141608068126,0.01844286771682853,0.24336495998856342,11,2.811388442936995,False
0.7500469139111905,0.0902133498736798,1.0612584520870614,1.483893958790657,0.03033344273461,0.0223482763716438,7.4089133462955745,4.463436271999844,3.28373083752474,0.6186828797214303,2.412757926083485,0.2203690782505188,0.2579897304580567,0.1493953396267232,0.5291587110099748,0.1845285055636595,1.0847299358107896,0.389934361430943,10.7605213261322,4.821365631112073,0.3069822352885954,1.767813170875033,0.3325279474177892,0.4521332597388261,0.224737163720072,0.1409597240587462,0.2881659479245441,1.691372803053428,0.1568777145912929,0.0966989430979393,132.45529890501658,4.693655470822783,100.0,51.85604862569084,174.23999999999998,22.030401678784642,348.1264503044755,2.811388442936995,107.63777342649735,4.686613824813122,100.0,45.52048835321769,174.23999999999998,21.964349142929482,341.72483749614713,1.4950811961897017,0.8251582688103845,0.016349330676252608,0.0025000000000000005,0.0005210107069002201,0.005929,0.00026730061356145456,0.009217311320461675,2.3419347586084878,0.006958572582753093,0.0012705231188091806,4e-06,2.5009259259259e-06,9e-06,1.6142289954286071e-06,1.7115154921354507e-05,0.7151412199307694,0.13562649074955652,0.02704527914505973,0.0009,0.0014675925925925928,0.0025000000000000005,0.0007314471240342028,0.005599039716626796,1.1443302315242847,0.029277072731327493,0.008822387311677988,0.0001,0.000203482905557985,0.0004,7.783451787725676e-05,0.0007813174234352417,0.3318923229751575,0.0034107104258972194,0.006411552138747042,0.0004,9.259259259259198e-05,0.0009,4.110800082787176e-05,0.0014337005934204638,0.43812552481314476,0.02422502468323995,0.16457714864125253,0.04000000000000001,0.039188102912426026,0.053824000000000004,0.02708563785488493,0.16009774076731098,0.4393032780293554,9.76853136658331,0.41850909144562787,4.0,0.4105021473767655,5.3824,0.1751498596226449,9.96805200699941,1.0352554117803616,0.05084730501076995,0.12003665122060654,1.0,0.1174532852706986,1.3456,0.014408797636257542,2.477462082906956,0.9206840948389212,0.06694993836623245,0.012625427362298722,0.0036,0.0002834663007478492,0.0144,0.00015940141608068126,0.01844286771682853,0.24336495998856342,11,2.811388442936995,False
0.7500469139111905,0.0902133498736798,1.0612584520870614,1.483893958790657,0.03033344273461,0.0223482763716438,7.4089133462955745,4.463436271999844,3.28373083752474,0.6186828797214303,2.412757926083485,0.2203690782505188,0.2579897304580567,0.1493953396267232,0.5291587110099748,0.1845285055636595,1.0847299358107896,0.389934361430943,10.7605213261322,4.821365631112073,0.3069822352885954,1.767813170875033,0.3325279474177892,0.4521332597388261,0.224737163720072,0.1409597240587462,0.2881659479245441,1.691372803053428,0.1568777145912929,0.0966989430979393,132.45529890501658,4.693655470822783,100.0,51.85604862569084,174.23999999999998,22.030401678784642,348.1264503044755,2.811388442936995,107.63777342649735,4.686613824813122,100.0,45.52048835321769,174.23999999999998,21.964349142929482,341.72483749614713,1.4950811961897017,0.8251582688103845,0.016349330676252608,0.0025000000000000005,0.0005210107069002201,0.005929,0.00026730061356145456,0.009217311320461675,2.3419347586084878,0.006958572582753093,0.0012705231188091806,4e-06,2.5009259259259e-06,9e-06,1.6142289954286071e-06,1.7115154921354507e-05,0.7151412199307694,0.13562649074955652,0.02704527914505973,0.0009,0.0014675925925925928,0.0025000000000000005,0.0007314471240342028,0.005599039716626796,1.1443302315242847,0.029277072731327493,0.008822387311677988,0.0001,0.000203482905557985,0.0004,7.783451787725676e-05,0.0007813174234352417,0.3318923229751575,0.0034107104258972194,0.006411552138747042,0.0004,9.259259259259198e-05,0.0009,4.110800082787176e-05,0.0014337005934204638,0.43812552481314476,0.02422502468323995,0.16457714864125253,0.04000000000000001,0.039188102912426026,0.053824000000000004,0.02708563785488493,0.16009774076731098,0.4393032780293554,9.76853136658331,0.41850909144562787,4.0,0.4105021473767655,5.3824,0.1751498596226449,9.96805200699941,1.0352554117803616,0.05084730501076995,0.12003665122060654,1.0,0.1174532852706986,1.3456,0.014408797636257542,2.477462082906956,0.9206840948389212,0.06694993836623245,0.012625427362298722,0.0036,0.0002834663007478492,0.0144,0.00015940141608068126,0.01844286771682853,0.24336495998856342,11,2.811388442936995,False
0.6493986224463547,0.0745575496789549,1.1251102888363391,1.056872539482736,0.0478078308970506,0.0243175696988948,11.698111870525471,3.872911203556324,4.058482514979898,0.4281609733676438,1.5581373549597992,0.2369502523183186,0.2635445577263726,0.1904504533522173,0.6782795137117557,0.1311595121679539,1.6582313712754764,0.3580022110002267,7.887026020094524,8.25758510368873,0.5051852032887789,1.732262978227579,2.439597613808812,0.38477082575758,0.6224034917037413,0.189852029324347,0.2606472807681743,2.122651861350927,0.237426479627783,0.2151864754143021,104.20124695547791,4.693655470822778,100.0,51.85604862569084,174.23999999999998,22.030401678784592,348.12645030447544,1.2970873756433368,117.55313571836737,4.686613824813112,100.0,45.52048835321769,174.23999999999998,21.96434914292939,341.724837496147,2.031458403109371,1.1813791368595736,0.016349330676252608,0.0025000000000000005,0.0005210107069002201,0.005929,0.00026730061356145456,0.009217311320461675,1.36843532354739,0.007486470814104509,0.001270523118809178,4e-06,2.5009259259259e-06,9e-06,1.6142289954286006e-06,1.7115154921354504e-05,0.8427438981171012,0.1123964085917558,0.02704527914505973,0.0009,0.0014675925925925928,0.0025000000000000005,0.0007314471240342028,0.005599039716626796,0.833878582025827,0.041279984418243446,0.008822387311677966,0.0001,0.000203482905557985,0.0004,7.783451787725636e-05,0.0007813174234352414,0.7613030172326082,0.021333011364491235,0.006411552138747018,0.0004,9.259259259259198e-05,0.0009,4.110800082787146e-05,0.0014337005934204634,0.03520502195352117,0.6699888846276512,0.16457714864125236,0.04000000000000001,0.039188102912426026,0.053824000000000004,0.027085637854884874,0.16009774076731093,1.1746134925191545,10.66081762634223,0.4185090914456267,4.0,0.4105021473767655,5.3824,0.17514985962264393,9.96805200699941,1.317872916607398,0.7010730716139839,0.19431092797635421,1.0,0.1174532852706986,1.3456,0.037756736731031915,2.5008100220017306,0.5052039169193674,0.13397336605907817,0.012625427362298677,0.0036,0.0002834663007478492,0.0144,0.00015940141608068012,0.01844286771682853,0.25016373534374764,11,2.031458403109371,True
0.6493986224463547,0.0745575496789549,1.1251102888363391,1.056872539482736,0.0478078308970506,0.0243175696988948,11.698111870525471,3.872911203556324,4.058482514979898,0.4281609733676438,1.5581373549597992,0.2369502523183186,0.2635445577263726,0.1904504533522173,0.6782795137117557,0.1311595121679539,1.6582313712754764,0.3580022110002267,7.887026020094524,8.25758510368873,0.5051852032887789,1.732262978227579,2.439597613808812,0.38477082575758,0.6224034917037413,0.189852029324347,0.2606472807681743,2.122651861350927,0.237426479627783,0.2151864754143021,104.20124695547791,4.693655470822778,100.0,51.85604862569084,174.23999999999998,22.030401678784592,348.12645030447544,1.2970873756433368,117.55313571836737,4.686613824813112,100.0,45.52048835321769,174.23999999999998,21.96434914292939,341.724837496147,2.031458403109371,1.1813791368595736,0.016349330676252608,0.0025000000000000005,0.0005210107069002201,0.005929,0.00026730061356145456,0.009217311320461675,1.36843532354739,0.007486470814104509,0.001270523118809178,4e-06,2.5009259259259e-06,9e-06,1.6142289954286006e-06,1.7115154921354504e-05,0.8427438981171012,0.1123964085917558,0.02704527914505973,0.0009,0.0014675925925925928,0.0025000000000000005,0.0007314471240342028,0.005599039716626796,0.833878582025827,0.041279984418243446,0.008822387311677966,0.0001,0.000203482905557985,0.0004,7.783451787725636e-05,0.0007813174234352414,0.7613030172326082,0.021333011364491235,0.006411552138747018,0.0004,9.259259259259198e-05,0.0009,4.110800082787146e-05,0.0014337005934204634,0.03520502195352117,0.6699888846276512,0.16457714864125236,0.04000000000000001,0.039188102912426026,0.053824000000000004,0.027085637854884874,0.16009774076731093,1.1746134925191545,10.66081762634223,0.4185090914456267,4.0,0.4105021473767655,5.3824,0.17514985962264393,9.96805200699941,1.317872916607398,0.7010730716139839,0.19431092797635421,1.0,0.1174532852706986,1.3456,0.037756736731031915,2.5008100220017306,0.5052039169193674,0.13397336605907817,0.012625427362298677,0.0036,0.0002834663007478492,0.0144,0.00015940141608068012,0.01844286771682853,0.25016373534374764,11,2.031458403109371,True
0.6493986224463547,0.0745575496789549,1.1251102888363391,1.056872539482736,0.0478078308970506,0.0243175696988948,11.698111870525471,3.872911203556324,4.058482514979898,0.4281609733676438,1.5581373549597992,0.2369502523183186,0.2635445577263726,0.1904504533522173,0.6782795137117557,0.1311595121679539,1.6582313712754764,0.3580022110002267,7.887026020094524,8.25758510368873,0.5051852032887789,1.732262978227579,2.439597613808812,0.38477082575758,0.6224034917037413,0.189852029324347,0.2606472807681743,2.122651861350927,0.237426479627783,0.2151864754143021,104.20124695547791,4.693655470822778,100.0,51.85604862569084,174.23999999999998,22.030401678784592,348.12645030447544,1.2970873756433368,117.55313571836737,4.686613824813112,100.0,45.52048835321769,174.23999999999998,21.96434914292939,341.724837496147,2.031458403109371,1.1813791368595736,0.016349330676252608,0.0025000000000000005,0.0005210107069002201,0.005929,0.00026730061356145456,0.009217311320461675,1.36843532354739,0.007486470814104509,0.001270523118809178,4e-06,2.5009259259259e-06,9e-06,1.6142289954286006e-06,1.7115154921354504e-05,0.8427438981171012,0.1123964085917558,0.02704527914505973,0.0009,0.0014675925925925928,0.0025000000000000005,0.0007314471240342028,0.005599039716626796,0.833878582025827,0.041279984418243446,0.008822387311677966,0.0001,0.000203482905557985,0.0004,7.783451787725636e-05,0.0007813174234352414,0.7613030172326082,0.021333011364491235,0.006411552138747018,0.0004,9.259259259259198e-05,0.0009,4.110800082787146e-05,0.0014337005934204634,0.03520502195352117,0.6699888846276512,0.16457714864125236,0.04000000000000001,0.039188102912426026,0.053824000000000004,0.027085637854884874,0.16009774076731093,1.1746134925191545,10.66081762634223,0.4185090914456267,4.0,0.4105021473767655,5.3824,0.17514985962264393,9.96805200699941,1.317872916607398,0.7010730716139839,0.19431092797635421,1.0,0.1174532852706986,1.3456,0.037756736731031915,2.5008100220017306,0.5052039169193674,0.13397336605907817,0.012625427362298677,0.0036,0.0002834663007478492,0.0144,0.00015940141608068012,0.01844286771682853,0.25016373534374764,11,2.031458403109371,True
0.6340959666552375,0.0869923978317992,1.1790342486289862,1.2773926082486495,0.0294043264495344,0.0101910664688434,12.036802795244895,3.5299203647031403,2.0579655123778693,0.6845280687152644,2.3550765127018902,0.2869527306093023,0.199684373525694,0.1524112900672573,0.6315158239317724,0.2012885867049265,1.3409732059628456,0.4585118285303874,8.16604994617775,6.894830879521988,0.2749623278253428,1.684286212375525,1.2693859943889354,0.4622591389387975,0.3642484518626708,0.1761573984378937,0.2274565450557656,1.2943090823999073,0.3706497197893068,0.1246107501989116,124.02751805607186,4.955979590043873,100.0,51.85604862569084,174.23999999999998,24.56173369693143,350.65778232262227,2.3511615071976646,121.75277840580515,4.936716042003471,100.0,45.52048835321769,174.23999999999998,24.371165279374413,344.131653632592,2.25072829075564,1.0117011335190647,0.01733114239526692,0.0025000000000000005,0.0005210107069002201,0.005929,0.0003003684967250184,0.009250379203625238,0.3982044897208693,0.003926167629977943,0.0013394901065964906,4e-06,2.5009259259259e-06,9e-06,1.7942337456698777e-06,1.729515967159578e-05,0.017753521956677152,0.08430506457572455,0.028444075658176984,0.0009,0.0014675925925925928,0.0025000000000000005,0.0008090654400480965,0.00567665803264069,0.4553149127635776,0.008917246984084578,0.009296517716979955,0.0001,0.000203482905557985,0.0004,8.64252416621222e-05,0.0007899081472201072,0.3943295818959955,0.0012275269106450867,0.006737427542730748,0.0004,9.259259259259198e-05,0.0009,4.539292989354689e-05,0.001437985522486139,0.4950444929366172,0.01736965093616616,0.17384730976161417,0.04000000000000001,0.039188102912426026,0.053824000000000004,0.030222887111350627,0.16323499002377667,0.45202902365988146,11.336615253862698,0.44090527502390603,4.0,0.4105021473767655,5.3824,0.19439746154390622,9.98729960892067,1.5304442075818252,1.91940167754627,0.3522556523628873,1.0,0.1174532852706986,1.3456,0.12408404462160331,2.5871373298923017,0.26074766140818023,0.09089833909251484,0.013251297021080567,0.0036,0.0002834663007478492,0.0144,0.0001755968727408987,0.018459063173488745,0.06699090167480487,11,2.3511615071976646,True
0.6340959666552375,0.0869923978317992,1.1790342486289862,1.2773926082486495,0.0294043264495344,0.0101910664688434,12.036802795244895,3.5299203647031403,2.0579655123778693,0.6845280687152644,2.3550765127018902,0.2869527306093023,0.199684373525694,0.1524112900672573,0.6315158239317724,0.2012885867049265,1.3409732059628456,0.4585118285303874,8.16604994617775,6.894830879521988,0.2749623278253428,1.684286212375525,1.2693859943889354,0.4622591389387975,0.3642484518626708,0.1761573984378937,0.2274565450557656,1.2943090823999073,0.3706497197893068,0.1246107501989116,124.02751805607186,4.955979590043873,100.0,51.85604862569084,174.23999999999998,24.56173369693143,350.65778232262227,2.3511615071976646,121.75277840580515,4.936716042003471,100.0,45.52048835321769,174.23999999999998,24.371165279374413,344.131653632592,2.25072829075564,1.0117011335190647,0.01733114239526692,0.0025000000000000005,0.0005210107069002201,0.005929,0.0003003684967250184,0.009250379203625238,0.3982044897208693,0.003926167629977943,0.0013394901065964906,4e-06,2.5009259259259e-06,9e-06,1.7942337456698777e-06,1.729515967159578e-05,0.017753521956677152,0.08430506457572455,0.028444075658176984,0.0009,0.0014675925925925928,0.0025000000000000005,0.0008090654400480965,0.00567665803264069,0.4553149127635776,0.008917246984084578,0.009296517716979955,0.0001,0.000203482905557985,0.0004,8.64252416621222e-05,0.0007899081472201072,0.3943295818959955,0.0012275269106450867,0.006737427542730748,0.0004,9.259259259259198e-05,0.0009,4.539292989354689e-05,0.001437985522486139,0.4950444929366172,0.01736965093616616,0.17384730976161417,0.04000000000000001,0.039188102912426026,0.053824000000000004,0.030222887111350627,0.16323499002377667,0.45202902365988146,11.336615253862698,0.44090527502390603,4.0,0.4105021473767655,5.3824,0.19439746154390622,9.98729960892067,1.5304442075818252,1.91940167754627,0.3522556523628873,1.0,0.1174532852706986,1.3456,0.12408404462160331,2.5871373298923017,0.26074766140818023,0.09089833909251484,0.013251297021080567,0.0036,0.0002834663007478492,0.0144,0.0001755968727408987,0.018459063173488745,0.06699090167480487,11,2.3511615071976646,True
0.6340959666552375,0.0869923978317992,1.1790342486289862,1.2773926082486495,0.0294043264495344,0.0101910664688434,12.036802795244895,3.5299203647031403,2.0579655123778693,0.6845280687152644,2.3550765127018902,0.2869527306093023,0.199684373525694,0.1524112900672573,0.6315158239317724,0.2012885867049265,1.3409732059628456,0.4585118285303874,8.16604994617775,6.894830879521988,0.2749623278253428,1.684286212375525,1.2693859943889354,0.4622591389387975,0.3642484518626708,0.1761573984378937,0.2274565450557656,1.2943090823999073,0.3706497197893068,0.1246107501989116,124.02751805607186,4.955979590043873,100.0,51.85604862569084,174.23999999999998,24.56173369693143,350.65778232262227,2.3511615071976646,121.75277840580515,4.936716042003471,100.0,45.52048835321769,174.23999999999998,24.371165279374413,344.131653632592,2.25072829075564,1.0117011335190647,0.01733114239526692,0.0025000000000000005,0.0005210107069002201,0.005929,0.0003003684967250184,0.009250379203625238,0.3982044897208693,0.003926167629977943,0.0013394901065964906,4e-06,2.5009259259259e-06,9e-06,1.7942337456698777e-06,1.729515967159578e-05,0.017753521956677152,0.08430506457572455,0.028444075658176984,0.0009,0.0014675925925925928,0.0025000000000000005,0.0008090654400480965,0.00567665803264069,0.4553149127635776,0.008917246984084578,0.009296517716979955,0.0001,0.000203482905557985,0.0004,8.64252416621222e-05,0.0007899081472201072,0.3943295818959955,0.0012275269106450867,0.006737427542730748,0.0004,9.259259259259198e-05,0.0009,4.539292989354689e-05,0.001437985522486139,0.4950444929366172,0.01736965093616616,0.17384730976161417,0.04000000000000001,0.039188102912426026,0.053824000000000004,0.030222887111350627,0.16323499002377667,0.45202902365988146,11.336615253862698,0.44090527502390603,4.0,0.4105021473767655,5.3824,0.19439746154390622,9.98729960892067,1.5304442075818252,1.91940167754627,0.3522556523628873,1.0,0.1174532852706986,1.3456,0.12408404462160331,2.5871373298923017,0.26074766140818023,0.09089833909251484,0.013251297021080567,0.0036,0.0002834663007478492,0.0144,0.0001755968727408987,0.018459063173488745,0.06699090167480487,11,2.3511615071976646,True
0.7397454058775059,0.070962271671115,1.001094746229881,1.402156271943574,0.0429328453622554,0.0172775180814637,7.996174250813858,4.382895033436789,2.897003616132222,0.4561412829786859,1.6857663562687937,0.417917035977919,0.1515172189375806,0.3105219516137096,0.6668002357526545,0.1391634163723203,2.099032581361312,0.4264441681788208,7.942332596535493,6.481726021446536,0.5463357342143743,1.4112296060026437,2.4992624086443103,0.6387380369154274,0.6443359487130391,0.2841753782940079,0.0616362859465516,1.3277504139334266,0.2418235542200549,0.1408276832107402,138.76914916989807,4.955979590039442,100.0,51.85604862569084,174.23999999999998,24.56173369688752,350.6577823225784,3.138395427220197,108.48805748769243,4.936716041997294,100.0,45.52048835321769,174.23999999999998,24.37116527931343,344.1316536325311,1.535679286131369,0.7867837555618271,0.01733114239526477,0.0025000000000000005,0.0005210107069002201,0.005929,0.00030036849672494386,0.009250379203625165,2.736736095177163,0.008407337420259186,0.0013394901065949863,4e-06,2.5009259259259e-06,9e-06,1.794233745665848e-06,1.729515967159175e-05,1.0597758359604248,0.18152724837105538,0.028444075658176984,0.0009,0.0014675925925925928,0.0025000000000000005,0.0008090654400480965,0.00567665803264069,1.7456990202105063,0.020650727272908804,0.009296517716968754,0.0001,0.000203482905557985,0.0004,8.642524166191394e-05,0.0007899081472198989,0.023153183427077277,0.0012275162366123787,0.006737427542720183,0.0004,9.259259259259198e-05,0.0009,4.539292989340452e-05,0.0014379855224859964,0.49504477441905936,0.017369478296254015,0.17384730976147245,0.04000000000000001,0.039188102912426026,0.053824000000000004,0.030222887111301354,0.1632349900237274,0.4520294509616075,9.920419909742648,0.44090527502336313,4.0,0.4105021473767655,5.3824,0.1943974615434275,9.987299608920193,1.0823192591518702,0.007587775467833756,0.1215757639279725,1.0,0.1174532852706986,1.3456,0.014780666374670098,2.4778339516453687,0.9480968377214737,0.0675492690924254,0.013251297021058072,0.0036,0.0002834663007478492,0.0144,0.00017559687274030253,0.018459063173488152,0.23884692536909477,11,3.138395427220197,False
0.7397454058775059,0.070962271671115,1.001094746229881,1.402156271943574,0.0429328453622554,0.0172775180814637,7.996174250813858,4.382895033436789,2.897003616132222,0.4561412829786859,1.6857663562687937,0.417917035977919,0.1515172189375806,0.3105219516137096,0.6668002357526545,0.1391634163723203,2.099032581361312,0.4264441681788208,7.942332596535493,6.481726021446536,0.5463357342143743,1.4112296060026437,2.4992624086443103,0.6387380369154274,0.6443359487130391,0.2841753782940079,0.0616362859465516,1.3277504139334266,0.2418235542200549,0.1408276832107402,138.76914916989807,4.955979590039442,100.0,51.85604862569084,174.23999999999998,24.56173369688752,350.6577823225784,3.138395427220197,108.48805748769243,4.936716041997294,100.0,45.52048835321769,174.23999999999998,24.37116527931343,344.1316536325311,1.535679286131369,0.7867837555618271,0.01733114239526477,0.0025000000000000005,0.0005210107069002201,0.005929,0.00030036849672494386,0.009250379203625165,2.736736095177163,0.008407337420259186,0.0013394901065949863,4e-06,2.5009259259259e-06,9e-06,1.794233745665848e-06,1.729515967159175e-05,1.0597758359604248,0.18152724837105538,0.028444075658176984,0.0009,0.0014675925925925928,0.0025000000000000005,0.0008090654400480965,0.00567665803264069,1.7456990202105063,0.020650727272908804,0.009296517716968754,0.0001,0.000203482905557985,0.0004,8.642524166191394e-05,0.0007899081472198989,0.023153183427077277,0.0012275162366123787,0.006737427542720183,0.0004,9.259259259259198e-05,0.0009,4.539292989340452e-05,0.0014379855224859964,0.49504477441905936,0.017369478296254015,0.17384730976147245,0.04000000000000001,0.039188102912426026,0.053824000000000004,0.030222887111301354,0.1632349900237274,0.4520294509616075,9.920419909742648,0.44090527502336313,4.0,0.4105021473767655,5.3824,0.1943974615434275,9.987299608920193,1.0823192591518702,0.007587775467833756,0.1215757639279725,1.0,0.1174532852706986,1.3456,0.014780666374670098,2.4778339516453687,0.9480968377214737,0.0675492690924254,0.013251297021058072,0.0036,0.0002834663007478492,0.0144,0.00017559687274030253,0.018459063173488152,0.23884692536909477,11,3.138395427220197,False
0.7397454058775059,0.070962271671115,1.001094746229881,1.402156271943574,0.0429328453622554,0.0172775180814637,7.996174250813858,4.382895033436789,2.897003616132222,0.4561412829786859,1.6857663562687937,0.417917035977919,0.1515172189375806,0.3105219516137096,0.6668002357526545,0.1391634163723203,2.099032581361312,0.4264441681788208,7.942332596535493,6.481726021446536,0.5463357342143743,1.4112296060026437,2.4992624086443103,0.6387380369154274,0.6443359487130391,0.2841753782940079,0.0616362859465516,1.3277504139334266,0.2418235542200549,0.1408276832107402,138.76914916989807,4.955979590039442,100.0,51.85604862569084,174.23999999999998,24.56173369688752,350.6577823225784,3.138395427220197,108.48805748769243,4.936716041997294,100.0,45.52048835321769,174.23999999999998,24.37116527931343,344.1316536325311,1.535679286131369,0.7867837555618271,0.01733114239526477,0.0025000000000000005,0.0005210107069002201,0.005929,0.00030036849672494386,0.009250379203625165,2.736736095177163,0.008407337420259186,0.0013394901065949863,4e-06,2.5009259259259e-06,9e-06,1.794233745665848e-06,1.729515967159175e-05,1.0597758359604248,0.18152724837105538,0.028444075658176984,0.0009,0.0014675925925925928,0.0025000000000000005,0.0008090654400480965,0.00567665803264069,1.7456990202105063,0.020650727272908804,0.009296517716968754,0.0001,0.000203482905557985,0.0004,8.642524166191394e-05,0.0007899081472198989,0.023153183427077277,0.0012275162366123787,0.006737427542720183,0.0004,9.259259259259198e-05,0.0009,4.539292989340452e-05,0.0014379855224859964,0.49504477441905936,0.017369478296254015,0.17384730976147245,0.04000000000000001,0.039188102912426026,0.053824000000000004,0.030222887111301354,0.1632349900237274,0.4520294509616075,9.920419909742648,0.44090527502336313,4.0,0.4105021473767655,5.3824,0.1943974615434275,9.987299608920193,1.0823192591518702,0.007587775467833756,0.1215757639279725,1.0,0.1174532852706986,1.3456,0.014780666374670098,2.4778339516453687,0.9480968377214737,0.0675492690924254,0.013251297021058072,0.0036,0.0002834663007478492,0.0144,0.00017559687274030253,0.018459063173488152,0.23884692536909477,11,3.138395427220197,False
0.6549514831401576,0.068172431330179,1.05892849904857,1.446431821958326,0.04306475760465,0.0061701127881946,8.107333947505424,3.756649731044675,3.586037549540332,0.503018078270643,1.8573439359853865,0.4131777252903786,0.1189219076171072,0.2010975315065482,0.5926712194894668,0.1885319139894588,2.17537060044984,0.5296341147195074,9.992055283576022,9.20372525617693,0.5887316234054475,0.9320944247247605,1.849405871871049,0.3739187327209097,0.5613372984657516,0.1854212645037335,0.052229199559306,2.470903253326425,0.1475554738813633,0.0940484688891349,135.24178602181453,4.955979590043874,100.0,51.85604862569084,174.23999999999998,24.561733696931448,350.6577823226223,2.9500268608811164,108.86241275767635,4.936716042003472,100.0,45.52048835321769,174.23999999999998,24.37116527937443,344.1316536325921,1.5558593083744743,0.8139902229006928,0.017331142395266973,0.0025000000000000005,0.0005210107069002201,0.005929,0.00030036849672502024,0.009250379203625241,2.4538625158984186,0.007673352863414157,0.0013394901065964901,4e-06,2.5009259259259e-06,9e-06,1.7942337456698765e-06,1.729515967159578e-05,0.8832839944832203,0.15161273028018438,0.028444075658176984,0.0009,0.0014675925925925928,0.0025000000000000005,0.0008090654400480965,0.00567665803264069,1.3486577563806823,0.016403133926627143,0.009296517716979955,0.0001,0.000203482905557985,0.0004,8.64252416621222e-05,0.0007899081472201072,0.12797819213440764,0.0012275265828934623,0.006737427542730749,0.0004,9.259259259259198e-05,0.0009,4.53929298935469e-05,0.001437985522486139,0.49504450157967855,0.017369644861714273,0.17384730976161417,0.04000000000000001,0.039188102912426026,0.053824000000000004,0.030222887111350627,0.16323499002377667,0.45202903869477884,9.887366802564278,0.44090527502390603,4.0,0.4105021473767655,5.3824,0.19439746154390622,9.98729960892067,1.0718603051584876,0.1457291652226056,0.13824393458110518,1.0,0.1174532852706986,1.3456,0.01911138544846489,2.4821646707191634,0.859587775806574,0.07122059443595527,0.013251297021080567,0.0036,0.0002834663007478492,0.0144,0.0001755968727408987,0.018459063173488745,0.21182489086301912,11,2.9500268608811164,False
0.6549514831401576,0.068172431330179,1.05892849904857,1.446431821958326,0.04306475760465,0.0061701127881946,8.107333947505424,3.756649731044675,3.586037549540332,0.503018078270643,1.8573439359853865,0.4131777252903786,0.1189219076171072,0.2010975315065482,0.5926712194894668,0.1885319139894588,2.17537060044984,0.5296341147195074,9.992055283576022,9.20372525617693,0.5887316234054475,0.9320944247247605,1.849405871871049,0.3739187327209097,0.5613372984657516,0.1854212645037335,0.052229199559306,2.470903253326425,0.1475554738813633,0.0940484688891349,135.24178602181453,4.955979590043874,100.0,51.85604862569084,174.23999999999998,24.561733696931448,350.6577823226223,2.9500268608811164,108.86241275767635,4.936716042003472,100.0,45.52048835321769,174.23999999999998,24.37116527937443,344.1316536325921,1.5558593083744743,0.8139902229006928,0.017331142395266973,0.0025000000000000005,0.0005210107069002201,0.005929,0.00030036849672502024,0.009250379203625241,2.4538625158984186,0.007673352863414157,0.0013394901065964901,4e-06,2.5009259259259e-06,9e-06,1.7942337456698765e-06,1.729515967159578e-05,0.8832839944832203,0.15161273028018438,0.028444075658176984,0.0009,0.0014675925925925928,0.0025000000000000005,0.0008090654400480965,0.00567665803264069,1.3486577563806823,0.016403133926627143,0.009296517716979955,0.0001,0.000203482905557985,0.0004,8.64252416621222e-05,0.0007899081472201072,0.12797819213440764,0.0012275265828934623,0.006737427542730749,0.0004,9.259259259259198e-05,0.0009,4.53929298935469e-05,0.001437985522486139,0.49504450157967855,0.017369644861714273,0.17384730976161417,0.04000000000000001,0.039188102912426026,0.053824000000000004,0.030222887111350627,0.16323499002377667,0.45202903869477884,9.887366802564278,0.44090527502390603,4.0,0.4105021473767655,5.3824,0.19439746154390622,9.98729960892067,1.0718603051584876,0.1457291652226056,0.13824393458110518,1.0,0.1174532852706986,1.3456,0.01911138544846489,2.4821646707191634,0.859587775806574,0.07122059443595527,0.013251297021080567,0.0036,0.0002834663007478492,0.0144,0.0001755968727408987,0.018459063173488745,0.21182489086301912,11,2.9500268608811164,False
0.6549514831401576,0.068172431330179,1.05892849904857,1.446431821958326,0.04306475760465,0.0061701127881946,8.107333947505424,3.756649731044675,3.586037549540332,0.503018078270643,1.8573439359853865,0.4131777252903786,0.1189219076171072,0.2010975315065482,0.5926712194894668,0.1885319139894588,2.17537060044984,0.5296341147195074,9.992055283576022,9.20372525617693,0.5887316234054475,0.9320944247247605,1.849405871871049,0.3739187327209097,0.5613372984657516,0.1854212645037335,0.052229199559306,2.470903253326425,0.1475554738813633,0.0940484688891349,135.24178602181453,4.955979590043874,100.0,51.85604862569084,174.23999999999998,24.561733696931448,350.6577823226223,2.9500268608811164,108.86241275767635,4.936716042003472,100.0,45.52048835321769,174.23999999999998,24.37116527937443,344.1316536325921,1.5558593083744743,0.8139902229006928,0.017331142395266973,0.0025000000000000005,0.0005210107069002201,0.005929,0.00030036849672502024,0.009250379203625241,2.4538625158984186,0.007673352863414157,0.0013394901065964901,4e-06,2.5009259259259e-06,9e-06,1.7942337456698765e-06,1.729515967159578e-05,0.8832839944832203,0.15161273028018438,0.028444075658176984,0.0009,0.0014675925925925928,0.0025000000000000005,0.0008090654400480965,0.00567665803264069,1.3486577563806823,0.016403133926627143,0.009296517716979955,0.0001,0.000203482905557985,0.0004,8.64252416621222e-05,0.0007899081472201072,0.12797819213440764,0.0012275265828934623,0.006737427542730749,0.0004,9.259259259259198e-05,0.0009,4.53929298935469e-05,0.001437985522486139,0.49504450157967855,0.017369644861714273,0.17384730976161417,0.04000000000000001,0.039188102912426026,0.053824000000000004,0.030222887111350627,0.16323499002377667,0.45202903869477884,9.887366802564278,0.44090527502390603,4.0,0.4105021473767655,5.3824,0.19439746154390622,9.98729960892067,1.0718603051584876,0.1457291652226056,0.13824393458110518,1.0,0.1174532852706986,1.3456,0.01911138544846489,2.4821646707191634,0.859587775806574,0.07122059443595527,0.013251297021080567,0.0036,0.0002834663007478492,0.0144,0.0001755968727408987,0.018459063173488745,0.21182489086301912,11,2.9500268608811164,False
0.8037701028097874,0.0957110393982757,1.244345407796576,1.41782410806162,0.0194742209398903,0.009697356962752,5.672725775177838,3.374877797635805,2.428693100338418,0.58207098879168,2.653932032436032,0.3971217768613643,0.2173770110132118,0.1398179179405736,0.7419291810070525,0.1214531533763266,1.5986044539343331,0.2540983809907661,5.155556567621734,6.134797312612854,0.2986859774994724,1.132458470621727,3.0441656574120217,0.3503423492728817,0.2170316916594982,0.2099167422509119,0.1171847974494337,1.84625796785314,0.2492144099300746,0.1582100027738473,138.7374688837127,5.624377422312216,100.0,51.85604862569084,174.23999999999998,31.63362138861541,357.7296700143063,3.1055444304757023,132.20219992525534,5.554276513016017,100.0,45.52048835321769,174.23999999999998,30.849987583041365,350.610475936259,2.787894669208872,0.9750159746804425,0.019966533494165904,0.0025000000000000005,0.0005210107069002201,0.005929,0.00039866245977364893,0.00934867316667387,0.7755213568065176,0.002422074050052461,0.0015117371620104207,4e-06,2.5009259259259e-06,9e-06,2.2853492470033208e-06,1.7786275172929224e-05,0.37414859176420423,0.03761542192988131,0.03182827459401799,0.0009,0.0014675925925925928,0.0025000000000000005,0.0010130390636322111,0.005880631656224804,0.16149877277270056,0.005353492951762118,0.010472743112003313,0.0001,0.000203482905557985,0.0004,0.00010967834829001283,0.0008131612538479978,0.5136244940917896,0.0022057985846520006,0.007517151731069943,0.0004,9.259259259259198e-05,0.0009,5.650757014792784e-05,0.0014491001627405199,0.4674436876957946,0.033105714189849145,0.1975968937788581,0.04000000000000001,0.039188102912426026,0.053824000000000004,0.03904453243105334,0.17205663534347937,0.4023516202023699,12.104161653409593,0.4963090572546632,4.0,0.4105021473767655,5.3824,0.24632268031301252,10.039224827689777,1.768726016412348,0.014508315739838535,0.13912335435641723,1.0,0.1174532852706986,1.3456,0.019355307727381237,2.48240859299808,0.9428304322156402,0.06875510519905975,0.014725746294967576,0.0036,0.0002834663007478492,0.0144,0.00021684760394375128,0.0185003139046916,0.22971508636035523,11,3.1055444304757023,False
0.8037701028097874,0.0957110393982757,1.244345407796576,1.41782410806162,0.0194742209398903,0.009697356962752,5.672725775177838,3.374877797635805,2.428693100338418,0.58207098879168,2.653932032436032,0.3971217768613643,0.2173770110132118,0.1398179179405736,0.7419291810070525,0.1214531533763266,1.5986044539343331,0.2540983809907661,5.155556567621734,6.134797312612854,0.2986859774994724,1.132458470621727,3.0441656574120217,0.3503423492728817,0.2170316916594982,0.2099167422509119,0.1171847974494337,1.84625796785314,0.2492144099300746,0.1582100027738473,138.7374688837127,5.624377422312216,100.0,51.85604862569084,174.23999999999998,31.63362138861541,357.7296700143063,3.1055444304757023,132.20219992525534,5.554276513016017,100.0,45.52048835321769,174.23999999999998,30.849987583041365,350.610475936259,2.787894669208872,0.9750159746804425,0.019966533494165904,0.0025000000000000005,0.0005210107069002201,0.005929,0.00039866245977364893,0.00934867316667387,0.7755213568065176,0.002422074050052461,0.0015117371620104207,4e-06,2.5009259259259e-06,9e-06,2.2853492470033208e-06,1.7786275172929224e-05,0.37414859176420423,0.03761542192988131,0.03182827459401799,0.0009,0.0014675925925925928,0.0025000000000000005,0.0010130390636322111,0.005880631656224804,0.16149877277270056,0.005353492951762118,0.010472743112003313,0.0001,0.000203482905557985,0.0004,0.00010967834829001283,0.0008131612538479978,0.5136244940917896,0.0022057985846520006,0.007517151731069943,0.0004,9.259259259259198e-05,0.0009,5.650757014792784e-05,0.0014491001627405199,0.4674436876957946,0.033105714189849145,0.1975968937788581,0.04000000000000001,0.039188102912426026,0.053824000000000004,0.03904453243105334,0.17205663534347937,0.4023516202023699,12.104161653409593,0.4963090572546632,4.0,0.4105021473767655,5.3824,0.24632268031301252,10.039224827689777,1.768726016412348,0.014508315739838535,0.13912335435641723,1.0,0.1174532852706986,1.3456,0.019355307727381237,2.48240859299808,0.9428304322156402,0.06875510519905975,0.014725746294967576,0.0036,0.0002834663007478492,0.0144,0.00021684760394375128,0.0185003139046916,0.22971508636035523,11,3.1055444304757023,False
0.8037701028097874,0.0957110393982757,1.244345407796576,1.41782410806162,0.0194742209398903,0.009697356962752,5.672725775177838,3.374877797635805,2.428693100338418,0.58207098879168,2.653932032436032,0.3971217768613643,0.2173770110132118,0.1398179179405736,0.7419291810070525,0.1214531533763266,1.5986044539343331,0.2540983809907661,5.155556567621734,6.134797312612854,0.2986859774994724,1.132458470621727,3.0441656574120217,0.3503423492728817,0.2170316916594982,0.2099167422509119,0.1171847974494337,1.84625796785314,0.2492144099300746,0.1582100027738473,138.7374688837127,5.624377422312216,100.0,51.85604862569084,174.23999999999998,31.63362138861541,357.7296700143063,3.1055444304757023,132.20219992525534,5.554276513016017,100.0,45.52048835321769,174.23999999999998,30.849987583041365,350.610475936259,2.787894669208872,0.9750159746804425,0.019966533494165904,0.0025000000000000005,0.0005210107069002201,0.005929,0.00039866245977364893,0.00934867316667387,0.7755213568065176,0.002422074050052461,0.0015117371620104207,4e-06,2.5009259259259e-06,9e-06,2.2853492470033208e-06,1.7786275172929224e-05,0.37414859176420423,0.03761542192988131,0.03182827459401799,0.0009,0.0014675925925925928,0.0025000000000000005,0.0010130390636322111,0.005880631656224804,0.16149877277270056,0.005353492951762118,0.010472743112003313,0.0001,0.000203482905557985,0.0004,0.00010967834829001283,0.0008131612538479978,0.5136244940917896,0.0022057985846520006,0.007517151731069943,0.0004,9.259259259259198e-05,0.0009,5.650757014792784e-05,0.0014491001627405199,0.4674436876957946,0.033105714189849145,0.1975968937788581,0.04000000000000001,0.039188102912426026,0.053824000000000004,0.03904453243105334,0.17205663534347937,0.4023516202023699,12.104161653409593,0.4963090572546632,4.0,0.4105021473767655,5.3824,0.24632268031301252,10.039224827689777,1.768726016412348,0.014508315739838535,0.13912335435641723,1.0,0.1174532852706986,1.3456,0.019355307727381237,2.48240859299808,0.9428304322156402,0.06875510519905975,0.014725746294967576,0.0036,0.0002834663007478492,0.0144,0.00021684760394375128,0.0185003139046916,0.22971508636035523,11,3.1055444304757023,False
0.6267899233994103,0.0570976478098237,1.216789359851837,1.3246994742523306,0.0569548118640637,0.0074161718611257,11.812424938850905,2.46024558446839,4.02210016777558,0.5657762513854062,2.206482779787065,0.2110725129449024,0.3044255591116153,0.2717320323600608,0.5049632817348946,0.201498174659729,0.9728513328619666,0.3661042813648217,5.027287395209717,7.091973315018521,0.4229425882805114,1.2006425148135276,0.7978696205342388,0.5933140398395196,0.2443992018959846,0.1347914416777769,0.0803125154551088,2.4234312853959645,0.2333103059773733,0.0976812568727791,128.62360735319643,4.955979590043874,100.0,51.85604862569084,174.23999999999998,24.561733696931448,350.6577823226223,2.596602284151754,127.50137570844943,4.936716042003472,100.0,45.52048835321769,174.23999999999998,24.37116527937443,344.1316536325921,2.560612592477322,1.0240886030297256,0.017331142395266973,0.0025000000000000005,0.0005210107069002201,0.005929,0.00030036849672502024,0.009250379203625241,0.2694083547783112,0.012115892063574654,0.0013394901065964901,4e-06,2.5009259259259e-06,9e-06,1.7942337456698765e-06,1.729515967159578e-05,1.951524350439363,0.14039478599610777,0.028444075658176984,0.0009,0.0014675925925925928,0.0025000000000000005,0.0008090654400480965,0.00567665803264069,1.1997672824444985,0.03404704836146674,0.009296517716979955,0.0001,0.000203482905557985,0.0004,8.64252416621222e-05,0.0007899081472201072,0.49980060904501533,0.01970669927097138,0.006737427542730749,0.0004,9.259259259259198e-05,0.0009,4.53929298935469e-05,0.001437985522486139,0.007734564859344475,0.1798940036403788,0.17384730976161417,0.04000000000000001,0.039188102912426026,0.053824000000000004,0.030222887111350627,0.16323499002377667,0.04976442278480261,11.756011435603599,0.44090527502390603,4.0,0.4105021473767655,5.3824,0.19439746154390622,9.98729960892067,1.663153224805116,0.38595461897472916,0.16722959098339507,1.0,0.1174532852706986,1.3456,0.02796573610047361,2.491019021371172,0.7058531552901489,0.09180422766054742,0.013251297021080567,0.0036,0.0002834663007478492,0.0144,0.0001755968727408987,0.018459063173488745,0.06032329533281375,11,2.596602284151754,True
0.6267899233994103,0.0570976478098237,1.216789359851837,1.3246994742523306,0.0569548118640637,0.0074161718611257,11.812424938850905,2.46024558446839,4.02210016777558,0.5657762513854062,2.206482779787065,0.2110725129449024,0.3044255591116153,0.2717320323600608,0.5049632817348946,0.201498174659729,0.9728513328619666,0.3661042813648217,5.027287395209717,7.091973315018521,0.4229425882805114,1.2006425148135276,0.7978696205342388,0.5933140398395196,0.2443992018959846,0.1347914416777769,0.0803125154551088,2.4234312853959645,0.2333103059773733,0.0976812568727791,128.62360735319643,4.955979590043874,100.0,51.85604862569084,174.23999999999998,24.561733696931448,350.6577823226223,2.596602284151754,127.50137570844943,4.936716042003472,100.0,45.52048835321769,174.23999999999998,24.37116527937443,344.1316536325921,2.560612592477322,1.0240886030297256,0.017331142395266973,0.0025000000000000005,0.0005210107069002201,0.005929,0.00030036849672502024,0.009250379203625241,0.2694083547783112,0.012115892063574654,0.0013394901065964901,4e-06,2.5009259259259e-06,9e-06,1.7942337456698765e-06,1.729515967159578e-05,1.951524350439363,0.14039478599610777,0.028444075658176984,0.0009,0.0014675925925925928,0.0025000000000000005,0.0008090654400480965,0.00567665803264069,1.1997672824444985,0.03404704836146674,0.009296517716979955,0.0001,0.000203482905557985,0.0004,8.64252416621222e-05,0.0007899081472201072,0.49980060904501533,0.01970669927097138,0.006737427542730749,0.0004,9.259259259259198e-05,0.0009,4.53929298935469e-05,0.001437985522486139,0.007734564859344475,0.1798940036403788,0.17384730976161417,0.04000000000000001,0.039188102912426026,0.053824000000000004,0.030222887111350627,0.16323499002377667,0.04976442278480261,11.756011435603599,0.44090527502390603,4.0,0.4105021473767655,5.3824,0.19439746154390622,9.98729960892067,1.663153224805116,0.38595461897472916,0.16722959098339507,1.0,0.1174532852706986,1.3456,0.02796573610047361,2.491019021371172,0.7058531552901489,0.09180422766054742,0.013251297021080567,0.0036,0.0002834663007478492,0.0144,0.0001755968727408987,0.018459063173488745,0.06032329533281375,11,2.596602284151754,True
0.6267899233994103,0.0570976478098237,1.216789359851837,1.3246994742523306,0.0569548118640637,0.0074161718611257,11.812424938850905,2.46024558446839,4.02210016777558,0.5657762513854062,2.206482779787065,0.2110725129449024,0.3044255591116153,0.2717320323600608,0.5049632817348946,0.201498174659729,0.9728513328619666,0.3661042813648217,5.027287395209717,7.091973315018521,0.4229425882805114,1.2006425148135276,0.7978696205342388,0.5933140398395196,0.2443992018959846,0.1347914416777769,0.0803125154551088,2.4234312853959645,0.2333103059773733,0.0976812568727791,128.62360735319643,4.955979590043874,100.0,51.85604862569084,174.23999999999998,24.561733696931448,350.6577823226223,2.596602284151754,127.50137570844943,4.936716042003472,100.0,45.52048835321769,174.23999999999998,24.37116527937443,344.1316536325921,2.560612592477322,1.0240886030297256,0.017331142395266973,0.0025000000000000005,0.0005210107069002201,0.005929,0.00030036849672502024,0.009250379203625241,0.2694083547783112,0.012115892063574654,0.0013394901065964901,4e-06,2.5009259259259e-06,9e-06,1.7942337456698765e-06,1.729515967159578e-05,1.951524350439363,0.14039478599610777,0.028444075658176984,0.0009,0.0014675925925925928,0.0025000000000000005,0.0008090654400480965,0.00567665803264069,1.1997672824444985,0.03404704836146674,0.009296517716979955,0.0001,0.000203482905557985,0.0004,8.64252416621222e-05,0.0007899081472201072,0.49980060904501533,0.01970669927097138,0.006737427542730749,0.0004,9.259259259259198e-05,0.0009,4.53929298935469e-05,0.001437985522486139,0.007734564859344475,0.1798940036403788,0.17384730976161417,0.04000000000000001,0.039188102912426026,0.053824000000000004,0.030222887111350627,0.16323499002377667,0.04976442278480261,11.756011435603599,0.44090527502390603,4.0,0.4105021473767655,5.3824,0.19439746154390622,9.98729960892067,1.663153224805116,0.38595461897472916,0.16722959098339507,1.0,0.1174532852706986,1.3456,0.02796573610047361,2.491019021371172,0.7058531552901489,0.09180422766054742,0.013251297021080567,0.0036,0.0002834663007478492,0.0144,0.0001755968727408987,0.018459063173488745,0.06032329533281375,11,2.596602284151754,True
0.6693000780713215,0.0552934646877773,1.0217281984589663,1.4667344191623832,0.0358596594301662,0.0153498343721624,6.574168746949656,4.192820193841874,1.995523891876432,0.880518643511909,1.4508081776553725,0.2041928509304196,0.1939505671957611,0.3318303764739024,0.6515928874130796,0.1274076800917641,2.4657086492103897,0.5248310161758986,10.078608551669218,4.145807672911971,0.3952165318456774,1.0454246583929518,2.198780616859967,0.399023738272466,0.529500638644283,0.3095440076516984,0.2534915850221084,2.0551582246176365,0.3199756826183129,0.1742786540004376,146.32114146513197,4.955979590043874,100.0,51.85604862569084,174.23999999999998,24.561733696931448,350.6577823226223,3.5416876038217784,111.28783640196548,4.936716042003472,100.0,45.52048835321769,174.23999999999998,24.37116527937443,344.1316536325921,1.6866043706602019,0.7633208623852785,0.017331142395266973,0.0025000000000000005,0.0005210107069002201,0.005929,0.00030036849672502024,0.009250379203625241,2.9806866415828432,0.006050860274705297,0.0013394901065964901,4e-06,2.5009259259259e-06,9e-06,1.7942337456698765e-06,1.729515967159578e-05,0.49314403568759735,0.12543752695067223,0.028444075658176977,0.0009,0.0014675925925925928,0.0025000000000000005,0.000809065440048096,0.00567665803264069,1.001246650529586,0.011604554884348639,0.009296517716979955,0.0001,0.000203482905557985,0.0004,8.64252416621222e-05,0.0007899081472201072,0.2987138987516388,0.0012275266536961229,0.006737427542730748,0.0004,9.259259259259198e-05,0.0009,4.539292989354689e-05,0.001437985522486139,0.4950444997125582,0.017369645998145944,0.17384730976161417,0.04000000000000001,0.039188102912426026,0.053824000000000004,0.030222887111350627,0.16323499002377667,0.4520290358819928,10.11661885049243,0.4409052750239061,4.0,0.4105021473767655,5.3824,0.19439746154390627,9.98729960892067,1.1444022483175393,0.024629074861671423,0.12363197088341034,1.0,0.1174532852706986,1.3456,0.015284864224516422,2.478338149495215,0.9371755280794867,0.05964665762827795,0.013251297021080568,0.0036,0.0002834663007478492,0.0144,0.00017559687274089873,0.01845906317348875,0.29701247042180856,11,3.5416876038217784,False
0.6693000780713215,0.0552934646877773,1.0217281984589663,1.4667344191623832,0.0358596594301662,0.0153498343721624,6.574168746949656,4.192820193841874,1.995523891876432,0.880518643511909,1.4508081776553725,0.2041928509304196,0.1939505671957611,0.3318303764739024,0.6515928874130796,0.1274076800917641,2.4657086492103897,0.5248310161758986,10.078608551669218,4.145807672911971,0.3952165318456774,1.0454246583929518,2.198780616859967,0.399023738272466,0.529500638644283,0.3095440076516984,0.2534915850221084,2.0551582246176365,0.3199756826183129,0.1742786540004376,146.32114146513197,4.955979590043874,100.0,51.85604862569084,174.23999999999998,24.561733696931448,350.6577823226223,3.5416876038217784,111.28783640196548,4.936716042003472,100.0,45.52048835321769,174.23999999999998,24.37116527937443,344.1316536325921,1.6866043706602019,0.7633208623852785,0.017331142395266973,0.0025000000000000005,0.0005210107069002201,0.005929,0.00030036849672502024,0.009250379203625241,2.9806866415828432,0.006050860274705297,0.0013394901065964901,4e-06,2.5009259259259e-06,9e-06,1.7942337456698765e-06,1.729515967159578e-05,0.49314403568759735,0.12543752695067223,0.028444075658176977,0.0009,0.0014675925925925928,0.0025000000000000005,0.000809065440048096,0.00567665803264069,1.001246650529586,0.011604554884348639,0.009296517716979955,0.0001,0.000203482905557985,0.0004,8.64252416621222e-05,0.0007899081472201072,0.2987138987516388,0.0012275266536961229,0.006737427542730748,0.0004,9.259259259259198e-05,0.0009,4.539292989354689e-05,0.001437985522486139,0.4950444997125582,0.017369645998145944,0.17384730976161417,0.04000000000000001,0.039188102912426026,0.053824000000000004,0.030222887111350627,0.16323499002377667,0.4520290358819928,10.11661885049243,0.4409052750239061,4.0,0.4105021473767655,5.3824,0.19439746154390627,9.98729960892067,1.1444022483175393,0.024629074861671423,0.12363197088341034,1.0,0.1174532852706986,1.3456,0.015284864224516422,2.478338149495215,0.9371755280794867,0.05964665762827795,0.013251297021080568,0.0036,0.0002834663007478492,0.0144,0.00017559687274089873,0.01845906317348875,0.29701247042180856,11,3.5416876038217784,False
0.6693000780713215,0.0552934646877773,1.0217281984589663,1.4667344191623832,0.0358596594301662,0.0153498343721624,6.574168746949656,4.192820193841874,1.995523891876432,0.880518643511909,1.4508081776553725,0.2041928509304196,0.1939505671957611,0.3318303764739024,0.6515928874130796,0.1274076800917641,2.4657086492103897,0.5248310161758986,10.078608551669218,4.145807672911971,0.3952165318456774,1.0454246583929518,2.198780616859967,0.399023738272466,0.529500638644283,0.3095440076516984,0.2534915850221084,2.0551582246176365,0.3199756826183129,0.1742786540004376,146.32114146513197,4.955979590043874,100.0,51.85604862569084,174.23999999999998,24.561733696931448,350.6577823226223,3.5416876038217784,111.28783640196548,4.936716042003472,100.0,45.52048835321769,174.23999999999998,24.37116527937443,344.1316536325921,1.6866043706602019,0.7633208623852785,0.017331142395266973,0.0025000000000000005,0.0005210107069002201,0.005929,0.00030036849672502024,0.009250379203625241,2.9806866415828432,0.006050860274705297,0.0013394901065964901,4e-06,2.5009259259259e-06,9e-06,1.7942337456698765e-06,1.729515967159578e-05,0.49314403568759735,0.12543752695067223,0.028444075658176977,0.0009,0.0014675925925925928,0.0025000000000000005,0.000809065440048096,0.00567665803264069,1.001246650529586,0.011604554884348639,0.009296517716979955,0.0001,0.000203482905557985,0.0004,8.64252416621222e-05,0.0007899081472201072,0.2987138987516388,0.0012275266536961229,0.006737427542730748,0.0004,9.259259259259198e-05,0.0009,4.539292989354689e-05,0.001437985522486139,0.4950444997125582,0.017369645998145944,0.17384730976161417,0.04000000000000001,0.039188102912426026,0.053824000000000004,0.030222887111350627,0.16323499002377667,0.4520290358819928,10.11661885049243,0.4409052750239061,4.0,0.4105021473767655,5.3824,0.19439746154390627,9.98729960892067,1.1444022483175393,0.024629074861671423,0.12363197088341034,1.0,0.1174532852706986,1.3456,0.015284864224516422,2.478338149495215,0.9371755280794867,0.05964665762827795,0.013251297021080568,0.0036,0.0002834663007478492,0.0144,0.00017559687274089873,0.01845906317348875,0.29701247042180856,11,3.5416876038217784,False
0.7274808937980889,0.092624243642115,1.0152842173221552,1.3582382025447295,0.0442093777020049,0.0146701038021875,8.257920516554233,3.728705900968073,2.189477600410291,0.3673364431284372,2.4373898014682123,0.302612244359026,0.1535845686872967,0.164935451064607,0.7386933916894072,0.0956340194791657,1.0145392248752647,0.2268318939728427,9.27477467254985,4.937408497297875,0.3874999197495441,0.8296100712845663,0.5691939135653423,0.6264364430227098,0.5537803086767608,0.0662385044161902,0.1509760846504433,1.5087913214738582,0.1631886412862768,0.1551547462922504,126.84384218931092,4.955979590043874,100.0,51.85604862569084,174.23999999999998,24.561733696931448,350.6577823226223,2.5015591036606413,103.62880756180581,4.936716042003473,100.0,45.52048835321769,174.23999999999998,24.371165279374438,344.1316536325921,1.2737362083856656,0.8246952592619241,0.017331142395266973,0.0025000000000000005,0.0005210107069002201,0.005929,0.00030036849672502024,0.009250379203625241,2.3425591293141337,0.00848459915799349,0.0013394901065964901,4e-06,2.5009259259259e-06,9e-06,1.7942337456698765e-06,1.729515967159578e-05,1.0783539739351116,0.14787341551882552,0.028444075658176977,0.0009,0.0014675925925925928,0.0025000000000000005,0.000809065440048096,0.00567665803264069,1.2990275984019546,0.016618570027225745,0.009296517716979955,0.0001,0.000203482905557985,0.0004,8.64252416621222e-05,0.0007899081472201072,0.12031287401783919,0.0012275265430537578,0.006737427542730748,0.0004,9.259259259259198e-05,0.0009,4.539292989354689e-05,0.001437985522486139,0.49504450263028205,0.017369644422344066,0.17384730976161422,0.04000000000000001,0.039188102912426026,0.053824000000000004,0.030222887111350648,0.1632349900237767,0.45202903978226555,9.407939041029598,0.44090527502390603,4.0,0.4105021473767655,5.3824,0.19439746154390622,9.98729960892067,0.9201555690811902,0.2505370097476352,0.1508900722913988,1.0,0.1174532852706986,1.3456,0.02276781391610356,2.485821099186802,0.7924802755935744,0.0653578237001102,0.013251297021080568,0.0036,0.0002834663007478492,0.0144,0.00017559687274089873,0.01845906317348875,0.2549766081044209,11,2.5015591036606413,True
0.7274808937980889,0.092624243642115,1.0152842173221552,1.3582382025447295,0.0442093777020049,0.0146701038021875,8.257920516554233,3.728705900968073,2.189477600410291,0.3673364431284372,2.4373898014682123,0.302612244359026,0.1535845686872967,0.164935451064607,0.7386933916894072,0.0956340194791657,1.0145392248752647,0.2268318939728427,9.27477467254985,4.937408497297875,0.3874999197495441,0.8296100712845663,0.5691939135653423,0.6264364430227098,0.5537803086767608,0.0662385044161902,0.1509760846504433,1.5087913214738582,0.1631886412862768,0.1551547462922504,126.84384218931092,4.955979590043874,100.0,51.85604862569084,174.23999999999998,24.561733696931448,350.6577823226223,2.5015591036606413,103.62880756180581,4.936716042003473,100.0,45.52048835321769,174.23999999999998,24.371165279374438,344.1316536325921,1.2737362083856656,0.8246952592619241,0.017331142395266973,0.0025000000000000005,0.0005210107069002201,0.005929,0.00030036849672502024,0.009250379203625241,2.3425591293141337,0.00848459915799349,0.0013394901065964901,4e-06,2.5009259259259e-06,9e-06,1.7942337456698765e-06,1.729515967159578e-05,1.0783539739351116,0.14787341551882552,0.028444075658176977,0.0009,0.0014675925925925928,0.0025000000000000005,0.000809065440048096,0.00567665803264069,1.2990275984019546,0.016618570027225745,0.009296517716979955,0.0001,0.000203482905557985,0.0004,8.64252416621222e-05,0.0007899081472201072,0.12031287401783919,0.0012275265430537578,0.006737427542730748,0.0004,9.259259259259198e-05,0.0009,4.539292989354689e-05,0.001437985522486139,0.49504450263028205,0.017369644422344066,0.17384730976161422,0.04000000000000001,0.039188102912426026,0.053824000000000004,0.030222887111350648,0.1632349900237767,0.45202903978226555,9.407939041029598,0.44090527502390603,4.0,0.4105021473767655,5.3824,0.19439746154390622,9.98729960892067,0.9201555690811902,0.2505370097476352,0.1508900722913988,1.0,0.1174532852706986,1.3456,0.02276781391610356,2.485821099186802,0.7924802755935744,0.0653578237001102,0.013251297021080568,0.0036,0.0002834663007478492,0.0144,0.00017559687274089873,0.01845906317348875,0.2549766081044209,11,2.5015591036606413,True
0.7274808937980889,0.092624243642115,1.0152842173221552,1.3582382025447295,0.0442093777020049,0.0146701038021875,8.257920516554233,3.728705900968073,2.189477600410291,0.3673364431284372,2.4373898014682123,0.302612244359026,0.1535845686872967,0.164935451064607,0.7386933916894072,0.0956340194791657,1.0145392248752647,0.2268318939728427,9.27477467254985,4.937408497297875,0.3874999197495441,0.8296100712845663,0.5691939135653423,0.6264364430227098,0.5537803086767608,0.0662385044161902,0.1509760846504433,1.5087913214738582,0.1631886412862768,0.1551547462922504,126.84384218931092,4.955979590043874,100.0,51.85604862569084,174.23999999999998,24.561733696931448,350.6577823226223,2.5015591036606413,103.62880756180581,4.936716042003473,100.0,45.52048835321769,174.23999999999998,24.371165279374438,344.1316536325921,1.2737362083856656,0.8246952592619241,0.017331142395266973,0.0025000000000000005,0.0005210107069002201,0.005929,0.00030036849672502024,0.009250379203625241,2.3425591293141337,0.00848459915799349,0.0013394901065964901,4e-06,2.5009259259259e-06,9e-06,1.7942337456698765e-06,1.729515967159578e-05,1.0783539739351116,0.14787341551882552,0.028444075658176977,0.0009,0.0014675925925925928,0.0025000000000000005,0.000809065440048096,0.00567665803264069,1.2990275984019546,0.016618570027225745,0.009296517716979955,0.0001,0.000203482905557985,0.0004,8.64252416621222e-05,0.0007899081472201072,0.12031287401783919,0.0012275265430537578,0.006737427542730748,0.0004,9.259259259259198e-05,0.0009,4.539292989354689e-05,0.001437985522486139,0.49504450263028205,0.017369644422344066,0.17384730976161422,0.04000000000000001,0.039188102912426026,0.053824000000000004,0.030222887111350648,0.1632349900237767,0.45202903978226555,9.407939041029598,0.44090527502390603,4.0,0.4105021473767655,5.3824,0.19439746154390622,9.98729960892067,0.9201555690811902,0.2505370097476352,0.1508900722913988,1.0,0.1174532852706986,1.3456,0.02276781391610356,2.485821099186802,0.7924802755935744,0.0653578237001102,0.013251297021080568,0.0036,0.0002834663007478492,0.0144,0.00017559687274089873,0.01845906317348875,0.2549766081044209,11,2.5015591036606413,True
0.7433212072793773,0.0497264551291249,1.080432753146879,1.0755550635282596,0.022521976755088,0.0049923796721357,12.157803510989142,3.9625728718813296,2.916973926314778,0.5391020226512109,1.9383660127345628,0.3227629407698341,0.1416980974104475,0.358926547920984,0.559508398098421,0.0725284456498492,2.2639235903463018,0.3701845603642431,6.670653863802848,8.08632000511194,0.4713488925715487,1.5066532101588173,0.6679800399550424,0.2971112297000082,0.4240459250352001,0.1152993159712373,0.0554047685816689,1.5940486415340895,0.1179565816114794,0.1143732669955343,103.67381582664825,4.955979590043361,100.0,51.85604862569084,174.23999999999998,24.56173369692636,350.6577823226172,1.2642312571245746,110.67058345159843,4.936716042002726,100.0,45.52048835321769,174.23999999999998,24.371165279367062,344.1316536325847,1.6533306885008945,1.1085574860474479,0.017331142395266768,0.0025000000000000005,0.0005210107069002201,0.005929,0.00030036849672501314,0.009250379203625233,0.6088392684537588,0.008136923054938247,0.0013394901065963112,4e-06,2.5009259259259e-06,9e-06,1.7942337456693972e-06,1.7295159671595298e-05,0.9947527658530989,0.13291615647339,0.028444075658176977,0.0009,0.0014675925925925928,0.0025000000000000005,0.000809065440048096,0.00567665803264069,1.1005069664870424,0.048520306544263175,0.009296517716978609,0.0001,0.000203482905557985,0.0004,8.642524166209717e-05,0.0007899081472200821,1.0147659646474727,0.01601086892166992,0.006737427542729422,0.0004,9.259259259259198e-05,0.0009,4.5392929893529015e-05,0.001437985522486121,0.10519644175436074,0.463891576450534,0.1738473097615977,0.04000000000000001,0.039188102912426026,0.053824000000000004,0.030222887111344906,0.16323499002377095,0.6531589753097953,10.08068389017515,0.4409052750238407,4.0,0.4105021473767655,5.3824,0.1943974615438486,9.987299608920614,1.1330313930849827,0.007587775467833756,0.1215757639279725,1.0,0.1174532852706986,1.3456,0.014780666374670098,2.4778339516453687,0.9480968377214737,0.1120146077880126,0.01325129702107769,0.0036,0.0002834663007478492,0.0144,0.00017559687274082246,0.018459063173488673,0.08843104760430892,11,1.6533306885008945,True
0.7433212072793773,0.0497264551291249,1.080432753146879,1.0755550635282596,0.022521976755088,0.0049923796721357,12.157803510989142,3.9625728718813296,2.916973926314778,0.5391020226512109,1.9383660127345628,0.3227629407698341,0.1416980974104475,0.358926547920984,0.559508398098421,0.0725284456498492,2.2639235903463018,0.3701845603642431,6.670653863802848,8.08632000511194,0.4713488925715487,1.5066532101588173,0.6679800399550424,0.2971112297000082,0.4240459250352001,0.1152993159712373,0.0554047685816689,1.5940486415340895,0.1179565816114794,0.1143732669955343,103.67381582664825,4.955979590043361,100.0,51.85604862569084,174.23999999999998,24.56173369692636,350.6577823226172,1.2642312571245746,110.67058345159843,4.936716042002726,100.0,45.52048835321769,174.23999999999998,24.371165279367062,344.1316536325847,1.6533306885008945,1.1085574860474479,0.017331142395266768,0.0025000000000000005,0.0005210107069002201,0.005929,0.00030036849672501314,0.009250379203625233,0.6088392684537588,0.008136923054938247,0.0013394901065963112,4e-06,2.5009259259259e-06,9e-06,1.7942337456693972e-06,1.7295159671595298e-05,0.9947527658530989,0.13291615647339,0.028444075658176977,0.0009,0.0014675925925925928,0.0025000000000000005,0.000809065440048096,0.00567665803264069,1.1005069664870424,0.048520306544263175,0.009296517716978609,0.0001,0.000203482905557985,0.0004,8.642524166209717e-05,0.0007899081472200821,1.0147659646474727,0.01601086892166992,0.006737427542729422,0.0004,9.259259259259198e-05,0.0009,4.5392929893529015e-05,0.001437985522486121,0.10519644175436074,0.463891576450534,0.1738473097615977,0.04000000000000001,0.039188102912426026,0.053824000000000004,0.030222887111344906,0.16323499002377095,0.6531589753097953,10.08068389017515,0.4409052750238407,4.0,0.4105021473767655,5.3824,0.1943974615438486,9.987299608920614,1.1330313930849827,0.007587775467833756,0.1215757639279725,1.0,0.1174532852706986,1.3456,0.014780666374670098,2.4778339516453687,0.9480968377214737,0.1120146077880126,0.01325129702107769,0.0036,0.0002834663007478492,0.0144,0.00017559687274082246,0.018459063173488673,0.08843104760430892,11,1.6533306885008945,True
0.7433212072793773,0.0497264551291249,1.080432753146879,1.0755550635282596,0.022521976755088,0.0049923796721357,12.157803510989142,3.9625728718813296,2.916973926314778,0.5391020226512109,1.9383660127345628,0.3227629407698341,0.1416980974104475,0.358926547920984,0.559508398098421,0.0725284456498492,2.2639235903463018,0.3701845603642431,6.670653863802848,8.08632000511194,0.4713488925715487,1.5066532101588173,0.6679800399550424,0.2971112297000082,0.4240459250352001,0.1152993159712373,0.0554047685816689,1.5940486415340895,0.1179565816114794,0.1143732669955343,103.67381582664825,4.955979590043361,100.0,51.85604862569084,174.23999999999998,24.56173369692636,350.6577823226172,1.2642312571245746,110.67058345159843,4.936716042002726,100.0,45.52048835321769,174.23999999999998,24.371165279367062,344.1316536325847,1.6533306885008945,1.1085574860474479,0.017331142395266768,0.0025000000000000005,0.0005210107069002201,0.005929,0.00030036849672501314,0.009250379203625233,0.6088392684537588,0.008136923054938247,0.0013394901065963112,4e-06,2.5009259259259e-06,9e-06,1.7942337456693972e-06,1.7295159671595298e-05,0.9947527658530989,0.13291615647339,0.028444075658176977,0.0009,0.0014675925925925928,0.0025000000000000005,0.000809065440048096,0.00567665803264069,1.1005069664870424,0.048520306544263175,0.009296517716978609,0.0001,0.000203482905557985,0.0004,8.642524166209717e-05,0.0007899081472200821,1.0147659646474727,0.01601086892166992,0.006737427542729422,0.0004,9.259259259259198e-05,0.0009,4.5392929893529015e-05,0.001437985522486121,0.10519644175436074,0.463891576450534,0.1738473097615977,0.04000000000000001,0.039188102912426026,0.053824000000000004,0.030222887111344906,0.16323499002377095,0.6531589753097953,10.08068389017515,0.4409052750238407,4.0,0.4105021473767655,5.3824,0.1943974615438486,9.987299608920614,1.1330313930849827,0.007587775467833756,0.1215757639279725,1.0,0.1174532852706986,1.3456,0.014780666374670098,2.4778339516453687,0.9480968377214737,0.1120146077880126,0.01325129702107769,0.0036,0.0002834663007478492,0.0144,0.00017559687274082246,0.018459063173488673,0.08843104760430892,11,1.6533306885008945,True
0.7550730014544088,0.0595760742980935,1.2124052137173569,1.3714471779118556,0.0535007816609212,0.0089897627502604,7.014979982386203,3.35671193983244,3.495047924786081,0.6422181933206973,2.2850603897191357,0.0942539680398387,0.3071972614430522,0.2787325077301097,0.7547514417176311,0.0863189630517062,1.937329017839803,0.4830272861977199,6.140650810574198,7.973356314506822,0.5576771115339905,0.9210730755247604,1.3297841825161374,0.3240417919145877,0.358303059606428,0.0893609261623998,0.264827192071942,2.4970332354729017,0.142733437950901,0.1198364135625633,128.65441786884733,4.693655470822785,100.0,51.85604862569084,174.23999999999998,22.03040167878466,348.1264503044755,2.607676840084177,121.73608688258987,4.686613824813125,100.0,45.52048835321769,174.23999999999998,21.964349142929507,341.72483749614713,2.257737544113294,0.9718307865325087,0.016349330676252608,0.0025000000000000005,0.0005210107069002201,0.005929,0.00026730061356145456,0.009217311320461675,0.8142047168202013,0.009650853102700231,0.0012705231188091806,4e-06,2.5009259259259e-06,9e-06,1.6142289954286071e-06,1.7115154921354507e-05,1.3659147675039045,0.13304537050980086,0.027045279145059734,0.0009,0.0014675925925925928,0.0025000000000000005,0.0007314471240342029,0.005599039716626796,1.1098356038022337,0.04565653259441992,0.008822387311677986,0.0001,0.000203482905557985,0.0004,7.783451787725673e-05,0.0007813174234352417,0.9178764087399149,0.026453666864714953,0.006411552138747043,0.0004,9.259259259259198e-05,0.0009,4.110800082787179e-05,0.0014337005934204638,0.17044227056512548,0.8956037615314497,0.1645771486412526,0.04000000000000001,0.039188102912426026,0.053824000000000004,0.027085637854884957,0.160097740767311,1.738478484207637,11.043763553144785,0.41850909144562776,4.0,0.4105021473767655,5.3824,0.17514985962264482,9.96805200699941,1.4391649584078134,0.005137261380593689,0.11481526411864512,1.0,0.1174532852706986,1.3456,0.013182544874634237,2.476235830145333,0.9499599916184331,0.08325657641853419,0.012625427362298726,0.0036,0.0002834663007478492,0.0144,0.00015940141608068134,0.01844286771682853,0.12329062060845822,11,2.607676840084177,False
0.7550730014544088,0.0595760742980935,1.2124052137173569,1.3714471779118556,0.0535007816609212,0.0089897627502604,7.014979982386203,3.35671193983244,3.495047924786081,0.6422181933206973,2.2850603897191357,0.0942539680398387,0.3071972614430522,0.2787325077301097,0.7547514417176311,0.0863189630517062,1.937329017839803,0.4830272861977199,6.140650810574198,7.973356314506822,0.5576771115339905,0.9210730755247604,1.3297841825161374,0.3240417919145877,0.358303059606428,0.0893609261623998,0.264827192071942,2.4970332354729017,0.142733437950901,0.1198364135625633,128.65441786884733,4.693655470822785,100.0,51.85604862569084,174.23999999999998,22.03040167878466,348.1264503044755,2.607676840084177,121.73608688258987,4.686613824813125,100.0,45.52048835321769,174.23999999999998,21.964349142929507,341.72483749614713,2.257737544113294,0.9718307865325087,0.016349330676252608,0.0025000000000000005,0.0005210107069002201,0.005929,0.00026730061356145456,0.009217311320461675,0.8142047168202013,0.009650853102700231,0.0012705231188091806,4e-06,2.5009259259259e-06,9e-06,1.6142289954286071e-06,1.7115154921354507e-05,1.3659147675039045,0.13304537050980086,0.027045279145059734,0.0009,0.0014675925925925928,0.0025000000000000005,0.0007314471240342029,0.005599039716626796,1.1098356038022337,0.04565653259441992,0.008822387311677986,0.0001,0.000203482905557985,0.0004,7.783451787725673e-05,0.0007813174234352417,0.9178764087399149,0.026453666864714953,0.006411552138747043,0.0004,9.259259259259198e-05,0.0009,4.110800082787179e-05,0.0014337005934204638,0.17044227056512548,0.8956037615314497,0.1645771486412526,0.04000000000000001,0.039188102912426026,0.053824000000000004,0.027085637854884957,0.160097740767311,1.738478484207637,11.043763553144785,0.41850909144562776,4.0,0.4105021473767655,5.3824,0.17514985962264482,9.96805200699941,1.4391649584078134,0.005137261380593689,0.11481526411864512,1.0,0.1174532852706986,1.3456,0.013182544874634237,2.476235830145333,0.9499599916184331,0.08325657641853419,0.012625427362298726,0.0036,0.0002834663007478492,0.0144,0.00015940141608068134,0.01844286771682853,0.12329062060845822,11,2.607676840084177,False
0.7550730014544088,0.0595760742980935,1.2124052137173569,1.3714471779118556,0.0535007816609212,0.0089897627502604,7.014979982386203,3.35671193983244,3.495047924786081,0.6422181933206973,2.2850603897191357,0.0942539680398387,0.3071972614430522,0.2787325077301097,0.7547514417176311,0.0863189630517062,1.937329017839803,0.4830272861977199,6.140650810574198,7.973356314506822,0.5576771115339905,0.9210730755247604,1.3297841825161374,0.3240417919145877,0.358303059606428,0.0893609261623998,0.264827192071942,2.4970332354729017,0.142733437950901,0.1198364135625633,128.65441786884733,4.693655470822785,100.0,51.85604862569084,174.23999999999998,22.03040167878466,348.1264503044755,2.607676840084177,121.73608688258987,4.686613824813125,100.0,45.52048835321769,174.23999999999998,21.964349142929507,341.72483749614713,2.257737544113294,0.9718307865325087,0.016349330676252608,0.0025000000000000005,0.0005210107069002201,0.005929,0.00026730061356145456,0.009217311320461675,0.8142047168202013,0.009650853102700231,0.0012705231188091806,4e-06,2.5009259259259e-06,9e-06,1.6142289954286071e-06,1.7115154921354507e-05,1.3659147675039045,0.13304537050980086,0.027045279145059734,0.0009,0.0014675925925925928,0.0025000000000000005,0.0007314471240342029,0.005599039716626796,1.1098356038022337,0.04565653259441992,0.008822387311677986,0.0001,0.000203482905557985,0.0004,7.783451787725673e-05,0.0007813174234352417,0.9178764087399149,0.026453666864714953,0.006411552138747043,0.0004,9.259259259259198e-05,0.0009,4.110800082787179e-05,0.0014337005934204638,0.17044227056512548,0.8956037615314497,0.1645771486412526,0.04000000000000001,0.039188102912426026,0.053824000000000004,0.027085637854884957,0.160097740767311,1.738478484207637,11.043763553144785,0.41850909144562776,4.0,0.4105021473767655,5.3824,0.17514985962264482,9.96805200699941,1.4391649584078134,0.005137261380593689,0.11481526411864512,1.0,0.1174532852706986,1.3456,0.013182544874634237,2.476235830145333,0.9499599916184331,0.08325657641853419,0.012625427362298726,0.0036,0.0002834663007478492,0.0144,0.00015940141608068134,0.01844286771682853,0.12329062060845822,11,2.607676840084177,False
0.6709647793388611,0.0602069520770344,0.950638257083069,1.1578501880048429,0.0418241523058779,0.023873721841176,8.404493403981327,2.735288871734673,1.96684576491788,0.6631759702441256,2.342851100001917,0.3146701479810763,0.1643533366207055,0.15665956740376,0.5005562069660154,0.1159719687486177,1.4842237004102166,0.3062179562047324,10.807385295915813,7.387908086344588,0.4032600615307805,1.4274631372061362,0.9223847261142416,0.6840353534269439,0.6639456461535652,0.1638325292897061,0.2089961742338264,2.4078632938699727,0.3166074800799471,0.1445113683385637,121.4399290286347,12.716443816254458,100.0,51.85604862569084,174.23999999999998,161.70794333195624,487.8039919576471,1.8762742913713772,114.65521744711398,10.4151161859789,100.0,45.52048835321769,174.23999999999998,108.47464516743965,428.23513352065726,1.6746632142109685,0.977222867850915,0.12080003426304826,0.0025000000000000005,0.0005210107069002201,0.005929,0.014592648277953634,0.023542658984853852,0.4743153523404383,0.007758432521124441,0.003004289934127098,4e-06,2.5009259259259e-06,9e-06,9.025758008297402e-06,2.4526683934223304e-05,0.7589048705254527,0.12926587301587297,0.054788456956668355,0.0009,0.0014675925925925928,0.0025000000000000005,0.003001775015692701,0.007869367608285294,0.8935447974411721,0.030244126197867302,0.020090394344435276,0.0001,0.000203482905557985,0.0004,0.00040362394491491696,0.001107106850472902,0.3078790592651234,0.01086309515558694,0.012444575789700403,0.0004,9.259259259259198e-05,0.0009,0.0001548674665855974,0.0015474600591781893,0.23226799862642136,0.35200966496999175,0.4667142354837903,0.04000000000000001,0.039188102912426026,0.053824000000000004,0.21782217760321887,0.3508342805156449,0.25663754412624806,10.477924043663169,0.9389248771679751,4.0,0.4105021473767655,5.3824,0.8815799249648971,10.674482072341663,1.2175395573527426,0.1646910992065397,0.37642529685002735,1.0,0.1174532852706986,1.3456,0.1416960041086312,2.60474928937933,0.8273681144031394,0.08844326378513345,0.02323545958227927,0.0036,0.0002834663007478492,0.0144,0.0005398865819997335,0.01882335288274758,0.08423386114076184,11,1.8762742913713772,True
0.6709647793388611,0.0602069520770344,0.950638257083069,1.1578501880048429,0.0418241523058779,0.023873721841176,8.404493403981327,2.735288871734673,1.96684576491788,0.6631759702441256,2.342851100001917,0.3146701479810763,0.1643533366207055,0.15665956740376,0.5005562069660154,0.1159719687486177,1.4842237004102166,0.3062179562047324,10.807385295915813,7.387908086344588,0.4032600615307805,1.4274631372061362,0.9223847261142416,0.6840353534269439,0.6639456461535652,0.1638325292897061,0.2089961742338264,2.4078632938699727,0.3166074800799471,0.1445113683385637,121.4399290286347,12.716443816254458,100.0,51.85604862569084,174.23999999999998,161.70794333195624,487.8039919576471,1.8762742913713772,114.65521744711398,10.4151161859789,100.0,45.52048835321769,174.23999999999998,108.47464516743965,428.23513352065726,1.6746632142109685,0.977222867850915,0.12080003426304826,0.0025000000000000005,0.0005210107069002201,0.005929,0.014592648277953634,0.023542658984853852,0.4743153523404383,0.007758432521124441,0.003004289934127098,4e-06,2.5009259259259e-06,9e-06,9.025758008297402e-06,2.4526683934223304e-05,0.7589048705254527,0.12926587301587297,0.054788456956668355,0.0009,0.0014675925925925928,0.0025000000000000005,0.003001775015692701,0.007869367608285294,0.8935447974411721,0.030244126197867302,0.020090394344435276,0.0001,0.000203482905557985,0.0004,0.00040362394491491696,0.001107106850472902,0.3078790592651234,0.01086309515558694,0.012444575789700403,0.0004,9.259259259259198e-05,0.0009,0.0001548674665855974,0.0015474600591781893,0.23226799862642136,0.35200966496999175,0.4667142354837903,0.04000000000000001,0.039188102912426026,0.053824000000000004,0.21782217760321887,0.3508342805156449,0.25663754412624806,10.477924043663169,0.9389248771679751,4.0,0.4105021473767655,5.3824,0.8815799249648971,10.674482072341663,1.2175395573527426,0.1646910992065397,0.37642529685002735,1.0,0.1174532852706986,1.3456,0.1416960041086312,2.60474928937933,0.8273681144031394,0.08844326378513345,0.02323545958227927,0.0036,0.0002834663007478492,0.0144,0.0005398865819997335,0.01882335288274758,0.08423386114076184,11,1.8762742913713772,True
0.6709647793388611,0.0602069520770344,0.950638257083069,1.1578501880048429,0.0418241523058779,0.023873721841176,8.404493403981327,2.735288871734673,1.96684576491788,0.6631759702441256,2.342851100001917,0.3146701479810763,0.1643533366207055,0.15665956740376,0.5005562069660154,0.1159719687486177,1.4842237004102166,0.3062179562047324,10.807385295915813,7.387908086344588,0.4032600615307805,1.4274631372061362,0.9223847261142416,0.6840353534269439,0.6639456461535652,0.1638325292897061,0.2089961742338264,2.4078632938699727,0.3166074800799471,0.1445113683385637,121.4399290286347,12.716443816254458,100.0,51.85604862569084,174.23999999999998,161.70794333195624,487.8039919576471,1.8762742913713772,114.65521744711398,10.4151161859789,100.0,45.52048835321769,174.23999999999998,108.47464516743965,428.23513352065726,1.6746632142109685,0.977222867850915,0.12080003426304826,0.0025000000000000005,0.0005210107069002201,0.005929,0.014592648277953634,0.023542658984853852,0.4743153523404383,0.007758432521124441,0.003004289934127098,4e-06,2.5009259259259e-06,9e-06,9.025758008297402e-06,2.4526683934223304e-05,0.7589048705254527,0.12926587301587297,0.054788456956668355,0.0009,0.0014675925925925928,0.0025000000000000005,0.003001775015692701,0.007869367608285294,0.8935447974411721,0.030244126197867302,0.020090394344435276,0.0001,0.000203482905557985,0.0004,0.00040362394491491696,0.001107106850472902,0.3078790592651234,0.01086309515558694,0.012444575789700403,0.0004,9.259259259259198e-05,0.0009,0.0001548674665855974,0.0015474600591781893,0.23226799862642136,0.35200966496999175,0.4667142354837903,0.04000000000000001,0.039188102912426026,0.053824000000000004,0.21782217760321887,0.3508342805156449,0.25663754412624806,10.477924043663169,0.9389248771679751,4.0,0.4105021473767655,5.3824,0.8815799249648971,10.674482072341663,1.2175395573527426,0.1646910992065397,0.37642529685002735,1.0,0.1174532852706986,1.3456,0.1416960041086312,2.60474928937933,0.8273681144031394,0.08844326378513345,0.02323545958227927,0.0036,0.0002834663007478492,0.0144,0.0005398865819997335,0.01882335288274758,0.08423386114076184,11,1.8762742913713772,True
0.6946819114720292,0.0612267974565157,1.1324725023055002,1.0698162183134068,0.0643645156514942,0.0086724587374686,12.386501276904408,4.362438628664656,2.454780405068056,0.7336613437726553,1.7170861642719977,0.2841791082331946,0.1482047434407315,0.3641889694396968,0.6071108983506445,0.1264116240117762,2.205466229150573,0.3381800996511228,8.11517115528053,8.517262685153948,0.432314001191987,1.8212838945920868,0.5802891218159874,0.3325220382771555,0.434175016633974,0.1776001620159627,0.2186460221144704,1.7328809682334023,0.2083346031826323,0.176181118146375,104.44815763483103,4.693655470822537,100.0,51.85604862569084,174.23999999999998,22.030401678782333,348.12645030447317,1.3103207733145283,118.06510615657626,4.686613824812765,100.0,45.52048835321769,174.23999999999998,21.964349142926135,341.7248374961438,2.0591537374389275,1.17363858123792,0.01634933067625245,0.0025000000000000005,0.0005210107069002201,0.005929,0.00026730061356144936,0.00921731132046167,1.2878102715813688,0.011260942494387683,0.0012705231188090947,4e-06,2.5009259259259e-06,9e-06,1.614228995428389e-06,1.711515492135429e-05,1.7551028842603695,0.24919578129880438,0.027045279145059734,0.0009,0.0014675925925925928,0.0025000000000000005,0.0007314471240342029,0.005599039716626796,2.662093851294521,0.05463278494947811,0.008822387311677345,0.0001,0.000203482905557985,0.0004,7.78345178772454e-05,0.0007813174234352304,1.239006719130968,0.021333011345018832,0.0064115521387464,0.0004,9.259259259259198e-05,0.0009,4.1108000827863535e-05,0.0014337005934204556,0.035205021439252304,0.8259604945805039,0.16457714864124487,0.04000000000000001,0.039188102912426026,0.053824000000000004,0.027085637854882407,0.16009774076730846,1.5644234720587913,10.781969629644918,0.4185090914455965,4.0,0.4105021473767655,5.3824,0.17514985962261867,9.968052006999384,1.3562458899707388,0.005137261380593689,0.11481526411864512,1.0,0.1174532852706986,1.3456,0.013182544874634237,2.476235830145333,0.9499599916184331,0.11905490417108629,0.012625427362297327,0.0036,0.0002834663007478492,0.0144,0.00015940141608064605,0.018442867716828494,0.14031126605961783,11,2.662093851294521,False
0.6946819114720292,0.0612267974565157,1.1324725023055002,1.0698162183134068,0.0643645156514942,0.0086724587374686,12.386501276904408,4.362438628664656,2.454780405068056,0.7336613437726553,1.7170861642719977,0.2841791082331946,0.1482047434407315,0.3641889694396968,0.6071108983506445,0.1264116240117762,2.205466229150573,0.3381800996511228,8.11517115528053,8.517262685153948,0.432314001191987,1.8212838945920868,0.5802891218159874,0.3325220382771555,0.434175016633974,0.1776001620159627,0.2186460221144704,1.7328809682334023,0.2083346031826323,0.176181118146375,104.44815763483103,4.693655470822537,100.0,51.85604862569084,174.23999999999998,22.030401678782333,348.12645030447317,1.3103207733145283,118.06510615657626,4.686613824812765,100.0,45.52048835321769,174.23999999999998,21.964349142926135,341.7248374961438,2.0591537374389275,1.17363858123792,0.01634933067625245,0.0025000000000000005,0.0005210107069002201,0.005929,0.00026730061356144936,0.00921731132046167,1.2878102715813688,0.011260942494387683,0.0012705231188090947,4e-06,2.5009259259259e-06,9e-06,1.614228995428389e-06,1.711515492135429e-05,1.7551028842603695,0.24919578129880438,0.027045279145059734,0.0009,0.0014675925925925928,0.0025000000000000005,0.0007314471240342029,0.005599039716626796,2.662093851294521,0.05463278494947811,0.008822387311677345,0.0001,0.000203482905557985,0.0004,7.78345178772454e-05,0.0007813174234352304,1.239006719130968,0.021333011345018832,0.0064115521387464,0.0004,9.259259259259198e-05,0.0009,4.1108000827863535e-05,0.0014337005934204556,0.035205021439252304,0.8259604945805039,0.16457714864124487,0.04000000000000001,0.039188102912426026,0.053824000000000004,0.027085637854882407,0.16009774076730846,1.5644234720587913,10.781969629644918,0.4185090914455965,4.0,0.4105021473767655,5.3824,0.17514985962261867,9.968052006999384,1.3562458899707388,0.005137261380593689,0.11481526411864512,1.0,0.1174532852706986,1.3456,0.013182544874634237,2.476235830145333,0.9499599916184331,0.11905490417108629,0.012625427362297327,0.0036,0.0002834663007478492,0.0144,0.00015940141608064605,0.018442867716828494,0.14031126605961783,11,2.662093851294521,False
0.6946819114720292,0.0612267974565157,1.1324725023055002,1.0698162183134068,0.0643645156514942,0.0086724587374686,12.386501276904408,4.362438628664656,2.454780405068056,0.7336613437726553,1.7170861642719977,0.2841791082331946,0.1482047434407315,0.3641889694396968,0.6071108983506445,0.1264116240117762,2.205466229150573,0.3381800996511228,8.11517115528053,8.517262685153948,0.432314001191987,1.8212838945920868,0.5802891218159874,0.3325220382771555,0.434175016633974,0.1776001620159627,0.2186460221144704,1.7328809682334023,0.2083346031826323,0.176181118146375,104.44815763483103,4.693655470822537,100.0,51.85604862569084,174.23999999999998,22.030401678782333,348.12645030447317,1.3103207733145283,118.06510615657626,4.686613824812765,100.0,45.52048835321769,174.23999999999998,21.964349142926135,341.7248374961438,2.0591537374389275,1.17363858123792,0.01634933067625245,0.0025000000000000005,0.0005210107069002201,0.005929,0.00026730061356144936,0.00921731132046167,1.2878102715813688,0.011260942494387683,0.0012705231188090947,4e-06,2.5009259259259e-06,9e-06,1.614228995428389e-06,1.711515492135429e-05,1.7551028842603695,0.24919578129880438,0.027045279145059734,0.0009,0.0014675925925925928,0.0025000000000000005,0.0007314471240342029,0.005599039716626796,2.662093851294521,0.05463278494947811,0.008822387311677345,0.0001,0.000203482905557985,0.0004,7.78345178772454e-05,0.0007813174234352304,1.239006719130968,0.021333011345018832,0.0064115521387464,0.0004,9.259259259259198e-05,0.0009,4.1108000827863535e-05,0.0014337005934204556,0.035205021439252304,0.8259604945805039,0.16457714864124487,0.04000000000000001,0.039188102912426026,0.053824000000000004,0.027085637854882407,0.16009774076730846,1.5644234720587913,10.781969629644918,0.4185090914455965,4.0,0.4105021473767655,5.3824,0.17514985962261867,9.968052006999384,1.3562458899707388,0.005137261380593689,0.11481526411864512,1.0,0.1174532852706986,1.3456,0.013182544874634237,2.476235830145333,0.9499599916184331,0.11905490417108629,0.012625427362297327,0.0036,0.0002834663007478492,0.0144,0.00015940141608064605,0.018442867716828494,0.14031126605961783,11,2.662093851294521,False
0.8209854325187855,0.0819720805595942,1.1931664738342531,1.376756859108156,0.0439082503017699,0.0071780444905812,6.712699847901904,3.4352077237433365,2.034832749165593,0.3045550560381652,1.2693681739957252,0.2751601247811122,0.2162010613446279,0.2308429729631437,0.6387790314530915,0.1437015119852772,1.3873583247234915,0.2631511988485763,5.80876641724465,6.211916246704638,0.4998641731692246,1.5472294273836489,1.9687118304293556,0.6024021172162636,0.3504270707079353,0.1558850833238557,0.0745600432863595,1.968169847964327,0.1756370524822091,0.0846244908188604,129.1497380334506,4.693655470822766,100.0,51.85604862569084,174.23999999999998,22.030401678784482,348.1264503044753,2.6342239652629096,122.92643786534771,4.686613824813101,100.0,45.52048835321769,174.23999999999998,21.964349142929283,341.7248374961469,2.3221302628654112,0.9803107097156624,0.016349330676252608,0.0025000000000000005,0.0005210107069002201,0.005929,0.00026730061356145456,0.009217311320461675,0.7258784672939976,0.008093553609048546,0.0012705231188091758,4e-06,2.5009259259259e-06,9e-06,1.614228995428595e-06,1.7115154921354497e-05,0.9894869366709375,0.1536943324278459,0.027045279145059723,0.0009,0.0014675925925925928,0.0025000000000000005,0.0007314471240342024,0.005599039716626796,1.3857926255786397,0.051888936664526084,0.008822387311677947,0.0001,0.000203482905557985,0.0004,7.783451787725603e-05,0.000781317423435241,1.140844054294999,0.01877268105779031,0.006411552138747006,0.0004,9.259259259259198e-05,0.0009,4.110800082787131e-05,0.0014337005934204634,0.03241366987216609,0.46708565653362777,0.16457714864125203,0.04000000000000001,0.039188102912426026,0.053824000000000004,0.027085637854884766,0.16009774076731081,0.6675102881875231,11.144396510788763,0.418509091445626,4.0,0.4105021473767655,5.3824,0.17514985962264332,9.968052006999407,1.4710388498654607,0.005137261380593717,0.11481526411864512,1.0,0.1174532852706986,1.3456,0.013182544874634237,2.476235830145333,0.9499599916184331,0.10618617228187104,0.012625427362298642,0.0036,0.0002834663007478492,0.0144,0.00015940141608067926,0.01844286771682853,0.04555203516842227,11,2.6342239652629096,False
0.8209854325187855,0.0819720805595942,1.1931664738342531,1.376756859108156,0.0439082503017699,0.0071780444905812,6.712699847901904,3.4352077237433365,2.034832749165593,0.3045550560381652,1.2693681739957252,0.2751601247811122,0.2162010613446279,0.2308429729631437,0.6387790314530915,0.1437015119852772,1.3873583247234915,0.2631511988485763,5.80876641724465,6.211916246704638,0.4998641731692246,1.5472294273836489,1.9687118304293556,0.6024021172162636,0.3504270707079353,0.1558850833238557,0.0745600432863595,1.968169847964327,0.1756370524822091,0.0846244908188604,129.1497380334506,4.693655470822766,100.0,51.85604862569084,174.23999999999998,22.030401678784482,348.1264503044753,2.6342239652629096,122.92643786534771,4.686613824813101,100.0,45.52048835321769,174.23999999999998,21.964349142929283,341.7248374961469,2.3221302628654112,0.9803107097156624,0.016349330676252608,0.0025000000000000005,0.0005210107069002201,0.005929,0.00026730061356145456,0.009217311320461675,0.7258784672939976,0.008093553609048546,0.0012705231188091758,4e-06,2.5009259259259e-06,9e-06,1.614228995428595e-06,1.7115154921354497e-05,0.9894869366709375,0.1536943324278459,0.027045279145059723,0.0009,0.0014675925925925928,0.0025000000000000005,0.0007314471240342024,0.005599039716626796,1.3857926255786397,0.051888936664526084,0.008822387311677947,0.0001,0.000203482905557985,0.0004,7.783451787725603e-05,0.000781317423435241,1.140844054294999,0.01877268105779031,0.006411552138747006,0.0004,9.259259259259198e-05,0.0009,4.110800082787131e-05,0.0014337005934204634,0.03241366987216609,0.46708565653362777,0.16457714864125203,0.04000000000000001,0.039188102912426026,0.053824000000000004,0.027085637854884766,0.16009774076731081,0.6675102881875231,11.144396510788763,0.418509091445626,4.0,0.4105021473767655,5.3824,0.17514985962264332,9.968052006999407,1.4710388498654607,0.005137261380593717,0.11481526411864512,1.0,0.1174532852706986,1.3456,0.013182544874634237,2.476235830145333,0.9499599916184331,0.10618617228187104,0.012625427362298642,0.0036,0.0002834663007478492,0.0144,0.00015940141608067926,0.01844286771682853,0.04555203516842227,11,2.6342239652629096,False
0.8209854325187855,0.0819720805595942,1.1931664738342531,1.376756859108156,0.0439082503017699,0.0071780444905812,6.712699847901904,3.4352077237433365,2.034832749165593,0.3045550560381652,1.2693681739957252,0.2751601247811122,0.2162010613446279,0.2308429729631437,0.6387790314530915,0.1437015119852772,1.3873583247234915,0.2631511988485763,5.80876641724465,6.211916246704638,0.4998641731692246,1.5472294273836489,1.9687118304293556,0.6024021172162636,0.3504270707079353,0.1558850833238557,0.0745600432863595,1.968169847964327,0.1756370524822091,0.0846244908188604,129.1497380334506,4.693655470822766,100.0,51.85604862569084,174.23999999999998,22.030401678784482,348.1264503044753,2.6342239652629096,122.92643786534771,4.686613824813101,100.0,45.52048835321769,174.23999999999998,21.964349142929283,341.7248374961469,2.3221302628654112,0.9803107097156624,0.016349330676252608,0.0025000000000000005,0.0005210107069002201,0.005929,0.00026730061356145456,0.009217311320461675,0.7258784672939976,0.008093553609048546,0.0012705231188091758,4e-06,2.5009259259259e-06,9e-06,1.614228995428595e-06,1.7115154921354497e-05,0.9894869366709375,0.1536943324278459,0.027045279145059723,0.0009,0.0014675925925925928,0.0025000000000000005,0.0007314471240342024,0.005599039716626796,1.3857926255786397,0.051888936664526084,0.008822387311677947,0.0001,0.000203482905557985,0.0004,7.783451787725603e-05,0.000781317423435241,1.140844054294999,0.01877268105779031,0.006411552138747006,0.0004,9.259259259259198e-05,0.0009,4.110800082787131e-05,0.0014337005934204634,0.03241366987216609,0.46708565653362777,0.16457714864125203,0.04000000000000001,0.039188102912426026,0.053824000000000004,0.027085637854884766,0.16009774076731081,0.6675102881875231,11.144396510788763,0.418509091445626,4.0,0.4105021473767655,5.3824,0.17514985962264332,9.968052006999407,1.4710388498654607,0.005137261380593717,0.11481526411864512,1.0,0.1174532852706986,1.3456,0.013182544874634237,2.476235830145333,0.9499599916184331,0.10618617228187104,0.012625427362298642,0.0036,0.0002834663007478492,0.0144,0.00015940141608067926,0.01844286771682853,0.04555203516842227,11,2.6342239652629096,False
0.6891272302430564,0.0569259005813056,1.0755440192906798,1.430539261337079,0.0345859884603664,0.0229305933634323,8.819577640804736,2.554773674413425,2.483694983215069,0.6075650244818598,1.744854236292297,0.335094098464438,0.2698118206801908,0.292960755007823,0.6603592861334453,0.1372524978904337,2.4053444974886125,0.2430104863792021,4.500001253819555,5.291888517633301,0.4063186989666458,0.982079864535647,0.4220090336960723,0.6228639972501183,0.3759409103635224,0.117423379444562,0.1758955151994981,1.570349800510591,0.1291427334970516,0.1456763267512781,139.45491990386407,4.955979590043874,100.0,51.85604862569084,174.23999999999998,24.561733696931448,350.6577823226223,3.1750170180716606,115.87902672691679,4.936716042003473,100.0,45.52048835321769,174.23999999999998,24.371165279374438,344.1316536325921,1.9340974081816227,0.8385295514541603,0.01733114239526687,0.0025000000000000005,0.0005210107069002201,0.005929,0.0003003684967250166,0.009250379203625236,2.198719956794471,0.004582890787969304,0.0013394901065964901,4e-06,2.5009259259259e-06,9e-06,1.7942337456698765e-06,1.729515967159578e-05,0.14016026303186924,0.05812986124621236,0.028444075658176977,0.0009,0.0014675925925925928,0.0025000000000000005,0.000809065440048096,0.00567665803264069,0.1079038069124809,0.005893640323602463,0.009296517716979955,0.0001,0.000203482905557985,0.0004,8.64252416621222e-05,0.0007899081472201072,0.5019109336173284,0.001227526618775449,0.006737427542730751,0.0004,9.259259259259198e-05,0.0009,4.5392929893546924e-05,0.001437985522486139,0.495044500633443,0.01736964531908919,0.173847309761614,0.04000000000000001,0.039188102912426026,0.053824000000000004,0.03022288711135057,0.16323499002377662,0.45202903756272866,10.6512768295967,0.44090527502390586,4.0,0.4105021473767655,5.3824,0.19439746154390608,9.98729960892067,1.3135834141140206,0.007587775467833756,0.1215757639279725,1.0,0.1174532852706986,1.3456,0.014780666374670098,2.4778339516453687,0.9480968377214737,0.0650409571636168,0.013251297021080568,0.0036,0.0002834663007478492,0.0144,0.00017559687274089873,0.01845906317348875,0.25730883902425317,11,3.1750170180716606,False
0.6891272302430564,0.0569259005813056,1.0755440192906798,1.430539261337079,0.0345859884603664,0.0229305933634323,8.819577640804736,2.554773674413425,2.483694983215069,0.6075650244818598,1.744854236292297,0.335094098464438,0.2698118206801908,0.292960755007823,0.6603592861334453,0.1372524978904337,2.4053444974886125,0.2430104863792021,4.500001253819555,5.291888517633301,0.4063186989666458,0.982079864535647,0.4220090336960723,0.6228639972501183,0.3759409103635224,0.117423379444562,0.1758955151994981,1.570349800510591,0.1291427334970516,0.1456763267512781,139.45491990386407,4.955979590043874,100.0,51.85604862569084,174.23999999999998,24.561733696931448,350.6577823226223,3.1750170180716606,115.87902672691679,4.936716042003473,100.0,45.52048835321769,174.23999999999998,24.371165279374438,344.1316536325921,1.9340974081816227,0.8385295514541603,0.01733114239526687,0.0025000000000000005,0.0005210107069002201,0.005929,0.0003003684967250166,0.009250379203625236,2.198719956794471,0.004582890787969304,0.0013394901065964901,4e-06,2.5009259259259e-06,9e-06,1.7942337456698765e-06,1.729515967159578e-05,0.14016026303186924,0.05812986124621236,0.028444075658176977,0.0009,0.0014675925925925928,0.0025000000000000005,0.000809065440048096,0.00567665803264069,0.1079038069124809,0.005893640323602463,0.009296517716979955,0.0001,0.000203482905557985,0.0004,8.64252416621222e-05,0.0007899081472201072,0.5019109336173284,0.001227526618775449,0.006737427542730751,0.0004,9.259259259259198e-05,0.0009,4.5392929893546924e-05,0.001437985522486139,0.495044500633443,0.01736964531908919,0.173847309761614,0.04000000000000001,0.039188102912426026,0.053824000000000004,0.03022288711135057,0.16323499002377662,0.45202903756272866,10.6512768295967,0.44090527502390586,4.0,0.4105021473767655,5.3824,0.19439746154390608,9.98729960892067,1.3135834141140206,0.007587775467833756,0.1215757639279725,1.0,0.1174532852706986,1.3456,0.014780666374670098,2.4778339516453687,0.9480968377214737,0.0650409571636168,0.013251297021080568,0.0036,0.0002834663007478492,0.0144,0.00017559687274089873,0.01845906317348875,0.25730883902425317,11,3.1750170180716606,False
0.6891272302430564,0.0569259005813056,1.0755440192906798,1.430539261337079,0.0345859884603664,0.0229305933634323,8.819577640804736,2.554773674413425,2.483694983215069,0.6075650244818598,1.744854236292297,0.335094098464438,0.2698118206801908,0.292960755007823,0.6603592861334453,0.1372524978904337,2.4053444974886125,0.2430104863792021,4.500001253819555,5.291888517633301,0.4063186989666458,0.982079864535647,0.4220090336960723,0.6228639972501183,0.3759409103635224,0.117423379444562,0.1758955151994981,1.570349800510591,0.1291427334970516,0.1456763267512781,139.45491990386407,4.955979590043874,100.0,51.85604862569084,174.23999999999998,24.561733696931448,350.6577823226223,3.1750170180716606,115.87902672691679,4.936716042003473,100.0,45.52048835321769,174.23999999999998,24.371165279374438,344.1316536325921,1.9340974081816227,0.8385295514541603,0.01733114239526687,0.0025000000000000005,0.0005210107069002201,0.005929,0.0003003684967250166,0.009250379203625236,2.198719956794471,0.004582890787969304,0.0013394901065964901,4e-06,2.5009259259259e-06,9e-06,1.7942337456698765e-06,1.729515967159578e-05,0.14016026303186924,0.05812986124621236,0.028444075658176977,0.0009,0.0014675925925925928,0.0025000000000000005,0.000809065440048096,0.00567665803264069,0.1079038069124809,0.005893640323602463,0.009296517716979955,0.0001,0.000203482905557985,0.0004,8.64252416621222e-05,0.0007899081472201072,0.5019109336173284,0.001227526618775449,0.006737427542730751,0.0004,9.259259259259198e-05,0.0009,4.5392929893546924e-05,0.001437985522486139,0.495044500633443,0.01736964531908919,0.173847309761614,0.04000000000000001,0.039188102912426026,0.053824000000000004,0.03022288711135057,0.16323499002377662,0.45202903756272866,10.6512768295967,0.44090527502390586,4.0,0.4105021473767655,5.3824,0.19439746154390608,9.98729960892067,1.3135834141140206,0.007587775467833756,0.1215757639279725,1.0,0.1174532852706986,1.3456,0.014780666374670098,2.4778339516453687,0.9480968377214737,0.0650409571636168,0.013251297021080568,0.0036,0.0002834663007478492,0.0144,0.00017559687274089873,0.01845906317348875,0.25730883902425317,11,3.1750170180716606,False
0.6284434541902747,0.0620316389651019,1.2296110030708154,1.297200144205608,0.0607337055728721,0.0107145048118511,8.976050293046296,4.153730317150905,4.176401233505048,0.6540915458524961,1.99374154400214,0.2273024533281788,0.3225665366080608,0.326911439623393,0.7590538717187015,0.1787503858246026,1.839143989839345,0.5076202789875272,7.265270552877098,6.036194122622248,0.2433051124669895,1.0720422567808583,2.5948482043686587,0.631378599402019,0.3306494531689943,0.1442893866557214,0.0382074532792715,1.4525355718945396,0.338868550838527,0.2055819220187792,120.85045301832227,5.6243774223122145,100.0,51.85604862569084,174.23999999999998,31.633621388615392,357.72967001430624,2.1598291391244797,121.14346363393634,5.554276513016017,100.0,45.52048835321769,174.23999999999998,30.849987583041365,350.610475936259,2.197295192579552,1.0380611893446838,0.01996653349416608,0.0025000000000000005,0.0005210107069002201,0.005929,0.000398662459773656,0.009348673166673876,0.12347700191619393,0.008255246701237829,0.0015117371620104202,4e-06,2.5009259259259e-06,9e-06,2.2853492470033195e-06,1.778627517292922e-05,1.008979262259006,0.1664912985230467,0.03182827459401799,0.0009,0.0014675925925925928,0.0025000000000000005,0.0010130390636322111,0.005880631656224804,1.5190829791418188,0.03958761607159044,0.01047274311200331,0.0001,0.000203482905557985,0.0004,0.00010967834829001279,0.0008131612538479978,0.6868995701227786,0.008847012486791378,0.007517151731069944,0.0004,9.259259259259198e-05,0.0009,5.650757014792785e-05,0.0014491001627405199,0.2929827245578264,0.09675127510724946,0.19759689377885806,0.04000000000000001,0.039188102912426026,0.053824000000000004,0.03904453243105331,0.17205663534347937,0.2489138051837378,11.15499427540135,0.4963090572546632,4.0,0.4105021473767655,5.3824,0.24632268031301252,10.039224827689777,1.469159883377682,0.7390920490097233,0.23848825646773006,1.0,0.1174532852706986,1.3456,0.05687664847301779,2.5199299337437164,0.4793336182666651,0.08933671989058212,0.014725746294967581,0.0036,0.0002834663007478492,0.0144,0.00021684760394375145,0.0185003139046916,0.07839732944614923,11,2.197295192579552,True
0.6284434541902747,0.0620316389651019,1.2296110030708154,1.297200144205608,0.0607337055728721,0.0107145048118511,8.976050293046296,4.153730317150905,4.176401233505048,0.6540915458524961,1.99374154400214,0.2273024533281788,0.3225665366080608,0.326911439623393,0.7590538717187015,0.1787503858246026,1.839143989839345,0.5076202789875272,7.265270552877098,6.036194122622248,0.2433051124669895,1.0720422567808583,2.5948482043686587,0.631378599402019,0.3306494531689943,0.1442893866557214,0.0382074532792715,1.4525355718945396,0.338868550838527,0.2055819220187792,120.85045301832227,5.6243774223122145,100.0,51.85604862569084,174.23999999999998,31.633621388615392,357.72967001430624,2.1598291391244797,121.14346363393634,5.554276513016017,100.0,45.52048835321769,174.23999999999998,30.849987583041365,350.610475936259,2.197295192579552,1.0380611893446838,0.01996653349416608,0.0025000000000000005,0.0005210107069002201,0.005929,0.000398662459773656,0.009348673166673876,0.12347700191619393,0.008255246701237829,0.0015117371620104202,4e-06,2.5009259259259e-06,9e-06,2.2853492470033195e-06,1.778627517292922e-05,1.008979262259006,0.1664912985230467,0.03182827459401799,0.0009,0.0014675925925925928,0.0025000000000000005,0.0010130390636322111,0.005880631656224804,1.5190829791418188,0.03958761607159044,0.01047274311200331,0.0001,0.000203482905557985,0.0004,0.00010967834829001279,0.0008131612538479978,0.6868995701227786,0.008847012486791378,0.007517151731069944,0.0004,9.259259259259198e-05,0.0009,5.650757014792785e-05,0.0014491001627405199,0.2929827245578264,0.09675127510724946,0.19759689377885806,0.04000000000000001,0.039188102912426026,0.053824000000000004,0.03904453243105331,0.17205663534347937,0.2489138051837378,11.15499427540135,0.4963090572546632,4.0,0.4105021473767655,5.3824,0.24632268031301252,10.039224827689777,1.469159883377682,0.7390920490097233,0.23848825646773006,1.0,0.1174532852706986,1.3456,0.05687664847301779,2.5199299337437164,0.4793336182666651,0.08933671989058212,0.014725746294967581,0.0036,0.0002834663007478492,0.0144,0.00021684760394375145,0.0185003139046916,0.07839732944614923,11,2.197295192579552,True
0.6284434541902747,0.0620316389651019,1.2296110030708154,1.297200144205608,0.0607337055728721,0.0107145048118511,8.976050293046296,4.153730317150905,4.176401233505048,0.6540915458524961,1.99374154400214,0.2273024533281788,0.3225665366080608,0.326911439623393,0.7590538717187015,0.1787503858246026,1.839143989839345,0.5076202789875272,7.265270552877098,6.036194122622248,0.2433051124669895,1.0720422567808583,2.5948482043686587,0.631378599402019,0.3306494531689943,0.1442893866557214,0.0382074532792715,1.4525355718945396,0.338868550838527,0.2055819220187792,120.85045301832227,5.6243774223122145,100.0,51.85604862569084,174.23999999999998,31.633621388615392,357.72967001430624,2.1598291391244797,121.14346363393634,5.554276513016017,100.0,45.52048835321769,174.23999999999998,30.849987583041365,350.610475936259,2.197295192579552,1.0380611893446838,0.01996653349416608,0.0025000000000000005,0.0005210107069002201,0.005929,0.000398662459773656,0.009348673166673876,0.12347700191619393,0.008255246701237829,0.0015117371620104202,4e-06,2.5009259259259e-06,9e-06,2.2853492470033195e-06,1.778627517292922e-05,1.008979262259006,0.1664912985230467,0.03182827459401799,0.0009,0.0014675925925925928,0.0025000000000000005,0.0010130390636322111,0.005880631656224804,1.5190829791418188,0.03958761607159044,0.01047274311200331,0.0001,0.000203482905557985,0.0004,0.00010967834829001279,0.0008131612538479978,0.6868995701227786,0.008847012486791378,0.007517151731069944,0.0004,9.259259259259198e-05,0.0009,5.650757014792785e-05,0.0014491001627405199,0.2929827245578264,0.09675127510724946,0.19759689377885806,0.04000000000000001,0.039188102912426026,0.053824000000000004,0.03904453243105331,0.17205663534347937,0.2489138051837378,11.15499427540135,0.4963090572546632,4.0,0.4105021473767655,5.3824,0.24632268031301252,10.039224827689777,1.469159883377682,0.7390920490097233,0.23848825646773006,1.0,0.1174532852706986,1.3456,0.05687664847301779,2.5199299337437164,0.4793336182666651,0.08933671989058212,0.014725746294967581,0.0036,0.0002834663007478492,0.0144,0.00021684760394375145,0.0185003139046916,0.07839732944614923,11,2.197295192579552,True
0.6335329011218546,0.0781046859300192,1.0037898924461026,1.1056738870034293,0.0603283904926749,0.0135117875484301,12.360649792480867,3.055479277549044,4.23988996240746,0.6714306728390556,2.480150407223275,0.356930506774068,0.2391669247266133,0.1256311221331054,0.5337609605387524,0.0980299942369982,2.4705637899143715,0.2231207213506086,6.443113773984951,4.555598819504036,0.3760418090136823,0.8872244419041571,2.12086165826192,0.5444760436492614,0.5479285243381339,0.0915543353794952,0.1657841752458974,1.889762103307236,0.2560661310092763,0.0562830204291795,106.91878546979069,5.6243774223122145,100.0,51.85604862569084,174.23999999999998,31.633621388615392,357.72967001430624,1.4232394735357672,103.56984812906869,5.554276513016017,100.0,45.52048835321769,174.23999999999998,30.849987583041365,350.610475936259,1.2587640759810734,1.0103690768538538,0.01996653349416608,0.0025000000000000005,0.0005210107069002201,0.005929,0.000398662459773656,0.009348673166673876,0.4098823337212583,0.009407478350122149,0.0015117371620104202,4e-06,2.5009259259259e-06,9e-06,2.2853492470033195e-06,1.778627517292922e-05,1.282189705898993,0.1529254167763977,0.03182827459401799,0.0009,0.0014675925925925928,0.0025000000000000005,0.0010130390636322111,0.005880631656224804,1.3421796368350272,0.050894553680217905,0.01047274311200331,0.0001,0.000203482905557985,0.0004,0.00010967834829001279,0.0008131612538479978,1.083411864134709,0.028770653947667944,0.007517151731069944,0.0004,9.259259259259198e-05,0.0009,5.650757014792785e-05,0.0014491001627405199,0.2304001584058389,0.2947897744886873,0.19759689377885806,0.04000000000000001,0.039188102912426026,0.053824000000000004,0.03904453243105331,0.17205663534347937,0.22852082178250901,9.435505363529822,0.4963090572546632,4.0,0.4105021473767655,5.3824,0.24632268031301252,10.039224827689777,0.9264730443016911,1.2732951848968894,0.3117455487139163,1.0,0.1174532852706986,1.3456,0.09718528714294077,2.560238572413639,0.14168390766515832,0.1066759125635208,0.014725746294967581,0.0036,0.0002834663007478492,0.0144,0.00021684760394375145,0.0185003139046916,0.04908186892078157,11,1.4232394735357672,True
0.6335329011218546,0.0781046859300192,1.0037898924461026,1.1056738870034293,0.0603283904926749,0.0135117875484301,12.360649792480867,3.055479277549044,4.23988996240746,0.6714306728390556,2.480150407223275,0.356930506774068,0.2391669247266133,0.1256311221331054,0.5337609605387524,0.0980299942369982,2.4705637899143715,0.2231207213506086,6.443113773984951,4.555598819504036,0.3760418090136823,0.8872244419041571,2.12086165826192,0.5444760436492614,0.5479285243381339,0.0915543353794952,0.1657841752458974,1.889762103307236,0.2560661310092763,0.0562830204291795,106.91878546979069,5.6243774223122145,100.0,51.85604862569084,174.23999999999998,31.633621388615392,357.72967001430624,1.4232394735357672,103.56984812906869,5.554276513016017,100.0,45.52048835321769,174.23999999999998,30.849987583041365,350.610475936259,1.2587640759810734,1.0103690768538538,0.01996653349416608,0.0025000000000000005,0.0005210107069002201,0.005929,0.000398662459773656,0.009348673166673876,0.4098823337212583,0.009407478350122149,0.0015117371620104202,4e-06,2.5009259259259e-06,9e-06,2.2853492470033195e-06,1.778627517292922e-05,1.282189705898993,0.1529254167763977,0.03182827459401799,0.0009,0.0014675925925925928,0.0025000000000000005,0.0010130390636322111,0.005880631656224804,1.3421796368350272,0.050894553680217905,0.01047274311200331,0.0001,0.000203482905557985,0.0004,0.00010967834829001279,0.0008131612538479978,1.083411864134709,0.028770653947667944,0.007517151731069944,0.0004,9.259259259259198e-05,0.0009,5.650757014792785e-05,0.0014491001627405199,0.2304001584058389,0.2947897744886873,0.19759689377885806,0.04000000000000001,0.039188102912426026,0.053824000000000004,0.03904453243105331,0.17205663534347937,0.22852082178250901,9.435505363529822,0.4963090572546632,4.0,0.4105021473767655,5.3824,0.24632268031301252,10.039224827689777,0.9264730443016911,1.2732951848968894,0.3117455487139163,1.0,0.1174532852706986,1.3456,0.09718528714294077,2.560238572413639,0.14168390766515832,0.1066759125635208,0.014725746294967581,0.0036,0.0002834663007478492,0.0144,0.00021684760394375145,0.0185003139046916,0.04908186892078157,11,1.4232394735357672,True
0.6335329011218546,0.0781046859300192,1.0037898924461026,1.1056738870034293,0.0603283904926749,0.0135117875484301,12.360649792480867,3.055479277549044,4.23988996240746,0.6714306728390556,2.480150407223275,0.356930506774068,0.2391669247266133,0.1256311221331054,0.5337609605387524,0.0980299942369982,2.4705637899143715,0.2231207213506086,6.443113773984951,4.555598819504036,0.3760418090136823,0.8872244419041571,2.12086165826192,0.5444760436492614,0.5479285243381339,0.0915543353794952,0.1657841752458974,1.889762103307236,0.2560661310092763,0.0562830204291795,106.91878546979069,5.6243774223122145,100.0,51.85604862569084,174.23999999999998,31.633621388615392,357.72967001430624,1.4232394735357672,103.56984812906869,5.554276513016017,100.0,45.52048835321769,174.23999999999998,30.849987583041365,350.610475936259,1.2587640759810734,1.0103690768538538,0.01996653349416608,0.0025000000000000005,0.0005210107069002201,0.005929,0.000398662459773656,0.009348673166673876,0.4098823337212583,0.009407478350122149,0.0015117371620104202,4e-06,2.5009259259259e-06,9e-06,2.2853492470033195e-06,1.778627517292922e-05,1.282189705898993,0.1529254167763977,0.03182827459401799,0.0009,0.0014675925925925928,0.0025000000000000005,0.0010130390636322111,0.005880631656224804,1.3421796368350272,0.050894553680217905,0.01047274311200331,0.0001,0.000203482905557985,0.0004,0.00010967834829001279,0.0008131612538479978,1.083411864134709,0.028770653947667944,0.007517151731069944,0.0004,9.259259259259198e-05,0.0009,5.650757014792785e-05,0.0014491001627405199,0.2304001584058389,0.2947897744886873,0.19759689377885806,0.04000000000000001,0.039188102912426026,0.053824000000000004,0.03904453243105331,0.17205663534347937,0.22852082178250901,9.435505363529822,0.4963090572546632,4.0,0.4105021473767655,5.3824,0.24632268031301252,10.039224827689777,0.9264730443016911,1.2732951848968894,0.3117455487139163,1.0,0.1174532852706986,1.3456,0.09718528714294077,2.560238572413639,0.14168390766515832,0.1066759125635208,0.014725746294967581,0.0036,0.0002834663007478492,0.0144,0.00021684760394375145,0.0185003139046916,0.04908186892078157,11,1.4232394735357672,True
0.7848753352093217,0.0986513994689654,1.1422567740395309,1.4707899170363716,0.0338553613399659,0.0054590964998621,9.653713931319617,2.8624365861736583,3.9325649313257407,0.8625375704765563,1.619796848813491,0.1381349713279059,0.2833619447612401,0.2633394293012707,0.7153044306452883,0.1007569317827247,1.251463924315761,0.543501283040756,9.86367157629498,9.122685990919262,0.4146819063549191,1.8968650358037795,1.890446273938997,0.4169984385070664,0.47292233403804,0.2517241328271672,0.2754742901544197,1.4269452674220604,0.2849564937284402,0.053161966780315,139.78100021383756,4.693655470822785,100.0,51.85604862569084,174.23999999999998,22.03040167878466,348.1264503044755,3.2040159262599066,116.30206566824762,4.686613824813125,100.0,45.52048835321769,174.23999999999998,21.964349142929507,341.72483749614713,1.9637810516025782,0.8437694493660215,0.016349330676252608,0.0025000000000000005,0.0005210107069002201,0.005929,0.00026730061356145456,0.009217311320461675,2.1480820853908664,0.0060347508265870525,0.001270523118809181,4e-06,2.5009259259259e-06,9e-06,1.6142289954286082e-06,1.711515492135451e-05,0.4918365690479476,0.09432856691346639,0.02704527914505973,0.0009,0.0014675925925925928,0.0025000000000000005,0.0007314471240342028,0.005599039716626796,0.5924161879714714,0.013521276137535603,0.008822387311677988,0.0001,0.000203482905557985,0.0004,7.783451787725676e-05,0.0007813174234352417,0.23177987010566506,0.0008503819919743975,0.006411552138747043,0.0004,9.259259259259198e-05,0.0009,4.110800082787179e-05,0.0014337005934204638,0.5057441671784928,0.011773412670921413,0.1645771486412526,0.04000000000000001,0.039188102912426026,0.053824000000000004,0.027085637854884957,0.160097740767311,0.4704228043663884,10.649006861853557,0.41850909144562776,4.0,0.4105021473767655,5.3824,0.17514985962264482,9.96805200699941,1.314132044489979,0.02113994127487482,0.11664322532281372,1.0,0.1174532852706986,1.3456,0.013605642013708693,2.476658927284407,0.9397102817171682,0.06933280806011335,0.012625427362298726,0.0036,0.0002834663007478492,0.0144,0.00015940141608068134,0.01844286771682853,0.22581863907287741,11,3.2040159262599066,False
0.7848753352093217,0.0986513994689654,1.1422567740395309,1.4707899170363716,0.0338553613399659,0.0054590964998621,9.653713931319617,2.8624365861736583,3.9325649313257407,0.8625375704765563,1.619796848813491,0.1381349713279059,0.2833619447612401,0.2633394293012707,0.7153044306452883,0.1007569317827247,1.251463924315761,0.543501283040756,9.86367157629498,9.122685990919262,0.4146819063549191,1.8968650358037795,1.890446273938997,0.4169984385070664,0.47292233403804,0.2517241328271672,0.2754742901544197,1.4269452674220604,0.2849564937284402,0.053161966780315,139.78100021383756,4.693655470822785,100.0,51.85604862569084,174.23999999999998,22.03040167878466,348.1264503044755,3.2040159262599066,116.30206566824762,4.686613824813125,100.0,45.52048835321769,174.23999999999998,21.964349142929507,341.72483749614713,1.9637810516025782,0.8437694493660215,0.016349330676252608,0.0025000000000000005,0.0005210107069002201,0.005929,0.00026730061356145456,0.009217311320461675,2.1480820853908664,0.0060347508265870525,0.001270523118809181,4e-06,2.5009259259259e-06,9e-06,1.6142289954286082e-06,1.711515492135451e-05,0.4918365690479476,0.09432856691346639,0.02704527914505973,0.0009,0.0014675925925925928,0.0025000000000000005,0.0007314471240342028,0.005599039716626796,0.5924161879714714,0.013521276137535603,0.008822387311677988,0.0001,0.000203482905557985,0.0004,7.783451787725676e-05,0.0007813174234352417,0.23177987010566506,0.0008503819919743975,0.006411552138747043,0.0004,9.259259259259198e-05,0.0009,4.110800082787179e-05,0.0014337005934204638,0.5057441671784928,0.011773412670921413,0.1645771486412526,0.04000000000000001,0.039188102912426026,0.053824000000000004,0.027085637854884957,0.160097740767311,0.4704228043663884,10.649006861853557,0.41850909144562776,4.0,0.4105021473767655,5.3824,0.17514985962264482,9.96805200699941,1.314132044489979,0.02113994127487482,0.11664322532281372,1.0,0.1174532852706986,1.3456,0.013605642013708693,2.476658927284407,0.9397102817171682,0.06933280806011335,0.012625427362298726,0.0036,0.0002834663007478492,0.0144,0.00015940141608068134,0.01844286771682853,0.22581863907287741,11,3.2040159262599066,False
0.7848753352093217,0.0986513994689654,1.1422567740395309,1.4707899170363716,0.0338553613399659,0.0054590964998621,9.653713931319617,2.8624365861736583,3.9325649313257407,0.8625375704765563,1.619796848813491,0.1381349713279059,0.2833619447612401,0.2633394293012707,0.7153044306452883,0.1007569317827247,1.251463924315761,0.543501283040756,9.86367157629498,9.122685990919262,0.4146819063549191,1.8968650358037795,1.890446273938997,0.4169984385070664,0.47292233403804,0.2517241328271672,0.2754742901544197,1.4269452674220604,0.2849564937284402,0.053161966780315,139.78100021383756,4.693655470822785,100.0,51.85604862569084,174.23999999999998,22.03040167878466,348.1264503044755,3.2040159262599066,116.30206566824762,4.686613824813125,100.0,45.52048835321769,174.23999999999998,21.964349142929507,341.72483749614713,1.9637810516025782,0.8437694493660215,0.016349330676252608,0.0025000000000000005,0.0005210107069002201,0.005929,0.00026730061356145456,0.009217311320461675,2.1480820853908664,0.0060347508265870525,0.001270523118809181,4e-06,2.5009259259259e-06,9e-06,1.6142289954286082e-06,1.711515492135451e-05,0.4918365690479476,0.09432856691346639,0.02704527914505973,0.0009,0.0014675925925925928,0.0025000000000000005,0.0007314471240342028,0.005599039716626796,0.5924161879714714,0.013521276137535603,0.008822387311677988,0.0001,0.000203482905557985,0.0004,7.783451787725676e-05,0.0007813174234352417,0.23177987010566506,0.0008503819919743975,0.006411552138747043,0.0004,9.259259259259198e-05,0.0009,4.110800082787179e-05,0.0014337005934204638,0.5057441671784928,0.011773412670921413,0.1645771486412526,0.04000000000000001,0.039188102912426026,0.053824000000000004,0.027085637854884957,0.160097740767311,0.4704228043663884,10.649006861853557,0.41850909144562776,4.0,0.4105021473767655,5.3824,0.17514985962264482,9.96805200699941,1.314132044489979,0.02113994127487482,0.11664322532281372,1.0,0.1174532852706986,1.3456,0.013605642013708693,2.476658927284407,0.9397102817171682,0.06933280806011335,0.012625427362298726,0.0036,0.0002834663007478492,0.0144,0.00015940141608068134,0.01844286771682853,0.22581863907287741,11,3.2040159262599066,False
0.7659266611161508,0.1037260643116575,1.109346755171054,1.2209250170870511,0.0556808068389427,0.0129715833742647,7.907042487226493,3.805992124188238,2.2850732472919133,0.8697004757224154,2.3108842074555342,0.3104266377553087,0.298945981699586,0.348845760926379,0.5896472477831025,0.1533617581618949,1.5452214309132746,0.5166737273511393,10.90760412875997,5.928928888155615,0.5314261649464771,1.2804310664332117,0.6229598955278425,0.7047375850673882,0.6578663044318492,0.2509533784286873,0.1362993153356285,2.4516748026703388,0.2832000346178808,0.1178501103652625,115.32754477394356,4.693655470822785,100.0,51.85604862569084,174.23999999999998,22.03040167878466,348.1264503044755,1.8934112123666829,114.04621105333577,4.686613824813125,100.0,45.52048835321769,174.23999999999998,21.964349142929507,341.72483749614713,1.841749303094974,1.0176474254101828,0.016349330676252608,0.0025000000000000005,0.0005210107069002201,0.005929,0.00026730061356145456,0.009217311320461675,0.33698201202013356,0.009017375333269639,0.0012705231188091806,4e-06,2.5009259259259e-06,9e-06,1.6142289954286071e-06,1.7115154921354507e-05,1.2127915798320799,0.1562754526676015,0.027045279145059734,0.0009,0.0014675925925925928,0.0025000000000000005,0.0007314471240342029,0.005599039716626796,1.4202872533006905,0.053377504945898505,0.008822387311677988,0.0001,0.000203482905557985,0.0004,7.783451787725676e-05,0.0007813174234352417,1.1940983942274113,0.0238933384104529,0.006411552138747044,0.0004,9.259259259259198e-05,0.0009,4.1108000827871795e-05,0.0014337005934204638,0.1028236276626154,0.6655078021218792,0.1645771486412527,0.04000000000000001,0.039188102912426026,0.053824000000000004,0.027085637854884985,0.16009774076731104,1.163414206441269,10.458589457825694,0.41850909144562776,4.0,0.4105021473767655,5.3824,0.17514985962264482,9.96805200699941,1.2538203552608558,0.11322100726401903,0.12716150209761812,1.0,0.1174532852706986,1.3456,0.016170047615722535,2.4792233328864213,0.8807434639869378,0.08904304398165454,0.012625427362298724,0.0036,0.0002834663007478492,0.0144,0.00015940141608068132,0.01844286771682853,0.08068182118839579,11,1.8934112123666829,True
0.7659266611161508,0.1037260643116575,1.109346755171054,1.2209250170870511,0.0556808068389427,0.0129715833742647,7.907042487226493,3.805992124188238,2.2850732472919133,0.8697004757224154,2.3108842074555342,0.3104266377553087,0.298945981699586,0.348845760926379,0.5896472477831025,0.1533617581618949,1.5452214309132746,0.5166737273511393,10.90760412875997,5.928928888155615,0.5314261649464771,1.2804310664332117,0.6229598955278425,0.7047375850673882,0.6578663044318492,0.2509533784286873,0.1362993153356285,2.4516748026703388,0.2832000346178808,0.1178501103652625,115.32754477394356,4.693655470822785,100.0,51.85604862569084,174.23999999999998,22.03040167878466,348.1264503044755,1.8934112123666829,114.04621105333577,4.686613824813125,100.0,45.52048835321769,174.23999999999998,21.964349142929507,341.72483749614713,1.841749303094974,1.0176474254101828,0.016349330676252608,0.0025000000000000005,0.0005210107069002201,0.005929,0.00026730061356145456,0.009217311320461675,0.33698201202013356,0.009017375333269639,0.0012705231188091806,4e-06,2.5009259259259e-06,9e-06,1.6142289954286071e-06,1.7115154921354507e-05,1.2127915798320799,0.1562754526676015,0.027045279145059734,0.0009,0.0014675925925925928,0.0025000000000000005,0.0007314471240342029,0.005599039716626796,1.4202872533006905,0.053377504945898505,0.008822387311677988,0.0001,0.000203482905557985,0.0004,7.783451787725676e-05,0.0007813174234352417,1.1940983942274113,0.0238933384104529,0.006411552138747044,0.0004,9.259259259259198e-05,0.0009,4.1108000827871795e-05,0.0014337005934204638,0.1028236276626154,0.6655078021218792,0.1645771486412527,0.04000000000000001,0.039188102912426026,0.053824000000000004,0.027085637854884985,0.16009774076731104,1.163414206441269,10.458589457825694,0.41850909144562776,4.0,0.4105021473767655,5.3824,0.17514985962264482,9.96805200699941,1.2538203552608558,0.11322100726401903,0.12716150209761812,1.0,0.1174532852706986,1.3456,0.016170047615722535,2.4792233328864213,0.8807434639869378,0.08904304398165454,0.012625427362298724,0.0036,0.0002834663007478492,0.0144,0.00015940141608068132,0.01844286771682853,0.08068182118839579,11,1.8934112123666829,True
0.7659266611161508,0.1037260643116575,1.109346755171054,1.2209250170870511,0.0556808068389427,0.0129715833742647,7.907042487226493,3.805992124188238,2.2850732472919133,0.8697004757224154,2.3108842074555342,0.3104266377553087,0.298945981699586,0.348845760926379,0.5896472477831025,0.1533617581618949,1.5452214309132746,0.5166737273511393,10.90760412875997,5.928928888155615,0.5314261649464771,1.2804310664332117,0.6229598955278425,0.7047375850673882,0.6578663044318492,0.2509533784286873,0.1362993153356285,2.4516748026703388,0.2832000346178808,0.1178501103652625,115.32754477394356,4.693655470822785,100.0,51.85604862569084,174.23999999999998,22.03040167878466,348.1264503044755,1.8934112123666829,114.04621105333577,4.686613824813125,100.0,45.52048835321769,174.23999999999998,21.964349142929507,341.72483749614713,1.841749303094974,1.0176474254101828,0.016349330676252608,0.0025000000000000005,0.0005210107069002201,0.005929,0.00026730061356145456,0.009217311320461675,0.33698201202013356,0.009017375333269639,0.0012705231188091806,4e-06,2.5009259259259e-06,9e-06,1.6142289954286071e-06,1.7115154921354507e-05,1.2127915798320799,0.1562754526676015,0.027045279145059734,0.0009,0.0014675925925925928,0.0025000000000000005,0.0007314471240342029,0.005599039716626796,1.4202872533006905,0.053377504945898505,0.008822387311677988,0.0001,0.000203482905557985,0.0004,7.783451787725676e-05,0.0007813174234352417,1.1940983942274113,0.0238933384104529,0.006411552138747044,0.0004,9.259259259259198e-05,0.0009,4.1108000827871795e-05,0.0014337005934204638,0.1028236276626154,0.6655078021218792,0.1645771486412527,0.04000000000000001,0.039188102912426026,0.053824000000000004,0.027085637854884985,0.16009774076731104,1.163414206441269,10.458589457825694,0.41850909144562776,4.0,0.4105021473767655,5.3824,0.17514985962264482,9.96805200699941,1.2538203552608558,0.11322100726401903,0.12716150209761812,1.0,0.1174532852706986,1.3456,0.016170047615722535,2.4792233328864213,0.8807434639869378,0.08904304398165454,0.012625427362298724,0.0036,0.0002834663007478492,0.0144,0.00015940141608068132,0.01844286771682853,0.08068182118839579,11,1.8934112123666829,True
0.8364511862121915,0.055686966803487,1.1832054660616351,1.1321654122794511,0.0249629919833881,0.0215315701852311,5.786448549084446,3.6211150563679446,2.707386406253842,0.4402071411650027,1.609416663140897,0.1758541339954844,0.135601097466554,0.1766133203184146,0.7250135944676086,0.1745457533347177,1.773831795851999,0.4904021711651792,7.455394745609354,4.110187071032379,0.4629184113697988,1.636766767853059,1.0224246940837285,0.5524593737754959,0.5380125137630303,0.1814297734364731,0.0284993491530036,2.5101224511848423,0.2968269722679527,0.1915842600755982,113.83051025731372,4.693655470822785,100.0,51.85604862569084,174.23999999999998,22.03040167878466,348.1264503044755,1.813176314718842,127.52418452579685,4.686613824813125,100.0,45.52048835321769,174.23999999999998,21.964349142929507,341.72483749614713,2.5708480040091732,1.1496273399391461,0.016349330676252608,0.0025000000000000005,0.0005210107069002201,0.005929,0.00026730061356145456,0.009217311320461675,1.0377109670732059,0.001547616665657457,0.0012705231188091806,4e-06,2.5009259259259e-06,9e-06,1.6142289954286071e-06,1.7115154921354507e-05,0.5927860008178739,0.01947607996055309,0.027045279145059723,0.0009,0.0014675925925925928,0.0025000000000000005,0.0007314471240342024,0.005599039716626796,0.4079280159680017,0.002505954611574955,0.008822387311677986,0.0001,0.000203482905557985,0.0004,7.783451787725673e-05,0.0007813174234352417,0.6258589891820765,0.0008503820894918447,0.006411552138747042,0.0004,9.259259259259198e-05,0.0009,4.110800082787176e-05,0.0014337005934204638,0.5057441646030431,0.011773414164456375,0.1645771486412526,0.04000000000000001,0.039188102912426026,0.053824000000000004,0.027085637854884957,0.160097740767311,0.4704228006336909,11.709659273907928,0.41850909144562787,4.0,0.4105021473767655,5.3824,0.1751498596226449,9.96805200699941,1.6500768546953646,0.005137261380593717,0.11481526411864512,1.0,0.1174532852706986,1.3456,0.013182544874634237,2.476235830145333,0.9499599916184331,0.09319161506927587,0.012625427362298729,0.0036,0.0002834663007478492,0.0144,0.00015940141608068145,0.01844286771682853,0.050133713655756834,11,2.5708480040091732,True
0.8364511862121915,0.055686966803487,1.1832054660616351,1.1321654122794511,0.0249629919833881,0.0215315701852311,5.786448549084446,3.6211150563679446,2.707386406253842,0.4402071411650027,1.609416663140897,0.1758541339954844,0.135601097466554,0.1766133203184146,0.7250135944676086,0.1745457533347177,1.773831795851999,0.4904021711651792,7.455394745609354,4.110187071032379,0.4629184113697988,1.636766767853059,1.0224246940837285,0.5524593737754959,0.5380125137630303,0.1814297734364731,0.0284993491530036,2.5101224511848423,0.2968269722679527,0.1915842600755982,113.83051025731372,4.693655470822785,100.0,51.85604862569084,174.23999999999998,22.03040167878466,348.1264503044755,1.813176314718842,127.52418452579685,4.686613824813125,100.0,45.52048835321769,174.23999999999998,21.964349142929507,341.72483749614713,2.5708480040091732,1.1496273399391461,0.016349330676252608,0.0025000000000000005,0.0005210107069002201,0.005929,0.00026730061356145456,0.009217311320461675,1.0377109670732059,0.001547616665657457,0.0012705231188091806,4e-06,2.5009259259259e-06,9e-06,1.6142289954286071e-06,1.7115154921354507e-05,0.5927860008178739,0.01947607996055309,0.027045279145059723,0.0009,0.0014675925925925928,0.0025000000000000005,0.0007314471240342024,0.005599039716626796,0.4079280159680017,0.002505954611574955,0.008822387311677986,0.0001,0.000203482905557985,0.0004,7.783451787725673e-05,0.0007813174234352417,0.6258589891820765,0.0008503820894918447,0.006411552138747042,0.0004,9.259259259259198e-05,0.0009,4.110800082787176e-05,0.0014337005934204638,0.5057441646030431,0.011773414164456375,0.1645771486412526,0.04000000000000001,0.039188102912426026,0.053824000000000004,0.027085637854884957,0.160097740767311,0.4704228006336909,11.709659273907928,0.41850909144562787,4.0,0.4105021473767655,5.3824,0.1751498596226449,9.96805200699941,1.6500768546953646,0.005137261380593717,0.11481526411864512,1.0,0.1174532852706986,1.3456,0.013182544874634237,2.476235830145333,0.9499599916184331,0.09319161506927587,0.012625427362298729,0.0036,0.0002834663007478492,0.0144,0.00015940141608068145,0.01844286771682853,0.050133713655756834,11,2.5708480040091732,True
0.8364511862121915,0.055686966803487,1.1832054660616351,1.1321654122794511,0.0249629919833881,0.0215315701852311,5.786448549084446,3.6211150563679446,2.707386406253842,0.4402071411650027,1.609416663140897,0.1758541339954844,0.135601097466554,0.1766133203184146,0.7250135944676086,0.1745457533347177,1.773831795851999,0.4904021711651792,7.455394745609354,4.110187071032379,0.4629184113697988,1.636766767853059,1.0224246940837285,0.5524593737754959,0.5380125137630303,0.1814297734364731,0.0284993491530036,2.5101224511848423,0.2968269722679527,0.1915842600755982,113.83051025731372,4.693655470822785,100.0,51.85604862569084,174.23999999999998,22.03040167878466,348.1264503044755,1.813176314718842,127.52418452579685,4.686613824813125,100.0,45.52048835321769,174.23999999999998,21.964349142929507,341.72483749614713,2.5708480040091732,1.1496273399391461,0.016349330676252608,0.0025000000000000005,0.0005210107069002201,0.005929,0.00026730061356145456,0.009217311320461675,1.0377109670732059,0.001547616665657457,0.0012705231188091806,4e-06,2.5009259259259e-06,9e-06,1.6142289954286071e-06,1.7115154921354507e-05,0.5927860008178739,0.01947607996055309,0.027045279145059723,0.0009,0.0014675925925925928,0.0025000000000000005,0.0007314471240342024,0.005599039716626796,0.4079280159680017,0.002505954611574955,0.008822387311677986,0.0001,0.000203482905557985,0.0004,7.783451787725673e-05,0.0007813174234352417,0.6258589891820765,0.0008503820894918447,0.006411552138747042,0.0004,9.259259259259198e-05,0.0009,4.110800082787176e-05,0.0014337005934204638,0.5057441646030431,0.011773414164456375,0.1645771486412526,0.04000000000000001,0.039188102912426026,0.053824000000000004,0.027085637854884957,0.160097740767311,0.4704228006336909,11.709659273907928,0.41850909144562787,4.0,0.4105021473767655,5.3824,0.1751498596226449,9.96805200699941,1.6500768546953646,0.005137261380593717,0.11481526411864512,1.0,0.1174532852706986,1.3456,0.013182544874634237,2.476235830145333,0.9499599916184331,0.09319161506927587,0.012625427362298729,0.0036,0.0002834663007478492,0.0144,0.00015940141608068145,0.01844286771682853,0.050133713655756834,11,2.5708480040091732,True
0.6741276804866535,0.0722960048612479,0.9933029984139896,1.3489704438803929,0.0399980874296575,0.0202980377857239,8.665565702499055,2.8024973611227195,2.513909607540363,0.5097315307598903,1.53951413945935,0.1951806469822008,0.1715316405999249,0.2542264047481511,0.6557419059783662,0.0701978746003731,1.8769533897454809,0.4115691133691752,8.984221017263668,3.736607379646749,0.4523135372244308,1.3900532208327567,2.034620068747089,0.7118699629379495,0.5110843912380139,0.2382929213104412,0.0658953169566448,1.3109399485593909,0.2171277574077634,0.121523170259198,133.3110419928955,5.6243774222973935,100.0,51.85604862569084,174.23999999999998,31.633621388448674,357.7296700141395,2.818640514995694,109.90354471179049,5.55427651299572,100.0,45.52048835321769,174.23999999999998,30.8499875828159,350.61047593603354,1.5970195319707854,0.8315968496026198,0.01996653349415812,0.0025000000000000005,0.0005210107069002201,0.005929,0.00039866245977333804,0.009348673166673559,2.258831888594542,0.007535102947659677,0.001511737162005445,4e-06,2.5009259259259e-06,9e-06,2.285349246988277e-06,1.7786275172914178e-05,0.8382229784945796,0.09187894891647727,0.03182827459401799,0.0009,0.0014675925925925928,0.0025000000000000005,0.0010130390636322111,0.005880631656224804,0.5461145964544656,0.01374748681434219,0.01047274311196641,0.0001,0.000203482905557985,0.0004,0.00010967834828923989,0.0008131612538472249,0.21926346747456285,0.0022057766302893585,0.007517151731035865,0.0004,9.259259259259198e-05,0.0009,5.6507570147415505e-05,0.0014491001627400075,0.46744426442466624,0.033105359717643945,0.19759689377838244,0.04000000000000001,0.039188102912426026,0.053824000000000004,0.03904453243086535,0.1720566353432914,0.40235247477029035,10.011160192592676,0.49630905725287755,4.0,0.4105021473767655,5.3824,0.24632268031124008,10.039224827688004,1.1081551112381365,0.4230075531980959,0.1951423965717453,1.0,0.1174532852706986,1.3456,0.03808055493976432,2.501133840210463,0.680995420445878,0.08066911420148885,0.014725746294895672,0.0036,0.0002834663007478492,0.0144,0.0002168476039416336,0.01850031390468948,0.1421222932232045,11,2.818640514995694,False
0.6741276804866535,0.0722960048612479,0.9933029984139896,1.3489704438803929,0.0399980874296575,0.0202980377857239,8.665565702499055,2.8024973611227195,2.513909607540363,0.5097315307598903,1.53951413945935,0.1951806469822008,0.1715316405999249,0.2542264047481511,0.6557419059783662,0.0701978746003731,1.8769533897454809,0.4115691133691752,8.984221017263668,3.736607379646749,0.4523135372244308,1.3900532208327567,2.034620068747089,0.7118699629379495,0.5110843912380139,0.2382929213104412,0.0658953169566448,1.3109399485593909,0.2171277574077634,0.121523170259198,133.3110419928955,5.6243774222973935,100.0,51.85604862569084,174.23999999999998,31.633621388448674,357.7296700141395,2.818640514995694,109.90354471179049,5.55427651299572,100.0,45.52048835321769,174.23999999999998,30.8499875828159,350.61047593603354,1.5970195319707854,0.8315968496026198,0.01996653349415812,0.0025000000000000005,0.0005210107069002201,0.005929,0.00039866245977333804,0.009348673166673559,2.258831888594542,0.007535102947659677,0.001511737162005445,4e-06,2.5009259259259e-06,9e-06,2.285349246988277e-06,1.7786275172914178e-05,0.8382229784945796,0.09187894891647727,0.03182827459401799,0.0009,0.0014675925925925928,0.0025000000000000005,0.0010130390636322111,0.005880631656224804,0.5461145964544656,0.01374748681434219,0.01047274311196641,0.0001,0.000203482905557985,0.0004,0.00010967834828923989,0.0008131612538472249,0.21926346747456285,0.0022057766302893585,0.007517151731035865,0.0004,9.259259259259198e-05,0.0009,5.6507570147415505e-05,0.0014491001627400075,0.46744426442466624,0.033105359717643945,0.19759689377838244,0.04000000000000001,0.039188102912426026,0.053824000000000004,0.03904453243086535,0.1720566353432914,0.40235247477029035,10.011160192592676,0.49630905725287755,4.0,0.4105021473767655,5.3824,0.24632268031124008,10.039224827688004,1.1081551112381365,0.4230075531980959,0.1951423965717453,1.0,0.1174532852706986,1.3456,0.03808055493976432,2.501133840210463,0.680995420445878,0.08066911420148885,0.014725746294895672,0.0036,0.0002834663007478492,0.0144,0.0002168476039416336,0.01850031390468948,0.1421222932232045,11,2.818640514995694,False
0.6741276804866535,0.0722960048612479,0.9933029984139896,1.3489704438803929,0.0399980874296575,0.0202980377857239,8.665565702499055,2.8024973611227195,2.513909607540363,0.5097315307598903,1.53951413945935,0.1951806469822008,0.1715316405999249,0.2542264047481511,0.6557419059783662,0.0701978746003731,1.8769533897454809,0.4115691133691752,8.984221017263668,3.736607379646749,0.4523135372244308,1.3900532208327567,2.034620068747089,0.7118699629379495,0.5110843912380139,0.2382929213104412,0.0658953169566448,1.3109399485593909,0.2171277574077634,0.121523170259198,133.3110419928955,5.6243774222973935,100.0,51.85604862569084,174.23999999999998,31.633621388448674,357.7296700141395,2.818640514995694,109.90354471179049,5.55427651299572,100.0,45.52048835321769,174.23999999999998,30.8499875828159,350.61047593603354,1.5970195319707854,0.8315968496026198,0.01996653349415812,0.0025000000000000005,0.0005210107069002201,0.005929,0.00039866245977333804,0.009348673166673559,2.258831888594542,0.007535102947659677,0.001511737162005445,4e-06,2.5009259259259e-06,9e-06,2.285349246988277e-06,1.7786275172914178e-05,0.8382229784945796,0.09187894891647727,0.03182827459401799,0.0009,0.0014675925925925928,0.0025000000000000005,0.0010130390636322111,0.005880631656224804,0.5461145964544656,0.01374748681434219,0.01047274311196641,0.0001,0.000203482905557985,0.0004,0.00010967834828923989,0.0008131612538472249,0.21926346747456285,0.0022057766302893585,0.007517151731035865,0.0004,9.259259259259198e-05,0.0009,5.6507570147415505e-05,0.0014491001627400075,0.46744426442466624,0.033105359717643945,0.19759689377838244,0.04000000000000001,0.039188102912426026,0.053824000000000004,0.03904453243086535,0.1720566353432914,0.40235247477029035,10.011160192592676,0.49630905725287755,4.0,0.4105021473767655,5.3824,0.24632268031124008,10.039224827688004,1.1081551112381365,0.4230075531980959,0.1951423965717453,1.0,0.1174532852706986,1.3456,0.03808055493976432,2.501133840210463,0.680995420445878,0.08066911420148885,0.014725746294895672,0.0036,0.0002834663007478492,0.0144,0.0002168476039416336,0.01850031390468948,0.1421222932232045,11,2.818640514995694,False
0.7287686749787808,0.0752620030720516,1.126829031664304,1.20894331997955,0.0659790781211472,0.0094982540195721,6.0503451221292615,4.290763097685681,2.595157098556019,0.7949931022702108,1.9766535441933173,0.3977065254179919,0.2977645619769642,0.1208882212486576,0.536984116644596,0.0628749126820894,1.98590248431748,0.4357060885320951,4.950081348153811,8.045405412868696,0.2840786218513744,0.8574395810934303,0.3483518649117962,0.4781141396883985,0.6560318393005504,0.2801066362060651,0.1807738020985879,2.2983582239337714,0.1836161769191588,0.2065608254667363,113.04462739787165,4.955979590043874,100.0,51.85604862569084,174.23999999999998,24.561733696931448,350.6577823226223,1.7646521854495143,113.48143973843887,4.936716042003472,100.0,45.52048835321769,174.23999999999998,24.37116527937443,344.1316536325921,1.8048529106761682,1.0376012869791547,0.017331142395266973,0.0025000000000000005,0.0005210107069002201,0.005929,0.00030036849672502024,0.009250379203625241,0.12891303699859918,0.008136922163814923,0.0013394901065964901,4e-06,2.5009259259259e-06,9e-06,1.7942337456698765e-06,1.729515967159578e-05,0.9947525515761019,0.17404861884833767,0.028444075658176984,0.0009,0.0014675925925925928,0.0025000000000000005,0.0008090654400480965,0.00567665803264069,1.6464387042530506,0.043064082237515636,0.009296517716979955,0.0001,0.000203482905557985,0.0004,8.64252416621222e-05,0.0007899081472201072,0.8206309291990636,0.016010864749942132,0.006737427542730749,0.0004,9.259259259259198e-05,0.0009,4.53929298935469e-05,0.001437985522486139,0.10519655176601687,0.3236721535733447,0.17384730976161417,0.04000000000000001,0.039188102912426026,0.053824000000000004,0.030222887111350627,0.16323499002377667,0.306101385231073,10.32158506071716,0.44090527502390603,4.0,0.4105021473767655,5.3824,0.19439746154390622,9.98729960892067,1.2092594537646573,0.007587775467833756,0.1215757639279725,1.0,0.1174532852706986,1.3456,0.014780666374670098,2.4778339516453687,0.9480968377214737,0.09766296681993906,0.013251297021080567,0.0036,0.0002834663007478492,0.0144,0.0001755968727408987,0.018459063173488745,0.01720125168006037,11,1.8048529106761682,True
0.7287686749787808,0.0752620030720516,1.126829031664304,1.20894331997955,0.0659790781211472,0.0094982540195721,6.0503451221292615,4.290763097685681,2.595157098556019,0.7949931022702108,1.9766535441933173,0.3977065254179919,0.2977645619769642,0.1208882212486576,0.536984116644596,0.0628749126820894,1.98590248431748,0.4357060885320951,4.950081348153811,8.045405412868696,0.2840786218513744,0.8574395810934303,0.3483518649117962,0.4781141396883985,0.6560318393005504,0.2801066362060651,0.1807738020985879,2.2983582239337714,0.1836161769191588,0.2065608254667363,113.04462739787165,4.955979590043874,100.0,51.85604862569084,174.23999999999998,24.561733696931448,350.6577823226223,1.7646521854495143,113.48143973843887,4.936716042003472,100.0,45.52048835321769,174.23999999999998,24.37116527937443,344.1316536325921,1.8048529106761682,1.0376012869791547,0.017331142395266973,0.0025000000000000005,0.0005210107069002201,0.005929,0.00030036849672502024,0.009250379203625241,0.12891303699859918,0.008136922163814923,0.0013394901065964901,4e-06,2.5009259259259e-06,9e-06,1.7942337456698765e-06,1.729515967159578e-05,0.9947525515761019,0.17404861884833767,0.028444075658176984,0.0009,0.0014675925925925928,0.0025000000000000005,0.0008090654400480965,0.00567665803264069,1.6464387042530506,0.043064082237515636,0.009296517716979955,0.0001,0.000203482905557985,0.0004,8.64252416621222e-05,0.0007899081472201072,0.8206309291990636,0.016010864749942132,0.006737427542730749,0.0004,9.259259259259198e-05,0.0009,4.53929298935469e-05,0.001437985522486139,0.10519655176601687,0.3236721535733447,0.17384730976161417,0.04000000000000001,0.039188102912426026,0.053824000000000004,0.030222887111350627,0.16323499002377667,0.306101385231073,10.32158506071716,0.44090527502390603,4.0,0.4105021473767655,5.3824,0.19439746154390622,9.98729960892067,1.2092594537646573,0.007587775467833756,0.1215757639279725,1.0,0.1174532852706986,1.3456,0.014780666374670098,2.4778339516453687,0.9480968377214737,0.09766296681993906,0.013251297021080567,0.0036,0.0002834663007478492,0.0144,0.0001755968727408987,0.018459063173488745,0.01720125168006037,11,1.8048529106761682,True
0.7287686749787808,0.0752620030720516,1.126829031664304,1.20894331997955,0.0659790781211472,0.0094982540195721,6.0503451221292615,4.290763097685681,2.595157098556019,0.7949931022702108,1.9766535441933173,0.3977065254179919,0.2977645619769642,0.1208882212486576,0.536984116644596,0.0628749126820894,1.98590248431748,0.4357060885320951,4.950081348153811,8.045405412868696,0.2840786218513744,0.8574395810934303,0.3483518649117962,0.4781141396883985,0.6560318393005504,0.2801066362060651,0.1807738020985879,2.2983582239337714,0.1836161769191588,0.2065608254667363,113.04462739787165,4.955979590043874,100.0,51.85604862569084,174.23999999999998,24.561733696931448,350.6577823226223,1.7646521854495143,113.48143973843887,4.936716042003472,100.0,45.52048835321769,174.23999999999998,24.37116527937443,344.1316536325921,1.8048529106761682,1.0376012869791547,0.017331142395266973,0.0025000000000000005,0.0005210107069002201,0.005929,0.00030036849672502024,0.009250379203625241,0.12891303699859918,0.008136922163814923,0.0013394901065964901,4e-06,2.5009259259259e-06,9e-06,1.7942337456698765e-06,1.729515967159578e-05,0.9947525515761019,0.17404861884833767,0.028444075658176984,0.0009,0.0014675925925925928,0.0025000000000000005,0.0008090654400480965,0.00567665803264069,1.6464387042530506,0.043064082237515636,0.009296517716979955,0.0001,0.000203482905557985,0.0004,8.64252416621222e-05,0.0007899081472201072,0.8206309291990636,0.016010864749942132,0.006737427542730749,0.0004,9.259259259259198e-05,0.0009,4.53929298935469e-05,0.001437985522486139,0.10519655176601687,0.3236721535733447,0.17384730976161417,0.04000000000000001,0.039188102912426026,0.053824000000000004,0.030222887111350627,0.16323499002377667,0.306101385231073,10.32158506071716,0.44090527502390603,4.0,0.4105021473767655,5.3824,0.19439746154390622,9.98729960892067,1.2092594537646573,0.007587775467833756,0.1215757639279725,1.0,0.1174532852706986,1.3456,0.014780666374670098,2.4778339516453687,0.9480968377214737,0.09766296681993906,0.013251297021080567,0.0036,0.0002834663007478492,0.0144,0.0001755968727408987,0.018459063173488745,0.01720125168006037,11,1.8048529106761682,True
0.7061163170992478,0.0742206278228616,1.0511735473559831,1.229266105278921,0.0625690850229993,0.0114624267667767,9.413964290297647,2.955122062394187,4.045530466629203,0.400967649855396,1.4017484308340438,0.1548914092496282,0.2661856025432769,0.1040852425744757,0.5991464072515951,0.1199329869682526,2.3149626836921757,0.2317270324461881,5.631972668293088,7.252583226187466,0.5796626043772528,1.3434799151240586,2.1889209651234487,0.2799327945845385,0.3984600107212095,0.0949546594960593,0.1838594268998055,2.382395393068819,0.1793219629086012,0.0639360680082554,117.5387548894754,4.955979590043874,100.0,51.85604862569084,174.23999999999998,24.561733696931448,350.6577823226223,2.0046479888295847,109.73518704963341,4.936716042003473,100.0,45.52048835321769,174.23999999999998,24.371165279374438,344.1316536325921,1.6029071424433767,0.9602311540948609,0.017331142395267025,0.0025000000000000005,0.0005210107069002201,0.005929,0.00030036849672502203,0.009250379203625243,0.9333528838061373,0.010725184139926002,0.0013394901065964906,4e-06,2.5009259259259e-06,9e-06,1.7942337456698777e-06,1.729515967159578e-05,1.617118673763332,0.12917684171203112,0.028444075658176984,0.0009,0.0014675925925925928,0.0025000000000000005,0.0008090654400480965,0.00567665803264069,1.0508768085083142,0.04847035976759599,0.009296517716979957,0.0001,0.000203482905557985,0.0004,8.642524166212223e-05,0.0007899081472201072,1.012988834765383,0.027098368382584535,0.0067374275427307465,0.0004,9.259259259259198e-05,0.0009,4.5392929893546863e-05,0.001437985522486139,0.18718941078821008,0.5545056412563811,0.1738473097616143,0.04000000000000001,0.039188102912426026,0.053824000000000004,0.030222887111350676,0.16323499002377673,0.8774381679741073,10.161481117535827,0.4409052750239061,4.0,0.4105021473767655,5.3824,0.19439746154390627,9.98729960892067,1.1585979602217935,0.07078472202183655,0.12920112148220714,1.0,0.1174532852706986,1.3456,0.016692929792260048,2.4797462150629586,0.9075990487588027,0.09965513160631806,0.013251297021080567,0.0036,0.0002834663007478492,0.0144,0.0001755968727408987,0.018459063173488745,0.002538332825923598,11,2.0046479888295847,True
0.7061163170992478,0.0742206278228616,1.0511735473559831,1.229266105278921,0.0625690850229993,0.0114624267667767,9.413964290297647,2.955122062394187,4.045530466629203,0.400967649855396,1.4017484308340438,0.1548914092496282,0.2661856025432769,0.1040852425744757,0.5991464072515951,0.1199329869682526,2.3149626836921757,0.2317270324461881,5.631972668293088,7.252583226187466,0.5796626043772528,1.3434799151240586,2.1889209651234487,0.2799327945845385,0.3984600107212095,0.0949546594960593,0.1838594268998055,2.382395393068819,0.1793219629086012,0.0639360680082554,117.5387548894754,4.955979590043874,100.0,51.85604862569084,174.23999999999998,24.561733696931448,350.6577823226223,2.0046479888295847,109.73518704963341,4.936716042003473,100.0,45.52048835321769,174.23999999999998,24.371165279374438,344.1316536325921,1.6029071424433767,0.9602311540948609,0.017331142395267025,0.0025000000000000005,0.0005210107069002201,0.005929,0.00030036849672502203,0.009250379203625243,0.9333528838061373,0.010725184139926002,0.0013394901065964906,4e-06,2.5009259259259e-06,9e-06,1.7942337456698777e-06,1.729515967159578e-05,1.617118673763332,0.12917684171203112,0.028444075658176984,0.0009,0.0014675925925925928,0.0025000000000000005,0.0008090654400480965,0.00567665803264069,1.0508768085083142,0.04847035976759599,0.009296517716979957,0.0001,0.000203482905557985,0.0004,8.642524166212223e-05,0.0007899081472201072,1.012988834765383,0.027098368382584535,0.0067374275427307465,0.0004,9.259259259259198e-05,0.0009,4.5392929893546863e-05,0.001437985522486139,0.18718941078821008,0.5545056412563811,0.1738473097616143,0.04000000000000001,0.039188102912426026,0.053824000000000004,0.030222887111350676,0.16323499002377673,0.8774381679741073,10.161481117535827,0.4409052750239061,4.0,0.4105021473767655,5.3824,0.19439746154390627,9.98729960892067,1.1585979602217935,0.07078472202183655,0.12920112148220714,1.0,0.1174532852706986,1.3456,0.016692929792260048,2.4797462150629586,0.9075990487588027,0.09965513160631806,0.013251297021080567,0.0036,0.0002834663007478492,0.0144,0.0001755968727408987,0.018459063173488745,0.002538332825923598,11,2.0046479888295847,True
0.7061163170992478,0.0742206278228616,1.0511735473559831,1.229266105278921,0.0625690850229993,0.0114624267667767,9.413964290297647,2.955122062394187,4.045530466629203,0.400967649855396,1.4017484308340438,0.1548914092496282,0.2661856025432769,0.1040852425744757,0.5991464072515951,0.1199329869682526,2.3149626836921757,0.2317270324461881,5.631972668293088,7.252583226187466,0.5796626043772528,1.3434799151240586,2.1889209651234487,0.2799327945845385,0.3984600107212095,0.0949546594960593,0.1838594268998055,2.382395393068819,0.1793219629086012,0.0639360680082554,117.5387548894754,4.955979590043874,100.0,51.85604862569084,174.23999999999998,24.561733696931448,350.6577823226223,2.0046479888295847,109.73518704963341,4.936716042003473,100.0,45.52048835321769,174.23999999999998,24.371165279374438,344.1316536325921,1.6029071424433767,0.9602311540948609,0.017331142395267025,0.0025000000000000005,0.0005210107069002201,0.005929,0.00030036849672502203,0.009250379203625243,0.9333528838061373,0.010725184139926002,0.0013394901065964906,4e-06,2.5009259259259e-06,9e-06,1.7942337456698777e-06,1.729515967159578e-05,1.617118673763332,0.12917684171203112,0.028444075658176984,0.0009,0.0014675925925925928,0.0025000000000000005,0.0008090654400480965,0.00567665803264069,1.0508768085083142,0.04847035976759599,0.009296517716979957,0.0001,0.000203482905557985,0.0004,8.642524166212223e-05,0.0007899081472201072,1.012988834765383,0.027098368382584535,0.0067374275427307465,0.0004,9.259259259259198e-05,0.0009,4.5392929893546863e-05,0.001437985522486139,0.18718941078821008,0.5545056412563811,0.1738473097616143,0.04000000000000001,0.039188102912426026,0.053824000000000004,0.030222887111350676,0.16323499002377673,0.8774381679741073,10.161481117535827,0.4409052750239061,4.0,0.4105021473767655,5.3824,0.19439746154390627,9.98729960892067,1.1585979602217935,0.07078472202183655,0.12920112148220714,1.0,0.1174532852706986,1.3456,0.016692929792260048,2.4797462150629586,0.9075990487588027,0.09965513160631806,0.013251297021080567,0.0036,0.0002834663007478492,0.0144,0.0001755968727408987,0.018459063173488745,0.002538332825923598,11,2.0046479888295847,True
0.7113690768838533,0.0588585529319966,1.0875490083911474,1.3262193117285446,0.0596428760946812,0.0117560587631466,6.834985189576731,2.924489572466237,4.205922458983315,0.6600019773164494,2.0607493279137694,0.2944702258040076,0.2027209081447122,0.1885172293008847,0.6999571567187396,0.190189771920168,2.2771651605578898,0.5788360264410383,5.834124833334394,6.728353049427893,0.5324162949273473,0.993712624248862,0.8627748862812348,0.2645378942730433,0.4110406131351923,0.1703194104128535,0.0214129482847149,1.70726249990267,0.2055401216599823,0.1942261198125679,123.39607917624978,5.6243774223122145,100.0,51.85604862569084,174.23999999999998,31.633621388615392,357.72967001430624,2.294420487493207,110.32605515162965,5.554276513016016,100.0,45.52048835321769,174.23999999999998,30.849987583041354,350.610475936259,1.6195839948587951,0.8979813543011976,0.01996653349416604,0.0025000000000000005,0.0005210107069002201,0.005929,0.0003986624597736543,0.009348673166673874,1.572250967720123,0.00926344939416501,0.0015117371620104196,4e-06,2.5009259259259e-06,9e-06,2.285349247003318e-06,1.778627517292922e-05,1.2480384004803682,0.12579365328309974,0.03182827459401799,0.0009,0.0014675925925925928,0.0025000000000000005,0.0010130390636322111,0.005880631656224804,0.9883729522214444,0.028340288206694906,0.01047274311200331,0.0001,0.000203482905557985,0.0004,0.00010967834829001279,0.0008131612538479978,0.2924776737985983,0.0022057986442537963,0.007517151731069942,0.0004,9.259259259259198e-05,0.0009,5.6507570147927825e-05,0.0014491001627405199,0.46744368613008885,0.0331057166084569,0.1975968937788581,0.04000000000000001,0.039188102912426026,0.053824000000000004,0.03904453243105334,0.17205663534347937,0.40235161437154865,10.00761388733825,0.4963090572546632,4.0,0.4105021473767655,5.3824,0.24632268031301252,10.039224827689777,1.1070358640154272,0.014508315739838535,0.13912335435641723,1.0,0.1174532852706986,1.3456,0.019355307727381237,2.48240859299808,0.9428304322156402,0.061449855091954136,0.014725746294967574,0.0036,0.0002834663007478492,0.0144,0.00021684760394375123,0.0185003139046916,0.28342389766949944,11,2.294420487493207,True
0.7113690768838533,0.0588585529319966,1.0875490083911474,1.3262193117285446,0.0596428760946812,0.0117560587631466,6.834985189576731,2.924489572466237,4.205922458983315,0.6600019773164494,2.0607493279137694,0.2944702258040076,0.2027209081447122,0.1885172293008847,0.6999571567187396,0.190189771920168,2.2771651605578898,0.5788360264410383,5.834124833334394,6.728353049427893,0.5324162949273473,0.993712624248862,0.8627748862812348,0.2645378942730433,0.4110406131351923,0.1703194104128535,0.0214129482847149,1.70726249990267,0.2055401216599823,0.1942261198125679,123.39607917624978,5.6243774223122145,100.0,51.85604862569084,174.23999999999998,31.633621388615392,357.72967001430624,2.294420487493207,110.32605515162965,5.554276513016016,100.0,45.52048835321769,174.23999999999998,30.849987583041354,350.610475936259,1.6195839948587951,0.8979813543011976,0.01996653349416604,0.0025000000000000005,0.0005210107069002201,0.005929,0.0003986624597736543,0.009348673166673874,1.572250967720123,0.00926344939416501,0.0015117371620104196,4e-06,2.5009259259259e-06,9e-06,2.285349247003318e-06,1.778627517292922e-05,1.2480384004803682,0.12579365328309974,0.03182827459401799,0.0009,0.0014675925925925928,0.0025000000000000005,0.0010130390636322111,0.005880631656224804,0.9883729522214444,0.028340288206694906,0.01047274311200331,0.0001,0.000203482905557985,0.0004,0.00010967834829001279,0.0008131612538479978,0.2924776737985983,0.0022057986442537963,0.007517151731069942,0.0004,9.259259259259198e-05,0.0009,5.6507570147927825e-05,0.0014491001627405199,0.46744368613008885,0.0331057166084569,0.1975968937788581,0.04000000000000001,0.039188102912426026,0.053824000000000004,0.03904453243105334,0.17205663534347937,0.40235161437154865,10.00761388733825,0.4963090572546632,4.0,0.4105021473767655,5.3824,0.24632268031301252,10.039224827689777,1.1070358640154272,0.014508315739838535,0.13912335435641723,1.0,0.1174532852706986,1.3456,0.019355307727381237,2.48240859299808,0.9428304322156402,0.061449855091954136,0.014725746294967574,0.0036,0.0002834663007478492,0.0144,0.00021684760394375123,0.0185003139046916,0.28342389766949944,11,2.294420487493207,True
0.7113690768838533,0.0588585529319966,1.0875490083911474,1.3262193117285446,0.0596428760946812,0.0117560587631466,6.834985189576731,2.924489572466237,4.205922458983315,0.6600019773164494,2.0607493279137694,0.2944702258040076,0.2027209081447122,0.1885172293008847,0.6999571567187396,0.190189771920168,2.2771651605578898,0.5788360264410383,5.834124833334394,6.728353049427893,0.5324162949273473,0.993712624248862,0.8627748862812348,0.2645378942730433,0.4110406131351923,0.1703194104128535,0.0214129482847149,1.70726249990267,0.2055401216599823,0.1942261198125679,123.39607917624978,5.6243774223122145,100.0,51.85604862569084,174.23999999999998,31.633621388615392,357.72967001430624,2.294420487493207,110.32605515162965,5.554276513016016,100.0,45.52048835321769,174.23999999999998,30.849987583041354,350.610475936259,1.6195839948587951,0.8979813543011976,0.01996653349416604,0.0025000000000000005,0.0005210107069002201,0.005929,0.0003986624597736543,0.009348673166673874,1.572250967720123,0.00926344939416501,0.0015117371620104196,4e-06,2.5009259259259e-06,9e-06,2.285349247003318e-06,1.778627517292922e-05,1.2480384004803682,0.12579365328309974,0.03182827459401799,0.0009,0.0014675925925925928,0.0025000000000000005,0.0010130390636322111,0.005880631656224804,0.9883729522214444,0.028340288206694906,0.01047274311200331,0.0001,0.000203482905557985,0.0004,0.00010967834829001279,0.0008131612538479978,0.2924776737985983,0.0022057986442537963,0.007517151731069942,0.0004,9.259259259259198e-05,0.0009,5.6507570147927825e-05,0.0014491001627405199,0.46744368613008885,0.0331057166084569,0.1975968937788581,0.04000000000000001,0.039188102912426026,0.053824000000000004,0.03904453243105334,0.17205663534347937,0.40235161437154865,10.00761388733825,0.4963090572546632,4.0,0.4105021473767655,5.3824,0.24632268031301252,10.039224827689777,1.1070358640154272,0.014508315739838535,0.13912335435641723,1.0,0.1174532852706986,1.3456,0.019355307727381237,2.48240859299808,0.9428304322156402,0.061449855091954136,0.014725746294967574,0.0036,0.0002834663007478492,0.0144,0.00021684760394375123,0.0185003139046916,0.28342389766949944,11,2.294420487493207,True
0.7111023937098543,0.0585787127160572,1.1752567208893523,1.1723492483124425,0.0213393875610641,0.0066463664977523,10.01010683944476,4.350274228646107,2.639568741995083,0.5494409204802727,1.654636428751025,0.1159753458841791,0.178158601872033,0.3146279445881941,0.5147713198548359,0.0692741485779595,1.078701053981047,0.3960098723717569,6.495853625687074,5.851160800791537,0.3314025441547953,0.964515928995358,3.3106141352942915,0.2844544677128455,0.5424849344172458,0.1032232935587289,0.2803348614228602,1.6237561435130343,0.3357731779964125,0.1266659032017767,105.70192483111933,4.955979590043874,100.0,51.85604862569084,174.23999999999998,24.561733696931448,350.6577823226223,1.3725365178853581,108.55342234174978,4.936716042003472,100.0,45.52048835321769,174.23999999999998,24.37116527937443,344.1316536325921,1.53920284867881,1.0470245687331448,0.017331142395266973,0.0025000000000000005,0.0005210107069002201,0.005929,0.00030036849672502024,0.009250379203625241,0.030936427058681243,0.0036557521782969076,0.0013394901065964901,4e-06,2.5009259259259e-06,9e-06,1.7942337456698765e-06,1.729515967159578e-05,0.08277685328695644,0.09552300885980115,0.028444075658176984,0.0009,0.0014675925925925928,0.0025000000000000005,0.0008090654400480965,0.00567665803264069,0.6042053866997612,0.010803645462574018,0.009296517716979955,0.0001,0.000203482905557985,0.0004,8.64252416621222e-05,0.0007899081472201072,0.3272106339014172,0.0012275266601440137,0.006737427542730749,0.0004,9.259259259259198e-05,0.0009,4.53929298935469e-05,0.001437985522486139,0.4950444995425224,0.017369646075539424,0.17384730976161417,0.04000000000000001,0.039188102912426026,0.053824000000000004,0.030222887111350627,0.16323499002377667,0.4520290356904359,10.361442186351397,0.44090527502390603,4.0,0.4105021473767655,5.3824,0.19439746154390622,9.98729960892067,1.2218713949375803,0.007587775467833756,0.1215757639279725,1.0,0.1174532852706986,1.3456,0.014780666374670098,2.4778339516453687,0.9480968377214737,0.07842006550121766,0.013251297021080567,0.0036,0.0002834663007478492,0.0144,0.0001755968727408987,0.018459063173488745,0.1588346659858261,11,1.53920284867881,True
0.7111023937098543,0.0585787127160572,1.1752567208893523,1.1723492483124425,0.0213393875610641,0.0066463664977523,10.01010683944476,4.350274228646107,2.639568741995083,0.5494409204802727,1.654636428751025,0.1159753458841791,0.178158601872033,0.3146279445881941,0.5147713198548359,0.0692741485779595,1.078701053981047,0.3960098723717569,6.495853625687074,5.851160800791537,0.3314025441547953,0.964515928995358,3.3106141352942915,0.2844544677128455,0.5424849344172458,0.1032232935587289,0.2803348614228602,1.6237561435130343,0.3357731779964125,0.1266659032017767,105.70192483111933,4.955979590043874,100.0,51.85604862569084,174.23999999999998,24.561733696931448,350.6577823226223,1.3725365178853581,108.55342234174978,4.936716042003472,100.0,45.52048835321769,174.23999999999998,24.37116527937443,344.1316536325921,1.53920284867881,1.0470245687331448,0.017331142395266973,0.0025000000000000005,0.0005210107069002201,0.005929,0.00030036849672502024,0.009250379203625241,0.030936427058681243,0.0036557521782969076,0.0013394901065964901,4e-06,2.5009259259259e-06,9e-06,1.7942337456698765e-06,1.729515967159578e-05,0.08277685328695644,0.09552300885980115,0.028444075658176984,0.0009,0.0014675925925925928,0.0025000000000000005,0.0008090654400480965,0.00567665803264069,0.6042053866997612,0.010803645462574018,0.009296517716979955,0.0001,0.000203482905557985,0.0004,8.64252416621222e-05,0.0007899081472201072,0.3272106339014172,0.0012275266601440137,0.006737427542730749,0.0004,9.259259259259198e-05,0.0009,4.53929298935469e-05,0.001437985522486139,0.4950444995425224,0.017369646075539424,0.17384730976161417,0.04000000000000001,0.039188102912426026,0.053824000000000004,0.030222887111350627,0.16323499002377667,0.4520290356904359,10.361442186351397,0.44090527502390603,4.0,0.4105021473767655,5.3824,0.19439746154390622,9.98729960892067,1.2218713949375803,0.007587775467833756,0.1215757639279725,1.0,0.1174532852706986,1.3456,0.014780666374670098,2.4778339516453687,0.9480968377214737,0.07842006550121766,0.013251297021080567,0.0036,0.0002834663007478492,0.0144,0.0001755968727408987,0.018459063173488745,0.1588346659858261,11,1.53920284867881,True
0.7111023937098543,0.0585787127160572,1.1752567208893523,1.1723492483124425,0.0213393875610641,0.0066463664977523,10.01010683944476,4.350274228646107,2.639568741995083,0.5494409204802727,1.654636428751025,0.1159753458841791,0.178158601872033,0.3146279445881941,0.5147713198548359,0.0692741485779595,1.078701053981047,0.3960098723717569,6.495853625687074,5.851160800791537,0.3314025441547953,0.964515928995358,3.3106141352942915,0.2844544677128455,0.5424849344172458,0.1032232935587289,0.2803348614228602,1.6237561435130343,0.3357731779964125,0.1266659032017767,105.70192483111933,4.955979590043874,100.0,51.85604862569084,174.23999999999998,24.561733696931448,350.6577823226223,1.3725365178853581,108.55342234174978,4.936716042003472,100.0,45.52048835321769,174.23999999999998,24.37116527937443,344.1316536325921,1.53920284867881,1.0470245687331448,0.017331142395266973,0.0025000000000000005,0.0005210107069002201,0.005929,0.00030036849672502024,0.009250379203625241,0.030936427058681243,0.0036557521782969076,0.0013394901065964901,4e-06,2.5009259259259e-06,9e-06,1.7942337456698765e-06,1.729515967159578e-05,0.08277685328695644,0.09552300885980115,0.028444075658176984,0.0009,0.0014675925925925928,0.0025000000000000005,0.0008090654400480965,0.00567665803264069,0.6042053866997612,0.010803645462574018,0.009296517716979955,0.0001,0.000203482905557985,0.0004,8.64252416621222e-05,0.0007899081472201072,0.3272106339014172,0.0012275266601440137,0.006737427542730749,0.0004,9.259259259259198e-05,0.0009,4.53929298935469e-05,0.001437985522486139,0.4950444995425224,0.017369646075539424,0.17384730976161417,0.04000000000000001,0.039188102912426026,0.053824000000000004,0.030222887111350627,0.16323499002377667,0.4520290356904359,10.361442186351397,0.44090527502390603,4.0,0.4105021473767655,5.3824,0.19439746154390622,9.98729960892067,1.2218713949375803,0.007587775467833756,0.1215757639279725,1.0,0.1174532852706986,1.3456,0.014780666374670098,2.4778339516453687,0.9480968377214737,0.07842006550121766,0.013251297021080567,0.0036,0.0002834663007478492,0.0144,0.0001755968727408987,0.018459063173488745,0.1588346659858261,11,1.53920284867881,True
0.8267033157775611,0.0524341611506034,1.1943307615474814,1.4212665781524858,0.0589609310388374,0.0125111333137969,6.640913549857923,3.567269009116962,2.312402339101,0.852019110774537,1.5196307001885132,0.3433694144941493,0.2818641596799208,0.2515322499799551,0.6948906097988143,0.1602119783441493,1.1617854885563108,0.349780329078194,6.903971779951386,5.690147860313957,0.2898863859879116,1.8091723907109345,1.6217388000636173,0.5057425952744432,0.4412554407650504,0.3050933589004058,0.2958734419709766,1.2729528524247,0.1250500328273161,0.0791444708417084,135.98500655011335,4.955979590043874,100.0,51.85604862569084,174.23999999999998,24.561733696931448,350.6577823226223,2.9897163908534816,123.8232034840436,4.936716042003472,100.0,45.52048835321769,174.23999999999998,24.37116527937443,344.1316536325921,2.362336774679511,0.9313719684721739,0.017331142395266973,0.0025000000000000005,0.0005210107069002201,0.005929,0.00030036849672502024,0.009250379203625241,1.2334102573151533,0.008639122260497132,0.0013394901065964901,4e-06,2.5009259259259e-06,9e-06,1.7942337456698765e-06,1.729515967159578e-05,1.1155101602026347,0.17778793360969658,0.028444075658176984,0.0009,0.0014675925925925928,0.0025000000000000005,0.0008090654400480965,0.00567665803264069,1.6960688622317792,0.06437676687005436,0.009296517716979955,0.0001,0.000203482905557985,0.0004,8.64252416621222e-05,0.0007899081472201072,1.5789463051856343,0.0234025338437926,0.006737427542730749,0.0004,9.259259259259198e-05,0.0009,4.53929298935469e-05,0.001437985522486139,0.08972742341312202,0.7009971002412814,0.17384730976161417,0.04000000000000001,0.039188102912426026,0.053824000000000004,0.030222887111350627,0.16323499002377667,1.2400196968322224,11.181954911511335,0.44090527502390603,4.0,0.4105021473767655,5.3824,0.19439746154390622,9.98729960892067,1.4815052259447745,0.007587775467833756,0.1215757639279725,1.0,0.1174532852706986,1.3456,0.014780666374670098,2.4778339516453687,0.9480968377214737,0.08491467483286617,0.013251297021080567,0.0036,0.0002834663007478492,0.0144,0.0001755968727408987,0.018459063173488745,0.11103243081411938,11,2.9897163908534816,False
0.8267033157775611,0.0524341611506034,1.1943307615474814,1.4212665781524858,0.0589609310388374,0.0125111333137969,6.640913549857923,3.567269009116962,2.312402339101,0.852019110774537,1.5196307001885132,0.3433694144941493,0.2818641596799208,0.2515322499799551,0.6948906097988143,0.1602119783441493,1.1617854885563108,0.349780329078194,6.903971779951386,5.690147860313957,0.2898863859879116,1.8091723907109345,1.6217388000636173,0.5057425952744432,0.4412554407650504,0.3050933589004058,0.2958734419709766,1.2729528524247,0.1250500328273161,0.0791444708417084,135.98500655011335,4.955979590043874,100.0,51.85604862569084,174.23999999999998,24.561733696931448,350.6577823226223,2.9897163908534816,123.8232034840436,4.936716042003472,100.0,45.52048835321769,174.23999999999998,24.37116527937443,344.1316536325921,2.362336774679511,0.9313719684721739,0.017331142395266973,0.0025000000000000005,0.0005210107069002201,0.005929,0.00030036849672502024,0.009250379203625241,1.2334102573151533,0.008639122260497132,0.0013394901065964901,4e-06,2.5009259259259e-06,9e-06,1.7942337456698765e-06,1.729515967159578e-05,1.1155101602026347,0.17778793360969658,0.028444075658176984,0.0009,0.0014675925925925928,0.0025000000000000005,0.0008090654400480965,0.00567665803264069,1.6960688622317792,0.06437676687005436,0.009296517716979955,0.0001,0.000203482905557985,0.0004,8.64252416621222e-05,0.0007899081472201072,1.5789463051856343,0.0234025338437926,0.006737427542730749,0.0004,9.259259259259198e-05,0.0009,4.53929298935469e-05,0.001437985522486139,0.08972742341312202,0.7009971002412814,0.17384730976161417,0.04000000000000001,0.039188102912426026,0.053824000000000004,0.030222887111350627,0.16323499002377667,1.2400196968322224,11.181954911511335,0.44090527502390603,4.0,0.4105021473767655,5.3824,0.19439746154390622,9.98729960892067,1.4815052259447745,0.007587775467833756,0.1215757639279725,1.0,0.1174532852706986,1.3456,0.014780666374670098,2.4778339516453687,0.9480968377214737,0.08491467483286617,0.013251297021080567,0.0036,0.0002834663007478492,0.0144,0.0001755968727408987,0.018459063173488745,0.11103243081411938,11,2.9897163908534816,False
0.8267033157775611,0.0524341611506034,1.1943307615474814,1.4212665781524858,0.0589609310388374,0.0125111333137969,6.640913549857923,3.567269009116962,2.312402339101,0.852019110774537,1.5196307001885132,0.3433694144941493,0.2818641596799208,0.2515322499799551,0.6948906097988143,0.1602119783441493,1.1617854885563108,0.349780329078194,6.903971779951386,5.690147860313957,0.2898863859879116,1.8091723907109345,1.6217388000636173,0.5057425952744432,0.4412554407650504,0.3050933589004058,0.2958734419709766,1.2729528524247,0.1250500328273161,0.0791444708417084,135.98500655011335,4.955979590043874,100.0,51.85604862569084,174.23999999999998,24.561733696931448,350.6577823226223,2.9897163908534816,123.8232034840436,4.936716042003472,100.0,45.52048835321769,174.23999999999998,24.37116527937443,344.1316536325921,2.362336774679511,0.9313719684721739,0.017331142395266973,0.0025000000000000005,0.0005210107069002201,0.005929,0.00030036849672502024,0.009250379203625241,1.2334102573151533,0.008639122260497132,0.0013394901065964901,4e-06,2.5009259259259e-06,9e-06,1.7942337456698765e-06,1.729515967159578e-05,1.1155101602026347,0.17778793360969658,0.028444075658176984,0.0009,0.0014675925925925928,0.0025000000000000005,0.0008090654400480965,0.00567665803264069,1.6960688622317792,0.06437676687005436,0.009296517716979955,0.0001,0.000203482905557985,0.0004,8.64252416621222e-05,0.0007899081472201072,1.5789463051856343,0.0234025338437926,0.006737427542730749,0.0004,9.259259259259198e-05,0.0009,4.53929298935469e-05,0.001437985522486139,0.08972742341312202,0.7009971002412814,0.17384730976161417,0.04000000000000001,0.039188102912426026,0.053824000000000004,0.030222887111350627,0.16323499002377667,1.2400196968322224,11.181954911511335,0.44090527502390603,4.0,0.4105021473767655,5.3824,0.19439746154390622,9.98729960892067,1.4815052259447745,0.007587775467833756,0.1215757639279725,1.0,0.1174532852706986,1.3456,0.014780666374670098,2.4778339516453687,0.9480968377214737,0.08491467483286617,0.013251297021080567,0.0036,0.0002834663007478492,0.0144,0.0001755968727408987,0.018459063173488745,0.11103243081411938,11,2.9897163908534816,False
0.8060381117258923,0.0730728780254759,1.2004508819670812,1.49037594459151,0.0560347644610105,0.0034629170444733,8.571637742987171,4.039856187757483,3.7269759171307086,0.5943199125570007,1.5906572413014028,0.2410952687817076,0.2078619956660313,0.2255862655591202,0.6451394651811773,0.1377558806823781,1.8943593563163603,0.451365389108342,6.004292155216987,5.205672615376309,0.3722917296626507,1.3078803729932236,0.4883899447769949,0.3595261511542276,0.2010595852876198,0.2423973227825925,0.2376768858783891,1.4847479805164012,0.2736418170274173,0.1892879429831129,137.21613865161527,4.955979590043874,100.0,51.85604862569084,174.23999999999998,24.561733696931448,350.6577823226223,3.0554614188525666,122.89079159101328,4.936716042003471,100.0,45.52048835321769,174.23999999999998,24.371165279374413,344.131653632592,2.3120741117763743,0.912538833162966,0.017331142395266973,0.0025000000000000005,0.0005210107069002201,0.005929,0.00030036849672502024,0.009250379203625241,1.4292238602942466,0.010338876411360012,0.0013394901065964901,4e-06,2.5009259259259e-06,9e-06,1.7942337456698765e-06,1.729515967159578e-05,1.5242282147535313,0.1516127302801844,0.028444075658176984,0.0009,0.0014675925925925928,0.0025000000000000005,0.0008090654400480965,0.00567665803264069,1.3486577563806825,0.042506118802928226,0.009296517716979955,0.0001,0.000203482905557985,0.0004,8.64252416621222e-05,0.0007899081472201072,0.8007783269116947,0.019706699317867324,0.006737427542730748,0.0004,9.259259259259198e-05,0.0009,4.539292989354689e-05,0.001437985522486139,0.007734563622662476,0.9990765212550095,0.17384730976161417,0.04000000000000001,0.039188102912426026,0.053824000000000004,0.030222887111350627,0.16323499002377667,1.9777971272791361,11.317540521904629,0.44090527502390603,4.0,0.4105021473767655,5.3824,0.19439746154390622,9.98729960892067,1.52440841364244,0.007587775467833756,0.1215757639279725,1.0,0.1174532852706986,1.3456,0.014780666374670098,2.4778339516453687,0.9480968377214737,0.07786896921789502,0.013251297021080567,0.0036,0.0002834663007478492,0.0144,0.0001755968727408987,0.018459063173488745,0.16289089674466004,11,3.0554614188525666,False
0.8060381117258923,0.0730728780254759,1.2004508819670812,1.49037594459151,0.0560347644610105,0.0034629170444733,8.571637742987171,4.039856187757483,3.7269759171307086,0.5943199125570007,1.5906572413014028,0.2410952687817076,0.2078619956660313,0.2255862655591202,0.6451394651811773,0.1377558806823781,1.8943593563163603,0.451365389108342,6.004292155216987,5.205672615376309,0.3722917296626507,1.3078803729932236,0.4883899447769949,0.3595261511542276,0.2010595852876198,0.2423973227825925,0.2376768858783891,1.4847479805164012,0.2736418170274173,0.1892879429831129,137.21613865161527,4.955979590043874,100.0,51.85604862569084,174.23999999999998,24.561733696931448,350.6577823226223,3.0554614188525666,122.89079159101328,4.936716042003471,100.0,45.52048835321769,174.23999999999998,24.371165279374413,344.131653632592,2.3120741117763743,0.912538833162966,0.017331142395266973,0.0025000000000000005,0.0005210107069002201,0.005929,0.00030036849672502024,0.009250379203625241,1.4292238602942466,0.010338876411360012,0.0013394901065964901,4e-06,2.5009259259259e-06,9e-06,1.7942337456698765e-06,1.729515967159578e-05,1.5242282147535313,0.1516127302801844,0.028444075658176984,0.0009,0.0014675925925925928,0.0025000000000000005,0.0008090654400480965,0.00567665803264069,1.3486577563806825,0.042506118802928226,0.009296517716979955,0.0001,0.000203482905557985,0.0004,8.64252416621222e-05,0.0007899081472201072,0.8007783269116947,0.019706699317867324,0.006737427542730748,0.0004,9.259259259259198e-05,0.0009,4.539292989354689e-05,0.001437985522486139,0.007734563622662476,0.9990765212550095,0.17384730976161417,0.04000000000000001,0.039188102912426026,0.053824000000000004,0.030222887111350627,0.16323499002377667,1.9777971272791361,11.317540521904629,0.44090527502390603,4.0,0.4105021473767655,5.3824,0.19439746154390622,9.98729960892067,1.52440841364244,0.007587775467833756,0.1215757639279725,1.0,0.1174532852706986,1.3456,0.014780666374670098,2.4778339516453687,0.9480968377214737,0.07786896921789502,0.013251297021080567,0.0036,0.0002834663007478492,0.0144,0.0001755968727408987,0.018459063173488745,0.16289089674466004,11,3.0554614188525666,False
0.8060381117258923,0.0730728780254759,1.2004508819670812,1.49037594459151,0.0560347644610105,0.0034629170444733,8.571637742987171,4.039856187757483,3.7269759171307086,0.5943199125570007,1.5906572413014028,0.2410952687817076,0.2078619956660313,0.2255862655591202,0.6451394651811773,0.1377558806823781,1.8943593563163603,0.451365389108342,6.004292155216987,5.205672615376309,0.3722917296626507,1.3078803729932236,0.4883899447769949,0.3595261511542276,0.2010595852876198,0.2423973227825925,0.2376768858783891,1.4847479805164012,0.2736418170274173,0.1892879429831129,137.21613865161527,4.955979590043874,100.0,51.85604862569084,174.23999999999998,24.561733696931448,350.6577823226223,3.0554614188525666,122.89079159101328,4.936716042003471,100.0,45.52048835321769,174.23999999999998,24.371165279374413,344.131653632592,2.3120741117763743,0.912538833162966,0.017331142395266973,0.0025000000000000005,0.0005210107069002201,0.005929,0.00030036849672502024,0.009250379203625241,1.4292238602942466,0.010338876411360012,0.0013394901065964901,4e-06,2.5009259259259e-06,9e-06,1.7942337456698765e-06,1.729515967159578e-05,1.5242282147535313,0.1516127302801844,0.028444075658176984,0.0009,0.0014675925925925928,0.0025000000000000005,0.0008090654400480965,0.00567665803264069,1.3486577563806825,0.042506118802928226,0.009296517716979955,0.0001,0.000203482905557985,0.0004,8.64252416621222e-05,0.0007899081472201072,0.8007783269116947,0.019706699317867324,0.006737427542730748,0.0004,9.259259259259198e-05,0.0009,4.539292989354689e-05,0.001437985522486139,0.007734563622662476,0.9990765212550095,0.17384730976161417,0.04000000000000001,0.039188102912426026,0.053824000000000004,0.030222887111350627,0.16323499002377667,1.9777971272791361,11.317540521904629,0.44090527502390603,4.0,0.4105021473767655,5.3824,0.19439746154390622,9.98729960892067,1.52440841364244,0.007587775467833756,0.1215757639279725,1.0,0.1174532852706986,1.3456,0.014780666374670098,2.4778339516453687,0.9480968377214737,0.07786896921789502,0.013251297021080567,0.0036,0.0002834663007478492,0.0144,0.0001755968727408987,0.018459063173488745,0.16289089674466004,11,3.0554614188525666,False
