alpha_mean,alpha_std,wage,productivity,loan_rate,deposit_rate,bank_credit_multiplier,hh_debt_cap_multiplier,firm_debt_cap_multiplier,adaptation_rate,price_elasticity,skill_wage_weight,demand_smoothing,seed,Employment_mean,UnemploymentRate_mean,Output_mean,Consumption_mean,Transfers_mean,AvgPrice_mean,HH_Debt_mean,HH_Deposit_mean,Firm_Debt_mean,Bank_Equity_mean,BankFailed_mean,BankResolved_mean,BankResolutionAmount_mean,BankResolutionHaircut_mean,BankBailedOut_mean,BankBailoutAmount_mean,Defaults_mean,DefaultsHH_mean,DefaultsFirm_mean,BalanceOK_mean,DefaultsHH_rate,DefaultsFirm_rate,BalanceOK_share,BankFailed_share,BankResolved_share,BankBailedOut_share,bad_run,error
0.7657541352821882,0.09721723662105887,1.170950987021273,1.3908491483455632,0.027483415237203,0.005594890140295806,6.478103760500009,2.8238332034830815,1.786324064755343,0.6057922409690119,2.2798666636268825,0.04519737762497382,0.2082269754626437,0,0.0,1.0,0.0,0.0,0.0,0.8881475842379073,2.456931544844167,0.0,0.0,0.9999999999999998,0.0,0.0,0.0,0.06960194617384959,0.0,0.3893736501181554,0.0,0.0,0.0,1.0,0.0051111111111111105,0.0,1.0,0.0,0.15555555555555556,0.12222222222222222,True,
0.7657541352821882,0.09721723662105887,1.170950987021273,1.3908491483455632,0.027483415237203,0.005594890140295806,6.478103760500009,2.8238332034830815,1.786324064755343,0.6057922409690119,2.2798666636268825,0.04519737762497382,0.2082269754626437,1,0.0,1.0,0.0,0.0,0.0,0.8869226970578526,0.0019038323404980456,0.0,0.0,1.0,0.0,0.0,0.0,0.049087494587886964,0.0,0.4255055288569792,0.0,0.0,0.0,1.0,0.005222222222222223,0.0,1.0,0.0,0.12777777777777777,0.1,True,
0.7657541352821882,0.09721723662105887,1.170950987021273,1.3908491483455632,0.027483415237203,0.005594890140295806,6.478103760500009,2.8238332034830815,1.786324064755343,0.6057922409690119,2.2798666636268825,0.04519737762497382,0.2082269754626437,2,0.0,1.0,1.0690036455320526e-07,9.412777344943604e-08,0.0,0.8990517033932617,0.0008587871520866988,0.0,0.0,1.0,0.0,0.0,0.0,0.05829640099170051,0.0,0.48987732393630584,0.0,0.0,0.0,1.0,0.005388888888888888,0.0,1.0,0.0,0.12222222222222222,0.14444444444444443,True,
0.8322935185797891,0.1062731447332648,1.1907943823028861,1.7325729933732448,0.05623550274378687,0.008755651730916043,5.088118879073745,3.637452258753539,2.4030328143427333,0.7055284808381888,1.60336865635563,0.20430013347509657,0.1669157983922653,0,10.0,0.8999999999999998,17.76726929712573,12.726936910370432,1.190794382302886,0.7237437431794594,11.334532437222766,0.04730216694386467,0.01017654218558804,2.3172857847992305,0.0,0.03333333333333333,0.19650867377911296,0.048936568867650215,0.0,0.2282285817769831,0.03333333333333333,0.03333333333333333,0.0,1.0,0.004055555555555555,0.0,1.0,0.0,0.1,0.016666666666666666,False,
0.8322935185797891,0.1062731447332648,1.1907943823028861,1.7325729933732448,0.05623550274378687,0.008755651730916043,5.088118879073745,3.637452258753539,2.4030328143427333,0.7055284808381888,1.60336865635563,0.20430013347509657,0.1669157983922653,1,22.0,0.7800000000000001,39.021683119386765,27.98919936539233,2.619747641066351,0.7240059787477304,18.370736282905458,0.11691358571509967,0.018616871396167363,2.7388588021557596,0.0,0.03333333333333333,0.15290985426186438,0.03426364962921275,0.0,0.2578116557212387,0.06666666666666667,0.06666666666666667,0.0,1.0,0.004611111111111111,0.0,1.0,0.0,0.13333333333333333,0.016666666666666666,False,
0.8322935185797891,0.1062731447332648,1.1907943823028861,1.7325729933732448,0.05623550274378687,0.008755651730916043,5.088118879073745,3.637452258753539,2.4030328143427333,0.7055284808381888,1.60336865635563,0.20430013347509657,0.1669157983922653,2,10.0,0.8999999999999998,17.212687562672524,12.442375557738005,1.190794382302886,0.730695493880774,10.102470405538622,0.04710544028987007,0.005722570103063327,1.9749110852832799,0.0,0.03333333333333333,0.1353229461306054,0.039491632433917206,0.0,0.2559928307918308,0.03333333333333333,0.03333333333333333,0.0,1.0,0.004166666666666667,0.0,1.0,0.0,0.10555555555555556,0.011111111111111112,False,
0.7934041692149361,0.030452776631609533,1.4105084708601536,1.1303166041570727,0.06489619541423357,0.024340504147898376,9.349841812585613,4.6724207505200095,3.806458650612812,0.7570234639373346,2.6519773400637385,0.460820878306643,0.14766409808012504,0,11.0,0.8900000000000001,12.31370214487736,15.705518361778012,1.5515593179461697,1.3199198336318951,18.772811569206475,0.048573584214570746,0.01972726248294475,1.9783225291875683,0.0,0.1,0.567294807167387,0.0594378303962194,0.0,1.3781447376648288,0.1,0.1,0.0,1.0,0.006277777777777778,0.0,1.0,0.0,0.12777777777777777,0.03888888888888889,False,
0.7934041692149361,0.030452776631609533,1.4105084708601536,1.1303166041570727,0.06489619541423357,0.024340504147898376,9.349841812585613,4.6724207505200095,3.806458650612812,0.7570234639373346,2.6519773400637385,0.460820878306643,0.14766409808012504,1,12.0,0.8799999999999998,13.507068504120857,17.257819193846583,1.692610165032185,1.3175055876632813,22.977320350936775,0.0,0.014526752228552655,2.589841956996795,0.0,0.13333333333333333,0.7679968283524949,0.05001280857844631,0.0,1.3930097234881353,0.13333333333333333,0.13333333333333333,0.0,1.0,0.006388888888888888,0.0,1.0,0.0,0.11666666666666667,0.022222222222222223,False,
0.7934041692149361,0.030452776631609533,1.4105084708601536,1.1303166041570727,0.06489619541423357,0.024340504147898376,9.349841812585613,4.6724207505200095,3.806458650612812,0.7570234639373346,2.6519773400637385,0.460820878306643,0.14766409808012504,2,11.133333333333333,0.8886666666666663,9.81305237810459,12.707339827726907,1.5703660975576375,1.3405939793120258,2.504234323272379,0.01846387947179351,0.3853687706690323,0.13606933784726974,0.0,0.13333333333333333,1.342366805748658,0.055812399841879905,0.0,1.3037692139961758,0.26666666666666666,0.26666666666666666,0.0,1.0,0.006555555555555556,0.0,1.0,0.0,0.10555555555555556,0.022222222222222223,False,
0.8310793195324431,0.10220749451934642,0.9670545686622212,1.4266077247812046,0.06022464061394288,0.027317990019599423,9.532163094833045,2.400513432559946,3.0847465364546713,0.315450376473348,1.1086101209817196,0.33436895220511387,0.218027013953387,0,20.966666666666665,0.7903333333333331,30.82147058066039,21.808389655785327,2.0275910789617906,0.7159983196470759,17.50812411063122,0.01850133220435712,0.0,1.9238160547218564,0.0,0.23333333333333334,0.6251935477656064,0.025515493785787362,0.0,0.3553317435302295,0.3,0.3,0.0,1.0,0.007333333333333333,0.0,1.0,0.0,0.18333333333333332,0.011111111111111112,False,
0.8310793195324431,0.10220749451934642,0.9670545686622212,1.4266077247812046,0.06022464061394288,0.027317990019599423,9.532163094833045,2.400513432559946,3.0847465364546713,0.315450376473348,1.1086101209817196,0.33436895220511387,0.218027013953387,1,20.0,0.8000000000000003,29.135728069649186,20.576394449825994,1.934109137324442,0.7139758650588024,17.46500823737491,0.015488957300846772,0.0,1.2081545266434048,0.0,0.1,0.3635094584964262,0.018704475593224166,0.0,0.3660811277712963,0.2,0.2,0.0,1.0,0.006722222222222223,0.0,1.0,0.0,0.11666666666666667,0.005555555555555556,False,
0.8310793195324431,0.10220749451934642,0.9670545686622212,1.4266077247812046,0.06022464061394288,0.027317990019599423,9.532163094833045,2.400513432559946,3.0847465364546713,0.315450376473348,1.1086101209817196,0.33436895220511387,0.218027013953387,2,66.2,0.33799999999999997,95.53682332274838,69.9697794996604,6.401901244543903,0.7464213563145987,38.87813363344637,0.039891472497064685,0.0,3.9236029564557366,0.0,0.16666666666666666,1.1536992900511707,0.023023270668302894,0.0,0.3641575307792725,0.5333333333333333,0.5333333333333333,0.0,1.0,0.007722222222222222,0.0,1.0,0.0,0.11666666666666667,0.011111111111111112,False,
0.699230858819361,0.051244389922872884,1.226358981203502,1.6122263129957504,0.0638383947939603,0.020127161438541163,7.656795616699272,4.587787445938217,3.20209198572231,0.8033743043731363,2.6250221931623257,0.11470210249220417,0.118981733798458,0,21.0,0.7899999999999998,34.74838735958947,27.3824532331468,2.5753538605273554,0.8015288834739664,22.3672922499119,0.39255298116914705,0.006781445141921069,3.102021595351865,0.0,0.13333333333333333,0.6960447663957413,0.036396949079927146,0.0,0.619070671469401,0.13333333333333333,0.13333333333333333,0.0,1.0,0.004555555555555556,0.0,1.0,0.0,0.1388888888888889,0.016666666666666666,False,
0.699230858819361,0.051244389922872884,1.226358981203502,1.6122263129957504,0.0638383947939603,0.020127161438541163,7.656795616699272,4.587787445938217,3.20209198572231,0.8033743043731363,2.6250221931623257,0.11470210249220417,0.118981733798458,1,22.0,0.7800000000000001,36.27259042899128,28.661722276354798,2.6979897586477053,0.8026530092962939,30.545423857563232,0.42472865185991676,0.0,3.417100437525835,0.0,0.13333333333333333,0.8411664642388408,0.030593146032774746,0.0,0.7452759474719045,0.16666666666666666,0.16666666666666666,0.0,1.0,0.0044444444444444444,0.0,1.0,0.0,0.1111111111111111,0.016666666666666666,False,
0.699230858819361,0.051244389922872884,1.226358981203502,1.6122263129957504,0.0638383947939603,0.020127161438541163,7.656795616699272,4.587787445938217,3.20209198572231,0.8033743043731363,2.6250221931623257,0.11470210249220417,0.118981733798458,2,40.63333333333333,0.5936666666666668,68.78880080563204,54.762802950656784,4.983105326956896,0.8097362532619035,27.984893367972198,0.6733892506585077,0.0,3.880251066454971,0.0,0.2,1.0294799482342802,0.03866810092085715,0.0,0.7166821743778604,0.2,0.2,0.0,1.0,0.004888888888888889,0.0,1.0,0.0,0.17222222222222222,0.022222222222222223,False,
0.7538654181113843,0.12018242235326806,1.0634512546452792,1.7808225143876748,0.05546621824184224,0.002826508164668567,9.913757519467822,3.6695674079886658,4.035693822552497,0.44323139875819306,2.3780263998931375,0.03172623723194049,0.3422144545115073,0,0.0,1.0,0.0,0.0,0.0,0.6287251778082834,0.3391690124118477,0.0,0.0,0.9999999999999998,0.0,0.0,0.0,0.04683035274011138,0.0,0.7808069672156478,0.0,0.0,0.0,1.0,0.005277777777777778,0.0,1.0,0.0,0.05555555555555555,0.044444444444444446,True,
0.7538654181113843,0.12018242235326806,1.0634512546452792,1.7808225143876748,0.05546621824184224,0.002826508164668567,9.913757519467822,3.6695674079886658,4.035693822552497,0.44323139875819306,2.3780263998931375,0.03172623723194049,0.3422144545115073,1,0.0,1.0,0.0,0.0,0.0,0.6280989931357073,0.5500659379401295,0.0,0.0,0.04653560258456615,0.0,0.0,0.0,0.06858995738640253,0.0,0.8933324315181346,0.0,0.0,0.0,1.0,0.005833333333333334,0.0,1.0,0.0,0.07222222222222222,0.05555555555555555,True,
0.7538654181113843,0.12018242235326806,1.0634512546452792,1.7808225143876748,0.05546621824184224,0.002826508164668567,9.913757519467822,3.6695674079886658,4.035693822552497,0.44323139875819306,2.3780263998931375,0.03172623723194049,0.3422144545115073,2,0.0,1.0,0.0,0.0,0.0,0.6345857741412512,0.5130898517476556,0.0,0.0,1.0,0.0,0.0,0.0,0.04969147129600111,0.0,0.9026770515209767,0.0,0.0,0.0,1.0,0.005388888888888888,0.0,1.0,0.0,0.05555555555555555,0.03888888888888889,True,
0.5862877481199138,0.1040475988220663,1.010308051860883,1.5707995023369727,0.050259369169171675,0.008200258590901698,5.995793424782364,3.5651576839722754,2.1646933274735614,0.306650168701567,1.7505228986417296,0.08739841804330334,0.06434339885218282,0,41.0,0.5900000000000001,64.15894261684713,44.91994455880929,4.142263012629622,0.7058837135398045,20.95625103267276,4.558004728465518,0.0,3.149955633772063,0.0,0.03333333333333333,0.23318342510865217,0.009489871028199938,0.0,0.0,0.1,0.1,0.0,1.0,0.0025555555555555553,0.0,1.0,0.0,0.10555555555555556,0.0,False,
0.5862877481199138,0.1040475988220663,1.010308051860883,1.5707995023369727,0.050259369169171675,0.008200258590901698,5.995793424782364,3.5651576839722754,2.1646933274735614,0.306650168701567,1.7505228986417296,0.08739841804330334,0.06434339885218282,1,40.0,0.6000000000000001,62.92454026164146,44.827697727264294,4.041232207443531,0.7030927939571193,13.613364122992715,4.802743470502131,0.008341116540254089,2.6216606795096893,0.0,0.03333333333333333,0.267130556177246,0.0055052388282097265,0.0,0.0,0.06666666666666667,0.06666666666666667,0.0,1.0,0.002,0.0,1.0,0.0,0.06111111111111111,0.0,False,
0.5862877481199138,0.1040475988220663,1.010308051860883,1.5707995023369727,0.050259369169171675,0.008200258590901698,5.995793424782364,3.5651576839722754,2.1646933274735614,0.306650168701567,1.7505228986417296,0.08739841804330334,0.06434339885218282,2,38.0,0.62,59.459969742674694,41.88551816668279,3.8391705970713565,0.7123467628931529,7.925563363884838,3.3402188682496603,0.0006869870951305238,0.908753068894001,0.0,0.03333333333333333,0.22987864969417518,0.006426635196360187,0.0,0.0,0.06666666666666667,0.06666666666666667,0.0,1.0,0.0022222222222222222,0.0,1.0,0.0,0.07777777777777778,0.0,False,
0.7102993406594744,0.07617365586987118,1.3856038637561499,0.9943439938755981,0.05402410327121078,0.01880481100108239,4.2868847908645344,2.605472728571294,3.545192482740399,0.711755668641999,2.409883506021039,0.2908332468051572,0.18637012038837342,0,87.0,0.12999999999999998,88.10897080602315,130.97853119706494,12.05475361467851,1.5312796989046358,19.950881589541932,0.0,0.0,4.292713666404849,0.0,0.0,0.0,0.007473721464504178,0.0,0.0,0.06666666666666667,0.06666666666666667,0.0,1.0,0.003611111111111111,0.0,1.0,0.0,0.07777777777777778,0.0,False,
0.7102993406594744,0.07617365586987118,1.3856038637561499,0.9943439938755981,0.05402410327121078,0.01880481100108239,4.2868847908645344,2.605472728571294,3.545192482740399,0.711755668641999,2.409883506021039,0.2908332468051572,0.18637012038837342,1,83.1,0.169,84.98516474209238,126.97304167279069,11.514368107813612,1.530485445987956,21.482525462575815,0.1827833868351148,0.0,4.938131842750035,0.0,0.1,1.1515396827337043,0.009394978563091757,0.0,0.0,0.3333333333333333,0.3333333333333333,0.0,1.0,0.004055555555555555,0.0,1.0,0.0,0.09444444444444444,0.0,False,
0.7102993406594744,0.07617365586987118,1.3856038637561499,0.9943439938755981,0.05402410327121078,0.01880481100108239,4.2868847908645344,2.605472728571294,3.545192482740399,0.711755668641999,2.409883506021039,0.2908332468051572,0.18637012038837342,2,81.96666666666667,0.18033333333333335,81.29827016226099,123.8403673602194,11.357333003254581,1.568684250082898,26.80955277773402,0.0,0.0,6.579094414245799,0.0,0.03333333333333333,0.39044499623223833,0.009295702626288527,0.0,0.0,0.1,0.1,0.0,1.0,0.004,0.0,1.0,0.0,0.08333333333333333,0.0,False,
0.8926128905922619,0.09382782746714492,1.3562666972863548,1.5173674127422725,0.038289158721607604,0.011444982816170738,9.998023913232018,2.508307412551837,4.119464791459864,0.6871787780510861,2.1116571043830183,0.05281245205169213,0.33090517354084775,0,0.0,1.0,5.411492306775039e-07,5.016614825103674e-07,0.0,0.9421632746130181,6.58851029301499,0.0,0.0,2.4731755898963423,0.0,0.06666666666666667,0.3935297025697532,0.04537871767525914,0.0,0.6351759513449896,0.2,0.2,0.0,1.0,0.008611111111111111,0.006666666666666666,1.0,0.0,0.17777777777777778,0.027777777777777776,True,
0.8926128905922619,0.09382782746714492,1.3562666972863548,1.5173674127422725,0.038289158721607604,0.011444982816170738,9.998023913232018,2.508307412551837,4.119464791459864,0.6871787780510861,2.1116571043830183,0.05281245205169213,0.33090517354084775,1,10.0,0.8999999999999998,14.876199436642159,14.16482300475907,1.3562666972863555,0.9565878310769534,10.298033026456041,0.012058879741388077,0.0,0.4101483852456093,0.0,0.0,0.0,0.04318537207333417,0.0,0.6550958198626302,0.0,0.0,0.0,1.0,0.006388888888888888,0.0022222222222222222,1.0,0.0,0.12222222222222222,0.03333333333333333,False,
0.8926128905922619,0.09382782746714492,1.3562666972863548,1.5173674127422725,0.038289158721607604,0.011444982816170738,9.998023913232018,2.508307412551837,4.119464791459864,0.6871787780510861,2.1116571043830183,0.05281245205169213,0.33090517354084775,2,0.0,1.0,0.0,0.0,0.0,0.952644931402737,0.033282133858919,0.0,0.0,1.0,0.0,0.0,0.0,0.04367578598196479,0.0,0.6488579163530284,0.0,0.0,0.0,1.0,0.005555555555555556,0.0,1.0,0.0,0.06666666666666667,0.03888888888888889,True,
0.6475560659358988,0.11249625365801362,1.2512183367844592,1.625758244493217,0.045435974519037386,0.012587137777664605,4.579380625432954,4.260297204791368,1.862642753377652,0.8404974269701131,1.6464022211027292,0.17029873717150226,0.12595315887556352,0,21.0,0.7899999999999998,34.999246121155316,28.225713176319438,2.627558507247363,0.8156804065415909,20.98907865252683,2.3655937593564063,0.0,4.792604749899976,0.0,0.1,0.5004599393309311,0.02848863028479689,0.0,0.05632994578315011,0.1,0.1,0.0,1.0,0.002833333333333333,0.0,1.0,0.0,0.1,0.016666666666666666,False,
0.6475560659358988,0.11249625365801362,1.2512183367844592,1.625758244493217,0.045435974519037386,0.012587137777664605,4.579380625432954,4.260297204791368,1.862642753377652,0.8404974269701131,1.6464022211027292,0.17029873717150226,0.12595315887556352,1,22.0,0.7800000000000001,36.535955812375065,29.8702764352925,2.752680340925809,0.828466559470931,20.16867047706209,1.5618284649385383,0.024746146231568233,4.5027240968908115,0.0,0.06666666666666667,0.5017411340842765,0.02178830960447317,0.0,0.20684447469546216,0.1,0.1,0.0,1.0,0.002833333333333333,0.0,1.0,0.0,0.07222222222222222,0.011111111111111112,False,
0.6475560659358988,0.11249625365801362,1.2512183367844592,1.625758244493217,0.045435974519037386,0.012587137777664605,4.579380625432954,4.260297204791368,1.862642753377652,0.8404974269701131,1.6464022211027292,0.17029873717150226,0.12595315887556352,2,10.0,0.8999999999999998,15.854103983682428,12.826048831868272,1.2512183367844592,0.8191448041177242,10.827067060971187,1.3396930629004276,0.0003243494174116656,2.3797884022739084,0.0,0.0,0.0,0.03570494671245683,0.0,0.06098905022370096,0.0,0.0,0.0,1.0,0.0026666666666666666,0.0,1.0,0.0,0.07777777777777778,0.016666666666666666,False,
0.8852728181793461,0.08470443695202429,1.4468597350553236,1.1094555439399525,0.052377184954706266,0.02403047042044003,7.282841633122691,2.880478162322546,4.408433980617127,0.7001874174579783,1.6311819370218652,0.29679766079834324,0.2562075201465529,0,10.0,0.8999999999999998,11.365167818823316,15.296712917310833,1.4468597350553243,1.379801968108524,18.19547555376522,0.011920334099921456,0.007137655915084746,2.6689432202452212,0.0,0.16666666666666666,0.6050386099425736,0.04479452987879466,0.0,0.4647787862572216,0.16666666666666666,0.16666666666666666,0.0,1.0,0.005888888888888889,0.0,1.0,0.0,0.1388888888888889,0.016666666666666666,False,
0.8852728181793461,0.08470443695202429,1.4468597350553236,1.1094555439399525,0.052377184954706266,0.02403047042044003,7.282841633122691,2.880478162322546,4.408433980617127,0.7001874174579783,1.6311819370218652,0.29679766079834324,0.2562075201465529,1,0.0,1.0,0.0,0.0,0.0,1.3772120762572433,0.04232186181819709,0.0,0.0,1.0,0.0,0.0,0.0,0.04486253362264525,0.0,0.7053612864078023,0.0,0.0,0.0,1.0,0.005388888888888888,0.0,1.0,0.0,0.05555555555555555,0.06111111111111111,True,
0.8852728181793461,0.08470443695202429,1.4468597350553236,1.1094555439399525,0.052377184954706266,0.02403047042044003,7.282841633122691,2.880478162322546,4.408433980617127,0.7001874174579783,1.6311819370218652,0.29679766079834324,0.2562075201465529,2,0.0,1.0,0.0,0.0,0.0,1.401907952906504,0.1842947397103103,0.0,0.0,1.0,0.0,0.0,0.0,0.06884210662920953,0.0,0.5440586400033521,0.0,0.0,0.0,1.0,0.005444444444444444,0.0,1.0,0.0,0.08888888888888889,0.06111111111111111,True,
0.7583699748645888,0.10964118374718931,1.1058256826382202,1.4080881672419538,0.05578628821285661,0.0034463658830486813,11.25834692837569,3.4406874998867063,3.048289240607782,0.6106607179986121,1.58867028298957,0.36250988725795363,0.14071941630116827,0,50.2,0.4980000000000001,73.96156566266356,60.33320754282226,5.551244926843867,0.8283792292171237,34.059937239405336,0.4040795799384694,0.0,1.2617660417292138,0.0,0.13333333333333333,0.9285869646449083,0.031606134703036755,0.0,0.44961871920786967,0.26666666666666666,0.26666666666666666,0.0,1.0,0.006055555555555555,0.0,1.0,0.0,0.16666666666666666,0.011111111111111112,False,
0.7583699748645888,0.10964118374718931,1.1058256826382202,1.4080881672419538,0.05578628821285661,0.0034463658830486813,11.25834692837569,3.4406874998867063,3.048289240607782,0.6106607179986121,1.58867028298957,0.36250988725795363,0.14071941630116827,1,33.0,0.6700000000000003,47.815570046001774,39.500964328279956,3.649224752706128,0.8397042562781254,29.478868850008908,0.5004840424415877,0.0,2.682576311170727,0.0,0.26666666666666666,0.9060798296941979,0.035435136038274806,0.0,0.5214917486373635,0.26666666666666666,0.26666666666666666,0.0,1.0,0.006388888888888888,0.0,1.0,0.0,0.21666666666666667,0.016666666666666666,False,
0.7583699748645888,0.10964118374718931,1.1058256826382202,1.4080881672419538,0.05578628821285661,0.0034463658830486813,11.25834692837569,3.4406874998867063,3.048289240607782,0.6106607179986121,1.58867028298957,0.36250988725795363,0.14071941630116827,2,60.233333333333334,0.3976666666666668,85.95922976364112,72.9138064552922,6.660756695090882,0.8698355452874842,48.84772029366048,0.32937763112630947,0.0,3.354377134865212,0.0,0.2,1.6293778818735283,0.027242554613274204,0.0,0.5902183241988282,0.4666666666666667,0.4666666666666667,0.0,1.0,0.007055555555555556,0.0,1.0,0.0,0.15,0.011111111111111112,False,
0.6079679127507641,0.10302275407133761,0.9657092111231257,1.673963216105287,0.04129449401703254,0.004643457060650259,11.459199852719719,3.0490260890038234,4.246578396890367,0.43117902149750204,1.125686092235697,0.44141999232446183,0.1871525599307681,0,20.4,0.796,35.24607431645544,21.335781545291347,1.970046790691177,0.610476403156116,21.232546837669858,1.988405481358791,0.0,1.8935585765483613,0.0,0.2,0.518045596327169,0.01611854845673017,0.0,0.0,0.2,0.2,0.0,1.0,0.003388888888888889,0.0,1.0,0.0,0.12777777777777777,0.0,False,
0.6079679127507641,0.10302275407133761,0.9657092111231257,1.673963216105287,0.04129449401703254,0.004643457060650259,11.459199852719719,3.0490260890038234,4.246578396890367,0.43117902149750204,1.125686092235697,0.44141999232446183,0.1871525599307681,1,42.0,0.58,71.47133937775423,44.08304512371448,4.055978686717127,0.6233946894254249,27.971540151247,3.086526602005249,0.0038889960306725683,1.4435196501656975,0.0,0.1,0.6062132356651413,0.009086851684196942,0.0,0.0,0.23333333333333334,0.23333333333333334,0.0,1.0,0.0030555555555555557,0.0,1.0,0.0,0.08333333333333333,0.0,False,
0.6079679127507641,0.10302275407133761,0.9657092111231257,1.673963216105287,0.04129449401703254,0.004643457060650259,11.459199852719719,3.0490260890038234,4.246578396890367,0.43117902149750204,1.125686092235697,0.44141999232446183,0.1871525599307681,2,48.03333333333333,0.5196666666666666,81.33061750042324,49.99379692484855,4.638623244094747,0.6191998341272317,35.291495079699324,2.188907625101268,0.0,3.069563278638029,0.0,0.03333333333333333,0.19164202130581492,0.011711421157071788,0.0,0.0,0.06666666666666667,0.06666666666666667,0.0,1.0,0.003333333333333333,0.0,1.0,0.0,0.08888888888888889,0.0,False,
0.8747589599087914,0.12384303431739427,1.2322922226112252,1.0472672909821352,0.013861166671890184,0.005410965596360803,5.1940032747118865,3.4771632896890705,2.4924569980661575,0.4181101250140249,1.6476208570446123,0.328691388658398,0.3137530909815186,0,92.0,0.07999999999999999,97.55103076295426,124.15209147195517,11.337088448023273,1.2972762573081986,40.00126750652421,0.0,0.0,7.8717974448480765,0.0,0.0,0.0,0.0007093648369020965,0.0,0.0,0.0,0.0,0.0,1.0,0.0008333333333333333,0.0,1.0,0.0,0.011111111111111112,0.0,False,
0.8747589599087914,0.12384303431739427,1.2322922226112252,1.0472672909821352,0.013861166671890184,0.005410965596360803,5.1940032747118865,3.4771632896890705,2.4924569980661575,0.4181101250140249,1.6476208570446123,0.328691388658398,0.3137530909815186,1,84.0,0.16000000000000006,89.5734294885408,112.48976443424021,10.35125466993429,1.2847703084358273,30.9917191925557,0.0,0.0,4.021286936961089,0.0,0.0,0.0,0.0,0.0,0.0,0.03333333333333333,0.03333333333333333,0.0,1.0,0.0006666666666666666,0.0,1.0,0.0,0.0,0.0,False,
0.8747589599087914,0.12384303431739427,1.2322922226112252,1.0472672909821352,0.013861166671890184,0.005410965596360803,5.1940032747118865,3.4771632896890705,2.4924569980661575,0.4181101250140249,1.6476208570446123,0.328691388658398,0.3137530909815186,2,85.0,0.15000000000000005,88.59412053891417,114.02813615390416,10.474483892195412,1.314841345075415,42.08771050362957,0.0,0.0,7.018202432516407,0.0,0.0,0.0,0.0,0.0,0.0,0.06666666666666667,0.06666666666666667,0.0,1.0,0.0006666666666666666,0.0,1.0,0.0,0.0,0.0,False,
0.8130390850144853,0.04615041701998518,1.2161229922535313,1.4703325079515803,0.0286995508376893,0.019488122565540177,4.805829001595569,3.5821858375158575,2.254522096043835,0.5547068650466649,1.586463859275086,0.19717693951136656,0.15938767954280186,0,62.733333333333334,0.37266666666666654,95.57630280468405,83.79856023818093,7.629144904737155,0.892623545694713,2.5758771203155555,0.24114147901407576,0.0,0.5718605461925386,0.0,0.0,0.0,0.0019499252068334839,0.0,0.0,0.0,0.0,0.0,1.0,0.0011111111111111111,0.0,1.0,0.0,0.022222222222222223,0.0,False,
0.8130390850144853,0.04615041701998518,1.2161229922535313,1.4703325079515803,0.0286995508376893,0.019488122565540177,4.805829001595569,3.5821858375158575,2.254522096043835,0.5547068650466649,1.586463859275086,0.19717693951136656,0.15938767954280186,1,65.0,0.34999999999999987,98.43361151198647,86.34005833418817,7.9047994496479514,0.8913700245906565,22.00319304534221,0.20927713771725048,0.0,4.625154134861825,0.0,0.0,0.0,0.0023644700337984554,0.0,0.0,0.0,0.0,0.0,1.0,0.0011666666666666668,0.0,1.0,0.0,0.027777777777777776,0.0,False,
0.8130390850144853,0.04615041701998518,1.2161229922535313,1.4703325079515803,0.0286995508376893,0.019488122565540177,4.805829001595569,3.5821858375158575,2.254522096043835,0.5547068650466649,1.586463859275086,0.19717693951136656,0.15938767954280186,2,64.0,0.35999999999999993,95.32291600824483,85.08314926934472,7.783187150422602,0.9079662513787597,22.65012668996202,0.18246095602614962,0.0,4.528185195953823,0.0,0.0,0.0,0.0024414518189932793,0.0,0.0,0.0,0.0,0.0,1.0,0.0011666666666666668,0.0,1.0,0.0,0.027777777777777776,0.0,False,
0.7824417723288213,0.05323592231786105,1.3167979377098376,0.9833473718480042,0.018119314449716564,0.003846547608552296,4.38066291955095,4.7904768267025855,1.8653976994264039,0.6213390842991313,2.5924551794023927,0.42758558905279487,0.2742883520525578,0,88.0,0.12000000000000002,88.8546420368901,124.92043774575403,11.58782185184657,1.4536113483055548,107.8222306728463,0.0,0.0,22.735668011752356,0.0,0.0,0.0,0.0,0.0,0.0,0.06666666666666667,0.06666666666666667,0.0,1.0,0.0003333333333333333,0.0,1.0,0.0,0.0,0.0,False,
0.7824417723288213,0.05323592231786105,1.3167979377098376,0.9833473718480042,0.018119314449716564,0.003846547608552296,4.38066291955095,4.7904768267025855,1.8653976994264039,0.6213390842991313,2.5924551794023927,0.42758558905279487,0.2742883520525578,1,89.0,0.10999999999999996,90.07602014369354,127.72284462512371,11.719501645617548,1.4596568824098242,49.11206487585729,0.0,0.0,11.17311189151922,0.0,0.0,0.0,0.0,0.0,0.0,0.0,0.0,0.0,1.0,0.0003888888888888889,0.0,1.0,0.0,0.0,0.0,False,
0.7824417723288213,0.05323592231786105,1.3167979377098376,0.9833473718480042,0.018119314449716564,0.003846547608552296,4.38066291955095,4.7904768267025855,1.8653976994264039,0.6213390842991313,2.5924551794023927,0.42758558905279487,0.2742883520525578,2,89.0,0.10999999999999996,89.0055169315532,127.55834994691794,11.719501645617562,1.4925632687549635,73.88146440054656,0.0,0.0,16.987594527278866,0.0,0.0,0.0,0.0,0.0,0.0,0.0,0.0,0.0,1.0,0.0003333333333333333,0.0,1.0,0.0,0.0,0.0,False,
0.818058549831669,0.12078826297382991,1.4271823002092576,1.2186022099639597,0.05954635855971045,0.027625023660200306,10.63698571241396,2.1707381597319895,4.080304093228722,0.801026941669795,2.0865377511843524,0.44729444259472007,0.21636267597276612,0,10.366666666666667,0.8963333333333334,12.65508519755435,15.278827977105196,1.4795123178835976,1.237421945790677,17.88541490083949,0.0,0.003823659006711428,1.750622532895663,0.0,0.2,0.5833173028422379,0.03152357249469973,0.0,0.39086828751966507,0.23333333333333334,0.23333333333333334,0.0,1.0,0.006777777777777778,0.0,1.0,0.0,0.13333333333333333,0.011111111111111112,False,
0.818058549831669,0.12078826297382991,1.4271823002092576,1.2186022099639597,0.05954635855971045,0.027625023660200306,10.63698571241396,2.1707381597319895,4.080304093228722,0.801026941669795,2.0865377511843524,0.44729444259472007,0.21636267597276612,1,10.0,0.8999999999999998,11.678503716908407,14.111381350539254,1.427182300209258,1.2353811469405704,21.665141261902328,0.0,0.005605115847761235,1.8513060247225506,0.0,0.2,0.7160933153403684,0.03404009466918183,0.0,0.37788900677016546,0.3,0.3,0.0,1.0,0.007277777777777777,0.0,1.0,0.0,0.17222222222222222,0.011111111111111112,False,
0.818058549831669,0.12078826297382991,1.4271823002092576,1.2186022099639597,0.05954635855971045,0.027625023660200306,10.63698571241396,2.1707381597319895,4.080304093228722,0.801026941669795,2.0865377511843524,0.44729444259472007,0.21636267597276612,2,26.266666666666666,0.7373333333333333,32.12467056313808,39.381415292617355,3.748732175216317,1.259962954646077,40.24106487197273,0.0,0.0,3.025408408485769,0.0,0.13333333333333333,0.7899107370642591,0.026775332616146792,0.0,0.40126393819601774,0.3333333333333333,0.3333333333333333,0.0,1.0,0.008,0.0,1.0,0.0,0.1388888888888889,0.011111111111111112,False,
0.6629573129516589,0.06807482367581555,1.2410848055009145,1.086333080311738,0.05009480563312094,0.01226253877135905,10.721464313605257,3.948916768901822,2.291487460539705,0.4252513896459804,1.25981841429205,0.20750601707202762,0.3365344056279357,0,0.0,1.0,0.0,0.0,0.0,1.2091762619211102,0.11522469784630886,0.0,0.0,1.0,0.0,0.0,0.0,0.0564125578922829,0.0,1.079611397848583,0.0,0.0,0.0,1.0,0.005222222222222223,0.0,1.0,0.0,0.06111111111111111,0.06666666666666667,True,
0.6629573129516589,0.06807482367581555,1.2410848055009145,1.086333080311738,0.05009480563312094,0.01226253877135905,10.721464313605257,3.948916768901822,2.291487460539705,0.4252513896459804,1.25981841429205,0.20750601707202762,0.3365344056279357,1,0.0,1.0,0.0,0.0,0.0,1.206839031326365,0.17608273133740154,0.0,0.0,1.0,0.0,0.0,0.0,0.059522306294722285,0.0,1.1733801827283126,0.0,0.0,0.0,1.0,0.005333333333333333,0.0,1.0,0.0,0.07222222222222222,0.05555555555555555,True,
0.6629573129516589,0.06807482367581555,1.2410848055009145,1.086333080311738,0.05009480563312094,0.01226253877135905,10.721464313605257,3.948916768901822,2.291487460539705,0.4252513896459804,1.25981841429205,0.20750601707202762,0.3365344056279357,2,0.0,1.0,0.0,0.0,0.0,1.2290531696220495,0.19899885616925958,0.0,0.0,1.0,0.0,0.0,0.0,0.04702932661946952,0.0,1.0983582080437804,0.0,0.0,0.0,1.0,0.005277777777777778,0.0,1.0,0.0,0.05555555555555555,0.05,True,
0.8110558831421668,0.06143701548180858,1.3181969177351518,1.7301792138616368,0.05099976714150928,0.011870630579711147,6.2062804515428365,2.1276959385016956,1.6088639645842897,0.388585394210341,2.189936114102688,0.414497467084045,0.08816120955841264,0,33.03333333333333,0.669666666666667,57.11381367009108,45.74872045677466,4.354443818251784,0.8122783739986471,26.10223197673394,0.33478305705524375,0.0,1.0022113603567182,0.0,0.0,0.0,0.011222052603024042,0.0,0.09642565047716567,0.06666666666666667,0.06666666666666667,0.0,1.0,0.004,0.0,1.0,0.0,0.03333333333333333,0.005555555555555556,False,
0.8110558831421668,0.06143701548180858,1.3181969177351518,1.7301792138616368,0.05099976714150928,0.011870630579711147,6.2062804515428365,2.1276959385016956,1.6088639645842897,0.388585394210341,2.189936114102688,0.414497467084045,0.08816120955841264,1,33.0,0.6700000000000003,58.36201389008347,46.479105046663925,4.350049828526001,0.8065715544421447,28.671780157118672,0.36054986504463,0.0,3.7686068368846284,0.0,0.03333333333333333,0.2622379903826916,0.012431093967265142,0.0,0.08949335412944782,0.06666666666666667,0.06666666666666667,0.0,1.0,0.003944444444444444,0.0,1.0,0.0,0.03888888888888889,0.005555555555555556,False,
0.8110558831421668,0.06143701548180858,1.3181969177351518,1.7301792138616368,0.05099976714150928,0.011870630579711147,6.2062804515428365,2.1276959385016956,1.6088639645842897,0.388585394210341,2.189936114102688,0.414497467084045,0.08816120955841264,2,28.0,0.7199999999999999,48.45678473128546,39.13148280371958,3.6909513696584244,0.8159338458434389,24.295391791654712,0.31120725700125806,0.00041837511686776776,2.5477164064545805,0.0,0.03333333333333333,0.27296724900966624,0.013235955418931102,0.0,0.06735435617192873,0.06666666666666667,0.06666666666666667,0.0,1.0,0.004222222222222222,0.0,1.0,0.0,0.05555555555555555,0.005555555555555556,False,
0.5820369021444238,0.12349572769787434,1.1147532159427425,1.2530745732252933,0.021562733108954273,0.023475452288140384,6.149677077920895,2.1862018871431017,3.270487084689293,0.6617923907663297,0.9835119997552042,0.2783245464669924,0.09279989444129993,0,50.0,0.5,62.890017117287826,59.32174636259438,5.573766079713715,0.9583162033908917,74.12087463932407,7.891090516691908,3.12467087461202,28.112826803495963,0.0,0.0,0.0,0.0,0.0,0.0,0.03333333333333333,0.03333333333333333,0.0,1.0,0.00016666666666666666,0.0005555555555555556,1.0,0.0,0.0,0.0,False,
0.5820369021444238,0.12349572769787434,1.1147532159427425,1.2530745732252933,0.021562733108954273,0.023475452288140384,6.149677077920895,2.1862018871431017,3.270487084689293,0.6617923907663297,0.9835119997552042,0.2783245464669924,0.09279989444129993,1,49.0,0.51,60.37678762490275,57.27294238328583,5.462290758119441,0.9573013000724868,73.57392111695484,6.804729649567952,25.323669505624004,24.00084481392131,0.0,0.0,0.0,0.0,0.0,0.0,0.0,0.0,0.0,1.0,0.0002777777777777778,0.0005555555555555556,1.0,0.0,0.0,0.0,False,
0.5820369021444238,0.12349572769787434,1.1147532159427425,1.2530745732252933,0.021562733108954273,0.023475452288140384,6.149677077920895,2.1862018871431017,3.270487084689293,0.6617923907663297,0.9835119997552042,0.2783245464669924,0.09279989444129993,2,48.0,0.5199999999999999,59.10853307555631,56.4364650433226,5.350815436525163,0.9690498589876925,72.0849664945702,6.027504393785294,16.844200407306257,26.874561290602273,0.0,0.0,0.0,0.0,0.0,0.0,0.0,0.0,0.0,1.0,0.00022222222222222223,0.0005555555555555556,1.0,0.0,0.0,0.0,False,
0.697352348343595,0.06974815102517859,0.963468060168613,1.492899984337233,0.04586624524082103,0.024100558767217707,6.529462079556058,2.6717877812774447,2.8362259946617785,0.34194867635468035,1.826375169047186,0.05025305246658833,0.3241166965147184,0,10.0,0.8999999999999998,15.39102169667862,10.314822944584337,0.9634680601686127,0.6803618628595349,11.302207180182007,0.0,0.0007429639452557183,1.7947705009372492,0.0,0.13333333333333333,0.3255875988757739,0.0270221889937203,0.0,0.4358079191069313,0.13333333333333333,0.13333333333333333,0.0,1.0,0.0057777777777777775,0.0,1.0,0.0,0.09444444444444444,0.005555555555555556,False,
0.697352348343595,0.06974815102517859,0.963468060168613,1.492899984337233,0.04586624524082103,0.024100558767217707,6.529462079556058,2.6717877812774447,2.8362259946617785,0.34194867635468035,1.826375169047186,0.05025305246658833,0.3241166965147184,1,0.0,1.0,1.0191246018482347e-41,6.831744184407205e-42,0.0,0.6795080200694827,0.018643826398241248,3.796097964000437e-42,0.0,0.37352614807542917,0.0,0.0,0.0,0.03879534837465862,0.0,0.4323558148659003,0.0,0.0,0.0,1.0,0.005833333333333334,0.0016666666666666666,1.0,0.0,0.1,0.027777777777777776,True,
0.697352348343595,0.06974815102517859,0.963468060168613,1.492899984337233,0.04586624524082103,0.024100558767217707,6.529462079556058,2.6717877812774447,2.8362259946617785,0.34194867635468035,1.826375169047186,0.05025305246658833,0.3241166965147184,2,0.0,1.0,0.0,0.0,0.0,0.6880704542460815,0.023974736083629607,0.0,0.0,1.0,0.0,0.0,0.0,0.0505329554324294,0.0,0.4756007963907049,0.0,0.0,0.0,1.0,0.0055000000000000005,0.0,1.0,0.0,0.06666666666666667,0.03888888888888889,True,
0.6286385850713798,0.11432033736711837,1.4365979471354164,1.4691027114322515,0.058521726167445026,0.022583750548927528,9.048544429074528,2.9565186284493787,4.720595132495626,0.5170563301714819,0.9691342279422832,0.15031957387393174,0.16745483513282478,0,31.0,0.6900000000000002,45.11517277106019,47.34836035678002,4.453453636119791,1.0609938352110688,35.77851903929772,4.592939098989836,0.0,2.5246672599516864,0.0,0.06666666666666667,0.5082918510450635,0.014880374830436874,0.0,0.0,0.16666666666666666,0.16666666666666666,0.0,1.0,0.0035555555555555557,0.0,1.0,0.0,0.11666666666666667,0.0,False,
0.6286385850713798,0.11432033736711837,1.4365979471354164,1.4691027114322515,0.058521726167445026,0.022583750548927528,9.048544429074528,2.9565186284493787,4.720595132495626,0.5170563301714819,0.9691342279422832,0.15031957387393174,0.16745483513282478,1,20.0,0.8000000000000003,30.070196938135073,31.116563436610306,2.8731958942708338,1.0403720248795936,29.817553828923792,1.6575883117254013,0.0,3.419568642763652,0.0,0.2,1.0098141863108145,0.023223333775385185,0.0,0.0,0.26666666666666666,0.26666666666666666,0.0,1.0,0.004166666666666667,0.0,1.0,0.0,0.15,0.0,False,
0.6286385850713798,0.11432033736711837,1.4365979471354164,1.4691027114322515,0.058521726167445026,0.022583750548927528,9.048544429074528,2.9565186284493787,4.720595132495626,0.5170563301714819,0.9691342279422832,0.15031957387393174,0.16745483513282478,2,30.0,0.6999999999999997,44.42526946495186,47.195135004515905,4.309793841406249,1.069011146934319,34.39657482797836,2.6170633720498273,0.0038614178979936666,3.0284324767259574,0.0,0.13333333333333333,1.1484641030126554,0.022030892015205458,0.0,0.0,0.3,0.3,0.0,1.0,0.004388888888888889,0.0,1.0,0.0,0.14444444444444443,0.0,False,
0.6847016581547996,0.1014328721061928,1.2216022254271766,1.6516891690077282,0.03343760091492086,0.0010640153483146865,6.099685905477258,3.024898196349607,3.1590218878436334,0.36927619858284394,2.7212366356831854,0.44354659498823834,0.26258829076862766,0,0.0,1.0,8.377911611221214e-34,6.419282936207453e-34,0.0,0.7790825855262483,1.938235527692107,3.9808496910646e-34,0.0,0.1995251128107008,0.0,0.0,0.0,0.042413402691301456,0.0,0.2744194802559271,0.03333333333333333,0.03333333333333333,0.0,1.0,0.004055555555555555,0.0011111111111111111,1.0,0.0,0.09444444444444444,0.027777777777777776,True,
0.6847016581547996,0.1014328721061928,1.2216022254271766,1.6516891690077282,0.03343760091492086,0.0010640153483146865,6.099685905477258,3.024898196349607,3.1590218878436334,0.36927619858284394,2.7212366356831854,0.44354659498823834,0.26258829076862766,1,0.0,1.0,0.0,0.0,0.0,0.7782267212567476,0.005531987101310355,0.0,0.0,1.0,0.0,0.0,0.0,0.0614096261431306,0.0,0.4446913731676772,0.0,0.0,0.0,1.0,0.0044444444444444444,0.0,1.0,0.0,0.1111111111111111,0.05555555555555555,True,
0.6847016581547996,0.1014328721061928,1.2216022254271766,1.6516891690077282,0.03343760091492086,0.0010640153483146865,6.099685905477258,3.024898196349607,3.1590218878436334,0.36927619858284394,2.7212366356831854,0.44354659498823834,0.26258829076862766,2,0.0,1.0,0.0,0.0,0.0,0.7869695866382295,0.003133875904293033,0.0,0.0,1.0,0.0,0.0,0.0,0.04462085040390253,0.0,0.48354183043669013,0.0,0.0,0.0,1.0,0.0045000000000000005,0.0,1.0,0.0,0.08888888888888889,0.03888888888888889,True,
0.5887114136464274,0.05504055326141242,1.3947506139682881,1.847182936730875,0.06915961341795744,0.002650369176085619,5.263153984002168,3.7619925606718407,2.048467697077814,0.40640055326084584,1.2454538729615119,0.4425692112451788,0.29703171025929,0,0.0,1.0,0.0,0.0,0.0,0.7947969819785459,0.13968701402339298,0.0,0.0,0.9999999999999997,0.0,0.0,0.0,0.04846182713346891,0.0,0.21894137933900057,0.0,0.0,0.0,1.0,0.0030555555555555557,0.0,1.0,0.0,0.08333333333333333,0.05,True,
0.5887114136464274,0.05504055326141242,1.3947506139682881,1.847182936730875,0.06915961341795744,0.002650369176085619,5.263153984002168,3.7619925606718407,2.048467697077814,0.40640055326084584,1.2454538729615119,0.4425692112451788,0.29703171025929,1,10.0,0.8999999999999998,19.23818576952819,15.169004793631863,1.3947506139682888,0.7940419889334128,9.851000141244295,0.29978639082767156,0.058486507930851334,1.803591184836137,0.0,0.03333333333333333,0.32501834464262414,0.035144323419176775,0.0,0.09860918467744398,0.06666666666666667,0.06666666666666667,0.0,1.0,0.0031111111111111114,0.0,1.0,0.0,0.1,0.011111111111111112,False,
0.5887114136464274,0.05504055326141242,1.3947506139682881,1.847182936730875,0.06915961341795744,0.002650369176085619,5.263153984002168,3.7619925606718407,2.048467697077814,0.40640055326084584,1.2454538729615119,0.4425692112451788,0.29703171025929,2,0.0,1.0,0.0,0.0,0.0,0.8019168230715865,0.734419794221282,0.0,0.0,1.0,0.0,0.0,0.0,0.04890032783736514,0.0,0.21774289015145834,0.0,0.0,0.0,1.0,0.0031666666666666666,0.0,1.0,0.0,0.07222222222222222,0.05,True,
0.7816123023767035,0.12976603485612065,0.9529040393939804,1.2963234442964924,0.01559676690305067,0.025939026046751742,10.92877693295494,4.410770067120044,1.9508713709676362,0.26171970739363437,2.1323733625737553,0.4798164544595891,0.11952358390466299,0,0.0,1.0,5.810985750286704e-07,4.4107700671200443e-07,0.0,0.7760657405252902,0.4656663416985124,0.0,0.0,1.0,0.0,0.06666666666666667,1.1909079181224105e-05,0.09213366531778303,0.06666666666666667,0.44205462685299435,0.1,0.1,0.0,1.0,0.004277777777777778,0.0,1.0,0.0,0.16111111111111112,0.09444444444444444,True,
0.7816123023767035,0.12976603485612065,0.9529040393939804,1.2963234442964924,0.01559676690305067,0.025939026046751742,10.92877693295494,4.410770067120044,1.9508713709676362,0.26171970739363437,2.1323733625737553,0.4798164544595891,0.11952358390466299,1,0.0,1.0,1.6452469358427617e-05,1.2497181856840112e-05,0.0,0.7748890628102462,19.64579361810599,0.0,0.0,1.0,0.0,0.03333333333333333,1.2350156187936112e-05,0.09193589023514159,0.23333333333333334,0.5500632323728614,0.26666666666666666,0.26666666666666666,0.0,1.0,0.004611111111111111,0.0,1.0,0.0,0.17222222222222222,0.1388888888888889,True,
0.7816123023767035,0.12976603485612065,0.9529040393939804,1.2963234442964924,0.01559676690305067,0.025939026046751742,10.92877693295494,4.410770067120044,1.9508713709676362,0.26171970739363437,2.1323733625737553,0.4798164544595891,0.11952358390466299,2,0.0,1.0,0.0,0.0,0.0,0.7863990695491734,0.000736147954461383,0.0,0.0,1.0,0.0,0.0,0.0,0.08555635140650165,0.0,0.45959097121746423,0.0,0.0,0.0,1.0,0.0044444444444444444,0.0,1.0,0.0,0.15555555555555556,0.08333333333333333,True,
0.7226241691614429,0.057653312950887534,1.28619587636495,1.275433577251607,0.02300905318855181,0.019823814628374282,9.613724485688095,4.076129799240656,3.0652904812428687,0.6538926076433499,2.1949155270858123,0.36032244169270833,0.1993199361326988,0,0.0,1.0,1.3061411382154964e-07,1.3587099330802185e-07,0.0,1.0648701494480732,2.772454155020334,0.0,0.0,0.9999999999999998,0.0,0.03333333333333333,1.3587099330802182e-07,0.09172156148465198,0.03333333333333333,1.0166434439214724,0.03333333333333333,0.03333333333333333,0.0,1.0,0.005222222222222223,0.0,1.0,0.0,0.1388888888888889,0.11666666666666667,True,
0.7226241691614429,0.057653312950887534,1.28619587636495,1.275433577251607,0.02300905318855181,0.019823814628374282,9.613724485688095,4.076129799240656,3.0652904812428687,0.6538926076433499,2.1949155270858123,0.36032244169270833,0.1993199361326988,1,0.0,1.0,0.0,0.0,0.0,1.0632196433162082,0.4347223241513611,0.0,0.0,1.0,0.0,0.0,0.0,0.07967752169249596,0.0,0.9988861590799446,0.0,0.0,0.0,1.0,0.005277777777777778,0.0,1.0,0.0,0.1111111111111111,0.10555555555555556,True,
0.7226241691614429,0.057653312950887534,1.28619587636495,1.275433577251607,0.02300905318855181,0.019823814628374282,9.613724485688095,4.076129799240656,3.0652904812428687,0.6538926076433499,2.1949155270858123,0.36032244169270833,0.1993199361326988,2,0.0,1.0,0.0,0.0,0.0,1.0793199184335966,1.7476122031364636,0.0,0.0,1.0,0.0,0.0,0.0,0.07571420063703459,0.0,1.0936768745986452,0.0,0.0,0.0,1.0,0.005277777777777778,0.0,1.0,0.0,0.1388888888888889,0.10555555555555556,True,
0.8610456012360891,0.1296001277556843,1.4140132917698072,1.8224969438828866,0.026663166416509797,0.01680087704194413,7.869675527420606,2.121327678127618,3.8653809189818613,0.7837541225977618,2.2185669420741174,0.14216114959867943,0.2981449210812643,0,45.36666666666667,0.5463333333333334,85.24830312116737,70.31281600948464,6.414906966995692,0.8352832383917916,23.8518822304545,0.0,0.0034438094598831072,1.967536980928258,0.0,0.03333333333333333,0.2482849290905352,0.010474432909310365,0.0,0.0,0.03333333333333333,0.03333333333333333,0.0,1.0,0.0034444444444444444,0.0,1.0,0.0,0.12222222222222222,0.0,False,
0.8610456012360891,0.1296001277556843,1.4140132917698072,1.8224969438828866,0.026663166416509797,0.01680087704194413,7.869675527420606,2.121327678127618,3.8653809189818613,0.7837541225977618,2.2185669420741174,0.14216114959867943,0.2981449210812643,1,22.333333333333332,0.776666666666667,41.957941888618514,33.87837954918566,3.1579630182859026,0.8159623560584142,22.255281748144203,0.0,0.0,2.2245710239894065,0.0,0.03333333333333333,0.14484789420605135,0.012631469137536152,0.0,0.0,0.06666666666666667,0.06666666666666667,0.0,1.0,0.0036666666666666666,0.0,1.0,0.0,0.1388888888888889,0.0,False,
0.8610456012360891,0.1296001277556843,1.4140132917698072,1.8224969438828866,0.026663166416509797,0.01680087704194413,7.869675527420606,2.121327678127618,3.8653809189818613,0.7837541225977618,2.2185669420741174,0.14216114959867943,0.2981449210812643,2,28.0,0.7199999999999999,52.04065624603308,42.38343191730261,3.9592372169554597,0.824175888637438,21.71350603154867,0.0,0.0,2.492535041085215,0.0,0.0,0.0,0.01654661286037185,0.0,0.0,0.03333333333333333,0.03333333333333333,0.0,1.0,0.004055555555555555,0.0,1.0,0.0,0.18333333333333332,0.0,False,
0.6256188242211466,0.09664767887766472,0.9759546249178312,1.9080210467220398,0.01765236098026885,0.01838167447902676,10.247313656048423,3.407184818861053,2.749415969666819,0.38703058994764783,1.74009524517591,0.20851130527720807,0.13067068150170952,0,21.633333333333333,0.7836666666666668,38.06926414470686,20.309372959563177,2.1113151719055763,0.5383171848634398,31.06286040721377,1.542267288418921,0.4608101791675279,1.1580102870412625,0.0,0.16666666666666666,0.41355196385301657,0.00476449985284158,0.0,0.0,0.16666666666666666,0.16666666666666666,0.0,1.0,0.0010555555555555555,0.0011111111111111111,1.0,0.0,0.05,0.0,False,
0.6256188242211466,0.09664767887766472,0.9759546249178312,1.9080210467220398,0.01765236098026885,0.01838167447902676,10.247313656048423,3.407184818861053,2.749415969666819,0.38703058994764783,1.74009524517591,0.20851130527720807,0.13067068150170952,1,35.233333333333334,0.6476666666666666,64.14771669566693,34.31226222981148,3.438613461793827,0.5399995540610001,92.7855433505446,1.8923481886692186,9.748511613609404,10.279672445145401,0.0,0.0,0.0,0.0,0.0,0.0,0.16666666666666666,0.16666666666666666,0.0,1.0,0.00044444444444444447,0.0011111111111111111,1.0,0.0,0.0,0.0,False,
0.6256188242211466,0.09664767887766472,0.9759546249178312,1.9080210467220398,0.01765236098026885,0.01838167447902676,10.247313656048423,3.407184818861053,2.749415969666819,0.38703058994764783,1.74009524517591,0.20851130527720807,0.13067068150170952,2,37.8,0.6219999999999998,67.84153614584184,36.93829496505425,3.7118807567708183,0.5529613238180923,138.08235802593202,0.8450166742913848,63.664517976038745,33.827970780851544,0.0,0.0,0.0,0.0,0.0,0.0,0.3,0.23333333333333334,0.06666666666666667,1.0,0.0005555555555555556,0.0016666666666666666,1.0,0.0,0.0,0.0,False,
0.7144457895355528,0.11983753018250197,1.0394407606051663,1.0981014327255145,0.06422182294495757,0.015449264950506504,7.451860465002458,3.9005147853956803,4.3013150407089205,0.4704179536393443,1.6410306940634887,0.2516235727900755,0.20193543237955602,0,21.0,0.7899999999999998,23.842593177099026,23.423330143691434,2.182825597270849,1.0068273825616345,19.606758114842467,0.4082834833377721,0.0,2.7657594756726174,0.0,0.2,0.7290316109124356,0.03360911642192859,0.0,0.4767040964041074,0.2,0.2,0.0,1.0,0.005944444444444444,0.0,1.0,0.0,0.15555555555555556,0.011111111111111112,False,
0.7144457895355528,0.11983753018250197,1.0394407606051663,1.0981014327255145,0.06422182294495757,0.015449264950506504,7.451860465002458,3.9005147853956803,4.3013150407089205,0.4704179536393443,1.6410306940634887,0.2516235727900755,0.20193543237955602,1,10.0,0.8999999999999998,10.891688741139161,10.641670948573902,1.0394407606051663,0.9997760239168438,13.617053062327596,0.010436533590185136,0.03000183694157155,1.8871500870694171,0.0,0.1,0.4566651358920751,0.04089251614758131,0.0,0.528737681511485,0.13333333333333333,0.13333333333333333,0.0,1.0,0.0057777777777777775,0.0,1.0,0.0,0.15555555555555556,0.016666666666666666,False,
0.7144457895355528,0.11983753018250197,1.0394407606051663,1.0981014327255145,0.06422182294495757,0.015449264950506504,7.451860465002458,3.9005147853956803,4.3013150407089205,0.4704179536393443,1.6410306940634887,0.2516235727900755,0.20193543237955602,2,48.5,0.515,55.73812249722296,55.19437068661373,5.041287688935058,1.017933836034988,23.87470151087547,0.2881827963770526,0.0,3.430479328856488,0.0,0.2,1.0036829724224323,0.03760382421814376,0.0,0.5396239345666449,0.26666666666666666,0.26666666666666666,0.0,1.0,0.006500000000000001,0.0,1.0,0.0,0.17777777777777778,0.016666666666666666,False,
0.9064178773246779,0.09075203497265186,1.0905350737695847,1.1192516181029346,0.02277750137030088,0.012670379791218895,10.441662945762532,4.184153360790429,2.013751122005491,0.6981008162126888,2.854377865777627,0.22565805194126465,0.22780264266029,0,0.0,1.0,1.970560789797843e-21,1.957190944770093e-21,0.0,1.0307444635069227,8.689631140086739,8.223706861336264e-22,0.0,2.2716364315854736,0.0,0.0,0.0,0.07548852424081123,0.0,1.051235592796712,0.03333333333333333,0.03333333333333333,0.0,1.0,0.006666666666666666,0.0038888888888888888,1.0,0.0,0.16666666666666666,0.06111111111111111,True,
0.9064178773246779,0.09075203497265186,1.0905350737695847,1.1192516181029346,0.02277750137030088,0.012670379791218895,10.441662945762532,4.184153360790429,2.013751122005491,0.6981008162126888,2.854377865777627,0.22565805194126465,0.22780264266029,1,0.0,1.0,0.0,0.0,0.0,1.028833242442569,0.0045196865906352995,0.0,0.0,1.0,0.0,0.0,0.0,0.06704042874504079,0.0,1.0533348111885306,0.0,0.0,0.0,1.0,0.005555555555555556,0.0,1.0,0.0,0.10555555555555556,0.05555555555555555,True,
0.9064178773246779,0.09075203497265186,1.0905350737695847,1.1192516181029346,0.02277750137030088,0.012670379791218895,10.441662945762532,4.184153360790429,2.013751122005491,0.6981008162126888,2.854377865777627,0.22565805194126465,0.22780264266029,2,0.0,1.0,4.715450222347569e-45,4.75817091341688e-45,0.0,1.047082730811358,1.5822044840258402,1.440760498442821e-45,0.0,0.3556807558313864,0.0,0.03333333333333333,0.08553846403210769,0.07244290429708633,0.0,1.0285760989311272,0.03333333333333333,0.03333333333333333,0.0,1.0,0.005888888888888889,0.0016666666666666666,1.0,0.0,0.11666666666666667,0.06111111111111111,True,
0.7760026840796646,0.04680037647871543,1.0441024284554332,1.5229299004006378,0.07201428183963553,0.010854907235586152,7.0946297086031045,2.3772675162022403,2.120129384660762,0.6848761128057975,2.155395593015452,0.3435549071552245,0.06217915246106648,0,33.0,0.6700000000000003,51.09822316751213,37.011262289160676,3.445538013902931,0.7381352898288482,23.303109205245264,0.4765471776289899,0.0,2.6351150571756814,0.0,0.13333333333333333,0.7335765744276074,0.020967889222891008,0.0,0.009868014002120054,0.36666666666666664,0.36666666666666664,0.0,1.0,0.005833333333333334,0.0,1.0,0.0,0.13333333333333333,0.005555555555555556,False,
0.7760026840796646,0.04680037647871543,1.0441024284554332,1.5229299004006378,0.07201428183963553,0.010854907235586152,7.0946297086031045,2.3772675162022403,2.120129384660762,0.6848761128057975,2.155395593015452,0.3435549071552245,0.06217915246106648,1,32.0,0.6799999999999999,50.197415070557426,36.326145137333825,3.3411277710573866,0.7330034655037063,16.270025085982944,0.46183795013399165,0.006182376840161439,1.95383337220713,0.0,0.13333333333333333,0.6776932841386122,0.02253725024587197,0.0,0.0,0.26666666666666666,0.26666666666666666,0.0,1.0,0.0055000000000000005,0.0,1.0,0.0,0.12222222222222222,0.0,False,
0.7760026840796646,0.04680037647871543,1.0441024284554332,1.5229299004006378,0.07201428183963553,0.010854907235586152,7.0946297086031045,2.3772675162022403,2.120129384660762,0.6848761128057975,2.155395593015452,0.3435549071552245,0.06217915246106648,2,38.0,0.62,58.08631152315383,42.79611903384996,3.967589228130647,0.7443456433316875,21.1847297894862,0.5672264438677871,0.0,2.0673505792331,0.0,0.16666666666666666,0.744476366810853,0.019127602549166213,0.0,0.0,0.3333333333333333,0.3333333333333333,0.0,1.0,0.005722222222222222,0.0,1.0,0.0,0.1388888888888889,0.0,False,
0.6439007175690711,0.07975792106240881,0.9017245720329019,1.8304280806360138,0.0701285729809566,0.013956721168129588,7.107621203906917,2.5184811855752196,3.698282605381524,0.8934965979129689,2.392478446745605,0.09509248697844803,0.17188215887183125,0,48.0,0.5199999999999999,88.24631182528286,46.88405934044193,4.32827794575793,0.5370735616466311,20.36179691703334,1.662139582268867,0.0,2.6495214091381376,0.0,0.1,0.48228397355172,0.008687666406347752,0.0,0.0,0.23333333333333334,0.23333333333333334,0.0,1.0,0.0037222222222222223,0.0,1.0,0.0,0.09444444444444444,0.0,False,
0.6439007175690711,0.07975792106240881,0.9017245720329019,1.8304280806360138,0.0701285729809566,0.013956721168129588,7.107621203906917,2.5184811855752196,3.698282605381524,0.8934965979129689,2.392478446745605,0.09509248697844803,0.17188215887183125,1,47.0,0.5299999999999999,86.53510167683493,46.00754252130241,4.238105488554639,0.5399552828687182,19.010375833104266,1.4499448580417011,0.0,2.3943126899670606,0.0,0.1,0.41800572416618403,0.010878559271373555,0.0,0.0,0.2,0.2,0.0,1.0,0.004166666666666667,0.0,1.0,0.0,0.12222222222222222,0.0,False,
0.6439007175690711,0.07975792106240881,0.9017245720329019,1.8304280806360138,0.0701285729809566,0.013956721168129588,7.107621203906917,2.5184811855752196,3.698282605381524,0.8934965979129689,2.392478446745605,0.09509248697844803,0.17188215887183125,2,40.0,0.6000000000000001,73.16280921538586,39.251934192798494,3.606898288131607,0.5444482787005465,15.53490173058324,1.180093926547415,0.0,1.7299096546233927,0.0,0.1,0.41915963905838066,0.011484578694096966,0.0,0.0,0.23333333333333334,0.23333333333333334,0.0,1.0,0.004055555555555555,0.0,1.0,0.0,0.1111111111111111,0.0,False,
0.8096718828191175,0.03520323340235469,1.3374505041761107,1.7126705701645393,0.041941467648914724,0.008013730474709546,9.70546418609028,2.8996089350890806,3.9887244968883637,0.5257427773544776,1.2516210036956839,0.3089576558722832,0.16081265505421222,0,40.53333333333333,0.5946666666666667,69.73066269358145,57.33416653160846,5.421132710260503,0.8293433879128932,28.81501239300242,0.132924781825441,0.0,2.654324596437273,0.0,0.0,0.0,0.01782426018441217,0.0,0.6634330083342638,0.0,0.0,0.0,1.0,0.005277777777777778,0.0,1.0,0.0,0.044444444444444446,0.011111111111111112,False,
0.8096718828191175,0.03520323340235469,1.3374505041761107,1.7126705701645393,0.041941467648914724,0.008013730474709546,9.70546418609028,2.8996089350890806,3.9887244968883637,0.5257427773544776,1.2516210036956839,0.3089576558722832,0.16081265505421222,1,20.0,0.8000000000000003,35.89211322112597,29.24636325622421,2.6749010083522213,0.8215260377207537,25.69211374093284,0.10230066388807925,0.0,2.0144383163165633,0.0,0.16666666666666666,0.6882359522818763,0.020387878351483504,0.0,0.622635314040133,0.16666666666666666,0.16666666666666666,0.0,1.0,0.005611111111111111,0.0,1.0,0.0,0.1,0.011111111111111112,False,
0.8096718828191175,0.03520323340235469,1.3374505041761107,1.7126705701645393,0.041941467648914724,0.008013730474709546,9.70546418609028,2.8996089350890806,3.9887244968883637,0.5257427773544776,1.2516210036956839,0.3089576558722832,0.16081265505421222,2,20.0,0.8000000000000003,34.52547129248799,28.395446830676025,2.6749010083522213,0.8303875892877346,25.786618864720424,0.07621805953021607,0.0008470394483283424,1.2008553596794032,0.0,0.06666666666666667,0.35614098074748324,0.02153283960723082,0.0,0.6483494508904026,0.1,0.1,0.0,1.0,0.0055000000000000005,0.0,1.0,0.0,0.07222222222222222,0.011111111111111112,False,
0.7960119267014044,0.11627097134624084,1.3251821376426718,1.5199224886573757,0.06062293577174688,0.014050404935174222,7.78944296408015,4.2034740097614245,1.9740827565915107,0.6133005695283656,1.60243070183632,0.29530825853759535,0.16471814936692308,0,21.0,0.7899999999999998,32.40775386412832,29.388796647089503,2.782882489049611,0.9190088783626952,26.713838928999184,0.0413808593052861,0.0,3.3993942879694563,0.0,0.1,0.5011425245896687,0.039630156889870455,0.0,0.7025783142518583,0.1,0.1,0.0,1.0,0.0055000000000000005,0.0,1.0,0.0,0.16666666666666666,0.016666666666666666,False,
0.7960119267014044,0.11627097134624084,1.3251821376426718,1.5199224886573757,0.06062293577174688,0.014050404935174222,7.78944296408015,4.2034740097614245,1.9740827565915107,0.6133005695283656,1.60243070183632,0.29530825853759535,0.16471814936692308,1,0.0,1.0,1.235960401867903e-06,1.1209264026030464e-06,0.0,0.9178826135861733,0.19200045195613177,0.0,0.0,0.9954342912419388,0.0,0.0,0.0,0.07277278588068098,0.0,0.794892139038004,0.26666666666666666,0.26666666666666666,0.0,1.0,0.005388888888888888,0.0,1.0,0.0,0.08888888888888889,0.05555555555555555,True,
0.7960119267014044,0.11627097134624084,1.3251821376426718,1.5199224886573757,0.06062293577174688,0.014050404935174222,7.78944296408015,4.2034740097614245,1.9740827565915107,0.6133005695283656,1.60243070183632,0.29530825853759535,0.16471814936692308,2,10.0,0.8999999999999998,15.364204857857576,14.077402136889697,1.3251821376426713,0.9292136694670565,12.265473864920192,0.03554552910945656,0.03079683915134453,1.7014929578740299,0.0,0.1,0.514716247051311,0.05867830858010056,0.0,0.6975941203708258,0.1,0.1,0.0,1.0,0.005222222222222223,0.0,1.0,0.0,0.12777777777777777,0.03333333333333333,False,
0.844730272969977,0.09128878663705364,0.9370907672156115,1.2150558519355634,0.05464047924498783,0.019975163043919695,5.5918300998901485,2.5046607055997043,3.9812534668904345,0.822511737805027,2.5735915714509074,0.2985077570761452,0.13023529884720625,0,59.766666666666666,0.4023333333333334,75.7528505606349,61.040649947025784,5.60067915205864,0.8266412338136611,12.837919934109772,0.1662743867894298,0.0,1.5178435974216242,0.0,0.06666666666666667,0.5549566882896955,0.015441372269131864,0.0,0.2333473904839491,0.3333333333333333,0.3333333333333333,0.0,1.0,0.005388888888888888,0.0,1.0,0.0,0.044444444444444446,0.011111111111111112,False,
0.844730272969977,0.09128878663705364,0.9370907672156115,1.2150558519355634,0.05464047924498783,0.019975163043919695,5.5918300998901485,2.5046607055997043,3.9812534668904345,0.822511737805027,2.5735915714509074,0.2985077570761452,0.13023529884720625,1,31.0,0.6900000000000002,39.36868027280317,31.91994192579791,2.9049813783683947,0.8362991107266445,0.09220591676349993,0.11277002333983734,0.0,0.08545664622342564,0.0,0.0,0.0,0.014075335771830188,0.0,0.2111856732340205,0.0,0.0,0.0,1.0,0.0044444444444444444,0.0,1.0,0.0,0.022222222222222223,0.005555555555555556,False,
0.844730272969977,0.09128878663705364,0.9370907672156115,1.2150558519355634,0.05464047924498783,0.019975163043919695,5.5918300998901485,2.5046607055997043,3.9812534668904345,0.822511737805027,2.5735915714509074,0.2985077570761452,0.13023529884720625,2,52.266666666666666,0.47733333333333333,65.86947546802008,53.61925337723034,4.8978610766469295,0.83975869863737,9.268768584740533,0.10392939070177593,0.0,1.6707297660138218,0.0,0.03333333333333333,0.15418529492052382,0.012280810014156087,0.0,0.2678419747625433,0.06666666666666667,0.06666666666666667,0.0,1.0,0.005666666666666666,0.0,1.0,0.0,0.06666666666666667,0.005555555555555556,False,
0.727913022147409,0.04776606302508413,1.1300866238947211,1.4069486580399944,0.0612813226781599,0.0059224333635823365,11.0605242851363,4.207770948983221,3.7440228686759855,0.8551730107317207,0.9541878554737264,0.40468208175318277,0.23318389089358585,0,0.0,1.0,0.0,0.0,0.0,0.8472457030806981,0.16191703971420707,0.0,0.0,0.5710101969132898,0.0,0.0,0.0,0.08668960274514984,0.0,1.2962229656817044,0.0,0.0,0.0,1.0,0.007166666666666667,0.0,1.0,0.0,0.1111111111111111,0.06111111111111111,True,
0.727913022147409,0.04776606302508413,1.1300866238947211,1.4069486580399944,0.0612813226781599,0.0059224333635823365,11.0605242851363,4.207770948983221,3.7440228686759855,0.8551730107317207,0.9541878554737264,0.40468208175318277,0.23318389089358585,1,20.066666666666666,0.7993333333333336,28.862014215248244,24.516613764583116,2.267707158615408,0.8546698211540097,24.535627247678665,0.077054793031939,0.0,2.2895365815752937,0.0,0.23333333333333334,1.0033797289982074,0.0432544589461137,0.0,1.20294479819732,0.23333333333333334,0.23333333333333334,0.0,1.0,0.006722222222222223,0.0,1.0,0.0,0.16111111111111112,0.027777777777777776,False,
0.727913022147409,0.04776606302508413,1.1300866238947211,1.4069486580399944,0.0612813226781599,0.0059224333635823365,11.0605242851363,4.207770948983221,3.7440228686759855,0.8551730107317207,0.9541878554737264,0.40468208175318277,0.23318389089358585,2,10.0,0.8999999999999998,14.721819574595196,12.46694070264368,1.1300866238947216,0.8575118955363751,9.930248760439053,0.03279076211292122,0.033482293129728266,0.9923320896433846,0.0,0.1,0.4184489182341951,0.04274925710498115,0.0,1.2123917047284742,0.1,0.1,0.0,1.0,0.006222222222222223,0.0,1.0,0.0,0.10555555555555556,0.022222222222222223,False,
0.7462930002824237,0.05545409915428543,1.1846250931187852,1.2470089719681536,0.06784046014402688,0.01689990618577304,4.968717245656406,3.3241622349829205,4.44651086961864,0.624271793299348,1.8924655668721482,0.4658584519877532,0.30702452587537243,0,0.0,1.0,0.0,0.0,0.0,1.0034157083792228,0.5884756293094889,0.0,0.0,1.0,0.0,0.0,0.0,0.052698490524085616,0.0,0.5464528259949112,0.0,0.0,0.0,1.0,0.0051111111111111105,0.0,1.0,0.0,0.07222222222222222,0.09444444444444444,True,
0.7462930002824237,0.05545409915428543,1.1846250931187852,1.2470089719681536,0.06784046014402688,0.01689990618577304,4.968717245656406,3.3241622349829205,4.44651086961864,0.624271793299348,1.8924655668721482,0.4658584519877532,0.30702452587537243,1,0.0,1.0,0.0,0.0,0.0,1.0018120656824094,0.4663710312174201,0.0,0.0,1.0,0.0,0.0,0.0,0.05780380898722971,0.0,0.5848808756643749,0.0,0.0,0.0,1.0,0.005055555555555555,0.0,1.0,0.0,0.07777777777777778,0.09444444444444444,True,
0.7462930002824237,0.05545409915428543,1.1846250931187852,1.2470089719681536,0.06784046014402688,0.01689990618577304,4.968717245656406,3.3241622349829205,4.44651086961864,0.624271793299348,1.8924655668721482,0.4658584519877532,0.30702452587537243,2,0.0,1.0,0.0,0.0,0.0,1.0173958412342228,0.3953137407945017,0.0,0.0,1.0,0.0,0.0,0.0,0.06100251079493948,0.0,0.5427589356460656,0.0,0.0,0.0,1.0,0.0051666666666666675,0.0,1.0,0.0,0.08333333333333333,0.12222222222222222,True,
0.7254983068278803,0.05915093545443023,1.2295078036336964,1.252181930004103,0.04886989777880088,0.004558282997145656,9.691633844652657,4.741756525720475,2.668044714328088,0.5570491450094313,1.6133026238320225,0.17251302282810035,0.0757146024129592,0,58.8,0.4120000000000001,77.07429270680336,78.52521672013077,7.229505885366133,1.0378785863677789,48.29847038533175,0.598705228832241,0.0,5.033159307257419,0.0,0.13333333333333333,0.8933959608145139,0.034264032901438216,0.0,1.0086416660822324,0.16666666666666666,0.16666666666666666,0.0,1.0,0.005555555555555556,0.0,1.0,0.0,0.16111111111111112,0.016666666666666666,False,
0.7254983068278803,0.05915093545443023,1.2295078036336964,1.252181930004103,0.04886989777880088,0.004558282997145656,9.691633844652657,4.741756525720475,2.668044714328088,0.5570491450094313,1.6133026238320225,0.17251302282810035,0.0757146024129592,1,59.8,0.4020000000000001,77.55884267231436,79.94477888764054,7.352456665729504,1.0436849540058737,46.857458064224836,0.48354751990688755,0.0,4.98735247245806,0.0,0.13333333333333333,0.7280422242587712,0.02641728163732723,0.0,1.0405326211933859,0.13333333333333333,0.13333333333333333,0.0,1.0,0.0051666666666666675,0.0,1.0,0.0,0.11666666666666667,0.016666666666666666,False,
0.7254983068278803,0.05915093545443023,1.2295078036336964,1.252181930004103,0.04886989777880088,0.004558282997145656,9.691633844652657,4.741756525720475,2.668044714328088,0.5570491450094313,1.6133026238320225,0.17251302282810035,0.0757146024129592,2,69.96666666666667,0.3003333333333333,88.88928358002045,94.04580609946997,8.602456266090432,1.0744527740249892,49.67183766410847,0.4782261586676572,0.0,4.188715895186759,0.0,0.1,1.0658649047608242,0.02719120985945385,0.0,1.1171074699683596,0.2,0.2,0.0,1.0,0.005722222222222222,0.0,1.0,0.0,0.11666666666666667,0.016666666666666666,False,
0.8329174631115634,0.09404760408277435,1.3005805448272876,0.9533829890102744,0.03281988316195153,0.007168295898430516,9.304460223746068,2.9902212455794293,4.1087904004488465,0.9257919028030115,1.331574372407765,0.3062703127546358,0.18549964424279963,0,10.0,0.8999999999999998,9.961195045991454,14.00283936514001,1.3005805448272882,1.4474818148084836,0.00010698979249775689,0.0,0.0,0.011688458031335003,0.0,0.0,0.0,0.037201563403831385,0.0,0.6696055643138817,0.0,0.0,0.0,1.0,0.005555555555555556,0.0,1.0,0.0,0.08888888888888889,0.016666666666666666,False,
0.8329174631115634,0.09404760408277435,1.3005805448272876,0.9533829890102744,0.03281988316195153,0.007168295898430516,9.304460223746068,2.9902212455794293,4.1087904004488465,0.9257919028030115,1.331574372407765,0.3062703127546358,0.18549964424279963,1,10.0,0.8999999999999998,9.21694854114861,12.961961879062512,1.3005805448272882,1.4441156829786104,20.585662979255208,0.014666735115021177,0.0,2.1977700767717474,0.0,0.0,0.0,0.03332027895545975,0.0,0.6302232171843816,0.0,0.0,0.0,1.0,0.005611111111111111,0.0,1.0,0.0,0.08888888888888889,0.022222222222222223,False,
0.8329174631115634,0.09404760408277435,1.3005805448272876,0.9533829890102744,0.03281988316195153,0.007168295898430516,9.304460223746068,2.9902212455794293,4.1087904004488465,0.9257919028030115,1.331574372407765,0.3062703127546358,0.18549964424279963,2,0.0,1.0,4.069128548656797e-43,5.809676120312188e-43,0.0,1.4755065692158682,0.007307683799065131,3.1587180804449184e-43,0.0,0.9622444522375455,0.0,0.0,0.0,0.05197837378900685,0.0,0.6014562057607743,0.0,0.0,0.0,1.0,0.0057777777777777775,0.0,1.0,0.0,0.1111111111111111,0.03888888888888889,True,
0.634801774130853,0.03680154573137174,1.0522642635175166,0.9857118258951056,0.030768835341377882,0.02141681321973537,4.655359668060295,3.5188552523216297,3.1262013327724025,0.7124697843786767,2.0696121748634475,0.26611329813988827,0.10485746785550357,0,23.0,0.7699999999999999,23.489921842146423,25.62546514473968,2.4202078060902887,1.1319087846217157,9.44674358214503,0.4022407596777563,0.0,1.9413987422672225,0.0,0.0,0.0,0.01695113808767014,0.0,0.2561930105903151,0.0,0.0,0.0,1.0,0.003333333333333333,0.0,1.0,0.0,0.07777777777777778,0.005555555555555556,False,
0.634801774130853,0.03680154573137174,1.0522642635175166,0.9857118258951056,0.030768835341377882,0.02141681321973537,4.655359668060295,3.5188552523216297,3.1262013327724025,0.7124697843786767,2.0696121748634475,0.26611329813988827,0.10485746785550357,1,22.0,0.7800000000000001,22.50906278594531,24.590230638928254,2.314981379738538,1.1293992837623439,13.917692873229877,0.3958264122179146,0.0,2.9989901312242755,0.0,0.0,0.0,0.01940745629813361,0.0,0.27411933001141703,0.0,0.0,0.0,1.0,0.003388888888888889,0.0,1.0,0.0,0.06666666666666667,0.011111111111111112,False,
0.634801774130853,0.03680154573137174,1.0522642635175166,0.9857118258951056,0.030768835341377882,0.02141681321973537,4.655359668060295,3.5188552523216297,3.1262013327724025,0.7124697843786767,2.0696121748634475,0.26611329813988827,0.10485746785550357,2,19.333333333333332,0.8066666666666668,18.769525256079977,20.807713921892166,2.034377576133866,1.1529108066106726,16.705527110911998,0.2838148556220871,0.0,3.654067113115886,0.0,0.0,0.0,0.025897161801902206,0.0,0.034847794543271325,0.0,0.0,0.0,1.0,0.003277777777777778,0.0,1.0,0.0,0.1,0.005555555555555556,False,
0.7979919071050445,0.06554903846223015,0.9558690654871028,1.794026371717885,0.02235412668545536,0.020207164094396927,7.315722500450793,4.767148311248111,2.6917086844389506,0.536056592839825,1.12494473962343,0.07998332063461519,0.3303858704744367,0,0.0,1.0,0.0,0.0,0.0,0.560936700686802,0.001301860570195305,0.0,0.0,1.0,0.0,0.0,0.0,0.046381394483923206,0.0,1.292966910392472,0.0,0.0,0.0,1.0,0.005222222222222223,0.0,1.0,0.0,0.06111111111111111,0.18888888888888888,True,
0.7979919071050445,0.06554903846223015,0.9558690654871028,1.794026371717885,0.02235412668545536,0.020207164094396927,7.315722500450793,4.767148311248111,2.6917086844389506,0.536056592839825,1.12494473962343,0.07998332063461519,0.3303858704744367,1,0.0,1.0,0.0,0.0,0.0,0.5603833531474096,10.532367106578155,0.0,0.0,1.0,0.0,0.03333333333333333,1.5890494370827033e-07,0.049512264960398816,0.03333333333333333,1.1429923318014075,0.03333333333333333,0.03333333333333333,0.0,1.0,0.0051666666666666675,0.0,1.0,0.0,0.06666666666666667,0.20555555555555555,True,
0.7979919071050445,0.06554903846223015,0.9558690654871028,1.794026371717885,0.02235412668545536,0.020207164094396927,7.315722500450793,4.767148311248111,2.6917086844389506,0.536056592839825,1.12494473962343,0.07998332063461519,0.3303858704744367,2,0.0,1.0,0.0,0.0,0.0,0.566123514634379,0.0014503215684423918,0.0,0.0,1.0,0.0,0.0,0.0,0.0499132896179699,0.0,1.1772847161319562,0.0,0.0,0.0,1.0,0.005055555555555555,0.0,1.0,0.0,0.07222222222222222,0.17777777777777778,True,
0.7765758458132859,0.03428882788138254,1.4158489638535072,1.8998646180036816,0.057737273644858894,0.022086612226499717,7.258568668328067,2.8073221396658177,2.1083314348721998,0.8690031793720812,1.9065229037329865,0.28012112309076365,0.3262862573634614,0,0.0,1.0,0.0,0.0,0.0,0.7843249579602204,0.3047870395441569,0.0,0.0,1.0,0.0,0.0,0.0,0.049640955174302,0.0,0.7886160719966505,0.0,0.0,0.0,1.0,0.005444444444444444,0.0,1.0,0.0,0.06111111111111111,0.05555555555555555,True,
0.7765758458132859,0.03428882788138254,1.4158489638535072,1.8998646180036816,0.057737273644858894,0.022086612226499717,7.258568668328067,2.8073221396658177,2.1083314348721998,0.8690031793720812,1.9065229037329865,0.28012112309076365,0.3262862573634614,1,0.0,1.0,0.0,0.0,0.0,0.7836064286746021,0.23691579429127543,0.0,0.0,1.0,0.0,0.0,0.0,0.056295531584079773,0.0,0.8089886464137331,0.0,0.0,0.0,1.0,0.005555555555555556,0.0,1.0,0.0,0.06666666666666667,0.07222222222222222,True,
0.7765758458132859,0.03428882788138254,1.4158489638535072,1.8998646180036816,0.057737273644858894,0.022086612226499717,7.258568668328067,2.8073221396658177,2.1083314348721998,0.8690031793720812,1.9065229037329865,0.28012112309076365,0.3262862573634614,2,0.0,1.0,0.0,0.0,0.0,0.7911405277640379,0.24307788523021492,0.0,0.0,1.0,0.0,0.0,0.0,0.04981550761903324,0.0,0.7405198291010213,0.0,0.0,0.0,1.0,0.005388888888888888,0.0,1.0,0.0,0.06666666666666667,0.05555555555555555,True,
0.8735631608626384,0.050857943905481526,1.120100809739257,1.5603574889086593,0.033903721771031674,0.005756032187905116,9.329003825040488,2.7676458610271633,3.163008093365662,0.2929265487318479,1.082081672064172,0.21715888905656897,0.3152237938728798,0,0.0,1.0,0.0,0.0,0.0,0.7564909730436208,0.01647794238961526,0.0,0.0,1.0000000000000002,0.0,0.0,0.0,0.05399809054977342,0.0,0.6223851598067023,0.0,0.0,0.0,1.0,0.005555555555555556,0.0,1.0,0.0,0.07777777777777778,0.05,True,
0.8735631608626384,0.050857943905481526,1.120100809739257,1.5603574889086593,0.033903721771031674,0.005756032187905116,9.329003825040488,2.7676458610271633,3.163008093365662,0.2929265487318479,1.082081672064172,0.21715888905656897,0.3152237938728798,1,0.0,1.0,0.0,0.0,0.0,0.755595466858977,0.01703039632819396,0.0,0.0,1.0,0.0,0.0,0.0,0.04982840059877588,0.0,0.630068989070661,0.0,0.0,0.0,1.0,0.005555555555555556,0.0,1.0,0.0,0.06666666666666667,0.05555555555555555,True,
0.8735631608626384,0.050857943905481526,1.120100809739257,1.5603574889086593,0.033903721771031674,0.005756032187905116,9.329003825040488,2.7676458610271633,3.163008093365662,0.2929265487318479,1.082081672064172,0.21715888905656897,0.3152237938728798,2,0.0,1.0,2.845309253667128e-96,2.1523469842500095e-96,0.0,0.764648106776992,0.0015579050909400676,3.047135734359761e-97,0.0,0.0492451937014212,0.0,0.0,0.0,0.040920222666958515,0.0,0.6085058379516046,0.0,0.0,0.0,1.0,0.005666666666666666,0.0011111111111111111,1.0,0.0,0.08333333333333333,0.03333333333333333,True,
0.7286474224557107,0.05448151947207232,1.1365012205817095,1.0669204033814492,0.069955942360872,0.012793155469461973,9.154554275489476,3.506783168646093,1.709716170966144,0.7661360961982484,2.1665620166711017,0.1837797806900028,0.08619825758880857,0,60.0,0.40000000000000013,66.39906725190201,74.06358143857584,6.819007323490259,1.1475812855139762,35.92155837226152,0.37382117771514134,0.0,2.747857477990812,0.0,0.13333333333333333,0.9926070331398705,0.02408628408580755,0.0,0.6981260682159898,0.23333333333333334,0.23333333333333334,0.0,1.0,0.006722222222222223,0.0,1.0,0.0,0.13333333333333333,0.011111111111111112,False,
0.7286474224557107,0.05448151947207232,1.1365012205817095,1.0669204033814492,0.069955942360872,0.012793155469461973,9.154554275489476,3.506783168646093,1.709716170966144,0.7661360961982484,2.1665620166711017,0.1837797806900028,0.08619825758880857,1,63.766666666666666,0.3623333333333332,70.72930701077385,78.83633078438031,7.247089449909367,1.136533028150817,35.79056500167851,0.43998066249341716,0.0,2.6316720188502782,0.0,0.13333333333333333,0.9824345048542218,0.02742914237098474,0.0,0.5907473645873549,0.26666666666666666,0.26666666666666666,0.0,1.0,0.006666666666666666,0.0,1.0,0.0,0.14444444444444443,0.005555555555555556,False,
0.7286474224557107,0.05448151947207232,1.1365012205817095,1.0669204033814492,0.069955942360872,0.012793155469461973,9.154554275489476,3.506783168646093,1.709716170966144,0.7661360961982484,2.1665620166711017,0.1837797806900028,0.08619825758880857,2,47.0,0.5299999999999999,52.074853448476055,58.2424886083863,5.3415557367340325,1.15709921700344,30.125736908036707,0.3334760482512321,0.0,3.232131795137059,0.0,0.23333333333333334,0.9839754594060374,0.030982576558533766,0.0,0.5902478237337355,0.26666666666666666,0.26666666666666666,0.0,1.0,0.006722222222222223,0.0,1.0,0.0,0.18888888888888888,0.011111111111111112,False,
0.6556920157171611,0.12123748570118613,1.2013653593798006,1.2416619348993976,0.05329156708404417,0.009344027109148844,5.101546459393194,2.8848752368179142,2.0389816297583616,0.6104794078694599,1.0299683428519961,0.3362215776526154,0.21436163387993268,0,10.0,0.8999999999999998,12.897232602022351,12.982771185873894,1.2013653593798002,1.0220336905979963,10.018262734460768,1.634142595432002,0.0039056709547736546,2.1828469468798657,0.0,0.1,0.33236955640143434,0.03235156605127183,0.0,0.02511261707605012,0.1,0.1,0.0,1.0,0.003944444444444444,0.0,1.0,0.0,0.10555555555555556,0.005555555555555556,False,
0.6556920157171611,0.12123748570118613,1.2013653593798006,1.2416619348993976,0.05329156708404417,0.009344027109148844,5.101546459393194,2.8848752368179142,2.0389816297583616,0.6104794078694599,1.0299683428519961,0.3362215776526154,0.21436163387993268,1,22.0,0.7800000000000001,27.77419896300974,28.14104021759375,2.6430037906355612,1.0274357677849464,15.658370755496826,0.5398712332418029,0.026484619579408383,2.485097891045505,0.0,0.06666666666666667,0.41215738053984885,0.02040767486795565,0.0,0.13365262540620781,0.13333333333333333,0.13333333333333333,0.0,1.0,0.0041111111111111105,0.0,1.0,0.0,0.08888888888888889,0.011111111111111112,False,
0.6556920157171611,0.12123748570118613,1.2013653593798006,1.2416619348993976,0.05329156708404417,0.009344027109148844,5.101546459393194,2.8848752368179142,2.0389816297583616,0.6104794078694599,1.0299683428519961,0.3362215776526154,0.21436163387993268,2,23.233333333333334,0.7676666666666665,29.59975912810231,30.16462772559854,2.7911721849590703,1.036345340193133,18.67530809723187,0.7673404471333619,0.016052020444428005,3.4881946674967037,0.0,0.06666666666666667,0.41727890594600675,0.023191939375482442,0.0,0.06827310246428969,0.13333333333333333,0.13333333333333333,0.0,1.0,0.004055555555555555,0.0,1.0,0.0,0.08333333333333333,0.011111111111111112,False,
0.7262037725973585,0.10824193516709021,0.9222899250140554,1.4743261077302992,0.03611652191233683,0.02713785785600442,5.730782370083292,3.604732954837654,2.3796231287151333,0.5062633652935938,1.9681076830717747,0.2879725674118999,0.19255189095430217,0,10.5,0.8949999999999998,15.91690825574604,10.328679239851537,0.968404421264758,0.6595626536065355,11.14689028782831,0.08135390666339595,0.0005092942507730167,1.9688104770841093,0.0,0.06666666666666667,0.19596949576482944,0.02850588023352992,0.0,0.44494507957026624,0.06666666666666667,0.06666666666666667,0.0,1.0,0.004333333333333333,0.0,1.0,0.0,0.05555555555555555,0.016666666666666666,False,
0.7262037725973585,0.10824193516709021,0.9222899250140554,1.4743261077302992,0.03611652191233683,0.02713785785600442,5.730782370083292,3.604732954837654,2.3796231287151333,0.5062633652935938,1.9681076830717747,0.2879725674118999,0.19255189095430217,1,22.733333333333334,0.7726666666666666,34.98531707792607,22.953800021589114,2.0966724295319517,0.6676677888910783,18.938278927719253,0.17609809587120318,0.0,2.673505061904027,0.0,0.06666666666666667,0.3919348332503334,0.015871743896228117,0.0,0.5276989709713512,0.13333333333333333,0.13333333333333333,0.0,1.0,0.004666666666666667,0.0,1.0,0.0,0.05,0.011111111111111112,False,
0.7262037725973585,0.10824193516709021,0.9222899250140554,1.4743261077302992,0.03611652191233683,0.02713785785600442,5.730782370083292,3.604732954837654,2.3796231287151333,0.5062633652935938,1.9681076830717747,0.2879725674118999,0.19255189095430217,2,10.0,0.8999999999999998,14.71025279335858,9.649353023253523,0.9222899250140554,0.6671417529147062,0.9690122411632145,0.06134837685971715,0.0,0.1869602729053664,0.0,0.0,0.0,0.02186938882009785,0.0,0.5156401321345412,0.0,0.0,0.0,1.0,0.004333333333333333,0.0,1.0,0.0,0.03888888888888889,0.011111111111111112,False,
0.8576836484246406,0.040525897764319696,1.0128669780563142,1.3948535761369487,0.020607070067690945,0.024775597657709366,8.531370553542322,3.246029073020971,3.827363548198301,0.3431232312652679,2.448150610682357,0.4636148179481687,0.1627101555925779,0,0.0,1.0,1.399709359782039e-05,1.0495494002767826e-05,0.0,0.7660154010632011,14.759149232463702,0.0,0.0,1.0,0.0,0.03333333333333333,1.0387293033667126e-05,0.05662956785197988,0.36666666666666664,0.40733672669492144,0.5333333333333333,0.5333333333333333,0.0,1.0,0.004777777777777778,0.0,1.0,0.0,0.1388888888888889,0.13333333333333333,True,
0.8576836484246406,0.040525897764319696,1.0128669780563142,1.3948535761369487,0.020607070067690945,0.024775597657709366,8.531370553542322,3.246029073020971,3.827363548198301,0.3431232312652679,2.448150610682357,0.4636148179481687,0.1627101555925779,1,0.0,1.0,0.0,0.0,0.0,0.7649630109127156,22.161272130398675,0.0,0.0,0.8114108365900535,0.0,0.0,0.0,0.040248742302155645,0.23333333333333334,0.42726829409939576,0.4,0.4,0.0,1.0,0.004666666666666667,0.0,1.0,0.0,0.15,0.15,True,
0.8576836484246406,0.040525897764319696,1.0128669780563142,1.3948535761369487,0.020607070067690945,0.024775597657709366,8.531370553542322,3.246029073020971,3.827363548198301,0.3431232312652679,2.448150610682357,0.4636148179481687,0.1627101555925779,2,0.0,1.0,0.0,0.0,0.0,0.7753892138073444,20.57202916539557,0.0,0.0,0.94500785319186,0.0,0.0,0.0,0.04395141731740262,0.2,0.396988522912013,0.26666666666666666,0.26666666666666666,0.0,1.0,0.004666666666666667,0.0,1.0,0.0,0.1388888888888889,0.14444444444444443,True,
0.6500681045566387,0.10269305701259886,0.9434292903561912,1.3513846312821407,0.04622976607941946,0.008833293389667263,8.86743832910508,4.531663651323267,2.6003401976721054,0.8847539542917313,1.4312104135855772,0.13709607314473332,0.334702859809477,0,0.0,1.0,2.0826465077324192e-07,1.510554550441089e-07,0.0,0.7366964638176134,0.6705532439286298,0.0,0.0,1.0,0.0,0.03333333333333333,1.510554550441089e-07,0.0631366733347399,0.03333333333333333,0.5675250241714707,0.03333333333333333,0.03333333333333333,0.0,1.0,0.004611111111111111,0.0,1.0,0.0,0.07777777777777778,0.09444444444444444,True,
0.6500681045566387,0.10269305701259886,0.9434292903561912,1.3513846312821407,0.04622976607941946,0.008833293389667263,8.86743832910508,4.531663651323267,2.6003401976721054,0.8847539542917313,1.4312104135855772,0.13709607314473332,0.334702859809477,1,0.0,1.0,0.0,0.0,0.0,0.7356404357415206,0.07316124486432411,0.0,0.0,1.0,0.0,0.0,0.0,0.059579292521889746,0.0,0.6660116058232634,0.0,0.0,0.0,1.0,0.004555555555555556,0.0,1.0,0.0,0.06666666666666667,0.07222222222222222,True,
0.6500681045566387,0.10269305701259886,0.9434292903561912,1.3513846312821407,0.04622976607941946,0.008833293389667263,8.86743832910508,4.531663651323267,2.6003401976721054,0.8847539542917313,1.4312104135855772,0.13709607314473332,0.334702859809477,2,0.0,1.0,0.0,0.0,0.0,0.7460447406077156,0.026422927159289084,0.0,0.0,1.0,0.0,0.0,0.0,0.05366765324666263,0.0,0.6618053183915336,0.0,0.0,0.0,1.0,0.004833333333333334,0.0,1.0,0.0,0.06666666666666667,0.10555555555555556,True,
0.7303093323284653,0.12183714128899444,1.2825237944015377,1.442289821183369,0.0220391327004097,0.006740645013669685,8.092227054136117,4.23358500339773,2.528168606448205,0.4084394958939104,1.0907935297409468,0.1709991483282474,0.11520331887056731,0,0.0,1.0,1.52261393876616e-07,1.4111950011325767e-07,0.0,0.9377427938395425,1.4712850441975187,0.0,0.0,1.0,0.0,0.03333333333333333,1.0725082008607585e-05,0.07386805325489225,0.03333333333333333,0.5205455799971986,0.03333333333333333,0.03333333333333333,0.0,1.0,0.003944444444444444,0.0,1.0,0.0,0.11666666666666667,0.05,True,
0.7303093323284653,0.12183714128899444,1.2825237944015377,1.442289821183369,0.0220391327004097,0.006740645013669685,8.092227054136117,4.23358500339773,2.528168606448205,0.4084394958939104,1.0907935297409468,0.1709991483282474,0.11520331887056731,1,10.0,0.8999999999999998,15.17156196256043,14.058651622506899,1.2825237944015384,0.936510744277084,1.1202643272715782,0.12004618499179856,0.0,0.1579787614468056,0.0,0.0,0.0,0.04144543558756196,0.0,0.4203484448528827,0.0,0.0,0.0,1.0,0.0037222222222222223,0.0,1.0,0.0,0.12222222222222222,0.016666666666666666,False,
0.7303093323284653,0.12183714128899444,1.2825237944015377,1.442289821183369,0.0220391327004097,0.006740645013669685,8.092227054136117,4.23358500339773,2.528168606448205,0.4084394958939104,1.0907935297409468,0.1709991483282474,0.11520331887056731,2,10.0,0.8999999999999998,14.87757642072447,13.937489706759997,1.2825237944015384,0.9487895719576126,0.00015158314896791567,0.10667562817035613,0.0,0.009737293275442482,0.0,0.0,0.0,0.04606509010704416,0.0,0.5865132589620835,0.0,0.0,0.0,1.0,0.0041111111111111105,0.0,1.0,0.0,0.1111111111111111,0.016666666666666666,False,
0.7414974403472457,0.10388361186754687,1.2551139457684304,1.397983060785503,0.015715980687104582,0.008389300276933503,9.659228284194219,4.489655206363631,4.613806697516558,0.9318259499141408,2.3009757151894688,0.07772572477169562,0.19169332242613696,0,0.0,1.0,0.0,0.0,0.0,0.9470765309356293,81.97910931399566,0.0,0.0,0.9839974329038943,0.0,0.0,0.0,0.04405373416047782,0.36666666666666664,0.454702082039364,0.36666666666666664,0.36666666666666664,0.0,1.0,0.003388888888888889,0.0,1.0,0.0,0.15,0.1,True,
0.7414974403472457,0.10388361186754687,1.2551139457684304,1.397983060785503,0.015715980687104582,0.008389300276933503,9.659228284194219,4.489655206363631,4.613806697516558,0.9318259499141408,2.3009757151894688,0.07772572477169562,0.19169332242613696,1,0.0,1.0,0.0,0.0,0.0,0.9457792867211194,47.84251161387683,0.0,0.0,1.0,0.0,0.0,0.0,0.05639396070761378,0.3,0.4692420306888411,0.3333333333333333,0.3333333333333333,0.0,1.0,0.0035555555555555557,0.0,1.0,0.0,0.15,0.10555555555555556,True,
0.7414974403472457,0.10388361186754687,1.2551139457684304,1.397983060785503,0.015715980687104582,0.008389300276933503,9.659228284194219,4.489655206363631,4.613806697516558,0.9318259499141408,2.3009757151894688,0.07772572477169562,0.19169332242613696,2,0.0,1.0,0.0,0.0,0.0,0.9586363862207509,16.49575498647669,0.0,0.0,1.0,0.0,0.0,0.0,0.045036660139712865,0.16666666666666666,0.7154849038102554,0.16666666666666666,0.16666666666666666,0.0,1.0,0.004222222222222222,0.0,1.0,0.0,0.12222222222222222,0.14444444444444443,True,
0.8593050803055173,0.05982638237279304,1.1921848048765828,1.2081060408708504,0.05501760228914068,0.008819867769808032,9.447555391364283,4.151845788292041,2.299249802823791,0.7700957875999456,1.2141369541297409,0.2625044518435422,0.13171646533817688,0,46.8,0.5319999999999999,58.433178930063995,61.25431746923853,5.579424886822405,1.0628775777776085,2.1457070554996323,0.0,0.0,0.22783574716869553,0.0,0.0,0.0,0.018089783925233218,0.0,1.315960025729934,0.0,0.0,0.0,1.0,0.005555555555555556,0.0,1.0,0.0,0.022222222222222223,0.011111111111111112,False,
0.8593050803055173,0.05982638237279304,1.1921848048765828,1.2081060408708504,0.05501760228914068,0.008819867769808032,9.447555391364283,4.151845788292041,2.299249802823791,0.7700957875999456,1.2141369541297409,0.2625044518435422,0.13171646533817688,1,75.73333333333333,0.24266666666666664,96.0238970336347,98.94068692962189,9.028812922265324,1.044480739376491,45.773792769055184,0.0047388655964120344,0.0,4.131329368882587,0.0,0.13333333333333333,1.2371779746585778,0.030533202031632622,0.0,1.278047764181806,0.26666666666666666,0.26666666666666666,0.0,1.0,0.0074444444444444445,0.0,1.0,0.0,0.17777777777777778,0.011111111111111112,False,
0.8593050803055173,0.05982638237279304,1.1921848048765828,1.2081060408708504,0.05501760228914068,0.008819867769808032,9.447555391364283,4.151845788292041,2.299249802823791,0.7700957875999456,1.2141369541297409,0.2625044518435422,0.13171646533817688,2,65.76666666666667,0.3423333333333334,81.89749256870466,85.8061675678936,7.840602066738327,1.0648605556127413,39.983973589511756,0.0,0.0,3.0275901352610926,0.0,0.1,1.2237997214278498,0.029687330117452535,0.0,1.2593209302704695,0.26666666666666666,0.26666666666666666,0.0,1.0,0.0071111111111111115,0.0,1.0,0.0,0.13333333333333333,0.016666666666666666,False,
0.8932692552695147,0.056672697098285714,1.3774912062999556,1.1041448165476624,0.05381959782899223,0.02700559884892161,7.069735990063233,2.722280745144007,3.350673356815487,0.5648517120648529,1.9857670043590894,0.17573001136316202,0.3462279338453854,0,0.0,1.0,0.0,0.0,0.0,1.320069679035936,0.251635145834385,0.0,0.0,0.9999999999999998,0.0,0.0,0.0,0.04763242904135405,0.0,0.7305571787495647,0.0,0.0,0.0,1.0,0.0055000000000000005,0.0,1.0,0.0,0.06666666666666667,0.044444444444444446,True,
0.8932692552695147,0.056672697098285714,1.3774912062999556,1.1041448165476624,0.05381959782899223,0.02700559884892161,7.069735990063233,2.722280745144007,3.350673356815487,0.5648517120648529,1.9857670043590894,0.17573001136316202,0.3462279338453854,1,0.0,1.0,0.0,0.0,0.0,1.31757530755683,0.20471215852410385,0.0,0.0,1.0,0.0,0.0,0.0,0.057230781645143364,0.0,0.7267472542226447,0.0,0.0,0.0,1.0,0.005555555555555556,0.0,1.0,0.0,0.07222222222222222,0.08333333333333333,True,
0.8932692552695147,0.056672697098285714,1.3774912062999556,1.1041448165476624,0.05381959782899223,0.02700559884892161,7.069735990063233,2.722280745144007,3.350673356815487,0.5648517120648529,1.9857670043590894,0.17573001136316202,0.3462279338453854,2,0.0,1.0,0.0,0.0,0.0,1.341342599021753,0.27805104852544205,0.0,0.0,1.0,0.0,0.0,0.0,0.05407263758570344,0.0,0.7262460563721955,0.0,0.0,0.0,1.0,0.005555555555555556,0.0,1.0,0.0,0.06666666666666667,0.06666666666666667,True,
0.6381977166641505,0.10758180510604515,1.3108197091187423,1.5741860435905535,0.03353735774373646,0.027536783516747862,8.473507667994262,3.3012149357480487,3.449387405207458,0.5384238195984317,2.4587642499978433,0.28712685760364276,0.2699745044759242,0,0.0,1.0,0.0,0.0,0.0,0.8774591638294815,0.0024403941850625194,0.0,0.0,1.0,0.0,0.0,0.0,0.041444025151357415,0.0,0.3875793023334209,0.0,0.0,0.0,1.0,0.0035555555555555557,0.0,1.0,0.0,0.10555555555555556,0.022222222222222223,True,
0.6381977166641505,0.10758180510604515,1.3108197091187423,1.5741860435905535,0.03353735774373646,0.027536783516747862,8.473507667994262,3.3012149357480487,3.449387405207458,0.5384238195984317,2.4587642499978433,0.28712685760364276,0.2699745044759242,1,10.0,0.8999999999999998,14.829954014069939,12.80228877379575,1.310819709118742,0.8764324633740609,25.10250761033138,0.16198137590712702,0.010154667508268631,3.095546205046197,0.0,0.03333333333333333,0.14887925715407865,0.0190488332678953,0.0,0.2538614057194393,0.03333333333333333,0.03333333333333333,0.0,1.0,0.003333333333333333,0.0,1.0,0.0,0.08888888888888889,0.011111111111111112,False,
0.6381977166641505,0.10758180510604515,1.3108197091187423,1.5741860435905535,0.03353735774373646,0.027536783516747862,8.473507667994262,3.3012149357480487,3.449387405207458,0.5384238195984317,2.4587642499978433,0.28712685760364276,0.2699745044759242,2,0.0,1.0,1.9466182230111868e-23,1.6971104168145414e-23,0.0,0.8868281062718417,0.004482781027154156,2.1886786849090273e-23,0.0,0.37602796494154306,0.0,0.0,0.0,0.02643772533510357,0.0,0.2912487259015104,0.0,0.0,0.0,1.0,0.003388888888888889,0.0,1.0,0.0,0.06666666666666667,0.011111111111111112,True,
0.8539868946945521,0.05896929660059805,0.989578809178047,1.7754464612252852,0.02217509856320638,0.025662903823555207,5.772461626367978,2.3900111629907275,3.037695265789652,0.4020700518098921,2.8278064068355158,0.3579868570888366,0.34673576275847895,0,21.0,0.7899999999999998,38.65529687675087,22.470398525343718,2.0781154992738986,0.5896769323510757,7.524027315937019,0.0,0.0037639111497780875,1.0648100893521864,0.0,0.06666666666666667,0.18286876900028987,0.021394024702625785,0.0,0.0,0.13333333333333333,0.13333333333333333,0.0,1.0,0.004222222222222222,0.0,1.0,0.0,0.21666666666666667,0.0,False,
0.8539868946945521,0.05896929660059805,0.989578809178047,1.7754464612252852,0.02217509856320638,0.025662903823555207,5.772461626367978,2.3900111629907275,3.037695265789652,0.4020700518098921,2.8278064068355158,0.3579868570888366,0.34673576275847895,1,0.0,1.0,1.322029033738964e-05,7.648035721570343e-06,0.0,0.5862466495704368,5.737790984835738,0.0,0.0,1.0,0.0,0.03333333333333333,7.568368682803986e-06,0.04487336421822525,0.1,0.24667942814855368,0.13333333333333333,0.13333333333333333,0.0,1.0,0.004333333333333333,0.0,1.0,0.0,0.12777777777777777,0.1111111111111111,True,
0.8539868946945521,0.05896929660059805,0.989578809178047,1.7754464612252852,0.02217509856320638,0.025662903823555207,5.772461626367978,2.3900111629907275,3.037695265789652,0.4020700518098921,2.8278064068355158,0.3579868570888366,0.34673576275847895,2,10.0,0.8999999999999998,17.307133181207575,10.101489872213872,0.9895788091780465,0.592321571202205,5.614572233329641,0.0,0.013420348128184465,0.6545883555209528,0.0,0.16666666666666666,0.30191144932882547,0.031126258462561174,0.0,0.0,0.16666666666666666,0.16666666666666666,0.0,1.0,0.004166666666666667,0.0,1.0,0.0,0.2222222222222222,0.0,False,
0.8993554814557294,0.09580315219192795,1.1130908572378284,1.404720862339435,0.01903277842056596,0.011324576212012404,4.216135863733578,3.121647822568992,2.0875036570479684,0.5789076890377849,1.9149658594121257,0.19112980234166355,0.18359711333572082,0,80.0,0.2,113.92899291753837,97.23643642389379,8.904726857902627,0.8705380735985663,38.0727587564379,0.08062484798273596,0.0,9.18347995151328,0.0,0.0,0.0,0.0,0.0,0.0,0.0,0.0,0.0,1.0,0.0007222222222222222,0.0,1.0,0.0,0.0,0.0,False,
0.8993554814557294,0.09580315219192795,1.1130908572378284,1.404720862339435,0.01903277842056596,0.011324576212012404,4.216135863733578,3.121647822568992,2.0875036570479684,0.5789076890377849,1.9149658594121257,0.19112980234166355,0.18359711333572082,1,80.0,0.2,113.82835490620386,96.49516655317797,8.904726857902627,0.8614383832776787,76.8537369725578,0.05058052769510678,0.0,18.571194216941215,0.0,0.0,0.0,0.0,0.0,0.0,0.0,0.0,0.0,1.0,0.0005555555555555556,0.0,1.0,0.0,0.0,0.0,False,
0.8993554814557294,0.09580315219192795,1.1130908572378284,1.404720862339435,0.01903277842056596,0.011324576212012404,4.216135863733578,3.121647822568992,2.0875036570479684,0.5789076890377849,1.9149658594121257,0.19112980234166355,0.18359711333572082,2,86.0,0.14,121.01275721363466,104.0409910147476,9.57258137224533,0.8715439518891654,65.27789951019217,0.06092870986055094,0.0,15.738040191377307,0.0,0.0,0.0,0.0,0.0,0.0,0.0,0.0,0.0,1.0,0.0006111111111111111,0.0,1.0,0.0,0.0,0.0,False,
0.6646738232604715,0.12059280025067551,1.0263548104108404,1.5057052796479091,0.06168185871489461,0.004361468990322073,8.590914131065128,3.9388409719250532,2.868862373344294,0.710164743030921,1.1452831721797885,0.3163545221867935,0.2354202320163745,0,10.0,0.8999999999999998,15.085630731558654,10.720518068928483,1.0263548104108406,0.7185521976520056,11.324251964980933,0.12388050119960824,0.0011210562317992576,1.287762380487875,0.0,0.03333333333333333,0.1255462731167737,0.0389933921824295,0.0,0.09845502921014278,0.03333333333333333,0.03333333333333333,0.0,1.0,0.0041111111111111105,0.0,1.0,0.0,0.1111111111111111,0.016666666666666666,False,
0.6646738232604715,0.12059280025067551,1.0263548104108404,1.5057052796479091,0.06168185871489461,0.004361468990322073,8.590914131065128,3.9388409719250532,2.868862373344294,0.710164743030921,1.1452831721797885,0.3163545221867935,0.2354202320163745,1,10.0,0.8999999999999998,15.257539197291653,10.8407845915786,1.0263548104108406,0.7176605751068796,11.221911887483659,0.6382831746722931,0.00045611120329091073,1.325644544470907,0.0,0.1,0.36437713743573963,0.03837837381950222,0.0,0.139937353443039,0.1,0.1,0.0,1.0,0.0038333333333333336,0.0,1.0,0.0,0.11666666666666667,0.011111111111111112,False,
0.6646738232604715,0.12059280025067551,1.0263548104108404,1.5057052796479091,0.06168185871489461,0.004361468990322073,8.590914131065128,3.9388409719250532,2.868862373344294,0.710164743030921,1.1452831721797885,0.3163545221867935,0.2354202320163745,2,0.0,1.0,0.0,0.0,0.0,0.7266156878797507,0.11120140614441851,0.0,0.0,1.0,0.0,0.0,0.0,0.06476545303030973,0.0,0.22997375555682315,0.0,0.0,0.0,1.0,0.004388888888888889,0.0005555555555555556,1.0,0.0,0.09444444444444444,0.044444444444444446,True,
0.8205419950794466,0.11843737902983165,1.429903098427415,1.896944321545471,0.03922940023163278,0.018705495900331322,7.352458139291479,2.853650726685126,3.217365789200384,0.8702858346923558,1.3297313676101643,0.25587982955686217,0.0962314586103358,0,31.233333333333334,0.6876666666666668,59.96657532476197,47.20937952898128,4.46606401075496,0.7933364208159036,44.70936751306985,0.42439600357723445,0.0,6.152587902924011,0.0,0.0,0.0,0.015402059187625326,0.0,0.3951676222971026,0.0,0.0,0.0,1.0,0.0037222222222222223,0.0,1.0,0.0,0.05,0.011111111111111112,False,
0.8205419950794466,0.11843737902983165,1.429903098427415,1.896944321545471,0.03922940023163278,0.018705495900331322,7.352458139291479,2.853650726685126,3.217365789200384,0.8702858346923558,1.3297313676101643,0.25587982955686217,0.0962314586103358,1,32.0,0.6799999999999999,62.96072612303316,49.86687504333178,4.575689914967729,0.7978036650227518,36.961340349792025,0.4592534867491708,0.0,5.1899035156477815,0.0,0.03333333333333333,0.27618700216136155,0.010475686812930155,0.0,0.4504128477316227,0.03333333333333333,0.03333333333333333,0.0,1.0,0.0037777777777777775,0.0,1.0,0.0,0.044444444444444446,0.005555555555555556,False,
0.8205419950794466,0.11843737902983165,1.429903098427415,1.896944321545471,0.03922940023163278,0.018705495900331322,7.352458139291479,2.853650726685126,3.217365789200384,0.8702858346923558,1.3297313676101643,0.25587982955686217,0.0962314586103358,2,32.0,0.6799999999999999,60.17602718448564,47.94550806156912,4.575689914967728,0.8029021728711648,48.23413728657213,0.36786225870054057,0.0,5.83847677377126,0.0,0.0,0.0,0.015823228557513225,0.0,0.45288804137434935,0.03333333333333333,0.03333333333333333,0.0,1.0,0.004166666666666667,0.0,1.0,0.0,0.05,0.011111111111111112,False,
0.6249601441288404,0.11877948393674308,1.4406876170357532,1.1146898881387428,0.05780510566410266,0.022908858530573027,6.326177948016303,2.8465365226492283,3.611954929192326,0.9104398292418551,2.813985149384935,0.06178928157153993,0.3369705262091534,0,0.0,1.0,0.0,0.0,0.0,1.3673608182143775,0.12672214515608934,0.0,0.0,1.0,0.0,0.0,0.0,0.04672681971813662,0.0,0.08425011840494065,0.0,0.0,0.0,1.0,0.0037777777777777775,0.0,1.0,0.0,0.07777777777777778,0.022222222222222223,True,
0.6249601441288404,0.11877948393674308,1.4406876170357532,1.1146898881387428,0.05780510566410266,0.022908858530573027,6.326177948016303,2.8465365226492283,3.611954929192326,0.9104398292418551,2.813985149384935,0.06178928157153993,0.3369705262091534,1,0.0,1.0,2.861764906752733e-49,3.77885718633481e-49,0.0,1.3648110161074238,0.11331013099738282,2.268905418982414e-49,0.0,0.6186098278576017,0.0,0.0,0.0,0.036347726220377935,0.0,0.21022912586599965,0.0,0.0,0.0,1.0,0.004277777777777778,0.0011111111111111111,1.0,0.0,0.07222222222222222,0.011111111111111112,True,
0.6249601441288404,0.11877948393674308,1.4406876170357532,1.1146898881387428,0.05780510566410266,0.022908858530573027,6.326177948016303,2.8465365226492283,3.611954929192326,0.9104398292418551,2.813985149384935,0.06178928157153993,0.3369705262091534,2,0.0,1.0,0.0,0.0,0.0,1.3891424920864466,0.19774871742526526,0.0,0.0,1.0,0.0,0.0,0.0,0.04528934459767854,0.0,0.12055742060378107,0.0,0.0,0.0,1.0,0.0038888888888888888,0.0,1.0,0.0,0.06666666666666667,0.03333333333333333,True,
0.8842663401713905,0.10551487106991517,1.2396740457902249,1.3554222744046895,0.054094456000434346,0.02562528731603807,9.085588780414337,2.287694202904272,3.6009368298078974,0.3003966714070707,1.4632454797147583,0.3881948507808586,0.25060879380730816,0,21.0,0.7899999999999998,29.260559055928642,27.94878333935742,2.6033154961594716,0.9697146463499916,25.923425230463614,0.0,0.0,2.1365123933430556,0.0,0.13333333333333333,0.6819799235811187,0.02013571528858608,0.0,0.5136709824633496,0.23333333333333334,0.23333333333333334,0.0,1.0,0.006944444444444444,0.0,1.0,0.0,0.1,0.011111111111111112,False,
0.8842663401713905,0.10551487106991517,1.2396740457902249,1.3554222744046895,0.054094456000434346,0.02562528731603807,9.085588780414337,2.287694202904272,3.6009368298078974,0.3003966714070707,1.4632454797147583,0.3881948507808586,0.25060879380730816,1,22.033333333333335,0.7796666666666668,30.261287370766944,28.87462909916583,2.731415147557797,0.9677382160650633,27.25021432805363,0.0,0.030788338300820277,1.9743630348904297,0.0,0.06666666666666667,0.6638353663272961,0.023426962123037843,0.0,0.4708564114427711,0.26666666666666666,0.26666666666666666,0.0,1.0,0.007166666666666667,0.0,1.0,0.0,0.09444444444444444,0.011111111111111112,False,
0.8842663401713905,0.10551487106991517,1.2396740457902249,1.3554222744046895,0.054094456000434346,0.02562528731603807,9.085588780414337,2.287694202904272,3.6009368298078974,0.3003966714070707,1.4632454797147583,0.3881948507808586,0.25060879380730816,2,20.0,0.8000000000000003,26.42272093530273,25.39199507701632,2.479348091580449,0.9773153545539592,23.61918048241068,0.0,0.011274690285772519,2.0805353447534114,0.0,0.06666666666666667,0.4066386677655653,0.030305491271791916,0.0,0.46100365860053816,0.2,0.2,0.0,1.0,0.006722222222222223,0.0,1.0,0.0,0.08888888888888889,0.022222222222222223,False,
0.6902800253131791,0.08177607304121659,1.2869401152317108,1.9483468179122936,0.06815935780380156,0.010167609137328469,7.421108810949574,3.5469547516409503,2.398803704428316,0.4225554795813212,2.418442923540697,0.2991638620898459,0.16302618134485616,0,21.0,0.7899999999999998,42.27513611781081,29.272503572705816,2.702574241986594,0.6997689998442181,21.89860779810864,0.42544901041167527,0.0,3.0481699317723865,0.0,0.2,0.8478503987816727,0.03418338709419884,0.0,0.28859460378838925,0.2,0.2,0.0,1.0,0.0044444444444444444,0.0,1.0,0.0,0.15,0.016666666666666666,False,
0.6902800253131791,0.08177607304121659,1.2869401152317108,1.9483468179122936,0.06815935780380156,0.010167609137328469,7.421108810949574,3.5469547516409503,2.398803704428316,0.4225554795813212,2.418442923540697,0.2991638620898459,0.16302618134485616,1,22.0,0.7800000000000001,44.00165033779456,30.69708411155092,2.831268253509764,0.7059984772284458,22.462426235150716,0.6067427090630849,0.0,3.093480008806994,0.0,0.2,0.8277449086348717,0.03286673840081444,0.0,0.31142955425453117,0.2,0.2,0.0,1.0,0.004888888888888889,0.0,1.0,0.0,0.20555555555555555,0.011111111111111112,False,
0.6902800253131791,0.08177607304121659,1.2869401152317108,1.9483468179122936,0.06815935780380156,0.010167609137328469,7.421108810949574,3.5469547516409503,2.398803704428316,0.4225554795813212,2.418442923540697,0.2991638620898459,0.16302618134485616,2,18.0,0.8200000000000001,35.19852061003726,24.71171330982186,2.3164922074170797,0.7156208277378949,22.02366468284855,0.2621439447579648,0.002799167733551248,2.9957540188414282,0.0,0.2,0.9499244844562209,0.03709487132026057,0.0,0.362790342809012,0.23333333333333334,0.23333333333333334,0.0,1.0,0.004888888888888889,0.0,1.0,0.0,0.17222222222222222,0.011111111111111112,False,
0.7753124332212034,0.1286723285928978,1.3277741743663065,1.6794939547302172,0.024650140603901707,0.023658024886235404,9.982930705703119,3.7865221162115774,1.6658758578896384,0.3825183265709001,2.6101137354886386,0.11632913101798192,0.2038575668509807,0,10.0,0.8999999999999998,16.83424953769874,13.800656026738258,1.3277741743663063,0.8326767587227801,9.84820500496785,0.16888951739169134,0.0,1.0,0.0,0.0,0.0,0.05622761364975757,0.0,0.9439093001254156,0.0,0.0,0.0,1.0,0.005222222222222223,0.0,1.0,0.0,0.1111111111111111,0.044444444444444446,False,
0.7753124332212034,0.1286723285928978,1.3277741743663065,1.6794939547302172,0.024650140603901707,0.023658024886235404,9.982930705703119,3.7865221162115774,1.6658758578896384,0.3825183265709001,2.6101137354886386,0.11632913101798192,0.2038575668509807,1,0.0,1.0,0.0,0.0,0.0,0.8317817633134366,0.0043182649794085886,0.0,0.0,1.0,0.0,0.0,0.0,0.0824087622779255,0.0,0.9312509154161455,0.0,0.0,0.0,1.0,0.005333333333333333,0.0,1.0,0.0,0.1111111111111111,0.06666666666666667,True,
0.7753124332212034,0.1286723285928978,1.3277741743663065,1.6794939547302172,0.024650140603901707,0.023658024886235404,9.982930705703119,3.7865221162115774,1.6658758578896384,0.3825183265709001,2.6101137354886386,0.11632913101798192,0.2038575668509807,2,10.0,0.8999999999999998,16.074259333319944,13.308546495669228,1.3277741743663063,0.8409526654046864,13.9667096782801,0.04079011317501572,0.0,1.4041475682166198,0.0,0.0,0.0,0.04046962537159997,0.0,0.9954466484975151,0.0,0.0,0.0,1.0,0.005277777777777778,0.0,1.0,0.0,0.1,0.027777777777777776,False,
0.7672636396822813,0.053490444366740955,1.284426065240176,1.7245974891772349,0.07070620040674964,0.017101731121895867,9.28414017675069,3.061285198384839,1.7435679330827314,0.9085968180711209,1.039052898151573,0.3795915918526517,0.09826572424021754,0,41.0,0.5900000000000001,70.78034602477572,56.29273720250222,5.266146867484724,0.8019692942280602,32.09203546840019,0.6092216711084208,0.0,2.6071273266965576,0.0,0.13333333333333333,1.1636179558206357,0.02768973457867796,0.0,0.397554377808562,0.3333333333333333,0.3333333333333333,0.0,1.0,0.005833333333333334,0.0,1.0,0.0,0.15,0.011111111111111112,False,
0.7672636396822813,0.053490444366740955,1.284426065240176,1.7245974891772349,0.07070620040674964,0.017101731121895867,9.28414017675069,3.061285198384839,1.7435679330827314,0.9085968180711209,1.039052898151573,0.3795915918526517,0.09826572424021754,1,42.0,0.58,73.80666391244226,59.120671744533986,5.39458947400874,0.8094093379385684,31.352316943932166,0.5861928281980815,0.0,3.4882930380672814,0.0,0.36666666666666664,1.4402671788877186,0.024724140609011798,0.0,0.3934421107162871,0.4,0.4,0.0,1.0,0.0057777777777777775,0.0,1.0,0.0,0.17777777777777778,0.005555555555555556,False,
0.7672636396822813,0.053490444366740955,1.284426065240176,1.7245974891772349,0.07070620040674964,0.017101731121895867,9.28414017675069,3.061285198384839,1.7435679330827314,0.9085968180711209,1.039052898151573,0.3795915918526517,0.09826572424021754,2,50.0,0.5,86.00573111000058,69.96312281150469,6.4221303262008815,0.8164383877027251,35.18757081541571,0.5577704952266609,0.0,3.253330039827863,0.0,0.16666666666666666,1.2061588456741876,0.024448118975169367,0.0,0.3705119531952319,0.3,0.3,0.0,1.0,0.005722222222222222,0.0,1.0,0.0,0.13333333333333333,0.011111111111111112,False,
0.7313490740655296,0.035365950721594624,1.3238487067709994,1.0053426885045889,0.015395940983804247,0.024507071712411708,10.40392002952078,3.0879214342342385,1.6214042802712754,0.8855019560439525,2.7250484279615153,0.39754011881761775,0.2379810771855779,0,11.733333333333333,0.8826666666666668,12.213240726143118,16.3130578242999,1.5533158159446403,1.3956896501465625,43.67202602630511,0.0,0.0,2.16246361920506,0.0,0.06666666666666667,0.24377054439339163,0.02107106970705459,0.0,0.0,0.06666666666666667,0.06666666666666667,0.0,1.0,0.0028888888888888888,0.0,1.0,0.0,0.17222222222222222,0.0,False,
0.7313490740655296,0.035365950721594624,1.3238487067709994,1.0053426885045889,0.015395940983804247,0.024507071712411708,10.40392002952078,3.0879214342342385,1.6214042802712754,0.8855019560439525,2.7250484279615153,0.39754011881761775,0.2379810771855779,1,26.9,0.7310000000000002,28.962422680459007,38.778812221677164,3.5611530212139884,1.392680966614828,44.62893524579601,0.0,0.0,2.4224630005222942,0.0,0.1,0.7213944908588316,0.015997096642475218,0.0,0.0,0.23333333333333334,0.23333333333333334,0.0,1.0,0.0029444444444444444,0.0,1.0,0.0,0.14444444444444443,0.0,False,
0.7313490740655296,0.035365950721594624,1.3238487067709994,1.0053426885045889,0.015395940983804247,0.024507071712411708,10.40392002952078,3.0879214342342385,1.6214042802712754,0.8855019560439525,2.7250484279615153,0.39754011881761775,0.2379810771855779,2,21.0,0.7899999999999998,21.94623914113861,29.8301986819407,2.7800822842191004,1.4209488983947998,43.532341822342325,0.0,0.0,3.626809306634827,0.0,0.13333333333333333,0.6036525179603787,0.01589417343736881,0.0,0.0,0.16666666666666666,0.16666666666666666,0.0,1.0,0.002833333333333333,0.0,1.0,0.0,0.15,0.0,False,
0.8412823982295956,0.039107972402894806,1.0193624742285696,1.08252221579651,0.044453067063776,0.017028237372928662,10.878972705693492,2.2293526179000644,2.846108537476641,0.2813469045778379,1.3544165137250377,0.21413735130415093,0.32089272234932775,0,10.0,0.8999999999999998,9.866323654703894,9.60884771345282,1.0193624742285696,0.9967099460328536,17.874059009436216,0.003988804189998359,0.0,0.9108583382358854,0.0,0.03333333333333333,0.061032105953312495,0.03957871924687514,0.0,0.40978000032309325,0.06666666666666667,0.06666666666666667,0.0,1.0,0.006111111111111111,0.0011111111111111111,1.0,0.0,0.08888888888888889,0.03333333333333333,False,
0.8412823982295956,0.039107972402894806,1.0193624742285696,1.08252221579651,0.044453067063776,0.017028237372928662,10.878972705693492,2.2293526179000644,2.846108537476641,0.2813469045778379,1.3544165137250377,0.21413735130415093,0.32089272234932775,1,10.0,0.8999999999999998,10.030726500312609,9.771398512925199,1.0193624742285696,0.9947739126226225,24.363035531103645,0.006978103843184303,0.0,1.8760850522935528,0.0,0.06666666666666667,0.22828839919224542,0.03851923167912561,0.0,0.39524839251001287,0.13333333333333333,0.13333333333333333,0.0,1.0,0.006055555555555555,0.0016666666666666666,1.0,0.0,0.07777777777777778,0.027777777777777776,False,
0.8412823982295956,0.039107972402894806,1.0193624742285696,1.08252221579651,0.044453067063776,0.017028237372928662,10.878972705693492,2.2293526179000644,2.846108537476641,0.2813469045778379,1.3544165137250377,0.21413735130415093,0.32089272234932775,2,10.0,0.8999999999999998,10.675156976503306,10.542631031810828,1.0193624742285696,1.013164974615449,3.431624423996031,0.004455313268933952,0.0,0.3097757395414853,0.0,0.0,0.0,0.041986732321207546,0.0,0.3738338430974213,0.0,0.0,0.0,1.0,0.005722222222222222,0.0011111111111111111,1.0,0.0,0.06111111111111111,0.027777777777777776,False,
0.6730887536853881,0.03802276433896222,1.2427751561757856,1.9248714267390352,0.026317561403474247,0.02099173027346422,11.027679608179772,2.2395838372326984,4.353315085001906,0.7960702943751339,0.9764727839529446,0.037002057516585654,0.20763716979601082,0,20.0,0.8000000000000003,39.32750244448538,26.553733642684783,2.485550312351572,0.6794576646991787,22.848231018194593,0.4242482289536463,0.0,1.6603567343572494,0.0,0.0,0.0,0.008766860812226862,0.0,0.0,0.03333333333333333,0.03333333333333333,0.0,1.0,0.0025,0.0,1.0,0.0,0.07777777777777778,0.0,False,
0.6730887536853881,0.03802276433896222,1.2427751561757856,1.9248714267390352,0.026317561403474247,0.02099173027346422,11.027679608179772,2.2395838372326984,4.353315085001906,0.7960702943751339,0.9764727839529446,0.037002057516585654,0.20763716979601082,1,0.0,1.0,2.2119316137507457e-07,1.4930558914884655e-07,0.0,0.6788455821549977,2.0767669039076395,0.0,0.0,0.7522550591198348,0.0,0.03333333333333333,1.4930558914884658e-07,0.058734035751728815,0.03333333333333333,0.10611811838022993,0.03333333333333333,0.03333333333333333,0.0,1.0,0.003277777777777778,0.0,1.0,0.0,0.11666666666666667,0.05,True,
0.6730887536853881,0.03802276433896222,1.2427751561757856,1.9248714267390352,0.026317561403474247,0.02099173027346422,11.027679608179772,2.2395838372326984,4.353315085001906,0.7960702943751339,0.9764727839529446,0.037002057516585654,0.20763716979601082,2,0.0,1.0,0.0,0.0,0.0,0.6852792953268446,2.8070498248901834,0.0,0.0,0.8117077271306137,0.0,0.0,0.0,0.038044121997575384,0.0,0.13202576974922395,0.03333333333333333,0.03333333333333333,0.0,1.0,0.0032222222222222222,0.0,1.0,0.0,0.1111111111111111,0.05555555555555555,True,
0.8561897087272139,0.11377515109324772,1.030271083948299,1.7388016526413592,0.012456025078973707,0.01864146777978847,6.045504734337319,3.9569688023197127,3.02817233027862,0.5206555755396928,1.1153149544181091,0.2548543643338236,0.25702040152741445,0,82.53333333333333,0.1746666666666667,145.80106762159784,93.5647525981888,8.50317067951996,0.6459457475120781,28.13058303184959,0.0,0.0,4.677637590199022,0.0,0.03333333333333333,0.21633318970468898,0.00039719556081810434,0.0,0.0,0.03333333333333333,0.03333333333333333,0.0,1.0,0.0007777777777777778,0.0,1.0,0.0,0.005555555555555556,0.0,False,
0.8561897087272139,0.11377515109324772,1.030271083948299,1.7388016526413592,0.012456025078973707,0.01864146777978847,6.045504734337319,3.9569688023197127,3.02817233027862,0.5206555755396928,1.1153149544181091,0.2548543643338236,0.25702040152741445,1,90.0,0.1,158.61082906935565,101.64644954257628,9.272439755534693,0.6458569003658828,32.58061233585817,0.0,0.0,5.55574959704587,0.0,0.0,0.0,0.0003861787086131992,0.0,0.0,0.0,0.0,0.0,1.0,0.0007777777777777778,0.0,1.0,0.0,0.005555555555555556,0.0,False,
0.8561897087272139,0.11377515109324772,1.030271083948299,1.7388016526413592,0.012456025078973707,0.01864146777978847,6.045504734337319,3.9569688023197127,3.02817233027862,0.5206555755396928,1.1153149544181091,0.2548543643338236,0.25702040152741445,2,83.0,0.17,143.80019434751497,93.9487516468273,8.551249996770881,0.6561338729797972,10.807996132367625,0.0,0.0,1.8475386189214504,0.0,0.0,0.0,0.0007993573338046069,0.0,0.0,0.0,0.0,0.0,1.0,0.0009444444444444444,0.0,1.0,0.0,0.011111111111111112,0.0,False,
0.5800036523522142,0.06055128097114816,1.0563259452196243,1.3543936281680566,0.03182457935815391,0.009751071290218235,5.864154835624129,2.488565542240321,4.284117836228747,0.5339200440878423,1.393629349222975,0.3425188077898683,0.22065992917842997,0,31.533333333333335,0.6846666666666665,44.368829015623945,35.962565516093186,3.330947813925881,0.8230018156768282,12.977400462026685,1.350216429816542,0.014278531268822423,2.235233404703065,0.0,0.06666666666666667,0.24762618780294704,0.0010203127386778448,0.0,0.0,0.13333333333333333,0.13333333333333333,0.0,1.0,0.001388888888888889,0.0,1.0,0.0,0.011111111111111112,0.0,False,
0.5800036523522142,0.06055128097114816,1.0563259452196243,1.3543936281680566,0.03182457935815391,0.009751071290218235,5.864154835624129,2.488565542240321,4.284117836228747,0.5339200440878423,1.393629349222975,0.3425188077898683,0.22065992917842997,1,32.0,0.6799999999999999,45.38340415923019,36.8670137983747,3.380243024702797,0.8235966694263814,11.496797729640235,1.5980517848517486,0.0,2.0562695084264235,0.0,0.0,0.0,0.0,0.0,0.0,0.0,0.0,0.0,1.0,0.0012222222222222222,0.0,1.0,0.0,0.0,0.0,False,
0.5800036523522142,0.06055128097114816,1.0563259452196243,1.3543936281680566,0.03182457935815391,0.009751071290218235,5.864154835624129,2.488565542240321,4.284117836228747,0.5339200440878423,1.393629349222975,0.3425188077898683,0.22065992917842997,2,34.766666666666666,0.6523333333333334,46.20595196397518,38.45229306382256,3.728830586625273,0.8514162442016765,66.66593978682073,1.357533923567814,91.93570041642792,96.86626085352093,0.0,0.0,0.0,0.0,0.0,0.0,0.36666666666666664,0.23333333333333334,0.13333333333333333,1.0,0.0012777777777777776,0.0044444444444444444,1.0,0.0,0.0,0.0,False,
0.6234487618148442,0.06862759914671848,0.9868078619262954,1.9217898675191458,0.045021800977920245,0.026312514197228853,6.664560321147722,4.471446902137432,4.4728119273962275,0.4389018003014272,2.6662017780055045,0.2432405584528833,0.10156782931365216,0,21.0,0.7899999999999998,41.07570532129959,22.221329027803435,2.0722965100452204,0.5476787101569861,20.42764769081548,0.8738283678665695,0.0,3.1203766550597667,0.0,0.1,0.3991638629487123,0.02233981865770147,0.0,0.0,0.1,0.1,0.0,1.0,0.0025,0.0,1.0,0.0,0.08888888888888889,0.0,False,
0.6234487618148442,0.06862759914671848,0.9868078619262954,1.9217898675191458,0.045021800977920245,0.026312514197228853,6.664560321147722,4.471446902137432,4.4728119273962275,0.4389018003014272,2.6662017780055045,0.2432405584528833,0.10156782931365216,1,22.0,0.7800000000000001,42.88819000874362,23.237791781696835,2.17097729623785,0.5490451454794728,22.629089529240947,1.1015314637709328,0.0,3.283269749866771,0.0,0.06666666666666667,0.2557638876407922,0.019196438405392036,0.0,0.0,0.06666666666666667,0.06666666666666667,0.0,1.0,0.0025,0.0,1.0,0.0,0.08888888888888889,0.0,False,
0.6234487618148442,0.06862759914671848,0.9868078619262954,1.9217898675191458,0.045021800977920245,0.026312514197228853,6.664560321147722,4.471446902137432,4.4728119273962275,0.4389018003014272,2.6662017780055045,0.2432405584528833,0.10156782931365216,2,18.0,0.8200000000000001,34.856214785993686,18.901241233948962,1.7762541514673322,0.556149466149689,21.74215553339724,0.5108343230309043,0.003392100748602071,2.3833528162779043,0.0,0.1,0.6439537800501536,0.03215529165798298,0.0,0.06525593237977872,0.16666666666666666,0.16666666666666666,0.0,1.0,0.003277777777777778,0.0,1.0,0.0,0.10555555555555556,0.011111111111111112,False,
0.7365248149771323,0.09357536744723953,1.3633955827032693,1.7898876450813317,0.06829854875976986,0.005034611709966732,8.276691025028935,2.9438460693879556,2.0227654595133298,0.9484701314460021,2.753272200749465,0.4164784181368485,0.1891991449017588,0,21.0,0.7899999999999998,38.15171711040615,30.424894925163375,2.8631307236768646,0.8087272691574342,22.495983751641013,0.2956925350655829,0.0007137811489240087,2.7916327020699425,0.0,0.2,0.8415282617056502,0.0303384682392595,0.0,0.48401113528835316,0.23333333333333334,0.23333333333333334,0.0,1.0,0.006,0.0,1.0,0.0,0.19444444444444445,0.005555555555555556,False,
0.7365248149771323,0.09357536744723953,1.3633955827032693,1.7898876450813317,0.06829854875976986,0.005034611709966732,8.276691025028935,2.9438460693879556,2.0227654595133298,0.9484701314460021,2.753272200749465,0.4164784181368485,0.1891991449017588,1,22.0,0.7800000000000001,40.852886696175794,32.744485538741685,2.999470281947193,0.8136884739617471,21.469441522805564,0.39320990200012784,0.0,2.711684310018321,0.0,0.23333333333333334,1.0800963823601295,0.029657609113110488,0.0,0.46967409242822844,0.3,0.3,0.0,1.0,0.005833333333333334,0.0,1.0,0.0,0.2,0.011111111111111112,False,
0.7365248149771323,0.09357536744723953,1.3633955827032693,1.7898876450813317,0.06829854875976986,0.005034611709966732,8.276691025028935,2.9438460693879556,2.0227654595133298,0.9484701314460021,2.753272200749465,0.4164784181368485,0.1891991449017588,2,31.133333333333333,0.6886666666666668,56.724859853225816,45.9763616004712,4.244704914149512,0.8265741682765213,31.486282307260577,0.2867877906894016,0.0,2.470170832880072,0.0,0.1,0.8270971854541561,0.02759595551732476,0.0,0.47555495497311523,0.26666666666666666,0.26666666666666666,0.0,1.0,0.006055555555555555,0.0,1.0,0.0,0.15555555555555556,0.011111111111111112,False,
0.7071832504402435,0.09608566557440902,1.3663313582741878,1.8925394678464356,0.047973242272956976,0.026709464875188056,9.197307600580313,2.9803848130502466,3.1454610163297083,0.5191012716564105,1.9433448022632505,0.33141297185346974,0.12213862542721372,0,21.0,0.7899999999999998,41.08116200407466,31.049522274797518,2.8692958523757954,0.7630710991951127,28.33941022451484,0.6345587959219919,0.030088277393367644,3.1013895229634914,0.0,0.1,0.8483421849321311,0.02344847902026725,0.0,0.25737452147660705,0.23333333333333334,0.23333333333333334,0.0,1.0,0.004166666666666667,0.0,1.0,0.0,0.1111111111111111,0.011111111111111112,False,
0.7071832504402435,0.09608566557440902,1.3663313582741878,1.8925394678464356,0.047973242272956976,0.026709464875188056,9.197307600580313,2.9803848130502466,3.1454610163297083,0.5191012716564105,1.9433448022632505,0.33141297185346974,0.12213862542721372,1,22.0,0.7800000000000001,43.18924879357868,32.67957392451667,3.005928988203213,0.763631531667243,28.4552076912336,0.5853435344213224,0.02773285864427745,1.8245349839997462,0.0,0.1,0.7081267445898478,0.028897688997851355,0.0,0.2218437946952532,0.2,0.2,0.0,1.0,0.004166666666666667,0.0,1.0,0.0,0.1,0.011111111111111112,False,
0.7071832504402435,0.09608566557440902,1.3663313582741878,1.8925394678464356,0.047973242272956976,0.026709464875188056,9.197307600580313,2.9803848130502466,3.1454610163297083,0.5191012716564105,1.9433448022632505,0.33141297185346974,0.12213862542721372,2,37.9,0.6210000000000001,73.89499964783813,56.521982628476984,5.1783958478591705,0.7715392200278104,29.816386396460185,0.772606028794648,0.0032274652120825326,2.376012580850365,0.0,0.13333333333333333,0.9486154502930261,0.016834247609305426,0.0,0.3205894140144049,0.23333333333333334,0.23333333333333334,0.0,1.0,0.0041111111111111105,0.0,1.0,0.0,0.07222222222222222,0.005555555555555556,False,
0.8814344202533528,0.09314942380822971,1.1179823200137955,1.3887831475411452,0.06411239204110235,0.01601333407019321,7.17329755539272,4.609766110079377,3.256289649344235,0.6413655436811835,2.864130669924868,0.07114220509542148,0.2924428537507212,0,0.0,1.0,0.0,0.0,0.0,0.8492461091442062,1.4222800953747252,0.0,0.0,1.0,0.0,0.0,0.0,0.0769748973700218,0.0,1.1286996673685,0.0,0.0,0.0,1.0,0.0055000000000000005,0.0,1.0,0.0,0.08333333333333333,0.08888888888888889,True,
0.8814344202533528,0.09314942380822971,1.1179823200137955,1.3887831475411452,0.06411239204110235,0.01601333407019321,7.17329755539272,4.609766110079377,3.256289649344235,0.6413655436811835,2.864130669924868,0.07114220509542148,0.2924428537507212,1,0.0,1.0,0.0,0.0,0.0,0.8480725387641276,1.0623191366553209,0.0,0.0,1.0,0.0,0.0,0.0,0.06288149110841836,0.0,1.1681590418031054,0.0,0.0,0.0,1.0,0.0055000000000000005,0.0,1.0,0.0,0.07222222222222222,0.1111111111111111,True,
0.8814344202533528,0.09314942380822971,1.1179823200137955,1.3887831475411452,0.06411239204110235,0.01601333407019321,7.17329755539272,4.609766110079377,3.256289649344235,0.6413655436811835,2.864130669924868,0.07114220509542148,0.2924428537507212,2,0.0,1.0,0.0,0.0,0.0,0.8596903543970627,1.375578946359966,0.0,0.0,1.0,0.0,0.0,0.0,0.07633667369337419,0.0,1.1452340371986183,0.0,0.0,0.0,1.0,0.005555555555555556,0.0,1.0,0.0,0.08333333333333333,0.08888888888888889,True,
0.8229101416585907,0.0812225329194004,0.9850181206369628,1.6098097723599394,0.01359120239162814,0.013799499265251945,5.701707801318239,4.440842919949236,3.0986915237568886,0.46709120375874946,1.0485924356690044,0.434268591351996,0.32163393957918895,0,74.66666666666667,0.2533333333333333,121.10463890079534,81.5980519999662,7.354801967422658,0.6781609903658518,24.04147828569343,0.0,0.0,3.242286285605098,0.0,0.03333333333333333,0.3977795906381784,0.002781980353007338,0.0,0.0,0.06666666666666667,0.06666666666666667,0.0,1.0,0.0012222222222222222,0.0,1.0,0.0,0.027777777777777776,0.0,False,
0.8229101416585907,0.0812225329194004,0.9850181206369628,1.6098097723599394,0.01359120239162814,0.013799499265251945,5.701707801318239,4.440842919949236,3.0986915237568886,0.46709120375874946,1.0485924356690044,0.434268591351996,0.32163393957918895,1,90.0,0.1,145.63420766317938,97.06749455112433,8.865163085732664,0.6745001700458292,33.082801182616855,0.0,0.0,5.899198751135921,0.0,0.0,0.0,0.0021282729408794517,0.0,0.0,0.0,0.0,0.0,1.0,0.0010555555555555555,0.0,1.0,0.0,0.022222222222222223,0.0,False,
0.8229101416585907,0.0812225329194004,0.9850181206369628,1.6098097723599394,0.01359120239162814,0.013799499265251945,5.701707801318239,4.440842919949236,3.0986915237568886,0.46709120375874946,1.0485924356690044,0.434268591351996,0.32163393957918895,2,87.3,0.12700000000000003,139.95094472527563,94.43704983941278,8.599208193160685,0.6803164241535476,32.33269218311294,0.0,0.0,3.9543893426005288,0.0,0.03333333333333333,0.37308340877136215,0.0008411439320379592,0.0,0.0,0.06666666666666667,0.06666666666666667,0.0,1.0,0.0008888888888888889,0.0,1.0,0.0,0.011111111111111112,0.0,False,
0.5833885268931852,0.09852360646507383,1.2460571421274218,1.8480325545068954,0.053526215773389826,0.008255967732425436,6.880845654102108,2.7363755052896925,2.7330201827626737,0.31373310484121475,1.0529499477557356,0.4737478601215165,0.3431686520729241,0,60.0,0.40000000000000013,111.23171183164933,81.87447053105643,7.47634285276453,0.7425243776628467,23.719837650473476,8.36647794402665,0.0,3.6550176540573402,0.0,0.03333333333333333,0.318926714880488,0.007822826369218718,0.0,0.0,0.1,0.1,0.0,1.0,0.003333333333333333,0.0,1.0,0.0,0.10555555555555556,0.0,False,
0.5833885268931852,0.09852360646507383,1.2460571421274218,1.8480325545068954,0.053526215773389826,0.008255967732425436,6.880845654102108,2.7363755052896925,2.7330201827626737,0.31373310484121475,1.0529499477557356,0.4737478601215165,0.3431686520729241,1,32.0,0.6799999999999999,58.5427085843431,43.004805634310586,3.9873828548077492,0.7433031968510492,27.196664273421387,3.343567092661027,0.0,3.8987486940817546,0.0,0.06666666666666667,0.4219585305719294,0.010800505722872595,0.0,0.0,0.13333333333333333,0.13333333333333333,0.0,1.0,0.0031666666666666666,0.0,1.0,0.0,0.08333333333333333,0.0,False,
0.5833885268931852,0.09852360646507383,1.2460571421274218,1.8480325545068954,0.053526215773389826,0.008255967732425436,6.880845654102108,2.7363755052896925,2.7330201827626737,0.31373310484121475,1.0529499477557356,0.4737478601215165,0.3431686520729241,2,48.0,0.5199999999999999,87.89071296371007,64.83156543858654,5.981074282211626,0.7451734144878551,32.178282285535175,4.371128782058879,0.0,4.498905369380859,0.0,0.1,0.7158580338618807,0.010483058968011738,0.0,0.0,0.26666666666666666,0.26666666666666666,0.0,1.0,0.0034999999999999996,0.0,1.0,0.0,0.1,0.0,False,
0.7648525288357995,0.056281971067510095,1.1695442655078603,0.9578634477928776,0.06560059051803205,0.02269887950161715,6.540292543586156,2.646921331653744,3.173629543822587,0.4038400459355582,1.3739347401407769,0.03256922801804539,0.13792353632438087,0,80.16666666666667,0.19833333333333325,80.1047643054901,101.83344863223199,9.375846528488013,1.3092420555443334,30.472150676138234,0.0047654197292923495,0.0,3.2266198821684666,0.0,0.06666666666666667,0.5696266482186171,0.020389618071197824,0.0,0.570935685356159,0.26666666666666666,0.26666666666666666,0.0,1.0,0.007277777777777777,0.0,1.0,0.0,0.1,0.011111111111111112,False,
0.7648525288357995,0.056281971067510095,1.1695442655078603,0.9578634477928776,0.06560059051803205,0.02269887950161715,6.540292543586156,2.646921331653744,3.173629543822587,0.4038400459355582,1.3739347401407769,0.03256922801804539,0.13792353632438087,1,79.0,0.20999999999999994,78.92685335243691,100.76632268763402,9.239399697512097,1.3028170532672092,31.877419373987028,0.0,0.0,3.924396402293552,0.0,0.1,0.7786054348795611,0.021686214282024618,0.0,0.5578234808144059,0.3,0.3,0.0,1.0,0.0075,0.0,1.0,0.0,0.12222222222222222,0.011111111111111112,False,
0.7648525288357995,0.056281971067510095,1.1695442655078603,0.9578634477928776,0.06560059051803205,0.02269887950161715,6.540292543586156,2.646921331653744,3.173629543822587,0.4038400459355582,1.3739347401407769,0.03256922801804539,0.13792353632438087,2,81.6,0.18400000000000002,80.41906635616661,104.6727592975073,9.543481206544142,1.3422674897649398,33.74346295956757,0.0052445427426640896,0.0,4.733637223471516,0.0,0.13333333333333333,1.0740681001086254,0.01981046520885578,0.0,0.5517596969472207,0.3333333333333333,0.3333333333333333,0.0,1.0,0.0077777777777777776,0.0,1.0,0.0,0.12777777777777777,0.005555555555555556,False,
0.6823253592419517,0.08929791659928957,1.4040479696182049,1.053706829587897,0.06152092115821638,0.005342414252106414,9.058239712730618,4.320242605334974,3.4028729071818864,0.9054850679365892,1.0573293373914412,0.15660501868961474,0.33576158094868347,0,0.0,1.0,0.0,0.0,0.0,1.4110533880188614,0.26770933353966414,0.0,0.0,1.0,0.0,0.0,0.0,0.05460736469234742,0.0,1.2206556211697825,0.0,0.0,0.0,1.0,0.0051111111111111105,0.0,1.0,0.0,0.06666666666666667,0.06666666666666667,True,
0.6823253592419517,0.08929791659928957,1.4040479696182049,1.053706829587897,0.06152092115821638,0.005342414252106414,9.058239712730618,4.320242605334974,3.4028729071818864,0.9054850679365892,1.0573293373914412,0.15660501868961474,0.33576158094868347,1,0.0,1.0,0.0,0.0,0.0,1.4082069113979518,0.7572577997579778,0.0,0.0,1.0,0.0,0.0,0.0,0.04968602617448285,0.0,1.2941507474106728,0.0,0.0,0.0,1.0,0.0051111111111111105,0.0,1.0,0.0,0.05555555555555555,0.06111111111111111,True,
0.6823253592419517,0.08929791659928957,1.4040479696182049,1.053706829587897,0.06152092115821638,0.005342414252106414,9.058239712730618,4.320242605334974,3.4028729071818864,0.9054850679365892,1.0573293373914412,0.15660501868961474,0.33576158094868347,2,0.0,1.0,0.0,0.0,0.0,1.4351362871018971,0.9898532596449995,0.0,0.0,1.0,0.0,0.0,0.0,0.04436525849774785,0.0,1.2404784198463723,0.0,0.0,0.0,1.0,0.005222222222222223,0.0,1.0,0.0,0.05555555555555555,0.05555555555555555,True,
0.8079887958885906,0.09820532691190603,1.0599176132019306,1.4458164447434585,0.04532520645556999,0.02377462002421286,11.234499975064953,2.2200990446170454,4.3629622531294086,0.8832602747354038,0.9870074757514165,0.15532452358095497,0.07091264621890202,0,29.233333333333334,0.7076666666666666,42.10891194415774,32.242384744919995,3.098492489260311,0.7736859316336923,38.097897609022475,0.15554888771957234,0.0,2.680497896692186,0.0,0.06666666666666667,0.3655803453738938,0.014943185425455668,0.0,0.11868563255823084,0.2,0.2,0.0,1.0,0.005555555555555556,0.005555555555555555,1.0,0.0,0.03888888888888889,0.005555555555555556,False,
0.8079887958885906,0.09820532691190603,1.0599176132019306,1.4458164447434585,0.04532520645556999,0.02377462002421286,11.234499975064953,2.2200990446170454,4.3629622531294086,0.8832602747354038,0.9870074757514165,0.15532452358095497,0.07091264621890202,1,20.0,0.8000000000000003,29.287968029160318,22.387073552154494,2.119835226403862,0.7720592296281303,8.440731604708446,0.08207577236559112,4.784619022106412,0.3728272902089181,0.0,0.0,0.0,0.0172789755709337,0.0,0.10135623163661428,0.0,0.0,0.0,1.0,0.006944444444444444,0.005,1.0,0.0,0.05555555555555555,0.005555555555555556,False,
0.8079887958885906,0.09820532691190603,1.0599176132019306,1.4458164447434585,0.04532520645556999,0.02377462002421286,11.234499975064953,2.2200990446170454,4.3629622531294086,0.8832602747354038,0.9870074757514165,0.15532452358095497,0.07091264621890202,2,30.0,0.6999999999999997,43.650583207368825,33.88082458066618,3.1797528396057926,0.7847425935976261,21.284518329879525,0.0723639186055526,0.000913085594493381,1.0307877507207617,0.0,0.03333333333333333,0.14927353438134858,0.01888302064450786,0.0,0.09897027361929259,0.03333333333333333,0.03333333333333333,0.0,1.0,0.005666666666666666,0.006666666666666666,1.0,0.0,0.044444444444444446,0.011111111111111112,False,
0.6654993547001111,0.07085156614237628,1.034267410567982,1.229962602906285,0.04856774532962875,0.016513998275408715,5.526619820927804,3.353447830289042,2.999541611078753,0.8625180912353538,1.717877165667168,0.07562236074115743,0.08841533878106854,0,40.4,0.596,51.84989181920453,45.70162784878125,4.178440338694648,0.8956357499208011,17.0138057678657,0.8813629070752238,0.0,3.111555592955147,0.0,0.03333333333333333,0.1945679189558926,0.01779247148864547,0.0,0.16667556172801493,0.03333333333333333,0.03333333333333333,0.0,1.0,0.0036666666666666666,0.0,1.0,0.0,0.06111111111111111,0.011111111111111112,False,
0.6654993547001111,0.07085156614237628,1.034267410567982,1.229962602906285,0.04856774532962875,0.016513998275408715,5.526619820927804,3.353447830289042,2.999541611078753,0.8625180912353538,1.717877165667168,0.07562236074115743,0.08841533878106854,1,22.0,0.7800000000000001,27.6479314781414,24.059499601645527,2.275388303249561,0.8869110282478414,16.12239281226373,0.46441061889375185,0.0,1.8568126398341538,0.0,0.03333333333333333,0.21005965819206937,0.022299712693318884,0.0,0.1926579024513398,0.1,0.1,0.0,1.0,0.0037222222222222223,0.0,1.0,0.0,0.06666666666666667,0.011111111111111112,False,
0.6654993547001111,0.07085156614237628,1.034267410567982,1.229962602906285,0.04856774532962875,0.016513998275408715,5.526619820927804,3.353447830289042,2.999541611078753,0.8625180912353538,1.717877165667168,0.07562236074115743,0.08841533878106854,2,40.733333333333334,0.5926666666666667,51.66817887028838,45.93095070920264,4.212915919046916,0.9086142028627163,19.39962503809438,0.6861206636055014,0.0,2.4104471780096435,0.0,0.06666666666666667,0.3894739612687976,0.020730787889064524,0.0,0.16183434735961755,0.13333333333333333,0.13333333333333333,0.0,1.0,0.004055555555555555,0.0,1.0,0.0,0.08333333333333333,0.011111111111111112,False,
0.8877456480171368,0.1159639130925935,0.9274653902543273,1.801603750938121,0.03838356329344296,0.001992872741645468,9.251830720779747,4.0670011322208355,3.8342762376525763,0.6976177477726613,1.7564084682040146,0.39275926020170837,0.26317812753286624,0,10.0,0.8999999999999998,17.831338766424633,9.566317065587894,0.9274653902543271,0.5419654983388842,14.832021766957665,0.0,8.910541671850967e-05,1.6315303075567396,0.0,0.03333333333333333,0.10810530983843086,0.029244669999756435,0.0,1.0115476351924673,0.03333333333333333,0.03333333333333333,0.0,1.0,0.005888888888888889,0.0,1.0,0.0,0.07222222222222222,0.011111111111111112,False,
0.8877456480171368,0.1159639130925935,0.9274653902543273,1.801603750938121,0.03838356329344296,0.001992872741645468,9.251830720779747,4.0670011322208355,3.8342762376525763,0.6976177477726613,1.7564084682040146,0.39275926020170837,0.26317812753286624,1,10.0,0.8999999999999998,18.3924443781948,9.86777120952618,0.9274653902543271,0.5414337754543249,17.56771689541066,0.0,0.0,1.9757962000844242,0.0,0.1,0.3415221318176825,0.027930869331153917,0.0,1.0057286236002287,0.1,0.1,0.0,1.0,0.006,0.0,1.0,0.0,0.07222222222222222,0.016666666666666666,False,
0.8877456480171368,0.1159639130925935,0.9274653902543273,1.801603750938121,0.03838356329344296,0.001992872741645468,9.251830720779747,4.0670011322208355,3.8342762376525763,0.6976177477726613,1.7564084682040146,0.39275926020170837,0.26317812753286624,2,49.0,0.51,91.34436559906186,49.714087006945086,4.544580412246203,0.5493206397214208,28.644054881256974,0.0,0.0,3.180966576376553,0.0,0.13333333333333333,0.46324636480742337,0.026076559536247858,0.0,1.035030296753115,0.13333333333333333,0.13333333333333333,0.0,1.0,0.006333333333333333,0.0,1.0,0.0,0.10555555555555556,0.016666666666666666,False,
0.8786370849855144,0.09062441598123569,1.1225758873743297,1.2134580508316835,0.06549640161716593,0.025847386711550548,6.271903992679636,2.798491072597748,3.250271702762536,0.6748976906485352,2.7146527969180845,0.4201121529041597,0.2918136498445535,0,11.0,0.8900000000000001,13.33025525578192,12.668014695502873,1.2348334761117625,0.9792330967481336,13.437233054904388,0.0,0.017828465209941212,2.14349422616347,0.0,0.13333333333333333,0.45879548764055467,0.030575211852032855,0.0,0.5916688780358523,0.16666666666666666,0.16666666666666666,0.0,1.0,0.0064444444444444445,0.0,1.0,0.0,0.12777777777777777,0.016666666666666666,False,
0.8786370849855144,0.09062441598123569,1.1225758873743297,1.2134580508316835,0.06549640161716593,0.025847386711550548,6.271903992679636,2.798491072597748,3.250271702762536,0.6748976906485352,2.7146527969180845,0.4201121529041597,0.2918136498445535,1,12.0,0.8799999999999998,14.408506427876516,13.728772321172974,1.3470910648491958,0.9793171982092396,14.493427926303424,0.0,0.0,1.5064664095125002,0.0,0.13333333333333333,0.4710668314249139,0.025532915081422046,0.0,0.6205492727218567,0.16666666666666666,0.16666666666666666,0.0,1.0,0.006777777777777778,0.0,1.0,0.0,0.15,0.011111111111111112,False,
0.8786370849855144,0.09062441598123569,1.1225758873743297,1.2134580508316835,0.06549640161716593,0.025847386711550548,6.271903992679636,2.798491072597748,3.250271702762536,0.6748976906485352,2.7146527969180845,0.4201121529041597,0.2918136498445535,2,10.0,0.8999999999999998,11.042233349990143,10.61963922012453,1.1225758873743303,0.9915623987141028,11.98586766671566,0.0,0.03409507390225021,0.8843058807926817,0.0,0.06666666666666667,0.25663298064247486,0.02566785218701178,0.0,0.6291076964793693,0.06666666666666667,0.06666666666666667,0.0,1.0,0.006555555555555556,0.0,1.0,0.0,0.12777777777777777,0.011111111111111112,False,
0.58548245853949,0.0745413936645466,1.3341656036494371,1.0155273328217784,0.029725353529374547,0.01900610523926403,10.807035154129624,4.053873995517012,2.8992994912826715,0.8960871849071202,1.067114096069747,0.18711268972628267,0.1826135225258631,0,21.0,0.7899999999999998,22.77058250211994,30.985724483579173,2.801747767663817,1.392186593965533,34.472743760367536,1.6358638985948977,0.08593599112939308,3.4412630916101463,0.0,0.1,0.5820661163673065,0.022073001151008985,0.0,0.25275451081022443,0.13333333333333333,0.13333333333333333,0.0,1.0,0.0031111111111111114,0.0,1.0,0.0,0.06666666666666667,0.011111111111111112,False,
0.58548245853949,0.0745413936645466,1.3341656036494371,1.0155273328217784,0.029725353529374547,0.01900610523926403,10.807035154129624,4.053873995517012,2.8992994912826715,0.8960871849071202,1.067114096069747,0.18711268972628267,0.1826135225258631,1,22.0,0.7800000000000001,23.08269413623798,31.41022840231015,2.9351643280287623,1.3892280604801583,46.42022595164242,1.9380089322150986,0.0,4.22116328148726,0.0,0.06666666666666667,0.5099226388069755,0.016966755766201685,0.0,0.3286996471556729,0.13333333333333333,0.13333333333333333,0.0,1.0,0.0032222222222222222,0.0,1.0,0.0,0.06666666666666667,0.005555555555555556,False,
0.58548245853949,0.0745413936645466,1.3341656036494371,1.0155273328217784,0.029725353529374547,0.01900610523926403,10.807035154129624,4.053873995517012,2.8992994912826715,0.8960871849071202,1.067114096069747,0.18711268972628267,0.1826135225258631,2,28.0,0.7199999999999999,29.123445123638668,40.21590064521181,3.7356636902184257,1.417065411190299,46.68049228342404,1.0224141724634392,0.00889147311594765,3.751300524952995,0.0,0.06666666666666667,0.5068452790690956,0.01815330598884776,0.0,0.334289847420568,0.13333333333333333,0.13333333333333333,0.0,1.0,0.003333333333333333,0.0,1.0,0.0,0.05555555555555555,0.011111111111111112,False,
0.713444720812726,0.1279121859820959,1.3710667508372472,1.3412018073084213,0.04870562564173182,0.02312034204734741,5.029913161670997,4.187119877378727,3.894809613968145,0.6316736565343767,2.689832359214809,0.14319873113571951,0.10834616645613865,0,35.266666666666666,0.6473333333333334,49.49114621023861,52.08344504850807,4.8352954079526915,1.0788438507081357,18.40288673907256,0.47405693857734743,0.0002480253578790707,1.4988990284095949,0.0,0.03333333333333333,0.37513512785663683,0.024725071644045003,0.0,0.0,0.06666666666666667,0.06666666666666667,0.0,1.0,0.003388888888888889,0.0,1.0,0.0,0.1111111111111111,0.0,False,
0.713444720812726,0.1279121859820959,1.3710667508372472,1.3412018073084213,0.04870562564173182,0.02312034204734741,5.029913161670997,4.187119877378727,3.894809613968145,0.6316736565343767,2.689832359214809,0.14319873113571951,0.10834616645613865,1,33.733333333333334,0.6626666666666664,47.66770267362361,50.33428317154949,4.625065172824315,1.0853083393214582,35.3775936324107,1.6433420959934248,0.0,6.744958146642584,0.0,0.06666666666666667,0.7179112784909701,0.02875462646032328,0.0,0.017479810843861587,0.16666666666666666,0.16666666666666666,0.0,1.0,0.0037222222222222223,0.0,1.0,0.0,0.10555555555555556,0.011111111111111112,False,
0.713444720812726,0.1279121859820959,1.3710667508372472,1.3412018073084213,0.04870562564173182,0.02312034204734741,5.029913161670997,4.187119877378727,3.894809613968145,0.6316736565343767,2.689832359214809,0.14319873113571951,0.10834616645613865,2,48.333333333333336,0.5166666666666667,66.37109986588798,72.24062646721288,6.626822629046697,1.111654608807774,4.037254295036353,0.7714344236426044,0.0,0.11301268131658126,0.0,0.0,0.0,0.019364062867398755,0.0,0.0,0.0,0.0,0.0,1.0,0.0034444444444444444,0.0,1.0,0.0,0.16111111111111112,0.0,False,
0.8658149512426556,0.07204557609474235,1.3955645110256432,1.9166819886188682,0.056163155570691056,0.0024625419219650386,4.674844025705417,3.161340223926398,2.7210585951066344,0.4613599766575968,2.1220312387069047,0.4237511755697835,0.07356355792867912,0,32.0,0.6799999999999999,62.521803263448895,48.266263886460806,4.465806435282058,0.7783593797794496,30.42518370292662,0.2733727561190985,0.0,6.221092980462928,0.0,0.1,0.7882255115052194,0.025008701236282703,0.0,0.23700585392643975,0.23333333333333334,0.23333333333333334,0.0,1.0,0.004388888888888889,0.0,1.0,0.0,0.08333333333333333,0.011111111111111112,False,
0.8658149512426556,0.07204557609474235,1.3955645110256432,1.9166819886188682,0.056163155570691056,0.0024625419219650386,4.674844025705417,3.161340223926398,2.7210585951066344,0.4613599766575968,2.1220312387069047,0.4237511755697835,0.07356355792867912,1,33.0,0.6700000000000003,65.21011968825698,49.9366020768064,4.605362886384623,0.7743844486352778,28.328277282641984,0.27096785846453947,0.0,5.8080959084516675,0.0,0.1,0.7762294656237726,0.02683947552731077,0.0,0.18429847841775795,0.2,0.2,0.0,1.0,0.004388888888888889,0.0,1.0,0.0,0.09444444444444444,0.016666666666666666,False,
0.8658149512426556,0.07204557609474235,1.3955645110256432,1.9166819886188682,0.056163155570691056,0.0024625419219650386,4.674844025705417,3.161340223926398,2.7210585951066344,0.4613599766575968,2.1220312387069047,0.4237511755697835,0.07356355792867912,2,51.6,0.4840000000000001,103.3586765251063,79.0901478459515,7.20111287689232,0.7732230919056113,18.327859093080313,0.27766571612379,6.383577533535985e-05,3.521761346945565,0.0,0.06666666666666667,0.5283293262743194,0.026433849750665775,0.0,0.22030706525496443,0.1,0.1,0.0,1.0,0.004388888888888889,0.0,1.0,0.0,0.1,0.011111111111111112,False,
0.5997644706387446,0.127704706513959,1.3164917985906317,1.4376890747148843,0.06282036923352956,0.02114047234190074,9.469305963091141,4.2409442676234,4.53451174776233,0.35725501232955503,2.334660634947298,0.390813234308646,0.299747283434155,0,0.0,1.0,0.0,0.0,0.0,0.9656889479104848,0.08127810686273776,0.0,0.0,1.0,0.0,0.0,0.0,0.03816489145476906,0.0,0.0728097932367413,0.0,0.0,0.0,1.0,0.003,0.0,1.0,0.0,0.07222222222222222,0.016666666666666666,True,
0.5997644706387446,0.127704706513959,1.3164917985906317,1.4376890747148843,0.06282036923352956,0.02114047234190074,9.469305963091141,4.2409442676234,4.53451174776233,0.35725501232955503,2.334660634947298,0.390813234308646,0.299747283434155,1,0.0,1.0,0.0,0.0,0.0,0.9644147683009154,0.6476067085472571,0.0,0.0,1.0,0.0,0.0,0.0,0.045881099883803365,0.0,0.11226738260083838,0.0,0.0,0.0,1.0,0.0029444444444444444,0.0,1.0,0.0,0.08888888888888889,0.022222222222222223,True,
0.5997644706387446,0.127704706513959,1.3164917985906317,1.4376890747148843,0.06282036923352956,0.02114047234190074,9.469305963091141,4.2409442676234,4.53451174776233,0.35725501232955503,2.334660634947298,0.390813234308646,0.299747283434155,2,64.3,0.35699999999999993,93.22889368721124,92.32574530090943,8.465042264937763,1.0052445829692036,48.638008901108506,4.781283758797581,0.0,4.202627915079768,0.0,0.13333333333333333,1.7227525892515427,0.026929145206823216,0.0,0.0,0.3333333333333333,0.3333333333333333,0.0,1.0,0.004555555555555556,0.0,1.0,0.0,0.2111111111111111,0.0,False,
0.6602372747514373,0.0360455512009514,1.2784002703138584,1.23145233855761,0.0517699641212333,0.01921402818403562,5.96278961526116,2.331833690289887,4.567113338725346,0.7242928658758097,1.5403636310751025,0.398023964456101,0.18465044331211078,0,21.0,0.7899999999999998,26.837124889172046,29.004254472267924,2.6846405676591023,1.1014129518773585,24.43346511045541,0.24305937775398226,0.003144756076649082,3.850093005137013,0.0,0.13333333333333333,0.7268581726554657,0.018036494661329637,0.0,0.3852849645673345,0.26666666666666666,0.26666666666666666,0.0,1.0,0.005444444444444444,0.0,1.0,0.0,0.08333333333333333,0.011111111111111112,False,
0.6602372747514373,0.0360455512009514,1.2784002703138584,1.23145233855761,0.0517699641212333,0.01921402818403562,5.96278961526116,2.331833690289887,4.567113338725346,0.7242928658758097,1.5403636310751025,0.398023964456101,0.18465044331211078,1,22.0,0.7800000000000001,27.571069546990795,29.860636923332052,2.812480594690487,1.1024994522861051,28.4134562785643,0.2498603228881461,0.0,4.695509899038129,0.0,0.03333333333333333,0.1968612811841951,0.01841499444954443,0.0,0.3572487494457996,0.06666666666666667,0.06666666666666667,0.0,1.0,0.0051666666666666675,0.0,1.0,0.0,0.07222222222222222,0.011111111111111112,False,
0.6602372747514373,0.0360455512009514,1.2784002703138584,1.23145233855761,0.0517699641212333,0.01921402818403562,5.96278961526116,2.331833690289887,4.567113338725346,0.7242928658758097,1.5403636310751025,0.398023964456101,0.18465044331211078,2,28.3,0.7170000000000001,35.69963138230974,38.87748060668655,3.6178727649882196,1.1122109577853532,21.82478050349493,0.24433917761252205,0.03424555944493365,3.585210567576029,0.0,0.1,0.5920290461304897,0.018229754096949383,0.0,0.38937922981379275,0.23333333333333334,0.23333333333333334,0.0,1.0,0.005555555555555556,0.0,1.0,0.0,0.07222222222222222,0.011111111111111112,False,
0.9059317559085619,0.03755312621139222,1.4476041985740724,1.6451654681873138,0.04839033905031366,0.005979487268144335,10.105420899051701,4.762648798916542,3.5774282912522053,0.37460578442406245,1.5105171872395382,0.45208859991560235,0.1247841999961923,0,31.466666666666665,0.6853333333333332,54.34406330319696,49.821266051849435,4.555127878179748,0.9269038395813749,46.13427527089266,0.04793030768581586,0.0,4.53001300144231,0.0,0.2,1.471605776599525,0.039250071259033355,0.0,1.3288749469359784,0.23333333333333334,0.23333333333333334,0.0,1.0,0.006388888888888888,0.0,1.0,0.0,0.15555555555555556,0.022222222222222223,False,
0.9059317559085619,0.03755312621139222,1.4476041985740724,1.6451654681873138,0.04839033905031366,0.005979487268144335,10.105420899051701,4.762648798916542,3.5774282912522053,0.37460578442406245,1.5105171872395382,0.45208859991560235,0.1247841999961923,1,32.53333333333333,0.6746666666666667,56.17760158431393,51.50129160688595,4.709538992694317,0.925880297635712,45.20967966178383,0.058685191378190706,0.0,4.52998789857135,0.0,0.2,1.2740292346193707,0.043302725375683505,0.0,1.334748890905845,0.2,0.2,0.0,1.0,0.006222222222222223,0.0,1.0,0.0,0.17777777777777778,0.027777777777777776,False,
0.9059317559085619,0.03755312621139222,1.4476041985740724,1.6451654681873138,0.04839033905031366,0.005979487268144335,10.105420899051701,4.762648798916542,3.5774282912522053,0.37460578442406245,1.5105171872395382,0.45208859991560235,0.1247841999961923,2,48.9,0.511,83.92289668357664,77.6757232136873,7.078784531027217,0.936328386896034,48.3675581258985,0.039607391606272954,0.0,4.878050298712645,0.0,0.2,1.2854487809908144,0.039691643682984175,0.0,1.3391031028763907,0.2,0.2,0.0,1.0,0.006333333333333333,0.0,1.0,0.0,0.15555555555555556,0.022222222222222223,False,
0.8022547022143072,0.10546125864646684,1.3326502427643865,1.8153865981647344,0.045204169502970556,0.01443072946559677,9.515831311210665,2.1369599408641187,3.181275435743107,0.8624828762478572,1.425693337251111,0.3568013199298624,0.09391082524402787,0,20.1,0.7990000000000002,31.879732782149237,24.42189179907477,2.678626987956417,0.7727882258943064,17.86643500382975,0.0761249622312425,11.961863406541344,2.211211614645296,0.0,0.1,0.43592079322438787,0.01978312500661602,0.0,0.063691934276724,0.43333333333333335,0.43333333333333335,0.0,1.0,0.007388888888888889,0.008333333333333333,1.0,0.0,0.05555555555555555,0.005555555555555556,False,
0.8022547022143072,0.10546125864646684,1.3326502427643865,1.8153865981647344,0.045204169502970556,0.01443072946559677,9.515831311210665,2.1369599408641187,3.181275435743107,0.8624828762478572,1.425693337251111,0.3568013199298624,0.09391082524402787,1,20.0,0.8000000000000003,36.24468858407739,27.762805239096497,2.665300485528773,0.7720374833416314,23.2059371152978,0.12706948562098835,0.0,2.4126133053049825,0.0,0.0,0.0,0.026673631232382464,0.0,0.11173728028937023,0.0,0.0,0.0,1.0,0.0057777777777777775,0.006666666666666666,1.0,0.0,0.044444444444444446,0.022222222222222223,False,
0.8022547022143072,0.10546125864646684,1.3326502427643865,1.8153865981647344,0.045204169502970556,0.01443072946559677,9.515831311210665,2.1369599408641187,3.181275435743107,0.8624828762478572,1.425693337251111,0.3568013199298624,0.09391082524402787,2,20.0,0.8000000000000003,36.53679766634087,28.232976194867835,2.665300485528773,0.7798425784072821,25.014420241257522,0.08619696133237592,0.004476538271198066,2.551986611321853,0.0,0.03333333333333333,0.15894424784489145,0.027941835006655966,0.0,0.0697031588699619,0.06666666666666667,0.06666666666666667,0.0,1.0,0.006277777777777778,0.009444444444444445,1.0,0.0,0.05555555555555555,0.011111111111111112,False,
0.6683753827926878,0.12470372896489197,1.4322626745740639,1.6475019523407113,0.015889861012541473,0.010902303017286268,9.7839298494717,4.220290099636069,2.6464595935260204,0.48074719532171034,1.562154067500503,0.3531047354543154,0.2952873393470457,0,0.0,1.0,0.0,0.0,0.0,0.915770605671825,54.08262750037481,0.0,0.0,1.0,0.0,0.0,0.0,0.04295606680313247,0.2,0.7994060813716465,0.2,0.2,0.0,1.0,0.003944444444444444,0.0,1.0,0.0,0.12222222222222222,0.14444444444444443,True,
0.6683753827926878,0.12470372896489197,1.4322626745740639,1.6475019523407113,0.015889861012541473,0.010902303017286268,9.7839298494717,4.220290099636069,2.6464595935260204,0.48074719532171034,1.562154067500503,0.3531047354543154,0.2952873393470457,1,0.0,1.0,0.0,0.0,0.0,0.9147612346740848,39.04480640740893,0.0,0.0,1.0,0.0,0.0,0.0,0.04079405192099325,0.3333333333333333,0.834610155918292,0.4,0.4,0.0,1.0,0.004055555555555555,0.0,1.0,0.0,0.1111111111111111,0.14444444444444443,True,
0.6683753827926878,0.12470372896489197,1.4322626745740639,1.6475019523407113,0.015889861012541473,0.010902303017286268,9.7839298494717,4.220290099636069,2.6464595935260204,0.48074719532171034,1.562154067500503,0.3531047354543154,0.2952873393470457,2,0.0,1.0,0.0,0.0,0.0,0.9250673724354191,107.59825093487956,0.0,0.0,1.0,0.0,0.0,0.0,0.03275095128838966,0.36666666666666664,0.6630655518439387,0.4666666666666667,0.4666666666666667,0.0,1.0,0.0031111111111111114,0.0,1.0,0.0,0.11666666666666667,0.10555555555555556,True,
0.851111077798651,0.1171537946406406,1.4201752919725856,1.7164081883237574,0.05425753619383801,0.02170123953357161,6.928335334225591,3.5135666172088196,2.4137117830802968,0.32652055333930086,1.769888540006572,0.46493713212545296,0.3147043119094873,0,0.0,1.0,0.0,0.0,0.0,0.8713402739049926,0.1741001333298307,0.0,0.0,1.0,0.0,0.0,0.0,0.06343402770385337,0.0,0.7922719001160257,0.0,0.0,0.0,1.0,0.004833333333333334,0.0,1.0,0.0,0.07222222222222222,0.1,True,
0.851111077798651,0.1171537946406406,1.4201752919725856,1.7164081883237574,0.05425753619383801,0.02170123953357161,6.928335334225591,3.5135666172088196,2.4137117830802968,0.32652055333930086,1.769888540006572,0.46493713212545296,0.3147043119094873,1,0.0,1.0,0.0,0.0,0.0,0.8704299010966517,0.08210541817948168,0.0,0.0,1.0,0.0,0.0,0.0,0.06240851488277374,0.0,0.7777748832387532,0.0,0.0,0.0,1.0,0.004944444444444445,0.0,1.0,0.0,0.07222222222222222,0.11666666666666667,True,
0.851111077798651,0.1171537946406406,1.4201752919725856,1.7164081883237574,0.05425753619383801,0.02170123953357161,6.928335334225591,3.5135666172088196,2.4137117830802968,0.32652055333930086,1.769888540006572,0.46493713212545296,0.3147043119094873,2,0.0,1.0,0.0,0.0,0.0,0.8797961112679247,0.04913972119742887,0.0,0.0,1.0,0.0,0.0,0.0,0.068952279763501,0.0,0.8804525828836957,0.0,0.0,0.0,1.0,0.0051666666666666675,0.0,1.0,0.0,0.07222222222222222,0.12222222222222222,True,
0.844920308081748,0.10336607669790047,1.4309189029111373,1.1491477003742423,0.04473458443770349,0.02330008196548029,8.651987422587204,3.146948322817957,4.259933307332192,0.4095231242695892,2.0919759322208895,0.06038538778402763,0.20084202090462558,0,48.03333333333333,0.5196666666666668,58.578659325372435,75.06202528762633,6.873180463649828,1.317366877754408,39.75042476700237,0.0,0.0,3.835980258163744,0.0,0.1,0.8267825441457549,0.021908387267511598,0.0,0.9142072703690366,0.23333333333333334,0.23333333333333334,0.0,1.0,0.006333333333333333,0.0,1.0,0.0,0.1111111111111111,0.011111111111111112,False,
0.844920308081748,0.10336607669790047,1.4309189029111373,1.1491477003742423,0.04473458443770349,0.02330008196548029,8.651987422587204,3.146948322817957,4.259933307332192,0.4095231242695892,2.0919759322208895,0.06038538778402763,0.20084202090462558,1,22.166666666666668,0.7783333333333337,26.24998155783881,33.65490071123078,3.171870234786353,1.3143898840217725,25.365930995003648,0.0,0.0010448351799050774,1.0773808421540814,0.0,0.03333333333333333,0.25859035069404646,0.02476674523045816,0.0,0.8645620829899945,0.06666666666666667,0.06666666666666667,0.0,1.0,0.006166666666666667,0.0,1.0,0.0,0.10555555555555556,0.011111111111111112,False,
0.844920308081748,0.10336607669790047,1.4309189029111373,1.1491477003742423,0.04473458443770349,0.02330008196548029,8.651987422587204,3.146948322817957,4.259933307332192,0.4095231242695892,2.0919759322208895,0.06038538778402763,0.20084202090462558,2,17.433333333333334,0.8256666666666668,20.46094060724495,26.574113992285778,2.4945686207417492,1.3369612923405214,31.077418913748406,0.007529112060492901,0.030435380003945137,2.2959806860747807,0.0,0.1,0.8642705045516242,0.036439113286924237,0.0,0.785417068890396,0.2,0.2,0.0,1.0,0.006500000000000001,0.0,1.0,0.0,0.1388888888888889,0.016666666666666666,False,
0.5701022425730218,0.08542070675222838,1.2492835906927238,1.5431460735249183,0.06091717463940993,0.014178708636330025,10.344552630089005,3.571831046325901,1.747344358403148,0.5050262801676064,2.3729331177674524,0.48387042621790155,0.3251714778531914,0,51.0,0.49000000000000005,79.90514258795784,69.22701393116277,6.371346312532891,0.890754198077065,46.99062092900254,3.962771208693194,0.0,4.009578114155562,0.0,0.2,1.7717720595306596,0.015233025122201364,0.0,0.0,0.43333333333333335,0.43333333333333335,0.0,1.0,0.003944444444444444,0.0,1.0,0.0,0.14444444444444443,0.0,False,
0.5701022425730218,0.08542070675222838,1.2492835906927238,1.5431460735249183,0.06091717463940993,0.014178708636330025,10.344552630089005,3.571831046325901,1.747344358403148,0.5050262801676064,2.3729331177674524,0.48387042621790155,0.3251714778531914,1,48.0,0.5199999999999999,74.94242699860109,65.33144902266709,5.996561235325071,0.8857406814138076,42.19096132475326,4.475176011436255,0.0,3.4074136654701155,0.0,0.16666666666666666,1.371298555404718,0.017901154672640553,0.0,0.0,0.36666666666666664,0.36666666666666664,0.0,1.0,0.004277777777777778,0.0,1.0,0.0,0.16666666666666666,0.0,False,
0.5701022425730218,0.08542070675222838,1.2492835906927238,1.5431460735249183,0.06091717463940993,0.014178708636330025,10.344552630089005,3.571831046325901,1.747344358403148,0.5050262801676064,2.3729331177674524,0.48387042621790155,0.3251714778531914,2,56.333333333333336,0.4366666666666666,87.3190249665557,77.26199813202271,7.037630894235677,0.8983375819487569,28.767423350217474,4.011385605963898,0.02006541799481442,2.3057293743149363,0.0,0.13333333333333333,1.1021814446078813,0.01401794668205049,0.0,0.0,0.23333333333333334,0.23333333333333334,0.0,1.0,0.003611111111111111,0.0,1.0,0.0,0.1388888888888889,0.0,False,
0.8287841724603988,0.07655976901698111,1.0371561116110943,1.5464461284870716,0.04399872234850449,0.013739980102991559,7.230683775819916,4.645763945056432,4.178410850913254,0.2849846921638487,1.884533409887815,0.3637705566216045,0.3398344648200211,0,0.0,1.0,0.0,0.0,0.0,0.7068249268341673,0.026479128031432042,0.0,0.0,1.0,0.0,0.0,0.0,0.061839745008285804,0.0,1.1255082106158283,0.0,0.0,0.0,1.0,0.0055000000000000005,0.0,1.0,0.0,0.06666666666666667,0.12222222222222222,True,
0.8287841724603988,0.07655976901698111,1.0371561116110943,1.5464461284870716,0.04399872234850449,0.013739980102991559,7.230683775819916,4.645763945056432,4.178410850913254,0.2849846921638487,1.884533409887815,0.3637705566216045,0.3398344648200211,1,0.0,1.0,0.0,0.0,0.0,0.7059782723099451,0.04425299372853145,0.0,0.0,1.0,0.0,0.0,0.0,0.05243509282530942,0.0,1.1524826339199479,0.0,0.0,0.0,1.0,0.005388888888888888,0.0,1.0,0.0,0.05555555555555555,0.1111111111111111,True,
0.8287841724603988,0.07655976901698111,1.0371561116110943,1.5464461284870716,0.04399872234850449,0.013739980102991559,7.230683775819916,4.645763945056432,4.178410850913254,0.2849846921638487,1.884533409887815,0.3637705566216045,0.3398344648200211,2,0.0,1.0,0.0,0.0,0.0,0.7145230933251734,0.031655670957650824,0.0,0.0,1.0,0.0,0.0,0.0,0.05667500971733804,0.0,1.2143869801035339,0.0,0.0,0.0,1.0,0.0055000000000000005,0.0,1.0,0.0,0.06111111111111111,0.12777777777777777,True,
0.8185375878506164,0.04425874136762603,1.1141846233009347,1.1157519660480992,0.046596249322485364,0.0150909088878326,8.36532300909363,2.557379695792224,2.659444928298235,0.45678987549253713,2.2307329730734864,0.21380400237906874,0.17950688836393666,0,20.0,0.8000000000000003,23.40269994784076,24.134238009231527,2.22836924660187,1.070755850034864,0.0865065168177334,0.0,0.3682840000206897,0.10104630190099326,0.0,0.0,0.0,0.01815728177481125,0.0,0.46491745357297704,0.0,0.0,0.0,1.0,0.005555555555555556,0.0,1.0,0.0,0.03888888888888889,0.011111111111111112,False,
0.8185375878506164,0.04425874136762603,1.1141846233009347,1.1157519660480992,0.046596249322485364,0.0150909088878326,8.36532300909363,2.557379695792224,2.659444928298235,0.45678987549253713,2.2307329730734864,0.21380400237906874,0.17950688836393666,1,22.033333333333335,0.7796666666666668,25.542966616307854,26.201198730128453,2.4549201200063933,1.0544857568745283,21.779861092198992,0.0,0.002206745754223499,0.7786926809880524,0.0,0.1,0.6014413125847498,0.023711762456902083,0.0,0.47343333398264587,0.2,0.2,0.0,1.0,0.006555555555555556,0.0,1.0,0.0,0.08333333333333333,0.016666666666666666,False,
0.8185375878506164,0.04425874136762603,1.1141846233009347,1.1157519660480992,0.046596249322485364,0.0150909088878326,8.36532300909363,2.557379695792224,2.659444928298235,0.45678987549253713,2.2307329730734864,0.21380400237906874,0.17950688836393666,2,20.0,0.8000000000000003,22.53386423015543,23.4804855077404,2.22836924660187,1.0867264452052237,0.09938150273857818,0.0,0.4714649100585154,0.1287136990390767,0.0,0.0,0.0,0.0214961127053534,0.0,0.41997494625849,0.0,0.0,0.0,1.0,0.005555555555555556,0.0,1.0,0.0,0.03888888888888889,0.011111111111111112,False,
0.8340235791078613,0.07733866405339487,1.1569456918277123,1.4488785616176902,0.059656285765564046,0.018197150484013738,5.616243652609657,4.780953741139545,2.8161491419894618,0.898744763579174,0.970402027815967,0.2526478845654218,0.29913366182099077,0,0.0,1.0,0.0,0.0,0.0,0.8420407328209184,0.09624424989454655,0.0,0.0,0.9999999999999997,0.0,0.0,0.0,0.059758556625443604,0.0,1.0779252050397938,0.0,0.0,0.0,1.0,0.004944444444444445,0.0,1.0,0.0,0.08333333333333333,0.14444444444444443,True,
0.8340235791078613,0.07733866405339487,1.1569456918277123,1.4488785616176902,0.059656285765564046,0.018197150484013738,5.616243652609657,4.780953741139545,2.8161491419894618,0.898744763579174,0.970402027815967,0.2526478845654218,0.29913366182099077,1,0.0,1.0,0.0,0.0,0.0,0.8409411160878703,0.12144502930745286,0.0,0.0,1.0,0.0,0.0,0.0,0.06508410708902013,0.0,1.1098404492533804,0.0,0.0,0.0,1.0,0.005055555555555555,0.0,1.0,0.0,0.07777777777777778,0.15,True,
0.8340235791078613,0.07733866405339487,1.1569456918277123,1.4488785616176902,0.059656285765564046,0.018197150484013738,5.616243652609657,4.780953741139545,2.8161491419894618,0.898744763579174,0.970402027815967,0.2526478845654218,0.29913366182099077,2,0.0,1.0,0.0,0.0,0.0,0.8519090276620044,0.08622393836733727,0.0,0.0,1.0,0.0,0.0,0.0,0.06104098696729448,0.0,1.097018495506,0.0,0.0,0.0,1.0,0.0051111111111111105,0.0,1.0,0.0,0.07222222222222222,0.15555555555555556,True,
0.8801882078147554,0.05715576131084005,0.9135958511116035,1.4617401567160182,0.05148400963543347,0.006081824545691122,8.99439602293407,2.189190435824026,3.3404088734034243,0.7403939446100369,1.4545481474873725,0.15302434107319085,0.24327130270546413,0,21.066666666666666,0.7893333333333333,31.619833563622496,20.558509180205508,1.9246419263417784,0.6590224817049282,15.039726035323815,0.0,0.00026082739857402246,1.0037682565141102,0.0,0.06666666666666667,0.24565154826801894,0.02256802888162264,0.0,0.32151066784650756,0.13333333333333333,0.13333333333333333,0.0,1.0,0.0071111111111111115,0.0,1.0,0.0,0.1,0.011111111111111112,False,
0.8801882078147554,0.05715576131084005,0.9135958511116035,1.4617401567160182,0.05148400963543347,0.006081824545691122,8.99439602293407,2.189190435824026,3.3404088734034243,0.7403939446100369,1.4545481474873725,0.15302434107319085,0.24327130270546413,1,30.266666666666666,0.6973333333333332,45.250884213270474,29.42197626607251,2.7651501093644524,0.6581719283129769,22.858740939458244,0.0,0.0,1.87258441514678,0.0,0.1,0.36164821855073404,0.02559918741012573,0.0,0.3063180484687007,0.23333333333333334,0.23333333333333334,0.0,1.0,0.006944444444444444,0.0,1.0,0.0,0.1,0.016666666666666666,False,
0.8801882078147554,0.05715576131084005,0.9135958511116035,1.4617401567160182,0.05148400963543347,0.006081824545691122,8.99439602293407,2.189190435824026,3.3404088734034243,0.7403939446100369,1.4545481474873725,0.15302434107319085,0.24327130270546413,2,10.0,0.8999999999999998,14.34429681758181,9.426214713516732,0.9135958511116039,0.6666690505911644,9.950900063301049,0.0,0.0,1.1526690809142226,0.0,0.1,0.16901897436631616,0.029448169389040126,0.0,0.3056713957019708,0.1,0.1,0.0,1.0,0.007055555555555556,0.0,1.0,0.0,0.10555555555555556,0.011111111111111112,False,
0.6279080474525998,0.07929745497476505,1.356644927837226,1.144086026613335,0.0547330367350619,0.011664676723355364,10.65169072669186,2.5231291175021884,4.654885115436402,0.6509140252804064,1.3484371001443518,0.09830529682185772,0.08456264715202687,0,48.6,0.514,57.60340331594894,70.81687376212685,6.593294349288919,1.254926304037006,47.59966281860056,1.7346547686771747,0.0,3.8178243179104783,0.0,0.13333333333333333,0.9347349135215199,0.024002320227047236,0.0,0.03185742003801893,0.26666666666666666,0.26666666666666666,0.0,1.0,0.0051111111111111105,0.0,1.0,0.0,0.1111111111111111,0.005555555555555556,False,
0.6279080474525998,0.07929745497476505,1.356644927837226,1.144086026613335,0.0547330367350619,0.011664676723355364,10.65169072669186,2.5231291175021884,4.654885115436402,0.6509140252804064,1.3484371001443518,0.09830529682185772,0.08456264715202687,1,32.0,0.6799999999999999,37.90835559338032,46.5693307338381,4.341263769079123,1.2517476328752855,31.347785993372973,1.2213241582951277,0.017060698448107047,2.168730249921856,0.0,0.1,0.9405845886654765,0.030391547935639467,0.0,0.026229869445903692,0.3,0.3,0.0,1.0,0.006111111111111111,0.0,1.0,0.0,0.1,0.005555555555555556,False,
0.6279080474525998,0.07929745497476505,1.356644927837226,1.144086026613335,0.0547330367350619,0.011664676723355364,10.65169072669186,2.5231291175021884,4.654885115436402,0.6509140252804064,1.3484371001443518,0.09830529682185772,0.08456264715202687,2,40.2,0.598,46.551774150995556,57.942265185908596,5.453712609905651,1.2733598780303272,41.14494237423171,0.580672351987731,0.0,3.040275112722066,0.0,0.13333333333333333,0.9069826476462841,0.033792637309050556,0.0,0.009914144248398118,0.3,0.3,0.0,1.0,0.007055555555555556,0.0016666666666666666,1.0,0.0,0.15555555555555556,0.005555555555555556,False,
0.8545754399530281,0.08718154347173179,0.9571542404836186,1.589692378491462,0.025132002790841705,0.015960788812867985,9.633437219527163,3.3912385804633907,2.957741985963694,0.5859803862718003,2.2413971468195983,0.15153536244684807,0.12297862802697644,0,10.0,0.8999999999999998,16.283972847451633,10.172474000135878,0.9571542404836184,0.6344177721736828,0.5288859135435462,0.05451482637100395,0.08712597526345171,0.09188163266656361,0.0,0.0,0.0,0.03650670056408249,0.0,0.3706333091088574,0.0,0.0,0.0,1.0,0.004,0.0,1.0,0.0,0.05,0.027777777777777776,False,
0.8545754399530281,0.08718154347173179,0.9571542404836186,1.589692378491462,0.025132002790841705,0.015960788812867985,9.633437219527163,3.3912385804633907,2.957741985963694,0.5859803862718003,2.2413971468195983,0.15153536244684807,0.12297862802697644,1,10.0,0.8999999999999998,16.44061790949717,10.274840743348436,0.9571542404836184,0.6336849628537709,0.015560249958667952,0.051423625258283784,0.09007847881609589,0.024576785255921694,0.0,0.0,0.0,0.04714655113914615,0.0,0.34939245085854487,0.0,0.0,0.0,1.0,0.003944444444444444,0.0,1.0,0.0,0.06111111111111111,0.027777777777777776,False,
0.8545754399530281,0.08718154347173179,0.9571542404836186,1.589692378491462,0.025132002790841705,0.015960788812867985,9.633437219527163,3.3912385804633907,2.957741985963694,0.5859803862718003,2.2413971468195983,0.15153536244684807,0.12297862802697644,2,10.0,0.8999999999999998,15.842027563246885,9.997815011898117,0.9571542404836184,0.6411182163281857,1.2262250005370903,0.044625283051333633,0.0,0.13304541683297044,0.0,0.0,0.0,0.028525248994787717,0.0,0.3694121989489415,0.0,0.0,0.0,1.0,0.004166666666666667,0.0,1.0,0.0,0.044444444444444446,0.016666666666666666,False,
0.6995381080381636,0.06921639778967328,1.408324272927453,1.745857857995492,0.06899682538636738,0.020351525476079258,4.862030084539242,4.482933972961479,2.3550296836414204,0.5964617728244221,2.8713661471654857,0.05922015419188727,0.2945281688952758,0,0.0,1.0,0.0,0.0,0.0,0.8493992791140881,1.091085559846016,0.0,0.0,1.0,0.0,0.0,0.0,0.05799136533334074,0.0,0.6584314196754831,0.0,0.0,0.0,1.0,0.0036666666666666666,0.0,1.0,0.0,0.08888888888888889,0.09444444444444444,True,
0.6995381080381636,0.06921639778967328,1.408324272927453,1.745857857995492,0.06899682538636738,0.020351525476079258,4.862030084539242,4.482933972961479,2.3550296836414204,0.5964617728244221,2.8713661471654857,0.05922015419188727,0.2945281688952758,1,0.0,1.0,0.0,0.0,0.0,0.8485312551820076,1.5782417533091233,0.0,0.0,1.0,0.0,0.0,0.0,0.07142753509061008,0.0,0.7649348261061407,0.0,0.0,0.0,1.0,0.0037222222222222223,0.0,1.0,0.0,0.08333333333333333,0.08333333333333333,True,
0.6995381080381636,0.06921639778967328,1.408324272927453,1.745857857995492,0.06899682538636738,0.020351525476079258,4.862030084539242,4.482933972961479,2.3550296836414204,0.5964617728244221,2.8713661471654857,0.05922015419188727,0.2945281688952758,2,0.0,1.0,0.0,0.0,0.0,0.857490096764604,0.2981349285360849,0.0,0.0,0.9999999999999997,0.0,0.0,0.0,0.06095266974363221,0.0,0.6636512914518637,0.0,0.0,0.0,1.0,0.0038888888888888888,0.0,1.0,0.0,0.08888888888888889,0.1,True,
0.8052369333379331,0.1103461918654557,1.2622042158452613,1.60278439372798,0.03514468482016474,0.022256387248992537,6.945278423125248,4.702157384112908,3.493168255590322,0.43200661043185556,1.0340526760371769,0.40207257433546373,0.33768598688971174,0,0.0,1.0,0.0,0.0,0.0,0.8297237188419975,0.0037012028475343745,0.0,0.0,1.0,0.0,0.0,0.0,0.04652924408678043,0.0,1.1643978395743624,0.0,0.0,0.0,1.0,0.0044444444444444444,0.0,1.0,0.0,0.05555555555555555,0.15555555555555556,True,
0.8052369333379331,0.1103461918654557,1.2622042158452613,1.60278439372798,0.03514468482016474,0.022256387248992537,6.945278423125248,4.702157384112908,3.493168255590322,0.43200661043185556,1.0340526760371769,0.40207257433546373,0.33768598688971174,1,0.0,1.0,0.0,0.0,0.0,0.8287755888742926,0.0035758617580620346,0.0,0.0,1.0,0.0,0.0,0.0,0.050561627694296694,0.0,1.0272772406705146,0.0,0.0,0.0,1.0,0.004166666666666667,0.0,1.0,0.0,0.05555555555555555,0.15,True,
0.8052369333379331,0.1103461918654557,1.2622042158452613,1.60278439372798,0.03514468482016474,0.022256387248992537,6.945278423125248,4.702157384112908,3.493168255590322,0.43200661043185556,1.0340526760371769,0.40207257433546373,0.33768598688971174,2,0.0,1.0,0.0,0.0,0.0,0.8384074469117022,0.004352612464841873,0.0,0.0,1.0,0.0,0.0,0.0,0.056820215434718,0.0,1.1076152532243169,0.0,0.0,0.0,1.0,0.004333333333333333,0.0,1.0,0.0,0.06111111111111111,0.16111111111111112,True,
0.7848973778688053,0.08783533055017104,0.9092374536499298,1.7696690496570686,0.04981103640246383,0.006191201624259838,5.9454922721950325,4.120504369018171,4.056939740198126,0.4478990680561029,2.359642295445597,0.13163920164631465,0.10542448008920151,0,34.8,0.6519999999999997,63.18343992029835,34.16295256512261,3.164146338701756,0.5492671811638155,9.370442360145644,0.26274295759409894,0.0015203444409808624,1.0143652251283852,0.0,0.03333333333333333,0.22447904162768179,0.024576673740597303,0.0,0.3556141433885816,0.06666666666666667,0.06666666666666667,0.0,1.0,0.004055555555555555,0.0,1.0,0.0,0.08888888888888889,0.016666666666666666,False,
0.7848973778688053,0.08783533055017104,0.9092374536499298,1.7696690496570686,0.04981103640246383,0.006191201624259838,5.9454922721950325,4.120504369018171,4.056939740198126,0.4478990680561029,2.359642295445597,0.13163920164631465,0.10542448008920151,1,22.033333333333335,0.7796666666666668,40.59474078631703,21.836200008709557,2.0033531895420116,0.5450712362938348,16.71288041957006,0.21419049739355386,0.0,1.262207960959675,0.0,0.06666666666666667,0.45476597088727694,0.02466536403486153,0.0,0.383851685805167,0.1,0.1,0.0,1.0,0.004055555555555555,0.0,1.0,0.0,0.08888888888888889,0.016666666666666666,False,
0.7848973778688053,0.08783533055017104,0.9092374536499298,1.7696690496570686,0.04981103640246383,0.006191201624259838,5.9454922721950325,4.120504369018171,4.056939740198126,0.4478990680561029,2.359642295445597,0.13163920164631465,0.10542448008920151,2,28.0,0.7199999999999999,49.66032627539274,27.210712463747527,2.545864870219803,0.5549146835910411,27.69457735255487,0.2745170791037609,0.0,4.192127244856447,0.0,0.1,0.6531773002371182,0.019275677372784766,0.0,0.38354344193735573,0.2,0.2,0.0,1.0,0.0038888888888888888,0.0,1.0,0.0,0.05,0.011111111111111112,False,
0.8628933948321609,0.061781001196959444,1.2202419032244856,1.562561583077581,0.01744692189153949,0.02072524503627182,5.586720257785474,3.130234685991454,3.35517069967557,0.3109709317380928,2.6374954948225033,0.09081741887934358,0.23358559077519736,0,84.0,0.16000000000000006,133.06695485444598,111.98111831638151,10.250031987085679,0.855604592989021,33.320839542209875,0.0,0.0,6.098939988510809,0.0,0.0,0.0,0.0003921858141415306,0.0,0.0,0.0,0.0,0.0,1.0,0.0008333333333333333,0.0,1.0,0.0,0.005555555555555556,0.0,False,
0.8628933948321609,0.061781001196959444,1.2202419032244856,1.562561583077581,0.01744692189153949,0.02072524503627182,5.586720257785474,3.130234685991454,3.35517069967557,0.3109709317380928,2.6374954948225033,0.09081741887934358,0.23358559077519736,1,90.0,0.1,142.33816168369796,120.11951411385806,10.982177129020375,0.8570373444924677,30.819744963217094,0.0,0.0,5.644995331058823,0.0,0.0,0.0,0.000394662461518575,0.0,0.0,0.0,0.0,0.0,1.0,0.0008333333333333333,0.0,1.0,0.0,0.005555555555555556,0.0,False,
0.8628933948321609,0.061781001196959444,1.2202419032244856,1.562561583077581,0.01744692189153949,0.02072524503627182,5.586720257785474,3.130234685991454,3.35517069967557,0.3109709317380928,2.6374954948225033,0.09081741887934358,0.23358559077519736,2,87.06666666666666,0.12933333333333333,136.13885641929875,117.66666339595533,10.624239504074524,0.8749041174823787,33.04487884936024,0.0,0.0,6.440766496435315,0.0,0.03333333333333333,0.3305008665855198,0.0003586927621167617,0.0,0.0,0.03333333333333333,0.03333333333333333,0.0,1.0,0.0008333333333333333,0.0,1.0,0.0,0.005555555555555556,0.0,False,
0.5993464910376448,0.08995153260358382,1.0925945433860964,1.6698892911675767,0.07220617752191968,0.010089640678814307,5.690222791420222,2.482751536943345,2.5978193836280723,0.4635240200600358,1.8072222449301445,0.051700570830497915,0.2219970045510163,0,57.0,0.42999999999999994,95.84812641471275,67.95905374255236,6.227788897300749,0.7172391974459471,19.603282601197645,5.465927567299381,0.0,3.6802692822871252,0.0,0.06666666666666667,0.3434863106169298,0.00819522644714423,0.0,0.0,0.13333333333333333,0.13333333333333333,0.0,1.0,0.0036666666666666666,0.0,1.0,0.0,0.1111111111111111,0.0,False,
0.5993464910376448,0.08995153260358382,1.0925945433860964,1.6698892911675767,0.07220617752191968,0.010089640678814307,5.690222791420222,2.482751536943345,2.5978193836280723,0.4635240200600358,1.8072222449301445,0.051700570830497915,0.2219970045510163,1,42.0,0.58,70.5365846160738,49.91143327667124,4.588897082221604,0.7138386412287504,15.649827146290578,2.854103373311367,0.0,1.7807675723862233,0.0,0.06666666666666667,0.33269174168261867,0.011078730835322946,0.0,0.0,0.16666666666666666,0.16666666666666666,0.0,1.0,0.0037222222222222223,0.0,1.0,0.0,0.09444444444444444,0.0,False,
0.5993464910376448,0.08995153260358382,1.0925945433860964,1.6698892911675767,0.07220617752191968,0.010089640678814307,5.690222791420222,2.482751536943345,2.5978193836280723,0.4635240200600358,1.8072222449301445,0.051700570830497915,0.2219970045510163,2,57.0,0.42999999999999994,95.0109229304264,68.13558426188612,6.227788897300749,0.722992797282957,22.406099568653065,2.862123154444526,0.0,3.351174309686814,0.0,0.1,0.8464634866857214,0.009370711479509448,0.0,0.0,0.3333333333333333,0.3333333333333333,0.0,1.0,0.004166666666666667,0.0,1.0,0.0,0.12777777777777777,0.0,False,
0.7905524869524972,0.07909553769278635,1.0088224172167026,1.5105918438446153,0.012532410451407934,0.005237072893698131,11.014321877478366,2.3649573466741334,2.7196144061502867,0.8451483688445691,1.6350304539672522,0.4792362972378351,0.12846123461153774,0,62.0,0.38000000000000017,94.37150835155195,66.54109781808327,6.254698986743559,0.7155666652075284,146.92736407602837,0.5609065114393313,7.613254497290628,37.33566610037466,0.0,0.0,0.0,0.0,0.0,0.0,0.0,0.0,0.0,1.0,0.0003333333333333333,0.0,1.0,0.0,0.0,0.0,False,
0.7905524869524972,0.07909553769278635,1.0088224172167026,1.5105918438446153,0.012532410451407934,0.005237072893698131,11.014321877478366,2.3649573466741334,2.7196144061502867,0.8451483688445691,1.6350304539672522,0.4792362972378351,0.12846123461153774,1,58.06666666666667,0.4193333333333334,84.4158586268234,59.10432086210648,5.85789550263832,0.7085333804573516,106.94447770697143,0.4765966987875211,0.0,7.2897618093853085,0.0,0.03333333333333333,0.17739431982107798,0.0005047113867905348,0.0,0.0,0.26666666666666666,0.26666666666666666,0.0,1.0,0.0006666666666666666,0.0011111111111111111,1.0,0.0,0.005555555555555556,0.0,False,
0.7905524869524972,0.07909553769278635,1.0088224172167026,1.5105918438446153,0.012532410451407934,0.005237072893698131,11.014321877478366,2.3649573466741334,2.7196144061502867,0.8451483688445691,1.6350304539672522,0.4792362972378351,0.12846123461153774,2,55.2,0.448,86.44804736671739,60.83605127164923,5.5686997430362,0.7132824171211407,42.34826815071622,0.3718076289190085,0.0,3.9330651797386884,0.0,0.0,0.0,0.0003375002809767082,0.0,0.0,0.0,0.0,0.0,1.0,0.0006111111111111111,0.0011111111111111111,1.0,0.0,0.005555555555555556,0.0,False,
0.9162468348847961,0.06724118584891386,1.3624060700620308,1.0375408559303585,0.04771593533442657,0.013318282845092722,7.926691236578559,4.5763440712945815,2.1502088843806093,0.6910651375299688,1.9829263515370366,0.4318960946822644,0.16809789613211618,0,0.0,1.0,0.0,0.0,0.0,1.390928581143498,0.06426061049135966,0.0,0.0,1.0000000000000002,0.0,0.0,0.0,0.09274045636809093,0.0,1.0022035338194526,0.0,0.0,0.0,1.0,0.005444444444444444,0.0,1.0,0.0,0.12222222222222222,0.08333333333333333,True,
0.9162468348847961,0.06724118584891386,1.3624060700620308,1.0375408559303585,0.04771593533442657,0.013318282845092722,7.926691236578559,4.5763440712945815,2.1502088843806093,0.6910651375299688,1.9829263515370366,0.4318960946822644,0.16809789613211618,1,0.0,1.0,0.0,0.0,0.0,1.3880609663548167,0.09785919136783501,0.0,0.0,1.0,0.0,0.0,0.0,0.10083484822835428,0.0,0.9879342297146035,0.0,0.0,0.0,1.0,0.005555555555555556,0.0,1.0,0.0,0.11666666666666667,0.1,True,
0.9162468348847961,0.06724118584891386,1.3624060700620308,1.0375408559303585,0.04771593533442657,0.013318282845092722,7.926691236578559,4.5763440712945815,2.1502088843806093,0.6910651375299688,1.9829263515370366,0.4318960946822644,0.16809789613211618,2,0.0,1.0,0.0,0.0,0.0,1.4151278978926334,0.09378584022025088,0.0,0.0,1.0,0.0,0.0,0.0,0.08425975823277311,0.0,0.9715041538358857,0.0,0.0,0.0,1.0,0.0055000000000000005,0.0,1.0,0.0,0.10555555555555556,0.08333333333333333,True,
0.5970279926502393,0.07511895914535995,0.9414467685920804,1.860093507487742,0.06204595195228621,0.007035605247842068,7.445607746366663,2.614871818957649,4.500173333207786,0.7016752505108141,1.7998622031870197,0.44970968164149416,0.278659072595851,0,42.0,0.58,78.44821433624273,43.01314456669123,3.9540764280867373,0.5529628210418688,6.548672856538214,2.293860549667547,0.0,0.6004717602602844,0.0,0.03333333333333333,0.15341494332328215,0.011339438875589981,0.0,0.0,0.06666666666666667,0.06666666666666667,0.0,1.0,0.0038888888888888888,0.0,1.0,0.0,0.11666666666666667,0.0,False,
0.5970279926502393,0.07511895914535995,0.9414467685920804,1.860093507487742,0.06204595195228621,0.007035605247842068,7.445607746366663,2.614871818957649,4.500173333207786,0.7016752505108141,1.7998622031870197,0.44970968164149416,0.278659072595851,1,36.0,0.6400000000000001,66.54316704322905,36.38697189326528,3.3892083669314887,0.5535054105207989,19.236988391979082,1.6737512518418614,0.0,1.9730336616713522,0.0,0.03333333333333333,0.1643070257001301,0.01191528949859631,0.0,0.0,0.1,0.1,0.0,1.0,0.0037777777777777775,0.0,1.0,0.0,0.08888888888888889,0.0,False,
0.5970279926502393,0.07511895914535995,0.9414467685920804,1.860093507487742,0.06204595195228621,0.007035605247842068,7.445607746366663,2.614871818957649,4.500173333207786,0.7016752505108141,1.7998622031870197,0.44970968164149416,0.278659072595851,2,56.0,0.43999999999999984,103.66347773826246,57.43688883045008,5.272101904115653,0.5586753759474536,21.772830009502222,2.2852003604556796,0.0,2.626778191097073,0.0,0.16666666666666666,0.743767284611668,0.010617991571250334,0.0,0.0,0.3333333333333333,0.3333333333333333,0.0,1.0,0.004222222222222222,0.0,1.0,0.0,0.1388888888888889,0.0,False,
0.6148562718574845,0.11564247009895832,1.388279794923223,1.8765171023138238,0.056521376036192214,0.022179124301215478,9.503397268585857,3.9903722987639614,1.895727488142851,0.789299792523039,2.243889237451604,0.1477037666541341,0.29063983364031765,0,10.0,0.8999999999999998,18.57273103058645,14.566322880825851,1.3882797949232228,0.7851126502554767,16.579288304116936,0.593352124854513,0.005171855585779236,1.7174883755365333,0.0,0.1,0.48925392149477065,0.028835894498206536,0.0,0.0,0.1,0.1,0.0,1.0,0.003,0.0,1.0,0.0,0.1388888888888889,0.0,False,
0.6148562718574845,0.11564247009895832,1.388279794923223,1.8765171023138238,0.056521376036192214,0.022179124301215478,9.503397268585857,3.9903722987639614,1.895727488142851,0.789299792523039,2.243889237451604,0.1477037666541341,0.29063983364031765,1,0.0,1.0,0.0,0.0,0.0,0.7779489966815446,0.14632507008231857,0.0,0.0,1.0,0.0,0.0,0.0,0.04903066145544698,0.0,0.3396873076787141,0.0,0.0,0.0,1.0,0.0031666666666666666,0.0,1.0,0.0,0.07222222222222222,0.03333333333333333,True,
0.6148562718574845,0.11564247009895832,1.388279794923223,1.8765171023138238,0.056521376036192214,0.022179124301215478,9.503397268585857,3.9903722987639614,1.895727488142851,0.789299792523039,2.243889237451604,0.1477037666541341,0.29063983364031765,2,0.0,1.0,0.0,0.0,0.0,0.7855312492105353,0.13901091721594822,0.0,0.0,1.0,0.0,0.0,0.0,0.05263824867739627,0.0,0.1658550174356209,0.0,0.0,0.0,1.0,0.003,0.0,1.0,0.0,0.08888888888888889,0.03333333333333333,True,
0.834591273881851,0.11108084446594726,1.3401501123547526,1.6569368731731944,0.014032385120649287,0.022635159723473283,8.845370980676922,2.496355510334214,4.252605837109176,0.6645983535221165,2.1736014884707773,0.23653928337283725,0.21365328548635068,0,93.0,0.06999999999999992,155.98764182620633,135.90067367880883,12.463396044899197,0.8874939006906145,40.44759767018268,0.0,0.0,4.432823474894311,0.0,0.0,0.0,0.000750064040473374,0.0,0.0,0.03333333333333333,0.03333333333333333,0.0,1.0,0.0011666666666666668,0.0,1.0,0.0,0.011111111111111112,0.0,False,
0.834591273881851,0.11108084446594726,1.3401501123547526,1.6569368731731944,0.014032385120649287,0.022635159723473283,8.845370980676922,2.496355510334214,4.252605837109176,0.6645983535221165,2.1736014884707773,0.23653928337283725,0.21365328548635068,1,79.43333333333334,0.2056666666666666,134.29630732201522,117.99755137897556,10.645259059137913,0.8896319566466969,44.30605240139823,0.0,0.0,5.034644584290459,0.0,0.03333333333333333,0.35379778539431594,0.001569742534968779,0.0,0.0,0.06666666666666667,0.06666666666666667,0.0,1.0,0.0014444444444444444,0.0,1.0,0.0,0.022222222222222223,0.0,False,
0.834591273881851,0.11108084446594726,1.3401501123547526,1.6569368731731944,0.014032385120649287,0.022635159723473283,8.845370980676922,2.496355510334214,4.252605837109176,0.6645983535221165,2.1736014884707773,0.23653928337283725,0.21365328548635068,2,77.06666666666666,0.22933333333333342,127.32859271635223,112.93084717379233,10.328090199213964,0.9010665807001746,59.84271795503923,0.0,0.0,6.067101863186871,0.0,0.03333333333333333,0.3124577787221715,0.0017123883878866603,0.0,0.0,0.16666666666666666,0.16666666666666666,0.0,1.0,0.0015555555555555557,0.0,1.0,0.0,0.027777777777777776,0.0,False,
0.6224924921364364,0.03738017143330664,1.438785465138214,1.8245405326151396,0.0126113635656761,0.0026950317656490533,9.1186598070853,4.14434277148929,2.9068045568660117,0.7368421002125851,1.5545676147498122,0.06381359944206032,0.32949704398571383,0,44.46666666666667,0.5553333333333333,85.38768949049488,70.23745657623437,6.397799368314592,0.8301242291372406,39.161266309866356,0.0,0.0,4.419174464560382,0.0,0.13333333333333333,0.7466947422220762,0.012326641135664973,0.0,0.0,0.13333333333333333,0.13333333333333333,0.0,1.0,0.0020555555555555553,0.0,1.0,0.0,0.13333333333333333,0.0,False,
0.6224924921364364,0.03738017143330664,1.438785465138214,1.8245405326151396,0.0126113635656761,0.0026950317656490533,9.1186598070853,4.14434277148929,2.9068045568660117,0.7368421002125851,1.5545676147498122,0.06381359944206032,0.32949704398571383,1,48.06666666666667,0.5193333333333335,92.5687793143344,76.16359828826697,6.915762135764345,0.8295862123119074,41.260346770569704,0.0,0.0,4.455907401467436,0.0,0.06666666666666667,0.39382939406167927,0.010719037627103089,0.0,0.0,0.06666666666666667,0.06666666666666667,0.0,1.0,0.0019444444444444444,0.0,1.0,0.0,0.1111111111111111,0.0,False,
0.6224924921364364,0.03738017143330664,1.438785465138214,1.8245405326151396,0.0126113635656761,0.0026950317656490533,9.1186598070853,4.14434277148929,2.9068045568660117,0.7368421002125851,1.5545676147498122,0.06381359944206032,0.32949704398571383,2,38.0,0.62,71.9850532533633,59.72687661272047,5.467384767525211,0.8376606866101113,53.69316514813436,0.0,0.0,3.9959930445924954,0.0,0.16666666666666666,0.8836520929036898,0.012289347703539481,0.0,0.0,0.16666666666666666,0.16666666666666666,0.0,1.0,0.002,0.0,1.0,0.0,0.12222222222222222,0.0,False,
0.8601651488700974,0.12693324325545102,1.280376456004187,1.7860926676223294,0.03681204859422167,0.023703296699426665,4.786161631423743,3.41489370452406,4.537770434342184,0.4137226587112266,2.0531111149773187,0.22990644692120893,0.253870539500619,0,21.066666666666666,0.7893333333333332,38.7045561019814,28.974676091733095,2.697326400648821,0.7570130220579934,1.7184535498988442,0.003421238893705628,0.0,0.07332623253250015,0.0,0.0,0.0,0.019735936631419548,0.0,0.0,0.0,0.0,0.0,1.0,0.0032222222222222222,0.0,1.0,0.0,0.11666666666666667,0.0,False,
0.8601651488700974,0.12693324325545102,1.280376456004187,1.7860926676223294,0.03681204859422167,0.023703296699426665,4.786161631423743,3.41489370452406,4.537770434342184,0.4137226587112266,2.0531111149773187,0.22990644692120893,0.253870539500619,1,48.96666666666667,0.5103333333333334,89.92315514478152,69.02577057832453,6.269576712900503,0.7788401517294261,24.092842759109693,0.012382034870839165,0.0,4.9757963395929945,0.0,0.06666666666666667,0.5730194508788495,0.014437357868560345,0.0,0.0,0.13333333333333333,0.13333333333333333,0.0,1.0,0.003,0.0,1.0,0.0,0.09444444444444444,0.0,False,
0.8601651488700974,0.12693324325545102,1.280376456004187,1.7860926676223294,0.03681204859422167,0.023703296699426665,4.786161631423743,3.41489370452406,4.537770434342184,0.4137226587112266,2.0531111149773187,0.22990644692120893,0.253870539500619,2,10.0,0.8999999999999998,18.0762535163069,13.608014688816422,1.2803764560041866,0.761739177410019,9.276901593620124,0.010647780300599631,0.027366903435217707,2.0463583323030963,0.0,0.03333333333333333,0.14275106435978413,0.024109975542322835,0.0,0.0,0.03333333333333333,0.03333333333333333,0.0,1.0,0.0031666666666666666,0.0,1.0,0.0,0.10555555555555556,0.0,False,
0.8763641568651201,0.039315719294537886,1.3723464472472755,1.0218824291430073,0.028841297036921388,0.026056475697941818,8.978807712714147,2.870173998475308,3.4967589628084674,0.901691374941396,1.8652955389305295,0.23455359857683336,0.2551690012916742,0,0.0,1.0,0.0,0.0,0.0,1.4229518901400775,0.007454205994496634,0.0,0.0,1.0,0.0,0.0,0.0,0.057004175670237564,0.0,0.6691365766413422,0.0,0.0,0.0,1.0,0.005555555555555556,0.0,1.0,0.0,0.1,0.06111111111111111,True,
0.8763641568651201,0.039315719294537886,1.3723464472472755,1.0218824291430073,0.028841297036921388,0.026056475697941818,8.978807712714147,2.870173998475308,3.4967589628084674,0.901691374941396,1.8652955389305295,0.23455359857683336,0.2551690012916742,1,0.0,1.0,0.0,0.0,0.0,1.4199545661552766,0.007098974300279158,0.0,0.0,1.0,0.0,0.0,0.0,0.06544651738272528,0.0,0.6947791782057763,0.0,0.0,0.0,1.0,0.005555555555555556,0.0,1.0,0.0,0.11666666666666667,0.06666666666666667,True,
0.8763641568651201,0.039315719294537886,1.3723464472472755,1.0218824291430073,0.028841297036921388,0.026056475697941818,8.978807712714147,2.870173998475308,3.4967589628084674,0.901691374941396,1.8652955389305295,0.23455359857683336,0.2551690012916742,2,0.0,1.0,0.0,0.0,0.0,1.4481825701630844,0.007516642952277088,0.0,0.0,1.0,0.0,0.0,0.0,0.05708772420706689,0.0,0.7132382482947723,0.0,0.0,0.0,1.0,0.005555555555555556,0.0,1.0,0.0,0.11666666666666667,0.044444444444444446,True,
0.8632770495236156,0.12290572550111557,1.1730865567457749,1.6892180715517386,0.0493492878754512,0.025157035590127278,10.461205649809115,2.544542333955288,4.143464633827044,0.8576743280030995,1.661366744432896,0.1608916169232781,0.2123864948307344,0,31.366666666666667,0.6863333333333335,54.669092722079014,39.582637356607655,3.6795814996592497,0.7322075581190811,33.375619095351276,0.04927031616250425,0.0,2.149399554350565,0.0,0.1,0.6385438103579089,0.0221391953296183,0.0,0.4716244287679577,0.23333333333333334,0.23333333333333334,0.0,1.0,0.006055555555555555,0.0,1.0,0.0,0.07777777777777778,0.005555555555555556,False,
0.8632770495236156,0.12290572550111557,1.1730865567457749,1.6892180715517386,0.0493492878754512,0.025157035590127278,10.461205649809115,2.544542333955288,4.143464633827044,0.8576743280030995,1.661366744432896,0.1608916169232781,0.2123864948307344,1,22.0,0.7800000000000001,37.38747879514407,27.0648401461371,2.580790424840704,0.731190536249326,27.20106222101783,0.04834902191175916,0.0,2.043300434644087,0.0,0.1,0.44556335969311883,0.025159223162330113,0.0,0.45374568187556275,0.16666666666666666,0.16666666666666666,0.0,1.0,0.006055555555555555,0.0,1.0,0.0,0.08888888888888889,0.011111111111111112,False,
0.8632770495236156,0.12290572550111557,1.1730865567457749,1.6892180715517386,0.0493492878754512,0.025157035590127278,10.461205649809115,2.544542333955288,4.143464633827044,0.8576743280030995,1.661366744432896,0.1608916169232781,0.2123864948307344,2,35.266666666666666,0.6473333333333334,60.76702087393149,44.36709930138948,4.137085256790101,0.7386279227487879,30.522117324904432,0.040678848580161776,0.0,2.2426840329838145,0.0,0.1,0.5284451344872496,0.02195690593397418,0.0,0.5181917588894959,0.23333333333333334,0.23333333333333334,0.0,1.0,0.006500000000000001,0.0,1.0,0.0,0.1,0.011111111111111112,False,
0.9079754179230133,0.11874660048992838,1.163953044708561,1.3083579366908484,0.03909367216872002,0.015622614625208128,6.631235119419024,3.3109703866988296,4.098690914023468,0.6766021453428487,1.619305034783855,0.2312474989832663,0.3039921171041665,0,0.0,1.0,0.0,0.0,0.0,0.939127753217048,0.0087819232869283,0.0,0.0,1.0,0.0,0.0,0.0,0.06162852813791712,0.0,0.8111934818111008,0.0,0.0,0.0,1.0,0.005222222222222223,0.0,1.0,0.0,0.07777777777777778,0.1,True,
0.9079754179230133,0.11874660048992838,1.163953044708561,1.3083579366908484,0.03909367216872002,0.015622614625208128,6.631235119419024,3.3109703866988296,4.098690914023468,0.6766021453428487,1.619305034783855,0.2312474989832663,0.3039921171041665,1,0.0,1.0,0.0,0.0,0.0,0.9377215243095942,0.015248079523368088,0.0,0.0,0.9999999999999999,0.0,0.0,0.0,0.048376744129339344,0.0,0.743611264749102,0.0,0.0,0.0,1.0,0.005055555555555555,0.0,1.0,0.0,0.06111111111111111,0.09444444444444444,True,
0.9079754179230133,0.11874660048992838,1.163953044708561,1.3083579366908484,0.03909367216872002,0.015622614625208128,6.631235119419024,3.3109703866988296,4.098690914023468,0.6766021453428487,1.619305034783855,0.2312474989832663,0.3039921171041665,2,0.0,1.0,0.0,0.0,0.0,0.9514987554757136,0.01879203249493969,0.0,0.0,1.0,0.0,0.0,0.0,0.057920801501063934,0.0,0.7276425445262749,0.0,0.0,0.0,1.0,0.005222222222222223,0.0,1.0,0.0,0.07222222222222222,0.1,True,
0.7449368461071638,0.04009393578771513,1.0331554884356347,1.7112788458118693,0.037746522174456634,0.023174253764474875,11.294162322786136,4.327601307363333,2.0977563794177696,0.4554285322345923,1.1833975895652522,0.3298092412634297,0.3494067007883008,0,10.0,0.8999999999999998,17.703543219313794,11.157461691297184,1.0331554884356353,0.635799224520788,15.184725186673598,0.0022522909171661444,0.0,1.3525920420462147,0.0,0.06666666666666667,0.2782383309206974,0.036413458764819474,0.0,1.3222509615110636,0.06666666666666667,0.06666666666666667,0.0,1.0,0.005888888888888889,0.0,1.0,0.0,0.07222222222222222,0.022222222222222223,False,
0.7449368461071638,0.04009393578771513,1.0331554884356347,1.7112788458118693,0.037746522174456634,0.023174253764474875,11.294162322786136,4.327601307363333,2.0977563794177696,0.4554285322345923,1.1833975895652522,0.3298092412634297,0.3494067007883008,1,0.0,1.0,2.2893090055748634e-07,1.442533769121111e-07,0.0,0.6351323494199229,0.6355507912843802,0.0,0.0,0.5502916222395093,0.0,0.0,0.0,0.0348846106543532,0.0,1.3171501281653026,0.03333333333333333,0.03333333333333333,0.0,1.0,0.006,0.0016666666666666666,1.0,0.0,0.08333333333333333,0.016666666666666666,True,
0.7449368461071638,0.04009393578771513,1.0331554884356347,1.7112788458118693,0.037746522174456634,0.023174253764474875,11.294162322786136,4.327601307363333,2.0977563794177696,0.4554285322345923,1.1833975895652522,0.3298092412634297,0.3494067007883008,2,10.0,0.8999999999999998,17.03065710743204,10.831846856162828,1.0331554884356353,0.6419895592280133,17.895604430354073,0.0,0.0,1.6512377581845301,0.0,0.06666666666666667,0.25435567765847983,0.03219336641120969,0.0,1.3280694812922487,0.06666666666666667,0.06666666666666667,0.0,1.0,0.0057777777777777775,0.0,1.0,0.0,0.06111111111111111,0.022222222222222223,False,
0.8524575248104024,0.10854524498002995,1.4437253679178745,1.606957214649974,0.04022717194075745,0.024902022272920085,10.596225345795741,3.680540367384687,2.304484948628099,0.43997568823083155,2.5306106275863396,0.35959832063450337,0.11201463545236683,0,61.93333333333333,0.38066666666666654,103.75040803669926,97.50279574404657,8.941472445304704,0.9505433781159608,60.41505458368908,0.12153451324920556,0.0,4.584734060033016,0.0,0.1,0.9693198874101493,0.02175482192806468,0.0,1.1529576716788623,0.23333333333333334,0.23333333333333334,0.0,1.0,0.006222222222222223,0.0,1.0,0.0,0.09444444444444444,0.005555555555555556,False,
0.8524575248104024,0.10854524498002995,1.4437253679178745,1.606957214649974,0.04022717194075745,0.024902022272920085,10.596225345795741,3.680540367384687,2.304484948628099,0.43997568823083155,2.5306106275863396,0.35959832063450337,0.11201463545236683,1,46.1,0.5389999999999999,77.55237688495053,73.13705214704278,6.655573946101399,0.965749781144311,1.8235680226636042,0.1271688260057324,0.0,0.1798975092593844,0.0,0.0,0.0,0.01622521496294053,0.0,1.130753129773401,0.0,0.0,0.0,1.0,0.004833333333333334,0.0,1.0,0.0,0.027777777777777776,0.011111111111111112,False,
0.8524575248104024,0.10854524498002995,1.4437253679178745,1.606957214649974,0.04022717194075745,0.024902022272920085,10.596225345795741,3.680540367384687,2.304484948628099,0.43997568823083155,2.5306106275863396,0.35959832063450337,0.11201463545236683,2,69.63333333333334,0.3036666666666666,115.94663580919965,109.48955612708883,10.053140978601471,0.9624577398559004,40.077280803993084,0.02313550146633082,0.0,1.8153029039609723,0.0,0.06666666666666667,0.7874394801262485,0.019418937222012468,0.0,1.2275542745271117,0.16666666666666666,0.16666666666666666,0.0,1.0,0.006555555555555556,0.0,1.0,0.0,0.08888888888888889,0.011111111111111112,False,
0.6400146911184365,0.1252297129383504,1.3270895649188723,1.7199613396793447,0.012215907022100342,0.006033126178000857,10.013432306851772,2.661290400591334,1.6275653596853676,0.3532317178702478,1.7082162055320222,0.06952854216146909,0.18503983710802477,0,62.0,0.38000000000000017,107.50933340870274,88.02786181965001,8.227955302497008,0.8295298914590385,169.97901930558808,6.947188569349056,0.06531662746371515,50.0,0.0,0.0,0.0,0.0,0.0,0.0,0.0,0.0,0.0,1.0,0.0,0.0,1.0,0.0,0.0,0.0,False,
0.6400146911184365,0.1252297129383504,1.3270895649188723,1.7199613396793447,0.012215907022100342,0.006033126178000857,10.013432306851772,2.661290400591334,1.6275653596853676,0.3532317178702478,1.7082162055320222,0.06952854216146909,0.18503983710802477,1,59.766666666666666,0.4023333333333333,103.44284843527042,85.50852515911463,7.958113757630168,0.8331585056325661,165.3232888463302,5.0080315975761165,9.111375014676582,37.56056481096531,0.0,0.0,0.0,0.0,0.0,0.0,0.06666666666666667,0.03333333333333333,0.03333333333333333,1.0,0.00016666666666666666,0.0005555555555555556,1.0,0.0,0.0,0.0,False,
0.6400146911184365,0.1252297129383504,1.3270895649188723,1.7199613396793447,0.012215907022100342,0.006033126178000857,10.013432306851772,2.661290400591334,1.6275653596853676,0.3532317178702478,1.7082162055320222,0.06952854216146909,0.18503983710802477,2,61.0,0.39000000000000007,104.73502250451779,86.60734858928747,8.095246346005123,0.8372743189786486,165.1160290620118,4.931394131389249,0.2750541247464569,50.0,0.0,0.0,0.0,0.0,0.0,0.0,0.0,0.0,0.0,1.0,0.0,0.0,1.0,0.0,0.0,0.0,False,
0.8198668687158124,0.0915193772446676,1.2168993260075176,1.9051979171966344,0.02353728431691761,0.026637714696932546,4.962224291181285,4.2484269425236025,2.440779772201792,0.8022313652762298,2.3990037879961226,0.4035485913716662,0.1210240435278678,0,52.3,0.47700000000000015,102.9393717998033,69.28450333422496,6.364383475019316,0.682929210796413,18.12561376464178,0.5490608026671963,0.0,3.6564260622182445,0.0,0.0,0.0,0.001392533106442343,0.0,0.0,0.0,0.0,0.0,1.0,0.0007777777777777778,0.0,1.0,0.0,0.016666666666666666,0.0,False,
0.8198668687158124,0.0915193772446676,1.2168993260075176,1.9051979171966344,0.02353728431691761,0.026637714696932546,4.962224291181285,4.2484269425236025,2.440779772201792,0.8022313652762298,2.3990037879961226,0.4035485913716662,0.1210240435278678,1,55.0,0.44999999999999984,108.25792570992854,72.97310884488694,6.6929462930413495,0.6834954527857284,19.475098482245834,0.5722862292097993,0.0,4.013896570261094,0.0,0.0,0.0,0.000669335351538067,0.0,0.0,0.0,0.0,0.0,1.0,0.0006666666666666666,0.0,1.0,0.0,0.011111111111111112,0.0,False,
0.8198668687158124,0.0915193772446676,1.2168993260075176,1.9051979171966344,0.02353728431691761,0.026637714696932546,4.962224291181285,4.2484269425236025,2.440779772201792,0.8022313652762298,2.3990037879961226,0.4035485913716662,0.1210240435278678,2,49.0,0.51,95.11140746565327,64.80377022574663,5.962806697436836,0.6896150437880074,20.436790421983908,0.4487276835785636,0.0,4.062558919143943,0.0,0.0,0.0,0.003121417195715729,0.0,0.0,0.0,0.0,0.0,1.0,0.0010555555555555555,0.0,1.0,0.0,0.044444444444444446,0.0,False,
0.6331750822984197,0.11799297711499904,0.9442313093130017,1.2716895673404154,0.06942880605798334,0.011737167253713092,6.134223034828188,2.921352605382573,2.455224993485693,0.6659198475849021,1.9334992158277635,0.09703361672564997,0.23684050766894427,0,53.0,0.4700000000000001,68.40973332811672,54.43822313981907,5.004425939358909,0.8167554177985236,8.20417227638348,3.0873299554018616,0.0,1.3256126952106577,0.0,0.0,0.0,0.010485523474748624,0.0,0.0,0.0,0.0,0.0,1.0,0.0037222222222222223,0.0,1.0,0.0,0.09444444444444444,0.0,False,
0.6331750822984197,0.11799297711499904,0.9442313093130017,1.2716895673404154,0.06942880605798334,0.011737167253713092,6.134223034828188,2.921352605382573,2.455224993485693,0.6659198475849021,1.9334992158277635,0.09703361672564997,0.23684050766894427,1,46.0,0.5399999999999998,59.18456988278752,47.35394266556048,4.343464022839809,0.8171489427262026,18.43355375018874,1.9368632892484414,0.004577532305273168,2.773021572925241,0.0,0.1,0.593553157145674,0.017707011050783032,0.0,0.0,0.23333333333333334,0.23333333333333334,0.0,1.0,0.004555555555555556,0.0,1.0,0.0,0.12777777777777777,0.0,False,
0.6331750822984197,0.11799297711499904,0.9442313093130017,1.2716895673404154,0.06942880605798334,0.011737167253713092,6.134223034828188,2.921352605382573,2.455224993485693,0.6659198475849021,1.9334992158277635,0.09703361672564997,0.23684050766894427,2,57.0,0.42999999999999994,72.91750352322151,58.94460953368605,5.38211846308411,0.8313573912207783,17.66454717552388,2.687490457669256,0.0,2.5458801610050523,0.0,0.1,0.5911448459124232,0.014680618463146302,0.0,0.0,0.23333333333333334,0.23333333333333334,0.0,1.0,0.004722222222222222,0.0,1.0,0.0,0.12777777777777777,0.0,False,
0.8554685900223475,0.045237681536885246,1.1596663211839011,1.179489116170049,0.05568214961674027,0.01109570871924902,9.214832722843262,3.3618354549270757,3.774436938939505,0.8395383796936668,2.649279885337406,0.32648818306840144,0.08307259308250775,0,65.8,0.34199999999999997,80.35152570859245,83.32072850718087,7.630604393390071,1.060584180954964,41.04934547386064,0.0977173887859062,0.009224089718268576,3.3377144297264314,0.0,0.13333333333333333,1.31485727295945,0.021766662983906532,0.0,0.769035326694168,0.36666666666666664,0.36666666666666664,0.0,1.0,0.007277777777777777,0.0,1.0,0.0,0.12222222222222222,0.011111111111111112,False,
0.8554685900223475,0.045237681536885246,1.1596663211839011,1.179489116170049,0.05568214961674027,0.01109570871924902,9.214832722843262,3.3618354549270757,3.774436938939505,0.8395383796936668,2.649279885337406,0.32648818306840144,0.08307259308250775,1,75.06666666666666,0.24933333333333335,91.17311346306283,95.06192039734854,8.705228517687152,1.0592588329719426,55.558955756545664,0.0678807983428776,0.0,5.295098368660853,0.0,0.16666666666666666,1.2116790473452779,0.019555994927765788,0.0,0.7814885872522609,0.36666666666666664,0.36666666666666664,0.0,1.0,0.0071111111111111115,0.0,1.0,0.0,0.11666666666666667,0.011111111111111112,False,
0.8554685900223475,0.045237681536885246,1.1596663211839011,1.179489116170049,0.05568214961674027,0.01109570871924902,9.214832722843262,3.3618354549270757,3.774436938939505,0.8395383796936668,2.649279885337406,0.32648818306840144,0.08307259308250775,2,75.0,0.25,89.96751083958044,95.12098239849853,8.697497408879258,1.0804985294843363,46.47265771099081,0.07583547904138419,0.0,3.633544837013551,0.0,0.16666666666666666,1.1910229414362368,0.027889439268427255,0.0,0.7030526993295345,0.3,0.3,0.0,1.0,0.0075,0.0,1.0,0.0,0.15,0.016666666666666666,False,
0.7900862695571982,0.05783708211242236,1.0159113167079519,1.1626335654459072,0.023861073146159678,0.017253394999016975,8.784676103131542,3.9310271760141817,3.953532949461121,0.4213219057503731,2.1354248844272488,0.25934596470836757,0.2028703108325562,0,11.1,0.889,13.437245717741614,12.077935455670557,1.1276615615458263,0.9238462588281038,17.988015530417822,0.030441367457896374,0.018653250273786514,2.231884778768919,0.0,0.03333333333333333,0.14852727962592707,0.04731125205209964,0.0,0.8621708713228226,0.03333333333333333,0.03333333333333333,0.0,1.0,0.005611111111111111,0.0,1.0,0.0,0.09444444444444444,0.03888888888888889,False,
0.7900862695571982,0.05783708211242236,1.0159113167079519,1.1626335654459072,0.023861073146159678,0.017253394999016975,8.784676103131542,3.9310271760141817,3.953532949461121,0.4213219057503731,2.1354248844272488,0.25934596470836757,0.2028703108325562,1,12.0,0.8799999999999998,13.791030699792161,12.408285747696668,1.2190935800495424,0.922221035854227,9.00773877584127,0.017841399834452876,0.0,1.0368937923162949,0.0,0.0,0.0,0.03514438433008515,0.0,0.8976113454079659,0.0,0.0,0.0,1.0,0.005555555555555556,0.0,1.0,0.0,0.08888888888888889,0.027777777777777776,False,
0.7900862695571982,0.05783708211242236,1.0159113167079519,1.1626335654459072,0.023861073146159678,0.017253394999016975,8.784676103131542,3.9310271760141817,3.953532949461121,0.4213219057503731,2.1354248844272488,0.25934596470836757,0.2028703108325562,2,1.9333333333333333,0.9806666666666665,1.7873875749002106,1.6363234247149778,0.20318226334159034,0.9417572124258772,17.446589872702894,0.0013950975354645831,2.615462414300538,3.089470003605513,0.0,0.13333333333333333,0.7482750469235485,0.04732358549434431,0.0,0.872677082719285,0.4,0.3,0.1,1.0,0.006777777777777778,0.005,1.0,0.0,0.15,0.027777777777777776,False,
0.693543661789133,0.09437493680865762,0.9718052263805408,1.6935200294271295,0.061060548159877714,0.027462623170894908,7.483598997893834,4.445215942975411,3.648677575109059,0.8429230855800496,1.2861265006886486,0.3405011988686949,0.15009095128434619,0,21.0,0.7899999999999998,36.455430729557904,21.969714409949972,2.0407909753991356,0.6081015589740865,15.520008973125334,0.5434086990620822,0.002156118923059012,2.2152932159032233,0.0,0.13333333333333333,0.5157103000017821,0.034816548036789095,0.0,0.26768578705626217,0.13333333333333333,0.13333333333333333,0.0,1.0,0.004,0.0,1.0,0.0,0.13333333333333333,0.016666666666666666,False,
0.693543661789133,0.09437493680865762,0.9718052263805408,1.6935200294271295,0.061060548159877714,0.027462623170894908,7.483598997893834,4.445215942975411,3.648677575109059,0.8429230855800496,1.2861265006886486,0.3405011988686949,0.15009095128434619,1,10.0,0.8999999999999998,17.4882442654068,10.468719503983944,0.9718052263805412,0.6037159338891273,9.716720139529992,0.19747590048802838,0.0022342249552436497,1.3898777074173632,0.0,0.1,0.3972411903545278,0.03782290299890597,0.0,0.192471051470415,0.1,0.1,0.0,1.0,0.003611111111111111,0.0,1.0,0.0,0.1111111111111111,0.016666666666666666,False,
0.693543661789133,0.09437493680865762,0.9718052263805408,1.6935200294271295,0.061060548159877714,0.027462623170894908,7.483598997893834,4.445215942975411,3.648677575109059,0.8429230855800496,1.2861265006886486,0.3405011988686949,0.15009095128434619,2,20.0,0.8000000000000003,34.3257814043359,21.09342376226091,1.9436104527610825,0.6186256554400177,16.18112896391942,0.3672767677721105,0.0,2.3560892147336334,0.0,0.16666666666666666,0.6445788416278548,0.03219647808254126,0.0,0.3067755771121894,0.16666666666666666,0.16666666666666666,0.0,1.0,0.004055555555555555,0.0,1.0,0.0,0.12222222222222222,0.011111111111111112,False,
0.7211005953652974,0.12153668106351169,0.9048973500206032,1.549406477376266,0.06344532865156267,0.01517262637050007,8.621887763607997,3.074771373024089,3.7176175189374723,0.8379758591690756,2.349498749605404,0.17740225422829556,0.2387401505656618,0,10.766666666666667,0.8923333333333334,17.221680117390804,10.423022901533091,0.9742728135221829,0.6155022383716829,9.285143229354263,0.2892032423574091,0.01381863647648434,1.181465292497642,0.0,0.16666666666666666,0.41005615167119175,0.030462335148339667,0.0,0.18099021480495286,0.16666666666666666,0.16666666666666666,0.0,1.0,0.005055555555555555,0.0,1.0,0.0,0.13333333333333333,0.011111111111111112,False,
0.7211005953652974,0.12153668106351169,0.9048973500206032,1.549406477376266,0.06344532865156267,0.01517262637050007,8.621887763607997,3.074771373024089,3.7176175189374723,0.8379758591690756,2.349498749605404,0.17740225422829556,0.2387401505656618,1,10.0,0.8999999999999998,15.05916796451218,9.119256149194197,0.9048973500206036,0.6147668308254112,13.235610403830323,0.09021016563293019,0.00013781622725574186,1.5892881241853114,0.0,0.16666666666666666,0.3942715190007187,0.033438046174626465,0.0,0.22294080316850165,0.16666666666666666,0.16666666666666666,0.0,1.0,0.005333333333333333,0.0,1.0,0.0,0.15555555555555556,0.005555555555555556,False,
0.7211005953652974,0.12153668106351169,0.9048973500206032,1.549406477376266,0.06344532865156267,0.01517262637050007,8.621887763607997,3.074771373024089,3.7176175189374723,0.8379758591690756,2.349498749605404,0.17740225422829556,0.2387401505656618,2,18.0,0.8200000000000001,28.128084406837772,17.44731248602101,1.628815230037086,0.6384795796054632,17.412815154528385,0.15743104315798137,0.0,2.117386220737062,0.0,0.3,0.7512308558615585,0.02820217764780395,0.0,0.24074466271032344,0.3,0.3,0.0,1.0,0.006055555555555555,0.0,1.0,0.0,0.19444444444444445,0.005555555555555556,False,
0.8150332408545767,0.07014743082572372,0.9824719267357038,1.0716023450874856,0.01933247637042116,0.01527306897096578,5.132807233843634,3.8281608968314065,4.170664224551068,0.33822945282421996,1.320419516478434,0.3835906447184595,0.13249223897355245,0,85.0,0.15000000000000005,92.620074624184,91.36835587903552,8.351011377253483,1.00845243613699,25.488797243615334,0.02398758861160798,0.0,5.017664383292224,0.0,0.0,0.0,0.0007947240182646497,0.0,0.0,0.0,0.0,0.0,1.0,0.0009444444444444444,0.0,1.0,0.0,0.011111111111111112,0.0,False,
0.8150332408545767,0.07014743082572372,0.9824719267357038,1.0716023450874856,0.01933247637042116,0.01527306897096578,5.132807233843634,3.8281608968314065,4.170664224551068,0.33822945282421996,1.320419516478434,0.3835906447184595,0.13249223897355245,1,83.0,0.17,90.68725578223193,89.18810242550347,8.154516991906345,1.0041619743953016,26.686617959038987,0.04739341047789806,0.0,5.248908245173906,0.0,0.0,0.0,0.0007394929966223065,0.0,0.0,0.0,0.0,0.0,1.0,0.0009444444444444444,0.0,1.0,0.0,0.011111111111111112,0.0,False,
0.8150332408545767,0.07014743082572372,0.9824719267357038,1.0716023450874856,0.01933247637042116,0.01527306897096578,5.132807233843634,3.8281608968314065,4.170664224551068,0.33822945282421996,1.320419516478434,0.3835906447184595,0.13249223897355245,2,85.0,0.15000000000000005,91.85010054564246,90.71981263772517,8.351011377253483,1.01410841792911,44.188925415774165,0.022729025042751004,0.0,7.7568225109525715,0.0,0.0,0.0,0.0,0.0,0.0,0.03333333333333333,0.03333333333333333,0.0,1.0,0.0007222222222222222,0.0,1.0,0.0,0.0,0.0,False,
0.7984028523842669,0.071006809286343,0.9236055682588784,1.8787526170461821,0.05254578203132362,0.005562544853705439,11.395575893239215,3.202327197847432,2.3678112588737426,0.4118944577185722,1.092312890294133,0.3820987434348888,0.2356700126013063,0,20.2,0.7979999999999999,39.68657865173597,20.391458891594763,1.8656832478829344,0.5174223353780005,17.77089600895565,0.016210336196321545,0.0,1.438292725937799,0.0,0.16666666666666666,0.5048067407076217,0.03757881101951958,0.0,0.6269859588998653,0.2,0.2,0.0,1.0,0.006722222222222223,0.0,1.0,0.0,0.1388888888888889,0.022222222222222223,False,
0.7984028523842669,0.071006809286343,0.9236055682588784,1.8787526170461821,0.05254578203132362,0.005562544853705439,11.395575893239215,3.202327197847432,2.3678112588737426,0.4118944577185722,1.092312890294133,0.3820987434348888,0.2356700126013063,1,42.0,0.58,80.12570676200423,42.04718176283278,3.8791433866872893,0.5291262614187318,26.546276593258153,0.04505592716988705,0.0,1.725493249095844,0.0,0.13333333333333333,0.5349301373255008,0.027917070188532147,0.0,0.6327642848460505,0.16666666666666666,0.16666666666666666,0.0,1.0,0.007166666666666667,0.0,1.0,0.0,0.15555555555555556,0.011111111111111112,False,
0.7984028523842669,0.071006809286343,0.9236055682588784,1.8787526170461821,0.05254578203132362,0.005562544853705439,11.395575893239215,3.202327197847432,2.3678112588737426,0.4118944577185722,1.092312890294133,0.3820987434348888,0.2356700126013063,2,77.0,0.23000000000000007,143.94469685639643,77.1995743223167,7.1117628755933655,0.5425032127234739,57.97940158739652,0.0,0.0,4.493006440878661,0.0,0.2,1.3389801822103393,0.02359614730943527,0.0,0.715724629542152,0.5,0.5,0.0,1.0,0.008666666666666666,0.0,1.0,0.0,0.15555555555555556,0.011111111111111112,False,
0.8738781371372508,0.05821019896482929,1.0840978738954958,1.6724719253903961,0.047263789838819764,0.0017869914317693437,5.295731500336725,3.9989274669753248,4.601446286869171,0.46596032342573246,1.675340500983203,0.2736806995261154,0.22649351651895108,0,0.0,1.0,0.0,0.0,0.0,0.6827363795131723,0.058067682800545174,0.0,0.0,0.9999999999999998,0.0,0.0,0.0,0.06684994538111792,0.0,0.5381455393226164,0.0,0.0,0.0,1.0,0.004611111111111111,0.0,1.0,0.0,0.08333333333333333,0.07777777777777778,True,
0.8738781371372508,0.05821019896482929,1.0840978738954958,1.6724719253903961,0.047263789838819764,0.0017869914317693437,5.295731500336725,3.9989274669753248,4.601446286869171,0.46596032342573246,1.675340500983203,0.2736806995261154,0.22649351651895108,1,0.0,1.0,0.0,0.0,0.0,0.6819985193539818,0.05311714674533029,0.0,0.0,1.0,0.0,0.0,0.0,0.0810737899890713,0.0,0.46055329296862135,0.0,0.0,0.0,1.0,0.0044444444444444444,0.0,1.0,0.0,0.09444444444444444,0.1,True,
0.8738781371372508,0.05821019896482929,1.0840978738954958,1.6724719253903961,0.047263789838819764,0.0017869914317693437,5.295731500336725,3.9989274669753248,4.601446286869171,0.46596032342573246,1.675340500983203,0.2736806995261154,0.22649351651895108,2,0.0,1.0,0.0,0.0,0.0,0.6895534080047246,0.049186676015856176,0.0,0.0,1.0,0.0,0.0,0.0,0.05953134659419118,0.0,0.6089650758433259,0.0,0.0,0.0,1.0,0.004666666666666667,0.0,1.0,0.0,0.07777777777777778,0.08333333333333333,True,
0.7967058079973977,0.07252716681049146,1.0230042665182106,1.6870745600276984,0.053003012014786494,0.023263650996427934,11.347789471661716,4.4796909120159665,4.025405106072643,0.44227638034258887,2.364600933268243,0.168271112008543,0.2199550896408791,0,21.0,0.7899999999999998,36.634275919823786,23.06386813551196,2.1483089596882428,0.6386461394303927,23.224478599949943,0.04682048884470335,0.002305352806970225,2.146017585264286,0.0,0.13333333333333333,0.5381682815638718,0.04143281261851726,0.0,1.2215957306148224,0.13333333333333333,0.13333333333333333,0.0,1.0,0.006777777777777778,0.0,1.0,0.0,0.1388888888888889,0.022222222222222223,False,
0.7967058079973977,0.07252716681049146,1.0230042665182106,1.6870745600276984,0.053003012014786494,0.023263650996427934,11.347789471661716,4.4796909120159665,4.025405106072643,0.44227638034258887,2.364600933268243,0.168271112008543,0.2199550896408791,1,22.1,0.7790000000000001,38.39389278229275,24.18193728014395,2.260839429005246,0.6379637198800506,27.218478846444487,0.0,0.0,2.4873532524711544,0.0,0.16666666666666666,0.8226509723528664,0.03572177010528918,0.0,1.2255316851561917,0.2,0.2,0.0,1.0,0.006722222222222223,0.0,1.0,0.0,0.15,0.011111111111111112,False,
0.7967058079973977,0.07252716681049146,1.0230042665182106,1.6870745600276984,0.053003012014786494,0.023263650996427934,11.347789471661716,4.4796909120159665,4.025405106072643,0.44227638034258887,2.364600933268243,0.168271112008543,0.2199550896408791,2,70.0,0.29999999999999993,121.78707202947622,78.62537449375677,7.161029865627476,0.6577596946738926,47.068500882752325,0.005753445314086414,0.0,3.6942056975864705,0.0,0.2,1.6855776884521958,0.03456022736259603,0.0,1.3215142636800046,0.36666666666666664,0.36666666666666664,0.0,1.0,0.007388888888888889,0.0,1.0,0.0,0.15,0.022222222222222223,False,
0.9172478329843219,0.08823004899025158,1.0913707649791413,1.888729199148583,0.016178058265397047,0.007642374704796349,8.218587706494752,2.5847045278515526,4.5864278695205405,0.40488729263283396,2.0997911878234152,0.07908223100304475,0.18016200652694292,0,69.0,0.31000000000000016,132.4480879558442,82.28347245986548,7.530458278356074,0.630284054808575,33.47235894322284,0.06683698924305491,0.0,4.182272593600059,0.0,0.0,0.0,0.0015886050307142858,0.0,0.0,0.0,0.0,0.0,1.0,0.0015,0.0,1.0,0.0,0.022222222222222223,0.0,False,
0.9172478329843219,0.08823004899025158,1.0913707649791413,1.888729199148583,0.016178058265397047,0.007642374704796349,8.218587706494752,2.5847045278515526,4.5864278695205405,0.40488729263283396,2.0997911878234152,0.07908223100304475,0.18016200652694292,1,76.0,0.24000000000000005,145.67087277159035,89.61185315732344,8.294417813841473,0.62047897722798,100.13656425752521,0.09496982171030151,0.0,12.401732054192035,0.0,0.0,0.0,0.0,0.0,0.0,0.03333333333333333,0.03333333333333333,0.0,1.0,0.0008888888888888889,0.0,1.0,0.0,0.0,0.0,False,
0.9172478329843219,0.08823004899025158,1.0913707649791413,1.888729199148583,0.016178058265397047,0.007642374704796349,8.218587706494752,2.5847045278515526,4.5864278695205405,0.40488729263283396,2.0997911878234152,0.07908223100304475,0.18016200652694292,2,76.0,0.24000000000000005,143.55406773759393,87.92911245523722,8.294417813841475,0.6205170348625978,197.1620136222296,0.1169446105510145,0.0,24.622314197842915,0.0,0.0,0.0,0.0,0.0,0.0,0.0,0.0,0.0,1.0,0.0005555555555555556,0.0,1.0,0.0,0.0,0.0,False,
0.6424229237725134,0.04455600269260683,1.338990704965378,1.4012652413813522,0.06762108302985383,0.023011800123915467,8.6118540206419,2.442378687792845,4.46947957478044,0.7511833988179991,1.2377292360314265,0.23719530262185018,0.07410842699476197,0,31.0,0.6900000000000002,44.25585826260738,44.260733983593326,4.150871185392672,1.0138069261034863,36.004651039409964,0.9037992383141111,0.0,3.7057454746977156,0.0,0.2,1.1652628962769365,0.023206870914754728,0.0,0.10275286534989785,0.4,0.4,0.0,1.0,0.0051666666666666675,0.0,1.0,0.0,0.12222222222222222,0.011111111111111112,False,
0.6424229237725134,0.04455600269260683,1.338990704965378,1.4012652413813522,0.06762108302985383,0.023011800123915467,8.6118540206419,2.442378687792845,4.46947957478044,0.7511833988179991,1.2377292360314265,0.23719530262185018,0.07410842699476197,1,32.0,0.6799999999999999,45.9068516298514,46.22893302021953,4.28477025588921,1.0201620488329664,31.874174732439982,0.9611041655233046,0.0,3.1582215584469555,0.0,0.13333333333333333,0.7927332665681298,0.02748572143290149,0.0,0.09647336144703643,0.3,0.3,0.0,1.0,0.0057777777777777775,0.0,1.0,0.0,0.15555555555555556,0.005555555555555556,False,
0.6424229237725134,0.04455600269260683,1.338990704965378,1.4012652413813522,0.06762108302985383,0.023011800123915467,8.6118540206419,2.442378687792845,4.46947957478044,0.7511833988179991,1.2377292360314265,0.23719530262185018,0.07410842699476197,2,38.0,0.62,54.07706112188639,55.319909194661086,5.088164678868434,1.036785440408558,31.80609281638902,1.1330456070381394,0.0,3.1748961334198573,0.0,0.2,1.2926184726249106,0.0221017426472038,0.0,0.11621143466923622,0.43333333333333335,0.43333333333333335,0.0,1.0,0.005722222222222222,0.0,1.0,0.0,0.13333333333333333,0.005555555555555556,False,
0.5976150631284382,0.07959032797798615,1.1787426489897992,1.3707343287699736,0.04185454429924583,0.020966273532937476,10.621805069245507,3.212603657182763,3.077218000366899,0.7264792471310992,2.5613665541639907,0.0743376320039833,0.217058851247805,0,20.033333333333335,0.799666666666667,28.262602994879604,25.062790284009733,2.361414440142897,0.9073145534892301,26.94352883045621,1.550627272624715,0.003395913358037846,2.15473825473445,0.0,0.1,0.4448262665685119,0.021165159984048686,0.0,0.0,0.13333333333333333,0.13333333333333333,0.0,1.0,0.0035555555555555557,0.0,1.0,0.0,0.1111111111111111,0.0,False,
0.5976150631284382,0.07959032797798615,1.1787426489897992,1.3707343287699736,0.04185454429924583,0.020966273532937476,10.621805069245507,3.212603657182763,3.077218000366899,0.7264792471310992,2.5613665541639907,0.0743376320039833,0.217058851247805,1,10.0,0.8999999999999998,12.834560984544709,11.392779256665092,1.1787426489897992,0.906038554981181,20.349780687820473,0.24301606812018764,0.00914382988575742,2.039685000954579,0.0,0.13333333333333333,0.41009864482913705,0.026951836823478834,0.0,0.056808650594852544,0.13333333333333333,0.13333333333333333,0.0,1.0,0.0034999999999999996,0.0,1.0,0.0,0.1,0.011111111111111112,False,
0.5976150631284382,0.07959032797798615,1.1787426489897992,1.3707343287699736,0.04185454429924583,0.020966273532937476,10.621805069245507,3.212603657182763,3.077218000366899,0.7264792471310992,2.5613665541639907,0.0743376320039833,0.217058851247805,2,10.0,0.8999999999999998,13.305301025110639,11.943684356332064,1.1787426489897992,0.9186413533872797,20.402641478673427,0.4357418229422791,0.14775123425386125,2.160424162211068,0.0,0.13333333333333333,0.41749430111186453,0.0256513154201404,0.0,0.07318921458592086,0.13333333333333333,0.13333333333333333,0.0,1.0,0.0035555555555555557,0.0,1.0,0.0,0.1111111111111111,0.005555555555555556,False,
0.6843926945856715,0.11500690108801176,0.9123486879754997,1.5369985388458718,0.06771015253520156,0.01120344884923825,4.3897572068080954,3.84154547296392,4.78646598749388,0.8250226428544374,1.0128589974590498,0.24012503425861742,0.1386234948637826,0,21.0,0.7899999999999998,32.76708924175329,20.600759248974196,1.9159322447485487,0.6347577210751596,9.884220216368282,0.8865981513981391,0.004319710148471969,2.193288710080493,0.0,0.1,0.3086458082695881,0.019943963839125698,0.0,0.0,0.1,0.1,0.0,1.0,0.0031111111111111114,0.0,1.0,0.0,0.10555555555555556,0.0,False,
0.6843926945856715,0.11500690108801176,0.9123486879754997,1.5369985388458718,0.06771015253520156,0.01120344884923825,4.3897572068080954,3.84154547296392,4.78646598749388,0.8250226428544374,1.0128589974590498,0.24012503425861742,0.1386234948637826,1,32.0,0.6799999999999999,49.85719593850261,31.953501859760912,2.919515801521599,0.6493684247081649,11.71661134509127,0.7165857915103004,0.0,2.004999828433568,0.0,0.06666666666666667,0.4315721957613113,0.018276397306680996,0.0,0.0,0.16666666666666666,0.16666666666666666,0.0,1.0,0.003388888888888889,0.0,1.0,0.0,0.11666666666666667,0.0,False,
0.6843926945856715,0.11500690108801176,0.9123486879754997,1.5369985388458718,0.06771015253520156,0.01120344884923825,4.3897572068080954,3.84154547296392,4.78646598749388,0.8250226428544374,1.0128589974590498,0.24012503425861742,0.1386234948637826,2,20.0,0.8000000000000003,31.343512676114198,19.82529747870439,1.824697375950999,0.6378808976369149,11.363027941192279,0.3917288118480337,0.012971930907020863,2.6381888604544246,0.0,0.1,0.4348512533288858,0.03369475044265798,0.0,0.0,0.13333333333333333,0.13333333333333333,0.0,1.0,0.0037777777777777775,0.0,1.0,0.0,0.12222222222222222,0.0,False,
0.909508581938143,0.049344371605389806,1.1665359448850983,1.881856330879049,0.032161971116645705,0.027837926536494313,8.14384541203515,2.2124451368259535,3.6206185213639457,0.9283896845034317,2.4712754065797773,0.1292403199939897,0.2959968653686788,0,0.0,1.0,0.0,0.0,0.0,0.6524330316989261,0.002663199194075329,0.0,0.0,1.0,0.0,0.0,0.0,0.04621163503237611,0.0,0.3821315691360027,0.0,0.0,0.0,1.0,0.005555555555555556,0.0,1.0,0.0,0.12777777777777777,0.13333333333333333,True,
0.909508581938143,0.049344371605389806,1.1665359448850983,1.881856330879049,0.032161971116645705,0.027837926536494313,8.14384541203515,2.2124451368259535,3.6206185213639457,0.9283896845034317,2.4712754065797773,0.1292403199939897,0.2959968653686788,1,0.0,1.0,0.0,0.0,0.0,0.6518279573073504,0.0029309178441083114,0.0,0.0,1.0,0.0,0.0,0.0,0.04172185058592624,0.0,0.38022368471601786,0.0,0.0,0.0,1.0,0.005555555555555556,0.0,1.0,0.0,0.1111111111111111,0.1111111111111111,True,
0.909508581938143,0.049344371605389806,1.1665359448850983,1.881856330879049,0.032161971116645705,0.027837926536494313,8.14384541203515,2.2124451368259535,3.6206185213639457,0.9283896845034317,2.4712754065797773,0.1292403199939897,0.2959968653686788,2,0.0,1.0,0.0,0.0,0.0,0.6581611151185425,0.0033153905905547033,0.0,0.0,1.0,0.0,0.0,0.0,0.05251633411667601,0.0,0.3646213935315907,0.0,0.0,0.0,1.0,0.005555555555555556,0.0,1.0,0.0,0.12777777777777777,0.10555555555555556,True,
0.8965844461224948,0.04326609892024392,1.2601658964546467,1.5799105217912586,0.05039889918113799,0.018012529642224183,8.25345370835164,2.3559674808805973,1.7176109585465609,0.5489598564195846,2.5036214950747886,0.22400916533256926,0.33279551322026274,0,10.466666666666667,0.8953333333333332,16.539216930323857,13.666188234210786,1.3189736382891963,0.8404710412281557,15.049214652925906,0.0,0.00034870101942668187,1.8893805211493246,0.0,0.13333333333333333,0.31253459745864104,0.027638502584323172,0.0,0.5305833104457054,0.13333333333333333,0.13333333333333333,0.0,1.0,0.006555555555555556,0.0,1.0,0.0,0.11666666666666667,0.016666666666666666,False,
0.8965844461224948,0.04326609892024392,1.2601658964546467,1.5799105217912586,0.05039889918113799,0.018012529642224183,8.25345370835164,2.3559674808805973,1.7176109585465609,0.5489598564195846,2.5036214950747886,0.22400916533256926,0.33279551322026274,1,11.466666666666667,0.8853333333333332,18.372497427800123,15.190467992499809,1.4449902279346614,0.8394923074636187,21.331006473361608,0.0,0.0010535140261779892,2.2932597184387205,0.0,0.1,0.32364707529493375,0.031183731884004418,0.0,0.5298395164509674,0.13333333333333333,0.13333333333333333,0.0,1.0,0.006555555555555556,0.0,1.0,0.0,0.1111111111111111,0.022222222222222223,False,
0.8965844461224948,0.04326609892024392,1.2601658964546467,1.5799105217912586,0.05039889918113799,0.018012529642224183,8.25345370835164,2.3559674808805973,1.7176109585465609,0.5489598564195846,2.5036214950747886,0.22400916533256926,0.33279551322026274,2,10.0,0.8999999999999998,14.545064367431854,12.14474486935878,1.2601658964546465,0.8494088652375581,14.329865554752823,0.0,0.008663644345900976,0.7801805571385831,0.0,0.03333333333333333,0.14050765196871462,0.029934567819561903,0.0,0.5288971671737108,0.1,0.1,0.0,1.0,0.006500000000000001,0.0,1.0,0.0,0.10555555555555556,0.016666666666666666,False,
0.6588286093965798,0.11673178308498444,1.0002481939384478,1.5274819938082684,0.014782642505907771,0.01633370833954435,9.577211198877698,4.505120720041041,4.662263793093722,0.4945826683003136,2.2741477413238114,0.46898483246609557,0.16027944618017126,0,24.166666666666668,0.7583333333333333,30.89153650681761,20.964444782198292,2.417266468684583,0.6902063335140876,103.8403625031332,0.8910065844927703,0.0,1.2464679070312306,0.0,0.23333333333333334,0.9790822302528592,0.007180924441469738,0.0,0.0,0.3,0.3,0.0,1.0,0.0011666666666666668,0.0,1.0,0.0,0.03888888888888889,0.0,False,
0.6588286093965798,0.11673178308498444,1.0002481939384478,1.5274819938082684,0.014782642505907771,0.01633370833954435,9.577211198877698,4.505120720041041,4.662263793093722,0.4945826683003136,2.2741477413238114,0.46898483246609557,0.16027944618017126,1,41.9,0.5810000000000001,60.93119581457358,41.372517308753885,4.191039932602096,0.6893660018457198,168.45969165082442,1.6895373638657065,0.0,9.727236616027712,0.0,0.03333333333333333,0.27407041197702603,0.00108823605206999,0.0,0.0,0.26666666666666666,0.26666666666666666,0.0,1.0,0.0008333333333333333,0.0,1.0,0.0,0.005555555555555556,0.0,False,
0.6588286093965798,0.11673178308498444,1.0002481939384478,1.5274819938082684,0.014782642505907771,0.01633370833954435,9.577211198877698,4.505120720041041,4.662263793093722,0.4945826683003136,2.2741477413238114,0.46898483246609557,0.16027944618017126,2,24.4,0.756,30.488271954341297,20.912080699855647,2.440605593209813,0.697827981153082,131.15583782503876,0.8673664042913212,0.0,1.2103000792656373,0.0,0.23333333333333334,1.0605403868883694,0.007662370248785503,0.0,0.0,0.3,0.3,0.0,1.0,0.0012777777777777776,0.0,1.0,0.0,0.044444444444444446,0.0,False,
0.773703887313431,0.06645447718271028,1.293357834163239,1.0592652150039137,0.014583681951108459,0.02690987413187859,4.226016566520051,4.776505403763274,2.9375420323924395,0.5023546912241801,1.4517825353944702,0.19286737349231223,0.28451855129376796,0,89.0,0.10999999999999996,95.94483201078013,124.3843270972084,11.51088472405282,1.3305359170833762,97.17048255040608,0.0,0.0,22.005916503980306,0.0,0.0,0.0,0.0,0.0,0.0,0.0,0.0,0.0,1.0,0.0002777777777777778,0.0,1.0,0.0,0.0,0.0,False,
0.773703887313431,0.06645447718271028,1.293357834163239,1.0592652150039137,0.014583681951108459,0.02690987413187859,4.226016566520051,4.776505403763274,2.9375420323924395,0.5023546912241801,1.4517825353944702,0.19286737349231223,0.28451855129376796,1,83.0,0.17,89.29445809418054,117.07000121124183,10.734870023554885,1.3379078913923952,69.84054660380272,0.0,0.0,16.689521351744208,0.0,0.0,0.0,0.0,0.0,0.0,0.0,0.0,0.0,1.0,0.0003333333333333333,0.0,1.0,0.0,0.0,0.0,False,
0.773703887313431,0.06645447718271028,1.293357834163239,1.0592652150039137,0.014583681951108459,0.02690987413187859,4.226016566520051,4.776505403763274,2.9375420323924395,0.5023546912241801,1.4517825353944702,0.19286737349231223,0.28451855129376796,2,90.0,0.1,95.45701537058453,126.66865389861235,11.640220507469156,1.3609018535304882,94.51831909480713,0.0,0.0,22.56922180708269,0.0,0.0,0.0,0.0,0.0,0.0,0.0,0.0,0.0,1.0,0.0002777777777777778,0.0,1.0,0.0,0.0,0.0,False,
0.6483918810425586,0.11199427675862919,0.924781888852325,1.0607966188855718,0.04454223889320831,0.023594738189941233,8.903433210164295,4.0578805979940835,2.5654251218609616,0.4882378777669776,1.2314408534786456,0.29414061278351855,0.32815941164758494,0,0.0,1.0,0.0,0.0,0.0,0.9230743006167506,0.028848716394690548,0.0,0.0,1.0,0.0,0.0,0.0,0.06002259433927782,0.0,0.406938747748761,0.0,0.0,0.0,1.0,0.004555555555555556,0.0,1.0,0.0,0.08888888888888889,0.05555555555555555,True,
0.6483918810425586,0.11199427675862919,0.924781888852325,1.0607966188855718,0.04454223889320831,0.023594738189941233,8.903433210164295,4.0578805979940835,2.5654251218609616,0.4882378777669776,1.2314408534786456,0.29414061278351855,0.32815941164758494,1,0.0,1.0,0.0,0.0,0.0,0.9212296635628545,0.012206871792593216,0.0,0.0,0.004939972952090699,0.0,0.0,0.0,0.04162508393881979,0.0,0.4338299814167269,0.0,0.0,0.0,1.0,0.004388888888888889,0.0,1.0,0.0,0.06666666666666667,0.016666666666666666,True,
0.6483918810425586,0.11199427675862919,0.924781888852325,1.0607966188855718,0.04454223889320831,0.023594738189941233,8.903433210164295,4.0578805979940835,2.5654251218609616,0.4882378777669776,1.2314408534786456,0.29414061278351855,0.32815941164758494,2,0.0,1.0,0.0,0.0,0.0,0.9386986368603029,0.04623522012843644,0.0,0.0,1.0,0.0,0.0,0.0,0.07223601397563899,0.0,0.5101137891618921,0.0,0.0,0.0,1.0,0.004722222222222222,0.0,1.0,0.0,0.08333333333333333,0.07222222222222222,True,
0.9124148232237056,0.09936225001664156,0.9318732663462739,1.4316105334870133,0.031180214290534473,0.004713532943196123,11.000399239300528,3.232699654764112,2.1761052051892698,0.2604371399654788,1.0651641480497391,0.42459368369156547,0.1483310591120186,0,21.0,0.7899999999999998,30.384826887789266,20.615610534520417,1.9569338593271746,0.6864892248521871,28.49458782481628,0.01792241879118915,0.0,2.6078544107127937,0.0,0.0,0.0,0.029531845138929928,0.0,0.5469298422165684,0.0,0.0,0.0,1.0,0.005333333333333333,0.0,1.0,0.0,0.044444444444444446,0.027777777777777776,False,
0.9124148232237056,0.09936225001664156,0.9318732663462739,1.4316105334870133,0.031180214290534473,0.004713532943196123,11.000399239300528,3.232699654764112,2.1761052051892698,0.2604371399654788,1.0651641480497391,0.42459368369156547,0.1483310591120186,1,20.533333333333335,0.7946666666666667,30.163728297480112,20.461371684008473,1.913446440231015,0.6855783046547105,29.30932349742513,0.014415353951732612,0.0,1.7036131367128062,0.0,0.06666666666666667,0.3053254035256341,0.031049685352871753,0.0,0.5264828226926626,0.1,0.1,0.0,1.0,0.005277777777777778,0.0,1.0,0.0,0.05,0.022222222222222223,False,
0.9124148232237056,0.09936225001664156,0.9318732663462739,1.4316105334870133,0.031180214290534473,0.004713532943196123,11.000399239300528,3.232699654764112,2.1761052051892698,0.2604371399654788,1.0651641480497391,0.42459368369156547,0.1483310591120186,2,20.0,0.8000000000000003,28.82188064535268,19.76735434257107,1.863746532692547,0.6946446697694729,13.166317226387482,0.009550921365016233,0.0,1.2022375361221076,0.0,0.0,0.0,0.024476321189223497,0.0,0.5666505083390676,0.0,0.0,0.0,1.0,0.005333333333333333,0.0,1.0,0.0,0.03888888888888889,0.016666666666666666,False,
0.8248439476726503,0.07315682986549944,1.4449310795736001,1.4783156717397414,0.04426931887635509,0.017718021678154425,7.1372796296435865,3.4466274326305353,4.482894019344403,0.7944423992611471,2.2073728785075195,0.22773273959639764,0.15520793083727663,0,11.0,0.8900000000000001,16.528500678785193,16.735445141536378,1.5894241875309596,1.0305082231735132,17.265511220728175,0.005514715242453219,0.006947019705082154,2.51849175784956,0.0,0.1,0.43299769834162755,0.0451540453758303,0.0,0.32739234690710584,0.1,0.1,0.0,1.0,0.004944444444444445,0.0,1.0,0.0,0.1388888888888889,0.016666666666666666,False,
0.8248439476726503,0.07315682986549944,1.4449310795736001,1.4783156717397414,0.04426931887635509,0.017718021678154425,7.1372796296435865,3.4466274326305353,4.482894019344403,0.7944423992611471,2.2073728785075195,0.22773273959639764,0.15520793083727663,1,22.066666666666666,0.7793333333333334,34.631304393516636,35.08365969018359,3.188481248925743,1.029197997276715,30.939991885017477,0.06487402507754256,0.0,2.8634884171279107,0.0,0.1,0.936158129028908,0.037865864142665115,0.0,0.4079528221657088,0.16666666666666666,0.16666666666666666,0.0,1.0,0.005277777777777778,0.0,1.0,0.0,0.14444444444444443,0.022222222222222223,False,
0.8248439476726503,0.07315682986549944,1.4449310795736001,1.4783156717397414,0.04426931887635509,0.017718021678154425,7.1372796296435865,3.4466274326305353,4.482894019344403,0.7944423992611471,2.2073728785075195,0.22773273959639764,0.15520793083727663,2,18.0,0.8200000000000001,26.04334471663153,26.6622546145981,2.60087594323248,1.0426870883110106,33.62490427052726,0.009382595660532981,0.014270448709979408,3.297051712224693,0.0,0.06666666666666667,0.6077522201964404,0.03468308372449576,0.0,0.33264062717105064,0.16666666666666666,0.16666666666666666,0.0,1.0,0.0055000000000000005,0.0,1.0,0.0,0.14444444444444443,0.016666666666666666,False,
0.7860020489559931,0.10162820511944552,1.0756956163724707,1.0892101000701768,0.06318449278676871,0.006488384653270318,7.011350110209364,4.302391382566418,2.0884541244606782,0.42350030886994927,2.2986051092120094,0.14115810180536467,0.24131714648657718,0,2.066666666666667,0.9793333333333333,1.414213275582228,1.4441302514661816,0.24382433971109335,1.0504607182883468,12.28744569778838,0.0184410579771089,1.211635127875731,2.390737416875411,0.0,0.16666666666666666,0.9423032483092558,0.07374216082779068,0.0,0.7326341878531788,0.4666666666666667,0.3333333333333333,0.13333333333333333,1.0,0.007833333333333333,0.010555555555555556,1.0,0.0,0.2222222222222222,0.03888888888888889,False,
0.7860020489559931,0.10162820511944552,1.0756956163724707,1.0892101000701768,0.06318449278676871,0.006488384653270318,7.011350110209364,4.302391382566418,2.0884541244606782,0.42350030886994927,2.2986051092120094,0.14115810180536467,0.24131714648657718,1,0.0,1.0,2.407202522394254e-06,2.4380217834543033e-06,0.0,1.043211647750104,0.7335248353123082,0.0,0.0,0.9721426245187808,0.0,0.0,0.0,0.06530811587546853,0.0,0.8969341864381488,0.5666666666666667,0.5666666666666667,0.0,1.0,0.006333333333333333,0.0,1.0,0.0,0.07777777777777778,0.06666666666666667,True,
0.7860020489559931,0.10162820511944552,1.0756956163724707,1.0892101000701768,0.06318449278676871,0.006488384653270318,7.011350110209364,4.302391382566418,2.0884541244606782,0.42350030886994927,2.2986051092120094,0.14115810180536467,0.24131714648657718,2,0.0,1.0,0.0,0.0,0.0,1.062350779847185,0.9198441255609965,0.0,0.0,0.9999999999999999,0.0,0.0,0.0,0.05898013205915193,0.0,0.8163930565932941,0.0,0.0,0.0,1.0,0.005388888888888888,0.0,1.0,0.0,0.07222222222222222,0.044444444444444446,True,
0.7341119116605836,0.08049379961015823,1.0997122140381843,1.7613312369079432,0.03786688367209107,0.014748831727139172,10.881787826194286,3.023630800110899,2.3501162944401743,0.8058020379621444,1.0985212831552682,0.12404332708978924,0.3184399910695011,0,0.0,1.0,0.0,0.0,0.0,0.6574030609571139,0.028284184710896824,0.0,0.0,1.0,0.0,0.0,0.0,0.05954769775503852,0.0,0.6935917242613072,0.0,0.0,0.0,1.0,0.005444444444444444,0.0,1.0,0.0,0.08333333333333333,0.05555555555555555,True,
0.7341119116605836,0.08049379961015823,1.0997122140381843,1.7613312369079432,0.03786688367209107,0.014748831727139172,10.881787826194286,3.023630800110899,2.3501162944401743,0.8058020379621444,1.0985212831552682,0.12404332708978924,0.3184399910695011,1,0.0,1.0,4.6646426772545246e-61,3.041503322198376e-61,0.0,0.6567388989863294,0.008765415270318893,8.391193567952837e-62,0.0,1.0413497420995117,0.0,0.0,0.0,0.045971597632110256,0.0,0.7110613562122203,0.0,0.0,0.0,1.0,0.005833333333333334,0.0016666666666666666,1.0,0.0,0.10555555555555556,0.03333333333333333,True,
0.7341119116605836,0.08049379961015823,1.0997122140381843,1.7613312369079432,0.03786688367209107,0.014748831727139172,10.881787826194286,3.023630800110899,2.3501162944401743,0.8058020379621444,1.0985212831552682,0.12404332708978924,0.3184399910695011,2,10.0,0.8999999999999998,17.634295291352164,11.603413125037083,1.0997122140381843,0.663604976443398,13.666458051242946,0.003608711355392769,0.0,1.2841291445852476,0.0,0.03333333333333333,0.10191421951786127,0.04316091411543474,0.0,0.7023974743249124,0.03333333333333333,0.03333333333333333,0.0,1.0,0.005833333333333334,0.0,1.0,0.0,0.08888888888888889,0.03333333333333333,False,
0.7956219630393829,0.09038799378415724,1.2347155477985086,1.491698886062951,0.040491496261653256,0.01759772510650575,8.934504018835772,4.379469501999287,2.611318755355651,0.5003862336987808,2.604264041033928,0.25826490766181237,0.0943328074323066,0,57.1,0.429,89.22949875909246,77.30565577423324,7.050225777929485,0.8785435027137697,42.21215604018343,0.2825446105337257,0.0,3.8382562443447132,0.0,0.1,0.9864739665800462,0.024677785104637966,0.0,1.0080252895531892,0.2,0.2,0.0,1.0,0.004944444444444445,0.0,1.0,0.0,0.07777777777777778,0.016666666666666666,False,
0.7956219630393829,0.09038799378415724,1.2347155477985086,1.491698886062951,0.040491496261653256,0.01759772510650575,8.934504018835772,4.379469501999287,2.611318755355651,0.5003862336987808,2.604264041033928,0.25826490766181237,0.0943328074323066,1,56.6,0.43400000000000005,88.95094994892285,76.8293093898789,6.98849000053956,0.8754135314088718,1.0663789502389265,0.30671703374264153,0.0,0.1362309739185248,0.0,0.0,0.0,0.022592679081636393,0.0,0.9856290317868599,0.0,0.0,0.0,1.0,0.0045000000000000005,0.0,1.0,0.0,0.05,0.016666666666666666,False,
0.7956219630393829,0.09038799378415724,1.2347155477985086,1.491698886062951,0.040491496261653256,0.01759772510650575,8.934504018835772,4.379469501999287,2.611318755355651,0.5003862336987808,2.604264041033928,0.25826490766181237,0.0943328074323066,2,55.03333333333333,0.4496666666666666,86.83884515205649,75.17778236480294,6.795051231384459,0.8829238682088681,47.766443217358315,0.3092895601800956,0.0,4.3513899660105055,0.0,0.13333333333333333,1.3147583946950827,0.02462648487934325,0.0,1.004971469533349,0.23333333333333334,0.23333333333333334,0.0,1.0,0.005388888888888888,0.0,1.0,0.0,0.12222222222222222,0.011111111111111112,False,
0.6164654327517339,0.08419959298097135,1.0775551093026026,1.5322507739122986,0.05534043648420349,0.012146816020028012,6.296259422183386,3.016148846087305,4.4520491171786425,0.5310308283329124,2.5175389966414823,0.37388780327668614,0.18797362812795865,0,49.0,0.51,76.52871480308954,58.08376970441181,5.280020035582755,0.7712757607554842,24.77432119683696,2.462065285577924,0.0,4.021370315956948,0.0,0.1,0.5960530619672866,0.012070127644971156,0.0,0.0,0.16666666666666666,0.16666666666666666,0.0,1.0,0.0034999999999999996,0.0,1.0,0.0,0.10555555555555556,0.0,False,
0.6164654327517339,0.08419959298097135,1.0775551093026026,1.5322507739122986,0.05534043648420349,0.012146816020028012,6.296259422183386,3.016148846087305,4.4520491171786425,0.5310308283329124,2.5175389966414823,0.37388780327668614,0.18797362812795865,1,23.0,0.7699999999999999,36.351825928576226,26.7701051681688,2.478376751395986,0.7509866214292045,14.522838463748425,1.3144011085589933,0.029932597391096934,1.9411012091311102,0.0,0.06666666666666667,0.3739290372106106,0.016830507055247232,0.0,0.0,0.13333333333333333,0.13333333333333333,0.0,1.0,0.003611111111111111,0.0,1.0,0.0,0.1,0.0,False,
0.6164654327517339,0.08419959298097135,1.0775551093026026,1.5322507739122986,0.05534043648420349,0.012146816020028012,6.296259422183386,3.016148846087305,4.4520491171786425,0.5310308283329124,2.5175389966414823,0.37388780327668614,0.18797362812795865,2,51.0,0.49000000000000005,77.97363523704888,59.90998693487173,5.49553105744327,0.7809651458088228,26.297738540129842,1.5949834767596938,0.0,3.7015224711300436,0.0,0.1,0.5950775836483794,0.010783767790868468,0.0,0.0,0.23333333333333334,0.23333333333333334,0.0,1.0,0.003333333333333333,0.0,1.0,0.0,0.1,0.0,False,
0.8655774322426011,0.05057942200314662,1.1028800200049567,1.701055784211564,0.03555568157972126,0.0211861636349048,6.260232670011437,4.2769742763456975,4.618328342716554,0.7297112129265954,2.1848296845935398,0.1589219893559059,0.33340956420886686,0,0.0,1.0,0.0,0.0,0.0,0.6828138662992799,0.5568449938023722,0.0,0.0,0.9999999999999997,0.0,0.0,0.0,0.043624768108715364,0.0,1.0431988969218,0.0,0.0,0.0,1.0,0.005,0.0,1.0,0.0,0.05,0.16666666666666666,True,
0.8655774322426011,0.05057942200314662,1.1028800200049567,1.701055784211564,0.03555568157972126,0.0211861636349048,6.260232670011437,4.2769742763456975,4.618328342716554,0.7297112129265954,2.1848296845935398,0.1589219893559059,0.33340956420886686,1,0.0,1.0,4.2302959610734926e-07,2.851316184230465e-07,0.0,0.6820920641266756,1.9246481832683828,0.0,0.0,0.9999999999999998,0.0,0.06666666666666667,1.2688357019825551e-05,0.05966209525928123,0.06666666666666667,1.0510332255340467,0.06666666666666667,0.06666666666666667,0.0,1.0,0.0051666666666666675,0.0,1.0,0.0,0.06666666666666667,0.17222222222222222,True,
0.8655774322426011,0.05057942200314662,1.1028800200049567,1.701055784211564,0.03555568157972126,0.0211861636349048,6.260232670011437,4.2769742763456975,4.618328342716554,0.7297112129265954,2.1848296845935398,0.1589219893559059,0.33340956420886686,2,0.0,1.0,0.0,0.0,0.0,0.689505807582569,0.0021796076039782,0.0,0.0,1.0,0.0,0.0,0.0,0.04513385047684573,0.0,1.0306404473821829,0.0,0.0,0.0,1.0,0.005,0.0,1.0,0.0,0.05555555555555555,0.15555555555555556,True,
0.6864358547754572,0.06418351547866905,1.1320045366252922,1.057276384717556,0.02687450429593062,0.015199552334114682,5.283539419456339,3.7118162429854866,2.7053196420714554,0.5767324640857122,1.5966875335758277,0.36852340366938474,0.06112475034268947,0,38.03333333333333,0.6196666666666667,41.6147918395941,45.928434789280274,4.305390587631529,1.1337432320118215,17.681380647248385,0.5378611291755908,0.0,2.708313695412684,0.0,0.03333333333333333,0.11892841335010161,0.004309304225881534,0.0,0.0,0.03333333333333333,0.03333333333333333,0.0,1.0,0.001388888888888889,0.0,1.0,0.0,0.05,0.0,False,
0.6864358547754572,0.06418351547866905,1.1320045366252922,1.057276384717556,0.02687450429593062,0.015199552334114682,5.283539419456339,3.7118162429854866,2.7053196420714554,0.5767324640857122,1.5966875335758277,0.36852340366938474,0.06112475034268947,1,45.333333333333336,0.5466666666666665,49.489431505991845,54.65053328635566,5.131753899367993,1.131467005096215,30.34655895721449,0.6093568373259214,0.0,2.8914197291873602,0.0,0.03333333333333333,0.1590285967665021,0.003011582988392864,0.0,0.0,0.06666666666666667,0.06666666666666667,0.0,1.0,0.0012777777777777776,0.0,1.0,0.0,0.044444444444444446,0.0,False,
0.6864358547754572,0.06418351547866905,1.1320045366252922,1.057276384717556,0.02687450429593062,0.015199552334114682,5.283539419456339,3.7118162429854866,2.7053196420714554,0.5767324640857122,1.5966875335758277,0.36852340366938474,0.06112475034268947,2,52.93333333333333,0.4706666666666665,58.816568305696094,65.85551123974099,5.992077347203216,1.1530124126092989,18.24119629209635,0.7355187667903322,0.0,3.7196332482217773,0.0,0.03333333333333333,0.18143041054792608,0.001709437005526683,0.0,0.0,0.03333333333333333,0.03333333333333333,0.0,1.0,0.0010555555555555555,0.0,1.0,0.0,0.022222222222222223,0.0,False,
0.9106819210814977,0.042685102757452895,1.3817252634387611,1.5509655336101256,0.035710896315201954,0.009823777373768078,11.095346791716729,2.3622743296898046,3.3103375263991874,0.26905511625341405,2.34220100611204,0.3813872668744245,0.11131175710418256,0,21.0,0.7899999999999998,33.9512275215187,31.34637868708673,2.9016230532213982,0.9388833895920285,5.034312932006541,0.029135905798939352,0.0,0.4642773387594443,0.0,0.0,0.0,0.030242060401517914,0.0,0.29993562462741197,0.0,0.0,0.0,1.0,0.005,0.0,1.0,0.0,0.05555555555555555,0.011111111111111112,False,
0.9106819210814977,0.042685102757452895,1.3817252634387611,1.5509655336101256,0.035710896315201954,0.009823777373768078,11.095346791716729,2.3622743296898046,3.3103375263991874,0.26905511625341405,2.34220100611204,0.3813872668744245,0.11131175710418256,1,22.0,0.7800000000000001,35.306722178919124,32.615693034174086,3.0397955795652747,0.9377630907543624,19.59030757168506,0.045896629319181544,0.0,1.78472085019989,0.0,0.0,0.0,0.03177832492732482,0.0,0.31262597369418493,0.0,0.0,0.0,1.0,0.004944444444444445,0.0,1.0,0.0,0.044444444444444446,0.016666666666666666,False,
0.9106819210814977,0.042685102757452895,1.3817252634387611,1.5509655336101256,0.035710896315201954,0.009823777373768078,11.095346791716729,2.3622743296898046,3.3103375263991874,0.26905511625341405,2.34220100611204,0.3813872668744245,0.11131175710418256,2,18.0,0.8200000000000001,26.87598962419579,25.076570465872454,2.4871054741897702,0.9490756738211831,26.26730209942919,0.020658768193623014,0.0,2.3928238642547033,0.0,0.0,0.0,0.02461897376354649,0.0,0.23266691049688945,0.0,0.0,0.0,1.0,0.005,0.0,1.0,0.0,0.07222222222222222,0.005555555555555556,False,
0.7724759133328492,0.07435530950383874,1.3450946025088943,1.5661436123762393,0.04640025958982427,0.01657066557720638,7.009669677747539,4.639956613213552,3.996782335560241,0.8794898829283436,1.551894023644598,0.4678698514286872,0.19538006008956912,0,0.0,1.0,0.0,0.0,0.0,0.9050634616101182,0.021446484211890982,0.0,0.0,1.0,0.0,0.0,0.0,0.07390548309163406,0.0,0.7735799843414185,0.0,0.0,0.0,1.0,0.004666666666666667,0.0,1.0,0.0,0.09444444444444444,0.11666666666666667,True,
0.7724759133328492,0.07435530950383874,1.3450946025088943,1.5661436123762393,0.04640025958982427,0.01657066557720638,7.009669677747539,4.639956613213552,3.996782335560241,0.8794898829283436,1.551894023644598,0.4678698514286872,0.19538006008956912,1,0.0,1.0,0.0,0.0,0.0,0.9039972938007624,0.05507090084372613,0.0,0.0,1.0,0.0,0.0,0.0,0.06206963182504124,0.0,0.6774643546704505,0.0,0.0,0.0,1.0,0.004333333333333333,0.0,1.0,0.0,0.09444444444444444,0.05555555555555555,True,
0.7724759133328492,0.07435530950383874,1.3450946025088943,1.5661436123762393,0.04640025958982427,0.01657066557720638,7.009669677747539,4.639956613213552,3.996782335560241,0.8794898829283436,1.551894023644598,0.4678698514286872,0.19538006008956912,2,0.0,1.0,0.0,0.0,0.0,0.914782441206312,0.015732324853351805,0.0,0.0,0.7942439495223004,0.0,0.0,0.0,0.07388957720467113,0.0,0.8431938567602905,0.0,0.0,0.0,1.0,0.004666666666666667,0.0,1.0,0.0,0.08888888888888889,0.12222222222222222,True,
0.7398065941391507,0.09530503793236555,1.2666617733871446,1.9007871104326086,0.0178269043601733,0.021749955378258676,6.863393273781613,2.644813358862688,2.1563536757844965,0.8498044167376589,2.882678296548846,0.10876456913984615,0.11307587679163639,0,52.0,0.4800000000000001,98.48502092275417,68.84668828905521,6.586641221613152,0.7072140485704911,165.89480114460824,1.0773260122632375,0.0,35.66414781846491,0.0,0.0,0.0,0.0,0.0,0.0,0.0,0.0,0.0,1.0,0.0002777777777777778,0.0,1.0,0.0,0.0,0.0,False,
0.7398065941391507,0.09530503793236555,1.2666617733871446,1.9007871104326086,0.0178269043601733,0.021749955378258676,6.863393273781613,2.644813358862688,2.1563536757844965,0.8498044167376589,2.882678296548846,0.10876456913984615,0.11307587679163639,1,55.0,0.44999999999999984,103.80644354370335,72.41353641940867,6.9666397536292965,0.7061865894962882,178.37272605026095,1.1791556499130302,0.0,37.950761178795645,0.0,0.0,0.0,0.0,0.0,0.0,0.0,0.0,0.0,1.0,0.00022222222222222223,0.0,1.0,0.0,0.0,0.0,False,
0.7398065941391507,0.09530503793236555,1.2666617733871446,1.9007871104326086,0.0178269043601733,0.021749955378258676,6.863393273781613,2.644813358862688,2.1563536757844965,0.8498044167376589,2.882678296548846,0.10876456913984615,0.11307587679163639,2,56.0,0.43999999999999984,105.78520319753281,74.15687275792904,7.093305930968008,0.7115985839722255,186.2768091400182,1.1581142813003626,0.0,44.55139531047328,0.0,0.0,0.0,0.0,0.0,0.0,0.0,0.0,0.0,1.0,0.00011111111111111112,0.0,1.0,0.0,0.0,0.0,False,
0.9181881410918188,0.05253745780513065,0.9394221025028949,1.5956808375473646,0.058905328911092306,0.005139822059310681,8.492962563095904,4.152256219330086,2.438452063250536,0.47151756175923976,2.7382294903841746,0.46231953430608974,0.1725208724233594,0,82.0,0.18,132.69094485993227,84.01704705538893,7.70326124052374,0.6456089980537031,41.355331191151706,0.0,0.0,2.921964478907299,0.0,0.13333333333333333,1.096640984163037,0.024027693511018373,0.0,1.1360052554475206,0.3,0.3,0.0,1.0,0.008055555555555555,0.0,1.0,0.0,0.13333333333333333,0.011111111111111112,False,
0.9181881410918188,0.05253745780513065,0.9394221025028949,1.5956808375473646,0.058905328911092306,0.005139822059310681,8.492962563095904,4.152256219330086,2.438452063250536,0.47151756175923976,2.7382294903841746,0.46231953430608974,0.1725208724233594,1,22.0,0.7800000000000001,36.94156533398932,22.5255627244059,2.0667286255063693,0.6195967235561787,1.4504057798738887,0.0,0.0,0.17209985131698163,0.0,0.0,0.0,0.024335039136731747,0.0,1.0692754415772538,0.0,0.0,0.0,1.0,0.005555555555555556,0.0,1.0,0.0,0.027777777777777776,0.011111111111111112,False,
0.9181881410918188,0.05253745780513065,0.9394221025028949,1.5956808375473646,0.058905328911092306,0.005139822059310681,8.492962563095904,4.152256219330086,2.438452063250536,0.47151756175923976,2.7382294903841746,0.46231953430608974,0.1725208724233594,2,54.333333333333336,0.4566666666666665,90.66623043258895,55.913583811818086,5.104193423599066,0.6316486303361114,29.50150054720169,0.0,0.0,3.423879420235713,0.0,0.2,0.971720676454966,0.03139263649957883,0.0,1.0588688332268743,0.26666666666666666,0.26666666666666666,0.0,1.0,0.007166666666666667,0.0,1.0,0.0,0.16111111111111112,0.011111111111111112,False,
0.7611135290783924,0.06270205383313818,1.2447464987762444,1.2648127343428495,0.053704434007224716,0.004300895545611697,8.945159072498296,2.8143736817798675,1.8026079362541834,0.3349444816113366,1.4141671805714018,0.24078889694987318,0.06449625986257558,0,61.0,0.39000000000000007,79.33592493094329,82.67214890929921,7.592953642535092,1.053645788242371,43.29691682542421,0.5291223342705554,0.0,4.244517113493035,0.0,0.13333333333333333,0.8543878332256846,0.018789468885892963,0.0,0.35731761584939165,0.23333333333333334,0.23333333333333334,0.0,1.0,0.006166666666666667,0.0,1.0,0.0,0.12222222222222222,0.005555555555555556,False,
0.7611135290783924,0.06270205383313818,1.2447464987762444,1.2648127343428495,0.053704434007224716,0.004300895545611697,8.945159072498296,2.8143736817798675,1.8026079362541834,0.3349444816113366,1.4141671805714018,0.24078889694987318,0.06449625986257558,1,60.166666666666664,0.3983333333333335,78.47267944262461,81.19412365501104,7.489224767637073,1.0466710192176627,38.103012623893875,0.523802539138864,0.0,3.1044136247273553,0.0,0.13333333333333333,0.8495509676358438,0.02460364714666727,0.0,0.3228086324613696,0.3,0.3,0.0,1.0,0.0064444444444444445,0.0,1.0,0.0,0.1111111111111111,0.011111111111111112,False,
0.7611135290783924,0.06270205383313818,1.2447464987762444,1.2648127343428495,0.053704434007224716,0.004300895545611697,8.945159072498296,2.8143736817798675,1.8026079362541834,0.3349444816113366,1.4141671805714018,0.24078889694987318,0.06449625986257558,2,56.7,0.43299999999999994,73.38120431414903,77.2238785794373,7.057712648061306,1.0670923516023987,43.687118849668586,0.4409540959082385,0.0,4.462673528480929,0.0,0.2,1.274202679444268,0.02234384723466191,0.0,0.29489074376223995,0.36666666666666664,0.36666666666666664,0.0,1.0,0.006277777777777778,0.0,1.0,0.0,0.12777777777777777,0.011111111111111112,False,
0.8098065907113501,0.11423660183871677,0.9608896927253443,1.0040235192566522,0.06265871424703721,0.01826977270250519,4.77101641104697,2.929281056558394,3.393640691962305,0.692831770373433,2.426352955273003,0.16280949607328934,0.3446705456131645,0,0.0,1.0,0.0,0.0,0.0,1.0143912959177195,0.30380344419126776,0.0,0.0,0.9999999999999998,0.0,0.0,0.0,0.052935421895023003,0.0,0.4334280961104766,0.0,0.0,0.0,1.0,0.005222222222222223,0.0,1.0,0.0,0.05555555555555555,0.07777777777777778,True,
0.8098065907113501,0.11423660183871677,0.9608896927253443,1.0040235192566522,0.06265871424703721,0.01826977270250519,4.77101641104697,2.929281056558394,3.393640691962305,0.692831770373433,2.426352955273003,0.16280949607328934,0.3446705456131645,1,0.0,1.0,0.0,0.0,0.0,1.0122004946517178,0.30102141324240234,0.0,0.0,1.0,0.0,0.0,0.0,0.0510713736408268,0.0,0.4442168370736704,0.0,0.0,0.0,1.0,0.005333333333333333,0.0,1.0,0.0,0.06111111111111111,0.07777777777777778,True,
0.8098065907113501,0.11423660183871677,0.9608896927253443,1.0040235192566522,0.06265871424703721,0.01826977270250519,4.77101641104697,2.929281056558394,3.393640691962305,0.692831770373433,2.426352955273003,0.16280949607328934,0.3446705456131645,2,0.0,1.0,0.0,0.0,0.0,1.0327801615425325,0.5630480265572309,0.0,0.0,0.9999999999999998,0.0,0.0,0.0,0.060257448724390233,0.0,0.4234428350319543,0.0,0.0,0.0,1.0,0.005333333333333333,0.0,1.0,0.0,0.06666666666666667,0.07777777777777778,True,
0.7701045384512994,0.05830066668319409,0.9285432618155799,1.9351077995737445,0.03603325731181414,0.007365093296174507,5.11554412732514,4.1739575028807865,3.0939897264045157,0.8721745118052733,1.8225022923634913,0.3219648469990979,0.34517460398529404,0,0.0,1.0,0.0,0.0,0.0,0.5049594792481711,0.0033591169085602324,0.0,0.0,1.0,0.0,0.0,0.0,0.047488376394388826,0.0,0.7400883315712979,0.0,0.0,0.0,1.0,0.004555555555555556,0.0,1.0,0.0,0.06111111111111111,0.16111111111111112,True,
0.7701045384512994,0.05830066668319409,0.9285432618155799,1.9351077995737445,0.03603325731181414,0.007365093296174507,5.11554412732514,4.1739575028807865,3.0939897264045157,0.8721745118052733,1.8225022923634913,0.3219648469990979,0.34517460398529404,1,0.0,1.0,0.0,0.0,0.0,0.5045076794236607,0.004550243526879865,0.0,0.0,1.0000000000000002,0.0,0.0,0.0,0.05600479832681512,0.0,0.6428755219779958,0.0,0.0,0.0,1.0,0.0045000000000000005,0.0,1.0,0.0,0.07222222222222222,0.13333333333333333,True,
0.7701045384512994,0.05830066668319409,0.9285432618155799,1.9351077995737445,0.03603325731181414,0.007365093296174507,5.11554412732514,4.1739575028807865,3.0939897264045157,0.8721745118052733,1.8225022923634913,0.3219648469990979,0.34517460398529404,2,0.0,1.0,2.757589232477669e-07,1.3913191676269286e-07,0.0,0.5092613571180298,4.838102294016161,0.0,0.0,1.0,0.0,0.03333333333333333,1.3913191676269286e-07,0.048672117085452694,0.03333333333333333,0.920024163371447,0.03333333333333333,0.03333333333333333,0.0,1.0,0.005055555555555555,0.0,1.0,0.0,0.05555555555555555,0.16111111111111112,True,
0.7032928529919099,0.07588627860986434,1.0208874010561597,0.9998260839040737,0.06921117942593344,0.012121205209441162,7.388847787930175,2.7330651052259443,1.942567397281392,0.2663361684294551,1.1640538491181787,0.08861194738313413,0.11592093430336772,0,49.56666666666667,0.5043333333333334,52.262218615453286,55.31536935745911,5.060198551235032,1.0848588032369442,18.029916773246004,0.4119154301173749,0.004112746919546758,2.4425118378647577,0.0,0.06666666666666667,0.3371305338059384,0.022579349322390124,0.0,0.22233698362171586,0.1,0.1,0.0,1.0,0.005666666666666666,0.0,1.0,0.0,0.10555555555555556,0.011111111111111112,False,
0.7032928529919099,0.07588627860986434,1.0208874010561597,0.9998260839040737,0.06921117942593344,0.012121205209441162,7.388847787930175,2.7330651052259443,1.942567397281392,0.2663361684294551,1.1640538491181787,0.08861194738313413,0.11592093430336772,1,33.1,0.6690000000000003,33.94637227564993,36.09826903902475,3.3791372974958884,1.0892487773764084,18.789754030925984,0.2793127903575949,0.0,1.9387731336031322,0.0,0.1,0.5181904269547971,0.025397475139294072,0.0,0.2732039528943944,0.23333333333333334,0.23333333333333334,0.0,1.0,0.006333333333333333,0.0,1.0,0.0,0.11666666666666667,0.011111111111111112,False,
0.7032928529919099,0.07588627860986434,1.0208874010561597,0.9998260839040737,0.06921117942593344,0.012121205209441162,7.388847787930175,2.7330651052259443,1.942567397281392,0.2663361684294551,1.1640538491181787,0.08861194738313413,0.11592093430336772,2,60.5,0.39499999999999985,62.72703910561069,67.42998788526566,6.176368776389768,1.1040379784746088,24.970572317618497,0.2518934196830831,0.0,2.4858519873451197,0.0,0.13333333333333333,0.7815878043021127,0.026548607307881115,0.0,0.22940196499712928,0.3333333333333333,0.3333333333333333,0.0,1.0,0.006666666666666666,0.0,1.0,0.0,0.1388888888888889,0.011111111111111112,False,
0.7236494513023974,0.05590849203025848,1.274397794028772,1.3034120796138646,0.0259003201281578,0.0033478765310560113,8.439567749082777,3.249773376258773,1.915679508592925,0.704833575158205,2.600979056909801,0.0624811342095145,0.1963567525643215,0,11.0,0.8900000000000001,14.567611912817219,14.65692724351741,1.4018375734316493,1.0321865276040885,7.426395329680058,0.00604203701388282,0.0,0.8882659006694941,0.0,0.0,0.0,0.04551265753445135,0.0,0.748383582803624,0.0,0.0,0.0,1.0,0.005555555555555556,0.0,1.0,0.0,0.1111111111111111,0.03333333333333333,False,
0.7236494513023974,0.05590849203025848,1.274397794028772,1.3034120796138646,0.0259003201281578,0.0033478765310560113,8.439567749082777,3.249773376258773,1.915679508592925,0.704833575158205,2.600979056909801,0.0624811342095145,0.1963567525643215,1,0.0,1.0,3.226170345598972e-07,3.2497733762587727e-07,0.0,1.0306330208488206,2.5659177224463554,0.0,0.0,0.4202723289047322,0.0,0.1,0.1335512788657368,0.05978029166742794,0.0,0.7431830793024549,0.1,0.1,0.0,1.0,0.0057777777777777775,0.0005555555555555556,1.0,0.0,0.14444444444444443,0.03888888888888889,True,
0.7236494513023974,0.05590849203025848,1.274397794028772,1.3034120796138646,0.0259003201281578,0.0033478765310560113,8.439567749082777,3.249773376258773,1.915679508592925,0.704833575158205,2.600979056909801,0.0624811342095145,0.1963567525643215,2,2.1333333333333333,0.9786666666666667,1.6825598466667093,1.7254618930239125,0.29311149262661756,1.049688614114495,10.388899382221323,0.04512025591719207,0.8831624894735749,2.1369961369604673,0.0,0.16666666666666666,0.8003428800553809,0.07902960412347336,0.0,0.7420393130084336,0.43333333333333335,0.3,0.13333333333333333,1.0,0.006944444444444444,0.006666666666666666,1.0,0.0,0.2111111111111111,0.06111111111111111,False,
0.6878332089384236,0.037029148168641175,1.3483371915226179,0.9560003350752851,0.04014344800099825,0.004945083793181091,7.505842727774164,2.322070540569262,3.723904376141038,0.34600267242060906,2.7707766630535113,0.13647521612253496,0.14381911336716535,0,11.0,0.8900000000000001,10.84410209762395,15.450419324981578,1.4831709106748794,1.4964345891125153,1.3481337519187409,0.0,0.0,0.20188885494850695,0.0,0.0,0.0,0.027355241283764837,0.0,0.2592409199590872,0.0,0.0,0.0,1.0,0.005555555555555556,0.0,1.0,0.0,0.1111111111111111,0.011111111111111112,False,
0.6878332089384236,0.037029148168641175,1.3483371915226179,0.9560003350752851,0.04014344800099825,0.004945083793181091,7.505842727774164,2.322070540569262,3.723904376141038,0.34600267242060906,2.7707766630535113,0.13647521612253496,0.14381911336716535,1,10.0,0.8999999999999998,8.926263636933914,12.753658412750314,1.3483371915226177,1.4929683056862275,0.010506885166796815,0.0032192696247460998,0.07163332624640092,0.027808605527746444,0.0,0.0,0.0,0.04474305326208424,0.0,0.2178955001303729,0.0,0.0,0.0,1.0,0.005555555555555556,0.0,1.0,0.0,0.11666666666666667,0.022222222222222223,False,
0.6878332089384236,0.037029148168641175,1.3483371915226179,0.9560003350752851,0.04014344800099825,0.004945083793181091,7.505842727774164,2.322070540569262,3.723904376141038,0.34600267242060906,2.7707766630535113,0.13647521612253496,0.14381911336716535,2,20.766666666666666,0.7923333333333334,19.75155755661027,28.672037126985458,2.8000469010619695,1.5253053496404683,37.49632700491053,0.011267916204268221,0.010069493596249554,5.236801330289165,0.0,0.03333333333333333,0.28314168437375936,0.031909273433246975,0.0,0.23077391488185875,0.1,0.1,0.0,1.0,0.006,0.0016666666666666666,1.0,0.0,0.08888888888888889,0.022222222222222223,False,
0.6985994642609427,0.05971922181967726,1.1016816856248208,1.8531609178987463,0.03261228040724595,0.001736883765035556,5.902626791861602,3.3185541059064256,2.4872728978736274,0.5437373581298557,2.6274257103536973,0.10103697110014591,0.2692002569233285,0,0.0,1.0,0.0,0.0,0.0,0.6257553347248392,0.004831178249404733,0.0,0.0,1.0,0.0,0.0,0.0,0.057371811169880396,0.0,0.5783174293413726,0.0,0.0,0.0,1.0,0.004777777777777778,0.0,1.0,0.0,0.08333333333333333,0.07777777777777778,True,
0.6985994642609427,0.05971922181967726,1.1016816856248208,1.8531609178987463,0.03261228040724595,0.001736883765035556,5.902626791861602,3.3185541059064256,2.4872728978736274,0.5437373581298557,2.6274257103536973,0.10103697110014591,0.2692002569233285,1,10.066666666666666,0.8993333333333331,18.962582686183715,11.718789185869147,1.109026230195653,0.625163391103896,13.441793618697726,0.02584615073731783,0.007691086540722257,2.2717473835039916,0.0,0.03333333333333333,0.14703248764708438,0.027727667956641402,0.0,0.47352457741296233,0.06666666666666667,0.06666666666666667,0.0,1.0,0.004722222222222222,0.0,1.0,0.0,0.11666666666666667,0.011111111111111112,False,
0.6985994642609427,0.05971922181967726,1.1016816856248208,1.8531609178987463,0.03261228040724595,0.001736883765035556,5.902626791861602,3.3185541059064256,2.4872728978736274,0.5437373581298557,2.6274257103536973,0.10103697110014591,0.2692002569233285,2,0.0,1.0,0.0,0.0,0.0,0.6313413013355037,0.0044071347273175665,0.0,0.0,1.0000000000000002,0.0,0.0,0.0,0.056518447003593736,0.0,0.4700929366575186,0.0,0.0,0.0,1.0,0.004555555555555556,0.0,1.0,0.0,0.10555555555555556,0.07777777777777778,True,
0.7490035302846139,0.1172992182791763,1.2710108289584388,1.1801478722837253,0.031842742918173204,0.014233186918501967,6.768530810189166,3.7509775505404637,2.9826066342960775,0.9129648814574512,2.8684243557317224,0.1647176035994932,0.24637487838094052,0,0.0,1.0,0.0,0.0,0.0,1.1384279160666138,0.0050619146664061246,0.0,0.0,1.0,0.0,0.0,0.0,0.050029454083128214,0.0,0.41484620507893005,0.0,0.0,0.0,1.0,0.004,0.0,1.0,0.0,0.1,0.05555555555555555,True,
0.7490035302846139,0.1172992182791763,1.2710108289584388,1.1801478722837253,0.031842742918173204,0.014233186918501967,6.768530810189166,3.7509775505404637,2.9826066342960775,0.9129648814574512,2.8684243557317224,0.1647176035994932,0.24637487838094052,1,0.0,1.0,0.0,0.0,0.0,1.1364660048670738,0.003195622573085685,0.0,0.0,0.9999999999999998,0.0,0.0,0.0,0.07601749527062338,0.0,0.43928014639384005,0.0,0.0,0.0,1.0,0.004222222222222222,0.0,1.0,0.0,0.11666666666666667,0.10555555555555556,True,
0.7490035302846139,0.1172992182791763,1.2710108289584388,1.1801478722837253,0.031842742918173204,0.014233186918501967,6.768530810189166,3.7509775505404637,2.9826066342960775,0.9129648814574512,2.8684243557317224,0.1647176035994932,0.24637487838094052,2,0.0,1.0,0.0,0.0,0.0,1.1553586617255918,0.004532850696742396,0.0,0.0,1.0,0.0,0.0,0.0,0.0594540112243228,0.0,0.37590641029763866,0.0,0.0,0.0,1.0,0.0041111111111111105,0.0,1.0,0.0,0.1111111111111111,0.08333333333333333,True,
0.8146873145807548,0.104415497331672,0.9577863077158769,1.6605162546645134,0.06245808412428312,0.006986693860742618,6.591176684069724,4.014058244397967,3.433024526123185,0.545146492651156,1.5246623440345002,0.2390034402414069,0.29739185255247536,0,0.0,1.0,0.0,0.0,0.0,0.6075624352863223,1.3007498186897486,0.0,0.0,1.0,0.0,0.0,0.0,0.07180795090661016,0.0,0.8441216715264943,0.0,0.0,0.0,1.0,0.005444444444444444,0.0,1.0,0.0,0.07777777777777778,0.07777777777777778,True,
0.8146873145807548,0.104415497331672,0.9577863077158769,1.6605162546645134,0.06245808412428312,0.006986693860742618,6.591176684069724,4.014058244397967,3.433024526123185,0.545146492651156,1.5246623440345002,0.2390034402414069,0.29739185255247536,1,0.0,1.0,0.0,0.0,0.0,0.6068996324696337,1.2301175221794869,0.0,0.0,1.0,0.0,0.0,0.0,0.06338609000851789,0.0,0.8344818207086862,0.0,0.0,0.0,1.0,0.005388888888888888,0.0,1.0,0.0,0.07222222222222222,0.05555555555555555,True,
0.8146873145807548,0.104415497331672,0.9577863077158769,1.6605162546645134,0.06245808412428312,0.006986693860742618,6.591176684069724,4.014058244397967,3.433024526123185,0.545146492651156,1.5246623440345002,0.2390034402414069,0.29739185255247536,2,0.0,1.0,0.0,0.0,0.0,0.6136770059980902,1.0522638008451168,0.0,0.0,1.0,0.0,0.0,0.0,0.06305444445979579,0.0,0.889069984066423,0.0,0.0,0.0,1.0,0.0055000000000000005,0.0,1.0,0.0,0.06666666666666667,0.06666666666666667,True,
0.8508399557127417,0.1281335773069195,1.0040191553292512,1.513139908478377,0.05680318835892903,0.020531228493973788,8.762050261943468,3.4705300241772346,1.6928470387347718,0.4825133751016427,1.3742968753453546,0.42591293224060367,0.20212581630957252,0,31.333333333333332,0.6866666666666664,49.367225729688286,34.21741749691147,3.145926686698321,0.701731583913644,25.899359034454516,0.0,0.0,2.185603625792105,0.0,0.16666666666666666,0.6286358384808052,0.029135131237575527,0.0,0.7800501799508996,0.23333333333333334,0.23333333333333334,0.0,1.0,0.006999999999999999,0.0,1.0,0.0,0.16111111111111112,0.011111111111111112,False,
0.8508399557127417,0.1281335773069195,1.0040191553292512,1.513139908478377,0.05680318835892903,0.020531228493973788,8.762050261943468,3.4705300241772346,1.6928470387347718,0.4825133751016427,1.3742968753453546,0.42591293224060367,0.20212581630957252,1,32.233333333333334,0.6776666666666666,51.15475263007294,35.34400941626963,3.2362884106779535,0.6985691906713899,24.320255325698216,0.01999336890097229,0.0,2.5904675241739197,0.0,0.2,0.8400806704973114,0.027810987045449584,0.0,0.8126469860408346,0.26666666666666666,0.26666666666666666,0.0,1.0,0.006888888888888889,0.0,1.0,0.0,0.12777777777777777,0.016666666666666666,False,
0.8508399557127417,0.1281335773069195,1.0040191553292512,1.513139908478377,0.05680318835892903,0.020531228493973788,8.762050261943468,3.4705300241772346,1.6928470387347718,0.4825133751016427,1.3742968753453546,0.42591293224060367,0.20212581630957252,2,20.0,0.8000000000000003,30.40747186774719,21.22747186131551,2.0080383106585034,0.7072370807748908,20.908376172129092,0.0,0.0017128264517861026,2.418838791667516,0.0,0.13333333333333333,0.49116219462277677,0.0322116965243847,0.0,0.8089727002776331,0.16666666666666666,0.16666666666666666,0.0,1.0,0.006999999999999999,0.0,1.0,0.0,0.16666666666666666,0.011111111111111112,False,
0.8616578780856539,0.049176929480949275,1.3304696195873749,1.6833178980368457,0.04344462900795382,0.008586320760148373,11.173080626332132,3.60538512563462,2.220424193586773,0.3500680786869484,1.4985892104834728,0.38031732540745455,0.29319089262013226,0,10.0,0.8999999999999998,17.410751479878524,14.343006388936095,1.3304696195873755,0.8324585809929675,20.168845231826722,0.0,0.005473577246622451,1.884085770408284,0.0,0.1,0.5784863251476684,0.02972399698935145,0.0,1.2829644681546004,0.16666666666666666,0.16666666666666666,0.0,1.0,0.006333333333333333,0.0,1.0,0.0,0.09444444444444444,0.016666666666666666,False,
0.8616578780856539,0.049176929480949275,1.3304696195873749,1.6833178980368457,0.04344462900795382,0.008586320760148373,11.173080626332132,3.60538512563462,2.220424193586773,0.3500680786869484,1.4985892104834728,0.38031732540745455,0.29319089262013226,1,10.0,0.8999999999999998,17.069341215741158,14.061231820718152,1.3304696195873755,0.8315664729494875,21.138986365042317,0.0,0.006694759289570749,1.9714747043532508,0.0,0.06666666666666667,0.43392714474412614,0.027646258256237493,0.0,1.2836369240050587,0.1,0.1,0.0,1.0,0.006222222222222223,0.0,1.0,0.0,0.08333333333333333,0.016666666666666666,False,
0.8616578780856539,0.049176929480949275,1.3304696195873749,1.6833178980368457,0.04344462900795382,0.008586320760148373,11.173080626332132,3.60538512563462,2.220424193586773,0.3500680786869484,1.4985892104834728,0.38031732540745455,0.29319089262013226,2,10.0,0.8999999999999998,16.97331085288295,14.113681600828214,1.3304696195873755,0.840711644452527,17.571588649696153,0.0,0.004589808105118424,1.6652638886258397,0.0,0.1,0.4162962854607244,0.029112512805547573,0.0,1.2941096639807623,0.1,0.1,0.0,1.0,0.006222222222222223,0.0,1.0,0.0,0.08888888888888889,0.016666666666666666,False,
0.8756658373728331,0.06739620011575519,1.2908401503662528,1.5551297630389325,0.04951014623538433,0.01414899709233736,11.153330584154208,3.6498746277659326,2.7812541228302514,0.760946140277723,2.8574166481627064,0.11818371440128857,0.19114419952143488,0,81.53333333333333,0.1846666666666666,129.07365270788165,115.30414877585699,10.524650025986178,0.9042167765605584,73.43124474471534,0.0,0.0,4.712414190594204,0.0,0.16666666666666666,1.6039519891034846,0.020866372405657238,0.0,1.3689128256484429,0.36666666666666664,0.36666666666666664,0.0,1.0,0.007944444444444443,0.0,1.0,0.0,0.13333333333333333,0.011111111111111112,False,
0.8756658373728331,0.06739620011575519,1.2908401503662528,1.5551297630389325,0.04951014623538433,0.01414899709233736,11.153330584154208,3.6498746277659326,2.7812541228302514,0.760946140277723,2.8574166481627064,0.11818371440128857,0.19114419952143488,1,86.56666666666666,0.13433333333333333,137.26255581377276,122.13344856973202,11.174372901670527,0.9046670776772806,74.05596054767828,0.0,0.0,5.131943704504532,0.0,0.2,1.9998845653609278,0.021008646538164418,0.0,1.3544625164331667,0.43333333333333335,0.43333333333333335,0.0,1.0,0.007833333333333333,0.0,1.0,0.0,0.12222222222222222,0.011111111111111112,False,
0.8756658373728331,0.06739620011575519,1.2908401503662528,1.5551297630389325,0.04951014623538433,0.01414899709233736,11.153330584154208,3.6498746277659326,2.7812541228302514,0.760946140277723,2.8574166481627064,0.11818371440128857,0.19114419952143488,2,86.6,0.13399999999999998,134.52429789982608,120.45578861827454,11.178675702171747,0.9128446419366614,75.72476243707516,0.0,0.0,4.75484013329398,0.0,0.1,0.9724390871628136,0.014245395776509349,0.0,1.370603830754918,0.2,0.2,0.0,1.0,0.007055555555555556,0.0,1.0,0.0,0.08333333333333333,0.005555555555555556,False,
0.652872598028778,0.06528953762136816,0.9887803098196547,1.540795135434783,0.04270825527899881,0.021345969567194867,5.920292471299209,3.7173770593530318,2.1961220789493625,0.5907876424396241,2.5819242984086532,0.43084397670447605,0.14503434610149135,0,21.433333333333334,0.7856666666666665,34.03624141354636,22.60871618622642,2.1192857973801273,0.6765602583545368,19.034310628429107,0.42379279176800666,0.005720957462723036,3.3620161959476964,0.0,0.06666666666666667,0.34347079753210014,0.026513598547271915,0.0,0.20870653972468128,0.1,0.1,0.0,1.0,0.0036666666666666666,0.0,1.0,0.0,0.08888888888888889,0.011111111111111112,False,
0.652872598028778,0.06528953762136816,0.9887803098196547,1.540795135434783,0.04270825527899881,0.021345969567194867,5.920292471299209,3.7173770593530318,2.1961220789493625,0.5907876424396241,2.5819242984086532,0.43084397670447605,0.14503434610149135,1,22.0,0.7800000000000001,35.12602972907478,23.45204272968841,2.175316681603241,0.6791416019009219,16.49229543752626,0.5338376818529226,0.0,2.05212057256685,0.0,0.06666666666666667,0.4515863901346228,0.016670698006285248,0.0,0.25557082174800205,0.16666666666666666,0.16666666666666666,0.0,1.0,0.0037777777777777775,0.0,1.0,0.0,0.06666666666666667,0.005555555555555556,False,
0.652872598028778,0.06528953762136816,0.9887803098196547,1.540795135434783,0.04270825527899881,0.021345969567194867,5.920292471299209,3.7173770593530318,2.1961220789493625,0.5907876424396241,2.5819242984086532,0.43084397670447605,0.14503434610149135,2,19.7,0.803,30.617051265079343,20.707929052541093,1.9478972103447194,0.6982909526650058,30.874565970338956,0.386548360912906,0.0030157757831808297,5.059027245936942,0.0,0.03333333333333333,0.31382071820975,0.02450755835001878,0.0,0.27684775141685086,0.13333333333333333,0.13333333333333333,0.0,1.0,0.0035555555555555557,0.0,1.0,0.0,0.044444444444444446,0.016666666666666666,False,
0.6204386140771387,0.07151434374875643,1.1682883519703022,1.1733943306797283,0.07053237592354093,0.02399629286731166,9.64197008761577,3.9159216874560987,2.0727213633277684,0.37874601175867006,1.8395355180557924,0.45060419877704316,0.10751896149791018,0,33.0,0.6700000000000003,40.03348855066406,41.826845100351676,3.8553515615019998,1.0724604083449882,30.524741520107092,1.2335016861328032,0.0,3.365805854833696,0.0,0.3,1.362390731245206,0.03606637911099513,0.0,0.06233133122537245,0.3333333333333333,0.3333333333333333,0.0,1.0,0.004777777777777778,0.0,1.0,0.0,0.2111111111111111,0.011111111111111112,False,
0.6204386140771387,0.07151434374875643,1.1682883519703022,1.1733943306797283,0.07053237592354093,0.02399629286731166,9.64197008761577,3.9159216874560987,2.0727213633277684,0.37874601175867006,1.8395355180557924,0.45060419877704316,0.10751896149791018,1,22.0,0.7800000000000001,26.698958178768237,27.583452750873093,2.5702343743346643,1.0560093192617566,24.06192747058325,0.5431203098332467,0.0,2.6844131115164442,0.0,0.23333333333333334,0.9748991665222578,0.04092597248356147,0.0,0.10742720415537749,0.23333333333333334,0.23333333333333334,0.0,1.0,0.004666666666666667,0.0,1.0,0.0,0.18888888888888888,0.011111111111111112,False,
0.6204386140771387,0.07151434374875643,1.1682883519703022,1.1733943306797283,0.07053237592354093,0.02399629286731166,9.64197008761577,3.9159216874560987,2.0727213633277684,0.37874601175867006,1.8395355180557924,0.45060419877704316,0.10751896149791018,2,28.9,0.7110000000000002,34.22806574469011,35.92866138700103,3.376353337194173,1.0741678867172657,26.475217365764685,0.6313354778563416,0.0,2.893762518773314,0.0,0.2,0.7916684786522045,0.036067506061258456,0.0,0.07612020744353348,0.2,0.2,0.0,1.0,0.004944444444444445,0.0,1.0,0.0,0.21666666666666667,0.005555555555555556,False,
0.600912833928779,0.07791951650129156,0.9477018709765849,1.743046484671058,0.04761373011974693,0.022048202985212942,8.87940679135199,4.746571511853473,4.749783531859942,0.4773992463859853,1.5379053938413818,0.148913779176996,0.08027419549659376,0,32.0,0.6799999999999999,55.9826383786833,33.190487411565876,3.0326459871250697,0.5998403017589894,17.97251236008726,1.6750461877657397,0.013955442750294207,2.1977893617493,0.0,0.1,0.5462565996922228,0.01660283874734274,0.0,0.0,0.13333333333333333,0.13333333333333333,0.0,1.0,0.0025,0.0,1.0,0.0,0.1388888888888889,0.0,False,
0.600912833928779,0.07791951650129156,0.9477018709765849,1.743046484671058,0.04761373011974693,0.022048202985212942,8.87940679135199,4.746571511853473,4.749783531859942,0.4773992463859853,1.5379053938413818,0.148913779176996,0.08027419549659376,1,32.0,0.6799999999999999,56.936795631821646,33.043251388586405,3.0326459871250697,0.5874243141683231,22.25538581158363,1.5038042195450523,0.0,2.6419228444628398,0.0,0.13333333333333333,0.5437480692568976,0.01967567265534501,0.0,0.0,0.13333333333333333,0.13333333333333333,0.0,1.0,0.0026666666666666666,0.0,1.0,0.0,0.12777777777777777,0.0,False,
0.600912833928779,0.07791951650129156,0.9477018709765849,1.743046484671058,0.04761373011974693,0.022048202985212942,8.87940679135199,4.746571511853473,4.749783531859942,0.4773992463859853,1.5379053938413818,0.148913779176996,0.08027419549659376,2,38.0,0.62,66.01926603801844,39.33827868896081,3.601267109711022,0.6024539650243728,24.399379349400608,1.469105834587286,0.0,2.9112694407432897,0.0,0.1,0.5581898789265028,0.014733202149209652,0.0,0.0,0.13333333333333333,0.13333333333333333,0.0,1.0,0.0025,0.0,1.0,0.0,0.13333333333333333,0.0,False,
0.8674426011959937,0.10897589251636462,1.2984536687139259,1.3156849729910522,0.045850147683046266,0.024865202441062544,8.238444980085632,4.38253543983058,3.425303729636097,0.31288056039901474,1.845991444409304,0.2973082288875696,0.17111754041942534,0,0.0,1.0,1.42981246779069e-07,1.460845146610193e-07,0.0,1.0417473172813128,1.4344128978131288,0.0,0.0,0.9999999999999998,0.0,0.03333333333333333,1.460845146610193e-07,0.10531749812062424,0.03333333333333333,0.8608168385811465,0.03333333333333333,0.03333333333333333,0.0,1.0,0.005277777777777778,0.0,1.0,0.0,0.11666666666666667,0.09444444444444444,True,
0.8674426011959937,0.10897589251636462,1.2984536687139259,1.3156849729910522,0.045850147683046266,0.024865202441062544,8.238444980085632,4.38253543983058,3.425303729636097,0.31288056039901474,1.845991444409304,0.2973082288875696,0.17111754041942534,1,0.0,1.0,0.0,0.0,0.0,1.0401991518915559,0.032287504125757024,0.0,0.0,1.0,0.0,0.0,0.0,0.08305809523373998,0.0,0.8385985899695771,0.0,0.0,0.0,1.0,0.005222222222222223,0.0,1.0,0.0,0.09444444444444444,0.08888888888888889,True,
0.8674426011959937,0.10897589251636462,1.2984536687139259,1.3156849729910522,0.045850147683046266,0.024865202441062544,8.238444980085632,4.38253543983058,3.425303729636097,0.31288056039901474,1.845991444409304,0.2973082288875696,0.17111754041942534,2,10.0,0.8999999999999998,13.083293012376412,13.528213323395308,1.2984536687139259,1.05538155227979,16.310468641839222,0.015512150780640077,0.020573945978430496,2.0977874498811966,0.0,0.1,0.48503889274513756,0.05394834128222026,0.0,0.595388893914935,0.1,0.1,0.0,1.0,0.005666666666666666,0.0,1.0,0.0,0.14444444444444443,0.022222222222222223,False,
0.5848554656709981,0.06787117752273,1.2303049925422844,1.0248705340195823,0.07192346193001804,0.0010789777587641228,5.402240282211541,2.7555824193064486,4.548591454676001,0.9473257687811364,2.7013183063462956,0.3233139718920093,0.30107041292272174,0,63.93333333333333,0.3606666666666665,67.3461470780969,85.8628302011684,7.8657499189870075,1.3254416016728892,21.819921268067407,2.345118946310522,0.0004599488466172345,4.473651874220102,0.0,0.06666666666666667,0.4271386486295592,0.010418702236147956,0.0,0.0,0.13333333333333333,0.13333333333333333,0.0,1.0,0.004277777777777778,0.0,1.0,0.0,0.12777777777777777,0.0,False,
0.5848554656709981,0.06787117752273,1.2303049925422844,1.0248705340195823,0.07192346193001804,0.0010789777587641228,5.402240282211541,2.7555824193064486,4.548591454676001,0.9473257687811364,2.7013183063462956,0.3233139718920093,0.30107041292272174,1,61.0,0.39000000000000007,64.62137510938662,82.51679898893654,7.504860454507936,1.3226134120595965,24.30039279766582,1.4682037371755503,0.00683051408149246,4.1272658099851895,0.0,0.13333333333333333,1.032802750707801,0.012111479375900578,0.0,0.0,0.3,0.3,0.0,1.0,0.004277777777777778,0.0,1.0,0.0,0.1,0.0,False,
0.5848554656709981,0.06787117752273,1.2303049925422844,1.0248705340195823,0.07192346193001804,0.0010789777587641228,5.402240282211541,2.7555824193064486,4.548591454676001,0.9473257687811364,2.7013183063462956,0.3233139718920093,0.30107041292272174,2,61.0,0.39000000000000007,62.87403801724112,81.9102963472624,7.504860454507935,1.3470266108565476,22.289588680202552,1.5719883809561244,0.005136031323984661,4.396034768117193,0.0,0.06666666666666667,0.6246545588982105,0.009716187418644514,0.0,0.0,0.2,0.2,0.0,1.0,0.004833333333333334,0.0,1.0,0.0,0.11666666666666667,0.0,False,
0.6522452877948226,0.06097532266408022,1.3834507410785823,1.487694995748811,0.06537220063115678,0.003395059910771122,6.021775750589804,4.452118848241474,1.965047263933251,0.6398960719340168,1.3681066671481839,0.07259069660674711,0.07493994603287349,0,31.0,0.6900000000000002,47.763338520544416,46.692143856442584,4.288697297343605,0.9894683438723447,27.760838308599794,0.7401944326076989,0.0,4.786490881145088,0.0,0.16666666666666666,0.9616867902148749,0.04032842761435544,0.0,0.41440996196839214,0.16666666666666666,0.16666666666666666,0.0,1.0,0.004277777777777778,0.0,1.0,0.0,0.14444444444444443,0.022222222222222223,False,
0.6522452877948226,0.06097532266408022,1.3834507410785823,1.487694995748811,0.06537220063115678,0.003395059910771122,6.021775750589804,4.452118848241474,1.965047263933251,0.6398960719340168,1.3681066671481839,0.07259069660674711,0.07493994603287349,1,32.0,0.6799999999999999,49.270162394230304,48.53749512811388,4.427042371451464,0.998157801262248,29.158410776290307,0.8940610642224402,0.0,5.179940822585871,0.0,0.16666666666666666,0.938252830586028,0.031064655907311056,0.0,0.5211420335529122,0.16666666666666666,0.16666666666666666,0.0,1.0,0.0044444444444444444,0.0,1.0,0.0,0.16111111111111112,0.016666666666666666,False,
0.6522452877948226,0.06097532266408022,1.3834507410785823,1.487694995748811,0.06537220063115678,0.003395059910771122,6.021775750589804,4.452118848241474,1.965047263933251,0.6398960719340168,1.3681066671481839,0.07259069660674711,0.07493994603287349,2,38.0,0.62,58.3854046482156,57.11918767685511,5.257112816098613,0.9915366080803942,25.852751653629575,0.8716408021430669,0.02297234870657436,4.505531279739008,0.0,0.1,0.8005911514765711,0.03338086852947576,0.0,0.4316396763016286,0.13333333333333333,0.13333333333333333,0.0,1.0,0.004166666666666667,0.0,1.0,0.0,0.12777777777777777,0.016666666666666666,False,
0.8698598722774409,0.09924988857936685,0.9188462938203208,1.2907484150662252,0.06600314739878611,0.021091930119702448,6.736481788192727,4.041245827027504,4.460695370316854,0.8326178861043123,1.1881366831850233,0.3888526138608348,0.28400577085146117,0,0.0,1.0,3.639624486929994e-06,2.6941638846850026e-06,0.0,0.7515989728836533,1.8212390185271057,0.0,0.0,0.8928453745287108,0.0,0.0,0.0,0.059256239992767384,0.0,0.8315790643246067,0.6666666666666666,0.6666666666666666,0.0,1.0,0.006666666666666666,0.0,1.0,0.0,0.07222222222222222,0.044444444444444446,True,
0.8698598722774409,0.09924988857936685,0.9188462938203208,1.2907484150662252,0.06600314739878611,0.021091930119702448,6.736481788192727,4.041245827027504,4.460695370316854,0.8326178861043123,1.1881366831850233,0.3888526138608348,0.28400577085146117,1,0.0,1.0,0.0,0.0,0.0,0.750452722807249,0.35845015443027994,0.0,0.0,0.273988150125459,0.0,0.0,0.0,0.05220933771467119,0.0,0.8167547989653415,0.0,0.0,0.0,1.0,0.006111111111111111,0.0011111111111111111,1.0,0.0,0.10555555555555556,0.027777777777777776,True,
0.8698598722774409,0.09924988857936685,0.9188462938203208,1.2907484150662252,0.06600314739878611,0.021091930119702448,6.736481788192727,4.041245827027504,4.460695370316854,0.8326178861043123,1.1881366831850233,0.3888526138608348,0.28400577085146117,2,10.0,0.8999999999999998,12.890782847711568,9.656213025710683,0.9188462938203207,0.7616568399000883,7.973029727264528,0.011486924799091525,0.009240646406325754,1.1712560889317791,0.0,0.06666666666666667,0.23123281633717124,0.046415238661118706,0.0,0.8270321210232012,0.06666666666666667,0.06666666666666667,0.0,1.0,0.006,0.0,1.0,0.0,0.10555555555555556,0.022222222222222223,False,
0.6136019438636151,0.09788897651312488,1.2606077312390196,0.968278692426534,0.029539140597816146,0.009235058595458173,11.47175502346513,3.2552825146200695,2.478615846587773,0.7524679543120466,2.3052504882341163,0.4109389551473973,0.2252214956108522,0,0.0,1.0,8.189690654700578e-08,1.0850941715400232e-07,0.0,1.3809492710857465,0.9443161051522057,0.0,0.0,1.0,0.0,0.03333333333333333,1.0850941715400233e-07,0.0659878726917432,0.03333333333333333,0.22397154035487965,0.03333333333333333,0.03333333333333333,0.0,1.0,0.0038333333333333336,0.0,1.0,0.0,0.15555555555555556,0.05555555555555555,True,
0.6136019438636151,0.09788897651312488,1.2606077312390196,0.968278692426534,0.029539140597816146,0.009235058595458173,11.47175502346513,3.2552825146200695,2.478615846587773,0.7524679543120466,2.3052504882341163,0.4109389551473973,0.2252214956108522,1,12.033333333333333,0.8796666666666665,12.338119649090924,16.378069466014544,1.5169313032576213,1.3778085330381622,17.05312109295399,0.6259382430413942,0.008497239496405518,1.6266445718407287,0.0,0.1,0.34493065197997963,0.017063222120313724,0.0,0.0,0.1,0.1,0.0,1.0,0.0030555555555555557,0.0,1.0,0.0,0.17222222222222222,0.0,False,
0.6136019438636151,0.09788897651312488,1.2606077312390196,0.968278692426534,0.029539140597816146,0.009235058595458173,11.47175502346513,3.2552825146200695,2.478615846587773,0.7524679543120466,2.3052504882341163,0.4109389551473973,0.2252214956108522,2,10.0,0.8999999999999998,9.207580291671542,12.407803454346242,1.2606077312390198,1.407160416067643,20.541369642217308,0.008012945449591084,0.0,1.2761204393729848,0.0,0.06666666666666667,0.214430898958348,0.04004751528178427,0.0,0.0944126825987766,0.1,0.1,0.0,1.0,0.0041111111111111105,0.0011111111111111111,1.0,0.0,0.16666666666666666,0.011111111111111112,False,
0.789538064549342,0.1293303117908633,0.9517973342731505,1.1721433818535516,0.022583933158976516,0.019072650763342643,6.991586671254746,4.40731989454642,2.625337218447727,0.2508782299452632,1.6654019719559587,0.4773379547352915,0.3136613693414962,0,0.0,1.0,0.0,0.0,0.0,0.8584181981353467,0.002039712242153436,0.0,0.0,1.0,0.0,0.0,0.0,0.05739240467111651,0.0,0.7938008528629817,0.0,0.0,0.0,1.0,0.004666666666666667,0.0,1.0,0.0,0.07777777777777778,0.1111111111111111,True,
0.789538064549342,0.1293303117908633,0.9517973342731505,1.1721433818535516,0.022583933158976516,0.019072650763342643,6.991586671254746,4.40731989454642,2.625337218447727,0.2508782299452632,1.6654019719559587,0.4773379547352915,0.3136613693414962,1,0.0,1.0,0.0,0.0,0.0,0.8569249268085912,3.9112955054047456,0.0,0.0,1.0,0.0,0.0,0.0,0.04794501804633468,0.0,0.8703273470933555,0.0,0.0,0.0,1.0,0.004777777777777778,0.0,1.0,0.0,0.08888888888888889,0.1111111111111111,True,
0.789538064549342,0.1293303117908633,0.9517973342731505,1.1721433818535516,0.022583933158976516,0.019072650763342643,6.991586671254746,4.40731989454642,2.625337218447727,0.2508782299452632,1.6654019719559587,0.4773379547352915,0.3136613693414962,2,0.0,1.0,1.7276974507757592e-07,1.4691066315154733e-07,0.0,0.8712888593699663,4.351976465777865,0.0,0.0,0.7852196888192869,0.0,0.03333333333333333,1.2781227694184606e-05,0.04852781085059571,0.03333333333333333,0.9907774838515286,0.06666666666666667,0.06666666666666667,0.0,1.0,0.005,0.0,1.0,0.0,0.07222222222222222,0.15,True,
0.7875246529287377,0.1005509750932231,1.1954658516079748,1.5936873214748042,0.014300728326237853,0.019150431533673382,6.183630761829017,4.554500107818406,1.8310163465485676,0.6437608586622615,1.9463737720583651,0.347546314040978,0.19001599075048348,0,85.0,0.15000000000000005,137.9935014648922,109.83914555760599,10.161459738667785,0.80623898547205,47.18799283206169,0.07798425994672879,0.0,5.75286902328915,0.0,0.0,0.0,0.0,0.0,0.0,0.0,0.0,0.0,1.0,0.0005,0.0,1.0,0.0,0.0,0.0,False,
0.7875246529287377,0.1005509750932231,1.1954658516079748,1.5936873214748042,0.014300728326237853,0.019150431533673382,6.183630761829017,4.554500107818406,1.8310163465485676,0.6437608586622615,1.9463737720583651,0.347546314040978,0.19001599075048348,1,83.0,0.17,134.54610200448562,106.9529434830731,9.922366568346195,0.8049809526057174,125.39953241431445,0.16423834710431423,0.0,20.37538422358021,0.0,0.0,0.0,0.0,0.0,0.0,0.0,0.0,0.0,1.0,0.0003333333333333333,0.0,1.0,0.0,0.0,0.0,False,
0.7875246529287377,0.1005509750932231,1.1954658516079748,1.5936873214748042,0.014300728326237853,0.019150431533673382,6.183630761829017,4.554500107818406,1.8310163465485676,0.6437608586622615,1.9463737720583651,0.347546314040978,0.19001599075048348,2,86.0,0.14,137.52037989231889,110.84875988464572,10.281006323828587,0.8161853837605161,78.18855010100258,0.06074737936887671,0.0,10.65696520877658,0.0,0.0,0.0,0.0,0.0,0.0,0.0,0.0,0.0,1.0,0.00044444444444444447,0.0,1.0,0.0,0.0,0.0,False,
0.6469169872639862,0.08514510283857646,0.9161464561383282,1.7526219387056938,0.05452687333610606,0.026249554307593796,10.76576418212791,4.334280155275598,4.341585469182139,0.5602289273650318,1.8115670929814782,0.07225758410953664,0.21542734162346694,0,0.0,1.0,0.0,0.0,0.0,0.5504070935325812,0.0245951983863506,0.0,0.0,1.0,0.0,0.0,0.0,0.06473802495607053,0.0,0.21121789173321592,0.0,0.0,0.0,1.0,0.0037222222222222223,0.0,1.0,0.0,0.1111111111111111,0.027777777777777776,True,
0.6469169872639862,0.08514510283857646,0.9161464561383282,1.7526219387056938,0.05452687333610606,0.026249554307593796,10.76576418212791,4.334280155275598,4.341585469182139,0.5602289273650318,1.8115670929814782,0.07225758410953664,0.21542734162346694,1,0.0,1.0,0.0,0.0,0.0,0.5498474366106243,0.005720289123146201,0.0,0.0,0.76778385558918,0.0,0.0,0.0,0.07123030167160188,0.0,0.22768131748040302,0.0,0.0,0.0,1.0,0.003944444444444444,0.0011111111111111111,1.0,0.0,0.10555555555555556,0.03888888888888889,True,
0.6469169872639862,0.08514510283857646,0.9161464561383282,1.7526219387056938,0.05452687333610606,0.026249554307593796,10.76576418212791,4.334280155275598,4.341585469182139,0.5602289273650318,1.8115670929814782,0.07225758410953664,0.21542734162346694,2,0.0,1.0,0.0,0.0,0.0,0.5556277992207553,0.0881487182927339,0.0,0.0,1.0,0.0,0.0,0.0,0.0869553796075222,0.0,0.2352564087173595,0.0,0.0,0.0,1.0,0.004222222222222222,0.0,1.0,0.0,0.11666666666666667,0.06111111111111111,True,
0.9117322335570033,0.03422805911129933,1.404871848563776,1.631718891649904,0.021308802879438732,0.024743991374721226,4.624312530472977,4.623405206613408,4.150714773564374,0.787973077493182,2.41505426208721,0.3764672103936033,0.24104114130658164,0,88.0,0.12000000000000002,145.36664385491423,135.21637893041776,12.362872267361231,0.9442129076199176,27.327594190527677,0.0,0.0,2.885686902494649,0.0,0.0,0.0,0.0,0.0,0.0,0.0,0.0,0.0,1.0,0.00044444444444444447,0.0,1.0,0.0,0.0,0.0,False,
0.9117322335570033,0.03422805911129933,1.404871848563776,1.631718891649904,0.021308802879438732,0.024743991374721226,4.624312530472977,4.623405206613408,4.150714773564374,0.787973077493182,2.41505426208721,0.3764672103936033,0.24104114130658164,1,83.0,0.17,137.06422398527272,127.58840767363232,11.660436343079345,0.9412220455472903,31.740569508156337,0.0,0.0,6.884809552554342,0.0,0.0,0.0,0.0009316492730910834,0.0,0.0,0.0,0.0,0.0,1.0,0.0006111111111111111,0.0,1.0,0.0,0.011111111111111112,0.0,False,
0.9117322335570033,0.03422805911129933,1.404871848563776,1.631718891649904,0.021308802879438732,0.024743991374721226,4.624312530472977,4.623405206613408,4.150714773564374,0.787973077493182,2.41505426208721,0.3764672103936033,0.24104114130658164,2,86.0,0.14,141.31551669698032,132.5967084573446,12.081897897648467,0.9474074136554125,36.783028690830335,0.0,0.0,7.111381060931537,0.0,0.03333333333333333,0.3609915883597511,0.00040798890180302356,0.0,0.0,0.06666666666666667,0.06666666666666667,0.0,1.0,0.0005,0.0,1.0,0.0,0.005555555555555556,0.0,False,
0.6455341712440985,0.09175928524506138,1.3769082423231742,1.2000025209905967,0.01651276318423259,0.02443041446008034,5.852133444653489,2.200716393800098,3.468642017071452,0.3777015120871684,2.8018062271197257,0.1762828399317941,0.15269830486726393,0,78.0,0.21999999999999992,95.57040427437313,114.54449246783608,10.739884290120758,1.2293042078587766,192.5495435762319,3.47089870530431,0.0,34.06821610707469,0.0,0.0,0.0,0.0,0.0,0.0,0.0,0.0,0.0,1.0,0.0003333333333333333,0.0,1.0,0.0,0.0,0.0,False,
0.6455341712440985,0.09175928524506138,1.3769082423231742,1.2000025209905967,0.01651276318423259,0.02443041446008034,5.852133444653489,2.200716393800098,3.468642017071452,0.3777015120871684,2.8018062271197257,0.1762828399317941,0.15269830486726393,1,75.0,0.25,91.42646336185722,110.47970320683045,10.326811817423804,1.23278608640422,185.34094435387067,3.6233393091089194,0.0,36.456082130215144,0.0,0.0,0.0,0.0,0.0,0.0,0.0,0.0,0.0,1.0,0.0002777777777777778,0.0,1.0,0.0,0.0,0.0,False,
0.6455341712440985,0.09175928524506138,1.3769082423231742,1.2000025209905967,0.01651276318423259,0.02443041446008034,5.852133444653489,2.200716393800098,3.468642017071452,0.3777015120871684,2.8018062271197257,0.1762828399317941,0.15269830486726393,2,76.0,0.24000000000000005,92.01018612155035,112.66632801215472,10.464502641656122,1.255062216868817,146.5232421831751,2.112588982904476,0.0,25.964897962982228,0.0,0.0,0.0,0.0,0.0,0.0,0.0,0.0,0.0,1.0,0.0005,0.0,1.0,0.0,0.0,0.0,False,
0.901204587206378,0.03337747351409226,0.9407777165568936,1.5903935266994593,0.06510782261286287,0.006688596952217758,5.818958477673246,3.8585275360753224,4.488135732949921,0.9044199989429248,2.4879069235763045,0.280990139326178,0.06752025088531302,0,42.0,0.58,69.14074662804387,43.46370392267117,3.951266409538954,0.6395056224379165,0.001798711754572308,0.17631820770196796,0.0,0.003620278397401755,0.0,0.0,0.0,0.014521014487076468,0.0,0.4313094610893008,0.0,0.0,0.0,1.0,0.003333333333333333,0.0,1.0,0.0,0.016666666666666666,0.005555555555555556,False,
0.901204587206378,0.03337747351409226,0.9407777165568936,1.5903935266994593,0.06510782261286287,0.006688596952217758,5.818958477673246,3.8585275360753224,4.488135732949921,0.9044199989429248,2.4879069235763045,0.280990139326178,0.06752025088531302,1,50.0,0.5,81.73527299990678,51.74583452424337,4.703888582784469,0.6400260474181373,17.223122284256075,0.18230433975891383,0.0,2.3459042251346314,0.0,0.13333333333333333,0.6625403909841077,0.01569086218054173,0.0,0.4394869500985462,0.16666666666666666,0.16666666666666666,0.0,1.0,0.004333333333333333,0.0,1.0,0.0,0.07777777777777778,0.005555555555555556,False,
0.901204587206378,0.03337747351409226,0.9407777165568936,1.5903935266994593,0.06510782261286287,0.006688596952217758,5.818958477673246,3.8585275360753224,4.488135732949921,0.9044199989429248,2.4879069235763045,0.280990139326178,0.06752025088531302,2,47.0,0.5299999999999999,74.34705651055589,47.78619976915079,4.421655267817401,0.6513837744579801,20.11010602055115,0.17687298112423996,0.0,2.1779650808659383,0.0,0.03333333333333333,0.219609759314269,0.016001270321106483,0.0,0.41671090989964765,0.1,0.1,0.0,1.0,0.004555555555555556,0.0,1.0,0.0,0.08333333333333333,0.005555555555555556,False,
0.6943909680896567,0.05024682648062172,1.448924916436529,1.4591859052353682,0.07035827739260579,0.00506210807046312,9.833691333121507,3.6531514924812543,2.8249778671043915,0.6692662764614294,1.4375868238448706,0.30027877751006016,0.09861889155301126,0,31.2,0.6880000000000002,47.16657322884823,48.72454721015455,4.520645739281969,1.0470286913440776,31.403636217743024,0.5502849833166581,0.0013858667300283105,3.303781228135195,0.0,0.16666666666666666,1.134187061299661,0.03242824694733154,0.0,0.7382994069741399,0.23333333333333334,0.23333333333333334,0.0,1.0,0.005666666666666666,0.0,1.0,0.0,0.16666666666666666,0.011111111111111112,False,
0.6943909680896567,0.05024682648062172,1.448924916436529,1.4591859052353682,0.07035827739260579,0.00506210807046312,9.833691333121507,3.6531514924812543,2.8249778671043915,0.6692662764614294,1.4375868238448706,0.30027877751006016,0.09861889155301126,1,32.0,0.6799999999999999,48.616834408944,50.306733357989245,4.636559732596892,1.0478628772695135,38.879971460284885,0.5404850914386546,0.0,4.123222770063909,0.0,0.26666666666666666,1.4782187486620564,0.03397815516001557,0.0,0.7259408918964984,0.3,0.3,0.0,1.0,0.006055555555555555,0.0,1.0,0.0,0.2,0.016666666666666666,False,
0.6943909680896567,0.05024682648062172,1.448924916436529,1.4591859052353682,0.07035827739260579,0.00506210807046312,9.833691333121507,3.6531514924812543,2.8249778671043915,0.6692662764614294,1.4375868238448706,0.30027877751006016,0.09861889155301126,2,42.266666666666666,0.5773333333333334,62.97639674710135,66.20680020521374,6.1241226468050645,1.0764344691548824,36.56399324864115,0.7137317821532068,0.0014850910044446016,1.9212692305563095,0.0,0.13333333333333333,1.4497529388530288,0.037007216601199815,0.0,0.7737798548077418,0.26666666666666666,0.26666666666666666,0.0,1.0,0.0064444444444444445,0.0,1.0,0.0,0.2,0.016666666666666666,False,
0.588350669986195,0.0729477864892977,1.1078350974707953,1.5393210535622748,0.0686184650633886,0.02350609726899043,5.842078302927362,3.170590984110171,3.510582630945386,0.8809770625973745,2.743531895368287,0.37738474392063215,0.2675127242327269,0,48.0,0.5199999999999999,74.76841515632222,58.016200766225566,5.317608467859819,0.789633551584236,18.477266642525592,2.881345906612876,0.0031717609804006288,2.4666719471125496,0.0,0.06666666666666667,0.5348611807877861,0.011159909411251463,0.0,0.0,0.2,0.2,0.0,1.0,0.0032222222222222222,0.0,1.0,0.0,0.09444444444444444,0.0,False,
0.588350669986195,0.0729477864892977,1.1078350974707953,1.5393210535622748,0.0686184650633886,0.02350609726899043,5.842078302927362,3.170590984110171,3.510582630945386,0.8809770625973745,2.743531895368287,0.37738474392063215,0.2675127242327269,1,46.0,0.5399999999999998,71.9638110650221,55.65909664182145,5.09604144836566,0.7849039530112877,8.506068778012132,3.4491509629789947,0.0018143852657359738,1.4150037730901404,0.0,0.0,0.0,0.013412252846932662,0.0,0.0,0.03333333333333333,0.03333333333333333,0.0,1.0,0.0031666666666666666,0.0,1.0,0.0,0.08888888888888889,0.0,False,
0.588350669986195,0.0729477864892977,1.1078350974707953,1.5393210535622748,0.0686184650633886,0.02350609726899043,5.842078302927362,3.170590984110171,3.510582630945386,0.8809770625973745,2.743531895368287,0.37738474392063215,0.2675127242327269,2,46.0,0.5399999999999998,71.4150860392554,55.827145830301575,5.09604144836566,0.8014860004696125,3.721504578033144,2.174376815027037,0.0,0.03205868999009853,0.0,0.0,0.0,0.010798289495110743,0.0,0.0,0.0,0.0,0.0,1.0,0.003,0.0,1.0,0.0,0.10555555555555556,0.0,False,
0.6095159988226996,0.04743033525747538,1.2039226057617716,1.584691635541556,0.043203683558312736,0.002769365577431412,5.476656969183725,3.9501812970476093,2.425796206560648,0.3649668412641355,2.048816457471619,0.08196279923637972,0.17714704710707535,0,10.166666666666666,0.8983333333333331,16.400642870717437,12.939377287741785,1.2239879825244673,0.8005178203690461,13.579011443201848,0.2844169985369394,0.10872373721907849,2.6478968064173953,0.0,0.0,0.0,0.03405426140291896,0.0,0.24791151224393387,0.0,0.0,0.0,1.0,0.0031666666666666666,0.0,1.0,0.0,0.06666666666666667,0.022222222222222223,False,
0.6095159988226996,0.04743033525747538,1.2039226057617716,1.584691635541556,0.043203683558312736,0.002769365577431412,5.476656969183725,3.9501812970476093,2.425796206560648,0.3649668412641355,2.048816457471619,0.08196279923637972,0.17714704710707535,1,10.0,0.8999999999999998,16.244888998761123,12.820628104373323,1.2039226057617711,0.7995893110880155,16.00244738734985,0.2624690792244444,0.0030021869943301156,3.274005184906549,0.0,0.1,0.4402317522887021,0.029220088353294937,0.0,0.18578384923026714,0.1,0.1,0.0,1.0,0.0031111111111111114,0.0,1.0,0.0,0.08333333333333333,0.016666666666666666,False,
0.6095159988226996,0.04743033525747538,1.2039226057617716,1.584691635541556,0.043203683558312736,0.002769365577431412,5.476656969183725,3.9501812970476093,2.425796206560648,0.3649668412641355,2.048816457471619,0.08196279923637972,0.17714704710707535,2,10.0,0.8999999999999998,15.460949296071046,12.321951882235501,1.2039226057617711,0.8090022056190743,12.335348398270241,0.2570353437775642,0.05374737643451011,2.4471811564665753,0.0,0.03333333333333333,0.15251774851748737,0.030729864785517865,0.0,0.3117404072733561,0.03333333333333333,0.03333333333333333,0.0,1.0,0.0034444444444444444,0.0,1.0,0.0,0.06111111111111111,0.022222222222222223,False,
0.5746663102673534,0.042320758092906655,1.0290469329546068,1.3649727165945769,0.037112853478260474,0.007255248892879794,6.215241760661426,2.860384187067882,3.194164000605859,0.4268994936148368,2.6770257197723604,0.11536811011077394,0.2799159213305331,0,29.4,0.706,42.43835001749037,32.96092063148492,3.0253979828865445,0.7954680630251275,4.697931478553054,0.5115104487443161,0.36277862232343877,0.8943918131479027,0.0,0.0,0.0,0.01090640231267075,0.0,0.0,0.0,0.0,0.0,1.0,0.0029444444444444444,0.0,1.0,0.0,0.05,0.0,False,
0.5746663102673534,0.042320758092906655,1.0290469329546068,1.3649727165945769,0.037112853478260474,0.007255248892879794,6.215241760661426,2.860384187067882,3.194164000605859,0.4268994936148368,2.6770257197723604,0.11536811011077394,0.2799159213305331,1,0.0,1.0,2.4107652309942705e-16,1.874474581894567e-16,0.0,0.7943430158735443,0.22888680090641828,2.1997368384776504e-16,0.0,0.5445506759450816,0.0,0.0,0.0,0.01885427429548957,0.0,0.053614288224147474,0.0,0.0,0.0,1.0,0.002833333333333333,0.0,1.0,0.0,0.06666666666666667,0.005555555555555556,True,
0.5746663102673534,0.042320758092906655,1.0290469329546068,1.3649727165945769,0.037112853478260474,0.007255248892879794,6.215241760661426,2.860384187067882,3.194164000605859,0.4268994936148368,2.6770257197723604,0.11536811011077394,0.2799159213305331,2,38.7,0.6129999999999998,55.748328390140315,43.83878789318399,3.9824116305343273,0.8054467009953353,13.956614933240655,0.7371138174765703,0.010721874511112972,2.4520629224962325,0.0,0.06666666666666667,0.28880650638696526,0.011612579065905404,0.0,0.0,0.1,0.1,0.0,1.0,0.0031111111111111114,0.0,1.0,0.0,0.09444444444444444,0.0,False,
0.8457344297958429,0.03176002071258188,1.2147794401515146,0.9747752945222091,0.04224034455423308,0.009557931807446556,4.84863511292905,4.716433155808408,3.556375086037773,0.7772176520912815,1.961673196614504,0.20674258036754292,0.2658091936447664,0,84.53333333333333,0.15466666666666667,84.79983203410724,113.37532262605973,10.2689355340808,1.386812147164025,32.27166845325733,0.0,0.0,5.898456041095634,0.0,0.06666666666666667,0.9276435578811488,0.017525259752610548,0.0,0.0,0.16666666666666666,0.16666666666666666,0.0,1.0,0.0031111111111111114,0.0,1.0,0.0,0.17222222222222222,0.0,False,
0.8457344297958429,0.03176002071258188,1.2147794401515146,0.9747752945222091,0.04224034455423308,0.009557931807446556,4.84863511292905,4.716433155808408,3.556375086037773,0.7772176520912815,1.961673196614504,0.20674258036754292,0.2658091936447664,1,88.06666666666666,0.11933333333333335,87.5507419980136,117.28661573101506,10.698157602934339,1.3775655390642845,32.33485183978122,0.0,0.0,5.563959464195916,0.0,0.06666666666666667,0.7179730392118877,0.0179935848952393,0.0,0.0,0.16666666666666666,0.16666666666666666,0.0,1.0,0.003388888888888889,0.0,1.0,0.0,0.17222222222222222,0.0,False,
0.8457344297958429,0.03176002071258188,1.2147794401515146,0.9747752945222091,0.04224034455423308,0.009557931807446556,4.84863511292905,4.716433155808408,3.556375086037773,0.7772176520912815,1.961673196614504,0.20674258036754292,0.2658091936447664,2,74.83333333333333,0.25166666666666665,73.95736164172217,99.69287814638338,9.090599477133832,1.392986673930222,26.2026720752094,0.0,0.0,3.587198877830322,0.0,0.03333333333333333,0.5538376094809357,0.02055755094226998,0.0,0.0,0.13333333333333333,0.13333333333333333,0.0,1.0,0.003333333333333333,0.0,1.0,0.0,0.16666666666666666,0.0,False,
0.7431006482269816,0.032693427236696854,1.4070658154510505,1.0328911326686003,0.01609634800106005,0.007508556971869361,9.804560371866009,4.425472608316467,4.730244993624833,0.5678683129406332,1.526774493334858,0.4157310649103665,0.3118223781661031,0,0.0,1.0,0.0,0.0,0.0,1.4431103449500808,18.91359089824658,0.0,0.0,1.0,0.0,0.0,0.0,0.04972198562688687,0.06666666666666667,0.9649874919079156,0.06666666666666667,0.06666666666666667,0.0,1.0,0.004,0.0,1.0,0.0,0.1111111111111111,0.15,True,
0.7431006482269816,0.032693427236696854,1.4070658154510505,1.0328911326686003,0.01609634800106005,0.007508556971869361,9.804560371866009,4.425472608316467,4.730244993624833,0.5678683129406332,1.526774493334858,0.4157310649103665,0.3118223781661031,1,0.0,1.0,0.0,0.0,0.0,1.4401162382052575,28.777359514603273,0.0,0.0,1.0,0.0,0.0,0.0,0.037512589486044835,0.1,1.009948493265774,0.1,0.1,0.0,1.0,0.004,0.0,1.0,0.0,0.1111111111111111,0.1388888888888889,True,
0.7431006482269816,0.032693427236696854,1.4070658154510505,1.0328911326686003,0.01609634800106005,0.007508556971869361,9.804560371866009,4.425472608316467,4.730244993624833,0.5678683129406332,1.526774493334858,0.4157310649103665,0.3118223781661031,2,0.0,1.0,0.0,0.0,0.0,1.46835835224161,24.245426194202626,0.0,0.0,1.0,0.0,0.0,0.0,0.03081695869072101,0.03333333333333333,0.8292777803488526,0.03333333333333333,0.03333333333333333,0.0,1.0,0.003944444444444444,0.0,1.0,0.0,0.11666666666666667,0.12222222222222222,True,
0.688775733132867,0.12920719471729888,1.2002701774459013,1.9341769446904118,0.030662063219522168,0.006854581065518281,7.976176885685107,3.803128884793181,4.404924922740477,0.7339238377832678,1.1997252248444807,0.35357746397365475,0.30821632456984527,0,10.0,0.8999999999999998,20.19768267255615,13.09841153569411,1.2002701774459013,0.6530455098555038,11.671063085501933,0.6678630749869682,0.0026383321809119076,1.540998400822326,0.0,0.03333333333333333,0.14541703695020794,0.03974928348235686,0.0,0.6721491113927162,0.03333333333333333,0.03333333333333333,0.0,1.0,0.004166666666666667,0.0,1.0,0.0,0.07777777777777778,0.03333333333333333,False,
0.688775733132867,0.12920719471729888,1.2002701774459013,1.9341769446904118,0.030662063219522168,0.006854581065518281,7.976176885685107,3.803128884793181,4.404924922740477,0.7339238377832678,1.1997252248444807,0.35357746397365475,0.30821632456984527,1,10.0,0.8999999999999998,20.17199529315278,13.079018097504008,1.2002701774459013,0.6524608527286022,12.968193775146226,0.19440607337678611,0.0004245504610970017,1.7165782429554652,0.0,0.03333333333333333,0.14832082784517425,0.028596969398778264,0.0,0.6479610806240235,0.03333333333333333,0.03333333333333333,0.0,1.0,0.004277777777777778,0.0,1.0,0.0,0.09444444444444444,0.011111111111111112,False,
0.688775733132867,0.12920719471729888,1.2002701774459013,1.9341769446904118,0.030662063219522168,0.006854581065518281,7.976176885685107,3.803128884793181,4.404924922740477,0.7339238377832678,1.1997252248444807,0.35357746397365475,0.30821632456984527,2,0.0,1.0,1.9389898229368318e-07,1.2677096282643936e-07,0.0,0.6586118528312392,2.3782395090600277,0.0,0.0,1.0,0.0,0.03333333333333333,1.2677096282643936e-07,0.05662400075679898,0.03333333333333333,0.8984257554385506,0.03333333333333333,0.03333333333333333,0.0,1.0,0.004888888888888889,0.0,1.0,0.0,0.08888888888888889,0.08333333333333333,True,
0.6564897426419706,0.10828215652675557,1.3464181794492247,1.7654398592703493,0.059362749993446026,0.013230299720942078,10.229107722302878,4.373343558276346,3.3157049073400247,0.620476724737693,1.1749460131036629,0.3183423165424477,0.15442132107196344,0,20.0,0.8000000000000003,36.44271593790043,29.461899757569565,2.6928363588984485,0.8103229120052811,21.887099888043775,0.9174548649099294,0.0,2.275055418546946,0.0,0.16666666666666666,0.9014271963963366,0.0365832051145407,0.0,0.20525700951282017,0.16666666666666666,0.16666666666666666,0.0,1.0,0.0037222222222222223,0.0,1.0,0.0,0.13333333333333333,0.016666666666666666,False,
0.6564897426419706,0.10828215652675557,1.3464181794492247,1.7654398592703493,0.059362749993446026,0.013230299720942078,10.229107722302878,4.373343558276346,3.3157049073400247,0.620476724737693,1.1749460131036629,0.3183423165424477,0.15442132107196344,1,10.0,0.8999999999999998,17.860528187845144,14.22149921418964,1.3464181794492243,0.8021890457172395,15.588760576971458,0.8461704508585425,0.002283835594801975,1.5539870045821864,0.0,0.06666666666666667,0.3580922202812354,0.03775500799734432,0.0,0.26730472457859766,0.06666666666666667,0.06666666666666667,0.0,1.0,0.0034999999999999996,0.0,1.0,0.0,0.11666666666666667,0.011111111111111112,False,
0.6564897426419706,0.10828215652675557,1.3464181794492247,1.7654398592703493,0.059362749993446026,0.013230299720942078,10.229107722302878,4.373343558276346,3.3157049073400247,0.620476724737693,1.1749460131036629,0.3183423165424477,0.15442132107196344,2,20.0,0.8000000000000003,35.83396674555341,28.963287364547895,2.6928363588984485,0.8143524200984037,26.31412984596542,1.0991419407617873,0.0,2.6808284970480356,0.0,0.16666666666666666,0.895277950286585,0.04390115679651214,0.0,0.16499925826778644,0.16666666666666666,0.16666666666666666,0.0,1.0,0.004277777777777778,0.0,1.0,0.0,0.16666666666666666,0.016666666666666666,False,
0.8000577215789242,0.12352936073259149,1.0845613613795015,1.3349584254558744,0.06643497850779291,0.018857743400798294,8.77114890768568,2.455368874534631,3.4114600936136776,0.7455822373794896,1.3412555302801106,0.21084088096695813,0.14214068369769095,0,52.0,0.4800000000000001,70.46192692078559,61.380679542384975,5.639719079173407,0.880314384731246,30.957227106841174,0.2648968707005755,0.0,3.039648033079433,0.0,0.2,1.0436377081412116,0.023309107048151843,0.0,0.2361672809553694,0.43333333333333335,0.43333333333333335,0.0,1.0,0.006833333333333334,0.0,1.0,0.0,0.14444444444444443,0.011111111111111112,False,
0.8000577215789242,0.12352936073259149,1.0845613613795015,1.3349584254558744,0.06643497850779291,0.018857743400798294,8.77114890768568,2.455368874534631,3.4114600936136776,0.7455822373794896,1.3412555302801106,0.21084088096695813,0.14214068369769095,1,22.0,0.7800000000000001,29.93113327745565,25.274105813673096,2.386034995034904,0.8561889157382879,22.422130137161513,0.1580786050488863,0.0,2.384413477262284,0.0,0.16666666666666666,0.7703117252437325,0.025575877290346643,0.0,0.19476357568701394,0.3,0.3,0.0,1.0,0.005722222222222222,0.0,1.0,0.0,0.1111111111111111,0.011111111111111112,False,
0.8000577215789242,0.12352936073259149,1.0845613613795015,1.3349584254558744,0.06643497850779291,0.018857743400798294,8.77114890768568,2.455368874534631,3.4114600936136776,0.7455822373794896,1.3412555302801106,0.21084088096695813,0.14214068369769095,2,51.06666666666667,0.48933333333333345,70.43220767527106,60.50600679292197,5.53849335211132,0.8729625363231851,25.669132035679745,0.16230099023179312,0.0,2.2920908729457095,0.0,0.13333333333333333,0.8300693190999179,0.02374235339905694,0.0,0.22549670631294338,0.3333333333333333,0.3333333333333333,0.0,1.0,0.006611111111111111,0.0,1.0,0.0,0.13333333333333333,0.011111111111111112,False,
0.9075597394494672,0.12529267651117815,1.1070708201559023,0.989365756388448,0.05074948291124802,0.008495419355502326,10.842059400001238,4.757730351775291,3.0470332397265247,0.7279996721049835,1.0060084280531991,0.21046067170565125,0.21887960922808997,0,21.0,0.7899999999999998,21.264592310693562,24.648001024733215,2.324848722327394,1.186375917653651,25.867412864547795,0.0,0.00773282363503161,2.3790082549251186,0.0,0.1,0.6143506884928439,0.029221106346723483,0.0,1.53237070011314,0.13333333333333333,0.13333333333333333,0.0,1.0,0.006500000000000001,0.0,1.0,0.0,0.1111111111111111,0.011111111111111112,False,
0.9075597394494672,0.12529267651117815,1.1070708201559023,0.989365756388448,0.05074948291124802,0.008495419355502326,10.842059400001238,4.757730351775291,3.0470332397265247,0.7279996721049835,1.0060084280531991,0.21046067170565125,0.21887960922808997,1,32.233333333333334,0.6776666666666666,32.73663805341865,38.20030816764132,3.568458276969194,1.1917103204969153,51.07040269119477,0.0035553268242441466,0.0,4.432773178428202,0.0,0.16666666666666666,1.701100651503829,0.021640973647380508,0.0,1.5235837508992631,0.3333333333333333,0.3333333333333333,0.0,1.0,0.006111111111111111,0.0,1.0,0.0,0.05555555555555555,0.011111111111111112,False,
0.9075597394494672,0.12529267651117815,1.1070708201559023,0.989365756388448,0.05074948291124802,0.008495419355502326,10.842059400001238,4.757730351775291,3.0470332397265247,0.7279996721049835,1.0060084280531991,0.21046067170565125,0.21887960922808997,2,28.366666666666667,0.7163333333333332,28.048726212760368,33.350276185478634,3.1403908931755775,1.2258786225648768,33.813575875840534,0.026758474413580747,0.0007126427902633699,2.9332550694325987,0.0,0.13333333333333333,0.7760490367613632,0.04186645372094858,0.0,1.3737774030908614,0.16666666666666666,0.16666666666666666,0.0,1.0,0.007166666666666667,0.0,1.0,0.0,0.17777777777777778,0.022222222222222223,False,
0.879400794875305,0.08639087539039525,1.1874960422727967,1.0324334003669309,0.05061301847592589,0.010961598467397637,9.842209386298906,4.65313680811955,3.57419623949093,0.565808787385158,2.7312831536494633,0.25344456422739725,0.06718395516871743,0,78.7,0.213,86.2180740820853,102.45822605897503,9.345593852686912,1.224499897681052,49.85180039196031,0.0,0.011909066199733528,4.06115118443579,0.0,0.13333333333333333,1.7278445896502665,0.03198577045924934,0.0,1.0705924023685573,0.3333333333333333,0.3333333333333333,0.0,1.0,0.007388888888888889,0.0,1.0,0.0,0.12777777777777777,0.016666666666666666,False,
0.879400794875305,0.08639087539039525,1.1874960422727967,1.0324334003669309,0.05061301847592589,0.010961598467397637,9.842209386298906,4.65313680811955,3.57419623949093,0.565808787385158,2.7312831536494633,0.25344456422739725,0.06718395516871743,1,78.83333333333333,0.21166666666666653,85.88027053809677,102.29215307664577,9.361427133250547,1.2241613512026883,51.485349765116226,0.0,0.0,3.243576694645728,0.0,0.1,1.19775880766575,0.032314192117987785,0.0,1.0842251359292379,0.23333333333333334,0.23333333333333334,0.0,1.0,0.007277777777777777,0.0,1.0,0.0,0.12777777777777777,0.016666666666666666,False,
0.879400794875305,0.08639087539039525,1.1874960422727967,1.0324334003669309,0.05061301847592589,0.010961598467397637,9.842209386298906,4.65313680811955,3.57419623949093,0.565808787385158,2.7312831536494633,0.25344456422739725,0.06718395516871743,2,80.1,0.1989999999999999,86.41971486892042,104.70563222169656,9.511843298605102,1.253192705977942,55.26274384239449,0.0,0.0,3.5806638540071134,0.0,0.13333333333333333,1.5211467526262774,0.02923441752191127,0.0,1.0090425735830288,0.3,0.3,0.0,1.0,0.007277777777777777,0.0,1.0,0.0,0.12222222222222222,0.016666666666666666,False,
0.5907348187196586,0.07813937186938799,1.4145889849949738,1.069104267085503,0.058505721584331496,0.012995615680221461,4.354657703278062,3.0423207547079576,1.7298338783194749,0.6427218420326972,2.003318386442789,0.27689993982696126,0.23705686591302488,0,59.0,0.41000000000000003,63.28776094640628,90.69611402462547,8.346075011470342,1.4560059917190507,27.981686681501138,3.0623920595961187,0.009296542915999266,5.947734185402325,0.0,0.03333333333333333,0.40297121620284926,0.010481664776941282,0.0,0.0,0.13333333333333333,0.13333333333333333,0.0,1.0,0.0032222222222222222,0.0,1.0,0.0,0.07777777777777778,0.0,False,
0.5907348187196586,0.07813937186938799,1.4145889849949738,1.069104267085503,0.058505721584331496,0.012995615680221461,4.354657703278062,3.0423207547079576,1.7298338783194749,0.6427218420326972,2.003318386442789,0.27689993982696126,0.23705686591302488,1,60.86666666666667,0.3913333333333335,66.71783875548597,94.38299935483353,8.610131622002742,1.4537526688498692,23.634375378850855,3.009652776742316,0.003555529835125171,5.6981334555668655,0.0,0.06666666666666667,0.5447834608971572,0.013513030816288062,0.0,0.0,0.1,0.1,0.0,1.0,0.0034999999999999996,0.0,1.0,0.0,0.1,0.0,False,
0.5907348187196586,0.07813937186938799,1.4145889849949738,1.069104267085503,0.058505721584331496,0.012995615680221461,4.354657703278062,3.0423207547079576,1.7298338783194749,0.6427218420326972,2.003318386442789,0.27689993982696126,0.23705686591302488,2,57.0,0.42999999999999994,61.199633304607204,88.00641215447685,8.06315721447135,1.4808923695195328,25.09107766863793,3.280906089035893,0.0,5.344340588591325,0.0,0.03333333333333333,0.279925010442055,0.011009765396191116,0.0,0.0,0.1,0.1,0.0,1.0,0.0034444444444444444,0.0,1.0,0.0,0.09444444444444444,0.0,False,
0.5899937400046938,0.06759567066664735,1.299486186495682,1.277929579684356,0.033779446128074694,0.01752714632839896,5.178442722750626,2.695683704578836,2.7622374968377224,0.25562653795323037,2.201102216495633,0.472595953694921,0.2776827080156401,0,59.0,0.41000000000000003,77.58809608384128,83.51901622023371,7.666968500324523,1.1087910929168037,24.323252401184607,3.419253152122982,0.0,4.768734942330931,0.0,0.0,0.0,0.00039137191131197267,0.0,0.0,0.0,0.0,0.0,1.0,0.0008888888888888889,0.0,1.0,0.0,0.005555555555555556,0.0,False,
0.5899937400046938,0.06759567066664735,1.299486186495682,1.277929579684356,0.033779446128074694,0.01752714632839896,5.178442722750626,2.695683704578836,2.7622374968377224,0.25562653795323037,2.201102216495633,0.472595953694921,0.2776827080156401,1,67.1,0.32899999999999996,87.1378771883049,94.93114794775822,8.719552311386023,1.1121816115012284,29.457878622497354,1.454030875342741,0.0,5.8385776852727,0.0,0.0,0.0,0.0030133953836038144,0.0,0.0,0.0,0.0,0.0,1.0,0.0015555555555555557,0.0,1.0,0.0,0.03888888888888889,0.0,False,
0.5899937400046938,0.06759567066664735,1.299486186495682,1.277929579684356,0.033779446128074694,0.01752714632839896,5.178442722750626,2.695683704578836,2.7622374968377224,0.25562653795323037,2.201102216495633,0.472595953694921,0.2776827080156401,2,70.0,0.3000000000000001,90.3723920298106,99.26629208309828,9.096403305469774,1.1216835861077594,23.042972257023116,1.7833666056514759,0.0,4.488572388667936,0.0,0.0,0.0,0.0009835811266639776,0.0,0.0,0.0,0.0,0.0,1.0,0.0010555555555555555,0.0,1.0,0.0,0.011111111111111112,0.0,False,
0.7005142915797222,0.08774371579835802,1.001200716603436,1.8190301409207834,0.024146299418607083,0.012827145270741316,10.43127185441423,2.742146572730377,4.1269547093817325,0.3289495394471434,1.3823540770863636,0.3307414038055434,0.08750555207629057,0,22.0,0.7799999999999999,29.09160325725764,16.7135738259896,2.2093162479715818,0.5814514003634006,49.847342403440074,0.23904811566903345,22.586434789172493,2.9601138339350594,0.0,0.23333333333333334,1.1365842199107983,0.014098506013692782,0.0,0.0,0.9666666666666667,0.9333333333333333,0.03333333333333333,1.0,0.0035555555555555557,0.0044444444444444444,1.0,0.0,0.03888888888888889,0.0,False,
0.7005142915797222,0.08774371579835802,1.001200716603436,1.8190301409207834,0.024146299418607083,0.012827145270741316,10.43127185441423,2.742146572730377,4.1269547093817325,0.3289495394471434,1.3823540770863636,0.3307414038055434,0.08750555207629057,1,10.0,0.8999999999999998,18.94505625117525,10.88232366274818,1.001200716603436,0.5788533223872945,3.1823825303147624,0.1286988745795598,2.431066488725695,0.527822823226969,0.0,0.0,0.0,0.036474324345926026,0.0,0.1279030881881122,0.0,0.0,0.0,1.0,0.003277777777777778,0.0027777777777777775,1.0,0.0,0.07777777777777778,0.022222222222222223,False,
0.7005142915797222,0.08774371579835802,1.001200716603436,1.8190301409207834,0.024146299418607083,0.012827145270741316,10.43127185441423,2.742146572730377,4.1269547093817325,0.3289495394471434,1.3823540770863636,0.3307414038055434,0.08750555207629057,2,10.0,0.8999999999999998,19.123887662036065,11.081716767186583,1.001200716603436,0.5846923959023123,5.665134949093328,0.09325676875144076,0.01631055272839265,0.5523896856250767,0.0,0.03333333333333333,0.10293598653991327,0.03641655129742798,0.0,0.09239745317007243,0.03333333333333333,0.03333333333333333,0.0,1.0,0.0038888888888888888,0.005555555555555555,1.0,0.0,0.07222222222222222,0.022222222222222223,False,
0.7294513372092652,0.08918561878530121,1.027790795473775,1.8589531603197273,0.07097471088198234,0.005697410429084692,7.6252716031698755,4.13259726709826,3.3631223719549803,0.39485121540330914,2.323681822172342,0.16404245668837952,0.34069865735070287,0,0.0,1.0,0.0,0.0,0.0,0.5819560287256977,3.70197889543719,0.0,0.0,1.0,0.0,0.0,0.0,0.05351647186099372,0.0,0.8180745224210958,0.0,0.0,0.0,1.0,0.005277777777777778,0.0,1.0,0.0,0.06111111111111111,0.044444444444444446,True,
0.7294513372092652,0.08918561878530121,1.027790795473775,1.8589531603197273,0.07097471088198234,0.005697410429084692,7.6252716031698755,4.13259726709826,3.3631223719549803,0.39485121540330914,2.323681822172342,0.16404245668837952,0.34069865735070287,1,0.0,1.0,1.1970959172154969e-06,6.887662111830432e-07,0.0,0.5814077296857281,4.059001533935416,0.0,0.0,0.9330178826746599,0.0,0.0,0.0,0.04986099289992532,0.0,0.8824903158951143,0.16666666666666666,0.16666666666666666,0.0,1.0,0.005666666666666666,0.0,1.0,0.0,0.05555555555555555,0.05,True,
0.7294513372092652,0.08918561878530121,1.027790795473775,1.8589531603197273,0.07097471088198234,0.005697410429084692,7.6252716031698755,4.13259726709826,3.3631223719549803,0.39485121540330914,2.323681822172342,0.16404245668837952,0.34069865735070287,2,0.0,1.0,0.0,0.0,0.0,0.5871334824124854,3.5320160409448125,0.0,0.0,1.0,0.0,0.0,0.0,0.05938644536276648,0.0,0.8834615037597457,0.0,0.0,0.0,1.0,0.005333333333333333,0.0,1.0,0.0,0.06666666666666667,0.06666666666666667,True,
0.6790069854793153,0.05738103979559042,1.3676254066461415,1.0135772283695244,0.027732173750732197,0.01858690197163949,5.166968380344352,2.52788151573223,2.785530517838002,0.6292522955138254,1.1668030438580188,0.21947598569376994,0.13388047502501615,0,79.0,0.20999999999999996,81.08722683431778,118.77343477758207,10.804240712504516,1.4974652047870054,2.6378298417473847,0.23312902286650689,0.0,0.5260959869981775,0.0,0.0,0.0,0.0,0.0,0.0,0.0,0.0,0.0,1.0,0.0008888888888888889,0.0,1.0,0.0,0.0,0.0,False,
0.6790069854793153,0.05738103979559042,1.3676254066461415,1.0135772283695244,0.027732173750732197,0.01858690197163949,5.166968380344352,2.52788151573223,2.785530517838002,0.6292522955138254,1.1668030438580188,0.21947598569376994,0.13388047502501615,1,75.0,0.25,76.91047938275543,111.78325796464839,10.257190549846067,1.4818304970215694,39.183327200455,0.2095064471470625,0.0,7.7628095832450486,0.0,0.0,0.0,0.0004050117712552544,0.0,0.0,0.0,0.0,0.0,1.0,0.0009444444444444444,0.0,1.0,0.0,0.005555555555555556,0.0,False,
0.6790069854793153,0.05738103979559042,1.3676254066461415,1.0135772283695244,0.027732173750732197,0.01858690197163949,5.166968380344352,2.52788151573223,2.785530517838002,0.6292522955138254,1.1668030438580188,0.21947598569376994,0.13388047502501615,2,86.0,0.14,87.24630495057563,127.08957412478902,11.761578497156824,1.4918691606157022,82.5005456999318,0.08685829315657857,0.0,16.221267182000265,0.0,0.0,0.0,0.0,0.0,0.0,0.0,0.0,0.0,1.0,0.0006111111111111111,0.0,1.0,0.0,0.0,0.0,False,
0.8434155266573513,0.03479598132003922,1.1417446154609872,1.7901037224371583,0.03797790044998068,0.0203771737174926,7.853443582223333,3.280914105531224,1.7819027840908785,0.34014494853271116,1.1388813858134985,0.05863982341187795,0.10894288717317235,0,31.0,0.6900000000000002,56.80426640747178,38.13587047285158,3.5394083079290612,0.6768580223749562,34.18423219994199,0.18643985046026812,0.0,3.7661384021890547,0.0,0.06666666666666667,0.5726334898137883,0.015917945459977437,0.0,0.5463348875848084,0.23333333333333334,0.23333333333333334,0.0,1.0,0.004777777777777778,0.0,1.0,0.0,0.05555555555555555,0.011111111111111112,False,
0.8434155266573513,0.03479598132003922,1.1417446154609872,1.7901037224371583,0.03797790044998068,0.0203771737174926,7.853443582223333,3.280914105531224,1.7819027840908785,0.34014494853271116,1.1388813858134985,0.05863982341187795,0.10894288717317235,1,32.46666666666667,0.6753333333333335,61.155595353431664,41.128683848448546,3.70686418486334,0.678088218682727,16.123674854219303,0.17767931970460385,0.004902607901008823,2.2579958557115334,0.0,0.03333333333333333,0.25308312530330385,0.015312839305392633,0.0,0.5101833001885667,0.03333333333333333,0.03333333333333333,0.0,1.0,0.004555555555555556,0.0,1.0,0.0,0.05555555555555555,0.011111111111111112,False,
0.8434155266573513,0.03479598132003922,1.1417446154609872,1.7901037224371583,0.03797790044998068,0.0203771737174926,7.853443582223333,3.280914105531224,1.7819027840908785,0.34014494853271116,1.1388813858134985,0.05863982341187795,0.10894288717317235,2,30.0,0.6999999999999997,53.67359776024747,36.490664828705995,3.425233846382963,0.6839795741145906,29.967061911800567,0.1705852997456411,0.00039372559178759705,2.602458758787593,0.0,0.03333333333333333,0.3188045213427036,0.017692496715387532,0.0,0.5331288295683534,0.13333333333333333,0.13333333333333333,0.0,1.0,0.004666666666666667,0.0,1.0,0.0,0.06111111111111111,0.005555555555555556,False,
0.6933171802240156,0.034518171923484206,1.1552286961434395,1.8707496085698658,0.04615255698017809,0.0032011173169603255,6.3841276370286835,2.9985367387731676,2.3244996315482793,0.8185901491751391,2.4548460259847786,0.39350956902266987,0.2722484094257396,0,10.233333333333333,0.8976666666666664,19.33669783330037,12.418091818010659,1.1821840323867865,0.6499662513054467,11.80542747047371,0.08309302777880477,0.0023493121021748503,1.9196555872655117,0.0,0.1,0.3069245995478266,0.031876375703299265,0.0,0.6153392454877249,0.1,0.1,0.0,1.0,0.005277777777777778,0.0,1.0,0.0,0.09444444444444444,0.022222222222222223,False,
0.6933171802240156,0.034518171923484206,1.1552286961434395,1.8707496085698658,0.04615255698017809,0.0032011173169603255,6.3841276370286835,2.9985367387731676,2.3244996315482793,0.8185901491751391,2.4548460259847786,0.39350956902266987,0.2722484094257396,1,10.0,0.8999999999999998,18.780550671422155,12.064924508614093,1.1552286961434395,0.6493588496733159,15.493447427784927,0.07899164237279327,2.611847856434646e-05,2.577535789587475,0.0,0.1,0.32289909461085653,0.03121321666600552,0.0,0.6438390786770872,0.1,0.1,0.0,1.0,0.005333333333333333,0.0,1.0,0.0,0.09444444444444444,0.022222222222222223,False,
0.6933171802240156,0.034518171923484206,1.1552286961434395,1.8707496085698658,0.04615255698017809,0.0032011173169603255,6.3841276370286835,2.9985367387731676,2.3244996315482793,0.8185901491751391,2.4548460259847786,0.39350956902266987,0.2722484094257396,2,10.0,0.8999999999999998,18.31919149566711,11.868021549584824,1.1552286961434395,0.6557093177385718,13.666229665665073,0.07010834716051335,0.005345131546309365,2.2233693359581137,0.0,0.06666666666666667,0.21828235596700635,0.02264313534004357,0.0,0.6686684513376902,0.06666666666666667,0.06666666666666667,0.0,1.0,0.005277777777777778,0.0,1.0,0.0,0.07777777777777778,0.011111111111111112,False,
0.737414463163983,0.07887126816600384,1.002361934344913,1.1875454174272344,0.06683602315110111,0.001540477333406533,8.175100563077812,2.9112526866646804,3.754094087660332,0.7240022765549465,0.9897478885500198,0.07655979078706596,0.102337422055537,0,31.4,0.6859999999999998,38.52255289971582,34.21533007529948,3.1474164738430264,0.9031333879036968,22.42640233822645,0.2923930156327616,0.0,2.308752482748059,0.0,0.13333333333333333,0.8092777549862871,0.028827881777393292,0.0,0.21169059698408205,0.3333333333333333,0.3333333333333333,0.0,1.0,0.006055555555555555,0.0,1.0,0.0,0.13333333333333333,0.005555555555555556,False,
0.737414463163983,0.07887126816600384,1.002361934344913,1.1875454174272344,0.06683602315110111,0.001540477333406533,8.175100563077812,2.9112526866646804,3.754094087660332,0.7240022765549465,0.9897478885500198,0.07655979078706596,0.102337422055537,1,43.0,0.5700000000000001,52.20431596281549,46.87374097291602,4.310156317683125,0.9151044704619511,21.086198707342184,0.4901298261975169,0.0,1.9233978233521314,0.0,0.13333333333333333,0.7010743335209297,0.0218015155673876,0.0,0.2842198737493018,0.26666666666666666,0.26666666666666666,0.0,1.0,0.006111111111111111,0.0,1.0,0.0,0.12777777777777777,0.005555555555555556,False,
0.737414463163983,0.07887126816600384,1.002361934344913,1.1875454174272344,0.06683602315110111,0.001540477333406533,8.175100563077812,2.9112526866646804,3.754094087660332,0.7240022765549465,0.9897478885500198,0.07655979078706596,0.102337422055537,2,38.0,0.62,45.341812024930405,41.38625739014122,3.8089753505106687,0.9317544236048875,20.38040224854679,0.4099021086379029,0.004881405772137841,1.1926305983578809,0.0,0.1,0.6261556839665924,0.026140421108052175,0.0,0.2289698113162153,0.23333333333333334,0.23333333333333334,0.0,1.0,0.006388888888888888,0.0,1.0,0.0,0.14444444444444443,0.005555555555555556,False,
0.6741852106900396,0.0659755206904635,1.1752661048994126,1.2581818734991406,0.050537429544195836,0.01642341509985114,9.950189414054343,3.693964273546285,2.857259877277812,0.8167937945895277,1.276720147744175,0.220518025572914,0.2257116452437754,0,10.0,0.8999999999999998,13.047711009487873,12.658878544829962,1.175266104899413,0.9865368694712544,17.834719117110645,0.03364957816435743,0.007699953504154979,1.8435083919133333,0.0,0.13333333333333333,0.5504619432643794,0.038943169294814076,0.0,0.7728913109497648,0.13333333333333333,0.13333333333333333,0.0,1.0,0.0055000000000000005,0.0,1.0,0.0,0.09444444444444444,0.011111111111111112,False,
0.6741852106900396,0.0659755206904635,1.1752661048994126,1.2581818734991406,0.050537429544195836,0.01642341509985114,9.950189414054343,3.693964273546285,2.857259877277812,0.8167937945895277,1.276720147744175,0.220518025572914,0.2257116452437754,1,0.0,1.0,0.0,0.0,0.0,0.9849792259567328,0.12315449483385912,0.0,0.0,1.0,0.0,0.0,0.0,0.060362509461247764,0.0,0.7605359234505016,0.0,0.0,0.0,1.0,0.005,0.0,1.0,0.0,0.07777777777777778,0.03888888888888889,True,
0.6741852106900396,0.0659755206904635,1.1752661048994126,1.2581818734991406,0.050537429544195836,0.01642341509985114,9.950189414054343,3.693964273546285,2.857259877277812,0.8167937945895277,1.276720147744175,0.220518025572914,0.2257116452437754,2,10.0,0.8999999999999998,12.543360136587363,12.318670757896964,1.175266104899413,1.0001387044841412,13.614565559524205,0.10096746187029751,0.009726033285705352,1.471475941170453,0.0,0.1,0.3511370944660417,0.051879493809039987,0.0,0.8465298275482876,0.1,0.1,0.0,1.0,0.005722222222222222,0.0,1.0,0.0,0.1111111111111111,0.03333333333333333,False,
0.7014995122919871,0.06317569318032489,1.389678670468946,1.4970554265526124,0.026080824698029498,0.01607710262954472,6.683677428639603,4.230228857521572,2.554623721947127,0.36233106096962264,2.6940313976514334,0.24844002271262658,0.10009700207110186,0,22.0,0.7800000000000001,33.78984573094495,32.41004158166884,3.057293075031681,0.9785864534742641,13.01969091429147,0.3722223317208735,0.0,0.578529278274561,0.0,0.0,0.0,0.023505531744657727,0.0,0.17431698663225184,0.0,0.0,0.0,1.0,0.002833333333333333,0.0,1.0,0.0,0.1,0.005555555555555556,False,
0.7014995122919871,0.06317569318032489,1.389678670468946,1.4970554265526124,0.026080824698029498,0.01607710262954472,6.683677428639603,4.230228857521572,2.554623721947127,0.36233106096962264,2.6940313976514334,0.24844002271262658,0.10009700207110186,1,22.2,0.7780000000000002,34.22604580984778,32.85733003455407,3.0850866484410604,0.9773628607582564,29.10971467786496,0.3491200909388349,0.0,4.4065314549677925,0.0,0.0,0.0,0.02624750220337212,0.0,0.27467689310369353,0.0,0.0,0.0,1.0,0.0029444444444444444,0.0,1.0,0.0,0.08888888888888889,0.011111111111111112,False,
0.7014995122919871,0.06317569318032489,1.389678670468946,1.4970554265526124,0.026080824698029498,0.01607710262954472,6.683677428639603,4.230228857521572,2.554623721947127,0.36233106096962264,2.6940313976514334,0.24844002271262658,0.10009700207110186,2,29.433333333333334,0.705666666666667,46.40467328633837,45.013260530464976,4.0902875534135985,0.9896393533147327,22.340733461023998,0.35812839210387154,0.0,2.102014017222165,0.0,0.03333333333333333,0.3359406288193731,0.028254349547188005,0.0,0.1056120200133573,0.06666666666666667,0.06666666666666667,0.0,1.0,0.0028888888888888888,0.0,1.0,0.0,0.1,0.011111111111111112,False,
0.724156015403071,0.03172872324998884,1.147037581795347,1.450143932412695,0.02704994525965495,0.021908855852506723,7.369169077069543,4.0258388100205105,4.090283627577326,0.5414650204118039,2.5054060748994353,0.18487295796638573,0.3102593367681631,0,0.0,1.0,0.0,0.0,0.0,0.834094166897741,1.594861258322149,0.0,0.0,1.0,0.0,0.0,0.0,0.05508153927655404,0.0,1.1318993069011551,0.0,0.0,0.0,1.0,0.0051666666666666675,0.0,1.0,0.0,0.08888888888888889,0.17777777777777778,True,
0.724156015403071,0.03172872324998884,1.147037581795347,1.450143932412695,0.02704994525965495,0.021908855852506723,7.369169077069543,4.0258388100205105,4.090283627577326,0.5414650204118039,2.5054060748994353,0.18487295796638573,0.3102593367681631,1,0.0,1.0,0.0,0.0,0.0,0.8330061926816932,0.0010395532633986854,0.0,0.0,1.0000000000000004,0.0,0.0,0.0,0.055679088731207194,0.0,1.043782843197969,0.0,0.0,0.0,1.0,0.0051111111111111105,0.0,1.0,0.0,0.07222222222222222,0.16666666666666666,True,
0.724156015403071,0.03172872324998884,1.147037581795347,1.450143932412695,0.02704994525965495,0.021908855852506723,7.369169077069543,4.0258388100205105,4.090283627577326,0.5414650204118039,2.5054060748994353,0.18487295796638573,0.3102593367681631,2,0.0,1.0,0.0,0.0,0.0,0.843859673484801,0.0013208526939533008,0.0,0.0,1.0,0.0,0.0,0.0,0.05634411228684469,0.0,1.0529977885996318,0.0,0.0,0.0,1.0,0.0051666666666666675,0.0,1.0,0.0,0.07777777777777778,0.18888888888888888,True,
0.8774966708843203,0.10181774111866106,1.3734741365987182,1.2107445966186847,0.012942853932813261,0.025030604277800354,6.301320569202655,3.344169328064814,4.232591807623808,0.3721681414929169,1.2041149817295913,0.4006346594510384,0.29402942863412596,0,89.0,0.10999999999999996,108.48235156924315,132.2971156999257,12.223919815728596,1.232262577998203,72.30948644947522,0.0,0.0,11.196245859212528,0.0,0.0,0.0,0.0,0.0,0.0,0.03333333333333333,0.03333333333333333,0.0,1.0,0.0005555555555555556,0.0,1.0,0.0,0.0,0.0,False,
0.8774966708843203,0.10181774111866106,1.3734741365987182,1.2107445966186847,0.012942853932813261,0.025030604277800354,6.301320569202655,3.344169328064814,4.232591807623808,0.3721681414929169,1.2041149817295913,0.4006346594510384,0.29402942863412596,1,86.0,0.14,105.25114824941716,129.23428857937597,11.811877574748973,1.2462823189684307,53.80405878937868,0.0,0.0,8.628492212657132,0.0,0.0,0.0,0.0,0.0,0.0,0.0,0.0,0.0,1.0,0.0005555555555555556,0.0,1.0,0.0,0.0,0.0,False,
0.8774966708843203,0.10181774111866106,1.3734741365987182,1.2107445966186847,0.012942853932813261,0.025030604277800354,6.301320569202655,3.344169328064814,4.232591807623808,0.3721681414929169,1.2041149817295913,0.4006346594510384,0.29402942863412596,2,87.0,0.12999999999999998,104.40530383740206,130.51954369146227,11.949224988408849,1.2666492432177976,46.93609339730189,0.0,0.0,6.042035958791233,0.0,0.03333333333333333,0.4612795316458288,0.00041265829758734923,0.0,0.0,0.1,0.1,0.0,1.0,0.0007222222222222222,0.0,1.0,0.0,0.005555555555555556,0.0,False,
0.7634676588078616,0.122346284107934,1.2676295329926315,1.736714703558301,0.02581179402472391,0.0018271402815086052,9.932746014430027,4.022681341043879,4.71959557479776,0.2964553779087894,2.4040830642251954,0.21826432537427115,0.18852059258488912,0,10.0,0.8999999999999998,17.720106932771145,13.434371642211156,1.2676295329926313,0.7685934913365878,6.521188899907175,0.10007859982966219,0.0,0.6479903953645458,0.0,0.0,0.0,0.034703864152973496,0.0,0.8907326000790824,0.0,0.0,0.0,1.0,0.004777777777777778,0.0,1.0,0.0,0.08333333333333333,0.022222222222222223,False,
0.7634676588078616,0.122346284107934,1.2676295329926315,1.736714703558301,0.02581179402472391,0.0018271402815086052,9.932746014430027,4.022681341043879,4.71959557479776,0.2964553779087894,2.4040830642251954,0.21826432537427115,0.18852059258488912,1,10.0,0.8999999999999998,17.270896198106723,13.09910530808222,1.2676295329926313,0.7678026651757823,16.54908490806579,0.48922753552464093,0.0,1.545256764300872,0.0,0.0,0.0,0.053129494897943205,0.0,0.8656262154945359,0.0,0.0,0.0,1.0,0.005055555555555555,0.0,1.0,0.0,0.1111111111111111,0.03888888888888889,False,
0.7634676588078616,0.122346284107934,1.2676295329926315,1.736714703558301,0.02581179402472391,0.0018271402815086052,9.932746014430027,4.022681341043879,4.71959557479776,0.2964553779087894,2.4040830642251954,0.21826432537427115,0.18852059258488912,2,0.0,1.0,5.256245758123787e-07,4.0226813410438783e-07,0.0,0.7759567706088268,2.1621825425922596,0.0,0.0,1.0,0.0,0.06666666666666667,2.681787560695919e-07,0.08747669096411409,0.06666666666666667,0.9662840084810466,0.06666666666666667,0.06666666666666667,0.0,1.0,0.005444444444444444,0.0005555555555555556,1.0,0.0,0.12222222222222222,0.06666666666666667,True,
0.8085443226933843,0.11811956809955229,1.2638104510354446,1.7627420406210765,0.018879262826228118,0.023914354267347476,9.219619121716969,4.322217867901683,3.4196428562133767,0.27759390485211327,2.148345966656632,0.1539244988523493,0.25857912553824636,0,0.0,1.0,0.0,0.0,0.0,0.7548917846257694,4.591450958941427,0.0,0.0,1.0000000000000004,0.0,0.0,0.0,0.05585905886075767,0.0,1.0478454029876565,0.0,0.0,0.0,1.0,0.004722222222222222,0.0,1.0,0.0,0.1,0.14444444444444443,True,
0.8085443226933843,0.11811956809955229,1.2638104510354446,1.7627420406210765,0.018879262826228118,0.023914354267347476,9.219619121716969,4.322217867901683,3.4196428562133767,0.27759390485211327,2.148345966656632,0.1539244988523493,0.25857912553824636,1,0.0,1.0,0.0,0.0,0.0,0.7541299238919816,15.199957353992584,0.0,0.0,1.0,0.0,0.0,0.0,0.04587793502844403,0.0,1.0137222308233624,0.0,0.0,0.0,1.0,0.004666666666666667,0.0,1.0,0.0,0.08888888888888889,0.15,True,
0.8085443226933843,0.11811956809955229,1.2638104510354446,1.7627420406210765,0.018879262826228118,0.023914354267347476,9.219619121716969,4.322217867901683,3.4196428562133767,0.27759390485211327,2.148345966656632,0.1539244988523493,0.25857912553824636,2,0.0,1.0,1.9144223104254497e-07,1.440739289300561e-07,0.0,0.7620071834148778,3.310194759920582,0.0,0.0,0.9999999999999999,0.0,0.03333333333333333,1.4263318964075569e-05,0.055014300158113275,0.03333333333333333,0.9634627548726352,0.03333333333333333,0.03333333333333333,0.0,1.0,0.004611111111111111,0.0,1.0,0.0,0.12222222222222222,0.12777777777777777,True,
0.8065893086564885,0.10005624485174903,0.9731066363024158,1.4104402895099626,0.06299418273871199,0.008939076514522689,11.415049888136956,4.39630995149926,4.132823957842179,0.8293679239683733,2.043152432441512,0.31362293378193706,0.2882457820597518,0,10.5,0.8949999999999999,15.09664104721855,10.787763634627288,1.0217619681175365,0.727731014231366,11.039657732364214,0.0,0.011811634471185701,1.0031694238427549,0.0,0.1,0.3746814651117331,0.04374519590053814,0.0,1.00903835650611,0.1,0.1,0.0,1.0,0.006222222222222223,0.0,1.0,0.0,0.11666666666666667,0.016666666666666666,False,
0.8065893086564885,0.10005624485174903,0.9731066363024158,1.4104402895099626,0.06299418273871199,0.008939076514522689,11.415049888136956,4.39630995149926,4.132823957842179,0.8293679239683733,2.043152432441512,0.31362293378193706,0.2882457820597518,1,22.033333333333335,0.779666666666667,32.08293307984547,23.112397094145802,2.1440782886529894,0.7327259374435955,21.21623318261248,0.0,0.0,1.9171914479809764,0.0,0.16666666666666666,0.6461988043695609,0.0319619322596889,0.0,1.150229072636678,0.16666666666666666,0.16666666666666666,0.0,1.0,0.006666666666666666,0.0,1.0,0.0,0.15555555555555556,0.011111111111111112,False,
0.8065893086564885,0.10005624485174903,0.9731066363024158,1.4104402895099626,0.06299418273871199,0.008939076514522689,11.415049888136956,4.39630995149926,4.132823957842179,0.8293679239683733,2.043152432441512,0.31362293378193706,0.2882457820597518,2,0.0,1.0,0.0,0.0,0.0,0.7365241569003478,1.1265075567064002,0.0,0.0,0.009387584964342333,0.0,0.0,0.0,0.04827546012514473,0.0,1.0789369068604129,0.0,0.0,0.0,1.0,0.006,0.0,1.0,0.0,0.08888888888888889,0.022222222222222223,True,
0.7075751274570241,0.030156271290656848,1.0864810147834716,1.3866190166096861,0.05684705742673396,0.002535184480722843,5.511134744570642,3.430478807142928,2.677988552963386,0.5329070791776875,2.75682632672102,0.18003868725838618,0.2100604956306725,0,11.0,0.8900000000000001,15.294099904358944,12.345841526300893,1.1951291162618185,0.8266183113263662,12.831815824558396,0.03821226201562942,0.006668308856395782,2.4888067951021884,0.0,0.1,0.34180340479081794,0.0371953421465935,0.0,0.47561584351717034,0.1,0.1,0.0,1.0,0.005388888888888888,0.0,1.0,0.0,0.12222222222222222,0.016666666666666666,False,
0.7075751274570241,0.030156271290656848,1.0864810147834716,1.3866190166096861,0.05684705742673396,0.002535184480722843,5.511134744570642,3.430478807142928,2.677988552963386,0.5329070791776875,2.75682632672102,0.18003868725838618,0.2100604956306725,1,0.0,1.0,0.0,0.0,0.0,0.8254736213811934,0.27536437625171123,0.0,0.0,1.0,0.0,0.0,0.0,0.053428230169992236,0.0,0.5004562068124556,0.0,0.0,0.0,1.0,0.004777777777777778,0.0,1.0,0.0,0.07777777777777778,0.03888888888888889,True,
0.7075751274570241,0.030156271290656848,1.0864810147834716,1.3866190166096861,0.05684705742673396,0.002535184480722843,5.511134744570642,3.430478807142928,2.677988552963386,0.5329070791776875,2.75682632672102,0.18003868725838618,0.2100604956306725,2,18.1,0.8190000000000001,25.370751066382606,20.763001302201975,1.9665306367580837,0.8433123365976457,16.655433214092266,0.11328983742224548,0.05921557469136488,2.425814797931262,0.0,0.06666666666666667,0.45913123207022394,0.0353344403367049,0.0,0.4795216540866358,0.13333333333333333,0.13333333333333333,0.0,1.0,0.005611111111111111,0.0,1.0,0.0,0.12222222222222222,0.022222222222222223,False,
0.667901546185033,0.12828663519792777,1.094324846053748,1.3000586157222553,0.061787897236853975,0.011167818970002845,9.144311127775989,3.153648831395615,1.9212976112836444,0.8266588257213435,2.2875810971379877,0.1443927220105325,0.2509723319395807,0,11.0,0.8900000000000001,14.03392438485196,12.191037955466582,1.2037573306591227,0.8890475150855052,13.4187246666553,0.13108662464367699,0.023004653798400464,1.5438435083314206,0.0,0.1,0.3660054243587992,0.03687020834125386,0.0,0.07063983042753147,0.13333333333333333,0.13333333333333333,0.0,1.0,0.004555555555555556,0.0,1.0,0.0,0.13333333333333333,0.011111111111111112,False,
0.667901546185033,0.12828663519792777,1.094324846053748,1.3000586157222553,0.061787897236853975,0.011167818970002845,9.144311127775989,3.153648831395615,1.9212976112836444,0.8266588257213435,2.2875810971379877,0.1443927220105325,0.2509723319395807,1,0.0,1.0,0.0,0.0,0.0,0.8873090683932046,0.18586744299135236,0.0,0.0,1.0,0.0,0.0,0.0,0.042383130267878995,0.0,0.13024758676520348,0.0,0.0,0.0,1.0,0.004,0.0,1.0,0.0,0.08333333333333333,0.016666666666666666,True,
0.667901546185033,0.12828663519792777,1.094324846053748,1.3000586157222553,0.061787897236853975,0.011167818970002845,9.144311127775989,3.153648831395615,1.9212976112836444,0.8266588257213435,2.2875810971379877,0.1443927220105325,0.2509723319395807,2,10.0,0.8999999999999998,12.580197642002366,11.060261007805138,1.094324846053748,0.9004441097880613,13.641532710381819,0.07232098738427271,0.08437339988187022,1.6659029570756136,0.0,0.2,0.5490145686579344,0.0391378166183795,0.0,0.09875677459006268,0.2,0.2,0.0,1.0,0.0051111111111111105,0.0,1.0,0.0,0.18888888888888888,0.005555555555555556,False,
0.5726148325030412,0.04038338641028283,0.9858976720431407,1.8025634008106728,0.057411501003838086,0.014930473734431422,8.52125035535856,2.5696563013047866,2.991500256941389,0.32486083195452675,2.0158026924896384,0.37288026213967385,0.33122911215009176,0,57.0,0.42999999999999994,103.98256612060995,61.62707486100451,5.619616730645902,0.5987877420158099,15.971409811016255,1.1613046993213207,0.0003864852838245262,2.098101558653021,0.0,0.06666666666666667,0.31625372384917383,0.00955409731046654,0.0,0.0,0.16666666666666666,0.16666666666666666,0.0,1.0,0.0037777777777777775,0.0,1.0,0.0,0.10555555555555556,0.0,False,
0.5726148325030412,0.04038338641028283,0.9858976720431407,1.8025634008106728,0.057411501003838086,0.014930473734431422,8.52125035535856,2.5696563013047866,2.991500256941389,0.32486083195452675,2.0158026924896384,0.37288026213967385,0.33122911215009176,1,52.03333333333333,0.47966666666666674,93.48800771015269,55.52294602308127,5.129954220197806,0.5997665415215708,29.310096892357283,0.6742277212104606,0.0,3.3616687244328043,0.0,0.1,0.4700072292254546,0.010848338096825411,0.0,0.0,0.23333333333333334,0.23333333333333334,0.0,1.0,0.003944444444444444,0.0,1.0,0.0,0.10555555555555556,0.0,False,
0.5726148325030412,0.04038338641028283,0.9858976720431407,1.8025634008106728,0.057411501003838086,0.014930473734431422,8.52125035535856,2.5696563013047866,2.991500256941389,0.32486083195452675,2.0158026924896384,0.37288026213967385,0.33122911215009176,2,56.0,0.43999999999999984,101.00658563028611,60.05913575212951,5.521026963441588,0.6067703327736464,33.093554987668064,0.9313909452569934,0.0,3.7524181704035655,0.0,0.1,0.5560716281529355,0.009079465620848336,0.0,0.0,0.23333333333333334,0.23333333333333334,0.0,1.0,0.0038333333333333336,0.0,1.0,0.0,0.1111111111111111,0.0,False,
0.8392246325825122,0.06986964936778664,1.1274147393505962,1.1330839691828638,0.04336427963073376,0.02787698250060215,5.359310073614887,4.2587233821033035,1.823280333171755,0.5506474574020259,2.2933244638580144,0.04769570604774566,0.14899712257964953,0,20.0,0.8000000000000003,23.560788097207617,24.051833752190454,2.254829478701192,1.0523909202547879,21.097165188229027,0.0,0.0,4.161557220427907,0.0,0.1,0.4440747050652086,0.029039041805971635,0.0,0.0,0.1,0.1,0.0,1.0,0.0041111111111111105,0.0,1.0,0.0,0.2,0.0,False,
0.8392246325825122,0.06986964936778664,1.1274147393505962,1.1330839691828638,0.04336427963073376,0.02787698250060215,5.359310073614887,4.2587233821033035,1.823280333171755,0.5506474574020259,2.2933244638580144,0.04769570604774566,0.14899712257964953,1,0.0,1.0,0.0,0.0,0.0,1.0504725176629333,0.014922275933676189,0.0,0.0,1.0,0.0,0.0,0.0,0.07058023717251664,0.0,0.17504208323123768,0.0,0.0,0.0,1.0,0.004277777777777778,0.0,1.0,0.0,0.15,0.044444444444444446,True,
0.8392246325825122,0.06986964936778664,1.1274147393505962,1.1330839691828638,0.04336427963073376,0.02787698250060215,5.359310073614887,4.2587233821033035,1.823280333171755,0.5506474574020259,2.2933244638580144,0.04769570604774566,0.14899712257964953,2,0.0,1.0,0.0,0.0,0.0,1.068826054380897,0.0075266557056019884,0.0,0.0,0.9999999999999998,0.0,0.0,0.0,0.07171319118880058,0.0,0.10452081255924618,0.0,0.0,0.0,1.0,0.0045000000000000005,0.0,1.0,0.0,0.17777777777777778,0.044444444444444446,True,
0.5928435272509598,0.0633290413577941,1.4340381573421106,1.257163961226357,0.035443412750487215,0.02336874018972775,6.090890502476457,3.4010728894922773,3.9281667311737736,0.31650117664469957,1.5818712014697662,0.11922770077559204,0.20483813796700734,0,10.233333333333333,0.8976666666666664,13.602397064368729,16.077047365164145,1.4674990476800926,1.204741106729593,15.00624172331497,0.5623496184348228,0.049827263051496797,2.6889802393201183,0.0,0.06666666666666667,0.3446638107140201,0.02594477401279352,0.0,0.12465637980735807,0.06666666666666667,0.06666666666666667,0.0,1.0,0.0032222222222222222,0.0,1.0,0.0,0.09444444444444444,0.011111111111111112,False,
0.5928435272509598,0.0633290413577941,1.4340381573421106,1.257163961226357,0.035443412750487215,0.02336874018972775,6.090890502476457,3.4010728894922773,3.9281667311737736,0.31650117664469957,1.5818712014697662,0.11922770077559204,0.20483813796700734,1,10.0,0.8999999999999998,12.477317855614064,14.751392348970557,1.43403815734211,1.2028368455035356,18.002834958202776,0.20509415414875806,0.0,2.9988448803297283,0.0,0.0,0.0,0.020110109375822395,0.0,0.33427834427999037,0.0,0.0,0.0,1.0,0.003277777777777778,0.0,1.0,0.0,0.06111111111111111,0.011111111111111112,False,
0.5928435272509598,0.0633290413577941,1.4340381573421106,1.257163961226357,0.035443412750487215,0.02336874018972775,6.090890502476457,3.4010728894922773,3.9281667311737736,0.31650117664469957,1.5818712014697662,0.11922770077559204,0.20483813796700734,2,10.0,0.8999999999999998,12.478302939481544,14.931158319234271,1.43403815734211,1.2213671906381813,5.6590540242642025,0.16816870843504722,0.0,0.9234689453648552,0.0,0.0,0.0,0.026769204197283368,0.0,0.15387666068205144,0.0,0.0,0.0,1.0,0.0031111111111111114,0.0,1.0,0.0,0.06666666666666667,0.011111111111111112,False,
0.5914604666271441,0.12476378160328368,1.2964400993503016,1.33126306568819,0.014948770874526927,0.02238883456041898,11.110592810017707,2.7740223595783027,2.930813800494572,0.4629831830472736,2.268108460915149,0.09955847868015029,0.07073105721717547,0,52.0,0.4800000000000001,69.68345234446348,71.68015316329017,6.741488516621568,1.0456529900481792,118.98125375506586,8.138027929434024,22.611383430232774,28.36726319089542,0.0,0.0,0.0,0.0,0.0,0.0,0.0,0.0,0.0,1.0,0.00011111111111111112,0.0005555555555555556,1.0,0.0,0.0,0.0,False,
0.5914604666271441,0.12476378160328368,1.2964400993503016,1.33126306568819,0.014948770874526927,0.02238883456041898,11.110592810017707,2.7740223595783027,2.930813800494572,0.4629831830472736,2.268108460915149,0.09955847868015029,0.07073105721717547,1,50.0,0.5,67.24007087867453,70.23124957857779,6.482200496751512,1.0587311652075142,73.73718201798394,7.780970436883639,0.0,6.8499518255777705,0.0,0.0,0.0,0.0006066603055299058,0.0,0.0,0.0,0.0,0.0,1.0,0.00044444444444444447,0.0011111111111111111,1.0,0.0,0.005555555555555556,0.0,False,
0.5914604666271441,0.12476378160328368,1.2964400993503016,1.33126306568819,0.014948770874526927,0.02238883456041898,11.110592810017707,2.7740223595783027,2.930813800494572,0.4629831830472736,2.268108460915149,0.09955847868015029,0.07073105721717547,2,51.0,0.49000000000000005,68.13835056794319,72.09613808050527,6.6118445066865394,1.0740592923418368,45.011029254827605,7.5376359135741895,0.0,4.168703528286825,0.0,0.0,0.0,0.0003558225198104202,0.0,0.0,0.0,0.0,0.0,1.0,0.0003888888888888889,0.0011111111111111111,1.0,0.0,0.005555555555555556,0.0,False,
0.6371123385935485,0.12257538886508271,0.9927086062809989,1.0420413681220837,0.0498238842481695,0.008349116842689804,8.178950128186973,4.735505802233975,1.6761430611876809,0.9007332882499669,2.0106390988662346,0.16618371252112865,0.09711064950042175,0,32.0,0.6799999999999999,34.56287956883102,34.250712198213165,3.176667540099198,1.0257240173508253,30.551865448242776,2.01378437824588,0.0,2.764089281136243,0.0,0.1,0.7141269786033079,0.021028559247890884,0.0,0.0,0.16666666666666666,0.16666666666666666,0.0,1.0,0.0034999999999999996,0.0,1.0,0.0,0.12222222222222222,0.0,False,
0.6371123385935485,0.12257538886508271,0.9927086062809989,1.0420413681220837,0.0498238842481695,0.008349116842689804,8.178950128186973,4.735505802233975,1.6761430611876809,0.9007332882499669,2.0106390988662346,0.16618371252112865,0.09711064950042175,1,39.56666666666667,0.6043333333333334,44.04558316022936,43.07388569143826,3.9278170521851528,1.0069661616689298,29.24706149748197,2.2282617011986843,0.0,3.7946842053135685,0.0,0.2,0.90234960385514,0.029894227901545233,0.0,0.20094986197900735,0.2,0.2,0.0,1.0,0.0037777777777777775,0.0,1.0,0.0,0.1111111111111111,0.011111111111111112,False,
0.6371123385935485,0.12257538886508271,0.9927086062809989,1.0420413681220837,0.0498238842481695,0.008349116842689804,8.178950128186973,4.735505802233975,1.6761430611876809,0.9007332882499669,2.0106390988662346,0.16618371252112865,0.09711064950042175,2,31.0,0.6900000000000002,33.420737792946326,33.14395830870732,3.0773966794710956,1.0264946901955898,25.485892740698368,1.8880881285136195,0.0,3.163771632599223,0.0,0.13333333333333333,0.5685354469244991,0.03173523047073969,0.0,0.0,0.13333333333333333,0.13333333333333333,0.0,1.0,0.003944444444444444,0.0,1.0,0.0,0.15555555555555556,0.0,False,
0.8469094165796636,0.08159808350087522,0.9914206036070765,1.2673759574225039,0.07137558897266506,0.017270816309696065,11.301132913282487,3.588848420177346,3.9739102382718796,0.5118691593973241,1.3889243981822557,0.1743507817967475,0.10631590105635333,0,64.93333333333334,0.3506666666666665,84.49973996947233,70.24935674631253,6.437624452755285,0.8439437784394804,41.34953273070351,0.14552675442544047,0.0,2.5375816563633284,0.0,0.23333333333333334,1.6217444137975443,0.035149055079381195,0.0,0.6057198218696074,0.5,0.5,0.0,1.0,0.008166666666666666,0.0,1.0,0.0,0.2222222222222222,0.011111111111111112,False,
0.8469094165796636,0.08159808350087522,0.9914206036070765,1.2673759574225039,0.07137558897266506,0.017270816309696065,11.301132913282487,3.588848420177346,3.9739102382718796,0.5118691593973241,1.3889243981822557,0.1743507817967475,0.10631590105635333,1,56.36666666666667,0.4363333333333333,73.23517880946363,60.743813182475535,5.588307468998554,0.8410918647689488,38.06219350331208,0.12437988870879901,0.01713987041418784,2.520805401141752,0.0,0.2,1.6240194121125604,0.03650157525208672,0.0,0.6164562410343928,0.5333333333333333,0.5333333333333333,0.0,1.0,0.00811111111111111,0.0,1.0,0.0,0.24444444444444444,0.011111111111111112,False,
0.8469094165796636,0.08159808350087522,0.9914206036070765,1.2673759574225039,0.07137558897266506,0.017270816309696065,11.301132913282487,3.588848420177346,3.9739102382718796,0.5118691593973241,1.3889243981822557,0.1743507817967475,0.10631590105635333,2,67.06666666666666,0.32933333333333337,86.29736622035668,72.06646109841753,6.649127514858124,0.8508651851012956,44.0275060227156,0.1480009893497301,0.0,2.5371041119792164,0.0,0.16666666666666666,1.2103545685785961,0.03363774463919447,0.0,0.6010021422751426,0.4,0.4,0.0,1.0,0.007888888888888888,0.0,1.0,0.0,0.19444444444444445,0.011111111111111112,False,
0.9026475268212388,0.1058216784742552,0.9077099378610263,1.8696165618460314,0.028566777546337917,0.0014595242736203152,8.062283407377766,3.7750460968779835,2.228275033493179,0.30135942617262323,2.153699852587749,0.366433079684783,0.341584606095404,0,0.0,1.0,0.0,0.0,0.0,0.5110160149797718,0.010307602890739651,0.0,0.0,1.0,0.0,0.0,0.0,0.049141884600747074,0.0,0.8649472661506735,0.0,0.0,0.0,1.0,0.005555555555555556,0.0,1.0,0.0,0.06666666666666667,0.05555555555555555,True,
0.9026475268212388,0.1058216784742552,0.9077099378610263,1.8696165618460314,0.028566777546337917,0.0014595242736203152,8.062283407377766,3.7750460968779835,2.228275033493179,0.30135942617262323,2.153699852587749,0.366433079684783,0.341584606095404,1,0.0,1.0,0.0,0.0,0.0,0.5105380910266466,0.010116417080123289,0.0,0.0,1.0,0.0,0.0,0.0,0.04970500182946217,0.0,0.8588086666328562,0.0,0.0,0.0,1.0,0.005555555555555556,0.0,1.0,0.0,0.07222222222222222,0.06111111111111111,True,
0.9026475268212388,0.1058216784742552,0.9077099378610263,1.8696165618460314,0.028566777546337917,0.0014595242736203152,8.062283407377766,3.7750460968779835,2.228275033493179,0.30135942617262323,2.153699852587749,0.366433079684783,0.341584606095404,2,0.0,1.0,0.0,0.0,0.0,0.5155342848633176,0.011581576281729946,0.0,0.0,1.0,0.0,0.0,0.0,0.03806260765044611,0.0,0.8670739222803904,0.0,0.0,0.0,1.0,0.005555555555555556,0.0,1.0,0.0,0.05,0.05555555555555555,True,
0.8406785861128404,0.03283972811565771,0.996747986882727,1.6985805965998342,0.03863818071726065,0.008108009656960301,8.738454960232591,3.286542174418826,3.8795309804010816,0.8535295818621894,2.8791046746882,0.10590364387804563,0.30969532840447234,0,11.0,0.8900000000000001,18.79443989179323,11.425155877705834,1.0964227855709998,0.6180108796997239,17.1407502957395,0.014283518716263353,0.0,2.0657668224086407,0.0,0.13333333333333333,0.3826475390496969,0.037369813165183646,0.0,0.7594341936558965,0.13333333333333333,0.13333333333333333,0.0,1.0,0.006111111111111111,0.0,1.0,0.0,0.1,0.027777777777777776,False,
0.8406785861128404,0.03283972811565771,0.996747986882727,1.6985805965998342,0.03863818071726065,0.008108009656960301,8.738454960232591,3.286542174418826,3.8795309804010816,0.8535295818621894,2.8791046746882,0.10590364387804563,0.30969532840447234,1,11.8,0.8819999999999998,20.605209864916752,12.5349823127225,1.176162624521618,0.6173563392015967,15.850923157249685,0.0,0.009386078015982164,1.9302535706513915,0.0,0.13333333333333333,0.32468337730226604,0.034507134796404056,0.0,0.7625802108216108,0.13333333333333333,0.13333333333333333,0.0,1.0,0.006333333333333333,0.0,1.0,0.0,0.1111111111111111,0.022222222222222223,False,
0.8406785861128404,0.03283972811565771,0.996747986882727,1.6985805965998342,0.03863818071726065,0.008108009656960301,8.738454960232591,3.286542174418826,3.8795309804010816,0.8535295818621894,2.8791046746882,0.10590364387804563,0.30969532840447234,2,10.0,0.8999999999999998,16.553501534254377,10.163794963603227,0.9967479868827271,0.6240774094622837,17.072830146876022,0.010935107467910637,0.005847483584236742,1.9660135886243744,0.0,0.13333333333333333,0.3767361072809661,0.03709328684559239,0.0,0.7459105042377555,0.13333333333333333,0.13333333333333333,0.0,1.0,0.006166666666666667,0.0,1.0,0.0,0.1,0.027777777777777776,False,
0.7632832379389751,0.04708489181097478,1.062031090265259,1.8140021137558724,0.05274507679859092,0.010450526085776509,7.772727821699315,3.7337288510645608,4.0554211667449955,0.5934242980853264,2.7467325710944026,0.48958782095613007,0.15849772446424343,0,39.3,0.6069999999999999,72.03694638341481,44.86734128743191,4.173782184742467,0.6286104749681126,33.9738324879424,0.25066613144246475,0.0,4.141039577402435,0.0,0.1,0.6987834396699744,0.018122578702643038,0.0,0.7081695970226557,0.2,0.2,0.0,1.0,0.005055555555555555,0.0,1.0,0.0,0.07222222222222222,0.005555555555555556,False,
0.7632832379389751,0.04708489181097478,1.062031090265259,1.8140021137558724,0.05274507679859092,0.010450526085776509,7.772727821699315,3.7337288510645608,4.0554211667449955,0.5934242980853264,2.7467325710944026,0.48958782095613007,0.15849772446424343,1,22.0,0.7800000000000001,41.55825694805787,25.607351703209805,2.33646839858357,0.6252673361249136,1.7784558968593946,0.20701428313629197,0.0,0.23076335590563493,0.0,0.0,0.0,0.014201084075075051,0.0,0.6975743803349407,0.0,0.0,0.0,1.0,0.004055555555555555,0.0,1.0,0.0,0.022222222222222223,0.011111111111111112,False,
0.7632832379389751,0.04708489181097478,1.062031090265259,1.8140021137558724,0.05274507679859092,0.010450526085776509,7.772727821699315,3.7337288510645608,4.0554211667449955,0.5934242980853264,2.7467325710944026,0.48958782095613007,0.15849772446424343,2,36.1,0.6389999999999998,67.66707509339089,41.75047153755707,3.8339322358575845,0.6338622241806937,26.704933585297415,0.24454949216192834,0.002843052571753883,2.8194810700655424,0.0,0.1,0.7231479567043892,0.023702634051733357,0.0,0.7210159392948358,0.2,0.2,0.0,1.0,0.0055000000000000005,0.0,1.0,0.0,0.11666666666666667,0.011111111111111112,False,
0.9016608841466542,0.11009869380617432,1.1845159396943985,0.9506963275626724,0.035936191000750635,0.010992547430682766,7.70051885229412,2.5479519120850056,2.551292038745399,0.6956827257861227,1.922294620638467,0.32466972884149403,0.2705619362659437,0,0.0,1.0,4.502401931604846e-116,5.733665612666319e-116,0.0,1.3221150834028694,0.007389682120876039,3.585241668056685e-117,0.0,0.10892983411396795,0.0,0.0,0.0,0.04410339261585775,0.0,0.4775405675450649,0.0,0.0,0.0,1.0,0.005888888888888889,0.0005555555555555556,1.0,0.0,0.1,0.03333333333333333,True,
0.9016608841466542,0.11009869380617432,1.1845159396943985,0.9506963275626724,0.035936191000750635,0.010992547430682766,7.70051885229412,2.5479519120850056,2.551292038745399,0.6956827257861227,1.922294620638467,0.32466972884149403,0.2705619362659437,1,4.866666666666666,0.9513333333333333,4.754222142433781,6.085767717262017,0.6041031292441432,1.3213634766732125,23.69712436706429,0.0007399205027572853,3.1855798073702433,5.467021980817913,0.0,0.16666666666666666,1.4407332896827603,0.048286658238846224,0.0,0.48369420689192233,0.6333333333333333,0.5,0.13333333333333333,1.0,0.009000000000000001,0.008888888888888889,1.0,0.0,0.18888888888888888,0.027777777777777776,False,
0.9016608841466542,0.11009869380617432,1.1845159396943985,0.9506963275626724,0.035936191000750635,0.010992547430682766,7.70051885229412,2.5479519120850056,2.551292038745399,0.6956827257861227,1.922294620638467,0.32466972884149403,0.2705619362659437,2,10.0,0.8999999999999998,8.739895903342068,11.31314669550056,1.1845159396943987,1.3478055938087001,10.008759716738702,0.0,0.0,1.250250278199135,0.0,0.0,0.0,0.033712964840843414,0.0,0.4967759201428814,0.0,0.0,0.0,1.0,0.005611111111111111,0.0,1.0,0.0,0.08888888888888889,0.022222222222222223,False,
0.6041702138158948,0.11905805464265151,1.202973626999715,1.1406085633822876,0.023208875405314133,0.018328613973733046,9.267400729775598,2.749739295206754,4.520571122463272,0.8087546787926836,2.8212694657091397,0.47616880040635434,0.1569664765014899,0,67.0,0.32999999999999996,77.49293861681336,84.00139695661252,8.059923300898095,1.1232260986083156,143.94783520311114,7.182117940784535,45.18658786099207,38.22054729766595,0.0,0.0,0.0,0.0,0.0,0.0,0.0,0.0,0.0,1.0,0.00022222222222222223,0.0,1.0,0.0,0.0,0.0,False,
0.6041702138158948,0.11905805464265151,1.202973626999715,1.1406085633822876,0.023208875405314133,0.018328613973733046,9.267400729775598,2.749739295206754,4.520571122463272,0.8087546787926836,2.8212694657091397,0.47616880040635434,0.1569664765014899,1,54.833333333333336,0.4516666666666667,63.50841218757946,68.59496188921732,6.596305388048439,1.1139828763016049,133.0976889174884,5.562438800800555,0.0,14.790684339967353,0.0,0.0,0.0,0.0,0.0,0.0,0.03333333333333333,0.03333333333333333,0.0,1.0,0.0007222222222222222,0.0,1.0,0.0,0.0,0.0,False,
0.6041702138158948,0.11905805464265151,1.202973626999715,1.1406085633822876,0.023208875405314133,0.018328613973733046,9.267400729775598,2.749739295206754,4.520571122463272,0.8087546787926836,2.8212694657091397,0.47616880040635434,0.1569664765014899,2,64.0,0.35999999999999993,72.41010989548958,79.85230408724556,7.699031212798179,1.1396896009937512,141.04879816203064,5.609730107201925,47.71617891243701,31.187091405610428,0.0,0.0,0.0,0.0,0.0,0.0,0.03333333333333333,0.03333333333333333,0.0,1.0,0.0003888888888888889,0.0,1.0,0.0,0.0,0.0,False,
0.7438603941935128,0.09502237559682254,1.2643894275504535,1.1870258392126776,0.013438567233157611,0.02536705113073415,5.977044235108794,3.2260167080293476,3.0605796510802317,0.29183025013807096,1.623035483444558,0.34027205122364235,0.07740885320047444,0,77.0,0.23000000000000007,93.05141323038372,105.07371598484467,9.735798592138497,1.1516995910665695,143.60870186901565,0.533552039880606,0.0,24.604037662663966,0.0,0.0,0.0,0.0,0.0,0.0,0.0,0.0,0.0,1.0,0.0003888888888888889,0.0,1.0,0.0,0.0,0.0,False,
0.7438603941935128,0.09502237559682254,1.2643894275504535,1.1870258392126776,0.013438567233157611,0.02536705113073415,5.977044235108794,3.2260167080293476,3.0605796510802317,0.29183025013807096,1.623035483444558,0.34027205122364235,0.07740885320047444,1,77.0,0.23000000000000007,92.03138954274556,104.02989265405445,9.735798592138497,1.1465886902731526,227.99982987736374,1.0693657065738522,0.0,38.9295640776423,0.0,0.0,0.0,0.0,0.0,0.0,0.0,0.0,0.0,1.0,0.00016666666666666666,0.0,1.0,0.0,0.0,0.0,False,
0.7438603941935128,0.09502237559682254,1.2643894275504535,1.1870258392126776,0.013438567233157611,0.02536705113073415,5.977044235108794,3.2260167080293476,3.0605796510802317,0.29183025013807096,1.623035483444558,0.34027205122364235,0.07740885320047444,2,76.0,0.24000000000000005,90.56785948792383,103.71639005384439,9.609359649383448,1.1680301833597453,147.83560209096407,0.5107113400652883,0.0,25.250907435589472,0.0,0.0,0.0,0.0,0.0,0.0,0.0,0.0,0.0,1.0,0.0003888888888888889,0.0,1.0,0.0,0.0,0.0,False,
0.6319753675295293,0.07527936245217642,0.9314496898338746,1.0086358934829023,0.030289909882945627,0.024675725621521993,11.150183209923263,4.1593872344745,3.4820588123235687,0.8502757303262015,2.661494642084336,0.19531745584870863,0.2901864582679995,0,0.0,1.0,0.0,0.0,0.0,0.978727394083837,0.007878832707011459,0.0,0.0,1.0,0.0,0.0,0.0,0.054979389797024145,0.0,0.6641212557003175,0.0,0.0,0.0,1.0,0.004611111111111111,0.0,1.0,0.0,0.07777777777777778,0.05,True,
0.6319753675295293,0.07527936245217642,0.9314496898338746,1.0086358934829023,0.030289909882945627,0.024675725621521993,11.150183209923263,4.1593872344745,3.4820588123235687,0.8502757303262015,2.661494642084336,0.19531745584870863,0.2901864582679995,1,0.0,1.0,4.425624767374701e-07,4.1593872344745e-07,0.0,0.9766273257325653,4.658297825074021,0.0,0.0,0.9413933240852388,0.0,0.03333333333333333,4.1593872344745006e-07,0.0655612883763519,0.03333333333333333,0.641170791553862,0.1,0.1,0.0,1.0,0.0051111111111111105,0.0005555555555555556,1.0,0.0,0.1,0.05,True,
0.6319753675295293,0.07527936245217642,0.9314496898338746,1.0086358934829023,0.030289909882945627,0.024675725621521993,11.150183209923263,4.1593872344745,3.4820588123235687,0.8502757303262015,2.661494642084336,0.19531745584870863,0.2901864582679995,2,0.0,1.0,0.0,0.0,0.0,0.9963677289612534,0.0032483907399299635,0.0,0.0,1.0,0.0,0.0,0.0,0.07526454773444431,0.0,0.7670976676482204,0.0,0.0,0.0,1.0,0.005,0.0,1.0,0.0,0.08888888888888889,0.08333333333333333,True,
0.7516649081826925,0.11260389538081413,1.1448110310786048,1.3358076006227364,0.07108256196829861,0.012056513158564805,9.765261996657348,3.5415574924475663,3.9657215299954687,0.3330553442942922,1.117017137319964,0.13495113717588586,0.09516317763192683,0,42.0,0.58,57.47683606183627,52.35701410021569,4.808206330530141,0.9218941657338228,32.05379419590814,0.4455419177285935,0.0,3.3597781104081514,0.0,0.26666666666666666,1.3331707658536096,0.03730694338439095,0.0,0.40231576308768846,0.36666666666666664,0.36666666666666664,0.0,1.0,0.006611111111111111,0.0,1.0,0.0,0.23333333333333334,0.016666666666666666,False,
0.7516649081826925,0.11260389538081413,1.1448110310786048,1.3358076006227364,0.07108256196829861,0.012056513158564805,9.765261996657348,3.5415574924475663,3.9657215299954687,0.3330553442942922,1.117017137319964,0.13495113717588586,0.09516317763192683,1,32.53333333333333,0.674666666666667,45.1356660193924,40.79588559465233,3.7244518877757287,0.9171923098073057,27.39627313409682,0.5621865180321204,0.0,2.959894152115669,0.0,0.3333333333333333,1.3349646703831122,0.03639632134848956,0.0,0.38547765769392045,0.36666666666666664,0.36666666666666664,0.0,1.0,0.006611111111111111,0.0,1.0,0.0,0.2722222222222222,0.005555555555555556,False,
0.7516649081826925,0.11260389538081413,1.1448110310786048,1.3358076006227364,0.07108256196829861,0.012056513158564805,9.765261996657348,3.5415574924475663,3.9657215299954687,0.3330553442942922,1.117017137319964,0.13495113717588586,0.09516317763192683,2,38.0,0.62,51.26641243885679,47.3467616200135,4.3502819180987,0.9398298978895788,30.793568177466373,0.2908649614679521,0.0,3.175944279774776,0.0,0.23333333333333334,0.9814153335613276,0.03536808606606276,0.0,0.4517428451200676,0.26666666666666666,0.26666666666666666,0.0,1.0,0.006666666666666666,0.0,1.0,0.0,0.22777777777777777,0.011111111111111112,False,
0.6705384062379832,0.07042817140556731,1.3600350980086986,1.692460189223341,0.014282487256482995,0.015805203998133142,7.214451018177925,3.7938797905696586,4.642930700291216,0.2871443037010473,2.5639071295130273,0.06526525910376797,0.3283757246798302,0,88.83333333333333,0.11166666666666662,152.574364256806,132.22914759276014,12.081645120643941,0.8874719703135476,41.93978299927009,0.192513076211287,0.0,5.918335755908278,0.0,0.0,0.0,0.0028041771956649635,0.0,0.0,0.0,0.0,0.0,1.0,0.0011111111111111111,0.0,1.0,0.0,0.027777777777777776,0.0,False,
0.6705384062379832,0.07042817140556731,1.3600350980086986,1.692460189223341,0.014282487256482995,0.015805203998133142,7.214451018177925,3.7938797905696586,4.642930700291216,0.2871443037010473,2.5639071295130273,0.06526525910376797,0.3283757246798302,1,92.0,0.07999999999999999,156.64664967605702,136.93200747931058,12.512322901680026,0.882020441813481,52.27567590715214,0.5584671520187073,0.0,7.39156557415223,0.0,0.0,0.0,0.004065544767519218,0.0,0.0,0.0,0.0,0.0,1.0,0.001388888888888889,0.0,1.0,0.0,0.044444444444444446,0.0,False,
0.6705384062379832,0.07042817140556731,1.3600350980086986,1.692460189223341,0.014282487256482995,0.015805203998133142,7.214451018177925,3.7938797905696586,4.642930700291216,0.2871443037010473,2.5639071295130273,0.06526525910376797,0.3283757246798302,2,66.73333333333333,0.3326666666666666,114.49494738246618,99.30100621693302,9.075967554044716,0.8836679284737189,41.817657482370464,0.0,0.0,5.728795531973672,0.0,0.0,0.0,0.0036439813440283476,0.0,0.0,0.0,0.0,0.0,1.0,0.0012222222222222222,0.0,1.0,0.0,0.03888888888888889,0.0,False,
0.8644495286267515,0.091089737334488,1.4228979506296184,1.6126924155814049,0.055967077263301385,0.020608992693174656,7.202447770186083,4.698209453930895,4.158944222417527,0.7736313448106578,2.5448379380750183,0.0809072078705319,0.24512546176006425,0,0.0,1.0,0.0,0.0,0.0,0.9295672577072054,0.1471457088121132,0.0,0.0,1.0,0.0,0.0,0.0,0.09244984202187234,0.0,1.1181760836146728,0.0,0.0,0.0,1.0,0.004888888888888889,0.0,1.0,0.0,0.1,0.12222222222222222,True,
0.8644495286267515,0.091089737334488,1.4228979506296184,1.6126924155814049,0.055967077263301385,0.020608992693174656,7.202447770186083,4.698209453930895,4.158944222417527,0.7736313448106578,2.5448379380750183,0.0809072078705319,0.24512546176006425,1,0.0,1.0,0.0,0.0,0.0,0.9285135964878182,0.19016941903794313,0.0,0.0,1.0,0.0,0.0,0.0,0.07692108795810261,0.0,1.077899522987025,0.0,0.0,0.0,1.0,0.004777777777777778,0.0,1.0,0.0,0.09444444444444444,0.13333333333333333,True,
0.8644495286267515,0.091089737334488,1.4228979506296184,1.6126924155814049,0.055967077263301385,0.020608992693174656,7.202447770186083,4.698209453930895,4.158944222417527,0.7736313448106578,2.5448379380750183,0.0809072078705319,0.24512546176006425,2,0.0,1.0,0.0,0.0,0.0,0.939229665946389,0.12080320349555669,0.0,0.0,1.0,0.0,0.0,0.0,0.06555866932420967,0.0,1.2888833993291742,0.0,0.0,0.0,1.0,0.005055555555555555,0.0,1.0,0.0,0.08333333333333333,0.12222222222222222,True,
0.7525689533168343,0.04655929463732861,1.2180354445181423,1.8916775952739047,0.042489177576120474,0.009051052197831495,5.7593129434320325,2.8220521447238363,1.99568339912209,0.6886008526840338,1.8780710422782039,0.2219415537591943,0.16562107529717807,0,21.0,0.7899999999999998,41.321423921593826,27.98124428792922,2.5578744334880974,0.6836032888389004,0.9588059405157333,0.24815380517744354,0.0,0.18895384632379653,0.0,0.0,0.0,0.01166796289543878,0.0,0.44111554348590576,0.0,0.0,0.0,1.0,0.003944444444444444,0.0,1.0,0.0,0.027777777777777776,0.005555555555555556,False,
0.7525689533168343,0.04655929463732861,1.2180354445181423,1.8916775952739047,0.042489177576120474,0.009051052197831495,5.7593129434320325,2.8220521447238363,1.99568339912209,0.6886008526840338,1.8780710422782039,0.2219415537591943,0.16562107529717807,1,20.0,0.8000000000000003,38.92573086224404,26.74533200517918,2.436070889036285,0.6885385792932338,1.1894868894699422,0.25637165758148495,0.0,0.22332858929182714,0.0,0.0,0.0,0.011397697252638773,0.0,0.4404379432215359,0.0,0.0,0.0,1.0,0.0038888888888888888,0.0,1.0,0.0,0.027777777777777776,0.005555555555555556,False,
0.7525689533168343,0.04655929463732861,1.2180354445181423,1.8916775952739047,0.042489177576120474,0.009051052197831495,5.7593129434320325,2.8220521447238363,1.99568339912209,0.6886008526840338,1.8780710422782039,0.2219415537591943,0.16562107529717807,2,41.53333333333333,0.5846666666666668,81.25791197183298,55.73456583471141,5.058907212898682,0.6985077018190161,26.66373971557791,0.37795645312895565,0.0,4.48984970829208,0.0,0.1,0.6918584269863219,0.011962172504697869,0.0,0.45946966977171266,0.2,0.2,0.0,1.0,0.004555555555555556,0.0,1.0,0.0,0.06111111111111111,0.005555555555555556,False,
0.7742525083716659,0.05490663655536643,1.2697635670986456,1.9033696140781249,0.05798482756450045,0.025384802506309596,10.581102378227882,2.9084005827382327,1.7570690139034817,0.6582750098726695,1.916473687060339,0.3959743880563976,0.060277888143150604,0,40.0,0.6000000000000001,77.38736340554723,55.062092359127014,5.0790542683945805,0.7187993787495387,34.602884309194245,0.7261868289174654,0.0,3.3198736197906755,0.0,0.16666666666666666,0.8910539750627942,0.02158308676255037,0.0,0.2757970321819535,0.23333333333333334,0.23333333333333334,0.0,1.0,0.005,0.0,1.0,0.0,0.11666666666666667,0.011111111111111112,False,
0.7742525083716659,0.05490663655536643,1.2697635670986456,1.9033696140781249,0.05798482756450045,0.025384802506309596,10.581102378227882,2.9084005827382327,1.7570690139034817,0.6582750098726695,1.916473687060339,0.3959743880563976,0.060277888143150604,1,42.0,0.58,81.29564703504822,57.27601100770309,5.333006981814313,0.7099712225987449,34.62990750896263,0.6971951812469099,0.0,1.1017629026776874,0.0,0.1,0.6541373677993921,0.02257818328982064,0.0,0.22717342711938854,0.23333333333333334,0.23333333333333334,0.0,1.0,0.005388888888888888,0.0,1.0,0.0,0.13333333333333333,0.005555555555555556,False,
0.7742525083716659,0.05490663655536643,1.2697635670986456,1.9033696140781249,0.05798482756450045,0.025384802506309596,10.581102378227882,2.9084005827382327,1.7570690139034817,0.6582750098726695,1.916473687060339,0.3959743880563976,0.060277888143150604,2,38.0,0.62,73.81009744281893,52.32786606416935,4.825101554974852,0.7141449635757434,33.16589542483294,0.5914640455972027,0.0,1.8719277888375216,0.0,0.13333333333333333,1.0022078935776946,0.023230317001633312,0.0,0.22882165753099415,0.3,0.3,0.0,1.0,0.005,0.0,1.0,0.0,0.1111111111111111,0.011111111111111112,False,
0.7474427377891643,0.0735678764240432,1.2332122668428354,1.1356878137916908,0.039698087557910045,0.0011953191643280193,10.805757021915909,2.70376085786937,2.9447634534448177,0.2581522440143674,2.7595805291514734,0.09194147742445638,0.08579215559087731,0,20.0,0.8000000000000003,22.69697538076826,25.168453694233513,2.4664245336856703,1.1484681348471788,24.033330650640423,0.09805934956711268,0.28215815986085213,2.256686256461556,0.0,0.0,0.0,0.04397948312033481,0.0,0.5177547651697357,0.0,0.0,0.0,1.0,0.00938888888888889,0.0022222222222222222,1.0,0.0,0.08333333333333333,0.027777777777777776,False,
0.7474427377891643,0.0735678764240432,1.2332122668428354,1.1356878137916908,0.039698087557910045,0.0011953191643280193,10.805757021915909,2.70376085786937,2.9447634534448177,0.2581522440143674,2.7595805291514734,0.09194147742445638,0.08579215559087731,1,20.933333333333334,0.7906666666666669,25.215202798802242,28.013609243981964,2.5815243452576686,1.1463812372343667,24.53881821313546,0.15577600259692517,0.007566969451431731,2.4678606522256663,0.0,0.06666666666666667,0.26602468186350575,0.04716750796166459,0.0,0.23181259903769785,0.06666666666666667,0.06666666666666667,0.0,1.0,0.008444444444444444,0.003333333333333333,1.0,0.0,0.12222222222222222,0.016666666666666666,False,
0.7474427377891643,0.0735678764240432,1.2332122668428354,1.1356878137916908,0.039698087557910045,0.0011953191643280193,10.805757021915909,2.70376085786937,2.9447634534448177,0.2581522440143674,2.7595805291514734,0.09194147742445638,0.08579215559087731,2,47.46666666666667,0.5253333333333333,56.11683042198002,63.18902652871009,5.853647559947324,1.1663540377511297,32.80157225376324,0.173845187904477,0.0,2.858190708536937,0.0,0.0,0.0,0.022482391765092834,0.0,0.3700943841846283,0.0,0.0,0.0,1.0,0.006111111111111111,0.0011111111111111111,1.0,0.0,0.07222222222222222,0.005555555555555556,False,
0.7686557643584957,0.08584538976584659,1.3911987683242715,1.3837374451436648,0.05808025040735822,0.019349500317266073,7.488084883641749,3.7052980031980525,4.217298821777607,0.86491491350653,2.77659342294033,0.3858804013158297,0.24355662623222363,0,0.0,1.0,0.0,0.0,0.0,1.0606811388621604,0.29107004289937594,0.0,0.0,1.0,0.0,0.0,0.0,0.08276290803932844,0.0,0.7596211329824635,0.0,0.0,0.0,1.0,0.0051666666666666675,0.0,1.0,0.0,0.08888888888888889,0.09444444444444444,True,
0.7686557643584957,0.08584538976584659,1.3911987683242715,1.3837374451436648,0.05808025040735822,0.019349500317266073,7.488084883641749,3.7052980031980525,4.217298821777607,0.86491491350653,2.77659342294033,0.3858804013158297,0.24355662623222363,1,0.0,1.0,0.0,0.0,0.0,1.0592082219102044,0.3141976017444252,0.0,0.0,0.9999999999999999,0.0,0.0,0.0,0.08387297954686734,0.0,0.8190633550828369,0.0,0.0,0.0,1.0,0.005222222222222223,0.0,1.0,0.0,0.08888888888888889,0.09444444444444444,True,
0.7686557643584957,0.08584538976584659,1.3911987683242715,1.3837374451436648,0.05808025040735822,0.019349500317266073,7.488084883641749,3.7052980031980525,4.217298821777607,0.86491491350653,2.77659342294033,0.3858804013158297,0.24355662623222363,2,0.0,1.0,0.0,0.0,0.0,1.0737800907160466,0.3702873324662139,0.0,0.0,1.0,0.0,0.0,0.0,0.06889604728278441,0.0,0.84942562736655,0.0,0.0,0.0,1.0,0.005277777777777778,0.0,1.0,0.0,0.07777777777777778,0.09444444444444444,True,
0.8057175504068792,0.048707639218723175,1.1743863372630268,1.9265920025862378,0.06387868912593503,0.020646011499606133,11.491604580380656,2.7099119698904763,2.9631762013970118,0.6680049318809163,1.2646757533691297,0.23494500596366222,0.258935269457818,0,31.0,0.6900000000000002,61.88399728643965,39.62872976322752,3.640597645515385,0.6448067790977505,29.26589583350681,0.024956822191096347,0.0,2.627644061817796,0.0,0.3333333333333333,1.1400438123730396,0.029144193878299546,0.0,0.6489612820417864,0.4,0.4,0.0,1.0,0.0071111111111111115,0.0,1.0,0.0,0.15555555555555556,0.011111111111111112,False,
0.8057175504068792,0.048707639218723175,1.1743863372630268,1.9265920025862378,0.06387868912593503,0.020646011499606133,11.491604580380656,2.7099119698904763,2.9631762013970118,0.6680049318809163,1.2646757533691297,0.23494500596366222,0.258935269457818,1,20.033333333333335,0.799666666666667,39.7861685795172,25.50161550763407,2.3526872956502642,0.6440544536461759,24.81093037182437,0.013060830277265626,0.0,2.2040658143399465,0.0,0.26666666666666666,0.8671159625045163,0.030397342568483504,0.0,0.692907802428138,0.3,0.3,0.0,1.0,0.0074444444444444445,0.0,1.0,0.0,0.2,0.011111111111111112,False,
0.8057175504068792,0.048707639218723175,1.1743863372630268,1.9265920025862378,0.06387868912593503,0.020646011499606133,11.491604580380656,2.7099119698904763,2.9631762013970118,0.6680049318809163,1.2646757533691297,0.23494500596366222,0.258935269457818,2,20.0,0.8000000000000003,39.228612565443285,25.211543444098854,2.348772674526054,0.6474588333043171,20.273625751755002,0.021913973066684855,0.01267220922119521,1.8440659355999864,0.0,0.16666666666666666,0.6592979870109691,0.03225733526426519,0.0,0.683426780222251,0.23333333333333334,0.23333333333333334,0.0,1.0,0.007277777777777777,0.0,1.0,0.0,0.19444444444444445,0.005555555555555556,False,
0.5738168497661281,0.08260780411084698,0.9809237784334112,1.835314318437814,0.06672863943042288,0.02086698840614747,5.8003375280595675,3.839730765032961,2.525158943723506,0.5535971536907421,1.565491240163989,0.361808576056006,0.22915834018982634,0,52.0,0.4800000000000001,95.50006603048638,55.272075157918685,5.100803647853739,0.5831406324392535,16.459010262512926,5.20524874214706,0.0,1.9880449411301748,0.0,0.03333333333333333,0.2361845668100503,0.009188780424213153,0.0,0.0,0.1,0.1,0.0,1.0,0.0026666666666666666,0.0,1.0,0.0,0.08888888888888889,0.0,False,
0.5738168497661281,0.08260780411084698,0.9809237784334112,1.835314318437814,0.06672863943042288,0.02086698840614747,5.8003375280595675,3.839730765032961,2.525158943723506,0.5535971536907421,1.565491240163989,0.361808576056006,0.22915834018982634,1,52.0,0.4800000000000001,96.07358518156954,55.867378540653995,5.100803647853739,0.5857434123995728,15.045384771204487,4.56894314894248,0.0,1.8716083869930396,0.0,0.06666666666666667,0.46492441892258424,0.011141898299928479,0.0,0.0,0.16666666666666666,0.16666666666666666,0.0,1.0,0.0028888888888888888,0.0,1.0,0.0,0.1,0.0,False,
0.5738168497661281,0.08260780411084698,0.9809237784334112,1.835314318437814,0.06672863943042288,0.02086698840614747,5.8003375280595675,3.839730765032961,2.525158943723506,0.5535971536907421,1.565491240163989,0.361808576056006,0.22915834018982634,2,50.0,0.5,91.64782643054625,53.47782367410735,4.904618892167056,0.5917661110901498,7.149766980628035,4.132485658538392,0.0,0.33177087831522944,0.0,0.03333333333333333,0.23152698287708484,0.010396499303582702,0.0,0.0,0.06666666666666667,0.06666666666666667,0.0,1.0,0.002777777777777778,0.0,1.0,0.0,0.12777777777777777,0.0,False,
0.6322204480042061,0.054079769384815624,0.938008207232175,1.4976214295833565,0.07171158028898442,0.021537513912840617,8.321055643040193,3.0971370387037216,4.294601106363835,0.9344146150791715,2.162377665367259,0.10494096439399779,0.07869715681437964,0,37.0,0.63,56.05177180661083,37.57489358781259,3.470630366759049,0.6833254182402968,19.44707791739361,1.1994088840473893,0.0,2.4155142603089534,0.0,0.16666666666666666,0.5352031481342837,0.017992924033508138,0.0,0.0,0.2,0.2,0.0,1.0,0.0041111111111111105,0.0,1.0,0.0,0.19444444444444445,0.0,False,
0.6322204480042061,0.054079769384815624,0.938008207232175,1.4976214295833565,0.07171158028898442,0.021537513912840617,8.321055643040193,3.0971370387037216,4.294601106363835,0.9344146150791715,2.162377665367259,0.10494096439399779,0.07869715681437964,1,33.0,0.6700000000000003,49.8000702974421,33.65650188822939,3.0954270838661793,0.6844622308434258,15.176092755740685,1.059076321756121,0.002980683427893475,1.9494404012817645,0.0,0.13333333333333333,0.5273043783592395,0.019510183548762692,0.0,0.0,0.2,0.2,0.0,1.0,0.004055555555555555,0.0,1.0,0.0,0.19444444444444445,0.0,False,
0.6322204480042061,0.054079769384815624,0.938008207232175,1.4976214295833565,0.07171158028898442,0.021537513912840617,8.321055643040193,3.0971370387037216,4.294601106363835,0.9344146150791715,2.162377665367259,0.10494096439399779,0.07869715681437964,2,36.0,0.6400000000000001,53.86384059347757,36.81105175548907,3.376829546035831,0.6927699650322852,17.946831348980222,1.1365379383320253,0.0,2.31453323349355,0.0,0.2,0.6184168034814851,0.01826525565292955,0.0,0.0,0.23333333333333334,0.23333333333333334,0.0,1.0,0.004222222222222222,0.0,1.0,0.0,0.17222222222222222,0.0,False,
0.6509182234229219,0.07057252186931548,1.0889310933275578,1.653612694120255,0.016637894078598597,0.02130537701534681,5.253757946624049,2.143735264223422,4.229073932222544,0.2754158110323833,2.5386083184751698,0.24514927319655133,0.2665691369865064,0,69.0,0.31000000000000016,115.7450779899379,82.16663787681568,7.513624543960153,0.7234843489683267,29.088557616381916,0.7792020801315204,0.0,5.737092897323864,0.0,0.0,0.0,0.0,0.0,0.0,0.0,0.0,0.0,1.0,0.0011666666666666668,0.0,1.0,0.0,0.0,0.0,False,
0.6509182234229219,0.07057252186931548,1.0889310933275578,1.653612694120255,0.016637894078598597,0.02130537701534681,5.253757946624049,2.143735264223422,4.229073932222544,0.2754158110323833,2.5386083184751698,0.24514927319655133,0.2665691369865064,1,61.0,0.39000000000000007,102.3504800004109,72.74949438645085,6.642479669298103,0.722281467379055,19.350840178003526,0.6776656703701354,0.0,3.8248813789788683,0.0,0.0,0.0,0.0,0.0,0.0,0.0,0.0,0.0,1.0,0.0012222222222222222,0.0,1.0,0.0,0.0,0.0,False,
0.6509182234229219,0.07057252186931548,1.0889310933275578,1.653612694120255,0.016637894078598597,0.02130537701534681,5.253757946624049,2.143735264223422,4.229073932222544,0.2754158110323833,2.5386083184751698,0.24514927319655133,0.2665691369865064,2,57.0,0.42999999999999994,95.21327278583438,67.94166366581543,6.2069072319670795,0.7287694185342141,20.269365943282487,0.5146339140859961,0.0,3.9870427875434,0.0,0.0,0.0,0.0006484746020753721,0.0,0.0,0.0,0.0,0.0,1.0,0.0014444444444444444,0.0,1.0,0.0,0.011111111111111112,0.0,False,
0.7115266066296062,0.1266471632713372,1.2757800868624982,1.6212566954673957,0.06879641375723958,0.004168787769720626,7.5400123681169555,4.39013647937136,4.774956546352117,0.5281910122963343,2.4776510142817494,0.2642562625589512,0.3178496190767058,0,0.0,1.0,0.0,0.0,0.0,0.829020628087658,2.5404190019376234,0.0,0.0,1.0,0.0,0.0,0.0,0.04761925428809506,0.0,0.7846150863761909,0.0,0.0,0.0,1.0,0.004666666666666667,0.0,1.0,0.0,0.06111111111111111,0.05555555555555555,True,
0.7115266066296062,0.1266471632713372,1.2757800868624982,1.6212566954673957,0.06879641375723958,0.004168787769720626,7.5400123681169555,4.39013647937136,4.774956546352117,0.5281910122963343,2.4776510142817494,0.2642562625589512,0.3178496190767058,1,0.0,1.0,0.0,0.0,0.0,0.8280874436470598,1.6471344605527916,0.0,0.0,1.0,0.0,0.0,0.0,0.05195673020577645,0.0,0.9555619657552789,0.0,0.0,0.0,1.0,0.004888888888888889,0.0,1.0,0.0,0.06111111111111111,0.06666666666666667,True,
0.7115266066296062,0.1266471632713372,1.2757800868624982,1.6212566954673957,0.06879641375723958,0.004168787769720626,7.5400123681169555,4.39013647937136,4.774956546352117,0.5281910122963343,2.4776510142817494,0.2642562625589512,0.3178496190767058,2,0.0,1.0,0.0,0.0,0.0,0.8375874878399145,1.629097336221001,0.0,0.0,1.0,0.0,0.0,0.0,0.05775280180173726,0.0,0.9002125625084499,0.0,0.0,0.0,1.0,0.005,0.0,1.0,0.0,0.06666666666666667,0.07777777777777778,True,
0.8116298929042322,0.04849989947134218,1.1621090616921557,1.288550963091521,0.034259391001592976,0.004221382404462761,8.04661866448946,3.618735623734325,3.942809889404755,0.7863869018453689,1.272987531686695,0.40886743358407596,0.08100773653955498,0,51.0,0.4900000000000001,69.54732002752921,65.17886774434923,5.926756214629993,0.9522237842255197,0.16441861194005244,0.2208834946219422,0.0,0.04974882823561799,0.0,0.0,0.0,0.018155577650831495,0.0,0.711827921899372,0.0,0.0,0.0,1.0,0.0045000000000000005,0.0,1.0,0.0,0.03333333333333333,0.011111111111111112,False,
0.8116298929042322,0.04849989947134218,1.1621090616921557,1.288550963091521,0.034259391001592976,0.004221382404462761,8.04661866448946,3.618735623734325,3.942809889404755,0.7863869018453689,1.272987531686695,0.40886743358407596,0.08100773653955498,1,58.46666666666667,0.41533333333333344,78.98671264231947,74.09359200191619,6.7944643140268015,0.951287973803133,36.104991181502356,0.2190698511389688,0.0,4.641966322390298,0.0,0.03333333333333333,0.2655181221053856,0.016540507665780628,0.0,0.765520376129027,0.06666666666666667,0.06666666666666667,0.0,1.0,0.005055555555555555,0.0,1.0,0.0,0.05555555555555555,0.011111111111111112,False,
0.8116298929042322,0.04849989947134218,1.1621090616921557,1.288550963091521,0.034259391001592976,0.004221382404462761,8.04661866448946,3.618735623734325,3.942809889404755,0.7863869018453689,1.272987531686695,0.40886743358407596,0.08100773653955498,2,53.266666666666666,0.46733333333333327,71.68079298907067,67.98365712762181,6.1901676019468805,0.964991713287279,3.133896173012108,0.2564075547875747,0.0,0.3913490909972151,0.0,0.0,0.0,0.015598619821668946,0.0,0.6780455443294855,0.0,0.0,0.0,1.0,0.0044444444444444444,0.0,1.0,0.0,0.027777777777777776,0.011111111111111112,False,
0.7931202497491189,0.1116417513580939,1.1246367106287618,1.7269485981665214,0.06981940387211757,0.013850909903300956,10.770101464065235,3.1074553606743684,1.6800080322962974,0.7388031849340597,2.264654256245076,0.2839372242062578,0.30773349966673214,0,10.0,0.8999999999999998,17.354527594461864,11.7448764256903,1.1246367106287614,0.6857750448625618,13.715202875389288,0.0,0.027687395722094436,1.3242069880724163,0.0,0.16666666666666666,0.6212602171648451,0.03748193636955153,0.0,0.7028554493268034,0.2,0.2,0.0,1.0,0.006722222222222223,0.0,1.0,0.0,0.1388888888888889,0.016666666666666666,False,
0.7931202497491189,0.1116417513580939,1.1246367106287618,1.7269485981665214,0.06981940387211757,0.013850909903300956,10.770101464065235,3.1074553606743684,1.6800080322962974,0.7388031849340597,2.264654256245076,0.2839372242062578,0.30773349966673214,1,10.0,0.8999999999999998,17.00967922149043,11.520748123064674,1.1246367106287614,0.6852585804318697,14.734154607974892,0.0,0.021746840250542812,1.3838255041885223,0.0,0.13333333333333333,0.5913341932884292,0.03656572942528864,0.0,0.768350477177026,0.2,0.2,0.0,1.0,0.007055555555555556,0.0,1.0,0.0,0.16666666666666666,0.016666666666666666,False,
0.7931202497491189,0.1116417513580939,1.1246367106287618,1.7269485981665214,0.06981940387211757,0.013850909903300956,10.770101464065235,3.1074553606743684,1.6800080322962974,0.7388031849340597,2.264654256245076,0.2839372242062578,0.30773349966673214,2,10.0,0.8999999999999998,17.099194957988225,11.681261449900353,1.1246367106287614,0.6923855881498032,9.351820299523354,0.0,0.15761651812629743,0.9605885619796208,0.0,0.06666666666666667,0.28495035995072027,0.034084821651359336,0.0,0.7485821635020097,0.1,0.1,0.0,1.0,0.006555555555555556,0.0,1.0,0.0,0.1111111111111111,0.011111111111111112,False,
0.7451750019985778,0.04370429417042421,1.01510831869338,1.602287604907258,0.01634317680826778,0.025299726218849242,9.416436321460804,3.850730519834925,3.1919886075180086,0.9461923032478929,2.080657151679027,0.4589329783400342,0.21214396168968955,0,0.0,1.0,0.0,0.0,0.0,0.6675010133948286,0.0006848546686930309,0.0,0.0,1.0,0.0,0.0,0.0,0.056683089741525666,0.0,0.8528005293570244,0.0,0.0,0.0,1.0,0.005555555555555556,0.0,1.0,0.0,0.12777777777777777,0.16111111111111112,True,
0.7451750019985778,0.04370429417042421,1.01510831869338,1.602287604907258,0.01634317680826778,0.025299726218849242,9.416436321460804,3.850730519834925,3.1919886075180086,0.9461923032478929,2.080657151679027,0.4589329783400342,0.21214396168968955,1,0.0,1.0,0.0,0.0,0.0,0.6667379455653387,0.0007635509158603172,0.0,0.0,1.0,0.0,0.0,0.0,0.0468899756009709,0.0,0.8069260522248459,0.0,0.0,0.0,1.0,0.005388888888888888,0.0,1.0,0.0,0.09444444444444444,0.1388888888888889,True,
0.7451750019985778,0.04370429417042421,1.01510831869338,1.602287604907258,0.01634317680826778,0.025299726218849242,9.416436321460804,3.850730519834925,3.1919886075180086,0.9461923032478929,2.080657151679027,0.4589329783400342,0.21214396168968955,2,0.0,1.0,0.0,0.0,0.0,0.6744893535313108,0.0007368323846875387,0.0,0.0,1.0,0.0,0.0,0.0,0.0475256017794454,0.0,0.8434745422507809,0.0,0.0,0.0,1.0,0.005555555555555556,0.0,1.0,0.0,0.10555555555555556,0.13333333333333333,True,
0.6626629546614858,0.06875346231870841,0.9682389592309617,1.9309806601425303,0.05927379419946387,0.001214586039265972,5.32485623425018,3.1404897630046227,3.6415596573612556,0.3198075311842933,1.3362751822470744,0.4818522010993076,0.25992604764399696,0,10.0,0.8999999999999998,20.009318856967276,10.480155400877653,0.9682389592309618,0.5276780145878355,7.79692146879049,0.08305262764277647,0.0005586594052814813,1.5027072611061172,0.0,0.06666666666666667,0.1947192466443237,0.02934291903758086,0.0,0.23812290731443583,0.06666666666666667,0.06666666666666667,0.0,1.0,0.004666666666666667,0.0,1.0,0.0,0.07222222222222222,0.016666666666666666,False,
0.6626629546614858,0.06875346231870841,0.9682389592309617,1.9309806601425303,0.05927379419946387,0.001214586039265972,5.32485623425018,3.1404897630046227,3.6415596573612556,0.3198075311842933,1.3362751822470744,0.4818522010993076,0.25992604764399696,1,0.0,1.0,0.0,0.0,0.0,0.5272045919014688,0.10329560213701992,0.0,0.0,1.0,0.0,0.0,0.0,0.055180258999802764,0.0,0.2664407119992086,0.0,0.0,0.0,1.0,0.004222222222222222,0.0,1.0,0.0,0.07222222222222222,0.05,True,
0.6626629546614858,0.06875346231870841,0.9682389592309617,1.9309806601425303,0.05927379419946387,0.001214586039265972,5.32485623425018,3.1404897630046227,3.6415596573612556,0.3198075311842933,1.3362751822470744,0.4818522010993076,0.25992604764399696,2,0.0,1.0,2.794283363374068e-41,1.4755182667892533e-41,0.0,0.5321837836071102,0.39666767968407696,1.2880381629130641e-41,0.0,0.14944231564557153,0.0,0.0,0.0,0.03756755939493306,0.0,0.22559456423158,0.0,0.0,0.0,1.0,0.004333333333333333,0.0,1.0,0.0,0.06666666666666667,0.011111111111111112,True,
0.6566418888751643,0.10699752686580831,1.3850991302694915,1.6287010583126276,0.0519101671100667,0.022513434945551396,8.817797416947652,4.3544555444467345,4.429540122130631,0.9325741955068884,1.3843969949694228,0.04320084703758447,0.19893095689313206,0,0.0,1.0,0.0,0.0,0.0,0.8959132503674186,0.008256841101093964,0.0,0.0,1.0,0.0,0.0,0.0,0.05937138746396739,0.0,0.35052380716465054,0.0,0.0,0.0,1.0,0.003333333333333333,0.0,1.0,0.0,0.07777777777777778,0.03333333333333333,True,
0.6566418888751643,0.10699752686580831,1.3850991302694915,1.6287010583126276,0.0519101671100667,0.022513434945551396,8.817797416947652,4.3544555444467345,4.429540122130631,0.9325741955068884,1.3843969949694228,0.04320084703758447,0.19893095689313206,1,10.0,0.8999999999999998,16.35926833005319,14.500647426494771,1.3850991302694922,0.8949108082468411,17.93682944469253,0.951740193950585,0.0077012955318395415,2.1819894766254846,0.0,0.06666666666666667,0.34659926752162773,0.04331018926807152,0.0,0.39810517141134133,0.06666666666666667,0.06666666666666667,0.0,1.0,0.0034999999999999996,0.0,1.0,0.0,0.09444444444444444,0.027777777777777776,False,
0.6566418888751643,0.10699752686580831,1.3850991302694915,1.6287010583126276,0.0519101671100667,0.022513434945551396,8.817797416947652,4.3544555444467345,4.429540122130631,0.9325741955068884,1.3843969949694228,0.04320084703758447,0.19893095689313206,2,10.0,0.8999999999999998,16.36888321810268,14.650280493451957,1.3850991302694922,0.9051245342059209,15.542359505494032,0.24346383844760264,0.005694643714910545,1.730066185711838,0.0,0.06666666666666667,0.3674518516758391,0.046988219283069926,0.0,0.49183821613416057,0.06666666666666667,0.06666666666666667,0.0,1.0,0.004055555555555555,0.0,1.0,0.0,0.1,0.022222222222222223,False,
0.6780715387919258,0.09487493462513043,1.3652521284285337,1.6235184913815064,0.020992889556415796,0.0025778996334742676,9.386218328846374,2.1479312652448344,3.2133759959244816,0.5216581925916143,1.7626787986731394,0.2718103108044496,0.2645706781259,0,72.0,0.28,117.91233074549466,105.45260164008339,9.829815324685446,0.9044948765497028,127.05255057925795,1.6591750035872084,0.0,13.9495780373105,0.0,0.0,0.0,0.0,0.0,0.0,0.0,0.0,0.0,1.0,0.0007777777777777778,0.0,1.0,0.0,0.0,0.0,False,
0.6780715387919258,0.09487493462513043,1.3652521284285337,1.6235184913815064,0.020992889556415796,0.0025778996334742676,9.386218328846374,2.1479312652448344,3.2133759959244816,0.5216581925916143,1.7626787986731394,0.2718103108044496,0.2645706781259,1,73.0,0.2699999999999999,120.21324273399907,108.9302643382463,9.9663405375283,0.9175913303902808,33.31947606521609,1.075172792176258,0.0,3.669219423154426,0.0,0.0,0.0,0.0,0.0,0.0,0.0,0.0,0.0,1.0,0.001,0.0,1.0,0.0,0.0,0.0,False,
0.6780715387919258,0.09487493462513043,1.3652521284285337,1.6235184913815064,0.020992889556415796,0.0025778996334742676,9.386218328846374,2.1479312652448344,3.2133759959244816,0.5216581925916143,1.7626787986731394,0.2718103108044496,0.2645706781259,2,74.0,0.25999999999999995,121.02699813527589,109.09487337366052,10.10286575037115,0.912662874937936,98.47671418435462,0.9703264250954527,0.0,10.844577801308764,0.0,0.0,0.0,0.0,0.0,0.0,0.0,0.0,0.0,1.0,0.0008333333333333333,0.0,1.0,0.0,0.0,0.0,False,
0.6120538257887393,0.09845841534894133,1.0062513909855906,1.429172407987771,0.036552642212992995,0.01468718402071768,9.726235468570422,4.637367190204127,3.5962165712546748,0.9180343115192904,2.395806719084466,0.20081407029497397,0.23090343644175773,0,10.0,0.8999999999999998,13.975882141582101,10.519792465474072,1.0062513909855904,0.7484474946861251,6.8907135796377625,0.2616400244377029,0.0,0.6512430108610804,0.0,0.0,0.0,0.032757605153795694,0.0,0.07730062861328864,0.0,0.0,0.0,1.0,0.0028888888888888888,0.0,1.0,0.0,0.06666666666666667,0.011111111111111112,False,
0.6120538257887393,0.09845841534894133,1.0062513909855906,1.429172407987771,0.036552642212992995,0.01468718402071768,9.726235468570422,4.637367190204127,3.5962165712546748,0.9180343115192904,2.395806719084466,0.20081407029497397,0.23090343644175773,1,0.0,1.0,0.0,0.0,0.0,0.7415711263478367,0.009710738819745187,0.0,0.0,1.0,0.0,0.0,0.0,0.06871459316272686,0.0,0.3135387543374837,0.0,0.0,0.0,1.0,0.003277777777777778,0.0,1.0,0.0,0.08888888888888889,0.05555555555555555,True,
0.6120538257887393,0.09845841534894133,1.0062513909855906,1.429172407987771,0.036552642212992995,0.01468718402071768,9.726235468570422,4.637367190204127,3.5962165712546748,0.9180343115192904,2.395806719084466,0.20081407029497397,0.23090343644175773,2,10.0,0.8999999999999998,13.946345802291157,10.268064570831815,1.0062513909855904,0.7513973294367873,18.782396037207675,0.17010256402184964,0.11184125870018939,2.090495827569453,0.0,0.06666666666666667,0.23875833540644537,0.028436004336319043,0.0,0.0,0.06666666666666667,0.06666666666666667,0.0,1.0,0.0028888888888888888,0.0,1.0,0.0,0.1,0.0,False,
0.6735074268883772,0.08899559430448006,1.237896613945954,0.9810202894217295,0.02027197765137946,0.01617365075619963,10.494671633345611,3.7310969554147,4.020048606679413,0.507767040884743,2.8933048205563194,0.45334796149615353,0.15386247319120894,0,22.0,0.7800000000000001,23.216088849568987,29.597868439367954,2.7233725506811006,1.3380908246101513,32.89091858205503,0.20689680230023738,0.0,2.941912405518062,0.0,0.23333333333333334,0.8660815579027784,0.01831316171794492,0.0,0.0,0.23333333333333334,0.23333333333333334,0.0,1.0,0.0029444444444444444,0.0,1.0,0.0,0.18333333333333332,0.0,False,
0.6735074268883772,0.08899559430448006,1.237896613945954,0.9810202894217295,0.02027197765137946,0.01617365075619963,10.494671633345611,3.7310969554147,4.020048606679413,0.507767040884743,2.8933048205563194,0.45334796149615353,0.15386247319120894,1,0.0,1.0,0.0,0.0,0.0,1.3351039377575473,40.8106312564551,0.0,0.0,0.9823250497711574,0.0,0.0,0.0,0.05434874338278605,0.43333333333333335,0.48123399775924064,0.5666666666666667,0.5666666666666667,0.0,1.0,0.004722222222222222,0.0,1.0,0.0,0.16111111111111112,0.14444444444444443,True,
0.6735074268883772,0.08899559430448006,1.237896613945954,0.9810202894217295,0.02027197765137946,0.01617365075619963,10.494671633345611,3.7310969554147,4.020048606679413,0.507767040884743,2.8933048205563194,0.45334796149615353,0.15386247319120894,2,0.0,1.0,0.0,0.0,0.0,1.3630692223126624,0.000670295251359285,0.0,0.0,1.0,0.0,0.0,0.0,0.06121765536602254,0.0,0.6514207594723582,0.0,0.0,0.0,1.0,0.005222222222222223,0.0,1.0,0.0,0.16111111111111112,0.11666666666666667,True,
0.7220799265479422,0.03364535587002869,1.2472923309103372,1.0370454178399886,0.039429738917167986,0.01348564361539243,11.367847614990884,4.4642457775536535,4.265848415800054,0.3601677504382603,2.825794102006523,0.2793219083531748,0.12084831788758249,0,59.833333333333336,0.4016666666666668,66.5338281784092,81.22760470644519,7.46296577994685,1.2740244964757819,54.76191764896414,0.012360918677144225,0.0,4.289455517960486,0.0,0.13333333333333333,1.0244911972603217,0.029443658926682215,0.0,1.467675808761995,0.2,0.2,0.0,1.0,0.006833333333333334,0.0,1.0,0.0,0.12222222222222222,0.011111111111111112,False,
0.7220799265479422,0.03364535587002869,1.2472923309103372,1.0370454178399886,0.039429738917167986,0.01348564361539243,11.367847614990884,4.4642457775536535,4.265848415800054,0.3601677504382603,2.825794102006523,0.2793219083531748,0.12084831788758249,1,73.73333333333333,0.26266666666666666,81.58870680509975,99.89752827643991,9.196702119912224,1.2721997788414114,70.13048076951834,0.0006355974737240909,0.0,5.904217539750628,0.0,0.06666666666666667,1.3867091862017262,0.024274689070803795,0.0,1.4210195551958027,0.26666666666666666,0.26666666666666666,0.0,1.0,0.0064444444444444445,0.0,1.0,0.0,0.09444444444444444,0.011111111111111112,False,
0.7220799265479422,0.03364535587002869,1.2472923309103372,1.0370454178399886,0.039429738917167986,0.01348564361539243,11.367847614990884,4.4642457775536535,4.265848415800054,0.3601677504382603,2.825794102006523,0.2793219083531748,0.12084831788758249,2,75.03333333333333,0.24966666666666673,81.34003579362896,101.39480474583915,9.358850122930564,1.3004934096503429,50.21964801624142,0.006415095653170385,0.0,0.9427315577369844,0.0,0.03333333333333333,0.3560351648917843,0.024899722730494084,0.0,1.3608564945719193,0.06666666666666667,0.06666666666666667,0.0,1.0,0.006555555555555556,0.0,1.0,0.0,0.1,0.016666666666666666,False,
0.6799083714889769,0.05196258847741342,1.0124041749478558,1.8440667996610522,0.03470697597690443,0.008990408319512273,4.72811129442776,3.893436619996228,3.562892801257865,0.7449304477966376,2.2140062607649407,0.3705055312148998,0.2772955780975455,0,0.0,1.0,0.0,0.0,0.0,0.5778977887461417,0.0008934771075155838,0.0,0.0,1.0,0.0,0.0,0.0,0.03401704907101111,0.0,0.42866605640815103,0.0,0.0,0.0,1.0,0.0038888888888888888,0.0,1.0,0.0,0.05,0.09444444444444444,True,
0.6799083714889769,0.05196258847741342,1.0124041749478558,1.8440667996610522,0.03470697597690443,0.008990408319512273,4.72811129442776,3.893436619996228,3.562892801257865,0.7449304477966376,2.2140062607649407,0.3705055312148998,0.2772955780975455,1,0.0,1.0,0.0,0.0,0.0,0.5773476346240539,1.4998457566029835,0.0,0.0,1.0,0.0,0.0,0.0,0.05780755250955328,0.0,0.4072768090137124,0.0,0.0,0.0,1.0,0.0037777777777777775,0.0,1.0,0.0,0.07222222222222222,0.11666666666666667,True,
0.6799083714889769,0.05196258847741342,1.0124041749478558,1.8440667996610522,0.03470697597690443,0.008990408319512273,4.72811129442776,3.893436619996228,3.562892801257865,0.7449304477966376,2.2140062607649407,0.3705055312148998,0.2772955780975455,2,0.0,1.0,0.0,0.0,0.0,0.5830841153065784,2.2820742732880483,0.0,0.0,1.0,0.0,0.0,0.0,0.048877162014244094,0.0,0.4496615817707327,0.0,0.0,0.0,1.0,0.0037777777777777775,0.0,1.0,0.0,0.06111111111111111,0.10555555555555556,True,
0.871779240004225,0.12701776003512574,0.9977724408335265,1.63840729155767,0.03489019097692066,0.0023771311894946025,10.37919813221592,3.63077858933774,4.708716629934746,0.8124248011318754,2.636354606565132,0.338217661254001,0.2637939106921382,0,11.0,0.8900000000000001,18.213017164546162,11.493004213178319,1.0975496849168789,0.641530192943581,17.808973304473703,0.01853204192812157,0.0001932950661991802,1.7837186883936986,0.0,0.06666666666666667,0.2090517739059647,0.052685972796641306,0.0,0.8171672686028109,0.06666666666666667,0.06666666666666667,0.0,1.0,0.006,0.0,1.0,0.0,0.10555555555555556,0.03888888888888889,False,
0.871779240004225,0.12701776003512574,0.9977724408335265,1.63840729155767,0.03489019097692066,0.0023771311894946025,10.37919813221592,3.63077858933774,4.708716629934746,0.8124248011318754,2.636354606565132,0.338217661254001,0.2637939106921382,1,10.0,0.8999999999999998,15.899081512049714,10.03926910984764,0.9977724408335262,0.6408179484472751,17.084077988668593,0.013134157007045075,0.0,1.605879827480655,0.0,0.06666666666666667,0.2112792863737513,0.03762897887257445,0.0,0.8440882008424746,0.1,0.1,0.0,1.0,0.005944444444444444,0.0,1.0,0.0,0.09444444444444444,0.027777777777777776,False,
0.871779240004225,0.12701776003512574,0.9977724408335265,1.63840729155767,0.03489019097692066,0.0023771311894946025,10.37919813221592,3.63077858933774,4.708716629934746,0.8124248011318754,2.636354606565132,0.338217661254001,0.2637939106921382,2,0.0,1.0,0.0,0.0,0.0,0.6480828570339914,0.014727317515829959,0.0,0.0,1.0,0.0,0.0,0.0,0.045702069502461584,0.0,0.8462026187940727,0.0,0.0,0.0,1.0,0.005555555555555556,0.0,1.0,0.0,0.06111111111111111,0.027777777777777776,True,
0.8364273891270921,0.04146232283671124,1.2567588208015814,1.260460957777184,0.026375339665780102,0.0105187610716308,5.039644401441663,3.6439211276736896,3.740943072047845,0.7584143388157981,1.702172280707079,0.04227518412035256,0.12775132653215826,0,81.0,0.18999999999999986,103.81671303772421,111.77379559268311,10.179746448492814,1.0998990096568364,7.712323054076406,0.1345896423108001,0.0,1.544252387641778,0.0,0.0,0.0,0.0004690641986894176,0.0,0.0,0.0,0.0,0.0,1.0,0.0007777777777777778,0.0,1.0,0.0,0.005555555555555556,0.0,False,
0.8364273891270921,0.04146232283671124,1.2567588208015814,1.260460957777184,0.026375339665780102,0.0105187610716308,5.039644401441663,3.6439211276736896,3.740943072047845,0.7584143388157981,1.702172280707079,0.04227518412035256,0.12775132653215826,1,73.0,0.2699999999999999,94.46554901546172,100.37833242447911,9.174339391851543,1.081656190853066,14.09777606390121,0.11757785917847878,0.0,1.3565716252512927,0.0,0.0,0.0,0.0004877835795560059,0.0,0.0,0.0,0.0,0.0,1.0,0.0007777777777777778,0.0,1.0,0.0,0.005555555555555556,0.0,False,
0.8364273891270921,0.04146232283671124,1.2567588208015814,1.260460957777184,0.026375339665780102,0.0105187610716308,5.039644401441663,3.6439211276736896,3.740943072047845,0.7584143388157981,1.702172280707079,0.04227518412035256,0.12775132653215826,2,77.0,0.23000000000000007,98.15819894009148,105.70724575068262,9.677042920172179,1.0981027884017969,28.065814445902387,0.10321596563144633,0.0,5.610978179804582,0.0,0.0,0.0,0.0009101143047795258,0.0,0.0,0.0,0.0,0.0,1.0,0.0008333333333333333,0.0,1.0,0.0,0.011111111111111112,0.0,False,
0.7197202677747084,0.12578482464645035,1.129093516661571,1.4247689308771747,0.06360970302362014,0.007837247709228367,6.566058240093623,4.544318029102024,3.139445969857994,0.8482876708309085,1.2670771760702364,0.4386145272954546,0.09094985279583981,0,31.9,0.6809999999999999,46.86202273724031,39.16646069753283,3.601808318150412,0.8474741920770964,23.577151772453437,1.1154566551369671,0.0,3.699724880417494,0.0,0.2,0.9153205644453031,0.030628056367030993,0.0,0.3267013150237402,0.2,0.2,0.0,1.0,0.0041111111111111105,0.0,1.0,0.0,0.15,0.011111111111111112,False,
0.7197202677747084,0.12578482464645035,1.129093516661571,1.4247689308771747,0.06360970302362014,0.007837247709228367,6.566058240093623,4.544318029102024,3.139445969857994,0.8482876708309085,1.2670771760702364,0.4386145272954546,0.09094985279583981,1,32.0,0.6799999999999999,46.80478076499416,39.30476137695609,3.6130992533170274,0.8511668471704723,25.412205689162985,0.6149002020860288,0.0,3.980254147644963,0.0,0.13333333333333333,0.7803424138937332,0.03181167438636155,0.0,0.42593964285635005,0.16666666666666666,0.16666666666666666,0.0,1.0,0.004333333333333333,0.0,1.0,0.0,0.14444444444444443,0.016666666666666666,False,
0.7197202677747084,0.12578482464645035,1.129093516661571,1.4247689308771747,0.06360970302362014,0.007837247709228367,6.566058240093623,4.544318029102024,3.139445969857994,0.8482876708309085,1.2670771760702364,0.4386145272954546,0.09094985279583981,2,28.0,0.7199999999999999,40.68078572981552,34.22618187179925,3.161461846652399,0.8634130942955033,27.347806909476883,0.8367721484488136,0.0,3.582706755027133,0.0,0.16666666666666666,1.2368599397488111,0.03520672580944442,0.0,0.2683546390820917,0.23333333333333334,0.23333333333333334,0.0,1.0,0.004388888888888889,0.0,1.0,0.0,0.15555555555555556,0.016666666666666666,False,
0.7564421915867047,0.09325991716225131,1.3588014188069575,1.8642403733674813,0.02022165159032012,0.01035911535849384,4.607246468878863,3.2881166509960753,1.6053402473433376,0.781782269981884,1.4792553763371132,0.20176971196327445,0.31922341354323447,0,67.4,0.32599999999999996,125.96177529288873,100.14039612456358,9.158321562758891,0.8032378432293961,30.283652941390518,0.1850825967841449,0.0,6.700525893082162,0.0,0.0,0.0,0.00128570944256841,0.0,0.0,0.0,0.0,0.0,1.0,0.0009444444444444444,0.0,1.0,0.0,0.016666666666666666,0.0,False,
0.7564421915867047,0.09325991716225131,1.3588014188069575,1.8642403733674813,0.02022165159032012,0.01035911535849384,4.607246468878863,3.2881166509960753,1.6053402473433376,0.781782269981884,1.4792553763371132,0.20176971196327445,0.31922341354323447,1,82.03333333333333,0.1796666666666666,151.53193424206543,121.5190367569612,11.146700972279744,0.8082218530346521,48.35889232073876,0.19679145539601367,0.0,10.24825468933932,0.0,0.0,0.0,0.0012301173382881043,0.0,0.0,0.03333333333333333,0.03333333333333333,0.0,1.0,0.001,0.0,1.0,0.0,0.016666666666666666,0.0,False,
0.7564421915867047,0.09325991716225131,1.3588014188069575,1.8642403733674813,0.02022165159032012,0.01035911535849384,4.607246468878863,3.2881166509960753,1.6053402473433376,0.781782269981884,1.4792553763371132,0.20176971196327445,0.31922341354323447,2,74.0,0.25999999999999995,137.22263239050034,109.99172801216059,10.055130499171485,0.8114838401466,35.906644392038935,0.036426128064923784,0.0,7.931218686729589,0.0,0.0,0.0,0.0003998760350615619,0.0,0.0,0.0,0.0,0.0,1.0,0.0007222222222222222,0.0,1.0,0.0,0.005555555555555556,0.0,False,
0.903837770993114,0.03882790608739543,0.9166299505052522,1.3672008259010153,0.031638639271239256,0.002090559053078321,6.834643237394715,3.665586816149993,2.878414456539675,0.8191712649940306,1.9982805733133757,0.4296468405055107,0.33477680522725933,0,0.0,1.0,1.7605096397267164e-07,1.2218622720499977e-07,0.0,0.7074011291863405,0.43042072200737036,0.0,0.0,0.15685606507156713,0.0,0.03333333333333333,0.03920461084722279,0.055836505677594864,0.0,0.8157557965735069,0.03333333333333333,0.03333333333333333,0.0,1.0,0.006166666666666667,0.0011111111111111111,1.0,0.0,0.11666666666666667,0.03888888888888889,True,
0.903837770993114,0.03882790608739543,0.9166299505052522,1.3672008259010153,0.031638639271239256,0.002090559053078321,6.834643237394715,3.665586816149993,2.878414456539675,0.8191712649940306,1.9982805733133757,0.4296468405055107,0.33477680522725933,1,0.0,1.0,1.7596168310914217e-07,1.2218622720499977e-07,0.0,0.7064028255280312,0.7716063265250093,4.778880861253967e-77,0.0,0.4743968354859932,0.0,0.03333333333333333,0.02416879171181553,0.048713659455784195,0.0,0.8085748496132582,0.03333333333333333,0.03333333333333333,0.0,1.0,0.005944444444444444,0.0011111111111111111,1.0,0.0,0.1,0.03888888888888889,True,
0.903837770993114,0.03882790608739543,0.9166299505052522,1.3672008259010153,0.031638639271239256,0.002090559053078321,6.834643237394715,3.665586816149993,2.878414456539675,0.8191712649940306,1.9982805733133757,0.4296468405055107,0.33477680522725933,2,0.0,1.0,0.0,0.0,0.0,0.716258425740474,0.019545873177920284,0.0,0.0,1.0,0.0,0.0,0.0,0.04304610882246845,0.0,0.8150146209712421,0.0,0.0,0.0,1.0,0.005555555555555556,0.0,1.0,0.0,0.06666666666666667,0.027777777777777776,True,
0.6539287023739471,0.10361955346536553,1.2390162731676306,1.2840693164605952,0.06078747860621907,0.0044300883483958334,10.219182724374555,3.9719876916442,1.9535716000993208,0.8211446499408657,1.1910713430595214,0.1827676314167638,0.19590542822014984,0,21.0,0.7899999999999998,27.612816541239905,27.90921769008614,2.6019341736520243,1.025636307569274,24.563851993430543,1.332625764757078,0.0,2.570191134805291,0.0,0.23333333333333334,0.9959930722398883,0.03822075189159995,0.0,0.22435069132954133,0.23333333333333334,0.23333333333333334,0.0,1.0,0.005,0.0,1.0,0.0,0.19444444444444445,0.016666666666666666,False,
0.6539287023739471,0.10361955346536553,1.2390162731676306,1.2840693164605952,0.06078747860621907,0.0044300883483958334,10.219182724374555,3.9719876916442,1.9535716000993208,0.8211446499408657,1.1910713430595214,0.1827676314167638,0.19590542822014984,1,10.0,0.8999999999999998,12.910501280059565,12.951470112888877,1.2390162731676304,1.0172621905073813,14.763214004664457,0.17187677565516257,0.00686864197118772,1.5491353647284782,0.0,0.1,0.4327035292432779,0.03653813237858621,0.0,0.3269329536125582,0.1,0.1,0.0,1.0,0.004555555555555556,0.0,1.0,0.0,0.13333333333333333,0.011111111111111112,False,
0.6539287023739471,0.10361955346536553,1.2390162731676306,1.2840693164605952,0.06078747860621907,0.0044300883483958334,10.219182724374555,3.9719876916442,1.9535716000993208,0.8211446499408657,1.1910713430595214,0.1827676314167638,0.19590542822014984,2,10.0,0.8999999999999998,13.059495727896696,13.259172633003116,1.2390162731676304,1.03254350179171,11.592774665445603,0.21219427887696,0.08599532182487914,1.195828834026552,0.0,0.06666666666666667,0.4350842896525326,0.05961612404136795,0.0,0.32907437820408947,0.1,0.1,0.0,1.0,0.005,0.0,1.0,0.0,0.14444444444444443,0.03333333333333333,False,
0.8263623592667131,0.041659710621791475,0.933448863965209,1.1969725403169853,0.04119143900147623,0.013514634772376029,7.328883040322246,2.781070156969313,3.5281565292374277,0.721001890161088,0.9973697635997513,0.10398568463955474,0.3487044417717447,0,10.0,0.8999999999999998,12.198581236770941,10.005466174915085,0.9334488639652095,0.8285872716015087,11.51711071497704,0.0017424479975845049,0.0,1.6030350530719977,0.0,0.06666666666666667,0.16766869298598722,0.035149501610112474,0.0,0.511172266725511,0.06666666666666667,0.06666666666666667,0.0,1.0,0.005888888888888889,0.0,1.0,0.0,0.08333333333333333,0.027777777777777776,False,
0.8263623592667131,0.041659710621791475,0.933448863965209,1.1969725403169853,0.04119143900147623,0.013514634772376029,7.328883040322246,2.781070156969313,3.5281565292374277,0.721001890161088,0.9973697635997513,0.10398568463955474,0.3487044417717447,1,10.0,0.8999999999999998,12.475000294710327,10.116066688637376,0.9334488639652095,0.8227690242997073,12.614972406881616,0.0,0.0,1.7747604932655094,0.0,0.1,0.24630675851273878,0.03596396713132714,0.0,0.5136874363157261,0.1,0.1,0.0,1.0,0.005944444444444444,0.0,1.0,0.0,0.08888888888888889,0.027777777777777776,False,
0.8263623592667131,0.041659710621791475,0.933448863965209,1.1969725403169853,0.04119143900147623,0.013514634772376029,7.328883040322246,2.781070156969313,3.5281565292374277,0.721001890161088,0.9973697635997513,0.10398568463955474,0.3487044417717447,2,10.0,0.8999999999999998,11.72713858850416,9.633021604045817,0.9334488639652095,0.8362140449839548,9.062344332698421,0.0,0.0,1.237012563216914,0.0,0.0,0.0,0.034873715298864655,0.0,0.5142654017876971,0.0,0.0,0.0,1.0,0.0057777777777777775,0.0,1.0,0.0,0.07777777777777778,0.027777777777777776,False,
0.788532608228776,0.03954671682514359,1.0574831060120382,1.0253439186884004,0.01677736342032512,0.016263284783648378,6.618890155966102,4.52510181449146,3.325957437833841,0.5402843778260884,1.9756868363578093,0.4706334986081624,0.1576793104578568,0,95.53333333333333,0.04466666666666668,102.17173407491967,110.70499902564521,10.102488606101668,1.1236239725966812,8.034347572764638,0.0,0.0,0.5897029101131624,0.0,0.0,0.0,0.0009297838585213276,0.0,0.0,0.0,0.0,0.0,1.0,0.0008333333333333333,0.0,1.0,0.0,0.011111111111111112,0.0,False,
0.788532608228776,0.03954671682514359,1.0574831060120382,1.0253439186884004,0.01677736342032512,0.016263284783648378,6.618890155966102,4.52510181449146,3.325957437833841,0.5402843778260884,1.9756868363578093,0.4706334986081624,0.1576793104578568,1,82.9,0.17099999999999999,90.24107068966286,96.33315808998783,8.766534948839798,1.0970306013877402,29.003644004333104,0.0,0.0,1.921788712834572,0.0,0.03333333333333333,0.3017621325211824,0.00340944469682626,0.0,0.0,0.1,0.1,0.0,1.0,0.0012777777777777776,0.0,1.0,0.0,0.03888888888888889,0.0,False,
0.788532608228776,0.03954671682514359,1.0574831060120382,1.0253439186884004,0.01677736342032512,0.016263284783648378,6.618890155966102,4.52510181449146,3.325957437833841,0.5402843778260884,1.9756868363578093,0.4706334986081624,0.1576793104578568,2,93.2,0.068,98.29979177877674,107.81498942249982,9.855742548032195,1.1302484289288666,35.618270683051875,0.0,0.0,5.430560978902608,0.0,0.0,0.0,0.0018504587494305924,0.0,0.0,0.0,0.0,0.0,1.0,0.0009444444444444444,0.0,1.0,0.0,0.022222222222222223,0.0,False,
0.6811861013401661,0.06615213523001767,1.0877202542631965,1.7085595910350584,0.034032099651137515,0.013998120976526088,9.491178900064293,3.3056529609115666,2.97541806700678,0.5694853356717988,1.4109433815363281,0.4599606698058959,0.2762875931999963,0,10.0,0.8999999999999998,17.30284304074318,11.48782139403241,1.0877202542631967,0.6704506327557882,15.165487717267451,0.050038628939228925,0.00016447905571668106,1.5622507483294235,0.0,0.03333333333333333,0.12661270626836443,0.045683399510940595,0.0,0.6392337260061223,0.03333333333333333,0.03333333333333333,0.0,1.0,0.005055555555555555,0.0,1.0,0.0,0.08888888888888889,0.03333333333333333,False,
0.6811861013401661,0.06615213523001767,1.0877202542631965,1.7085595910350584,0.034032099651137515,0.013998120976526088,9.491178900064293,3.3056529609115666,2.97541806700678,0.5694853356717988,1.4109433815363281,0.4599606698058959,0.2762875931999963,1,0.0,1.0,0.0,0.0,0.0,0.6697459540325352,0.0118993596554284,0.0,0.0,1.0,0.0,0.0,0.0,0.06137299277344158,0.0,0.7082412989507338,0.0,0.0,0.0,1.0,0.0051111111111111105,0.0,1.0,0.0,0.08333333333333333,0.05555555555555555,True,
0.6811861013401661,0.06615213523001767,1.0877202542631965,1.7085595910350584,0.034032099651137515,0.013998120976526088,9.491178900064293,3.3056529609115666,2.97541806700678,0.5694853356717988,1.4109433815363281,0.4599606698058959,0.2762875931999963,2,0.0,1.0,0.0,0.0,0.0,0.6769897417190547,0.013292752391053927,0.0,0.0,1.0,0.0,0.0,0.0,0.06437153864722259,0.0,0.7177130262614633,0.0,0.0,0.0,1.0,0.0051666666666666675,0.0,1.0,0.0,0.08333333333333333,0.06111111111111111,True,
0.738152699813757,0.10725886895461416,1.0767596538691266,1.7580007416008854,0.03872055081758641,0.01485156181850077,10.735695314099267,4.167035550828877,2.8042792526064835,0.8600729515122033,2.696803724455365,0.32782527232218617,0.1814646027527837,0,10.0,0.8999999999999998,17.352744559365746,11.028519554529394,1.0767596538691264,0.644909279536287,17.952030691312782,0.11771378357206452,0.0035914564120278205,1.7117686069673448,0.0,0.06666666666666667,0.2804560819926848,0.04633783404129504,0.0,0.7389902860323139,0.06666666666666667,0.06666666666666667,0.0,1.0,0.004777777777777778,0.0,1.0,0.0,0.08888888888888889,0.027777777777777776,False,
0.738152699813757,0.10725886895461416,1.0767596538691266,1.7580007416008854,0.03872055081758641,0.01485156181850077,10.735695314099267,4.167035550828877,2.8042792526064835,0.8600729515122033,2.696803724455365,0.32782527232218617,0.1814646027527837,1,18.866666666666667,0.8113333333333336,33.85815466769683,21.530321189262363,2.031486546966419,0.6442561367695965,41.42832083231378,0.5135249358973277,0.0001288787394488853,3.739484253201207,0.0,0.1,0.6619032738256166,0.025900515358320067,0.0,0.7372355901894423,0.16666666666666666,0.16666666666666666,0.0,1.0,0.004388888888888889,0.0,1.0,0.0,0.05555555555555555,0.016666666666666666,False,
0.738152699813757,0.10725886895461416,1.0767596538691266,1.7580007416008854,0.03872055081758641,0.01485156181850077,10.735695314099267,4.167035550828877,2.8042792526064835,0.8600729515122033,2.696803724455365,0.32782527232218617,0.1814646027527837,2,10.0,0.8999999999999998,17.261810389279642,11.075236156378878,1.0767596538691264,0.6510059148230211,19.271392452582905,0.06643148690892628,0.011425558246379173,1.9078598100745197,0.0,0.13333333333333333,0.4736018344109568,0.03400259967203902,0.0,0.712787913484398,0.13333333333333333,0.13333333333333333,0.0,1.0,0.004833333333333334,0.0,1.0,0.0,0.1,0.016666666666666666,False,
0.8680536949206834,0.036741810203133884,1.3545768226509671,1.799679621068355,0.049621672044822804,0.01451503277153511,6.500169196051212,2.4086402927595314,1.979064576044026,0.7079829705659025,2.496509741732468,0.24401286516635656,0.2822590161451114,0,10.433333333333334,0.8956666666666664,18.979739714960775,14.843234590325977,1.41327515163251,0.7923999569558556,13.932995327616856,0.0,0.0004669392028332525,2.1590867767197297,0.0,0.06666666666666667,0.19928102052629867,0.02452017077416861,0.0,0.5657012455476651,0.06666666666666667,0.06666666666666667,0.0,1.0,0.006055555555555555,0.0,1.0,0.0,0.1,0.016666666666666666,False,
0.8680536949206834,0.036741810203133884,1.3545768226509671,1.799679621068355,0.049621672044822804,0.01451503277153511,6.500169196051212,2.4086402927595314,1.979064576044026,0.7079829705659025,2.496509741732468,0.24401286516635656,0.2822590161451114,1,10.0,0.8999999999999998,16.946507900214364,13.258477323637392,1.3545768226509678,0.7916214562374513,22.45279886591652,0.0,0.004573376814574462,3.4290907725447233,0.0,0.06666666666666667,0.35052395048627255,0.021325058005802533,0.0,0.566725717854258,0.13333333333333333,0.13333333333333333,0.0,1.0,0.006166666666666667,0.0,1.0,0.0,0.08888888888888889,0.011111111111111112,False,
0.8680536949206834,0.036741810203133884,1.3545768226509671,1.799679621068355,0.049621672044822804,0.01451503277153511,6.500169196051212,2.4086402927595314,1.979064576044026,0.7079829705659025,2.496509741732468,0.24401286516635656,0.2822590161451114,2,10.0,0.8999999999999998,17.074528731638,13.475698436902713,1.3545768226509678,0.799701998677172,16.485482509105463,0.0,0.0029339838524610686,2.3760245814273615,0.0,0.06666666666666667,0.19936977458899569,0.030445206273183666,0.0,0.5524485062178338,0.1,0.1,0.0,1.0,0.005944444444444444,0.0,1.0,0.0,0.09444444444444444,0.011111111111111112,False,
0.7805148613394073,0.10472726313211705,1.397039679645914,1.615350348670082,0.018728029858211096,0.02520494728673084,9.869488836645388,3.05377135109066,2.655158489683192,0.8275862532772936,1.9264398117015373,0.2677673952482258,0.24943843794660014,0,0.0,1.0,0.0,0.0,0.0,0.9111612003436103,30.84441545958223,0.0,0.0,0.9533224636719262,0.0,0.0,0.0,0.04054145723621573,0.4666666666666667,0.8424754129980837,0.6333333333333333,0.6333333333333333,0.0,1.0,0.0051666666666666675,0.0,1.0,0.0,0.12222222222222222,0.2111111111111111,True,
0.7805148613394073,0.10472726313211705,1.397039679645914,1.615350348670082,0.018728029858211096,0.02520494728673084,9.869488836645388,3.05377135109066,2.655158489683192,0.8275862532772936,1.9264398117015373,0.2677673952482258,0.24943843794660014,1,0.0,1.0,0.0,0.0,0.0,0.9101306319521068,30.12300492082379,0.0,0.0,1.0,0.0,0.0,0.0,0.044658711161991445,0.26666666666666666,0.7833849154447111,0.26666666666666666,0.26666666666666666,0.0,1.0,0.0051111111111111105,0.0,1.0,0.0,0.10555555555555556,0.18333333333333332,True,
0.7805148613394073,0.10472726313211705,1.397039679645914,1.615350348670082,0.018728029858211096,0.02520494728673084,9.869488836645388,3.05377135109066,2.655158489683192,0.8275862532772936,1.9264398117015373,0.2677673952482258,0.24943843794660014,2,0.0,1.0,0.0,0.0,0.0,0.9206150179871959,24.283765669941694,0.0,0.0,0.8335587273187284,0.0,0.0,0.0,0.03343474371321879,0.1,0.772471402022507,0.16666666666666666,0.16666666666666666,0.0,1.0,0.004722222222222222,0.0,1.0,0.0,0.12222222222222222,0.18333333333333332,True,
0.6276716649685126,0.09260316345703797,1.1167922070043486,1.3052233946771419,0.04257510441118148,0.02230868752332008,6.2312063145783965,2.4777600802824264,1.8999417193314558,0.6019560987076702,2.8363354810946992,0.48245739809412136,0.2340838634427175,0,11.0,0.8900000000000001,14.008175721837206,12.311766467211728,1.2284714277047835,0.9032654755656575,11.317927151452283,1.3693827628818884,0.0,1.8396599801819111,0.0,0.0,0.0,0.023026876588892947,0.0,0.08658797167020502,0.0,0.0,0.0,1.0,0.0034999999999999996,0.0,1.0,0.0,0.07777777777777778,0.011111111111111112,False,
0.6276716649685126,0.09260316345703797,1.1167922070043486,1.3052233946771419,0.04257510441118148,0.02230868752332008,6.2312063145783965,2.4777600802824264,1.8999417193314558,0.6019560987076702,2.8363354810946992,0.48245739809412136,0.2340838634427175,1,12.0,0.8799999999999998,16.434150890424412,14.464505997995799,1.3401506484052186,0.901908553547486,10.109235352596981,0.5742360174783198,0.07409488402122227,1.9810686981052144,0.0,0.06666666666666667,0.22476744603310758,0.02006413866322828,0.0,0.04364694425296507,0.06666666666666667,0.06666666666666667,0.0,1.0,0.003277777777777778,0.0,1.0,0.0,0.07777777777777778,0.005555555555555556,False,
0.6276716649685126,0.09260316345703797,1.1167922070043486,1.3052233946771419,0.04257510441118148,0.02230868752332008,6.2312063145783965,2.4777600802824264,1.8999417193314558,0.6019560987076702,2.8363354810946992,0.48245739809412136,0.2340838634427175,2,10.0,0.8999999999999998,12.799951185531691,11.400163670825604,1.1167922070043488,0.915197237401924,7.710656727205741,0.140989739886933,1.1218207844493617,1.7496383262331117,0.0,0.03333333333333333,0.1501525218893908,0.019053456544785942,0.0,0.06418251973647643,0.03333333333333333,0.03333333333333333,0.0,1.0,0.0034444444444444444,0.0,1.0,0.0,0.06666666666666667,0.005555555555555556,False,
0.7349220078235792,0.11533527265319456,0.9786589424465708,0.978230184810253,0.043799817843863706,0.0030769258590061283,8.40914450352528,3.458977411732846,3.947567658984984,0.4339990761922935,1.8481723924590736,0.24679223397432387,0.1942132319010033,0,20.0,0.8000000000000003,20.3968687157451,20.905964474066046,1.957317884893142,1.0609505966596786,20.352605359521256,0.0,0.007574461631603983,2.267057405206866,0.0,0.1,0.48102725531648616,0.02657723471599792,0.0,0.606883979269875,0.16666666666666666,0.16666666666666666,0.0,1.0,0.006222222222222223,0.0,1.0,0.0,0.10555555555555556,0.011111111111111112,False,
0.7349220078235792,0.11533527265319456,0.9786589424465708,0.978230184810253,0.043799817843863706,0.0030769258590061283,8.40914450352528,3.458977411732846,3.947567658984984,0.4339990761922935,1.8481723924590736,0.24679223397432387,0.1942132319010033,1,22.0,0.7800000000000001,22.538796862942004,23.126775627775842,2.153049673382456,1.0585726868977805,22.514095995800172,0.0,0.0,2.734090893586954,0.0,0.13333333333333333,0.5004651370435602,0.024441539305499645,0.0,0.6155388419958183,0.2,0.2,0.0,1.0,0.006111111111111111,0.0,1.0,0.0,0.1111111111111111,0.011111111111111112,False,
0.7349220078235792,0.11533527265319456,0.9786589424465708,0.978230184810253,0.043799817843863706,0.0030769258590061283,8.40914450352528,3.458977411732846,3.947567658984984,0.4339990761922935,1.8481723924590736,0.24679223397432387,0.1942132319010033,2,53.63333333333333,0.46366666666666656,54.57094889016908,56.962131729181145,5.248874127988443,1.0908353097781225,11.34278112011153,0.1007354035689346,0.005032221356116021,0.8711024764495207,0.0,0.03333333333333333,0.20690140466456405,0.019787805141598173,0.0,0.6661867955309514,0.06666666666666667,0.06666666666666667,0.0,1.0,0.006166666666666667,0.0,1.0,0.0,0.08333333333333333,0.005555555555555556,False,
0.5789918844566139,0.062121550544143624,0.9058674623658872,1.072632442173336,0.06744698145018392,0.00354752157478914,7.14273222332984,4.286127266857282,3.78355421642554,0.48787326562778344,2.021732851924132,0.054097978160704746,0.31662884858283774,0,59.0,0.41000000000000003,64.60377710296595,58.415594085810106,5.344618027958736,0.9362357535410268,22.740820602793303,2.156569357150336,0.0,3.2083160625810923,0.0,0.13333333333333333,0.7085988188466036,0.01785368172236152,0.0,0.0,0.2,0.2,0.0,1.0,0.004,0.0,1.0,0.0,0.16666666666666666,0.0,False,
0.5789918844566139,0.062121550544143624,0.9058674623658872,1.072632442173336,0.06744698145018392,0.00354752157478914,7.14273222332984,4.286127266857282,3.78355421642554,0.48787326562778344,2.021732851924132,0.054097978160704746,0.31662884858283774,1,52.1,0.4790000000000001,57.088769372467965,51.333521795416225,4.719569478926272,0.921686603173124,21.854678564169443,1.6257199612673685,0.0018410124902769275,2.671062997212582,0.0,0.16666666666666666,0.9438427542942833,0.02201593445015453,0.0,0.0,0.26666666666666666,0.26666666666666666,0.0,1.0,0.0041111111111111105,0.0,1.0,0.0,0.17222222222222222,0.0,False,
0.5789918844566139,0.062121550544143624,0.9058674623658872,1.072632442173336,0.06744698145018392,0.00354752157478914,7.14273222332984,4.286127266857282,3.78355421642554,0.48787326562778344,2.021732851924132,0.054097978160704746,0.31662884858283774,2,47.0,0.5299999999999999,51.1111475109252,46.60722652960041,4.2575770731196725,0.948728311135168,18.704285670029176,0.812467648266289,0.0,2.8269247731496097,0.0,0.16666666666666666,0.5999335523167336,0.019102825695918722,0.0,0.0,0.16666666666666666,0.16666666666666666,0.0,1.0,0.0038333333333333336,0.0,1.0,0.0,0.20555555555555555,0.0,False,
0.708355025894612,0.09248889862736809,1.3061961072651798,0.9647311929972775,0.029294988253030296,0.02159412590353879,6.908911634640592,3.756511949779643,3.5365873546871454,0.2699080721278901,2.1257171021747037,0.08567174831736725,0.20550095920950073,0,11.0,0.8900000000000001,11.07705965706027,15.297737989920156,1.4368157179916983,1.4362635920213742,14.564921228298308,0.0,0.027376699456853424,2.296213958745056,0.0,0.06666666666666667,0.30861757762600917,0.029143988416728876,0.0,0.03140683029044862,0.06666666666666667,0.06666666666666667,0.0,1.0,0.0035555555555555557,0.0,1.0,0.0,0.12777777777777777,0.005555555555555556,False,
0.708355025894612,0.09248889862736809,1.3061961072651798,0.9647311929972775,0.029294988253030296,0.02159412590353879,6.908911634640592,3.756511949779643,3.5365873546871454,0.2699080721278901,2.1257171021747037,0.08567174831736725,0.20550095920950073,1,11.566666666666666,0.8843333333333331,11.713886099299483,16.202873138662788,1.5108334974033923,1.4329798215842329,14.86320501065787,0.0,0.027835141284350315,2.2717295166880525,0.0,0.03333333333333333,0.15925679672419643,0.039638524611739626,0.0,0.045273085735474825,0.03333333333333333,0.03333333333333333,0.0,1.0,0.003611111111111111,0.0,1.0,0.0,0.16666666666666666,0.011111111111111112,False,
0.708355025894612,0.09248889862736809,1.3061961072651798,0.9647311929972775,0.029294988253030296,0.02159412590353879,6.908911634640592,3.756511949779643,3.5365873546871454,0.2699080721278901,2.1257171021747037,0.08567174831736725,0.20550095920950073,2,0.0,1.0,0.0,0.0,0.0,1.4636527479834227,2.729654216549019,0.0,0.0,1.0,0.0,0.0,0.0,0.05236863483437989,0.0,0.19780331882954316,0.0,0.0,0.0,1.0,0.0038888888888888888,0.0,1.0,0.0,0.15,0.03333333333333333,True,
0.813908001239166,0.10916699175879228,1.2731919427038294,1.5022827047593597,0.04696949660711995,0.017368579766316915,11.132475569060132,3.0834772168804747,1.7251791178375446,0.4987143384159637,1.1307640850714629,0.2118330308633838,0.31138345027331016,0,10.0,0.8999999999999998,15.321761993567513,13.53839601255356,1.2731919427038294,0.893411652382341,17.49594494518526,0.0,0.0,1.6337233203810158,0.0,0.1,0.348767276639333,0.02944708367701949,0.0,0.8741687860335977,0.1,0.1,0.0,1.0,0.006222222222222223,0.0,1.0,0.0,0.10555555555555556,0.011111111111111112,False,
0.813908001239166,0.10916699175879228,1.2731919427038294,1.5022827047593597,0.04696949660711995,0.017368579766316915,11.132475569060132,3.0834772168804747,1.7251791178375446,0.4987143384159637,1.1307640850714629,0.2118330308633838,0.31138345027331016,1,10.0,0.8999999999999998,15.387904819113412,13.59435539545902,1.2731919427038294,0.8922997071258896,18.683460970604603,0.0,0.0,1.7269802463207884,0.0,0.1,0.3647922598982725,0.0330096924868833,0.0,0.8796729514501671,0.1,0.1,0.0,1.0,0.006166666666666667,0.0,1.0,0.0,0.1,0.022222222222222223,False,
0.813908001239166,0.10916699175879228,1.2731919427038294,1.5022827047593597,0.04696949660711995,0.017368579766316915,11.132475569060132,3.0834772168804747,1.7251791178375446,0.4987143384159637,1.1307640850714629,0.2118330308633838,0.31138345027331016,2,10.0,0.8999999999999998,15.191042191154745,13.562160758091087,1.2731919427038294,0.9034630577025123,14.644446189442549,0.0,0.00021970201152961833,1.3694970790742205,0.0,0.1,0.3407033504965658,0.03265766211061897,0.0,0.8921259395729462,0.1,0.1,0.0,1.0,0.006111111111111111,0.0,1.0,0.0,0.1,0.016666666666666666,False,
0.7055433312973886,0.10294693742403625,0.9356560724321372,1.4198004855405058,0.039580546902101735,0.021853644078581803,8.573466308118045,3.1873521983846467,2.7369105706840555,0.9430841055377345,2.0355555285762152,0.2701766853632607,0.17042342786935086,0,10.0,0.8999999999999998,14.126511901109973,9.644142024929549,0.9356560724321373,0.6950654327877774,12.83939247505538,0.14802054104790546,0.0014056149872390992,1.5451492477793496,0.0,0.06666666666666667,0.1671319871609004,0.02360251255272759,0.0,0.26129980953054,0.06666666666666667,0.06666666666666667,0.0,1.0,0.003944444444444444,0.0,1.0,0.0,0.07777777777777778,0.011111111111111112,False,
0.7055433312973886,0.10294693742403625,0.9356560724321372,1.4198004855405058,0.039580546902101735,0.021853644078581803,8.573466308118045,3.1873521983846467,2.7369105706840555,0.9430841055377345,2.0355555285762152,0.2701766853632607,0.17042342786935086,1,22.0,0.7800000000000001,31.632487740499478,21.902219054958895,2.058443359350702,0.7048488007886129,24.300132280876785,0.6483317822931517,0.0,1.9426317248820986,0.0,0.03333333333333333,0.18164050874646331,0.017245967424162973,0.0,0.2559558209151891,0.1,0.1,0.0,1.0,0.004277777777777778,0.0,1.0,0.0,0.06666666666666667,0.011111111111111112,False,
0.7055433312973886,0.10294693742403625,0.9356560724321372,1.4198004855405058,0.039580546902101735,0.021853644078581803,8.573466308118045,3.1873521983846467,2.7369105706840555,0.9430841055377345,2.0355555285762152,0.2701766853632607,0.17042342786935086,2,27.466666666666665,0.7253333333333334,39.33924260578549,27.160848522252486,2.5699353456136023,0.7034008724230243,31.71643077795094,0.35084415409733777,0.0,3.5347509014581786,0.0,0.03333333333333333,0.1848849102832381,0.018347097695334522,0.0,0.2790072150374842,0.1,0.1,0.0,1.0,0.004,0.0,1.0,0.0,0.05555555555555555,0.011111111111111112,False,
0.7718874599882249,0.06241587486357696,1.4353536277026615,1.7571842460566343,0.04416921355983172,0.006378304139069237,9.731053333980828,3.2702885884735373,2.541439035460505,0.3474053932612123,2.1756324240819853,0.2861746546720567,0.1761728120310998,0,21.0,0.7899999999999998,38.542715966097084,32.882438813175185,3.014242618175589,0.8634702449518087,1.2402334070592043,0.104816283849947,0.0,0.1428351976728317,0.0,0.0,0.0,0.016890005292411334,0.0,0.9853570067017715,0.0,0.0,0.0,1.0,0.004944444444444445,0.0,1.0,0.0,0.027777777777777776,0.011111111111111112,False,
0.7718874599882249,0.06241587486357696,1.4353536277026615,1.7571842460566343,0.04416921355983172,0.006378304139069237,9.731053333980828,3.2702885884735373,2.541439035460505,0.3474053932612123,2.1756324240819853,0.2861746546720567,0.1761728120310998,1,22.0,0.7800000000000001,39.64037588049521,33.85476078825029,3.157777980945855,0.8638982638337416,33.30984412004137,0.06586587811239082,0.005342632930457828,1.7783679953797824,0.0,0.1,0.7065866799201467,0.024819554471935353,0.0,0.9722818723799109,0.16666666666666666,0.16666666666666666,0.0,1.0,0.006055555555555555,0.0,1.0,0.0,0.12222222222222222,0.011111111111111112,False,
0.7718874599882249,0.06241587486357696,1.4353536277026615,1.7571842460566343,0.04416921355983172,0.006378304139069237,9.731053333980828,3.2702885884735373,2.541439035460505,0.3474053932612123,2.1756324240819853,0.2861746546720567,0.1761728120310998,2,27.966666666666665,0.720333333333333,50.72771825591669,43.4895936578756,4.014205645475112,0.8682207610775606,36.91187106032626,0.09552673618109593,0.0,3.511365243143939,0.0,0.16666666666666666,0.8096809677318396,0.024436312134837046,0.0,1.027077065481514,0.2,0.2,0.0,1.0,0.006111111111111111,0.0,1.0,0.0,0.09444444444444444,0.011111111111111112,False,
0.6593910970757519,0.12899913501318477,1.0690044470580498,1.1524286264035504,0.02394829806496202,0.013189116936852745,4.942964169921087,3.496296541450055,4.6962374520034125,0.6174257819388285,2.253793419665208,0.3911838449722881,0.251647412870283,0,74.0,0.25999999999999995,87.7501826046973,86.67513101232613,7.910632908229567,1.0255141499313305,8.384231254377804,4.760909771323657,0.0,0.7292820087647875,0.0,0.0,0.0,0.001791111466131556,0.0,0.0,0.0,0.0,0.0,1.0,0.0012222222222222222,0.0,1.0,0.0,0.022222222222222223,0.0,False,
0.6593910970757519,0.12899913501318477,1.0690044470580498,1.1524286264035504,0.02394829806496202,0.013189116936852745,4.942964169921087,3.496296541450055,4.6962374520034125,0.6174257819388285,2.253793419665208,0.3911838449722881,0.251647412870283,1,72.33333333333333,0.2766666666666666,85.93013499381523,85.01186856673345,7.732465500386562,1.0231535172126607,15.199977257575354,3.271982051017437,0.0,2.7487600348737553,0.0,0.03333333333333333,0.2802705703426878,0.004292144670854785,0.0,0.0,0.06666666666666667,0.06666666666666667,0.0,1.0,0.0017777777777777779,0.0,1.0,0.0,0.044444444444444446,0.0,False,
0.6593910970757519,0.12899913501318477,1.0690044470580498,1.1524286264035504,0.02394829806496202,0.013189116936852745,4.942964169921087,3.496296541450055,4.6962374520034125,0.6174257819388285,2.253793419665208,0.3911838449722881,0.251647412870283,2,56.56666666666667,0.4343333333333333,67.31594354449855,66.04491534526373,6.047001822191702,1.0228166497077193,16.41450974563818,1.999529805509169,0.0,2.4336911499634,0.0,0.0,0.0,0.006517742868236615,0.0,0.0,0.03333333333333333,0.03333333333333333,0.0,1.0,0.002,0.0,1.0,0.0,0.08333333333333333,0.0,False,
0.7840400402815575,0.11952581155700012,1.0702130993463386,1.8299143294438702,0.03987608543052201,0.02741366041234522,6.745410926676309,2.610755878750169,4.371015030247486,0.6703661150797247,1.519397789249062,0.4354786797228859,0.06539895143507386,0,21.0,0.7899999999999998,40.044689948153334,24.433637540177674,2.247447508627311,0.6156481831972489,17.281833515511753,0.3082763722030072,0.0062679011731091175,2.4382646804150196,0.0,0.06666666666666667,0.31473934433336476,0.017391071726096958,0.0,0.10703879891850503,0.1,0.1,0.0,1.0,0.003277777777777778,0.0,1.0,0.0,0.05555555555555555,0.011111111111111112,False,
0.7840400402815575,0.11952581155700012,1.0702130993463386,1.8299143294438702,0.03987608543052201,0.02741366041234522,6.745410926676309,2.610755878750169,4.371015030247486,0.6703661150797247,1.519397789249062,0.4354786797228859,0.06539895143507386,1,20.0,0.8000000000000003,36.68731803816373,22.592023434987343,2.1404261986926776,0.6191069108452081,26.659919547570635,0.30493380564511746,0.0,3.3305466386211955,0.0,0.03333333333333333,0.18240641892317022,0.017747994779115324,0.0,0.06741598446407787,0.1,0.1,0.0,1.0,0.0031666666666666666,0.0,1.0,0.0,0.05,0.011111111111111112,False,
0.7840400402815575,0.11952581155700012,1.0702130993463386,1.8299143294438702,0.03987608543052201,0.02741366041234522,6.745410926676309,2.610755878750169,4.371015030247486,0.6703661150797247,1.519397789249062,0.4354786797228859,0.06539895143507386,2,20.0,0.8000000000000003,36.856557545214585,22.68287701407054,2.1404261986926776,0.6212196605391881,14.305027671815422,0.28093632936286456,0.008359078647743767,1.7871344131332871,0.0,0.03333333333333333,0.17432130920158173,0.017839337108637124,0.0,0.07983320172089164,0.06666666666666667,0.06666666666666667,0.0,1.0,0.003277777777777778,0.0,1.0,0.0,0.05555555555555555,0.011111111111111112,False,
0.8035368518274651,0.0719718322444726,1.096009148838291,1.2727680852213612,0.0533387309261763,0.026543077202022983,4.734344851257196,3.035133025498234,2.41925025434518,0.7476950766156374,1.314340980126555,0.24871173421248075,0.11441192195658734,0,35.0,0.6499999999999998,46.42274575211406,41.67063421974604,3.83603202093402,0.9132111756855359,20.670622897582053,0.19058547130101472,0.0,3.981065242509193,0.0,0.06666666666666667,0.5183419657702878,0.02481909388307724,0.0,0.23198571202014526,0.2,0.2,0.0,1.0,0.005222222222222223,0.0,1.0,0.0,0.10555555555555556,0.011111111111111112,False,
0.8035368518274651,0.0719718322444726,1.096009148838291,1.2727680852213612,0.0533387309261763,0.026543077202022983,4.734344851257196,3.035133025498234,2.41925025434518,0.7476950766156374,1.314340980126555,0.24871173421248075,0.11441192195658734,1,33.0,0.6700000000000003,43.69650668183169,39.585242434287736,3.6168301911663594,0.9218575696175101,0.002049382054185874,0.1531466754658303,0.0,0.02509713421687909,0.0,0.0,0.0,0.020891619566799306,0.0,0.261792604374128,0.0,0.0,0.0,1.0,0.004222222222222222,0.0,1.0,0.0,0.05,0.016666666666666666,False,
0.8035368518274651,0.0719718322444726,1.096009148838291,1.2727680852213612,0.0533387309261763,0.026543077202022983,4.734344851257196,3.035133025498234,2.41925025434518,0.7476950766156374,1.314340980126555,0.24871173421248075,0.11441192195658734,2,40.96666666666667,0.5903333333333333,54.61085541037366,49.43386666014863,4.489984146407532,0.9217033397036649,12.694796795733206,0.15713847264797162,0.003659771093055371,2.2997525514901564,0.0,0.06666666666666667,0.4565827315836858,0.025659216068954955,0.0,0.2583815679501444,0.13333333333333333,0.13333333333333333,0.0,1.0,0.005055555555555555,0.0,1.0,0.0,0.07777777777777778,0.011111111111111112,False,
0.6640433527875832,0.09983279657468075,1.2889051808380978,1.001910681318353,0.06628843698115554,0.012453217876796204,4.7548904170448045,3.425733656567971,4.00291544178646,0.7201493670849353,1.1511170781803743,0.31605091546287134,0.2615599258208792,0,10.0,0.8999999999999998,10.234254410235412,13.618696600385881,1.2889051808380982,1.3635966393737629,11.045079016500573,0.4347132232572154,0.013718141116346684,2.3928652988260515,0.0,0.06666666666666667,0.27020744939702734,0.03542153367345654,0.0,0.0,0.06666666666666667,0.06666666666666667,0.0,1.0,0.004333333333333333,0.0,1.0,0.0,0.16666666666666666,0.0,False,
0.6640433527875832,0.09983279657468075,1.2889051808380978,1.001910681318353,0.06628843698115554,0.012453217876796204,4.7548904170448045,3.425733656567971,4.00291544178646,0.7201493670849353,1.1511170781803743,0.31605091546287134,0.2615599258208792,1,0.0,1.0,0.0,0.0,0.0,1.3606428252690372,0.24979332462409237,0.0,0.0,1.0,0.0,0.0,0.0,0.05023250693153878,0.0,0.25205499928901665,0.0,0.0,0.0,1.0,0.004277777777777778,0.0,1.0,0.0,0.08333333333333333,0.06111111111111111,True,
0.6640433527875832,0.09983279657468075,1.2889051808380978,1.001910681318353,0.06628843698115554,0.012453217876796204,4.7548904170448045,3.425733656567971,4.00291544178646,0.7201493670849353,1.1511170781803743,0.31605091546287134,0.2615599258208792,2,20.033333333333335,0.799666666666667,20.182788090667223,27.547574770265165,2.58210671227899,1.3981105168486971,14.509970900379338,0.1848210287320126,0.1019504361561821,2.509279428287144,0.0,0.1,0.6952529453966743,0.026941486372169487,0.0,0.0,0.16666666666666666,0.16666666666666666,0.0,1.0,0.0044444444444444444,0.0,1.0,0.0,0.18888888888888888,0.0,False,
0.5822841985683288,0.1065194619222143,1.2221972677132409,1.2237283947086908,0.021756913727226157,0.025500358491619798,6.029975523141814,3.1172626881523082,3.8534200485160697,0.5466983572305759,2.25819261297294,0.35093727846308853,0.13407407542410588,0,59.0,0.41000000000000003,73.75098830201387,76.33254159748613,7.210963879508119,1.0660120653289054,129.71616838364872,6.6194642371924415,0.0,30.52511386894149,0.0,0.0,0.0,0.0,0.0,0.0,0.0,0.0,0.0,1.0,0.0003333333333333333,0.0,1.0,0.0,0.0,0.0,False,
0.5822841985683288,0.1065194619222143,1.2221972677132409,1.2237283947086908,0.021756913727226157,0.025500358491619798,6.029975523141814,3.1172626881523082,3.8534200485160697,0.5466983572305759,2.25819261297294,0.35093727846308853,0.13407407542410588,1,60.0,0.40000000000000013,73.47976877199054,76.11295383027853,7.333183606279446,1.060941622957825,145.76259213877896,7.4198158531800775,9.29315517506677,50.0,0.0,0.0,0.0,0.0,0.0,0.0,0.0,0.0,0.0,1.0,0.0,0.0,1.0,0.0,0.0,0.0,False,
0.5822841985683288,0.1065194619222143,1.2221972677132409,1.2237283947086908,0.021756913727226157,0.025500358491619798,6.029975523141814,3.1172626881523082,3.8534200485160697,0.5466983572305759,2.25819261297294,0.35093727846308853,0.13407407542410588,2,57.0,0.42999999999999994,69.82766131489588,73.42753958220977,6.966524425965473,1.0787969455504616,130.81336009283794,6.371754219632889,0.0,37.07219059979863,0.0,0.0,0.0,0.0,0.0,0.0,0.0,0.0,0.0,1.0,0.00022222222222222223,0.0,1.0,0.0,0.0,0.0,False,
0.6918625544212151,0.04382214225697385,1.4170916956629205,1.0276632906147718,0.06009359567586167,0.0020523826330618453,11.196993957009497,4.107405750010942,2.5745431098126614,0.39165696778103454,2.0254162499605384,0.06729672010663498,0.06877986757804262,0,70.56666666666666,0.2943333333333333,76.66750852451926,108.47412163280816,9.999943732394675,1.4629166560325766,57.33870785289118,0.14528491293778428,0.0,2.6704093231531103,0.0,0.1,1.0533227034511552,0.028756306642355116,0.0,1.1586859039896191,0.23333333333333334,0.23333333333333334,0.0,1.0,0.0075,0.0,1.0,0.0,0.15,0.011111111111111112,False,
0.6918625544212151,0.04382214225697385,1.4170916956629205,1.0276632906147718,0.06009359567586167,0.0020523826330618453,11.196993957009497,4.107405750010942,2.5745431098126614,0.39165696778103454,2.0254162499605384,0.06729672010663498,0.06877986757804262,1,66.43333333333334,0.3356666666666667,72.28914729432518,102.30741586305986,9.414212498187334,1.4582616660068946,47.40840596120465,0.17086678610872105,0.01913628249167596,1.3021600279753889,0.0,0.1,1.613906254117914,0.02941153624368378,0.0,1.1089225574224624,0.3,0.3,0.0,1.0,0.007277777777777777,0.0,1.0,0.0,0.14444444444444443,0.011111111111111112,False,
0.6918625544212151,0.04382214225697385,1.4170916956629205,1.0276632906147718,0.06009359567586167,0.0020523826330618453,11.196993957009497,4.107405750010942,2.5745431098126614,0.39165696778103454,2.0254162499605384,0.06729672010663498,0.06877986757804262,2,67.36666666666666,0.32633333333333336,71.81684714944421,104.28817315708574,9.546474389782539,1.5000666834780445,57.55960188840196,0.12480017446557344,0.0,4.075554181180487,0.0,0.2,2.378107391537144,0.03713665116792996,0.0,1.1416603852597649,0.43333333333333335,0.43333333333333335,0.0,1.0,0.008944444444444444,0.0011111111111111111,1.0,0.0,0.18888888888888888,0.016666666666666666,False,
0.7683259947707523,0.056771218365740964,1.0213717940365534,1.0945992244464111,0.045586141357537566,0.00992619657970864,5.071713823157224,3.4182298509269335,4.2085576858326785,0.6458840340228087,2.2362907414368225,0.1564002092441436,0.06848882709357912,0,58.0,0.42000000000000004,66.89494000479627,64.99354129801439,5.923956405412012,0.9939609730010407,15.319916922853109,0.35777662610823185,0.0,3.1289220049749624,0.0,0.03333333333333333,0.19523795580776457,0.0194877697327611,0.0,0.41545694889062335,0.03333333333333333,0.03333333333333333,0.0,1.0,0.0044444444444444444,0.0,1.0,0.0,0.044444444444444446,0.011111111111111112,False,
0.7683259947707523,0.056771218365740964,1.0213717940365534,1.0945992244464111,0.045586141357537566,0.00992619657970864,5.071713823157224,3.4182298509269335,4.2085576858326785,0.6458840340228087,2.2362907414368225,0.1564002092441436,0.06848882709357912,1,62.46666666666667,0.3753333333333332,71.6351714511804,69.87419663139174,6.380169140081673,0.9946073875857467,18.618156072940952,0.33763965172168475,0.0,2.365596543151842,0.0,0.03333333333333333,0.2131453137987777,0.015268846191079285,0.0,0.39359650368756227,0.06666666666666667,0.06666666666666667,0.0,1.0,0.004888888888888889,0.0,1.0,0.0,0.07777777777777778,0.005555555555555556,False,
0.7683259947707523,0.056771218365740964,1.0213717940365534,1.0945992244464111,0.045586141357537566,0.00992619657970864,5.071713823157224,3.4182298509269335,4.2085576858326785,0.6458840340228087,2.2362907414368225,0.1564002092441436,0.06848882709357912,2,47.0,0.5299999999999999,53.89199262858005,52.69798412485423,4.8004474319718025,1.0106431251059798,3.5789141532193605,0.3026566176308194,0.0,0.40620873395041385,0.0,0.0,0.0,0.017981377898766283,0.0,0.38126746846426074,0.0,0.0,0.0,1.0,0.004222222222222222,0.0,1.0,0.0,0.044444444444444446,0.011111111111111112,False,
0.8422350131409153,0.07494461328824459,0.9138310740459152,1.9466872695946211,0.018386385969159123,0.013624642495722834,6.574255607133245,2.417738118844403,3.9213474249358495,0.4512235610103027,1.3020319754786074,0.0689892130611374,0.16423857813316778,0,60.0,0.40000000000000013,116.43635924881919,57.665624392654685,5.482986444275493,0.4992473241614422,132.0385167414029,0.36372587620069974,0.0,30.158320475027235,0.0,0.0,0.0,0.0,0.0,0.0,0.0,0.0,0.0,1.0,0.0005555555555555556,0.0,1.0,0.0,0.0,0.0,False,
0.8422350131409153,0.07494461328824459,0.9138310740459152,1.9466872695946211,0.018386385969159123,0.013624642495722834,6.574255607133245,2.417738118844403,3.9213474249358495,0.4512235610103027,1.3020319754786074,0.0689892130611374,0.16423857813316778,1,62.0,0.38000000000000017,120.36310106000006,59.41401268131605,5.665752659084678,0.4970434081783589,135.98239293047646,0.36254921872743995,0.0,38.02596403516825,0.0,0.0,0.0,0.0,0.0,0.0,0.0,0.0,0.0,1.0,0.0003333333333333333,0.0,1.0,0.0,0.0,0.0,False,
0.8422350131409153,0.07494461328824459,0.9138310740459152,1.9466872695946211,0.018386385969159123,0.013624642495722834,6.574255607133245,2.417738118844403,3.9213474249358495,0.4512235610103027,1.3020319754786074,0.0689892130611374,0.16423857813316778,2,65.0,0.34999999999999987,123.71615410310606,61.73684926681041,5.9399019812984495,0.5031176903387017,141.24396187616023,0.31954484902670727,0.0,38.10170447153678,0.0,0.0,0.0,0.0,0.0,0.0,0.0,0.0,0.0,1.0,0.0003333333333333333,0.0,1.0,0.0,0.0,0.0,False,
0.838056193155741,0.10516574931879671,1.3087391674092874,1.9288072212580252,0.022493831121252153,0.02651138129479562,7.571992790136065,3.533363408602953,1.9053766000401207,0.4836945534491765,2.6420662819503242,0.23352396424946106,0.2731822229343407,0,0.0,1.0,1.6693121297314665e-07,1.1777878028676509e-07,0.0,0.7140542340595234,4.082662541963761,0.0,0.0,1.0,0.0,0.03333333333333333,1.1542320468102981e-05,0.04678660747166232,0.03333333333333333,0.47788371877481983,0.03333333333333333,0.03333333333333333,0.0,1.0,0.0041111111111111105,0.0,1.0,0.0,0.15,0.12222222222222222,True,
0.838056193155741,0.10516574931879671,1.3087391674092874,1.9288072212580252,0.022493831121252153,0.02651138129479562,7.571992790136065,3.533363408602953,1.9053766000401207,0.4836945534491765,2.6420662819503242,0.23352396424946106,0.2731822229343407,1,0.0,1.0,1.668680123745109e-07,1.1777878028676509e-07,0.0,0.7134126709725391,3.5448062770679636,0.0,0.0,1.0,0.0,0.03333333333333333,1.1777878028676509e-07,0.058658300751195984,0.03333333333333333,0.6142978256811125,0.03333333333333333,0.03333333333333333,0.0,1.0,0.004388888888888889,0.0,1.0,0.0,0.12777777777777777,0.13333333333333333,True,
0.838056193155741,0.10516574931879671,1.3087391674092874,1.9288072212580252,0.022493831121252153,0.02651138129479562,7.571992790136065,3.533363408602953,1.9053766000401207,0.4836945534491765,2.6420662819503242,0.23352396424946106,0.2731822229343407,2,0.0,1.0,3.310140650119464e-07,2.3555756057353018e-07,0.0,0.7201588432445448,10.476347054868603,0.0,0.0,1.0,0.0,0.03333333333333333,1.1306762907529454e-05,0.0393741673551489,0.06666666666666667,0.5523473683156805,0.06666666666666667,0.06666666666666667,0.0,1.0,0.0041111111111111105,0.0,1.0,0.0,0.11666666666666667,0.12777777777777777,True,
0.6189825446232335,0.09212159356570987,1.0547378409258308,1.3227822994737064,0.059010797377015575,0.007342131563540926,8.086029840657929,2.6344428831228504,2.3436115061342018,0.888246021530616,1.9954370378813666,0.03668628318657648,0.12626967381147808,0,42.0,0.58,56.56657260710632,48.16829689648276,4.42989893188849,0.8712108692946626,21.933416925649567,2.9032789680059126,0.0,2.2245233127254496,0.0,0.1,0.5993902059328858,0.01185257600213966,0.0,0.0,0.26666666666666666,0.26666666666666666,0.0,1.0,0.0038333333333333336,0.0,1.0,0.0,0.1111111111111111,0.0,False,
0.6189825446232335,0.09212159356570987,1.0547378409258308,1.3227822994737064,0.059010797377015575,0.007342131563540926,8.086029840657929,2.6344428831228504,2.3436115061342018,0.888246021530616,1.9954370378813666,0.03668628318657648,0.12626967381147808,1,42.0,0.58,56.041369453665524,48.06959649284641,4.42989893188849,0.8670897639350149,13.327124078202734,2.158453870048369,0.0,1.0721051608181371,0.0,0.1,0.5116857055880862,0.010558486398931219,0.0,0.0,0.2,0.2,0.0,1.0,0.003611111111111111,0.0,1.0,0.0,0.09444444444444444,0.0,False,
0.6189825446232335,0.09212159356570987,1.0547378409258308,1.3227822994737064,0.059010797377015575,0.007342131563540926,8.086029840657929,2.6344428831228504,2.3436115061342018,0.888246021530616,1.9954370378813666,0.03668628318657648,0.12626967381147808,2,44.0,0.56,58.87567299138597,50.757183597070295,4.640846500073654,0.8842707501178831,23.185323754709216,2.3912632163848238,0.0,2.328946645840458,0.0,0.13333333333333333,0.7616140277282996,0.01323194571934401,0.0,0.0,0.3,0.3,0.0,1.0,0.0044444444444444444,0.0,1.0,0.0,0.12777777777777777,0.0,False,
0.8492390354659196,0.056205344936444024,1.3994262054452173,1.838205446569909,0.013685888591164794,0.027352065057438393,8.212685460765535,3.2613966336825273,3.884277935564362,0.6041369033612676,1.7950298175932389,0.10320448950810737,0.08927376443630496,0,70.0,0.3000000000000001,127.74829427038807,103.05684362737865,9.795983438116526,0.8117723267014991,318.44350390979,0.5395843748693141,0.0,45.977151583479646,0.0,0.0,0.0,0.0,0.0,0.0,0.0,0.0,0.0,1.0,5.555555555555556e-05,0.0,1.0,0.0,0.0,0.0,False,
0.8492390354659196,0.056205344936444024,1.3994262054452173,1.838205446569909,0.013685888591164794,0.027352065057438393,8.212685460765535,3.2613966336825273,3.884277935564362,0.6041369033612676,1.7950298175932389,0.10320448950810737,0.08927376443630496,1,72.0,0.28,131.15640738608195,105.76317148718607,10.075868679205563,0.8113530121014833,326.6622671412028,0.4578452657544346,0.0,46.050066958685406,0.0,0.0,0.0,0.0,0.0,0.0,0.0,0.0,0.0,1.0,5.555555555555556e-05,0.0,1.0,0.0,0.0,0.0,False,
0.8492390354659196,0.056205344936444024,1.3994262054452173,1.838205446569909,0.013685888591164794,0.027352065057438393,8.212685460765535,3.2613966336825273,3.884277935564362,0.6041369033612676,1.7950298175932389,0.10320448950810737,0.08927376443630496,2,70.0,0.3000000000000001,127.52636546936246,103.5382684991243,9.795983438116526,0.8190814619807819,306.50808430200993,0.466872514370746,0.0,38.06019632013478,0.0,0.0,0.0,0.0,0.0,0.0,0.0,0.0,0.0,1.0,0.00016666666666666666,0.0,1.0,0.0,0.0,0.0,False,
0.6027568438357905,0.06658468251123303,1.3416260243205265,1.3146738514322456,0.017314171280948316,0.01970250938439648,6.411397282192187,3.772465808514294,4.631283411023641,0.39271155631805205,1.2899640377344574,0.12155593145610237,0.30012219475296864,0,88.0,0.12000000000000002,116.58897433167765,129.21723288240668,11.806309014020636,1.1293225235016202,44.395273996923855,2.5060102687322487,0.0,7.270591683743332,0.0,0.0,0.0,0.002523667446518819,0.0,0.0,0.0,0.0,0.0,1.0,0.0010555555555555555,0.0,1.0,0.0,0.027777777777777776,0.0,False,
0.6027568438357905,0.06658468251123303,1.3416260243205265,1.3146738514322456,0.017314171280948316,0.01970250938439648,6.411397282192187,3.772465808514294,4.631283411023641,0.39271155631805205,1.2899640377344574,0.12155593145610237,0.30012219475296864,1,71.33333333333333,0.2866666666666667,96.13864379573447,105.37096555224456,9.57026564015309,1.113244058029925,28.857428223790368,1.558219707718094,0.0,2.9236567347175155,0.0,0.03333333333333333,0.3227433281145708,0.004759809360203383,0.0,0.0,0.06666666666666667,0.06666666666666667,0.0,1.0,0.0014444444444444444,0.0,1.0,0.0,0.06666666666666667,0.0,False,
0.6027568438357905,0.06658468251123303,1.3416260243205265,1.3146738514322456,0.017314171280948316,0.01970250938439648,6.411397282192187,3.772465808514294,4.631283411023641,0.39271155631805205,1.2899640377344574,0.12155593145610237,0.30012219475296864,2,38.0,0.62,51.16366212023321,55.85403610754615,5.098178892418,1.1069967781266745,45.39691217746192,0.7235415520876032,0.0,4.02124742224336,0.0,0.1,0.7634750118111303,0.008028593585702445,0.0,0.0,0.16666666666666666,0.16666666666666666,0.0,1.0,0.0017777777777777779,0.0,1.0,0.0,0.1,0.0,False,
0.5784427978640393,0.045377609634757024,1.07422104373652,1.6361810817050897,0.026531006219508393,0.010678102962044158,8.815869212603232,4.1278937414095696,3.8227768901516073,0.6081914825708963,1.8286883524399178,0.3842335064396373,0.2574676273285814,0,0.0,1.0,4.08587380896691e-16,2.790504808059774e-16,0.0,0.6916304222634333,1.3583232999816939,3.0457265370918256e-16,0.0,0.2397823115532102,0.0,0.0,0.0,0.02428333949522698,0.0,0.31795146530157264,0.0,0.0,0.0,1.0,0.002777777777777778,0.0,1.0,0.0,0.05,0.011111111111111112,True,
0.5784427978640393,0.045377609634757024,1.07422104373652,1.6361810817050897,0.026531006219508393,0.010678102962044158,8.815869212603232,4.1278937414095696,3.8227768901516073,0.6081914825708963,1.8286883524399178,0.3842335064396373,0.2574676273285814,1,10.0,0.8999999999999998,17.535321745165955,11.97787949337148,1.0742210437365207,0.6908611862076885,9.89433475528664,0.34847130628268663,0.11180713233535752,1.1478175605879204,0.0,0.03333333333333333,0.19703143671304096,0.01877879451861827,0.0,0.24627268075173625,0.03333333333333333,0.03333333333333333,0.0,1.0,0.0023333333333333335,0.0,1.0,0.0,0.044444444444444446,0.011111111111111112,False,
0.5784427978640393,0.045377609634757024,1.07422104373652,1.6361810817050897,0.026531006219508393,0.010678102962044158,8.815869212603232,4.1278937414095696,3.8227768901516073,0.6081914825708963,1.8286883524399178,0.3842335064396373,0.2574676273285814,2,0.0,1.0,3.9908094450305295e-07,2.7521283681370935e-07,0.0,0.6987054407315516,3.1153095511084037,1.832078014114141e-11,0.0,0.6219638904686186,0.0,0.06666666666666667,0.12357933922705691,0.03539961987074627,0.0,0.2609441134425662,0.06666666666666667,0.06666666666666667,0.0,1.0,0.002833333333333333,0.0005555555555555556,1.0,0.0,0.07222222222222222,0.027777777777777776,True,
0.7828107276653168,0.11614057695339913,1.0980451390705885,1.9403348444997495,0.012875329459706746,0.019290990925493544,9.878099718578477,3.7965550828331978,3.1318517305912232,0.5927390819432308,1.1939797758248274,0.4567046165915103,0.2105975922539264,0,10.0,0.8999999999999998,17.20947605594118,10.178065792767724,1.098045139070589,0.5955208904713426,54.12051571719266,0.01538547755908832,0.0,0.47348781435517545,0.0,0.26666666666666666,0.9489404866733692,0.02819232958781838,0.0,0.0,0.26666666666666666,0.26666666666666666,0.0,1.0,0.002388888888888889,0.0,1.0,0.0,0.13333333333333333,0.0,False,
0.7828107276653168,0.11614057695339913,1.0980451390705885,1.9403348444997495,0.012875329459706746,0.019290990925493544,9.878099718578477,3.7965550828331978,3.1318517305912232,0.5927390819432308,1.1939797758248274,0.4567046165915103,0.2105975922539264,1,20.0,0.8000000000000003,40.034372729768,23.672206868675307,2.196090278141178,0.5949899048402992,50.65521842210758,0.17705567713562523,0.0,1.5975589667890489,0.0,0.26666666666666666,1.079119519124958,0.020857154872387335,0.0,0.0,0.3,0.3,0.0,1.0,0.002388888888888889,0.0,1.0,0.0,0.1388888888888889,0.0,False,
0.7828107276653168,0.11614057695339913,1.0980451390705885,1.9403348444997495,0.012875329459706746,0.019290990925493544,9.878099718578477,3.7965550828331978,3.1318517305912232,0.5927390819432308,1.1939797758248274,0.4567046165915103,0.2105975922539264,2,20.0,0.8000000000000003,39.55897688355614,23.586246503712832,2.196090278141178,0.6005795746397399,67.93444371490476,0.0,0.0,1.3049687350374728,0.0,0.13333333333333333,0.47983761805512215,0.021677007358991855,0.0,0.0,0.13333333333333333,0.13333333333333333,0.0,1.0,0.002277777777777778,0.0,1.0,0.0,0.12777777777777777,0.0,False,
0.6450834042551312,0.03386819497145865,0.9030766787570951,1.5078116755066375,0.025048351121668196,0.0022532752023660873,5.56585300851983,2.2029320770108822,4.574134959834309,0.5518696447802747,2.223674438553421,0.16726448314117914,0.23169497256792765,0,34.43333333333333,0.6556666666666665,54.7986942495941,34.15360242669603,3.109594030520264,0.6375592651419596,9.618485608179544,0.4082757044617716,0.0,1.8311258811378948,0.0,0.1,0.34824941468050763,0.003060785948560254,0.0,0.0,0.2,0.2,0.0,1.0,0.0023333333333333335,0.0,1.0,0.0,0.03888888888888889,0.0,False,
0.6450834042551312,0.03386819497145865,0.9030766787570951,1.5078116755066375,0.025048351121668196,0.0022532752023660873,5.56585300851983,2.2029320770108822,4.574134959834309,0.5518696447802747,2.223674438553421,0.16726448314117914,0.23169497256792765,1,63.0,0.36999999999999983,94.5407471922688,58.90954642607321,5.689383076169698,0.633678386311358,124.10199074148223,0.7782131303685738,0.0,28.245609147057948,0.0,0.0,0.0,0.0,0.0,0.0,0.0,0.0,0.0,1.0,0.0006666666666666666,0.0,1.0,0.0,0.0,0.0,False,
0.6450834042551312,0.03386819497145865,0.9030766787570951,1.5078116755066375,0.025048351121668196,0.0022532752023660873,5.56585300851983,2.2029320770108822,4.574134959834309,0.5518696447802747,2.223674438553421,0.16726448314117914,0.23169497256792765,2,56.0,0.43999999999999984,84.5750212082425,53.39837595928047,5.057229401039733,0.6445640735241867,88.50546265565403,0.671251488554211,0.0,16.316065525968224,0.0,0.0,0.0,0.0,0.0,0.0,0.0,0.0,0.0,1.0,0.0010555555555555555,0.0,1.0,0.0,0.0,0.0,False,
0.761775752157175,0.11754407121211745,1.4253094158533384,1.2036041922866119,0.06455616280195951,0.0156565335182595,5.3838054767766215,4.577383583513719,3.9159087595135635,0.8136478402228402,1.2995597142007564,0.30572469683506853,0.07204443376554424,0,52.43333333333333,0.4756666666666668,66.8625488707771,82.14752514407293,7.473372370457669,1.251407118498934,28.175945029365163,0.8236831833929482,0.0,5.317247370054239,0.0,0.16666666666666666,1.04101952361099,0.03747888709044572,0.0,0.057839094983011506,0.2,0.2,0.0,1.0,0.004833333333333334,0.0,1.0,0.0,0.19444444444444445,0.005555555555555556,False,
0.761775752157175,0.11754407121211745,1.4253094158533384,1.2036041922866119,0.06455616280195951,0.0156565335182595,5.3838054767766215,4.577383583513719,3.9159087595135635,0.8136478402228402,1.2995597142007564,0.30572469683506853,0.07204443376554424,1,49.06666666666667,0.5093333333333334,62.79870301726667,77.2149926680651,6.99351820045371,1.2498149832686747,34.229370798034005,0.8479110678411661,0.056979894313652246,5.429755020493917,0.0,0.1,1.3872684857042057,0.032036532148168755,0.0,0.2788005329385576,0.2,0.2,0.0,1.0,0.004611111111111111,0.0,1.0,0.0,0.14444444444444443,0.011111111111111112,False,
0.761775752157175,0.11754407121211745,1.4253094158533384,1.2036041922866119,0.06455616280195951,0.0156565335182595,5.3838054767766215,4.577383583513719,3.9159087595135635,0.8136478402228402,1.2995597142007564,0.30572469683506853,0.07204443376554424,2,47.9,0.521,59.847648151676204,74.46740379763715,6.827232101937488,1.2695872394884136,26.041022009815,0.26827797631913053,0.0,1.9707271182294945,0.0,0.06666666666666667,0.768893489175957,0.0363270526566193,0.0,0.14262031008673504,0.13333333333333333,0.13333333333333333,0.0,1.0,0.004777777777777778,0.0,1.0,0.0,0.1388888888888889,0.011111111111111112,False,
0.8907735395270259,0.09743182551756521,1.4422778695011815,1.1268775028098785,0.03530228673100728,0.014321307599392378,11.077679103227293,4.729940000594322,2.2626879881246524,0.7173318248253433,1.7802195457725583,0.35499851462052,0.3043310671648003,0,0.0,1.0,0.0,0.0,0.0,1.3538322332995227,0.02504646797996523,0.0,0.0,1.0,0.0,0.0,0.0,0.06325305901874123,0.0,1.7454121881559106,0.0,0.0,0.0,1.0,0.005388888888888888,0.0,1.0,0.0,0.07222222222222222,0.1111111111111111,True,
0.8907735395270259,0.09743182551756521,1.4422778695011815,1.1268775028098785,0.03530228673100728,0.014321307599392378,11.077679103227293,4.729940000594322,2.2626879881246524,0.7173318248253433,1.7802195457725583,0.35499851462052,0.3043310671648003,1,0.0,1.0,0.0,0.0,0.0,1.3513454769926931,0.013727439438621125,0.0,0.0,1.0,0.0,0.0,0.0,0.05533595189242772,0.0,1.7254592653801948,0.0,0.0,0.0,1.0,0.005444444444444444,0.0,1.0,0.0,0.07222222222222222,0.12777777777777777,True,
0.8907735395270259,0.09743182551756521,1.4422778695011815,1.1268775028098785,0.03530228673100728,0.014321307599392378,11.077679103227293,4.729940000594322,2.2626879881246524,0.7173318248253433,1.7802195457725583,0.35499851462052,0.3043310671648003,2,0.0,1.0,0.0,0.0,0.0,1.375115884384003,0.01786172748516785,0.0,0.0,1.0,0.0,0.0,0.0,0.06170289371093243,0.0,1.8013397926589485,0.0,0.0,0.0,1.0,0.0055000000000000005,0.0,1.0,0.0,0.07222222222222222,0.12222222222222222,True,
0.580532843436938,0.0648066345373235,1.30836246874936,1.5275678772061043,0.04001568807045452,0.009979609642616582,4.443307938636202,2.411603288764708,4.555231507646486,0.30572844328516013,1.5149277265382244,0.08405327013801374,0.19744696815061566,0,40.0,0.6000000000000001,61.58925089363738,55.24954346490726,5.233449874997438,0.910509300273575,55.66120596586493,2.6829720118853704,0.0,12.764300608287863,0.0,0.0,0.0,0.0,0.0,0.0,0.0,0.0,0.0,1.0,0.0007777777777777778,0.0,1.0,0.0,0.0,0.0,False,
0.580532843436938,0.0648066345373235,1.30836246874936,1.5275678772061043,0.04001568807045452,0.009979609642616582,4.443307938636202,2.411603288764708,4.555231507646486,0.30572844328516013,1.5149277265382244,0.08405327013801374,0.19744696815061566,1,32.0,0.6799999999999999,47.61987429516294,42.454038427820585,4.186759899997952,0.9018051090014333,65.46068482731653,1.8543692774848377,0.0,14.259508612614745,0.0,0.0,0.0,0.0,0.0,0.0,0.03333333333333333,0.03333333333333333,0.0,1.0,0.0007777777777777778,0.0,1.0,0.0,0.0,0.0,False,
0.580532843436938,0.0648066345373235,1.30836246874936,1.5275678772061043,0.04001568807045452,0.009979609642616582,4.443307938636202,2.411603288764708,4.555231507646486,0.30572844328516013,1.5149277265382244,0.08405327013801374,0.19744696815061566,2,28.0,0.7199999999999999,43.869253291973884,39.50522801943591,3.663414912498209,0.9127330118640415,10.29440748951015,1.5139463573120677,0.0,2.349794767178703,0.0,0.0,0.0,0.001984006945480955,0.0,0.0,0.0,0.0,0.0,1.0,0.0013333333333333333,0.0,1.0,0.0,0.022222222222222223,0.0,False,
0.8832497262486144,0.06502009793057015,1.2536703135250713,1.2997701497501573,0.06800074491932484,0.003144736380700984,8.30472472513021,2.597611149312855,2.885560966683674,0.47264331574067053,2.494989514661105,0.16201266928915029,0.239774490568992,0,82.96666666666667,0.17033333333333336,109.83798714044636,113.8641117659682,10.401284701213003,1.0652061382059264,55.98503717732168,0.0,0.0,5.3725347349586805,0.0,0.2,1.8942569633998358,0.02276387435379958,0.0,0.6640324507720412,0.6666666666666666,0.6666666666666666,0.0,1.0,0.01011111111111111,0.0,1.0,0.0,0.16666666666666666,0.005555555555555556,False,
0.8832497262486144,0.06502009793057015,1.2536703135250713,1.2997701497501573,0.06800074491932484,0.003144736380700984,8.30472472513021,2.597611149312855,2.885560966683674,0.47264331574067053,2.494989514661105,0.16201266928915029,0.239774490568992,1,76.66666666666667,0.2333333333333333,102.87868462290832,105.31023837862818,9.611472403692215,1.0418765954817995,47.339196584186794,0.0,0.0,4.803096942840201,0.0,0.2,1.6277687853043252,0.022138631562663547,0.0,0.6206090989399701,0.5666666666666667,0.5666666666666667,0.0,1.0,0.008444444444444444,0.0,1.0,0.0,0.14444444444444443,0.005555555555555556,False,
0.8832497262486144,0.06502009793057015,1.2536703135250713,1.2997701497501573,0.06800074491932484,0.003144736380700984,8.30472472513021,2.597611149312855,2.885560966683674,0.47264331574067053,2.494989514661105,0.16201266928915029,0.239774490568992,2,65.73333333333333,0.3426666666666665,89.28044340215177,90.6915854868867,8.240792860904802,1.043695905989409,40.76933188996756,0.0,0.0,4.380805213424365,0.0,0.23333333333333334,1.6291486965191553,0.02424668137885328,0.0,0.5760137115717013,0.5333333333333333,0.5333333333333333,0.0,1.0,0.008388888888888888,0.0,1.0,0.0,0.14444444444444443,0.005555555555555556,False,
0.8705862197075831,0.03581477451421432,0.9939355308454666,1.8332690181719193,0.032451420984111634,0.004038370753117101,10.165050547879432,2.156371503035558,3.0231816282076425,0.7139563130694657,2.085313078871151,0.30153814760202924,0.2229686388272801,0,1.7,0.9829999999999999,2.9279808537198706,1.6600983663022428,0.18884775086063862,0.5808996817283455,11.629649810272623,0.001358549914392031,1.4431858229208825,2.691477627973026,0.0,0.16666666666666666,1.0659825754293542,0.05348503407015449,0.0,0.2238074102388464,0.7666666666666667,0.6,0.16666666666666666,1.0,0.007333333333333333,0.009444444444444445,1.0,0.0,0.20555555555555555,0.03333333333333333,False,
0.8705862197075831,0.03581477451421432,0.9939355308454666,1.8332690181719193,0.032451420984111634,0.004038370753117101,10.165050547879432,2.156371503035558,3.0231816282076425,0.7139563130694657,2.085313078871151,0.30153814760202924,0.2229686388272801,1,5.233333333333333,0.9476666666666665,10.416091920492166,5.889828719777783,0.5466645419650066,0.5839918359746661,19.507161457126028,0.005325852556684472,5.288655049443366,5.22412533486576,0.0,0.13333333333333333,1.3243914865402613,0.06604242941487155,0.0,0.1850014767183866,0.7333333333333333,0.5,0.23333333333333334,1.0,0.008666666666666666,0.01611111111111111,1.0,0.0,0.2111111111111111,0.03333333333333333,False,
0.8705862197075831,0.03581477451421432,0.9939355308454666,1.8332690181719193,0.032451420984111634,0.004038370753117101,10.165050547879432,2.156371503035558,3.0231816282076425,0.7139563130694657,2.085313078871151,0.30153814760202924,0.2229686388272801,2,2.1333333333333333,0.9786666666666666,4.980939511335216,2.8411013144648023,0.24517076427521503,0.5869980278241532,14.816193494017126,0.0034496492083099595,2.1010336030119587,5.120406450278265,0.0,0.23333333333333334,1.5185360680506705,0.06453371028099678,0.0,0.2010795382636918,0.6,0.4,0.2,1.0,0.0074444444444444445,0.01,1.0,0.0,0.20555555555555555,0.03888888888888889,False,
0.7355840050274445,0.03084690964064586,1.4213219016186494,1.1397020283998698,0.05653107879293631,0.010409355483248527,4.905912050144959,2.9641875355543057,3.9053363372389707,0.36576276239992844,2.1422504747441224,0.3072764646616416,0.17320411449228207,0,69.06666666666666,0.3093333333333332,81.85128933789815,107.5815527424546,9.816596600512808,1.3476083161336179,27.925020403497633,0.0,0.0023217128042445578,5.459747885697029,0.0,0.1,0.7839998823552681,0.016272583508021896,0.0,0.0,0.23333333333333334,0.23333333333333334,0.0,1.0,0.0045000000000000005,0.0,1.0,0.0,0.15555555555555556,0.0,False,
0.7355840050274445,0.03084690964064586,1.4213219016186494,1.1397020283998698,0.05653107879293631,0.010409355483248527,4.905912050144959,2.9641875355543057,3.9053363372389707,0.36576276239992844,2.1422504747441224,0.3072764646616416,0.17320411449228207,1,72.6,0.2740000000000001,87.88918600096028,113.66849237168232,10.318797005751394,1.3225554559793076,26.638771847543296,0.0,0.0,5.099941459561337,0.0,0.1,0.9377112254109029,0.019934776160906567,0.0,0.0,0.23333333333333334,0.23333333333333334,0.0,1.0,0.004944444444444445,0.0,1.0,0.0,0.17777777777777778,0.0,False,
0.7355840050274445,0.03084690964064586,1.4213219016186494,1.1397020283998698,0.05653107879293631,0.010409355483248527,4.905912050144959,2.9641875355543057,3.9053363372389707,0.36576276239992844,2.1422504747441224,0.3072764646616416,0.17320411449228207,2,69.96666666666667,0.3003333333333333,82.07511021044257,109.3425503976041,9.944515571658487,1.3676932015224943,28.19850982446567,0.0,0.0017864589138683051,5.351177229969623,0.0,0.1,0.9398838508094947,0.01596193123859122,0.0,0.0,0.2,0.2,0.0,1.0,0.004388888888888889,0.0,1.0,0.0,0.15,0.0,False,
0.6296183629574751,0.1131766415074898,1.315149227676733,1.2817099307801298,0.032407614443308655,0.010762830222688702,7.292223065076119,3.8724297217937584,2.6833081870250926,0.2857891787144995,1.6991866625448449,0.044271667677918944,0.16624619780526123,0,10.0,0.8999999999999998,13.363877496948271,14.2021073119347,1.3151492276767331,1.0834448121354892,14.977127558366407,0.7363322442753037,0.06524431115091817,2.362880726098221,0.0,0.06666666666666667,0.3588427308032376,0.0333382857752506,0.0,0.3450346545660336,0.06666666666666667,0.06666666666666667,0.0,1.0,0.003611111111111111,0.0,1.0,0.0,0.09444444444444444,0.011111111111111112,False,
0.6296183629574751,0.1131766415074898,1.315149227676733,1.2817099307801298,0.032407614443308655,0.010762830222688702,7.292223065076119,3.8724297217937584,2.6833081870250926,0.2857891787144995,1.6991866625448449,0.044271667677918944,0.16624619780526123,1,32.0,0.6799999999999999,42.96336296839952,45.866413938415505,4.208477528565548,1.0862789983100343,36.09199976112882,1.5701263957165177,0.0,4.718667663421786,0.0,0.06666666666666667,0.5987586279063997,0.017618342857363637,0.0,0.39659939888616297,0.13333333333333333,0.13333333333333333,0.0,1.0,0.0032222222222222222,0.0,1.0,0.0,0.044444444444444446,0.011111111111111112,False,
0.6296183629574751,0.1131766415074898,1.315149227676733,1.2817099307801298,0.032407614443308655,0.010762830222688702,7.292223065076119,3.8724297217937584,2.6833081870250926,0.2857891787144995,1.6991866625448449,0.044271667677918944,0.16624619780526123,2,30.633333333333333,0.6936666666666665,39.80228151485166,42.81650357923584,4.028740467449725,1.0980626397501692,31.428711689633328,1.6732537225706101,0.0,4.387542632965365,0.0,0.0,0.0,0.02048135924251726,0.0,0.3833468289637349,0.0,0.0,0.0,1.0,0.0034444444444444444,0.0,1.0,0.0,0.07777777777777778,0.011111111111111112,False,
0.6382855501808105,0.10238798656749992,1.3043312706597554,1.2692141523820586,0.019709025660405617,0.0249669417249536,6.403247621555953,2.5736447430945444,4.58352019007633,0.7497293427584442,2.6202972154925743,0.1994384743134455,0.30314850122604353,0,83.0,0.17,106.55275361142691,118.00747981094626,10.825949546475966,1.131503237736077,45.24800298874378,3.1674291212310357,0.0,7.312904487291121,0.0,0.0,0.0,0.0003671582148448303,0.0,0.0,0.0,0.0,0.0,1.0,0.0009444444444444444,0.0,1.0,0.0,0.005555555555555556,0.0,False,
0.6382855501808105,0.10238798656749992,1.3043312706597554,1.2692141523820586,0.019709025660405617,0.0249669417249536,6.403247621555953,2.5736447430945444,4.58352019007633,0.7497293427584442,2.6202972154925743,0.1994384743134455,0.30314850122604353,1,74.0,0.25999999999999995,95.50610018053065,105.67559950062893,9.65205140288219,1.1308077747184588,23.75290478898905,3.3516132591661245,0.0,3.8405241198374567,0.0,0.0,0.0,0.0015049960526071196,0.0,0.0,0.0,0.0,0.0,1.0,0.0013333333333333333,0.0,1.0,0.0,0.022222222222222223,0.0,False,
0.6382855501808105,0.10238798656749992,1.3043312706597554,1.2692141523820586,0.019709025660405617,0.0249669417249536,6.403247621555953,2.5736447430945444,4.58352019007633,0.7497293427584442,2.6202972154925743,0.1994384743134455,0.30314850122604353,2,85.46666666666667,0.14533333333333334,109.2784291712663,123.26470754769713,11.147684593238713,1.1578881770146436,36.91902302913364,2.433077541028264,0.00540660204453407,6.010918775655487,0.0,0.03333333333333333,0.3683767527699419,0.0018176672960036144,0.0,0.0,0.06666666666666667,0.06666666666666667,0.0,1.0,0.0014444444444444444,0.0,1.0,0.0,0.027777777777777776,0.0,False,
0.8038584989253179,0.048981472186952375,1.2059723369068809,0.9905981180635939,0.01528705496344914,0.01236743119378525,9.382328304060234,2.266033633200841,2.9195136888617843,0.8898169540664018,1.2215251414895891,0.130837522635601,0.149741501320517,0,95.0,0.050000000000000044,94.75747635575185,122.02571072010305,11.456737200615366,1.3105706003634505,259.54387860325807,0.0,0.0,38.26831500307413,0.0,0.0,0.0,0.0,0.0,0.0,0.0,0.0,0.0,1.0,0.0002777777777777778,0.0,1.0,0.0,0.0,0.0,False,
0.8038584989253179,0.048981472186952375,1.2059723369068809,0.9905981180635939,0.01528705496344914,0.01236743119378525,9.382328304060234,2.266033633200841,2.9195136888617843,0.8898169540664018,1.2215251414895891,0.130837522635601,0.149741501320517,1,93.0,0.06999999999999992,93.26271008799151,119.48162794339193,11.215542733233987,1.3084338314638115,254.1382028639243,0.0,0.0,33.63197865310807,0.0,0.0,0.0,0.0,0.0,0.0,0.0,0.0,0.0,1.0,0.0003888888888888889,0.0,1.0,0.0,0.0,0.0,False,
0.8038584989253179,0.048981472186952375,1.2059723369068809,0.9905981180635939,0.01528705496344914,0.01236743119378525,9.382328304060234,2.266033633200841,2.9195136888617843,0.8898169540664018,1.2215251414895891,0.130837522635601,0.149741501320517,2,93.0,0.06999999999999992,91.95628583525425,119.48579582949334,11.215542733233992,1.3376255067771743,254.1479863433308,0.0,0.0,33.59769388411486,0.0,0.0,0.0,0.0,0.0,0.0,0.0,0.0,0.0,1.0,0.0003888888888888889,0.0,1.0,0.0,0.0,0.0,False,
0.5733620476291207,0.08213402057389423,1.1486091021130653,0.9674512852841085,0.02476408509816542,0.01359537725119702,7.829499822165799,3.904838112015007,4.5154071187370395,0.3368519995778295,1.4348678334848062,0.41952728517695337,0.08352488667499892,0,56.0,0.43999999999999984,54.809042442820505,67.47795099849607,6.432210971833167,1.2692522059768572,91.82362444288404,4.845115337744714,0.0,10.668451677918661,0.0,0.0,0.0,0.0,0.0,0.0,0.0,0.0,0.0,1.0,0.0002777777777777778,0.0005555555555555556,1.0,0.0,0.0,0.0,False,
0.5733620476291207,0.08213402057389423,1.1486091021130653,0.9674512852841085,0.02476408509816542,0.01359537725119702,7.829499822165799,3.904838112015007,4.5154071187370395,0.3368519995778295,1.4348678334848062,0.41952728517695337,0.08352488667499892,1,45.93333333333333,0.5406666666666666,44.37293962892088,54.26983519478266,5.275944475706011,1.256490180541646,99.16198380689315,4.663601763155734,10.439433917462875,10.826787753898616,0.0,0.0,0.0,0.0,0.0,0.0,0.06666666666666667,0.06666666666666667,0.0,1.0,0.0006666666666666666,0.0,1.0,0.0,0.0,0.0,False,
0.5733620476291207,0.08213402057389423,1.1486091021130653,0.9674512852841085,0.02476408509816542,0.01359537725119702,7.829499822165799,3.904838112015007,4.5154071187370395,0.3368519995778295,1.4348678334848062,0.41952728517695337,0.08352488667499892,2,43.3,0.5670000000000001,40.99428628221769,50.88954356206095,4.973477412149573,1.283287268861379,78.5336634115766,3.5767669765434196,0.41597407715044815,3.0874928749249393,0.0,0.06666666666666667,0.2566664147396919,0.0028393873834694277,0.0,0.0,0.06666666666666667,0.06666666666666667,0.0,1.0,0.001,0.0005555555555555556,1.0,0.0,0.03888888888888889,0.0,False,
0.7793423749661841,0.03857627161268401,1.1528501976200642,1.5028326520068622,0.023309840397738476,0.007893012389752194,5.4061478234546705,2.396362976259375,3.285536860990679,0.49602826648574766,1.9025364488246472,0.30475098755576346,0.2183905527847388,0,79.1,0.20899999999999996,120.78449262422401,100.56181287265083,9.119045063174706,0.8474711339679478,28.159371873432594,0.023426167335925802,0.0,5.667834226614912,0.0,0.03333333333333333,0.2215746596579465,0.0038988998244560815,0.0,0.0,0.03333333333333333,0.03333333333333333,0.0,1.0,0.0020555555555555553,0.0,1.0,0.0,0.044444444444444446,0.0,False,
0.7793423749661841,0.03857627161268401,1.1528501976200642,1.5028326520068622,0.023309840397738476,0.007893012389752194,5.4061478234546705,2.396362976259375,3.285536860990679,0.49602826648574766,1.9025364488246472,0.30475098755576346,0.2183905527847388,1,75.0,0.25,113.67684088872326,94.40490614985583,8.646376482150483,0.8407381720431373,29.926633649893745,0.022514161969413537,0.0,5.670014081478088,0.0,0.0,0.0,0.004361103695718958,0.0,0.0,0.0,0.0,0.0,1.0,0.002277777777777778,0.0,1.0,0.0,0.06111111111111111,0.0,False,
0.7793423749661841,0.03857627161268401,1.1528501976200642,1.5028326520068622,0.023309840397738476,0.007893012389752194,5.4061478234546705,2.396362976259375,3.285536860990679,0.49602826648574766,1.9025364488246472,0.30475098755576346,0.2183905527847388,2,78.0,0.21999999999999992,117.57754118448808,98.23456886512848,8.992231541436503,0.8501655114581924,16.594667607571374,0.07106397345036022,0.0,2.8916557286741624,0.0,0.0,0.0,0.003752163485434755,0.0,0.0,0.0,0.0,0.0,1.0,0.002111111111111111,0.0,1.0,0.0,0.044444444444444446,0.0,False,
0.8280720482611093,0.1257225686227251,1.1765960988065978,1.8863893750656018,0.018456851403906335,0.002162201347111547,4.508879320361476,3.8876723691953297,2.7530251481693306,0.32117680688545186,1.077580087507828,0.3442366622186148,0.3092685948235352,0,90.0,0.1,169.87754994969194,115.9192671865639,10.589364889259382,0.6863827794301176,31.168222123020282,0.0,0.0,6.514567642797322,0.0,0.0,0.0,0.0009045254256742852,0.0,0.0,0.03333333333333333,0.03333333333333333,0.0,1.0,0.0008888888888888889,0.0,1.0,0.0,0.011111111111111112,0.0,False,
0.8280720482611093,0.1257225686227251,1.1765960988065978,1.8863893750656018,0.018456851403906335,0.002162201347111547,4.508879320361476,3.8876723691953297,2.7530251481693306,0.32117680688545186,1.077580087507828,0.3442366622186148,0.3092685948235352,1,72.0,0.28,136.82244349257155,92.99203470847732,8.471491911407501,0.6837873804829275,11.907333550932856,0.15097859422222032,0.0,0.6227817127301023,0.0,0.0,0.0,0.0,0.0,0.0,0.0,0.0,0.0,1.0,0.0006666666666666666,0.0,1.0,0.0,0.0,0.0,False,
0.8280720482611093,0.1257225686227251,1.1765960988065978,1.8863893750656018,0.018456851403906335,0.002162201347111547,4.508879320361476,3.8876723691953297,2.7530251481693306,0.32117680688545186,1.077580087507828,0.3442366622186148,0.3092685948235352,2,77.0,0.23000000000000007,145.01791334567366,99.34550605807226,9.059789960810804,0.6899101102806159,10.499529708614293,0.0,0.0,1.8009751841731316,0.0,0.0,0.0,0.0009664176091234728,0.0,0.0,0.0,0.0,0.0,1.0,0.0008888888888888889,0.0,1.0,0.0,0.011111111111111112,0.0,False,
0.654868324306027,0.11275741357462651,0.954980818566231,1.9184618569790493,0.07253091335435534,0.006883320587852155,6.661510937834603,4.594116994482526,2.5024939638891674,0.7433187701852724,1.766510380658831,0.4628539477378639,0.10986685261247617,0,40.0,0.6000000000000001,77.1489464683808,41.71479370877512,3.819923274264924,0.5464998604200961,18.017007040935525,2.9961715722436693,0.0,2.82744034377065,0.0,0.2,0.8052877938188419,0.018319781534241495,0.0,0.0,0.2,0.2,0.0,1.0,0.003,0.0,1.0,0.0,0.18333333333333332,0.0,False,
0.654868324306027,0.11275741357462651,0.954980818566231,1.9184618569790493,0.07253091335435534,0.006883320587852155,6.661510937834603,4.594116994482526,2.5024939638891674,0.7433187701852724,1.766510380658831,0.4628539477378639,0.10986685261247617,1,22.0,0.7800000000000001,42.703905316117215,22.460883140435843,2.1009578008457077,0.5309885753681731,14.738293534598577,1.1229297720101423,0.0020526745712760846,2.332473183682519,0.0,0.13333333333333333,0.535470328395017,0.0324403772701463,0.0,0.05225580822964468,0.13333333333333333,0.13333333333333333,0.0,1.0,0.003277777777777778,0.0,1.0,0.0,0.1388888888888889,0.005555555555555556,False,
0.654868324306027,0.11275741357462651,0.954980818566231,1.9184618569790493,0.07253091335435534,0.006883320587852155,6.661510937834603,4.594116994482526,2.5024939638891674,0.7433187701852724,1.766510380658831,0.4628539477378639,0.10986685261247617,2,38.0,0.62,72.79223062477448,39.564146450576246,3.6289271105516767,0.5488863546243249,15.870521626847623,1.942663333029826,0.0,2.4320798773453784,0.0,0.13333333333333333,0.5398823921080145,0.01846281694035334,0.0,0.0,0.13333333333333333,0.13333333333333333,0.0,1.0,0.0028888888888888888,0.0,1.0,0.0,0.18333333333333332,0.0,False,
0.8478773437586408,0.10929857747799396,1.3519225231982237,1.247651420166121,0.06468325395996372,0.011944331371578291,10.987878152756082,3.010305304447315,1.7989669069537129,0.2946673888490901,1.4226402384119337,0.2318923557889075,0.25494800409622526,0,21.0,0.7899999999999998,27.033845037770025,30.46808786818451,2.8390372987162684,1.1472390206118754,29.072496599066085,0.0,0.0011603207789065058,2.657011130441182,0.0,0.26666666666666666,1.1089497128794084,0.03503290218696368,0.0,0.8571826993957489,0.3,0.3,0.0,1.0,0.007611111111111111,0.0,1.0,0.0,0.21666666666666667,0.011111111111111112,False,
0.8478773437586408,0.10929857747799396,1.3519225231982237,1.247651420166121,0.06468325395996372,0.011944331371578291,10.987878152756082,3.010305304447315,1.7989669069537129,0.2946673888490901,1.4226402384119337,0.2318923557889075,0.25494800409622526,1,22.1,0.7790000000000001,28.55803021438222,32.26693260804191,2.9877487762680732,1.1493953254302167,30.240043741663253,0.0,0.0,2.8762919014659616,0.0,0.3,1.2174591084451714,0.03222892307168495,0.0,0.8786969542710917,0.3333333333333333,0.3333333333333333,0.0,1.0,0.007833333333333333,0.0,1.0,0.0,0.22777777777777777,0.005555555555555556,False,
0.8478773437586408,0.10929857747799396,1.3519225231982237,1.247651420166121,0.06468325395996372,0.011944331371578291,10.987878152756082,3.010305304447315,1.7989669069537129,0.2946673888490901,1.4226402384119337,0.2318923557889075,0.25494800409622526,2,20.066666666666666,0.7993333333333336,25.063836376103243,28.661937005091108,2.7128578632177702,1.1645837629619933,26.53347944014424,0.0,0.016521447007612454,2.503639088931877,0.0,0.23333333333333334,1.1876801486966628,0.03960826205035435,0.0,0.8361163357372334,0.3333333333333333,0.3333333333333333,0.0,1.0,0.00811111111111111,0.0,1.0,0.0,0.2388888888888889,0.016666666666666666,False,
0.7547271506601695,0.11494258758713999,1.2575653147403714,1.155660828844154,0.018641227839917788,0.025822718052530887,7.058712398910995,4.420349581096696,1.8825509237056728,0.9411136011827913,2.1086781570042197,0.11235408294997276,0.28128500858749483,0,87.66666666666667,0.12333333333333332,105.26706108860803,120.74664340376877,11.02465592589059,1.186333309975048,18.029080276292355,0.518434186651015,0.0,0.8524350223462605,0.0,0.0,0.0,0.006293541424027975,0.0,0.0,0.0,0.0,0.0,1.0,0.0016111111111111111,0.0,1.0,0.0,0.08333333333333333,0.0,False,
0.7547271506601695,0.11494258758713999,1.2575653147403714,1.155660828844154,0.018641227839917788,0.025822718052530887,7.058712398910995,4.420349581096696,1.8825509237056728,0.9411136011827913,2.1086781570042197,0.11235408294997276,0.28128500858749483,1,68.13333333333334,0.3186666666666667,83.23671008840508,94.04668666189744,8.568211677764399,1.156606998577696,33.02425960942531,0.5339643406719893,0.0,4.376801485424247,0.0,0.03333333333333333,0.19247259235856382,0.008025368692352592,0.0,0.0,0.06666666666666667,0.06666666666666667,0.0,1.0,0.0017222222222222222,0.0,1.0,0.0,0.1111111111111111,0.0,False,
0.7547271506601695,0.11494258758713999,1.2575653147403714,1.155660828844154,0.018641227839917788,0.025822718052530887,7.058712398910995,4.420349581096696,1.8825509237056728,0.9411136011827913,2.1086781570042197,0.11235408294997276,0.28128500858749483,2,18.0,0.8200000000000001,20.802061112945182,23.610314969248595,2.2636175665326688,1.1681500049155509,45.302524574210935,0.0,0.0,2.158092818285089,0.0,0.23333333333333334,1.3086113716457362,0.017695378692792932,0.0,0.0,0.26666666666666666,0.26666666666666666,0.0,1.0,0.002277777777777778,0.0,1.0,0.0,0.15,0.0,False,
0.6429229923171936,0.07132786013148856,0.9493882139321163,0.9618748071047171,0.051286719397929045,0.027697144782550753,9.095316602569843,4.113981905687426,2.062280022931595,0.37325241309055623,2.594412745846111,0.32323823557853815,0.3126530921361752,0,0.0,1.0,0.0,0.0,0.0,1.0470923478960001,0.20860819594848357,0.0,0.0,0.6671955830754909,0.0,0.0,0.0,0.07748745896546344,0.0,0.525170675297013,0.0,0.0,0.0,1.0,0.004888888888888889,0.0,1.0,0.0,0.08888888888888889,0.06666666666666667,True,
0.6429229923171936,0.07132786013148856,0.9493882139321163,0.9618748071047171,0.051286719397929045,0.027697144782550753,9.095316602569843,4.113981905687426,2.062280022931595,0.37325241309055623,2.594412745846111,0.32323823557853815,0.3126530921361752,1,12.0,0.8799999999999998,11.730255402082697,11.759123223833216,1.1392658567185392,1.0446881467531748,15.312617973414207,0.0,0.020847131608883043,1.8294762037756083,0.0,0.1,0.36177431579778585,0.036368993943717856,0.0,0.6051718119559704,0.1,0.1,0.0,1.0,0.005444444444444444,0.0,1.0,0.0,0.1111111111111111,0.016666666666666666,False,
0.6429229923171936,0.07132786013148856,0.9493882139321163,0.9618748071047171,0.051286719397929045,0.027697144782550753,9.095316602569843,4.113981905687426,2.062280022931595,0.37325241309055623,2.594412745846111,0.32323823557853815,0.3126530921361752,2,0.0,1.0,0.0,0.0,0.0,1.0671359873515367,0.08726546857663084,0.0,0.0,1.0,0.0,0.0,0.0,0.05631352397251658,0.0,0.6767036895703749,0.0,0.0,0.0,1.0,0.005277777777777778,0.0,1.0,0.0,0.06666666666666667,0.08888888888888889,True,
0.7666159283706883,0.10998752825523778,0.9010330314365446,1.3747691297608868,0.027994085824248165,0.026763019258027893,9.027310044973863,4.0868303015250875,1.986002065749563,0.617973480858161,2.7950950413867357,0.19667989863125573,0.34053380407526607,0,0.0,1.0,0.0,0.0,0.0,0.6914960339438255,0.009145306980630591,0.0,0.0,1.0,0.0,0.0,0.0,0.06532107566409177,0.0,0.8882679624992061,0.0,0.0,0.0,1.0,0.005333333333333333,0.0,1.0,0.0,0.07777777777777778,0.06666666666666667,True,
0.7666159283706883,0.10998752825523778,0.9010330314365446,1.3747691297608868,0.027994085824248165,0.026763019258027893,9.027310044973863,4.0868303015250875,1.986002065749563,0.617973480858161,2.7950950413867357,0.19667989863125573,0.34053380407526607,1,0.0,1.0,0.0,0.0,0.0,0.6905273784842013,0.009432698265174564,0.0,0.0,1.0,0.0,0.0,0.0,0.06050884776738508,0.0,0.9122774897457988,0.0,0.0,0.0,1.0,0.005388888888888888,0.0,1.0,0.0,0.07777777777777778,0.06111111111111111,True,
0.7666159283706883,0.10998752825523778,0.9010330314365446,1.3747691297608868,0.027994085824248165,0.026763019258027893,9.027310044973863,4.0868303015250875,1.986002065749563,0.617973480858161,2.7950950413867357,0.19667989863125573,0.34053380407526607,2,0.0,1.0,0.0,0.0,0.0,0.7000995408399849,0.00934711082674455,0.0,0.0,1.0,0.0,0.0,0.0,0.06010067210373988,0.0,0.9356840254675306,0.0,0.0,0.0,1.0,0.005388888888888888,0.0,1.0,0.0,0.07777777777777778,0.06111111111111111,True,
0.8862014994085745,0.04577069793869893,1.071118750683457,1.4848854632304678,0.02361238314434774,0.012716539176290856,4.418277186002214,4.513415733321695,3.2795890543100947,0.2546877575469498,2.765301426769101,0.3103782377713372,0.10690066903753723,0,68.0,0.32,101.82558281497987,76.3008393999109,7.283607504647508,0.7643295479640809,164.29166412884766,0.21603082553640335,0.0,16.40385599441249,0.0,0.0,0.0,0.0,0.0,0.0,0.06666666666666667,0.06666666666666667,0.0,1.0,0.0005,0.0,1.0,0.0,0.0,0.0,False,
0.8862014994085745,0.04577069793869893,1.071118750683457,1.4848854632304678,0.02361238314434774,0.012716539176290856,4.418277186002214,4.513415733321695,3.2795890543100947,0.2546877575469498,2.765301426769101,0.3103782377713372,0.10690066903753723,1,65.0,0.34999999999999987,97.53008880672782,73.0437332285222,6.962271879442473,0.7650059638922018,158.23594279739805,0.16434908745789595,0.0,4.1462141307688976,0.0,0.06666666666666667,0.2924403091998097,0.0013079003668989718,0.0,0.0,0.06666666666666667,0.06666666666666667,0.0,1.0,0.0008333333333333333,0.0,1.0,0.0,0.022222222222222223,0.0,False,
0.8862014994085745,0.04577069793869893,1.071118750683457,1.4848854632304678,0.02361238314434774,0.012716539176290856,4.418277186002214,4.513415733321695,3.2795890543100947,0.2546877575469498,2.765301426769101,0.3103782377713372,0.10690066903753723,2,66.0,0.33999999999999997,98.24590652013504,74.90585551209294,7.0693837545108185,0.7793149417573392,123.14269257981998,0.15320211553804786,0.0,1.4741741098226864,0.0,0.03333333333333333,0.27334568326823677,0.0014043320746632167,0.0,0.0,0.06666666666666667,0.06666666666666667,0.0,1.0,0.0009444444444444444,0.0,1.0,0.0,0.016666666666666666,0.0,False,
0.6711940046534209,0.03777159282134236,1.3698006436913224,1.568444737226069,0.02827001219509868,0.009706731399091575,9.78686930393149,2.260800037501852,4.045451683051732,0.48587521529596495,1.0471972487792585,0.31149099240082057,0.30163530951514783,0,0.0,1.0,0.0,0.0,0.0,0.9203241443066571,0.0012160816587577865,0.0,0.0,1.0,0.0,0.0,0.0,0.04854797801152793,0.0,0.520009768696189,0.0,0.0,0.0,1.0,0.005555555555555556,0.0,1.0,0.0,0.12222222222222222,0.13333333333333333,True,
0.6711940046534209,0.03777159282134236,1.3698006436913224,1.568444737226069,0.02827001219509868,0.009706731399091575,9.78686930393149,2.260800037501852,4.045451683051732,0.48587521529596495,1.0471972487792585,0.31149099240082057,0.30163530951514783,1,0.0,1.0,0.0,0.0,0.0,0.9192420942229904,0.0008430014993166514,0.0,0.0,0.04777053530363116,0.0,0.0,0.0,0.043395701470369696,0.0,0.5257564162708157,0.0,0.0,0.0,1.0,0.005555555555555556,0.0,1.0,0.0,0.11666666666666667,0.16666666666666666,True,
0.6711940046534209,0.03777159282134236,1.3698006436913224,1.568444737226069,0.02827001219509868,0.009706731399091575,9.78686930393149,2.260800037501852,4.045451683051732,0.48587521529596495,1.0471972487792585,0.31149099240082057,0.30163530951514783,2,0.0,1.0,0.0,0.0,0.0,0.9301908437441146,0.0011505066085619837,0.0,0.0,1.0,0.0,0.0,0.0,0.05074199087151923,0.0,0.5103930364675408,0.0,0.0,0.0,1.0,0.005555555555555556,0.0,1.0,0.0,0.1111111111111111,0.16666666666666666,True,
0.6231040553869805,0.11132792201418255,1.3295359546779109,1.0630346983680208,0.03636609369131551,0.018907247752683855,10.140772160597534,2.8372231728421182,2.1714211081059704,0.6781952382021691,1.405482221840153,0.2819913545816971,0.1823339720406167,0,10.0,0.8999999999999998,10.727690876254659,13.861820482736471,1.3295359546779106,1.3242377757234114,17.624557712662916,0.2038776172378042,0.02833712801927378,1.7980581841131675,0.0,0.06666666666666667,0.2690993321322953,0.020991583333199473,0.0,0.18846928942835273,0.1,0.1,0.0,1.0,0.0036666666666666666,0.0,1.0,0.0,0.09444444444444444,0.005555555555555556,False,
0.6231040553869805,0.11132792201418255,1.3295359546779109,1.0630346983680208,0.03636609369131551,0.018907247752683855,10.140772160597534,2.8372231728421182,2.1714211081059704,0.6781952382021691,1.405482221840153,0.2819913545816971,0.1823339720406167,1,10.0,0.8999999999999998,10.750035030512738,13.895322096039827,1.3295359546779106,1.3215992823026999,18.850510615405668,0.5012091429372509,0.0054124263527863545,2.033795850198283,0.0,0.03333333333333333,0.08110503693325645,0.019993608101163816,0.0,0.14436660824971698,0.03333333333333333,0.03333333333333333,0.0,1.0,0.003333333333333333,0.0,1.0,0.0,0.07777777777777778,0.011111111111111112,False,
0.6231040553869805,0.11132792201418255,1.3295359546779109,1.0630346983680208,0.03636609369131551,0.018907247752683855,10.140772160597534,2.8372231728421182,2.1714211081059704,0.6781952382021691,1.405482221840153,0.2819913545816971,0.1823339720406167,2,66.0,0.33999999999999997,72.70370600793416,96.09912487448018,8.774937300874209,1.3577598527180261,10.847886922872737,3.4442583968872476,0.0,0.4569109243470134,0.0,0.0,0.0,0.0,0.0,0.0,0.0,0.0,0.0,1.0,0.0008333333333333333,0.0,1.0,0.0,0.0,0.0,False,
0.9140231470904654,0.1106754829327535,1.1390566922720913,1.018772052581547,0.062269942547860016,0.013383128850176805,6.076559714964213,2.791438520861424,4.592764486473264,0.8752322023371741,2.346437907238914,0.03094985727634847,0.11236312946733563,0,79.26666666666667,0.2073333333333333,85.98206514548161,98.62158282606165,9.028922714076776,1.187819130586212,31.623488005578963,0.0,0.0,4.1454222272529355,0.0,0.1,0.7833673427885152,0.027112627967032666,0.0,0.3492823453788895,0.3333333333333333,0.3333333333333333,0.0,1.0,0.007555555555555555,0.0,1.0,0.0,0.10555555555555556,0.016666666666666666,False,
0.9140231470904654,0.1106754829327535,1.1390566922720913,1.018772052581547,0.062269942547860016,0.013383128850176805,6.076559714964213,2.791438520861424,4.592764486473264,0.8752322023371741,2.346437907238914,0.03094985727634847,0.11236312946733563,1,73.5,0.265,79.56087688589704,92.01798740994515,8.372066688199872,1.1883245147948103,28.609353940707106,0.0,0.0,3.7902945620829467,0.0,0.13333333333333333,0.7910319789985328,0.025137762565928774,0.0,0.29721017295638685,0.3,0.3,0.0,1.0,0.007388888888888889,0.0,1.0,0.0,0.14444444444444443,0.011111111111111112,False,
0.9140231470904654,0.1106754829327535,1.1390566922720913,1.018772052581547,0.062269942547860016,0.013383128850176805,6.076559714964213,2.791438520861424,4.592764486473264,0.8752322023371741,2.346437907238914,0.03094985727634847,0.11236312946733563,2,74.5,0.25500000000000006,78.98362869998898,93.10991292388243,8.48597235742708,1.2176104829490764,32.78102484119119,0.0,0.0,5.005978941579599,0.0,0.1,0.7759477237500856,0.022863886087312546,0.0,0.23864653708081512,0.3,0.3,0.0,1.0,0.006944444444444444,0.0,1.0,0.0,0.10555555555555556,0.011111111111111112,False,
0.5711324529774514,0.04971342532449206,1.0047245879662425,1.0952332465799441,0.047493137694038776,0.0196307825750844,10.70884783440491,2.7194976075872135,3.2329487881759897,0.5131370396094889,1.2249287496109644,0.0659157700677625,0.17531694661382236,0,53.0,0.4700000000000001,58.80966239268502,57.965488122185725,5.3250403162210835,1.0123388545482472,31.772970193097954,2.324888739307151,0.0,3.0751747271351078,0.0,0.06666666666666667,0.3434969269646821,0.007177305164009846,0.0,0.0,0.1,0.1,0.0,1.0,0.0030555555555555557,0.0,1.0,0.0,0.08888888888888889,0.0,False,
0.5711324529774514,0.04971342532449206,1.0047245879662425,1.0952332465799441,0.047493137694038776,0.0196307825750844,10.70884783440491,2.7194976075872135,3.2329487881759897,0.5131370396094889,1.2249287496109644,0.0659157700677625,0.17531694661382236,1,52.0,0.4800000000000001,57.27488554868285,56.37885547108826,5.224567857424461,0.9977944894757861,34.970430878571925,1.9555806251852481,0.0,3.026753903002415,0.0,0.06666666666666667,0.34171525515155826,0.007643666337144128,0.0,0.0,0.13333333333333333,0.13333333333333333,0.0,1.0,0.0032222222222222222,0.0,1.0,0.0,0.07777777777777778,0.0,False,
0.5711324529774514,0.04971342532449206,1.0047245879662425,1.0952332465799441,0.047493137694038776,0.0196307825750844,10.70884783440491,2.7194976075872135,3.2329487881759897,0.5131370396094889,1.2249287496109644,0.0659157700677625,0.17531694661382236,2,58.0,0.42000000000000004,63.13302537186767,63.67279589063504,5.827402610204209,1.0250154524703003,26.96186263314907,1.9364948797896298,0.010457443542390447,3.157383200908629,0.0,0.03333333333333333,0.2936076128015592,0.007391947124999485,0.0,0.0,0.1,0.1,0.0,1.0,0.0031111111111111114,0.0,1.0,0.0,0.07222222222222222,0.0,False,
0.7945742148198748,0.0535648250966766,1.4189009103254802,1.7028084860161643,0.028352394824312913,0.019885633092097524,10.96951201571126,2.8318456231703095,2.3164945076445713,0.3673078025255358,1.9924270124462145,0.3453410537348196,0.27244500970746255,0,0.0,1.0,0.0,0.0,0.0,0.8775580452317738,0.005146969495385947,0.0,0.0,1.0,0.0,0.0,0.0,0.06409609598462129,0.0,0.7869418905585176,0.0,0.0,0.0,1.0,0.005555555555555556,0.0,1.0,0.0,0.12222222222222222,0.06666666666666667,True,
0.7945742148198748,0.0535648250966766,1.4189009103254802,1.7028084860161643,0.028352394824312913,0.019885633092097524,10.96951201571126,2.8318456231703095,2.3164945076445713,0.3673078025255358,1.9924270124462145,0.3453410537348196,0.27244500970746255,1,0.0,1.0,0.0,0.0,0.0,0.8766316236805106,0.005299258890736773,0.0,0.0,1.0,0.0,0.0,0.0,0.05112647495883168,0.0,0.7836490082633001,0.0,0.0,0.0,1.0,0.005555555555555556,0.0,1.0,0.0,0.1,0.05,True,
0.7945742148198748,0.0535648250966766,1.4189009103254802,1.7028084860161643,0.028352394824312913,0.019885633092097524,10.96951201571126,2.8318456231703095,2.3164945076445713,0.3673078025255358,1.9924270124462145,0.3453410537348196,0.27244500970746255,2,0.0,1.0,0.0,0.0,0.0,0.8861488654308342,0.0051531546164601625,0.0,0.0,1.0,0.0,0.0,0.0,0.04587044420397528,0.0,0.7786022475402942,0.0,0.0,0.0,1.0,0.005555555555555556,0.0,1.0,0.0,0.1111111111111111,0.044444444444444446,True,
0.6833221508236602,0.04558984189540856,1.0727067529845762,1.4139237139427132,0.029069692688847747,0.018105582140656894,8.469114225017655,3.5958533278028,3.661990628095446,0.8951864961024593,2.4463897952758984,0.4784930844387433,0.28861213506759636,0,0.0,1.0,0.0,0.0,0.0,0.8002202939284049,0.0071575261400183615,0.0,0.0,1.0,0.0,0.0,0.0,0.05925308992635369,0.0,0.9455610355153624,0.0,0.0,0.0,1.0,0.005555555555555556,0.0,1.0,0.0,0.08888888888888889,0.05555555555555555,True,
0.6833221508236602,0.04558984189540856,1.0727067529845762,1.4139237139427132,0.029069692688847747,0.018105582140656894,8.469114225017655,3.5958533278028,3.661990628095446,0.8951864961024593,2.4463897952758984,0.4784930844387433,0.28861213506759636,1,0.0,1.0,0.0,0.0,0.0,0.7991406948154433,0.0074877843168619325,0.0,0.0,1.0,0.0,0.0,0.0,0.06011728025131652,0.0,0.8727595067095931,0.0,0.0,0.0,1.0,0.0055000000000000005,0.0,1.0,0.0,0.07777777777777778,0.06666666666666667,True,
0.6833221508236602,0.04558984189540856,1.0727067529845762,1.4139237139427132,0.029069692688847747,0.018105582140656894,8.469114225017655,3.5958533278028,3.661990628095446,0.8951864961024593,2.4463897952758984,0.4784930844387433,0.28861213506759636,2,0.0,1.0,0.0,0.0,0.0,0.8098621934124355,0.008073228260894131,0.0,0.0,1.0,0.0,0.0,0.0,0.05853104289904708,0.0,0.9037188269631541,0.0,0.0,0.0,1.0,0.005555555555555556,0.0,1.0,0.0,0.07777777777777778,0.05555555555555555,True,
0.7165677133094943,0.09293631410338052,1.3368781913435221,1.633310883766754,0.04210248153939833,0.007589857172241163,8.662280048308112,2.4634889245012612,2.8121179398710394,0.5233252282900209,2.8108727919301315,0.18636193989552277,0.14282282981943856,0,21.0,0.7899999999999998,34.52741993747982,29.255992471550332,2.8074442018213968,0.8622642717557905,30.06075131108973,0.35795796778847505,0.004005366609889027,2.545053247401564,0.0,0.06666666666666667,0.4009140616958941,0.018048002071558232,0.0,0.2024720145425703,0.13333333333333333,0.13333333333333333,0.0,1.0,0.0041111111111111105,0.0,1.0,0.0,0.06666666666666667,0.005555555555555556,False,
0.7165677133094943,0.09293631410338052,1.3368781913435221,1.633310883766754,0.04210248153939833,0.007589857172241163,8.662280048308112,2.4634889245012612,2.8121179398710394,0.5233252282900209,2.8108727919301315,0.18636193989552277,0.14282282981943856,1,22.0,0.7800000000000001,36.46987751483686,31.06234047842342,2.941132020955749,0.8653042568625582,34.844244398180756,0.6249762687491488,0.0010339913775867127,3.8548048441804728,0.0,0.03333333333333333,0.20109250179839672,0.018530753445616794,0.0,0.2596491475291165,0.03333333333333333,0.03333333333333333,0.0,1.0,0.0041111111111111105,0.0,1.0,0.0,0.05555555555555555,0.011111111111111112,False,
0.7165677133094943,0.09293631410338052,1.3368781913435221,1.633310883766754,0.04210248153939833,0.007589857172241163,8.662280048308112,2.4634889245012612,2.8121179398710394,0.5233252282900209,2.8108727919301315,0.18636193989552277,0.14282282981943856,2,15.833333333333334,0.8416666666666667,24.182005006519567,20.703234888615523,2.116723802960576,0.8711019242612281,33.25551552718294,0.2256355130516093,0.0036634675874793947,3.0942207116908236,0.0,0.1,0.5095728945855844,0.018489940144142927,0.0,0.21109667963388767,0.2,0.2,0.0,1.0,0.0045000000000000005,0.0,1.0,0.0,0.07777777777777778,0.005555555555555556,False,
0.5919806170703966,0.04640483326520713,1.4089432129777346,1.0487603713843603,0.04308357062695067,0.01990974792161567,10.266088081866064,4.517005359856388,2.6197215368836018,0.5747391620620452,0.9561950142756491,0.18070188829019818,0.2870067803136799,0,0.0,1.0,0.0,0.0,0.0,1.4227719614238405,0.01583699566546605,0.0,0.0,1.0,0.0,0.0,0.0,0.05707042974292635,0.0,0.718673913115481,0.0,0.0,0.0,1.0,0.0041111111111111105,0.0,1.0,0.0,0.07777777777777778,0.1,True,
0.5919806170703966,0.04640483326520713,1.4089432129777346,1.0487603713843603,0.04308357062695067,0.01990974792161567,10.266088081866064,4.517005359856388,2.6197215368836018,0.5747391620620452,0.9561950142756491,0.18070188829019818,0.2870067803136799,1,0.0,1.0,1.0800705125477524e-07,1.5056684532854626e-07,0.0,1.4198827937882692,3.7309932538737316,0.0,0.0,1.0,0.0,0.03333333333333333,1.5056684532854626e-07,0.06471905997058071,0.03333333333333333,0.7130988557598559,0.03333333333333333,0.03333333333333333,0.0,1.0,0.004055555555555555,0.0,1.0,0.0,0.08888888888888889,0.05555555555555555,True,
0.5919806170703966,0.04640483326520713,1.4089432129777346,1.0487603713843603,0.04308357062695067,0.01990974792161567,10.266088081866064,4.517005359856388,2.6197215368836018,0.5747391620620452,0.9561950142756491,0.18070188829019818,0.2870067803136799,2,0.0,1.0,0.0,0.0,0.0,1.4471968127553245,0.005335266026702601,0.0,0.0,1.0,0.0,0.0,0.0,0.05777199622869526,0.0,0.8701786671357973,0.0,0.0,0.0,1.0,0.004333333333333333,0.0,1.0,0.0,0.07777777777777778,0.08888888888888889,True,
0.5874153358589891,0.11938915531722924,0.9198497874671431,1.4751688178168147,0.02565076083738406,0.006255836715735475,4.336068938815449,2.7875954780871677,1.8450971265801424,0.6338341215684105,1.5756982286291228,0.10995101346857926,0.06319489335916466,0,38.0,0.62,55.80787636785418,36.679513149364375,3.495429192375143,0.6709597283857215,64.97875219059736,3.3611378473194415,0.0,17.721284391196363,0.0,0.0,0.0,0.0,0.0,0.0,0.06666666666666667,0.06666666666666667,0.0,1.0,0.00044444444444444447,0.0016666666666666666,1.0,0.0,0.0,0.0,False,
0.5874153358589891,0.11938915531722924,0.9198497874671431,1.4751688178168147,0.02565076083738406,0.006255836715735475,4.336068938815449,2.7875954780871677,1.8450971265801424,0.6338341215684105,1.5756982286291228,0.10995101346857926,0.06319489335916466,1,32.3,0.6769999999999998,47.94810959239013,31.09589647784502,2.9711148135188723,0.6568175587238357,51.84043262085013,3.768606037782748,0.0,12.142284378297266,0.0,0.0,0.0,0.0,0.0,0.0,0.06666666666666667,0.06666666666666667,0.0,1.0,0.0006111111111111111,0.0016666666666666666,1.0,0.0,0.0,0.0,False,
0.5874153358589891,0.11938915531722924,0.9198497874671431,1.4751688178168147,0.02565076083738406,0.006255836715735475,4.336068938815449,2.7875954780871677,1.8450971265801424,0.6338341215684105,1.5756982286291228,0.10995101346857926,0.06319489335916466,2,37.1,0.6289999999999999,53.87650923585911,35.91314901761481,3.4249073753359967,0.6775627747878962,60.02404351803615,3.3877297095831924,2.2461335746187285,18.340937379791708,0.0,0.0,0.0,0.0,0.0,0.0,0.1,0.06666666666666667,0.03333333333333333,1.0,0.0005,0.0016666666666666666,1.0,0.0,0.0,0.0,False,
0.6304005527220984,0.036417119223264634,1.1357937366794346,1.3470833322615015,0.038215942631755095,0.0030147553990243756,9.910228969535208,4.69113679672227,3.7964899746883525,0.8571235852333491,1.4833395012668902,0.42105816875299373,0.3384546844041521,0,0.0,1.0,1.785844389420477e-07,1.5637122655740897e-07,0.0,0.8897710743884517,5.2672976392392625,0.0,0.0,1.0000000000000002,0.0,0.03333333333333333,1.5637122655740897e-07,0.066525668714376,0.03333333333333333,1.3501270711750266,0.03333333333333333,0.03333333333333333,0.0,1.0,0.005388888888888888,0.0,1.0,0.0,0.07222222222222222,0.08888888888888889,True,
0.6304005527220984,0.036417119223264634,1.1357937366794346,1.3470833322615015,0.038215942631755095,0.0030147553990243756,9.910228969535208,4.69113679672227,3.7964899746883525,0.8571235852333491,1.4833395012668902,0.42105816875299373,0.3384546844041521,1,0.0,1.0,0.0,0.0,0.0,0.8884901380770704,0.015951957935876622,0.0,0.0,1.0,0.0,0.0,0.0,0.04820559274867246,0.0,1.4289754753023083,0.0,0.0,0.0,1.0,0.005388888888888888,0.0,1.0,0.0,0.05555555555555555,0.08888888888888889,True,
0.6304005527220984,0.036417119223264634,1.1357937366794346,1.3470833322615015,0.038215942631755095,0.0030147553990243756,9.910228969535208,4.69113679672227,3.7964899746883525,0.8571235852333491,1.4833395012668902,0.42105816875299373,0.3384546844041521,2,0.0,1.0,0.0,0.0,0.0,0.9011033014372813,0.016706040307039826,0.0,0.0,1.0,0.0,0.0,0.0,0.051614103703752336,0.0,1.4034901039416299,0.0,0.0,0.0,1.0,0.005388888888888888,0.0,1.0,0.0,0.05555555555555555,0.08333333333333333,True,
0.6144072538488142,0.044138036770395614,1.0248463487712445,1.7735976165028844,0.05999411903522349,0.016758932405250566,10.320936143518075,3.4987875430695006,1.7733748138257215,0.9187072822796419,2.836792562127334,0.033647340193556495,0.2603412587988467,0,0.0,1.0,0.0,0.0,0.0,0.6083849971585397,0.23993154808156872,0.0,0.0,1.0,0.0,0.0,0.0,0.07434834959604533,0.0,0.17639355142705399,0.0,0.0,0.0,1.0,0.0037777777777777775,0.0,1.0,0.0,0.10555555555555556,0.06111111111111111,True,
0.6144072538488142,0.044138036770395614,1.0248463487712445,1.7735976165028844,0.05999411903522349,0.016758932405250566,10.320936143518075,3.4987875430695006,1.7733748138257215,0.9187072822796419,2.836792562127334,0.033647340193556495,0.2603412587988467,1,0.0,1.0,2.4991512179686392e-33,1.4987809829394825e-33,0.0,0.6077758677043763,0.09919206411356586,1.411120242826739e-33,0.0,1.0441469419819167,0.0,0.0,0.0,0.056483244424270294,0.0,0.12304630276803535,0.0,0.0,0.0,1.0,0.003944444444444444,0.0027777777777777775,1.0,0.0,0.1111111111111111,0.03888888888888889,True,
0.6144072538488142,0.044138036770395614,1.0248463487712445,1.7735976165028844,0.05999411903522349,0.016758932405250566,10.320936143518075,3.4987875430695006,1.7733748138257215,0.9187072822796419,2.836792562127334,0.033647340193556495,0.2603412587988467,2,0.0,1.0,0.0,0.0,0.0,0.6140811822145983,0.015962923997409093,0.0,0.0,1.0,0.0,0.0,0.0,0.06668517613233345,0.0,0.09701493879796647,0.0,0.0,0.0,1.0,0.003611111111111111,0.0011111111111111111,1.0,0.0,0.1111111111111111,0.03888888888888889,True,
0.9088803238119535,0.0585245225849889,0.9621246063956341,1.4219868728457132,0.021206323679826562,0.018442624065280685,7.7122913764901355,4.044097386959553,3.7346564461663467,0.4531395084920524,1.3091714584297096,0.19052821300401757,0.13935107365563087,0,1.7333333333333334,0.9826666666666665,1.5827793506855983,1.1230101238836887,0.17638951117253293,0.7198120721919374,11.223414531344222,0.0012274188998405672,2.1881892900748596,2.0121268832790213,0.0,0.13333333333333333,0.4472713111063339,0.08772265962898651,0.0,0.6497727851770916,0.26666666666666666,0.16666666666666666,0.1,1.0,0.006277777777777778,0.0038888888888888888,1.0,0.0,0.2111111111111111,0.06666666666666667,False,
0.9088803238119535,0.0585245225849889,0.9621246063956341,1.4219868728457132,0.021206323679826562,0.018442624065280685,7.7122913764901355,4.044097386959553,3.7346564461663467,0.4531395084920524,1.3091714584297096,0.19052821300401757,0.13935107365563087,1,0.0,1.0,0.0,0.0,0.0,0.712662785255413,0.09965634840083264,0.0,0.0,1.0,0.0,0.0,0.0,0.07880113177677416,0.0,0.661223167279439,0.0,0.0,0.0,1.0,0.0055000000000000005,0.0,1.0,0.0,0.15555555555555556,0.06666666666666667,True,
0.9088803238119535,0.0585245225849889,0.9621246063956341,1.4219868728457132,0.021206323679826562,0.018442624065280685,7.7122913764901355,4.044097386959553,3.7346564461663467,0.4531395084920524,1.3091714584297096,0.19052821300401757,0.13935107365563087,2,0.0,1.0,0.0,0.0,0.0,0.7221612296578928,0.001818332034317711,0.0,0.0,0.9999999999999998,0.0,0.0,0.0,0.08896960070771556,0.0,0.6676294089174394,0.0,0.0,0.0,1.0,0.005555555555555556,0.0,1.0,0.0,0.15,0.08888888888888889,True,
0.835798939115058,0.07853013866934311,0.946536918823887,1.2438953153227856,0.06257321172924488,0.009147186749812849,10.852908440069072,3.236893798145049,3.369828006403242,0.29831910506920606,2.8042638268088,0.13883151968565072,0.15862165100418513,0,57.5,0.4250000000000001,75.37032969759456,59.0768568372872,5.442587283237348,0.8081620908524892,37.050274447703224,0.08058863886554819,0.0,2.8636871507316957,0.0,0.16666666666666666,0.9346538819070401,0.028097252159169722,0.0,0.5569115754620383,0.3333333333333333,0.3333333333333333,0.0,1.0,0.007333333333333333,0.0,1.0,0.0,0.14444444444444443,0.011111111111111112,False,
0.835798939115058,0.07853013866934311,0.946536918823887,1.2438953153227856,0.06257321172924488,0.009147186749812849,10.852908440069072,3.236893798145049,3.369828006403242,0.29831910506920606,2.8042638268088,0.13883151968565072,0.15862165100418513,1,63.4,0.36599999999999994,82.58031273177721,65.25324349577261,6.001044065343442,0.8070776567770866,38.41584770475022,0.02369157338228993,0.0,2.952732750085292,0.0,0.16666666666666666,1.0369282610745245,0.028725885085219352,0.0,0.6035507459017693,0.36666666666666664,0.36666666666666664,0.0,1.0,0.007888888888888888,0.0,1.0,0.0,0.16111111111111112,0.011111111111111112,False,
0.835798939115058,0.07853013866934311,0.946536918823887,1.2438953153227856,0.06257321172924488,0.009147186749812849,10.852908440069072,3.236893798145049,3.369828006403242,0.29831910506920606,2.8042638268088,0.13883151968565072,0.15862165100418513,2,61.43333333333333,0.38566666666666666,78.31019160667294,62.4018672928121,5.814891804641413,0.8240955768069771,38.42858744348645,0.025019778900556476,0.0,2.0927685046237388,0.0,0.1,0.6410511754431469,0.023215890813736092,0.0,0.6527366792162224,0.26666666666666666,0.26666666666666666,0.0,1.0,0.007722222222222222,0.0,1.0,0.0,0.1111111111111111,0.011111111111111112,False,
0.8835241495024038,0.07685905918901015,0.9213619438469741,1.7418377069331195,0.06201493072066623,0.01958005807290443,4.995721362242077,3.553207379514098,3.4620489751247,0.832883262637912,2.2078684142459397,0.29142554880182214,0.22874502721294013,0,0.0,1.0,3.7425426014315825e-40,2.0581168822430518e-40,0.0,0.5569896624483481,0.005010993014392225,7.330556632742291e-41,0.0,0.042160224815284766,0.0,0.0,0.0,0.057910215016377505,0.0,0.3573458136140344,0.0,0.0,0.0,1.0,0.0055000000000000005,0.0016666666666666666,1.0,0.0,0.12222222222222222,0.027777777777777776,True,
0.8835241495024038,0.07685905918901015,0.9213619438469741,1.7418377069331195,0.06201493072066623,0.01958005807290443,4.995721362242077,3.553207379514098,3.4620489751247,0.832883262637912,2.2078684142459397,0.29142554880182214,0.22874502721294013,1,0.0,1.0,0.0,0.0,0.0,0.5564187516444227,0.32268430832483885,0.0,0.0,1.0,0.0,0.0,0.0,0.055185932447331325,0.0,0.37090565426648386,0.0,0.0,0.0,1.0,0.004888888888888889,0.0,1.0,0.0,0.07222222222222222,0.03888888888888889,True,
0.8835241495024038,0.07685905918901015,0.9213619438469741,1.7418377069331195,0.06201493072066623,0.01958005807290443,4.995721362242077,3.553207379514098,3.4620489751247,0.832883262637912,2.2078684142459397,0.29142554880182214,0.22874502721294013,2,10.0,0.8999999999999998,17.072905446354095,9.47635277151265,0.9213619438469745,0.562308569368516,8.303155782767103,0.013338790894777547,0.012160226139205291,1.6470482859732523,0.0,0.06666666666666667,0.18168916811029456,0.03960213657580204,0.0,0.38995837949042517,0.06666666666666667,0.06666666666666667,0.0,1.0,0.005388888888888888,0.0,1.0,0.0,0.1111111111111111,0.022222222222222223,False,
0.6363286602479391,0.08950515057384434,1.0974659268238647,1.1699641713518238,0.029882722664286005,0.017966022185265204,6.493125440742887,4.630927510778678,1.6635935690810295,0.32214704565868574,1.9527474955847375,0.12437974093441298,0.12375537755869799,0,41.93333333333333,0.5806666666666668,51.484914480602406,49.775564420581965,4.6020404531480725,0.9916658685240167,29.82459935273242,1.080076926610932,0.0,4.647877399547933,0.0,0.0,0.0,0.018893081660282432,0.0,0.48004885902468986,0.0,0.0,0.0,1.0,0.003388888888888889,0.0,1.0,0.0,0.05555555555555555,0.011111111111111112,False,
0.6363286602479391,0.08950515057384434,1.0974659268238647,1.1699641713518238,0.029882722664286005,0.017966022185265204,6.493125440742887,4.630927510778678,1.6635935690810295,0.32214704565868574,1.9527474955847375,0.12437974093441298,0.12375537755869799,1,42.86666666666667,0.5713333333333334,53.48274308209774,51.747046262768116,4.7044706063183,0.989936379498226,32.50761776690698,1.540967453228067,0.0,5.182538857971255,0.0,0.06666666666666667,0.510183992401368,0.01685820802560045,0.0,0.47185477660856273,0.1,0.1,0.0,1.0,0.0031666666666666666,0.0,1.0,0.0,0.05,0.005555555555555556,False,
0.6363286602479391,0.08950515057384434,1.0974659268238647,1.1699641713518238,0.029882722664286005,0.017966022185265204,6.493125440742887,4.630927510778678,1.6635935690810295,0.32214704565868574,1.9527474955847375,0.12437974093441298,0.12375537755869799,2,38.166666666666664,0.6183333333333334,46.31725499901712,45.387603088610966,4.188661620711084,1.0065675113986179,28.524813471986587,0.8187427341994452,0.0,4.174510875066763,0.0,0.0,0.0,0.023760919335852206,0.0,0.37545983399561605,0.0,0.0,0.0,1.0,0.0034444444444444444,0.0,1.0,0.0,0.07777777777777778,0.011111111111111112,False,
0.8304166524123573,0.061087560309378605,1.0651289946435019,1.0523057550619592,0.01206296198558411,0.014808295120470712,10.905083146183365,2.1655521335507957,4.43479380963201,0.798042766202994,2.5548846314682905,0.11285046163453832,0.07273810229976173,0,78.0,0.21999999999999992,83.26748142441528,88.07800382789264,8.308006158219316,1.0844933230600762,177.44373794611846,0.20936091182886163,19.54767474198568,36.35639183957378,0.0,0.0,0.0,0.0,0.0,0.0,0.0,0.0,0.0,1.0,0.0003888888888888889,0.0,1.0,0.0,0.0,0.0,False,
0.8304166524123573,0.061087560309378605,1.0651289946435019,1.0523057550619592,0.01206296198558411,0.014808295120470712,10.905083146183365,2.1655521335507957,4.43479380963201,0.798042766202994,2.5548846314682905,0.11285046163453832,0.07273810229976173,1,77.0,0.23000000000000007,82.2386053591227,87.3555821338559,8.201493258754967,1.0854709991848834,176.0050082598277,0.2524839016947332,11.699926351395044,32.34231683297234,0.0,0.0,0.0,0.0,0.0,0.0,0.0,0.0,0.0,1.0,0.0005,0.0,1.0,0.0,0.0,0.0,False,
0.8304166524123573,0.061087560309378605,1.0651289946435019,1.0523057550619592,0.01206296198558411,0.014808295120470712,10.905083146183365,2.1655521335507957,4.43479380963201,0.798042766202994,2.5548846314682905,0.11285046163453832,0.07273810229976173,2,73.16666666666667,0.26833333333333337,79.34854420003381,84.94216017018341,7.793193810808289,1.1042089142354987,22.78059178828927,0.1760110999337928,0.0,1.9555863888194434,0.0,0.0,0.0,0.0,0.0,0.0,0.0,0.0,0.0,1.0,0.0008333333333333333,0.0005555555555555556,1.0,0.0,0.0,0.0,False,
0.6670922898360818,0.04286891775698893,1.3797509448038288,1.5216598948768434,0.03206263771225665,0.006434549365952857,6.343726593157104,4.711825728592204,3.2447865785184518,0.2643798280003151,2.4849200539189376,0.3192042643184002,0.15332502613719784,0,0.0,1.0,0.0,0.0,0.0,0.955750309513545,4.047858997768708,0.0,0.0,1.0,0.0,0.0,0.0,0.07262625670946755,0.0,0.3805414575362295,0.0,0.0,0.0,1.0,0.003388888888888889,0.0,1.0,0.0,0.1,0.05,True,
0.6670922898360818,0.04286891775698893,1.3797509448038288,1.5216598948768434,0.03206263771225665,0.006434549365952857,6.343726593157104,4.711825728592204,3.2447865785184518,0.2643798280003151,2.4849200539189376,0.3192042643184002,0.15332502613719784,1,0.0,1.0,0.0,0.0,0.0,0.9545807857942162,0.0007509632778465523,0.0,0.0,1.0,0.0,0.0,0.0,0.059535324611778365,0.0,0.445211956960793,0.0,0.0,0.0,1.0,0.003611111111111111,0.0,1.0,0.0,0.1,0.08333333333333333,True,
0.6670922898360818,0.04286891775698893,1.3797509448038288,1.5216598948768434,0.03206263771225665,0.006434549365952857,6.343726593157104,4.711825728592204,3.2447865785184518,0.2643798280003151,2.4849200539189376,0.3192042643184002,0.15332502613719784,2,10.0,0.8999999999999998,15.15079581373879,14.374216730419318,1.3797509448038292,0.9663494991038478,15.891149521354775,0.08427104262714753,0.037339212733658395,1.78489455277339,0.0,0.06666666666666667,0.41024774825145127,0.033581344011706045,0.0,0.0,0.06666666666666667,0.06666666666666667,0.0,1.0,0.0031666666666666666,0.0,1.0,0.0,0.18888888888888888,0.0,False,
0.8007509633292721,0.03224618577640097,1.1823758340560262,1.6649850030561546,0.02528400650823255,0.02462377286046422,9.173075069265487,2.4481954791853373,2.3733824634401213,0.7627004575536444,2.549355695742616,0.4079590674434814,0.2299361360428851,0,0.0,1.0,2.216222170848712e-07,1.6321303194568915e-07,0.0,0.7480012919976081,4.647379421749911,0.0,0.0,1.0,0.0,0.06666666666666667,1.6321303194568915e-07,0.056336778360668895,0.06666666666666667,0.269089166542269,0.06666666666666667,0.06666666666666667,0.0,1.0,0.0041111111111111105,0.0,1.0,0.0,0.13333333333333333,0.1111111111111111,True,
0.8007509633292721,0.03224618577640097,1.1823758340560262,1.6649850030561546,0.02528400650823255,0.02462377286046422,9.173075069265487,2.4481954791853373,2.3733824634401213,0.7627004575536444,2.549355695742616,0.4079590674434814,0.2299361360428851,1,0.0,1.0,1.0410451298325354e-05,7.671012501447384e-06,0.0,0.7471881437003406,3.71766237403432,0.0,0.0,1.0,0.0,0.1,7.589405985474541e-06,0.0563839055952498,0.13333333333333333,0.204514898719305,0.13333333333333333,0.13333333333333333,0.0,1.0,0.004333333333333333,0.0,1.0,0.0,0.17777777777777778,0.09444444444444444,True,
0.8007509633292721,0.03224618577640097,1.1823758340560262,1.6649850030561546,0.02528400650823255,0.02462377286046422,9.173075069265487,2.4481954791853373,2.3733824634401213,0.7627004575536444,2.549355695742616,0.4079590674434814,0.2299361360428851,2,0.0,1.0,2.194319001246834e-07,1.6321303194568915e-07,0.0,0.7555069858073357,8.846543785215449,0.0,0.0,1.0,0.0,0.06666666666666667,1.6321303194568918e-07,0.05749150186506547,0.06666666666666667,0.3506534035074291,0.06666666666666667,0.06666666666666667,0.0,1.0,0.004555555555555556,0.0,1.0,0.0,0.13333333333333333,0.15,True,
0.6722851050245628,0.039895645500319335,1.0408461299138538,1.1927164870934863,0.0389839773440829,0.007452590332689148,7.600504439970297,2.8674067339414036,2.2375217244206826,0.3034240646628521,2.0750356417115676,0.485574373085215,0.286804886062461,0,0.2,0.998,0.03939454100557406,0.035416856771079384,0.020816922598277075,0.9223103462536633,14.24767180138338,0.0006472964924363054,0.0,2.1463923129896245,0.0,0.13333333333333333,0.6180820185381611,0.04123925517140167,0.0,0.5733675650599964,0.4,0.4,0.0,1.0,0.007277777777777777,0.008333333333333333,1.0,0.0,0.15555555555555556,0.027777777777777776,False,
0.6722851050245628,0.039895645500319335,1.0408461299138538,1.1927164870934863,0.0389839773440829,0.007452590332689148,7.600504439970297,2.8674067339414036,2.2375217244206826,0.3034240646628521,2.0750356417115676,0.485574373085215,0.286804886062461,1,10.9,0.8909999999999998,12.720583224868914,11.446043602210045,1.1345222816061002,0.9207438420814218,16.1995913538944,0.0,0.0,1.3551419484951335,0.0,0.03333333333333333,0.12305202943429648,0.027633744106775736,0.0,0.56701874977291,0.06666666666666667,0.06666666666666667,0.0,1.0,0.005888888888888889,0.0,1.0,0.0,0.08333333333333333,0.016666666666666666,False,
0.6722851050245628,0.039895645500319335,1.0408461299138538,1.1927164870934863,0.0389839773440829,0.007452590332689148,7.600504439970297,2.8674067339414036,2.2375217244206826,0.3034240646628521,2.0750356417115676,0.485574373085215,0.286804886062461,2,10.0,0.8999999999999998,11.76395905857755,10.718680918022605,1.0408461299138534,0.9358549031752074,16.04878448481294,0.0,0.03346430764967575,2.2163821026586317,0.0,0.1,0.2982246170045481,0.030901530878445018,0.0,0.5836165995290291,0.1,0.1,0.0,1.0,0.0057777777777777775,0.0,1.0,0.0,0.07777777777777778,0.022222222222222223,False,
0.887058288523763,0.06679065138768908,1.1501834411447014,1.2254667477009966,0.05723060269068801,0.025705044943948107,10.03362114839677,4.683780644136583,4.6673429173080745,0.7552516258769802,2.4323871021506163,0.25724756723166553,0.1508710041500296,0,32.1,0.6789999999999999,41.89973715880265,40.426492391047724,3.6920888460744927,0.9915930205056187,36.03488923771822,0.047824875577205224,0.0,3.6522777806788764,0.0,0.26666666666666666,1.4617682757406232,0.04127790404815223,0.0,1.2412816432013642,0.3,0.3,0.0,1.0,0.007277777777777777,0.0,1.0,0.0,0.18333333333333332,0.022222222222222223,False,
0.887058288523763,0.06679065138768908,1.1501834411447014,1.2254667477009966,0.05723060269068801,0.025705044943948107,10.03362114839677,4.683780644136583,4.6673429173080745,0.7552516258769802,2.4323871021506163,0.25724756723166553,0.1508710041500296,1,76.76666666666667,0.23233333333333323,99.39090668654268,96.6613961809573,8.829574883187492,0.9940995444033831,47.91349764678953,0.0013039370551401926,0.0,3.0915892149998507,0.0,0.16666666666666666,1.5320120573184994,0.034423006089728175,0.0,1.2910305442957326,0.3,0.3,0.0,1.0,0.007555555555555555,0.0,1.0,0.0,0.18333333333333332,0.016666666666666666,False,
0.887058288523763,0.06679065138768908,1.1501834411447014,1.2254667477009966,0.05723060269068801,0.025705044943948107,10.03362114839677,4.683780644136583,4.6673429173080745,0.7552516258769802,2.4323871021506163,0.25724756723166553,0.1508710041500296,2,47.0,0.5299999999999999,60.121983087823054,58.797786767917145,5.405862173380095,1.005694922340212,36.49523913237717,0.0,0.0,3.5280902976728403,0.0,0.13333333333333333,0.8436511027650571,0.036502437116411504,0.0,1.3693793271379024,0.16666666666666666,0.16666666666666666,0.0,1.0,0.007222222222222222,0.0,1.0,0.0,0.17222222222222222,0.011111111111111112,False,
0.6266143211549629,0.0603734773363174,1.1578504114101567,1.199620810765808,0.017543416725719987,0.02277333937268379,4.461838761568033,4.501751408053712,3.8109290373346654,0.6003009157856356,2.7910817621104735,0.13236888788869258,0.11052638704507958,0,68.13333333333334,0.3186666666666667,82.97146908981456,82.44113527790154,7.888820803074537,1.0242901559984328,202.28807806977008,1.7553190627000457,0.0,45.26205766684805,0.0,0.0,0.0,0.0,0.0,0.0,0.03333333333333333,0.03333333333333333,0.0,1.0,5.555555555555556e-05,0.0,1.0,0.0,0.0,0.0,False,
0.6266143211549629,0.0603734773363174,1.1578504114101567,1.199620810765808,0.017543416725719987,0.02277333937268379,4.461838761568033,4.501751408053712,3.8109290373346654,0.6003009157856356,2.7910817621104735,0.13236888788869258,0.11052638704507958,1,63.0,0.36999999999999983,76.59886260502473,75.99167643079946,7.294457591883991,1.0202974690132502,144.7710727084701,1.6562172135009672,0.0,31.168334382754598,0.0,0.0,0.0,0.0,0.0,0.0,0.1,0.1,0.0,1.0,0.0002777777777777778,0.0,1.0,0.0,0.0,0.0,False,
0.6266143211549629,0.0603734773363174,1.1578504114101567,1.199620810765808,0.017543416725719987,0.02277333937268379,4.461838761568033,4.501751408053712,3.8109290373346654,0.6003009157856356,2.7910817621104735,0.13236888788869258,0.11052638704507958,2,64.0,0.35999999999999993,78.09059961282067,79.5203179531092,7.410242633025004,1.0483669562709454,81.97317542493714,1.3086751293157313,0.0,18.322327027656108,0.0,0.0,0.0,0.0,0.0,0.0,0.0,0.0,0.0,1.0,0.0003888888888888889,0.0,1.0,0.0,0.0,0.0,False,
0.7482261762042187,0.08137213740304104,1.281433773380885,1.1221032829558235,0.0643641960194785,0.0037225822677933993,10.066097696379078,2.109095765383952,1.8362991856100546,0.38066591388649296,1.5009759785056285,0.049356243801797206,0.10324272362238358,0,21.0,0.7899999999999998,24.23006135126626,28.60469881474814,2.6910109240998574,1.208050091791001,21.98930045475156,0.08223019716531785,0.006645539890411195,1.6094170361118028,0.0,0.16666666666666666,0.7179928156554468,0.055465094990697364,0.0,0.09337336198918389,0.26666666666666666,0.26666666666666666,0.0,1.0,0.012222222222222223,0.0027777777777777775,1.0,0.0,0.17777777777777778,0.016666666666666666,False,
0.7482261762042187,0.08137213740304104,1.281433773380885,1.1221032829558235,0.0643641960194785,0.0037225822677933993,10.066097696379078,2.109095765383952,1.8362991856100546,0.38066591388649296,1.5009759785056285,0.049356243801797206,0.10324272362238358,1,22.0,0.7800000000000001,25.244752968195545,29.813291038391135,2.8191543014379468,1.2058180055624015,24.573603462685828,0.04730488778235721,0.0,2.312454293649433,0.0,0.2,0.5995541935941987,0.046877392358684274,0.0,0.20857449576938475,0.26666666666666666,0.26666666666666666,0.0,1.0,0.011611111111111112,0.0016666666666666666,1.0,0.0,0.17222222222222222,0.016666666666666666,False,
0.7482261762042187,0.08137213740304104,1.281433773380885,1.1221032829558235,0.0643641960194785,0.0037225822677933993,10.066097696379078,2.109095765383952,1.8362991856100546,0.38066591388649296,1.5009759785056285,0.049356243801797206,0.10324272362238358,2,44.0,0.56,50.41369283707278,60.33045085707753,5.6383086028758935,1.2271398230405486,44.67686321897386,0.181000698603139,0.0,3.4744895002766274,0.0,0.16666666666666666,1.2405746717877297,0.028650978563743285,0.0,0.13447990249304348,0.5,0.5,0.0,1.0,0.008555555555555556,0.0011111111111111111,1.0,0.0,0.15,0.005555555555555556,False,
0.6804306772754775,0.0946763848745402,1.3867962719979592,1.4537064764028444,0.05151841435430683,0.007781672307479213,5.210570870988058,4.558944488553886,4.319398455253737,0.2818373143623497,2.28505342184273,0.09602586658858325,0.1751986801319263,0,11.0,0.8900000000000001,16.36169251331416,16.154419085544543,1.5254758991977555,1.0059455958797667,10.957289676859338,0.13359937788832008,0.06662757908109525,2.2348588383268084,0.0,0.06666666666666667,0.4212258740266937,0.054396894702066705,0.0,0.06744717718461456,0.06666666666666667,0.06666666666666667,0.0,1.0,0.0036666666666666666,0.0,1.0,0.0,0.1388888888888889,0.016666666666666666,False,
0.6804306772754775,0.0946763848745402,1.3867962719979592,1.4537064764028444,0.05151841435430683,0.007781672307479213,5.210570870988058,4.558944488553886,4.319398455253737,0.2818373143623497,2.28505342184273,0.09602586658858325,0.1751986801319263,1,10.0,0.8999999999999998,15.146110951865309,14.96357444188232,1.386796271997959,1.0046377405515876,11.051329705297515,0.10149521181424549,0.19346193700536524,2.28940201362168,0.0,0.03333333333333333,0.2966146922902697,0.05450191304463552,0.0,0.11936466804692605,0.03333333333333333,0.03333333333333333,0.0,1.0,0.0035555555555555557,0.0,1.0,0.0,0.13333333333333333,0.016666666666666666,False,
0.6804306772754775,0.0946763848745402,1.3867962719979592,1.4537064764028444,0.05151841435430683,0.007781672307479213,5.210570870988058,4.558944488553886,4.319398455253737,0.2818373143623497,2.28505342184273,0.09602586658858325,0.1751986801319263,2,0.0,1.0,0.0,0.0,0.0,1.0176904576998917,0.060230894599170096,0.0,0.0,1.0,0.0,0.0,0.0,0.06403225214898874,0.0,0.25873051382142587,0.0,0.0,0.0,1.0,0.0035555555555555557,0.0,1.0,0.0,0.1111111111111111,0.05,True,
0.5767943066649982,0.07767706640547059,1.0467591559900034,1.3577906774806314,0.031237277632726688,0.02638015376493777,10.556971659333882,2.537184830369994,3.332263415584048,0.5793588278654669,2.5119953753237985,0.28499144582667946,0.10378510927950138,0,35.733333333333334,0.6426666666666668,50.06075551939314,40.1961783442701,3.7404193840709454,0.8243925358276125,21.90049979008245,3.221000379363184,0.0,1.1244481960100947,0.0,0.0,0.0,0.0028889794039860884,0.0,0.0,0.03333333333333333,0.03333333333333333,0.0,1.0,0.0008888888888888889,0.0016666666666666666,1.0,0.0,0.027777777777777776,0.0,False,
0.5767943066649982,0.07767706640547059,1.0467591559900034,1.3577906774806314,0.031237277632726688,0.02638015376493777,10.556971659333882,2.537184830369994,3.332263415584048,0.5793588278654669,2.5119953753237985,0.28499144582667946,0.10378510927950138,1,41.0,0.5900000000000001,55.92489605711617,45.202317531430815,4.291712539559014,0.8258236959243586,61.42521339578964,2.9927104618908418,0.0,5.907766538811207,0.0,0.0,0.0,0.0,0.0,0.0,0.0,0.0,0.0,1.0,0.0005,0.0011111111111111111,1.0,0.0,0.0,0.0,False,
0.5767943066649982,0.07767706640547059,1.0467591559900034,1.3577906774806314,0.031237277632726688,0.02638015376493777,10.556971659333882,2.537184830369994,3.332263415584048,0.5793588278654669,2.5119953753237985,0.28499144582667946,0.10378510927950138,2,45.0,0.5500000000000002,59.769457498804584,48.44576938792428,4.710416201955015,0.8286093069734918,83.87133435240567,1.9638082609144178,0.0,10.902759052889088,0.0,0.0,0.0,0.0,0.0,0.0,0.0,0.0,0.0,1.0,0.0003888888888888889,0.0011111111111111111,1.0,0.0,0.0,0.0,False,
0.6754756021220979,0.08658070308359087,1.123430946251395,1.912701008969099,0.017979349496672112,0.018508475627127693,4.837461047749941,3.3660879323212933,3.690422277329394,0.6572743744607039,1.8598711325975028,0.3198259061996508,0.11812463551557095,0,36.03333333333333,0.6396666666666668,63.703036116461895,39.009188128006905,4.048096176325861,0.6181379468832093,123.45616753036589,1.2308903828651097,0.0,22.315084242242104,0.0,0.0,0.0,0.0,0.0,0.0,0.16666666666666666,0.16666666666666666,0.0,1.0,0.0005555555555555556,0.0,1.0,0.0,0.0,0.0,False,
0.6754756021220979,0.08658070308359087,1.123430946251395,1.912701008969099,0.017979349496672112,0.018508475627127693,4.837461047749941,3.3660879323212933,3.690422277329394,0.6572743744607039,1.8598711325975028,0.3198259061996508,0.11812463551557095,1,49.6,0.504,94.41734866624458,58.12850139272314,5.572217493406916,0.6227343535860645,182.60864712629686,1.5254528540880277,0.0,48.878678711605836,0.0,0.0,0.0,0.0,0.0,0.0,0.06666666666666667,0.06666666666666667,0.0,1.0,0.00011111111111111112,0.0,1.0,0.0,0.0,0.0,False,
0.6754756021220979,0.08658070308359087,1.123430946251395,1.912701008969099,0.017979349496672112,0.018508475627127693,4.837461047749941,3.3660879323212933,3.690422277329394,0.6572743744607039,1.8598711325975028,0.3198259061996508,0.11812463551557095,2,46.0,0.5399999999999998,87.11393194813432,54.4448998438257,5.167782352756414,0.6312890506936104,135.0903466713604,1.3080429854115676,0.0,28.335175805735737,0.0,0.0,0.0,0.0,0.0,0.0,0.0,0.0,0.0,1.0,0.0003888888888888889,0.0,1.0,0.0,0.0,0.0,False,
0.7606774109720187,0.08245661009426228,1.0448558459100206,1.1533876373688399,0.05259520445204173,0.003910679041499223,4.427788391859639,2.5605590561696747,2.2787159245663577,0.3311199059829348,1.732628425845025,0.05501037600828586,0.07709676611684717,0,54.833333333333336,0.4516666666666665,66.29035832459617,62.82692348886026,5.729292888406613,0.9648713872753863,17.86694120102504,0.31330072361352845,0.0,3.6177290972459493,0.0,0.06666666666666667,0.437557783210845,0.017141805965764378,0.0,0.1856225991353174,0.2,0.2,0.0,1.0,0.0051111111111111105,0.0,1.0,0.0,0.07222222222222222,0.011111111111111112,False,
0.7606774109720187,0.08245661009426228,1.0448558459100206,1.1533876373688399,0.05259520445204173,0.003910679041499223,4.427788391859639,2.5605590561696747,2.2787159245663577,0.3311199059829348,1.732628425845025,0.05501037600828586,0.07709676611684717,1,59.6,0.4040000000000001,71.18907458153225,68.32259153367052,6.227340841623724,0.9715890873009193,18.875697425336533,0.35104147286119297,0.0,3.747247641378286,0.0,0.1,0.49190936164174903,0.013509983260384937,0.0,0.19262806894366685,0.16666666666666666,0.16666666666666666,0.0,1.0,0.004944444444444445,0.0,1.0,0.0,0.06666666666666667,0.005555555555555556,False,
0.7606774109720187,0.08245661009426228,1.0448558459100206,1.1533876373688399,0.05259520445204173,0.003910679041499223,4.427788391859639,2.5605590561696747,2.2787159245663577,0.3311199059829348,1.732628425845025,0.05501037600828586,0.07709676611684717,2,56.0,0.43999999999999984,67.31399112722909,64.12614290099087,5.851192737096115,0.9769455154777268,1.458124722638742,0.3136216226566475,0.0,0.10413595657074515,0.0,0.0,0.0,0.015006675091147071,0.0,0.19612480382250352,0.0,0.0,0.0,1.0,0.004611111111111111,0.0,1.0,0.0,0.044444444444444446,0.011111111111111112,False,
0.8915718090212758,0.0848748047313848,1.2895040569915008,1.7276343271177956,0.04099435676312542,0.0013182249366970422,10.66232656900717,2.3241850790076772,3.440795429711005,0.4169750405268735,1.6812240732625428,0.09353962337719825,0.2758220566436721,0,0.0,1.0,9.863157136113764e-06,7.66981076072533e-06,0.0,0.7859928375794201,1.7097170184992732,0.0,0.0,0.6352735213641554,0.0,0.03333333333333333,0.09739325898511382,0.044735322525653654,0.0,0.5480057205980026,0.06666666666666667,0.06666666666666667,0.0,1.0,0.006333333333333333,0.0011111111111111111,1.0,0.0,0.09444444444444444,0.022222222222222223,True,
0.8915718090212758,0.0848748047313848,1.2895040569915008,1.7276343271177956,0.04099435676312542,0.0013182249366970422,10.66232656900717,2.3241850790076772,3.440795429711005,0.4169750405268735,1.6812240732625428,0.09353962337719825,0.2758220566436721,1,2.1,0.9789999999999999,2.835456089865003,2.2115702181375956,0.28798923939476856,0.7914921993097683,14.907529614021108,0.0003332658434765746,3.3918490076103893,2.9339996763797433,0.0,0.23333333333333334,1.5154951669220722,0.05291422727654767,0.0,0.5703604087882113,0.7666666666666667,0.6,0.16666666666666666,1.0,0.008833333333333334,0.008333333333333333,1.0,0.0,0.19444444444444445,0.027777777777777776,False,
0.8915718090212758,0.0848748047313848,1.2895040569915008,1.7276343271177956,0.04099435676312542,0.0013182249366970422,10.66232656900717,2.3241850790076772,3.440795429711005,0.4169750405268735,1.6812240732625428,0.09353962337719825,0.2758220566436721,2,10.0,0.8999999999999998,17.24712995942351,13.534968389819625,1.2895040569915015,0.7935661391102954,4.436356130921678,0.0,0.0,0.3780853412040892,0.0,0.0,0.0,0.037237166837812294,0.0,0.5327136526654622,0.0,0.0,0.0,1.0,0.0057777777777777775,0.0005555555555555556,1.0,0.0,0.06666666666666667,0.022222222222222223,False,
0.8245102176848453,0.08550941042620833,1.3745302783253497,1.8073448986876444,0.042942440987734046,0.010213908744811203,7.8917202894102685,3.67882169235871,3.898699033768508,0.637970068636126,2.030983312213021,0.4459061731269557,0.21120557395088468,0,0.0,1.0,0.0,0.0,0.0,0.8006416684987036,0.030669924052761723,0.0,0.0,1.0,0.0,0.0,0.0,0.06798163662978997,0.0,0.7128804035210374,0.0,0.0,0.0,1.0,0.005,0.0,1.0,0.0,0.09444444444444444,0.06111111111111111,True,
0.8245102176848453,0.08550941042620833,1.3745302783253497,1.8073448986876444,0.042942440987734046,0.010213908744811203,7.8917202894102685,3.67882169235871,3.898699033768508,0.637970068636126,2.030983312213021,0.4459061731269557,0.21120557395088468,1,0.0,1.0,0.0,0.0,0.0,0.7998593865099272,0.03287480578761403,0.0,0.0,1.0,0.0,0.0,0.0,0.07236956374806564,0.0,0.7973068246353466,0.0,0.0,0.0,1.0,0.005,0.0,1.0,0.0,0.08888888888888889,0.08333333333333333,True,
0.8245102176848453,0.08550941042620833,1.3745302783253497,1.8073448986876444,0.042942440987734046,0.010213908744811203,7.8917202894102685,3.67882169235871,3.898699033768508,0.637970068636126,2.030983312213021,0.4459061731269557,0.21120557395088468,2,0.0,1.0,0.0,0.0,0.0,0.8079856315378677,0.02760878632926595,0.0,0.0,0.9999999999999997,0.0,0.0,0.0,0.058559708974003304,0.0,0.6787330351516255,0.0,0.0,0.0,1.0,0.005055555555555555,0.0,1.0,0.0,0.08888888888888889,0.06111111111111111,True,
0.7557710908292049,0.05211450179991475,1.1641500944272476,1.534091629363513,0.044869952371094396,0.004021061700623218,5.8824815836674595,2.241824621784939,4.191032884624745,0.6839653379359378,2.313810704263849,0.3145209594619096,0.11413493367555222,0,21.0,0.7899999999999998,32.707914412718765,25.720120248871936,2.4447151982972195,0.7998142834909304,12.124651034605188,0.2969394740659073,0.0,0.6505257986375681,0.0,0.0,0.0,0.011707960971364026,0.0,0.1344710911463482,0.0,0.0,0.0,1.0,0.0037222222222222223,0.0,1.0,0.0,0.03888888888888889,0.005555555555555556,False,
0.7557710908292049,0.05211450179991475,1.1641500944272476,1.534091629363513,0.044869952371094396,0.004021061700623218,5.8824815836674595,2.241824621784939,4.191032884624745,0.6839653379359378,2.313810704263849,0.3145209594619096,0.11413493367555222,1,22.0,0.7800000000000001,35.021378254163245,27.639731077123123,2.5611302077399456,0.8014517959988141,10.714814151376913,0.3115163903038704,0.0,1.857563683703817,0.0,0.0,0.0,0.012971672994522464,0.0,0.09554499123071886,0.0,0.0,0.0,1.0,0.003611111111111111,0.0,1.0,0.0,0.027777777777777776,0.005555555555555556,False,
0.7557710908292049,0.05211450179991475,1.1641500944272476,1.534091629363513,0.044869952371094396,0.004021061700623218,5.8824815836674595,2.241824621784939,4.191032884624745,0.6839653379359378,2.313810704263849,0.3145209594619096,0.11413493367555222,2,22.466666666666665,0.7753333333333337,33.01242980730513,26.236816099591906,2.6154572121465507,0.8086036933586274,19.901557945760267,0.27719852393704597,0.0,1.5863777007696893,0.0,0.0,0.0,0.015825274105672235,0.0,0.09447644253742755,0.03333333333333333,0.03333333333333333,0.0,1.0,0.0038888888888888888,0.0,1.0,0.0,0.06111111111111111,0.005555555555555556,False,
0.852933414170485,0.09753874397509718,1.2103094060619513,1.2371960818372991,0.014646985442642986,0.026947396115148292,9.601080315943923,2.2755547714487223,2.8556246229013054,0.5974798059320702,2.8993606591735377,0.2930718896161455,0.3022119675553957,0,68.2,0.31799999999999995,87.964433349433,90.4359741289547,8.254310149342507,1.0730052260945178,37.54468979798325,0.0,0.0,4.049503347350974,0.0,0.03333333333333333,0.2568684815352138,0.002663042198279773,0.0,0.0,0.1,0.1,0.0,1.0,0.0020555555555555553,0.0,1.0,0.0,0.03888888888888889,0.0,False,
0.852933414170485,0.09753874397509718,1.2103094060619513,1.2371960818372991,0.014646985442642986,0.026947396115148292,9.601080315943923,2.2755547714487223,2.8556246229013054,0.5974798059320702,2.8993606591735377,0.2930718896161455,0.3022119675553957,1,84.43333333333334,0.15566666666666668,107.16405577877185,112.9138631451512,10.219045751849746,1.0758375788343453,46.1111803905547,0.0,0.0008143851847805713,4.827457493584357,0.0,0.03333333333333333,0.27722792960400705,0.0034247363633971356,0.0,0.0,0.06666666666666667,0.06666666666666667,0.0,1.0,0.002111111111111111,0.0,1.0,0.0,0.044444444444444446,0.0,False,
0.852933414170485,0.09753874397509718,1.2103094060619513,1.2371960818372991,0.014646985442642986,0.026947396115148292,9.601080315943923,2.2755547714487223,2.8556246229013054,0.5974798059320702,2.8993606591735377,0.2930718896161455,0.3022119675553957,2,81.7,0.18299999999999997,103.68152738658209,109.1498429993006,9.888227847526146,1.0862365507611023,56.40879293641732,0.0,0.0,6.308715615233552,0.0,0.03333333333333333,0.2782014013108987,0.0025373193293099015,0.0,0.0,0.03333333333333333,0.03333333333333333,0.0,1.0,0.0018888888888888887,0.0,1.0,0.0,0.03888888888888889,0.0,False,
0.7708617140513914,0.11465988313547232,1.031979656058266,1.6436639923223626,0.013125028540065213,0.020835299307217284,4.487781491372199,4.099053223384772,2.1124784733845208,0.3270635039162563,1.233819085535509,0.4850971892644803,0.2853100788967758,0,81.0,0.18999999999999986,134.1165860396582,90.09235087226776,8.359035214071955,0.6772504587454059,64.87221604795778,0.11276635136962776,0.0,13.63191498155419,0.0,0.0,0.0,0.0,0.0,0.0,0.06666666666666667,0.06666666666666667,0.0,1.0,0.0005555555555555556,0.0,1.0,0.0,0.0,0.0,False,
0.7708617140513914,0.11465988313547232,1.031979656058266,1.6436639923223626,0.013125028540065213,0.020835299307217284,4.487781491372199,4.099053223384772,2.1124784733845208,0.3270635039162563,1.233819085535509,0.4850971892644803,0.2853100788967758,1,83.0,0.17,138.20449611062523,93.66492803459995,8.565431145283608,0.6819765731223028,4.358928951129426,0.5900727884971962,0.0,0.2523053023464016,0.0,0.0,0.0,0.0,0.0,0.0,0.0,0.0,0.0,1.0,0.0007222222222222222,0.0,1.0,0.0,0.0,0.0,False,
0.7708617140513914,0.11465988313547232,1.031979656058266,1.6436639923223626,0.013125028540065213,0.020835299307217284,4.487781491372199,4.099053223384772,2.1124784733845208,0.3270635039162563,1.233819085535509,0.4850971892644803,0.2853100788967758,2,88.0,0.12000000000000002,144.7816326277697,98.9383188018518,9.081420973312738,0.6887820773403505,52.164576513297014,0.0,0.0,11.7373413727272,0.0,0.0,0.0,0.0,0.0,0.0,0.0,0.0,0.0,1.0,0.0005555555555555556,0.0,1.0,0.0,0.0,0.0,False,
0.8719370498379624,0.09567819808673454,1.1806940707409683,1.7516843142944776,0.05104880783098943,0.015867641591731856,5.734662092327794,3.7429967381788822,4.069142898522802,0.8733186306796127,2.886852432236722,0.33486114867908157,0.13475896804174078,0,21.0,0.7899999999999998,37.54736676630868,26.23700945216022,2.4794575485560326,0.7097254572215701,19.62357596003733,0.09310879880761645,0.000937254139020935,1.872447413460241,0.0,0.06666666666666667,0.383491549922472,0.03625943332370859,0.0,0.42759351399184214,0.13333333333333333,0.13333333333333333,0.0,1.0,0.004888888888888889,0.0,1.0,0.0,0.1388888888888889,0.016666666666666666,False,
0.8719370498379624,0.09567819808673454,1.1806940707409683,1.7516843142944776,0.05104880783098943,0.015867641591731856,5.734662092327794,3.7429967381788822,4.069142898522802,0.8733186306796127,2.886852432236722,0.33486114867908157,0.13475896804174078,1,22.0,0.7800000000000001,40.17318383958062,28.219046553831912,2.5975269556301304,0.7124132351924856,20.560180767806436,0.09223311122858323,0.0,2.935108635307061,0.0,0.06666666666666667,0.5471563660060025,0.03409719955930291,0.0,0.4418778973000087,0.13333333333333333,0.13333333333333333,0.0,1.0,0.004833333333333334,0.0,1.0,0.0,0.11666666666666667,0.016666666666666666,False,
0.8719370498379624,0.09567819808673454,1.1806940707409683,1.7516843142944776,0.05104880783098943,0.015867641591731856,5.734662092327794,3.7429967381788822,4.069142898522802,0.8733186306796127,2.886852432236722,0.33486114867908157,0.13475896804174078,2,45.7,0.5429999999999998,84.19266202101367,59.402208690273056,5.395771903286228,0.7164612619921823,22.488086727442116,0.16226736133339348,0.0,4.042620388125793,0.0,0.13333333333333333,0.703065624540447,0.02880441533479476,0.0,0.4869536551715485,0.16666666666666666,0.16666666666666666,0.0,1.0,0.004944444444444445,0.0,1.0,0.0,0.12222222222222222,0.016666666666666666,False,
0.7786325587412295,0.04191102519112659,1.4019364538690287,1.1280008760875735,0.04056467351612053,0.01778068631065349,7.943759569848093,4.355390911150652,2.2414624988284455,0.9305832309669149,2.8464669062796344,0.3124969882655233,0.1784347845955159,0,0.0,1.0,0.0,0.0,0.0,1.3146336445906401,0.02109085399360119,0.0,0.0,0.754974422906236,0.0,0.0,0.0,0.07970696583161233,0.0,1.0500318835021736,0.0,0.0,0.0,1.0,0.005222222222222223,0.0,1.0,0.0,0.08888888888888889,0.10555555555555556,True,
0.7786325587412295,0.04191102519112659,1.4019364538690287,1.1280008760875735,0.04056467351612053,0.01778068631065349,7.943759569848093,4.355390911150652,2.2414624988284455,0.9305832309669149,2.8464669062796344,0.3124969882655233,0.1784347845955159,1,0.0,1.0,0.0,0.0,0.0,1.3122222227985274,0.011497018635062427,0.0,0.0,1.0,0.0,0.0,0.0,0.09121498789013133,0.0,1.055458248191759,0.0,0.0,0.0,1.0,0.005333333333333333,0.0,1.0,0.0,0.1111111111111111,0.13333333333333333,True,
0.7786325587412295,0.04191102519112659,1.4019364538690287,1.1280008760875735,0.04056467351612053,0.01778068631065349,7.943759569848093,4.355390911150652,2.2414624988284455,0.9305832309669149,2.8464669062796344,0.3124969882655233,0.1784347845955159,2,0.0,1.0,0.0,0.0,0.0,1.335276143442859,0.012474900696237275,0.0,0.0,1.0,0.0,0.0,0.0,0.08375503981654815,0.0,1.003087681055621,0.0,0.0,0.0,1.0,0.005333333333333333,0.0,1.0,0.0,0.10555555555555556,0.11666666666666667,True,
0.9050303585142426,0.11683468999125794,1.1338057078285013,1.6424046500029985,0.04801836055234396,0.007109772567087532,4.517473863949233,3.181406015352028,3.3853288813365072,0.6355099369608743,1.691489935051493,0.2500327710385639,0.24227044575685425,0,10.066666666666666,0.8993333333333331,17.116622293306627,12.300460399465907,1.1413644125473579,0.7272072685303042,9.799925021355767,0.0,0.0006477063250818658,2.190093518892113,0.0,0.06666666666666667,0.23977769076125366,0.03479461630559014,0.0,0.0,0.06666666666666667,0.06666666666666667,0.0,1.0,0.004055555555555555,0.0,1.0,0.0,0.15,0.0,False,
0.9050303585142426,0.11683468999125794,1.1338057078285013,1.6424046500029985,0.04801836055234396,0.007109772567087532,4.517473863949233,3.181406015352028,3.3853288813365072,0.6355099369608743,1.691489935051493,0.2500327710385639,0.24227044575685425,1,0.0,1.0,1.475571390158886e-07,1.0604686717840093e-07,0.0,0.7264024754871845,2.0353105408570613,0.0,0.0,1.0,0.0,0.03333333333333333,1.0604686717840092e-07,0.06254982164787996,0.03333333333333333,0.18093364628261044,0.03333333333333333,0.03333333333333333,0.0,1.0,0.003944444444444444,0.0,1.0,0.0,0.08888888888888889,0.05555555555555555,True,
0.9050303585142426,0.11683468999125794,1.1338057078285013,1.6424046500029985,0.04801836055234396,0.007109772567087532,4.517473863949233,3.181406015352028,3.3853288813365072,0.6355099369608743,1.691489935051493,0.2500327710385639,0.24227044575685425,2,10.0,0.8999999999999998,16.661507499819766,12.088982551434254,1.133805707828501,0.7346150759412561,8.896193502664293,0.0,0.002794477771532891,1.9495590002791432,0.0,0.06666666666666667,0.23195618805956683,0.031865268633410986,0.0,0.0,0.06666666666666667,0.06666666666666667,0.0,1.0,0.004,0.0,1.0,0.0,0.1388888888888889,0.0,False,
0.8960758339952271,0.035558182483668474,1.1893125061280763,1.1451006121931273,0.04821956233971862,0.016214865770728275,4.267886690452414,3.4656165044996197,4.008860290620277,0.43618740223144614,1.4754354652685129,0.3494789013664501,0.32296574024437064,0,78.0,0.21999999999999992,90.11392618775135,101.03683672215587,9.276637547798995,1.144326938827816,16.756531092387267,0.0,0.0,2.469824338555917,0.0,0.0,0.0,0.013036659406640862,0.0,0.0,0.06666666666666667,0.06666666666666667,0.0,1.0,0.0031666666666666666,0.0,1.0,0.0,0.11666666666666667,0.0,False,
0.8960758339952271,0.035558182483668474,1.1893125061280763,1.1451006121931273,0.04821956233971862,0.016214865770728275,4.267886690452414,3.4656165044996197,4.008860290620277,0.43618740223144614,1.4754354652685129,0.3494789013664501,0.32296574024437064,1,42.233333333333334,0.5776666666666667,49.36958527488251,54.87855670765226,5.022863150880911,1.1273177349326633,18.245315865969033,0.0,0.017604069518290934,3.994323000759357,0.0,0.03333333333333333,0.2366263222664652,0.016452871178045288,0.0,0.0,0.06666666666666667,0.06666666666666667,0.0,1.0,0.003333333333333333,0.0,1.0,0.0,0.1388888888888889,0.0,False,
0.8960758339952271,0.035558182483668474,1.1893125061280763,1.1451006121931273,0.04821956233971862,0.016214865770728275,4.267886690452414,3.4656165044996197,4.008860290620277,0.43618740223144614,1.4754354652685129,0.3494789013664501,0.32296574024437064,2,68.06666666666666,0.31933333333333336,77.39160356791686,88.81902186733926,8.095253791711771,1.163335880031752,19.917063204001003,0.0,0.0,4.277006895462918,0.0,0.06666666666666667,0.5941565141022049,0.01729894825074425,0.0,0.0,0.16666666666666666,0.16666666666666666,0.0,1.0,0.0036666666666666666,0.0,1.0,0.0,0.14444444444444443,0.0,False,
0.8175681971480668,0.12602118247942667,1.4281452351375186,1.7973537608593955,0.05487103963230114,0.015541279404264807,4.592989305492073,2.9769603299100695,3.68134951037263,0.7751952609553228,1.0021646756295084,0.364688601671714,0.06621938783515005,0,41.0,0.5900000000000001,76.68576178387406,64.29428447520883,5.855395464063829,0.8443512316199333,2.0974338227387537,0.5979800072483364,0.0,0.46442342435296136,0.0,0.0,0.0,0.022542174383567055,0.0,0.14627462388767423,0.0,0.0,0.0,1.0,0.0031111111111111114,0.0,1.0,0.0,0.03333333333333333,0.016666666666666666,False,
0.8175681971480668,0.12602118247942667,1.4281452351375186,1.7973537608593955,0.05487103963230114,0.015541279404264807,4.592989305492073,2.9769603299100695,3.68134951037263,0.7751952609553228,1.0021646756295084,0.364688601671714,0.06621938783515005,1,42.0,0.58,77.833268069556,65.35735787585351,5.99820998757758,0.8458389202038284,23.762576871240828,0.7915786746155811,0.0,4.156479012908187,0.0,0.06666666666666667,0.6760244476154604,0.023188740474784968,0.0,0.12903326950965818,0.16666666666666666,0.16666666666666666,0.0,1.0,0.004,0.0,1.0,0.0,0.07777777777777778,0.016666666666666666,False,
0.8175681971480668,0.12602118247942667,1.4281452351375186,1.7973537608593955,0.05487103963230114,0.015541279404264807,4.592989305492073,2.9769603299100695,3.68134951037263,0.7751952609553228,1.0021646756295084,0.364688601671714,0.06621938783515005,2,40.0,0.6000000000000001,72.71884907176086,62.752262235821696,5.712580940550077,0.8661715691104773,1.5602128266416684,0.5870272907591211,0.0,0.35532087305211846,0.0,0.0,0.0,0.019528049625977213,0.0,0.16162777857008356,0.0,0.0,0.0,1.0,0.0031111111111111114,0.0,1.0,0.0,0.03333333333333333,0.011111111111111112,False,
0.6416808380061124,0.11333450574130957,1.1257749583268604,1.666605053821424,0.03486612751413371,0.0036273266684270894,8.392151166796216,2.370452715600229,4.346687951198657,0.2724616193781793,1.0214987284265384,0.4334458617918967,0.2321265050753326,0,20.4,0.796,35.5578201094942,25.084291947845067,2.296580914986795,0.7114969283147088,15.208815494699962,1.859566374025873,0.0,1.2945516994335988,0.0,0.06666666666666667,0.26327848333513554,0.005729524050787685,0.0,0.0,0.13333333333333333,0.13333333333333333,0.0,1.0,0.002277777777777778,0.0,1.0,0.0,0.06111111111111111,0.0,False,
0.6416808380061124,0.11333450574130957,1.1257749583268604,1.666605053821424,0.03486612751413371,0.0036273266684270894,8.392151166796216,2.370452715600229,4.346687951198657,0.2724616193781793,1.0214987284265384,0.4334458617918967,0.2321265050753326,1,0.0,1.0,1.1825603489799903e-05,8.340196520922318e-06,0.0,0.710724446349423,7.389447622505169,3.3066197658586977e-06,0.0,0.30167722914061607,0.0,0.06666666666666667,0.1574693007938641,0.026143249232622612,0.0,0.051423015309261896,0.1,0.1,0.0,1.0,0.003388888888888889,0.0027777777777777775,1.0,0.0,0.07222222222222222,0.011111111111111112,True,
0.6416808380061124,0.11333450574130957,1.1257749583268604,1.666605053821424,0.03486612751413371,0.0036273266684270894,8.392151166796216,2.370452715600229,4.346687951198657,0.2724616193781793,1.0214987284265384,0.4334458617918967,0.2321265050753326,2,20.0,0.8000000000000003,33.90507654387769,24.143157840374034,2.2515499166537207,0.7186286783250855,17.4666958890109,1.4370180720625085,0.0,1.8776143686528202,0.0,0.03333333333333333,0.09937428111652936,0.006475177082154721,0.0,0.0,0.06666666666666667,0.06666666666666667,0.0,1.0,0.0021666666666666666,0.0,1.0,0.0,0.06111111111111111,0.0,False,
0.6575906344500813,0.06438542951891549,1.0078031171781978,1.5858018588795368,0.04890571447632672,0.027989523081515675,4.532482883216557,3.486016260238773,4.681550806538766,0.35665730122169337,0.9618933211844897,0.40581800476669827,0.08205859828285456,0,31.0,0.6900000000000002,50.2981476066951,34.085039190588674,3.1241896632524133,0.6837551551810956,15.175983697816351,0.5661402974036188,0.0,2.0818034322917978,0.0,0.03333333333333333,0.23626596045959244,0.019317687518362377,0.0,0.08090399573278732,0.06666666666666667,0.06666666666666667,0.0,1.0,0.0032222222222222222,0.0,1.0,0.0,0.08333333333333333,0.005555555555555556,False,
0.6575906344500813,0.06438542951891549,1.0078031171781978,1.5858018588795368,0.04890571447632672,0.027989523081515675,4.532482883216557,3.486016260238773,4.681550806538766,0.35665730122169337,0.9618933211844897,0.40581800476669827,0.08205859828285456,1,20.0,0.8000000000000003,32.92456419901135,21.91049614973106,2.015606234356396,0.6703715990907716,9.980023785071445,0.3925525803667751,0.0010790394200497766,1.3879261014248574,0.0,0.03333333333333333,0.21656077614533015,0.0252811293428177,0.0,0.0,0.1,0.1,0.0,1.0,0.0030555555555555557,0.0,1.0,0.0,0.1,0.0,False,
0.6575906344500813,0.06438542951891549,1.0078031171781978,1.5858018588795368,0.04890571447632672,0.027989523081515675,4.532482883216557,3.486016260238773,4.681550806538766,0.35665730122169337,0.9618933211844897,0.40581800476669827,0.08205859828285456,2,30.0,0.6999999999999997,47.3074335213831,32.60887013967421,3.023409351534595,0.692966115091041,18.17103494757256,0.5334027910120906,0.0005744271270030706,3.6981374891589804,0.0,0.03333333333333333,0.21833858392871094,0.020338633946225346,0.0,0.07392368638288205,0.1,0.1,0.0,1.0,0.003388888888888889,0.0,1.0,0.0,0.08888888888888889,0.011111111111111112,False,
0.7268498858803875,0.07401740778943139,1.3117434663495373,1.4801532908393868,0.04359225464325714,0.00944759708945157,8.337444701926367,3.688858546297067,4.692928681214175,0.6268413747868373,1.4933468971025545,0.33254588088004267,0.22726237071944277,0,0.0,1.0,0.0,0.0,0.0,0.9343484164221854,0.040279336894369876,0.0,0.0,1.0,0.0,0.0,0.0,0.06017102771771123,0.0,0.9044194217366086,0.0,0.0,0.0,1.0,0.005222222222222223,0.0,1.0,0.0,0.08333333333333333,0.044444444444444446,True,
0.7268498858803875,0.07401740778943139,1.3117434663495373,1.4801532908393868,0.04359225464325714,0.00944759708945157,8.337444701926367,3.688858546297067,4.692928681214175,0.6268413747868373,1.4933468971025545,0.33254588088004267,0.22726237071944277,1,0.0,1.0,0.0,0.0,0.0,0.9331624091922929,0.03336788035151873,0.0,0.0,1.0000000000000002,0.0,0.0,0.0,0.06279580915143398,0.0,0.9253844505291952,0.0,0.0,0.0,1.0,0.005222222222222223,0.0,1.0,0.0,0.08333333333333333,0.05555555555555555,True,
0.7268498858803875,0.07401740778943139,1.3117434663495373,1.4801532908393868,0.04359225464325714,0.00944759708945157,8.337444701926367,3.688858546297067,4.692928681214175,0.6268413747868373,1.4933468971025545,0.33254588088004267,0.22726237071944277,2,0.0,1.0,4.610577807308485e-49,4.295546519256805e-49,0.0,0.9450374469740471,0.03308282597290373,2.141502595271435e-49,0.0,0.17871001551208732,0.0,0.0,0.0,0.04439711218827214,0.0,0.8054011345068282,0.0,0.0,0.0,1.0,0.005277777777777778,0.0,1.0,0.0,0.07777777777777778,0.022222222222222223,True,
0.6773962478184273,0.12745463525031797,1.2720658367194622,1.7221135497488487,0.049076820973988355,0.024162090755056157,6.816878997287336,3.8185352439742006,2.209176000083785,0.9426606462590768,2.05682776994859,0.24208393802939282,0.07913285986562946,0,32.0,0.6799999999999999,55.550487271284005,43.83385332953348,4.070610677502278,0.7966102335216617,18.84059180227273,2.7968633174308315,0.008492832772966622,1.4215592247431923,0.0,0.03333333333333333,0.29578868827436616,0.020892216864080274,0.0,0.13689416996485432,0.06666666666666667,0.06666666666666667,0.0,1.0,0.0031111111111111114,0.0,1.0,0.0,0.06666666666666667,0.011111111111111112,False,
0.6773962478184273,0.12745463525031797,1.2720658367194622,1.7221135497488487,0.049076820973988355,0.024162090755056157,6.816878997287336,3.8185352439742006,2.209176000083785,0.9426606462590768,2.05682776994859,0.24208393802939282,0.07913285986562946,1,33.0,0.6700000000000003,58.53758970468666,45.634708664335186,4.197817261174224,0.7890414726292589,23.05928340844618,2.150467913083935,0.01532477752280197,2.8552806950742062,0.0,0.06666666666666667,0.5721219681671674,0.02504482771775148,0.0,0.1281965369506481,0.1,0.1,0.0,1.0,0.003333333333333333,0.0,1.0,0.0,0.10555555555555556,0.011111111111111112,False,
0.6773962478184273,0.12745463525031797,1.2720658367194622,1.7221135497488487,0.049076820973988355,0.024162090755056157,6.816878997287336,3.8185352439742006,2.209176000083785,0.9426606462590768,2.05682776994859,0.24208393802939282,0.07913285986562946,2,28.0,0.7199999999999999,49.97738978108371,39.29171655057834,3.5617843428144926,0.7952982629097807,34.26763030240822,2.079009126227747,0.02217457694506693,5.159913956269269,0.0,0.1,0.9414787892859233,0.029720981168471876,0.0,0.1238411672112507,0.16666666666666666,0.16666666666666666,0.0,1.0,0.0036666666666666666,0.0,1.0,0.0,0.1,0.011111111111111112,False,
0.9186400246694424,0.08684822867988645,1.29570788523599,1.3962810116741826,0.01924890053750166,0.011524654116663091,5.009868030507836,4.082426569086499,4.37792168244887,0.3982223920168362,1.8761147241906906,0.26117851721116864,0.08145832088194056,0,76.0,0.24000000000000005,107.58624473328334,105.73128705055815,9.847379927793527,0.9935780152579696,133.7434300753726,0.20759138208805866,0.0,26.91024940706344,0.0,0.0,0.0,0.0,0.0,0.0,0.0,0.0,0.0,1.0,0.0002777777777777778,0.0,1.0,0.0,0.0,0.0,False,
0.9186400246694424,0.08684822867988645,1.29570788523599,1.3962810116741826,0.01924890053750166,0.011524654116663091,5.009868030507836,4.082426569086499,4.37792168244887,0.3982223920168362,1.8761147241906906,0.26117851721116864,0.08145832088194056,1,78.0,0.21999999999999992,109.4910905076554,107.6911262452308,10.106521504840721,0.9940238122766879,179.73862972907244,0.2088846110325271,0.0,36.14042676473074,0.0,0.0,0.0,0.0,0.0,0.0,0.0,0.0,0.0,1.0,0.00016666666666666666,0.0,1.0,0.0,0.0,0.0,False,
0.9186400246694424,0.08684822867988645,1.29570788523599,1.3962810116741826,0.01924890053750166,0.011524654116663091,5.009868030507836,4.082426569086499,4.37792168244887,0.3982223920168362,1.8761147241906906,0.26117851721116864,0.08145832088194056,2,76.0,0.24000000000000005,106.63486849876868,106.15574915839917,9.847379927793527,1.0111121586797527,112.49812593206731,0.1777319497283952,0.0,22.638781664415426,0.0,0.0,0.0,0.0,0.0,0.0,0.0,0.0,0.0,1.0,0.0003333333333333333,0.0,1.0,0.0,0.0,0.0,False,
0.8585679050363106,0.08351967132692686,1.2484565614335286,1.1592052723502253,0.024466484215102578,0.027214709147076563,5.481839831346407,4.724094951346266,3.512605606961352,0.9158254120444147,1.399684284092957,0.3503981992461269,0.18081657265360346,0,32.0,0.6799999999999999,38.53802857384247,42.98540116417403,3.9950609965872936,1.1387247600836072,15.507717592998628,0.0,0.0,2.830235344192757,0.0,0.0,0.0,0.018158111767888927,0.0,0.20286882660193198,0.0,0.0,0.0,1.0,0.0026111111111111114,0.0,1.0,0.0,0.03888888888888889,0.005555555555555556,False,
0.8585679050363106,0.08351967132692686,1.2484565614335286,1.1592052723502253,0.024466484215102578,0.027214709147076563,5.481839831346407,4.724094951346266,3.512605606961352,0.9158254120444147,1.399684284092957,0.3503981992461269,0.18081657265360346,1,54.3,0.457,66.68845979565383,74.40008415877888,6.779119128584059,1.1367133508135223,7.292622105760645,0.0013677804452428167,0.0,1.1880314242085934,0.0,0.0,0.0,0.01056237680432437,0.0,0.15983589177958146,0.0,0.0,0.0,1.0,0.0023333333333333335,0.0,1.0,0.0,0.022222222222222223,0.005555555555555556,False,
0.8585679050363106,0.08351967132692686,1.2484565614335286,1.1592052723502253,0.024466484215102578,0.027214709147076563,5.481839831346407,4.724094951346266,3.512605606961352,0.9158254120444147,1.399684284092957,0.3503981992461269,0.18081657265360346,2,50.56666666666667,0.49433333333333335,61.5429206626814,69.55401521694742,6.313028678982211,1.1560267267332125,25.192349127713335,0.0,0.0,4.767861941107166,0.0,0.06666666666666667,0.4036582934062044,0.013862943569235484,0.0,0.21250322540344563,0.06666666666666667,0.06666666666666667,0.0,1.0,0.0025,0.0,1.0,0.0,0.03333333333333333,0.011111111111111112,False,
0.7865448538179787,0.06382206137183764,1.3232789276861865,1.3810202098876623,0.06733496400032024,0.013038064662280028,7.394840972556782,2.303287640725565,2.067684828884305,0.5894202324997286,1.7750243323102548,0.41289229996895727,0.13670367191227922,0,54.03333333333333,0.4596666666666668,76.77166661993934,77.93473647938423,7.150117139264364,1.0328442056183833,34.6946535304492,0.18062338201512756,0.0,3.997056164949986,0.0,0.2,1.195399673483668,0.020290171053074343,0.0,0.34069899057992764,0.43333333333333335,0.43333333333333335,0.0,1.0,0.007277777777777777,0.0,1.0,0.0,0.14444444444444443,0.011111111111111112,False,
0.7865448538179787,0.06382206137183764,1.3232789276861865,1.3810202098876623,0.06733496400032024,0.013038064662280028,7.394840972556782,2.303287640725565,2.067684828884305,0.5894202324997286,1.7750243323102548,0.41289229996895727,0.13670367191227922,1,68.76666666666667,0.3123333333333334,98.33147460840418,100.26655758364043,9.099748092722013,1.0291108556456066,35.14156066649933,0.149440358601513,0.0,3.8311275763999864,0.0,0.16666666666666666,1.350837909652412,0.019503392624929203,0.0,0.3421864112491694,0.4666666666666667,0.4666666666666667,0.0,1.0,0.007222222222222222,0.0,1.0,0.0,0.12222222222222222,0.011111111111111112,False,
0.7865448538179787,0.06382206137183764,1.3232789276861865,1.3810202098876623,0.06733496400032024,0.013038064662280028,7.394840972556782,2.303287640725565,2.067684828884305,0.5894202324997286,1.7750243323102548,0.41289229996895727,0.13670367191227922,2,68.06666666666666,0.31933333333333336,94.83039214311245,98.29475866430516,9.00711856778398,1.055953556337242,34.47946636371608,0.12674052408369846,0.0,3.0045565543360535,0.0,0.1,0.8828524690595393,0.019584331558400336,0.0,0.375341958845845,0.3,0.3,0.0,1.0,0.007277777777777777,0.0,1.0,0.0,0.11666666666666667,0.011111111111111112,False,
0.594670471779078,0.10779377743753732,1.048962459014337,1.442889276314224,0.020728093458389888,0.0153970445405195,10.946317755203925,3.175341445354646,4.273590721719346,0.5810358170241368,1.1699112347549845,0.03560937421237855,0.22372315523109695,0,52.6,0.474,73.85756747452339,56.33159405566525,5.517542534415412,0.7711318096372858,98.22800156439362,5.327991795960321,0.11914066026447206,2.6291199147844053,0.0,0.06666666666666667,0.5380583938697315,0.001264848530377493,0.0,0.0,0.3333333333333333,0.3333333333333333,0.0,1.0,0.0007777777777777778,0.0005555555555555556,1.0,0.0,0.011111111111111112,0.0,False,
0.594670471779078,0.10779377743753732,1.048962459014337,1.442889276314224,0.020728093458389888,0.0153970445405195,10.946317755203925,3.175341445354646,4.273590721719346,0.5810358170241368,1.1699112347549845,0.03560937421237855,0.22372315523109695,1,59.0,0.41000000000000003,84.71676254682978,64.9550309757342,6.188878508184588,0.7743799087236173,137.89204938565615,5.253445519154504,16.619043743799022,16.04620739433262,0.0,0.0,0.0,0.0,0.0,0.0,0.0,0.0,0.0,1.0,0.0002777777777777778,0.0005555555555555556,1.0,0.0,0.0,0.0,False,
0.594670471779078,0.10779377743753732,1.048962459014337,1.442889276314224,0.020728093458389888,0.0153970445405195,10.946317755203925,3.175341445354646,4.273590721719346,0.5810358170241368,1.1699112347549845,0.03560937421237855,0.22372315523109695,2,37.13333333333333,0.6286666666666666,49.5979303347519,38.60282361123984,3.895147264473239,0.7851492607908094,81.1098814435558,2.284112477705696,15.128133694174315,3.098630312665096,0.0,0.1,0.921897477013479,0.00283013255576487,0.0,0.0,0.4,0.4,0.0,1.0,0.0006666666666666666,0.0016666666666666666,1.0,0.0,0.016666666666666666,0.0,False,
0.711999478796608,0.06831677653919122,1.144210487014781,1.0112842915483424,0.06854246452691447,0.014445471644355005,11.444340486140522,4.036233404954123,2.2024510308958294,0.4594636852467958,2.8416318626627746,0.10721668824942267,0.3321242540893756,0,11.0,0.8900000000000001,11.276483631657786,12.926882991514017,1.2586315357162592,1.1990773826060337,13.198836522191138,0.010672987664885444,0.24836331740282383,1.1748870084526086,0.0,0.13333333333333333,0.6849965455556151,0.043789901847806484,0.0,1.0716987514584948,0.16666666666666666,0.16666666666666666,0.0,1.0,0.006333333333333333,0.0,1.0,0.0,0.12222222222222222,0.016666666666666666,False,
0.711999478796608,0.06831677653919122,1.144210487014781,1.0112842915483424,0.06854246452691447,0.014445471644355005,11.444340486140522,4.036233404954123,2.2024510308958294,0.4594636852467958,2.8416318626627746,0.10721668824942267,0.3321242540893756,1,12.0,0.8799999999999998,12.361239767772368,14.308541016216388,1.3730525844177366,1.2052437766942314,15.305151999485055,0.0043571705486080275,0.00937429890681646,1.4382588157638296,0.0,0.13333333333333333,0.5374823296880693,0.03962414772563655,0.0,1.1185104366584915,0.13333333333333333,0.13333333333333333,0.0,1.0,0.0064444444444444445,0.0,1.0,0.0,0.13333333333333333,0.022222222222222223,False,
0.711999478796608,0.06831677653919122,1.144210487014781,1.0112842915483424,0.06854246452691447,0.014445471644355005,11.444340486140522,4.036233404954123,2.2024510308958294,0.4594636852467958,2.8416318626627746,0.10721668824942267,0.3321242540893756,2,0.0,1.0,5.282287233123982e-49,6.163819381083396e-49,0.0,1.2206181599388306,1.5455105088551047,4.7062861456587066e-49,0.0,0.03646964141113104,0.0,0.03333333333333333,0.0016141086345999001,0.0397890645403692,0.0,1.0790048552679128,0.26666666666666666,0.26666666666666666,0.0,1.0,0.006055555555555555,0.0,1.0,0.0,0.05555555555555555,0.022222222222222223,True,
0.5984888618769824,0.08058867206423198,1.050080503147583,1.6818832652088838,0.06712246101543662,0.0016321582202612575,4.237012025356999,4.2671582948212095,3.6718491792808305,0.6254900015904191,1.2916656817055245,0.04619083859356688,0.30608924343151667,0,21.0,0.7899999999999998,35.5262242835824,23.839925560379317,2.205169056609925,0.6779458319773486,10.34450419487677,1.6513573779649888,0.009670260358652588,2.4908211867509107,0.0,0.06666666666666667,0.27583967761964323,0.02154960512753941,0.0,0.0,0.06666666666666667,0.06666666666666667,0.0,1.0,0.0031666666666666666,0.0,1.0,0.0,0.15,0.0,False,
0.5984888618769824,0.08058867206423198,1.050080503147583,1.6818832652088838,0.06712246101543662,0.0016321582202612575,4.237012025356999,4.2671582948212095,3.6718491792808305,0.6254900015904191,1.2916656817055245,0.04619083859356688,0.30608924343151667,1,0.0,1.0,0.0,0.0,0.0,0.656881368612257,0.22344062840892956,0.0,0.0,1.0,0.0,0.0,0.0,0.0336804135480362,0.0,0.10186100205229598,0.0,0.0,0.0,1.0,0.0029444444444444444,0.0,1.0,0.0,0.07777777777777778,0.03333333333333333,True,
0.5984888618769824,0.08058867206423198,1.050080503147583,1.6818832652088838,0.06712246101543662,0.0016321582202612575,4.237012025356999,4.2671582948212095,3.6718491792808305,0.6254900015904191,1.2916656817055245,0.04619083859356688,0.30608924343151667,2,10.0,0.8999999999999998,17.453371784914452,11.474095076231107,1.0500805031475833,0.6641123474071373,5.277444654882474,0.4084087125455473,0.08997933607379226,1.547548954187755,0.0,0.06666666666666667,0.28014744968650285,0.02767732394077614,0.0,0.0,0.06666666666666667,0.06666666666666667,0.0,1.0,0.0030555555555555557,0.0,1.0,0.0,0.12222222222222222,0.0,False,
0.6967775945985186,0.051311989838237315,1.1866939732842667,1.286325652122303,0.01997355863232779,0.013083218400919996,8.00850963688139,4.537801855257987,2.5875441659640424,0.7669193634673541,2.5440937520219613,0.47449966496687357,0.16877452594130132,0,0.0,1.0,1.5296789528045603e-05,1.4520965936825522e-05,0.0,0.9740708086525529,8.621749095676241,0.0,0.0,1.0,0.0,0.03333333333333333,1.436970587498359e-05,0.07448514252444727,0.13333333333333333,0.35944188521084036,0.13333333333333333,0.13333333333333333,0.0,1.0,0.004,0.0,1.0,0.0,0.20555555555555555,0.08888888888888889,True,
0.6967775945985186,0.051311989838237315,1.1866939732842667,1.286325652122303,0.01997355863232779,0.013083218400919996,8.00850963688139,4.537801855257987,2.5875441659640424,0.7669193634673541,2.5440937520219613,0.47449966496687357,0.16877452594130132,1,0.0,1.0,1.591571292511275e-07,1.512600618419329e-07,0.0,0.9725783470386591,3.136319570815048,0.0,0.0,1.0,0.0,0.03333333333333333,1.3008365318406202e-05,0.06762780938458338,0.03333333333333333,0.4322564594995828,0.03333333333333333,0.03333333333333333,0.0,1.0,0.004055555555555555,0.0,1.0,0.0,0.13333333333333333,0.06666666666666667,True,
0.6967775945985186,0.051311989838237315,1.1866939732842667,1.286325652122303,0.01997355863232779,0.013083218400919996,8.00850963688139,4.537801855257987,2.5875441659640424,0.7669193634673541,2.5440937520219613,0.47449966496687357,0.16877452594130132,2,0.0,1.0,0.0,0.0,0.0,0.9871580015827998,11.460893265495091,0.0,0.0,1.0,0.0,0.0,0.0,0.0466140921917766,0.06666666666666667,0.3280127882231681,0.06666666666666667,0.06666666666666667,0.0,1.0,0.0035555555555555557,0.0,1.0,0.0,0.15555555555555556,0.07777777777777778,True,
0.8998945283398012,0.11201537336111941,1.335505495750588,1.5758687410101162,0.030305305193014883,0.02026751262026865,10.539665948461865,2.225433146236917,1.648680515651461,0.3549311445741415,1.3227461462126033,0.17926206947933024,0.28259797469074943,0,0.0,1.0,0.0,0.0,0.0,0.8930215990963357,0.0021049078408231126,0.0,0.0,1.0,0.0,0.0,0.0,0.06054356256843314,0.0,0.43093517533923087,0.0,0.0,0.0,1.0,0.005555555555555556,0.0,1.0,0.0,0.12222222222222222,0.12222222222222222,True,
0.8998945283398012,0.11201537336111941,1.335505495750588,1.5758687410101162,0.030305305193014883,0.02026751262026865,10.539665948461865,2.225433146236917,1.648680515651461,0.3549311445741415,1.3227461462126033,0.17926206947933024,0.28259797469074943,1,0.0,1.0,0.0,0.0,0.0,0.8919781579182955,0.0018007506146998293,0.0,0.0,0.36238165095837616,0.0,0.0,0.0,0.057731180374458416,0.0,0.4491285160526886,0.0,0.0,0.0,1.0,0.005555555555555556,0.0,1.0,0.0,0.14444444444444443,0.14444444444444443,True,
0.8998945283398012,0.11201537336111941,1.335505495750588,1.5758687410101162,0.030305305193014883,0.02026751262026865,10.539665948461865,2.225433146236917,1.648680515651461,0.3549311445741415,1.3227461462126033,0.17926206947933024,0.28259797469074943,2,0.0,1.0,0.0,0.0,0.0,0.902545372807136,0.0028645791052320257,0.0,0.0,1.0,0.0,0.0,0.0,0.05169801298210821,0.0,0.4426218789008695,0.0,0.0,0.0,1.0,0.005555555555555556,0.0,1.0,0.0,0.12222222222222222,0.11666666666666667,True,
0.676321365938133,0.04771272568947521,0.9774593149052401,1.4166291079791706,0.03317723753981809,0.010280524647185027,10.128263901231493,4.598188273857191,2.0460730748000895,0.4740214773520689,2.786194361133737,0.4133854458625684,0.26674817158208375,0,0.0,1.0,1.8101965744688065e-05,1.2874927166800147e-05,0.0,0.7277611237122874,2.440020759575931,7.18043734868866e-39,0.0,0.40690076812357806,0.0,0.03333333333333333,0.035293071453431094,0.06389904055833943,0.03333333333333333,1.1818317210282698,0.03333333333333333,0.03333333333333333,0.0,1.0,0.005944444444444444,0.0005555555555555556,1.0,0.0,0.09444444444444444,0.044444444444444446,True,
0.676321365938133,0.04771272568947521,0.9774593149052401,1.4166291079791706,0.03317723753981809,0.010280524647185027,10.128263901231493,4.598188273857191,2.0460730748000895,0.4740214773520689,2.786194361133737,0.4133854458625684,0.26674817158208375,1,0.0,1.0,2.1526128260282668e-07,1.5327294246190634e-07,0.0,0.72678178511638,0.652806787952582,1.081368556247768e-37,0.0,0.38114537511746155,0.0,0.03333333333333333,0.020835859450525126,0.062252537467219475,0.0,1.2081967186673643,0.03333333333333333,0.03333333333333333,0.0,1.0,0.005611111111111111,0.0011111111111111111,1.0,0.0,0.08888888888888889,0.05555555555555555,True,
0.676321365938133,0.04771272568947521,0.9774593149052401,1.4166291079791706,0.03317723753981809,0.010280524647185027,10.128263901231493,4.598188273857191,2.0460730748000895,0.4740214773520689,2.786194361133737,0.4133854458625684,0.26674817158208375,2,0.0,1.0,0.0,0.0,0.0,0.7365108963807638,0.012262525925743012,0.0,0.0,1.0,0.0,0.0,0.0,0.05423823125237747,0.0,1.2368063147497974,0.0,0.0,0.0,1.0,0.005555555555555556,0.0,1.0,0.0,0.06666666666666667,0.03888888888888889,True,
0.6492381497785991,0.08017312580101843,1.0585388117620464,1.6966945463418897,0.019473193797728168,0.02438969656156207,4.8877099304110505,2.6793314038075993,2.028095430879357,0.528935015928126,2.658446816096607,0.10220623327740688,0.3253796714320032,0,48.0,0.5199999999999999,82.88538719341551,55.488985712424395,5.080986296457822,0.6845846063431043,17.349213324479067,0.5289283494769551,0.0,3.137725525061097,0.0,0.0,0.0,0.00543403218923694,0.0,0.0,0.03333333333333333,0.03333333333333333,0.0,1.0,0.0023333333333333335,0.0,1.0,0.0,0.06111111111111111,0.0,False,
0.6492381497785991,0.08017312580101843,1.0585388117620464,1.6966945463418897,0.019473193797728168,0.02438969656156207,4.8877099304110505,2.6793314038075993,2.028095430879357,0.528935015928126,2.658446816096607,0.10220623327740688,0.3253796714320032,1,70.0,0.3000000000000001,119.02323864446117,80.98034437688366,7.409771682334328,0.6875823276614885,23.597286352194548,0.9041735300911504,0.0,4.544736159280467,0.0,0.0,0.0,0.0030224922953043126,0.0,0.0,0.03333333333333333,0.03333333333333333,0.0,1.0,0.0018888888888888887,0.0,1.0,0.0,0.03888888888888889,0.0,False,
0.6492381497785991,0.08017312580101843,1.0585388117620464,1.6966945463418897,0.019473193797728168,0.02438969656156207,4.8877099304110505,2.6793314038075993,2.028095430879357,0.528935015928126,2.658446816096607,0.10220623327740688,0.3253796714320032,2,64.13333333333334,0.3586666666666665,110.61697495716588,74.74952964054381,6.788762246100591,0.6878489597330419,18.658247826846075,0.43593942593511487,0.0,3.8068633583927403,0.0,0.03333333333333333,0.18701188202820054,0.006144726690596128,0.0,0.0,0.06666666666666667,0.06666666666666667,0.0,1.0,0.0023333333333333335,0.0,1.0,0.0,0.07222222222222222,0.0,False,
0.7781741412342416,0.1263985718517202,0.9289227970690881,1.3426401483526504,0.04160212005682741,0.005301000170983604,4.701595011055582,2.4665886362625495,2.388994305011347,0.41519770698624037,1.608843739675157,0.2231230870335023,0.3269266014187033,0,0.0,1.0,3.436179922296127e-07,2.4665886362625494e-07,0.0,0.7301447885762973,1.193948808995409,2.998167536270753e-49,0.0,0.39997979865543154,0.0,0.06666666666666667,0.09756742328816553,0.03990194422545155,0.0,0.31561023030322866,0.06666666666666667,0.06666666666666667,0.0,1.0,0.005666666666666666,0.0011111111111111111,1.0,0.0,0.11666666666666667,0.027777777777777776,True,
0.7781741412342416,0.1263985718517202,0.9289227970690881,1.3426401483526504,0.04160212005682741,0.005301000170983604,4.701595011055582,2.4665886362625495,2.388994305011347,0.41519770698624037,1.608843739675157,0.2231230870335023,0.3269266014187033,1,0.0,1.0,0.0,0.0,0.0,0.7290889701242057,0.022303541347273383,0.0,0.0,1.0,0.0,0.0,0.0,0.03847206814958101,0.0,0.3323672963890145,0.0,0.0,0.0,1.0,0.005277777777777778,0.0,1.0,0.0,0.08888888888888889,0.027777777777777776,True,
0.7781741412342416,0.1263985718517202,0.9289227970690881,1.3426401483526504,0.04160212005682741,0.005301000170983604,4.701595011055582,2.4665886362625495,2.388994305011347,0.41519770698624037,1.608843739675157,0.2231230870335023,0.3269266014187033,2,0.0,1.0,0.0,0.0,0.0,0.7394794640670734,0.011905514618913383,0.0,0.0,0.3120174743363953,0.0,0.0,0.0,0.03535187523605195,0.0,0.33597138108967406,0.0,0.0,0.0,1.0,0.0057777777777777775,0.0016666666666666666,1.0,0.0,0.10555555555555556,0.022222222222222223,True,
0.8946712654574029,0.03243374088911174,1.4244245609936435,1.7716955704458035,0.06702543781035768,0.007705070281925222,10.057537184685442,3.5603764052610605,1.6402348717776098,0.45214515606051814,1.6899297698819988,0.22782697753459308,0.31964999268091077,0,77.0,0.23000000000000004,136.54219000799807,119.48527431597286,10.968069119651057,0.8828254040738577,76.00494488888891,0.0,0.0,5.516974293260253,0.0,0.23333333333333334,2.6487479937606193,0.027830338673418317,0.0,1.5586908527646264,0.6,0.6,0.0,1.0,0.008944444444444444,0.0005555555555555556,1.0,0.0,0.20555555555555555,0.011111111111111112,False,
0.8946712654574029,0.03243374088911174,1.4244245609936435,1.7716955704458035,0.06702543781035768,0.007705070281925222,10.057537184685442,3.5603764052610605,1.6402348717776098,0.45214515606051814,1.6899297698819988,0.22782697753459308,0.31964999268091077,1,61.03333333333333,0.38966666666666677,109.14334672824694,95.12428168929277,8.693737903931204,0.8802152827512936,60.17561685465542,0.0,0.0,4.319200170247187,0.0,0.2,1.9874214860964396,0.028759910586497052,0.0,1.5499047605077325,0.4666666666666667,0.4666666666666667,0.0,1.0,0.008888888888888889,0.0005555555555555556,1.0,0.0,0.20555555555555555,0.011111111111111112,False,
0.8946712654574029,0.03243374088911174,1.4244245609936435,1.7716955704458035,0.06702543781035768,0.007705070281925222,10.057537184685442,3.5603764052610605,1.6402348717776098,0.45214515606051814,1.6899297698819988,0.22782697753459308,0.31964999268091077,2,84.46666666666667,0.1553333333333334,149.20388662204354,132.1451360708373,12.031639458526307,0.8938171202518659,81.02654676636065,0.0,0.0,6.783296035920131,0.0,0.3,3.300235797155398,0.028015315717048603,0.0,1.5593945747336246,0.7,0.7,0.0,1.0,0.00988888888888889,0.0005555555555555556,1.0,0.0,0.21666666666666667,0.011111111111111112,False,
0.8398507562793294,0.04090419243180732,1.053636253292042,1.455343473318746,0.04716356622157611,0.009197248162490866,10.284504734382788,4.2179081643386045,1.7007127655354801,0.7723716768656134,2.4690689909332155,0.4064971759339524,0.223916347657268,0,64.1,0.359,97.82171111302686,74.91246031993062,6.753808383601989,0.7833515429842319,45.398070045505165,0.0,0.0,3.7639366471487485,0.0,0.13333333333333333,1.3858261392525184,0.01855508894062119,0.0,1.3920493336312065,0.3,0.3,0.0,1.0,0.006888888888888889,0.0,1.0,0.0,0.08888888888888889,0.005555555555555556,False,
0.8398507562793294,0.04090419243180732,1.053636253292042,1.455343473318746,0.04716356622157611,0.009197248162490866,10.284504734382788,4.2179081643386045,1.7007127655354801,0.7723716768656134,2.4690689909332155,0.4064971759339524,0.223916347657268,1,85.06666666666666,0.14933333333333337,124.97615027052034,97.96460566120548,8.96293239467097,0.7980656763461248,66.90457206276322,0.0,0.0,5.710203790949702,0.0,0.2,1.6386737614499551,0.01874733618848704,0.0,1.401221423799028,0.4,0.4,0.0,1.0,0.0077777777777777776,0.0,1.0,0.0,0.11666666666666667,0.005555555555555556,False,
0.8398507562793294,0.04090419243180732,1.053636253292042,1.455343473318746,0.04716356622157611,0.009197248162490866,10.284504734382788,4.2179081643386045,1.7007127655354801,0.7723716768656134,2.4690689909332155,0.4064971759339524,0.223916347657268,2,75.16666666666667,0.2483333333333334,111.35654616293662,86.74178793349321,7.919832503911849,0.791495218343056,48.305784009396596,0.0,0.0,3.33331010510137,0.0,0.13333333333333333,1.2304205736370466,0.02149785840601041,0.0,1.3426438910950724,0.26666666666666666,0.26666666666666666,0.0,1.0,0.007055555555555556,0.0,1.0,0.0,0.1111111111111111,0.011111111111111112,False,
0.7184972024632255,0.10713691692596959,1.2239953832557098,1.0426665659745777,0.027166488043463187,0.0028988164939888796,10.515776577062184,2.692744704778441,4.327933584897389,0.650176065500588,2.249509460958369,0.20520627802255342,0.13269782445550615,0,59.43333333333333,0.40566666666666673,65.19041485323069,78.24958174779404,7.2746125611497705,1.243364451022896,41.265948637548895,0.5741159832402635,0.0,3.137740035631556,0.0,0.0,0.0,0.00524256147689529,0.0,0.0,0.03333333333333333,0.03333333333333333,0.0,1.0,0.002277777777777778,0.0,1.0,0.0,0.06111111111111111,0.0,False,
0.7184972024632255,0.10713691692596959,1.2239953832557098,1.0426665659745777,0.027166488043463187,0.0028988164939888796,10.515776577062184,2.692744704778441,4.327933584897389,0.650176065500588,2.249509460958369,0.20520627802255342,0.13269782445550615,1,53.166666666666664,0.4683333333333332,58.77191849572554,70.65051884332124,6.507575454309525,1.2408188032737826,37.45525929602675,0.24670381078853432,0.0,2.7372553404789346,0.0,0.06666666666666667,0.46966875212703296,0.007774850317317359,0.0,0.0,0.13333333333333333,0.13333333333333333,0.0,1.0,0.002833333333333333,0.0,1.0,0.0,0.09444444444444444,0.0,False,
0.7184972024632255,0.10713691692596959,1.2239953832557098,1.0426665659745777,0.027166488043463187,0.0028988164939888796,10.515776577062184,2.692744704778441,4.327933584897389,0.650176065500588,2.249509460958369,0.20520627802255342,0.13269782445550615,2,17.866666666666667,0.8213333333333331,18.76130650322158,22.87331785774491,2.186871751416868,1.264864316615665,25.389242838536568,0.02622287070048922,0.007110635192364406,2.2314225625747044,0.0,0.03333333333333333,0.1438724454370503,0.018848883549261765,0.0,0.0,0.1,0.1,0.0,1.0,0.003944444444444444,0.0,1.0,0.0,0.16666666666666666,0.0,False,
0.7416779405673583,0.05030408787516065,1.292884493041837,1.4362898980199028,0.031052985372950204,0.004831258696508495,8.678123524730859,3.100185845522689,3.6289981271677476,0.47832467551207325,2.520106819804775,0.27085967916825815,0.3440241083064462,0,0.0,1.0,0.0,0.0,0.0,0.9493049514200398,0.011039852154496432,0.0,0.0,1.0,0.0,0.0,0.0,0.04986339791929212,0.0,0.9117594955506693,0.0,0.0,0.0,1.0,0.005555555555555556,0.0,1.0,0.0,0.07222222222222222,0.05,True,
0.7416779405673583,0.05030408787516065,1.292884493041837,1.4362898980199028,0.031052985372950204,0.004831258696508495,8.678123524730859,3.100185845522689,3.6289981271677476,0.47832467551207325,2.520106819804775,0.27085967916825815,0.3440241083064462,1,0.0,1.0,0.0,0.0,0.0,0.9480507630335008,0.010476236918075393,0.0,0.0,1.0,0.0,0.0,0.0,0.05005340865423776,0.0,0.926340368731882,0.0,0.0,0.0,1.0,0.005555555555555556,0.0,1.0,0.0,0.07777777777777778,0.05555555555555555,True,
0.7416779405673583,0.05030408787516065,1.292884493041837,1.4362898980199028,0.031052985372950204,0.004831258696508495,8.678123524730859,3.100185845522689,3.6289981271677476,0.47832467551207325,2.520106819804775,0.27085967916825815,0.3440241083064462,2,0.0,1.0,0.0,0.0,0.0,0.9605409321059322,0.011506715804604332,0.0,0.0,1.0,0.0,0.0,0.0,0.05229105983335792,0.0,0.9260373401914488,0.0,0.0,0.0,1.0,0.005555555555555556,0.0,1.0,0.0,0.07777777777777778,0.05,True,
0.6860811784419498,0.04989226027981958,1.392983863447458,1.3777521218711648,0.019784831702993482,0.011826095686783458,8.123580164860993,4.192984512182532,4.305838775799668,0.7932148813979129,2.782666919904485,0.08936605338723053,0.2613371721714228,0,54.56666666666667,0.4543333333333334,80.64558742509502,83.96658035204298,7.601048614878296,1.066703959950885,35.82490276487712,0.0,0.0,4.692710632245435,0.0,0.06666666666666667,0.34895652067554167,0.012178339089234644,0.0,0.0,0.06666666666666667,0.06666666666666667,0.0,1.0,0.0022222222222222222,0.0,1.0,0.0,0.15,0.0,False,
0.6860811784419498,0.04989226027981958,1.392983863447458,1.3777521218711648,0.019784831702993482,0.011826095686783458,8.123580164860993,4.192984512182532,4.305838775799668,0.7932148813979129,2.782666919904485,0.08936605338723053,0.2613371721714228,1,25.433333333333334,0.7456666666666667,37.53012025513582,39.122024786014585,3.5428222927013704,1.0652140464477573,19.357913524751165,0.0,0.0012509416152299353,2.450707114329057,0.0,0.06666666666666667,0.34553606470517206,0.02108572285816553,0.0,0.0,0.06666666666666667,0.06666666666666667,0.0,1.0,0.0026111111111111114,0.0,1.0,0.0,0.17777777777777778,0.0,False,
0.6860811784419498,0.04989226027981958,1.392983863447458,1.3777521218711648,0.019784831702993482,0.011826095686783458,8.123580164860993,4.192984512182532,4.305838775799668,0.7932148813979129,2.782666919904485,0.08936605338723053,0.2613371721714228,2,0.8666666666666667,0.9913333333333333,0.4919174644867664,0.5185765559639938,0.12072526816544636,1.079942836222743,36.82692779365555,0.0,0.0,0.7981224124565724,0.0,0.1,0.4072355570212297,0.0384846768273177,0.16666666666666666,0.13738644686517879,0.26666666666666666,0.26666666666666666,0.0,1.0,0.002777777777777778,0.0,1.0,0.0,0.17222222222222222,0.027777777777777776,False,
0.7915988885858675,0.08087485330189087,1.0800576562462774,1.9103438629621854,0.05868253216799672,0.004858305540595788,9.318948815995405,3.4542309407812075,3.787057124510984,0.808210467018123,1.8706722666066953,0.2758795041256161,0.24473334995774865,0,21.0,0.7899999999999998,40.164602552322116,23.79324334899009,2.268121078117183,0.5977225264709378,22.949120981595968,0.023750579618739668,0.0,2.3203359067900724,0.0,0.13333333333333333,0.44440940348610736,0.032164903505590446,0.0,0.8105163198011602,0.13333333333333333,0.13333333333333333,0.0,1.0,0.0064444444444444445,0.0,1.0,0.0,0.13333333333333333,0.016666666666666666,False,
0.7915988885858675,0.08087485330189087,1.0800576562462774,1.9103438629621854,0.05868253216799672,0.004858305540595788,9.318948815995405,3.4542309407812075,3.787057124510984,0.808210467018123,1.8706722666066953,0.2758795041256161,0.24473334995774865,1,10.0,0.8999999999999998,19.2213768499612,11.329922157737055,1.0800576562462776,0.5944688662314904,14.268853358326517,0.023515870475449195,0.0,1.6024287876678822,0.0,0.13333333333333333,0.449711645664307,0.031210511309610202,0.0,0.7580805431527996,0.13333333333333333,0.13333333333333333,0.0,1.0,0.005944444444444444,0.0,1.0,0.0,0.12777777777777777,0.011111111111111112,False,
0.7915988885858675,0.08087485330189087,1.0800576562462774,1.9103438629621854,0.05868253216799672,0.004858305540595788,9.318948815995405,3.4542309407812075,3.787057124510984,0.808210467018123,1.8706722666066953,0.2758795041256161,0.24473334995774865,2,20.0,0.8000000000000003,38.2128857638884,23.011159218062566,2.160115312492555,0.6063423150319532,22.22559878006222,0.02342415216568688,0.0,2.4913272712791366,0.0,0.2,0.6812740183427295,0.038529415109812726,0.0,0.8250083755304942,0.2,0.2,0.0,1.0,0.006999999999999999,0.0,1.0,0.0,0.16666666666666666,0.016666666666666666,False,
0.7192136030629808,0.05294894054192756,1.3803784772453525,1.938785144720165,0.036909364524479335,0.00465123085169893,6.7881322302417075,4.362964646978693,2.7976472927110896,0.9073346650956992,1.4448059023775748,0.39488732206166755,0.34811469213452617,0,0.0,1.0,0.0,0.0,0.0,0.749244868305961,0.0037583739145420447,0.0,0.0,1.0,0.0,0.0,0.0,0.050107865743798184,0.0,1.0600255991855332,0.0,0.0,0.0,1.0,0.004333333333333333,0.0,1.0,0.0,0.09444444444444444,0.16111111111111112,True,
0.7192136030629808,0.05294894054192756,1.3803784772453525,1.938785144720165,0.036909364524479335,0.00465123085169893,6.7881322302417075,4.362964646978693,2.7976472927110896,0.9073346650956992,1.4448059023775748,0.39488732206166755,0.34811469213452617,1,0.0,1.0,1.956382112716485e-07,1.4543215489928975e-07,0.0,0.7485761319968868,2.2706683572776276,0.0,0.0,1.0,0.0,0.03333333333333333,2.9086430979857945e-07,0.05065864704430738,0.03333333333333333,1.1035334759458717,0.03333333333333333,0.03333333333333333,0.0,1.0,0.0044444444444444444,0.0,1.0,0.0,0.07222222222222222,0.17222222222222222,True,
0.7192136030629808,0.05294894054192756,1.3803784772453525,1.938785144720165,0.036909364524479335,0.00465123085169893,6.7881322302417075,4.362964646978693,2.7976472927110896,0.9073346650956992,1.4448059023775748,0.39488732206166755,0.34811469213452617,2,0.0,1.0,0.0,0.0,0.0,0.755614844240377,0.0015426311852230331,0.0,0.0,1.0,0.0,0.0,0.0,0.04626236430706452,0.0,1.250899046498717,0.0,0.0,0.0,1.0,0.0045000000000000005,0.0,1.0,0.0,0.05555555555555555,0.17222222222222222,True,
0.7174819233126105,0.12445415514220817,1.081938218366916,0.9967301788570846,0.03448899015943553,0.006535721211148965,5.425652551548858,4.434060206124856,2.923995585160268,0.8780072386382933,2.3248401809943546,0.1585578822194137,0.27963570279662064,0,0.0,1.0,0.0,0.0,0.0,1.150704117211167,0.0030889271838456015,0.0,0.0,1.0,0.0,0.0,0.0,0.044352655166012805,0.0,0.4640787535850863,0.0,0.0,0.0,1.0,0.0037777777777777775,0.0,1.0,0.0,0.05555555555555555,0.1111111111111111,True,
0.7174819233126105,0.12445415514220817,1.081938218366916,0.9967301788570846,0.03448899015943553,0.006535721211148965,5.425652551548858,4.434060206124856,2.923995585160268,0.8780072386382933,2.3248401809943546,0.1585578822194137,0.27963570279662064,1,0.0,1.0,0.0,0.0,0.0,1.1481930279385248,0.008284029800664365,0.0,0.0,1.0,0.0,0.0,0.0,0.05083147912559894,0.0,0.5085569757862083,0.0,0.0,0.0,1.0,0.003944444444444444,0.0,1.0,0.0,0.06666666666666667,0.09444444444444444,True,
0.7174819233126105,0.12445415514220817,1.081938218366916,0.9967301788570846,0.03448899015943553,0.006535721211148965,5.425652551548858,4.434060206124856,2.923995585160268,0.8780072386382933,2.3248401809943546,0.1585578822194137,0.27963570279662064,2,0.0,1.0,1.3142312519661117e-07,1.4780200687082855e-07,0.0,1.1717567004479748,2.87680848683893,0.0,0.0,1.0,0.0,0.03333333333333333,1.4188992659599534e-05,0.06206841625131789,0.03333333333333333,0.4662651015493764,0.03333333333333333,0.03333333333333333,0.0,1.0,0.0038888888888888888,0.0,1.0,0.0,0.07777777777777778,0.1388888888888889,True,
0.6208429780624025,0.07341951373218382,1.1803407434644744,1.3289411599379455,0.07072603470268368,0.027749591685095425,8.431593221049258,2.9609808497033643,2.7759423102325473,0.6727986883006541,1.546244371394466,0.14580754947546046,0.1697033352447303,0,32.0,0.6799999999999999,42.93850222326457,40.927393267358795,3.7770903790863177,0.9669991704867812,20.934907560815628,1.6424822812988478,0.0,2.675087435361606,0.0,0.26666666666666666,0.8547772682196493,0.024557358325377636,0.0,0.0,0.26666666666666666,0.26666666666666666,0.0,1.0,0.004944444444444445,0.0,1.0,0.0,0.2,0.0,False,
0.6208429780624025,0.07341951373218382,1.1803407434644744,1.3289411599379455,0.07072603470268368,0.027749591685095425,8.431593221049258,2.9609808497033643,2.7759423102325473,0.6727986883006541,1.546244371394466,0.14580754947546046,0.1697033352447303,1,22.0,0.7800000000000001,29.823531865939525,27.753796205853686,2.5967496356218445,0.9455080795821588,21.83560403521932,0.5414390478256682,0.0,2.757224790657982,0.0,0.2,0.7275243895719588,0.0340409556594879,0.0,0.0,0.23333333333333334,0.23333333333333334,0.0,1.0,0.005055555555555555,0.0,1.0,0.0,0.19444444444444445,0.0,False,
0.6208429780624025,0.07341951373218382,1.1803407434644744,1.3289411599379455,0.07072603470268368,0.027749591685095425,8.431593221049258,2.9609808497033643,2.7759423102325473,0.6727986883006541,1.546244371394466,0.14580754947546046,0.1697033352447303,2,28.0,0.7199999999999999,37.17320425107816,35.55058322447011,3.3049540817005285,0.9765782175707705,24.67790701977968,0.7678151959113669,0.0,2.8956874595295607,0.0,0.16666666666666666,0.736916522676968,0.021093178598733494,0.0,0.0,0.23333333333333334,0.23333333333333334,0.0,1.0,0.004555555555555556,0.0,1.0,0.0,0.16111111111111112,0.0,False,
0.9196021480199574,0.09637144694200009,1.0803549617109638,1.3251509709545561,0.03745315803605835,0.021966868132022827,11.211561122035189,4.664051821493482,2.2674191347105492,0.6611761822658673,2.318437201779455,0.3718258817599326,0.2457505864505064,0,10.866666666666667,0.8913333333333334,14.111965117301075,11.871687850667291,1.1739857250592474,0.860505304553674,20.878210697768605,0.0,0.0009541596601387841,1.8970988684497245,0.0,0.06666666666666667,0.29151749647101394,0.030171583199428267,0.0,1.5023654929571817,0.06666666666666667,0.06666666666666667,0.0,1.0,0.006,0.0,1.0,0.0,0.07777777777777778,0.016666666666666666,False,
0.9196021480199574,0.09637144694200009,1.0803549617109638,1.3251509709545561,0.03745315803605835,0.021966868132022827,11.211561122035189,4.664051821493482,2.2674191347105492,0.6611761822658673,2.318437201779455,0.3718258817599326,0.2457505864505064,1,53.3,0.4669999999999999,74.03384722796017,62.61337531825686,5.758291945919438,0.8630714418965677,44.12606389578215,0.0,0.0,1.7444975222554164,0.0,0.06666666666666667,0.6139323838401551,0.024556072298662367,0.0,1.5120644514617463,0.13333333333333333,0.13333333333333333,0.0,1.0,0.006333333333333333,0.0,1.0,0.0,0.06666666666666667,0.016666666666666666,False,
0.9196021480199574,0.09637144694200009,1.0803549617109638,1.3251509709545561,0.03745315803605835,0.021966868132022827,11.211561122035189,4.664051821493482,2.2674191347105492,0.6611761822658673,2.318437201779455,0.3718258817599326,0.2457505864505064,2,60.8,0.39200000000000007,83.62061375197499,71.5501857110821,6.568558167202662,0.8754636051331804,42.922869136526444,0.0,0.0,3.29188113593454,0.0,0.06666666666666667,0.4855393057196692,0.028654838555694943,0.0,1.5277813440403423,0.13333333333333333,0.13333333333333333,0.0,1.0,0.006611111111111111,0.0,1.0,0.0,0.10555555555555556,0.016666666666666666,False,
0.7025574303219309,0.04802096477432696,1.0476399811217925,1.3496834078964532,0.03005248045423682,0.004491586056608224,7.914024201775852,3.3846708240998966,2.334151808990787,0.2528428913314712,1.3615745716141983,0.040676099782412725,0.34749167939554937,0,0.0,1.0,0.0,0.0,0.0,0.8191139150199731,0.009973741400424127,0.0,0.0,1.0,0.0,0.0,0.0,0.040920419280705465,0.0,0.8534174405383954,0.0,0.0,0.0,1.0,0.005555555555555556,0.0,1.0,0.0,0.06666666666666667,0.05,True,
0.7025574303219309,0.04802096477432696,1.0476399811217925,1.3496834078964532,0.03005248045423682,0.004491586056608224,7.914024201775852,3.3846708240998966,2.334151808990787,0.2528428913314712,1.3615745716141983,0.040676099782412725,0.34749167939554937,1,0.0,1.0,0.0,0.0,0.0,0.8179377535123282,0.009775146663001626,0.0,0.0,1.0,0.0,0.0,0.0,0.04519694545970011,0.0,0.8548068361798319,0.0,0.0,0.0,1.0,0.005555555555555556,0.0,1.0,0.0,0.06666666666666667,0.05555555555555555,True,
0.7025574303219309,0.04802096477432696,1.0476399811217925,1.3496834078964532,0.03005248045423682,0.004491586056608224,7.914024201775852,3.3846708240998966,2.334151808990787,0.2528428913314712,1.3615745716141983,0.040676099782412725,0.34749167939554937,2,0.0,1.0,0.0,0.0,0.0,0.8295231060248912,0.009909311375999172,0.0,0.0,1.0,0.0,0.0,0.0,0.04257562869182759,0.0,0.8453992590321238,0.0,0.0,0.0,1.0,0.005555555555555556,0.0,1.0,0.0,0.07222222222222222,0.044444444444444446,True,
0.689187426538463,0.051723811128911064,1.348228871570992,1.0773980290491856,0.06956166564027856,0.0200853917273984,8.717032354171028,2.429625267277596,3.2290048422936186,0.9372298524974028,2.333072979622227,0.3370751076799976,0.19297231631753703,0,52.233333333333334,0.4776666666666667,59.806055091503644,76.57336552591512,7.042248805839146,1.3246451444839733,29.03666204363645,0.03535892615277698,0.002479264021660521,2.786196456588354,0.0,0.13333333333333333,1.0277875157079752,0.026003157150788624,0.0,0.5022348318782088,0.36666666666666664,0.36666666666666664,0.0,1.0,0.0074444444444444445,0.0,1.0,0.0,0.1111111111111111,0.011111111111111112,False,
0.689187426538463,0.051723811128911064,1.348228871570992,1.0773980290491856,0.06956166564027856,0.0200853917273984,8.717032354171028,2.429625267277596,3.2290048422936186,0.9372298524974028,2.333072979622227,0.3370751076799976,0.19297231631753703,1,43.3,0.5670000000000001,48.675678178532024,62.686290785067044,5.837831013902392,1.3342220974891152,37.30444424552996,0.004229383926179042,0.0,3.3802713604640524,0.0,0.13333333333333333,0.8842526313471896,0.02457663842145463,0.0,0.5085457393405379,0.3333333333333333,0.3333333333333333,0.0,1.0,0.0077777777777777776,0.0,1.0,0.0,0.14444444444444443,0.005555555555555556,False,
0.689187426538463,0.051723811128911064,1.348228871570992,1.0773980290491856,0.06956166564027856,0.0200853917273984,8.717032354171028,2.429625267277596,3.2290048422936186,0.9372298524974028,2.333072979622227,0.3370751076799976,0.19297231631753703,2,36.43333333333333,0.6356666666666668,41.13282209481425,53.47405634604199,4.912047188756983,1.3466418985589141,35.3427413550228,0.009228404398577254,0.0,3.3822825636065987,0.0,0.23333333333333334,1.4442489971824484,0.029918470576019,0.0,0.5028132404265525,0.43333333333333335,0.43333333333333335,0.0,1.0,0.007388888888888889,0.0,1.0,0.0,0.12777777777777777,0.016666666666666666,False,
0.7038872811465051,0.0738762978927844,1.1611595272389286,1.310535377848663,0.05705286341681867,0.02150560696862396,10.410150726758578,4.461911206541197,1.9300602382005838,0.5594524566683663,1.8889138963021745,0.3699942341765461,0.27153300690967686,0,0.0,1.0,1.5019195090898978e-07,1.3770731080412844e-07,0.0,0.9352992275948,0.3668767675936522,0.0,0.0,0.9999871573252537,0.0,0.0,0.0,0.06138621921708745,0.0,1.1572699123532826,0.03333333333333333,0.03333333333333333,0.0,1.0,0.005611111111111111,0.0,1.0,0.0,0.06666666666666667,0.05555555555555555,True,
0.7038872811465051,0.0738762978927844,1.1611595272389286,1.310535377848663,0.05705286341681867,0.02150560696862396,10.410150726758578,4.461911206541197,1.9300602382005838,0.5594524566683663,1.8889138963021745,0.3699942341765461,0.27153300690967686,1,0.0,1.0,0.0,0.0,0.0,0.9339018748859182,0.4960995459860331,0.0,0.0,1.0,0.0,0.0,0.0,0.05256961703749036,0.0,1.2288405793299233,0.0,0.0,0.0,1.0,0.005388888888888888,0.0,1.0,0.0,0.06111111111111111,0.03888888888888889,True,
0.7038872811465051,0.0738762978927844,1.1611595272389286,1.310535377848663,0.05705286341681867,0.02150560696862396,10.410150726758578,4.461911206541197,1.9300602382005838,0.5594524566683663,1.8889138963021745,0.3699942341765461,0.27153300690967686,2,0.0,1.0,0.0,0.0,0.0,0.9475960559964623,0.6164171200892182,0.0,0.0,1.0,0.0,0.0,0.0,0.05921418514703218,0.0,1.2306775396304184,0.0,0.0,0.0,1.0,0.005388888888888888,0.0,1.0,0.0,0.06666666666666667,0.03888888888888889,True,
0.7596876365868804,0.03074196743592635,1.2525993619058944,1.2054345499044108,0.06573078134095596,0.02602545202747198,6.714498090418681,3.876897412043398,4.3290295032311645,0.4929249435830273,1.2522634005431972,0.13363982204998148,0.09687124286921028,0,31.7,0.6829999999999998,39.64530889859342,42.759642902845414,3.9707399772416845,1.0980766952622882,22.63086273507012,0.29269258395445774,0.004010137172046844,2.001435585357686,0.0,0.06666666666666667,0.5931467425726934,0.03941446326698609,0.0,0.6662653175501101,0.1,0.1,0.0,1.0,0.005722222222222222,0.0,1.0,0.0,0.1388888888888889,0.027777777777777776,False,
0.7596876365868804,0.03074196743592635,1.2525993619058944,1.2054345499044108,0.06573078134095596,0.02602545202747198,6.714498090418681,3.876897412043398,4.3290295032311645,0.4929249435830273,1.2522634005431972,0.13363982204998148,0.09687124286921028,1,49.3,0.507,61.95283588258569,67.47939558984999,6.175314854196062,1.1075250862449668,28.876156524973183,0.28215075731463696,0.0005151235618743866,3.2991222552301687,0.0,0.1,0.8746964230665277,0.028481592727022716,0.0,0.7141220481453963,0.16666666666666666,0.16666666666666666,0.0,1.0,0.005944444444444444,0.0,1.0,0.0,0.13333333333333333,0.016666666666666666,False,
0.7596876365868804,0.03074196743592635,1.2525993619058944,1.2054345499044108,0.06573078134095596,0.02602545202747198,6.714498090418681,3.876897412043398,4.3290295032311645,0.4929249435830273,1.2522634005431972,0.13363982204998148,0.09687124286921028,2,56.93333333333333,0.4306666666666668,71.58420545294074,78.1904820519993,7.1314657004508915,1.114000535629941,27.786104063922984,0.20062526191173394,0.0,2.2823400729490553,0.0,0.1,1.0588433310036491,0.030088179900964452,0.0,0.6969105471369683,0.23333333333333334,0.23333333333333334,0.0,1.0,0.005944444444444444,0.0,1.0,0.0,0.13333333333333333,0.016666666666666666,False,
0.7060238864231064,0.07552059772119962,1.1536146034149852,1.3386640940590038,0.06978905052091212,0.0036457099414126596,5.652708598708091,2.309965006257278,4.074822138005683,0.4448126334002267,2.6164016987725924,0.2897368453728818,0.085300024162387,0,50.0,0.5,69.69053668701676,62.99418651809929,5.768073017074926,0.9223277056701005,17.702511128433446,0.7419757017849634,0.0002735785717624747,2.6966382219905416,0.0,0.1,0.5794473961070373,0.016675120356136334,0.0,0.03387522624313398,0.26666666666666666,0.26666666666666666,0.0,1.0,0.005222222222222223,0.0,1.0,0.0,0.1,0.005555555555555556,False,
0.7060238864231064,0.07552059772119962,1.1536146034149852,1.3386640940590038,0.06978905052091212,0.0036457099414126596,5.652708598708091,2.309965006257278,4.074822138005683,0.4448126334002267,2.6164016987725924,0.2897368453728818,0.085300024162387,1,41.36666666666667,0.5863333333333333,57.22652209454064,51.91295785918101,4.772119076126654,0.9178121821470717,18.83826298928473,0.6124183020811464,0.001979020048958639,2.9816007727532727,0.0,0.1,0.5217426701934716,0.019220182138919226,0.0,0.039412370186147766,0.16666666666666666,0.16666666666666666,0.0,1.0,0.005222222222222223,0.0,1.0,0.0,0.1111111111111111,0.005555555555555556,False,
0.7060238864231064,0.07552059772119962,1.1536146034149852,1.3386640940590038,0.06978905052091212,0.0036457099414126596,5.652708598708091,2.309965006257278,4.074822138005683,0.4448126334002267,2.6164016987725924,0.2897368453728818,0.085300024162387,2,46.03333333333333,0.5396666666666666,64.5985192238589,58.29729352163058,5.310472557720317,0.9241804031998218,1.6718472848335593,0.5911388837938547,0.0,0.2964560508773451,0.0,0.0,0.0,0.01790005060511272,0.0,0.026760376352847576,0.0,0.0,0.0,1.0,0.004277777777777778,0.0,1.0,0.0,0.044444444444444446,0.005555555555555556,False,
0.8224317921143935,0.052264586087649764,1.0358911234750323,1.748024892933175,0.033315025227868486,0.01742873926764301,11.264022142530028,3.3404235275901994,4.504190457558241,0.5098204178902748,2.6724768682863598,0.11121069829400014,0.2401367822583533,0,10.6,0.8940000000000001,19.03156201988595,11.70254723674197,1.0980445908835343,0.6239950545740841,16.964332777449425,0.01336009604574339,0.0035313973620385536,1.5231262232369547,0.0,0.16666666666666666,0.48339990892912504,0.03682372492978021,0.0,0.7903539670096494,0.2,0.2,0.0,1.0,0.006111111111111111,0.0,1.0,0.0,0.09444444444444444,0.027777777777777776,False,
0.8224317921143935,0.052264586087649764,1.0358911234750323,1.748024892933175,0.033315025227868486,0.01742873926764301,11.264022142530028,3.3404235275901994,4.504190457558241,0.5098204178902748,2.6724768682863598,0.11121069829400014,0.2401367822583533,1,10.0,0.8999999999999998,16.333644998248293,10.049062272500668,1.0358911234750323,0.6233584043635783,20.96144037353962,0.020455371187461404,0.0,1.8324029972477476,0.0,0.06666666666666667,0.16631386240456614,0.03762065425968864,0.0,0.7820349155942549,0.06666666666666667,0.06666666666666667,0.0,1.0,0.005833333333333334,0.0,1.0,0.0,0.07777777777777778,0.027777777777777776,False,
0.8224317921143935,0.052264586087649764,1.0358911234750323,1.748024892933175,0.033315025227868486,0.01742873926764301,11.264022142530028,3.3404235275901994,4.504190457558241,0.5098204178902748,2.6724768682863598,0.11121069829400014,0.2401367822583533,2,10.0,0.8999999999999998,16.572683908661254,10.288073210668534,1.0358911234750323,0.6299307660265752,19.42000908749766,0.0,0.0038636143310940207,1.7773587541898805,0.0,0.06666666666666667,0.21479913700064837,0.040859894187368385,0.0,0.7843313123632248,0.06666666666666667,0.06666666666666667,0.0,1.0,0.005944444444444444,0.0,1.0,0.0,0.09444444444444444,0.027777777777777776,False,
0.61932461360723,0.08615253755783873,1.211282543304416,1.3757764640687455,0.030591465064392497,0.0122856666131883,7.991638780908298,3.8117380832937986,4.755144021241881,0.4285946025056067,1.572753246372983,0.09290099031180724,0.2685929847109328,0,10.066666666666666,0.8993333333333332,14.88477541863003,13.607345316709642,1.219357760259779,0.9289086448911559,10.205052119698443,0.08570729561496361,0.031804714124827084,1.2878423875055058,0.0,0.06666666666666667,0.3372052055418842,0.02961163626499517,0.0,0.34696368145215384,0.06666666666666667,0.06666666666666667,0.0,1.0,0.0036666666666666666,0.0,1.0,0.0,0.09444444444444444,0.016666666666666666,False,
0.61932461360723,0.08615253755783873,1.211282543304416,1.3757764640687455,0.030591465064392497,0.0122856666131883,7.991638780908298,3.8117380832937986,4.755144021241881,0.4285946025056067,1.572753246372983,0.09290099031180724,0.2685929847109328,1,0.0,1.0,1.389628824065159e-07,1.270579361097933e-07,0.0,0.9276086969582106,2.622499599787933,0.0,0.0,1.0000000000000002,0.0,0.03333333333333333,9.910519016563888e-06,0.0485685612564154,0.03333333333333333,0.3241985752616433,0.03333333333333333,0.03333333333333333,0.0,1.0,0.0035555555555555557,0.0,1.0,0.0,0.08888888888888889,0.03333333333333333,True,
0.61932461360723,0.08615253755783873,1.211282543304416,1.3757764640687455,0.030591465064392497,0.0122856666131883,7.991638780908298,3.8117380832937986,4.755144021241881,0.4285946025056067,1.572753246372983,0.09290099031180724,0.2685929847109328,2,0.0,1.0,0.0,0.0,0.0,0.9404563121967053,4.318257837634529,0.0,0.0,1.0,0.0,0.0,0.0,0.04551334354946328,0.0,0.3326999345020792,0.0,0.0,0.0,1.0,0.0031111111111111114,0.0,1.0,0.0,0.07222222222222222,0.044444444444444446,True,
0.6954432335866999,0.06150558168115173,1.132403950894489,1.2386206479204844,0.0649727991402315,0.017907358205459207,10.197483106085908,3.065394515185291,4.206810296173115,0.6813181398914729,2.1015813884636048,0.4102355007993409,0.09181943330031325,0,49.266666666666666,0.5073333333333333,62.929841353371756,60.35375566237294,5.578976798073515,0.9731089815969156,34.22736175481241,0.6186995670516642,1.82977075986727e-05,2.6552479156458872,0.0,0.16666666666666666,1.1741287373643265,0.025614417706958544,0.0,0.28580229307833477,0.36666666666666664,0.36666666666666664,0.0,1.0,0.005944444444444444,0.0,1.0,0.0,0.1388888888888889,0.011111111111111112,False,
0.6954432335866999,0.06150558168115173,1.132403950894489,1.2386206479204844,0.0649727991402315,0.017907358205459207,10.197483106085908,3.065394515185291,4.206810296173115,0.6813181398914729,2.1015813884636048,0.4102355007993409,0.09181943330031325,1,47.13333333333333,0.5286666666666666,61.206581317708554,57.75660306402464,5.337397288549358,0.9642046533932148,38.13050997632774,0.5828899253325571,0.0028237399612747517,3.588158634566221,0.0,0.1,0.8665260616190082,0.02557732136317898,0.0,0.2648816987652357,0.26666666666666666,0.26666666666666666,0.0,1.0,0.005666666666666666,0.0,1.0,0.0,0.13333333333333333,0.005555555555555556,False,
0.6954432335866999,0.06150558168115173,1.132403950894489,1.2386206479204844,0.0649727991402315,0.017907358205459207,10.197483106085908,3.065394515185291,4.206810296173115,0.6813181398914729,2.1015813884636048,0.4102355007993409,0.09181943330031325,2,49.03333333333333,0.5096666666666666,62.75396408055159,60.06389913286032,5.552554039219311,0.9812748850054985,35.502531286564206,0.6864099393794432,0.0,2.583683856675196,0.0,0.16666666666666666,1.1387702150844063,0.024183375991893838,0.0,0.2908570579976691,0.36666666666666664,0.36666666666666664,0.0,1.0,0.005888888888888889,0.0,1.0,0.0,0.13333333333333333,0.011111111111111112,False,
0.5941217108659146,0.0694897841286141,0.9827744673987285,1.6594634714332743,0.07274068868795647,0.017807951743721608,4.316991067333096,2.9312859158582567,3.5259492620120696,0.26239891414491723,1.157730642861265,0.20356316945755418,0.14428577133917458,0,51.0,0.49000000000000005,84.65331795553084,54.696278882527366,5.012149783733516,0.6508070727055397,15.03191693341865,2.6245649747905615,0.0,3.3395982744500046,0.0,0.06666666666666667,0.4408017377320653,0.0064975725693019876,0.0,0.0,0.2,0.2,0.0,1.0,0.002722222222222222,0.0,1.0,0.0,0.07222222222222222,0.0,False,
0.5941217108659146,0.0694897841286141,0.9827744673987285,1.6594634714332743,0.07274068868795647,0.017807951743721608,4.316991067333096,2.9312859158582567,3.5259492620120696,0.26239891414491723,1.157730642861265,0.20356316945755418,0.14428577133917458,1,52.0,0.4800000000000001,86.75621079732215,55.876885734886336,5.110427230473389,0.6500611804166051,14.671586245986552,2.6235003232497838,0.0,3.2654207172938325,0.0,0.1,0.5258055416121619,0.007469319866858311,0.0,0.0,0.2,0.2,0.0,1.0,0.0029444444444444444,0.0,1.0,0.0,0.07777777777777778,0.0,False,
0.5941217108659146,0.0694897841286141,0.9827744673987285,1.6594634714332743,0.07274068868795647,0.017807951743721608,4.316991067333096,2.9312859158582567,3.5259492620120696,0.26239891414491723,1.157730642861265,0.20356316945755418,0.14428577133917458,2,50.0,0.5,81.58437846435893,53.60597869260856,4.913872336993644,0.6593131088133597,20.053851015056164,2.074052468662257,0.00814053432093454,4.658371024107473,0.0,0.06666666666666667,0.5467545551855998,0.0062717801011669275,0.0,0.0,0.16666666666666666,0.16666666666666666,0.0,1.0,0.003,0.0,1.0,0.0,0.08333333333333333,0.0,False,
0.8889846935915053,0.08300214714911142,1.39907137865374,1.1919076270313593,0.029520848499283422,0.012944761737886359,4.564038334982967,2.9962007358800955,2.1378988603599565,0.8449419564594606,1.6531051662202616,0.42231466893205605,0.2524275190897446,0,85.0,0.15000000000000005,102.92811011083924,130.16864323198755,11.892106718556796,1.2883231799590091,21.760965774651012,0.0,0.0,4.832137042378965,0.0,0.0,0.0,0.0,0.0,0.0,0.0,0.0,0.0,1.0,0.0006666666666666666,0.0,1.0,0.0,0.0,0.0,False,
0.8889846935915053,0.08300214714911142,1.39907137865374,1.1919076270313593,0.029520848499283422,0.012944761737886359,4.564038334982967,2.9962007358800955,2.1378988603599565,0.8449419564594606,1.6531051662202616,0.42231466893205605,0.2524275190897446,1,83.0,0.17,100.8907914763035,127.57104138721847,11.612292442826048,1.2859323857441125,2.7367442344583113,0.0,0.0,0.6262203654967315,0.0,0.0,0.0,0.0,0.0,0.0,0.0,0.0,0.0,1.0,0.0007222222222222222,0.0,1.0,0.0,0.0,0.0,False,
0.8889846935915053,0.08300214714911142,1.39907137865374,1.1919076270313593,0.029520848499283422,0.012944761737886359,4.564038334982967,2.9962007358800955,2.1378988603599565,0.8449419564594606,1.6531051662202616,0.42231466893205605,0.2524275190897446,2,88.0,0.12000000000000002,104.86929813759126,134.05469934908157,12.311828132152916,1.3057768541381967,46.34386041920381,0.0,0.0,10.196808290627809,0.0,0.0,0.0,0.0007251292725138617,0.0,0.0,0.0,0.0,0.0,1.0,0.0008888888888888889,0.0,1.0,0.0,0.011111111111111112,0.0,False,
0.6105621619885585,0.04219462177718923,1.110175385589375,1.5590059631163347,0.03304359169884237,0.019427260245318066,7.751005210446927,3.369157748340582,4.398444695375469,0.7168345514998707,2.529158621872912,0.38682805631761896,0.30523006188619517,0,0.0,1.0,0.0,0.0,0.0,0.7504428347822932,0.00386633670673873,0.0,0.0,1.0,0.0,0.0,0.0,0.049484787016400904,0.0,0.5727198302923193,0.0,0.0,0.0,1.0,0.004166666666666667,0.0,1.0,0.0,0.07222222222222222,0.05,True,
0.6105621619885585,0.04219462177718923,1.110175385589375,1.5590059631163347,0.03304359169884237,0.019427260245318066,7.751005210446927,3.369157748340582,4.398444695375469,0.7168345514998707,2.529158621872912,0.38682805631761896,0.30523006188619517,1,0.0,1.0,1.5220876919082969e-07,1.123052582780194e-07,0.0,0.7495534728633996,3.2095507795295366,0.0,0.0,1.0,0.0,0.03333333333333333,1.123052582780194e-07,0.05058792938014142,0.03333333333333333,0.5818463336220965,0.03333333333333333,0.03333333333333333,0.0,1.0,0.004055555555555555,0.0,1.0,0.0,0.07777777777777778,0.05,True,
0.6105621619885585,0.04219462177718923,1.110175385589375,1.5590059631163347,0.03304359169884237,0.019427260245318066,7.751005210446927,3.369157748340582,4.398444695375469,0.7168345514998707,2.529158621872912,0.38682805631761896,0.30523006188619517,2,0.0,1.0,3.0140194720750794e-07,2.246105165560388e-07,0.0,0.7585425772965945,2.466003164569508,1.653858408083332e-25,0.0,0.6458444523761571,0.0,0.06666666666666667,0.10619365893006878,0.033397755500558075,0.0,0.5132234373418516,0.06666666666666667,0.06666666666666667,0.0,1.0,0.0045000000000000005,0.0005555555555555556,1.0,0.0,0.1111111111111111,0.022222222222222223,True,
0.8898836557011183,0.0764389454538183,1.14042082805924,1.4872508758588028,0.07229541990797514,0.008640769015922391,6.962379483265635,3.980895025153936,2.889224725975249,0.28943164171873126,1.6832052244059894,0.0834835022263174,0.28943113415912014,0,0.0,1.0,0.0,0.0,0.0,0.8084048399460781,2.6870286783512687,0.0,0.0,0.9986035227658798,0.0,0.0,0.0,0.07027094930100339,0.0,0.9358452449064686,0.03333333333333333,0.03333333333333333,0.0,1.0,0.005611111111111111,0.0,1.0,0.0,0.07777777777777778,0.08888888888888889,True,
0.8898836557011183,0.0764389454538183,1.14042082805924,1.4872508758588028,0.07229541990797514,0.008640769015922391,6.962379483265635,3.980895025153936,2.889224725975249,0.28943164171873126,1.6832052244059894,0.0834835022263174,0.28943113415912014,1,0.0,1.0,0.0,0.0,0.0,0.8073851914657425,2.963045426489535,0.0,0.0,0.9999999999999998,0.0,0.0,0.0,0.05939494847878391,0.0,0.8675165091776301,0.0,0.0,0.0,1.0,0.005555555555555556,0.0,1.0,0.0,0.07222222222222222,0.05555555555555555,True,
0.8898836557011183,0.0764389454538183,1.14042082805924,1.4872508758588028,0.07229541990797514,0.008640769015922391,6.962379483265635,3.980895025153936,2.889224725975249,0.28943164171873126,1.6832052244059894,0.0834835022263174,0.28943113415912014,2,0.0,1.0,3.460191144039434e-06,2.786626517607755e-06,0.0,0.8176033499445491,3.9933917489883215,0.0,0.0,0.6375187266407295,0.0,0.0,0.0,0.050464619750850995,0.0,0.8575242577159811,0.8333333333333334,0.8333333333333334,0.0,1.0,0.006944444444444444,0.0,1.0,0.0,0.06111111111111111,0.044444444444444446,True,
0.8984398234560318,0.06365698836284636,1.320324209966602,0.9711857919433255,0.021792617401054246,0.015758583023718336,8.692233686486794,3.8632721794604272,4.194146440914077,0.6477696880744572,2.685477827959966,0.36798052766103817,0.1776494255188188,0,0.0,1.0,0.0,0.0,0.0,1.4419455242542303,0.0006737720079517964,0.0,0.0,1.0000000000000004,0.0,0.0,0.0,0.07348274051136301,0.0,0.5173148168684379,0.0,0.0,0.0,1.0,0.0044444444444444444,0.0,1.0,0.0,0.15,0.11666666666666667,True,
0.8984398234560318,0.06365698836284636,1.320324209966602,0.9711857919433255,0.021792617401054246,0.015758583023718336,8.692233686486794,3.8632721794604272,4.194146440914077,0.6477696880744572,2.685477827959966,0.36798052766103817,0.1776494255188188,1,0.0,1.0,9.237849188474421e-06,1.2748798192219423e-05,0.0,1.4386801093160464,7.045159300966921,0.0,0.0,1.0,0.0,0.03333333333333333,1.2620022452904075e-05,0.06845994201435322,0.06666666666666667,0.49607125648037076,0.06666666666666667,0.06666666666666667,0.0,1.0,0.004555555555555556,0.0,1.0,0.0,0.17777777777777778,0.08888888888888889,True,
0.8984398234560318,0.06365698836284636,1.320324209966602,0.9711857919433255,0.021792617401054246,0.015758583023718336,8.692233686486794,3.8632721794604272,4.194146440914077,0.6477696880744572,2.685477827959966,0.36798052766103817,0.1776494255188188,2,0.0,1.0,9.095856193592951e-06,1.2748798192219423e-05,0.0,1.4692099379568242,2.9963077068934543,0.0,0.0,1.0,0.0,0.03333333333333333,1.2620022452904075e-05,0.058270231492645944,0.06666666666666667,0.4542865913058084,0.06666666666666667,0.06666666666666667,0.0,1.0,0.004277777777777778,0.0,1.0,0.0,0.17222222222222222,0.08888888888888889,True,
0.7095117328133052,0.07839842412926781,1.277140125219477,1.162047142619591,0.0658749159593826,0.0032931807091697235,5.225394492102076,3.983691395590991,2.519472009634941,0.83548988785328,1.0743547916833796,0.19879701265916752,0.19379948220768228,0,0.0,1.0,0.0,0.0,0.0,1.1619964172446635,0.36367903434390364,0.0,0.0,1.0,0.0,0.0,0.0,0.05813693623602574,0.0,0.2928560942737654,0.0,0.0,0.0,1.0,0.004611111111111111,0.0,1.0,0.0,0.08888888888888889,0.03888888888888889,True,
0.7095117328133052,0.07839842412926781,1.277140125219477,1.162047142619591,0.0658749159593826,0.0032931807091697235,5.225394492102076,3.983691395590991,2.519472009634941,0.83548988785328,1.0743547916833796,0.19879701265916752,0.19379948220768228,1,0.0,1.0,0.0,0.0,0.0,1.1599508201520954,0.7670875120011362,0.0,0.0,1.0,0.0,0.0,0.0,0.07488820287648909,0.0,0.41059218545994647,0.0,0.0,0.0,1.0,0.004611111111111111,0.0,1.0,0.0,0.1,0.07777777777777778,True,
0.7095117328133052,0.07839842412926781,1.277140125219477,1.162047142619591,0.0658749159593826,0.0032931807091697235,5.225394492102076,3.983691395590991,2.519472009634941,0.83548988785328,1.0743547916833796,0.19879701265916752,0.19379948220768228,2,0.0,1.0,0.0,0.0,0.0,1.179600195760551,0.6518118262918747,0.0,0.0,1.0,0.0,0.0,0.0,0.06607257022263673,0.0,0.4141508276877196,0.0,0.0,0.0,1.0,0.004722222222222222,0.0,1.0,0.0,0.08888888888888889,0.08333333333333333,True,
0.8975657336413752,0.06292481412965051,1.321631545155132,1.6177221894349736,0.024857495482030534,0.016981109374542967,10.507170220532483,2.113836325542566,3.288884634275916,0.6797412978755883,1.1414700429369202,0.4702974301719052,0.13757163050820279,0,63.86666666666667,0.3613333333333335,107.99341613253758,92.98952262374704,8.440820135057443,0.8675216015473455,24.619386245467265,0.07140570948580634,0.0,1.8054272447624584,0.0,0.03333333333333333,0.2602486305464348,0.0031109369432238245,0.0,0.0,0.06666666666666667,0.06666666666666667,0.0,1.0,0.0020555555555555553,0.0,1.0,0.0,0.044444444444444446,0.0,False,
0.8975657336413752,0.06292481412965051,1.321631545155132,1.6177221894349736,0.024857495482030534,0.016981109374542967,10.507170220532483,2.113836325542566,3.288884634275916,0.6797412978755883,1.1414700429369202,0.4702974301719052,0.13757163050820279,1,62.333333333333336,0.37666666666666654,102.52460091074742,88.38873210193218,8.238169964800326,0.8698331466489508,34.74696401059889,0.14333843498109838,0.0,2.7123741623217095,0.0,0.0,0.0,0.0020484699386188426,0.0,0.0,0.06666666666666667,0.06666666666666667,0.0,1.0,0.0017777777777777779,0.0,1.0,0.0,0.027777777777777776,0.0,False,
0.8975657336413752,0.06292481412965051,1.321631545155132,1.6177221894349736,0.024857495482030534,0.016981109374542967,10.507170220532483,2.113836325542566,3.288884634275916,0.6797412978755883,1.1414700429369202,0.4702974301719052,0.13757163050820279,2,70.0,0.3000000000000001,113.31347485634407,100.12156922483064,9.251420816085924,0.8935133363366372,43.80443088938618,0.08774879526964098,0.0,4.1720763802745475,0.0,0.0,0.0,0.0015519944744464117,0.0,0.0,0.0,0.0,0.0,1.0,0.0016666666666666666,0.0,1.0,0.0,0.022222222222222223,0.0,False,
0.6688969408926204,0.10047176572079654,1.3028155775030055,1.2348008732911389,0.016925171356573232,0.02682338732879503,6.450689918910159,2.9411444849924697,1.875021817642023,0.5722399728143066,1.9376817595988973,0.3564894306785158,0.20060191698886307,0,77.2,0.22800000000000006,96.98705066885182,110.75677418091531,10.0577362583232,1.167412629638074,35.904725044236145,1.8067986921838197,0.0,5.032069514742378,0.0,0.03333333333333333,0.37065812619657723,0.00252052000453845,0.0,0.0,0.1,0.1,0.0,1.0,0.0015,0.0,1.0,0.0,0.03333333333333333,0.0,False,
0.6688969408926204,0.10047176572079654,1.3028155775030055,1.2348008732911389,0.016925171356573232,0.02682338732879503,6.450689918910159,2.9411444849924697,1.875021817642023,0.5722399728143066,1.9376817595988973,0.3564894306785158,0.20060191698886307,1,75.0,0.25,94.39928941899275,107.07169060279871,9.77111683127254,1.1617468994208822,35.77876628551815,1.5016755798253634,0.0,5.101348738087244,0.0,0.03333333333333333,0.26431041674188505,0.002809299375242465,0.0,0.0,0.06666666666666667,0.06666666666666667,0.0,1.0,0.0015,0.0,1.0,0.0,0.03333333333333333,0.0,False,
0.6688969408926204,0.10047176572079654,1.3028155775030055,1.2348008732911389,0.016925171356573232,0.02682338732879503,6.450689918910159,2.9411444849924697,1.875021817642023,0.5722399728143066,1.9376817595988973,0.3564894306785158,0.20060191698886307,2,80.23333333333333,0.19766666666666668,99.73110170660539,115.23941729984672,10.45292365016578,1.1817877949974585,43.913011516370794,1.527290751600386,0.0,7.150857664946196,0.0,0.0,0.0,0.001142410507063414,0.0,0.0,0.0,0.0,0.0,1.0,0.0010555555555555555,0.0,1.0,0.0,0.016666666666666666,0.0,False,
0.8684336862871438,0.12322099462796388,1.208840229175344,1.7053050599000055,0.021086306817885966,0.0014776854006822372,10.365982159416138,4.56871283504756,2.5819335495419957,0.5865079546038667,1.0267790587028518,0.45198190109538106,0.12671234853802893,0,10.0,0.8999999999999998,17.528054742664516,12.978726742517527,1.208840229175344,0.7465383406802133,12.104914043868696,0.02702517703747577,0.0,0.23804607021196306,0.0,0.0,0.0,0.05034630935246771,0.0,0.9827652973422504,0.03333333333333333,0.03333333333333333,0.0,1.0,0.005055555555555555,0.0,1.0,0.0,0.10555555555555556,0.03888888888888889,False,
0.8684336862871438,0.12322099462796388,1.208840229175344,1.7053050599000055,0.021086306817885966,0.0014776854006822372,10.365982159416138,4.56871283504756,2.5819335495419957,0.5865079546038667,1.0267790587028518,0.45198190109538106,0.12671234853802893,1,10.0,0.8999999999999998,17.799206439089836,13.176048325801045,1.208840229175344,0.7457517377411135,5.747530668811057,0.015410646976052551,0.0,0.5547838294785863,0.0,0.0,0.0,0.04518782246965398,0.0,0.9966082513995637,0.0,0.0,0.0,1.0,0.004888888888888889,0.0,1.0,0.0,0.07777777777777778,0.03333333333333333,False,
0.8684336862871438,0.12322099462796388,1.208840229175344,1.7053050599000055,0.021086306817885966,0.0014776854006822372,10.365982159416138,4.56871283504756,2.5819335495419957,0.5865079546038667,1.0267790587028518,0.45198190109538106,0.12671234853802893,2,20.0,0.8000000000000003,34.71468909879835,25.94099523518589,2.417680458350688,0.7538348057721016,20.20884789516947,0.04029719479194849,0.0,1.9566398300064445,0.0,0.0,0.0,0.05336018651561854,0.0,1.0318887828319694,0.0,0.0,0.0,1.0,0.005,0.0,1.0,0.0,0.08888888888888889,0.03888888888888889,False,
0.6075468716966949,0.054608557395974644,1.1932699774854418,1.105184584030956,0.02805720118133436,0.011567714461402652,8.124459371423901,2.4316924577367622,3.012984251651412,0.7836394909860016,1.7395534107184782,0.22522277805059132,0.1619948518044121,0,54.63333333333333,0.4536666666666666,63.58253826301675,70.78008831185706,6.519231643662133,1.1428104071045913,28.821818082976083,1.3859724912952478,0.0,3.2486708253819376,0.0,0.0,0.0,0.0014668824533626617,0.0,0.0,0.03333333333333333,0.03333333333333333,0.0,1.0,0.0014444444444444444,0.0,1.0,0.0,0.016666666666666666,0.0,False,
0.6075468716966949,0.054608557395974644,1.1932699774854418,1.105184584030956,0.02805720118133436,0.011567714461402652,8.124459371423901,2.4316924577367622,3.012984251651412,0.7836394909860016,1.7395534107184782,0.22522277805059132,0.1619948518044121,1,38.333333333333336,0.6166666666666669,44.51220890177777,49.57205472827816,4.574201580360862,1.1402785668097013,22.286172904061566,1.2564491649890996,0.0,2.0683191936389043,0.0,0.0,0.0,0.0036720150745145454,0.0,0.0,0.03333333333333333,0.03333333333333333,0.0,1.0,0.0018333333333333333,0.0,1.0,0.0,0.044444444444444446,0.0,False,
0.6075468716966949,0.054608557395974644,1.1932699774854418,1.105184584030956,0.02805720118133436,0.011567714461402652,8.124459371423901,2.4316924577367622,3.012984251651412,0.7836394909860016,1.7395534107184782,0.22522277805059132,0.1619948518044121,2,28.9,0.711,33.69944060155738,38.033801421594035,3.4485502349329282,1.160823686434026,14.416683935675774,0.7170883097032725,0.010729739103430311,1.3375472561517108,0.0,0.06666666666666667,0.30596190453691435,0.0063319166854682515,0.0,0.0,0.13333333333333333,0.13333333333333333,0.0,1.0,0.0021666666666666666,0.0,1.0,0.0,0.07222222222222222,0.0,False,
0.6911648801013629,0.08276724723289816,0.9705877929835648,1.1124555776921605,0.06658312979930135,0.00844182966807058,4.674405635824939,3.197636076627053,4.423431908718202,0.49147141739151556,1.72834993906505,0.1941903908811665,0.0615817766172577,0,47.666666666666664,0.5233333333333333,55.523845975601574,50.774942416213676,4.626468479888327,0.9301950999135646,18.26761248180134,0.6877585230857901,0.0,3.9654788287525693,0.0,0.1,0.6571703979736009,0.02589740450131068,0.0,0.07532551865549578,0.2,0.2,0.0,1.0,0.004666666666666667,0.0,1.0,0.0,0.1111111111111111,0.005555555555555556,False,
0.6911648801013629,0.08276724723289816,0.9705877929835648,1.1124555776921605,0.06658312979930135,0.00844182966807058,4.674405635824939,3.197636076627053,4.423431908718202,0.49147141739151556,1.72834993906505,0.1941903908811665,0.0615817766172577,1,50.0,0.5,57.57763178970099,53.053875084250976,4.852938964917825,0.9345147245198403,17.13084982923161,0.6513092465446798,0.0,3.312402101550407,0.0,0.06666666666666667,0.3901554711868551,0.021659647556854688,0.0,0.08795700788016526,0.13333333333333333,0.13333333333333333,0.0,1.0,0.004611111111111111,0.0,1.0,0.0,0.09444444444444444,0.011111111111111112,False,
0.6911648801013629,0.08276724723289816,0.9705877929835648,1.1124555776921605,0.06658312979930135,0.00844182966807058,4.674405635824939,3.197636076627053,4.423431908718202,0.49147141739151556,1.72834993906505,0.1941903908811665,0.0615817766172577,2,44.0,0.56,50.213226906403584,46.541031233590495,4.270586289127688,0.9472749843634228,15.693136374547722,0.5320278410574223,0.0,2.8484082669380757,0.0,0.1,0.5932679367243419,0.02528053584925904,0.0,0.05638706167111592,0.2,0.2,0.0,1.0,0.004555555555555556,0.0,1.0,0.0,0.10555555555555556,0.011111111111111112,False,
0.8483719127469451,0.038439398995503304,1.017347322364444,1.0798714609438882,0.05519099799394035,0.0037932052475261094,6.899724789140654,4.312484926353675,4.673108742526837,0.3859380839274026,1.711459631445778,0.34662650965818254,0.20576641686999253,0,2.2666666666666666,0.9773333333333333,1.7951024748698878,1.9465327366205056,0.24077219962625174,1.0054467716937074,12.053890267406318,0.0031119674133894414,2.7359903443284805,2.976144546772068,0.0,0.13333333333333333,0.8693125048705409,0.07056179995440322,0.0,0.8460021913146826,0.5,0.4,0.1,1.0,0.007888888888888888,0.007222222222222222,1.0,0.0,0.18333333333333332,0.03333333333333333,False,
0.8483719127469451,0.038439398995503304,1.017347322364444,1.0798714609438882,0.05519099799394035,0.0037932052475261094,6.899724789140654,4.312484926353675,4.673108742526837,0.3859380839274026,1.711459631445778,0.34662650965818254,0.20576641686999253,1,0.0,1.0,0.0,0.0,0.0,0.9952792704355207,0.3925345096522888,0.0,0.0,1.0,0.0,0.0,0.0,0.06993220733672155,0.0,0.9004360283296481,0.0,0.0,0.0,1.0,0.005555555555555556,0.0,1.0,0.0,0.07777777777777778,0.06111111111111111,True,
0.8483719127469451,0.038439398995503304,1.017347322364444,1.0798714609438882,0.05519099799394035,0.0037932052475261094,6.899724789140654,4.312484926353675,4.673108742526837,0.3859380839274026,1.711459631445778,0.34662650965818254,0.20576641686999253,2,10.0,0.8999999999999998,10.055768275714092,9.90034896597302,1.0173473223644438,1.013736044969299,13.120549433822644,0.0004182486230322205,0.002963504187615756,1.7697456824136755,0.0,0.03333333333333333,0.13800704171211997,0.05284412533469248,0.0,0.8414911449909566,0.03333333333333333,0.03333333333333333,0.0,1.0,0.006,0.0,1.0,0.0,0.10555555555555556,0.03333333333333333,False,
0.8216797161048034,0.1008217996222284,1.0387520984220107,1.4337301607329256,0.05827753147382596,0.015327998305236814,7.8068204610772325,3.909511203605645,3.6753322737746075,0.654402079088921,2.115560561461371,0.4395332105425207,0.24807523232228829,0,0.0,1.0,0.0,0.0,0.0,0.7640821576487679,0.06245634029545097,0.0,0.0,1.0000000000000002,0.0,0.0,0.0,0.05195577184963555,0.0,0.9019674124741301,0.0,0.0,0.0,1.0,0.0055000000000000005,0.0,1.0,0.0,0.07222222222222222,0.027777777777777776,True,
0.8216797161048034,0.1008217996222284,1.0387520984220107,1.4337301607329256,0.05827753147382596,0.015327998305236814,7.8068204610772325,3.909511203605645,3.6753322737746075,0.654402079088921,2.115560561461371,0.4395332105425207,0.24807523232228829,1,10.0,0.8999999999999998,13.95754615383269,10.478674483245424,1.0387520984220113,0.7630702756611571,11.944034803992887,0.01514080939537899,0.041932001412874696,1.5646527400162393,0.0,0.03333333333333333,0.2306969333728356,0.03891956594574676,0.0,0.9170807100544462,0.06666666666666667,0.06666666666666667,0.0,1.0,0.005944444444444444,0.0,1.0,0.0,0.09444444444444444,0.022222222222222223,False,
0.8216797161048034,0.1008217996222284,1.0387520984220107,1.4337301607329256,0.05827753147382596,0.015327998305236814,7.8068204610772325,3.909511203605645,3.6753322737746075,0.654402079088921,2.115560561461371,0.4395332105425207,0.24807523232228829,2,10.0,0.8999999999999998,13.695475613918628,10.392437245051683,1.0387520984220113,0.7731441668952714,12.507764539660736,0.026178070363199475,0.014395642944415638,1.6737656328223223,0.0,0.1,0.3248902104832274,0.038206959268409925,0.0,0.9505869688762999,0.1,0.1,0.0,1.0,0.006222222222222223,0.0,1.0,0.0,0.1111111111111111,0.022222222222222223,False,
0.6162354345908412,0.04312160080031432,1.2121274437181806,1.8256590017179444,0.03725534203127067,0.016659487136758824,7.529458361155669,3.6243955184020775,2.1335840838929476,0.9387647711470667,1.9715894301398642,0.11980342326136192,0.14652204217040093,0,10.0,0.8999999999999998,17.811704534829126,12.316209912290768,1.2121274437181806,0.6989202533746285,14.31045166148269,0.3920903542320224,0.0,0.9119029724640939,0.0,0.0,0.0,0.024619257272367173,0.0,0.24980509357677885,0.03333333333333333,0.03333333333333333,0.0,1.0,0.0028888888888888888,0.0,1.0,0.0,0.06111111111111111,0.011111111111111112,False,
0.6162354345908412,0.04312160080031432,1.2121274437181806,1.8256590017179444,0.03725534203127067,0.016659487136758824,7.529458361155669,3.6243955184020775,2.1335840838929476,0.9387647711470667,1.9715894301398642,0.11980342326136192,0.14652204217040093,1,10.0,0.8999999999999998,18.717760887814165,12.944416412055926,1.2121274437181806,0.6982462074266446,16.73941085029659,0.42941026086891954,0.0,1.8413429924826423,0.0,0.06666666666666667,0.259519376706395,0.028906126688952722,0.0,0.1843462642604331,0.1,0.1,0.0,1.0,0.0028888888888888888,0.0,1.0,0.0,0.07222222222222222,0.022222222222222223,False,
0.6162354345908412,0.04312160080031432,1.2121274437181806,1.8256590017179444,0.03725534203127067,0.016659487136758824,7.529458361155669,3.6243955184020775,2.1335840838929476,0.9387647711470667,1.9715894301398642,0.11980342326136192,0.14652204217040093,2,28.0,0.7199999999999999,52.56534480719451,36.758197940712385,3.393956842410904,0.7067503370895097,23.91312667064013,0.9543730367999044,0.0020751866559095295,2.5536523735731476,0.0,0.1,0.5764310271311828,0.015070244043158085,0.0,0.37465774346892544,0.16666666666666666,0.16666666666666666,0.0,1.0,0.003277777777777778,0.0,1.0,0.0,0.044444444444444446,0.011111111111111112,False,
0.575558480904547,0.07706896921828774,1.1430500593431219,1.944100754330953,0.027686868302262316,0.014625816388048222,9.551493081598785,3.3818492336412955,3.7638660891939932,0.5983620232729889,2.183113972625131,0.03846735133057291,0.3169902658390665,0,0.23333333333333334,0.9976666666666667,0.38926401407420513,0.23913934568477158,0.026671168051339515,0.6206010405924239,9.390744813152713,0.005971056863139938,0.003049377033545349,0.46686935319294715,0.0,0.06666666666666667,0.18640752258709348,0.025927402572325425,0.0,0.0530069936550495,0.1,0.06666666666666667,0.03333333333333333,1.0,0.0022222222222222222,0.0027777777777777775,1.0,0.0,0.07222222222222222,0.011111111111111112,False,
0.575558480904547,0.07706896921828774,1.1430500593431219,1.944100754330953,0.027686868302262316,0.014625816388048222,9.551493081598785,3.3818492336412955,3.7638660891939932,0.5983620232729889,2.183113972625131,0.03846735133057291,0.3169902658390665,1,0.0,1.0,1.0928722640526924e-12,6.694369063584537e-13,0.0,0.6181718098713858,6.105738862726416,7.607580416323475e-13,0.0,0.2317950330536818,0.0,0.03333333333333333,0.11031355757656448,0.03226863746138438,0.0,0.14107960922491694,0.03333333333333333,0.03333333333333333,0.0,1.0,0.002388888888888889,0.0005555555555555556,1.0,0.0,0.07222222222222222,0.016666666666666666,True,
0.575558480904547,0.07706896921828774,1.1430500593431219,1.944100754330953,0.027686868302262316,0.014625816388048222,9.551493081598785,3.3818492336412955,3.7638660891939932,0.5983620232729889,2.183113972625131,0.03846735133057291,0.3169902658390665,2,24.233333333333334,0.7576666666666668,44.60844416678667,27.547883999855017,2.7699913104748335,0.6239669255518848,63.17646669199166,1.183034185540418,0.0,2.075869519121613,0.0,0.1,0.38289658426043455,0.002895497547785275,0.0,0.0,0.13333333333333333,0.13333333333333333,0.0,1.0,0.0011666666666666668,0.0,1.0,0.0,0.027777777777777776,0.0,False,
0.6613661142152357,0.09678789972111125,1.3131368762179396,1.100198043224998,0.07149644509806488,0.009413963174555673,8.550745425767657,3.9284900723386693,4.737721636133351,0.3491176697549182,1.35904487182878,0.3997857215886329,0.09974208624716085,0,32.0,0.6799999999999999,36.07702825349267,44.75535634712666,4.2020380038974094,1.2690710145669604,33.14752462627386,0.7322716223721947,0.0,4.0391631034996385,0.0,0.16666666666666666,0.933629880334132,0.036843815387928046,0.0,0.3231949996394969,0.2,0.2,0.0,1.0,0.0055000000000000005,0.0,1.0,0.0,0.20555555555555555,0.016666666666666666,False,
0.6613661142152357,0.09678789972111125,1.3131368762179396,1.100198043224998,0.07149644509806488,0.009413963174555673,8.550745425767657,3.9284900723386693,4.737721636133351,0.3491176697549182,1.35904487182878,0.3997857215886329,0.09974208624716085,1,33.0,0.6700000000000003,37.524765362275986,46.6950361249692,4.3333516915192005,1.2716317409526992,30.540475102107813,1.2109346051779382,0.005148572330267565,3.674904606732929,0.0,0.16666666666666666,1.082745289891542,0.03756407001420356,0.0,0.33923758211583555,0.23333333333333334,0.23333333333333334,0.0,1.0,0.005444444444444444,0.0,1.0,0.0,0.20555555555555555,0.022222222222222223,False,
0.6613661142152357,0.09678789972111125,1.3131368762179396,1.100198043224998,0.07149644509806488,0.009413963174555673,8.550745425767657,3.9284900723386693,4.737721636133351,0.3491176697549182,1.35904487182878,0.3997857215886329,0.09974208624716085,2,43.93333333333333,0.5606666666666665,50.042660447936136,62.65416264620849,5.769048009517479,1.283428385837704,38.22228996381694,1.0585010627348335,0.0,4.140010293745698,0.0,0.16666666666666666,1.0878510863423538,0.04089565628217149,0.0,0.307880154073595,0.23333333333333334,0.23333333333333334,0.0,1.0,0.006055555555555555,0.0,1.0,0.0,0.21666666666666667,0.022222222222222223,False,
0.9138020843060157,0.05928948868462082,1.2359152724602342,1.782993999943388,0.015109301446049682,0.011726178658557393,8.35183092802928,2.293876406632749,4.389319401422288,0.7631566845081085,1.9573450664970962,0.12751167161187488,0.12416032794435171,0,70.0,0.3000000000000001,124.07352169079277,91.28937357306344,8.651406907221645,0.7403556815904935,196.38348676720418,0.2146515438594288,0.0,42.35660611191424,0.0,0.0,0.0,0.0,0.0,0.0,0.0,0.0,0.0,1.0,0.00016666666666666666,0.0,1.0,0.0,0.0,0.0,False,
0.9138020843060157,0.05928948868462082,1.2359152724602342,1.782993999943388,0.015109301446049682,0.011726178658557393,8.35183092802928,2.293876406632749,4.389319401422288,0.7631566845081085,1.9573450664970962,0.12751167161187488,0.12416032794435171,1,70.0,0.3000000000000001,124.90977618216581,91.6542546020752,8.651406907221645,0.7399507337633864,197.21082953676282,0.24278761066109844,0.0,42.59899890262269,0.0,0.0,0.0,0.0,0.0,0.0,0.0,0.0,0.0,1.0,0.00016666666666666666,0.0,1.0,0.0,0.0,0.0,False,
0.9138020843060157,0.05928948868462082,1.2359152724602342,1.782993999943388,0.015109301446049682,0.011726178658557393,8.35183092802928,2.293876406632749,4.389319401422288,0.7631566845081085,1.9573450664970962,0.12751167161187488,0.12416032794435171,2,70.0,0.3000000000000001,123.84969978868027,92.01180922319423,8.651406907221645,0.7494489543531235,198.09489903061592,0.22452095287568669,0.0,34.86604464836194,0.0,0.0,0.0,0.0,0.0,0.0,0.0,0.0,0.0,1.0,0.0003333333333333333,0.0,1.0,0.0,0.0,0.0,False,
0.7580612686192965,0.09966648271070565,1.1037645764362483,1.598675373417156,0.04674345966991063,0.017610505939996628,5.676824785694922,3.530518409695574,3.116132385314077,0.9143861376710959,1.8171925112108243,0.1265969483668773,0.14168132788656068,0,21.0,0.7899999999999998,34.4653488961198,24.90970039800094,2.3179056105161213,0.7318459007333195,21.041904566026304,0.2535000796945245,0.0051819315077471,3.326203198838155,0.0,0.03333333333333333,0.36306221500648156,0.02117443132334245,0.0,0.473707674184605,0.13333333333333333,0.13333333333333333,0.0,1.0,0.0045000000000000005,0.0,1.0,0.0,0.08333333333333333,0.005555555555555556,False,
0.7580612686192965,0.09966648271070565,1.1037645764362483,1.598675373417156,0.04674345966991063,0.017610505939996628,5.676824785694922,3.530518409695574,3.116132385314077,0.9143861376710959,1.8171925112108243,0.1265969483668773,0.14168132788656068,1,22.0,0.7800000000000001,36.313021812330334,26.39740753740397,2.428282068159746,0.7364187664956237,21.175864530123697,0.27750582463105383,0.005530898460732166,3.063449792745609,0.0,0.06666666666666667,0.49132037344668084,0.023400381479652232,0.0,0.4886263626159804,0.1,0.1,0.0,1.0,0.004555555555555556,0.0,1.0,0.0,0.08333333333333333,0.011111111111111112,False,
0.7580612686192965,0.09966648271070565,1.1037645764362483,1.598675373417156,0.04674345966991063,0.017610505939996628,5.676824785694922,3.530518409695574,3.116132385314077,0.9143861376710959,1.8171925112108243,0.1265969483668773,0.14168132788656068,2,29.133333333333333,0.7086666666666664,45.73278018664221,33.99603582184393,3.21563413268427,0.7578842962072283,33.40902671109747,0.28478799086502515,0.0,5.384241962309589,0.0,0.06666666666666667,0.5692486642603047,0.020523221833938184,0.0,0.48712853627083025,0.2,0.2,0.0,1.0,0.004333333333333333,0.0,1.0,0.0,0.05,0.016666666666666666,False,
0.6092231213961639,0.10113447105915475,1.1116601282186853,1.808295297225757,0.06119792397016516,0.005467294797463838,8.920968949811469,4.290066843223645,3.634409324593926,0.2743977719290941,2.5877654761212074,0.3760300621124857,0.2808695452112385,0,10.2,0.8979999999999997,18.51936636716959,11.82603912496874,1.133893330783059,0.647181698040696,11.89671531616684,0.8251422515793438,0.040578437601253674,1.391011794945676,0.0,0.06666666666666667,0.24987723640918133,0.037775613851352544,0.0,0.0,0.06666666666666667,0.06666666666666667,0.0,1.0,0.0034444444444444444,0.0,1.0,0.0,0.16111111111111112,0.0,False,
0.6092231213961639,0.10113447105915475,1.1116601282186853,1.808295297225757,0.06119792397016516,0.005467294797463838,8.920968949811469,4.290066843223645,3.634409324593926,0.2743977719290941,2.5877654761212074,0.3760300621124857,0.2808695452112385,1,0.0,1.0,0.0,0.0,0.0,0.6465497870620205,0.5279555579766273,0.0,0.0,0.9999999999999999,0.0,0.0,0.0,0.07354368100601343,0.0,0.15126160685607815,0.0,0.0,0.0,1.0,0.0031666666666666666,0.0,1.0,0.0,0.1,0.05,True,
0.6092231213961639,0.10113447105915475,1.1116601282186853,1.808295297225757,0.06119792397016516,0.005467294797463838,8.920968949811469,4.290066843223645,3.634409324593926,0.2743977719290941,2.5877654761212074,0.3760300621124857,0.2808695452112385,2,10.0,0.8999999999999998,17.82187175597801,11.485079565896607,1.1116601282186853,0.6531146426200419,13.783327629691247,0.16729609671090312,0.07614739409382816,1.5730227675735557,0.0,0.13333333333333333,0.5716863010036403,0.03257690335002743,0.0,0.0,0.13333333333333333,0.13333333333333333,0.0,1.0,0.0034999999999999996,0.0,1.0,0.0,0.13333333333333333,0.0,False,
0.7532760710588209,0.12404988102647133,1.197566493834648,1.167399667500801,0.04076964871934746,0.005848581628318666,10.302138460067404,2.6228664540830957,3.3792717917294883,0.3845690788895719,2.4306206252232334,0.4374276858884517,0.11740408811768523,0,32.0,0.6799999999999999,37.57416420021378,39.54420497537313,3.8322127802708748,1.084528126760223,56.26058293362264,0.3886381380538671,0.0,1.9143810065752223,0.0,0.06666666666666667,0.3414635722708234,0.021360782744246284,0.0,0.2739492736635808,0.13333333333333333,0.13333333333333333,0.0,1.0,0.004833333333333334,0.0,1.0,0.0,0.05555555555555555,0.011111111111111112,False,
0.7532760710588209,0.12404988102647133,1.197566493834648,1.167399667500801,0.04076964871934746,0.005848581628318666,10.302138460067404,2.6228664540830957,3.3792717917294883,0.3845690788895719,2.4306206252232334,0.4374276858884517,0.11740408811768523,1,22.0,0.7800000000000001,26.21461408391398,27.626038413083183,2.6346462864362246,1.0826309589201248,27.76019313454602,0.7984281727253099,0.005840220781301669,1.7385736273186163,0.0,0.06666666666666667,0.465869596419949,0.021144035181325533,0.0,0.23039883021367777,0.2,0.2,0.0,1.0,0.004888888888888889,0.0,1.0,0.0,0.06666666666666667,0.005555555555555556,False,
0.7532760710588209,0.12404988102647133,1.197566493834648,1.167399667500801,0.04076964871934746,0.005848581628318666,10.302138460067404,2.6228664540830957,3.3792717917294883,0.3845690788895719,2.4306206252232334,0.4374276858884517,0.11740408811768523,2,31.0,0.6900000000000002,36.46566501296116,38.92716596984281,3.7124561308874084,1.1008680642368252,49.74659558395765,0.08550679961769081,0.0,4.224046075503106,0.0,0.06666666666666667,0.39846435125779206,0.027484266762982715,0.0,0.28432181134340645,0.2,0.2,0.0,1.0,0.0055000000000000005,0.0011111111111111111,1.0,0.0,0.07777777777777778,0.016666666666666666,False,
0.7321827261785381,0.1221895483660329,1.3509945744747356,1.3192001879248445,0.05984754261733759,0.02243817033895363,6.431393570946243,2.272855596982964,1.7658391822749808,0.7791903747288561,1.793209166471304,0.4879433121358049,0.1355430980740684,0,50.03333333333333,0.49966666666666676,69.38681557018896,73.60931691532778,6.759476187621927,1.0811482244074466,30.22252732739569,1.1744753182096632,0.0,4.784417129665058,0.0,0.1,0.6562332726320871,0.02063565932573985,0.0,0.1722146457235808,0.23333333333333334,0.23333333333333334,0.0,1.0,0.0055000000000000005,0.0,1.0,0.0,0.1,0.005555555555555556,False,
0.7321827261785381,0.1221895483660329,1.3509945744747356,1.3192001879248445,0.05984754261733759,0.02243817033895363,6.431393570946243,2.272855596982964,1.7658391822749808,0.7791903747288561,1.793209166471304,0.4879433121358049,0.1355430980740684,1,33.0,0.6700000000000003,44.62337247049158,48.014695914108124,4.45828209576663,1.0946992021315873,27.3769460147333,1.399450610055493,0.0,4.137923411261155,0.0,0.1,0.6579597903924592,0.017171165504516077,0.0,0.21005278476523387,0.26666666666666666,0.26666666666666666,0.0,1.0,0.005444444444444444,0.0,1.0,0.0,0.08888888888888889,0.005555555555555556,False,
0.7321827261785381,0.1221895483660329,1.3509945744747356,1.3192001879248445,0.05984754261733759,0.02243817033895363,6.431393570946243,2.272855596982964,1.7658391822749808,0.7791903747288561,1.793209166471304,0.4879433121358049,0.1355430980740684,2,30.933333333333334,0.6906666666666669,41.34515969208315,45.02463708374242,4.179076550375183,1.1233200033822932,37.22615262123748,0.4141038984711901,0.0,5.370346214060081,0.0,0.13333333333333333,1.1082348718516921,0.01862894146878343,0.0,0.18900375340715886,0.4,0.4,0.0,1.0,0.006055555555555555,0.0,1.0,0.0,0.10555555555555556,0.005555555555555556,False,
0.8290528719899616,0.04495385053070714,0.950151031782498,1.8726637055146396,0.020514081255224137,0.023857886759288946,6.802175957090967,2.1028907632899845,1.6373992185340904,0.39687605684485916,2.719403498878097,0.42844502060259504,0.2747493023830919,0,78.0,0.21999999999999992,147.48127858193524,81.0134304576682,7.411178047903487,0.5597842046557912,21.056061703729096,0.0,0.0,3.222879992163494,0.0,0.0,0.0,0.0020095815413739998,0.0,0.0,0.0,0.0,0.0,1.0,0.002277777777777778,0.0,1.0,0.0,0.027777777777777776,0.0,False,
0.8290528719899616,0.04495385053070714,0.950151031782498,1.8726637055146396,0.020514081255224137,0.023857886759288946,6.802175957090967,2.1028907632899845,1.6373992185340904,0.39687605684485916,2.719403498878097,0.42844502060259504,0.2747493023830919,1,81.1,0.1889999999999999,152.94762747107598,83.93533530146016,7.705724867756061,0.5578944802880682,25.677213974795063,0.0,0.0,3.656963424444251,0.0,0.0,0.0,0.0027325799445464816,0.0,0.0,0.03333333333333333,0.03333333333333333,0.0,1.0,0.0024444444444444444,0.0,1.0,0.0,0.03888888888888889,0.0,False,
0.8290528719899616,0.04495385053070714,0.950151031782498,1.8726637055146396,0.020514081255224137,0.023857886759288946,6.802175957090967,2.1028907632899845,1.6373992185340904,0.39687605684485916,2.719403498878097,0.42844502060259504,0.2747493023830919,2,75.0,0.25,141.35629010118984,77.66905212358994,7.126132738368737,0.5640467547621032,29.305361340783275,0.0,0.0,4.4506578689411445,0.0,0.0,0.0,0.002246669285176313,0.0,0.0,0.0,0.0,0.0,1.0,0.002277777777777778,0.0,1.0,0.0,0.03333333333333333,0.0,False,
0.7395014471985164,0.07242199366627694,1.3042081137901502,1.5824925187482615,0.01336196251306668,0.02622966590639819,6.357204880614643,2.3494323734351803,4.778812657758146,0.40004826818335026,2.03965024180987,0.2601462159640836,0.3237410463182218,0,80.0,0.2,128.0061695020303,113.7284399801986,10.433664910321207,0.9055662619047331,28.371893041343544,0.0,0.0,3.6693968270216866,0.0,0.0,0.0,0.001722649575812872,0.0,0.0,0.06666666666666667,0.06666666666666667,0.0,1.0,0.0016111111111111111,0.0,1.0,0.0,0.022222222222222223,0.0,False,
0.7395014471985164,0.07242199366627694,1.3042081137901502,1.5824925187482615,0.01336196251306668,0.02622966590639819,6.357204880614643,2.3494323734351803,4.778812657758146,0.40004826818335026,2.03965024180987,0.2601462159640836,0.3237410463182218,1,82.0,0.18,130.6882595483324,117.09703379131156,10.694506533079231,0.9051906925659557,41.159611468911024,0.0,0.0,6.685446729827265,0.0,0.0,0.0,0.002795544398898729,0.0,0.0,0.0,0.0,0.0,1.0,0.0017777777777777779,0.0,1.0,0.0,0.03888888888888889,0.0,False,
0.7395014471985164,0.07242199366627694,1.3042081137901502,1.5824925187482615,0.01336196251306668,0.02622966590639819,6.357204880614643,2.3494323734351803,4.778812657758146,0.40004826818335026,2.03965024180987,0.2601462159640836,0.3237410463182218,2,84.66666666666667,0.15333333333333338,134.64490621376027,122.23821748710068,11.042295363423271,0.9198594009761262,42.33224306209906,0.0,0.0,7.100470236793078,0.0,0.0,0.0,0.0018216330110330864,0.0,0.0,0.0,0.0,0.0,1.0,0.0015555555555555557,0.0,1.0,0.0,0.027777777777777776,0.0,False,
0.7329229038370113,0.09014331628804914,0.9695563653783245,1.8671133518223963,0.025503347221090333,0.00806141760040657,5.451889930879873,3.3289557305541204,3.587470912878927,0.7327165067543007,1.7233530022157837,0.1881658133733824,0.1288999536308491,0,0.0,1.0,0.001105692873882324,0.0005987150233041818,0.0,0.5465697501128752,0.8686325396834528,0.00027566781584568095,0.0,0.07132833854064898,0.0,0.0,0.0,0.032614437854984184,0.0,0.11368353581641377,0.0,0.0,0.0,1.0,0.002833333333333333,0.0005555555555555556,1.0,0.0,0.07777777777777778,0.016666666666666666,True,
0.7329229038370113,0.09014331628804914,0.9695563653783245,1.8671133518223963,0.025503347221090333,0.00806141760040657,5.451889930879873,3.3289557305541204,3.587470912878927,0.7327165067543007,1.7233530022157837,0.1881658133733824,0.1288999536308491,1,10.0,0.8999999999999998,19.229741943408253,10.412663912715466,0.9695563653783243,0.5460576911825511,6.77361958965022,0.17812198555404635,0.0,1.2666073046731792,0.0,0.0,0.0,0.04596813198546307,0.0,0.12957261914472545,0.0,0.0,0.0,1.0,0.0028888888888888888,0.0,1.0,0.0,0.08888888888888889,0.027777777777777776,False,
0.7329229038370113,0.09014331628804914,0.9695563653783245,1.8671133518223963,0.025503347221090333,0.00806141760040657,5.451889930879873,3.3289557305541204,3.587470912878927,0.7327165067543007,1.7233530022157837,0.1881658133733824,0.1288999536308491,2,1.7666666666666666,0.9823333333333332,2.1257689799383086,1.1635529163381135,0.1809838548706206,0.5572130416963649,2.629910366575175,0.032826844323738266,2.3630548164660143,1.1423191003959132,0.0,0.13333333333333333,0.3782307175658507,0.0455229190125785,0.0,0.13681258373739505,0.26666666666666666,0.16666666666666666,0.1,1.0,0.003611111111111111,0.0027777777777777775,1.0,0.0,0.11666666666666667,0.027777777777777776,False,
0.577665472158074,0.08872355447121491,1.439414715668728,1.3618905340443108,0.057572716796120804,0.0013666712487666395,7.03371404472016,2.177325978510268,2.283766354858015,0.3083177684048856,1.7485069735039382,0.14632387013694975,0.2068267832962855,0,58.0,0.42000000000000004,80.13374686930798,91.37618719638229,8.348605350878621,1.1629615996566665,5.997856724387881,5.202416251496255,0.0,0.7748890098903203,0.0,0.0,0.0,0.004522721622370448,0.0,0.0,0.0,0.0,0.0,1.0,0.0031666666666666666,0.0,1.0,0.0,0.06111111111111111,0.0,False,
0.577665472158074,0.08872355447121491,1.439414715668728,1.3618905340443108,0.057572716796120804,0.0013666712487666395,7.03371404472016,2.177325978510268,2.283766354858015,0.3083177684048856,1.7485069735039382,0.14632387013694975,0.2068267832962855,1,60.0,0.40000000000000013,82.57521001118987,94.13754834819142,8.63648829401237,1.1540250208294673,26.224435168073104,6.8174398633728055,0.0,2.326989054610116,0.0,0.03333333333333333,0.29440766900432713,0.004601487430358594,0.0,0.0,0.1,0.1,0.0,1.0,0.003944444444444444,0.0,1.0,0.0,0.06111111111111111,0.0,False,
0.577665472158074,0.08872355447121491,1.439414715668728,1.3618905340443108,0.057572716796120804,0.0013666712487666395,7.03371404472016,2.177325978510268,2.283766354858015,0.3083177684048856,1.7485069735039382,0.14632387013694975,0.2068267832962855,2,60.0,0.40000000000000013,81.20400536939302,93.57173303166998,8.636488294012368,1.1746541698174704,39.4748348340069,5.677868335303699,0.0,5.950935418196745,0.0,0.03333333333333333,0.30323915717298716,0.004573180465285413,0.0,0.0,0.13333333333333333,0.13333333333333333,0.0,1.0,0.0034999999999999996,0.0005555555555555556,1.0,0.0,0.06666666666666667,0.0,False,
0.882252626161029,0.06457317881469213,1.2256133429071006,1.5531532767207965,0.07293304953809283,0.022951166191908522,11.325686578539822,4.614208724656457,2.6382087123076214,0.6141644117500303,2.3838639802384556,0.44460416788761026,0.20875149466324966,0,62.8,0.372,103.58554942021671,85.18100324611818,7.696851793456594,0.8342438634554675,51.99714541573763,0.0010432814009413772,0.0,3.808685160242637,0.0,0.36666666666666664,2.312202095861793,0.03756468375448591,0.0,1.5557073124302248,0.4666666666666667,0.4666666666666667,0.0,1.0,0.008055555555555555,0.0,1.0,0.0,0.22777777777777777,0.016666666666666666,False,
0.882252626161029,0.06457317881469213,1.2256133429071006,1.5531532767207965,0.07293304953809283,0.022951166191908522,11.325686578539822,4.614208724656457,2.6382087123076214,0.6141644117500303,2.3838639802384556,0.44460416788761026,0.20875149466324966,1,85.16666666666667,0.1483333333333334,134.63327040377794,114.3318067350238,10.438140303758809,0.8667289459705442,67.08625233117544,0.0,0.0,3.5831754472917576,0.0,0.23333333333333334,2.9290499116229807,0.035680887895275945,0.0,1.6803217409444704,0.5666666666666667,0.5666666666666667,0.0,1.0,0.009222222222222222,0.0,1.0,0.0,0.22777777777777777,0.016666666666666666,False,
0.882252626161029,0.06457317881469213,1.2256133429071006,1.5531532767207965,0.07293304953809283,0.022951166191908522,11.325686578539822,4.614208724656457,2.6382087123076214,0.6141644117500303,2.3838639802384556,0.44460416788761026,0.20875149466324966,2,18.0,0.8200000000000001,27.602149772259704,22.808157015614267,2.2061040172327813,0.8406362419097334,25.79211441732769,0.0,0.013808808400623146,2.2219617066397803,0.0,0.2,0.8929273040300686,0.03872643068342104,0.0,1.6294614290803098,0.2,0.2,0.0,1.0,0.007166666666666667,0.0,1.0,0.0,0.15555555555555556,0.011111111111111112,False,
0.5958094240004389,0.04117212698418288,1.4119192010055512,1.467166761185891,0.060469249929380825,0.006665550746313767,4.301379583748821,2.30049217888334,3.7077585431144975,0.5147008509652768,2.382300256463172,0.057356568754203474,0.24760404570936007,0,11.0,0.8900000000000001,16.231540514621997,16.269001693749896,1.5531111211061064,1.020615807070656,11.745880455579218,0.3040351287409641,0.11790674387314014,2.8231865840358865,0.0,0.06666666666666667,0.3672799107902229,0.020582702431949616,0.0,0.03696396716404234,0.13333333333333333,0.13333333333333333,0.0,1.0,0.003944444444444444,0.0,1.0,0.0,0.10555555555555556,0.005555555555555556,False,
0.5958094240004389,0.04117212698418288,1.4119192010055512,1.467166761185891,0.060469249929380825,0.006665550746313767,4.301379583748821,2.30049217888334,3.7077585431144975,0.5147008509652768,2.382300256463172,0.057356568754203474,0.24760404570936007,1,10.0,0.8999999999999998,14.337304177910942,14.756088339205446,1.4119192010055517,1.0299521610919191,9.520920876783027,0.2944429953913241,0.0376547897156021,1.7867198107999172,0.0,0.03333333333333333,0.20741246936981725,0.023450322336449152,0.0,0.062343489395785906,0.06666666666666667,0.06666666666666667,0.0,1.0,0.0037777777777777775,0.0,1.0,0.0,0.07222222222222222,0.011111111111111112,False,
0.5958094240004389,0.04117212698418288,1.4119192010055512,1.467166761185891,0.060469249929380825,0.006665550746313767,4.301379583748821,2.30049217888334,3.7077585431144975,0.5147008509652768,2.382300256463172,0.057356568754203474,0.24760404570936007,2,0.0,1.0,0.0,0.0,0.0,1.026410475037403,0.09866484032597712,0.0,0.0,1.0,0.0,0.0,0.0,0.056175500781518777,0.0,0.09009572042537967,0.0,0.0,0.0,1.0,0.003611111111111111,0.0,1.0,0.0,0.07777777777777778,0.03888888888888889,True,
0.9152806756926383,0.11090024757318048,0.9602808189363558,1.320335375875512,0.029207836575258928,0.012514564647793512,8.029682365041364,2.5865518676354387,3.1116419018090475,0.8668090811935968,1.1044465653709794,0.41787302473927623,0.2488049272399298,0,0.0,1.0,0.0,0.0,0.0,0.7676872917526464,0.004040888735950366,0.0,0.0,0.9999999999999999,0.0,0.0,0.0,0.058805480186472595,0.0,0.3511779590407957,0.0,0.0,0.0,1.0,0.005555555555555556,0.0,1.0,0.0,0.11666666666666667,0.07222222222222222,True,
0.9152806756926383,0.11090024757318048,0.9602808189363558,1.320335375875512,0.029207836575258928,0.012514564647793512,8.029682365041364,2.5865518676354387,3.1116419018090475,0.8668090811935968,1.1044465653709794,0.41787302473927623,0.2488049272399298,1,0.0,1.0,0.0,0.0,0.0,0.7665518346434477,0.0032983008389347946,0.0,0.0,1.0,0.0,0.0,0.0,0.06032712147775982,0.0,0.3860152506504342,0.0,0.0,0.0,1.0,0.005555555555555556,0.0,1.0,0.0,0.1111111111111111,0.09444444444444444,True,
0.9152806756926383,0.11090024757318048,0.9602808189363558,1.320335375875512,0.029207836575258928,0.012514564647793512,8.029682365041364,2.5865518676354387,3.1116419018090475,0.8668090811935968,1.1044465653709794,0.41787302473927623,0.2488049272399298,2,0.0,1.0,0.0,0.0,0.0,0.7776937008781591,0.004158914353768809,0.0,0.0,1.0,0.0,0.0,0.0,0.05735984105631489,0.0,0.3567160743497549,0.0,0.0,0.0,1.0,0.005555555555555556,0.0,1.0,0.0,0.11666666666666667,0.06111111111111111,True,
0.7499260798991529,0.12039798942021367,1.0425513979172447,1.3688928899961814,0.031412484433616085,0.017173640438661715,9.433314568184262,4.007188848026672,1.8109988732559537,0.5615486686705381,2.0615534211495885,0.45575746432012043,0.21489614845696514,0,0.0,1.0,0.0,0.0,0.0,0.8035748561861309,0.006387763881989449,0.0,0.0,1.0,0.0,0.0,0.0,0.055768533927996716,0.0,0.848539807119746,0.0,0.0,0.0,1.0,0.005222222222222223,0.0,1.0,0.0,0.08333333333333333,0.044444444444444446,True,
0.7499260798991529,0.12039798942021367,1.0425513979172447,1.3688928899961814,0.031412484433616085,0.017173640438661715,9.433314568184262,4.007188848026672,1.8109988732559537,0.5615486686705381,2.0615534211495885,0.45575746432012043,0.21489614845696514,1,10.0,0.8999999999999998,12.98728424103514,10.240850468915877,1.0425513979172447,0.8024427108342623,24.27890109649087,0.02252030414854125,0.0,2.637775377965837,0.0,0.06666666666666667,0.20069164640280143,0.03279039877542567,0.0,0.8850380607400715,0.06666666666666667,0.06666666666666667,0.0,1.0,0.005555555555555556,0.0,1.0,0.0,0.09444444444444444,0.022222222222222223,False,
0.7499260798991529,0.12039798942021367,1.0425513979172447,1.3688928899961814,0.031412484433616085,0.017173640438661715,9.433314568184262,4.007188848026672,1.8109988732559537,0.5615486686705381,2.0615534211495885,0.45575746432012043,0.21489614845696514,2,10.0,0.8999999999999998,13.056280189510112,10.410488543455,1.0425513979172447,0.8136220644396202,21.798236660372268,0.0,0.006115036547371204,2.4092599490673634,0.0,0.06666666666666667,0.2568746671799075,0.0403507337629815,0.0,0.9096647433955547,0.06666666666666667,0.06666666666666667,0.0,1.0,0.005444444444444444,0.0,1.0,0.0,0.07777777777777778,0.027777777777777776,False,
0.606104777391945,0.09883728820850181,1.400971165968643,1.294107188823891,0.05306941914742916,0.016708592332508404,10.172778083074094,3.966032968269678,3.845921834158629,0.49847773650873944,1.8547931890167428,0.2654443198675829,0.10114320021733829,0,33.0,0.6700000000000003,43.19402753377077,49.32028784429165,4.623204847696522,1.1677673729643392,46.70025730747069,3.0521414708662147,0.0,2.4635958721774966,0.0,0.13333333333333333,1.0096200632920342,0.026016414061358642,0.0,0.0,0.2,0.2,0.0,1.0,0.004055555555555555,0.0,1.0,0.0,0.15,0.0,False,
0.606104777391945,0.09883728820850181,1.400971165968643,1.294107188823891,0.05306941914742916,0.016708592332508404,10.172778083074094,3.966032968269678,3.845921834158629,0.49847773650873944,1.8547931890167428,0.2654443198675829,0.10114320021733829,1,33.0,0.6700000000000003,43.77050406159113,49.83521517450527,4.623204847696522,1.1563786463697396,42.31506697219016,3.182656887692133,0.0,4.365015801002268,0.0,0.23333333333333334,1.1674542714480254,0.028515371508696295,0.0,0.05519017660605479,0.23333333333333334,0.23333333333333334,0.0,1.0,0.0038888888888888888,0.0,1.0,0.0,0.17777777777777778,0.005555555555555556,False,
0.606104777391945,0.09883728820850181,1.400971165968643,1.294107188823891,0.05306941914742916,0.016708592332508404,10.172778083074094,3.966032968269678,3.845921834158629,0.49847773650873944,1.8547931890167428,0.2654443198675829,0.10114320021733829,2,30.366666666666667,0.6963333333333331,39.27628988813432,44.53509051522835,4.254282440658112,1.158207311293226,49.239184564372515,2.1111352728841344,0.0,4.386864216197121,0.0,0.13333333333333333,0.8406461919239205,0.033066005494176556,0.0,0.0,0.2,0.2,0.0,1.0,0.0041111111111111105,0.0,1.0,0.0,0.15,0.0,False,
0.8371414380603011,0.10606830018484086,1.3613932162801317,1.0905206051302023,0.017059873022039422,0.00990776776249672,10.691599315676685,2.252994562895406,2.4592159419196653,0.9212539114769971,1.4878713849006513,0.18894528134382393,0.11692757112809554,0,96.0,0.040000000000000036,105.41887692508946,138.52398655197265,13.069374876289261,1.3383617995300408,293.91710103447224,0.0,0.0,38.86963640810895,0.0,0.0,0.0,0.0,0.0,0.0,0.0,0.0,0.0,1.0,0.00022222222222222223,0.0,1.0,0.0,0.0,0.0,False,
0.8371414380603011,0.10606830018484086,1.3613932162801317,1.0905206051302023,0.017059873022039422,0.00990776776249672,10.691599315676685,2.252994562895406,2.4592159419196653,0.9212539114769971,1.4878713849006513,0.18894528134382393,0.11692757112809554,1,93.0,0.06999999999999992,102.35369371227385,134.4828137146297,12.66095691140522,1.3366777240652512,279.35689001089133,0.0,0.0,31.697448808671165,0.0,0.0,0.0,0.0,0.0,0.0,0.0,0.0,0.0,1.0,0.0003888888888888889,0.0,1.0,0.0,0.0,0.0,False,
0.8371414380603011,0.10606830018484086,1.3613932162801317,1.0905206051302023,0.017059873022039422,0.00990776776249672,10.691599315676685,2.252994562895406,2.4592159419196653,0.9212539114769971,1.4878713849006513,0.18894528134382393,0.11692757112809554,2,93.0,0.06999999999999992,101.19203424362735,134.35495510866258,12.66095691140522,1.3588575597504238,285.0956353700446,0.0,0.0,32.05642225773977,0.0,0.0,0.0,0.0,0.0,0.0,0.0,0.0,0.0,1.0,0.0003888888888888889,0.0,1.0,0.0,0.0,0.0,False,
0.601772361481093,0.03126562789311571,1.3529648663493836,1.8413442139537097,0.027346047439384118,0.022841552906255547,4.919917705723025,4.294013911621275,3.0074336398690864,0.5830006309733067,1.5317947941185905,0.12294026548094704,0.2529390994134161,0,21.0,0.7899999999999998,39.89311508189738,30.70828299628575,2.8412262193337066,0.7763773131615195,8.365054145034923,0.59076296663009,0.0,1.7118690158231908,0.0,0.0,0.0,0.01675675918533193,0.0,0.0,0.0,0.0,0.0,1.0,0.002111111111111111,0.0,1.0,0.0,0.1,0.0,False,
0.601772361481093,0.03126562789311571,1.3529648663493836,1.8413442139537097,0.027346047439384118,0.022841552906255547,4.919917705723025,4.294013911621275,3.0074336398690864,0.5830006309733067,1.5317947941185905,0.12294026548094704,0.2529390994134161,1,10.0,0.8999999999999998,19.23698750088773,14.746023653672598,1.3529648663493836,0.7727064641389499,7.659606234745137,0.25521696642467356,0.0,1.4392507305466729,0.0,0.0,0.0,0.022011131836261244,0.0,0.0,0.0,0.0,0.0,1.0,0.002277777777777778,0.0,1.0,0.0,0.1111111111111111,0.0,False,
0.601772361481093,0.03126562789311571,1.3529648663493836,1.8413442139537097,0.027346047439384118,0.022841552906255547,4.919917705723025,4.294013911621275,3.0074336398690864,0.5830006309733067,1.5317947941185905,0.12294026548094704,0.2529390994134161,2,10.0,0.8999999999999998,18.839945584481896,14.566835090825489,1.3529648663493836,0.7803965617700999,3.73844286263382,0.26570940188469855,0.015304907749158932,0.6792621037211869,0.0,0.03333333333333333,0.17028950701800882,0.02663462400989764,0.0,0.009943027503233129,0.06666666666666667,0.06666666666666667,0.0,1.0,0.002277777777777778,0.0,1.0,0.0,0.09444444444444444,0.005555555555555556,False,
0.6055623239753863,0.12135726234348886,1.1503601648233728,1.463241485672055,0.05215169150213808,0.006308232654185352,10.082804004453468,3.215523380102018,2.4665940961247026,0.6300410628479756,2.569742425216253,0.45469110308904337,0.17394170228225014,0,48.0,0.5199999999999999,71.1327040738919,59.94921763086733,5.521728791152188,0.8586474528533636,28.275974725213718,3.9552691925997943,0.008851792482201288,1.4449848400068261,0.0,0.03333333333333333,0.3373914984764122,0.012647378729477445,0.0,0.0,0.1,0.1,0.0,1.0,0.003333333333333333,0.0,1.0,0.0,0.08888888888888889,0.0,False,
0.6055623239753863,0.12135726234348886,1.1503601648233728,1.463241485672055,0.05215169150213808,0.006308232654185352,10.082804004453468,3.215523380102018,2.4665940961247026,0.6300410628479756,2.569742425216253,0.45469110308904337,0.17394170228225014,1,22.0,0.7800000000000001,32.8428576183206,26.96206070138525,2.5307923626114204,0.8369853162992817,29.350143559782236,2.6831793051626605,0.0,2.9442035554481683,0.0,0.16666666666666666,0.6480111722626126,0.020080806061786687,0.0,0.0,0.2,0.2,0.0,1.0,0.0038333333333333336,0.0,1.0,0.0,0.14444444444444443,0.0,False,
0.6055623239753863,0.12135726234348886,1.1503601648233728,1.463241485672055,0.05215169150213808,0.006308232654185352,10.082804004453468,3.215523380102018,2.4665940961247026,0.6300410628479756,2.569742425216253,0.45469110308904337,0.17394170228225014,2,54.0,0.46000000000000013,78.75935106270256,67.36205598331782,6.211944890046216,0.8684898671385065,39.91402723976839,4.483699184272051,0.0,3.6152494722740793,0.0,0.1,0.680113841159406,0.011890349705593467,0.0,0.0,0.2,0.2,0.0,1.0,0.003611111111111111,0.0,1.0,0.0,0.11666666666666667,0.0,False,
0.8017465986426346,0.08743313076043754,0.9962350815504983,1.080407527775753,0.03441350764022873,0.010607633256900319,11.382215279151016,2.6597298120478694,3.8602571023413685,0.447749676332723,2.7089590787091966,0.4368333341020354,0.1460819554262376,0,11.0,0.8900000000000001,11.759511614191075,11.049131795415796,1.0958585897055486,0.9760355531239526,6.273028189073707,0.0245135281797381,0.0,0.38890541716725896,0.0,0.0,0.0,0.03681630988329296,0.0,0.3492728028139303,0.0,0.0,0.0,1.0,0.005222222222222223,0.0,1.0,0.0,0.044444444444444446,0.027777777777777776,False,
0.8017465986426346,0.08743313076043754,0.9962350815504983,1.080407527775753,0.03441350764022873,0.010607633256900319,11.382215279151016,2.6597298120478694,3.8602571023413685,0.447749676332723,2.7089590787091966,0.4368333341020354,0.1460819554262376,1,12.0,0.8799999999999998,12.49320085974529,11.762442987095385,1.195482097860598,0.9741344892126814,14.204260795324625,0.03289191361369699,0.0,0.8641232773950211,0.0,0.0,0.0,0.03743083723069021,0.0,0.35983161726754376,0.03333333333333333,0.03333333333333333,0.0,1.0,0.005555555555555556,0.0,1.0,0.0,0.05555555555555555,0.03333333333333333,False,
0.8017465986426346,0.08743313076043754,0.9962350815504983,1.080407527775753,0.03441350764022873,0.010607633256900319,11.382215279151016,2.6597298120478694,3.8602571023413685,0.447749676332723,2.7089590787091966,0.4368333341020354,0.1460819554262376,2,19.066666666666666,0.8093333333333331,19.598309326619997,18.71293386635795,1.8994882221562832,0.9921879625915371,47.7337022030333,0.025473608962450687,0.0,3.0580175492177357,0.0,0.0,0.0,0.0347572000201635,0.0,0.3434457569599848,0.06666666666666667,0.06666666666666667,0.0,1.0,0.005555555555555556,0.0011111111111111111,1.0,0.0,0.05555555555555555,0.016666666666666666,False,
0.6345271276034724,0.03114596714600317,1.1957751804958403,1.8550725905486396,0.07260758461754506,0.02427319538732364,7.8430272412072295,2.8917134787086356,2.0008550418072137,0.8102338280378522,1.6706289259806812,0.04027693679932061,0.08973669810851619,0,21.0,0.7899999999999998,39.556638020777086,27.19664818844526,2.5111278790412643,0.6942592712503551,15.415385948065913,0.844376092713198,0.0,2.1008848973442382,0.0,0.2,0.6124947533592866,0.025158947884286628,0.0,0.0,0.2,0.2,0.0,1.0,0.004055555555555555,0.0,1.0,0.0,0.18333333333333332,0.0,False,
0.6345271276034724,0.03114596714600317,1.1957751804958403,1.8550725905486396,0.07260758461754506,0.02427319538732364,7.8430272412072295,2.8917134787086356,2.0008550418072137,0.8102338280378522,1.6706289259806812,0.04027693679932061,0.08973669810851619,1,22.0,0.7800000000000001,40.947325956571326,28.047342061360617,2.630705397090849,0.6922523049793624,18.00146595798487,0.8715041052036807,0.0,2.446580493923737,0.0,0.2,0.6217316866249799,0.024970247067105347,0.0,0.007108854452171107,0.2,0.2,0.0,1.0,0.0038333333333333336,0.0,1.0,0.0,0.15,0.005555555555555556,False,
0.6345271276034724,0.03114596714600317,1.1957751804958403,1.8550725905486396,0.07260758461754506,0.02427319538732364,7.8430272412072295,2.8917134787086356,2.0008550418072137,0.8102338280378522,1.6706289259806812,0.04027693679932061,0.08973669810851619,2,20.0,0.8000000000000003,36.92806626926572,25.578235050819398,2.391550360991681,0.6965272809089739,18.46387871029808,0.7942849936658564,0.0,2.5348595889169117,0.0,0.23333333333333334,0.7151784864885222,0.02424801585247858,0.0,0.02176559709928795,0.23333333333333334,0.23333333333333334,0.0,1.0,0.0037777777777777775,0.0,1.0,0.0,0.12777777777777777,0.005555555555555556,False,
0.8164143977601273,0.053988996019654206,1.343436747995462,1.779411839044196,0.03651434721687401,0.027122234075951265,5.627594634009143,2.6317619718385017,4.164301958286149,0.9233216339420544,1.8998599561004728,0.17335629609353906,0.156232838251782,0,10.0,0.8999999999999998,17.682543232016208,13.902119940153423,1.3434367479954619,0.7948895247975751,14.939077065291732,0.06970221113833183,0.0,2.6906946116538304,0.0,0.0,0.0,0.036208718146359294,0.0,0.27211936880230786,0.0,0.0,0.0,1.0,0.0044444444444444444,0.0,1.0,0.0,0.10555555555555556,0.022222222222222223,False,
0.8164143977601273,0.053988996019654206,1.343436747995462,1.779411839044196,0.03651434721687401,0.027122234075951265,5.627594634009143,2.6317619718385017,4.164301958286149,0.9233216339420544,1.8998599561004728,0.17335629609353906,0.156232838251782,1,10.0,0.8999999999999998,18.212033679781264,14.320116836033499,1.3434367479954619,0.7940970333762574,5.5653245808286975,0.06894158127528845,0.0,0.7773262002302561,0.0,0.0,0.0,0.020278438291324724,0.0,0.34261038798456966,0.0,0.0,0.0,1.0,0.0044444444444444444,0.0,1.0,0.0,0.07222222222222222,0.011111111111111112,False,
0.8164143977601273,0.053988996019654206,1.343436747995462,1.779411839044196,0.03651434721687401,0.027122234075951265,5.627594634009143,2.6317619718385017,4.164301958286149,0.9233216339420544,1.8998599561004728,0.17335629609353906,0.156232838251782,2,10.0,0.8999999999999998,17.779450086870657,14.104056942887516,1.3434367479954619,0.8023054067635386,6.232684860542744,0.05873066414232975,0.0,1.111961556106613,0.0,0.0,0.0,0.03391853723223247,0.0,0.25425899977442307,0.0,0.0,0.0,1.0,0.004388888888888889,0.0,1.0,0.0,0.1111111111111111,0.016666666666666666,False,
0.7135772629254804,0.08327825748521236,0.9106653771296288,1.6751783181787607,0.040908453949323506,0.009587414204014974,5.539884130363075,3.134922459317451,4.7924859943717975,0.7910452259447371,1.0174362325026998,0.2152836021590737,0.09196928010220387,0,20.0,0.8000000000000003,34.476335771555306,19.9279974588322,1.8213307542592578,0.5787083554107738,2.835194323951547,0.4663110458366404,0.0,0.2936904815330249,0.0,0.0,0.0,0.016285518270810484,0.0,0.045423912688758276,0.0,0.0,0.0,1.0,0.002722222222222222,0.0,1.0,0.0,0.03888888888888889,0.011111111111111112,False,
0.7135772629254804,0.08327825748521236,0.9106653771296288,1.6751783181787607,0.040908453949323506,0.009587414204014974,5.539884130363075,3.134922459317451,4.7924859943717975,0.7910452259447371,1.0174362325026998,0.2152836021590737,0.09196928010220387,1,20.0,0.8000000000000003,33.667861632777154,19.485175730617456,1.8213307542592578,0.5803237396655281,16.613640919850553,0.4486939205205461,0.0,2.7391304574598676,0.0,0.0,0.0,0.016260180144085448,0.0,0.03222948212046511,0.03333333333333333,0.03333333333333333,0.0,1.0,0.0028888888888888888,0.0,1.0,0.0,0.05,0.011111111111111112,False,
0.7135772629254804,0.08327825748521236,0.9106653771296288,1.6751783181787607,0.040908453949323506,0.009587414204014974,5.539884130363075,3.134922459317451,4.7924859943717975,0.7910452259447371,1.0174362325026998,0.2152836021590737,0.09196928010220387,2,30.0,0.6999999999999997,50.557694567960766,29.563460152712647,2.7319961313888856,0.5879780714240503,19.598800138152644,0.5794528571836165,0.0017981836458998682,3.005647617718624,0.0,0.06666666666666667,0.4318413482080163,0.015879064128343626,0.0,0.12209278245184207,0.2,0.2,0.0,1.0,0.003388888888888889,0.0,1.0,0.0,0.05555555555555555,0.011111111111111112,False,
0.6035776321965022,0.033124648478811365,1.1678030936008024,1.8828541869023006,0.046840344513222415,0.015019129648485074,7.631272038235862,3.8251970406030686,4.761527464395755,0.7685582673522741,2.462362247755481,0.26894591806150214,0.15176293323516463,0,21.0,0.7899999999999998,40.778396665159725,26.633128802344945,2.4523864965616857,0.6608652175662897,27.36887219058587,0.8386406270280121,0.011618766719674978,3.441133472565144,0.0,0.1,0.799233257493396,0.0206712619773035,0.0,0.12925486922992466,0.16666666666666666,0.16666666666666666,0.0,1.0,0.0029444444444444444,0.0,1.0,0.0,0.06666666666666667,0.011111111111111112,False,
0.6035776321965022,0.033124648478811365,1.1678030936008024,1.8828541869023006,0.046840344513222415,0.015019129648485074,7.631272038235862,3.8251970406030686,4.761527464395755,0.7685582673522741,2.462362247755481,0.26894591806150214,0.15176293323516463,1,22.0,0.7800000000000001,42.52321552168293,27.79663794973239,2.569166805921766,0.6618845064309322,27.77480511107226,0.8212105455026795,0.0,3.8379860990743015,0.0,0.16666666666666666,0.6597219646814773,0.029361486103048097,0.0,0.1842237281378387,0.16666666666666666,0.16666666666666666,0.0,1.0,0.003388888888888889,0.0,1.0,0.0,0.1,0.016666666666666666,False,
0.6035776321965022,0.033124648478811365,1.1678030936008024,1.8828541869023006,0.046840344513222415,0.015019129648485074,7.631272038235862,3.8251970406030686,4.761527464395755,0.7685582673522741,2.462362247755481,0.26894591806150214,0.15176293323516463,2,10.0,0.8999999999999998,18.106628320131794,11.782163681127207,1.1678030936008024,0.6585216567931587,16.31298176573255,0.3893180348059398,0.006912519819993992,2.1866189629884514,0.0,0.06666666666666667,0.23816253582182004,0.03183130687339441,0.0,0.1877298838423751,0.06666666666666667,0.06666666666666667,0.0,1.0,0.0031666666666666666,0.0,1.0,0.0,0.08888888888888889,0.011111111111111112,False,
0.6115191199901441,0.08427014706878902,1.0668201186687318,1.2213326989422306,0.022945253522151904,0.001895045657938339,7.737147976290821,4.669842969658813,1.8549272769936425,0.5716273353377176,2.354392862281067,0.12850533717421458,0.07602275271008463,0,27.0,0.7300000000000001,34.529589194924554,31.022500175469723,2.8804143204055768,0.9228785806882944,12.08876051330688,1.589701891997694,0.0,1.607936468100116,0.0,0.0,0.0,0.014522968542777154,0.0,0.32441373875051155,0.0,0.0,0.0,1.0,0.0024444444444444444,0.0005555555555555556,1.0,0.0,0.03888888888888889,0.005555555555555556,False,
0.6115191199901441,0.08427014706878902,1.0668201186687318,1.2213326989422306,0.022945253522151904,0.001895045657938339,7.737147976290821,4.669842969658813,1.8549272769936425,0.5716273353377176,2.354392862281067,0.12850533717421458,0.07602275271008463,1,22.933333333333334,0.7706666666666667,29.845233702546043,26.84363171042035,2.4465741388136255,0.9213611869793493,13.699694371258014,1.8195065597375597,0.016837202839756576,1.9920845636538926,0.0,0.03333333333333333,0.1917392456773852,0.015486488957664505,0.0,0.16703691945478147,0.03333333333333333,0.03333333333333333,0.0,1.0,0.0022222222222222222,0.0,1.0,0.0,0.03333333333333333,0.011111111111111112,False,
0.6115191199901441,0.08427014706878902,1.0668201186687318,1.2213326989422306,0.022945253522151904,0.001895045657938339,7.737147976290821,4.669842969658813,1.8549272769936425,0.5716273353377176,2.354392862281067,0.12850533717421458,0.07602275271008463,2,29.933333333333334,0.7006666666666669,38.211426388954564,34.79529291529496,3.1933482218817386,0.9360557558716588,11.738028945903256,1.5363494321806503,0.3414261736975323,1.600694226662194,0.0,0.0,0.0,0.020639274880562223,0.0,0.34428896230011513,0.0,0.0,0.0,1.0,0.0025,0.0005555555555555556,1.0,0.0,0.03333333333333333,0.016666666666666666,False,
0.8269775956412424,0.060232223179957065,1.2281984285461738,1.1838091902296546,0.03756147217671654,0.02616810626593285,7.183430718516822,2.3423656443986483,2.5115241931497714,0.8913061867164167,1.7853917404903594,0.05531389409080023,0.22150914762430726,0,2.966666666666667,0.9703333333333333,2.212684387595073,2.390036904618212,0.3930234971347755,1.1006664749963337,16.36130906341355,0.006934405022131337,3.6261871204773604,3.473626384716028,0.0,0.16666666666666666,1.2869904690676843,0.05731222091168367,0.0,0.32964834137184024,0.8666666666666667,0.7333333333333333,0.13333333333333333,1.0,0.0085,0.0077777777777777776,1.0,0.0,0.21666666666666667,0.03333333333333333,False,
0.8269775956412424,0.060232223179957065,1.2281984285461738,1.1838091902296546,0.03756147217671654,0.02616810626593285,7.183430718516822,2.3423656443986483,2.5115241931497714,0.8913061867164167,1.7853917404903594,0.05531389409080023,0.22150914762430726,1,3.1,0.969,3.1090741875470185,3.3532222779885212,0.4012114866584168,1.0981895418826157,22.300718109890525,0.001916751315170801,3.6014054202896735,5.282333263363672,0.0,0.16666666666666666,1.413064080302219,0.06603806553682112,0.0,0.3085713445853267,0.7333333333333333,0.6,0.13333333333333333,1.0,0.008333333333333333,0.0077777777777777776,1.0,0.0,0.24444444444444444,0.03333333333333333,False,
0.8269775956412424,0.060232223179957065,1.2281984285461738,1.1838091902296546,0.03756147217671654,0.02616810626593285,7.183430718516822,2.3423656443986483,2.5115241931497714,0.8913061867164167,1.7853917404903594,0.05531389409080023,0.22150914762430726,2,0.0,1.0,0.0,0.0,0.0,1.1128797051670238,0.010066458928886681,0.0,0.0,1.0,0.0,0.0,0.0,0.06308947973104657,0.0,0.33801516748148297,0.0,0.0,0.0,1.0,0.005555555555555556,0.0,1.0,0.0,0.12222222222222222,0.05,True,
0.6179667728060634,0.08831799501222336,1.0639780493763775,1.123593389728244,0.02428504938866744,0.025540581556636608,5.3418409942192895,4.093985170698161,3.297381201880037,0.2796663483141506,1.4675699789457113,0.14005259399284684,0.13996918806907427,0,28.2,0.7180000000000001,28.625858321083584,28.03239700358061,3.0004180992413847,1.0016961719877426,92.77822571667618,1.0239279277031865,0.0,1.6529403429950769,0.0,0.3,0.9861222068077603,0.00908374186728244,0.0,0.0,0.3,0.3,0.0,1.0,0.0016666666666666666,0.0,1.0,0.0,0.09444444444444444,0.0,False,
0.6179667728060634,0.08831799501222336,1.0639780493763775,1.123593389728244,0.02428504938866744,0.025540581556636608,5.3418409942192895,4.093985170698161,3.297381201880037,0.2796663483141506,1.4675699789457113,0.14005259399284684,0.13996918806907427,1,33.86666666666667,0.6613333333333333,36.644358294154145,35.89619137093825,3.603338993887998,0.9998487659030775,83.9270710356545,1.4685939976332427,0.0,2.2313166177924058,0.0,0.06666666666666667,0.22916799236833935,0.003941525419022602,0.0,0.0,0.06666666666666667,0.06666666666666667,0.0,1.0,0.0012222222222222222,0.0,1.0,0.0,0.044444444444444446,0.0,False,
0.6179667728060634,0.08831799501222336,1.0639780493763775,1.123593389728244,0.02428504938866744,0.025540581556636608,5.3418409942192895,4.093985170698161,3.297381201880037,0.2796663483141506,1.4675699789457113,0.14005259399284684,0.13996918806907427,2,36.6,0.6339999999999998,38.562943193055155,38.279049905014304,3.8941596607175417,1.0174996401875873,78.36710024172402,1.2545583007505372,0.0,2.240970071600958,0.0,0.2,0.6964301665692001,0.0037311555426896895,0.0,0.0,0.2,0.2,0.0,1.0,0.0011666666666666668,0.0,1.0,0.0,0.044444444444444446,0.0,False,
0.7506630775411425,0.0838356405120434,0.974950487584083,0.97617562230644,0.0520237802712572,0.01139282766998468,6.162518404064825,4.796378282428179,2.696085203576303,0.7361498592096278,1.2130967354562974,0.2745482155340861,0.28606637296970583,0,0.0,1.0,0.0,0.0,0.0,1.0592012387948133,0.13752840832107605,0.0,0.0,1.0,0.0,0.0,0.0,0.07432201123240414,0.0,0.8938261922216736,0.0,0.0,0.0,1.0,0.005222222222222223,0.0,1.0,0.0,0.08333333333333333,0.10555555555555556,True,
0.7506630775411425,0.0838356405120434,0.974950487584083,0.97617562230644,0.0520237802712572,0.01139282766998468,6.162518404064825,4.796378282428179,2.696085203576303,0.7361498592096278,1.2130967354562974,0.2745482155340861,0.28606637296970583,1,0.0,1.0,0.0,0.0,0.0,1.056820104535531,0.05358006058780494,0.0,0.0,1.0000000000000004,0.0,0.0,0.0,0.06540333327876073,0.0,0.956969156528772,0.0,0.0,0.0,1.0,0.005388888888888888,0.0,1.0,0.0,0.07222222222222222,0.12222222222222222,True,
0.7506630775411425,0.0838356405120434,0.974950487584083,0.97617562230644,0.0520237802712572,0.01139282766998468,6.162518404064825,4.796378282428179,2.696085203576303,0.7361498592096278,1.2130967354562974,0.2745482155340861,0.28606637296970583,2,0.0,1.0,0.0,0.0,0.0,1.0790983875523037,0.1165620726843915,0.0,0.0,1.0000000000000004,0.0,0.0,0.0,0.05581464856064769,0.0,0.9420172669688469,0.0,0.0,0.0,1.0,0.005277777777777778,0.0,1.0,0.0,0.06111111111111111,0.12222222222222222,True,
0.639832447826303,0.1136918401686556,1.119032897837537,1.8523769572364217,0.06330822842118308,0.019539020205185605,9.01214045598801,3.7212250949878207,3.4759706404884874,0.36131602679969765,2.4371567447128877,0.4482546232958877,0.19787941133893763,0,21.0,0.7899999999999998,39.526082673610034,25.227668598230448,2.349969085458828,0.6462522380067189,16.34408236187773,1.6190779125986112,0.008084921668268942,1.8876083313844374,0.0,0.1,0.49848858880455155,0.026196398370736475,0.0,0.0,0.13333333333333333,0.13333333333333333,0.0,1.0,0.0038888888888888888,0.0,1.0,0.0,0.15555555555555556,0.0,False,
0.639832447826303,0.1136918401686556,1.119032897837537,1.8523769572364217,0.06330822842118308,0.019539020205185605,9.01214045598801,3.7212250949878207,3.4759706404884874,0.36131602679969765,2.4371567447128877,0.4482546232958877,0.19787941133893763,1,10.0,0.8999999999999998,18.44951434511338,11.674160145681178,1.1190328978375372,0.6380992597149363,16.284965170543934,0.9713342389208542,0.015264520488822653,1.862623309203515,0.0,0.1,0.4701755171111302,0.03681489274456193,0.0,0.006350117051700139,0.13333333333333333,0.13333333333333333,0.0,1.0,0.003611111111111111,0.0,1.0,0.0,0.1388888888888889,0.005555555555555556,False,
0.639832447826303,0.1136918401686556,1.119032897837537,1.8523769572364217,0.06330822842118308,0.019539020205185605,9.01214045598801,3.7212250949878207,3.4759706404884874,0.36131602679969765,2.4371567447128877,0.4482546232958877,0.19787941133893763,2,18.0,0.8200000000000001,33.52733366280633,21.657872331846065,2.0142592161075674,0.6581574241191113,23.07945290957571,1.4963292098447745,0.0015299787139004678,2.755967823809861,0.0,0.23333333333333334,0.9816398911541244,0.02930405112473395,0.0,0.0,0.26666666666666666,0.26666666666666666,0.0,1.0,0.004333333333333333,0.0,1.0,0.0,0.23333333333333334,0.0,False,
0.7156506202333697,0.10496813524551281,1.1993310724795625,1.8115931771391818,0.071295593472346,0.02047908053115026,7.677346422336916,2.6872467087593095,2.1854475084594385,0.6901691567519304,1.4582579677720704,0.4871086305645961,0.06962222620500629,0,31.266666666666666,0.6873333333333332,57.58336554045502,40.399793405799116,3.7499084866194323,0.7087481646309887,20.583002554324032,0.6859738614650845,0.0,1.5128269363565445,0.0,0.13333333333333333,0.7752856360272254,0.02218600748211664,0.0,0.0,0.26666666666666666,0.26666666666666666,0.0,1.0,0.005,0.0,1.0,0.0,0.18333333333333332,0.0,False,
0.7156506202333697,0.10496813524551281,1.1993310724795625,1.8115931771391818,0.071295593472346,0.02047908053115026,7.677346422336916,2.6872467087593095,2.1854475084594385,0.6901691567519304,1.4582579677720704,0.4871086305645961,0.06962222620500629,1,32.0,0.6799999999999999,59.06395459768744,41.722164688684266,3.8378594319346004,0.714011594314688,17.634604880015235,0.6577157545754712,0.0,0.9794042047858279,0.0,0.13333333333333333,0.7722068164441486,0.02118556365079976,0.0,0.0,0.26666666666666666,0.26666666666666666,0.0,1.0,0.004555555555555556,0.0,1.0,0.0,0.1388888888888889,0.0,False,
0.7156506202333697,0.10496813524551281,1.1993310724795625,1.8115931771391818,0.071295593472346,0.02047908053115026,7.677346422336916,2.6872467087593095,2.1854475084594385,0.6901691567519304,1.4582579677720704,0.4871086305645961,0.06962222620500629,2,30.0,0.6999999999999997,53.8688837072617,38.91698940132242,3.5979932174386864,0.7252139576415156,21.54110063429603,0.6586222712309818,0.005957658071623756,2.1763813374090843,0.0,0.16666666666666666,1.154302358836798,0.02676817092848347,0.0,0.04051045338267655,0.4,0.4,0.0,1.0,0.0055000000000000005,0.0,1.0,0.0,0.16111111111111112,0.005555555555555556,False,
0.893966069433466,0.05574196332314952,1.2069921105679153,1.177386677861711,0.04151764656859107,0.0023368208933991458,7.592101205079842,4.341531849134825,4.639602348597386,0.9253608769128319,1.8327363322316765,0.3034491181641322,0.32222580239748466,0,0.0,1.0,0.0,0.0,0.0,1.0836588335153376,0.034271329327580966,0.0,0.0,1.0,0.0,0.0,0.0,0.05190872543304063,0.0,1.317597005253161,0.0,0.0,0.0,1.0,0.005555555555555556,0.0,1.0,0.0,0.05555555555555555,0.11666666666666667,True,
0.893966069433466,0.05574196332314952,1.2069921105679153,1.177386677861711,0.04151764656859107,0.0023368208933991458,7.592101205079842,4.341531849134825,4.639602348597386,0.9253608769128319,1.8327363322316765,0.3034491181641322,0.32222580239748466,1,0.0,1.0,0.0,0.0,0.0,1.0817852834913435,0.051196129875480126,0.0,0.0,1.0,0.0,0.0,0.0,0.0597525250264384,0.0,1.2919903162642408,0.0,0.0,0.0,1.0,0.005555555555555556,0.0,1.0,0.0,0.06666666666666667,0.09444444444444444,True,
0.893966069433466,0.05574196332314952,1.2069921105679153,1.177386677861711,0.04151764656859107,0.0023368208933991458,7.592101205079842,4.341531849134825,4.639602348597386,0.9253608769128319,1.8327363322316765,0.3034491181641322,0.32222580239748466,2,0.0,1.0,0.0,0.0,0.0,1.0998201888656682,0.050216886286430513,0.0,0.0,1.0,0.0,0.0,0.0,0.05923053328979228,0.0,1.2900738008045995,0.0,0.0,0.0,1.0,0.005555555555555556,0.0,1.0,0.0,0.06666666666666667,0.11666666666666667,True,
