,Employment,UnemploymentRate,WageBill,Output,Production,Consumption,Transfers,HH_Deposit,HH_Debt,Firm_Debt,Firm_Cash,Inventories,AvgPrice,Bank_Equity,Bank_Loans,Bank_Deposits,BankFailed,BankResolved,BankResolutionAmount,BankResolutionHaircut,BankBailedOut,BankBailoutAmount,Defaults,DefaultsHH,DefaultsFirm,BalanceOK
0,58,0.42000000000000004,65.6716203037186,84.08865355050344,84.08865355050344,182.78971573524186,6.582907989938056,15.293537360371669,18.66683678109113,12.499773780490646,79.56616210680112,0.0,0.9013560588422296,50.0,31.166610561581777,94.85969946717279,False,False,0.0,0.0,False,0.0,0,0,0,True
1,60,0.4,68.02670386749661,87.35734746763046,87.35734746763046,112.21502895698674,6.809904817177298,4.675961015093137,45.734244994983236,12.387812825251203,83.08732636708369,0.0,0.9013560588422296,50.0,58.12205782023444,87.76328738217683,False,False,0.0,0.0,False,0.0,0,0,0,True
2,61,0.39,69.13383792188195,89.09117773713827,89.09117773713827,104.59066659600089,6.92340323079692,2.316788058924664,72.73854986779808,11.843696047360002,86.38888323681552,0.0,0.9013560588422296,50.0,84.58224591515808,88.70567129574017,False,False,0.0,0.0,False,0.0,0,0,0,True
3,65,0.35,73.38184804695636,95.01797645205562,95.01797645205562,104.40233828819122,7.377396885275405,1.561413934559656,96.96010676603747,12.32531968380596,91.49499762047546,0.0,0.9013560588422296,50.0,109.28542644984343,93.05641155503511,False,False,0.0,0.0,False,0.0,0,0,0,True
4,69,0.31000000000000005,77.94167490956058,100.98147043877877,100.98147043877877,105.64251693740181,7.83139053975389,1.2793861618441724,118.32932347979167,11.972980918769697,96.20518203046427,0.0,0.9013560588422296,50.0,130.30230439856138,97.48456819230844,False,False,0.0,0.0,False,0.0,0,0,0,True
5,70,0.30000000000000004,79.44888953373513,102.35700087633079,102.35700087633079,102.25821115775729,7.944888953373512,1.2177267530032985,135.30834140036742,9.916468996180043,98.72740718229832,0.0,0.9013560588422296,50.0,145.22481039654747,99.94513393530163,False,False,0.0,0.0,False,0.0,0,0,0,True
6,70,0.30000000000000004,79.44888953373513,101.81459449481848,102.35700087633079,97.24142124851348,7.944888953373512,1.19563491715846,147.62349264903347,7.780786034685752,100.6594633123454,0.542406381512313,0.9013560588422296,50.0,155.4042786837192,101.85509822950385,False,False,0.0,0.0,False,0.0,0,0,0,True
7,72,0.28,81.47668298836871,104.82956700982986,105.62569479345781,96.40328831954754,8.171885780612755,1.1586271165149458,157.0581444529547,6.340878659280978,103.73215315199818,1.3385341651402776,0.9013560588422296,50.0,163.39902311223568,104.89078026851313,False,False,0.0,0.0,False,0.0,0,0,0,True
8,72,0.28,81.71885780612755,103.87575224592385,105.62569479345781,94.26370514143525,8.171885780612755,1.1557182084747704,164.31927815411544,4.070079417537478,104.6041245654514,3.088476712674238,0.9013560588422296,50.0,168.3893575716529,105.75984277392617,False,False,0.0,0.0,False,0.0,0,0,0,True
9,72,0.28,81.71885780612755,102.66596922667739,105.62569479345781,92.16332023939682,8.171885780612755,1.1534543862620306,169.61486425044743,1.9033651106963099,104.53136732048011,6.048202279454665,0.9013560588422296,50.0,171.51822936114374,105.68482170674214,False,False,0.0,0.0,False,0.0,0,0,0,True
10,72,0.28,81.67894641275598,101.10726751666402,105.62569479345781,89.90986038521605,8.171885780612755,1.1497990629717765,172.79347052040433,0.2540779955358794,103.60368402587527,10.566629556248449,0.9013560588422296,50.0,173.0475485159402,104.75348308884705,False,False,0.0,0.0,False,0.0,0,0,0,True
11,72,0.28,81.61762506769651,100.07751833101969,105.62569479345781,88.83819962727564,8.171885780612755,1.1450900983753023,175.0195520679589,0.16766636258723144,103.28672058393506,16.11480601868657,0.9013560588422296,50.0,175.18721843054612,104.43181068231037,False,False,0.0,0.0,False,0.0,0,0,0,True
12,72,0.28,81.58749187099907,99.51705979781158,105.62569479345781,88.34068402250949,8.171885780612755,1.142783416997753,176.82166636399342,0.14266043843988796,102.30585316946804,22.223441014332806,0.9013560588422296,50.0,176.9643268024333,103.4486365864658,False,False,0.0,0.0,False,0.0,0,0,0,True
13,71,0.29000000000000004,80.39130166352858,98.63310886701888,104.2501643559058,86.90324374526351,8.058387366993134,1.133492182505752,178.52223690262898,0.1668964892112843,101.3989742091226,27.84049650321972,0.8931415699813725,50.0,178.68913339184027,102.53246639162835,False,False,0.0,0.0,False,0.0,0,0,0,True
14,72,0.28,81.47525956978441,100.34850618099509,105.62569479345781,88.41463877892741,8.171885780612755,1.1148798838340992,180.5587377294462,0.33006345742471965,101.18815984311874,33.117685115682455,0.8931415699813725,50.0,180.88880118687092,102.30303972695283,False,False,0.0,0.0,False,0.0,0,0,0,True
15,72,0.28,81.5058783717377,100.53412828222329,105.62569479345781,88.00848703829062,8.171885780612755,1.1199395858661694,182.21961181206782,0.3557255833570412,100.38829946109819,38.20925162691699,0.8847219542558392,50.0,182.57533739542487,101.50823904696435,False,False,0.0,0.0,False,0.0,0,0,0,True
16,71,0.29000000000000004,80.54605195946958,99.89613731127119,104.09083114583859,86.96519416553633,8.058387366993134,1.1222848163907757,183.93838388679995,0.10066316754728466,99.1044398265604,42.4039454614844,0.8810246090944084,50.0,184.03904705434724,100.22672464295117,False,False,0.0,0.0,False,0.0,0,0,0,True
17,72,0.28,81.61464618212362,101.06964382846274,105.62569479345781,88.10823286435404,8.171885780612755,1.1136477473506294,185.63882404075417,0.0,98.11824027176195,46.95999642647947,0.880766476367595,50.0,185.63882404075417,99.23188801911257,False,False,0.0,0.0,False,0.0,0,0,0,True
18,71,0.29000000000000004,80.53715517711657,99.92169934034328,104.09083114583859,86.63279004245568,8.058387366993134,1.1078766946059637,187.0890127591481,0.0,97.02914837624634,51.129128231974775,0.8770691312061641,50.0,187.0890127591481,98.1370250708523,False,False,0.0,0.0,False,0.0,0,0,0,True
19,72,0.28,81.55421517296122,100.86073117968746,105.62569479345781,87.54476376419315,8.171885780612755,1.0842423495266806,188.3294600767484,0.0,96.03857383996629,55.89409184574511,0.8768622389308796,50.0,188.3294600767484,97.12281618949297,False,False,0.0,0.0,False,0.0,0,0,0,True
20,71,0.29000000000000004,80.37835556174328,99.04186092572874,104.09083114583859,86.22149862595568,8.058387366993134,1.0796339254334462,189.57787019747488,0.0,94.88908259632916,60.94306206585494,0.8810246090944084,50.0,189.57787019747488,95.9687165217626,False,False,0.0,0.0,False,0.0,0,0,0,True
21,72,0.28,81.3995757488428,100.55219815258143,105.62569479345781,86.50785745227978,8.171885780612755,1.0857333098739752,190.0116189903344,0.044027252015510054,93.11834354922927,66.01655870673133,0.8691370644766552,50.0,190.0556462423499,94.20407685910324,False,False,0.0,0.0,False,0.0,0,0,0,True
22,71,0.29000000000000004,80.03925855513161,99.09342784547538,104.09083114583859,84.83121406195515,8.058387366993134,1.0753564899015833,190.23404233993813,0.33875910120545905,91.19948200268915,71.01396200709455,0.8651730537751957,50.0,190.57280144114358,92.27483849259073,False,False,0.0,0.0,False,0.0,0,0,0,True
23,71,0.29000000000000004,79.97437610968726,100.56285874274064,104.09083114583859,85.04203861112663,8.058387366993134,1.0643960977151352,190.7356218822788,0.5756370390162483,89.9812758415749,74.54193441019248,0.8580777996061997,50.0,191.31125892129504,91.04567193929003,False,False,0.0,0.0,False,0.0,0,0,0,True
24,71,0.29000000000000004,79.79078594008841,99.66978397031849,104.09083114583859,84.30103941940618,8.058387366993134,1.0561800816480658,190.69172259509844,1.1494905865272584,88.49724465898835,78.96298158571258,0.858041041491991,50.0,191.8412131816257,89.55342474063642,False,False,0.0,0.0,False,0.0,0,0,0,True
25,71,0.29000000000000004,79.71881366791673,100.12564452864311,104.09083114583859,84.17673816030789,8.058387366993134,1.0556078917823117,190.60220392565247,1.756471462919147,87.07492824919066,82.92816820290807,0.8492299055545643,50.0,192.3586753885716,88.13053614097298,False,False,0.0,0.0,False,0.0,0,0,0,True
26,71,0.29000000000000004,79.92654652328446,101.62058980708736,104.09083114583859,85.03250178977655,8.058387366993134,1.0648231941540265,191.16871708697929,1.8368040457202148,85.97059339755357,85.39840954165929,0.8455325603931335,50.0,193.0055211326995,87.0354165917076,False,False,0.0,0.0,False,0.0,0,0,0,True
27,71,0.29000000000000004,79.88220028229965,100.59354159185727,104.09083114583859,84.51758537605959,8.058387366993134,1.0678711243445924,191.26889915411545,1.9422152720461434,84.7579603706307,88.8956990956406,0.8495657123677848,50.0,193.2111144261616,85.82583149497529,False,False,0.0,0.0,False,0.0,0,0,0,True
28,71,0.29000000000000004,79.53002222731763,100.01948805315318,104.09083114583859,83.53935570353752,8.058387366993134,1.055939326109379,190.72986360957438,2.383158488832312,83.3379704190722,92.96704218832603,0.8459635462557713,50.0,193.1130220984067,84.39390974518159,False,False,0.0,0.0,False,0.0,0,0,0,True
29,71,0.29000000000000004,79.30050434236665,99.84822332416013,104.09083114583859,83.56912513846126,8.058387366993134,1.0579462664126915,190.45402308395495,2.9390272872733196,82.44442123357892,97.2096500100045,0.8452744276663202,50.0,193.39305037122827,83.5023674999916,False,False,0.0,0.0,False,0.0,0,0,0,True
30,71,0.29000000000000004,79.32367575552854,100.881078362827,104.09083114583859,84.02286239791609,8.058387366993134,1.0619947142031885,190.60557327715097,3.3070619031600406,81.77904696264345,100.41940279301606,0.8416283229564181,50.0,193.912635180311,82.84104167684664,False,False,0.0,0.0,False,0.0,0,0,0,True
31,71,0.29000000000000004,79.25177010580119,100.52650046965299,104.09083114583859,83.74954532396895,8.058387366993134,1.0784252150455171,190.57078990053623,3.5435344991514306,80.81600053845229,103.98373346920167,0.8415770825048894,50.0,194.11432439968766,81.8944257534978,False,False,0.0,0.0,False,0.0,0,0,0,True
32,71,0.29000000000000004,79.06297553617755,101.09878885460223,104.09083114583859,83.45161272698599,8.058387366993134,1.0710017305528257,190.40229524142603,4.053747966439589,80.02125291553472,106.97577576043801,0.8338138871206697,50.0,194.45604320786563,81.09225464608754,False,False,0.0,0.0,False,0.0,0,0,0,True
33,71,0.29000000000000004,79.05765183192304,101.49890804705392,104.09083114583859,83.78512128505827,8.058387366993134,1.0710959217219653,190.57692068824207,4.882787161962403,79.96169747792219,109.56769885922266,0.8338066285614539,50.0,195.45970785020447,81.03279339964415,False,False,0.0,0.0,False,0.0,0,0,0,True
34,71,0.29000000000000004,79.01767962916753,102.21784888737871,104.09083114583859,83.65470045022305,8.058387366993134,1.074735076736447,190.6676553282359,5.682694653346482,79.77252461789044,111.44068111768256,0.8305408327849693,50.0,196.35034998158238,80.84725969462689,False,False,0.0,0.0,False,0.0,0,0,0,True
35,71,0.29000000000000004,79.21415345107897,101.85345820846867,104.09083114583859,84.4530448267725,8.058387366993134,1.0761795449030112,191.35953371551048,6.583800750022007,80.526397727422,113.67805405505248,0.8377108659981692,50.0,197.94333446553247,81.60257727232501,False,False,0.0,0.0,False,0.0,0,0,0,True
36,71,0.29000000000000004,79.31078357423712,103.48292097617097,104.09083114583859,84.31581907484731,8.058387366993134,1.0708591955511946,191.82332459282176,7.0871580026733625,80.53370569614688,114.28596422472009,0.8266746162782492,50.0,198.91048259549513,81.60456489169808,False,False,0.0,0.0,False,0.0,0,0,0,True
37,71,0.29000000000000004,79.21250119052492,101.44708012817904,104.09083114583859,83.73910844091112,8.058387366993134,1.0681000574561015,191.8196755095234,8.034126702974444,80.3788089644022,116.92971524237967,0.8338138871206697,50.0,199.85380221249784,81.4469090218583,False,False,0.0,0.0,False,0.0,0,0,0,True
38,71,0.29000000000000004,79.29354939343527,102.9063860192047,104.09083114583859,84.22138814950198,8.058387366993134,1.0731156969684363,192.22473712663393,8.80111072004716,80.59134793337896,118.11416036901352,0.8305335742257537,50.0,201.02584784668107,81.6644636303474,False,False,0.0,0.0,False,0.0,0,0,0,True
39,71,0.29000000000000004,79.27651375746069,101.75976302303508,104.09083114583859,83.98056398730941,8.058387366993134,1.0747433081485032,192.40989154796534,9.601101079043186,80.51596130717635,120.44522849181703,0.833851908050665,50.0,202.01099262700853,81.59070461532485,False,False,0.0,0.0,False,0.0,0,0,0,True
40,71,0.29000000000000004,79.24226444047558,102.13799887525344,104.09083114583859,83.97133209256299,8.058387366993134,1.0668749841836243,192.61377720367807,10.291376894986712,80.36797181760983,122.39806076240215,0.8343997907324736,50.0,202.90515409866478,81.43484680179346,False,False,0.0,0.0,False,0.0,0,0,0,True
41,71,0.29000000000000004,79.27958506104241,102.3390437654435,104.09083114583859,84.09123535516127,8.058387366993134,1.0706143320570094,188.92667579124333,11.008987533829394,80.43800641747214,124.14984814279723,0.8299476706139496,47.606733512785986,199.9356633250727,81.50862074952914,False,False,0.0,0.0,False,0.0,1,1,0,True
42,71,0.29000000000000004,79.2650914473357,102.20274000963494,104.09083114583859,83.98337076013848,8.058387366993134,1.072918325222353,189.06546322576355,11.736856899915812,80.49597750470132,126.0379392790009,0.8344963106732134,47.606733512785986,200.80232012567936,81.56889582992366,False,False,0.0,0.0,False,0.0,0,0,0,True
43,71,0.29000000000000004,79.00673774095289,100.45004523682626,104.09083114583859,83.28938773854675,8.058387366993134,1.075313267122019,184.77059177383302,12.426277913900652,79.81350316844228,129.67872518801323,0.8377108659981692,45.206436252999,197.19686968773368,80.8888164355643,False,False,0.0,0.0,False,0.0,1,1,0,True
44,71,0.29000000000000004,79.05446568079337,102.94267979014892,104.09083114583859,83.87564133664928,8.058387366993134,1.0664581341449566,184.92419710879102,12.932379472572038,79.95430596078619,130.8268765437029,0.8266746162782492,45.206436252999,197.85657658136307,81.02076409493114,False,False,0.0,0.0,False,0.0,0,0,0,True
45,71,0.29000000000000004,78.90049273498494,100.45997569941706,104.09083114583859,83.31430918227983,8.058387366993134,1.0655146894765388,180.68042538100445,13.758012393537133,79.74699358999469,134.45773199012442,0.8376728450681739,42.806037252418086,194.4384377745416,80.81250827947123,False,False,0.0,0.0,False,0.0,1,1,0,True
46,71,0.29000000000000004,79.07326078628633,103.40840394890277,104.09083114583859,84.25510408796957,8.058387366993134,1.072280073578272,181.13469428028247,14.222995371712267,80.37489279202384,135.14015918706022,0.8266746162782492,42.806037252418086,195.35768965199475,81.44717286560211,False,False,0.0,0.0,False,0.0,0,0,0,True
47,71,0.29000000000000004,79.0229162078489,102.71533633393497,104.09083114583859,83.6904064250217,8.058387366993134,1.0735538480334996,177.07653502992386,14.937579953544747,80.38922754273602,136.51565399896384,0.8266746162782492,40.40553272923478,192.0141149834686,81.46278139076952,False,False,0.0,0.0,False,0.0,1,1,0,True
48,71,0.29000000000000004,78.85411004848801,99.95563744286318,104.09083114583859,83.2739541245086,8.058387366993134,1.0709382710053883,176.69276834939922,15.555448539237515,79.9848866181802,140.65084770193928,0.8415770825048894,40.40553272923478,192.24821688863673,81.05582488918559,False,False,0.0,0.0,False,0.0,0,0,0,True
49,71,0.29000000000000004,79.16192199768153,103.9688266417133,104.09083114583859,84.71172531518958,8.058387366993134,1.0678617676771465,177.4312717587704,15.773830292907931,80.8411522690228,140.77285220606453,0.8266746162782492,40.40553272923478,193.20510205167835,81.90901403669994,False,False,0.0,0.0,False,0.0,0,0,0,True
50,71,0.29000000000000004,79.08872303073439,101.8359412388204,104.09083114583859,83.67783973001741,8.058387366993134,1.071759179113108,177.22966039262454,16.25956533045248,80.53776476332268,143.0277421130827,0.8299476706139496,40.40553272923478,193.48922572307703,81.60952394243579,False,False,0.0,0.0,False,0.0,0,0,0,True
51,71,0.29000000000000004,79.03174069578964,101.80711881749792,104.09083114583859,83.69930366515538,8.058387366993134,1.0731000918674414,177.10007968657794,16.76507387965151,80.37993846402598,145.31145444142336,0.8343997907324736,40.40553272923478,193.86515356622945,81.45303855589343,False,False,0.0,0.0,False,0.0,0,0,0,True
52,71,0.29000000000000004,79.10912751927752,102.3411386595788,104.09083114583859,84.09295671417823,8.058387366993134,1.074734352331652,177.28453607841453,17.155965411178574,80.57109806077928,147.06114692768318,0.8299476706139496,40.40553272923478,194.44050148959312,81.64583241311092,False,False,0.0,0.0,False,0.0,0,0,0,True
53,71,0.29000000000000004,79.1031976023335,102.51324774326224,104.09083114583859,83.88012006449244,8.058387366993134,1.073654851281881,177.2626768997915,17.597412392427827,80.50580288343077,148.63873033025948,0.8305788537149645,40.40553272923478,194.86008929221933,81.57945773471266,False,False,0.0,0.0,False,0.0,0,0,0,True
54,71,0.29000000000000004,78.91235706007836,101.34794389325396,104.09083114583859,83.32179940154276,8.058387366993134,1.0649832384080784,176.865235880786,18.08359268860052,79.93328838388103,151.38161758284414,0.8343997907324736,40.40553272923478,194.94882856938654,80.99827162228911,False,False,0.0,0.0,False,0.0,0,0,0,True
55,71,0.29000000000000004,79.01305209177092,102.24775493764236,104.09083114583859,84.01622400053577,8.058387366993134,1.0707260031296233,177.06850486197197,18.53932009313766,80.26182544165081,153.22469379104038,0.8299476706139496,40.40553272923478,195.60782495510963,81.33255144478044,False,False,0.0,0.0,False,0.0,0,0,0,True
56,71,0.29000000000000004,79.07237010332263,103.08850005500832,104.09083114583859,83.99445277870515,8.058387366993134,1.0740529699603871,177.19189532468653,19.008418129248906,80.42385493288506,154.22702488187065,0.8266746162782492,40.40553272923478,196.20031345393542,81.49790790284545,False,False,0.0,0.0,False,0.0,0,0,0,True
57,70,0.30000000000000004,78.30023192631928,100.95321203794168,102.71530070828658,83.72336407724349,7.944888953373512,1.0652865958482873,177.91989306339815,18.86913510597891,80.26157375652764,155.98911355221554,0.8376728450681739,40.40553272923478,196.78902816937705,81.32686035237593,False,False,0.0,0.0,False,0.0,0,0,0,True
58,71,0.29000000000000004,79.23056365163934,103.66695615583981,104.09083114583859,84.82412683724424,8.058387366993134,1.073114423574434,178.7348863815922,19.06408146147982,80.97493996313189,156.41298854221432,0.8305788537149645,40.40553272923478,197.798967843072,82.04805438670633,False,False,0.0,0.0,False,0.0,0,0,0,True
59,71,0.29000000000000004,79.08866221404347,101.4944762972635,104.09083114583859,83.78146297285728,8.058387366993134,1.0701083223364563,178.6532519073531,19.330959487681127,80.42155428523078,159.00934339078938,0.8338066285614539,40.40553272923478,197.98421139503424,81.49166260756724,False,False,0.0,0.0,False,0.0,0,0,0,True
60,71,0.29000000000000004,79.11950514503883,103.13272894762096,104.09083114583859,84.40343482705161,8.058387366993134,1.0730340747510518,179.16709111713922,19.645280215279975,80.79722212050714,159.967445589007,0.8305408327849693,40.40553272923478,198.8123713324192,81.8702561952582,False,False,0.0,0.0,False,0.0,0,0,0,True
61,71,0.29000000000000004,79.0946176728486,102.692322887886,104.09083114583859,84.38152219719456,8.058387366993134,1.073346956118092,179.69068761994674,19.9778659890816,81.00561472899447,161.3659538469596,0.8299476706139496,40.40553272923478,199.66855360902835,82.07896168511256,False,False,0.0,0.0,False,0.0,0,0,0,True
62,71,0.29000000000000004,79.09261035109971,102.77585923948159,104.09083114583859,84.11456147912493,8.058387366993134,1.074090620432625,179.9593339949397,20.304935295937863,80.85792846072695,162.68092575331664,0.8305335742257537,40.40553272923478,200.26426929087756,81.93201908115958,False,False,0.0,0.0,False,0.0,0,0,0,True
63,71,0.29000000000000004,79.03593888093694,100.9502516610389,104.09083114583859,83.7008789459885,8.058387366993134,1.0725908383688427,179.8735814909912,20.64434230691333,80.37056385287927,165.8215052381163,0.8377181245573849,40.40553272923478,200.51792379790453,81.44315469124811,False,False,0.0,0.0,False,0.0,0,0,0,True
64,71,0.29000000000000004,79.13170959946171,102.82929310289263,104.09083114583859,84.15829320778393,8.058387366993134,1.0710333166180135,180.14772971433877,20.830975668023665,80.45077746703976,167.08304328106226,0.8305335742257537,40.40553272923478,200.97870538236242,81.52181078365777,False,False,0.0,0.0,False,0.0,0,0,0,True
65,71,0.29000000000000004,79.0212246154929,102.08178181714936,104.09083114583859,83.54334367520701,8.058387366993134,1.0721395595654568,179.92509244158586,21.214618589620756,80.06824633535874,169.09209260975143,0.8305408327849693,40.40553272923478,201.13971103120662,81.1403858949242,False,False,0.0,0.0,False,0.0,0,0,0,True
66,71,0.29000000000000004,78.85967694813537,101.39363062751376,104.09083114583859,83.31439637206773,8.058387366993134,1.0715974057149502,179.6291836389637,21.712491041317172,79.70848032521116,171.78929312807628,0.8299476706139496,40.40553272923478,201.34167468028087,80.78007773092611,False,False,0.0,0.0,False,0.0,0,0,0,True
67,71,0.29000000000000004,78.88796299609206,102.30416286127371,104.09083114583859,83.72851232032593,8.058387366993134,1.0713612812378521,179.71381788571102,22.22507763215419,79.898091908901,173.57596141264113,0.8305335742257537,40.40553272923478,201.9388955178652,80.96945319013885,False,False,0.0,0.0,False,0.0,0,0,0,True
68,71,0.29000000000000004,78.8982490196359,101.43899761884428,104.09083114583859,83.71584187366354,8.058387366993134,1.0721383037702648,179.77795496798393,22.643373995553322,79.86744377284889,176.2277949396355,0.833851908050665,40.40553272923478,202.42132896353726,80.93958207661915,False,False,0.0,0.0,False,0.0,0,0,0,True
69,71,0.29000000000000004,78.94330284725226,102.49613346360951,104.09083114583859,83.88244749360051,8.058387366993134,1.06796376274576,179.95976436593554,22.948288367112276,79.91348179227785,177.82249262186457,0.8305408327849693,40.40553272923478,202.9080527330478,80.98144555502361,False,False,0.0,0.0,False,0.0,0,0,0,True
70,71,0.29000000000000004,78.95965096758067,102.34502221580559,104.09083114583859,83.76195272855215,8.058387366993134,1.0726335546471364,180.0168730668437,23.35828036941516,79.9037518327961,179.56830155189752,0.8305335742257537,40.40553272923478,203.37515343625884,80.97638538744324,False,False,0.0,0.0,False,0.0,0,0,0,True
71,70,0.30000000000000004,78.33116478592203,102.28189618888409,102.71530070828658,84.04427761416996,7.944888953373512,1.065551492420348,181.08746517726303,23.11531430006027,80.15753470921149,180.00170607130002,0.8299476706139496,40.40553272923478,204.2027794773233,81.22308620163184,False,False,0.0,0.0,False,0.0,0,0,0,True
72,70,0.30000000000000004,78.39330247829153,101.73206592232911,102.71530070828658,83.25713751119252,7.944888953373512,1.064050995897435,181.33419153314387,22.831956330814172,79.46045999563037,180.9849408572575,0.8305408327849693,40.40553272923478,204.16614786395803,80.5245109915278,False,False,0.0,0.0,False,0.0,0,0,0,True
73,70,0.30000000000000004,78.18933686807596,99.8812359560029,102.71530070828658,82.449768472343,7.944888953373512,1.0598999315567947,180.97943628640795,22.696062746123047,78.37534066437127,183.81900560954114,0.8338066285614539,40.40553272923478,203.67549903253098,79.43524059592806,False,False,0.0,0.0,False,0.0,0,0,0,True
74,70,0.30000000000000004,78.15641770955726,101.58593734956679,102.71530070828658,82.7701946690042,7.944888953373512,1.0582255794165585,180.97394879823958,22.61061355549361,78.10469858970725,184.94836896826095,0.8266746162782492,40.40553272923478,203.5845623537332,79.16292416912381,False,False,0.0,0.0,False,0.0,0,0,0,True
75,70,0.30000000000000004,77.98272693774037,101.54673547801161,102.71530070828658,82.30394384148752,7.944888953373512,1.0553340264106128,180.67459375455957,22.766866203589466,77.61995385413623,186.11693419853592,0.8229772711168184,40.40553272923478,203.44145995814904,78.67528788054685,False,False,0.0,0.0,False,0.0,0,0,0,True
76,70,0.30000000000000004,77.70944446740162,100.40540935799667,102.71530070828658,81.80832401816569,7.944888953373512,1.0523836141634118,180.14727110220397,23.12031560429906,77.21523918135668,188.42682554882586,0.8266746162782492,40.40553272923478,203.26758670650304,78.2676227955201,False,False,0.0,0.0,False,0.0,0,0,0,True
77,70,0.30000000000000004,77.67099962153158,101.03567492036764,102.71530070828658,82.32185182183306,7.944888953373512,1.0511638469789257,180.16383841291017,23.422450708125478,77.29890294336808,190.1064513367448,0.8266746162782492,40.40553272923478,203.58628912103563,78.350066790347,False,False,0.0,0.0,False,0.0,0,0,0,True
78,70,0.30000000000000004,77.75708708623654,101.16477166589586,102.71530070828658,82.67821093898871,7.944888953373512,1.0541924507690315,180.45516813191625,23.619498868479862,77.54540127245251,191.65698037913552,0.8262503254525188,40.40553272923478,204.07466700039612,78.59959372322155,False,False,0.0,0.0,False,0.0,0,0,0,True
79,69,0.31000000000000005,77.15552924675951,101.18956281821833,101.32740451634925,82.8131550251425,7.83139053975389,1.0500191115325455,181.5946140077067,23.05560944312562,77.87349554105081,191.79482207726645,0.8305408327849693,40.40553272923478,204.6502234508323,78.92351465258336,False,False,0.0,0.0,False,0.0,0,0,0,True
80,69,0.31000000000000005,77.28982216550696,100.5836715479225,101.32740451634925,82.32041538567547,7.83139053975389,1.0509291435686898,182.13328167097833,22.36536187803074,77.3546463099497,192.53855504569322,0.8305335742257537,40.40553272923478,204.49864354900907,78.4055754535184,False,False,0.0,0.0,False,0.0,0,0,0,True
81,69,0.31000000000000005,77.25307567037915,100.33125398258748,101.32740451634925,81.7479036980061,7.83139053975389,1.048693095554393,182.14308766767854,21.80148733675188,76.55415595193104,193.53470557945502,0.8266746162782492,40.40553272923478,203.94457500443042,77.60284904748544,False,False,0.0,0.0,False,0.0,0,0,0,True
82,69,0.31000000000000005,77.07188860500816,100.3128843047983,101.32740451634925,81.30390364136815,7.83139053975389,1.0425379334844562,178.15430277996106,21.49828076034867,75.94201267526716,194.54922579100597,0.8229772711168184,38.166251492991954,199.65258354030973,76.98455060875162,False,False,0.0,0.0,False,0.0,1,1,0,True
83,69,0.31000000000000005,76.64713534204866,98.63293095050082,101.32740451634925,80.36414398042876,7.83139053975389,1.0318440212724727,177.30471558351064,21.307967362714734,74.97112664096076,197.2436993568544,0.8266746162782492,38.166251492991954,198.6126829462254,76.00297066223324,False,False,0.0,0.0,False,0.0,0,0,0,True
84,69,0.31000000000000005,76.47973419645194,99.6754314935733,101.32740451634925,80.78724616213266,7.83139053975389,1.0274269676971264,177.03629674305114,21.175812547259852,74.93642204175592,198.8956723796304,0.8229772711168184,38.166251492991954,198.212109290311,75.96384900945304,False,False,0.0,0.0,False,0.0,0,0,0,True
85,69,0.31000000000000005,76.32003594323183,98.97303897647546,101.32740451634925,80.64125721335137,7.83139053975389,1.0275251062651174,176.78121263772414,21.08168244130645,74.80007598084673,201.2500379195042,0.8266746162782492,38.166251492991954,197.86289507903058,75.82760108711184,False,False,0.0,0.0,False,0.0,0,0,0,True
86,69,0.31000000000000005,76.45189269976731,100.44853595982087,101.32740451634925,81.41384972820616,7.83139053975389,1.033716621939585,177.16827370635906,20.88562604212173,75.39241840660581,202.12890647603257,0.8229772711168184,38.166251492991954,198.05389974848077,76.4261350285454,False,False,0.0,0.0,False,0.0,0,0,0,True
87,69,0.31000000000000005,76.49862424097613,99.73491206917936,101.32740451634925,81.2620162065886,7.83139053975389,1.0388393372529436,177.3628883475431,20.656020911128376,75.51200030114371,203.72139892320246,0.8266746162782492,38.166251492991954,198.01890925867147,76.55083963839665,False,False,0.0,0.0,False,0.0,0,0,0,True
88,69,0.31000000000000005,76.70542526683136,100.94997326415411,101.32740451634925,81.8202662175359,7.83139053975389,1.0443923094892213,177.91300689238798,20.341654875096122,76.04530513971137,204.0988301753976,0.8229772711168184,38.166251492991954,198.2546617674841,77.0896974492006,False,False,0.0,0.0,False,0.0,0,0,0,True
89,69,0.31000000000000005,76.71227158285723,99.87956984109553,101.32740451634925,81.37988047259113,7.83139053975389,1.0457580462705123,178.02192520102966,20.040015458306847,75.9087449287309,205.54666485065135,0.8266746162782492,38.166251492991954,198.0619406593365,76.9545029750014,False,False,0.0,0.0,False,0.0,0,0,0,True
90,69,0.31000000000000005,76.80292477556361,99.37821828526044,101.32740451634925,81.65834695657233,7.83139053975389,1.0467207110335048,178.32032010001438,19.655680918625006,76.01572611233026,207.49585108174014,0.8299476706139496,38.166251492991954,197.97600101863938,77.06244682336376,False,False,0.0,0.0,False,0.0,0,0,0,True
91,69,0.31000000000000005,76.89965266224358,100.85485403578515,101.32740451634925,81.74317178812788,7.83139053975389,1.0512326693452516,178.6159559740947,19.145148935382377,76.02665780271035,207.9684015623043,0.8229772711168184,38.166251492991954,197.76110490947707,77.0778904720556,False,False,0.0,0.0,False,0.0,0,0,0,True
92,69,0.31000000000000005,76.74599243982584,99.50321982891795,101.32740451634925,81.07323799249639,7.83139053975389,1.0461982665447809,178.3913254555494,18.865350022096628,75.58757682223518,209.79258624973565,0.8266746162782492,38.166251492991954,197.25667547764604,76.63377508877996,False,False,0.0,0.0,False,0.0,0,0,0,True
93,69,0.31000000000000005,76.77090523798859,100.02210538234544,101.32740451634925,81.49601558739457,7.83139053975389,1.0420529050744494,178.56137813075205,18.566876449259112,75.75604261059081,211.09788538373945,0.8266746162782492,38.166251492991954,197.12825458001117,76.79809551566527,False,False,0.0,0.0,False,0.0,0,0,0,True
94,69,0.31000000000000005,76.86105677218961,100.82384552762836,101.32740451634925,81.71803929615824,7.83139053975389,1.0416336905543562,178.8702651421641,18.214731948809646,76.0070401620534,211.60144437246032,0.8229772711168184,38.166251492991954,197.08499709097376,77.04867385260776,False,False,0.0,0.0,False,0.0,0,0,0,True
95,69,0.31000000000000005,76.75178219361864,99.61072449642356,101.32740451634925,81.16083065039201,7.83139053975389,1.0407934574630517,178.73659105149918,17.938857786380847,75.65283145591988,213.318124392386,0.8266746162782492,38.166251492991954,196.67544883788003,76.69362491338293,False,False,0.0,0.0,False,0.0,0,0,0,True
96,69,0.31000000000000005,76.7680716745201,100.5083676250624,101.32740451634925,81.46234347832822,7.83139053975389,1.0409130084406228,175.1752674372209,17.654016015487937,75.75475573174643,214.13716128367292,0.8229772711168184,35.939397703280065,192.82928345270884,76.79566874018705,False,False,0.0,0.0,False,0.0,1,1,0,True
97,68,0.31999999999999995,75.99041706407213,99.50207986655737,99.92033612005561,81.07230917391223,7.717892126134268,1.0590816936015437,175.7790267641381,16.70360118493958,75.57010547738129,214.55541753717117,0.8266746162782492,35.939397703280065,192.48262794907768,76.62918717098283,False,False,0.0,0.0,False,0.0,0,0,0,True
98,68,0.31999999999999995,76.07349856814164,99.73218888428433,99.92033612005561,80.83324820321928,7.717892126134268,1.0627626352543271,176.05743150949831,15.732795321148103,75.21179886627067,214.74356477294248,0.8229772711168184,35.939397703280065,191.79022683064642,76.274561501525,False,False,0.0,0.0,False,0.0,0,0,0,True
99,68,0.31999999999999995,75.81150348879908,97.95261978944889,99.92033612005561,79.80984002158456,7.717892126134268,1.054089546174747,175.56741244096878,14.927519591806176,74.160428867094,216.71128110354917,0.8266746162782492,35.939397703280065,190.49493203277495,75.21451841326875,False,False,0.0,0.0,False,0.0,0,0,0,True
100,68,0.31999999999999995,75.58267218860968,98.30695042154237,99.92033612005561,79.67808801174623,7.717892126134268,1.0390718949403537,175.15928954936686,14.242747889148077,73.59547927832436,218.32466680206247,0.8229772711168184,35.939397703280065,189.40203743851492,74.63455117326471,False,False,0.0,0.0,False,0.0,0,0,0,True
101,68,0.31999999999999995,75.15888731999226,96.74643796718877,99.92033612005561,78.82706714140588,7.717892126134268,1.027420097849718,174.3199827453662,13.756249842147362,72.63162911596208,221.4985649549293,0.8266746162782492,35.939397703280065,188.07623258751354,73.6590492138118,False,False,0.0,0.0,False,0.0,0,0,0,True
102,67,0.32999999999999996,74.34409889708624,97.9693978915231,98.6266013479764,79.40450063994663,7.604393712514648,1.0134277583347817,174.96871789671846,12.688530300706663,72.73261844501124,222.15576841138264,0.8229772711168184,35.939397703280065,187.65724819742513,73.74604620334603,False,False,0.0,0.0,False,0.0,0,0,0,True
103,67,0.32999999999999996,74.23012507224102,96.93851673443574,98.6266013479764,78.5689682669878,7.604393712514648,1.0094009839571536,174.91813156398416,11.681367489113468,71.99687136877378,223.8438530249233,0.8229772711168184,35.939397703280065,186.59949905309762,73.00627235273093,False,False,0.0,0.0,False,0.0,0,0,0,True
104,67,0.32999999999999996,73.84585199143767,95.1525052018321,98.6266013479764,77.52836253011807,7.604393712514648,1.0054966818613635,170.50753218915418,10.91996827699017,70.80127889465298,227.31794917106765,0.8266746162782492,33.717532016927855,181.42750046614435,71.80677557651434,False,False,0.0,0.0,False,0.0,1,1,0,True
105,67,0.32999999999999996,73.38293903409814,94.87614772989933,98.6266013479764,76.8974117966516,7.604393712514648,1.0029244134482658,169.55227048271368,10.195395357537116,69.83273023115899,231.06840278914476,0.8229772711168184,33.717532016927855,179.7476658402508,70.83565464460726,False,False,0.0,0.0,False,0.0,0,0,0,True
106,67,0.32999999999999996,72.91666702395777,94.34349798166492,98.6266013479764,76.46569752479931,7.604393712514648,0.9984203221481829,168.612201122081,9.898607537583375,69.29686538366857,235.35150615545626,0.8229772711168184,33.717532016927855,178.51080865966438,70.29528570581675,False,False,0.0,0.0,False,0.0,0,0,0,True
107,66,0.33999999999999997,72.0877228534401,95.18705339643685,97.191902218992,77.14940180300927,7.490895298895027,0.9901976284722469,169.27731732446563,9.213110765006498,69.89627959909625,237.3563549780114,0.8229772711168184,33.717532016927855,178.49042808947212,70.88647722756849,False,False,0.0,0.0,False,0.0,0,0,0,True
108,66,0.33999999999999997,72.3432413364109,95.49839032027612,97.191902218992,77.40174134474665,7.490895298895027,0.9948290134555839,169.96457752710185,8.25703904773674,70.1728753494988,239.04986687672726,0.8229772711168184,33.717532016927855,178.2216165748386,71.16770436295438,False,False,0.0,0.0,False,0.0,0,0,0,True
109,66,0.33999999999999997,72.44746961975932,95.20170475725043,97.191902218992,77.16127677635947,7.490895298895027,1.0003823368782605,170.32096893533503,7.556018177458386,70.31518053586555,241.04006433846882,0.8229772711168184,33.717532016927855,177.87698711279342,71.31556287274381,False,False,0.0,0.0,False,0.0,0,0,0,True
110,66,0.33999999999999997,72.36721751895314,94.60278800165513,97.191902218992,76.67585288965151,7.490895298895027,1.0011291304859997,170.27411970476638,7.0815620102710115,70.11545356338645,243.6291785558057,0.8229772711168184,33.717532016927855,177.35568171503738,71.11658269387246,False,False,0.0,0.0,False,0.0,0,0,0,True
111,66,0.33999999999999997,72.20270489061164,94.18243599307245,97.191902218992,76.33515628384545,7.490895298895027,0.997878506426357,170.0463428284848,6.821142542429399,69.87245245471085,246.63864478172522,0.8229772711168184,33.717532016927855,176.8674853709142,70.87033096113721,False,False,0.0,0.0,False,0.0,0,0,0,True
112,66,0.33999999999999997,72.0892224713617,94.18858528224746,97.191902218992,76.34014030178106,7.490895298895027,0.9952496436734228,169.93352678909176,6.809346973209065,69.98882234155468,249.64196171846976,0.8229772711168184,33.717532016927855,176.74287376230083,70.9840719852281,False,False,0.0,0.0,False,0.0,0,0,0,True
113,66,0.33999999999999997,72.14951947862708,94.71428940269908,97.191902218992,76.76622512078795,7.490895298895027,0.9992654319173692,170.19107616085375,6.873208836969826,70.54421180522574,252.1195745347627,0.8229772711168184,33.717532016927855,177.0642849978236,71.54347723714311,False,False,0.0,0.0,False,0.0,0,0,0,True
114,66,0.33999999999999997,72.37803330603158,95.43536770699365,97.191902218992,77.3506613213473,7.490895298895027,1.0088548087633433,170.81485476690176,6.75543761065546,71.23404155749074,253.87610904676103,0.8229772711168184,33.717532016927855,177.57029237755722,72.24289636625409,False,False,0.0,0.0,False,0.0,0,0,0,True
115,66,0.33999999999999997,72.55569074286812,95.04482597256674,97.191902218992,77.4406276427839,7.490895298895027,1.0121324934741749,171.35614876965693,6.3914802069422185,71.46877389437951,256.0231852931863,0.8266746162782492,33.717532016927855,177.74762897659915,72.48090638785368,False,False,0.0,0.0,False,0.0,0,0,0,True
116,66,0.33999999999999997,72.61006085015204,95.2485349092734,97.191902218992,77.19923275972067,7.490895298895027,1.0115344671944475,171.6078645041951,5.850728362756184,71.24621362991543,257.96655260290487,0.8229772711168184,33.717532016927855,177.45859286695128,72.25774809710988,False,False,0.0,0.0,False,0.0,0,0,0,True
117,66,0.33999999999999997,72.47857104994794,94.61795435067113,97.191902218992,76.68814526253595,7.490895298895027,1.0056387165003808,171.47945612471563,5.629646992969282,70.96439672559639,260.54050047122576,0.8229772711168184,33.717532016927855,177.1091031176849,71.97003544209677,False,False,0.0,0.0,False,0.0,0,0,0,True
118,65,0.35,71.75953352276547,94.75149984851889,95.73837364319016,76.79638430245592,7.377396885275406,1.0216139781720945,172.31138882751088,4.961867396984223,71.10142583397445,261.5273742658971,0.8229772711168184,33.717532016927855,177.2732562244951,72.12303981214654,False,False,0.0,0.0,False,0.0,0,0,0,True
119,65,0.35,71.7919303167888,94.09821147988545,95.73837364319016,76.26689205485977,7.377396885275406,1.0222113039793899,172.5815301239424,4.558759759080275,70.91837389134668,263.16753642920173,0.8229772711168184,33.717532016927855,177.1402898830227,71.94058519532607,False,False,0.0,0.0,False,0.0,0,0,0,True
120,65,0.35,71.70567933591182,93.66890250423121,95.73837364319016,75.91893579948075,7.377396885275406,1.0145158669492036,172.58674997681356,4.32805416828237,70.6298100009988,265.23700756816066,0.8229772711168184,33.717532016927855,176.91480414509593,71.64432586794801,False,False,0.0,0.0,False,0.0,0,0,0,True
121,65,0.35,71.61726270640108,93.56051160931959,95.73837364319016,75.83108464320534,7.377396885275406,1.001653805786501,172.58752919163723,4.248038041546509,70.5069592957929,267.4148696020312,0.8229772711168184,33.717532016927855,176.83556723318375,71.5086131015794,False,False,0.0,0.0,False,0.0,0,0,0,True
122,65,0.35,71.57598852687785,93.63693362136742,95.73837364319016,75.89302492083446,7.377396885275406,0.9951587143764293,168.9534163214955,4.5704177313284635,70.86825894347184,269.516309623854,0.8229772711168184,31.47081956450741,173.52383405282396,71.86341765784827,False,False,0.0,0.0,False,0.0,1,1,0,True
123,64,0.36,70.92414626364686,94.07233087689738,94.00454337368237,76.24591574592293,7.263898471655784,0.9830623218048329,170.10945892492225,4.055809212567468,71.38230325316748,269.448522120639,0.8229772711168184,31.47081956450741,174.1652681374897,72.36536557497232,False,False,0.0,0.0,False,0.0,0,0,0,True
124,64,0.36,71.03350736405702,93.30618660275076,94.00454337368237,75.62495343711987,7.263898471655784,0.9783200022342619,170.5639730106956,3.588848156242924,71.06642395614668,270.14687889157057,0.8229772711168184,31.47081956450741,174.15282116693854,72.04474395838093,False,False,0.0,0.0,False,0.0,0,0,0,True
125,64,0.36,70.91180885559444,92.48308653264144,94.00454337368237,74.95782827915876,7.263898471655784,0.9762479264987725,170.48421839316927,3.68854708322974,70.85137846514883,271.66833573261147,0.8229772711168184,31.47081956450741,174.172765476399,71.8276263916476,False,False,0.0,0.0,False,0.0,0,0,0,True
126,64,0.36,70.72390053227593,92.0770833466872,94.00454337368237,74.62876143856616,7.263898471655784,0.9740779208445383,170.26171276184462,3.9659765072906272,70.59962912187463,273.59579575960663,0.8229772711168184,31.47081956450741,174.22768926913525,71.57370704271916,False,False,0.0,0.0,False,0.0,0,0,0,True
127,63,0.37,70.06913839714969,92.61106720435718,92.53672058850792,75.06155701025095,7.150400058036164,0.9622274150185485,171.22641421225293,3.6919394711964504,70.94098063778274,273.52144914375737,0.8229772711168184,31.47081956450741,174.9183536834494,71.90320805280129,False,False,0.0,0.0,False,0.0,0,0,0,True
128,62,0.38,69.58316328130687,92.6326487223496,91.06613688218607,75.07904889747412,7.036901644416542,0.9501529644206922,169.0772609898506,2.7582200920698203,71.07791959145906,271.95493730359385,0.8229772711168184,29.221751781604883,171.83548108192042,72.02807255587976,False,False,0.0,0.0,False,0.0,1,1,0,True
129,62,0.38,69.56210708347051,90.90182878717891,91.06613688218607,73.67621397547053,7.036901644416542,0.9467437027199812,169.26410206771774,1.7789523330630308,69.89345258204219,272.119245398601,0.8229772711168184,29.221751781604883,171.04305440078076,70.84019628476217,False,False,0.0,0.0,False,0.0,0,0,0,True
130,62,0.38,69.24946644083015,89.73724678063346,91.06613688218607,72.73231664963006,7.036901644416542,0.9422355673603791,168.82226093775122,0.9927709763204075,68.5434452891735,273.44813550015357,0.8229772711168184,29.221751781604883,169.81503191407162,69.48568085653389,False,False,0.0,0.0,False,0.0,0,0,0,True
131,62,0.38,68.88882241096522,89.16785440523125,91.06613688218607,72.27082236457724,7.036901644416542,0.9362399762032719,168.27013523503874,0.5525749104489445,67.79092609798008,275.3464179771084,0.8229772711168184,29.221751781604883,168.8227101454877,68.72716607418334,False,False,0.0,0.0,False,0.0,0,0,0,True
132,62,0.38,68.69702739128803,89.34696927945228,91.06613688218607,72.41599552528662,7.036901644416542,0.9321398299816758,168.04681458376413,0.488306646106739,67.94419470812923,277.0655855798422,0.8229772711168184,29.221751781604883,168.53512122987087,68.87633453811091,False,False,0.0,0.0,False,0.0,0,0,0,True
133,62,0.38,68.70309482037723,89.95591210320369,91.06613688218607,72.90954557131015,7.036901644416542,0.9326855025035631,164.54839114483562,0.5767880248201133,68.6511753300314,278.1758103588246,0.8229772711168184,26.96387048555571,165.12517916965572,69.58386083253497,False,False,0.0,0.0,False,0.0,1,1,0,True
134,62,0.38,68.71171135538383,89.97051063383334,91.06613688218607,72.92137772563254,7.036901644416542,0.9361513989636961,164.75479162863033,0.5405737257320753,69.148148983499,279.27143660717735,0.8229772711168184,26.96387048555571,165.29536535436242,70.0843003824627,False,False,0.0,0.0,False,0.0,0,0,0,True
135,62,0.38,68.81604298838744,90.36062031322618,91.06613688218607,73.2375628298964,7.036901644416542,0.9414555703100767,165.1786943187726,0.5356222387694867,69.70953713528655,279.9769531761372,0.8229772711168184,26.96387048555571,165.7143165575421,70.65099270559664,False,False,0.0,0.0,False,0.0,0,0,0,True
136,62,0.38,68.95599881873311,90.63029436570318,91.06613688218607,73.45613448526368,7.036901644416542,0.9459029127696241,165.6881641037269,0.5165920886948636,70.16140868535506,280.4127956926202,0.8229772711168184,26.96387048555571,166.20475619242177,71.10731159812468,False,False,0.0,0.0,False,0.0,0,0,0,True
137,62,0.38,69.06825707333478,90.68540547912984,91.06613688218607,73.5008022135088,7.036901644416542,0.948582680920213,166.1376630397385,0.48777504842679276,70.39833526527234,280.7935270956764,0.8229772711168184,26.96387048555571,166.62543808816528,71.34691794619255,False,False,0.0,0.0,False,0.0,0,0,0,True
138,62,0.38,69.11671389196202,90.56300026563011,91.06613688218607,73.40159240858141,7.036901644416542,0.9491252524202145,166.44564322346812,0.4563923501003523,70.4059144441377,281.2966637122324,0.8229772711168184,26.96387048555571,166.90203557356847,71.35503969655791,False,False,0.0,0.0,False,0.0,0,0,0,True
139,62,0.38,69.11603056300078,90.42573696863717,91.06613688218607,73.29034008093124,7.036901644416542,0.9480813413279684,166.64714730317513,0.42781089600570743,70.30720836679671,281.93706362578126,0.8229772711168184,26.96387048555571,167.07495819918083,71.25528970812468,False,False,0.0,0.0,False,0.0,0,0,0,True
140,62,0.38,69.09490691485526,90.34437469805583,91.06613688218607,73.22439570844875,7.036901644416542,0.946409614323665,166.80692069997178,0.4023846471729736,70.20742325335873,282.65882580991155,0.8229772711168184,26.96387048555571,167.20930534714475,71.1538328676824,False,False,0.0,0.0,False,0.0,0,0,0,True
141,62,0.38,69.07458007551567,90.3224139744508,91.06613688218607,73.20659647390124,7.036901644416542,0.945010559139349,166.97244301473657,0.378334451260961,70.1527416012966,283.4025487176467,0.8229772711168184,26.96387048555571,167.35077746599754,71.09775216043595,False,False,0.0,0.0,False,0.0,0,0,0,True
142,62,0.38,69.06159354786737,90.32656029026224,91.06613688218607,73.20995707571761,7.036901644416542,0.9442962237224928,167.1580513829571,0.3538689389136289,70.13644182280169,284.14212530957064,0.8229772711168184,26.96387048555571,167.51192032187072,71.08073804652417,False,False,0.0,0.0,False,0.0,0,0,0,True
143,62,0.38,69.05758828043108,90.34643618368133,91.06613688218607,73.22606654893767,7.036901644416542,0.9441528133111823,163.6129619069029,0.32811134525469043,70.14847350933373,284.8618260080753,0.8229772711168184,24.710985868026466,163.9410732521576,71.0926263226449,False,False,0.0,0.0,False,0.0,1,1,0,True
144,62,0.38,68.9739673808688,90.0281310750987,91.06613688218607,72.9680792718684,7.036901644416542,0.943519338607613,163.58254388063025,0.2444351966009385,70.120792330814,285.89983181516266,0.8229772711168184,24.710985868026466,163.8269790772312,71.06431166942161,False,False,0.0,0.0,False,0.0,0,0,0,True
145,62,0.38,69.00355688119343,90.38392152581217,91.06613688218607,73.25644853491772,7.036901644416542,0.9441285102145164,163.81160857144678,0.16622257573453614,70.40116872238687,286.5820471715366,0.8229772711168184,24.710985868026466,163.97783114718132,71.34529723260138,False,False,0.0,0.0,False,0.0,0,0,0,True
146,62,0.38,69.08634475471543,90.63176650975204,91.06613688218607,73.4573276625781,7.036901644416542,0.9457901722951295,164.16405470661678,0.07640304165489953,70.6998930730014,287.01641754397065,0.8229772711168184,24.710985868026466,164.2404577482717,71.64568324529654,False,False,0.0,0.0,False,0.0,0,0,0,True
147,62,0.38,69.15874039158979,90.687093217637,91.06613688218607,73.50217013079987,7.036901644416542,0.9475181110575281,164.49552651049532,0.0,70.8770592432305,287.3954612085197,0.8229772711168184,24.710985868026466,164.49552651049532,71.82457735428804,False,False,0.0,0.0,False,0.0,0,0,0,True
148,62,0.38,69.20740082756339,90.68078383290164,91.06613688218607,73.4970563549164,7.036901644416542,0.9480598855014432,160.993800516352,0.0,71.02106754941063,287.7808142578042,0.8229772711168184,22.44036965254927,160.993800516352,71.96912743491207,False,False,0.0,0.0,False,0.0,1,1,0,True
149,62,0.38,69.19111208137438,90.48945560949701,91.06613688218607,73.34198423683934,7.036901644416542,0.9469202347857594,161.07148253060035,0.0,71.22506502345604,288.35749553049317,0.8229772711168184,22.44036965254927,161.07148253060035,72.1719852582418,False,False,0.0,0.0,False,0.0,0,0,0,True
150,62,0.38,69.32507568862744,91.07448458471845,91.06613688218607,73.81615203451014,7.036901644416542,0.9471972276263915,161.49221596564567,0.0,71.76803658090066,288.34914782796085,0.8229772711168184,22.44036965254927,161.49221596564567,72.71523380852705,False,False,0.0,0.0,False,0.0,0,0,0,True
151,62,0.38,69.49065623063967,91.3531759010753,91.06613688218607,74.04203221020039,7.036901644416542,0.9492176045407119,161.9827406174813,0.0,72.19675970074329,288.06210880907156,0.8229772711168184,22.44036965254927,161.9827406174813,73.14597730528399,False,False,0.0,0.0,False,0.0,0,0,0,True
152,62,0.38,69.60666301424337,91.34972298350377,91.06613688218607,74.0392336098066,7.036901644416542,0.9509668175415141,158.64164481670807,0.0,72.39635527414039,287.77852270775384,0.8229772711168184,20.20742322805525,158.64164481670807,73.3473220916819,False,False,0.0,0.0,False,0.0,1,1,0,True
153,62,0.38,69.58747078973188,90.95190973019052,91.06613688218607,73.71680473500359,7.036901644416542,0.9504809656952485,154.9331816524181,0.0,72.49576770147935,287.8927498597495,0.8229772711168184,17.974257053754645,154.9331816524181,73.4462486671746,False,False,0.0,0.0,False,0.0,1,1,0,True
154,62,0.38,69.61109343351913,91.11309974113006,91.06613688218607,73.84744973846655,7.036901644416542,0.9494293755882776,154.98482392167278,0.0,73.02524530666193,287.84578700080544,0.8229772711168184,17.974257053754645,154.98482392167278,73.97467468225021,False,False,0.0,0.0,False,0.0,0,0,0,True
155,62,0.38,69.8841689494985,92.14704396043636,91.06613688218607,74.68546473284758,7.036901644416542,0.9511134436972225,155.605092368151,0.0,74.002244151898,286.76487992255517,0.8229772711168184,17.974257053754645,155.605092368151,74.95335759559522,False,False,0.0,0.0,False,0.0,0,0,0,True
156,62,0.38,70.07866719410826,92.17149669394412,91.06613688218607,74.70528374914505,7.036901644416542,0.9507150319827566,156.06002192907036,0.0,74.39741413834538,285.659520110797,0.8229772711168184,17.974257053754645,156.06002192907036,75.34812917032814,False,False,0.0,0.0,False,0.0,0,0,0,True
157,62,0.38,70.11557640365534,91.75310270636832,91.06613688218607,74.3661741254338,7.036901644416542,0.9493582333046939,156.14635222239278,0.0,74.31791439201979,284.9725542866148,0.8229772711168184,17.974257053754645,156.14635222239278,75.26727262532448,False,False,0.0,0.0,False,0.0,0,0,0,True
158,62,0.38,70.07595668347135,91.48177854586949,91.06613688218607,74.14626505240041,7.036901644416542,0.947700489233031,156.05368207042895,0.0,74.20334430876929,284.5569126229314,0.8229772711168184,17.974257053754645,156.05368207042895,75.15104479800232,False,False,0.0,0.0,False,0.0,0,0,0,True
159,62,0.38,70.0368166111321,91.4359771928186,91.06613688218607,74.10914291379477,7.036901644416542,0.9468533105564826,155.96213381022076,0.0,74.22515020196664,284.18707231229894,0.8229772711168184,17.974257053754645,155.96213381022076,75.17200351252312,False,False,0.0,0.0,False,0.0,0,0,0,True
160,62,0.38,70.0233741805615,91.49512048805977,91.06613688218607,74.157078737898,7.036901644416542,0.9464203657306817,155.93069209184821,0.0,74.35202418515686,283.75808870642516,0.8229772711168184,17.974257053754645,155.93069209184821,75.29844455088755,False,False,0.0,0.0,False,0.0,0,0,0,True
161,62,0.38,70.02721539354067,91.55019101102816,91.06613688218607,74.20171356745087,7.036901644416542,0.9461991122582234,155.93967665280232,0.0,74.50495764502398,283.27403457758305,0.8229772711168184,17.974257053754645,155.93967665280232,75.4511567572822,False,False,0.0,0.0,False,0.0,0,0,0,True
162,62,0.38,70.03425483691377,91.5677682807954,91.06613688218607,74.21595999907665,7.036901644416542,0.9460860421935191,155.95614184449548,0.0,74.64071804015185,282.7724031789738,0.8229772711168184,17.974257053754645,155.95614184449548,75.58680408234537,False,False,0.0,0.0,False,0.0,0,0,0,True
163,62,0.38,70.03773567238851,91.5613510035232,91.06613688218607,74.21075877595769,7.036901644416542,0.9460282585145693,155.9642834858591,0.0,74.7562167874485,282.2771890576367,0.8229772711168184,17.974257053754645,155.9642834858591,75.70224504596307,False,False,0.0,0.0,False,0.0,0,0,0,True
164,62,0.38,70.03774750685815,91.551134736811,91.06613688218607,74.20247846012288,7.036901644416542,0.945998728562665,155.96431116657268,0.0,74.86370320644973,281.79219120301167,0.8229772711168184,17.974257053754645,155.96431116657268,75.8097019350124,False,False,0.0,0.0,False,0.0,0,0,0,True
165,62,0.38,70.036593944589,91.54632986574083,91.06613688218607,74.19858409722815,7.036901644416542,0.9459836374836661,155.96161299529982,0.0,74.97250215429506,281.311998219457,0.8229772711168184,17.974257053754645,155.96161299529982,75.91848579177872,False,False,0.0,0.0,False,0.0,0,0,0,True
166,62,0.38,70.03580574575382,91.5464639716426,91.06613688218607,74.19869279047718,7.036901644416542,0.9459759252914112,155.9597694056547,0.0,75.08485988080855,280.8316711300005,0.8229772711168184,17.974257053754645,155.9597694056547,76.03083580609996,False,False,0.0,0.0,False,0.0,0,0,0,True
167,62,0.38,70.03565379779596,91.54814985950969,91.06613688218607,74.20005920781875,7.036901644416542,0.9459719840285227,155.95941400081367,0.0,75.19919646946776,280.3496581526768,0.8229772711168184,17.974257053754645,155.95941400081367,76.14516845349628,False,False,0.0,0.0,False,0.0,0,0,0,True
168,62,0.38,70.03581227771342,91.54924693834448,91.06613688218607,74.20094839361467,7.036901644416542,0.9459699698731829,155.95978468384672,0.0,75.31369270256738,279.86654809651844,0.8229772711168184,17.974257053754645,155.95978468384672,76.25966267244057,False,False,0.0,0.0,False,0.0,0,0,0,True
169,62,0.38,70.03596996659056,91.54942957469979,91.06613688218607,74.20109642094671,7.036901644416542,0.9459689405529216,155.96015351664383,0.0,75.4276398602983,279.3832554040047,0.8229772711168184,17.974257053754645,155.96015351664383,76.37360880085122,False,False,0.0,0.0,False,0.0,0,0,0,True
170,62,0.38,70.03602404778151,91.54918830245293,91.06613688218607,74.20090086904284,7.036901644416542,0.945968414525866,155.9602800120397,0.0,75.54116196502738,278.9002039837378,0.8229772711168184,17.974257053754645,155.9602800120397,76.48713037955325,False,False,0.0,0.0,False,0.0,0,0,0,True
171,62,0.38,70.03600821354252,91.54896380916466,91.06613688218607,74.20071891653689,7.036901644416542,0.9459681457033488,155.9602429759039,0.0,75.65457858793344,278.4173770567593,0.8229772711168184,17.974257053754645,155.9602429759039,76.60054673363679,False,False,0.0,0.0,False,0.0,0,0,0,True
172,62,0.38,70.03597945860471,91.54889172342166,91.06613688218607,74.20066049081875,7.036901644416542,0.9459680083234451,155.96017571837544,0.0,75.76806509510486,277.93462221552363,0.8229772711168184,17.974257053754645,155.96017571837544,76.7140331034283,False,False,0.0,0.0,False,0.0,0,0,0,True
173,62,0.38,70.03596520727362,91.54891744066526,91.06613688218607,74.20068133472441,7.036901644416542,0.9459679381163879,155.9601423846464,0.0,75.88163409809172,277.4518416570445,0.8229772711168184,17.974257053754645,155.9601423846464,76.8276020362081,False,False,0.0,0.0,False,0.0,0,0,0,True
174,62,0.38,70.03596509510811,91.15012544727665,91.06613688218607,74.20071487347735,7.036901644416542,0.9459679022375523,155.9601421222923,0.0,75.99523582135566,277.3678530919539,0.8268362290643226,17.974257053754645,155.9601421222923,76.94120372359322,False,False,0.0,0.0,False,0.0,0,0,0,True
175,62,0.38,70.12790746708421,91.92772968940236,91.06613688218607,74.50770983642623,7.036901644416542,0.9459678839019202,156.17519446362263,0.0,76.03567829651885,276.5062602847376,0.8229772711168184,17.974257053754645,156.17519446362263,76.98164618042077,False,False,0.0,0.0,False,0.0,0,0,0,True
176,62,0.38,70.09842607773523,90.73538447229376,91.06613688218607,74.19025901535262,7.036901644416542,0.9459678745316207,156.10623777185037,0.0,75.87225731157912,276.8370126946299,0.8307024455710428,17.974257053754645,156.10623777185037,76.81822518611074,False,False,0.0,0.0,False,0.0,0,0,0,True
177,62,0.38,70.23217671077127,92.17371008230745,91.06613688218607,74.70707770727375,7.036901644416542,0.9459678697429934,156.41907924168203,0.0,75.70489697370446,275.7294394945085,0.8229772711168184,17.974257053754645,156.41907924168203,76.65086484344745,False,False,0.0,0.0,False,0.0,0,0,0,True
178,62,0.38,70.14848510862181,90.6360400070928,91.06613688218607,74.10902949670489,7.036901644416542,0.9459678672957985,156.22332537319792,0.0,75.23394289371936,276.1595363696018,0.8307024455710428,17.974257053754645,156.22332537319792,76.17991076101515,False,False,0.0,0.0,False,0.0,0,0,0,True
179,62,0.38,70.23117642841292,91.64262880917778,91.06613688218607,74.58449389152143,7.036901644416542,0.945967866045176,156.41673959067535,0.0,74.9528980189593,275.5830444426101,0.8268815085535337,17.974257053754645,156.41673959067535,75.89886588500448,False,False,0.0,0.0,False,0.0,0,0,0,True
180,62,0.38,70.22291399828033,90.94289318522709,91.06613688218607,74.35992959370532,7.036901644416542,0.9459678654060542,156.39741384448337,0.0,74.90628529995324,275.7062881395691,0.8307024455710428,17.974257053754645,156.39741384448337,75.8522531653593,False,False,0.0,0.0,False,0.0,0,0,0,True
181,62,0.38,70.27128857712654,91.96896786306613,91.06613688218607,74.54113350399537,7.036901644416542,0.9459678650794352,156.5105615283875,0.0,74.43072162565103,274.803457158689,0.8229772711168184,17.974257053754645,156.5105615283875,75.37668949073047,False,False,0.0,0.0,False,0.0,0,0,0,True
182,62,0.38,70.13540070389574,90.07907848715787,91.06613688218607,73.9721737719575,7.036901644416542,0.9459678649125187,156.19272107388764,0.0,73.92084271934087,275.7905155537172,0.8346066830077581,17.974257053754645,156.19272107388764,74.86681058425339,False,False,0.0,0.0,False,0.0,0,0,0,True
183,62,0.38,70.28080448040379,91.50222378671938,91.06613688218607,74.78136939417706,7.036901644416542,0.9459678648272172,156.53281913644852,0.0,74.14374195657086,275.35442864918383,0.8262503254525188,17.974257053754645,156.53281913644852,75.08970982139807,False,False,0.0,0.0,False,0.0,0,0,0,True
184,62,0.38,70.26685374546342,90.97774545794279,91.06613688218607,74.38842673575292,7.036901644416542,0.9459678647836245,156.50018849893374,0.0,74.06951974025587,275.44282007342713,0.8307024455710428,17.974257053754645,156.50018849893374,75.0154876050395,False,False,0.0,0.0,False,0.0,0,0,0,True
185,62,0.38,70.27889506133319,91.08526279754456,91.06613688218607,74.46186413708112,7.036901644416542,0.9459678647613468,156.5283530232421,0.0,73.85832073024278,275.42369415806866,0.830740466501038,17.974257053754645,156.5283530232421,74.80428859500412,False,False,0.0,0.0,False,0.0,0,0,0,True
186,62,0.38,70.28613723727042,90.7007966901786,91.06613688218607,74.45736249393386,7.036901644416542,0.9459678647499619,156.5452924044888,0.0,73.88915251267773,275.7890343500761,0.8301165419592389,17.974257053754645,156.5452924044888,74.83512037742769,False,False,0.0,0.0,False,0.0,0,0,0,True
187,62,0.38,70.29160659097988,91.08099261491579,91.06613688218607,74.4583732786373,7.036901644416542,0.9459678647441438,156.55808517125678,0.0,73.89987101102864,275.7741786173464,0.830740466501038,17.974257053754645,156.55808517125678,74.84583887577278,False,False,0.0,0.0,False,0.0,0,0,0,True
188,62,0.38,70.28862462724,91.44182833271819,91.06613688218607,74.43538817230491,7.036901644416542,0.9459678647411704,156.55111038617952,0.0,73.87735498368265,275.3984871668143,0.8268434876235384,17.974257053754645,156.55111038617952,74.82332284842381,False,False,0.0,0.0,False,0.0,0,0,0,True
189,62,0.38,70.21990661896943,90.00727870572,91.06613688218607,74.21304262273524,7.036901644416542,0.945967864739651,156.39037961262517,0.0,73.62316632851237,276.45734534328034,0.8340135208367384,17.974257053754645,156.39037961262517,74.56913419325203,False,False,0.0,0.0,False,0.0,0,0,0,True
190,62,0.38,70.31123254166802,91.33638448142857,91.06613688218607,74.68166979853562,7.036901644416542,0.9459678647388745,156.6039900849065,0.0,74.09146365974668,276.1870977440379,0.8307024455710428,17.974257053754645,156.6039900849065,75.03743152448556,False,False,0.0,0.0,False,0.0,0,0,0,True
191,62,0.38,70.30867244409288,91.46663018047013,91.06613688218607,74.45557734829218,7.036901644416542,0.9459678647384777,156.59800204081176,0.0,73.82035036730251,275.78660444575377,0.8268434876235384,17.974257053754645,156.59800204081176,74.76631823204099,False,False,0.0,0.0,False,0.0,0,0,0,True
192,62,0.38,70.23103812855577,89.99443830372365,91.06613688218607,74.20245542007393,7.036901644416542,0.945967864738275,156.41641610861313,0.0,73.58056078781844,276.85830302421624,0.8340135208367384,17.974257053754645,156.41641610861313,74.52652865255672,False,False,0.0,0.0,False,0.0,0,0,0,True
193,62,0.38,70.31174540660658,91.71390808462976,91.06613688218607,74.65686626735868,7.036901644416542,0.9459678647381713,156.60518967116315,0.0,74.03047357473223,276.2105318217726,0.8268434876235384,17.974257053754645,156.60518967116315,74.97644143947039,False,False,0.0,0.0,False,0.0,0,0,0,True
194,62,0.38,70.26040296557936,90.1044764130127,91.06613688218607,74.29318433680403,7.036901644416542,0.9459678647381184,156.48510018559506,0.0,73.74765571035248,277.17219229094593,0.8340135208367384,17.974257053754645,156.48510018559506,74.6936235750906,False,False,0.0,0.0,False,0.0,0,0,0,True
195,62,0.38,70.32128927465817,91.25947479621664,91.06613688218607,74.61878419442597,7.036901644416542,0.9459678647380911,156.62751268856772,0.0,74.06328577028839,276.97885437691525,0.8307024455710428,17.974257053754645,156.62751268856772,75.00925363502648,False,False,0.0,0.0,False,0.0,0,0,0,True
196,62,0.38,70.30614454199502,91.04138614486675,91.06613688218607,74.42318091264677,7.036901644416542,0.9459678647380774,156.59208930163493,0.0,73.78300181419705,277.00360511423463,0.8307477250602536,17.974257053754645,156.59208930163493,74.72896967893513,False,False,0.0,0.0,False,0.0,0,0,0,True
197,62,0.38,70.2887723945825,90.62899056463404,91.06613688218607,74.40125121787739,7.036901644416542,0.9459678647380703,156.55145601260062,0.0,73.81574035434593,277.4407514317867,0.8301092834000231,17.974257053754645,156.55145601260062,74.761708219084,False,False,0.0,0.0,False,0.0,0,0,0,True
198,62,0.38,70.28820076084907,91.06284664349985,91.06613688218607,74.44072412722069,7.036901644416542,0.9459678647380667,156.55011896668682,0.0,73.83821789937613,277.4440416704728,0.8307477250602536,17.974257053754645,156.55011896668682,74.7841857641142,False,False,0.0,0.0,False,0.0,0,0,0,True
199,62,0.38,70.28663113806515,90.6723475516114,91.06613688218607,74.43684484040432,7.036901644416542,0.9459678647380647,156.54644763379173,0.0,73.88712218391194,277.8378310010475,0.8301092834000231,17.974257053754645,156.54644763379173,74.83309004865,False,False,0.0,0.0,False,0.0,0,0,0,True
200,62,0.38,70.29029513258477,91.05649636867344,91.06613688218607,74.45281782748388,7.036901644416542,0.9459678647380638,156.5550176824334,0.0,73.88953143269474,277.8474715145602,0.8307024455710428,17.974257053754645,156.5550176824334,74.8354992974328,False,False,0.0,0.0,False,0.0,0,0,0,True
201,62,0.38,70.28820488046898,91.46153767853805,91.06613688218607,74.43711062128449,7.036901644416542,0.9459678647380634,156.55012860243897,0.0,73.80932678725594,277.4520707182082,0.8268815085535337,17.974257053754645,156.55012860243897,74.755294651994,False,False,0.0,0.0,False,0.0,0,0,0,True
202,62,0.38,70.2197408860817,89.99001268547696,91.06613688218607,74.2134891063887,7.036901644416542,0.9459678647380629,156.38999196496306,0.0,73.64460655032703,278.5281949149174,0.833975499906743,17.974257053754645,156.38999196496306,74.59057441506509,False,False,0.0,0.0,False,0.0,0,0,0,True
203,62,0.38,70.31133182927326,91.35848237986914,91.06613688218607,74.68239610546854,7.036901644416542,0.9459678647380629,156.60422231767922,0.0,73.96273766848076,278.2358494172342,0.8307477250602536,17.974257053754645,156.60422231767922,74.90870553321882,False,False,0.0,0.0,False,0.0,0,0,0,True
204,62,0.38,70.30859992681461,91.09995631902473,91.06613688218607,74.45509870422717,7.036901644416542,0.9459678647380629,156.59783242358148,0.0,73.94676133107471,278.20202998039554,0.8307917069525669,17.974257053754645,156.59783242358148,74.89272919581278,False,False,0.0,0.0,False,0.0,0,0,0,True
205,62,0.38,70.27049695129017,89.7369396418684,91.06613688218607,74.33438079810368,7.036901644416542,0.9459678647380629,156.50870992301873,0.0,73.75746110604946,279.5312272207132,0.8378797373434583,17.974257053754645,156.50870992301873,74.70342897078753,False,False,0.0,0.0,False,0.0,0,0,0,True
206,62,0.38,70.3690164441654,92.23172654575295,91.06613688218607,74.75410023071404,7.036901644416542,0.9459678647380629,156.73914608813095,0.0,74.05369523771495,278.3656375571464,0.8229772711168184,17.974257053754645,156.73914608813095,74.99966310245301,False,False,0.0,0.0,False,0.0,0,0,0,True
207,62,0.38,70.20830742243533,89.31252651116758,91.06613688218607,73.98281445988067,7.036901644416542,0.9459678647380629,156.3632492012751,0.0,73.44975358960323,280.1192479281649,0.8378797373434583,17.974257053754645,156.3632492012751,74.3957214543413,False,False,0.0,0.0,False,0.0,0,0,0,True
208,62,0.38,70.34006884999232,91.1171746984754,91.06613688218607,74.80558400340212,7.036901644416542,0.9459678647380629,156.67143793824312,0.0,74.04370251171459,280.0682101118755,0.834657923459287,17.974257053754645,156.67143793824312,74.98967037645265,False,False,0.0,0.0,False,0.0,0,0,0,True
209,62,0.38,70.3690164441654,90.87818386044266,91.06613688218607,74.5883754271527,7.036901644416542,0.9459678647380629,156.73914608813095,0.0,74.00174979978017,280.25616313361894,0.830154562889234,17.974257053754645,156.73914608813095,74.94771766451824,False,False,0.0,0.0,False,0.0,0,0,0,True
210,62,0.38,70.31728755888841,90.92671095397951,91.06613688218607,74.34669810816428,7.036901644416542,0.9459678647380629,156.6181527131056,0.0,73.94996717390141,280.39558906182555,0.8307024455710428,17.974257053754645,156.6181527131056,74.89593503863948,False,False,0.0,0.0,False,0.0,0,0,0,True
211,62,0.38,70.28577400519171,91.01045437133632,91.06613688218607,74.36469623043882,7.036901644416542,0.9459678647380629,156.5444428080808,0.0,73.70284802310589,280.45127157267524,0.830836986441778,17.974257053754645,156.5444428080808,74.64881588784395,False,False,0.0,0.0,False,0.0,0,0,0,True
212,62,0.38,70.24429332338586,90.09644213549919,91.06613688218607,74.3012599666666,7.036901644416542,0.9459678647380629,156.44741988436667,0.0,73.82600731228756,281.42096631936215,0.833975499906743,17.974257053754645,156.44741988436667,74.77197517702562,False,False,0.0,0.0,False,0.0,0,0,0,True
213,62,0.38,70.32535693121702,90.92975278996263,91.06613688218607,74.67074028048792,7.036901644416542,0.9459678647380629,156.6370268989139,0.0,73.99209397519327,281.5573504115855,0.8346066830077581,17.974257053754645,156.6370268989139,74.93806183993134,False,False,0.0,0.0,False,0.0,0,0,0,True
214,62,0.38,70.35735988638709,90.89654949585118,91.06613688218607,74.58449904136238,7.036901644416542,0.9459678647380629,156.71188150937144,0.0,73.93099126843684,281.72693779792047,0.8302058033407629,17.974257053754645,156.71188150937144,74.8769591331749,False,False,0.0,0.0,False,0.0,0,0,0,True
215,62,0.38,70.31360985545679,90.55401179996885,91.06613688218607,74.36218497250894,7.036901644416542,0.9459678647380629,156.609550599448,0.0,73.94898047101131,282.2390628801376,0.8346066830077581,17.974257053754645,156.609550599448,74.89494833574938,False,False,0.0,0.0,False,0.0,0,0,0,True
216,62,0.38,70.33269394033937,90.3739563157309,91.06613688218607,74.53012198120456,7.036901644416542,0.9459678647380629,156.6541880940866,0.0,73.86795690755216,282.9312434465928,0.833975499906743,17.974257053754645,156.6541880940866,74.81392477229022,False,False,0.0,0.0,False,0.0,0,0,0,True
217,62,0.38,70.35289136520404,91.60282793730526,91.06613688218607,74.55210145665106,7.036901644416542,0.9459678647380629,156.70142968044814,0.0,73.91405380856614,282.3945523914736,0.8268815085535337,17.974257053754645,156.70142968044814,74.8600216733042,False,False,0.0,0.0,False,0.0,0,0,0,True
218,62,0.38,70.26099214008906,90.37605664140348,91.06613688218607,74.19713922602405,7.036901644416542,0.9459678647380629,156.4864782592192,0.0,73.66643005653023,283.0846326322562,0.834657923459287,17.974257053754645,156.4864782592192,74.6123979212683,False,False,0.0,0.0,False,0.0,0,0,0,True
219,62,0.38,70.30633389448718,90.83143289701475,91.06613688218607,74.5674448688797,7.036901644416542,0.9459678647380629,156.592532195329,0.0,73.84920550623625,283.31933661742755,0.8301092834000231,17.974257053754645,156.592532195329,74.79517337097431,False,False,0.0,0.0,False,0.0,0,0,0,True
220,62,0.38,70.30420592841871,91.07704720171269,91.06613688218607,74.45233259187273,7.036901644416542,0.9459678647380629,156.58755490275482,0.0,73.95904369012018,283.3084262979009,0.8307477250602536,17.974257053754645,156.58755490275482,74.90501155485825,False,False,0.0,0.0,False,0.0,0,0,0,True
221,62,0.38,70.2906903267722,90.23105474498225,91.06613688218607,74.41227307944803,7.036901644416542,0.9459678647380629,156.5559420379124,0.0,73.86157263373505,284.1435084351047,0.833975499906743,17.974257053754645,156.5559420379124,74.80754049847312,False,False,0.0,0.0,False,0.0,0,0,0,True
222,62,0.38,70.33605432404566,91.29345729108888,91.06613688218607,74.59593808397202,7.036901644416542,0.9459678647380629,156.662047999898,0.0,73.94996990643372,283.91618802620195,0.830836986441778,17.974257053754645,156.662047999898,74.89593777117179,False,False,0.0,0.0,False,0.0,0,0,0,True
223,62,0.38,70.30076764378781,90.95527810636545,91.06613688218607,74.37005618888627,7.036901644416542,0.9459678647380629,156.57951278741513,0.0,73.96972711021576,284.02704680202254,0.8307024455710428,17.974257053754645,156.57951278741513,74.91569497495382,False,False,0.0,0.0,False,0.0,0,0,0,True
224,62,0.38,70.28498752360802,90.23574915749533,91.06613688218607,74.40142169184445,7.036901644416542,0.9459678647380629,156.54260323507054,0.0,73.74263655675034,284.85743452671323,0.8340135208367384,17.974257053754645,156.54260323507054,74.6886044214884,False,False,0.0,0.0,False,0.0,0,0,0,True
225,62,0.38,70.33394138624939,91.28372014852789,91.06613688218607,74.60246745393891,7.036901644416542,0.9459678647380629,156.65710585831073,0.0,74.06007582781027,284.6398512603714,0.8307989655117826,17.974257053754645,156.65710585831073,75.00604369254833,False,False,0.0,0.0,False,0.0,0,0,0,True
226,62,0.38,70.29864130323118,89.77751229798223,91.06613688218607,74.36798951355121,7.036901644416542,0.9459678647380629,156.5745392968977,0.0,73.85775694688449,285.92847584457525,0.8378797373434583,17.974257053754645,156.5745392968977,74.80372481162256,False,False,0.0,0.0,False,0.0,0,0,0,True
227,62,0.38,70.3690164441654,91.74756291090213,91.06613688218607,74.6870585474512,7.036901644416542,0.9459678647380629,156.73914608813095,0.0,74.00692052859567,285.2470498158592,0.8268362290643226,17.974257053754645,156.73914608813095,74.95288839333374,False,False,0.0,0.0,False,0.0,0,0,0,True
228,62,0.38,70.2764403475772,89.63179839352098,91.06613688218607,74.2103096546544,7.036901644416542,0.9459678647380629,156.52261147090695,0.0,73.63592898317506,286.6813883045243,0.8379762572841983,17.974257053754645,156.52261147090695,74.58189684791313,False,False,0.0,0.0,False,0.0,0,0,0,True
229,62,0.38,70.3647135567645,91.794877999839,91.06613688218607,74.72557537237263,7.036901644416542,0.9459678647380629,156.72908167506267,0.0,74.19096497872395,285.9526471868714,0.8268362290643226,17.974257053754645,156.72908167506267,75.13693284346202,False,False,0.0,0.0,False,0.0,0,0,0,True
230,62,0.38,70.27570236082543,90.37854762424504,91.06613688218607,74.21809528247903,7.036901644416542,0.9459678647380629,156.52088532685138,0.0,73.6989700939138,286.64023644481233,0.8346066830077581,17.974257053754645,156.52088532685138,74.64493795865187,False,False,0.0,0.0,False,0.0,0,0,0,True
231,62,0.38,70.3145654316458,90.82569035438532,91.06613688218607,74.55988918794736,7.036901644416542,0.9459678647380629,156.6117856831461,0.0,73.8485674207932,286.8806829726131,0.8301165419592389,17.974257053754645,156.6117856831461,74.79453528553127,False,False,0.0,0.0,False,0.0,0,0,0,True
232,62,0.38,70.30464680872387,90.68259747234166,91.06613688218607,74.43419662828373,7.036901644416542,0.9459678647380629,156.5885861176325,0.0,73.88228103993451,287.26422238245755,0.8346959443892823,17.974257053754645,156.5885861176325,74.82824890467258,False,False,0.0,0.0,False,0.0,0,0,0,True
233,62,0.38,70.33558479653962,90.82719587184073,91.06613688218607,74.56112508512807,7.036901644416542,0.9459678647380629,156.6609497794875,0.0,74.01917742448245,287.50316339280295,0.8301165419592389,17.974257053754645,156.6609497794875,74.96514528922052,False,False,0.0,0.0,False,0.0,0,0,0,True
234,62,0.38,70.30865556212187,91.00654461974476,91.06613688218607,74.39751231901064,7.036901644416542,0.9459678647380629,156.5979625540407,0.0,73.91231579718202,287.5627556552442,0.830740466501038,17.974257053754645,156.5979625540407,74.85828366192008,False,False,0.0,0.0,False,0.0,0,0,0,True
235,62,0.38,70.28759840043877,90.61261549549582,91.06613688218607,74.39134984866587,7.036901644416542,0.9459678647380629,156.54871005136545,0.0,73.83688524753819,288.0162770419345,0.834657923459287,17.974257053754645,156.54871005136545,74.78285311227626,False,False,0.0,0.0,False,0.0,0,0,0,True
236,62,0.38,70.32895955082603,90.45534604715836,91.06613688218607,74.5796138734042,7.036901644416542,0.9459678647380629,156.64545339221823,0.0,73.9075700306787,288.62706787696214,0.8340207793959541,17.974257053754645,156.64545339221823,74.85353789541676,False,False,0.0,0.0,False,0.0,0,0,0,True
237,62,0.38,70.35543961771455,91.6031577625437,91.06613688218607,74.56950560732056,7.036901644416542,0.9459678647380629,156.70739001904838,0.0,74.08244298504889,288.0900469966046,0.8268362290643226,17.974257053754645,156.70739001904838,75.02841084978695,False,False,0.0,0.0,False,0.0,0,0,0,True
238,62,0.38,70.26284513385858,89.59464993619552,91.06613688218607,74.19725625095205,7.036901644416542,0.9459678647380629,156.49081239417833,0.0,73.62045443185012,289.5615339425951,0.8379309777949873,17.974257053754645,156.49081239417833,74.56642229658819,False,False,0.0,0.0,False,0.0,0,0,0,True
239,62,0.38,70.36130325008463,91.43698964560434,91.06613688218607,74.74657307693369,7.036901644416542,0.9459678647380629,156.72110499988673,0.0,74.14203892261004,289.1906811791768,0.8307477250602536,17.974257053754645,156.72110499988673,75.0880067873481,False,False,0.0,0.0,False,0.0,0,0,0,True
240,62,0.38,70.32300840049501,90.60818773403756,91.06613688218607,74.38417327608846,7.036901644416542,0.9459678647380629,156.63153370769425,0.0,73.90901803909483,289.6486303273253,0.8301092834000231,17.974257053754645,156.63153370769425,74.8549859038329,False,False,0.0,0.0,False,0.0,0,0,0,True
241,62,0.38,70.29371539455785,90.57276511636866,91.06613688218607,74.37758503657292,7.036901644416542,0.9459678647380629,156.56301764294636,0.0,73.79693977103004,290.1420020931427,0.8346066830077581,17.974257053754645,156.56301764294636,74.7429076357681,False,False,0.0,0.0,False,0.0,0,0,0,True
242,62,0.38,70.32991942066803,91.64553256335932,91.06613688218607,74.56824779051954,7.036901644416542,0.9459678647380629,156.64769851873018,0.0,73.87635349872109,289.56260641196945,0.8269327490050626,17.974257053754645,156.64769851873018,74.82232136345915,False,False,0.0,0.0,False,0.0,0,0,0,True
243,62,0.38,70.1988382496632,89.3867868262652,91.06613688218607,74.04432864303294,7.036901644416542,0.9459678647380629,156.34110089542503,0.0,73.52245255335814,291.24195646789036,0.8378797373434583,17.974257053754645,156.34110089542503,74.4684204180962,False,False,0.0,0.0,False,0.0,0,0,0,True
244,62,0.38,70.34862622281776,91.95941452129668,91.06613688218607,74.85671317817949,7.036901644416542,0.9459678647380629,156.6914535526132,0.0,74.10828291210147,290.3486788287797,0.8268434876235384,17.974257053754645,156.6914535526132,75.05425077683954,False,False,0.0,0.0,False,0.0,0,0,0,True
245,62,0.38,70.28191085983565,89.70903868547582,91.06613688218607,74.277146481605,7.036901644416542,0.9459678647380629,156.53540694751,0.0,73.77390888301306,291.70577702548997,0.8379689987249825,17.974257053754645,156.53540694751,74.71987674775113,False,False,0.0,0.0,False,0.0,0,0,0,True
246,62,0.38,70.3690164441654,91.39171557576663,91.06613688218607,74.72691155559014,7.036901644416542,0.9459678647380629,156.73914608813095,0.0,74.19992212576015,291.3801983319094,0.8307024455710428,17.974257053754645,156.73914608813095,75.14588999049822,False,False,0.0,0.0,False,0.0,0,0,0,True
247,62,0.38,70.32352870741929,90.60911548521601,91.06613688218607,74.36753724427483,7.036901644416542,0.9459678647380629,156.63275070068528,0.0,73.7633658253047,291.83721972887946,0.830154562889234,17.974257053754645,156.63275070068528,74.70933369004277,False,False,0.0,0.0,False,0.0,0,0,0,True
248,62,0.38,70.29236161351346,90.58883364265405,91.06613688218607,74.37182536937424,7.036901644416542,0.9459678647380629,156.55985116184533,0.0,73.91454622373298,292.3145229684115,0.834657923459287,17.974257053754645,156.55985116184533,74.86051408847105,False,False,0.0,0.0,False,0.0,0,0,0,True
249,62,0.38,70.32872371743743,90.80400850655148,91.06613688218607,74.5674801435112,7.036901644416542,0.9459678647380629,156.64490178014546,0.0,73.91120904917638,292.576651344046,0.8346066830077581,17.974257053754645,156.64490178014546,74.85717691391444,False,False,0.0,0.0,False,0.0,0,0,0,True
250,62,0.38,70.35025387010499,91.22248860110018,91.06613688218607,74.55275221546131,7.036901644416542,0.9459678647380629,156.69526060427455,0.0,73.9037003267554,292.420299625132,0.8262503254525188,17.974257053754645,156.69526060427455,74.84966819149346,False,False,0.0,0.0,False,0.0,0,0,0,True
251,62,0.38,70.26463674049623,90.37549829339518,91.06613688218607,74.215591197898,7.036901644416542,0.9459678647380629,156.4950029452147,0.0,73.69257280749392,293.11093821392285,0.8346066830077581,17.974257053754645,156.4950029452147,74.63854067223198,False,False,0.0,0.0,False,0.0,0,0,0,True
252,62,0.38,70.31244187398651,90.89003994718354,91.06613688218607,74.57915767880182,7.036901644416542,0.9459678647380629,156.60681870179934,0.0,73.86614805771072,293.2870351489253,0.8302058033407629,17.974257053754645,156.60681870179934,74.81211592244878,False,False,0.0,0.0,False,0.0,0,0,0,True
253,62,0.38,70.29733805552222,90.61814574502645,91.06613688218607,74.41485122318733,7.036901644416542,0.9459678647380629,156.57149101279182,0.0,74.01234000160102,293.73502628608503,0.8346066830077581,17.974257053754645,156.57149101279182,74.95830786633908,False,False,0.0,0.0,False,0.0,0,0,0,True
254,62,0.38,70.3346091079984,91.20626532976151,91.06613688218607,74.57527719744421,7.036901644416542,0.9459678647380629,156.6586676531872,0.0,73.92448111785087,293.59489783850955,0.8307024455710428,17.974257053754645,156.6586676531872,74.87044898258894,False,False,0.0,0.0,False,0.0,0,0,0,True
255,62,0.38,70.30538162732573,90.2650493147483,91.06613688218607,74.38890483537593,7.036901644416542,0.9459678647380629,156.59030485141523,0.0,73.72290598129493,294.3959854059474,0.8341100407774782,17.974257053754645,156.59030485141523,74.668873846033,False,False,0.0,0.0,False,0.0,0,0,0,True
256,62,0.38,70.33650364814699,91.19056866285635,91.06613688218607,74.56244273611313,7.036901644416542,0.9459678647380629,156.6630989647353,0.0,74.15332839284173,294.271553625277,0.8307024455710428,17.974257053754645,156.6630989647353,75.0992962575798,False,False,0.0,0.0,False,0.0,0,0,0,True
257,62,0.38,70.30497309691218,90.21344066991718,91.06613688218607,74.3830278378885,7.036901644416542,0.9459678647380629,156.58934930262907,0.0,73.76056121424642,295.1242498375459,0.8340135208367384,17.974257053754645,156.58934930262907,74.70652907898449,False,False,0.0,0.0,False,0.0,0,0,0,True
258,62,0.38,70.33654614286145,91.23611018778244,91.06613688218607,74.56355777167337,7.036901644416542,0.9459678647380629,156.66319835947183,0.0,74.03281589667692,294.9542765319496,0.8307989655117826,17.974257053754645,156.66319835947183,74.97878376141499,False,False,0.0,0.0,False,0.0,0,0,0,True
259,62,0.38,70.29397688652037,90.15094822870174,91.06613688218607,74.34621036986587,7.036901644416542,0.9459678647380629,156.56362927018168,0.0,73.82817100584606,295.8694651854339,0.833975499906743,17.974257053754645,156.56362927018168,74.77413887058412,False,False,0.0,0.0,False,0.0,0,0,0,True
260,62,0.38,70.33386524786899,91.23075072725857,91.06613688218607,74.58079997942511,7.036901644416542,0.9459678647380629,156.65692777135672,0.0,73.98923809894382,295.7048513403614,0.830740466501038,17.974257053754645,156.65692777135672,74.93520596368188,False,False,0.0,0.0,False,0.0,0,0,0,True
261,62,0.38,70.30580996976143,91.38865859007953,91.06613688218607,74.39210699010971,7.036901644416542,0.9459678647380629,156.59130674033443,0.0,73.84350305604725,295.382329632468,0.8268434876235384,17.974257053754645,156.59130674033443,74.78947092078532,False,False,0.0,0.0,False,0.0,0,0,0,True
262,62,0.38,70.22069047529955,89.58533596896322,91.06613688218607,74.17472330408336,7.036901644416542,0.9459678647380629,156.39221304519208,0.0,73.55019731986106,296.8631305456908,0.8379689987249825,17.974257053754645,156.39221304519208,74.49616518459912,False,False,0.0,0.0,False,0.0,0,0,0,True
263,62,0.38,70.3547399857622,91.920546104441,91.06613688218607,74.82507354729013,7.036901644416542,0.9459678647380629,156.7057535865071,0.0,74.26379706067138,296.0087213234359,0.8268434876235384,17.974257053754645,156.7057535865071,75.20976492540944,False,False,0.0,0.0,False,0.0,0,0,0,True
264,62,0.38,70.28076626843944,89.64565132376407,91.06613688218607,74.25876131935314,7.036901644416542,0.9459678647380629,156.5327297590241,0.0,73.78086969985588,297.42920688185785,0.8378797373434583,17.974257053754645,156.5327297590241,74.72683756459395,False,False,0.0,0.0,False,0.0,0,0,0,True
265,62,0.38,70.3690164441654,91.43587048165266,91.06613688218607,74.72963804700167,7.036901644416542,0.9459678647380629,156.73914608813095,0.0,74.03409002367552,297.05947328239125,0.8307917069525669,17.974257053754645,156.73914608813095,74.98005788841358,False,False,0.0,0.0,False,0.0,0,0,0,True
266,62,0.38,70.32302966187888,90.97127922848439,91.06613688218607,74.36587093591982,7.036901644416542,0.9459678647380629,156.6315834378707,0.0,73.85364451381915,297.15433093609295,0.8307477250602536,17.974257053754645,156.6315834378707,74.79961237855721,False,False,0.0,0.0,False,0.0,0,0,0,True
267,62,0.38,70.28784325434077,90.1651560631528,91.06613688218607,74.35792736973947,7.036901644416542,0.9459678647380629,156.54928276233406,0.0,73.78587888070413,298.0553117551262,0.833975499906743,17.974257053754645,156.54928276233406,74.7318467454422,False,False,0.0,0.0,False,0.0,0,0,0,True
268,62,0.38,70.3315207308598,91.23904726890679,91.06613688218607,74.58758237141743,7.036901644416542,0.9459678647380629,156.6514439681735,0.0,73.91035092778137,297.88240136840545,0.830740466501038,17.974257053754645,156.6514439681735,74.85631879251943,False,False,0.0,0.0,False,0.0,0,0,0,True
269,62,0.38,70.30584770171752,90.25802088122944,91.06613688218607,74.39781776929442,7.036901644416542,0.9459678647380629,156.59139499502407,0.0,73.8327361860146,298.6905173693621,0.834072019847483,17.974257053754645,156.59139499502407,74.77870405075267,False,False,0.0,0.0,False,0.0,0,0,0,True
270,62,0.38,70.33733216953048,91.2103212303793,91.06613688218607,74.56409894158111,7.036901644416542,0.9459678647380629,156.665036868441,0.0,74.06431144399326,298.5463330211689,0.830740466501038,17.974257053754645,156.665036868441,75.01027930873133,False,False,0.0,0.0,False,0.0,0,0,0,True
271,62,0.38,70.30511193270964,90.19376143800307,91.06613688218607,74.38151781729562,7.036901644416542,0.9459678647380629,156.58967403825056,0.0,73.87180957136724,299.4187084653519,0.833975499906743,17.974257053754645,156.58967403825056,74.8177774361053,False,False,0.0,0.0,False,0.0,0,0,0,True
272,62,0.38,70.33662025680187,90.84356313500514,91.06613688218607,74.56347452149062,7.036901644416542,0.9459678647380629,156.6633717112798,0.0,73.91140586502962,299.6412822125328,0.8347032029484979,17.974257053754645,156.6633717112798,74.85737372976769,False,False,0.0,0.0,False,0.0,0,0,0,True
273,62,0.38,70.35116948039536,91.56322622333205,91.06613688218607,74.53699935742827,7.036901644416542,0.9459678647380629,156.69740220811246,0.0,74.0449187165579,299.1441928713868,0.8268362290643226,17.974257053754645,156.69740220811246,74.99088658129597,False,False,0.0,0.0,False,0.0,0,0,0,True
274,62,0.38,70.25941977181,89.99006121911188,91.06613688218607,74.19599074516178,7.036901644416542,0.9459678647380629,156.48280050463688,0.0,73.60855146823108,300.220268534461,0.8340207793959541,17.974257053754645,156.48280050463688,74.55451933296915,False,False,0.0,0.0,False,0.0,0,0,0,True
275,62,0.38,70.31392613786245,91.27301857148767,91.06613688218607,74.59654078180603,7.036901644416542,0.9459678647380629,156.6102903810133,0.0,74.04068409743941,300.0133868451594,0.8307917069525669,17.974257053754645,156.6102903810133,74.98665196217748,False,False,0.0,0.0,False,0.0,0,0,0,True
276,62,0.38,70.28980663588747,89.79945780968455,91.06613688218607,74.38616827059596,7.036901644416542,0.9459678647380629,156.5538750932634,0.0,73.86081818251797,301.2800659176609,0.8378797373434583,17.974257053754645,156.5538750932634,74.80678604725604,False,False,0.0,0.0,False,0.0,0,0,0,True
277,62,0.38,70.3690164441654,91.77685137293088,91.06613688218607,74.70810330168926,7.036901644416542,0.9459678647380629,156.73914608813095,0.0,74.02817934108691,300.5693514269161,0.8268434876235384,17.974257053754645,156.73914608813095,74.97414720582498,False,False,0.0,0.0,False,0.0,0,0,0,True
278,62,0.38,70.27795920432537,90.78375312957019,91.06613688218607,74.21538110301856,7.036901644416542,0.9459678647380629,156.52616406252292,0.0,73.67146694780962,300.85173517953194,0.830740466501038,17.974257053754645,156.52616406252292,74.61743481254769,False,False,0.0,0.0,False,0.0,0,0,0,True
279,62,0.38,70.2684344485838,89.84004942399724,91.06613688218607,74.40048232185298,7.036901644416542,0.9459678647380629,156.50388574863132,0.0,73.74648156035441,302.0778226377208,0.8379309777949873,17.974257053754645,156.50388574863132,74.69244942509248,False,False,0.0,0.0,False,0.0,0,0,0,True
280,62,0.38,70.3690164441654,91.45220762328991,91.06613688218607,74.75901324677704,7.036901644416542,0.9459678647380629,156.73914608813095,0.0,74.12004615880853,301.69175189661695,0.8307477250602536,17.974257053754645,156.73914608813095,75.0660140235466,False,False,0.0,0.0,False,0.0,0,0,0,True
281,62,0.38,70.32690481504326,90.60165471147346,91.06613688218607,74.37881003580546,7.036901644416542,0.9459678647380629,156.64064738459194,0.0,73.90160126177796,302.1562340673296,0.8301092834000231,17.974257053754645,156.64064738459194,74.84756912651602,False,False,0.0,0.0,False,0.0,0,0,0,True
282,62,0.38,70.29408392059273,90.58604266686353,91.06613688218607,74.36953402776228,7.036901644416542,0.9459678647380629,156.5638796218679,0.0,73.78814058006876,302.63632828265213,0.834657923459287,17.974257053754645,156.5638796218679,74.73410844480682,False,False,0.0,0.0,False,0.0,0,0,0,True
283,62,0.38,70.32900722163942,90.84887983428241,91.06613688218607,74.56432411349391,7.036901644416542,0.9459678647380629,156.64556489380138,0.0,73.96096305838465,302.85358533055575,0.830154562889234,17.974257053754645,156.64556489380138,74.90693092312272,False,False,0.0,0.0,False,0.0,0,0,0,True
284,62,0.38,70.30757985868054,91.00362682249121,91.06613688218607,74.40958876808114,7.036901644416542,0.9459678647380629,156.59544649383187,0.0,74.01221564748836,302.91609539025063,0.8307024455710428,17.974257053754645,156.59544649383187,74.95818351222643,False,False,0.0,0.0,False,0.0,0,0,0,True
285,62,0.38,70.28838380394359,91.00879000798642,91.06613688218607,74.39653469937143,7.036901644416542,0.9459678647380629,156.5505471027594,0.0,73.7461093880342,302.9734422644503,0.8307477250602536,17.974257053754645,156.5505471027594,74.69207725277226,False,False,0.0,0.0,False,0.0,0,0,0,True
286,62,0.38,70.28331509189793,90.28793287452703,91.06613688218607,74.42533657291362,7.036901644416542,0.9459678647380629,156.53869143306633,0.0,73.85791884595963,303.75164627210927,0.8340647612882673,17.974257053754645,156.53869143306633,74.8038867106977,False,False,0.0,0.0,False,0.0,0,0,0,True
287,62,0.38,70.33492401530846,90.8554607451275,91.06613688218607,74.6097322845946,7.036901644416542,0.9459678647380629,156.65940421841685,0.0,74.08386812751864,303.9623224091679,0.8346066830077581,17.974257053754645,156.65940421841685,75.02983599225671,False,False,0.0,0.0,False,0.0,0,0,0,True
288,62,0.38,70.35469678276131,91.22256853776085,91.06613688218607,74.55281754472547,7.036901644416542,0.9459678647380629,156.70565253509528,0.0,73.91712716985145,303.80589075359313,0.8262503254525188,17.974257053754645,156.70565253509528,74.86309503458952,False,False,0.0,0.0,False,0.0,0,0,0,True
289,62,0.38,70.26542083840046,89.99169711154194,91.06613688218607,74.20762598547913,7.036901644416542,0.9459678647380629,156.49683694282118,0.0,73.72137166689595,304.88033052423725,0.8385621608960022,17.974257053754645,156.49683694282118,74.66733953163401,False,False,0.0,0.0,False,0.0,0,0,0,True
290,62,0.38,70.35822378890563,90.39971268659822,91.06613688218607,74.73015528875536,7.036901644416542,0.9459678647380629,156.7139021692185,0.0,74.02262233084866,305.546754719825,0.838361963657625,17.974257053754645,156.7139021692185,74.96859019558673,False,False,0.0,0.0,False,0.0,0,0,0,True
291,62,0.38,70.3690164441654,91.59426103637063,91.06613688218607,74.54512917771568,7.036901644416542,0.9459678647380629,156.73914608813095,0.0,74.00313770556691,305.0186305656405,0.8268815085535337,17.974257053754645,156.73914608813095,74.94910557030498,False,False,0.0,0.0,False,0.0,0,0,0,True
292,62,0.38,70.2724697438448,90.37595020816326,91.06613688218607,74.19705184622195,7.036901644416542,0.9459678647380629,156.5133242662069,0.0,73.70546528910312,305.7088172396633,0.834657923459287,17.974257053754645,156.5133242662069,74.65143315384118,False,False,0.0,0.0,False,0.0,0,0,0,True
293,62,0.38,70.30823915395523,89.99297038725092,91.06613688218607,74.54646611101094,7.036901644416542,0.9459678647380629,156.59698857926435,0.0,73.84624966422689,306.7819837345985,0.8378797373434583,17.974257053754645,156.59698857926435,74.79221752896495,False,False,0.0,0.0,False,0.0,0,0,0,True
294,62,0.38,70.3690164441654,91.92089960911477,91.06613688218607,74.66419584058926,7.036901644416542,0.9459678647380629,156.73914608813095,0.0,73.98231869481108,305.92722100766974,0.8273637348677004,17.974257053754645,156.73914608813095,74.92828655954915,False,False,0.0,0.0,False,0.0,0,0,0,True
295,62,0.38,70.16497310988274,88.7576362489852,91.06613688218607,73.83812159877118,7.036901644416542,0.9459678647380629,156.2618906527182,0.0,73.34422168930718,308.2357216408706,0.8418352152317026,17.974257053754645,156.2618906527182,74.29018955404524,False,False,0.0,0.0,False,0.0,0,0,0,True
296,62,0.38,70.3690164441654,92.13870172656799,91.06613688218607,75.00546490832848,7.036901644416542,0.9459678647380629,156.73914608813095,0.0,74.22139088177249,307.16315679648875,0.8268362290643226,17.974257053754645,156.73914608813095,75.16735874651056,False,False,0.0,0.0,False,0.0,0,0,0,True
297,62,0.38,70.29925319479217,90.09981474846423,91.06613688218607,74.28648153645315,7.036901644416542,0.9459678647380629,156.57597050549072,0.0,73.79852259413119,308.12947893021055,0.8340207793959541,17.974257053754645,156.57597050549072,74.74449045886925,False,False,0.0,0.0,False,0.0,0,0,0,True
298,62,0.38,70.32843297241904,90.80597327106103,91.06613688218607,74.55009315222657,7.036901644416542,0.9459678647380629,156.64422173028822,0.0,74.00875096145387,308.3896425413356,0.834657923459287,17.974257053754645,156.64422173028822,74.95471882619194,False,False,0.0,0.0,False,0.0,0,0,0,True
299,62,0.38,70.34875942546667,90.9812014152167,91.06613688218607,74.54845485251207,7.036901644416542,0.9459678647380629,156.69176511235335,0.0,73.93181534704703,308.47457800830495,0.8351269302519201,17.974257053754645,156.69176511235335,74.8777832117851,False,False,0.0,0.0,False,0.0,0,0,0,True
300,62,0.38,70.30942010019857,90.59277021803801,91.06613688218607,74.36868227844923,7.036901644416542,0.9459678647380629,156.59975080139498,0.0,73.86737750522578,308.94794467245293,0.8301165419592389,17.974257053754645,156.59975080139498,74.81334536996384,False,False,0.0,0.0,False,0.0,0,0,0,True
301,62,0.38,70.2974174538745,90.62723396953936,91.06613688218607,74.42231439592665,7.036901644416542,0.9459678647380629,156.57167672478946,0.0,73.86367401045749,309.38684758509976,0.8346066830077581,17.974257053754645,156.57167672478946,74.80964187519555,False,False,0.0,0.0,False,0.0,0,0,0,True
302,62,0.38,70.33392461054046,90.46682889950512,91.06613688218607,74.57280253482742,7.036901644416542,0.9459678647380629,156.65706662008571,0.0,73.8937403089999,309.98615556778066,0.8340647612882673,17.974257053754645,156.65706662008571,74.83970817373796,False,False,0.0,0.0,False,0.0,0,0,0,True
303,62,0.38,70.35563978215276,90.99673493660038,91.06613688218607,74.55834685819109,7.036901644416542,0.9459678647380629,156.70785820178244,0.0,74.08564505745186,310.05555751336635,0.8351341888111359,17.974257053754645,156.70785820178244,75.03161292218992,False,False,0.0,0.0,False,0.0,0,0,0,True
304,62,0.38,70.31288135965282,90.17233766179632,91.06613688218607,74.36384993244161,7.036901644416542,0.9459678647380629,156.6078466546299,0.0,73.90350574359628,310.9493567337561,0.833975499906743,17.974257053754645,156.6078466546299,74.84947360833435,False,False,0.0,0.0,False,0.0,0,0,0,True
305,62,0.38,70.34424619605116,90.84856973740634,91.06613688218607,74.5704301786784,7.036901644416542,0.9459678647380629,156.68120871129577,0.0,73.93466014896622,311.1669238785358,0.8346959443892823,17.974257053754645,156.68120871129577,74.88062801370428,False,False,0.0,0.0,False,0.0,0,0,0,True
306,62,0.38,70.35324699961463,90.57324917115706,91.06613688218607,74.5257706894917,7.036901644416542,0.9459678647380629,156.702261505982,0.0,74.01625589820392,311.65981158956487,0.8345030057101208,17.974257053754645,156.702261505982,74.96222376294199,False,False,0.0,0.0,False,0.0,0,0,0,True
307,62,0.38,70.31244625703557,90.97056228392853,91.06613688218607,74.36809689308343,7.036901644416542,0.9459678647380629,156.6068289537098,0.0,73.94144473654268,311.7553861878224,0.830740466501038,17.974257053754645,156.6068289537098,74.88741260128074,False,False,0.0,0.0,False,0.0,0,0,0,True
308,62,0.38,70.29389341048598,91.04006637364255,91.06613688218607,74.40333914517436,7.036901644416542,0.9459678647380629,156.56343402052414,0.0,73.8638158822297,311.78145669636586,0.8307989655117826,17.974257053754645,156.56343402052414,74.80978374696777,False,False,0.0,0.0,False,0.0,0,0,0,True
309,62,0.38,70.25338803739064,89.7102668748194,91.06613688218607,74.31228617764222,7.036901644416542,0.9459678647380629,156.46869233468985,0.0,73.77581687419503,313.13732670373264,0.8378797373434583,17.974257053754645,156.46869233468985,74.7217847389331,False,False,0.0,0.0,False,0.0,0,0,0,True
310,62,0.38,70.3690164441654,91.67450714714327,91.06613688218607,74.79485478029576,7.036901644416542,0.9459678647380629,156.73914608813095,0.0,74.09718181040759,312.52895643877537,0.8312226928152049,17.974257053754645,156.73914608813095,75.04314967514566,False,False,0.0,0.0,False,0.0,0,0,0,True
311,62,0.38,70.2626475446887,89.57617396152247,91.06613688218607,74.16425561583159,7.036901644416542,0.9459678647380629,156.49035023497262,0.0,73.66652855109778,314.01891935943894,0.8379762572841983,17.974257053754645,156.49035023497262,74.61249641583585,False,False,0.0,0.0,False,0.0,0,0,0,True
312,62,0.38,70.3690164441654,91.44783516495232,91.06613688218607,74.77279802955766,7.036901644416542,0.9459678647380629,156.73914608813095,0.0,74.24959850063398,313.6372210766727,0.8307024455710428,17.974257053754645,156.73914608813095,75.19556636537204,False,False,0.0,0.0,False,0.0,0,0,0,True
313,62,0.38,70.32686650726373,90.20817009155071,91.06613688218607,74.37868212649069,7.036901644416542,0.9459678647380629,156.6405577830567,0.0,73.7890549367832,314.4951878673081,0.8340135208367384,17.974257053754645,156.6405577830567,74.73502280152127,False,False,0.0,0.0,False,0.0,0,0,0,True
314,62,0.38,70.34059515511304,90.97902280393184,91.06613688218607,74.52492585300493,7.036901644416542,0.9459678647380629,156.6726689609591,0.0,73.97287903557452,314.5823019455623,0.8351854292626646,17.974257053754645,156.6726689609591,74.91884690031259,False,False,0.0,0.0,False,0.0,0,0,0,True
315,62,0.38,70.30212443607854,90.19008426167562,91.06613688218607,74.36376994957914,7.036901644416542,0.9459678647380629,156.58268631179294,0.0,73.90839024596568,315.4583545660728,0.8340135208367384,17.974257053754645,156.58268631179294,74.85435811070374,False,False,0.0,0.0,False,0.0,0,0,0,True
316,62,0.38,70.34279894915697,91.22576539717723,91.06613688218607,74.59122152898371,7.036901644416542,0.9459678647380629,156.67782361445316,0.0,74.09513330162463,315.29872605108153,0.8307024455710428,17.974257053754645,156.67782361445316,75.0411011663627,False,False,0.0,0.0,False,0.0,0,0,0,True
317,62,0.38,70.3083901456085,90.61934860774198,91.06613688218607,74.37944151338317,7.036901644416542,0.9459678647380629,156.59734174731798,0.0,73.74616671032112,315.7455143255257,0.8347032029484979,17.974257053754645,156.59734174731798,74.69213457505919,False,False,0.0,0.0,False,0.0,0,0,0,True
318,62,0.38,70.33207688257595,90.58767197993737,91.06613688218607,74.54049532069062,7.036901644416542,0.9459678647380629,156.65274480179488,0.0,73.99508883323462,316.22397922777435,0.8344957471509051,17.974257053754645,156.65274480179488,74.94105669797268,False,False,0.0,0.0,False,0.0,0,0,0,True
319,62,0.38,70.30906249141626,90.60886156336915,91.06613688218607,74.40722713210626,7.036901644416542,0.9459678647380629,156.59891435782424,0.0,73.94021707719959,316.6812545465912,0.8346066830077581,17.974257053754645,156.59891435782424,74.88618494193766,False,False,0.0,0.0,False,0.0,0,0,0,True
320,62,0.38,70.34277460994285,90.47250593723543,91.06613688218607,74.5746133599264,7.036901644416542,0.9459678647380629,156.6777666852608,0.0,73.9106027297203,317.27488549154185,0.834072019847483,17.974257053754645,156.6777666852608,74.85657059445836,False,False,0.0,0.0,False,0.0,0,0,0,True
321,62,0.38,70.35746821041486,91.1849654517765,91.06613688218607,74.54337068671941,7.036901644416542,0.9459678647380629,156.71213487825128,0.0,74.1076741335236,317.15605692195146,0.830740466501038,17.974257053754645,156.71213487825128,75.05364199826167,False,False,0.0,0.0,False,0.0,0,0,0,True
322,62,0.38,70.30764195530307,89.93016848983883,91.06613688218607,74.3420001752495,7.036901644416542,0.9459678647380629,156.59559173724662,0.0,73.81771191352226,318.2920253142987,0.838361963657625,17.974257053754645,156.59559173724662,74.76367977826033,False,False,0.0,0.0,False,0.0,0,0,0,True
323,62,0.38,70.35470295612716,90.90978140471728,91.06613688218607,74.61782580512752,7.036901644416542,0.9459678647380629,156.70566697453978,0.0,74.00073079669858,318.4483807917674,0.8347032029484979,17.974257053754645,156.70566697453978,74.94669866143664,False,False,0.0,0.0,False,0.0,0,0,0,True
324,62,0.38,70.36305357472715,90.7902134757686,91.06613688218607,74.5336060663499,7.036901644416542,0.9459678647380629,156.7251989927256,0.0,74.0724410543414,318.724304198185,0.8301092834000231,17.974257053754645,156.7251989927256,75.01840891907946,False,False,0.0,0.0,False,0.0,0,0,0,True
325,62,0.38,70.3122863280288,90.31741632990206,91.06613688218607,74.34420298965904,7.036901644416542,0.9459678647380629,156.60645488127057,0.0,73.82511269100269,319.473024750469,0.83899314675864,17.974257053754645,156.60645488127057,74.77108055574075,False,False,0.0,0.0,False,0.0,0,0,0,True
326,62,0.38,70.35011546607791,91.27023307769643,91.06613688218607,74.59144502013454,7.036901644416542,0.9459678647380629,156.69493687855993,0.0,73.90568930467958,319.2689285549586,0.8307989655117826,17.974257053754645,156.69493687855993,74.85165716941765,False,False,0.0,0.0,False,0.0,0,0,0,True
327,62,0.38,70.31224931328771,90.20358160715422,91.06613688218607,74.37489881704074,7.036901644416542,0.9459678647380629,156.60636830414003,0.0,73.84364952110711,320.13148382999043,0.8340135208367384,17.974257053754645,156.60636830414003,74.78961738584518,False,False,0.0,0.0,False,0.0,0,0,0,True
328,62,0.38,70.33767603393883,91.17534868861195,91.06613688218607,74.5499980450153,7.036901644416542,0.9459678647380629,156.6658411640506,0.0,74.00414444885718,320.0222720235646,0.8307024455710428,17.974257053754645,156.6658411640506,74.95011231359524,False,False,0.0,0.0,False,0.0,0,0,0,True
329,62,0.38,70.30439249300322,90.0366267919465,91.06613688218607,74.37829650743373,7.036901644416542,0.9459678647380629,156.58799127555926,0.0,73.7275599676149,321.05178211380417,0.8384965045283603,17.974257053754645,156.58799127555926,74.67352783235296,False,False,0.0,0.0,False,0.0,0,0,0,True
330,62,0.38,70.35564886246753,91.27163201643685,91.06613688218607,74.62872460876696,7.036901644416542,0.9459678647380629,156.70787944055306,0.0,74.33795273019825,320.8462869795533,0.8307024455710428,17.974257053754645,156.70787944055306,75.28392059493632,False,False,0.0,0.0,False,0.0,0,0,0,True
331,62,0.38,70.31801991106407,89.79320159132524,91.06613688218607,74.38098587726125,7.036901644416542,0.9459678647380629,156.61986567794074,0.0,73.7960511528276,322.1192222704142,0.8378797373434583,17.974257053754645,156.61986567794074,74.74201901756567,False,False,0.0,0.0,False,0.0,0,0,0,True
332,62,0.38,70.3690164441654,91.7348201073572,91.06613688218607,74.64089743878075,7.036901644416542,0.9459678647380629,156.73914608813095,0.0,73.94987999809679,321.45053904524315,0.8269327490050626,17.974257053754645,156.73914608813095,74.89584786283486,False,False,0.0,0.0,False,0.0,0,0,0,True
333,62,0.38,70.23157558179741,89.97276642204476,91.06613688218607,74.06050662464658,7.036901644416542,0.9459678647380629,156.41767320667893,0.0,73.56857332490736,322.5439095053844,0.83899314675864,17.974257053754645,156.41767320667893,74.51454118964543,False,False,0.0,0.0,False,0.0,0,0,0,True
334,62,0.38,70.3038934007742,90.49430064482462,91.06613688218607,74.62936824520308,7.036901644416542,0.9459678647380629,156.58682390354042,0.0,73.89124979099051,323.11574574274584,0.833975499906743,17.974257053754645,156.58682390354042,74.83721765572858,False,False,0.0,0.0,False,0.0,0,0,0,True
335,62,0.38,70.36234638004802,91.36240638207173,91.06613688218607,74.65227642709667,7.036901644416542,0.9459678647380629,156.72354487103775,0.0,74.0276092390146,322.81947624286016,0.830836986441778,17.974257053754645,156.72354487103775,74.97357710375266,False,False,0.0,0.0,False,0.0,0,0,0,True
336,62,0.38,70.31588930056961,90.16514453773601,91.06613688218607,74.35791786489145,7.036901644416542,0.9459678647380629,156.614882200079,0.0,73.96312402477285,323.7204685873102,0.833975499906743,17.974257053754645,156.614882200079,74.90909188951092,False,False,0.0,0.0,False,0.0,0,0,0,True
337,62,0.38,70.3369414263275,90.96950927367439,91.06613688218607,74.53887450984415,7.036901644416542,0.9459678647380629,156.6641229237727,0.0,73.90857968460989,323.81709619582193,0.8351269302519201,17.974257053754645,156.6641229237727,74.85454754934796,False,False,0.0,0.0,False,0.0,0,0,0,True
338,62,0.38,70.3034223854512,90.60266766547761,91.06613688218607,74.37680721073941,7.036901644416542,0.9459678647380629,156.5857222031401,0.0,73.88086958992038,324.28056541253034,0.8301165419592389,17.974257053754645,156.5857222031401,74.82683745465845,False,False,0.0,0.0,False,0.0,0,0,0,True
339,62,0.38,70.29748741516883,90.26965915248098,91.06613688218607,74.43683494401891,7.036901644416542,0.9459678647380629,156.57184036359737,0.0,73.88020151770577,325.0770431422355,0.8385621608960022,17.974257053754645,156.57184036359737,74.82616938244384,False,False,0.0,0.0,False,0.0,0,0,0,True
340,62,0.38,70.3690164441654,90.98048379243114,91.06613688218607,74.68980718412823,7.036901644416542,0.9459678647380629,156.73914608813095,0.0,74.0138719997562,325.1626962319904,0.8301092834000231,17.974257053754645,156.73914608813095,74.95983986449427,False,False,0.0,0.0,False,0.0,0,0,0,True
341,62,0.38,70.32699212333603,90.77797019979239,91.06613688218607,74.37910155737194,7.036901644416542,0.9459678647380629,156.64085159786566,0.0,73.87283544031948,325.45086291438406,0.8351341888111359,17.974257053754645,156.64085159786566,74.81880330505754,False,False,0.0,0.0,False,0.0,0,0,0,True
342,62,0.38,70.2781987792372,90.52118339536624,91.06613688218607,74.3162857164703,7.036901644416542,0.9459678647380629,156.52672442598325,0.0,73.79393119163552,325.9958164012039,0.834657923459287,17.974257053754645,156.52672442598325,74.73989905637359,False,False,0.0,0.0,False,0.0,0,0,0,True
343,62,0.38,70.3321301002123,90.49185991405308,91.06613688218607,74.61259081911808,7.036901644416542,0.9459678647380629,156.65286927734462,0.0,73.93636638349977,326.57009336933686,0.8340135208367384,17.974257053754645,156.65286927734462,74.88233424823784,False,False,0.0,0.0,False,0.0,0,0,0,True
344,62,0.38,70.35854911223917,91.40521258027628,91.06613688218607,74.57233572465063,7.036901644416542,0.9459678647380629,156.7146630974289,0.0,74.06879023635508,326.23101767124666,0.8312299513744204,17.974257053754645,156.7146630974289,75.01475810109315,False,False,0.0,0.0,False,0.0,0,0,0,True
345,62,0.38,70.224630719423,89.44949710969868,91.06613688218607,74.06225166248143,7.036901644416542,0.9459678647380629,156.4014292390529,0.0,73.55271058275834,327.8476574437341,0.8379689987249825,17.974257053754645,156.4014292390529,74.4986784474964,False,False,0.0,0.0,False,0.0,0,0,0,True
346,62,0.38,70.35912314140039,91.51818867625308,91.06613688218607,74.83032294397114,7.036901644416542,0.9459678647380629,156.71600574622573,0.0,74.28163483063906,327.3956056496671,0.8307024455710428,17.974257053754645,156.71600574622573,75.22760269537713,False,False,0.0,0.0,False,0.0,0,0,0,True
347,62,0.38,70.3287707842022,90.247936988275,91.06613688218607,74.40860698214425,7.036901644416542,0.9459678647380629,156.64501186886457,0.0,73.8256636162972,328.2138055435782,0.8340207793959541,17.974257053754645,156.64501186886457,74.77163148103527,False,False,0.0,0.0,False,0.0,0,0,0,True
348,62,0.38,70.34306422486317,90.98009076925199,91.06613688218607,74.5286339416685,7.036901644416542,0.9459678647380629,156.67844409182925,0.0,74.01076477875796,328.2998516565122,0.835178170703449,17.974257053754645,156.67844409182925,74.95673264349603,False,False,0.0,0.0,False,0.0,0,0,0,True
349,62,0.38,70.30364853556964,89.77146166433485,91.06613688218607,74.36297741811526,7.036901644416542,0.9459678647380629,156.58625116613527,0.0,73.89269683066641,329.59452687436345,0.8378797373434583,17.974257053754645,156.58625116613527,74.83866469540447,False,False,0.0,0.0,False,0.0,0,0,0,True
350,62,0.38,70.3690164441654,91.73634579828355,91.06613688218607,74.67513099320647,7.036901644416542,0.9459678647380629,156.73914608813095,0.0,74.00187412237167,328.924317958266,0.8268434876235384,17.974257053754645,156.73914608813095,74.94784198710974,False,False,0.0,0.0,False,0.0,0,0,0,True
351,62,0.38,70.27692732510384,90.41181868912199,91.06613688218607,74.2119356680252,7.036901644416542,0.9459678647380629,156.52375050675107,0.0,73.6611720119714,329.57863615133,0.8346959443892823,17.974257053754645,156.52375050675107,74.60713987670947,False,False,0.0,0.0,False,0.0,0,0,0,True
352,62,0.38,70.31204842003314,90.60095412108328,91.06613688218607,74.54856696503728,7.036901644416542,0.9459678647380629,156.6058984167114,0.0,73.94078810425374,330.0438189124328,0.8345030057101208,17.974257053754645,156.6058984167114,74.8867559689918,False,False,0.0,0.0,False,0.0,0,0,0,True
353,62,0.38,70.30307562082714,90.64261617538484,91.06613688218607,74.43494613265072,7.036901644416542,0.9459678647380629,156.58491112395328,0.0,73.99931304244295,330.4673396192341,0.8346066830077581,17.974257053754645,156.58491112395328,74.94528090718102,False,False,0.0,0.0,False,0.0,0,0,0,True
354,62,0.38,70.34418039320364,90.4920206518388,91.06613688218607,74.59356837347943,7.036901644416542,0.9459678647380629,156.68105479905574,0.0,73.94052377136155,331.0414558495813,0.8340647612882673,17.974257053754645,156.68105479905574,74.88649163609962,False,False,0.0,0.0,False,0.0,0,0,0,True
355,62,0.38,70.35914598495478,91.19117007900236,91.06613688218607,74.54562409261159,7.036901644416542,0.9459678647380629,156.7160591770841,0.0,74.09336310458019,330.91642265276505,0.8307477250602536,17.974257053754645,156.7160591770841,75.03933096931826,False,False,0.0,0.0,False,0.0,0,0,0,True
356,62,0.38,70.30804661162324,90.34322960103427,91.06613688218607,74.33935475042803,7.036901644416542,0.9459678647380629,156.59653822456485,0.0,73.83865575393442,331.6393299339169,0.8344957471509051,17.974257053754645,156.59653822456485,74.78462361867248,False,False,0.0,0.0,False,0.0,0,0,0,True
357,62,0.38,70.27303032022154,90.15726935394213,91.06613688218607,74.34415772598383,7.036901644416542,0.9459678647380629,156.51463544906764,0.0,73.84559031009407,332.5481974621608,0.8385621608960022,17.974257053754645,156.51463544906764,74.79155817483213,False,False,0.0,0.0,False,0.0,0,0,0,True
358,62,0.38,70.3690164441654,91.05491884378529,91.06613688218607,74.74806558057037,7.036901644416542,0.9459678647380629,156.73914608813095,0.0,74.06452571963995,332.5594155005615,0.8301165419592389,17.974257053754645,156.73914608813095,75.01049358437801,False,False,0.0,0.0,False,0.0,0,0,0,True
359,62,0.38,70.33102009060103,91.00047558066699,91.06613688218607,74.39255090209895,7.036901644416542,0.9459678647380629,156.65027297532765,0.0,73.9312972404647,332.62507680208057,0.830740466501038,17.974257053754645,156.65027297532765,74.87726510520277,False,False,0.0,0.0,False,0.0,0,0,0,True
360,62,0.38,70.29169793491106,90.7234135373296,91.06613688218607,74.35176438908698,7.036901644416542,0.9459678647380629,156.55829882385066,0.0,73.77606785430255,332.9678001469371,0.8350889093219248,17.974257053754645,156.55829882385066,74.72203571904062,False,False,0.0,0.0,False,0.0,0,0,0,True
361,62,0.38,70.26151014030872,89.79403829408069,91.06613688218607,74.34463556883516,7.036901644416542,0.9459678647380629,156.4876898568499,0.0,73.65799529702267,334.23989873504246,0.8379762572841983,17.974257053754645,156.4876898568499,74.60396316176073,False,False,0.0,0.0,False,0.0,0,0,0,True
362,62,0.38,70.3690164441654,91.85621582769534,91.06613688218607,74.77550740102747,7.036901644416542,0.9459678647380629,156.73914608813095,0.0,74.26534477623628,333.4498197895332,0.8268362290643226,17.974257053754645,156.73914608813095,75.21131264097434,False,False,0.0,0.0,False,0.0,0,0,0,True
363,62,0.38,70.28292561920112,89.61330132651,91.06613688218607,74.23196391547131,7.036901644416542,0.9459678647380629,156.53778046009992,0.0,73.7115289968728,334.9026553452093,0.8378797373434583,17.974257053754645,156.53778046009992,74.65749686161087,False,False,0.0,0.0,False,0.0,0,0,0,True
364,62,0.38,70.3681422480489,91.21908991452356,91.06613688218607,74.72157539995764,7.036901644416542,0.9459678647380629,156.73710135165533,0.0,74.01295198062991,334.7497023128719,0.8351854292626646,17.974257053754645,156.73710135165533,74.95891984536797,False,False,0.0,0.0,False,0.0,0,0,0,True
365,62,0.38,70.33893870569938,90.25958329100516,91.06613688218607,74.42107347547213,7.036901644416542,0.9459678647380629,156.66879454139553,0.0,74.01594154609826,335.5562559040528,0.8340135208367384,17.974257053754645,156.66879454139553,74.96190941083633,False,False,0.0,0.0,False,0.0,0,0,0,True
366,62,0.38,70.35105427530216,91.15222640811652,91.06613688218607,74.5310919921126,7.036901644416542,0.9459678647380629,156.6971327444855,0.0,74.0321299264719,335.4701663781222,0.8307024455710428,17.974257053754645,156.6971327444855,74.97809779120996,False,False,0.0,0.0,False,0.0,0,0,0,True
367,62,0.38,70.30566535616025,90.78403682776937,91.06613688218607,74.35067874141095,7.036901644416542,0.9459678647380629,156.59096849048453,0.0,73.70579084214495,335.752266432539,0.8352234501926599,17.974257053754645,156.59096849048453,74.65175870688302,False,False,0.0,0.0,False,0.0,0,0,0,True
368,62,0.38,70.2626973119599,90.11350105346348,91.06613688218607,74.31532821473915,7.036901644416542,0.9459678647380629,156.49046664015083,0.0,73.9105422932189,336.70490226126157,0.833975499906743,17.974257053754645,156.49046664015083,74.85651015795696,False,False,0.0,0.0,False,0.0,0,0,0,True
369,62,0.38,70.33536760151526,90.9170712556314,91.06613688218607,74.66032631226133,7.036901644416542,0.9459678647380629,156.66044176237295,0.0,74.00853662697175,336.85396788781617,0.8346066830077581,17.974257053754645,156.66044176237295,74.95450449170981,False,False,0.0,0.0,False,0.0,0,0,0,True
370,62,0.38,70.3585861295024,90.87247804153039,91.06613688218607,74.56474738553308,7.036901644416542,0.9459678647380629,156.7147496804586,0.0,73.91477355093086,337.04762672847187,0.8302058033407629,17.974257053754645,156.7147496804586,74.86074141566893,False,False,0.0,0.0,False,0.0,0,0,0,True
371,62,0.38,70.31118084300908,90.32586022969144,91.06613688218607,74.35115353170814,7.036901644416542,0.9459678647380629,156.60386916223052,0.0,73.9340465683853,337.78790338096644,0.83899314675864,17.974257053754645,156.60386916223052,74.88001443312336,False,False,0.0,0.0,False,0.0,0,0,0,True
372,62,0.38,70.35315045182425,90.46379678794483,91.06613688218607,74.60421214640174,7.036901644416542,0.9459678647380629,156.70203568161045,0.0,73.93909154918762,338.39024347520774,0.833975499906743,17.974257053754645,156.70203568161045,74.88505941392569,False,False,0.0,0.0,False,0.0,0,0,0,True
373,62,0.38,70.3665024334449,91.23579224384335,91.06613688218607,74.54881993967587,7.036901644416542,0.9459678647380629,156.73326584075474,0.0,73.93933927110737,338.22058811355043,0.830836986441778,17.974257053754645,156.73326584075474,74.88530713584544,False,False,0.0,0.0,False,0.0,0,0,0,True
374,62,0.38,70.30336038755284,90.10241287621801,91.06613688218607,74.30618395198533,7.036901644416542,0.9459678647380629,156.5855771906403,0.0,73.88183577965987,339.1843121195185,0.833975499906743,17.974257053754645,156.5855771906403,74.82780364439793,False,False,0.0,0.0,False,0.0,0,0,0,True
375,62,0.38,70.33185538631024,90.56953998087381,91.06613688218607,74.5517369587207,7.036901644416542,0.9459678647380629,156.65222672411736,0.0,73.90050738730865,339.68090902083077,0.83899314675864,17.974257053754645,156.65222672411736,74.84647525204672,False,False,0.0,0.0,False,0.0,0,0,0,True
376,62,0.38,70.3690164441654,90.92511765288671,91.06613688218607,74.60794043372378,7.036901644416542,0.9459678647380629,156.73914608813095,0.0,73.9373273808692,339.82192825013004,0.8302058033407629,17.974257053754645,156.73914608813095,74.88329524560727,False,False,0.0,0.0,False,0.0,0,0,0,True
377,62,0.38,70.32289957697975,90.55797142589121,91.06613688218607,74.36543658366794,7.036901644416542,0.9459678647380629,156.63127917051793,0.0,73.98241984002071,340.3300937064249,0.8346066830077581,17.974257053754645,156.63127917051793,74.92838770475878,False,False,0.0,0.0,False,0.0,0,0,0,True
378,62,0.38,70.33469353180803,91.53579609542933,91.06613688218607,74.5146698752749,7.036901644416542,0.9459678647380629,156.65886511968208,0.0,73.85923947324129,339.8604344931817,0.8268362290643226,17.974257053754645,156.65886511968208,74.80520733797935,False,False,0.0,0.0,False,0.0,0,0,0,True
379,62,0.38,70.24979652496016,89.40270731305104,91.06613688218607,74.20310559954186,7.036901644416542,0.9459678647380629,156.46029182097155,0.0,73.60387663961228,341.5238640623167,0.8423627210350804,17.974257053754645,156.46029182097155,74.54984450435035,False,False,0.0,0.0,False,0.0,0,0,0,True
380,62,0.38,70.3690164441654,91.48527388940249,91.06613688218607,74.80340999731773,7.036901644416542,0.9459678647380629,156.73914608813095,0.0,74.30133441112436,341.1047270551003,0.8307024455710428,17.974257053754645,156.73914608813095,75.24730227586242,False,False,0.0,0.0,False,0.0,0,0,0,True
381,62,0.38,70.3353659057399,90.24258929200663,91.06613688218607,74.4070615378806,7.036901644416542,0.9459678647380629,156.66043779597044,0.0,73.83446618712375,341.92827464527977,0.8340135208367384,17.974257053754645,156.66043779597044,74.78043405186182,False,False,0.0,0.0,False,0.0,0,0,0,True
382,62,0.38,70.34432593335332,91.17930935564542,91.06613688218607,74.51713676446678,7.036901644416542,0.9459678647380629,156.68139521609385,0.0,73.97696156695814,341.8151021718204,0.8307989655117826,17.974257053754645,156.68139521609385,74.9229294316962,False,False,0.0,0.0,False,0.0,0,0,0,True
383,62,0.38,70.29026135522338,89.49298226355084,91.06613688218607,74.31527227716397,7.036901644416542,0.9459678647380629,156.5549386775035,0.0,73.78671488662668,343.38825679045556,0.8422662010943405,17.974257053754645,156.5549386775035,74.73268275136475,False,False,0.0,0.0,False,0.0,0,0,0,True
384,62,0.38,70.3690164441654,91.77208424882849,91.06613688218607,74.7070201305523,7.036901644416542,0.9459678647380629,156.73914608813095,0.0,74.01305817104361,342.68230942381325,0.8268362290643226,17.974257053754645,156.73914608813095,74.95902603578168,False,False,0.0,0.0,False,0.0,0,0,0,True
385,62,0.38,70.28530533750045,90.44935169438617,91.06613688218607,74.23990977243966,7.036901644416542,0.9459678647380629,156.54334659876895,0.0,73.67505590020016,343.2990946116131,0.8347032029484979,17.974257053754645,156.54334659876895,74.62102376493823,False,False,0.0,0.0,False,0.0,0,0,0,True
386,62,0.38,70.31750248201914,90.80631079931727,91.06613688218607,74.54682105424527,7.036901644416542,0.9459678647380629,156.61865541628234,0.0,73.96951966729523,343.55892069448186,0.8301092834000231,17.974257053754645,156.61865541628234,74.9154875320333,False,False,0.0,0.0,False,0.0,0,0,0,True
387,62,0.38,70.30415463629527,90.41624967330851,91.06613688218607,74.42555702349807,7.036901644416542,0.9459678647380629,156.58743493096156,0.0,73.89374232000321,344.2088079033595,0.83899314675864,17.974257053754645,156.58743493096156,74.83971018474128,False,False,0.0,0.0,False,0.0,0,0,0,True
388,62,0.38,70.3561667386348,90.54093786687956,91.06613688218607,74.63102038261046,7.036901644416542,0.9459678647380629,156.7090907480264,0.0,73.9579451815749,344.73400691866595,0.834072019847483,17.974257053754645,156.7090907480264,74.90391304631297,False,False,0.0,0.0,False,0.0,0,0,0,True
389,62,0.38,70.36851288750528,91.19105373393741,91.06613688218607,74.54834783478015,7.036901644416542,0.9459678647380629,156.73796827384984,0.0,74.13955720172417,344.6090900669147,0.830740466501038,17.974257053754645,156.73796827384984,75.08552506646224,False,False,0.0,0.0,False,0.0,0,0,0,True
390,62,0.38,70.31018641382327,89.90862016246007,91.06613688218607,74.32418695656361,7.036901644416542,0.9459678647380629,156.60154320173928,0.0,73.80842711425075,345.7666067866407,0.838361963657625,17.974257053754645,156.60154320173928,74.75439497898881,False,False,0.0,0.0,False,0.0,0,0,0,True
391,62,0.38,70.35157186709999,90.88965963661552,91.06613688218607,74.60131006211387,7.036901644416542,0.9459678647380629,156.69834338682136,0.0,73.98234700560306,345.9430840322112,0.8347032029484979,17.974257053754645,156.69834338682136,74.92831487034113,False,False,0.0,0.0,False,0.0,0,0,0,True
392,62,0.38,70.36168124583365,90.79371708634079,91.06613688218607,74.53648233153535,7.036901644416542,0.9459678647380629,156.72198912838041,0.0,74.0704717919337,346.2155038280564,0.8301092834000231,17.974257053754645,156.72198912838041,75.01643965667176,False,False,0.0,0.0,False,0.0,0,0,0,True
393,62,0.38,70.312226741682,90.53585286375528,91.06613688218607,74.34727300840291,7.036901644416542,0.9459678647380629,156.6063155093671,0.0,73.82771424973066,346.74578784648725,0.8346066830077581,17.974257053754645,156.6063155093671,74.77368211446873,False,False,0.0,0.0,False,0.0,0,0,0,True
394,62,0.38,70.33132314545408,90.98380062567284,91.06613688218607,74.52883957729009,7.036901644416542,0.9459678647380629,156.6509818177721,0.0,73.84358897988568,346.82812410300045,0.8351854292626646,17.974257053754645,156.6509818177721,74.78955684462375,False,False,0.0,0.0,False,0.0,0,0,0,True
395,62,0.38,70.29905667291345,90.20444808717319,91.06613688218607,74.37561324946782,7.036901644416542,0.9459678647380629,156.575510842669,0.0,73.89838038508988,347.6898128980134,0.8340135208367384,17.974257053754645,156.575510842669,74.84434824982795,False,False,0.0,0.0,False,0.0,0,0,0,True
396,62,0.38,70.34337573370468,91.23705804259237,91.06613688218607,74.6004550192388,7.036901644416542,0.9459678647380629,156.679172708073,0.0,74.07021449537982,347.5188917376071,0.8307024455710428,17.974257053754645,156.679172708073,75.01618236011788,False,False,0.0,0.0,False,0.0,0,0,0,True
397,62,0.38,70.30914765466365,90.62502730696492,91.06613688218607,74.3805968905389,7.036901644416542,0.9459678647380629,156.59911355385708,0.0,73.74262106359842,347.96000131282824,0.830154562889234,17.974257053754645,156.59911355385708,74.68858892833649,False,False,0.0,0.0,False,0.0,0,0,0,True
398,62,0.38,70.29054187551316,90.40838787314766,91.06613688218607,74.40000588763905,7.036901644416542,0.9459678647380629,156.5555948118169,0.0,73.93126386638609,348.61775032186665,0.8390443872101689,17.974257053754645,156.5555948118169,74.87723173112416,False,False,0.0,0.0,False,0.0,0,0,0,True
399,62,0.38,70.35182732749251,90.11669878524019,91.06613688218607,74.64895761438045,7.036901644416542,0.9459678647380629,156.69894090627133,0.0,74.040633897302,349.5671884188125,0.8378797373434583,17.974257053754645,156.69894090627133,74.98660176204007,False,False,0.0,0.0,False,0.0,0,0,0,True
