Saved 480 rows to C:\Users\Alexander\Desktop\Education\Aspa\code\output_evidence_campaign_v3_20260215\stage_a\A1\01_wave1\lhs_runs.csv
Saved emulator scores to C:\Users\Alexander\Desktop\Education\Aspa\code\output_evidence_campaign_v3_20260215\stage_a\A1\01_wave1\emulator_scores.csv
Saved sigma calibration summary to C:\Users\Alexander\Desktop\Education\Aspa\code\output_evidence_campaign_v3_20260215\stage_a\A1\01_wave1\sigma_calibration_summary.csv
Saved calibrated targets to C:\Users\Alexander\Desktop\Education\Aspa\code\output_evidence_campaign_v3_20260215\stage_a\A1\01_wave1\targets_calibrated.json
Saved uncertainty breakdown to C:\Users\Alexander\Desktop\Education\Aspa\code\output_evidence_campaign_v3_20260215\stage_a\A1\01_wave1\uncertainty_components.csv
Saved history matching table to C:\Users\Alexander\Desktop\Education\Aspa\code\output_evidence_campaign_v3_20260215\stage_a\A1\01_wave1\history_matching.csv
Saved refined intervals to C:\Users\Alexander\Desktop\Education\Aspa\code\output_evidence_campaign_v3_20260215\stage_a\A1\01_wave1\refined_intervals.csv
Saved sensitivity table to C:\Users\Alexander\Desktop\Education\Aspa\code\output_evidence_campaign_v3_20260215\stage_a\A1\01_wave1\sensitivity_uncertainty.csv
Saved sensitivity report to C:\Users\Alexander\Desktop\Education\Aspa\code\output_evidence_campaign_v3_20260215\stage_a\A1\01_wave1\sensitivity_report.md
Saved 480 rows to C:\Users\Alexander\Desktop\Education\Aspa\code\output_evidence_campaign_v3_20260215\stage_a\A1\02_final_wave\lhs_runs_wave2.csv
Saved emulator scores to C:\Users\Alexander\Desktop\Education\Aspa\code\output_evidence_campaign_v3_20260215\stage_a\A1\02_final_wave\emulator_scores.csv
Saved sigma calibration summary to C:\Users\Alexander\Desktop\Education\Aspa\code\output_evidence_campaign_v3_20260215\stage_a\A1\02_final_wave\sigma_calibration_summary_iter0.csv
Saved calibrated targets to C:\Users\Alexander\Desktop\Education\Aspa\code\output_evidence_campaign_v3_20260215\stage_a\A1\02_final_wave\targets_calibrated_iter0.json
Saved uncertainty breakdown to C:\Users\Alexander\Desktop\Education\Aspa\code\output_evidence_campaign_v3_20260215\stage_a\A1\02_final_wave\uncertainty_components.csv
Saved history matching table to C:\Users\Alexander\Desktop\Education\Aspa\code\output_evidence_campaign_v3_20260215\stage_a\A1\02_final_wave\history_matching.csv
Saved refined intervals to C:\Users\Alexander\Desktop\Education\Aspa\code\output_evidence_campaign_v3_20260215\stage_a\A1\02_final_wave\refined_intervals.csv
Saved sensitivity table to C:\Users\Alexander\Desktop\Education\Aspa\code\output_evidence_campaign_v3_20260215\stage_a\A1\02_final_wave\sensitivity_uncertainty.csv
Saved sensitivity report to C:\Users\Alexander\Desktop\Education\Aspa\code\output_evidence_campaign_v3_20260215\stage_a\A1\02_final_wave\sensitivity_report.md
Saved 480 rows to C:\Users\Alexander\Desktop\Education\Aspa\code\output_evidence_campaign_v3_20260215\stage_a\A1\waves\wave_03\lhs_runs_wave3.csv
Saved emulator scores to C:\Users\Alexander\Desktop\Education\Aspa\code\output_evidence_campaign_v3_20260215\stage_a\A1\waves\wave_03\emulator_scores.csv
Saved sigma calibration summary to C:\Users\Alexander\Desktop\Education\Aspa\code\output_evidence_campaign_v3_20260215\stage_a\A1\waves\wave_03\sigma_calibration_summary_iter0.csv
Saved calibrated targets to C:\Users\Alexander\Desktop\Education\Aspa\code\output_evidence_campaign_v3_20260215\stage_a\A1\waves\wave_03\targets_calibrated_iter0.json
Saved uncertainty breakdown to C:\Users\Alexander\Desktop\Education\Aspa\code\output_evidence_campaign_v3_20260215\stage_a\A1\waves\wave_03\uncertainty_components.csv
Saved history matching table to C:\Users\Alexander\Desktop\Education\Aspa\code\output_evidence_campaign_v3_20260215\stage_a\A1\waves\wave_03\history_matching.csv
Saved refined intervals to C:\Users\Alexander\Desktop\Education\Aspa\code\output_evidence_campaign_v3_20260215\stage_a\A1\waves\wave_03\refined_intervals.csv
Saved sensitivity table to C:\Users\Alexander\Desktop\Education\Aspa\code\output_evidence_campaign_v3_20260215\stage_a\A1\waves\wave_03\sensitivity_uncertainty.csv
Saved sensitivity report to C:\Users\Alexander\Desktop\Education\Aspa\code\output_evidence_campaign_v3_20260215\stage_a\A1\waves\wave_03\sensitivity_report.md
Saved emulator scores to C:\Users\Alexander\Desktop\Education\Aspa\code\output_evidence_campaign_v3_20260215\stage_a\A1\waves\wave_03\emulator_scores.csv
Saved sigma calibration summary to C:\Users\Alexander\Desktop\Education\Aspa\code\output_evidence_campaign_v3_20260215\stage_a\A1\waves\wave_03\sigma_calibration_summary_iter1.csv
Saved calibrated targets to C:\Users\Alexander\Desktop\Education\Aspa\code\output_evidence_campaign_v3_20260215\stage_a\A1\waves\wave_03\targets_calibrated_iter1.json
Saved uncertainty breakdown to C:\Users\Alexander\Desktop\Education\Aspa\code\output_evidence_campaign_v3_20260215\stage_a\A1\waves\wave_03\uncertainty_components.csv
Saved history matching table to C:\Users\Alexander\Desktop\Education\Aspa\code\output_evidence_campaign_v3_20260215\stage_a\A1\waves\wave_03\history_matching.csv
Saved refined intervals to C:\Users\Alexander\Desktop\Education\Aspa\code\output_evidence_campaign_v3_20260215\stage_a\A1\waves\wave_03\refined_intervals.csv
Saved sensitivity table to C:\Users\Alexander\Desktop\Education\Aspa\code\output_evidence_campaign_v3_20260215\stage_a\A1\waves\wave_03\sensitivity_uncertainty.csv
Saved sensitivity report to C:\Users\Alexander\Desktop\Education\Aspa\code\output_evidence_campaign_v3_20260215\stage_a\A1\waves\wave_03\sensitivity_report.md
Saved points to C:\Users\Alexander\Desktop\Education\Aspa\code\output_evidence_campaign_v3_20260215\stage_a\A1\03_report_set\representative_points.csv
Saved run summaries to C:\Users\Alexander\Desktop\Education\Aspa\code\output_evidence_campaign_v3_20260215\stage_a\A1\03_report_set\representative_summary.csv
Saved C:\Users\Alexander\Desktop\Education\Aspa\code\output_evidence_campaign_v3_20260215\stage_a\A1\03_report_set\rep_plots\rep_00.png
Saved C:\Users\Alexander\Desktop\Education\Aspa\code\output_evidence_campaign_v3_20260215\stage_a\A1\03_report_set\rep_plots\rep_01.png
Saved C:\Users\Alexander\Desktop\Education\Aspa\code\output_evidence_campaign_v3_20260215\stage_a\A1\03_report_set\rep_plots\rep_02.png
Saved C:\Users\Alexander\Desktop\Education\Aspa\code\output_evidence_campaign_v3_20260215\stage_a\A1\03_report_set\rep_plots\rep_03.png
Saved report to C:\Users\Alexander\Desktop\Education\Aspa\code\output_evidence_campaign_v3_20260215\stage_a\A1\04_master\research_core_report.md
Saved tables to C:\Users\Alexander\Desktop\Education\Aspa\code\output_evidence_campaign_v3_20260215\stage_a\A1\04_master\research_core_tables
[INFO] Preflight attempt 1/2 with improb_threshold=2.60
[INFO] Saved run config: C:\Users\Alexander\Desktop\Education\Aspa\code\output_evidence_campaign_v3_20260215\stage_a\A1\run_config.json
[RUN] C:\Users\Alexander\AppData\Local\Programs\Python\Python313\python.exe scripts/run_lhs.py --n 160 --seed 0 --seeds 0,1,2 --steps 120 --window 20 --balance-ok-threshold 0.6 --format csv --output C:\Users\Alexander\Desktop\Education\Aspa\code\output_evidence_campaign_v3_20260215\stage_a\A1\01_wave1\lhs_runs.csv
[RUN] C:\Users\Alexander\AppData\Local\Programs\Python\Python313\python.exe scripts/train_emulator.py --data C:\Users\Alexander\Desktop\Education\Aspa\code\output_evidence_campaign_v3_20260215\stage_a\A1\01_wave1\lhs_runs.csv --targets C:\Users\Alexander\Desktop\Education\Aspa\code\scripts\targets_report.json --min-r2-for-history-matching 0.3 --improb-threshold 2.6 --ev-mode seed_replicates --ev-default-quantile 0.8 --sigma-calibration-mode fixed --sigma-calibration-summary C:\Users\Alexander\Desktop\Education\Aspa\code\output_evidence_campaign_v3_20260215\stage_a\A1\01_wave1\sigma_calibration_summary.csv --calibrated-targets-out C:\Users\Alexander\Desktop\Education\Aspa\code\output_evidence_campaign_v3_20260215\stage_a\A1\01_wave1\targets_calibrated.json --sa-enable --sa-domain nroy --sa-reductions 0.1,0.2,0.3,0.4 --outdir C:\Users\Alexander\Desktop\Education\Aspa\code\output_evidence_campaign_v3_20260215\stage_a\A1\01_wave1
[RUN] C:\Users\Alexander\AppData\Local\Programs\Python\Python313\python.exe scripts/run_lhs.py --n 160 --seed 1 --seeds 0,1,2 --steps 120 --window 20 --balance-ok-threshold 0.6 --format csv --output C:\Users\Alexander\Desktop\Education\Aspa\code\output_evidence_campaign_v3_20260215\stage_a\A1\02_final_wave\lhs_runs_wave2.csv --bounds-csv C:\Users\Alexander\Desktop\Education\Aspa\code\output_evidence_campaign_v3_20260215\stage_a\A1\01_wave1\refined_intervals.csv --bounds-kind p05p95
[RUN] C:\Users\Alexander\AppData\Local\Programs\Python\Python313\python.exe scripts/train_emulator.py --data C:\Users\Alexander\Desktop\Education\Aspa\code\output_evidence_campaign_v3_20260215\stage_a\A1\02_final_wave\lhs_runs_wave2.csv --targets C:\Users\Alexander\Desktop\Education\Aspa\code\output_evidence_campaign_v3_20260215\stage_a\A1\01_wave1\targets_for_wave_final.json --min-r2-for-history-matching 0.3 --improb-threshold 2.6 --ev-mode seed_replicates --ev-default-quantile 0.8 --sigma-calibration-mode fixed --sigma-calibration-summary C:\Users\Alexander\Desktop\Education\Aspa\code\output_evidence_campaign_v3_20260215\stage_a\A1\02_final_wave\sigma_calibration_summary_iter0.csv --calibrated-targets-out C:\Users\Alexander\Desktop\Education\Aspa\code\output_evidence_campaign_v3_20260215\stage_a\A1\02_final_wave\targets_calibrated_iter0.json --sa-enable --sa-domain nroy --sa-reductions 0.1,0.2,0.3,0.4 --outdir C:\Users\Alexander\Desktop\Education\Aspa\code\output_evidence_campaign_v3_20260215\stage_a\A1\02_final_wave
[RUN] C:\Users\Alexander\AppData\Local\Programs\Python\Python313\python.exe scripts/run_lhs.py --n 160 --seed 2 --seeds 0,1,2 --steps 120 --window 20 --balance-ok-threshold 0.6 --format csv --output C:\Users\Alexander\Desktop\Education\Aspa\code\output_evidence_campaign_v3_20260215\stage_a\A1\waves\wave_03\lhs_runs_wave3.csv --bounds-csv C:\Users\Alexander\Desktop\Education\Aspa\code\output_evidence_campaign_v3_20260215\stage_a\A1\02_final_wave\refined_intervals.csv --bounds-kind p05p95
[RUN] C:\Users\Alexander\AppData\Local\Programs\Python\Python313\python.exe scripts/train_emulator.py --data C:\Users\Alexander\Desktop\Education\Aspa\code\output_evidence_campaign_v3_20260215\stage_a\A1\waves\wave_03\lhs_runs_wave3.csv --targets C:\Users\Alexander\Desktop\Education\Aspa\code\output_evidence_campaign_v3_20260215\stage_a\A1\02_final_wave\targets_for_wave_final.json --min-r2-for-history-matching 0.3 --improb-threshold 2.6 --ev-mode seed_replicates --ev-default-quantile 0.8 --sigma-calibration-mode fixed --sigma-calibration-summary C:\Users\Alexander\Desktop\Education\Aspa\code\output_evidence_campaign_v3_20260215\stage_a\A1\waves\wave_03\sigma_calibration_summary_iter0.csv --calibrated-targets-out C:\Users\Alexander\Desktop\Education\Aspa\code\output_evidence_campaign_v3_20260215\stage_a\A1\waves\wave_03\targets_calibrated_iter0.json --sa-enable --sa-domain nroy --sa-reductions 0.1,0.2,0.3,0.4 --outdir C:\Users\Alexander\Desktop\Education\Aspa\code\output_evidence_campaign_v3_20260215\stage_a\A1\waves\wave_03
[RUN] C:\Users\Alexander\AppData\Local\Programs\Python\Python313\python.exe scripts/train_emulator.py --data C:\Users\Alexander\Desktop\Education\Aspa\code\output_evidence_campaign_v3_20260215\stage_a\A1\waves\wave_03\lhs_runs_wave3.csv --targets C:\Users\Alexander\Desktop\Education\Aspa\code\output_evidence_campaign_v3_20260215\stage_a\A1\waves\wave_03\targets_tuned_iter1.json --min-r2-for-history-matching 0.3 --improb-threshold 2.6 --ev-mode seed_replicates --ev-default-quantile 0.8 --sigma-calibration-mode fixed --sigma-calibration-summary C:\Users\Alexander\Desktop\Education\Aspa\code\output_evidence_campaign_v3_20260215\stage_a\A1\waves\wave_03\sigma_calibration_summary_iter1.csv --calibrated-targets-out C:\Users\Alexander\Desktop\Education\Aspa\code\output_evidence_campaign_v3_20260215\stage_a\A1\waves\wave_03\targets_calibrated_iter1.json --sa-enable --sa-domain nroy --sa-reductions 0.1,0.2,0.3,0.4 --outdir C:\Users\Alexander\Desktop\Education\Aspa\code\output_evidence_campaign_v3_20260215\stage_a\A1\waves\wave_03
[RUN] C:\Users\Alexander\AppData\Local\Programs\Python\Python313\python.exe scripts/make_report_set.py --data C:\Users\Alexander\Desktop\Education\Aspa\code\output_evidence_campaign_v3_20260215\stage_a\A1\02_final_wave\lhs_runs_wave3.csv --history-matching C:\Users\Alexander\Desktop\Education\Aspa\code\output_evidence_campaign_v3_20260215\stage_a\A1\02_final_wave\history_matching.csv --outdir C:\Users\Alexander\Desktop\Education\Aspa\code\output_evidence_campaign_v3_20260215\stage_a\A1\03_report_set --n 4 --steps 220 --window 40 --seeds 0,1,2 --min-employment 45 --min-output 50 --min-consumption 50 --min-hh-deposit 0.2 --max-bank-resolved-share 0.06 --max-bank-bailedout-share 0.02 --max-haircut-mean 0.03 --max-defaults-hh-rate 0.01 --max-defaults-firm-rate 0.01 --balance-ok-threshold 0.98
[RUN] C:\Users\Alexander\AppData\Local\Programs\Python\Python313\python.exe scripts/plot_report_runs.py --runs-dir C:\Users\Alexander\Desktop\Education\Aspa\code\output_evidence_campaign_v3_20260215\stage_a\A1\03_report_set --out C:\Users\Alexander\Desktop\Education\Aspa\code\output_evidence_campaign_v3_20260215\stage_a\A1\03_report_set\rep_plots
[RUN] C:\Users\Alexander\AppData\Local\Programs\Python\Python313\python.exe scripts/make_research_master_report.py --root C:\Users\Alexander\Desktop\Education\Aspa\code\output_evidence_campaign_v3_20260215\stage_a\A1 --run-config C:\Users\Alexander\Desktop\Education\Aspa\code\output_evidence_campaign_v3_20260215\stage_a\A1\run_config.json --out C:\Users\Alexander\Desktop\Education\Aspa\code\output_evidence_campaign_v3_20260215\stage_a\A1\04_master\research_core_report.md --tables-dir C:\Users\Alexander\Desktop\Education\Aspa\code\output_evidence_campaign_v3_20260215\stage_a\A1\04_master\research_core_tables --confirmatory-summary C:\Users\Alexander\Desktop\Education\Aspa\code\output_evidence_campaign_v3_20260215\stage_a\A1\04_master\confirmatory_summary.json --waves-summary C:\Users\Alexander\Desktop\Education\Aspa\code\output_evidence_campaign_v3_20260215\stage_a\A1\waves_summary.csv --stopping-diagnostics C:\Users\Alexander\Desktop\Education\Aspa\code\output_evidence_campaign_v3_20260215\stage_a\A1\stopping_diagnostics.json
[INFO] Preflight PASS; full run launch skipped by flag.
[INFO] Saved go/no-go status: C:\Users\Alexander\Desktop\Education\Aspa\code\output_evidence_campaign_v3_20260215\stage_a\A1\go_no_go_status.json
[DONE] Preflight flow completed.
Saved 480 rows to C:\Users\Alexander\Desktop\Education\Aspa\code\output_evidence_campaign_v3_20260215\stage_a\A2\01_wave1\lhs_runs.csv
Saved emulator scores to C:\Users\Alexander\Desktop\Education\Aspa\code\output_evidence_campaign_v3_20260215\stage_a\A2\01_wave1\emulator_scores.csv
Saved sigma calibration summary to C:\Users\Alexander\Desktop\Education\Aspa\code\output_evidence_campaign_v3_20260215\stage_a\A2\01_wave1\sigma_calibration_summary.csv
Saved calibrated targets to C:\Users\Alexander\Desktop\Education\Aspa\code\output_evidence_campaign_v3_20260215\stage_a\A2\01_wave1\targets_calibrated.json
Saved uncertainty breakdown to C:\Users\Alexander\Desktop\Education\Aspa\code\output_evidence_campaign_v3_20260215\stage_a\A2\01_wave1\uncertainty_components.csv
Saved history matching table to C:\Users\Alexander\Desktop\Education\Aspa\code\output_evidence_campaign_v3_20260215\stage_a\A2\01_wave1\history_matching.csv
Saved refined intervals to C:\Users\Alexander\Desktop\Education\Aspa\code\output_evidence_campaign_v3_20260215\stage_a\A2\01_wave1\refined_intervals.csv
Saved sensitivity table to C:\Users\Alexander\Desktop\Education\Aspa\code\output_evidence_campaign_v3_20260215\stage_a\A2\01_wave1\sensitivity_uncertainty.csv
Saved sensitivity report to C:\Users\Alexander\Desktop\Education\Aspa\code\output_evidence_campaign_v3_20260215\stage_a\A2\01_wave1\sensitivity_report.md
Saved 480 rows to C:\Users\Alexander\Desktop\Education\Aspa\code\output_evidence_campaign_v3_20260215\stage_a\A2\02_final_wave\lhs_runs_wave2.csv
Saved emulator scores to C:\Users\Alexander\Desktop\Education\Aspa\code\output_evidence_campaign_v3_20260215\stage_a\A2\02_final_wave\emulator_scores.csv
Saved sigma calibration summary to C:\Users\Alexander\Desktop\Education\Aspa\code\output_evidence_campaign_v3_20260215\stage_a\A2\02_final_wave\sigma_calibration_summary_iter0.csv
Saved calibrated targets to C:\Users\Alexander\Desktop\Education\Aspa\code\output_evidence_campaign_v3_20260215\stage_a\A2\02_final_wave\targets_calibrated_iter0.json
Saved uncertainty breakdown to C:\Users\Alexander\Desktop\Education\Aspa\code\output_evidence_campaign_v3_20260215\stage_a\A2\02_final_wave\uncertainty_components.csv
Saved history matching table to C:\Users\Alexander\Desktop\Education\Aspa\code\output_evidence_campaign_v3_20260215\stage_a\A2\02_final_wave\history_matching.csv
Saved refined intervals to C:\Users\Alexander\Desktop\Education\Aspa\code\output_evidence_campaign_v3_20260215\stage_a\A2\02_final_wave\refined_intervals.csv
Saved sensitivity table to C:\Users\Alexander\Desktop\Education\Aspa\code\output_evidence_campaign_v3_20260215\stage_a\A2\02_final_wave\sensitivity_uncertainty.csv
Saved sensitivity report to C:\Users\Alexander\Desktop\Education\Aspa\code\output_evidence_campaign_v3_20260215\stage_a\A2\02_final_wave\sensitivity_report.md
Saved 480 rows to C:\Users\Alexander\Desktop\Education\Aspa\code\output_evidence_campaign_v3_20260215\stage_a\A2\waves\wave_03\lhs_runs_wave3.csv
Saved emulator scores to C:\Users\Alexander\Desktop\Education\Aspa\code\output_evidence_campaign_v3_20260215\stage_a\A2\waves\wave_03\emulator_scores.csv
Saved sigma calibration summary to C:\Users\Alexander\Desktop\Education\Aspa\code\output_evidence_campaign_v3_20260215\stage_a\A2\waves\wave_03\sigma_calibration_summary_iter0.csv
Saved calibrated targets to C:\Users\Alexander\Desktop\Education\Aspa\code\output_evidence_campaign_v3_20260215\stage_a\A2\waves\wave_03\targets_calibrated_iter0.json
Saved uncertainty breakdown to C:\Users\Alexander\Desktop\Education\Aspa\code\output_evidence_campaign_v3_20260215\stage_a\A2\waves\wave_03\uncertainty_components.csv
Saved history matching table to C:\Users\Alexander\Desktop\Education\Aspa\code\output_evidence_campaign_v3_20260215\stage_a\A2\waves\wave_03\history_matching.csv
Saved refined intervals to C:\Users\Alexander\Desktop\Education\Aspa\code\output_evidence_campaign_v3_20260215\stage_a\A2\waves\wave_03\refined_intervals.csv
Saved sensitivity table to C:\Users\Alexander\Desktop\Education\Aspa\code\output_evidence_campaign_v3_20260215\stage_a\A2\waves\wave_03\sensitivity_uncertainty.csv
Saved sensitivity report to C:\Users\Alexander\Desktop\Education\Aspa\code\output_evidence_campaign_v3_20260215\stage_a\A2\waves\wave_03\sensitivity_report.md
Saved emulator scores to C:\Users\Alexander\Desktop\Education\Aspa\code\output_evidence_campaign_v3_20260215\stage_a\A2\waves\wave_03\emulator_scores.csv
Saved sigma calibration summary to C:\Users\Alexander\Desktop\Education\Aspa\code\output_evidence_campaign_v3_20260215\stage_a\A2\waves\wave_03\sigma_calibration_summary_iter1.csv
Saved calibrated targets to C:\Users\Alexander\Desktop\Education\Aspa\code\output_evidence_campaign_v3_20260215\stage_a\A2\waves\wave_03\targets_calibrated_iter1.json
Saved uncertainty breakdown to C:\Users\Alexander\Desktop\Education\Aspa\code\output_evidence_campaign_v3_20260215\stage_a\A2\waves\wave_03\uncertainty_components.csv
Saved history matching table to C:\Users\Alexander\Desktop\Education\Aspa\code\output_evidence_campaign_v3_20260215\stage_a\A2\waves\wave_03\history_matching.csv
Saved refined intervals to C:\Users\Alexander\Desktop\Education\Aspa\code\output_evidence_campaign_v3_20260215\stage_a\A2\waves\wave_03\refined_intervals.csv
Saved sensitivity table to C:\Users\Alexander\Desktop\Education\Aspa\code\output_evidence_campaign_v3_20260215\stage_a\A2\waves\wave_03\sensitivity_uncertainty.csv
Saved sensitivity report to C:\Users\Alexander\Desktop\Education\Aspa\code\output_evidence_campaign_v3_20260215\stage_a\A2\waves\wave_03\sensitivity_report.md
Saved emulator scores to C:\Users\Alexander\Desktop\Education\Aspa\code\output_evidence_campaign_v3_20260215\stage_a\A2\waves\wave_03\emulator_scores.csv
Saved sigma calibration summary to C:\Users\Alexander\Desktop\Education\Aspa\code\output_evidence_campaign_v3_20260215\stage_a\A2\waves\wave_03\sigma_calibration_summary_iter2.csv
Saved calibrated targets to C:\Users\Alexander\Desktop\Education\Aspa\code\output_evidence_campaign_v3_20260215\stage_a\A2\waves\wave_03\targets_calibrated_iter2.json
Saved uncertainty breakdown to C:\Users\Alexander\Desktop\Education\Aspa\code\output_evidence_campaign_v3_20260215\stage_a\A2\waves\wave_03\uncertainty_components.csv
Saved history matching table to C:\Users\Alexander\Desktop\Education\Aspa\code\output_evidence_campaign_v3_20260215\stage_a\A2\waves\wave_03\history_matching.csv
Saved refined intervals to C:\Users\Alexander\Desktop\Education\Aspa\code\output_evidence_campaign_v3_20260215\stage_a\A2\waves\wave_03\refined_intervals.csv
Saved sensitivity table to C:\Users\Alexander\Desktop\Education\Aspa\code\output_evidence_campaign_v3_20260215\stage_a\A2\waves\wave_03\sensitivity_uncertainty.csv
Saved sensitivity report to C:\Users\Alexander\Desktop\Education\Aspa\code\output_evidence_campaign_v3_20260215\stage_a\A2\waves\wave_03\sensitivity_report.md
Saved emulator scores to C:\Users\Alexander\Desktop\Education\Aspa\code\output_evidence_campaign_v3_20260215\stage_a\A2\waves\wave_03\emulator_scores.csv
Saved sigma calibration summary to C:\Users\Alexander\Desktop\Education\Aspa\code\output_evidence_campaign_v3_20260215\stage_a\A2\waves\wave_03\sigma_calibration_summary_iter3.csv
Saved calibrated targets to C:\Users\Alexander\Desktop\Education\Aspa\code\output_evidence_campaign_v3_20260215\stage_a\A2\waves\wave_03\targets_calibrated_iter3.json
Saved uncertainty breakdown to C:\Users\Alexander\Desktop\Education\Aspa\code\output_evidence_campaign_v3_20260215\stage_a\A2\waves\wave_03\uncertainty_components.csv
Saved history matching table to C:\Users\Alexander\Desktop\Education\Aspa\code\output_evidence_campaign_v3_20260215\stage_a\A2\waves\wave_03\history_matching.csv
Saved refined intervals to C:\Users\Alexander\Desktop\Education\Aspa\code\output_evidence_campaign_v3_20260215\stage_a\A2\waves\wave_03\refined_intervals.csv
Saved sensitivity table to C:\Users\Alexander\Desktop\Education\Aspa\code\output_evidence_campaign_v3_20260215\stage_a\A2\waves\wave_03\sensitivity_uncertainty.csv
Saved sensitivity report to C:\Users\Alexander\Desktop\Education\Aspa\code\output_evidence_campaign_v3_20260215\stage_a\A2\waves\wave_03\sensitivity_report.md
[INFO] Preflight attempt 1/2 with improb_threshold=2.55
[INFO] Saved run config: C:\Users\Alexander\Desktop\Education\Aspa\code\output_evidence_campaign_v3_20260215\stage_a\A2\run_config.json
[RUN] C:\Users\Alexander\AppData\Local\Programs\Python\Python313\python.exe scripts/run_lhs.py --n 160 --seed 0 --seeds 0,1,2 --steps 120 --window 20 --balance-ok-threshold 0.6 --format csv --output C:\Users\Alexander\Desktop\Education\Aspa\code\output_evidence_campaign_v3_20260215\stage_a\A2\01_wave1\lhs_runs.csv
[RUN] C:\Users\Alexander\AppData\Local\Programs\Python\Python313\python.exe scripts/train_emulator.py --data C:\Users\Alexander\Desktop\Education\Aspa\code\output_evidence_campaign_v3_20260215\stage_a\A2\01_wave1\lhs_runs.csv --targets C:\Users\Alexander\Desktop\Education\Aspa\code\scripts\targets_report.json --min-r2-for-history-matching 0.3 --improb-threshold 2.55 --ev-mode seed_replicates --ev-default-quantile 0.8 --sigma-calibration-mode fixed --sigma-calibration-summary C:\Users\Alexander\Desktop\Education\Aspa\code\output_evidence_campaign_v3_20260215\stage_a\A2\01_wave1\sigma_calibration_summary.csv --calibrated-targets-out C:\Users\Alexander\Desktop\Education\Aspa\code\output_evidence_campaign_v3_20260215\stage_a\A2\01_wave1\targets_calibrated.json --sa-enable --sa-domain nroy --sa-reductions 0.1,0.2,0.3,0.4 --outdir C:\Users\Alexander\Desktop\Education\Aspa\code\output_evidence_campaign_v3_20260215\stage_a\A2\01_wave1
[RUN] C:\Users\Alexander\AppData\Local\Programs\Python\Python313\python.exe scripts/run_lhs.py --n 160 --seed 1 --seeds 0,1,2 --steps 120 --window 20 --balance-ok-threshold 0.6 --format csv --output C:\Users\Alexander\Desktop\Education\Aspa\code\output_evidence_campaign_v3_20260215\stage_a\A2\02_final_wave\lhs_runs_wave2.csv --bounds-csv C:\Users\Alexander\Desktop\Education\Aspa\code\output_evidence_campaign_v3_20260215\stage_a\A2\01_wave1\refined_intervals.csv --bounds-kind p05p95
[RUN] C:\Users\Alexander\AppData\Local\Programs\Python\Python313\python.exe scripts/train_emulator.py --data C:\Users\Alexander\Desktop\Education\Aspa\code\output_evidence_campaign_v3_20260215\stage_a\A2\02_final_wave\lhs_runs_wave2.csv --targets C:\Users\Alexander\Desktop\Education\Aspa\code\output_evidence_campaign_v3_20260215\stage_a\A2\01_wave1\targets_for_wave_final.json --min-r2-for-history-matching 0.3 --improb-threshold 2.55 --ev-mode seed_replicates --ev-default-quantile 0.8 --sigma-calibration-mode fixed --sigma-calibration-summary C:\Users\Alexander\Desktop\Education\Aspa\code\output_evidence_campaign_v3_20260215\stage_a\A2\02_final_wave\sigma_calibration_summary_iter0.csv --calibrated-targets-out C:\Users\Alexander\Desktop\Education\Aspa\code\output_evidence_campaign_v3_20260215\stage_a\A2\02_final_wave\targets_calibrated_iter0.json --sa-enable --sa-domain nroy --sa-reductions 0.1,0.2,0.3,0.4 --outdir C:\Users\Alexander\Desktop\Education\Aspa\code\output_evidence_campaign_v3_20260215\stage_a\A2\02_final_wave
[RUN] C:\Users\Alexander\AppData\Local\Programs\Python\Python313\python.exe scripts/run_lhs.py --n 160 --seed 2 --seeds 0,1,2 --steps 120 --window 20 --balance-ok-threshold 0.6 --format csv --output C:\Users\Alexander\Desktop\Education\Aspa\code\output_evidence_campaign_v3_20260215\stage_a\A2\waves\wave_03\lhs_runs_wave3.csv --bounds-csv C:\Users\Alexander\Desktop\Education\Aspa\code\output_evidence_campaign_v3_20260215\stage_a\A2\02_final_wave\refined_intervals.csv --bounds-kind p05p95
[RUN] C:\Users\Alexander\AppData\Local\Programs\Python\Python313\python.exe scripts/train_emulator.py --data C:\Users\Alexander\Desktop\Education\Aspa\code\output_evidence_campaign_v3_20260215\stage_a\A2\waves\wave_03\lhs_runs_wave3.csv --targets C:\Users\Alexander\Desktop\Education\Aspa\code\output_evidence_campaign_v3_20260215\stage_a\A2\02_final_wave\targets_for_wave_final.json --min-r2-for-history-matching 0.3 --improb-threshold 2.55 --ev-mode seed_replicates --ev-default-quantile 0.8 --sigma-calibration-mode fixed --sigma-calibration-summary C:\Users\Alexander\Desktop\Education\Aspa\code\output_evidence_campaign_v3_20260215\stage_a\A2\waves\wave_03\sigma_calibration_summary_iter0.csv --calibrated-targets-out C:\Users\Alexander\Desktop\Education\Aspa\code\output_evidence_campaign_v3_20260215\stage_a\A2\waves\wave_03\targets_calibrated_iter0.json --sa-enable --sa-domain nroy --sa-reductions 0.1,0.2,0.3,0.4 --outdir C:\Users\Alexander\Desktop\Education\Aspa\code\output_evidence_campaign_v3_20260215\stage_a\A2\waves\wave_03
[RUN] C:\Users\Alexander\AppData\Local\Programs\Python\Python313\python.exe scripts/train_emulator.py --data C:\Users\Alexander\Desktop\Education\Aspa\code\output_evidence_campaign_v3_20260215\stage_a\A2\waves\wave_03\lhs_runs_wave3.csv --targets C:\Users\Alexander\Desktop\Education\Aspa\code\output_evidence_campaign_v3_20260215\stage_a\A2\waves\wave_03\targets_tuned_iter1.json --min-r2-for-history-matching 0.3 --improb-threshold 2.55 --ev-mode seed_replicates --ev-default-quantile 0.8 --sigma-calibration-mode fixed --sigma-calibration-summary C:\Users\Alexander\Desktop\Education\Aspa\code\output_evidence_campaign_v3_20260215\stage_a\A2\waves\wave_03\sigma_calibration_summary_iter1.csv --calibrated-targets-out C:\Users\Alexander\Desktop\Education\Aspa\code\output_evidence_campaign_v3_20260215\stage_a\A2\waves\wave_03\targets_calibrated_iter1.json --sa-enable --sa-domain nroy --sa-reductions 0.1,0.2,0.3,0.4 --outdir C:\Users\Alexander\Desktop\Education\Aspa\code\output_evidence_campaign_v3_20260215\stage_a\A2\waves\wave_03
[RUN] C:\Users\Alexander\AppData\Local\Programs\Python\Python313\python.exe scripts/train_emulator.py --data C:\Users\Alexander\Desktop\Education\Aspa\code\output_evidence_campaign_v3_20260215\stage_a\A2\waves\wave_03\lhs_runs_wave3.csv --targets C:\Users\Alexander\Desktop\Education\Aspa\code\output_evidence_campaign_v3_20260215\stage_a\A2\waves\wave_03\targets_tuned_iter2.json --min-r2-for-history-matching 0.3 --improb-threshold 2.55 --ev-mode seed_replicates --ev-default-quantile 0.8 --sigma-calibration-mode fixed --sigma-calibration-summary C:\Users\Alexander\Desktop\Education\Aspa\code\output_evidence_campaign_v3_20260215\stage_a\A2\waves\wave_03\sigma_calibration_summary_iter2.csv --calibrated-targets-out C:\Users\Alexander\Desktop\Education\Aspa\code\output_evidence_campaign_v3_20260215\stage_a\A2\waves\wave_03\targets_calibrated_iter2.json --sa-enable --sa-domain nroy --sa-reductions 0.1,0.2,0.3,0.4 --outdir C:\Users\Alexander\Desktop\Education\Aspa\code\output_evidence_campaign_v3_20260215\stage_a\A2\waves\wave_03
[RUN] C:\Users\Alexander\AppData\Local\Programs\Python\Python313\python.exe scripts/train_emulator.py --data C:\Users\Alexander\Desktop\Education\Aspa\code\output_evidence_campaign_v3_20260215\stage_a\A2\waves\wave_03\lhs_runs_wave3.csv --targets C:\Users\Alexander\Desktop\Education\Aspa\code\output_evidence_campaign_v3_20260215\stage_a\A2\waves\wave_03\targets_tuned_iter3.json --min-r2-for-history-matching 0.3 --improb-threshold 2.55 --ev-mode seed_replicates --ev-default-quantile 0.8 --sigma-calibration-mode fixed --sigma-calibration-summary C:\Users\Alexander\Desktop\Education\Aspa\code\output_evidence_campaign_v3_20260215\stage_a\A2\waves\wave_03\sigma_calibration_summary_iter3.csv --calibrated-targets-out C:\Users\Alexander\Desktop\Education\Aspa\code\output_evidence_campaign_v3_20260215\stage_a\A2\waves\wave_03\targets_calibrated_iter3.json --sa-enable --sa-domain nroy --sa-reductions 0.1,0.2,0.3,0.4 --outdir C:\Users\Alexander\Desktop\Education\Aspa\code\output_evidence_campaign_v3_20260215\stage_a\A2\waves\wave_03
[RUN] C:\Users\Alexander\AppData\Local\Programs\Python\Python313\python.exe scripts/make_report_set.py --data C:\Users\Alexander\Desktop\Education\Aspa\code\output_evidence_campaign_v3_20260215\stage_a\A2\02_final_wave\lhs_runs_wave3.csv --history-matching C:\Users\Alexander\Desktop\Education\Aspa\code\output_evidence_campaign_v3_20260215\stage_a\A2\02_final_wave\history_matching.csv --outdir C:\Users\Alexander\Desktop\Education\Aspa\code\output_evidence_campaign_v3_20260215\stage_a\A2\03_report_set --n 4 --steps 220 --window 40 --seeds 0,1,2 --min-employment 45 --min-output 50 --min-consumption 50 --min-hh-deposit 0.2 --max-bank-resolved-share 0.06 --max-bank-bailedout-share 0.02 --max-haircut-mean 0.03 --max-defaults-hh-rate 0.01 --max-defaults-firm-rate 0.01 --balance-ok-threshold 0.98Saved points to C:\Users\Alexander\Desktop\Education\Aspa\code\output_evidence_campaign_v3_20260215\stage_a\A2\03_report_set\representative_points.csv
Saved run summaries to C:\Users\Alexander\Desktop\Education\Aspa\code\output_evidence_campaign_v3_20260215\stage_a\A2\03_report_set\representative_summary.csv
Saved C:\Users\Alexander\Desktop\Education\Aspa\code\output_evidence_campaign_v3_20260215\stage_a\A2\03_report_set\rep_plots\rep_00.png
Saved C:\Users\Alexander\Desktop\Education\Aspa\code\output_evidence_campaign_v3_20260215\stage_a\A2\03_report_set\rep_plots\rep_01.png
Saved C:\Users\Alexander\Desktop\Education\Aspa\code\output_evidence_campaign_v3_20260215\stage_a\A2\03_report_set\rep_plots\rep_02.png
Saved C:\Users\Alexander\Desktop\Education\Aspa\code\output_evidence_campaign_v3_20260215\stage_a\A2\03_report_set\rep_plots\rep_03.png
Saved report to C:\Users\Alexander\Desktop\Education\Aspa\code\output_evidence_campaign_v3_20260215\stage_a\A2\04_master\research_core_report.md
Saved tables to C:\Users\Alexander\Desktop\Education\Aspa\code\output_evidence_campaign_v3_20260215\stage_a\A2\04_master\research_core_tables
Saved 480 rows to C:\Users\Alexander\Desktop\Education\Aspa\code\output_evidence_campaign_v3_20260215\stage_a\A2\01_wave1\lhs_runs.csv
Saved emulator scores to C:\Users\Alexander\Desktop\Education\Aspa\code\output_evidence_campaign_v3_20260215\stage_a\A2\01_wave1\emulator_scores.csv
Saved sigma calibration summary to C:\Users\Alexander\Desktop\Education\Aspa\code\output_evidence_campaign_v3_20260215\stage_a\A2\01_wave1\sigma_calibration_summary.csv
Saved calibrated targets to C:\Users\Alexander\Desktop\Education\Aspa\code\output_evidence_campaign_v3_20260215\stage_a\A2\01_wave1\targets_calibrated.json
Saved uncertainty breakdown to C:\Users\Alexander\Desktop\Education\Aspa\code\output_evidence_campaign_v3_20260215\stage_a\A2\01_wave1\uncertainty_components.csv
Saved history matching table to C:\Users\Alexander\Desktop\Education\Aspa\code\output_evidence_campaign_v3_20260215\stage_a\A2\01_wave1\history_matching.csv
Saved refined intervals to C:\Users\Alexander\Desktop\Education\Aspa\code\output_evidence_campaign_v3_20260215\stage_a\A2\01_wave1\refined_intervals.csv
Saved sensitivity table to C:\Users\Alexander\Desktop\Education\Aspa\code\output_evidence_campaign_v3_20260215\stage_a\A2\01_wave1\sensitivity_uncertainty.csv
Saved sensitivity report to C:\Users\Alexander\Desktop\Education\Aspa\code\output_evidence_campaign_v3_20260215\stage_a\A2\01_wave1\sensitivity_report.md
Saved 480 rows to C:\Users\Alexander\Desktop\Education\Aspa\code\output_evidence_campaign_v3_20260215\stage_a\A2\02_final_wave\lhs_runs_wave2.csv
Saved emulator scores to C:\Users\Alexander\Desktop\Education\Aspa\code\output_evidence_campaign_v3_20260215\stage_a\A2\02_final_wave\emulator_scores.csv
Saved sigma calibration summary to C:\Users\Alexander\Desktop\Education\Aspa\code\output_evidence_campaign_v3_20260215\stage_a\A2\02_final_wave\sigma_calibration_summary_iter0.csv
Saved calibrated targets to C:\Users\Alexander\Desktop\Education\Aspa\code\output_evidence_campaign_v3_20260215\stage_a\A2\02_final_wave\targets_calibrated_iter0.json
Saved uncertainty breakdown to C:\Users\Alexander\Desktop\Education\Aspa\code\output_evidence_campaign_v3_20260215\stage_a\A2\02_final_wave\uncertainty_components.csv
Saved history matching table to C:\Users\Alexander\Desktop\Education\Aspa\code\output_evidence_campaign_v3_20260215\stage_a\A2\02_final_wave\history_matching.csv
Saved refined intervals to C:\Users\Alexander\Desktop\Education\Aspa\code\output_evidence_campaign_v3_20260215\stage_a\A2\02_final_wave\refined_intervals.csv
Saved sensitivity table to C:\Users\Alexander\Desktop\Education\Aspa\code\output_evidence_campaign_v3_20260215\stage_a\A2\02_final_wave\sensitivity_uncertainty.csv
Saved sensitivity report to C:\Users\Alexander\Desktop\Education\Aspa\code\output_evidence_campaign_v3_20260215\stage_a\A2\02_final_wave\sensitivity_report.md
Saved 480 rows to C:\Users\Alexander\Desktop\Education\Aspa\code\output_evidence_campaign_v3_20260215\stage_a\A2\waves\wave_03\lhs_runs_wave3.csv
Saved emulator scores to C:\Users\Alexander\Desktop\Education\Aspa\code\output_evidence_campaign_v3_20260215\stage_a\A2\waves\wave_03\emulator_scores.csv
Saved sigma calibration summary to C:\Users\Alexander\Desktop\Education\Aspa\code\output_evidence_campaign_v3_20260215\stage_a\A2\waves\wave_03\sigma_calibration_summary_iter0.csv
Saved calibrated targets to C:\Users\Alexander\Desktop\Education\Aspa\code\output_evidence_campaign_v3_20260215\stage_a\A2\waves\wave_03\targets_calibrated_iter0.json
Saved uncertainty breakdown to C:\Users\Alexander\Desktop\Education\Aspa\code\output_evidence_campaign_v3_20260215\stage_a\A2\waves\wave_03\uncertainty_components.csv
Saved history matching table to C:\Users\Alexander\Desktop\Education\Aspa\code\output_evidence_campaign_v3_20260215\stage_a\A2\waves\wave_03\history_matching.csv
Saved refined intervals to C:\Users\Alexander\Desktop\Education\Aspa\code\output_evidence_campaign_v3_20260215\stage_a\A2\waves\wave_03\refined_intervals.csv
Saved sensitivity table to C:\Users\Alexander\Desktop\Education\Aspa\code\output_evidence_campaign_v3_20260215\stage_a\A2\waves\wave_03\sensitivity_uncertainty.csv
Saved sensitivity report to C:\Users\Alexander\Desktop\Education\Aspa\code\output_evidence_campaign_v3_20260215\stage_a\A2\waves\wave_03\sensitivity_report.md
Saved emulator scores to C:\Users\Alexander\Desktop\Education\Aspa\code\output_evidence_campaign_v3_20260215\stage_a\A2\waves\wave_03\emulator_scores.csv
Saved sigma calibration summary to C:\Users\Alexander\Desktop\Education\Aspa\code\output_evidence_campaign_v3_20260215\stage_a\A2\waves\wave_03\sigma_calibration_summary_iter1.csv
Saved calibrated targets to C:\Users\Alexander\Desktop\Education\Aspa\code\output_evidence_campaign_v3_20260215\stage_a\A2\waves\wave_03\targets_calibrated_iter1.json
Saved uncertainty breakdown to C:\Users\Alexander\Desktop\Education\Aspa\code\output_evidence_campaign_v3_20260215\stage_a\A2\waves\wave_03\uncertainty_components.csv
Saved history matching table to C:\Users\Alexander\Desktop\Education\Aspa\code\output_evidence_campaign_v3_20260215\stage_a\A2\waves\wave_03\history_matching.csv
Saved refined intervals to C:\Users\Alexander\Desktop\Education\Aspa\code\output_evidence_campaign_v3_20260215\stage_a\A2\waves\wave_03\refined_intervals.csv
Saved sensitivity table to C:\Users\Alexander\Desktop\Education\Aspa\code\output_evidence_campaign_v3_20260215\stage_a\A2\waves\wave_03\sensitivity_uncertainty.csv
Saved sensitivity report to C:\Users\Alexander\Desktop\Education\Aspa\code\output_evidence_campaign_v3_20260215\stage_a\A2\waves\wave_03\sensitivity_report.md
Saved points to C:\Users\Alexander\Desktop\Education\Aspa\code\output_evidence_campaign_v3_20260215\stage_a\A2\03_report_set\representative_points.csv
Saved run summaries to C:\Users\Alexander\Desktop\Education\Aspa\code\output_evidence_campaign_v3_20260215\stage_a\A2\03_report_set\representative_summary.csv
Saved C:\Users\Alexander\Desktop\Education\Aspa\code\output_evidence_campaign_v3_20260215\stage_a\A2\03_report_set\rep_plots\rep_00.png
Saved C:\Users\Alexander\Desktop\Education\Aspa\code\output_evidence_campaign_v3_20260215\stage_a\A2\03_report_set\rep_plots\rep_01.png
Saved C:\Users\Alexander\Desktop\Education\Aspa\code\output_evidence_campaign_v3_20260215\stage_a\A2\03_report_set\rep_plots\rep_02.png
Saved C:\Users\Alexander\Desktop\Education\Aspa\code\output_evidence_campaign_v3_20260215\stage_a\A2\03_report_set\rep_plots\rep_03.png

[RUN] C:\Users\Alexander\AppData\Local\Programs\Python\Python313\python.exe scripts/plot_report_runs.py --runs-dir C:\Users\Alexander\Desktop\Education\Aspa\code\output_evidence_campaign_v3_20260215\stage_a\A2\03_report_set --out C:\Users\Alexander\Desktop\Education\Aspa\code\output_evidence_campaign_v3_20260215\stage_a\A2\03_report_set\rep_plots
[RUN] C:\Users\Alexander\AppData\Local\Programs\Python\Python313\python.exe scripts/make_research_master_report.py --root C:\Users\Alexander\Desktop\Education\Aspa\code\output_evidence_campaign_v3_20260215\stage_a\A2 --run-config C:\Users\Alexander\Desktop\Education\Aspa\code\output_evidence_campaign_v3_20260215\stage_a\A2\run_config.json --out C:\Users\Alexander\Desktop\Education\Aspa\code\output_evidence_campaign_v3_20260215\stage_a\A2\04_master\research_core_report.md --tables-dir C:\Users\Alexander\Desktop\Education\Aspa\code\output_evidence_campaign_v3_20260215\stage_a\A2\04_master\research_core_tables --confirmatory-summary C:\Users\Alexander\Desktop\Education\Aspa\code\output_evidence_campaign_v3_20260215\stage_a\A2\04_master\confirmatory_summary.json --waves-summary C:\Users\Alexander\Desktop\Education\Aspa\code\output_evidence_campaign_v3_20260215\stage_a\A2\waves_summary.csv --stopping-diagnostics C:\Users\Alexander\Desktop\Education\Aspa\code\output_evidence_campaign_v3_20260215\stage_a\A2\stopping_diagnostics.json
[INFO] Preflight attempt 2/2 with improb_threshold=2.45
[INFO] Saved run config: C:\Users\Alexander\Desktop\Education\Aspa\code\output_evidence_campaign_v3_20260215\stage_a\A2\run_config.json
[RUN] C:\Users\Alexander\AppData\Local\Programs\Python\Python313\python.exe scripts/run_lhs.py --n 160 --seed 0 --seeds 0,1,2 --steps 120 --window 20 --balance-ok-threshold 0.6 --format csv --output C:\Users\Alexander\Desktop\Education\Aspa\code\output_evidence_campaign_v3_20260215\stage_a\A2\01_wave1\lhs_runs.csv
[RUN] C:\Users\Alexander\AppData\Local\Programs\Python\Python313\python.exe scripts/train_emulator.py --data C:\Users\Alexander\Desktop\Education\Aspa\code\output_evidence_campaign_v3_20260215\stage_a\A2\01_wave1\lhs_runs.csv --targets C:\Users\Alexander\Desktop\Education\Aspa\code\scripts\targets_report.json --min-r2-for-history-matching 0.3 --improb-threshold 2.45 --ev-mode seed_replicates --ev-default-quantile 0.8 --sigma-calibration-mode fixed --sigma-calibration-summary C:\Users\Alexander\Desktop\Education\Aspa\code\output_evidence_campaign_v3_20260215\stage_a\A2\01_wave1\sigma_calibration_summary.csv --calibrated-targets-out C:\Users\Alexander\Desktop\Education\Aspa\code\output_evidence_campaign_v3_20260215\stage_a\A2\01_wave1\targets_calibrated.json --sa-enable --sa-domain nroy --sa-reductions 0.1,0.2,0.3,0.4 --outdir C:\Users\Alexander\Desktop\Education\Aspa\code\output_evidence_campaign_v3_20260215\stage_a\A2\01_wave1
[RUN] C:\Users\Alexander\AppData\Local\Programs\Python\Python313\python.exe scripts/run_lhs.py --n 160 --seed 1 --seeds 0,1,2 --steps 120 --window 20 --balance-ok-threshold 0.6 --format csv --output C:\Users\Alexander\Desktop\Education\Aspa\code\output_evidence_campaign_v3_20260215\stage_a\A2\02_final_wave\lhs_runs_wave2.csv --bounds-csv C:\Users\Alexander\Desktop\Education\Aspa\code\output_evidence_campaign_v3_20260215\stage_a\A2\01_wave1\refined_intervals.csv --bounds-kind p05p95
[RUN] C:\Users\Alexander\AppData\Local\Programs\Python\Python313\python.exe scripts/train_emulator.py --data C:\Users\Alexander\Desktop\Education\Aspa\code\output_evidence_campaign_v3_20260215\stage_a\A2\02_final_wave\lhs_runs_wave2.csv --targets C:\Users\Alexander\Desktop\Education\Aspa\code\output_evidence_campaign_v3_20260215\stage_a\A2\01_wave1\targets_for_wave_final.json --min-r2-for-history-matching 0.3 --improb-threshold 2.45 --ev-mode seed_replicates --ev-default-quantile 0.8 --sigma-calibration-mode fixed --sigma-calibration-summary C:\Users\Alexander\Desktop\Education\Aspa\code\output_evidence_campaign_v3_20260215\stage_a\A2\02_final_wave\sigma_calibration_summary_iter0.csv --calibrated-targets-out C:\Users\Alexander\Desktop\Education\Aspa\code\output_evidence_campaign_v3_20260215\stage_a\A2\02_final_wave\targets_calibrated_iter0.json --sa-enable --sa-domain nroy --sa-reductions 0.1,0.2,0.3,0.4 --outdir C:\Users\Alexander\Desktop\Education\Aspa\code\output_evidence_campaign_v3_20260215\stage_a\A2\02_final_wave
[RUN] C:\Users\Alexander\AppData\Local\Programs\Python\Python313\python.exe scripts/run_lhs.py --n 160 --seed 2 --seeds 0,1,2 --steps 120 --window 20 --balance-ok-threshold 0.6 --format csv --output C:\Users\Alexander\Desktop\Education\Aspa\code\output_evidence_campaign_v3_20260215\stage_a\A2\waves\wave_03\lhs_runs_wave3.csv --bounds-csv C:\Users\Alexander\Desktop\Education\Aspa\code\output_evidence_campaign_v3_20260215\stage_a\A2\02_final_wave\refined_intervals.csv --bounds-kind p05p95
[RUN] C:\Users\Alexander\AppData\Local\Programs\Python\Python313\python.exe scripts/train_emulator.py --data C:\Users\Alexander\Desktop\Education\Aspa\code\output_evidence_campaign_v3_20260215\stage_a\A2\waves\wave_03\lhs_runs_wave3.csv --targets C:\Users\Alexander\Desktop\Education\Aspa\code\output_evidence_campaign_v3_20260215\stage_a\A2\02_final_wave\targets_for_wave_final.json --min-r2-for-history-matching 0.3 --improb-threshold 2.45 --ev-mode seed_replicates --ev-default-quantile 0.8 --sigma-calibration-mode fixed --sigma-calibration-summary C:\Users\Alexander\Desktop\Education\Aspa\code\output_evidence_campaign_v3_20260215\stage_a\A2\waves\wave_03\sigma_calibration_summary_iter0.csv --calibrated-targets-out C:\Users\Alexander\Desktop\Education\Aspa\code\output_evidence_campaign_v3_20260215\stage_a\A2\waves\wave_03\targets_calibrated_iter0.json --sa-enable --sa-domain nroy --sa-reductions 0.1,0.2,0.3,0.4 --outdir C:\Users\Alexander\Desktop\Education\Aspa\code\output_evidence_campaign_v3_20260215\stage_a\A2\waves\wave_03
[RUN] C:\Users\Alexander\AppData\Local\Programs\Python\Python313\python.exe scripts/train_emulator.py --data C:\Users\Alexander\Desktop\Education\Aspa\code\output_evidence_campaign_v3_20260215\stage_a\A2\waves\wave_03\lhs_runs_wave3.csv --targets C:\Users\Alexander\Desktop\Education\Aspa\code\output_evidence_campaign_v3_20260215\stage_a\A2\waves\wave_03\targets_tuned_iter1.json --min-r2-for-history-matching 0.3 --improb-threshold 2.45 --ev-mode seed_replicates --ev-default-quantile 0.8 --sigma-calibration-mode fixed --sigma-calibration-summary C:\Users\Alexander\Desktop\Education\Aspa\code\output_evidence_campaign_v3_20260215\stage_a\A2\waves\wave_03\sigma_calibration_summary_iter1.csv --calibrated-targets-out C:\Users\Alexander\Desktop\Education\Aspa\code\output_evidence_campaign_v3_20260215\stage_a\A2\waves\wave_03\targets_calibrated_iter1.json --sa-enable --sa-domain nroy --sa-reductions 0.1,0.2,0.3,0.4 --outdir C:\Users\Alexander\Desktop\Education\Aspa\code\output_evidence_campaign_v3_20260215\stage_a\A2\waves\wave_03
[RUN] C:\Users\Alexander\AppData\Local\Programs\Python\Python313\python.exe scripts/make_report_set.py --data C:\Users\Alexander\Desktop\Education\Aspa\code\output_evidence_campaign_v3_20260215\stage_a\A2\02_final_wave\lhs_runs_wave3.csv --history-matching C:\Users\Alexander\Desktop\Education\Aspa\code\output_evidence_campaign_v3_20260215\stage_a\A2\02_final_wave\history_matching.csv --outdir C:\Users\Alexander\Desktop\Education\Aspa\code\output_evidence_campaign_v3_20260215\stage_a\A2\03_report_set --n 4 --steps 220 --window 40 --seeds 0,1,2 --min-employment 45 --min-output 50 --min-consumption 50 --min-hh-deposit 0.2 --max-bank-resolved-share 0.06 --max-bank-bailedout-share 0.02 --max-haircut-mean 0.03 --max-defaults-hh-rate 0.01 --max-defaults-firm-rate 0.01 --balance-ok-threshold 0.98
[RUN] C:\Users\Alexander\AppData\Local\Programs\Python\Python313\python.exe scripts/plot_report_runs.py --runs-dir C:\Users\Alexander\Desktop\Education\Aspa\code\output_evidence_campaign_v3_20260215\stage_a\A2\03_report_set --out C:\Users\Alexander\Desktop\Education\Aspa\code\output_evidence_campaign_v3_20260215\stage_a\A2\03_report_set\rep_plots
[RUN] C:\Users\Alexander\AppData\Local\Programs\Python\Python313\python.exe scripts/make_research_master_report.py --root C:\Users\Alexander\Desktop\Education\Aspa\code\output_evidence_campaign_v3_20260215\stage_a\A2 --run-config C:\Users\Alexander\Desktop\Education\Aspa\code\output_evidence_campaign_v3_20260215\stage_a\A2\run_config.json --out C:\Users\Alexander\Desktop\Education\Aspa\code\output_evidence_campaign_v3_20260215\stage_a\A2\04_master\research_core_report.md --tables-dir C:\Users\Alexander\Desktop\Education\Aspa\code\output_evidence_campaign_v3_20260215\stage_a\A2\04_master\research_core_tables --confirmatory-summary C:\Users\Alexander\Desktop\Education\Aspa\code\output_evidence_campaign_v3_20260215\stage_a\A2\04_master\confirmatory_summary.json --waves-summary C:\Users\Alexander\Desktop\Education\Aspa\code\output_evidence_campaign_v3_20260215\stage_a\A2\waves_summary.csv --stopping-diagnostics C:\Users\Alexander\Desktop\Education\Aspa\code\output_evidence_campaign_v3_20260215\stage_a\A2\stopping_diagnostics.jsonSaved report to C:\Users\Alexander\Desktop\Education\Aspa\code\output_evidence_campaign_v3_20260215\stage_a\A2\04_master\research_core_report.md
Saved tables to C:\Users\Alexander\Desktop\Education\Aspa\code\output_evidence_campaign_v3_20260215\stage_a\A2\04_master\research_core_tables

[INFO] Preflight PASS; full run launch skipped by flag.
[INFO] Saved go/no-go status: C:\Users\Alexander\Desktop\Education\Aspa\code\output_evidence_campaign_v3_20260215\stage_a\A2\go_no_go_status.json
[DONE] Preflight flow completed.
Saved 480 rows to C:\Users\Alexander\Desktop\Education\Aspa\code\output_evidence_campaign_v3_20260215\stage_a\A3\01_wave1\lhs_runs.csv
Saved emulator scores to C:\Users\Alexander\Desktop\Education\Aspa\code\output_evidence_campaign_v3_20260215\stage_a\A3\01_wave1\emulator_scores.csv
Saved sigma calibration summary to C:\Users\Alexander\Desktop\Education\Aspa\code\output_evidence_campaign_v3_20260215\stage_a\A3\01_wave1\sigma_calibration_summary.csv
Saved calibrated targets to C:\Users\Alexander\Desktop\Education\Aspa\code\output_evidence_campaign_v3_20260215\stage_a\A3\01_wave1\targets_calibrated.json
Saved uncertainty breakdown to C:\Users\Alexander\Desktop\Education\Aspa\code\output_evidence_campaign_v3_20260215\stage_a\A3\01_wave1\uncertainty_components.csv
Saved history matching table to C:\Users\Alexander\Desktop\Education\Aspa\code\output_evidence_campaign_v3_20260215\stage_a\A3\01_wave1\history_matching.csv
Saved refined intervals to C:\Users\Alexander\Desktop\Education\Aspa\code\output_evidence_campaign_v3_20260215\stage_a\A3\01_wave1\refined_intervals.csv
Saved sensitivity table to C:\Users\Alexander\Desktop\Education\Aspa\code\output_evidence_campaign_v3_20260215\stage_a\A3\01_wave1\sensitivity_uncertainty.csv
Saved sensitivity report to C:\Users\Alexander\Desktop\Education\Aspa\code\output_evidence_campaign_v3_20260215\stage_a\A3\01_wave1\sensitivity_report.md
Saved 480 rows to C:\Users\Alexander\Desktop\Education\Aspa\code\output_evidence_campaign_v3_20260215\stage_a\A3\02_final_wave\lhs_runs_wave2.csv
Saved emulator scores to C:\Users\Alexander\Desktop\Education\Aspa\code\output_evidence_campaign_v3_20260215\stage_a\A3\02_final_wave\emulator_scores.csv
Saved sigma calibration summary to C:\Users\Alexander\Desktop\Education\Aspa\code\output_evidence_campaign_v3_20260215\stage_a\A3\02_final_wave\sigma_calibration_summary_iter0.csv
Saved calibrated targets to C:\Users\Alexander\Desktop\Education\Aspa\code\output_evidence_campaign_v3_20260215\stage_a\A3\02_final_wave\targets_calibrated_iter0.json
Saved uncertainty breakdown to C:\Users\Alexander\Desktop\Education\Aspa\code\output_evidence_campaign_v3_20260215\stage_a\A3\02_final_wave\uncertainty_components.csv
Saved history matching table to C:\Users\Alexander\Desktop\Education\Aspa\code\output_evidence_campaign_v3_20260215\stage_a\A3\02_final_wave\history_matching.csv
Saved refined intervals to C:\Users\Alexander\Desktop\Education\Aspa\code\output_evidence_campaign_v3_20260215\stage_a\A3\02_final_wave\refined_intervals.csv
Saved sensitivity table to C:\Users\Alexander\Desktop\Education\Aspa\code\output_evidence_campaign_v3_20260215\stage_a\A3\02_final_wave\sensitivity_uncertainty.csv
Saved sensitivity report to C:\Users\Alexander\Desktop\Education\Aspa\code\output_evidence_campaign_v3_20260215\stage_a\A3\02_final_wave\sensitivity_report.md
Saved 480 rows to C:\Users\Alexander\Desktop\Education\Aspa\code\output_evidence_campaign_v3_20260215\stage_a\A3\waves\wave_03\lhs_runs_wave3.csv
Saved emulator scores to C:\Users\Alexander\Desktop\Education\Aspa\code\output_evidence_campaign_v3_20260215\stage_a\A3\waves\wave_03\emulator_scores.csv
Saved sigma calibration summary to C:\Users\Alexander\Desktop\Education\Aspa\code\output_evidence_campaign_v3_20260215\stage_a\A3\waves\wave_03\sigma_calibration_summary_iter0.csv
Saved calibrated targets to C:\Users\Alexander\Desktop\Education\Aspa\code\output_evidence_campaign_v3_20260215\stage_a\A3\waves\wave_03\targets_calibrated_iter0.json
Saved uncertainty breakdown to C:\Users\Alexander\Desktop\Education\Aspa\code\output_evidence_campaign_v3_20260215\stage_a\A3\waves\wave_03\uncertainty_components.csv
Saved history matching table to C:\Users\Alexander\Desktop\Education\Aspa\code\output_evidence_campaign_v3_20260215\stage_a\A3\waves\wave_03\history_matching.csv
Saved refined intervals to C:\Users\Alexander\Desktop\Education\Aspa\code\output_evidence_campaign_v3_20260215\stage_a\A3\waves\wave_03\refined_intervals.csv
Saved sensitivity table to C:\Users\Alexander\Desktop\Education\Aspa\code\output_evidence_campaign_v3_20260215\stage_a\A3\waves\wave_03\sensitivity_uncertainty.csv
Saved sensitivity report to C:\Users\Alexander\Desktop\Education\Aspa\code\output_evidence_campaign_v3_20260215\stage_a\A3\waves\wave_03\sensitivity_report.md
Saved emulator scores to C:\Users\Alexander\Desktop\Education\Aspa\code\output_evidence_campaign_v3_20260215\stage_a\A3\waves\wave_03\emulator_scores.csv
Saved sigma calibration summary to C:\Users\Alexander\Desktop\Education\Aspa\code\output_evidence_campaign_v3_20260215\stage_a\A3\waves\wave_03\sigma_calibration_summary_iter1.csv
Saved calibrated targets to C:\Users\Alexander\Desktop\Education\Aspa\code\output_evidence_campaign_v3_20260215\stage_a\A3\waves\wave_03\targets_calibrated_iter1.json
Saved uncertainty breakdown to C:\Users\Alexander\Desktop\Education\Aspa\code\output_evidence_campaign_v3_20260215\stage_a\A3\waves\wave_03\uncertainty_components.csv
Saved history matching table to C:\Users\Alexander\Desktop\Education\Aspa\code\output_evidence_campaign_v3_20260215\stage_a\A3\waves\wave_03\history_matching.csv
Saved refined intervals to C:\Users\Alexander\Desktop\Education\Aspa\code\output_evidence_campaign_v3_20260215\stage_a\A3\waves\wave_03\refined_intervals.csv
Saved sensitivity table to C:\Users\Alexander\Desktop\Education\Aspa\code\output_evidence_campaign_v3_20260215\stage_a\A3\waves\wave_03\sensitivity_uncertainty.csv
Saved sensitivity report to C:\Users\Alexander\Desktop\Education\Aspa\code\output_evidence_campaign_v3_20260215\stage_a\A3\waves\wave_03\sensitivity_report.md
Saved points to C:\Users\Alexander\Desktop\Education\Aspa\code\output_evidence_campaign_v3_20260215\stage_a\A3\03_report_set\representative_points.csv
Saved run summaries to C:\Users\Alexander\Desktop\Education\Aspa\code\output_evidence_campaign_v3_20260215\stage_a\A3\03_report_set\representative_summary.csv
Saved C:\Users\Alexander\Desktop\Education\Aspa\code\output_evidence_campaign_v3_20260215\stage_a\A3\03_report_set\rep_plots\rep_00.png
Saved C:\Users\Alexander\Desktop\Education\Aspa\code\output_evidence_campaign_v3_20260215\stage_a\A3\03_report_set\rep_plots\rep_01.png
Saved C:\Users\Alexander\Desktop\Education\Aspa\code\output_evidence_campaign_v3_20260215\stage_a\A3\03_report_set\rep_plots\rep_02.png
Saved C:\Users\Alexander\Desktop\Education\Aspa\code\output_evidence_campaign_v3_20260215\stage_a\A3\03_report_set\rep_plots\rep_03.png
Saved report to C:\Users\Alexander\Desktop\Education\Aspa\code\output_evidence_campaign_v3_20260215\stage_a\A3\04_master\research_core_report.md
Saved tables to C:\Users\Alexander\Desktop\Education\Aspa\code\output_evidence_campaign_v3_20260215\stage_a\A3\04_master\research_core_tables
[INFO] Preflight attempt 1/2 with improb_threshold=2.60
[INFO] Saved run config: C:\Users\Alexander\Desktop\Education\Aspa\code\output_evidence_campaign_v3_20260215\stage_a\A3\run_config.json
[RUN] C:\Users\Alexander\AppData\Local\Programs\Python\Python313\python.exe scripts/run_lhs.py --n 160 --seed 0 --seeds 0,1,2 --steps 120 --window 20 --balance-ok-threshold 0.6 --format csv --output C:\Users\Alexander\Desktop\Education\Aspa\code\output_evidence_campaign_v3_20260215\stage_a\A3\01_wave1\lhs_runs.csv
[RUN] C:\Users\Alexander\AppData\Local\Programs\Python\Python313\python.exe scripts/train_emulator.py --data C:\Users\Alexander\Desktop\Education\Aspa\code\output_evidence_campaign_v3_20260215\stage_a\A3\01_wave1\lhs_runs.csv --targets C:\Users\Alexander\Desktop\Education\Aspa\code\scripts\targets_report.json --min-r2-for-history-matching 0.3 --improb-threshold 2.6 --ev-mode seed_replicates --ev-default-quantile 0.75 --sigma-calibration-mode fixed --sigma-calibration-summary C:\Users\Alexander\Desktop\Education\Aspa\code\output_evidence_campaign_v3_20260215\stage_a\A3\01_wave1\sigma_calibration_summary.csv --calibrated-targets-out C:\Users\Alexander\Desktop\Education\Aspa\code\output_evidence_campaign_v3_20260215\stage_a\A3\01_wave1\targets_calibrated.json --sa-enable --sa-domain nroy --sa-reductions 0.1,0.2,0.3,0.4 --outdir C:\Users\Alexander\Desktop\Education\Aspa\code\output_evidence_campaign_v3_20260215\stage_a\A3\01_wave1
[RUN] C:\Users\Alexander\AppData\Local\Programs\Python\Python313\python.exe scripts/run_lhs.py --n 160 --seed 1 --seeds 0,1,2 --steps 120 --window 20 --balance-ok-threshold 0.6 --format csv --output C:\Users\Alexander\Desktop\Education\Aspa\code\output_evidence_campaign_v3_20260215\stage_a\A3\02_final_wave\lhs_runs_wave2.csv --bounds-csv C:\Users\Alexander\Desktop\Education\Aspa\code\output_evidence_campaign_v3_20260215\stage_a\A3\01_wave1\refined_intervals.csv --bounds-kind p05p95
[RUN] C:\Users\Alexander\AppData\Local\Programs\Python\Python313\python.exe scripts/train_emulator.py --data C:\Users\Alexander\Desktop\Education\Aspa\code\output_evidence_campaign_v3_20260215\stage_a\A3\02_final_wave\lhs_runs_wave2.csv --targets C:\Users\Alexander\Desktop\Education\Aspa\code\output_evidence_campaign_v3_20260215\stage_a\A3\01_wave1\targets_for_wave_final.json --min-r2-for-history-matching 0.3 --improb-threshold 2.6 --ev-mode seed_replicates --ev-default-quantile 0.75 --sigma-calibration-mode fixed --sigma-calibration-summary C:\Users\Alexander\Desktop\Education\Aspa\code\output_evidence_campaign_v3_20260215\stage_a\A3\02_final_wave\sigma_calibration_summary_iter0.csv --calibrated-targets-out C:\Users\Alexander\Desktop\Education\Aspa\code\output_evidence_campaign_v3_20260215\stage_a\A3\02_final_wave\targets_calibrated_iter0.json --sa-enable --sa-domain nroy --sa-reductions 0.1,0.2,0.3,0.4 --outdir C:\Users\Alexander\Desktop\Education\Aspa\code\output_evidence_campaign_v3_20260215\stage_a\A3\02_final_wave
[RUN] C:\Users\Alexander\AppData\Local\Programs\Python\Python313\python.exe scripts/run_lhs.py --n 160 --seed 2 --seeds 0,1,2 --steps 120 --window 20 --balance-ok-threshold 0.6 --format csv --output C:\Users\Alexander\Desktop\Education\Aspa\code\output_evidence_campaign_v3_20260215\stage_a\A3\waves\wave_03\lhs_runs_wave3.csv --bounds-csv C:\Users\Alexander\Desktop\Education\Aspa\code\output_evidence_campaign_v3_20260215\stage_a\A3\02_final_wave\refined_intervals.csv --bounds-kind p05p95
[RUN] C:\Users\Alexander\AppData\Local\Programs\Python\Python313\python.exe scripts/train_emulator.py --data C:\Users\Alexander\Desktop\Education\Aspa\code\output_evidence_campaign_v3_20260215\stage_a\A3\waves\wave_03\lhs_runs_wave3.csv --targets C:\Users\Alexander\Desktop\Education\Aspa\code\output_evidence_campaign_v3_20260215\stage_a\A3\02_final_wave\targets_for_wave_final.json --min-r2-for-history-matching 0.3 --improb-threshold 2.6 --ev-mode seed_replicates --ev-default-quantile 0.75 --sigma-calibration-mode fixed --sigma-calibration-summary C:\Users\Alexander\Desktop\Education\Aspa\code\output_evidence_campaign_v3_20260215\stage_a\A3\waves\wave_03\sigma_calibration_summary_iter0.csv --calibrated-targets-out C:\Users\Alexander\Desktop\Education\Aspa\code\output_evidence_campaign_v3_20260215\stage_a\A3\waves\wave_03\targets_calibrated_iter0.json --sa-enable --sa-domain nroy --sa-reductions 0.1,0.2,0.3,0.4 --outdir C:\Users\Alexander\Desktop\Education\Aspa\code\output_evidence_campaign_v3_20260215\stage_a\A3\waves\wave_03
[RUN] C:\Users\Alexander\AppData\Local\Programs\Python\Python313\python.exe scripts/train_emulator.py --data C:\Users\Alexander\Desktop\Education\Aspa\code\output_evidence_campaign_v3_20260215\stage_a\A3\waves\wave_03\lhs_runs_wave3.csv --targets C:\Users\Alexander\Desktop\Education\Aspa\code\output_evidence_campaign_v3_20260215\stage_a\A3\waves\wave_03\targets_tuned_iter1.json --min-r2-for-history-matching 0.3 --improb-threshold 2.6 --ev-mode seed_replicates --ev-default-quantile 0.75 --sigma-calibration-mode fixed --sigma-calibration-summary C:\Users\Alexander\Desktop\Education\Aspa\code\output_evidence_campaign_v3_20260215\stage_a\A3\waves\wave_03\sigma_calibration_summary_iter1.csv --calibrated-targets-out C:\Users\Alexander\Desktop\Education\Aspa\code\output_evidence_campaign_v3_20260215\stage_a\A3\waves\wave_03\targets_calibrated_iter1.json --sa-enable --sa-domain nroy --sa-reductions 0.1,0.2,0.3,0.4 --outdir C:\Users\Alexander\Desktop\Education\Aspa\code\output_evidence_campaign_v3_20260215\stage_a\A3\waves\wave_03
[RUN] C:\Users\Alexander\AppData\Local\Programs\Python\Python313\python.exe scripts/make_report_set.py --data C:\Users\Alexander\Desktop\Education\Aspa\code\output_evidence_campaign_v3_20260215\stage_a\A3\02_final_wave\lhs_runs_wave3.csv --history-matching C:\Users\Alexander\Desktop\Education\Aspa\code\output_evidence_campaign_v3_20260215\stage_a\A3\02_final_wave\history_matching.csv --outdir C:\Users\Alexander\Desktop\Education\Aspa\code\output_evidence_campaign_v3_20260215\stage_a\A3\03_report_set --n 4 --steps 220 --window 40 --seeds 0,1,2 --min-employment 45 --min-output 50 --min-consumption 50 --min-hh-deposit 0.2 --max-bank-resolved-share 0.06 --max-bank-bailedout-share 0.02 --max-haircut-mean 0.03 --max-defaults-hh-rate 0.01 --max-defaults-firm-rate 0.01 --balance-ok-threshold 0.98
[RUN] C:\Users\Alexander\AppData\Local\Programs\Python\Python313\python.exe scripts/plot_report_runs.py --runs-dir C:\Users\Alexander\Desktop\Education\Aspa\code\output_evidence_campaign_v3_20260215\stage_a\A3\03_report_set --out C:\Users\Alexander\Desktop\Education\Aspa\code\output_evidence_campaign_v3_20260215\stage_a\A3\03_report_set\rep_plots
[RUN] C:\Users\Alexander\AppData\Local\Programs\Python\Python313\python.exe scripts/make_research_master_report.py --root C:\Users\Alexander\Desktop\Education\Aspa\code\output_evidence_campaign_v3_20260215\stage_a\A3 --run-config C:\Users\Alexander\Desktop\Education\Aspa\code\output_evidence_campaign_v3_20260215\stage_a\A3\run_config.json --out C:\Users\Alexander\Desktop\Education\Aspa\code\output_evidence_campaign_v3_20260215\stage_a\A3\04_master\research_core_report.md --tables-dir C:\Users\Alexander\Desktop\Education\Aspa\code\output_evidence_campaign_v3_20260215\stage_a\A3\04_master\research_core_tables --confirmatory-summary C:\Users\Alexander\Desktop\Education\Aspa\code\output_evidence_campaign_v3_20260215\stage_a\A3\04_master\confirmatory_summary.json --waves-summary C:\Users\Alexander\Desktop\Education\Aspa\code\output_evidence_campaign_v3_20260215\stage_a\A3\waves_summary.csv --stopping-diagnostics C:\Users\Alexander\Desktop\Education\Aspa\code\output_evidence_campaign_v3_20260215\stage_a\A3\stopping_diagnostics.json
[INFO] Preflight PASS; full run launch skipped by flag.
[INFO] Saved go/no-go status: C:\Users\Alexander\Desktop\Education\Aspa\code\output_evidence_campaign_v3_20260215\stage_a\A3\go_no_go_status.json
[DONE] Preflight flow completed.
Saved 480 rows to C:\Users\Alexander\Desktop\Education\Aspa\code\output_evidence_campaign_v3_20260215\stage_a\A4\01_wave1\lhs_runs.csv
Saved emulator scores to C:\Users\Alexander\Desktop\Education\Aspa\code\output_evidence_campaign_v3_20260215\stage_a\A4\01_wave1\emulator_scores.csv
Saved sigma calibration summary to C:\Users\Alexander\Desktop\Education\Aspa\code\output_evidence_campaign_v3_20260215\stage_a\A4\01_wave1\sigma_calibration_summary.csv
Saved calibrated targets to C:\Users\Alexander\Desktop\Education\Aspa\code\output_evidence_campaign_v3_20260215\stage_a\A4\01_wave1\targets_calibrated.json
Saved uncertainty breakdown to C:\Users\Alexander\Desktop\Education\Aspa\code\output_evidence_campaign_v3_20260215\stage_a\A4\01_wave1\uncertainty_components.csv
Saved history matching table to C:\Users\Alexander\Desktop\Education\Aspa\code\output_evidence_campaign_v3_20260215\stage_a\A4\01_wave1\history_matching.csv
Saved refined intervals to C:\Users\Alexander\Desktop\Education\Aspa\code\output_evidence_campaign_v3_20260215\stage_a\A4\01_wave1\refined_intervals.csv
Saved sensitivity table to C:\Users\Alexander\Desktop\Education\Aspa\code\output_evidence_campaign_v3_20260215\stage_a\A4\01_wave1\sensitivity_uncertainty.csv
Saved sensitivity report to C:\Users\Alexander\Desktop\Education\Aspa\code\output_evidence_campaign_v3_20260215\stage_a\A4\01_wave1\sensitivity_report.md
Saved 480 rows to C:\Users\Alexander\Desktop\Education\Aspa\code\output_evidence_campaign_v3_20260215\stage_a\A4\02_final_wave\lhs_runs_wave2.csv
Saved emulator scores to C:\Users\Alexander\Desktop\Education\Aspa\code\output_evidence_campaign_v3_20260215\stage_a\A4\02_final_wave\emulator_scores.csv
Saved sigma calibration summary to C:\Users\Alexander\Desktop\Education\Aspa\code\output_evidence_campaign_v3_20260215\stage_a\A4\02_final_wave\sigma_calibration_summary_iter0.csv
Saved calibrated targets to C:\Users\Alexander\Desktop\Education\Aspa\code\output_evidence_campaign_v3_20260215\stage_a\A4\02_final_wave\targets_calibrated_iter0.json
Saved uncertainty breakdown to C:\Users\Alexander\Desktop\Education\Aspa\code\output_evidence_campaign_v3_20260215\stage_a\A4\02_final_wave\uncertainty_components.csv
Saved history matching table to C:\Users\Alexander\Desktop\Education\Aspa\code\output_evidence_campaign_v3_20260215\stage_a\A4\02_final_wave\history_matching.csv
Saved refined intervals to C:\Users\Alexander\Desktop\Education\Aspa\code\output_evidence_campaign_v3_20260215\stage_a\A4\02_final_wave\refined_intervals.csv
Saved sensitivity table to C:\Users\Alexander\Desktop\Education\Aspa\code\output_evidence_campaign_v3_20260215\stage_a\A4\02_final_wave\sensitivity_uncertainty.csv
Saved sensitivity report to C:\Users\Alexander\Desktop\Education\Aspa\code\output_evidence_campaign_v3_20260215\stage_a\A4\02_final_wave\sensitivity_report.md
Saved 480 rows to C:\Users\Alexander\Desktop\Education\Aspa\code\output_evidence_campaign_v3_20260215\stage_a\A4\waves\wave_03\lhs_runs_wave3.csv
Saved emulator scores to C:\Users\Alexander\Desktop\Education\Aspa\code\output_evidence_campaign_v3_20260215\stage_a\A4\waves\wave_03\emulator_scores.csv
Saved sigma calibration summary to C:\Users\Alexander\Desktop\Education\Aspa\code\output_evidence_campaign_v3_20260215\stage_a\A4\waves\wave_03\sigma_calibration_summary_iter0.csv
Saved calibrated targets to C:\Users\Alexander\Desktop\Education\Aspa\code\output_evidence_campaign_v3_20260215\stage_a\A4\waves\wave_03\targets_calibrated_iter0.json
Saved uncertainty breakdown to C:\Users\Alexander\Desktop\Education\Aspa\code\output_evidence_campaign_v3_20260215\stage_a\A4\waves\wave_03\uncertainty_components.csv
Saved history matching table to C:\Users\Alexander\Desktop\Education\Aspa\code\output_evidence_campaign_v3_20260215\stage_a\A4\waves\wave_03\history_matching.csv
Saved refined intervals to C:\Users\Alexander\Desktop\Education\Aspa\code\output_evidence_campaign_v3_20260215\stage_a\A4\waves\wave_03\refined_intervals.csv
Saved sensitivity table to C:\Users\Alexander\Desktop\Education\Aspa\code\output_evidence_campaign_v3_20260215\stage_a\A4\waves\wave_03\sensitivity_uncertainty.csv
Saved sensitivity report to C:\Users\Alexander\Desktop\Education\Aspa\code\output_evidence_campaign_v3_20260215\stage_a\A4\waves\wave_03\sensitivity_report.md
Saved emulator scores to C:\Users\Alexander\Desktop\Education\Aspa\code\output_evidence_campaign_v3_20260215\stage_a\A4\waves\wave_03\emulator_scores.csv
Saved sigma calibration summary to C:\Users\Alexander\Desktop\Education\Aspa\code\output_evidence_campaign_v3_20260215\stage_a\A4\waves\wave_03\sigma_calibration_summary_iter1.csv
Saved calibrated targets to C:\Users\Alexander\Desktop\Education\Aspa\code\output_evidence_campaign_v3_20260215\stage_a\A4\waves\wave_03\targets_calibrated_iter1.json
Saved uncertainty breakdown to C:\Users\Alexander\Desktop\Education\Aspa\code\output_evidence_campaign_v3_20260215\stage_a\A4\waves\wave_03\uncertainty_components.csv
Saved history matching table to C:\Users\Alexander\Desktop\Education\Aspa\code\output_evidence_campaign_v3_20260215\stage_a\A4\waves\wave_03\history_matching.csv
Saved refined intervals to C:\Users\Alexander\Desktop\Education\Aspa\code\output_evidence_campaign_v3_20260215\stage_a\A4\waves\wave_03\refined_intervals.csv
Saved sensitivity table to C:\Users\Alexander\Desktop\Education\Aspa\code\output_evidence_campaign_v3_20260215\stage_a\A4\waves\wave_03\sensitivity_uncertainty.csv
Saved sensitivity report to C:\Users\Alexander\Desktop\Education\Aspa\code\output_evidence_campaign_v3_20260215\stage_a\A4\waves\wave_03\sensitivity_report.md
Saved emulator scores to C:\Users\Alexander\Desktop\Education\Aspa\code\output_evidence_campaign_v3_20260215\stage_a\A4\waves\wave_03\emulator_scores.csv
Saved sigma calibration summary to C:\Users\Alexander\Desktop\Education\Aspa\code\output_evidence_campaign_v3_20260215\stage_a\A4\waves\wave_03\sigma_calibration_summary_iter2.csv
Saved calibrated targets to C:\Users\Alexander\Desktop\Education\Aspa\code\output_evidence_campaign_v3_20260215\stage_a\A4\waves\wave_03\targets_calibrated_iter2.json
Saved uncertainty breakdown to C:\Users\Alexander\Desktop\Education\Aspa\code\output_evidence_campaign_v3_20260215\stage_a\A4\waves\wave_03\uncertainty_components.csv
Saved history matching table to C:\Users\Alexander\Desktop\Education\Aspa\code\output_evidence_campaign_v3_20260215\stage_a\A4\waves\wave_03\history_matching.csv
Saved refined intervals to C:\Users\Alexander\Desktop\Education\Aspa\code\output_evidence_campaign_v3_20260215\stage_a\A4\waves\wave_03\refined_intervals.csv
Saved sensitivity table to C:\Users\Alexander\Desktop\Education\Aspa\code\output_evidence_campaign_v3_20260215\stage_a\A4\waves\wave_03\sensitivity_uncertainty.csv
Saved sensitivity report to C:\Users\Alexander\Desktop\Education\Aspa\code\output_evidence_campaign_v3_20260215\stage_a\A4\waves\wave_03\sensitivity_report.md
Saved emulator scores to C:\Users\Alexander\Desktop\Education\Aspa\code\output_evidence_campaign_v3_20260215\stage_a\A4\waves\wave_03\emulator_scores.csv
Saved sigma calibration summary to C:\Users\Alexander\Desktop\Education\Aspa\code\output_evidence_campaign_v3_20260215\stage_a\A4\waves\wave_03\sigma_calibration_summary_iter3.csv
Saved calibrated targets to C:\Users\Alexander\Desktop\Education\Aspa\code\output_evidence_campaign_v3_20260215\stage_a\A4\waves\wave_03\targets_calibrated_iter3.json
Saved uncertainty breakdown to C:\Users\Alexander\Desktop\Education\Aspa\code\output_evidence_campaign_v3_20260215\stage_a\A4\waves\wave_03\uncertainty_components.csv
Saved history matching table to C:\Users\Alexander\Desktop\Education\Aspa\code\output_evidence_campaign_v3_20260215\stage_a\A4\waves\wave_03\history_matching.csv
Saved refined intervals to C:\Users\Alexander\Desktop\Education\Aspa\code\output_evidence_campaign_v3_20260215\stage_a\A4\waves\wave_03\refined_intervals.csv
Saved sensitivity table to C:\Users\Alexander\Desktop\Education\Aspa\code\output_evidence_campaign_v3_20260215\stage_a\A4\waves\wave_03\sensitivity_uncertainty.csv
Saved sensitivity report to C:\Users\Alexander\Desktop\Education\Aspa\code\output_evidence_campaign_v3_20260215\stage_a\A4\waves\wave_03\sensitivity_report.md
[INFO] Preflight attempt 1/2 with improb_threshold=2.55
[INFO] Saved run config: C:\Users\Alexander\Desktop\Education\Aspa\code\output_evidence_campaign_v3_20260215\stage_a\A4\run_config.json
[RUN] C:\Users\Alexander\AppData\Local\Programs\Python\Python313\python.exe scripts/run_lhs.py --n 160 --seed 0 --seeds 0,1,2 --steps 120 --window 20 --balance-ok-threshold 0.6 --format csv --output C:\Users\Alexander\Desktop\Education\Aspa\code\output_evidence_campaign_v3_20260215\stage_a\A4\01_wave1\lhs_runs.csv
[RUN] C:\Users\Alexander\AppData\Local\Programs\Python\Python313\python.exe scripts/train_emulator.py --data C:\Users\Alexander\Desktop\Education\Aspa\code\output_evidence_campaign_v3_20260215\stage_a\A4\01_wave1\lhs_runs.csv --targets C:\Users\Alexander\Desktop\Education\Aspa\code\scripts\targets_report.json --min-r2-for-history-matching 0.3 --improb-threshold 2.55 --ev-mode seed_replicates --ev-default-quantile 0.75 --sigma-calibration-mode fixed --sigma-calibration-summary C:\Users\Alexander\Desktop\Education\Aspa\code\output_evidence_campaign_v3_20260215\stage_a\A4\01_wave1\sigma_calibration_summary.csv --calibrated-targets-out C:\Users\Alexander\Desktop\Education\Aspa\code\output_evidence_campaign_v3_20260215\stage_a\A4\01_wave1\targets_calibrated.json --sa-enable --sa-domain nroy --sa-reductions 0.1,0.2,0.3,0.4 --outdir C:\Users\Alexander\Desktop\Education\Aspa\code\output_evidence_campaign_v3_20260215\stage_a\A4\01_wave1
[RUN] C:\Users\Alexander\AppData\Local\Programs\Python\Python313\python.exe scripts/run_lhs.py --n 160 --seed 1 --seeds 0,1,2 --steps 120 --window 20 --balance-ok-threshold 0.6 --format csv --output C:\Users\Alexander\Desktop\Education\Aspa\code\output_evidence_campaign_v3_20260215\stage_a\A4\02_final_wave\lhs_runs_wave2.csv --bounds-csv C:\Users\Alexander\Desktop\Education\Aspa\code\output_evidence_campaign_v3_20260215\stage_a\A4\01_wave1\refined_intervals.csv --bounds-kind p05p95
[RUN] C:\Users\Alexander\AppData\Local\Programs\Python\Python313\python.exe scripts/train_emulator.py --data C:\Users\Alexander\Desktop\Education\Aspa\code\output_evidence_campaign_v3_20260215\stage_a\A4\02_final_wave\lhs_runs_wave2.csv --targets C:\Users\Alexander\Desktop\Education\Aspa\code\output_evidence_campaign_v3_20260215\stage_a\A4\01_wave1\targets_for_wave_final.json --min-r2-for-history-matching 0.3 --improb-threshold 2.55 --ev-mode seed_replicates --ev-default-quantile 0.75 --sigma-calibration-mode fixed --sigma-calibration-summary C:\Users\Alexander\Desktop\Education\Aspa\code\output_evidence_campaign_v3_20260215\stage_a\A4\02_final_wave\sigma_calibration_summary_iter0.csv --calibrated-targets-out C:\Users\Alexander\Desktop\Education\Aspa\code\output_evidence_campaign_v3_20260215\stage_a\A4\02_final_wave\targets_calibrated_iter0.json --sa-enable --sa-domain nroy --sa-reductions 0.1,0.2,0.3,0.4 --outdir C:\Users\Alexander\Desktop\Education\Aspa\code\output_evidence_campaign_v3_20260215\stage_a\A4\02_final_wave
[RUN] C:\Users\Alexander\AppData\Local\Programs\Python\Python313\python.exe scripts/run_lhs.py --n 160 --seed 2 --seeds 0,1,2 --steps 120 --window 20 --balance-ok-threshold 0.6 --format csv --output C:\Users\Alexander\Desktop\Education\Aspa\code\output_evidence_campaign_v3_20260215\stage_a\A4\waves\wave_03\lhs_runs_wave3.csv --bounds-csv C:\Users\Alexander\Desktop\Education\Aspa\code\output_evidence_campaign_v3_20260215\stage_a\A4\02_final_wave\refined_intervals.csv --bounds-kind p05p95
[RUN] C:\Users\Alexander\AppData\Local\Programs\Python\Python313\python.exe scripts/train_emulator.py --data C:\Users\Alexander\Desktop\Education\Aspa\code\output_evidence_campaign_v3_20260215\stage_a\A4\waves\wave_03\lhs_runs_wave3.csv --targets C:\Users\Alexander\Desktop\Education\Aspa\code\output_evidence_campaign_v3_20260215\stage_a\A4\02_final_wave\targets_for_wave_final.json --min-r2-for-history-matching 0.3 --improb-threshold 2.55 --ev-mode seed_replicates --ev-default-quantile 0.75 --sigma-calibration-mode fixed --sigma-calibration-summary C:\Users\Alexander\Desktop\Education\Aspa\code\output_evidence_campaign_v3_20260215\stage_a\A4\waves\wave_03\sigma_calibration_summary_iter0.csv --calibrated-targets-out C:\Users\Alexander\Desktop\Education\Aspa\code\output_evidence_campaign_v3_20260215\stage_a\A4\waves\wave_03\targets_calibrated_iter0.json --sa-enable --sa-domain nroy --sa-reductions 0.1,0.2,0.3,0.4 --outdir C:\Users\Alexander\Desktop\Education\Aspa\code\output_evidence_campaign_v3_20260215\stage_a\A4\waves\wave_03
[RUN] C:\Users\Alexander\AppData\Local\Programs\Python\Python313\python.exe scripts/train_emulator.py --data C:\Users\Alexander\Desktop\Education\Aspa\code\output_evidence_campaign_v3_20260215\stage_a\A4\waves\wave_03\lhs_runs_wave3.csv --targets C:\Users\Alexander\Desktop\Education\Aspa\code\output_evidence_campaign_v3_20260215\stage_a\A4\waves\wave_03\targets_tuned_iter1.json --min-r2-for-history-matching 0.3 --improb-threshold 2.55 --ev-mode seed_replicates --ev-default-quantile 0.75 --sigma-calibration-mode fixed --sigma-calibration-summary C:\Users\Alexander\Desktop\Education\Aspa\code\output_evidence_campaign_v3_20260215\stage_a\A4\waves\wave_03\sigma_calibration_summary_iter1.csv --calibrated-targets-out C:\Users\Alexander\Desktop\Education\Aspa\code\output_evidence_campaign_v3_20260215\stage_a\A4\waves\wave_03\targets_calibrated_iter1.json --sa-enable --sa-domain nroy --sa-reductions 0.1,0.2,0.3,0.4 --outdir C:\Users\Alexander\Desktop\Education\Aspa\code\output_evidence_campaign_v3_20260215\stage_a\A4\waves\wave_03
[RUN] C:\Users\Alexander\AppData\Local\Programs\Python\Python313\python.exe scripts/train_emulator.py --data C:\Users\Alexander\Desktop\Education\Aspa\code\output_evidence_campaign_v3_20260215\stage_a\A4\waves\wave_03\lhs_runs_wave3.csv --targets C:\Users\Alexander\Desktop\Education\Aspa\code\output_evidence_campaign_v3_20260215\stage_a\A4\waves\wave_03\targets_tuned_iter2.json --min-r2-for-history-matching 0.3 --improb-threshold 2.55 --ev-mode seed_replicates --ev-default-quantile 0.75 --sigma-calibration-mode fixed --sigma-calibration-summary C:\Users\Alexander\Desktop\Education\Aspa\code\output_evidence_campaign_v3_20260215\stage_a\A4\waves\wave_03\sigma_calibration_summary_iter2.csv --calibrated-targets-out C:\Users\Alexander\Desktop\Education\Aspa\code\output_evidence_campaign_v3_20260215\stage_a\A4\waves\wave_03\targets_calibrated_iter2.json --sa-enable --sa-domain nroy --sa-reductions 0.1,0.2,0.3,0.4 --outdir C:\Users\Alexander\Desktop\Education\Aspa\code\output_evidence_campaign_v3_20260215\stage_a\A4\waves\wave_03
[RUN] C:\Users\Alexander\AppData\Local\Programs\Python\Python313\python.exe scripts/train_emulator.py --data C:\Users\Alexander\Desktop\Education\Aspa\code\output_evidence_campaign_v3_20260215\stage_a\A4\waves\wave_03\lhs_runs_wave3.csv --targets C:\Users\Alexander\Desktop\Education\Aspa\code\output_evidence_campaign_v3_20260215\stage_a\A4\waves\wave_03\targets_tuned_iter3.json --min-r2-for-history-matching 0.3 --improb-threshold 2.55 --ev-mode seed_replicates --ev-default-quantile 0.75 --sigma-calibration-mode fixed --sigma-calibration-summary C:\Users\Alexander\Desktop\Education\Aspa\code\output_evidence_campaign_v3_20260215\stage_a\A4\waves\wave_03\sigma_calibration_summary_iter3.csv --calibrated-targets-out C:\Users\Alexander\Desktop\Education\Aspa\code\output_evidence_campaign_v3_20260215\stage_a\A4\waves\wave_03\targets_calibrated_iter3.json --sa-enable --sa-domain nroy --sa-reductions 0.1,0.2,0.3,0.4 --outdir C:\Users\Alexander\Desktop\Education\Aspa\code\output_evidence_campaign_v3_20260215\stage_a\A4\waves\wave_03
[RUN] C:\Users\Alexander\AppData\Local\Programs\Python\Python313\python.exe scripts/make_report_set.py --data C:\Users\Alexander\Desktop\Education\Aspa\code\output_evidence_campaign_v3_20260215\stage_a\A4\02_final_wave\lhs_runs_wave3.csv --history-matching C:\Users\Alexander\Desktop\Education\Aspa\code\output_evidence_campaign_v3_20260215\stage_a\A4\02_final_wave\history_matching.csv --outdir C:\Users\Alexander\Desktop\Education\Aspa\code\output_evidence_campaign_v3_20260215\stage_a\A4\03_report_set --n 4 --steps 220 --window 40 --seeds 0,1,2 --min-employment 45 --min-output 50 --min-consumption 50 --min-hh-deposit 0.2 --max-bank-resolved-share 0.06 --max-bank-bailedout-share 0.02 --max-haircut-mean 0.03 --max-defaults-hh-rate 0.01 --max-defaults-firm-rate 0.01 --balance-ok-threshold 0.98Saved points to C:\Users\Alexander\Desktop\Education\Aspa\code\output_evidence_campaign_v3_20260215\stage_a\A4\03_report_set\representative_points.csv
Saved run summaries to C:\Users\Alexander\Desktop\Education\Aspa\code\output_evidence_campaign_v3_20260215\stage_a\A4\03_report_set\representative_summary.csv
Saved C:\Users\Alexander\Desktop\Education\Aspa\code\output_evidence_campaign_v3_20260215\stage_a\A4\03_report_set\rep_plots\rep_00.png
Saved C:\Users\Alexander\Desktop\Education\Aspa\code\output_evidence_campaign_v3_20260215\stage_a\A4\03_report_set\rep_plots\rep_01.png
Saved C:\Users\Alexander\Desktop\Education\Aspa\code\output_evidence_campaign_v3_20260215\stage_a\A4\03_report_set\rep_plots\rep_02.png
Saved C:\Users\Alexander\Desktop\Education\Aspa\code\output_evidence_campaign_v3_20260215\stage_a\A4\03_report_set\rep_plots\rep_03.png
Saved report to C:\Users\Alexander\Desktop\Education\Aspa\code\output_evidence_campaign_v3_20260215\stage_a\A4\04_master\research_core_report.md
Saved tables to C:\Users\Alexander\Desktop\Education\Aspa\code\output_evidence_campaign_v3_20260215\stage_a\A4\04_master\research_core_tables
Saved 480 rows to C:\Users\Alexander\Desktop\Education\Aspa\code\output_evidence_campaign_v3_20260215\stage_a\A4\01_wave1\lhs_runs.csv
Saved emulator scores to C:\Users\Alexander\Desktop\Education\Aspa\code\output_evidence_campaign_v3_20260215\stage_a\A4\01_wave1\emulator_scores.csv
Saved sigma calibration summary to C:\Users\Alexander\Desktop\Education\Aspa\code\output_evidence_campaign_v3_20260215\stage_a\A4\01_wave1\sigma_calibration_summary.csv
Saved calibrated targets to C:\Users\Alexander\Desktop\Education\Aspa\code\output_evidence_campaign_v3_20260215\stage_a\A4\01_wave1\targets_calibrated.json
Saved uncertainty breakdown to C:\Users\Alexander\Desktop\Education\Aspa\code\output_evidence_campaign_v3_20260215\stage_a\A4\01_wave1\uncertainty_components.csv
Saved history matching table to C:\Users\Alexander\Desktop\Education\Aspa\code\output_evidence_campaign_v3_20260215\stage_a\A4\01_wave1\history_matching.csv
Saved refined intervals to C:\Users\Alexander\Desktop\Education\Aspa\code\output_evidence_campaign_v3_20260215\stage_a\A4\01_wave1\refined_intervals.csv
Saved sensitivity table to C:\Users\Alexander\Desktop\Education\Aspa\code\output_evidence_campaign_v3_20260215\stage_a\A4\01_wave1\sensitivity_uncertainty.csv
Saved sensitivity report to C:\Users\Alexander\Desktop\Education\Aspa\code\output_evidence_campaign_v3_20260215\stage_a\A4\01_wave1\sensitivity_report.md
Saved 480 rows to C:\Users\Alexander\Desktop\Education\Aspa\code\output_evidence_campaign_v3_20260215\stage_a\A4\02_final_wave\lhs_runs_wave2.csv
Saved emulator scores to C:\Users\Alexander\Desktop\Education\Aspa\code\output_evidence_campaign_v3_20260215\stage_a\A4\02_final_wave\emulator_scores.csv
Saved sigma calibration summary to C:\Users\Alexander\Desktop\Education\Aspa\code\output_evidence_campaign_v3_20260215\stage_a\A4\02_final_wave\sigma_calibration_summary_iter0.csv
Saved calibrated targets to C:\Users\Alexander\Desktop\Education\Aspa\code\output_evidence_campaign_v3_20260215\stage_a\A4\02_final_wave\targets_calibrated_iter0.json
Saved uncertainty breakdown to C:\Users\Alexander\Desktop\Education\Aspa\code\output_evidence_campaign_v3_20260215\stage_a\A4\02_final_wave\uncertainty_components.csv
Saved history matching table to C:\Users\Alexander\Desktop\Education\Aspa\code\output_evidence_campaign_v3_20260215\stage_a\A4\02_final_wave\history_matching.csv
Saved refined intervals to C:\Users\Alexander\Desktop\Education\Aspa\code\output_evidence_campaign_v3_20260215\stage_a\A4\02_final_wave\refined_intervals.csv
Saved sensitivity table to C:\Users\Alexander\Desktop\Education\Aspa\code\output_evidence_campaign_v3_20260215\stage_a\A4\02_final_wave\sensitivity_uncertainty.csv
Saved sensitivity report to C:\Users\Alexander\Desktop\Education\Aspa\code\output_evidence_campaign_v3_20260215\stage_a\A4\02_final_wave\sensitivity_report.md
Saved 480 rows to C:\Users\Alexander\Desktop\Education\Aspa\code\output_evidence_campaign_v3_20260215\stage_a\A4\waves\wave_03\lhs_runs_wave3.csv
Saved emulator scores to C:\Users\Alexander\Desktop\Education\Aspa\code\output_evidence_campaign_v3_20260215\stage_a\A4\waves\wave_03\emulator_scores.csv
Saved sigma calibration summary to C:\Users\Alexander\Desktop\Education\Aspa\code\output_evidence_campaign_v3_20260215\stage_a\A4\waves\wave_03\sigma_calibration_summary_iter0.csv
Saved calibrated targets to C:\Users\Alexander\Desktop\Education\Aspa\code\output_evidence_campaign_v3_20260215\stage_a\A4\waves\wave_03\targets_calibrated_iter0.json
Saved uncertainty breakdown to C:\Users\Alexander\Desktop\Education\Aspa\code\output_evidence_campaign_v3_20260215\stage_a\A4\waves\wave_03\uncertainty_components.csv
Saved history matching table to C:\Users\Alexander\Desktop\Education\Aspa\code\output_evidence_campaign_v3_20260215\stage_a\A4\waves\wave_03\history_matching.csv
Saved refined intervals to C:\Users\Alexander\Desktop\Education\Aspa\code\output_evidence_campaign_v3_20260215\stage_a\A4\waves\wave_03\refined_intervals.csv
Saved sensitivity table to C:\Users\Alexander\Desktop\Education\Aspa\code\output_evidence_campaign_v3_20260215\stage_a\A4\waves\wave_03\sensitivity_uncertainty.csv
Saved sensitivity report to C:\Users\Alexander\Desktop\Education\Aspa\code\output_evidence_campaign_v3_20260215\stage_a\A4\waves\wave_03\sensitivity_report.md
Saved emulator scores to C:\Users\Alexander\Desktop\Education\Aspa\code\output_evidence_campaign_v3_20260215\stage_a\A4\waves\wave_03\emulator_scores.csv
Saved sigma calibration summary to C:\Users\Alexander\Desktop\Education\Aspa\code\output_evidence_campaign_v3_20260215\stage_a\A4\waves\wave_03\sigma_calibration_summary_iter1.csv
Saved calibrated targets to C:\Users\Alexander\Desktop\Education\Aspa\code\output_evidence_campaign_v3_20260215\stage_a\A4\waves\wave_03\targets_calibrated_iter1.json
Saved uncertainty breakdown to C:\Users\Alexander\Desktop\Education\Aspa\code\output_evidence_campaign_v3_20260215\stage_a\A4\waves\wave_03\uncertainty_components.csv
Saved history matching table to C:\Users\Alexander\Desktop\Education\Aspa\code\output_evidence_campaign_v3_20260215\stage_a\A4\waves\wave_03\history_matching.csv
Saved refined intervals to C:\Users\Alexander\Desktop\Education\Aspa\code\output_evidence_campaign_v3_20260215\stage_a\A4\waves\wave_03\refined_intervals.csv
Saved sensitivity table to C:\Users\Alexander\Desktop\Education\Aspa\code\output_evidence_campaign_v3_20260215\stage_a\A4\waves\wave_03\sensitivity_uncertainty.csv
Saved sensitivity report to C:\Users\Alexander\Desktop\Education\Aspa\code\output_evidence_campaign_v3_20260215\stage_a\A4\waves\wave_03\sensitivity_report.md
Saved points to C:\Users\Alexander\Desktop\Education\Aspa\code\output_evidence_campaign_v3_20260215\stage_a\A4\03_report_set\representative_points.csv
Saved run summaries to C:\Users\Alexander\Desktop\Education\Aspa\code\output_evidence_campaign_v3_20260215\stage_a\A4\03_report_set\representative_summary.csv
Saved C:\Users\Alexander\Desktop\Education\Aspa\code\output_evidence_campaign_v3_20260215\stage_a\A4\03_report_set\rep_plots\rep_00.png
Saved C:\Users\Alexander\Desktop\Education\Aspa\code\output_evidence_campaign_v3_20260215\stage_a\A4\03_report_set\rep_plots\rep_01.png
Saved C:\Users\Alexander\Desktop\Education\Aspa\code\output_evidence_campaign_v3_20260215\stage_a\A4\03_report_set\rep_plots\rep_02.png
Saved C:\Users\Alexander\Desktop\Education\Aspa\code\output_evidence_campaign_v3_20260215\stage_a\A4\03_report_set\rep_plots\rep_03.png

[RUN] C:\Users\Alexander\AppData\Local\Programs\Python\Python313\python.exe scripts/plot_report_runs.py --runs-dir C:\Users\Alexander\Desktop\Education\Aspa\code\output_evidence_campaign_v3_20260215\stage_a\A4\03_report_set --out C:\Users\Alexander\Desktop\Education\Aspa\code\output_evidence_campaign_v3_20260215\stage_a\A4\03_report_set\rep_plots
[RUN] C:\Users\Alexander\AppData\Local\Programs\Python\Python313\python.exe scripts/make_research_master_report.py --root C:\Users\Alexander\Desktop\Education\Aspa\code\output_evidence_campaign_v3_20260215\stage_a\A4 --run-config C:\Users\Alexander\Desktop\Education\Aspa\code\output_evidence_campaign_v3_20260215\stage_a\A4\run_config.json --out C:\Users\Alexander\Desktop\Education\Aspa\code\output_evidence_campaign_v3_20260215\stage_a\A4\04_master\research_core_report.md --tables-dir C:\Users\Alexander\Desktop\Education\Aspa\code\output_evidence_campaign_v3_20260215\stage_a\A4\04_master\research_core_tables --confirmatory-summary C:\Users\Alexander\Desktop\Education\Aspa\code\output_evidence_campaign_v3_20260215\stage_a\A4\04_master\confirmatory_summary.json --waves-summary C:\Users\Alexander\Desktop\Education\Aspa\code\output_evidence_campaign_v3_20260215\stage_a\A4\waves_summary.csv --stopping-diagnostics C:\Users\Alexander\Desktop\Education\Aspa\code\output_evidence_campaign_v3_20260215\stage_a\A4\stopping_diagnostics.json
[INFO] Preflight attempt 2/2 with improb_threshold=2.45
[INFO] Saved run config: C:\Users\Alexander\Desktop\Education\Aspa\code\output_evidence_campaign_v3_20260215\stage_a\A4\run_config.json
[RUN] C:\Users\Alexander\AppData\Local\Programs\Python\Python313\python.exe scripts/run_lhs.py --n 160 --seed 0 --seeds 0,1,2 --steps 120 --window 20 --balance-ok-threshold 0.6 --format csv --output C:\Users\Alexander\Desktop\Education\Aspa\code\output_evidence_campaign_v3_20260215\stage_a\A4\01_wave1\lhs_runs.csv
[RUN] C:\Users\Alexander\AppData\Local\Programs\Python\Python313\python.exe scripts/train_emulator.py --data C:\Users\Alexander\Desktop\Education\Aspa\code\output_evidence_campaign_v3_20260215\stage_a\A4\01_wave1\lhs_runs.csv --targets C:\Users\Alexander\Desktop\Education\Aspa\code\scripts\targets_report.json --min-r2-for-history-matching 0.3 --improb-threshold 2.45 --ev-mode seed_replicates --ev-default-quantile 0.75 --sigma-calibration-mode fixed --sigma-calibration-summary C:\Users\Alexander\Desktop\Education\Aspa\code\output_evidence_campaign_v3_20260215\stage_a\A4\01_wave1\sigma_calibration_summary.csv --calibrated-targets-out C:\Users\Alexander\Desktop\Education\Aspa\code\output_evidence_campaign_v3_20260215\stage_a\A4\01_wave1\targets_calibrated.json --sa-enable --sa-domain nroy --sa-reductions 0.1,0.2,0.3,0.4 --outdir C:\Users\Alexander\Desktop\Education\Aspa\code\output_evidence_campaign_v3_20260215\stage_a\A4\01_wave1
[RUN] C:\Users\Alexander\AppData\Local\Programs\Python\Python313\python.exe scripts/run_lhs.py --n 160 --seed 1 --seeds 0,1,2 --steps 120 --window 20 --balance-ok-threshold 0.6 --format csv --output C:\Users\Alexander\Desktop\Education\Aspa\code\output_evidence_campaign_v3_20260215\stage_a\A4\02_final_wave\lhs_runs_wave2.csv --bounds-csv C:\Users\Alexander\Desktop\Education\Aspa\code\output_evidence_campaign_v3_20260215\stage_a\A4\01_wave1\refined_intervals.csv --bounds-kind p05p95
[RUN] C:\Users\Alexander\AppData\Local\Programs\Python\Python313\python.exe scripts/train_emulator.py --data C:\Users\Alexander\Desktop\Education\Aspa\code\output_evidence_campaign_v3_20260215\stage_a\A4\02_final_wave\lhs_runs_wave2.csv --targets C:\Users\Alexander\Desktop\Education\Aspa\code\output_evidence_campaign_v3_20260215\stage_a\A4\01_wave1\targets_for_wave_final.json --min-r2-for-history-matching 0.3 --improb-threshold 2.45 --ev-mode seed_replicates --ev-default-quantile 0.75 --sigma-calibration-mode fixed --sigma-calibration-summary C:\Users\Alexander\Desktop\Education\Aspa\code\output_evidence_campaign_v3_20260215\stage_a\A4\02_final_wave\sigma_calibration_summary_iter0.csv --calibrated-targets-out C:\Users\Alexander\Desktop\Education\Aspa\code\output_evidence_campaign_v3_20260215\stage_a\A4\02_final_wave\targets_calibrated_iter0.json --sa-enable --sa-domain nroy --sa-reductions 0.1,0.2,0.3,0.4 --outdir C:\Users\Alexander\Desktop\Education\Aspa\code\output_evidence_campaign_v3_20260215\stage_a\A4\02_final_wave
[RUN] C:\Users\Alexander\AppData\Local\Programs\Python\Python313\python.exe scripts/run_lhs.py --n 160 --seed 2 --seeds 0,1,2 --steps 120 --window 20 --balance-ok-threshold 0.6 --format csv --output C:\Users\Alexander\Desktop\Education\Aspa\code\output_evidence_campaign_v3_20260215\stage_a\A4\waves\wave_03\lhs_runs_wave3.csv --bounds-csv C:\Users\Alexander\Desktop\Education\Aspa\code\output_evidence_campaign_v3_20260215\stage_a\A4\02_final_wave\refined_intervals.csv --bounds-kind p05p95
[RUN] C:\Users\Alexander\AppData\Local\Programs\Python\Python313\python.exe scripts/train_emulator.py --data C:\Users\Alexander\Desktop\Education\Aspa\code\output_evidence_campaign_v3_20260215\stage_a\A4\waves\wave_03\lhs_runs_wave3.csv --targets C:\Users\Alexander\Desktop\Education\Aspa\code\output_evidence_campaign_v3_20260215\stage_a\A4\02_final_wave\targets_for_wave_final.json --min-r2-for-history-matching 0.3 --improb-threshold 2.45 --ev-mode seed_replicates --ev-default-quantile 0.75 --sigma-calibration-mode fixed --sigma-calibration-summary C:\Users\Alexander\Desktop\Education\Aspa\code\output_evidence_campaign_v3_20260215\stage_a\A4\waves\wave_03\sigma_calibration_summary_iter0.csv --calibrated-targets-out C:\Users\Alexander\Desktop\Education\Aspa\code\output_evidence_campaign_v3_20260215\stage_a\A4\waves\wave_03\targets_calibrated_iter0.json --sa-enable --sa-domain nroy --sa-reductions 0.1,0.2,0.3,0.4 --outdir C:\Users\Alexander\Desktop\Education\Aspa\code\output_evidence_campaign_v3_20260215\stage_a\A4\waves\wave_03
[RUN] C:\Users\Alexander\AppData\Local\Programs\Python\Python313\python.exe scripts/train_emulator.py --data C:\Users\Alexander\Desktop\Education\Aspa\code\output_evidence_campaign_v3_20260215\stage_a\A4\waves\wave_03\lhs_runs_wave3.csv --targets C:\Users\Alexander\Desktop\Education\Aspa\code\output_evidence_campaign_v3_20260215\stage_a\A4\waves\wave_03\targets_tuned_iter1.json --min-r2-for-history-matching 0.3 --improb-threshold 2.45 --ev-mode seed_replicates --ev-default-quantile 0.75 --sigma-calibration-mode fixed --sigma-calibration-summary C:\Users\Alexander\Desktop\Education\Aspa\code\output_evidence_campaign_v3_20260215\stage_a\A4\waves\wave_03\sigma_calibration_summary_iter1.csv --calibrated-targets-out C:\Users\Alexander\Desktop\Education\Aspa\code\output_evidence_campaign_v3_20260215\stage_a\A4\waves\wave_03\targets_calibrated_iter1.json --sa-enable --sa-domain nroy --sa-reductions 0.1,0.2,0.3,0.4 --outdir C:\Users\Alexander\Desktop\Education\Aspa\code\output_evidence_campaign_v3_20260215\stage_a\A4\waves\wave_03
[RUN] C:\Users\Alexander\AppData\Local\Programs\Python\Python313\python.exe scripts/make_report_set.py --data C:\Users\Alexander\Desktop\Education\Aspa\code\output_evidence_campaign_v3_20260215\stage_a\A4\02_final_wave\lhs_runs_wave3.csv --history-matching C:\Users\Alexander\Desktop\Education\Aspa\code\output_evidence_campaign_v3_20260215\stage_a\A4\02_final_wave\history_matching.csv --outdir C:\Users\Alexander\Desktop\Education\Aspa\code\output_evidence_campaign_v3_20260215\stage_a\A4\03_report_set --n 4 --steps 220 --window 40 --seeds 0,1,2 --min-employment 45 --min-output 50 --min-consumption 50 --min-hh-deposit 0.2 --max-bank-resolved-share 0.06 --max-bank-bailedout-share 0.02 --max-haircut-mean 0.03 --max-defaults-hh-rate 0.01 --max-defaults-firm-rate 0.01 --balance-ok-threshold 0.98
[RUN] C:\Users\Alexander\AppData\Local\Programs\Python\Python313\python.exe scripts/plot_report_runs.py --runs-dir C:\Users\Alexander\Desktop\Education\Aspa\code\output_evidence_campaign_v3_20260215\stage_a\A4\03_report_set --out C:\Users\Alexander\Desktop\Education\Aspa\code\output_evidence_campaign_v3_20260215\stage_a\A4\03_report_set\rep_plots
[RUN] C:\Users\Alexander\AppData\Local\Programs\Python\Python313\python.exe scripts/make_research_master_report.py --root C:\Users\Alexander\Desktop\Education\Aspa\code\output_evidence_campaign_v3_20260215\stage_a\A4 --run-config C:\Users\Alexander\Desktop\Education\Aspa\code\output_evidence_campaign_v3_20260215\stage_a\A4\run_config.json --out C:\Users\Alexander\Desktop\Education\Aspa\code\output_evidence_campaign_v3_20260215\stage_a\A4\04_master\research_core_report.md --tables-dir C:\Users\Alexander\Desktop\Education\Aspa\code\output_evidence_campaign_v3_20260215\stage_a\A4\04_master\research_core_tables --confirmatory-summary C:\Users\Alexander\Desktop\Education\Aspa\code\output_evidence_campaign_v3_20260215\stage_a\A4\04_master\confirmatory_summary.json --waves-summary C:\Users\Alexander\Desktop\Education\Aspa\code\output_evidence_campaign_v3_20260215\stage_a\A4\waves_summary.csv --stopping-diagnostics C:\Users\Alexander\Desktop\Education\Aspa\code\output_evidence_campaign_v3_20260215\stage_a\A4\stopping_diagnostics.jsonSaved report to C:\Users\Alexander\Desktop\Education\Aspa\code\output_evidence_campaign_v3_20260215\stage_a\A4\04_master\research_core_report.md
Saved tables to C:\Users\Alexander\Desktop\Education\Aspa\code\output_evidence_campaign_v3_20260215\stage_a\A4\04_master\research_core_tables

[INFO] Preflight PASS; full run launch skipped by flag.
[INFO] Saved go/no-go status: C:\Users\Alexander\Desktop\Education\Aspa\code\output_evidence_campaign_v3_20260215\stage_a\A4\go_no_go_status.json
[DONE] Preflight flow completed.
Saved 360 rows to C:\Users\Alexander\Desktop\Education\Aspa\code\output_evidence_campaign_v3_20260215\stage_a\A1\quick_confirm\01_wave1\lhs_runs.csv
Saved emulator scores to C:\Users\Alexander\Desktop\Education\Aspa\code\output_evidence_campaign_v3_20260215\stage_a\A1\quick_confirm\01_wave1\emulator_scores.csv
Saved sigma calibration summary to C:\Users\Alexander\Desktop\Education\Aspa\code\output_evidence_campaign_v3_20260215\stage_a\A1\quick_confirm\01_wave1\sigma_calibration_summary.csv
Saved calibrated targets to C:\Users\Alexander\Desktop\Education\Aspa\code\output_evidence_campaign_v3_20260215\stage_a\A1\quick_confirm\01_wave1\targets_calibrated.json
Saved uncertainty breakdown to C:\Users\Alexander\Desktop\Education\Aspa\code\output_evidence_campaign_v3_20260215\stage_a\A1\quick_confirm\01_wave1\uncertainty_components.csv
Saved history matching table to C:\Users\Alexander\Desktop\Education\Aspa\code\output_evidence_campaign_v3_20260215\stage_a\A1\quick_confirm\01_wave1\history_matching.csv
Saved refined intervals to C:\Users\Alexander\Desktop\Education\Aspa\code\output_evidence_campaign_v3_20260215\stage_a\A1\quick_confirm\01_wave1\refined_intervals.csv
Saved sensitivity table to C:\Users\Alexander\Desktop\Education\Aspa\code\output_evidence_campaign_v3_20260215\stage_a\A1\quick_confirm\01_wave1\sensitivity_uncertainty.csv
Saved sensitivity report to C:\Users\Alexander\Desktop\Education\Aspa\code\output_evidence_campaign_v3_20260215\stage_a\A1\quick_confirm\01_wave1\sensitivity_report.md
Saved 360 rows to C:\Users\Alexander\Desktop\Education\Aspa\code\output_evidence_campaign_v3_20260215\stage_a\A1\quick_confirm\02_final_wave\lhs_runs_wave2.csv
Saved emulator scores to C:\Users\Alexander\Desktop\Education\Aspa\code\output_evidence_campaign_v3_20260215\stage_a\A1\quick_confirm\02_final_wave\emulator_scores.csv
Saved sigma calibration summary to C:\Users\Alexander\Desktop\Education\Aspa\code\output_evidence_campaign_v3_20260215\stage_a\A1\quick_confirm\02_final_wave\sigma_calibration_summary_iter0.csv
Saved calibrated targets to C:\Users\Alexander\Desktop\Education\Aspa\code\output_evidence_campaign_v3_20260215\stage_a\A1\quick_confirm\02_final_wave\targets_calibrated_iter0.json
Saved uncertainty breakdown to C:\Users\Alexander\Desktop\Education\Aspa\code\output_evidence_campaign_v3_20260215\stage_a\A1\quick_confirm\02_final_wave\uncertainty_components.csv
Saved history matching table to C:\Users\Alexander\Desktop\Education\Aspa\code\output_evidence_campaign_v3_20260215\stage_a\A1\quick_confirm\02_final_wave\history_matching.csv
Saved refined intervals to C:\Users\Alexander\Desktop\Education\Aspa\code\output_evidence_campaign_v3_20260215\stage_a\A1\quick_confirm\02_final_wave\refined_intervals.csv
Saved sensitivity table to C:\Users\Alexander\Desktop\Education\Aspa\code\output_evidence_campaign_v3_20260215\stage_a\A1\quick_confirm\02_final_wave\sensitivity_uncertainty.csv
Saved sensitivity report to C:\Users\Alexander\Desktop\Education\Aspa\code\output_evidence_campaign_v3_20260215\stage_a\A1\quick_confirm\02_final_wave\sensitivity_report.md
Saved 360 rows to C:\Users\Alexander\Desktop\Education\Aspa\code\output_evidence_campaign_v3_20260215\stage_a\A1\quick_confirm\waves\wave_03\lhs_runs_wave3.csv
Saved emulator scores to C:\Users\Alexander\Desktop\Education\Aspa\code\output_evidence_campaign_v3_20260215\stage_a\A1\quick_confirm\waves\wave_03\emulator_scores.csv
Saved sigma calibration summary to C:\Users\Alexander\Desktop\Education\Aspa\code\output_evidence_campaign_v3_20260215\stage_a\A1\quick_confirm\waves\wave_03\sigma_calibration_summary_iter0.csv
Saved calibrated targets to C:\Users\Alexander\Desktop\Education\Aspa\code\output_evidence_campaign_v3_20260215\stage_a\A1\quick_confirm\waves\wave_03\targets_calibrated_iter0.json
Saved uncertainty breakdown to C:\Users\Alexander\Desktop\Education\Aspa\code\output_evidence_campaign_v3_20260215\stage_a\A1\quick_confirm\waves\wave_03\uncertainty_components.csv
Saved history matching table to C:\Users\Alexander\Desktop\Education\Aspa\code\output_evidence_campaign_v3_20260215\stage_a\A1\quick_confirm\waves\wave_03\history_matching.csv
Saved refined intervals to C:\Users\Alexander\Desktop\Education\Aspa\code\output_evidence_campaign_v3_20260215\stage_a\A1\quick_confirm\waves\wave_03\refined_intervals.csv
Saved sensitivity table to C:\Users\Alexander\Desktop\Education\Aspa\code\output_evidence_campaign_v3_20260215\stage_a\A1\quick_confirm\waves\wave_03\sensitivity_uncertainty.csv
Saved sensitivity report to C:\Users\Alexander\Desktop\Education\Aspa\code\output_evidence_campaign_v3_20260215\stage_a\A1\quick_confirm\waves\wave_03\sensitivity_report.md
Saved emulator scores to C:\Users\Alexander\Desktop\Education\Aspa\code\output_evidence_campaign_v3_20260215\stage_a\A1\quick_confirm\waves\wave_03\emulator_scores.csv
Saved sigma calibration summary to C:\Users\Alexander\Desktop\Education\Aspa\code\output_evidence_campaign_v3_20260215\stage_a\A1\quick_confirm\waves\wave_03\sigma_calibration_summary_iter1.csv
Saved calibrated targets to C:\Users\Alexander\Desktop\Education\Aspa\code\output_evidence_campaign_v3_20260215\stage_a\A1\quick_confirm\waves\wave_03\targets_calibrated_iter1.json
Saved uncertainty breakdown to C:\Users\Alexander\Desktop\Education\Aspa\code\output_evidence_campaign_v3_20260215\stage_a\A1\quick_confirm\waves\wave_03\uncertainty_components.csv
Saved history matching table to C:\Users\Alexander\Desktop\Education\Aspa\code\output_evidence_campaign_v3_20260215\stage_a\A1\quick_confirm\waves\wave_03\history_matching.csv
Saved refined intervals to C:\Users\Alexander\Desktop\Education\Aspa\code\output_evidence_campaign_v3_20260215\stage_a\A1\quick_confirm\waves\wave_03\refined_intervals.csv
Saved sensitivity table to C:\Users\Alexander\Desktop\Education\Aspa\code\output_evidence_campaign_v3_20260215\stage_a\A1\quick_confirm\waves\wave_03\sensitivity_uncertainty.csv
Saved sensitivity report to C:\Users\Alexander\Desktop\Education\Aspa\code\output_evidence_campaign_v3_20260215\stage_a\A1\quick_confirm\waves\wave_03\sensitivity_report.md
Saved emulator scores to C:\Users\Alexander\Desktop\Education\Aspa\code\output_evidence_campaign_v3_20260215\stage_a\A1\quick_confirm\waves\wave_03\emulator_scores.csv
Saved sigma calibration summary to C:\Users\Alexander\Desktop\Education\Aspa\code\output_evidence_campaign_v3_20260215\stage_a\A1\quick_confirm\waves\wave_03\sigma_calibration_summary_iter2.csv
Saved calibrated targets to C:\Users\Alexander\Desktop\Education\Aspa\code\output_evidence_campaign_v3_20260215\stage_a\A1\quick_confirm\waves\wave_03\targets_calibrated_iter2.json
Saved uncertainty breakdown to C:\Users\Alexander\Desktop\Education\Aspa\code\output_evidence_campaign_v3_20260215\stage_a\A1\quick_confirm\waves\wave_03\uncertainty_components.csv
Saved history matching table to C:\Users\Alexander\Desktop\Education\Aspa\code\output_evidence_campaign_v3_20260215\stage_a\A1\quick_confirm\waves\wave_03\history_matching.csv
Saved refined intervals to C:\Users\Alexander\Desktop\Education\Aspa\code\output_evidence_campaign_v3_20260215\stage_a\A1\quick_confirm\waves\wave_03\refined_intervals.csv
Saved sensitivity table to C:\Users\Alexander\Desktop\Education\Aspa\code\output_evidence_campaign_v3_20260215\stage_a\A1\quick_confirm\waves\wave_03\sensitivity_uncertainty.csv
Saved sensitivity report to C:\Users\Alexander\Desktop\Education\Aspa\code\output_evidence_campaign_v3_20260215\stage_a\A1\quick_confirm\waves\wave_03\sensitivity_report.md
Saved points to C:\Users\Alexander\Desktop\Education\Aspa\code\output_evidence_campaign_v3_20260215\stage_a\A1\quick_confirm\03_report_set\representative_points.csv
Saved run summaries to C:\Users\Alexander\Desktop\Education\Aspa\code\output_evidence_campaign_v3_20260215\stage_a\A1\quick_confirm\03_report_set\representative_summary.csv
Saved C:\Users\Alexander\Desktop\Education\Aspa\code\output_evidence_campaign_v3_20260215\stage_a\A1\quick_confirm\03_report_set\rep_plots\rep_00.png
Saved C:\Users\Alexander\Desktop\Education\Aspa\code\output_evidence_campaign_v3_20260215\stage_a\A1\quick_confirm\03_report_set\rep_plots\rep_01.png
[INFO] Saved run config: C:\Users\Alexander\Desktop\Education\Aspa\code\output_evidence_campaign_v3_20260215\stage_a\A1\quick_confirm\run_config.json
[RUN] C:\Users\Alexander\AppData\Local\Programs\Python\Python313\python.exe scripts/run_lhs.py --n 120 --seed 0 --seeds 0,1,2 --steps 120 --window 30 --balance-ok-threshold 0.6 --format csv --output C:\Users\Alexander\Desktop\Education\Aspa\code\output_evidence_campaign_v3_20260215\stage_a\A1\quick_confirm\01_wave1\lhs_runs.csv
[RUN] C:\Users\Alexander\AppData\Local\Programs\Python\Python313\python.exe scripts/train_emulator.py --data C:\Users\Alexander\Desktop\Education\Aspa\code\output_evidence_campaign_v3_20260215\stage_a\A1\quick_confirm\01_wave1\lhs_runs.csv --targets C:\Users\Alexander\Desktop\Education\Aspa\code\scripts\targets_report.json --min-r2-for-history-matching 0.3 --improb-threshold 2.6 --ev-mode seed_replicates --ev-default-quantile 0.8 --sigma-calibration-mode fixed --sigma-calibration-summary C:\Users\Alexander\Desktop\Education\Aspa\code\output_evidence_campaign_v3_20260215\stage_a\A1\quick_confirm\01_wave1\sigma_calibration_summary.csv --calibrated-targets-out C:\Users\Alexander\Desktop\Education\Aspa\code\output_evidence_campaign_v3_20260215\stage_a\A1\quick_confirm\01_wave1\targets_calibrated.json --sa-enable --sa-domain nroy --sa-reductions 0.1,0.2,0.3,0.4 --outdir C:\Users\Alexander\Desktop\Education\Aspa\code\output_evidence_campaign_v3_20260215\stage_a\A1\quick_confirm\01_wave1
[RUN] C:\Users\Alexander\AppData\Local\Programs\Python\Python313\python.exe scripts/run_lhs.py --n 120 --seed 1 --seeds 0,1,2 --steps 120 --window 30 --balance-ok-threshold 0.6 --format csv --output C:\Users\Alexander\Desktop\Education\Aspa\code\output_evidence_campaign_v3_20260215\stage_a\A1\quick_confirm\02_final_wave\lhs_runs_wave2.csv --bounds-csv C:\Users\Alexander\Desktop\Education\Aspa\code\output_evidence_campaign_v3_20260215\stage_a\A1\quick_confirm\01_wave1\refined_intervals.csv --bounds-kind p05p95
[RUN] C:\Users\Alexander\AppData\Local\Programs\Python\Python313\python.exe scripts/train_emulator.py --data C:\Users\Alexander\Desktop\Education\Aspa\code\output_evidence_campaign_v3_20260215\stage_a\A1\quick_confirm\02_final_wave\lhs_runs_wave2.csv --targets C:\Users\Alexander\Desktop\Education\Aspa\code\output_evidence_campaign_v3_20260215\stage_a\A1\quick_confirm\01_wave1\targets_for_wave_final.json --min-r2-for-history-matching 0.3 --improb-threshold 2.6 --ev-mode seed_replicates --ev-default-quantile 0.8 --sigma-calibration-mode fixed --sigma-calibration-summary C:\Users\Alexander\Desktop\Education\Aspa\code\output_evidence_campaign_v3_20260215\stage_a\A1\quick_confirm\02_final_wave\sigma_calibration_summary_iter0.csv --calibrated-targets-out C:\Users\Alexander\Desktop\Education\Aspa\code\output_evidence_campaign_v3_20260215\stage_a\A1\quick_confirm\02_final_wave\targets_calibrated_iter0.json --sa-enable --sa-domain nroy --sa-reductions 0.1,0.2,0.3,0.4 --outdir C:\Users\Alexander\Desktop\Education\Aspa\code\output_evidence_campaign_v3_20260215\stage_a\A1\quick_confirm\02_final_wave
[RUN] C:\Users\Alexander\AppData\Local\Programs\Python\Python313\python.exe scripts/run_lhs.py --n 120 --seed 2 --seeds 0,1,2 --steps 120 --window 30 --balance-ok-threshold 0.6 --format csv --output C:\Users\Alexander\Desktop\Education\Aspa\code\output_evidence_campaign_v3_20260215\stage_a\A1\quick_confirm\waves\wave_03\lhs_runs_wave3.csv --bounds-csv C:\Users\Alexander\Desktop\Education\Aspa\code\output_evidence_campaign_v3_20260215\stage_a\A1\quick_confirm\02_final_wave\refined_intervals.csv --bounds-kind p05p95
[RUN] C:\Users\Alexander\AppData\Local\Programs\Python\Python313\python.exe scripts/train_emulator.py --data C:\Users\Alexander\Desktop\Education\Aspa\code\output_evidence_campaign_v3_20260215\stage_a\A1\quick_confirm\waves\wave_03\lhs_runs_wave3.csv --targets C:\Users\Alexander\Desktop\Education\Aspa\code\output_evidence_campaign_v3_20260215\stage_a\A1\quick_confirm\02_final_wave\targets_for_wave_final.json --min-r2-for-history-matching 0.3 --improb-threshold 2.6 --ev-mode seed_replicates --ev-default-quantile 0.8 --sigma-calibration-mode fixed --sigma-calibration-summary C:\Users\Alexander\Desktop\Education\Aspa\code\output_evidence_campaign_v3_20260215\stage_a\A1\quick_confirm\waves\wave_03\sigma_calibration_summary_iter0.csv --calibrated-targets-out C:\Users\Alexander\Desktop\Education\Aspa\code\output_evidence_campaign_v3_20260215\stage_a\A1\quick_confirm\waves\wave_03\targets_calibrated_iter0.json --sa-enable --sa-domain nroy --sa-reductions 0.1,0.2,0.3,0.4 --outdir C:\Users\Alexander\Desktop\Education\Aspa\code\output_evidence_campaign_v3_20260215\stage_a\A1\quick_confirm\waves\wave_03
[RUN] C:\Users\Alexander\AppData\Local\Programs\Python\Python313\python.exe scripts/train_emulator.py --data C:\Users\Alexander\Desktop\Education\Aspa\code\output_evidence_campaign_v3_20260215\stage_a\A1\quick_confirm\waves\wave_03\lhs_runs_wave3.csv --targets C:\Users\Alexander\Desktop\Education\Aspa\code\output_evidence_campaign_v3_20260215\stage_a\A1\quick_confirm\waves\wave_03\targets_tuned_iter1.json --min-r2-for-history-matching 0.3 --improb-threshold 2.6 --ev-mode seed_replicates --ev-default-quantile 0.8 --sigma-calibration-mode fixed --sigma-calibration-summary C:\Users\Alexander\Desktop\Education\Aspa\code\output_evidence_campaign_v3_20260215\stage_a\A1\quick_confirm\waves\wave_03\sigma_calibration_summary_iter1.csv --calibrated-targets-out C:\Users\Alexander\Desktop\Education\Aspa\code\output_evidence_campaign_v3_20260215\stage_a\A1\quick_confirm\waves\wave_03\targets_calibrated_iter1.json --sa-enable --sa-domain nroy --sa-reductions 0.1,0.2,0.3,0.4 --outdir C:\Users\Alexander\Desktop\Education\Aspa\code\output_evidence_campaign_v3_20260215\stage_a\A1\quick_confirm\waves\wave_03
[RUN] C:\Users\Alexander\AppData\Local\Programs\Python\Python313\python.exe scripts/train_emulator.py --data C:\Users\Alexander\Desktop\Education\Aspa\code\output_evidence_campaign_v3_20260215\stage_a\A1\quick_confirm\waves\wave_03\lhs_runs_wave3.csv --targets C:\Users\Alexander\Desktop\Education\Aspa\code\output_evidence_campaign_v3_20260215\stage_a\A1\quick_confirm\waves\wave_03\targets_tuned_iter2.json --min-r2-for-history-matching 0.3 --improb-threshold 2.6 --ev-mode seed_replicates --ev-default-quantile 0.8 --sigma-calibration-mode fixed --sigma-calibration-summary C:\Users\Alexander\Desktop\Education\Aspa\code\output_evidence_campaign_v3_20260215\stage_a\A1\quick_confirm\waves\wave_03\sigma_calibration_summary_iter2.csv --calibrated-targets-out C:\Users\Alexander\Desktop\Education\Aspa\code\output_evidence_campaign_v3_20260215\stage_a\A1\quick_confirm\waves\wave_03\targets_calibrated_iter2.json --sa-enable --sa-domain nroy --sa-reductions 0.1,0.2,0.3,0.4 --outdir C:\Users\Alexander\Desktop\Education\Aspa\code\output_evidence_campaign_v3_20260215\stage_a\A1\quick_confirm\waves\wave_03
[RUN] C:\Users\Alexander\AppData\Local\Programs\Python\Python313\python.exe scripts/make_report_set.py --data C:\Users\Alexander\Desktop\Education\Aspa\code\output_evidence_campaign_v3_20260215\stage_a\A1\quick_confirm\02_final_wave\lhs_runs_wave3.csv --history-matching C:\Users\Alexander\Desktop\Education\Aspa\code\output_evidence_campaign_v3_20260215\stage_a\A1\quick_confirm\02_final_wave\history_matching.csv --outdir C:\Users\Alexander\Desktop\Education\Aspa\code\output_evidence_campaign_v3_20260215\stage_a\A1\quick_confirm\03_report_set --n 2 --steps 120 --window 60 --seeds 0,1,2 --min-employment 45 --min-output 50 --min-consumption 50 --min-hh-deposit 0.2 --max-bank-resolved-share 0.06 --max-bank-bailedout-share 0.02 --max-haircut-mean 0.03 --max-defaults-hh-rate 0.01 --max-defaults-firm-rate 0.01 --balance-ok-threshold 0.98
[RUN] C:\Users\Alexander\AppData\Local\Programs\Python\Python313\python.exe scripts/plot_report_runs.py --runs-dir C:\Users\Alexander\Desktop\Education\Aspa\code\output_evidence_campaign_v3_20260215\stage_a\A1\quick_confirm\03_report_set --out C:\Users\Alexander\Desktop\Education\Aspa\code\output_evidence_campaign_v3_20260215\stage_a\A1\quick_confirm\03_report_set\rep_plots
[RUN] C:\Users\Alexander\AppData\Local\Programs\Python\Python313\python.exe scripts/run_lhs.py --n 120 --seed 33 --seeds 0,1,2 --steps 120 --window 30 --balance-ok-threshold 0.6 --bounds-csv C:\Users\Alexander\Desktop\Education\Aspa\code\output_evidence_campaign_v3_20260215\stage_a\A1\quick_confirm\waves\wave_03\refined_intervals.csv --bounds-kind p05p95 --format csv --output C:\Users\Alexander\Desktop\Education\Aspa\code\output_evidence_campaign_v3_20260215\stage_a\A1\quick_confirm\05_confirmatory\wave_03\lhs_runs_confirm_wave3.csvSaved 360 rows to C:\Users\Alexander\Desktop\Education\Aspa\code\output_evidence_campaign_v3_20260215\stage_a\A1\quick_confirm\05_confirmatory\wave_03\lhs_runs_confirm_wave3.csv
Saved emulator scores to C:\Users\Alexander\Desktop\Education\Aspa\code\output_evidence_campaign_v3_20260215\stage_a\A1\quick_confirm\05_confirmatory\wave_03\emulator_scores.csv
Saved sigma calibration summary to C:\Users\Alexander\Desktop\Education\Aspa\code\output_evidence_campaign_v3_20260215\stage_a\A1\quick_confirm\05_confirmatory\wave_03\sigma_calibration_summary.csv
Saved calibrated targets to C:\Users\Alexander\Desktop\Education\Aspa\code\output_evidence_campaign_v3_20260215\stage_a\A1\quick_confirm\05_confirmatory\wave_03\targets_calibrated.json
Saved uncertainty breakdown to C:\Users\Alexander\Desktop\Education\Aspa\code\output_evidence_campaign_v3_20260215\stage_a\A1\quick_confirm\05_confirmatory\wave_03\uncertainty_components.csv
Saved history matching table to C:\Users\Alexander\Desktop\Education\Aspa\code\output_evidence_campaign_v3_20260215\stage_a\A1\quick_confirm\05_confirmatory\wave_03\history_matching.csv
Saved refined intervals to C:\Users\Alexander\Desktop\Education\Aspa\code\output_evidence_campaign_v3_20260215\stage_a\A1\quick_confirm\05_confirmatory\wave_03\refined_intervals.csv
Saved sensitivity table to C:\Users\Alexander\Desktop\Education\Aspa\code\output_evidence_campaign_v3_20260215\stage_a\A1\quick_confirm\05_confirmatory\wave_03\sensitivity_uncertainty.csv
Saved sensitivity report to C:\Users\Alexander\Desktop\Education\Aspa\code\output_evidence_campaign_v3_20260215\stage_a\A1\quick_confirm\05_confirmatory\wave_03\sensitivity_report.md
Saved report to C:\Users\Alexander\Desktop\Education\Aspa\code\output_evidence_campaign_v3_20260215\stage_a\A1\quick_confirm\04_master\research_core_report.md
Saved tables to C:\Users\Alexander\Desktop\Education\Aspa\code\output_evidence_campaign_v3_20260215\stage_a\A1\quick_confirm\04_master\research_core_tables

[RUN] C:\Users\Alexander\AppData\Local\Programs\Python\Python313\python.exe scripts/train_emulator.py --data C:\Users\Alexander\Desktop\Education\Aspa\code\output_evidence_campaign_v3_20260215\stage_a\A1\quick_confirm\05_confirmatory\wave_03\lhs_runs_confirm_wave3.csv --targets C:\Users\Alexander\Desktop\Education\Aspa\code\output_evidence_campaign_v3_20260215\stage_a\A1\quick_confirm\waves\wave_03\targets_for_wave_final.json --min-r2-for-history-matching 0.3 --improb-threshold 2.6 --ev-mode seed_replicates --ev-default-quantile 0.8 --sigma-calibration-mode fixed --sigma-calibration-summary C:\Users\Alexander\Desktop\Education\Aspa\code\output_evidence_campaign_v3_20260215\stage_a\A1\quick_confirm\05_confirmatory\wave_03\sigma_calibration_summary.csv --calibrated-targets-out C:\Users\Alexander\Desktop\Education\Aspa\code\output_evidence_campaign_v3_20260215\stage_a\A1\quick_confirm\05_confirmatory\wave_03\targets_calibrated.json --sa-enable --sa-domain nroy --sa-reductions 0.1,0.2,0.3,0.4 --outdir C:\Users\Alexander\Desktop\Education\Aspa\code\output_evidence_campaign_v3_20260215\stage_a\A1\quick_confirm\05_confirmatory\wave_03
[RUN] C:\Users\Alexander\AppData\Local\Programs\Python\Python313\python.exe scripts/make_research_master_report.py --root C:\Users\Alexander\Desktop\Education\Aspa\code\output_evidence_campaign_v3_20260215\stage_a\A1\quick_confirm --run-config C:\Users\Alexander\Desktop\Education\Aspa\code\output_evidence_campaign_v3_20260215\stage_a\A1\quick_confirm\run_config.json --out C:\Users\Alexander\Desktop\Education\Aspa\code\output_evidence_campaign_v3_20260215\stage_a\A1\quick_confirm\04_master\research_core_report.md --tables-dir C:\Users\Alexander\Desktop\Education\Aspa\code\output_evidence_campaign_v3_20260215\stage_a\A1\quick_confirm\04_master\research_core_tables --confirmatory-summary C:\Users\Alexander\Desktop\Education\Aspa\code\output_evidence_campaign_v3_20260215\stage_a\A1\quick_confirm\04_master\confirmatory_summary.json --waves-summary C:\Users\Alexander\Desktop\Education\Aspa\code\output_evidence_campaign_v3_20260215\stage_a\A1\quick_confirm\waves_summary.csv --stopping-diagnostics C:\Users\Alexander\Desktop\Education\Aspa\code\output_evidence_campaign_v3_20260215\stage_a\A1\quick_confirm\stopping_diagnostics.json
[DONE] Research core v3 pipeline completed.
Saved 360 rows to C:\Users\Alexander\Desktop\Education\Aspa\code\output_evidence_campaign_v3_20260215\stage_a\A2\quick_confirm\01_wave1\lhs_runs.csv
Saved emulator scores to C:\Users\Alexander\Desktop\Education\Aspa\code\output_evidence_campaign_v3_20260215\stage_a\A2\quick_confirm\01_wave1\emulator_scores.csv
Saved sigma calibration summary to C:\Users\Alexander\Desktop\Education\Aspa\code\output_evidence_campaign_v3_20260215\stage_a\A2\quick_confirm\01_wave1\sigma_calibration_summary.csv
Saved calibrated targets to C:\Users\Alexander\Desktop\Education\Aspa\code\output_evidence_campaign_v3_20260215\stage_a\A2\quick_confirm\01_wave1\targets_calibrated.json
Saved uncertainty breakdown to C:\Users\Alexander\Desktop\Education\Aspa\code\output_evidence_campaign_v3_20260215\stage_a\A2\quick_confirm\01_wave1\uncertainty_components.csv
Saved history matching table to C:\Users\Alexander\Desktop\Education\Aspa\code\output_evidence_campaign_v3_20260215\stage_a\A2\quick_confirm\01_wave1\history_matching.csv
Saved refined intervals to C:\Users\Alexander\Desktop\Education\Aspa\code\output_evidence_campaign_v3_20260215\stage_a\A2\quick_confirm\01_wave1\refined_intervals.csv
Saved sensitivity table to C:\Users\Alexander\Desktop\Education\Aspa\code\output_evidence_campaign_v3_20260215\stage_a\A2\quick_confirm\01_wave1\sensitivity_uncertainty.csv
Saved sensitivity report to C:\Users\Alexander\Desktop\Education\Aspa\code\output_evidence_campaign_v3_20260215\stage_a\A2\quick_confirm\01_wave1\sensitivity_report.md
Saved 360 rows to C:\Users\Alexander\Desktop\Education\Aspa\code\output_evidence_campaign_v3_20260215\stage_a\A2\quick_confirm\02_final_wave\lhs_runs_wave2.csv
Saved emulator scores to C:\Users\Alexander\Desktop\Education\Aspa\code\output_evidence_campaign_v3_20260215\stage_a\A2\quick_confirm\02_final_wave\emulator_scores.csv
Saved sigma calibration summary to C:\Users\Alexander\Desktop\Education\Aspa\code\output_evidence_campaign_v3_20260215\stage_a\A2\quick_confirm\02_final_wave\sigma_calibration_summary_iter0.csv
Saved calibrated targets to C:\Users\Alexander\Desktop\Education\Aspa\code\output_evidence_campaign_v3_20260215\stage_a\A2\quick_confirm\02_final_wave\targets_calibrated_iter0.json
Saved uncertainty breakdown to C:\Users\Alexander\Desktop\Education\Aspa\code\output_evidence_campaign_v3_20260215\stage_a\A2\quick_confirm\02_final_wave\uncertainty_components.csv
Saved history matching table to C:\Users\Alexander\Desktop\Education\Aspa\code\output_evidence_campaign_v3_20260215\stage_a\A2\quick_confirm\02_final_wave\history_matching.csv
Saved refined intervals to C:\Users\Alexander\Desktop\Education\Aspa\code\output_evidence_campaign_v3_20260215\stage_a\A2\quick_confirm\02_final_wave\refined_intervals.csv
Saved sensitivity table to C:\Users\Alexander\Desktop\Education\Aspa\code\output_evidence_campaign_v3_20260215\stage_a\A2\quick_confirm\02_final_wave\sensitivity_uncertainty.csv
Saved sensitivity report to C:\Users\Alexander\Desktop\Education\Aspa\code\output_evidence_campaign_v3_20260215\stage_a\A2\quick_confirm\02_final_wave\sensitivity_report.md
Saved emulator scores to C:\Users\Alexander\Desktop\Education\Aspa\code\output_evidence_campaign_v3_20260215\stage_a\A2\quick_confirm\02_final_wave\emulator_scores.csv
Saved sigma calibration summary to C:\Users\Alexander\Desktop\Education\Aspa\code\output_evidence_campaign_v3_20260215\stage_a\A2\quick_confirm\02_final_wave\sigma_calibration_summary_iter1.csv
Saved calibrated targets to C:\Users\Alexander\Desktop\Education\Aspa\code\output_evidence_campaign_v3_20260215\stage_a\A2\quick_confirm\02_final_wave\targets_calibrated_iter1.json
Saved uncertainty breakdown to C:\Users\Alexander\Desktop\Education\Aspa\code\output_evidence_campaign_v3_20260215\stage_a\A2\quick_confirm\02_final_wave\uncertainty_components.csv
Saved history matching table to C:\Users\Alexander\Desktop\Education\Aspa\code\output_evidence_campaign_v3_20260215\stage_a\A2\quick_confirm\02_final_wave\history_matching.csv
Saved refined intervals to C:\Users\Alexander\Desktop\Education\Aspa\code\output_evidence_campaign_v3_20260215\stage_a\A2\quick_confirm\02_final_wave\refined_intervals.csv
Saved sensitivity table to C:\Users\Alexander\Desktop\Education\Aspa\code\output_evidence_campaign_v3_20260215\stage_a\A2\quick_confirm\02_final_wave\sensitivity_uncertainty.csv
Saved sensitivity report to C:\Users\Alexander\Desktop\Education\Aspa\code\output_evidence_campaign_v3_20260215\stage_a\A2\quick_confirm\02_final_wave\sensitivity_report.md
Saved 360 rows to C:\Users\Alexander\Desktop\Education\Aspa\code\output_evidence_campaign_v3_20260215\stage_a\A2\quick_confirm\waves\wave_03\lhs_runs_wave3.csv
Saved emulator scores to C:\Users\Alexander\Desktop\Education\Aspa\code\output_evidence_campaign_v3_20260215\stage_a\A2\quick_confirm\waves\wave_03\emulator_scores.csv
Saved sigma calibration summary to C:\Users\Alexander\Desktop\Education\Aspa\code\output_evidence_campaign_v3_20260215\stage_a\A2\quick_confirm\waves\wave_03\sigma_calibration_summary_iter0.csv
Saved calibrated targets to C:\Users\Alexander\Desktop\Education\Aspa\code\output_evidence_campaign_v3_20260215\stage_a\A2\quick_confirm\waves\wave_03\targets_calibrated_iter0.json
Saved uncertainty breakdown to C:\Users\Alexander\Desktop\Education\Aspa\code\output_evidence_campaign_v3_20260215\stage_a\A2\quick_confirm\waves\wave_03\uncertainty_components.csv
Saved history matching table to C:\Users\Alexander\Desktop\Education\Aspa\code\output_evidence_campaign_v3_20260215\stage_a\A2\quick_confirm\waves\wave_03\history_matching.csv
Saved refined intervals to C:\Users\Alexander\Desktop\Education\Aspa\code\output_evidence_campaign_v3_20260215\stage_a\A2\quick_confirm\waves\wave_03\refined_intervals.csv
Saved sensitivity table to C:\Users\Alexander\Desktop\Education\Aspa\code\output_evidence_campaign_v3_20260215\stage_a\A2\quick_confirm\waves\wave_03\sensitivity_uncertainty.csv
Saved sensitivity report to C:\Users\Alexander\Desktop\Education\Aspa\code\output_evidence_campaign_v3_20260215\stage_a\A2\quick_confirm\waves\wave_03\sensitivity_report.md
Saved points to C:\Users\Alexander\Desktop\Education\Aspa\code\output_evidence_campaign_v3_20260215\stage_a\A2\quick_confirm\03_report_set\representative_points.csv
Saved run summaries to C:\Users\Alexander\Desktop\Education\Aspa\code\output_evidence_campaign_v3_20260215\stage_a\A2\quick_confirm\03_report_set\representative_summary.csv
Saved C:\Users\Alexander\Desktop\Education\Aspa\code\output_evidence_campaign_v3_20260215\stage_a\A2\quick_confirm\03_report_set\rep_plots\rep_00.png
Saved C:\Users\Alexander\Desktop\Education\Aspa\code\output_evidence_campaign_v3_20260215\stage_a\A2\quick_confirm\03_report_set\rep_plots\rep_01.png
Saved 360 rows to C:\Users\Alexander\Desktop\Education\Aspa\code\output_evidence_campaign_v3_20260215\stage_a\A2\quick_confirm\05_confirmatory\wave_03\lhs_runs_confirm_wave3.csv
[INFO] Saved run config: C:\Users\Alexander\Desktop\Education\Aspa\code\output_evidence_campaign_v3_20260215\stage_a\A2\quick_confirm\run_config.json
[RUN] C:\Users\Alexander\AppData\Local\Programs\Python\Python313\python.exe scripts/run_lhs.py --n 120 --seed 0 --seeds 0,1,2 --steps 120 --window 30 --balance-ok-threshold 0.6 --format csv --output C:\Users\Alexander\Desktop\Education\Aspa\code\output_evidence_campaign_v3_20260215\stage_a\A2\quick_confirm\01_wave1\lhs_runs.csv
[RUN] C:\Users\Alexander\AppData\Local\Programs\Python\Python313\python.exe scripts/train_emulator.py --data C:\Users\Alexander\Desktop\Education\Aspa\code\output_evidence_campaign_v3_20260215\stage_a\A2\quick_confirm\01_wave1\lhs_runs.csv --targets C:\Users\Alexander\Desktop\Education\Aspa\code\scripts\targets_report.json --min-r2-for-history-matching 0.3 --improb-threshold 2.55 --ev-mode seed_replicates --ev-default-quantile 0.8 --sigma-calibration-mode fixed --sigma-calibration-summary C:\Users\Alexander\Desktop\Education\Aspa\code\output_evidence_campaign_v3_20260215\stage_a\A2\quick_confirm\01_wave1\sigma_calibration_summary.csv --calibrated-targets-out C:\Users\Alexander\Desktop\Education\Aspa\code\output_evidence_campaign_v3_20260215\stage_a\A2\quick_confirm\01_wave1\targets_calibrated.json --sa-enable --sa-domain nroy --sa-reductions 0.1,0.2,0.3,0.4 --outdir C:\Users\Alexander\Desktop\Education\Aspa\code\output_evidence_campaign_v3_20260215\stage_a\A2\quick_confirm\01_wave1
[RUN] C:\Users\Alexander\AppData\Local\Programs\Python\Python313\python.exe scripts/run_lhs.py --n 120 --seed 1 --seeds 0,1,2 --steps 120 --window 30 --balance-ok-threshold 0.6 --format csv --output C:\Users\Alexander\Desktop\Education\Aspa\code\output_evidence_campaign_v3_20260215\stage_a\A2\quick_confirm\02_final_wave\lhs_runs_wave2.csv --bounds-csv C:\Users\Alexander\Desktop\Education\Aspa\code\output_evidence_campaign_v3_20260215\stage_a\A2\quick_confirm\01_wave1\refined_intervals.csv --bounds-kind p05p95
[RUN] C:\Users\Alexander\AppData\Local\Programs\Python\Python313\python.exe scripts/train_emulator.py --data C:\Users\Alexander\Desktop\Education\Aspa\code\output_evidence_campaign_v3_20260215\stage_a\A2\quick_confirm\02_final_wave\lhs_runs_wave2.csv --targets C:\Users\Alexander\Desktop\Education\Aspa\code\output_evidence_campaign_v3_20260215\stage_a\A2\quick_confirm\01_wave1\targets_for_wave_final.json --min-r2-for-history-matching 0.3 --improb-threshold 2.55 --ev-mode seed_replicates --ev-default-quantile 0.8 --sigma-calibration-mode fixed --sigma-calibration-summary C:\Users\Alexander\Desktop\Education\Aspa\code\output_evidence_campaign_v3_20260215\stage_a\A2\quick_confirm\02_final_wave\sigma_calibration_summary_iter0.csv --calibrated-targets-out C:\Users\Alexander\Desktop\Education\Aspa\code\output_evidence_campaign_v3_20260215\stage_a\A2\quick_confirm\02_final_wave\targets_calibrated_iter0.json --sa-enable --sa-domain nroy --sa-reductions 0.1,0.2,0.3,0.4 --outdir C:\Users\Alexander\Desktop\Education\Aspa\code\output_evidence_campaign_v3_20260215\stage_a\A2\quick_confirm\02_final_wave
[RUN] C:\Users\Alexander\AppData\Local\Programs\Python\Python313\python.exe scripts/train_emulator.py --data C:\Users\Alexander\Desktop\Education\Aspa\code\output_evidence_campaign_v3_20260215\stage_a\A2\quick_confirm\02_final_wave\lhs_runs_wave2.csv --targets C:\Users\Alexander\Desktop\Education\Aspa\code\output_evidence_campaign_v3_20260215\stage_a\A2\quick_confirm\02_final_wave\targets_tuned_iter1.json --min-r2-for-history-matching 0.3 --improb-threshold 2.55 --ev-mode seed_replicates --ev-default-quantile 0.8 --sigma-calibration-mode fixed --sigma-calibration-summary C:\Users\Alexander\Desktop\Education\Aspa\code\output_evidence_campaign_v3_20260215\stage_a\A2\quick_confirm\02_final_wave\sigma_calibration_summary_iter1.csv --calibrated-targets-out C:\Users\Alexander\Desktop\Education\Aspa\code\output_evidence_campaign_v3_20260215\stage_a\A2\quick_confirm\02_final_wave\targets_calibrated_iter1.json --sa-enable --sa-domain nroy --sa-reductions 0.1,0.2,0.3,0.4 --outdir C:\Users\Alexander\Desktop\Education\Aspa\code\output_evidence_campaign_v3_20260215\stage_a\A2\quick_confirm\02_final_wave
[RUN] C:\Users\Alexander\AppData\Local\Programs\Python\Python313\python.exe scripts/run_lhs.py --n 120 --seed 2 --seeds 0,1,2 --steps 120 --window 30 --balance-ok-threshold 0.6 --format csv --output C:\Users\Alexander\Desktop\Education\Aspa\code\output_evidence_campaign_v3_20260215\stage_a\A2\quick_confirm\waves\wave_03\lhs_runs_wave3.csv --bounds-csv C:\Users\Alexander\Desktop\Education\Aspa\code\output_evidence_campaign_v3_20260215\stage_a\A2\quick_confirm\02_final_wave\refined_intervals.csv --bounds-kind p05p95
[RUN] C:\Users\Alexander\AppData\Local\Programs\Python\Python313\python.exe scripts/train_emulator.py --data C:\Users\Alexander\Desktop\Education\Aspa\code\output_evidence_campaign_v3_20260215\stage_a\A2\quick_confirm\waves\wave_03\lhs_runs_wave3.csv --targets C:\Users\Alexander\Desktop\Education\Aspa\code\output_evidence_campaign_v3_20260215\stage_a\A2\quick_confirm\02_final_wave\targets_for_wave_final.json --min-r2-for-history-matching 0.3 --improb-threshold 2.55 --ev-mode seed_replicates --ev-default-quantile 0.8 --sigma-calibration-mode fixed --sigma-calibration-summary C:\Users\Alexander\Desktop\Education\Aspa\code\output_evidence_campaign_v3_20260215\stage_a\A2\quick_confirm\waves\wave_03\sigma_calibration_summary_iter0.csv --calibrated-targets-out C:\Users\Alexander\Desktop\Education\Aspa\code\output_evidence_campaign_v3_20260215\stage_a\A2\quick_confirm\waves\wave_03\targets_calibrated_iter0.json --sa-enable --sa-domain nroy --sa-reductions 0.1,0.2,0.3,0.4 --outdir C:\Users\Alexander\Desktop\Education\Aspa\code\output_evidence_campaign_v3_20260215\stage_a\A2\quick_confirm\waves\wave_03
[RUN] C:\Users\Alexander\AppData\Local\Programs\Python\Python313\python.exe scripts/make_report_set.py --data C:\Users\Alexander\Desktop\Education\Aspa\code\output_evidence_campaign_v3_20260215\stage_a\A2\quick_confirm\02_final_wave\lhs_runs_wave3.csv --history-matching C:\Users\Alexander\Desktop\Education\Aspa\code\output_evidence_campaign_v3_20260215\stage_a\A2\quick_confirm\02_final_wave\history_matching.csv --outdir C:\Users\Alexander\Desktop\Education\Aspa\code\output_evidence_campaign_v3_20260215\stage_a\A2\quick_confirm\03_report_set --n 2 --steps 120 --window 60 --seeds 0,1,2 --min-employment 45 --min-output 50 --min-consumption 50 --min-hh-deposit 0.2 --max-bank-resolved-share 0.06 --max-bank-bailedout-share 0.02 --max-haircut-mean 0.03 --max-defaults-hh-rate 0.01 --max-defaults-firm-rate 0.01 --balance-ok-threshold 0.98
[RUN] C:\Users\Alexander\AppData\Local\Programs\Python\Python313\python.exe scripts/plot_report_runs.py --runs-dir C:\Users\Alexander\Desktop\Education\Aspa\code\output_evidence_campaign_v3_20260215\stage_a\A2\quick_confirm\03_report_set --out C:\Users\Alexander\Desktop\Education\Aspa\code\output_evidence_campaign_v3_20260215\stage_a\A2\quick_confirm\03_report_set\rep_plots
[RUN] C:\Users\Alexander\AppData\Local\Programs\Python\Python313\python.exe scripts/run_lhs.py --n 120 --seed 33 --seeds 0,1,2 --steps 120 --window 30 --balance-ok-threshold 0.6 --bounds-csv C:\Users\Alexander\Desktop\Education\Aspa\code\output_evidence_campaign_v3_20260215\stage_a\A2\quick_confirm\waves\wave_03\refined_intervals.csv --bounds-kind p05p95 --format csv --output C:\Users\Alexander\Desktop\Education\Aspa\code\output_evidence_campaign_v3_20260215\stage_a\A2\quick_confirm\05_confirmatory\wave_03\lhs_runs_confirm_wave3.csv
[RUN] C:\Users\Alexander\AppData\Local\Programs\Python\Python313\python.exe scripts/train_emulator.py --data C:\Users\Alexander\Desktop\Education\Aspa\code\output_evidence_campaign_v3_20260215\stage_a\A2\quick_confirm\05_confirmatory\wave_03\lhs_runs_confirm_wave3.csv --targets C:\Users\Alexander\Desktop\Education\Aspa\code\output_evidence_campaign_v3_20260215\stage_a\A2\quick_confirm\waves\wave_03\targets_for_wave_final.json --min-r2-for-history-matching 0.3 --improb-threshold 2.55 --ev-mode seed_replicates --ev-default-quantile 0.8 --sigma-calibration-mode fixed --sigma-calibration-summary C:\Users\Alexander\Desktop\Education\Aspa\code\output_evidence_campaign_v3_20260215\stage_a\A2\quick_confirm\05_confirmatory\wave_03\sigma_calibration_summary.csv --calibrated-targets-out C:\Users\Alexander\Desktop\Education\Aspa\code\output_evidence_campaign_v3_20260215\stage_a\A2\quick_confirm\05_confirmatory\wave_03\targets_calibrated.json --sa-enable --sa-domain nroy --sa-reductions 0.1,0.2,0.3,0.4 --outdir C:\Users\Alexander\Desktop\Education\Aspa\code\output_evidence_campaign_v3_20260215\stage_a\A2\quick_confirm\05_confirmatory\wave_03Saved emulator scores to C:\Users\Alexander\Desktop\Education\Aspa\code\output_evidence_campaign_v3_20260215\stage_a\A2\quick_confirm\05_confirmatory\wave_03\emulator_scores.csv
Saved sigma calibration summary to C:\Users\Alexander\Desktop\Education\Aspa\code\output_evidence_campaign_v3_20260215\stage_a\A2\quick_confirm\05_confirmatory\wave_03\sigma_calibration_summary.csv
Saved calibrated targets to C:\Users\Alexander\Desktop\Education\Aspa\code\output_evidence_campaign_v3_20260215\stage_a\A2\quick_confirm\05_confirmatory\wave_03\targets_calibrated.json
Saved uncertainty breakdown to C:\Users\Alexander\Desktop\Education\Aspa\code\output_evidence_campaign_v3_20260215\stage_a\A2\quick_confirm\05_confirmatory\wave_03\uncertainty_components.csv
Saved history matching table to C:\Users\Alexander\Desktop\Education\Aspa\code\output_evidence_campaign_v3_20260215\stage_a\A2\quick_confirm\05_confirmatory\wave_03\history_matching.csv
Saved refined intervals to C:\Users\Alexander\Desktop\Education\Aspa\code\output_evidence_campaign_v3_20260215\stage_a\A2\quick_confirm\05_confirmatory\wave_03\refined_intervals.csv
Saved sensitivity table to C:\Users\Alexander\Desktop\Education\Aspa\code\output_evidence_campaign_v3_20260215\stage_a\A2\quick_confirm\05_confirmatory\wave_03\sensitivity_uncertainty.csv
Saved sensitivity report to C:\Users\Alexander\Desktop\Education\Aspa\code\output_evidence_campaign_v3_20260215\stage_a\A2\quick_confirm\05_confirmatory\wave_03\sensitivity_report.md
Saved report to C:\Users\Alexander\Desktop\Education\Aspa\code\output_evidence_campaign_v3_20260215\stage_a\A2\quick_confirm\04_master\research_core_report.md
Saved tables to C:\Users\Alexander\Desktop\Education\Aspa\code\output_evidence_campaign_v3_20260215\stage_a\A2\quick_confirm\04_master\research_core_tables

[RUN] C:\Users\Alexander\AppData\Local\Programs\Python\Python313\python.exe scripts/make_research_master_report.py --root C:\Users\Alexander\Desktop\Education\Aspa\code\output_evidence_campaign_v3_20260215\stage_a\A2\quick_confirm --run-config C:\Users\Alexander\Desktop\Education\Aspa\code\output_evidence_campaign_v3_20260215\stage_a\A2\quick_confirm\run_config.json --out C:\Users\Alexander\Desktop\Education\Aspa\code\output_evidence_campaign_v3_20260215\stage_a\A2\quick_confirm\04_master\research_core_report.md --tables-dir C:\Users\Alexander\Desktop\Education\Aspa\code\output_evidence_campaign_v3_20260215\stage_a\A2\quick_confirm\04_master\research_core_tables --confirmatory-summary C:\Users\Alexander\Desktop\Education\Aspa\code\output_evidence_campaign_v3_20260215\stage_a\A2\quick_confirm\04_master\confirmatory_summary.json --waves-summary C:\Users\Alexander\Desktop\Education\Aspa\code\output_evidence_campaign_v3_20260215\stage_a\A2\quick_confirm\waves_summary.csv --stopping-diagnostics C:\Users\Alexander\Desktop\Education\Aspa\code\output_evidence_campaign_v3_20260215\stage_a\A2\quick_confirm\stopping_diagnostics.json
[DONE] Research core v3 pipeline completed.
Saved 360 rows to C:\Users\Alexander\Desktop\Education\Aspa\code\output_evidence_campaign_v3_20260215\stage_a\A3\quick_confirm\01_wave1\lhs_runs.csv
Saved emulator scores to C:\Users\Alexander\Desktop\Education\Aspa\code\output_evidence_campaign_v3_20260215\stage_a\A3\quick_confirm\01_wave1\emulator_scores.csv
Saved sigma calibration summary to C:\Users\Alexander\Desktop\Education\Aspa\code\output_evidence_campaign_v3_20260215\stage_a\A3\quick_confirm\01_wave1\sigma_calibration_summary.csv
Saved calibrated targets to C:\Users\Alexander\Desktop\Education\Aspa\code\output_evidence_campaign_v3_20260215\stage_a\A3\quick_confirm\01_wave1\targets_calibrated.json
Saved uncertainty breakdown to C:\Users\Alexander\Desktop\Education\Aspa\code\output_evidence_campaign_v3_20260215\stage_a\A3\quick_confirm\01_wave1\uncertainty_components.csv
Saved history matching table to C:\Users\Alexander\Desktop\Education\Aspa\code\output_evidence_campaign_v3_20260215\stage_a\A3\quick_confirm\01_wave1\history_matching.csv
Saved refined intervals to C:\Users\Alexander\Desktop\Education\Aspa\code\output_evidence_campaign_v3_20260215\stage_a\A3\quick_confirm\01_wave1\refined_intervals.csv
Saved sensitivity table to C:\Users\Alexander\Desktop\Education\Aspa\code\output_evidence_campaign_v3_20260215\stage_a\A3\quick_confirm\01_wave1\sensitivity_uncertainty.csv
Saved sensitivity report to C:\Users\Alexander\Desktop\Education\Aspa\code\output_evidence_campaign_v3_20260215\stage_a\A3\quick_confirm\01_wave1\sensitivity_report.md
Saved 360 rows to C:\Users\Alexander\Desktop\Education\Aspa\code\output_evidence_campaign_v3_20260215\stage_a\A3\quick_confirm\02_final_wave\lhs_runs_wave2.csv
Saved emulator scores to C:\Users\Alexander\Desktop\Education\Aspa\code\output_evidence_campaign_v3_20260215\stage_a\A3\quick_confirm\02_final_wave\emulator_scores.csv
Saved sigma calibration summary to C:\Users\Alexander\Desktop\Education\Aspa\code\output_evidence_campaign_v3_20260215\stage_a\A3\quick_confirm\02_final_wave\sigma_calibration_summary_iter0.csv
Saved calibrated targets to C:\Users\Alexander\Desktop\Education\Aspa\code\output_evidence_campaign_v3_20260215\stage_a\A3\quick_confirm\02_final_wave\targets_calibrated_iter0.json
Saved uncertainty breakdown to C:\Users\Alexander\Desktop\Education\Aspa\code\output_evidence_campaign_v3_20260215\stage_a\A3\quick_confirm\02_final_wave\uncertainty_components.csv
Saved history matching table to C:\Users\Alexander\Desktop\Education\Aspa\code\output_evidence_campaign_v3_20260215\stage_a\A3\quick_confirm\02_final_wave\history_matching.csv
Saved refined intervals to C:\Users\Alexander\Desktop\Education\Aspa\code\output_evidence_campaign_v3_20260215\stage_a\A3\quick_confirm\02_final_wave\refined_intervals.csv
Saved sensitivity table to C:\Users\Alexander\Desktop\Education\Aspa\code\output_evidence_campaign_v3_20260215\stage_a\A3\quick_confirm\02_final_wave\sensitivity_uncertainty.csv
Saved sensitivity report to C:\Users\Alexander\Desktop\Education\Aspa\code\output_evidence_campaign_v3_20260215\stage_a\A3\quick_confirm\02_final_wave\sensitivity_report.md
Saved 360 rows to C:\Users\Alexander\Desktop\Education\Aspa\code\output_evidence_campaign_v3_20260215\stage_a\A3\quick_confirm\waves\wave_03\lhs_runs_wave3.csv
Saved emulator scores to C:\Users\Alexander\Desktop\Education\Aspa\code\output_evidence_campaign_v3_20260215\stage_a\A3\quick_confirm\waves\wave_03\emulator_scores.csv
Saved sigma calibration summary to C:\Users\Alexander\Desktop\Education\Aspa\code\output_evidence_campaign_v3_20260215\stage_a\A3\quick_confirm\waves\wave_03\sigma_calibration_summary_iter0.csv
Saved calibrated targets to C:\Users\Alexander\Desktop\Education\Aspa\code\output_evidence_campaign_v3_20260215\stage_a\A3\quick_confirm\waves\wave_03\targets_calibrated_iter0.json
Saved uncertainty breakdown to C:\Users\Alexander\Desktop\Education\Aspa\code\output_evidence_campaign_v3_20260215\stage_a\A3\quick_confirm\waves\wave_03\uncertainty_components.csv
Saved history matching table to C:\Users\Alexander\Desktop\Education\Aspa\code\output_evidence_campaign_v3_20260215\stage_a\A3\quick_confirm\waves\wave_03\history_matching.csv
Saved refined intervals to C:\Users\Alexander\Desktop\Education\Aspa\code\output_evidence_campaign_v3_20260215\stage_a\A3\quick_confirm\waves\wave_03\refined_intervals.csv
Saved sensitivity table to C:\Users\Alexander\Desktop\Education\Aspa\code\output_evidence_campaign_v3_20260215\stage_a\A3\quick_confirm\waves\wave_03\sensitivity_uncertainty.csv
Saved sensitivity report to C:\Users\Alexander\Desktop\Education\Aspa\code\output_evidence_campaign_v3_20260215\stage_a\A3\quick_confirm\waves\wave_03\sensitivity_report.md
Saved emulator scores to C:\Users\Alexander\Desktop\Education\Aspa\code\output_evidence_campaign_v3_20260215\stage_a\A3\quick_confirm\waves\wave_03\emulator_scores.csv
Saved sigma calibration summary to C:\Users\Alexander\Desktop\Education\Aspa\code\output_evidence_campaign_v3_20260215\stage_a\A3\quick_confirm\waves\wave_03\sigma_calibration_summary_iter1.csv
Saved calibrated targets to C:\Users\Alexander\Desktop\Education\Aspa\code\output_evidence_campaign_v3_20260215\stage_a\A3\quick_confirm\waves\wave_03\targets_calibrated_iter1.json
Saved uncertainty breakdown to C:\Users\Alexander\Desktop\Education\Aspa\code\output_evidence_campaign_v3_20260215\stage_a\A3\quick_confirm\waves\wave_03\uncertainty_components.csv
Saved history matching table to C:\Users\Alexander\Desktop\Education\Aspa\code\output_evidence_campaign_v3_20260215\stage_a\A3\quick_confirm\waves\wave_03\history_matching.csv
Saved refined intervals to C:\Users\Alexander\Desktop\Education\Aspa\code\output_evidence_campaign_v3_20260215\stage_a\A3\quick_confirm\waves\wave_03\refined_intervals.csv
Saved sensitivity table to C:\Users\Alexander\Desktop\Education\Aspa\code\output_evidence_campaign_v3_20260215\stage_a\A3\quick_confirm\waves\wave_03\sensitivity_uncertainty.csv
Saved sensitivity report to C:\Users\Alexander\Desktop\Education\Aspa\code\output_evidence_campaign_v3_20260215\stage_a\A3\quick_confirm\waves\wave_03\sensitivity_report.md
Saved emulator scores to C:\Users\Alexander\Desktop\Education\Aspa\code\output_evidence_campaign_v3_20260215\stage_a\A3\quick_confirm\waves\wave_03\emulator_scores.csv
Saved sigma calibration summary to C:\Users\Alexander\Desktop\Education\Aspa\code\output_evidence_campaign_v3_20260215\stage_a\A3\quick_confirm\waves\wave_03\sigma_calibration_summary_iter2.csv
Saved calibrated targets to C:\Users\Alexander\Desktop\Education\Aspa\code\output_evidence_campaign_v3_20260215\stage_a\A3\quick_confirm\waves\wave_03\targets_calibrated_iter2.json
Saved uncertainty breakdown to C:\Users\Alexander\Desktop\Education\Aspa\code\output_evidence_campaign_v3_20260215\stage_a\A3\quick_confirm\waves\wave_03\uncertainty_components.csv
Saved history matching table to C:\Users\Alexander\Desktop\Education\Aspa\code\output_evidence_campaign_v3_20260215\stage_a\A3\quick_confirm\waves\wave_03\history_matching.csv
Saved refined intervals to C:\Users\Alexander\Desktop\Education\Aspa\code\output_evidence_campaign_v3_20260215\stage_a\A3\quick_confirm\waves\wave_03\refined_intervals.csv
Saved sensitivity table to C:\Users\Alexander\Desktop\Education\Aspa\code\output_evidence_campaign_v3_20260215\stage_a\A3\quick_confirm\waves\wave_03\sensitivity_uncertainty.csv
Saved sensitivity report to C:\Users\Alexander\Desktop\Education\Aspa\code\output_evidence_campaign_v3_20260215\stage_a\A3\quick_confirm\waves\wave_03\sensitivity_report.md
Saved points to C:\Users\Alexander\Desktop\Education\Aspa\code\output_evidence_campaign_v3_20260215\stage_a\A3\quick_confirm\03_report_set\representative_points.csv
Saved run summaries to C:\Users\Alexander\Desktop\Education\Aspa\code\output_evidence_campaign_v3_20260215\stage_a\A3\quick_confirm\03_report_set\representative_summary.csv
Saved C:\Users\Alexander\Desktop\Education\Aspa\code\output_evidence_campaign_v3_20260215\stage_a\A3\quick_confirm\03_report_set\rep_plots\rep_00.png
Saved C:\Users\Alexander\Desktop\Education\Aspa\code\output_evidence_campaign_v3_20260215\stage_a\A3\quick_confirm\03_report_set\rep_plots\rep_01.png
[INFO] Saved run config: C:\Users\Alexander\Desktop\Education\Aspa\code\output_evidence_campaign_v3_20260215\stage_a\A3\quick_confirm\run_config.json
[RUN] C:\Users\Alexander\AppData\Local\Programs\Python\Python313\python.exe scripts/run_lhs.py --n 120 --seed 0 --seeds 0,1,2 --steps 120 --window 30 --balance-ok-threshold 0.6 --format csv --output C:\Users\Alexander\Desktop\Education\Aspa\code\output_evidence_campaign_v3_20260215\stage_a\A3\quick_confirm\01_wave1\lhs_runs.csv
[RUN] C:\Users\Alexander\AppData\Local\Programs\Python\Python313\python.exe scripts/train_emulator.py --data C:\Users\Alexander\Desktop\Education\Aspa\code\output_evidence_campaign_v3_20260215\stage_a\A3\quick_confirm\01_wave1\lhs_runs.csv --targets C:\Users\Alexander\Desktop\Education\Aspa\code\scripts\targets_report.json --min-r2-for-history-matching 0.3 --improb-threshold 2.6 --ev-mode seed_replicates --ev-default-quantile 0.75 --sigma-calibration-mode fixed --sigma-calibration-summary C:\Users\Alexander\Desktop\Education\Aspa\code\output_evidence_campaign_v3_20260215\stage_a\A3\quick_confirm\01_wave1\sigma_calibration_summary.csv --calibrated-targets-out C:\Users\Alexander\Desktop\Education\Aspa\code\output_evidence_campaign_v3_20260215\stage_a\A3\quick_confirm\01_wave1\targets_calibrated.json --sa-enable --sa-domain nroy --sa-reductions 0.1,0.2,0.3,0.4 --outdir C:\Users\Alexander\Desktop\Education\Aspa\code\output_evidence_campaign_v3_20260215\stage_a\A3\quick_confirm\01_wave1
[RUN] C:\Users\Alexander\AppData\Local\Programs\Python\Python313\python.exe scripts/run_lhs.py --n 120 --seed 1 --seeds 0,1,2 --steps 120 --window 30 --balance-ok-threshold 0.6 --format csv --output C:\Users\Alexander\Desktop\Education\Aspa\code\output_evidence_campaign_v3_20260215\stage_a\A3\quick_confirm\02_final_wave\lhs_runs_wave2.csv --bounds-csv C:\Users\Alexander\Desktop\Education\Aspa\code\output_evidence_campaign_v3_20260215\stage_a\A3\quick_confirm\01_wave1\refined_intervals.csv --bounds-kind p05p95
[RUN] C:\Users\Alexander\AppData\Local\Programs\Python\Python313\python.exe scripts/train_emulator.py --data C:\Users\Alexander\Desktop\Education\Aspa\code\output_evidence_campaign_v3_20260215\stage_a\A3\quick_confirm\02_final_wave\lhs_runs_wave2.csv --targets C:\Users\Alexander\Desktop\Education\Aspa\code\output_evidence_campaign_v3_20260215\stage_a\A3\quick_confirm\01_wave1\targets_for_wave_final.json --min-r2-for-history-matching 0.3 --improb-threshold 2.6 --ev-mode seed_replicates --ev-default-quantile 0.75 --sigma-calibration-mode fixed --sigma-calibration-summary C:\Users\Alexander\Desktop\Education\Aspa\code\output_evidence_campaign_v3_20260215\stage_a\A3\quick_confirm\02_final_wave\sigma_calibration_summary_iter0.csv --calibrated-targets-out C:\Users\Alexander\Desktop\Education\Aspa\code\output_evidence_campaign_v3_20260215\stage_a\A3\quick_confirm\02_final_wave\targets_calibrated_iter0.json --sa-enable --sa-domain nroy --sa-reductions 0.1,0.2,0.3,0.4 --outdir C:\Users\Alexander\Desktop\Education\Aspa\code\output_evidence_campaign_v3_20260215\stage_a\A3\quick_confirm\02_final_wave
[RUN] C:\Users\Alexander\AppData\Local\Programs\Python\Python313\python.exe scripts/run_lhs.py --n 120 --seed 2 --seeds 0,1,2 --steps 120 --window 30 --balance-ok-threshold 0.6 --format csv --output C:\Users\Alexander\Desktop\Education\Aspa\code\output_evidence_campaign_v3_20260215\stage_a\A3\quick_confirm\waves\wave_03\lhs_runs_wave3.csv --bounds-csv C:\Users\Alexander\Desktop\Education\Aspa\code\output_evidence_campaign_v3_20260215\stage_a\A3\quick_confirm\02_final_wave\refined_intervals.csv --bounds-kind p05p95
[RUN] C:\Users\Alexander\AppData\Local\Programs\Python\Python313\python.exe scripts/train_emulator.py --data C:\Users\Alexander\Desktop\Education\Aspa\code\output_evidence_campaign_v3_20260215\stage_a\A3\quick_confirm\waves\wave_03\lhs_runs_wave3.csv --targets C:\Users\Alexander\Desktop\Education\Aspa\code\output_evidence_campaign_v3_20260215\stage_a\A3\quick_confirm\02_final_wave\targets_for_wave_final.json --min-r2-for-history-matching 0.3 --improb-threshold 2.6 --ev-mode seed_replicates --ev-default-quantile 0.75 --sigma-calibration-mode fixed --sigma-calibration-summary C:\Users\Alexander\Desktop\Education\Aspa\code\output_evidence_campaign_v3_20260215\stage_a\A3\quick_confirm\waves\wave_03\sigma_calibration_summary_iter0.csv --calibrated-targets-out C:\Users\Alexander\Desktop\Education\Aspa\code\output_evidence_campaign_v3_20260215\stage_a\A3\quick_confirm\waves\wave_03\targets_calibrated_iter0.json --sa-enable --sa-domain nroy --sa-reductions 0.1,0.2,0.3,0.4 --outdir C:\Users\Alexander\Desktop\Education\Aspa\code\output_evidence_campaign_v3_20260215\stage_a\A3\quick_confirm\waves\wave_03
[RUN] C:\Users\Alexander\AppData\Local\Programs\Python\Python313\python.exe scripts/train_emulator.py --data C:\Users\Alexander\Desktop\Education\Aspa\code\output_evidence_campaign_v3_20260215\stage_a\A3\quick_confirm\waves\wave_03\lhs_runs_wave3.csv --targets C:\Users\Alexander\Desktop\Education\Aspa\code\output_evidence_campaign_v3_20260215\stage_a\A3\quick_confirm\waves\wave_03\targets_tuned_iter1.json --min-r2-for-history-matching 0.3 --improb-threshold 2.6 --ev-mode seed_replicates --ev-default-quantile 0.75 --sigma-calibration-mode fixed --sigma-calibration-summary C:\Users\Alexander\Desktop\Education\Aspa\code\output_evidence_campaign_v3_20260215\stage_a\A3\quick_confirm\waves\wave_03\sigma_calibration_summary_iter1.csv --calibrated-targets-out C:\Users\Alexander\Desktop\Education\Aspa\code\output_evidence_campaign_v3_20260215\stage_a\A3\quick_confirm\waves\wave_03\targets_calibrated_iter1.json --sa-enable --sa-domain nroy --sa-reductions 0.1,0.2,0.3,0.4 --outdir C:\Users\Alexander\Desktop\Education\Aspa\code\output_evidence_campaign_v3_20260215\stage_a\A3\quick_confirm\waves\wave_03
[RUN] C:\Users\Alexander\AppData\Local\Programs\Python\Python313\python.exe scripts/train_emulator.py --data C:\Users\Alexander\Desktop\Education\Aspa\code\output_evidence_campaign_v3_20260215\stage_a\A3\quick_confirm\waves\wave_03\lhs_runs_wave3.csv --targets C:\Users\Alexander\Desktop\Education\Aspa\code\output_evidence_campaign_v3_20260215\stage_a\A3\quick_confirm\waves\wave_03\targets_tuned_iter2.json --min-r2-for-history-matching 0.3 --improb-threshold 2.6 --ev-mode seed_replicates --ev-default-quantile 0.75 --sigma-calibration-mode fixed --sigma-calibration-summary C:\Users\Alexander\Desktop\Education\Aspa\code\output_evidence_campaign_v3_20260215\stage_a\A3\quick_confirm\waves\wave_03\sigma_calibration_summary_iter2.csv --calibrated-targets-out C:\Users\Alexander\Desktop\Education\Aspa\code\output_evidence_campaign_v3_20260215\stage_a\A3\quick_confirm\waves\wave_03\targets_calibrated_iter2.json --sa-enable --sa-domain nroy --sa-reductions 0.1,0.2,0.3,0.4 --outdir C:\Users\Alexander\Desktop\Education\Aspa\code\output_evidence_campaign_v3_20260215\stage_a\A3\quick_confirm\waves\wave_03
[RUN] C:\Users\Alexander\AppData\Local\Programs\Python\Python313\python.exe scripts/make_report_set.py --data C:\Users\Alexander\Desktop\Education\Aspa\code\output_evidence_campaign_v3_20260215\stage_a\A3\quick_confirm\02_final_wave\lhs_runs_wave3.csv --history-matching C:\Users\Alexander\Desktop\Education\Aspa\code\output_evidence_campaign_v3_20260215\stage_a\A3\quick_confirm\02_final_wave\history_matching.csv --outdir C:\Users\Alexander\Desktop\Education\Aspa\code\output_evidence_campaign_v3_20260215\stage_a\A3\quick_confirm\03_report_set --n 2 --steps 120 --window 60 --seeds 0,1,2 --min-employment 45 --min-output 50 --min-consumption 50 --min-hh-deposit 0.2 --max-bank-resolved-share 0.06 --max-bank-bailedout-share 0.02 --max-haircut-mean 0.03 --max-defaults-hh-rate 0.01 --max-defaults-firm-rate 0.01 --balance-ok-threshold 0.98
[RUN] C:\Users\Alexander\AppData\Local\Programs\Python\Python313\python.exe scripts/plot_report_runs.py --runs-dir C:\Users\Alexander\Desktop\Education\Aspa\code\output_evidence_campaign_v3_20260215\stage_a\A3\quick_confirm\03_report_set --out C:\Users\Alexander\Desktop\Education\Aspa\code\output_evidence_campaign_v3_20260215\stage_a\A3\quick_confirm\03_report_set\rep_plots
[RUN] C:\Users\Alexander\AppData\Local\Programs\Python\Python313\python.exe scripts/run_lhs.py --n 120 --seed 33 --seeds 0,1,2 --steps 120 --window 30 --balance-ok-threshold 0.6 --bounds-csv C:\Users\Alexander\Desktop\Education\Aspa\code\output_evidence_campaign_v3_20260215\stage_a\A3\quick_confirm\waves\wave_03\refined_intervals.csv --bounds-kind p05p95 --format csv --output C:\Users\Alexander\Desktop\Education\Aspa\code\output_evidence_campaign_v3_20260215\stage_a\A3\quick_confirm\05_confirmatory\wave_03\lhs_runs_confirm_wave3.csvSaved 360 rows to C:\Users\Alexander\Desktop\Education\Aspa\code\output_evidence_campaign_v3_20260215\stage_a\A3\quick_confirm\05_confirmatory\wave_03\lhs_runs_confirm_wave3.csv
Saved emulator scores to C:\Users\Alexander\Desktop\Education\Aspa\code\output_evidence_campaign_v3_20260215\stage_a\A3\quick_confirm\05_confirmatory\wave_03\emulator_scores.csv
Saved sigma calibration summary to C:\Users\Alexander\Desktop\Education\Aspa\code\output_evidence_campaign_v3_20260215\stage_a\A3\quick_confirm\05_confirmatory\wave_03\sigma_calibration_summary.csv
Saved calibrated targets to C:\Users\Alexander\Desktop\Education\Aspa\code\output_evidence_campaign_v3_20260215\stage_a\A3\quick_confirm\05_confirmatory\wave_03\targets_calibrated.json
Saved uncertainty breakdown to C:\Users\Alexander\Desktop\Education\Aspa\code\output_evidence_campaign_v3_20260215\stage_a\A3\quick_confirm\05_confirmatory\wave_03\uncertainty_components.csv
Saved history matching table to C:\Users\Alexander\Desktop\Education\Aspa\code\output_evidence_campaign_v3_20260215\stage_a\A3\quick_confirm\05_confirmatory\wave_03\history_matching.csv
Saved refined intervals to C:\Users\Alexander\Desktop\Education\Aspa\code\output_evidence_campaign_v3_20260215\stage_a\A3\quick_confirm\05_confirmatory\wave_03\refined_intervals.csv
Saved sensitivity table to C:\Users\Alexander\Desktop\Education\Aspa\code\output_evidence_campaign_v3_20260215\stage_a\A3\quick_confirm\05_confirmatory\wave_03\sensitivity_uncertainty.csv
Saved sensitivity report to C:\Users\Alexander\Desktop\Education\Aspa\code\output_evidence_campaign_v3_20260215\stage_a\A3\quick_confirm\05_confirmatory\wave_03\sensitivity_report.md
Saved report to C:\Users\Alexander\Desktop\Education\Aspa\code\output_evidence_campaign_v3_20260215\stage_a\A3\quick_confirm\04_master\research_core_report.md
Saved tables to C:\Users\Alexander\Desktop\Education\Aspa\code\output_evidence_campaign_v3_20260215\stage_a\A3\quick_confirm\04_master\research_core_tables

[RUN] C:\Users\Alexander\AppData\Local\Programs\Python\Python313\python.exe scripts/train_emulator.py --data C:\Users\Alexander\Desktop\Education\Aspa\code\output_evidence_campaign_v3_20260215\stage_a\A3\quick_confirm\05_confirmatory\wave_03\lhs_runs_confirm_wave3.csv --targets C:\Users\Alexander\Desktop\Education\Aspa\code\output_evidence_campaign_v3_20260215\stage_a\A3\quick_confirm\waves\wave_03\targets_for_wave_final.json --min-r2-for-history-matching 0.3 --improb-threshold 2.6 --ev-mode seed_replicates --ev-default-quantile 0.75 --sigma-calibration-mode fixed --sigma-calibration-summary C:\Users\Alexander\Desktop\Education\Aspa\code\output_evidence_campaign_v3_20260215\stage_a\A3\quick_confirm\05_confirmatory\wave_03\sigma_calibration_summary.csv --calibrated-targets-out C:\Users\Alexander\Desktop\Education\Aspa\code\output_evidence_campaign_v3_20260215\stage_a\A3\quick_confirm\05_confirmatory\wave_03\targets_calibrated.json --sa-enable --sa-domain nroy --sa-reductions 0.1,0.2,0.3,0.4 --outdir C:\Users\Alexander\Desktop\Education\Aspa\code\output_evidence_campaign_v3_20260215\stage_a\A3\quick_confirm\05_confirmatory\wave_03
[RUN] C:\Users\Alexander\AppData\Local\Programs\Python\Python313\python.exe scripts/make_research_master_report.py --root C:\Users\Alexander\Desktop\Education\Aspa\code\output_evidence_campaign_v3_20260215\stage_a\A3\quick_confirm --run-config C:\Users\Alexander\Desktop\Education\Aspa\code\output_evidence_campaign_v3_20260215\stage_a\A3\quick_confirm\run_config.json --out C:\Users\Alexander\Desktop\Education\Aspa\code\output_evidence_campaign_v3_20260215\stage_a\A3\quick_confirm\04_master\research_core_report.md --tables-dir C:\Users\Alexander\Desktop\Education\Aspa\code\output_evidence_campaign_v3_20260215\stage_a\A3\quick_confirm\04_master\research_core_tables --confirmatory-summary C:\Users\Alexander\Desktop\Education\Aspa\code\output_evidence_campaign_v3_20260215\stage_a\A3\quick_confirm\04_master\confirmatory_summary.json --waves-summary C:\Users\Alexander\Desktop\Education\Aspa\code\output_evidence_campaign_v3_20260215\stage_a\A3\quick_confirm\waves_summary.csv --stopping-diagnostics C:\Users\Alexander\Desktop\Education\Aspa\code\output_evidence_campaign_v3_20260215\stage_a\A3\quick_confirm\stopping_diagnostics.json
[DONE] Research core v3 pipeline completed.
Saved 360 rows to C:\Users\Alexander\Desktop\Education\Aspa\code\output_evidence_campaign_v3_20260215\stage_a\A4\quick_confirm\01_wave1\lhs_runs.csv
Saved emulator scores to C:\Users\Alexander\Desktop\Education\Aspa\code\output_evidence_campaign_v3_20260215\stage_a\A4\quick_confirm\01_wave1\emulator_scores.csv
Saved sigma calibration summary to C:\Users\Alexander\Desktop\Education\Aspa\code\output_evidence_campaign_v3_20260215\stage_a\A4\quick_confirm\01_wave1\sigma_calibration_summary.csv
Saved calibrated targets to C:\Users\Alexander\Desktop\Education\Aspa\code\output_evidence_campaign_v3_20260215\stage_a\A4\quick_confirm\01_wave1\targets_calibrated.json
Saved uncertainty breakdown to C:\Users\Alexander\Desktop\Education\Aspa\code\output_evidence_campaign_v3_20260215\stage_a\A4\quick_confirm\01_wave1\uncertainty_components.csv
Saved history matching table to C:\Users\Alexander\Desktop\Education\Aspa\code\output_evidence_campaign_v3_20260215\stage_a\A4\quick_confirm\01_wave1\history_matching.csv
Saved refined intervals to C:\Users\Alexander\Desktop\Education\Aspa\code\output_evidence_campaign_v3_20260215\stage_a\A4\quick_confirm\01_wave1\refined_intervals.csv
Saved sensitivity table to C:\Users\Alexander\Desktop\Education\Aspa\code\output_evidence_campaign_v3_20260215\stage_a\A4\quick_confirm\01_wave1\sensitivity_uncertainty.csv
Saved sensitivity report to C:\Users\Alexander\Desktop\Education\Aspa\code\output_evidence_campaign_v3_20260215\stage_a\A4\quick_confirm\01_wave1\sensitivity_report.md
Saved 360 rows to C:\Users\Alexander\Desktop\Education\Aspa\code\output_evidence_campaign_v3_20260215\stage_a\A4\quick_confirm\02_final_wave\lhs_runs_wave2.csv
Saved emulator scores to C:\Users\Alexander\Desktop\Education\Aspa\code\output_evidence_campaign_v3_20260215\stage_a\A4\quick_confirm\02_final_wave\emulator_scores.csv
Saved sigma calibration summary to C:\Users\Alexander\Desktop\Education\Aspa\code\output_evidence_campaign_v3_20260215\stage_a\A4\quick_confirm\02_final_wave\sigma_calibration_summary_iter0.csv
Saved calibrated targets to C:\Users\Alexander\Desktop\Education\Aspa\code\output_evidence_campaign_v3_20260215\stage_a\A4\quick_confirm\02_final_wave\targets_calibrated_iter0.json
Saved uncertainty breakdown to C:\Users\Alexander\Desktop\Education\Aspa\code\output_evidence_campaign_v3_20260215\stage_a\A4\quick_confirm\02_final_wave\uncertainty_components.csv
Saved history matching table to C:\Users\Alexander\Desktop\Education\Aspa\code\output_evidence_campaign_v3_20260215\stage_a\A4\quick_confirm\02_final_wave\history_matching.csv
Saved refined intervals to C:\Users\Alexander\Desktop\Education\Aspa\code\output_evidence_campaign_v3_20260215\stage_a\A4\quick_confirm\02_final_wave\refined_intervals.csv
Saved sensitivity table to C:\Users\Alexander\Desktop\Education\Aspa\code\output_evidence_campaign_v3_20260215\stage_a\A4\quick_confirm\02_final_wave\sensitivity_uncertainty.csv
Saved sensitivity report to C:\Users\Alexander\Desktop\Education\Aspa\code\output_evidence_campaign_v3_20260215\stage_a\A4\quick_confirm\02_final_wave\sensitivity_report.md
Saved emulator scores to C:\Users\Alexander\Desktop\Education\Aspa\code\output_evidence_campaign_v3_20260215\stage_a\A4\quick_confirm\02_final_wave\emulator_scores.csv
Saved sigma calibration summary to C:\Users\Alexander\Desktop\Education\Aspa\code\output_evidence_campaign_v3_20260215\stage_a\A4\quick_confirm\02_final_wave\sigma_calibration_summary_iter1.csv
Saved calibrated targets to C:\Users\Alexander\Desktop\Education\Aspa\code\output_evidence_campaign_v3_20260215\stage_a\A4\quick_confirm\02_final_wave\targets_calibrated_iter1.json
Saved uncertainty breakdown to C:\Users\Alexander\Desktop\Education\Aspa\code\output_evidence_campaign_v3_20260215\stage_a\A4\quick_confirm\02_final_wave\uncertainty_components.csv
Saved history matching table to C:\Users\Alexander\Desktop\Education\Aspa\code\output_evidence_campaign_v3_20260215\stage_a\A4\quick_confirm\02_final_wave\history_matching.csv
Saved refined intervals to C:\Users\Alexander\Desktop\Education\Aspa\code\output_evidence_campaign_v3_20260215\stage_a\A4\quick_confirm\02_final_wave\refined_intervals.csv
Saved sensitivity table to C:\Users\Alexander\Desktop\Education\Aspa\code\output_evidence_campaign_v3_20260215\stage_a\A4\quick_confirm\02_final_wave\sensitivity_uncertainty.csv
Saved sensitivity report to C:\Users\Alexander\Desktop\Education\Aspa\code\output_evidence_campaign_v3_20260215\stage_a\A4\quick_confirm\02_final_wave\sensitivity_report.md
Saved 360 rows to C:\Users\Alexander\Desktop\Education\Aspa\code\output_evidence_campaign_v3_20260215\stage_a\A4\quick_confirm\waves\wave_03\lhs_runs_wave3.csv
Saved emulator scores to C:\Users\Alexander\Desktop\Education\Aspa\code\output_evidence_campaign_v3_20260215\stage_a\A4\quick_confirm\waves\wave_03\emulator_scores.csv
Saved sigma calibration summary to C:\Users\Alexander\Desktop\Education\Aspa\code\output_evidence_campaign_v3_20260215\stage_a\A4\quick_confirm\waves\wave_03\sigma_calibration_summary_iter0.csv
Saved calibrated targets to C:\Users\Alexander\Desktop\Education\Aspa\code\output_evidence_campaign_v3_20260215\stage_a\A4\quick_confirm\waves\wave_03\targets_calibrated_iter0.json
Saved uncertainty breakdown to C:\Users\Alexander\Desktop\Education\Aspa\code\output_evidence_campaign_v3_20260215\stage_a\A4\quick_confirm\waves\wave_03\uncertainty_components.csv
Saved history matching table to C:\Users\Alexander\Desktop\Education\Aspa\code\output_evidence_campaign_v3_20260215\stage_a\A4\quick_confirm\waves\wave_03\history_matching.csv
Saved refined intervals to C:\Users\Alexander\Desktop\Education\Aspa\code\output_evidence_campaign_v3_20260215\stage_a\A4\quick_confirm\waves\wave_03\refined_intervals.csv
Saved sensitivity table to C:\Users\Alexander\Desktop\Education\Aspa\code\output_evidence_campaign_v3_20260215\stage_a\A4\quick_confirm\waves\wave_03\sensitivity_uncertainty.csv
Saved sensitivity report to C:\Users\Alexander\Desktop\Education\Aspa\code\output_evidence_campaign_v3_20260215\stage_a\A4\quick_confirm\waves\wave_03\sensitivity_report.md
Saved emulator scores to C:\Users\Alexander\Desktop\Education\Aspa\code\output_evidence_campaign_v3_20260215\stage_a\A4\quick_confirm\waves\wave_03\emulator_scores.csv
Saved sigma calibration summary to C:\Users\Alexander\Desktop\Education\Aspa\code\output_evidence_campaign_v3_20260215\stage_a\A4\quick_confirm\waves\wave_03\sigma_calibration_summary_iter1.csv
Saved calibrated targets to C:\Users\Alexander\Desktop\Education\Aspa\code\output_evidence_campaign_v3_20260215\stage_a\A4\quick_confirm\waves\wave_03\targets_calibrated_iter1.json
Saved uncertainty breakdown to C:\Users\Alexander\Desktop\Education\Aspa\code\output_evidence_campaign_v3_20260215\stage_a\A4\quick_confirm\waves\wave_03\uncertainty_components.csv
Saved history matching table to C:\Users\Alexander\Desktop\Education\Aspa\code\output_evidence_campaign_v3_20260215\stage_a\A4\quick_confirm\waves\wave_03\history_matching.csv
Saved refined intervals to C:\Users\Alexander\Desktop\Education\Aspa\code\output_evidence_campaign_v3_20260215\stage_a\A4\quick_confirm\waves\wave_03\refined_intervals.csv
Saved sensitivity table to C:\Users\Alexander\Desktop\Education\Aspa\code\output_evidence_campaign_v3_20260215\stage_a\A4\quick_confirm\waves\wave_03\sensitivity_uncertainty.csv
Saved sensitivity report to C:\Users\Alexander\Desktop\Education\Aspa\code\output_evidence_campaign_v3_20260215\stage_a\A4\quick_confirm\waves\wave_03\sensitivity_report.md
Saved points to C:\Users\Alexander\Desktop\Education\Aspa\code\output_evidence_campaign_v3_20260215\stage_a\A4\quick_confirm\03_report_set\representative_points.csv
Saved run summaries to C:\Users\Alexander\Desktop\Education\Aspa\code\output_evidence_campaign_v3_20260215\stage_a\A4\quick_confirm\03_report_set\representative_summary.csv
Saved C:\Users\Alexander\Desktop\Education\Aspa\code\output_evidence_campaign_v3_20260215\stage_a\A4\quick_confirm\03_report_set\rep_plots\rep_00.png
Saved C:\Users\Alexander\Desktop\Education\Aspa\code\output_evidence_campaign_v3_20260215\stage_a\A4\quick_confirm\03_report_set\rep_plots\rep_01.png
[INFO] Saved run config: C:\Users\Alexander\Desktop\Education\Aspa\code\output_evidence_campaign_v3_20260215\stage_a\A4\quick_confirm\run_config.json
[RUN] C:\Users\Alexander\AppData\Local\Programs\Python\Python313\python.exe scripts/run_lhs.py --n 120 --seed 0 --seeds 0,1,2 --steps 120 --window 30 --balance-ok-threshold 0.6 --format csv --output C:\Users\Alexander\Desktop\Education\Aspa\code\output_evidence_campaign_v3_20260215\stage_a\A4\quick_confirm\01_wave1\lhs_runs.csv
[RUN] C:\Users\Alexander\AppData\Local\Programs\Python\Python313\python.exe scripts/train_emulator.py --data C:\Users\Alexander\Desktop\Education\Aspa\code\output_evidence_campaign_v3_20260215\stage_a\A4\quick_confirm\01_wave1\lhs_runs.csv --targets C:\Users\Alexander\Desktop\Education\Aspa\code\scripts\targets_report.json --min-r2-for-history-matching 0.3 --improb-threshold 2.55 --ev-mode seed_replicates --ev-default-quantile 0.75 --sigma-calibration-mode fixed --sigma-calibration-summary C:\Users\Alexander\Desktop\Education\Aspa\code\output_evidence_campaign_v3_20260215\stage_a\A4\quick_confirm\01_wave1\sigma_calibration_summary.csv --calibrated-targets-out C:\Users\Alexander\Desktop\Education\Aspa\code\output_evidence_campaign_v3_20260215\stage_a\A4\quick_confirm\01_wave1\targets_calibrated.json --sa-enable --sa-domain nroy --sa-reductions 0.1,0.2,0.3,0.4 --outdir C:\Users\Alexander\Desktop\Education\Aspa\code\output_evidence_campaign_v3_20260215\stage_a\A4\quick_confirm\01_wave1
[RUN] C:\Users\Alexander\AppData\Local\Programs\Python\Python313\python.exe scripts/run_lhs.py --n 120 --seed 1 --seeds 0,1,2 --steps 120 --window 30 --balance-ok-threshold 0.6 --format csv --output C:\Users\Alexander\Desktop\Education\Aspa\code\output_evidence_campaign_v3_20260215\stage_a\A4\quick_confirm\02_final_wave\lhs_runs_wave2.csv --bounds-csv C:\Users\Alexander\Desktop\Education\Aspa\code\output_evidence_campaign_v3_20260215\stage_a\A4\quick_confirm\01_wave1\refined_intervals.csv --bounds-kind p05p95
[RUN] C:\Users\Alexander\AppData\Local\Programs\Python\Python313\python.exe scripts/train_emulator.py --data C:\Users\Alexander\Desktop\Education\Aspa\code\output_evidence_campaign_v3_20260215\stage_a\A4\quick_confirm\02_final_wave\lhs_runs_wave2.csv --targets C:\Users\Alexander\Desktop\Education\Aspa\code\output_evidence_campaign_v3_20260215\stage_a\A4\quick_confirm\01_wave1\targets_for_wave_final.json --min-r2-for-history-matching 0.3 --improb-threshold 2.55 --ev-mode seed_replicates --ev-default-quantile 0.75 --sigma-calibration-mode fixed --sigma-calibration-summary C:\Users\Alexander\Desktop\Education\Aspa\code\output_evidence_campaign_v3_20260215\stage_a\A4\quick_confirm\02_final_wave\sigma_calibration_summary_iter0.csv --calibrated-targets-out C:\Users\Alexander\Desktop\Education\Aspa\code\output_evidence_campaign_v3_20260215\stage_a\A4\quick_confirm\02_final_wave\targets_calibrated_iter0.json --sa-enable --sa-domain nroy --sa-reductions 0.1,0.2,0.3,0.4 --outdir C:\Users\Alexander\Desktop\Education\Aspa\code\output_evidence_campaign_v3_20260215\stage_a\A4\quick_confirm\02_final_wave
[RUN] C:\Users\Alexander\AppData\Local\Programs\Python\Python313\python.exe scripts/train_emulator.py --data C:\Users\Alexander\Desktop\Education\Aspa\code\output_evidence_campaign_v3_20260215\stage_a\A4\quick_confirm\02_final_wave\lhs_runs_wave2.csv --targets C:\Users\Alexander\Desktop\Education\Aspa\code\output_evidence_campaign_v3_20260215\stage_a\A4\quick_confirm\02_final_wave\targets_tuned_iter1.json --min-r2-for-history-matching 0.3 --improb-threshold 2.55 --ev-mode seed_replicates --ev-default-quantile 0.75 --sigma-calibration-mode fixed --sigma-calibration-summary C:\Users\Alexander\Desktop\Education\Aspa\code\output_evidence_campaign_v3_20260215\stage_a\A4\quick_confirm\02_final_wave\sigma_calibration_summary_iter1.csv --calibrated-targets-out C:\Users\Alexander\Desktop\Education\Aspa\code\output_evidence_campaign_v3_20260215\stage_a\A4\quick_confirm\02_final_wave\targets_calibrated_iter1.json --sa-enable --sa-domain nroy --sa-reductions 0.1,0.2,0.3,0.4 --outdir C:\Users\Alexander\Desktop\Education\Aspa\code\output_evidence_campaign_v3_20260215\stage_a\A4\quick_confirm\02_final_wave
[RUN] C:\Users\Alexander\AppData\Local\Programs\Python\Python313\python.exe scripts/run_lhs.py --n 120 --seed 2 --seeds 0,1,2 --steps 120 --window 30 --balance-ok-threshold 0.6 --format csv --output C:\Users\Alexander\Desktop\Education\Aspa\code\output_evidence_campaign_v3_20260215\stage_a\A4\quick_confirm\waves\wave_03\lhs_runs_wave3.csv --bounds-csv C:\Users\Alexander\Desktop\Education\Aspa\code\output_evidence_campaign_v3_20260215\stage_a\A4\quick_confirm\02_final_wave\refined_intervals.csv --bounds-kind p05p95
[RUN] C:\Users\Alexander\AppData\Local\Programs\Python\Python313\python.exe scripts/train_emulator.py --data C:\Users\Alexander\Desktop\Education\Aspa\code\output_evidence_campaign_v3_20260215\stage_a\A4\quick_confirm\waves\wave_03\lhs_runs_wave3.csv --targets C:\Users\Alexander\Desktop\Education\Aspa\code\output_evidence_campaign_v3_20260215\stage_a\A4\quick_confirm\02_final_wave\targets_for_wave_final.json --min-r2-for-history-matching 0.3 --improb-threshold 2.55 --ev-mode seed_replicates --ev-default-quantile 0.75 --sigma-calibration-mode fixed --sigma-calibration-summary C:\Users\Alexander\Desktop\Education\Aspa\code\output_evidence_campaign_v3_20260215\stage_a\A4\quick_confirm\waves\wave_03\sigma_calibration_summary_iter0.csv --calibrated-targets-out C:\Users\Alexander\Desktop\Education\Aspa\code\output_evidence_campaign_v3_20260215\stage_a\A4\quick_confirm\waves\wave_03\targets_calibrated_iter0.json --sa-enable --sa-domain nroy --sa-reductions 0.1,0.2,0.3,0.4 --outdir C:\Users\Alexander\Desktop\Education\Aspa\code\output_evidence_campaign_v3_20260215\stage_a\A4\quick_confirm\waves\wave_03
[RUN] C:\Users\Alexander\AppData\Local\Programs\Python\Python313\python.exe scripts/train_emulator.py --data C:\Users\Alexander\Desktop\Education\Aspa\code\output_evidence_campaign_v3_20260215\stage_a\A4\quick_confirm\waves\wave_03\lhs_runs_wave3.csv --targets C:\Users\Alexander\Desktop\Education\Aspa\code\output_evidence_campaign_v3_20260215\stage_a\A4\quick_confirm\waves\wave_03\targets_tuned_iter1.json --min-r2-for-history-matching 0.3 --improb-threshold 2.55 --ev-mode seed_replicates --ev-default-quantile 0.75 --sigma-calibration-mode fixed --sigma-calibration-summary C:\Users\Alexander\Desktop\Education\Aspa\code\output_evidence_campaign_v3_20260215\stage_a\A4\quick_confirm\waves\wave_03\sigma_calibration_summary_iter1.csv --calibrated-targets-out C:\Users\Alexander\Desktop\Education\Aspa\code\output_evidence_campaign_v3_20260215\stage_a\A4\quick_confirm\waves\wave_03\targets_calibrated_iter1.json --sa-enable --sa-domain nroy --sa-reductions 0.1,0.2,0.3,0.4 --outdir C:\Users\Alexander\Desktop\Education\Aspa\code\output_evidence_campaign_v3_20260215\stage_a\A4\quick_confirm\waves\wave_03
[RUN] C:\Users\Alexander\AppData\Local\Programs\Python\Python313\python.exe scripts/make_report_set.py --data C:\Users\Alexander\Desktop\Education\Aspa\code\output_evidence_campaign_v3_20260215\stage_a\A4\quick_confirm\02_final_wave\lhs_runs_wave3.csv --history-matching C:\Users\Alexander\Desktop\Education\Aspa\code\output_evidence_campaign_v3_20260215\stage_a\A4\quick_confirm\02_final_wave\history_matching.csv --outdir C:\Users\Alexander\Desktop\Education\Aspa\code\output_evidence_campaign_v3_20260215\stage_a\A4\quick_confirm\03_report_set --n 2 --steps 120 --window 60 --seeds 0,1,2 --min-employment 45 --min-output 50 --min-consumption 50 --min-hh-deposit 0.2 --max-bank-resolved-share 0.06 --max-bank-bailedout-share 0.02 --max-haircut-mean 0.03 --max-defaults-hh-rate 0.01 --max-defaults-firm-rate 0.01 --balance-ok-threshold 0.98
[RUN] C:\Users\Alexander\AppData\Local\Programs\Python\Python313\python.exe scripts/plot_report_runs.py --runs-dir C:\Users\Alexander\Desktop\Education\Aspa\code\output_evidence_campaign_v3_20260215\stage_a\A4\quick_confirm\03_report_set --out C:\Users\Alexander\Desktop\Education\Aspa\code\output_evidence_campaign_v3_20260215\stage_a\A4\quick_confirm\03_report_set\rep_plots
[RUN] C:\Users\Alexander\AppData\Local\Programs\Python\Python313\python.exe scripts/run_lhs.py --n 120 --seed 33 --seeds 0,1,2 --steps 120 --window 30 --balance-ok-threshold 0.6 --bounds-csv C:\Users\Alexander\Desktop\Education\Aspa\code\output_evidence_campaign_v3_20260215\stage_a\A4\quick_confirm\waves\wave_03\refined_intervals.csv --bounds-kind p05p95 --format csv --output C:\Users\Alexander\Desktop\Education\Aspa\code\output_evidence_campaign_v3_20260215\stage_a\A4\quick_confirm\05_confirmatory\wave_03\lhs_runs_confirm_wave3.csvSaved 360 rows to C:\Users\Alexander\Desktop\Education\Aspa\code\output_evidence_campaign_v3_20260215\stage_a\A4\quick_confirm\05_confirmatory\wave_03\lhs_runs_confirm_wave3.csv
Saved emulator scores to C:\Users\Alexander\Desktop\Education\Aspa\code\output_evidence_campaign_v3_20260215\stage_a\A4\quick_confirm\05_confirmatory\wave_03\emulator_scores.csv
Saved sigma calibration summary to C:\Users\Alexander\Desktop\Education\Aspa\code\output_evidence_campaign_v3_20260215\stage_a\A4\quick_confirm\05_confirmatory\wave_03\sigma_calibration_summary.csv
Saved calibrated targets to C:\Users\Alexander\Desktop\Education\Aspa\code\output_evidence_campaign_v3_20260215\stage_a\A4\quick_confirm\05_confirmatory\wave_03\targets_calibrated.json
Saved uncertainty breakdown to C:\Users\Alexander\Desktop\Education\Aspa\code\output_evidence_campaign_v3_20260215\stage_a\A4\quick_confirm\05_confirmatory\wave_03\uncertainty_components.csv
Saved history matching table to C:\Users\Alexander\Desktop\Education\Aspa\code\output_evidence_campaign_v3_20260215\stage_a\A4\quick_confirm\05_confirmatory\wave_03\history_matching.csv
Saved refined intervals to C:\Users\Alexander\Desktop\Education\Aspa\code\output_evidence_campaign_v3_20260215\stage_a\A4\quick_confirm\05_confirmatory\wave_03\refined_intervals.csv
Saved sensitivity table to C:\Users\Alexander\Desktop\Education\Aspa\code\output_evidence_campaign_v3_20260215\stage_a\A4\quick_confirm\05_confirmatory\wave_03\sensitivity_uncertainty.csv
Saved sensitivity report to C:\Users\Alexander\Desktop\Education\Aspa\code\output_evidence_campaign_v3_20260215\stage_a\A4\quick_confirm\05_confirmatory\wave_03\sensitivity_report.md
Saved report to C:\Users\Alexander\Desktop\Education\Aspa\code\output_evidence_campaign_v3_20260215\stage_a\A4\quick_confirm\04_master\research_core_report.md
Saved tables to C:\Users\Alexander\Desktop\Education\Aspa\code\output_evidence_campaign_v3_20260215\stage_a\A4\quick_confirm\04_master\research_core_tables

[RUN] C:\Users\Alexander\AppData\Local\Programs\Python\Python313\python.exe scripts/train_emulator.py --data C:\Users\Alexander\Desktop\Education\Aspa\code\output_evidence_campaign_v3_20260215\stage_a\A4\quick_confirm\05_confirmatory\wave_03\lhs_runs_confirm_wave3.csv --targets C:\Users\Alexander\Desktop\Education\Aspa\code\output_evidence_campaign_v3_20260215\stage_a\A4\quick_confirm\waves\wave_03\targets_for_wave_final.json --min-r2-for-history-matching 0.3 --improb-threshold 2.55 --ev-mode seed_replicates --ev-default-quantile 0.75 --sigma-calibration-mode fixed --sigma-calibration-summary C:\Users\Alexander\Desktop\Education\Aspa\code\output_evidence_campaign_v3_20260215\stage_a\A4\quick_confirm\05_confirmatory\wave_03\sigma_calibration_summary.csv --calibrated-targets-out C:\Users\Alexander\Desktop\Education\Aspa\code\output_evidence_campaign_v3_20260215\stage_a\A4\quick_confirm\05_confirmatory\wave_03\targets_calibrated.json --sa-enable --sa-domain nroy --sa-reductions 0.1,0.2,0.3,0.4 --outdir C:\Users\Alexander\Desktop\Education\Aspa\code\output_evidence_campaign_v3_20260215\stage_a\A4\quick_confirm\05_confirmatory\wave_03
[RUN] C:\Users\Alexander\AppData\Local\Programs\Python\Python313\python.exe scripts/make_research_master_report.py --root C:\Users\Alexander\Desktop\Education\Aspa\code\output_evidence_campaign_v3_20260215\stage_a\A4\quick_confirm --run-config C:\Users\Alexander\Desktop\Education\Aspa\code\output_evidence_campaign_v3_20260215\stage_a\A4\quick_confirm\run_config.json --out C:\Users\Alexander\Desktop\Education\Aspa\code\output_evidence_campaign_v3_20260215\stage_a\A4\quick_confirm\04_master\research_core_report.md --tables-dir C:\Users\Alexander\Desktop\Education\Aspa\code\output_evidence_campaign_v3_20260215\stage_a\A4\quick_confirm\04_master\research_core_tables --confirmatory-summary C:\Users\Alexander\Desktop\Education\Aspa\code\output_evidence_campaign_v3_20260215\stage_a\A4\quick_confirm\04_master\confirmatory_summary.json --waves-summary C:\Users\Alexander\Desktop\Education\Aspa\code\output_evidence_campaign_v3_20260215\stage_a\A4\quick_confirm\waves_summary.csv --stopping-diagnostics C:\Users\Alexander\Desktop\Education\Aspa\code\output_evidence_campaign_v3_20260215\stage_a\A4\quick_confirm\stopping_diagnostics.json
[DONE] Research core v3 pipeline completed.
Saved 1050 rows to C:\Users\Alexander\Desktop\Education\Aspa\code\output_evidence_campaign_v3_20260215\stage_b\R1\01_wave1\lhs_runs.csv
Saved emulator scores to C:\Users\Alexander\Desktop\Education\Aspa\code\output_evidence_campaign_v3_20260215\stage_b\R1\01_wave1\emulator_scores.csv
Saved sigma calibration summary to C:\Users\Alexander\Desktop\Education\Aspa\code\output_evidence_campaign_v3_20260215\stage_b\R1\01_wave1\sigma_calibration_summary.csv
Saved calibrated targets to C:\Users\Alexander\Desktop\Education\Aspa\code\output_evidence_campaign_v3_20260215\stage_b\R1\01_wave1\targets_calibrated.json
Saved uncertainty breakdown to C:\Users\Alexander\Desktop\Education\Aspa\code\output_evidence_campaign_v3_20260215\stage_b\R1\01_wave1\uncertainty_components.csv
Saved history matching table to C:\Users\Alexander\Desktop\Education\Aspa\code\output_evidence_campaign_v3_20260215\stage_b\R1\01_wave1\history_matching.csv
Saved refined intervals to C:\Users\Alexander\Desktop\Education\Aspa\code\output_evidence_campaign_v3_20260215\stage_b\R1\01_wave1\refined_intervals.csv
Saved sensitivity table to C:\Users\Alexander\Desktop\Education\Aspa\code\output_evidence_campaign_v3_20260215\stage_b\R1\01_wave1\sensitivity_uncertainty.csv
Saved sensitivity report to C:\Users\Alexander\Desktop\Education\Aspa\code\output_evidence_campaign_v3_20260215\stage_b\R1\01_wave1\sensitivity_report.md
Saved 1050 rows to C:\Users\Alexander\Desktop\Education\Aspa\code\output_evidence_campaign_v3_20260215\stage_b\R1\02_final_wave\lhs_runs_wave2.csv
Saved emulator scores to C:\Users\Alexander\Desktop\Education\Aspa\code\output_evidence_campaign_v3_20260215\stage_b\R1\02_final_wave\emulator_scores.csv
Saved sigma calibration summary to C:\Users\Alexander\Desktop\Education\Aspa\code\output_evidence_campaign_v3_20260215\stage_b\R1\02_final_wave\sigma_calibration_summary_iter0.csv
Saved calibrated targets to C:\Users\Alexander\Desktop\Education\Aspa\code\output_evidence_campaign_v3_20260215\stage_b\R1\02_final_wave\targets_calibrated_iter0.json
Saved uncertainty breakdown to C:\Users\Alexander\Desktop\Education\Aspa\code\output_evidence_campaign_v3_20260215\stage_b\R1\02_final_wave\uncertainty_components.csv
Saved history matching table to C:\Users\Alexander\Desktop\Education\Aspa\code\output_evidence_campaign_v3_20260215\stage_b\R1\02_final_wave\history_matching.csv
Saved refined intervals to C:\Users\Alexander\Desktop\Education\Aspa\code\output_evidence_campaign_v3_20260215\stage_b\R1\02_final_wave\refined_intervals.csv
Saved sensitivity table to C:\Users\Alexander\Desktop\Education\Aspa\code\output_evidence_campaign_v3_20260215\stage_b\R1\02_final_wave\sensitivity_uncertainty.csv
Saved sensitivity report to C:\Users\Alexander\Desktop\Education\Aspa\code\output_evidence_campaign_v3_20260215\stage_b\R1\02_final_wave\sensitivity_report.md
Saved 1050 rows to C:\Users\Alexander\Desktop\Education\Aspa\code\output_evidence_campaign_v3_20260215\stage_b\R1\waves\wave_03\lhs_runs_wave3.csv
Saved emulator scores to C:\Users\Alexander\Desktop\Education\Aspa\code\output_evidence_campaign_v3_20260215\stage_b\R1\waves\wave_03\emulator_scores.csv
Saved sigma calibration summary to C:\Users\Alexander\Desktop\Education\Aspa\code\output_evidence_campaign_v3_20260215\stage_b\R1\waves\wave_03\sigma_calibration_summary_iter0.csv
Saved calibrated targets to C:\Users\Alexander\Desktop\Education\Aspa\code\output_evidence_campaign_v3_20260215\stage_b\R1\waves\wave_03\targets_calibrated_iter0.json
Saved uncertainty breakdown to C:\Users\Alexander\Desktop\Education\Aspa\code\output_evidence_campaign_v3_20260215\stage_b\R1\waves\wave_03\uncertainty_components.csv
Saved history matching table to C:\Users\Alexander\Desktop\Education\Aspa\code\output_evidence_campaign_v3_20260215\stage_b\R1\waves\wave_03\history_matching.csv
Saved refined intervals to C:\Users\Alexander\Desktop\Education\Aspa\code\output_evidence_campaign_v3_20260215\stage_b\R1\waves\wave_03\refined_intervals.csv
Saved sensitivity table to C:\Users\Alexander\Desktop\Education\Aspa\code\output_evidence_campaign_v3_20260215\stage_b\R1\waves\wave_03\sensitivity_uncertainty.csv
Saved sensitivity report to C:\Users\Alexander\Desktop\Education\Aspa\code\output_evidence_campaign_v3_20260215\stage_b\R1\waves\wave_03\sensitivity_report.md
Saved emulator scores to C:\Users\Alexander\Desktop\Education\Aspa\code\output_evidence_campaign_v3_20260215\stage_b\R1\waves\wave_03\emulator_scores.csv
Saved sigma calibration summary to C:\Users\Alexander\Desktop\Education\Aspa\code\output_evidence_campaign_v3_20260215\stage_b\R1\waves\wave_03\sigma_calibration_summary_iter1.csv
Saved calibrated targets to C:\Users\Alexander\Desktop\Education\Aspa\code\output_evidence_campaign_v3_20260215\stage_b\R1\waves\wave_03\targets_calibrated_iter1.json
Saved uncertainty breakdown to C:\Users\Alexander\Desktop\Education\Aspa\code\output_evidence_campaign_v3_20260215\stage_b\R1\waves\wave_03\uncertainty_components.csv
Saved history matching table to C:\Users\Alexander\Desktop\Education\Aspa\code\output_evidence_campaign_v3_20260215\stage_b\R1\waves\wave_03\history_matching.csv
Saved refined intervals to C:\Users\Alexander\Desktop\Education\Aspa\code\output_evidence_campaign_v3_20260215\stage_b\R1\waves\wave_03\refined_intervals.csv
Saved sensitivity table to C:\Users\Alexander\Desktop\Education\Aspa\code\output_evidence_campaign_v3_20260215\stage_b\R1\waves\wave_03\sensitivity_uncertainty.csv
Saved sensitivity report to C:\Users\Alexander\Desktop\Education\Aspa\code\output_evidence_campaign_v3_20260215\stage_b\R1\waves\wave_03\sensitivity_report.md
Saved emulator scores to C:\Users\Alexander\Desktop\Education\Aspa\code\output_evidence_campaign_v3_20260215\stage_b\R1\waves\wave_03\emulator_scores.csv
Saved sigma calibration summary to C:\Users\Alexander\Desktop\Education\Aspa\code\output_evidence_campaign_v3_20260215\stage_b\R1\waves\wave_03\sigma_calibration_summary_iter2.csv
Saved calibrated targets to C:\Users\Alexander\Desktop\Education\Aspa\code\output_evidence_campaign_v3_20260215\stage_b\R1\waves\wave_03\targets_calibrated_iter2.json
Saved uncertainty breakdown to C:\Users\Alexander\Desktop\Education\Aspa\code\output_evidence_campaign_v3_20260215\stage_b\R1\waves\wave_03\uncertainty_components.csv
Saved history matching table to C:\Users\Alexander\Desktop\Education\Aspa\code\output_evidence_campaign_v3_20260215\stage_b\R1\waves\wave_03\history_matching.csv
Saved refined intervals to C:\Users\Alexander\Desktop\Education\Aspa\code\output_evidence_campaign_v3_20260215\stage_b\R1\waves\wave_03\refined_intervals.csv
Saved sensitivity table to C:\Users\Alexander\Desktop\Education\Aspa\code\output_evidence_campaign_v3_20260215\stage_b\R1\waves\wave_03\sensitivity_uncertainty.csv
Saved sensitivity report to C:\Users\Alexander\Desktop\Education\Aspa\code\output_evidence_campaign_v3_20260215\stage_b\R1\waves\wave_03\sensitivity_report.md
Saved emulator scores to C:\Users\Alexander\Desktop\Education\Aspa\code\output_evidence_campaign_v3_20260215\stage_b\R1\waves\wave_03\emulator_scores.csv
Saved sigma calibration summary to C:\Users\Alexander\Desktop\Education\Aspa\code\output_evidence_campaign_v3_20260215\stage_b\R1\waves\wave_03\sigma_calibration_summary_iter3.csv
Saved calibrated targets to C:\Users\Alexander\Desktop\Education\Aspa\code\output_evidence_campaign_v3_20260215\stage_b\R1\waves\wave_03\targets_calibrated_iter3.json
Saved uncertainty breakdown to C:\Users\Alexander\Desktop\Education\Aspa\code\output_evidence_campaign_v3_20260215\stage_b\R1\waves\wave_03\uncertainty_components.csv
Saved history matching table to C:\Users\Alexander\Desktop\Education\Aspa\code\output_evidence_campaign_v3_20260215\stage_b\R1\waves\wave_03\history_matching.csv
Saved refined intervals to C:\Users\Alexander\Desktop\Education\Aspa\code\output_evidence_campaign_v3_20260215\stage_b\R1\waves\wave_03\refined_intervals.csv
Saved sensitivity table to C:\Users\Alexander\Desktop\Education\Aspa\code\output_evidence_campaign_v3_20260215\stage_b\R1\waves\wave_03\sensitivity_uncertainty.csv
Saved sensitivity report to C:\Users\Alexander\Desktop\Education\Aspa\code\output_evidence_campaign_v3_20260215\stage_b\R1\waves\wave_03\sensitivity_report.md
[INFO] Saved run config: C:\Users\Alexander\Desktop\Education\Aspa\code\output_evidence_campaign_v3_20260215\stage_b\R1\run_config.json
[RUN] C:\Users\Alexander\AppData\Local\Programs\Python\Python313\python.exe scripts/run_lhs.py --n 350 --seed 0 --seeds 0,1,2 --steps 220 --window 30 --balance-ok-threshold 0.6 --format csv --output C:\Users\Alexander\Desktop\Education\Aspa\code\output_evidence_campaign_v3_20260215\stage_b\R1\01_wave1\lhs_runs.csv
[RUN] C:\Users\Alexander\AppData\Local\Programs\Python\Python313\python.exe scripts/train_emulator.py --data C:\Users\Alexander\Desktop\Education\Aspa\code\output_evidence_campaign_v3_20260215\stage_b\R1\01_wave1\lhs_runs.csv --targets C:\Users\Alexander\Desktop\Education\Aspa\code\scripts\targets_report.json --min-r2-for-history-matching 0.3 --improb-threshold 2.55 --ev-mode seed_replicates --ev-default-quantile 0.75 --sigma-calibration-mode fixed --sigma-calibration-summary C:\Users\Alexander\Desktop\Education\Aspa\code\output_evidence_campaign_v3_20260215\stage_b\R1\01_wave1\sigma_calibration_summary.csv --calibrated-targets-out C:\Users\Alexander\Desktop\Education\Aspa\code\output_evidence_campaign_v3_20260215\stage_b\R1\01_wave1\targets_calibrated.json --sa-enable --sa-domain nroy --sa-reductions 0.1,0.2,0.3,0.4 --outdir C:\Users\Alexander\Desktop\Education\Aspa\code\output_evidence_campaign_v3_20260215\stage_b\R1\01_wave1
[RUN] C:\Users\Alexander\AppData\Local\Programs\Python\Python313\python.exe scripts/run_lhs.py --n 350 --seed 1 --seeds 0,1,2 --steps 220 --window 30 --balance-ok-threshold 0.6 --format csv --output C:\Users\Alexander\Desktop\Education\Aspa\code\output_evidence_campaign_v3_20260215\stage_b\R1\02_final_wave\lhs_runs_wave2.csv --bounds-csv C:\Users\Alexander\Desktop\Education\Aspa\code\output_evidence_campaign_v3_20260215\stage_b\R1\01_wave1\refined_intervals.csv --bounds-kind p05p95
[RUN] C:\Users\Alexander\AppData\Local\Programs\Python\Python313\python.exe scripts/train_emulator.py --data C:\Users\Alexander\Desktop\Education\Aspa\code\output_evidence_campaign_v3_20260215\stage_b\R1\02_final_wave\lhs_runs_wave2.csv --targets C:\Users\Alexander\Desktop\Education\Aspa\code\output_evidence_campaign_v3_20260215\stage_b\R1\01_wave1\targets_for_wave_final.json --min-r2-for-history-matching 0.3 --improb-threshold 2.55 --ev-mode seed_replicates --ev-default-quantile 0.75 --sigma-calibration-mode fixed --sigma-calibration-summary C:\Users\Alexander\Desktop\Education\Aspa\code\output_evidence_campaign_v3_20260215\stage_b\R1\02_final_wave\sigma_calibration_summary_iter0.csv --calibrated-targets-out C:\Users\Alexander\Desktop\Education\Aspa\code\output_evidence_campaign_v3_20260215\stage_b\R1\02_final_wave\targets_calibrated_iter0.json --sa-enable --sa-domain nroy --sa-reductions 0.1,0.2,0.3,0.4 --outdir C:\Users\Alexander\Desktop\Education\Aspa\code\output_evidence_campaign_v3_20260215\stage_b\R1\02_final_wave
[RUN] C:\Users\Alexander\AppData\Local\Programs\Python\Python313\python.exe scripts/run_lhs.py --n 350 --seed 2 --seeds 0,1,2 --steps 220 --window 30 --balance-ok-threshold 0.6 --format csv --output C:\Users\Alexander\Desktop\Education\Aspa\code\output_evidence_campaign_v3_20260215\stage_b\R1\waves\wave_03\lhs_runs_wave3.csv --bounds-csv C:\Users\Alexander\Desktop\Education\Aspa\code\output_evidence_campaign_v3_20260215\stage_b\R1\02_final_wave\refined_intervals.csv --bounds-kind p05p95
[RUN] C:\Users\Alexander\AppData\Local\Programs\Python\Python313\python.exe scripts/train_emulator.py --data C:\Users\Alexander\Desktop\Education\Aspa\code\output_evidence_campaign_v3_20260215\stage_b\R1\waves\wave_03\lhs_runs_wave3.csv --targets C:\Users\Alexander\Desktop\Education\Aspa\code\output_evidence_campaign_v3_20260215\stage_b\R1\02_final_wave\targets_for_wave_final.json --min-r2-for-history-matching 0.3 --improb-threshold 2.55 --ev-mode seed_replicates --ev-default-quantile 0.75 --sigma-calibration-mode fixed --sigma-calibration-summary C:\Users\Alexander\Desktop\Education\Aspa\code\output_evidence_campaign_v3_20260215\stage_b\R1\waves\wave_03\sigma_calibration_summary_iter0.csv --calibrated-targets-out C:\Users\Alexander\Desktop\Education\Aspa\code\output_evidence_campaign_v3_20260215\stage_b\R1\waves\wave_03\targets_calibrated_iter0.json --sa-enable --sa-domain nroy --sa-reductions 0.1,0.2,0.3,0.4 --outdir C:\Users\Alexander\Desktop\Education\Aspa\code\output_evidence_campaign_v3_20260215\stage_b\R1\waves\wave_03
[RUN] C:\Users\Alexander\AppData\Local\Programs\Python\Python313\python.exe scripts/train_emulator.py --data C:\Users\Alexander\Desktop\Education\Aspa\code\output_evidence_campaign_v3_20260215\stage_b\R1\waves\wave_03\lhs_runs_wave3.csv --targets C:\Users\Alexander\Desktop\Education\Aspa\code\output_evidence_campaign_v3_20260215\stage_b\R1\waves\wave_03\targets_tuned_iter1.json --min-r2-for-history-matching 0.3 --improb-threshold 2.55 --ev-mode seed_replicates --ev-default-quantile 0.75 --sigma-calibration-mode fixed --sigma-calibration-summary C:\Users\Alexander\Desktop\Education\Aspa\code\output_evidence_campaign_v3_20260215\stage_b\R1\waves\wave_03\sigma_calibration_summary_iter1.csv --calibrated-targets-out C:\Users\Alexander\Desktop\Education\Aspa\code\output_evidence_campaign_v3_20260215\stage_b\R1\waves\wave_03\targets_calibrated_iter1.json --sa-enable --sa-domain nroy --sa-reductions 0.1,0.2,0.3,0.4 --outdir C:\Users\Alexander\Desktop\Education\Aspa\code\output_evidence_campaign_v3_20260215\stage_b\R1\waves\wave_03
[RUN] C:\Users\Alexander\AppData\Local\Programs\Python\Python313\python.exe scripts/train_emulator.py --data C:\Users\Alexander\Desktop\Education\Aspa\code\output_evidence_campaign_v3_20260215\stage_b\R1\waves\wave_03\lhs_runs_wave3.csv --targets C:\Users\Alexander\Desktop\Education\Aspa\code\output_evidence_campaign_v3_20260215\stage_b\R1\waves\wave_03\targets_tuned_iter2.json --min-r2-for-history-matching 0.3 --improb-threshold 2.55 --ev-mode seed_replicates --ev-default-quantile 0.75 --sigma-calibration-mode fixed --sigma-calibration-summary C:\Users\Alexander\Desktop\Education\Aspa\code\output_evidence_campaign_v3_20260215\stage_b\R1\waves\wave_03\sigma_calibration_summary_iter2.csv --calibrated-targets-out C:\Users\Alexander\Desktop\Education\Aspa\code\output_evidence_campaign_v3_20260215\stage_b\R1\waves\wave_03\targets_calibrated_iter2.json --sa-enable --sa-domain nroy --sa-reductions 0.1,0.2,0.3,0.4 --outdir C:\Users\Alexander\Desktop\Education\Aspa\code\output_evidence_campaign_v3_20260215\stage_b\R1\waves\wave_03
[RUN] C:\Users\Alexander\AppData\Local\Programs\Python\Python313\python.exe scripts/train_emulator.py --data C:\Users\Alexander\Desktop\Education\Aspa\code\output_evidence_campaign_v3_20260215\stage_b\R1\waves\wave_03\lhs_runs_wave3.csv --targets C:\Users\Alexander\Desktop\Education\Aspa\code\output_evidence_campaign_v3_20260215\stage_b\R1\waves\wave_03\targets_tuned_iter3.json --min-r2-for-history-matching 0.3 --improb-threshold 2.55 --ev-mode seed_replicates --ev-default-quantile 0.75 --sigma-calibration-mode fixed --sigma-calibration-summary C:\Users\Alexander\Desktop\Education\Aspa\code\output_evidence_campaign_v3_20260215\stage_b\R1\waves\wave_03\sigma_calibration_summary_iter3.csv --calibrated-targets-out C:\Users\Alexander\Desktop\Education\Aspa\code\output_evidence_campaign_v3_20260215\stage_b\R1\waves\wave_03\targets_calibrated_iter3.json --sa-enable --sa-domain nroy --sa-reductions 0.1,0.2,0.3,0.4 --outdir C:\Users\Alexander\Desktop\Education\Aspa\code\output_evidence_campaign_v3_20260215\stage_b\R1\waves\wave_03
[RUN] C:\Users\Alexander\AppData\Local\Programs\Python\Python313\python.exe scripts/make_report_set.py --data C:\Users\Alexander\Desktop\Education\Aspa\code\output_evidence_campaign_v3_20260215\stage_b\R1\02_final_wave\lhs_runs_wave3.csv --history-matching C:\Users\Alexander\Desktop\Education\Aspa\code\output_evidence_campaign_v3_20260215\stage_b\R1\02_final_wave\history_matching.csv --outdir C:\Users\Alexander\Desktop\Education\Aspa\code\output_evidence_campaign_v3_20260215\stage_b\R1\03_report_set --n 10 --steps 500 --window 60 --seeds 0,1,2 --min-employment 45 --min-output 50 --min-consumption 50 --min-hh-deposit 0.2 --max-bank-resolved-share 0.06 --max-bank-bailedout-share 0.02 --max-haircut-mean 0.03 --max-defaults-hh-rate 0.01 --max-defaults-firm-rate 0.01 --balance-ok-threshold 0.98Saved points to C:\Users\Alexander\Desktop\Education\Aspa\code\output_evidence_campaign_v3_20260215\stage_b\R1\03_report_set\representative_points.csv
Saved run summaries to C:\Users\Alexander\Desktop\Education\Aspa\code\output_evidence_campaign_v3_20260215\stage_b\R1\03_report_set\representative_summary.csv
Saved C:\Users\Alexander\Desktop\Education\Aspa\code\output_evidence_campaign_v3_20260215\stage_b\R1\03_report_set\rep_plots\rep_00.png
Saved C:\Users\Alexander\Desktop\Education\Aspa\code\output_evidence_campaign_v3_20260215\stage_b\R1\03_report_set\rep_plots\rep_01.png
Saved C:\Users\Alexander\Desktop\Education\Aspa\code\output_evidence_campaign_v3_20260215\stage_b\R1\03_report_set\rep_plots\rep_02.png
Saved C:\Users\Alexander\Desktop\Education\Aspa\code\output_evidence_campaign_v3_20260215\stage_b\R1\03_report_set\rep_plots\rep_03.png
Saved C:\Users\Alexander\Desktop\Education\Aspa\code\output_evidence_campaign_v3_20260215\stage_b\R1\03_report_set\rep_plots\rep_04.png
Saved C:\Users\Alexander\Desktop\Education\Aspa\code\output_evidence_campaign_v3_20260215\stage_b\R1\03_report_set\rep_plots\rep_05.png
Saved C:\Users\Alexander\Desktop\Education\Aspa\code\output_evidence_campaign_v3_20260215\stage_b\R1\03_report_set\rep_plots\rep_06.png
Saved C:\Users\Alexander\Desktop\Education\Aspa\code\output_evidence_campaign_v3_20260215\stage_b\R1\03_report_set\rep_plots\rep_07.png
Saved C:\Users\Alexander\Desktop\Education\Aspa\code\output_evidence_campaign_v3_20260215\stage_b\R1\03_report_set\rep_plots\rep_08.png
Saved C:\Users\Alexander\Desktop\Education\Aspa\code\output_evidence_campaign_v3_20260215\stage_b\R1\03_report_set\rep_plots\rep_09.png
Saved 1050 rows to C:\Users\Alexander\Desktop\Education\Aspa\code\output_evidence_campaign_v3_20260215\stage_b\R1\05_confirmatory\wave_03\lhs_runs_confirm_wave3.csv
Saved emulator scores to C:\Users\Alexander\Desktop\Education\Aspa\code\output_evidence_campaign_v3_20260215\stage_b\R1\05_confirmatory\wave_03\emulator_scores.csv
Saved sigma calibration summary to C:\Users\Alexander\Desktop\Education\Aspa\code\output_evidence_campaign_v3_20260215\stage_b\R1\05_confirmatory\wave_03\sigma_calibration_summary.csv
Saved calibrated targets to C:\Users\Alexander\Desktop\Education\Aspa\code\output_evidence_campaign_v3_20260215\stage_b\R1\05_confirmatory\wave_03\targets_calibrated.json
Saved uncertainty breakdown to C:\Users\Alexander\Desktop\Education\Aspa\code\output_evidence_campaign_v3_20260215\stage_b\R1\05_confirmatory\wave_03\uncertainty_components.csv
Saved history matching table to C:\Users\Alexander\Desktop\Education\Aspa\code\output_evidence_campaign_v3_20260215\stage_b\R1\05_confirmatory\wave_03\history_matching.csv
Saved refined intervals to C:\Users\Alexander\Desktop\Education\Aspa\code\output_evidence_campaign_v3_20260215\stage_b\R1\05_confirmatory\wave_03\refined_intervals.csv
Saved sensitivity table to C:\Users\Alexander\Desktop\Education\Aspa\code\output_evidence_campaign_v3_20260215\stage_b\R1\05_confirmatory\wave_03\sensitivity_uncertainty.csv
Saved sensitivity report to C:\Users\Alexander\Desktop\Education\Aspa\code\output_evidence_campaign_v3_20260215\stage_b\R1\05_confirmatory\wave_03\sensitivity_report.md
Saved report to C:\Users\Alexander\Desktop\Education\Aspa\code\output_evidence_campaign_v3_20260215\stage_b\R1\04_master\research_core_report.md
Saved tables to C:\Users\Alexander\Desktop\Education\Aspa\code\output_evidence_campaign_v3_20260215\stage_b\R1\04_master\research_core_tables

[RUN] C:\Users\Alexander\AppData\Local\Programs\Python\Python313\python.exe scripts/plot_report_runs.py --runs-dir C:\Users\Alexander\Desktop\Education\Aspa\code\output_evidence_campaign_v3_20260215\stage_b\R1\03_report_set --out C:\Users\Alexander\Desktop\Education\Aspa\code\output_evidence_campaign_v3_20260215\stage_b\R1\03_report_set\rep_plots
[RUN] C:\Users\Alexander\AppData\Local\Programs\Python\Python313\python.exe scripts/run_lhs.py --n 350 --seed 33 --seeds 0,1,2 --steps 220 --window 30 --balance-ok-threshold 0.6 --bounds-csv C:\Users\Alexander\Desktop\Education\Aspa\code\output_evidence_campaign_v3_20260215\stage_b\R1\waves\wave_03\refined_intervals.csv --bounds-kind p05p95 --format csv --output C:\Users\Alexander\Desktop\Education\Aspa\code\output_evidence_campaign_v3_20260215\stage_b\R1\05_confirmatory\wave_03\lhs_runs_confirm_wave3.csv
[RUN] C:\Users\Alexander\AppData\Local\Programs\Python\Python313\python.exe scripts/train_emulator.py --data C:\Users\Alexander\Desktop\Education\Aspa\code\output_evidence_campaign_v3_20260215\stage_b\R1\05_confirmatory\wave_03\lhs_runs_confirm_wave3.csv --targets C:\Users\Alexander\Desktop\Education\Aspa\code\output_evidence_campaign_v3_20260215\stage_b\R1\waves\wave_03\targets_for_wave_final.json --min-r2-for-history-matching 0.3 --improb-threshold 2.55 --ev-mode seed_replicates --ev-default-quantile 0.75 --sigma-calibration-mode fixed --sigma-calibration-summary C:\Users\Alexander\Desktop\Education\Aspa\code\output_evidence_campaign_v3_20260215\stage_b\R1\05_confirmatory\wave_03\sigma_calibration_summary.csv --calibrated-targets-out C:\Users\Alexander\Desktop\Education\Aspa\code\output_evidence_campaign_v3_20260215\stage_b\R1\05_confirmatory\wave_03\targets_calibrated.json --sa-enable --sa-domain nroy --sa-reductions 0.1,0.2,0.3,0.4 --outdir C:\Users\Alexander\Desktop\Education\Aspa\code\output_evidence_campaign_v3_20260215\stage_b\R1\05_confirmatory\wave_03
[RUN] C:\Users\Alexander\AppData\Local\Programs\Python\Python313\python.exe scripts/make_research_master_report.py --root C:\Users\Alexander\Desktop\Education\Aspa\code\output_evidence_campaign_v3_20260215\stage_b\R1 --run-config C:\Users\Alexander\Desktop\Education\Aspa\code\output_evidence_campaign_v3_20260215\stage_b\R1\run_config.json --out C:\Users\Alexander\Desktop\Education\Aspa\code\output_evidence_campaign_v3_20260215\stage_b\R1\04_master\research_core_report.md --tables-dir C:\Users\Alexander\Desktop\Education\Aspa\code\output_evidence_campaign_v3_20260215\stage_b\R1\04_master\research_core_tables --confirmatory-summary C:\Users\Alexander\Desktop\Education\Aspa\code\output_evidence_campaign_v3_20260215\stage_b\R1\04_master\confirmatory_summary.json --waves-summary C:\Users\Alexander\Desktop\Education\Aspa\code\output_evidence_campaign_v3_20260215\stage_b\R1\waves_summary.csv --stopping-diagnostics C:\Users\Alexander\Desktop\Education\Aspa\code\output_evidence_campaign_v3_20260215\stage_b\R1\stopping_diagnostics.json
[DONE] Research core v3 pipeline completed.
Saved 1050 rows to C:\Users\Alexander\Desktop\Education\Aspa\code\output_evidence_campaign_v3_20260215\stage_b\R2\01_wave1\lhs_runs.csv
Saved emulator scores to C:\Users\Alexander\Desktop\Education\Aspa\code\output_evidence_campaign_v3_20260215\stage_b\R2\01_wave1\emulator_scores.csv
Saved sigma calibration summary to C:\Users\Alexander\Desktop\Education\Aspa\code\output_evidence_campaign_v3_20260215\stage_b\R2\01_wave1\sigma_calibration_summary.csv
Saved calibrated targets to C:\Users\Alexander\Desktop\Education\Aspa\code\output_evidence_campaign_v3_20260215\stage_b\R2\01_wave1\targets_calibrated.json
Saved uncertainty breakdown to C:\Users\Alexander\Desktop\Education\Aspa\code\output_evidence_campaign_v3_20260215\stage_b\R2\01_wave1\uncertainty_components.csv
Saved history matching table to C:\Users\Alexander\Desktop\Education\Aspa\code\output_evidence_campaign_v3_20260215\stage_b\R2\01_wave1\history_matching.csv
Saved refined intervals to C:\Users\Alexander\Desktop\Education\Aspa\code\output_evidence_campaign_v3_20260215\stage_b\R2\01_wave1\refined_intervals.csv
Saved sensitivity table to C:\Users\Alexander\Desktop\Education\Aspa\code\output_evidence_campaign_v3_20260215\stage_b\R2\01_wave1\sensitivity_uncertainty.csv
Saved sensitivity report to C:\Users\Alexander\Desktop\Education\Aspa\code\output_evidence_campaign_v3_20260215\stage_b\R2\01_wave1\sensitivity_report.md
Saved 1050 rows to C:\Users\Alexander\Desktop\Education\Aspa\code\output_evidence_campaign_v3_20260215\stage_b\R2\02_final_wave\lhs_runs_wave2.csv
Saved emulator scores to C:\Users\Alexander\Desktop\Education\Aspa\code\output_evidence_campaign_v3_20260215\stage_b\R2\02_final_wave\emulator_scores.csv
Saved sigma calibration summary to C:\Users\Alexander\Desktop\Education\Aspa\code\output_evidence_campaign_v3_20260215\stage_b\R2\02_final_wave\sigma_calibration_summary_iter0.csv
Saved calibrated targets to C:\Users\Alexander\Desktop\Education\Aspa\code\output_evidence_campaign_v3_20260215\stage_b\R2\02_final_wave\targets_calibrated_iter0.json
Saved uncertainty breakdown to C:\Users\Alexander\Desktop\Education\Aspa\code\output_evidence_campaign_v3_20260215\stage_b\R2\02_final_wave\uncertainty_components.csv
Saved history matching table to C:\Users\Alexander\Desktop\Education\Aspa\code\output_evidence_campaign_v3_20260215\stage_b\R2\02_final_wave\history_matching.csv
Saved refined intervals to C:\Users\Alexander\Desktop\Education\Aspa\code\output_evidence_campaign_v3_20260215\stage_b\R2\02_final_wave\refined_intervals.csv
Saved sensitivity table to C:\Users\Alexander\Desktop\Education\Aspa\code\output_evidence_campaign_v3_20260215\stage_b\R2\02_final_wave\sensitivity_uncertainty.csv
Saved sensitivity report to C:\Users\Alexander\Desktop\Education\Aspa\code\output_evidence_campaign_v3_20260215\stage_b\R2\02_final_wave\sensitivity_report.md
Saved emulator scores to C:\Users\Alexander\Desktop\Education\Aspa\code\output_evidence_campaign_v3_20260215\stage_b\R2\02_final_wave\emulator_scores.csv
Saved sigma calibration summary to C:\Users\Alexander\Desktop\Education\Aspa\code\output_evidence_campaign_v3_20260215\stage_b\R2\02_final_wave\sigma_calibration_summary_iter1.csv
Saved calibrated targets to C:\Users\Alexander\Desktop\Education\Aspa\code\output_evidence_campaign_v3_20260215\stage_b\R2\02_final_wave\targets_calibrated_iter1.json
Saved uncertainty breakdown to C:\Users\Alexander\Desktop\Education\Aspa\code\output_evidence_campaign_v3_20260215\stage_b\R2\02_final_wave\uncertainty_components.csv
Saved history matching table to C:\Users\Alexander\Desktop\Education\Aspa\code\output_evidence_campaign_v3_20260215\stage_b\R2\02_final_wave\history_matching.csv
Saved refined intervals to C:\Users\Alexander\Desktop\Education\Aspa\code\output_evidence_campaign_v3_20260215\stage_b\R2\02_final_wave\refined_intervals.csv
Saved sensitivity table to C:\Users\Alexander\Desktop\Education\Aspa\code\output_evidence_campaign_v3_20260215\stage_b\R2\02_final_wave\sensitivity_uncertainty.csv
Saved sensitivity report to C:\Users\Alexander\Desktop\Education\Aspa\code\output_evidence_campaign_v3_20260215\stage_b\R2\02_final_wave\sensitivity_report.md
Saved emulator scores to C:\Users\Alexander\Desktop\Education\Aspa\code\output_evidence_campaign_v3_20260215\stage_b\R2\02_final_wave\emulator_scores.csv
Saved sigma calibration summary to C:\Users\Alexander\Desktop\Education\Aspa\code\output_evidence_campaign_v3_20260215\stage_b\R2\02_final_wave\sigma_calibration_summary_iter2.csv
Saved calibrated targets to C:\Users\Alexander\Desktop\Education\Aspa\code\output_evidence_campaign_v3_20260215\stage_b\R2\02_final_wave\targets_calibrated_iter2.json
Saved uncertainty breakdown to C:\Users\Alexander\Desktop\Education\Aspa\code\output_evidence_campaign_v3_20260215\stage_b\R2\02_final_wave\uncertainty_components.csv
Saved history matching table to C:\Users\Alexander\Desktop\Education\Aspa\code\output_evidence_campaign_v3_20260215\stage_b\R2\02_final_wave\history_matching.csv
Saved refined intervals to C:\Users\Alexander\Desktop\Education\Aspa\code\output_evidence_campaign_v3_20260215\stage_b\R2\02_final_wave\refined_intervals.csv
Saved sensitivity table to C:\Users\Alexander\Desktop\Education\Aspa\code\output_evidence_campaign_v3_20260215\stage_b\R2\02_final_wave\sensitivity_uncertainty.csv
Saved sensitivity report to C:\Users\Alexander\Desktop\Education\Aspa\code\output_evidence_campaign_v3_20260215\stage_b\R2\02_final_wave\sensitivity_report.md
Saved emulator scores to C:\Users\Alexander\Desktop\Education\Aspa\code\output_evidence_campaign_v3_20260215\stage_b\R2\02_final_wave\emulator_scores.csv
Saved sigma calibration summary to C:\Users\Alexander\Desktop\Education\Aspa\code\output_evidence_campaign_v3_20260215\stage_b\R2\02_final_wave\sigma_calibration_summary_iter3.csv
Saved calibrated targets to C:\Users\Alexander\Desktop\Education\Aspa\code\output_evidence_campaign_v3_20260215\stage_b\R2\02_final_wave\targets_calibrated_iter3.json
Saved uncertainty breakdown to C:\Users\Alexander\Desktop\Education\Aspa\code\output_evidence_campaign_v3_20260215\stage_b\R2\02_final_wave\uncertainty_components.csv
Saved history matching table to C:\Users\Alexander\Desktop\Education\Aspa\code\output_evidence_campaign_v3_20260215\stage_b\R2\02_final_wave\history_matching.csv
Saved refined intervals to C:\Users\Alexander\Desktop\Education\Aspa\code\output_evidence_campaign_v3_20260215\stage_b\R2\02_final_wave\refined_intervals.csv
Saved sensitivity table to C:\Users\Alexander\Desktop\Education\Aspa\code\output_evidence_campaign_v3_20260215\stage_b\R2\02_final_wave\sensitivity_uncertainty.csv
Saved sensitivity report to C:\Users\Alexander\Desktop\Education\Aspa\code\output_evidence_campaign_v3_20260215\stage_b\R2\02_final_wave\sensitivity_report.md
Saved 1050 rows to C:\Users\Alexander\Desktop\Education\Aspa\code\output_evidence_campaign_v3_20260215\stage_b\R2\waves\wave_03\lhs_runs_wave3.csv
Saved emulator scores to C:\Users\Alexander\Desktop\Education\Aspa\code\output_evidence_campaign_v3_20260215\stage_b\R2\waves\wave_03\emulator_scores.csv
Saved sigma calibration summary to C:\Users\Alexander\Desktop\Education\Aspa\code\output_evidence_campaign_v3_20260215\stage_b\R2\waves\wave_03\sigma_calibration_summary_iter0.csv
Saved calibrated targets to C:\Users\Alexander\Desktop\Education\Aspa\code\output_evidence_campaign_v3_20260215\stage_b\R2\waves\wave_03\targets_calibrated_iter0.json
Saved uncertainty breakdown to C:\Users\Alexander\Desktop\Education\Aspa\code\output_evidence_campaign_v3_20260215\stage_b\R2\waves\wave_03\uncertainty_components.csv
Saved history matching table to C:\Users\Alexander\Desktop\Education\Aspa\code\output_evidence_campaign_v3_20260215\stage_b\R2\waves\wave_03\history_matching.csv
Saved refined intervals to C:\Users\Alexander\Desktop\Education\Aspa\code\output_evidence_campaign_v3_20260215\stage_b\R2\waves\wave_03\refined_intervals.csv
Saved sensitivity table to C:\Users\Alexander\Desktop\Education\Aspa\code\output_evidence_campaign_v3_20260215\stage_b\R2\waves\wave_03\sensitivity_uncertainty.csv
Saved sensitivity report to C:\Users\Alexander\Desktop\Education\Aspa\code\output_evidence_campaign_v3_20260215\stage_b\R2\waves\wave_03\sensitivity_report.md
[INFO] Saved run config: C:\Users\Alexander\Desktop\Education\Aspa\code\output_evidence_campaign_v3_20260215\stage_b\R2\run_config.json
[RUN] C:\Users\Alexander\AppData\Local\Programs\Python\Python313\python.exe scripts/run_lhs.py --n 350 --seed 200 --seeds 0,1,2 --steps 220 --window 30 --balance-ok-threshold 0.6 --format csv --output C:\Users\Alexander\Desktop\Education\Aspa\code\output_evidence_campaign_v3_20260215\stage_b\R2\01_wave1\lhs_runs.csv
[RUN] C:\Users\Alexander\AppData\Local\Programs\Python\Python313\python.exe scripts/train_emulator.py --data C:\Users\Alexander\Desktop\Education\Aspa\code\output_evidence_campaign_v3_20260215\stage_b\R2\01_wave1\lhs_runs.csv --targets C:\Users\Alexander\Desktop\Education\Aspa\code\scripts\targets_report.json --min-r2-for-history-matching 0.3 --improb-threshold 2.55 --ev-mode seed_replicates --ev-default-quantile 0.75 --sigma-calibration-mode fixed --sigma-calibration-summary C:\Users\Alexander\Desktop\Education\Aspa\code\output_evidence_campaign_v3_20260215\stage_b\R2\01_wave1\sigma_calibration_summary.csv --calibrated-targets-out C:\Users\Alexander\Desktop\Education\Aspa\code\output_evidence_campaign_v3_20260215\stage_b\R2\01_wave1\targets_calibrated.json --sa-enable --sa-domain nroy --sa-reductions 0.1,0.2,0.3,0.4 --outdir C:\Users\Alexander\Desktop\Education\Aspa\code\output_evidence_campaign_v3_20260215\stage_b\R2\01_wave1
[RUN] C:\Users\Alexander\AppData\Local\Programs\Python\Python313\python.exe scripts/run_lhs.py --n 350 --seed 201 --seeds 0,1,2 --steps 220 --window 30 --balance-ok-threshold 0.6 --format csv --output C:\Users\Alexander\Desktop\Education\Aspa\code\output_evidence_campaign_v3_20260215\stage_b\R2\02_final_wave\lhs_runs_wave2.csv --bounds-csv C:\Users\Alexander\Desktop\Education\Aspa\code\output_evidence_campaign_v3_20260215\stage_b\R2\01_wave1\refined_intervals.csv --bounds-kind p05p95
[RUN] C:\Users\Alexander\AppData\Local\Programs\Python\Python313\python.exe scripts/train_emulator.py --data C:\Users\Alexander\Desktop\Education\Aspa\code\output_evidence_campaign_v3_20260215\stage_b\R2\02_final_wave\lhs_runs_wave2.csv --targets C:\Users\Alexander\Desktop\Education\Aspa\code\output_evidence_campaign_v3_20260215\stage_b\R2\01_wave1\targets_for_wave_final.json --min-r2-for-history-matching 0.3 --improb-threshold 2.55 --ev-mode seed_replicates --ev-default-quantile 0.75 --sigma-calibration-mode fixed --sigma-calibration-summary C:\Users\Alexander\Desktop\Education\Aspa\code\output_evidence_campaign_v3_20260215\stage_b\R2\02_final_wave\sigma_calibration_summary_iter0.csv --calibrated-targets-out C:\Users\Alexander\Desktop\Education\Aspa\code\output_evidence_campaign_v3_20260215\stage_b\R2\02_final_wave\targets_calibrated_iter0.json --sa-enable --sa-domain nroy --sa-reductions 0.1,0.2,0.3,0.4 --outdir C:\Users\Alexander\Desktop\Education\Aspa\code\output_evidence_campaign_v3_20260215\stage_b\R2\02_final_wave
[RUN] C:\Users\Alexander\AppData\Local\Programs\Python\Python313\python.exe scripts/train_emulator.py --data C:\Users\Alexander\Desktop\Education\Aspa\code\output_evidence_campaign_v3_20260215\stage_b\R2\02_final_wave\lhs_runs_wave2.csv --targets C:\Users\Alexander\Desktop\Education\Aspa\code\output_evidence_campaign_v3_20260215\stage_b\R2\02_final_wave\targets_tuned_iter1.json --min-r2-for-history-matching 0.3 --improb-threshold 2.55 --ev-mode seed_replicates --ev-default-quantile 0.75 --sigma-calibration-mode fixed --sigma-calibration-summary C:\Users\Alexander\Desktop\Education\Aspa\code\output_evidence_campaign_v3_20260215\stage_b\R2\02_final_wave\sigma_calibration_summary_iter1.csv --calibrated-targets-out C:\Users\Alexander\Desktop\Education\Aspa\code\output_evidence_campaign_v3_20260215\stage_b\R2\02_final_wave\targets_calibrated_iter1.json --sa-enable --sa-domain nroy --sa-reductions 0.1,0.2,0.3,0.4 --outdir C:\Users\Alexander\Desktop\Education\Aspa\code\output_evidence_campaign_v3_20260215\stage_b\R2\02_final_wave
[RUN] C:\Users\Alexander\AppData\Local\Programs\Python\Python313\python.exe scripts/train_emulator.py --data C:\Users\Alexander\Desktop\Education\Aspa\code\output_evidence_campaign_v3_20260215\stage_b\R2\02_final_wave\lhs_runs_wave2.csv --targets C:\Users\Alexander\Desktop\Education\Aspa\code\output_evidence_campaign_v3_20260215\stage_b\R2\02_final_wave\targets_tuned_iter2.json --min-r2-for-history-matching 0.3 --improb-threshold 2.55 --ev-mode seed_replicates --ev-default-quantile 0.75 --sigma-calibration-mode fixed --sigma-calibration-summary C:\Users\Alexander\Desktop\Education\Aspa\code\output_evidence_campaign_v3_20260215\stage_b\R2\02_final_wave\sigma_calibration_summary_iter2.csv --calibrated-targets-out C:\Users\Alexander\Desktop\Education\Aspa\code\output_evidence_campaign_v3_20260215\stage_b\R2\02_final_wave\targets_calibrated_iter2.json --sa-enable --sa-domain nroy --sa-reductions 0.1,0.2,0.3,0.4 --outdir C:\Users\Alexander\Desktop\Education\Aspa\code\output_evidence_campaign_v3_20260215\stage_b\R2\02_final_wave
[RUN] C:\Users\Alexander\AppData\Local\Programs\Python\Python313\python.exe scripts/train_emulator.py --data C:\Users\Alexander\Desktop\Education\Aspa\code\output_evidence_campaign_v3_20260215\stage_b\R2\02_final_wave\lhs_runs_wave2.csv --targets C:\Users\Alexander\Desktop\Education\Aspa\code\output_evidence_campaign_v3_20260215\stage_b\R2\02_final_wave\targets_tuned_iter3.json --min-r2-for-history-matching 0.3 --improb-threshold 2.55 --ev-mode seed_replicates --ev-default-quantile 0.75 --sigma-calibration-mode fixed --sigma-calibration-summary C:\Users\Alexander\Desktop\Education\Aspa\code\output_evidence_campaign_v3_20260215\stage_b\R2\02_final_wave\sigma_calibration_summary_iter3.csv --calibrated-targets-out C:\Users\Alexander\Desktop\Education\Aspa\code\output_evidence_campaign_v3_20260215\stage_b\R2\02_final_wave\targets_calibrated_iter3.json --sa-enable --sa-domain nroy --sa-reductions 0.1,0.2,0.3,0.4 --outdir C:\Users\Alexander\Desktop\Education\Aspa\code\output_evidence_campaign_v3_20260215\stage_b\R2\02_final_wave
[RUN] C:\Users\Alexander\AppData\Local\Programs\Python\Python313\python.exe scripts/run_lhs.py --n 350 --seed 202 --seeds 0,1,2 --steps 220 --window 30 --balance-ok-threshold 0.6 --format csv --output C:\Users\Alexander\Desktop\Education\Aspa\code\output_evidence_campaign_v3_20260215\stage_b\R2\waves\wave_03\lhs_runs_wave3.csv --bounds-csv C:\Users\Alexander\Desktop\Education\Aspa\code\output_evidence_campaign_v3_20260215\stage_b\R2\02_final_wave\refined_intervals.csv --bounds-kind p05p95
[RUN] C:\Users\Alexander\AppData\Local\Programs\Python\Python313\python.exe scripts/train_emulator.py --data C:\Users\Alexander\Desktop\Education\Aspa\code\output_evidence_campaign_v3_20260215\stage_b\R2\waves\wave_03\lhs_runs_wave3.csv --targets C:\Users\Alexander\Desktop\Education\Aspa\code\output_evidence_campaign_v3_20260215\stage_b\R2\02_final_wave\targets_for_wave_final.json --min-r2-for-history-matching 0.3 --improb-threshold 2.55 --ev-mode seed_replicates --ev-default-quantile 0.75 --sigma-calibration-mode fixed --sigma-calibration-summary C:\Users\Alexander\Desktop\Education\Aspa\code\output_evidence_campaign_v3_20260215\stage_b\R2\waves\wave_03\sigma_calibration_summary_iter0.csv --calibrated-targets-out C:\Users\Alexander\Desktop\Education\Aspa\code\output_evidence_campaign_v3_20260215\stage_b\R2\waves\wave_03\targets_calibrated_iter0.json --sa-enable --sa-domain nroy --sa-reductions 0.1,0.2,0.3,0.4 --outdir C:\Users\Alexander\Desktop\Education\Aspa\code\output_evidence_campaign_v3_20260215\stage_b\R2\waves\wave_03
[RUN] C:\Users\Alexander\AppData\Local\Programs\Python\Python313\python.exe scripts/make_report_set.py --data C:\Users\Alexander\Desktop\Education\Aspa\code\output_evidence_campaign_v3_20260215\stage_b\R2\02_final_wave\lhs_runs_wave3.csv --history-matching C:\Users\Alexander\Desktop\Education\Aspa\code\output_evidence_campaign_v3_20260215\stage_b\R2\02_final_wave\history_matching.csv --outdir C:\Users\Alexander\Desktop\Education\Aspa\code\output_evidence_campaign_v3_20260215\stage_b\R2\03_report_set --n 10 --steps 500 --window 60 --seeds 0,1,2 --min-employment 45 --min-output 50 --min-consumption 50 --min-hh-deposit 0.2 --max-bank-resolved-share 0.06 --max-bank-bailedout-share 0.02 --max-haircut-mean 0.03 --max-defaults-hh-rate 0.01 --max-defaults-firm-rate 0.01 --balance-ok-threshold 0.98Saved points to C:\Users\Alexander\Desktop\Education\Aspa\code\output_evidence_campaign_v3_20260215\stage_b\R2\03_report_set\representative_points.csv
Saved run summaries to C:\Users\Alexander\Desktop\Education\Aspa\code\output_evidence_campaign_v3_20260215\stage_b\R2\03_report_set\representative_summary.csv
Saved C:\Users\Alexander\Desktop\Education\Aspa\code\output_evidence_campaign_v3_20260215\stage_b\R2\03_report_set\rep_plots\rep_00.png
Saved C:\Users\Alexander\Desktop\Education\Aspa\code\output_evidence_campaign_v3_20260215\stage_b\R2\03_report_set\rep_plots\rep_01.png
Saved C:\Users\Alexander\Desktop\Education\Aspa\code\output_evidence_campaign_v3_20260215\stage_b\R2\03_report_set\rep_plots\rep_02.png
Saved C:\Users\Alexander\Desktop\Education\Aspa\code\output_evidence_campaign_v3_20260215\stage_b\R2\03_report_set\rep_plots\rep_03.png
Saved C:\Users\Alexander\Desktop\Education\Aspa\code\output_evidence_campaign_v3_20260215\stage_b\R2\03_report_set\rep_plots\rep_04.png
Saved C:\Users\Alexander\Desktop\Education\Aspa\code\output_evidence_campaign_v3_20260215\stage_b\R2\03_report_set\rep_plots\rep_05.png
Saved C:\Users\Alexander\Desktop\Education\Aspa\code\output_evidence_campaign_v3_20260215\stage_b\R2\03_report_set\rep_plots\rep_06.png
Saved C:\Users\Alexander\Desktop\Education\Aspa\code\output_evidence_campaign_v3_20260215\stage_b\R2\03_report_set\rep_plots\rep_07.png
Saved C:\Users\Alexander\Desktop\Education\Aspa\code\output_evidence_campaign_v3_20260215\stage_b\R2\03_report_set\rep_plots\rep_08.png
Saved C:\Users\Alexander\Desktop\Education\Aspa\code\output_evidence_campaign_v3_20260215\stage_b\R2\03_report_set\rep_plots\rep_09.png
Saved 1050 rows to C:\Users\Alexander\Desktop\Education\Aspa\code\output_evidence_campaign_v3_20260215\stage_b\R2\05_confirmatory\wave_03\lhs_runs_confirm_wave3.csv
Saved emulator scores to C:\Users\Alexander\Desktop\Education\Aspa\code\output_evidence_campaign_v3_20260215\stage_b\R2\05_confirmatory\wave_03\emulator_scores.csv
Saved sigma calibration summary to C:\Users\Alexander\Desktop\Education\Aspa\code\output_evidence_campaign_v3_20260215\stage_b\R2\05_confirmatory\wave_03\sigma_calibration_summary.csv
Saved calibrated targets to C:\Users\Alexander\Desktop\Education\Aspa\code\output_evidence_campaign_v3_20260215\stage_b\R2\05_confirmatory\wave_03\targets_calibrated.json
Saved uncertainty breakdown to C:\Users\Alexander\Desktop\Education\Aspa\code\output_evidence_campaign_v3_20260215\stage_b\R2\05_confirmatory\wave_03\uncertainty_components.csv
Saved history matching table to C:\Users\Alexander\Desktop\Education\Aspa\code\output_evidence_campaign_v3_20260215\stage_b\R2\05_confirmatory\wave_03\history_matching.csv
Saved refined intervals to C:\Users\Alexander\Desktop\Education\Aspa\code\output_evidence_campaign_v3_20260215\stage_b\R2\05_confirmatory\wave_03\refined_intervals.csv
Saved sensitivity table to C:\Users\Alexander\Desktop\Education\Aspa\code\output_evidence_campaign_v3_20260215\stage_b\R2\05_confirmatory\wave_03\sensitivity_uncertainty.csv
Saved sensitivity report to C:\Users\Alexander\Desktop\Education\Aspa\code\output_evidence_campaign_v3_20260215\stage_b\R2\05_confirmatory\wave_03\sensitivity_report.md
Saved report to C:\Users\Alexander\Desktop\Education\Aspa\code\output_evidence_campaign_v3_20260215\stage_b\R2\04_master\research_core_report.md
Saved tables to C:\Users\Alexander\Desktop\Education\Aspa\code\output_evidence_campaign_v3_20260215\stage_b\R2\04_master\research_core_tables

[RUN] C:\Users\Alexander\AppData\Local\Programs\Python\Python313\python.exe scripts/plot_report_runs.py --runs-dir C:\Users\Alexander\Desktop\Education\Aspa\code\output_evidence_campaign_v3_20260215\stage_b\R2\03_report_set --out C:\Users\Alexander\Desktop\Education\Aspa\code\output_evidence_campaign_v3_20260215\stage_b\R2\03_report_set\rep_plots
[RUN] C:\Users\Alexander\AppData\Local\Programs\Python\Python313\python.exe scripts/run_lhs.py --n 350 --seed 233 --seeds 0,1,2 --steps 220 --window 30 --balance-ok-threshold 0.6 --bounds-csv C:\Users\Alexander\Desktop\Education\Aspa\code\output_evidence_campaign_v3_20260215\stage_b\R2\waves\wave_03\refined_intervals.csv --bounds-kind p05p95 --format csv --output C:\Users\Alexander\Desktop\Education\Aspa\code\output_evidence_campaign_v3_20260215\stage_b\R2\05_confirmatory\wave_03\lhs_runs_confirm_wave3.csv
[RUN] C:\Users\Alexander\AppData\Local\Programs\Python\Python313\python.exe scripts/train_emulator.py --data C:\Users\Alexander\Desktop\Education\Aspa\code\output_evidence_campaign_v3_20260215\stage_b\R2\05_confirmatory\wave_03\lhs_runs_confirm_wave3.csv --targets C:\Users\Alexander\Desktop\Education\Aspa\code\output_evidence_campaign_v3_20260215\stage_b\R2\waves\wave_03\targets_for_wave_final.json --min-r2-for-history-matching 0.3 --improb-threshold 2.55 --ev-mode seed_replicates --ev-default-quantile 0.75 --sigma-calibration-mode fixed --sigma-calibration-summary C:\Users\Alexander\Desktop\Education\Aspa\code\output_evidence_campaign_v3_20260215\stage_b\R2\05_confirmatory\wave_03\sigma_calibration_summary.csv --calibrated-targets-out C:\Users\Alexander\Desktop\Education\Aspa\code\output_evidence_campaign_v3_20260215\stage_b\R2\05_confirmatory\wave_03\targets_calibrated.json --sa-enable --sa-domain nroy --sa-reductions 0.1,0.2,0.3,0.4 --outdir C:\Users\Alexander\Desktop\Education\Aspa\code\output_evidence_campaign_v3_20260215\stage_b\R2\05_confirmatory\wave_03
[RUN] C:\Users\Alexander\AppData\Local\Programs\Python\Python313\python.exe scripts/make_research_master_report.py --root C:\Users\Alexander\Desktop\Education\Aspa\code\output_evidence_campaign_v3_20260215\stage_b\R2 --run-config C:\Users\Alexander\Desktop\Education\Aspa\code\output_evidence_campaign_v3_20260215\stage_b\R2\run_config.json --out C:\Users\Alexander\Desktop\Education\Aspa\code\output_evidence_campaign_v3_20260215\stage_b\R2\04_master\research_core_report.md --tables-dir C:\Users\Alexander\Desktop\Education\Aspa\code\output_evidence_campaign_v3_20260215\stage_b\R2\04_master\research_core_tables --confirmatory-summary C:\Users\Alexander\Desktop\Education\Aspa\code\output_evidence_campaign_v3_20260215\stage_b\R2\04_master\confirmatory_summary.json --waves-summary C:\Users\Alexander\Desktop\Education\Aspa\code\output_evidence_campaign_v3_20260215\stage_b\R2\waves_summary.csv --stopping-diagnostics C:\Users\Alexander\Desktop\Education\Aspa\code\output_evidence_campaign_v3_20260215\stage_b\R2\stopping_diagnostics.json
[DONE] Research core v3 pipeline completed.
Saved 1050 rows to C:\Users\Alexander\Desktop\Education\Aspa\code\output_evidence_campaign_v3_20260215\stage_b\R3\01_wave1\lhs_runs.csv
Saved emulator scores to C:\Users\Alexander\Desktop\Education\Aspa\code\output_evidence_campaign_v3_20260215\stage_b\R3\01_wave1\emulator_scores.csv
Saved sigma calibration summary to C:\Users\Alexander\Desktop\Education\Aspa\code\output_evidence_campaign_v3_20260215\stage_b\R3\01_wave1\sigma_calibration_summary.csv
Saved calibrated targets to C:\Users\Alexander\Desktop\Education\Aspa\code\output_evidence_campaign_v3_20260215\stage_b\R3\01_wave1\targets_calibrated.json
Saved uncertainty breakdown to C:\Users\Alexander\Desktop\Education\Aspa\code\output_evidence_campaign_v3_20260215\stage_b\R3\01_wave1\uncertainty_components.csv
Saved history matching table to C:\Users\Alexander\Desktop\Education\Aspa\code\output_evidence_campaign_v3_20260215\stage_b\R3\01_wave1\history_matching.csv
Saved refined intervals to C:\Users\Alexander\Desktop\Education\Aspa\code\output_evidence_campaign_v3_20260215\stage_b\R3\01_wave1\refined_intervals.csv
Saved sensitivity table to C:\Users\Alexander\Desktop\Education\Aspa\code\output_evidence_campaign_v3_20260215\stage_b\R3\01_wave1\sensitivity_uncertainty.csv
Saved sensitivity report to C:\Users\Alexander\Desktop\Education\Aspa\code\output_evidence_campaign_v3_20260215\stage_b\R3\01_wave1\sensitivity_report.md
Saved 1050 rows to C:\Users\Alexander\Desktop\Education\Aspa\code\output_evidence_campaign_v3_20260215\stage_b\R3\02_final_wave\lhs_runs_wave2.csv
Saved emulator scores to C:\Users\Alexander\Desktop\Education\Aspa\code\output_evidence_campaign_v3_20260215\stage_b\R3\02_final_wave\emulator_scores.csv
Saved sigma calibration summary to C:\Users\Alexander\Desktop\Education\Aspa\code\output_evidence_campaign_v3_20260215\stage_b\R3\02_final_wave\sigma_calibration_summary_iter0.csv
Saved calibrated targets to C:\Users\Alexander\Desktop\Education\Aspa\code\output_evidence_campaign_v3_20260215\stage_b\R3\02_final_wave\targets_calibrated_iter0.json
Saved uncertainty breakdown to C:\Users\Alexander\Desktop\Education\Aspa\code\output_evidence_campaign_v3_20260215\stage_b\R3\02_final_wave\uncertainty_components.csv
Saved history matching table to C:\Users\Alexander\Desktop\Education\Aspa\code\output_evidence_campaign_v3_20260215\stage_b\R3\02_final_wave\history_matching.csv
Saved refined intervals to C:\Users\Alexander\Desktop\Education\Aspa\code\output_evidence_campaign_v3_20260215\stage_b\R3\02_final_wave\refined_intervals.csv
Saved sensitivity table to C:\Users\Alexander\Desktop\Education\Aspa\code\output_evidence_campaign_v3_20260215\stage_b\R3\02_final_wave\sensitivity_uncertainty.csv
Saved sensitivity report to C:\Users\Alexander\Desktop\Education\Aspa\code\output_evidence_campaign_v3_20260215\stage_b\R3\02_final_wave\sensitivity_report.md
Saved 1050 rows to C:\Users\Alexander\Desktop\Education\Aspa\code\output_evidence_campaign_v3_20260215\stage_b\R3\waves\wave_03\lhs_runs_wave3.csv
Saved emulator scores to C:\Users\Alexander\Desktop\Education\Aspa\code\output_evidence_campaign_v3_20260215\stage_b\R3\waves\wave_03\emulator_scores.csv
Saved sigma calibration summary to C:\Users\Alexander\Desktop\Education\Aspa\code\output_evidence_campaign_v3_20260215\stage_b\R3\waves\wave_03\sigma_calibration_summary_iter0.csv
Saved calibrated targets to C:\Users\Alexander\Desktop\Education\Aspa\code\output_evidence_campaign_v3_20260215\stage_b\R3\waves\wave_03\targets_calibrated_iter0.json
Saved uncertainty breakdown to C:\Users\Alexander\Desktop\Education\Aspa\code\output_evidence_campaign_v3_20260215\stage_b\R3\waves\wave_03\uncertainty_components.csv
Saved history matching table to C:\Users\Alexander\Desktop\Education\Aspa\code\output_evidence_campaign_v3_20260215\stage_b\R3\waves\wave_03\history_matching.csv
Saved refined intervals to C:\Users\Alexander\Desktop\Education\Aspa\code\output_evidence_campaign_v3_20260215\stage_b\R3\waves\wave_03\refined_intervals.csv
Saved sensitivity table to C:\Users\Alexander\Desktop\Education\Aspa\code\output_evidence_campaign_v3_20260215\stage_b\R3\waves\wave_03\sensitivity_uncertainty.csv
Saved sensitivity report to C:\Users\Alexander\Desktop\Education\Aspa\code\output_evidence_campaign_v3_20260215\stage_b\R3\waves\wave_03\sensitivity_report.md
Saved emulator scores to C:\Users\Alexander\Desktop\Education\Aspa\code\output_evidence_campaign_v3_20260215\stage_b\R3\waves\wave_03\emulator_scores.csv
Saved sigma calibration summary to C:\Users\Alexander\Desktop\Education\Aspa\code\output_evidence_campaign_v3_20260215\stage_b\R3\waves\wave_03\sigma_calibration_summary_iter1.csv
Saved calibrated targets to C:\Users\Alexander\Desktop\Education\Aspa\code\output_evidence_campaign_v3_20260215\stage_b\R3\waves\wave_03\targets_calibrated_iter1.json
Saved uncertainty breakdown to C:\Users\Alexander\Desktop\Education\Aspa\code\output_evidence_campaign_v3_20260215\stage_b\R3\waves\wave_03\uncertainty_components.csv
Saved history matching table to C:\Users\Alexander\Desktop\Education\Aspa\code\output_evidence_campaign_v3_20260215\stage_b\R3\waves\wave_03\history_matching.csv
Saved refined intervals to C:\Users\Alexander\Desktop\Education\Aspa\code\output_evidence_campaign_v3_20260215\stage_b\R3\waves\wave_03\refined_intervals.csv
Saved sensitivity table to C:\Users\Alexander\Desktop\Education\Aspa\code\output_evidence_campaign_v3_20260215\stage_b\R3\waves\wave_03\sensitivity_uncertainty.csv
Saved sensitivity report to C:\Users\Alexander\Desktop\Education\Aspa\code\output_evidence_campaign_v3_20260215\stage_b\R3\waves\wave_03\sensitivity_report.md
Saved emulator scores to C:\Users\Alexander\Desktop\Education\Aspa\code\output_evidence_campaign_v3_20260215\stage_b\R3\waves\wave_03\emulator_scores.csv
Saved sigma calibration summary to C:\Users\Alexander\Desktop\Education\Aspa\code\output_evidence_campaign_v3_20260215\stage_b\R3\waves\wave_03\sigma_calibration_summary_iter2.csv
Saved calibrated targets to C:\Users\Alexander\Desktop\Education\Aspa\code\output_evidence_campaign_v3_20260215\stage_b\R3\waves\wave_03\targets_calibrated_iter2.json
Saved uncertainty breakdown to C:\Users\Alexander\Desktop\Education\Aspa\code\output_evidence_campaign_v3_20260215\stage_b\R3\waves\wave_03\uncertainty_components.csv
Saved history matching table to C:\Users\Alexander\Desktop\Education\Aspa\code\output_evidence_campaign_v3_20260215\stage_b\R3\waves\wave_03\history_matching.csv
Saved refined intervals to C:\Users\Alexander\Desktop\Education\Aspa\code\output_evidence_campaign_v3_20260215\stage_b\R3\waves\wave_03\refined_intervals.csv
Saved sensitivity table to C:\Users\Alexander\Desktop\Education\Aspa\code\output_evidence_campaign_v3_20260215\stage_b\R3\waves\wave_03\sensitivity_uncertainty.csv
Saved sensitivity report to C:\Users\Alexander\Desktop\Education\Aspa\code\output_evidence_campaign_v3_20260215\stage_b\R3\waves\wave_03\sensitivity_report.md
Saved emulator scores to C:\Users\Alexander\Desktop\Education\Aspa\code\output_evidence_campaign_v3_20260215\stage_b\R3\waves\wave_03\emulator_scores.csv
Saved sigma calibration summary to C:\Users\Alexander\Desktop\Education\Aspa\code\output_evidence_campaign_v3_20260215\stage_b\R3\waves\wave_03\sigma_calibration_summary_iter3.csv
Saved calibrated targets to C:\Users\Alexander\Desktop\Education\Aspa\code\output_evidence_campaign_v3_20260215\stage_b\R3\waves\wave_03\targets_calibrated_iter3.json
Saved uncertainty breakdown to C:\Users\Alexander\Desktop\Education\Aspa\code\output_evidence_campaign_v3_20260215\stage_b\R3\waves\wave_03\uncertainty_components.csv
Saved history matching table to C:\Users\Alexander\Desktop\Education\Aspa\code\output_evidence_campaign_v3_20260215\stage_b\R3\waves\wave_03\history_matching.csv
Saved refined intervals to C:\Users\Alexander\Desktop\Education\Aspa\code\output_evidence_campaign_v3_20260215\stage_b\R3\waves\wave_03\refined_intervals.csv
Saved sensitivity table to C:\Users\Alexander\Desktop\Education\Aspa\code\output_evidence_campaign_v3_20260215\stage_b\R3\waves\wave_03\sensitivity_uncertainty.csv
Saved sensitivity report to C:\Users\Alexander\Desktop\Education\Aspa\code\output_evidence_campaign_v3_20260215\stage_b\R3\waves\wave_03\sensitivity_report.md
[INFO] Saved run config: C:\Users\Alexander\Desktop\Education\Aspa\code\output_evidence_campaign_v3_20260215\stage_b\R3\run_config.json
[RUN] C:\Users\Alexander\AppData\Local\Programs\Python\Python313\python.exe scripts/run_lhs.py --n 350 --seed 400 --seeds 0,1,2 --steps 220 --window 30 --balance-ok-threshold 0.6 --format csv --output C:\Users\Alexander\Desktop\Education\Aspa\code\output_evidence_campaign_v3_20260215\stage_b\R3\01_wave1\lhs_runs.csv
[RUN] C:\Users\Alexander\AppData\Local\Programs\Python\Python313\python.exe scripts/train_emulator.py --data C:\Users\Alexander\Desktop\Education\Aspa\code\output_evidence_campaign_v3_20260215\stage_b\R3\01_wave1\lhs_runs.csv --targets C:\Users\Alexander\Desktop\Education\Aspa\code\scripts\targets_report.json --min-r2-for-history-matching 0.3 --improb-threshold 2.55 --ev-mode seed_replicates --ev-default-quantile 0.75 --sigma-calibration-mode fixed --sigma-calibration-summary C:\Users\Alexander\Desktop\Education\Aspa\code\output_evidence_campaign_v3_20260215\stage_b\R3\01_wave1\sigma_calibration_summary.csv --calibrated-targets-out C:\Users\Alexander\Desktop\Education\Aspa\code\output_evidence_campaign_v3_20260215\stage_b\R3\01_wave1\targets_calibrated.json --sa-enable --sa-domain nroy --sa-reductions 0.1,0.2,0.3,0.4 --outdir C:\Users\Alexander\Desktop\Education\Aspa\code\output_evidence_campaign_v3_20260215\stage_b\R3\01_wave1
[RUN] C:\Users\Alexander\AppData\Local\Programs\Python\Python313\python.exe scripts/run_lhs.py --n 350 --seed 401 --seeds 0,1,2 --steps 220 --window 30 --balance-ok-threshold 0.6 --format csv --output C:\Users\Alexander\Desktop\Education\Aspa\code\output_evidence_campaign_v3_20260215\stage_b\R3\02_final_wave\lhs_runs_wave2.csv --bounds-csv C:\Users\Alexander\Desktop\Education\Aspa\code\output_evidence_campaign_v3_20260215\stage_b\R3\01_wave1\refined_intervals.csv --bounds-kind p05p95
[RUN] C:\Users\Alexander\AppData\Local\Programs\Python\Python313\python.exe scripts/train_emulator.py --data C:\Users\Alexander\Desktop\Education\Aspa\code\output_evidence_campaign_v3_20260215\stage_b\R3\02_final_wave\lhs_runs_wave2.csv --targets C:\Users\Alexander\Desktop\Education\Aspa\code\output_evidence_campaign_v3_20260215\stage_b\R3\01_wave1\targets_for_wave_final.json --min-r2-for-history-matching 0.3 --improb-threshold 2.55 --ev-mode seed_replicates --ev-default-quantile 0.75 --sigma-calibration-mode fixed --sigma-calibration-summary C:\Users\Alexander\Desktop\Education\Aspa\code\output_evidence_campaign_v3_20260215\stage_b\R3\02_final_wave\sigma_calibration_summary_iter0.csv --calibrated-targets-out C:\Users\Alexander\Desktop\Education\Aspa\code\output_evidence_campaign_v3_20260215\stage_b\R3\02_final_wave\targets_calibrated_iter0.json --sa-enable --sa-domain nroy --sa-reductions 0.1,0.2,0.3,0.4 --outdir C:\Users\Alexander\Desktop\Education\Aspa\code\output_evidence_campaign_v3_20260215\stage_b\R3\02_final_wave
[RUN] C:\Users\Alexander\AppData\Local\Programs\Python\Python313\python.exe scripts/run_lhs.py --n 350 --seed 402 --seeds 0,1,2 --steps 220 --window 30 --balance-ok-threshold 0.6 --format csv --output C:\Users\Alexander\Desktop\Education\Aspa\code\output_evidence_campaign_v3_20260215\stage_b\R3\waves\wave_03\lhs_runs_wave3.csv --bounds-csv C:\Users\Alexander\Desktop\Education\Aspa\code\output_evidence_campaign_v3_20260215\stage_b\R3\02_final_wave\refined_intervals.csv --bounds-kind p05p95
[RUN] C:\Users\Alexander\AppData\Local\Programs\Python\Python313\python.exe scripts/train_emulator.py --data C:\Users\Alexander\Desktop\Education\Aspa\code\output_evidence_campaign_v3_20260215\stage_b\R3\waves\wave_03\lhs_runs_wave3.csv --targets C:\Users\Alexander\Desktop\Education\Aspa\code\output_evidence_campaign_v3_20260215\stage_b\R3\02_final_wave\targets_for_wave_final.json --min-r2-for-history-matching 0.3 --improb-threshold 2.55 --ev-mode seed_replicates --ev-default-quantile 0.75 --sigma-calibration-mode fixed --sigma-calibration-summary C:\Users\Alexander\Desktop\Education\Aspa\code\output_evidence_campaign_v3_20260215\stage_b\R3\waves\wave_03\sigma_calibration_summary_iter0.csv --calibrated-targets-out C:\Users\Alexander\Desktop\Education\Aspa\code\output_evidence_campaign_v3_20260215\stage_b\R3\waves\wave_03\targets_calibrated_iter0.json --sa-enable --sa-domain nroy --sa-reductions 0.1,0.2,0.3,0.4 --outdir C:\Users\Alexander\Desktop\Education\Aspa\code\output_evidence_campaign_v3_20260215\stage_b\R3\waves\wave_03
[RUN] C:\Users\Alexander\AppData\Local\Programs\Python\Python313\python.exe scripts/train_emulator.py --data C:\Users\Alexander\Desktop\Education\Aspa\code\output_evidence_campaign_v3_20260215\stage_b\R3\waves\wave_03\lhs_runs_wave3.csv --targets C:\Users\Alexander\Desktop\Education\Aspa\code\output_evidence_campaign_v3_20260215\stage_b\R3\waves\wave_03\targets_tuned_iter1.json --min-r2-for-history-matching 0.3 --improb-threshold 2.55 --ev-mode seed_replicates --ev-default-quantile 0.75 --sigma-calibration-mode fixed --sigma-calibration-summary C:\Users\Alexander\Desktop\Education\Aspa\code\output_evidence_campaign_v3_20260215\stage_b\R3\waves\wave_03\sigma_calibration_summary_iter1.csv --calibrated-targets-out C:\Users\Alexander\Desktop\Education\Aspa\code\output_evidence_campaign_v3_20260215\stage_b\R3\waves\wave_03\targets_calibrated_iter1.json --sa-enable --sa-domain nroy --sa-reductions 0.1,0.2,0.3,0.4 --outdir C:\Users\Alexander\Desktop\Education\Aspa\code\output_evidence_campaign_v3_20260215\stage_b\R3\waves\wave_03
[RUN] C:\Users\Alexander\AppData\Local\Programs\Python\Python313\python.exe scripts/train_emulator.py --data C:\Users\Alexander\Desktop\Education\Aspa\code\output_evidence_campaign_v3_20260215\stage_b\R3\waves\wave_03\lhs_runs_wave3.csv --targets C:\Users\Alexander\Desktop\Education\Aspa\code\output_evidence_campaign_v3_20260215\stage_b\R3\waves\wave_03\targets_tuned_iter2.json --min-r2-for-history-matching 0.3 --improb-threshold 2.55 --ev-mode seed_replicates --ev-default-quantile 0.75 --sigma-calibration-mode fixed --sigma-calibration-summary C:\Users\Alexander\Desktop\Education\Aspa\code\output_evidence_campaign_v3_20260215\stage_b\R3\waves\wave_03\sigma_calibration_summary_iter2.csv --calibrated-targets-out C:\Users\Alexander\Desktop\Education\Aspa\code\output_evidence_campaign_v3_20260215\stage_b\R3\waves\wave_03\targets_calibrated_iter2.json --sa-enable --sa-domain nroy --sa-reductions 0.1,0.2,0.3,0.4 --outdir C:\Users\Alexander\Desktop\Education\Aspa\code\output_evidence_campaign_v3_20260215\stage_b\R3\waves\wave_03
[RUN] C:\Users\Alexander\AppData\Local\Programs\Python\Python313\python.exe scripts/train_emulator.py --data C:\Users\Alexander\Desktop\Education\Aspa\code\output_evidence_campaign_v3_20260215\stage_b\R3\waves\wave_03\lhs_runs_wave3.csv --targets C:\Users\Alexander\Desktop\Education\Aspa\code\output_evidence_campaign_v3_20260215\stage_b\R3\waves\wave_03\targets_tuned_iter3.json --min-r2-for-history-matching 0.3 --improb-threshold 2.55 --ev-mode seed_replicates --ev-default-quantile 0.75 --sigma-calibration-mode fixed --sigma-calibration-summary C:\Users\Alexander\Desktop\Education\Aspa\code\output_evidence_campaign_v3_20260215\stage_b\R3\waves\wave_03\sigma_calibration_summary_iter3.csv --calibrated-targets-out C:\Users\Alexander\Desktop\Education\Aspa\code\output_evidence_campaign_v3_20260215\stage_b\R3\waves\wave_03\targets_calibrated_iter3.json --sa-enable --sa-domain nroy --sa-reductions 0.1,0.2,0.3,0.4 --outdir C:\Users\Alexander\Desktop\Education\Aspa\code\output_evidence_campaign_v3_20260215\stage_b\R3\waves\wave_03
[RUN] C:\Users\Alexander\AppData\Local\Programs\Python\Python313\python.exe scripts/make_report_set.py --data C:\Users\Alexander\Desktop\Education\Aspa\code\output_evidence_campaign_v3_20260215\stage_b\R3\02_final_wave\lhs_runs_wave3.csv --history-matching C:\Users\Alexander\Desktop\Education\Aspa\code\output_evidence_campaign_v3_20260215\stage_b\R3\02_final_wave\history_matching.csv --outdir C:\Users\Alexander\Desktop\Education\Aspa\code\output_evidence_campaign_v3_20260215\stage_b\R3\03_report_set --n 10 --steps 500 --window 60 --seeds 0,1,2 --min-employment 45 --min-output 50 --min-consumption 50 --min-hh-deposit 0.2 --max-bank-resolved-share 0.06 --max-bank-bailedout-share 0.02 --max-haircut-mean 0.03 --max-defaults-hh-rate 0.01 --max-defaults-firm-rate 0.01 --balance-ok-threshold 0.98Saved points to C:\Users\Alexander\Desktop\Education\Aspa\code\output_evidence_campaign_v3_20260215\stage_b\R3\03_report_set\representative_points.csv
Saved run summaries to C:\Users\Alexander\Desktop\Education\Aspa\code\output_evidence_campaign_v3_20260215\stage_b\R3\03_report_set\representative_summary.csv
Saved C:\Users\Alexander\Desktop\Education\Aspa\code\output_evidence_campaign_v3_20260215\stage_b\R3\03_report_set\rep_plots\rep_00.png
Saved C:\Users\Alexander\Desktop\Education\Aspa\code\output_evidence_campaign_v3_20260215\stage_b\R3\03_report_set\rep_plots\rep_01.png
Saved C:\Users\Alexander\Desktop\Education\Aspa\code\output_evidence_campaign_v3_20260215\stage_b\R3\03_report_set\rep_plots\rep_02.png
Saved C:\Users\Alexander\Desktop\Education\Aspa\code\output_evidence_campaign_v3_20260215\stage_b\R3\03_report_set\rep_plots\rep_03.png
Saved C:\Users\Alexander\Desktop\Education\Aspa\code\output_evidence_campaign_v3_20260215\stage_b\R3\03_report_set\rep_plots\rep_04.png
Saved C:\Users\Alexander\Desktop\Education\Aspa\code\output_evidence_campaign_v3_20260215\stage_b\R3\03_report_set\rep_plots\rep_05.png
Saved C:\Users\Alexander\Desktop\Education\Aspa\code\output_evidence_campaign_v3_20260215\stage_b\R3\03_report_set\rep_plots\rep_06.png
Saved C:\Users\Alexander\Desktop\Education\Aspa\code\output_evidence_campaign_v3_20260215\stage_b\R3\03_report_set\rep_plots\rep_07.png
Saved C:\Users\Alexander\Desktop\Education\Aspa\code\output_evidence_campaign_v3_20260215\stage_b\R3\03_report_set\rep_plots\rep_08.png
Saved C:\Users\Alexander\Desktop\Education\Aspa\code\output_evidence_campaign_v3_20260215\stage_b\R3\03_report_set\rep_plots\rep_09.png
Saved 1050 rows to C:\Users\Alexander\Desktop\Education\Aspa\code\output_evidence_campaign_v3_20260215\stage_b\R3\05_confirmatory\wave_03\lhs_runs_confirm_wave3.csv
Saved emulator scores to C:\Users\Alexander\Desktop\Education\Aspa\code\output_evidence_campaign_v3_20260215\stage_b\R3\05_confirmatory\wave_03\emulator_scores.csv
Saved sigma calibration summary to C:\Users\Alexander\Desktop\Education\Aspa\code\output_evidence_campaign_v3_20260215\stage_b\R3\05_confirmatory\wave_03\sigma_calibration_summary.csv
Saved calibrated targets to C:\Users\Alexander\Desktop\Education\Aspa\code\output_evidence_campaign_v3_20260215\stage_b\R3\05_confirmatory\wave_03\targets_calibrated.json
Saved uncertainty breakdown to C:\Users\Alexander\Desktop\Education\Aspa\code\output_evidence_campaign_v3_20260215\stage_b\R3\05_confirmatory\wave_03\uncertainty_components.csv
Saved history matching table to C:\Users\Alexander\Desktop\Education\Aspa\code\output_evidence_campaign_v3_20260215\stage_b\R3\05_confirmatory\wave_03\history_matching.csv
Saved refined intervals to C:\Users\Alexander\Desktop\Education\Aspa\code\output_evidence_campaign_v3_20260215\stage_b\R3\05_confirmatory\wave_03\refined_intervals.csv
Saved sensitivity table to C:\Users\Alexander\Desktop\Education\Aspa\code\output_evidence_campaign_v3_20260215\stage_b\R3\05_confirmatory\wave_03\sensitivity_uncertainty.csv
Saved sensitivity report to C:\Users\Alexander\Desktop\Education\Aspa\code\output_evidence_campaign_v3_20260215\stage_b\R3\05_confirmatory\wave_03\sensitivity_report.md
Saved report to C:\Users\Alexander\Desktop\Education\Aspa\code\output_evidence_campaign_v3_20260215\stage_b\R3\04_master\research_core_report.md
Saved tables to C:\Users\Alexander\Desktop\Education\Aspa\code\output_evidence_campaign_v3_20260215\stage_b\R3\04_master\research_core_tables

[RUN] C:\Users\Alexander\AppData\Local\Programs\Python\Python313\python.exe scripts/plot_report_runs.py --runs-dir C:\Users\Alexander\Desktop\Education\Aspa\code\output_evidence_campaign_v3_20260215\stage_b\R3\03_report_set --out C:\Users\Alexander\Desktop\Education\Aspa\code\output_evidence_campaign_v3_20260215\stage_b\R3\03_report_set\rep_plots
[RUN] C:\Users\Alexander\AppData\Local\Programs\Python\Python313\python.exe scripts/run_lhs.py --n 350 --seed 433 --seeds 0,1,2 --steps 220 --window 30 --balance-ok-threshold 0.6 --bounds-csv C:\Users\Alexander\Desktop\Education\Aspa\code\output_evidence_campaign_v3_20260215\stage_b\R3\waves\wave_03\refined_intervals.csv --bounds-kind p05p95 --format csv --output C:\Users\Alexander\Desktop\Education\Aspa\code\output_evidence_campaign_v3_20260215\stage_b\R3\05_confirmatory\wave_03\lhs_runs_confirm_wave3.csv
[RUN] C:\Users\Alexander\AppData\Local\Programs\Python\Python313\python.exe scripts/train_emulator.py --data C:\Users\Alexander\Desktop\Education\Aspa\code\output_evidence_campaign_v3_20260215\stage_b\R3\05_confirmatory\wave_03\lhs_runs_confirm_wave3.csv --targets C:\Users\Alexander\Desktop\Education\Aspa\code\output_evidence_campaign_v3_20260215\stage_b\R3\waves\wave_03\targets_for_wave_final.json --min-r2-for-history-matching 0.3 --improb-threshold 2.55 --ev-mode seed_replicates --ev-default-quantile 0.75 --sigma-calibration-mode fixed --sigma-calibration-summary C:\Users\Alexander\Desktop\Education\Aspa\code\output_evidence_campaign_v3_20260215\stage_b\R3\05_confirmatory\wave_03\sigma_calibration_summary.csv --calibrated-targets-out C:\Users\Alexander\Desktop\Education\Aspa\code\output_evidence_campaign_v3_20260215\stage_b\R3\05_confirmatory\wave_03\targets_calibrated.json --sa-enable --sa-domain nroy --sa-reductions 0.1,0.2,0.3,0.4 --outdir C:\Users\Alexander\Desktop\Education\Aspa\code\output_evidence_campaign_v3_20260215\stage_b\R3\05_confirmatory\wave_03
[RUN] C:\Users\Alexander\AppData\Local\Programs\Python\Python313\python.exe scripts/make_research_master_report.py --root C:\Users\Alexander\Desktop\Education\Aspa\code\output_evidence_campaign_v3_20260215\stage_b\R3 --run-config C:\Users\Alexander\Desktop\Education\Aspa\code\output_evidence_campaign_v3_20260215\stage_b\R3\run_config.json --out C:\Users\Alexander\Desktop\Education\Aspa\code\output_evidence_campaign_v3_20260215\stage_b\R3\04_master\research_core_report.md --tables-dir C:\Users\Alexander\Desktop\Education\Aspa\code\output_evidence_campaign_v3_20260215\stage_b\R3\04_master\research_core_tables --confirmatory-summary C:\Users\Alexander\Desktop\Education\Aspa\code\output_evidence_campaign_v3_20260215\stage_b\R3\04_master\confirmatory_summary.json --waves-summary C:\Users\Alexander\Desktop\Education\Aspa\code\output_evidence_campaign_v3_20260215\stage_b\R3\waves_summary.csv --stopping-diagnostics C:\Users\Alexander\Desktop\Education\Aspa\code\output_evidence_campaign_v3_20260215\stage_b\R3\stopping_diagnostics.json
[DONE] Research core v3 pipeline completed.
[RUN] C:\Users\Alexander\AppData\Local\Programs\Python\Python313\python.exe scripts/run_research_core.py --mode preflight --profile nightly_v3 --outdir C:\Users\Alexander\Desktop\Education\Aspa\code\output_evidence_campaign_v3_20260215\stage_a\A1 --campaign-id evidence_v3_20260215 --seed-offset 0 --wave-min 2 --wave-max 3 --adaptive-waves true --wave-n 160 --improb-threshold-base 2.6 --sigma-tuning-step 0.08 --sigma-tuning-max-iters 3 --ev-default-quantile 0.8 --min-r2-for-history-matching 0.30 --credit-rejection-rate-mean-max 0.80 --confirm-seed-offset-base 31 --final-wave-alias final --preflight-launch-full false --preflight-retry-policy nroy_safe --preflight-threshold-up-step 0.15 --preflight-threshold-down-step 0.10 --preflight-threshold-min 2.45 --preflight-threshold-max 2.90
[RUN] C:\Users\Alexander\AppData\Local\Programs\Python\Python313\python.exe scripts/run_research_core.py --mode preflight --profile nightly_v3 --outdir C:\Users\Alexander\Desktop\Education\Aspa\code\output_evidence_campaign_v3_20260215\stage_a\A2 --campaign-id evidence_v3_20260215 --seed-offset 0 --wave-min 2 --wave-max 3 --adaptive-waves true --wave-n 160 --improb-threshold-base 2.55 --sigma-tuning-step 0.08 --sigma-tuning-max-iters 3 --ev-default-quantile 0.8 --min-r2-for-history-matching 0.30 --credit-rejection-rate-mean-max 0.80 --confirm-seed-offset-base 31 --final-wave-alias final --preflight-launch-full false --preflight-retry-policy nroy_safe --preflight-threshold-up-step 0.15 --preflight-threshold-down-step 0.10 --preflight-threshold-min 2.45 --preflight-threshold-max 2.90
[RUN] C:\Users\Alexander\AppData\Local\Programs\Python\Python313\python.exe scripts/run_research_core.py --mode preflight --profile nightly_v3 --outdir C:\Users\Alexander\Desktop\Education\Aspa\code\output_evidence_campaign_v3_20260215\stage_a\A3 --campaign-id evidence_v3_20260215 --seed-offset 0 --wave-min 2 --wave-max 3 --adaptive-waves true --wave-n 160 --improb-threshold-base 2.6 --sigma-tuning-step 0.1 --sigma-tuning-max-iters 3 --ev-default-quantile 0.75 --min-r2-for-history-matching 0.30 --credit-rejection-rate-mean-max 0.80 --confirm-seed-offset-base 31 --final-wave-alias final --preflight-launch-full false --preflight-retry-policy nroy_safe --preflight-threshold-up-step 0.15 --preflight-threshold-down-step 0.10 --preflight-threshold-min 2.45 --preflight-threshold-max 2.90
[RUN] C:\Users\Alexander\AppData\Local\Programs\Python\Python313\python.exe scripts/run_research_core.py --mode preflight --profile nightly_v3 --outdir C:\Users\Alexander\Desktop\Education\Aspa\code\output_evidence_campaign_v3_20260215\stage_a\A4 --campaign-id evidence_v3_20260215 --seed-offset 0 --wave-min 2 --wave-max 3 --adaptive-waves true --wave-n 160 --improb-threshold-base 2.55 --sigma-tuning-step 0.1 --sigma-tuning-max-iters 3 --ev-default-quantile 0.75 --min-r2-for-history-matching 0.30 --credit-rejection-rate-mean-max 0.80 --confirm-seed-offset-base 31 --final-wave-alias final --preflight-launch-full false --preflight-retry-policy nroy_safe --preflight-threshold-up-step 0.15 --preflight-threshold-down-step 0.10 --preflight-threshold-min 2.45 --preflight-threshold-max 2.90
[RUN] C:\Users\Alexander\AppData\Local\Programs\Python\Python313\python.exe scripts/run_research_core.py --mode full --profile nightly_v3 --outdir C:\Users\Alexander\Desktop\Education\Aspa\code\output_evidence_campaign_v3_20260215\stage_a\A1\quick_confirm --campaign-id evidence_v3_20260215 --wave-min 2 --wave-max 3 --adaptive-waves true --improb-threshold-base 2.6 --sigma-tuning-step 0.08 --sigma-tuning-max-iters 3 --ev-default-quantile 0.8 --wave-n 120 --wave-steps 120 --report-n 2 --report-steps 120 --min-r2-for-history-matching 0.30 --credit-rejection-rate-mean-max 0.80 --final-wave-alias final --confirm-seed-offset-base 31
[RUN] C:\Users\Alexander\AppData\Local\Programs\Python\Python313\python.exe scripts/run_research_core.py --mode full --profile nightly_v3 --outdir C:\Users\Alexander\Desktop\Education\Aspa\code\output_evidence_campaign_v3_20260215\stage_a\A2\quick_confirm --campaign-id evidence_v3_20260215 --wave-min 2 --wave-max 3 --adaptive-waves true --improb-threshold-base 2.55 --sigma-tuning-step 0.08 --sigma-tuning-max-iters 3 --ev-default-quantile 0.8 --wave-n 120 --wave-steps 120 --report-n 2 --report-steps 120 --min-r2-for-history-matching 0.30 --credit-rejection-rate-mean-max 0.80 --final-wave-alias final --confirm-seed-offset-base 31
[RUN] C:\Users\Alexander\AppData\Local\Programs\Python\Python313\python.exe scripts/run_research_core.py --mode full --profile nightly_v3 --outdir C:\Users\Alexander\Desktop\Education\Aspa\code\output_evidence_campaign_v3_20260215\stage_a\A3\quick_confirm --campaign-id evidence_v3_20260215 --wave-min 2 --wave-max 3 --adaptive-waves true --improb-threshold-base 2.6 --sigma-tuning-step 0.1 --sigma-tuning-max-iters 3 --ev-default-quantile 0.75 --wave-n 120 --wave-steps 120 --report-n 2 --report-steps 120 --min-r2-for-history-matching 0.30 --credit-rejection-rate-mean-max 0.80 --final-wave-alias final --confirm-seed-offset-base 31
[RUN] C:\Users\Alexander\AppData\Local\Programs\Python\Python313\python.exe scripts/run_research_core.py --mode full --profile nightly_v3 --outdir C:\Users\Alexander\Desktop\Education\Aspa\code\output_evidence_campaign_v3_20260215\stage_a\A4\quick_confirm --campaign-id evidence_v3_20260215 --wave-min 2 --wave-max 3 --adaptive-waves true --improb-threshold-base 2.55 --sigma-tuning-step 0.1 --sigma-tuning-max-iters 3 --ev-default-quantile 0.75 --wave-n 120 --wave-steps 120 --report-n 2 --report-steps 120 --min-r2-for-history-matching 0.30 --credit-rejection-rate-mean-max 0.80 --final-wave-alias final --confirm-seed-offset-base 31
[RUN] C:\Users\Alexander\AppData\Local\Programs\Python\Python313\python.exe scripts/run_research_core.py --mode full --profile nightly_v3 --outdir C:\Users\Alexander\Desktop\Education\Aspa\code\output_evidence_campaign_v3_20260215\stage_b\R1 --campaign-id evidence_v3_20260215 --seed-offset 0 --wave-min 2 --wave-max 3 --adaptive-waves true --wave-n 350 --improb-threshold-base 2.55 --sigma-tuning-step 0.1 --sigma-tuning-max-iters 3 --ev-default-quantile 0.75 --min-r2-for-history-matching 0.30 --credit-rejection-rate-mean-max 0.80 --confirm-seed-offset-base 31 --final-wave-alias final
[RUN] C:\Users\Alexander\AppData\Local\Programs\Python\Python313\python.exe scripts/run_research_core.py --mode full --profile nightly_v3 --outdir C:\Users\Alexander\Desktop\Education\Aspa\code\output_evidence_campaign_v3_20260215\stage_b\R2 --campaign-id evidence_v3_20260215 --seed-offset 200 --wave-min 2 --wave-max 3 --adaptive-waves true --wave-n 350 --improb-threshold-base 2.55 --sigma-tuning-step 0.1 --sigma-tuning-max-iters 3 --ev-default-quantile 0.75 --min-r2-for-history-matching 0.30 --credit-rejection-rate-mean-max 0.80 --confirm-seed-offset-base 31 --final-wave-alias final
[RUN] C:\Users\Alexander\AppData\Local\Programs\Python\Python313\python.exe scripts/run_research_core.py --mode full --profile nightly_v3 --outdir C:\Users\Alexander\Desktop\Education\Aspa\code\output_evidence_campaign_v3_20260215\stage_b\R3 --campaign-id evidence_v3_20260215 --seed-offset 400 --wave-min 2 --wave-max 3 --adaptive-waves true --wave-n 350 --improb-threshold-base 2.55 --sigma-tuning-step 0.1 --sigma-tuning-max-iters 3 --ev-default-quantile 0.75 --min-r2-for-history-matching 0.30 --credit-rejection-rate-mean-max 0.80 --confirm-seed-offset-base 31 --final-wave-alias final
[DONE] Campaign finished: FAIL. Summary: C:\Users\Alexander\Desktop\Education\Aspa\code\output_evidence_campaign_v3_20260215\campaign_evidence_summary.json
