Saved 360 rows to C:\Users\Alexander\Desktop\Education\Aspa\code\output_evidence_campaign_20260214\stage_a\C1\01_wave1\lhs_runs.csv
Saved emulator scores to C:\Users\Alexander\Desktop\Education\Aspa\code\output_evidence_campaign_20260214\stage_a\C1\01_wave1\emulator_scores.csv
Saved sigma calibration summary to C:\Users\Alexander\Desktop\Education\Aspa\code\output_evidence_campaign_20260214\stage_a\C1\01_wave1\sigma_calibration_summary.csv
Saved calibrated targets to C:\Users\Alexander\Desktop\Education\Aspa\code\output_evidence_campaign_20260214\stage_a\C1\01_wave1\targets_calibrated.json
Saved uncertainty breakdown to C:\Users\Alexander\Desktop\Education\Aspa\code\output_evidence_campaign_20260214\stage_a\C1\01_wave1\uncertainty_components.csv
Saved history matching table to C:\Users\Alexander\Desktop\Education\Aspa\code\output_evidence_campaign_20260214\stage_a\C1\01_wave1\history_matching.csv
Saved refined intervals to C:\Users\Alexander\Desktop\Education\Aspa\code\output_evidence_campaign_20260214\stage_a\C1\01_wave1\refined_intervals.csv
Saved sensitivity table to C:\Users\Alexander\Desktop\Education\Aspa\code\output_evidence_campaign_20260214\stage_a\C1\01_wave1\sensitivity_uncertainty.csv
Saved sensitivity report to C:\Users\Alexander\Desktop\Education\Aspa\code\output_evidence_campaign_20260214\stage_a\C1\01_wave1\sensitivity_report.md
Saved 360 rows to C:\Users\Alexander\Desktop\Education\Aspa\code\output_evidence_campaign_20260214\stage_a\C1\02_final_wave\lhs_runs_wave2.csv
Saved emulator scores to C:\Users\Alexander\Desktop\Education\Aspa\code\output_evidence_campaign_20260214\stage_a\C1\02_final_wave\emulator_scores.csv
Saved sigma calibration summary to C:\Users\Alexander\Desktop\Education\Aspa\code\output_evidence_campaign_20260214\stage_a\C1\02_final_wave\sigma_calibration_summary_iter0.csv
Saved calibrated targets to C:\Users\Alexander\Desktop\Education\Aspa\code\output_evidence_campaign_20260214\stage_a\C1\02_final_wave\targets_calibrated_iter0.json
Saved uncertainty breakdown to C:\Users\Alexander\Desktop\Education\Aspa\code\output_evidence_campaign_20260214\stage_a\C1\02_final_wave\uncertainty_components.csv
Saved history matching table to C:\Users\Alexander\Desktop\Education\Aspa\code\output_evidence_campaign_20260214\stage_a\C1\02_final_wave\history_matching.csv
Saved refined intervals to C:\Users\Alexander\Desktop\Education\Aspa\code\output_evidence_campaign_20260214\stage_a\C1\02_final_wave\refined_intervals.csv
Saved sensitivity table to C:\Users\Alexander\Desktop\Education\Aspa\code\output_evidence_campaign_20260214\stage_a\C1\02_final_wave\sensitivity_uncertainty.csv
Saved sensitivity report to C:\Users\Alexander\Desktop\Education\Aspa\code\output_evidence_campaign_20260214\stage_a\C1\02_final_wave\sensitivity_report.md
Saved 360 rows to C:\Users\Alexander\Desktop\Education\Aspa\code\output_evidence_campaign_20260214\stage_a\C1\waves\wave_03\lhs_runs_wave3.csv
Saved emulator scores to C:\Users\Alexander\Desktop\Education\Aspa\code\output_evidence_campaign_20260214\stage_a\C1\waves\wave_03\emulator_scores.csv
Saved sigma calibration summary to C:\Users\Alexander\Desktop\Education\Aspa\code\output_evidence_campaign_20260214\stage_a\C1\waves\wave_03\sigma_calibration_summary_iter0.csv
Saved calibrated targets to C:\Users\Alexander\Desktop\Education\Aspa\code\output_evidence_campaign_20260214\stage_a\C1\waves\wave_03\targets_calibrated_iter0.json
Saved uncertainty breakdown to C:\Users\Alexander\Desktop\Education\Aspa\code\output_evidence_campaign_20260214\stage_a\C1\waves\wave_03\uncertainty_components.csv
Saved history matching table to C:\Users\Alexander\Desktop\Education\Aspa\code\output_evidence_campaign_20260214\stage_a\C1\waves\wave_03\history_matching.csv
Saved refined intervals to C:\Users\Alexander\Desktop\Education\Aspa\code\output_evidence_campaign_20260214\stage_a\C1\waves\wave_03\refined_intervals.csv
Saved sensitivity table to C:\Users\Alexander\Desktop\Education\Aspa\code\output_evidence_campaign_20260214\stage_a\C1\waves\wave_03\sensitivity_uncertainty.csv
Saved sensitivity report to C:\Users\Alexander\Desktop\Education\Aspa\code\output_evidence_campaign_20260214\stage_a\C1\waves\wave_03\sensitivity_report.md
Saved emulator scores to C:\Users\Alexander\Desktop\Education\Aspa\code\output_evidence_campaign_20260214\stage_a\C1\waves\wave_03\emulator_scores.csv
Saved sigma calibration summary to C:\Users\Alexander\Desktop\Education\Aspa\code\output_evidence_campaign_20260214\stage_a\C1\waves\wave_03\sigma_calibration_summary_iter1.csv
Saved calibrated targets to C:\Users\Alexander\Desktop\Education\Aspa\code\output_evidence_campaign_20260214\stage_a\C1\waves\wave_03\targets_calibrated_iter1.json
Saved uncertainty breakdown to C:\Users\Alexander\Desktop\Education\Aspa\code\output_evidence_campaign_20260214\stage_a\C1\waves\wave_03\uncertainty_components.csv
Saved history matching table to C:\Users\Alexander\Desktop\Education\Aspa\code\output_evidence_campaign_20260214\stage_a\C1\waves\wave_03\history_matching.csv
Saved refined intervals to C:\Users\Alexander\Desktop\Education\Aspa\code\output_evidence_campaign_20260214\stage_a\C1\waves\wave_03\refined_intervals.csv
Saved sensitivity table to C:\Users\Alexander\Desktop\Education\Aspa\code\output_evidence_campaign_20260214\stage_a\C1\waves\wave_03\sensitivity_uncertainty.csv
Saved sensitivity report to C:\Users\Alexander\Desktop\Education\Aspa\code\output_evidence_campaign_20260214\stage_a\C1\waves\wave_03\sensitivity_report.md
Saved emulator scores to C:\Users\Alexander\Desktop\Education\Aspa\code\output_evidence_campaign_20260214\stage_a\C1\waves\wave_03\emulator_scores.csv
Saved sigma calibration summary to C:\Users\Alexander\Desktop\Education\Aspa\code\output_evidence_campaign_20260214\stage_a\C1\waves\wave_03\sigma_calibration_summary_iter2.csv
Saved calibrated targets to C:\Users\Alexander\Desktop\Education\Aspa\code\output_evidence_campaign_20260214\stage_a\C1\waves\wave_03\targets_calibrated_iter2.json
Saved uncertainty breakdown to C:\Users\Alexander\Desktop\Education\Aspa\code\output_evidence_campaign_20260214\stage_a\C1\waves\wave_03\uncertainty_components.csv
Saved history matching table to C:\Users\Alexander\Desktop\Education\Aspa\code\output_evidence_campaign_20260214\stage_a\C1\waves\wave_03\history_matching.csv
Saved refined intervals to C:\Users\Alexander\Desktop\Education\Aspa\code\output_evidence_campaign_20260214\stage_a\C1\waves\wave_03\refined_intervals.csv
Saved sensitivity table to C:\Users\Alexander\Desktop\Education\Aspa\code\output_evidence_campaign_20260214\stage_a\C1\waves\wave_03\sensitivity_uncertainty.csv
Saved sensitivity report to C:\Users\Alexander\Desktop\Education\Aspa\code\output_evidence_campaign_20260214\stage_a\C1\waves\wave_03\sensitivity_report.md
Saved emulator scores to C:\Users\Alexander\Desktop\Education\Aspa\code\output_evidence_campaign_20260214\stage_a\C1\waves\wave_03\emulator_scores.csv
Saved sigma calibration summary to C:\Users\Alexander\Desktop\Education\Aspa\code\output_evidence_campaign_20260214\stage_a\C1\waves\wave_03\sigma_calibration_summary_iter3.csv
Saved calibrated targets to C:\Users\Alexander\Desktop\Education\Aspa\code\output_evidence_campaign_20260214\stage_a\C1\waves\wave_03\targets_calibrated_iter3.json
Saved uncertainty breakdown to C:\Users\Alexander\Desktop\Education\Aspa\code\output_evidence_campaign_20260214\stage_a\C1\waves\wave_03\uncertainty_components.csv
Saved history matching table to C:\Users\Alexander\Desktop\Education\Aspa\code\output_evidence_campaign_20260214\stage_a\C1\waves\wave_03\history_matching.csv
Saved refined intervals to C:\Users\Alexander\Desktop\Education\Aspa\code\output_evidence_campaign_20260214\stage_a\C1\waves\wave_03\refined_intervals.csv
Saved sensitivity table to C:\Users\Alexander\Desktop\Education\Aspa\code\output_evidence_campaign_20260214\stage_a\C1\waves\wave_03\sensitivity_uncertainty.csv
Saved sensitivity report to C:\Users\Alexander\Desktop\Education\Aspa\code\output_evidence_campaign_20260214\stage_a\C1\waves\wave_03\sensitivity_report.md
[INFO] Preflight attempt 1/2 with improb_threshold=2.60
[INFO] Saved run config: C:\Users\Alexander\Desktop\Education\Aspa\code\output_evidence_campaign_20260214\stage_a\C1\run_config.json
[RUN] C:\Users\Alexander\AppData\Local\Programs\Python\Python313\python.exe scripts/run_lhs.py --n 120 --seed 0 --seeds 0,1,2 --steps 120 --window 20 --balance-ok-threshold 0.6 --format csv --output C:\Users\Alexander\Desktop\Education\Aspa\code\output_evidence_campaign_20260214\stage_a\C1\01_wave1\lhs_runs.csv
[RUN] C:\Users\Alexander\AppData\Local\Programs\Python\Python313\python.exe scripts/train_emulator.py --data C:\Users\Alexander\Desktop\Education\Aspa\code\output_evidence_campaign_20260214\stage_a\C1\01_wave1\lhs_runs.csv --targets C:\Users\Alexander\Desktop\Education\Aspa\code\scripts\targets_report.json --min-r2-for-history-matching 0.3 --improb-threshold 2.6 --ev-mode seed_replicates --ev-default-quantile 0.8 --sigma-calibration-mode fixed --sigma-calibration-summary C:\Users\Alexander\Desktop\Education\Aspa\code\output_evidence_campaign_20260214\stage_a\C1\01_wave1\sigma_calibration_summary.csv --calibrated-targets-out C:\Users\Alexander\Desktop\Education\Aspa\code\output_evidence_campaign_20260214\stage_a\C1\01_wave1\targets_calibrated.json --sa-enable --sa-domain nroy --sa-reductions 0.1,0.2,0.3,0.4 --outdir C:\Users\Alexander\Desktop\Education\Aspa\code\output_evidence_campaign_20260214\stage_a\C1\01_wave1
[RUN] C:\Users\Alexander\AppData\Local\Programs\Python\Python313\python.exe scripts/run_lhs.py --n 120 --seed 1 --seeds 0,1,2 --steps 120 --window 20 --balance-ok-threshold 0.6 --format csv --output C:\Users\Alexander\Desktop\Education\Aspa\code\output_evidence_campaign_20260214\stage_a\C1\02_final_wave\lhs_runs_wave2.csv --bounds-csv C:\Users\Alexander\Desktop\Education\Aspa\code\output_evidence_campaign_20260214\stage_a\C1\01_wave1\refined_intervals.csv --bounds-kind p05p95
[RUN] C:\Users\Alexander\AppData\Local\Programs\Python\Python313\python.exe scripts/train_emulator.py --data C:\Users\Alexander\Desktop\Education\Aspa\code\output_evidence_campaign_20260214\stage_a\C1\02_final_wave\lhs_runs_wave2.csv --targets C:\Users\Alexander\Desktop\Education\Aspa\code\output_evidence_campaign_20260214\stage_a\C1\01_wave1\targets_for_wave_final.json --min-r2-for-history-matching 0.3 --improb-threshold 2.6 --ev-mode seed_replicates --ev-default-quantile 0.8 --sigma-calibration-mode fixed --sigma-calibration-summary C:\Users\Alexander\Desktop\Education\Aspa\code\output_evidence_campaign_20260214\stage_a\C1\02_final_wave\sigma_calibration_summary_iter0.csv --calibrated-targets-out C:\Users\Alexander\Desktop\Education\Aspa\code\output_evidence_campaign_20260214\stage_a\C1\02_final_wave\targets_calibrated_iter0.json --sa-enable --sa-domain nroy --sa-reductions 0.1,0.2,0.3,0.4 --outdir C:\Users\Alexander\Desktop\Education\Aspa\code\output_evidence_campaign_20260214\stage_a\C1\02_final_wave
[RUN] C:\Users\Alexander\AppData\Local\Programs\Python\Python313\python.exe scripts/run_lhs.py --n 120 --seed 2 --seeds 0,1,2 --steps 120 --window 20 --balance-ok-threshold 0.6 --format csv --output C:\Users\Alexander\Desktop\Education\Aspa\code\output_evidence_campaign_20260214\stage_a\C1\waves\wave_03\lhs_runs_wave3.csv --bounds-csv C:\Users\Alexander\Desktop\Education\Aspa\code\output_evidence_campaign_20260214\stage_a\C1\02_final_wave\refined_intervals.csv --bounds-kind p05p95
[RUN] C:\Users\Alexander\AppData\Local\Programs\Python\Python313\python.exe scripts/train_emulator.py --data C:\Users\Alexander\Desktop\Education\Aspa\code\output_evidence_campaign_20260214\stage_a\C1\waves\wave_03\lhs_runs_wave3.csv --targets C:\Users\Alexander\Desktop\Education\Aspa\code\output_evidence_campaign_20260214\stage_a\C1\02_final_wave\targets_for_wave_final.json --min-r2-for-history-matching 0.3 --improb-threshold 2.6 --ev-mode seed_replicates --ev-default-quantile 0.8 --sigma-calibration-mode fixed --sigma-calibration-summary C:\Users\Alexander\Desktop\Education\Aspa\code\output_evidence_campaign_20260214\stage_a\C1\waves\wave_03\sigma_calibration_summary_iter0.csv --calibrated-targets-out C:\Users\Alexander\Desktop\Education\Aspa\code\output_evidence_campaign_20260214\stage_a\C1\waves\wave_03\targets_calibrated_iter0.json --sa-enable --sa-domain nroy --sa-reductions 0.1,0.2,0.3,0.4 --outdir C:\Users\Alexander\Desktop\Education\Aspa\code\output_evidence_campaign_20260214\stage_a\C1\waves\wave_03
[RUN] C:\Users\Alexander\AppData\Local\Programs\Python\Python313\python.exe scripts/train_emulator.py --data C:\Users\Alexander\Desktop\Education\Aspa\code\output_evidence_campaign_20260214\stage_a\C1\waves\wave_03\lhs_runs_wave3.csv --targets C:\Users\Alexander\Desktop\Education\Aspa\code\output_evidence_campaign_20260214\stage_a\C1\waves\wave_03\targets_tuned_iter1.json --min-r2-for-history-matching 0.3 --improb-threshold 2.6 --ev-mode seed_replicates --ev-default-quantile 0.8 --sigma-calibration-mode fixed --sigma-calibration-summary C:\Users\Alexander\Desktop\Education\Aspa\code\output_evidence_campaign_20260214\stage_a\C1\waves\wave_03\sigma_calibration_summary_iter1.csv --calibrated-targets-out C:\Users\Alexander\Desktop\Education\Aspa\code\output_evidence_campaign_20260214\stage_a\C1\waves\wave_03\targets_calibrated_iter1.json --sa-enable --sa-domain nroy --sa-reductions 0.1,0.2,0.3,0.4 --outdir C:\Users\Alexander\Desktop\Education\Aspa\code\output_evidence_campaign_20260214\stage_a\C1\waves\wave_03
[RUN] C:\Users\Alexander\AppData\Local\Programs\Python\Python313\python.exe scripts/train_emulator.py --data C:\Users\Alexander\Desktop\Education\Aspa\code\output_evidence_campaign_20260214\stage_a\C1\waves\wave_03\lhs_runs_wave3.csv --targets C:\Users\Alexander\Desktop\Education\Aspa\code\output_evidence_campaign_20260214\stage_a\C1\waves\wave_03\targets_tuned_iter2.json --min-r2-for-history-matching 0.3 --improb-threshold 2.6 --ev-mode seed_replicates --ev-default-quantile 0.8 --sigma-calibration-mode fixed --sigma-calibration-summary C:\Users\Alexander\Desktop\Education\Aspa\code\output_evidence_campaign_20260214\stage_a\C1\waves\wave_03\sigma_calibration_summary_iter2.csv --calibrated-targets-out C:\Users\Alexander\Desktop\Education\Aspa\code\output_evidence_campaign_20260214\stage_a\C1\waves\wave_03\targets_calibrated_iter2.json --sa-enable --sa-domain nroy --sa-reductions 0.1,0.2,0.3,0.4 --outdir C:\Users\Alexander\Desktop\Education\Aspa\code\output_evidence_campaign_20260214\stage_a\C1\waves\wave_03
[RUN] C:\Users\Alexander\AppData\Local\Programs\Python\Python313\python.exe scripts/train_emulator.py --data C:\Users\Alexander\Desktop\Education\Aspa\code\output_evidence_campaign_20260214\stage_a\C1\waves\wave_03\lhs_runs_wave3.csv --targets C:\Users\Alexander\Desktop\Education\Aspa\code\output_evidence_campaign_20260214\stage_a\C1\waves\wave_03\targets_tuned_iter3.json --min-r2-for-history-matching 0.3 --improb-threshold 2.6 --ev-mode seed_replicates --ev-default-quantile 0.8 --sigma-calibration-mode fixed --sigma-calibration-summary C:\Users\Alexander\Desktop\Education\Aspa\code\output_evidence_campaign_20260214\stage_a\C1\waves\wave_03\sigma_calibration_summary_iter3.csv --calibrated-targets-out C:\Users\Alexander\Desktop\Education\Aspa\code\output_evidence_campaign_20260214\stage_a\C1\waves\wave_03\targets_calibrated_iter3.json --sa-enable --sa-domain nroy --sa-reductions 0.1,0.2,0.3,0.4 --outdir C:\Users\Alexander\Desktop\Education\Aspa\code\output_evidence_campaign_20260214\stage_a\C1\waves\wave_03
[RUN] C:\Users\Alexander\AppData\Local\Programs\Python\Python313\python.exe scripts/make_report_set.py --data C:\Users\Alexander\Desktop\Education\Aspa\code\output_evidence_campaign_20260214\stage_a\C1\02_final_wave\lhs_runs_wave3.csv --history-matching C:\Users\Alexander\Desktop\Education\Aspa\code\output_evidence_campaign_20260214\stage_a\C1\02_final_wave\history_matching.csv --outdir C:\Users\Alexander\Desktop\Education\Aspa\code\output_evidence_campaign_20260214\stage_a\C1\03_report_set --n 4 --steps 220 --window 40 --seeds 0,1,2 --min-employment 45 --min-output 50 --min-consumption 50 --min-hh-deposit 0.2 --max-bank-resolved-share 0.06 --max-bank-bailedout-share 0.02 --max-haircut-mean 0.03 --max-defaults-hh-rate 0.01 --max-defaults-firm-rate 0.01 --balance-ok-threshold 0.98Saved points to C:\Users\Alexander\Desktop\Education\Aspa\code\output_evidence_campaign_20260214\stage_a\C1\03_report_set\representative_points.csv
Saved run summaries to C:\Users\Alexander\Desktop\Education\Aspa\code\output_evidence_campaign_20260214\stage_a\C1\03_report_set\representative_summary.csv
Saved C:\Users\Alexander\Desktop\Education\Aspa\code\output_evidence_campaign_20260214\stage_a\C1\03_report_set\rep_plots\rep_00.png
Saved C:\Users\Alexander\Desktop\Education\Aspa\code\output_evidence_campaign_20260214\stage_a\C1\03_report_set\rep_plots\rep_01.png
Saved C:\Users\Alexander\Desktop\Education\Aspa\code\output_evidence_campaign_20260214\stage_a\C1\03_report_set\rep_plots\rep_02.png
Saved C:\Users\Alexander\Desktop\Education\Aspa\code\output_evidence_campaign_20260214\stage_a\C1\03_report_set\rep_plots\rep_03.png
Saved report to C:\Users\Alexander\Desktop\Education\Aspa\code\output_evidence_campaign_20260214\stage_a\C1\04_master\research_core_report.md
Saved tables to C:\Users\Alexander\Desktop\Education\Aspa\code\output_evidence_campaign_20260214\stage_a\C1\04_master\research_core_tables
Saved 360 rows to C:\Users\Alexander\Desktop\Education\Aspa\code\output_evidence_campaign_20260214\stage_a\C1\01_wave1\lhs_runs.csv
Saved emulator scores to C:\Users\Alexander\Desktop\Education\Aspa\code\output_evidence_campaign_20260214\stage_a\C1\01_wave1\emulator_scores.csv
Saved sigma calibration summary to C:\Users\Alexander\Desktop\Education\Aspa\code\output_evidence_campaign_20260214\stage_a\C1\01_wave1\sigma_calibration_summary.csv
Saved calibrated targets to C:\Users\Alexander\Desktop\Education\Aspa\code\output_evidence_campaign_20260214\stage_a\C1\01_wave1\targets_calibrated.json
Saved uncertainty breakdown to C:\Users\Alexander\Desktop\Education\Aspa\code\output_evidence_campaign_20260214\stage_a\C1\01_wave1\uncertainty_components.csv
Saved history matching table to C:\Users\Alexander\Desktop\Education\Aspa\code\output_evidence_campaign_20260214\stage_a\C1\01_wave1\history_matching.csv
Saved refined intervals to C:\Users\Alexander\Desktop\Education\Aspa\code\output_evidence_campaign_20260214\stage_a\C1\01_wave1\refined_intervals.csv
Saved sensitivity table to C:\Users\Alexander\Desktop\Education\Aspa\code\output_evidence_campaign_20260214\stage_a\C1\01_wave1\sensitivity_uncertainty.csv
Saved sensitivity report to C:\Users\Alexander\Desktop\Education\Aspa\code\output_evidence_campaign_20260214\stage_a\C1\01_wave1\sensitivity_report.md
Saved 360 rows to C:\Users\Alexander\Desktop\Education\Aspa\code\output_evidence_campaign_20260214\stage_a\C1\02_final_wave\lhs_runs_wave2.csv
Saved emulator scores to C:\Users\Alexander\Desktop\Education\Aspa\code\output_evidence_campaign_20260214\stage_a\C1\02_final_wave\emulator_scores.csv
Saved sigma calibration summary to C:\Users\Alexander\Desktop\Education\Aspa\code\output_evidence_campaign_20260214\stage_a\C1\02_final_wave\sigma_calibration_summary_iter0.csv
Saved calibrated targets to C:\Users\Alexander\Desktop\Education\Aspa\code\output_evidence_campaign_20260214\stage_a\C1\02_final_wave\targets_calibrated_iter0.json
Saved uncertainty breakdown to C:\Users\Alexander\Desktop\Education\Aspa\code\output_evidence_campaign_20260214\stage_a\C1\02_final_wave\uncertainty_components.csv
Saved history matching table to C:\Users\Alexander\Desktop\Education\Aspa\code\output_evidence_campaign_20260214\stage_a\C1\02_final_wave\history_matching.csv
Saved refined intervals to C:\Users\Alexander\Desktop\Education\Aspa\code\output_evidence_campaign_20260214\stage_a\C1\02_final_wave\refined_intervals.csv
Saved sensitivity table to C:\Users\Alexander\Desktop\Education\Aspa\code\output_evidence_campaign_20260214\stage_a\C1\02_final_wave\sensitivity_uncertainty.csv
Saved sensitivity report to C:\Users\Alexander\Desktop\Education\Aspa\code\output_evidence_campaign_20260214\stage_a\C1\02_final_wave\sensitivity_report.md
Saved 360 rows to C:\Users\Alexander\Desktop\Education\Aspa\code\output_evidence_campaign_20260214\stage_a\C1\waves\wave_03\lhs_runs_wave3.csv
Saved emulator scores to C:\Users\Alexander\Desktop\Education\Aspa\code\output_evidence_campaign_20260214\stage_a\C1\waves\wave_03\emulator_scores.csv
Saved sigma calibration summary to C:\Users\Alexander\Desktop\Education\Aspa\code\output_evidence_campaign_20260214\stage_a\C1\waves\wave_03\sigma_calibration_summary_iter0.csv
Saved calibrated targets to C:\Users\Alexander\Desktop\Education\Aspa\code\output_evidence_campaign_20260214\stage_a\C1\waves\wave_03\targets_calibrated_iter0.json
Saved uncertainty breakdown to C:\Users\Alexander\Desktop\Education\Aspa\code\output_evidence_campaign_20260214\stage_a\C1\waves\wave_03\uncertainty_components.csv
Saved history matching table to C:\Users\Alexander\Desktop\Education\Aspa\code\output_evidence_campaign_20260214\stage_a\C1\waves\wave_03\history_matching.csv
Saved refined intervals to C:\Users\Alexander\Desktop\Education\Aspa\code\output_evidence_campaign_20260214\stage_a\C1\waves\wave_03\refined_intervals.csv
Saved sensitivity table to C:\Users\Alexander\Desktop\Education\Aspa\code\output_evidence_campaign_20260214\stage_a\C1\waves\wave_03\sensitivity_uncertainty.csv
Saved sensitivity report to C:\Users\Alexander\Desktop\Education\Aspa\code\output_evidence_campaign_20260214\stage_a\C1\waves\wave_03\sensitivity_report.md
Saved emulator scores to C:\Users\Alexander\Desktop\Education\Aspa\code\output_evidence_campaign_20260214\stage_a\C1\waves\wave_03\emulator_scores.csv
Saved sigma calibration summary to C:\Users\Alexander\Desktop\Education\Aspa\code\output_evidence_campaign_20260214\stage_a\C1\waves\wave_03\sigma_calibration_summary_iter1.csv
Saved calibrated targets to C:\Users\Alexander\Desktop\Education\Aspa\code\output_evidence_campaign_20260214\stage_a\C1\waves\wave_03\targets_calibrated_iter1.json
Saved uncertainty breakdown to C:\Users\Alexander\Desktop\Education\Aspa\code\output_evidence_campaign_20260214\stage_a\C1\waves\wave_03\uncertainty_components.csv
Saved history matching table to C:\Users\Alexander\Desktop\Education\Aspa\code\output_evidence_campaign_20260214\stage_a\C1\waves\wave_03\history_matching.csv
Saved refined intervals to C:\Users\Alexander\Desktop\Education\Aspa\code\output_evidence_campaign_20260214\stage_a\C1\waves\wave_03\refined_intervals.csv
Saved sensitivity table to C:\Users\Alexander\Desktop\Education\Aspa\code\output_evidence_campaign_20260214\stage_a\C1\waves\wave_03\sensitivity_uncertainty.csv
Saved sensitivity report to C:\Users\Alexander\Desktop\Education\Aspa\code\output_evidence_campaign_20260214\stage_a\C1\waves\wave_03\sensitivity_report.md
Saved emulator scores to C:\Users\Alexander\Desktop\Education\Aspa\code\output_evidence_campaign_20260214\stage_a\C1\waves\wave_03\emulator_scores.csv
Saved sigma calibration summary to C:\Users\Alexander\Desktop\Education\Aspa\code\output_evidence_campaign_20260214\stage_a\C1\waves\wave_03\sigma_calibration_summary_iter2.csv
Saved calibrated targets to C:\Users\Alexander\Desktop\Education\Aspa\code\output_evidence_campaign_20260214\stage_a\C1\waves\wave_03\targets_calibrated_iter2.json
Saved uncertainty breakdown to C:\Users\Alexander\Desktop\Education\Aspa\code\output_evidence_campaign_20260214\stage_a\C1\waves\wave_03\uncertainty_components.csv
Saved history matching table to C:\Users\Alexander\Desktop\Education\Aspa\code\output_evidence_campaign_20260214\stage_a\C1\waves\wave_03\history_matching.csv
Saved refined intervals to C:\Users\Alexander\Desktop\Education\Aspa\code\output_evidence_campaign_20260214\stage_a\C1\waves\wave_03\refined_intervals.csv
Saved sensitivity table to C:\Users\Alexander\Desktop\Education\Aspa\code\output_evidence_campaign_20260214\stage_a\C1\waves\wave_03\sensitivity_uncertainty.csv
Saved sensitivity report to C:\Users\Alexander\Desktop\Education\Aspa\code\output_evidence_campaign_20260214\stage_a\C1\waves\wave_03\sensitivity_report.md

[RUN] C:\Users\Alexander\AppData\Local\Programs\Python\Python313\python.exe scripts/plot_report_runs.py --runs-dir C:\Users\Alexander\Desktop\Education\Aspa\code\output_evidence_campaign_20260214\stage_a\C1\03_report_set --out C:\Users\Alexander\Desktop\Education\Aspa\code\output_evidence_campaign_20260214\stage_a\C1\03_report_set\rep_plots
[RUN] C:\Users\Alexander\AppData\Local\Programs\Python\Python313\python.exe scripts/make_research_master_report.py --root C:\Users\Alexander\Desktop\Education\Aspa\code\output_evidence_campaign_20260214\stage_a\C1 --run-config C:\Users\Alexander\Desktop\Education\Aspa\code\output_evidence_campaign_20260214\stage_a\C1\run_config.json --out C:\Users\Alexander\Desktop\Education\Aspa\code\output_evidence_campaign_20260214\stage_a\C1\04_master\research_core_report.md --tables-dir C:\Users\Alexander\Desktop\Education\Aspa\code\output_evidence_campaign_20260214\stage_a\C1\04_master\research_core_tables --confirmatory-summary C:\Users\Alexander\Desktop\Education\Aspa\code\output_evidence_campaign_20260214\stage_a\C1\04_master\confirmatory_summary.json --waves-summary C:\Users\Alexander\Desktop\Education\Aspa\code\output_evidence_campaign_20260214\stage_a\C1\waves_summary.csv --stopping-diagnostics C:\Users\Alexander\Desktop\Education\Aspa\code\output_evidence_campaign_20260214\stage_a\C1\stopping_diagnostics.json
[INFO] Preflight attempt 2/2 with improb_threshold=2.75
[INFO] Saved run config: C:\Users\Alexander\Desktop\Education\Aspa\code\output_evidence_campaign_20260214\stage_a\C1\run_config.json
[RUN] C:\Users\Alexander\AppData\Local\Programs\Python\Python313\python.exe scripts/run_lhs.py --n 120 --seed 0 --seeds 0,1,2 --steps 120 --window 20 --balance-ok-threshold 0.6 --format csv --output C:\Users\Alexander\Desktop\Education\Aspa\code\output_evidence_campaign_20260214\stage_a\C1\01_wave1\lhs_runs.csv
[RUN] C:\Users\Alexander\AppData\Local\Programs\Python\Python313\python.exe scripts/train_emulator.py --data C:\Users\Alexander\Desktop\Education\Aspa\code\output_evidence_campaign_20260214\stage_a\C1\01_wave1\lhs_runs.csv --targets C:\Users\Alexander\Desktop\Education\Aspa\code\scripts\targets_report.json --min-r2-for-history-matching 0.3 --improb-threshold 2.75 --ev-mode seed_replicates --ev-default-quantile 0.8 --sigma-calibration-mode fixed --sigma-calibration-summary C:\Users\Alexander\Desktop\Education\Aspa\code\output_evidence_campaign_20260214\stage_a\C1\01_wave1\sigma_calibration_summary.csv --calibrated-targets-out C:\Users\Alexander\Desktop\Education\Aspa\code\output_evidence_campaign_20260214\stage_a\C1\01_wave1\targets_calibrated.json --sa-enable --sa-domain nroy --sa-reductions 0.1,0.2,0.3,0.4 --outdir C:\Users\Alexander\Desktop\Education\Aspa\code\output_evidence_campaign_20260214\stage_a\C1\01_wave1
[RUN] C:\Users\Alexander\AppData\Local\Programs\Python\Python313\python.exe scripts/run_lhs.py --n 120 --seed 1 --seeds 0,1,2 --steps 120 --window 20 --balance-ok-threshold 0.6 --format csv --output C:\Users\Alexander\Desktop\Education\Aspa\code\output_evidence_campaign_20260214\stage_a\C1\02_final_wave\lhs_runs_wave2.csv --bounds-csv C:\Users\Alexander\Desktop\Education\Aspa\code\output_evidence_campaign_20260214\stage_a\C1\01_wave1\refined_intervals.csv --bounds-kind p05p95
[RUN] C:\Users\Alexander\AppData\Local\Programs\Python\Python313\python.exe scripts/train_emulator.py --data C:\Users\Alexander\Desktop\Education\Aspa\code\output_evidence_campaign_20260214\stage_a\C1\02_final_wave\lhs_runs_wave2.csv --targets C:\Users\Alexander\Desktop\Education\Aspa\code\output_evidence_campaign_20260214\stage_a\C1\01_wave1\targets_for_wave_final.json --min-r2-for-history-matching 0.3 --improb-threshold 2.75 --ev-mode seed_replicates --ev-default-quantile 0.8 --sigma-calibration-mode fixed --sigma-calibration-summary C:\Users\Alexander\Desktop\Education\Aspa\code\output_evidence_campaign_20260214\stage_a\C1\02_final_wave\sigma_calibration_summary_iter0.csv --calibrated-targets-out C:\Users\Alexander\Desktop\Education\Aspa\code\output_evidence_campaign_20260214\stage_a\C1\02_final_wave\targets_calibrated_iter0.json --sa-enable --sa-domain nroy --sa-reductions 0.1,0.2,0.3,0.4 --outdir C:\Users\Alexander\Desktop\Education\Aspa\code\output_evidence_campaign_20260214\stage_a\C1\02_final_wave
[RUN] C:\Users\Alexander\AppData\Local\Programs\Python\Python313\python.exe scripts/run_lhs.py --n 120 --seed 2 --seeds 0,1,2 --steps 120 --window 20 --balance-ok-threshold 0.6 --format csv --output C:\Users\Alexander\Desktop\Education\Aspa\code\output_evidence_campaign_20260214\stage_a\C1\waves\wave_03\lhs_runs_wave3.csv --bounds-csv C:\Users\Alexander\Desktop\Education\Aspa\code\output_evidence_campaign_20260214\stage_a\C1\02_final_wave\refined_intervals.csv --bounds-kind p05p95
[RUN] C:\Users\Alexander\AppData\Local\Programs\Python\Python313\python.exe scripts/train_emulator.py --data C:\Users\Alexander\Desktop\Education\Aspa\code\output_evidence_campaign_20260214\stage_a\C1\waves\wave_03\lhs_runs_wave3.csv --targets C:\Users\Alexander\Desktop\Education\Aspa\code\output_evidence_campaign_20260214\stage_a\C1\02_final_wave\targets_for_wave_final.json --min-r2-for-history-matching 0.3 --improb-threshold 2.75 --ev-mode seed_replicates --ev-default-quantile 0.8 --sigma-calibration-mode fixed --sigma-calibration-summary C:\Users\Alexander\Desktop\Education\Aspa\code\output_evidence_campaign_20260214\stage_a\C1\waves\wave_03\sigma_calibration_summary_iter0.csv --calibrated-targets-out C:\Users\Alexander\Desktop\Education\Aspa\code\output_evidence_campaign_20260214\stage_a\C1\waves\wave_03\targets_calibrated_iter0.json --sa-enable --sa-domain nroy --sa-reductions 0.1,0.2,0.3,0.4 --outdir C:\Users\Alexander\Desktop\Education\Aspa\code\output_evidence_campaign_20260214\stage_a\C1\waves\wave_03
[RUN] C:\Users\Alexander\AppData\Local\Programs\Python\Python313\python.exe scripts/train_emulator.py --data C:\Users\Alexander\Desktop\Education\Aspa\code\output_evidence_campaign_20260214\stage_a\C1\waves\wave_03\lhs_runs_wave3.csv --targets C:\Users\Alexander\Desktop\Education\Aspa\code\output_evidence_campaign_20260214\stage_a\C1\waves\wave_03\targets_tuned_iter1.json --min-r2-for-history-matching 0.3 --improb-threshold 2.75 --ev-mode seed_replicates --ev-default-quantile 0.8 --sigma-calibration-mode fixed --sigma-calibration-summary C:\Users\Alexander\Desktop\Education\Aspa\code\output_evidence_campaign_20260214\stage_a\C1\waves\wave_03\sigma_calibration_summary_iter1.csv --calibrated-targets-out C:\Users\Alexander\Desktop\Education\Aspa\code\output_evidence_campaign_20260214\stage_a\C1\waves\wave_03\targets_calibrated_iter1.json --sa-enable --sa-domain nroy --sa-reductions 0.1,0.2,0.3,0.4 --outdir C:\Users\Alexander\Desktop\Education\Aspa\code\output_evidence_campaign_20260214\stage_a\C1\waves\wave_03
[RUN] C:\Users\Alexander\AppData\Local\Programs\Python\Python313\python.exe scripts/train_emulator.py --data C:\Users\Alexander\Desktop\Education\Aspa\code\output_evidence_campaign_20260214\stage_a\C1\waves\wave_03\lhs_runs_wave3.csv --targets C:\Users\Alexander\Desktop\Education\Aspa\code\output_evidence_campaign_20260214\stage_a\C1\waves\wave_03\targets_tuned_iter2.json --min-r2-for-history-matching 0.3 --improb-threshold 2.75 --ev-mode seed_replicates --ev-default-quantile 0.8 --sigma-calibration-mode fixed --sigma-calibration-summary C:\Users\Alexander\Desktop\Education\Aspa\code\output_evidence_campaign_20260214\stage_a\C1\waves\wave_03\sigma_calibration_summary_iter2.csv --calibrated-targets-out C:\Users\Alexander\Desktop\Education\Aspa\code\output_evidence_campaign_20260214\stage_a\C1\waves\wave_03\targets_calibrated_iter2.json --sa-enable --sa-domain nroy --sa-reductions 0.1,0.2,0.3,0.4 --outdir C:\Users\Alexander\Desktop\Education\Aspa\code\output_evidence_campaign_20260214\stage_a\C1\waves\wave_03
[RUN] C:\Users\Alexander\AppData\Local\Programs\Python\Python313\python.exe scripts/train_emulator.py --data C:\Users\Alexander\Desktop\Education\Aspa\code\output_evidence_campaign_20260214\stage_a\C1\waves\wave_03\lhs_runs_wave3.csv --targets C:\Users\Alexander\Desktop\Education\Aspa\code\output_evidence_campaign_20260214\stage_a\C1\waves\wave_03\targets_tuned_iter3.json --min-r2-for-history-matching 0.3 --improb-threshold 2.75 --ev-mode seed_replicates --ev-default-quantile 0.8 --sigma-calibration-mode fixed --sigma-calibration-summary C:\Users\Alexander\Desktop\Education\Aspa\code\output_evidence_campaign_20260214\stage_a\C1\waves\wave_03\sigma_calibration_summary_iter3.csv --calibrated-targets-out C:\Users\Alexander\Desktop\Education\Aspa\code\output_evidence_campaign_20260214\stage_a\C1\waves\wave_03\targets_calibrated_iter3.json --sa-enable --sa-domain nroy --sa-reductions 0.1,0.2,0.3,0.4 --outdir C:\Users\Alexander\Desktop\Education\Aspa\code\output_evidence_campaign_20260214\stage_a\C1\waves\wave_03Saved emulator scores to C:\Users\Alexander\Desktop\Education\Aspa\code\output_evidence_campaign_20260214\stage_a\C1\waves\wave_03\emulator_scores.csv
Saved sigma calibration summary to C:\Users\Alexander\Desktop\Education\Aspa\code\output_evidence_campaign_20260214\stage_a\C1\waves\wave_03\sigma_calibration_summary_iter3.csv
Saved calibrated targets to C:\Users\Alexander\Desktop\Education\Aspa\code\output_evidence_campaign_20260214\stage_a\C1\waves\wave_03\targets_calibrated_iter3.json
Saved uncertainty breakdown to C:\Users\Alexander\Desktop\Education\Aspa\code\output_evidence_campaign_20260214\stage_a\C1\waves\wave_03\uncertainty_components.csv
Saved history matching table to C:\Users\Alexander\Desktop\Education\Aspa\code\output_evidence_campaign_20260214\stage_a\C1\waves\wave_03\history_matching.csv
Saved refined intervals to C:\Users\Alexander\Desktop\Education\Aspa\code\output_evidence_campaign_20260214\stage_a\C1\waves\wave_03\refined_intervals.csv
Saved sensitivity table to C:\Users\Alexander\Desktop\Education\Aspa\code\output_evidence_campaign_20260214\stage_a\C1\waves\wave_03\sensitivity_uncertainty.csv
Saved sensitivity report to C:\Users\Alexander\Desktop\Education\Aspa\code\output_evidence_campaign_20260214\stage_a\C1\waves\wave_03\sensitivity_report.md
Saved points to C:\Users\Alexander\Desktop\Education\Aspa\code\output_evidence_campaign_20260214\stage_a\C1\03_report_set\representative_points.csv
Saved run summaries to C:\Users\Alexander\Desktop\Education\Aspa\code\output_evidence_campaign_20260214\stage_a\C1\03_report_set\representative_summary.csv
Saved C:\Users\Alexander\Desktop\Education\Aspa\code\output_evidence_campaign_20260214\stage_a\C1\03_report_set\rep_plots\rep_00.png
Saved C:\Users\Alexander\Desktop\Education\Aspa\code\output_evidence_campaign_20260214\stage_a\C1\03_report_set\rep_plots\rep_01.png
Saved C:\Users\Alexander\Desktop\Education\Aspa\code\output_evidence_campaign_20260214\stage_a\C1\03_report_set\rep_plots\rep_02.png
Saved C:\Users\Alexander\Desktop\Education\Aspa\code\output_evidence_campaign_20260214\stage_a\C1\03_report_set\rep_plots\rep_03.png
Saved report to C:\Users\Alexander\Desktop\Education\Aspa\code\output_evidence_campaign_20260214\stage_a\C1\04_master\research_core_report.md
Saved tables to C:\Users\Alexander\Desktop\Education\Aspa\code\output_evidence_campaign_20260214\stage_a\C1\04_master\research_core_tables

[RUN] C:\Users\Alexander\AppData\Local\Programs\Python\Python313\python.exe scripts/make_report_set.py --data C:\Users\Alexander\Desktop\Education\Aspa\code\output_evidence_campaign_20260214\stage_a\C1\02_final_wave\lhs_runs_wave3.csv --history-matching C:\Users\Alexander\Desktop\Education\Aspa\code\output_evidence_campaign_20260214\stage_a\C1\02_final_wave\history_matching.csv --outdir C:\Users\Alexander\Desktop\Education\Aspa\code\output_evidence_campaign_20260214\stage_a\C1\03_report_set --n 4 --steps 220 --window 40 --seeds 0,1,2 --min-employment 45 --min-output 50 --min-consumption 50 --min-hh-deposit 0.2 --max-bank-resolved-share 0.06 --max-bank-bailedout-share 0.02 --max-haircut-mean 0.03 --max-defaults-hh-rate 0.01 --max-defaults-firm-rate 0.01 --balance-ok-threshold 0.98
[RUN] C:\Users\Alexander\AppData\Local\Programs\Python\Python313\python.exe scripts/plot_report_runs.py --runs-dir C:\Users\Alexander\Desktop\Education\Aspa\code\output_evidence_campaign_20260214\stage_a\C1\03_report_set --out C:\Users\Alexander\Desktop\Education\Aspa\code\output_evidence_campaign_20260214\stage_a\C1\03_report_set\rep_plots
[RUN] C:\Users\Alexander\AppData\Local\Programs\Python\Python313\python.exe scripts/make_research_master_report.py --root C:\Users\Alexander\Desktop\Education\Aspa\code\output_evidence_campaign_20260214\stage_a\C1 --run-config C:\Users\Alexander\Desktop\Education\Aspa\code\output_evidence_campaign_20260214\stage_a\C1\run_config.json --out C:\Users\Alexander\Desktop\Education\Aspa\code\output_evidence_campaign_20260214\stage_a\C1\04_master\research_core_report.md --tables-dir C:\Users\Alexander\Desktop\Education\Aspa\code\output_evidence_campaign_20260214\stage_a\C1\04_master\research_core_tables --confirmatory-summary C:\Users\Alexander\Desktop\Education\Aspa\code\output_evidence_campaign_20260214\stage_a\C1\04_master\confirmatory_summary.json --waves-summary C:\Users\Alexander\Desktop\Education\Aspa\code\output_evidence_campaign_20260214\stage_a\C1\waves_summary.csv --stopping-diagnostics C:\Users\Alexander\Desktop\Education\Aspa\code\output_evidence_campaign_20260214\stage_a\C1\stopping_diagnostics.json
[WARN] Preflight failed after retry; overnight full run is blocked.
[INFO] Saved go/no-go status: C:\Users\Alexander\Desktop\Education\Aspa\code\output_evidence_campaign_20260214\stage_a\C1\go_no_go_status.json
[DONE] Preflight flow completed.
Saved 360 rows to C:\Users\Alexander\Desktop\Education\Aspa\code\output_evidence_campaign_20260214\stage_a\C2\01_wave1\lhs_runs.csv
Saved emulator scores to C:\Users\Alexander\Desktop\Education\Aspa\code\output_evidence_campaign_20260214\stage_a\C2\01_wave1\emulator_scores.csv
Saved sigma calibration summary to C:\Users\Alexander\Desktop\Education\Aspa\code\output_evidence_campaign_20260214\stage_a\C2\01_wave1\sigma_calibration_summary.csv
Saved calibrated targets to C:\Users\Alexander\Desktop\Education\Aspa\code\output_evidence_campaign_20260214\stage_a\C2\01_wave1\targets_calibrated.json
Saved uncertainty breakdown to C:\Users\Alexander\Desktop\Education\Aspa\code\output_evidence_campaign_20260214\stage_a\C2\01_wave1\uncertainty_components.csv
Saved history matching table to C:\Users\Alexander\Desktop\Education\Aspa\code\output_evidence_campaign_20260214\stage_a\C2\01_wave1\history_matching.csv
Saved refined intervals to C:\Users\Alexander\Desktop\Education\Aspa\code\output_evidence_campaign_20260214\stage_a\C2\01_wave1\refined_intervals.csv
Saved sensitivity table to C:\Users\Alexander\Desktop\Education\Aspa\code\output_evidence_campaign_20260214\stage_a\C2\01_wave1\sensitivity_uncertainty.csv
Saved sensitivity report to C:\Users\Alexander\Desktop\Education\Aspa\code\output_evidence_campaign_20260214\stage_a\C2\01_wave1\sensitivity_report.md
Saved 360 rows to C:\Users\Alexander\Desktop\Education\Aspa\code\output_evidence_campaign_20260214\stage_a\C2\02_final_wave\lhs_runs_wave2.csv
Saved emulator scores to C:\Users\Alexander\Desktop\Education\Aspa\code\output_evidence_campaign_20260214\stage_a\C2\02_final_wave\emulator_scores.csv
Saved sigma calibration summary to C:\Users\Alexander\Desktop\Education\Aspa\code\output_evidence_campaign_20260214\stage_a\C2\02_final_wave\sigma_calibration_summary_iter0.csv
Saved calibrated targets to C:\Users\Alexander\Desktop\Education\Aspa\code\output_evidence_campaign_20260214\stage_a\C2\02_final_wave\targets_calibrated_iter0.json
Saved uncertainty breakdown to C:\Users\Alexander\Desktop\Education\Aspa\code\output_evidence_campaign_20260214\stage_a\C2\02_final_wave\uncertainty_components.csv
Saved history matching table to C:\Users\Alexander\Desktop\Education\Aspa\code\output_evidence_campaign_20260214\stage_a\C2\02_final_wave\history_matching.csv
Saved refined intervals to C:\Users\Alexander\Desktop\Education\Aspa\code\output_evidence_campaign_20260214\stage_a\C2\02_final_wave\refined_intervals.csv
Saved sensitivity table to C:\Users\Alexander\Desktop\Education\Aspa\code\output_evidence_campaign_20260214\stage_a\C2\02_final_wave\sensitivity_uncertainty.csv
Saved sensitivity report to C:\Users\Alexander\Desktop\Education\Aspa\code\output_evidence_campaign_20260214\stage_a\C2\02_final_wave\sensitivity_report.md
Saved 360 rows to C:\Users\Alexander\Desktop\Education\Aspa\code\output_evidence_campaign_20260214\stage_a\C2\waves\wave_03\lhs_runs_wave3.csv
Saved emulator scores to C:\Users\Alexander\Desktop\Education\Aspa\code\output_evidence_campaign_20260214\stage_a\C2\waves\wave_03\emulator_scores.csv
Saved sigma calibration summary to C:\Users\Alexander\Desktop\Education\Aspa\code\output_evidence_campaign_20260214\stage_a\C2\waves\wave_03\sigma_calibration_summary_iter0.csv
Saved calibrated targets to C:\Users\Alexander\Desktop\Education\Aspa\code\output_evidence_campaign_20260214\stage_a\C2\waves\wave_03\targets_calibrated_iter0.json
Saved uncertainty breakdown to C:\Users\Alexander\Desktop\Education\Aspa\code\output_evidence_campaign_20260214\stage_a\C2\waves\wave_03\uncertainty_components.csv
Saved history matching table to C:\Users\Alexander\Desktop\Education\Aspa\code\output_evidence_campaign_20260214\stage_a\C2\waves\wave_03\history_matching.csv
Saved refined intervals to C:\Users\Alexander\Desktop\Education\Aspa\code\output_evidence_campaign_20260214\stage_a\C2\waves\wave_03\refined_intervals.csv
Saved sensitivity table to C:\Users\Alexander\Desktop\Education\Aspa\code\output_evidence_campaign_20260214\stage_a\C2\waves\wave_03\sensitivity_uncertainty.csv
Saved sensitivity report to C:\Users\Alexander\Desktop\Education\Aspa\code\output_evidence_campaign_20260214\stage_a\C2\waves\wave_03\sensitivity_report.md
Saved emulator scores to C:\Users\Alexander\Desktop\Education\Aspa\code\output_evidence_campaign_20260214\stage_a\C2\waves\wave_03\emulator_scores.csv
Saved sigma calibration summary to C:\Users\Alexander\Desktop\Education\Aspa\code\output_evidence_campaign_20260214\stage_a\C2\waves\wave_03\sigma_calibration_summary_iter1.csv
Saved calibrated targets to C:\Users\Alexander\Desktop\Education\Aspa\code\output_evidence_campaign_20260214\stage_a\C2\waves\wave_03\targets_calibrated_iter1.json
Saved uncertainty breakdown to C:\Users\Alexander\Desktop\Education\Aspa\code\output_evidence_campaign_20260214\stage_a\C2\waves\wave_03\uncertainty_components.csv
Saved history matching table to C:\Users\Alexander\Desktop\Education\Aspa\code\output_evidence_campaign_20260214\stage_a\C2\waves\wave_03\history_matching.csv
Saved refined intervals to C:\Users\Alexander\Desktop\Education\Aspa\code\output_evidence_campaign_20260214\stage_a\C2\waves\wave_03\refined_intervals.csv
Saved sensitivity table to C:\Users\Alexander\Desktop\Education\Aspa\code\output_evidence_campaign_20260214\stage_a\C2\waves\wave_03\sensitivity_uncertainty.csv
Saved sensitivity report to C:\Users\Alexander\Desktop\Education\Aspa\code\output_evidence_campaign_20260214\stage_a\C2\waves\wave_03\sensitivity_report.md
Saved emulator scores to C:\Users\Alexander\Desktop\Education\Aspa\code\output_evidence_campaign_20260214\stage_a\C2\waves\wave_03\emulator_scores.csv
Saved sigma calibration summary to C:\Users\Alexander\Desktop\Education\Aspa\code\output_evidence_campaign_20260214\stage_a\C2\waves\wave_03\sigma_calibration_summary_iter2.csv
Saved calibrated targets to C:\Users\Alexander\Desktop\Education\Aspa\code\output_evidence_campaign_20260214\stage_a\C2\waves\wave_03\targets_calibrated_iter2.json
Saved uncertainty breakdown to C:\Users\Alexander\Desktop\Education\Aspa\code\output_evidence_campaign_20260214\stage_a\C2\waves\wave_03\uncertainty_components.csv
Saved history matching table to C:\Users\Alexander\Desktop\Education\Aspa\code\output_evidence_campaign_20260214\stage_a\C2\waves\wave_03\history_matching.csv
Saved refined intervals to C:\Users\Alexander\Desktop\Education\Aspa\code\output_evidence_campaign_20260214\stage_a\C2\waves\wave_03\refined_intervals.csv
Saved sensitivity table to C:\Users\Alexander\Desktop\Education\Aspa\code\output_evidence_campaign_20260214\stage_a\C2\waves\wave_03\sensitivity_uncertainty.csv
Saved sensitivity report to C:\Users\Alexander\Desktop\Education\Aspa\code\output_evidence_campaign_20260214\stage_a\C2\waves\wave_03\sensitivity_report.md
Saved emulator scores to C:\Users\Alexander\Desktop\Education\Aspa\code\output_evidence_campaign_20260214\stage_a\C2\waves\wave_03\emulator_scores.csv
Saved sigma calibration summary to C:\Users\Alexander\Desktop\Education\Aspa\code\output_evidence_campaign_20260214\stage_a\C2\waves\wave_03\sigma_calibration_summary_iter3.csv
Saved calibrated targets to C:\Users\Alexander\Desktop\Education\Aspa\code\output_evidence_campaign_20260214\stage_a\C2\waves\wave_03\targets_calibrated_iter3.json
Saved uncertainty breakdown to C:\Users\Alexander\Desktop\Education\Aspa\code\output_evidence_campaign_20260214\stage_a\C2\waves\wave_03\uncertainty_components.csv
Saved history matching table to C:\Users\Alexander\Desktop\Education\Aspa\code\output_evidence_campaign_20260214\stage_a\C2\waves\wave_03\history_matching.csv
Saved refined intervals to C:\Users\Alexander\Desktop\Education\Aspa\code\output_evidence_campaign_20260214\stage_a\C2\waves\wave_03\refined_intervals.csv
Saved sensitivity table to C:\Users\Alexander\Desktop\Education\Aspa\code\output_evidence_campaign_20260214\stage_a\C2\waves\wave_03\sensitivity_uncertainty.csv
Saved sensitivity report to C:\Users\Alexander\Desktop\Education\Aspa\code\output_evidence_campaign_20260214\stage_a\C2\waves\wave_03\sensitivity_report.md
[INFO] Preflight attempt 1/2 with improb_threshold=2.60
[INFO] Saved run config: C:\Users\Alexander\Desktop\Education\Aspa\code\output_evidence_campaign_20260214\stage_a\C2\run_config.json
[RUN] C:\Users\Alexander\AppData\Local\Programs\Python\Python313\python.exe scripts/run_lhs.py --n 120 --seed 0 --seeds 0,1,2 --steps 120 --window 20 --balance-ok-threshold 0.6 --format csv --output C:\Users\Alexander\Desktop\Education\Aspa\code\output_evidence_campaign_20260214\stage_a\C2\01_wave1\lhs_runs.csv
[RUN] C:\Users\Alexander\AppData\Local\Programs\Python\Python313\python.exe scripts/train_emulator.py --data C:\Users\Alexander\Desktop\Education\Aspa\code\output_evidence_campaign_20260214\stage_a\C2\01_wave1\lhs_runs.csv --targets C:\Users\Alexander\Desktop\Education\Aspa\code\scripts\targets_report.json --min-r2-for-history-matching 0.3 --improb-threshold 2.6 --ev-mode seed_replicates --ev-default-quantile 0.8 --sigma-calibration-mode fixed --sigma-calibration-summary C:\Users\Alexander\Desktop\Education\Aspa\code\output_evidence_campaign_20260214\stage_a\C2\01_wave1\sigma_calibration_summary.csv --calibrated-targets-out C:\Users\Alexander\Desktop\Education\Aspa\code\output_evidence_campaign_20260214\stage_a\C2\01_wave1\targets_calibrated.json --sa-enable --sa-domain nroy --sa-reductions 0.1,0.2,0.3,0.4 --outdir C:\Users\Alexander\Desktop\Education\Aspa\code\output_evidence_campaign_20260214\stage_a\C2\01_wave1
[RUN] C:\Users\Alexander\AppData\Local\Programs\Python\Python313\python.exe scripts/run_lhs.py --n 120 --seed 1 --seeds 0,1,2 --steps 120 --window 20 --balance-ok-threshold 0.6 --format csv --output C:\Users\Alexander\Desktop\Education\Aspa\code\output_evidence_campaign_20260214\stage_a\C2\02_final_wave\lhs_runs_wave2.csv --bounds-csv C:\Users\Alexander\Desktop\Education\Aspa\code\output_evidence_campaign_20260214\stage_a\C2\01_wave1\refined_intervals.csv --bounds-kind p05p95
[RUN] C:\Users\Alexander\AppData\Local\Programs\Python\Python313\python.exe scripts/train_emulator.py --data C:\Users\Alexander\Desktop\Education\Aspa\code\output_evidence_campaign_20260214\stage_a\C2\02_final_wave\lhs_runs_wave2.csv --targets C:\Users\Alexander\Desktop\Education\Aspa\code\output_evidence_campaign_20260214\stage_a\C2\01_wave1\targets_for_wave_final.json --min-r2-for-history-matching 0.3 --improb-threshold 2.6 --ev-mode seed_replicates --ev-default-quantile 0.8 --sigma-calibration-mode fixed --sigma-calibration-summary C:\Users\Alexander\Desktop\Education\Aspa\code\output_evidence_campaign_20260214\stage_a\C2\02_final_wave\sigma_calibration_summary_iter0.csv --calibrated-targets-out C:\Users\Alexander\Desktop\Education\Aspa\code\output_evidence_campaign_20260214\stage_a\C2\02_final_wave\targets_calibrated_iter0.json --sa-enable --sa-domain nroy --sa-reductions 0.1,0.2,0.3,0.4 --outdir C:\Users\Alexander\Desktop\Education\Aspa\code\output_evidence_campaign_20260214\stage_a\C2\02_final_wave
[RUN] C:\Users\Alexander\AppData\Local\Programs\Python\Python313\python.exe scripts/run_lhs.py --n 120 --seed 2 --seeds 0,1,2 --steps 120 --window 20 --balance-ok-threshold 0.6 --format csv --output C:\Users\Alexander\Desktop\Education\Aspa\code\output_evidence_campaign_20260214\stage_a\C2\waves\wave_03\lhs_runs_wave3.csv --bounds-csv C:\Users\Alexander\Desktop\Education\Aspa\code\output_evidence_campaign_20260214\stage_a\C2\02_final_wave\refined_intervals.csv --bounds-kind p05p95
[RUN] C:\Users\Alexander\AppData\Local\Programs\Python\Python313\python.exe scripts/train_emulator.py --data C:\Users\Alexander\Desktop\Education\Aspa\code\output_evidence_campaign_20260214\stage_a\C2\waves\wave_03\lhs_runs_wave3.csv --targets C:\Users\Alexander\Desktop\Education\Aspa\code\output_evidence_campaign_20260214\stage_a\C2\02_final_wave\targets_for_wave_final.json --min-r2-for-history-matching 0.3 --improb-threshold 2.6 --ev-mode seed_replicates --ev-default-quantile 0.8 --sigma-calibration-mode fixed --sigma-calibration-summary C:\Users\Alexander\Desktop\Education\Aspa\code\output_evidence_campaign_20260214\stage_a\C2\waves\wave_03\sigma_calibration_summary_iter0.csv --calibrated-targets-out C:\Users\Alexander\Desktop\Education\Aspa\code\output_evidence_campaign_20260214\stage_a\C2\waves\wave_03\targets_calibrated_iter0.json --sa-enable --sa-domain nroy --sa-reductions 0.1,0.2,0.3,0.4 --outdir C:\Users\Alexander\Desktop\Education\Aspa\code\output_evidence_campaign_20260214\stage_a\C2\waves\wave_03
[RUN] C:\Users\Alexander\AppData\Local\Programs\Python\Python313\python.exe scripts/train_emulator.py --data C:\Users\Alexander\Desktop\Education\Aspa\code\output_evidence_campaign_20260214\stage_a\C2\waves\wave_03\lhs_runs_wave3.csv --targets C:\Users\Alexander\Desktop\Education\Aspa\code\output_evidence_campaign_20260214\stage_a\C2\waves\wave_03\targets_tuned_iter1.json --min-r2-for-history-matching 0.3 --improb-threshold 2.6 --ev-mode seed_replicates --ev-default-quantile 0.8 --sigma-calibration-mode fixed --sigma-calibration-summary C:\Users\Alexander\Desktop\Education\Aspa\code\output_evidence_campaign_20260214\stage_a\C2\waves\wave_03\sigma_calibration_summary_iter1.csv --calibrated-targets-out C:\Users\Alexander\Desktop\Education\Aspa\code\output_evidence_campaign_20260214\stage_a\C2\waves\wave_03\targets_calibrated_iter1.json --sa-enable --sa-domain nroy --sa-reductions 0.1,0.2,0.3,0.4 --outdir C:\Users\Alexander\Desktop\Education\Aspa\code\output_evidence_campaign_20260214\stage_a\C2\waves\wave_03
[RUN] C:\Users\Alexander\AppData\Local\Programs\Python\Python313\python.exe scripts/train_emulator.py --data C:\Users\Alexander\Desktop\Education\Aspa\code\output_evidence_campaign_20260214\stage_a\C2\waves\wave_03\lhs_runs_wave3.csv --targets C:\Users\Alexander\Desktop\Education\Aspa\code\output_evidence_campaign_20260214\stage_a\C2\waves\wave_03\targets_tuned_iter2.json --min-r2-for-history-matching 0.3 --improb-threshold 2.6 --ev-mode seed_replicates --ev-default-quantile 0.8 --sigma-calibration-mode fixed --sigma-calibration-summary C:\Users\Alexander\Desktop\Education\Aspa\code\output_evidence_campaign_20260214\stage_a\C2\waves\wave_03\sigma_calibration_summary_iter2.csv --calibrated-targets-out C:\Users\Alexander\Desktop\Education\Aspa\code\output_evidence_campaign_20260214\stage_a\C2\waves\wave_03\targets_calibrated_iter2.json --sa-enable --sa-domain nroy --sa-reductions 0.1,0.2,0.3,0.4 --outdir C:\Users\Alexander\Desktop\Education\Aspa\code\output_evidence_campaign_20260214\stage_a\C2\waves\wave_03
[RUN] C:\Users\Alexander\AppData\Local\Programs\Python\Python313\python.exe scripts/train_emulator.py --data C:\Users\Alexander\Desktop\Education\Aspa\code\output_evidence_campaign_20260214\stage_a\C2\waves\wave_03\lhs_runs_wave3.csv --targets C:\Users\Alexander\Desktop\Education\Aspa\code\output_evidence_campaign_20260214\stage_a\C2\waves\wave_03\targets_tuned_iter3.json --min-r2-for-history-matching 0.3 --improb-threshold 2.6 --ev-mode seed_replicates --ev-default-quantile 0.8 --sigma-calibration-mode fixed --sigma-calibration-summary C:\Users\Alexander\Desktop\Education\Aspa\code\output_evidence_campaign_20260214\stage_a\C2\waves\wave_03\sigma_calibration_summary_iter3.csv --calibrated-targets-out C:\Users\Alexander\Desktop\Education\Aspa\code\output_evidence_campaign_20260214\stage_a\C2\waves\wave_03\targets_calibrated_iter3.json --sa-enable --sa-domain nroy --sa-reductions 0.1,0.2,0.3,0.4 --outdir C:\Users\Alexander\Desktop\Education\Aspa\code\output_evidence_campaign_20260214\stage_a\C2\waves\wave_03
[RUN] C:\Users\Alexander\AppData\Local\Programs\Python\Python313\python.exe scripts/make_report_set.py --data C:\Users\Alexander\Desktop\Education\Aspa\code\output_evidence_campaign_20260214\stage_a\C2\02_final_wave\lhs_runs_wave3.csv --history-matching C:\Users\Alexander\Desktop\Education\Aspa\code\output_evidence_campaign_20260214\stage_a\C2\02_final_wave\history_matching.csv --outdir C:\Users\Alexander\Desktop\Education\Aspa\code\output_evidence_campaign_20260214\stage_a\C2\03_report_set --n 4 --steps 220 --window 40 --seeds 0,1,2 --min-employment 45 --min-output 50 --min-consumption 50 --min-hh-deposit 0.2 --max-bank-resolved-share 0.06 --max-bank-bailedout-share 0.02 --max-haircut-mean 0.03 --max-defaults-hh-rate 0.01 --max-defaults-firm-rate 0.01 --balance-ok-threshold 0.98Saved points to C:\Users\Alexander\Desktop\Education\Aspa\code\output_evidence_campaign_20260214\stage_a\C2\03_report_set\representative_points.csv
Saved run summaries to C:\Users\Alexander\Desktop\Education\Aspa\code\output_evidence_campaign_20260214\stage_a\C2\03_report_set\representative_summary.csv
Saved C:\Users\Alexander\Desktop\Education\Aspa\code\output_evidence_campaign_20260214\stage_a\C2\03_report_set\rep_plots\rep_00.png
Saved C:\Users\Alexander\Desktop\Education\Aspa\code\output_evidence_campaign_20260214\stage_a\C2\03_report_set\rep_plots\rep_01.png
Saved C:\Users\Alexander\Desktop\Education\Aspa\code\output_evidence_campaign_20260214\stage_a\C2\03_report_set\rep_plots\rep_02.png
Saved C:\Users\Alexander\Desktop\Education\Aspa\code\output_evidence_campaign_20260214\stage_a\C2\03_report_set\rep_plots\rep_03.png
Saved report to C:\Users\Alexander\Desktop\Education\Aspa\code\output_evidence_campaign_20260214\stage_a\C2\04_master\research_core_report.md
Saved tables to C:\Users\Alexander\Desktop\Education\Aspa\code\output_evidence_campaign_20260214\stage_a\C2\04_master\research_core_tables
Saved 360 rows to C:\Users\Alexander\Desktop\Education\Aspa\code\output_evidence_campaign_20260214\stage_a\C2\01_wave1\lhs_runs.csv
Saved emulator scores to C:\Users\Alexander\Desktop\Education\Aspa\code\output_evidence_campaign_20260214\stage_a\C2\01_wave1\emulator_scores.csv
Saved sigma calibration summary to C:\Users\Alexander\Desktop\Education\Aspa\code\output_evidence_campaign_20260214\stage_a\C2\01_wave1\sigma_calibration_summary.csv
Saved calibrated targets to C:\Users\Alexander\Desktop\Education\Aspa\code\output_evidence_campaign_20260214\stage_a\C2\01_wave1\targets_calibrated.json
Saved uncertainty breakdown to C:\Users\Alexander\Desktop\Education\Aspa\code\output_evidence_campaign_20260214\stage_a\C2\01_wave1\uncertainty_components.csv
Saved history matching table to C:\Users\Alexander\Desktop\Education\Aspa\code\output_evidence_campaign_20260214\stage_a\C2\01_wave1\history_matching.csv
Saved refined intervals to C:\Users\Alexander\Desktop\Education\Aspa\code\output_evidence_campaign_20260214\stage_a\C2\01_wave1\refined_intervals.csv
Saved sensitivity table to C:\Users\Alexander\Desktop\Education\Aspa\code\output_evidence_campaign_20260214\stage_a\C2\01_wave1\sensitivity_uncertainty.csv
Saved sensitivity report to C:\Users\Alexander\Desktop\Education\Aspa\code\output_evidence_campaign_20260214\stage_a\C2\01_wave1\sensitivity_report.md
Saved 360 rows to C:\Users\Alexander\Desktop\Education\Aspa\code\output_evidence_campaign_20260214\stage_a\C2\02_final_wave\lhs_runs_wave2.csv
Saved emulator scores to C:\Users\Alexander\Desktop\Education\Aspa\code\output_evidence_campaign_20260214\stage_a\C2\02_final_wave\emulator_scores.csv
Saved sigma calibration summary to C:\Users\Alexander\Desktop\Education\Aspa\code\output_evidence_campaign_20260214\stage_a\C2\02_final_wave\sigma_calibration_summary_iter0.csv
Saved calibrated targets to C:\Users\Alexander\Desktop\Education\Aspa\code\output_evidence_campaign_20260214\stage_a\C2\02_final_wave\targets_calibrated_iter0.json
Saved uncertainty breakdown to C:\Users\Alexander\Desktop\Education\Aspa\code\output_evidence_campaign_20260214\stage_a\C2\02_final_wave\uncertainty_components.csv
Saved history matching table to C:\Users\Alexander\Desktop\Education\Aspa\code\output_evidence_campaign_20260214\stage_a\C2\02_final_wave\history_matching.csv
Saved refined intervals to C:\Users\Alexander\Desktop\Education\Aspa\code\output_evidence_campaign_20260214\stage_a\C2\02_final_wave\refined_intervals.csv
Saved sensitivity table to C:\Users\Alexander\Desktop\Education\Aspa\code\output_evidence_campaign_20260214\stage_a\C2\02_final_wave\sensitivity_uncertainty.csv
Saved sensitivity report to C:\Users\Alexander\Desktop\Education\Aspa\code\output_evidence_campaign_20260214\stage_a\C2\02_final_wave\sensitivity_report.md
Saved 360 rows to C:\Users\Alexander\Desktop\Education\Aspa\code\output_evidence_campaign_20260214\stage_a\C2\waves\wave_03\lhs_runs_wave3.csv
Saved emulator scores to C:\Users\Alexander\Desktop\Education\Aspa\code\output_evidence_campaign_20260214\stage_a\C2\waves\wave_03\emulator_scores.csv
Saved sigma calibration summary to C:\Users\Alexander\Desktop\Education\Aspa\code\output_evidence_campaign_20260214\stage_a\C2\waves\wave_03\sigma_calibration_summary_iter0.csv
Saved calibrated targets to C:\Users\Alexander\Desktop\Education\Aspa\code\output_evidence_campaign_20260214\stage_a\C2\waves\wave_03\targets_calibrated_iter0.json
Saved uncertainty breakdown to C:\Users\Alexander\Desktop\Education\Aspa\code\output_evidence_campaign_20260214\stage_a\C2\waves\wave_03\uncertainty_components.csv
Saved history matching table to C:\Users\Alexander\Desktop\Education\Aspa\code\output_evidence_campaign_20260214\stage_a\C2\waves\wave_03\history_matching.csv
Saved refined intervals to C:\Users\Alexander\Desktop\Education\Aspa\code\output_evidence_campaign_20260214\stage_a\C2\waves\wave_03\refined_intervals.csv
Saved sensitivity table to C:\Users\Alexander\Desktop\Education\Aspa\code\output_evidence_campaign_20260214\stage_a\C2\waves\wave_03\sensitivity_uncertainty.csv
Saved sensitivity report to C:\Users\Alexander\Desktop\Education\Aspa\code\output_evidence_campaign_20260214\stage_a\C2\waves\wave_03\sensitivity_report.md
Saved emulator scores to C:\Users\Alexander\Desktop\Education\Aspa\code\output_evidence_campaign_20260214\stage_a\C2\waves\wave_03\emulator_scores.csv
Saved sigma calibration summary to C:\Users\Alexander\Desktop\Education\Aspa\code\output_evidence_campaign_20260214\stage_a\C2\waves\wave_03\sigma_calibration_summary_iter1.csv
Saved calibrated targets to C:\Users\Alexander\Desktop\Education\Aspa\code\output_evidence_campaign_20260214\stage_a\C2\waves\wave_03\targets_calibrated_iter1.json
Saved uncertainty breakdown to C:\Users\Alexander\Desktop\Education\Aspa\code\output_evidence_campaign_20260214\stage_a\C2\waves\wave_03\uncertainty_components.csv
Saved history matching table to C:\Users\Alexander\Desktop\Education\Aspa\code\output_evidence_campaign_20260214\stage_a\C2\waves\wave_03\history_matching.csv
Saved refined intervals to C:\Users\Alexander\Desktop\Education\Aspa\code\output_evidence_campaign_20260214\stage_a\C2\waves\wave_03\refined_intervals.csv
Saved sensitivity table to C:\Users\Alexander\Desktop\Education\Aspa\code\output_evidence_campaign_20260214\stage_a\C2\waves\wave_03\sensitivity_uncertainty.csv
Saved sensitivity report to C:\Users\Alexander\Desktop\Education\Aspa\code\output_evidence_campaign_20260214\stage_a\C2\waves\wave_03\sensitivity_report.md
Saved emulator scores to C:\Users\Alexander\Desktop\Education\Aspa\code\output_evidence_campaign_20260214\stage_a\C2\waves\wave_03\emulator_scores.csv
Saved sigma calibration summary to C:\Users\Alexander\Desktop\Education\Aspa\code\output_evidence_campaign_20260214\stage_a\C2\waves\wave_03\sigma_calibration_summary_iter2.csv
Saved calibrated targets to C:\Users\Alexander\Desktop\Education\Aspa\code\output_evidence_campaign_20260214\stage_a\C2\waves\wave_03\targets_calibrated_iter2.json
Saved uncertainty breakdown to C:\Users\Alexander\Desktop\Education\Aspa\code\output_evidence_campaign_20260214\stage_a\C2\waves\wave_03\uncertainty_components.csv
Saved history matching table to C:\Users\Alexander\Desktop\Education\Aspa\code\output_evidence_campaign_20260214\stage_a\C2\waves\wave_03\history_matching.csv
Saved refined intervals to C:\Users\Alexander\Desktop\Education\Aspa\code\output_evidence_campaign_20260214\stage_a\C2\waves\wave_03\refined_intervals.csv
Saved sensitivity table to C:\Users\Alexander\Desktop\Education\Aspa\code\output_evidence_campaign_20260214\stage_a\C2\waves\wave_03\sensitivity_uncertainty.csv
Saved sensitivity report to C:\Users\Alexander\Desktop\Education\Aspa\code\output_evidence_campaign_20260214\stage_a\C2\waves\wave_03\sensitivity_report.md

[RUN] C:\Users\Alexander\AppData\Local\Programs\Python\Python313\python.exe scripts/plot_report_runs.py --runs-dir C:\Users\Alexander\Desktop\Education\Aspa\code\output_evidence_campaign_20260214\stage_a\C2\03_report_set --out C:\Users\Alexander\Desktop\Education\Aspa\code\output_evidence_campaign_20260214\stage_a\C2\03_report_set\rep_plots
[RUN] C:\Users\Alexander\AppData\Local\Programs\Python\Python313\python.exe scripts/make_research_master_report.py --root C:\Users\Alexander\Desktop\Education\Aspa\code\output_evidence_campaign_20260214\stage_a\C2 --run-config C:\Users\Alexander\Desktop\Education\Aspa\code\output_evidence_campaign_20260214\stage_a\C2\run_config.json --out C:\Users\Alexander\Desktop\Education\Aspa\code\output_evidence_campaign_20260214\stage_a\C2\04_master\research_core_report.md --tables-dir C:\Users\Alexander\Desktop\Education\Aspa\code\output_evidence_campaign_20260214\stage_a\C2\04_master\research_core_tables --confirmatory-summary C:\Users\Alexander\Desktop\Education\Aspa\code\output_evidence_campaign_20260214\stage_a\C2\04_master\confirmatory_summary.json --waves-summary C:\Users\Alexander\Desktop\Education\Aspa\code\output_evidence_campaign_20260214\stage_a\C2\waves_summary.csv --stopping-diagnostics C:\Users\Alexander\Desktop\Education\Aspa\code\output_evidence_campaign_20260214\stage_a\C2\stopping_diagnostics.json
[INFO] Preflight attempt 2/2 with improb_threshold=2.75
[INFO] Saved run config: C:\Users\Alexander\Desktop\Education\Aspa\code\output_evidence_campaign_20260214\stage_a\C2\run_config.json
[RUN] C:\Users\Alexander\AppData\Local\Programs\Python\Python313\python.exe scripts/run_lhs.py --n 120 --seed 0 --seeds 0,1,2 --steps 120 --window 20 --balance-ok-threshold 0.6 --format csv --output C:\Users\Alexander\Desktop\Education\Aspa\code\output_evidence_campaign_20260214\stage_a\C2\01_wave1\lhs_runs.csv
[RUN] C:\Users\Alexander\AppData\Local\Programs\Python\Python313\python.exe scripts/train_emulator.py --data C:\Users\Alexander\Desktop\Education\Aspa\code\output_evidence_campaign_20260214\stage_a\C2\01_wave1\lhs_runs.csv --targets C:\Users\Alexander\Desktop\Education\Aspa\code\scripts\targets_report.json --min-r2-for-history-matching 0.3 --improb-threshold 2.75 --ev-mode seed_replicates --ev-default-quantile 0.8 --sigma-calibration-mode fixed --sigma-calibration-summary C:\Users\Alexander\Desktop\Education\Aspa\code\output_evidence_campaign_20260214\stage_a\C2\01_wave1\sigma_calibration_summary.csv --calibrated-targets-out C:\Users\Alexander\Desktop\Education\Aspa\code\output_evidence_campaign_20260214\stage_a\C2\01_wave1\targets_calibrated.json --sa-enable --sa-domain nroy --sa-reductions 0.1,0.2,0.3,0.4 --outdir C:\Users\Alexander\Desktop\Education\Aspa\code\output_evidence_campaign_20260214\stage_a\C2\01_wave1
[RUN] C:\Users\Alexander\AppData\Local\Programs\Python\Python313\python.exe scripts/run_lhs.py --n 120 --seed 1 --seeds 0,1,2 --steps 120 --window 20 --balance-ok-threshold 0.6 --format csv --output C:\Users\Alexander\Desktop\Education\Aspa\code\output_evidence_campaign_20260214\stage_a\C2\02_final_wave\lhs_runs_wave2.csv --bounds-csv C:\Users\Alexander\Desktop\Education\Aspa\code\output_evidence_campaign_20260214\stage_a\C2\01_wave1\refined_intervals.csv --bounds-kind p05p95
[RUN] C:\Users\Alexander\AppData\Local\Programs\Python\Python313\python.exe scripts/train_emulator.py --data C:\Users\Alexander\Desktop\Education\Aspa\code\output_evidence_campaign_20260214\stage_a\C2\02_final_wave\lhs_runs_wave2.csv --targets C:\Users\Alexander\Desktop\Education\Aspa\code\output_evidence_campaign_20260214\stage_a\C2\01_wave1\targets_for_wave_final.json --min-r2-for-history-matching 0.3 --improb-threshold 2.75 --ev-mode seed_replicates --ev-default-quantile 0.8 --sigma-calibration-mode fixed --sigma-calibration-summary C:\Users\Alexander\Desktop\Education\Aspa\code\output_evidence_campaign_20260214\stage_a\C2\02_final_wave\sigma_calibration_summary_iter0.csv --calibrated-targets-out C:\Users\Alexander\Desktop\Education\Aspa\code\output_evidence_campaign_20260214\stage_a\C2\02_final_wave\targets_calibrated_iter0.json --sa-enable --sa-domain nroy --sa-reductions 0.1,0.2,0.3,0.4 --outdir C:\Users\Alexander\Desktop\Education\Aspa\code\output_evidence_campaign_20260214\stage_a\C2\02_final_wave
[RUN] C:\Users\Alexander\AppData\Local\Programs\Python\Python313\python.exe scripts/run_lhs.py --n 120 --seed 2 --seeds 0,1,2 --steps 120 --window 20 --balance-ok-threshold 0.6 --format csv --output C:\Users\Alexander\Desktop\Education\Aspa\code\output_evidence_campaign_20260214\stage_a\C2\waves\wave_03\lhs_runs_wave3.csv --bounds-csv C:\Users\Alexander\Desktop\Education\Aspa\code\output_evidence_campaign_20260214\stage_a\C2\02_final_wave\refined_intervals.csv --bounds-kind p05p95
[RUN] C:\Users\Alexander\AppData\Local\Programs\Python\Python313\python.exe scripts/train_emulator.py --data C:\Users\Alexander\Desktop\Education\Aspa\code\output_evidence_campaign_20260214\stage_a\C2\waves\wave_03\lhs_runs_wave3.csv --targets C:\Users\Alexander\Desktop\Education\Aspa\code\output_evidence_campaign_20260214\stage_a\C2\02_final_wave\targets_for_wave_final.json --min-r2-for-history-matching 0.3 --improb-threshold 2.75 --ev-mode seed_replicates --ev-default-quantile 0.8 --sigma-calibration-mode fixed --sigma-calibration-summary C:\Users\Alexander\Desktop\Education\Aspa\code\output_evidence_campaign_20260214\stage_a\C2\waves\wave_03\sigma_calibration_summary_iter0.csv --calibrated-targets-out C:\Users\Alexander\Desktop\Education\Aspa\code\output_evidence_campaign_20260214\stage_a\C2\waves\wave_03\targets_calibrated_iter0.json --sa-enable --sa-domain nroy --sa-reductions 0.1,0.2,0.3,0.4 --outdir C:\Users\Alexander\Desktop\Education\Aspa\code\output_evidence_campaign_20260214\stage_a\C2\waves\wave_03
[RUN] C:\Users\Alexander\AppData\Local\Programs\Python\Python313\python.exe scripts/train_emulator.py --data C:\Users\Alexander\Desktop\Education\Aspa\code\output_evidence_campaign_20260214\stage_a\C2\waves\wave_03\lhs_runs_wave3.csv --targets C:\Users\Alexander\Desktop\Education\Aspa\code\output_evidence_campaign_20260214\stage_a\C2\waves\wave_03\targets_tuned_iter1.json --min-r2-for-history-matching 0.3 --improb-threshold 2.75 --ev-mode seed_replicates --ev-default-quantile 0.8 --sigma-calibration-mode fixed --sigma-calibration-summary C:\Users\Alexander\Desktop\Education\Aspa\code\output_evidence_campaign_20260214\stage_a\C2\waves\wave_03\sigma_calibration_summary_iter1.csv --calibrated-targets-out C:\Users\Alexander\Desktop\Education\Aspa\code\output_evidence_campaign_20260214\stage_a\C2\waves\wave_03\targets_calibrated_iter1.json --sa-enable --sa-domain nroy --sa-reductions 0.1,0.2,0.3,0.4 --outdir C:\Users\Alexander\Desktop\Education\Aspa\code\output_evidence_campaign_20260214\stage_a\C2\waves\wave_03
[RUN] C:\Users\Alexander\AppData\Local\Programs\Python\Python313\python.exe scripts/train_emulator.py --data C:\Users\Alexander\Desktop\Education\Aspa\code\output_evidence_campaign_20260214\stage_a\C2\waves\wave_03\lhs_runs_wave3.csv --targets C:\Users\Alexander\Desktop\Education\Aspa\code\output_evidence_campaign_20260214\stage_a\C2\waves\wave_03\targets_tuned_iter2.json --min-r2-for-history-matching 0.3 --improb-threshold 2.75 --ev-mode seed_replicates --ev-default-quantile 0.8 --sigma-calibration-mode fixed --sigma-calibration-summary C:\Users\Alexander\Desktop\Education\Aspa\code\output_evidence_campaign_20260214\stage_a\C2\waves\wave_03\sigma_calibration_summary_iter2.csv --calibrated-targets-out C:\Users\Alexander\Desktop\Education\Aspa\code\output_evidence_campaign_20260214\stage_a\C2\waves\wave_03\targets_calibrated_iter2.json --sa-enable --sa-domain nroy --sa-reductions 0.1,0.2,0.3,0.4 --outdir C:\Users\Alexander\Desktop\Education\Aspa\code\output_evidence_campaign_20260214\stage_a\C2\waves\wave_03
[RUN] C:\Users\Alexander\AppData\Local\Programs\Python\Python313\python.exe scripts/train_emulator.py --data C:\Users\Alexander\Desktop\Education\Aspa\code\output_evidence_campaign_20260214\stage_a\C2\waves\wave_03\lhs_runs_wave3.csv --targets C:\Users\Alexander\Desktop\Education\Aspa\code\output_evidence_campaign_20260214\stage_a\C2\waves\wave_03\targets_tuned_iter3.json --min-r2-for-history-matching 0.3 --improb-threshold 2.75 --ev-mode seed_replicates --ev-default-quantile 0.8 --sigma-calibration-mode fixed --sigma-calibration-summary C:\Users\Alexander\Desktop\Education\Aspa\code\output_evidence_campaign_20260214\stage_a\C2\waves\wave_03\sigma_calibration_summary_iter3.csv --calibrated-targets-out C:\Users\Alexander\Desktop\Education\Aspa\code\output_evidence_campaign_20260214\stage_a\C2\waves\wave_03\targets_calibrated_iter3.json --sa-enable --sa-domain nroy --sa-reductions 0.1,0.2,0.3,0.4 --outdir C:\Users\Alexander\Desktop\Education\Aspa\code\output_evidence_campaign_20260214\stage_a\C2\waves\wave_03Saved emulator scores to C:\Users\Alexander\Desktop\Education\Aspa\code\output_evidence_campaign_20260214\stage_a\C2\waves\wave_03\emulator_scores.csv
Saved sigma calibration summary to C:\Users\Alexander\Desktop\Education\Aspa\code\output_evidence_campaign_20260214\stage_a\C2\waves\wave_03\sigma_calibration_summary_iter3.csv
Saved calibrated targets to C:\Users\Alexander\Desktop\Education\Aspa\code\output_evidence_campaign_20260214\stage_a\C2\waves\wave_03\targets_calibrated_iter3.json
Saved uncertainty breakdown to C:\Users\Alexander\Desktop\Education\Aspa\code\output_evidence_campaign_20260214\stage_a\C2\waves\wave_03\uncertainty_components.csv
Saved history matching table to C:\Users\Alexander\Desktop\Education\Aspa\code\output_evidence_campaign_20260214\stage_a\C2\waves\wave_03\history_matching.csv
Saved refined intervals to C:\Users\Alexander\Desktop\Education\Aspa\code\output_evidence_campaign_20260214\stage_a\C2\waves\wave_03\refined_intervals.csv
Saved sensitivity table to C:\Users\Alexander\Desktop\Education\Aspa\code\output_evidence_campaign_20260214\stage_a\C2\waves\wave_03\sensitivity_uncertainty.csv
Saved sensitivity report to C:\Users\Alexander\Desktop\Education\Aspa\code\output_evidence_campaign_20260214\stage_a\C2\waves\wave_03\sensitivity_report.md
Saved points to C:\Users\Alexander\Desktop\Education\Aspa\code\output_evidence_campaign_20260214\stage_a\C2\03_report_set\representative_points.csv
Saved run summaries to C:\Users\Alexander\Desktop\Education\Aspa\code\output_evidence_campaign_20260214\stage_a\C2\03_report_set\representative_summary.csv
Saved C:\Users\Alexander\Desktop\Education\Aspa\code\output_evidence_campaign_20260214\stage_a\C2\03_report_set\rep_plots\rep_00.png
Saved C:\Users\Alexander\Desktop\Education\Aspa\code\output_evidence_campaign_20260214\stage_a\C2\03_report_set\rep_plots\rep_01.png
Saved C:\Users\Alexander\Desktop\Education\Aspa\code\output_evidence_campaign_20260214\stage_a\C2\03_report_set\rep_plots\rep_02.png
Saved C:\Users\Alexander\Desktop\Education\Aspa\code\output_evidence_campaign_20260214\stage_a\C2\03_report_set\rep_plots\rep_03.png
Saved report to C:\Users\Alexander\Desktop\Education\Aspa\code\output_evidence_campaign_20260214\stage_a\C2\04_master\research_core_report.md
Saved tables to C:\Users\Alexander\Desktop\Education\Aspa\code\output_evidence_campaign_20260214\stage_a\C2\04_master\research_core_tables

[RUN] C:\Users\Alexander\AppData\Local\Programs\Python\Python313\python.exe scripts/make_report_set.py --data C:\Users\Alexander\Desktop\Education\Aspa\code\output_evidence_campaign_20260214\stage_a\C2\02_final_wave\lhs_runs_wave3.csv --history-matching C:\Users\Alexander\Desktop\Education\Aspa\code\output_evidence_campaign_20260214\stage_a\C2\02_final_wave\history_matching.csv --outdir C:\Users\Alexander\Desktop\Education\Aspa\code\output_evidence_campaign_20260214\stage_a\C2\03_report_set --n 4 --steps 220 --window 40 --seeds 0,1,2 --min-employment 45 --min-output 50 --min-consumption 50 --min-hh-deposit 0.2 --max-bank-resolved-share 0.06 --max-bank-bailedout-share 0.02 --max-haircut-mean 0.03 --max-defaults-hh-rate 0.01 --max-defaults-firm-rate 0.01 --balance-ok-threshold 0.98
[RUN] C:\Users\Alexander\AppData\Local\Programs\Python\Python313\python.exe scripts/plot_report_runs.py --runs-dir C:\Users\Alexander\Desktop\Education\Aspa\code\output_evidence_campaign_20260214\stage_a\C2\03_report_set --out C:\Users\Alexander\Desktop\Education\Aspa\code\output_evidence_campaign_20260214\stage_a\C2\03_report_set\rep_plots
[RUN] C:\Users\Alexander\AppData\Local\Programs\Python\Python313\python.exe scripts/make_research_master_report.py --root C:\Users\Alexander\Desktop\Education\Aspa\code\output_evidence_campaign_20260214\stage_a\C2 --run-config C:\Users\Alexander\Desktop\Education\Aspa\code\output_evidence_campaign_20260214\stage_a\C2\run_config.json --out C:\Users\Alexander\Desktop\Education\Aspa\code\output_evidence_campaign_20260214\stage_a\C2\04_master\research_core_report.md --tables-dir C:\Users\Alexander\Desktop\Education\Aspa\code\output_evidence_campaign_20260214\stage_a\C2\04_master\research_core_tables --confirmatory-summary C:\Users\Alexander\Desktop\Education\Aspa\code\output_evidence_campaign_20260214\stage_a\C2\04_master\confirmatory_summary.json --waves-summary C:\Users\Alexander\Desktop\Education\Aspa\code\output_evidence_campaign_20260214\stage_a\C2\waves_summary.csv --stopping-diagnostics C:\Users\Alexander\Desktop\Education\Aspa\code\output_evidence_campaign_20260214\stage_a\C2\stopping_diagnostics.json
[WARN] Preflight failed after retry; overnight full run is blocked.
[INFO] Saved go/no-go status: C:\Users\Alexander\Desktop\Education\Aspa\code\output_evidence_campaign_20260214\stage_a\C2\go_no_go_status.json
[DONE] Preflight flow completed.
Saved 360 rows to C:\Users\Alexander\Desktop\Education\Aspa\code\output_evidence_campaign_20260214\stage_a\C3\01_wave1\lhs_runs.csv
Saved emulator scores to C:\Users\Alexander\Desktop\Education\Aspa\code\output_evidence_campaign_20260214\stage_a\C3\01_wave1\emulator_scores.csv
Saved sigma calibration summary to C:\Users\Alexander\Desktop\Education\Aspa\code\output_evidence_campaign_20260214\stage_a\C3\01_wave1\sigma_calibration_summary.csv
Saved calibrated targets to C:\Users\Alexander\Desktop\Education\Aspa\code\output_evidence_campaign_20260214\stage_a\C3\01_wave1\targets_calibrated.json
Saved uncertainty breakdown to C:\Users\Alexander\Desktop\Education\Aspa\code\output_evidence_campaign_20260214\stage_a\C3\01_wave1\uncertainty_components.csv
Saved history matching table to C:\Users\Alexander\Desktop\Education\Aspa\code\output_evidence_campaign_20260214\stage_a\C3\01_wave1\history_matching.csv
Saved refined intervals to C:\Users\Alexander\Desktop\Education\Aspa\code\output_evidence_campaign_20260214\stage_a\C3\01_wave1\refined_intervals.csv
Saved sensitivity table to C:\Users\Alexander\Desktop\Education\Aspa\code\output_evidence_campaign_20260214\stage_a\C3\01_wave1\sensitivity_uncertainty.csv
Saved sensitivity report to C:\Users\Alexander\Desktop\Education\Aspa\code\output_evidence_campaign_20260214\stage_a\C3\01_wave1\sensitivity_report.md
Saved 360 rows to C:\Users\Alexander\Desktop\Education\Aspa\code\output_evidence_campaign_20260214\stage_a\C3\02_final_wave\lhs_runs_wave2.csv
Saved emulator scores to C:\Users\Alexander\Desktop\Education\Aspa\code\output_evidence_campaign_20260214\stage_a\C3\02_final_wave\emulator_scores.csv
Saved sigma calibration summary to C:\Users\Alexander\Desktop\Education\Aspa\code\output_evidence_campaign_20260214\stage_a\C3\02_final_wave\sigma_calibration_summary_iter0.csv
Saved calibrated targets to C:\Users\Alexander\Desktop\Education\Aspa\code\output_evidence_campaign_20260214\stage_a\C3\02_final_wave\targets_calibrated_iter0.json
Saved uncertainty breakdown to C:\Users\Alexander\Desktop\Education\Aspa\code\output_evidence_campaign_20260214\stage_a\C3\02_final_wave\uncertainty_components.csv
Saved history matching table to C:\Users\Alexander\Desktop\Education\Aspa\code\output_evidence_campaign_20260214\stage_a\C3\02_final_wave\history_matching.csv
Saved refined intervals to C:\Users\Alexander\Desktop\Education\Aspa\code\output_evidence_campaign_20260214\stage_a\C3\02_final_wave\refined_intervals.csv
Saved sensitivity table to C:\Users\Alexander\Desktop\Education\Aspa\code\output_evidence_campaign_20260214\stage_a\C3\02_final_wave\sensitivity_uncertainty.csv
Saved sensitivity report to C:\Users\Alexander\Desktop\Education\Aspa\code\output_evidence_campaign_20260214\stage_a\C3\02_final_wave\sensitivity_report.md
Saved 360 rows to C:\Users\Alexander\Desktop\Education\Aspa\code\output_evidence_campaign_20260214\stage_a\C3\waves\wave_03\lhs_runs_wave3.csv
Saved emulator scores to C:\Users\Alexander\Desktop\Education\Aspa\code\output_evidence_campaign_20260214\stage_a\C3\waves\wave_03\emulator_scores.csv
Saved sigma calibration summary to C:\Users\Alexander\Desktop\Education\Aspa\code\output_evidence_campaign_20260214\stage_a\C3\waves\wave_03\sigma_calibration_summary_iter0.csv
Saved calibrated targets to C:\Users\Alexander\Desktop\Education\Aspa\code\output_evidence_campaign_20260214\stage_a\C3\waves\wave_03\targets_calibrated_iter0.json
Saved uncertainty breakdown to C:\Users\Alexander\Desktop\Education\Aspa\code\output_evidence_campaign_20260214\stage_a\C3\waves\wave_03\uncertainty_components.csv
Saved history matching table to C:\Users\Alexander\Desktop\Education\Aspa\code\output_evidence_campaign_20260214\stage_a\C3\waves\wave_03\history_matching.csv
Saved refined intervals to C:\Users\Alexander\Desktop\Education\Aspa\code\output_evidence_campaign_20260214\stage_a\C3\waves\wave_03\refined_intervals.csv
Saved sensitivity table to C:\Users\Alexander\Desktop\Education\Aspa\code\output_evidence_campaign_20260214\stage_a\C3\waves\wave_03\sensitivity_uncertainty.csv
Saved sensitivity report to C:\Users\Alexander\Desktop\Education\Aspa\code\output_evidence_campaign_20260214\stage_a\C3\waves\wave_03\sensitivity_report.md
Saved emulator scores to C:\Users\Alexander\Desktop\Education\Aspa\code\output_evidence_campaign_20260214\stage_a\C3\waves\wave_03\emulator_scores.csv
Saved sigma calibration summary to C:\Users\Alexander\Desktop\Education\Aspa\code\output_evidence_campaign_20260214\stage_a\C3\waves\wave_03\sigma_calibration_summary_iter1.csv
Saved calibrated targets to C:\Users\Alexander\Desktop\Education\Aspa\code\output_evidence_campaign_20260214\stage_a\C3\waves\wave_03\targets_calibrated_iter1.json
Saved uncertainty breakdown to C:\Users\Alexander\Desktop\Education\Aspa\code\output_evidence_campaign_20260214\stage_a\C3\waves\wave_03\uncertainty_components.csv
Saved history matching table to C:\Users\Alexander\Desktop\Education\Aspa\code\output_evidence_campaign_20260214\stage_a\C3\waves\wave_03\history_matching.csv
Saved refined intervals to C:\Users\Alexander\Desktop\Education\Aspa\code\output_evidence_campaign_20260214\stage_a\C3\waves\wave_03\refined_intervals.csv
Saved sensitivity table to C:\Users\Alexander\Desktop\Education\Aspa\code\output_evidence_campaign_20260214\stage_a\C3\waves\wave_03\sensitivity_uncertainty.csv
Saved sensitivity report to C:\Users\Alexander\Desktop\Education\Aspa\code\output_evidence_campaign_20260214\stage_a\C3\waves\wave_03\sensitivity_report.md
Saved emulator scores to C:\Users\Alexander\Desktop\Education\Aspa\code\output_evidence_campaign_20260214\stage_a\C3\waves\wave_03\emulator_scores.csv
Saved sigma calibration summary to C:\Users\Alexander\Desktop\Education\Aspa\code\output_evidence_campaign_20260214\stage_a\C3\waves\wave_03\sigma_calibration_summary_iter2.csv
Saved calibrated targets to C:\Users\Alexander\Desktop\Education\Aspa\code\output_evidence_campaign_20260214\stage_a\C3\waves\wave_03\targets_calibrated_iter2.json
Saved uncertainty breakdown to C:\Users\Alexander\Desktop\Education\Aspa\code\output_evidence_campaign_20260214\stage_a\C3\waves\wave_03\uncertainty_components.csv
Saved history matching table to C:\Users\Alexander\Desktop\Education\Aspa\code\output_evidence_campaign_20260214\stage_a\C3\waves\wave_03\history_matching.csv
Saved refined intervals to C:\Users\Alexander\Desktop\Education\Aspa\code\output_evidence_campaign_20260214\stage_a\C3\waves\wave_03\refined_intervals.csv
Saved sensitivity table to C:\Users\Alexander\Desktop\Education\Aspa\code\output_evidence_campaign_20260214\stage_a\C3\waves\wave_03\sensitivity_uncertainty.csv
Saved sensitivity report to C:\Users\Alexander\Desktop\Education\Aspa\code\output_evidence_campaign_20260214\stage_a\C3\waves\wave_03\sensitivity_report.md
Saved emulator scores to C:\Users\Alexander\Desktop\Education\Aspa\code\output_evidence_campaign_20260214\stage_a\C3\waves\wave_03\emulator_scores.csv
Saved sigma calibration summary to C:\Users\Alexander\Desktop\Education\Aspa\code\output_evidence_campaign_20260214\stage_a\C3\waves\wave_03\sigma_calibration_summary_iter3.csv
Saved calibrated targets to C:\Users\Alexander\Desktop\Education\Aspa\code\output_evidence_campaign_20260214\stage_a\C3\waves\wave_03\targets_calibrated_iter3.json
Saved uncertainty breakdown to C:\Users\Alexander\Desktop\Education\Aspa\code\output_evidence_campaign_20260214\stage_a\C3\waves\wave_03\uncertainty_components.csv
Saved history matching table to C:\Users\Alexander\Desktop\Education\Aspa\code\output_evidence_campaign_20260214\stage_a\C3\waves\wave_03\history_matching.csv
Saved refined intervals to C:\Users\Alexander\Desktop\Education\Aspa\code\output_evidence_campaign_20260214\stage_a\C3\waves\wave_03\refined_intervals.csv
Saved sensitivity table to C:\Users\Alexander\Desktop\Education\Aspa\code\output_evidence_campaign_20260214\stage_a\C3\waves\wave_03\sensitivity_uncertainty.csv
Saved sensitivity report to C:\Users\Alexander\Desktop\Education\Aspa\code\output_evidence_campaign_20260214\stage_a\C3\waves\wave_03\sensitivity_report.md
[INFO] Preflight attempt 1/2 with improb_threshold=2.60
[INFO] Saved run config: C:\Users\Alexander\Desktop\Education\Aspa\code\output_evidence_campaign_20260214\stage_a\C3\run_config.json
[RUN] C:\Users\Alexander\AppData\Local\Programs\Python\Python313\python.exe scripts/run_lhs.py --n 120 --seed 0 --seeds 0,1,2 --steps 120 --window 20 --balance-ok-threshold 0.6 --format csv --output C:\Users\Alexander\Desktop\Education\Aspa\code\output_evidence_campaign_20260214\stage_a\C3\01_wave1\lhs_runs.csv
[RUN] C:\Users\Alexander\AppData\Local\Programs\Python\Python313\python.exe scripts/train_emulator.py --data C:\Users\Alexander\Desktop\Education\Aspa\code\output_evidence_campaign_20260214\stage_a\C3\01_wave1\lhs_runs.csv --targets C:\Users\Alexander\Desktop\Education\Aspa\code\scripts\targets_report.json --min-r2-for-history-matching 0.3 --improb-threshold 2.6 --ev-mode seed_replicates --ev-default-quantile 0.85 --sigma-calibration-mode fixed --sigma-calibration-summary C:\Users\Alexander\Desktop\Education\Aspa\code\output_evidence_campaign_20260214\stage_a\C3\01_wave1\sigma_calibration_summary.csv --calibrated-targets-out C:\Users\Alexander\Desktop\Education\Aspa\code\output_evidence_campaign_20260214\stage_a\C3\01_wave1\targets_calibrated.json --sa-enable --sa-domain nroy --sa-reductions 0.1,0.2,0.3,0.4 --outdir C:\Users\Alexander\Desktop\Education\Aspa\code\output_evidence_campaign_20260214\stage_a\C3\01_wave1
[RUN] C:\Users\Alexander\AppData\Local\Programs\Python\Python313\python.exe scripts/run_lhs.py --n 120 --seed 1 --seeds 0,1,2 --steps 120 --window 20 --balance-ok-threshold 0.6 --format csv --output C:\Users\Alexander\Desktop\Education\Aspa\code\output_evidence_campaign_20260214\stage_a\C3\02_final_wave\lhs_runs_wave2.csv --bounds-csv C:\Users\Alexander\Desktop\Education\Aspa\code\output_evidence_campaign_20260214\stage_a\C3\01_wave1\refined_intervals.csv --bounds-kind p05p95
[RUN] C:\Users\Alexander\AppData\Local\Programs\Python\Python313\python.exe scripts/train_emulator.py --data C:\Users\Alexander\Desktop\Education\Aspa\code\output_evidence_campaign_20260214\stage_a\C3\02_final_wave\lhs_runs_wave2.csv --targets C:\Users\Alexander\Desktop\Education\Aspa\code\output_evidence_campaign_20260214\stage_a\C3\01_wave1\targets_for_wave_final.json --min-r2-for-history-matching 0.3 --improb-threshold 2.6 --ev-mode seed_replicates --ev-default-quantile 0.85 --sigma-calibration-mode fixed --sigma-calibration-summary C:\Users\Alexander\Desktop\Education\Aspa\code\output_evidence_campaign_20260214\stage_a\C3\02_final_wave\sigma_calibration_summary_iter0.csv --calibrated-targets-out C:\Users\Alexander\Desktop\Education\Aspa\code\output_evidence_campaign_20260214\stage_a\C3\02_final_wave\targets_calibrated_iter0.json --sa-enable --sa-domain nroy --sa-reductions 0.1,0.2,0.3,0.4 --outdir C:\Users\Alexander\Desktop\Education\Aspa\code\output_evidence_campaign_20260214\stage_a\C3\02_final_wave
[RUN] C:\Users\Alexander\AppData\Local\Programs\Python\Python313\python.exe scripts/run_lhs.py --n 120 --seed 2 --seeds 0,1,2 --steps 120 --window 20 --balance-ok-threshold 0.6 --format csv --output C:\Users\Alexander\Desktop\Education\Aspa\code\output_evidence_campaign_20260214\stage_a\C3\waves\wave_03\lhs_runs_wave3.csv --bounds-csv C:\Users\Alexander\Desktop\Education\Aspa\code\output_evidence_campaign_20260214\stage_a\C3\02_final_wave\refined_intervals.csv --bounds-kind p05p95
[RUN] C:\Users\Alexander\AppData\Local\Programs\Python\Python313\python.exe scripts/train_emulator.py --data C:\Users\Alexander\Desktop\Education\Aspa\code\output_evidence_campaign_20260214\stage_a\C3\waves\wave_03\lhs_runs_wave3.csv --targets C:\Users\Alexander\Desktop\Education\Aspa\code\output_evidence_campaign_20260214\stage_a\C3\02_final_wave\targets_for_wave_final.json --min-r2-for-history-matching 0.3 --improb-threshold 2.6 --ev-mode seed_replicates --ev-default-quantile 0.85 --sigma-calibration-mode fixed --sigma-calibration-summary C:\Users\Alexander\Desktop\Education\Aspa\code\output_evidence_campaign_20260214\stage_a\C3\waves\wave_03\sigma_calibration_summary_iter0.csv --calibrated-targets-out C:\Users\Alexander\Desktop\Education\Aspa\code\output_evidence_campaign_20260214\stage_a\C3\waves\wave_03\targets_calibrated_iter0.json --sa-enable --sa-domain nroy --sa-reductions 0.1,0.2,0.3,0.4 --outdir C:\Users\Alexander\Desktop\Education\Aspa\code\output_evidence_campaign_20260214\stage_a\C3\waves\wave_03
[RUN] C:\Users\Alexander\AppData\Local\Programs\Python\Python313\python.exe scripts/train_emulator.py --data C:\Users\Alexander\Desktop\Education\Aspa\code\output_evidence_campaign_20260214\stage_a\C3\waves\wave_03\lhs_runs_wave3.csv --targets C:\Users\Alexander\Desktop\Education\Aspa\code\output_evidence_campaign_20260214\stage_a\C3\waves\wave_03\targets_tuned_iter1.json --min-r2-for-history-matching 0.3 --improb-threshold 2.6 --ev-mode seed_replicates --ev-default-quantile 0.85 --sigma-calibration-mode fixed --sigma-calibration-summary C:\Users\Alexander\Desktop\Education\Aspa\code\output_evidence_campaign_20260214\stage_a\C3\waves\wave_03\sigma_calibration_summary_iter1.csv --calibrated-targets-out C:\Users\Alexander\Desktop\Education\Aspa\code\output_evidence_campaign_20260214\stage_a\C3\waves\wave_03\targets_calibrated_iter1.json --sa-enable --sa-domain nroy --sa-reductions 0.1,0.2,0.3,0.4 --outdir C:\Users\Alexander\Desktop\Education\Aspa\code\output_evidence_campaign_20260214\stage_a\C3\waves\wave_03
[RUN] C:\Users\Alexander\AppData\Local\Programs\Python\Python313\python.exe scripts/train_emulator.py --data C:\Users\Alexander\Desktop\Education\Aspa\code\output_evidence_campaign_20260214\stage_a\C3\waves\wave_03\lhs_runs_wave3.csv --targets C:\Users\Alexander\Desktop\Education\Aspa\code\output_evidence_campaign_20260214\stage_a\C3\waves\wave_03\targets_tuned_iter2.json --min-r2-for-history-matching 0.3 --improb-threshold 2.6 --ev-mode seed_replicates --ev-default-quantile 0.85 --sigma-calibration-mode fixed --sigma-calibration-summary C:\Users\Alexander\Desktop\Education\Aspa\code\output_evidence_campaign_20260214\stage_a\C3\waves\wave_03\sigma_calibration_summary_iter2.csv --calibrated-targets-out C:\Users\Alexander\Desktop\Education\Aspa\code\output_evidence_campaign_20260214\stage_a\C3\waves\wave_03\targets_calibrated_iter2.json --sa-enable --sa-domain nroy --sa-reductions 0.1,0.2,0.3,0.4 --outdir C:\Users\Alexander\Desktop\Education\Aspa\code\output_evidence_campaign_20260214\stage_a\C3\waves\wave_03
[RUN] C:\Users\Alexander\AppData\Local\Programs\Python\Python313\python.exe scripts/train_emulator.py --data C:\Users\Alexander\Desktop\Education\Aspa\code\output_evidence_campaign_20260214\stage_a\C3\waves\wave_03\lhs_runs_wave3.csv --targets C:\Users\Alexander\Desktop\Education\Aspa\code\output_evidence_campaign_20260214\stage_a\C3\waves\wave_03\targets_tuned_iter3.json --min-r2-for-history-matching 0.3 --improb-threshold 2.6 --ev-mode seed_replicates --ev-default-quantile 0.85 --sigma-calibration-mode fixed --sigma-calibration-summary C:\Users\Alexander\Desktop\Education\Aspa\code\output_evidence_campaign_20260214\stage_a\C3\waves\wave_03\sigma_calibration_summary_iter3.csv --calibrated-targets-out C:\Users\Alexander\Desktop\Education\Aspa\code\output_evidence_campaign_20260214\stage_a\C3\waves\wave_03\targets_calibrated_iter3.json --sa-enable --sa-domain nroy --sa-reductions 0.1,0.2,0.3,0.4 --outdir C:\Users\Alexander\Desktop\Education\Aspa\code\output_evidence_campaign_20260214\stage_a\C3\waves\wave_03
[RUN] C:\Users\Alexander\AppData\Local\Programs\Python\Python313\python.exe scripts/make_report_set.py --data C:\Users\Alexander\Desktop\Education\Aspa\code\output_evidence_campaign_20260214\stage_a\C3\02_final_wave\lhs_runs_wave3.csv --history-matching C:\Users\Alexander\Desktop\Education\Aspa\code\output_evidence_campaign_20260214\stage_a\C3\02_final_wave\history_matching.csv --outdir C:\Users\Alexander\Desktop\Education\Aspa\code\output_evidence_campaign_20260214\stage_a\C3\03_report_set --n 4 --steps 220 --window 40 --seeds 0,1,2 --min-employment 45 --min-output 50 --min-consumption 50 --min-hh-deposit 0.2 --max-bank-resolved-share 0.06 --max-bank-bailedout-share 0.02 --max-haircut-mean 0.03 --max-defaults-hh-rate 0.01 --max-defaults-firm-rate 0.01 --balance-ok-threshold 0.98Saved points to C:\Users\Alexander\Desktop\Education\Aspa\code\output_evidence_campaign_20260214\stage_a\C3\03_report_set\representative_points.csv
Saved run summaries to C:\Users\Alexander\Desktop\Education\Aspa\code\output_evidence_campaign_20260214\stage_a\C3\03_report_set\representative_summary.csv
Saved C:\Users\Alexander\Desktop\Education\Aspa\code\output_evidence_campaign_20260214\stage_a\C3\03_report_set\rep_plots\rep_00.png
Saved C:\Users\Alexander\Desktop\Education\Aspa\code\output_evidence_campaign_20260214\stage_a\C3\03_report_set\rep_plots\rep_01.png
Saved C:\Users\Alexander\Desktop\Education\Aspa\code\output_evidence_campaign_20260214\stage_a\C3\03_report_set\rep_plots\rep_02.png
Saved C:\Users\Alexander\Desktop\Education\Aspa\code\output_evidence_campaign_20260214\stage_a\C3\03_report_set\rep_plots\rep_03.png
Saved report to C:\Users\Alexander\Desktop\Education\Aspa\code\output_evidence_campaign_20260214\stage_a\C3\04_master\research_core_report.md
Saved tables to C:\Users\Alexander\Desktop\Education\Aspa\code\output_evidence_campaign_20260214\stage_a\C3\04_master\research_core_tables
Saved 360 rows to C:\Users\Alexander\Desktop\Education\Aspa\code\output_evidence_campaign_20260214\stage_a\C3\01_wave1\lhs_runs.csv
Saved emulator scores to C:\Users\Alexander\Desktop\Education\Aspa\code\output_evidence_campaign_20260214\stage_a\C3\01_wave1\emulator_scores.csv
Saved sigma calibration summary to C:\Users\Alexander\Desktop\Education\Aspa\code\output_evidence_campaign_20260214\stage_a\C3\01_wave1\sigma_calibration_summary.csv
Saved calibrated targets to C:\Users\Alexander\Desktop\Education\Aspa\code\output_evidence_campaign_20260214\stage_a\C3\01_wave1\targets_calibrated.json
Saved uncertainty breakdown to C:\Users\Alexander\Desktop\Education\Aspa\code\output_evidence_campaign_20260214\stage_a\C3\01_wave1\uncertainty_components.csv
Saved history matching table to C:\Users\Alexander\Desktop\Education\Aspa\code\output_evidence_campaign_20260214\stage_a\C3\01_wave1\history_matching.csv
Saved refined intervals to C:\Users\Alexander\Desktop\Education\Aspa\code\output_evidence_campaign_20260214\stage_a\C3\01_wave1\refined_intervals.csv
Saved sensitivity table to C:\Users\Alexander\Desktop\Education\Aspa\code\output_evidence_campaign_20260214\stage_a\C3\01_wave1\sensitivity_uncertainty.csv
Saved sensitivity report to C:\Users\Alexander\Desktop\Education\Aspa\code\output_evidence_campaign_20260214\stage_a\C3\01_wave1\sensitivity_report.md
Saved 360 rows to C:\Users\Alexander\Desktop\Education\Aspa\code\output_evidence_campaign_20260214\stage_a\C3\02_final_wave\lhs_runs_wave2.csv
Saved emulator scores to C:\Users\Alexander\Desktop\Education\Aspa\code\output_evidence_campaign_20260214\stage_a\C3\02_final_wave\emulator_scores.csv
Saved sigma calibration summary to C:\Users\Alexander\Desktop\Education\Aspa\code\output_evidence_campaign_20260214\stage_a\C3\02_final_wave\sigma_calibration_summary_iter0.csv
Saved calibrated targets to C:\Users\Alexander\Desktop\Education\Aspa\code\output_evidence_campaign_20260214\stage_a\C3\02_final_wave\targets_calibrated_iter0.json
Saved uncertainty breakdown to C:\Users\Alexander\Desktop\Education\Aspa\code\output_evidence_campaign_20260214\stage_a\C3\02_final_wave\uncertainty_components.csv
Saved history matching table to C:\Users\Alexander\Desktop\Education\Aspa\code\output_evidence_campaign_20260214\stage_a\C3\02_final_wave\history_matching.csv
Saved refined intervals to C:\Users\Alexander\Desktop\Education\Aspa\code\output_evidence_campaign_20260214\stage_a\C3\02_final_wave\refined_intervals.csv
Saved sensitivity table to C:\Users\Alexander\Desktop\Education\Aspa\code\output_evidence_campaign_20260214\stage_a\C3\02_final_wave\sensitivity_uncertainty.csv
Saved sensitivity report to C:\Users\Alexander\Desktop\Education\Aspa\code\output_evidence_campaign_20260214\stage_a\C3\02_final_wave\sensitivity_report.md
Saved 360 rows to C:\Users\Alexander\Desktop\Education\Aspa\code\output_evidence_campaign_20260214\stage_a\C3\waves\wave_03\lhs_runs_wave3.csv
Saved emulator scores to C:\Users\Alexander\Desktop\Education\Aspa\code\output_evidence_campaign_20260214\stage_a\C3\waves\wave_03\emulator_scores.csv
Saved sigma calibration summary to C:\Users\Alexander\Desktop\Education\Aspa\code\output_evidence_campaign_20260214\stage_a\C3\waves\wave_03\sigma_calibration_summary_iter0.csv
Saved calibrated targets to C:\Users\Alexander\Desktop\Education\Aspa\code\output_evidence_campaign_20260214\stage_a\C3\waves\wave_03\targets_calibrated_iter0.json
Saved uncertainty breakdown to C:\Users\Alexander\Desktop\Education\Aspa\code\output_evidence_campaign_20260214\stage_a\C3\waves\wave_03\uncertainty_components.csv
Saved history matching table to C:\Users\Alexander\Desktop\Education\Aspa\code\output_evidence_campaign_20260214\stage_a\C3\waves\wave_03\history_matching.csv
Saved refined intervals to C:\Users\Alexander\Desktop\Education\Aspa\code\output_evidence_campaign_20260214\stage_a\C3\waves\wave_03\refined_intervals.csv
Saved sensitivity table to C:\Users\Alexander\Desktop\Education\Aspa\code\output_evidence_campaign_20260214\stage_a\C3\waves\wave_03\sensitivity_uncertainty.csv
Saved sensitivity report to C:\Users\Alexander\Desktop\Education\Aspa\code\output_evidence_campaign_20260214\stage_a\C3\waves\wave_03\sensitivity_report.md
Saved emulator scores to C:\Users\Alexander\Desktop\Education\Aspa\code\output_evidence_campaign_20260214\stage_a\C3\waves\wave_03\emulator_scores.csv
Saved sigma calibration summary to C:\Users\Alexander\Desktop\Education\Aspa\code\output_evidence_campaign_20260214\stage_a\C3\waves\wave_03\sigma_calibration_summary_iter1.csv
Saved calibrated targets to C:\Users\Alexander\Desktop\Education\Aspa\code\output_evidence_campaign_20260214\stage_a\C3\waves\wave_03\targets_calibrated_iter1.json
Saved uncertainty breakdown to C:\Users\Alexander\Desktop\Education\Aspa\code\output_evidence_campaign_20260214\stage_a\C3\waves\wave_03\uncertainty_components.csv
Saved history matching table to C:\Users\Alexander\Desktop\Education\Aspa\code\output_evidence_campaign_20260214\stage_a\C3\waves\wave_03\history_matching.csv
Saved refined intervals to C:\Users\Alexander\Desktop\Education\Aspa\code\output_evidence_campaign_20260214\stage_a\C3\waves\wave_03\refined_intervals.csv
Saved sensitivity table to C:\Users\Alexander\Desktop\Education\Aspa\code\output_evidence_campaign_20260214\stage_a\C3\waves\wave_03\sensitivity_uncertainty.csv
Saved sensitivity report to C:\Users\Alexander\Desktop\Education\Aspa\code\output_evidence_campaign_20260214\stage_a\C3\waves\wave_03\sensitivity_report.md
Saved emulator scores to C:\Users\Alexander\Desktop\Education\Aspa\code\output_evidence_campaign_20260214\stage_a\C3\waves\wave_03\emulator_scores.csv
Saved sigma calibration summary to C:\Users\Alexander\Desktop\Education\Aspa\code\output_evidence_campaign_20260214\stage_a\C3\waves\wave_03\sigma_calibration_summary_iter2.csv
Saved calibrated targets to C:\Users\Alexander\Desktop\Education\Aspa\code\output_evidence_campaign_20260214\stage_a\C3\waves\wave_03\targets_calibrated_iter2.json
Saved uncertainty breakdown to C:\Users\Alexander\Desktop\Education\Aspa\code\output_evidence_campaign_20260214\stage_a\C3\waves\wave_03\uncertainty_components.csv
Saved history matching table to C:\Users\Alexander\Desktop\Education\Aspa\code\output_evidence_campaign_20260214\stage_a\C3\waves\wave_03\history_matching.csv
Saved refined intervals to C:\Users\Alexander\Desktop\Education\Aspa\code\output_evidence_campaign_20260214\stage_a\C3\waves\wave_03\refined_intervals.csv
Saved sensitivity table to C:\Users\Alexander\Desktop\Education\Aspa\code\output_evidence_campaign_20260214\stage_a\C3\waves\wave_03\sensitivity_uncertainty.csv
Saved sensitivity report to C:\Users\Alexander\Desktop\Education\Aspa\code\output_evidence_campaign_20260214\stage_a\C3\waves\wave_03\sensitivity_report.md

[RUN] C:\Users\Alexander\AppData\Local\Programs\Python\Python313\python.exe scripts/plot_report_runs.py --runs-dir C:\Users\Alexander\Desktop\Education\Aspa\code\output_evidence_campaign_20260214\stage_a\C3\03_report_set --out C:\Users\Alexander\Desktop\Education\Aspa\code\output_evidence_campaign_20260214\stage_a\C3\03_report_set\rep_plots
[RUN] C:\Users\Alexander\AppData\Local\Programs\Python\Python313\python.exe scripts/make_research_master_report.py --root C:\Users\Alexander\Desktop\Education\Aspa\code\output_evidence_campaign_20260214\stage_a\C3 --run-config C:\Users\Alexander\Desktop\Education\Aspa\code\output_evidence_campaign_20260214\stage_a\C3\run_config.json --out C:\Users\Alexander\Desktop\Education\Aspa\code\output_evidence_campaign_20260214\stage_a\C3\04_master\research_core_report.md --tables-dir C:\Users\Alexander\Desktop\Education\Aspa\code\output_evidence_campaign_20260214\stage_a\C3\04_master\research_core_tables --confirmatory-summary C:\Users\Alexander\Desktop\Education\Aspa\code\output_evidence_campaign_20260214\stage_a\C3\04_master\confirmatory_summary.json --waves-summary C:\Users\Alexander\Desktop\Education\Aspa\code\output_evidence_campaign_20260214\stage_a\C3\waves_summary.csv --stopping-diagnostics C:\Users\Alexander\Desktop\Education\Aspa\code\output_evidence_campaign_20260214\stage_a\C3\stopping_diagnostics.json
[INFO] Preflight attempt 2/2 with improb_threshold=2.75
[INFO] Saved run config: C:\Users\Alexander\Desktop\Education\Aspa\code\output_evidence_campaign_20260214\stage_a\C3\run_config.json
[RUN] C:\Users\Alexander\AppData\Local\Programs\Python\Python313\python.exe scripts/run_lhs.py --n 120 --seed 0 --seeds 0,1,2 --steps 120 --window 20 --balance-ok-threshold 0.6 --format csv --output C:\Users\Alexander\Desktop\Education\Aspa\code\output_evidence_campaign_20260214\stage_a\C3\01_wave1\lhs_runs.csv
[RUN] C:\Users\Alexander\AppData\Local\Programs\Python\Python313\python.exe scripts/train_emulator.py --data C:\Users\Alexander\Desktop\Education\Aspa\code\output_evidence_campaign_20260214\stage_a\C3\01_wave1\lhs_runs.csv --targets C:\Users\Alexander\Desktop\Education\Aspa\code\scripts\targets_report.json --min-r2-for-history-matching 0.3 --improb-threshold 2.75 --ev-mode seed_replicates --ev-default-quantile 0.85 --sigma-calibration-mode fixed --sigma-calibration-summary C:\Users\Alexander\Desktop\Education\Aspa\code\output_evidence_campaign_20260214\stage_a\C3\01_wave1\sigma_calibration_summary.csv --calibrated-targets-out C:\Users\Alexander\Desktop\Education\Aspa\code\output_evidence_campaign_20260214\stage_a\C3\01_wave1\targets_calibrated.json --sa-enable --sa-domain nroy --sa-reductions 0.1,0.2,0.3,0.4 --outdir C:\Users\Alexander\Desktop\Education\Aspa\code\output_evidence_campaign_20260214\stage_a\C3\01_wave1
[RUN] C:\Users\Alexander\AppData\Local\Programs\Python\Python313\python.exe scripts/run_lhs.py --n 120 --seed 1 --seeds 0,1,2 --steps 120 --window 20 --balance-ok-threshold 0.6 --format csv --output C:\Users\Alexander\Desktop\Education\Aspa\code\output_evidence_campaign_20260214\stage_a\C3\02_final_wave\lhs_runs_wave2.csv --bounds-csv C:\Users\Alexander\Desktop\Education\Aspa\code\output_evidence_campaign_20260214\stage_a\C3\01_wave1\refined_intervals.csv --bounds-kind p05p95
[RUN] C:\Users\Alexander\AppData\Local\Programs\Python\Python313\python.exe scripts/train_emulator.py --data C:\Users\Alexander\Desktop\Education\Aspa\code\output_evidence_campaign_20260214\stage_a\C3\02_final_wave\lhs_runs_wave2.csv --targets C:\Users\Alexander\Desktop\Education\Aspa\code\output_evidence_campaign_20260214\stage_a\C3\01_wave1\targets_for_wave_final.json --min-r2-for-history-matching 0.3 --improb-threshold 2.75 --ev-mode seed_replicates --ev-default-quantile 0.85 --sigma-calibration-mode fixed --sigma-calibration-summary C:\Users\Alexander\Desktop\Education\Aspa\code\output_evidence_campaign_20260214\stage_a\C3\02_final_wave\sigma_calibration_summary_iter0.csv --calibrated-targets-out C:\Users\Alexander\Desktop\Education\Aspa\code\output_evidence_campaign_20260214\stage_a\C3\02_final_wave\targets_calibrated_iter0.json --sa-enable --sa-domain nroy --sa-reductions 0.1,0.2,0.3,0.4 --outdir C:\Users\Alexander\Desktop\Education\Aspa\code\output_evidence_campaign_20260214\stage_a\C3\02_final_wave
[RUN] C:\Users\Alexander\AppData\Local\Programs\Python\Python313\python.exe scripts/run_lhs.py --n 120 --seed 2 --seeds 0,1,2 --steps 120 --window 20 --balance-ok-threshold 0.6 --format csv --output C:\Users\Alexander\Desktop\Education\Aspa\code\output_evidence_campaign_20260214\stage_a\C3\waves\wave_03\lhs_runs_wave3.csv --bounds-csv C:\Users\Alexander\Desktop\Education\Aspa\code\output_evidence_campaign_20260214\stage_a\C3\02_final_wave\refined_intervals.csv --bounds-kind p05p95
[RUN] C:\Users\Alexander\AppData\Local\Programs\Python\Python313\python.exe scripts/train_emulator.py --data C:\Users\Alexander\Desktop\Education\Aspa\code\output_evidence_campaign_20260214\stage_a\C3\waves\wave_03\lhs_runs_wave3.csv --targets C:\Users\Alexander\Desktop\Education\Aspa\code\output_evidence_campaign_20260214\stage_a\C3\02_final_wave\targets_for_wave_final.json --min-r2-for-history-matching 0.3 --improb-threshold 2.75 --ev-mode seed_replicates --ev-default-quantile 0.85 --sigma-calibration-mode fixed --sigma-calibration-summary C:\Users\Alexander\Desktop\Education\Aspa\code\output_evidence_campaign_20260214\stage_a\C3\waves\wave_03\sigma_calibration_summary_iter0.csv --calibrated-targets-out C:\Users\Alexander\Desktop\Education\Aspa\code\output_evidence_campaign_20260214\stage_a\C3\waves\wave_03\targets_calibrated_iter0.json --sa-enable --sa-domain nroy --sa-reductions 0.1,0.2,0.3,0.4 --outdir C:\Users\Alexander\Desktop\Education\Aspa\code\output_evidence_campaign_20260214\stage_a\C3\waves\wave_03
[RUN] C:\Users\Alexander\AppData\Local\Programs\Python\Python313\python.exe scripts/train_emulator.py --data C:\Users\Alexander\Desktop\Education\Aspa\code\output_evidence_campaign_20260214\stage_a\C3\waves\wave_03\lhs_runs_wave3.csv --targets C:\Users\Alexander\Desktop\Education\Aspa\code\output_evidence_campaign_20260214\stage_a\C3\waves\wave_03\targets_tuned_iter1.json --min-r2-for-history-matching 0.3 --improb-threshold 2.75 --ev-mode seed_replicates --ev-default-quantile 0.85 --sigma-calibration-mode fixed --sigma-calibration-summary C:\Users\Alexander\Desktop\Education\Aspa\code\output_evidence_campaign_20260214\stage_a\C3\waves\wave_03\sigma_calibration_summary_iter1.csv --calibrated-targets-out C:\Users\Alexander\Desktop\Education\Aspa\code\output_evidence_campaign_20260214\stage_a\C3\waves\wave_03\targets_calibrated_iter1.json --sa-enable --sa-domain nroy --sa-reductions 0.1,0.2,0.3,0.4 --outdir C:\Users\Alexander\Desktop\Education\Aspa\code\output_evidence_campaign_20260214\stage_a\C3\waves\wave_03
[RUN] C:\Users\Alexander\AppData\Local\Programs\Python\Python313\python.exe scripts/train_emulator.py --data C:\Users\Alexander\Desktop\Education\Aspa\code\output_evidence_campaign_20260214\stage_a\C3\waves\wave_03\lhs_runs_wave3.csv --targets C:\Users\Alexander\Desktop\Education\Aspa\code\output_evidence_campaign_20260214\stage_a\C3\waves\wave_03\targets_tuned_iter2.json --min-r2-for-history-matching 0.3 --improb-threshold 2.75 --ev-mode seed_replicates --ev-default-quantile 0.85 --sigma-calibration-mode fixed --sigma-calibration-summary C:\Users\Alexander\Desktop\Education\Aspa\code\output_evidence_campaign_20260214\stage_a\C3\waves\wave_03\sigma_calibration_summary_iter2.csv --calibrated-targets-out C:\Users\Alexander\Desktop\Education\Aspa\code\output_evidence_campaign_20260214\stage_a\C3\waves\wave_03\targets_calibrated_iter2.json --sa-enable --sa-domain nroy --sa-reductions 0.1,0.2,0.3,0.4 --outdir C:\Users\Alexander\Desktop\Education\Aspa\code\output_evidence_campaign_20260214\stage_a\C3\waves\wave_03
[RUN] C:\Users\Alexander\AppData\Local\Programs\Python\Python313\python.exe scripts/train_emulator.py --data C:\Users\Alexander\Desktop\Education\Aspa\code\output_evidence_campaign_20260214\stage_a\C3\waves\wave_03\lhs_runs_wave3.csv --targets C:\Users\Alexander\Desktop\Education\Aspa\code\output_evidence_campaign_20260214\stage_a\C3\waves\wave_03\targets_tuned_iter3.json --min-r2-for-history-matching 0.3 --improb-threshold 2.75 --ev-mode seed_replicates --ev-default-quantile 0.85 --sigma-calibration-mode fixed --sigma-calibration-summary C:\Users\Alexander\Desktop\Education\Aspa\code\output_evidence_campaign_20260214\stage_a\C3\waves\wave_03\sigma_calibration_summary_iter3.csv --calibrated-targets-out C:\Users\Alexander\Desktop\Education\Aspa\code\output_evidence_campaign_20260214\stage_a\C3\waves\wave_03\targets_calibrated_iter3.json --sa-enable --sa-domain nroy --sa-reductions 0.1,0.2,0.3,0.4 --outdir C:\Users\Alexander\Desktop\Education\Aspa\code\output_evidence_campaign_20260214\stage_a\C3\waves\wave_03Saved emulator scores to C:\Users\Alexander\Desktop\Education\Aspa\code\output_evidence_campaign_20260214\stage_a\C3\waves\wave_03\emulator_scores.csv
Saved sigma calibration summary to C:\Users\Alexander\Desktop\Education\Aspa\code\output_evidence_campaign_20260214\stage_a\C3\waves\wave_03\sigma_calibration_summary_iter3.csv
Saved calibrated targets to C:\Users\Alexander\Desktop\Education\Aspa\code\output_evidence_campaign_20260214\stage_a\C3\waves\wave_03\targets_calibrated_iter3.json
Saved uncertainty breakdown to C:\Users\Alexander\Desktop\Education\Aspa\code\output_evidence_campaign_20260214\stage_a\C3\waves\wave_03\uncertainty_components.csv
Saved history matching table to C:\Users\Alexander\Desktop\Education\Aspa\code\output_evidence_campaign_20260214\stage_a\C3\waves\wave_03\history_matching.csv
Saved refined intervals to C:\Users\Alexander\Desktop\Education\Aspa\code\output_evidence_campaign_20260214\stage_a\C3\waves\wave_03\refined_intervals.csv
Saved sensitivity table to C:\Users\Alexander\Desktop\Education\Aspa\code\output_evidence_campaign_20260214\stage_a\C3\waves\wave_03\sensitivity_uncertainty.csv
Saved sensitivity report to C:\Users\Alexander\Desktop\Education\Aspa\code\output_evidence_campaign_20260214\stage_a\C3\waves\wave_03\sensitivity_report.md
Saved points to C:\Users\Alexander\Desktop\Education\Aspa\code\output_evidence_campaign_20260214\stage_a\C3\03_report_set\representative_points.csv
Saved run summaries to C:\Users\Alexander\Desktop\Education\Aspa\code\output_evidence_campaign_20260214\stage_a\C3\03_report_set\representative_summary.csv
Saved C:\Users\Alexander\Desktop\Education\Aspa\code\output_evidence_campaign_20260214\stage_a\C3\03_report_set\rep_plots\rep_00.png
Saved C:\Users\Alexander\Desktop\Education\Aspa\code\output_evidence_campaign_20260214\stage_a\C3\03_report_set\rep_plots\rep_01.png
Saved C:\Users\Alexander\Desktop\Education\Aspa\code\output_evidence_campaign_20260214\stage_a\C3\03_report_set\rep_plots\rep_02.png
Saved C:\Users\Alexander\Desktop\Education\Aspa\code\output_evidence_campaign_20260214\stage_a\C3\03_report_set\rep_plots\rep_03.png
Saved report to C:\Users\Alexander\Desktop\Education\Aspa\code\output_evidence_campaign_20260214\stage_a\C3\04_master\research_core_report.md
Saved tables to C:\Users\Alexander\Desktop\Education\Aspa\code\output_evidence_campaign_20260214\stage_a\C3\04_master\research_core_tables

[RUN] C:\Users\Alexander\AppData\Local\Programs\Python\Python313\python.exe scripts/make_report_set.py --data C:\Users\Alexander\Desktop\Education\Aspa\code\output_evidence_campaign_20260214\stage_a\C3\02_final_wave\lhs_runs_wave3.csv --history-matching C:\Users\Alexander\Desktop\Education\Aspa\code\output_evidence_campaign_20260214\stage_a\C3\02_final_wave\history_matching.csv --outdir C:\Users\Alexander\Desktop\Education\Aspa\code\output_evidence_campaign_20260214\stage_a\C3\03_report_set --n 4 --steps 220 --window 40 --seeds 0,1,2 --min-employment 45 --min-output 50 --min-consumption 50 --min-hh-deposit 0.2 --max-bank-resolved-share 0.06 --max-bank-bailedout-share 0.02 --max-haircut-mean 0.03 --max-defaults-hh-rate 0.01 --max-defaults-firm-rate 0.01 --balance-ok-threshold 0.98
[RUN] C:\Users\Alexander\AppData\Local\Programs\Python\Python313\python.exe scripts/plot_report_runs.py --runs-dir C:\Users\Alexander\Desktop\Education\Aspa\code\output_evidence_campaign_20260214\stage_a\C3\03_report_set --out C:\Users\Alexander\Desktop\Education\Aspa\code\output_evidence_campaign_20260214\stage_a\C3\03_report_set\rep_plots
[RUN] C:\Users\Alexander\AppData\Local\Programs\Python\Python313\python.exe scripts/make_research_master_report.py --root C:\Users\Alexander\Desktop\Education\Aspa\code\output_evidence_campaign_20260214\stage_a\C3 --run-config C:\Users\Alexander\Desktop\Education\Aspa\code\output_evidence_campaign_20260214\stage_a\C3\run_config.json --out C:\Users\Alexander\Desktop\Education\Aspa\code\output_evidence_campaign_20260214\stage_a\C3\04_master\research_core_report.md --tables-dir C:\Users\Alexander\Desktop\Education\Aspa\code\output_evidence_campaign_20260214\stage_a\C3\04_master\research_core_tables --confirmatory-summary C:\Users\Alexander\Desktop\Education\Aspa\code\output_evidence_campaign_20260214\stage_a\C3\04_master\confirmatory_summary.json --waves-summary C:\Users\Alexander\Desktop\Education\Aspa\code\output_evidence_campaign_20260214\stage_a\C3\waves_summary.csv --stopping-diagnostics C:\Users\Alexander\Desktop\Education\Aspa\code\output_evidence_campaign_20260214\stage_a\C3\stopping_diagnostics.json
[WARN] Preflight failed after retry; overnight full run is blocked.
[INFO] Saved go/no-go status: C:\Users\Alexander\Desktop\Education\Aspa\code\output_evidence_campaign_20260214\stage_a\C3\go_no_go_status.json
[DONE] Preflight flow completed.
[RUN] C:\Users\Alexander\AppData\Local\Programs\Python\Python313\python.exe scripts/run_research_core.py --mode preflight --profile nightly_v3 --outdir C:\Users\Alexander\Desktop\Education\Aspa\code\output_evidence_campaign_20260214\stage_a\C1 --campaign-id evidence_20260214 --seed-offset 0 --wave-min 2 --wave-max 3 --adaptive-waves true --sigma-tuning-step 0.08 --sigma-tuning-max-iters 3 --ev-default-quantile 0.8 --min-r2-for-history-matching 0.30 --credit-rejection-rate-mean-max 0.80 --final-wave-alias final --preflight-launch-full false
[RUN] C:\Users\Alexander\AppData\Local\Programs\Python\Python313\python.exe scripts/run_research_core.py --mode preflight --profile nightly_v3 --outdir C:\Users\Alexander\Desktop\Education\Aspa\code\output_evidence_campaign_20260214\stage_a\C2 --campaign-id evidence_20260214 --seed-offset 0 --wave-min 2 --wave-max 3 --adaptive-waves true --sigma-tuning-step 0.06 --sigma-tuning-max-iters 3 --ev-default-quantile 0.8 --min-r2-for-history-matching 0.30 --credit-rejection-rate-mean-max 0.80 --final-wave-alias final --preflight-launch-full false
[RUN] C:\Users\Alexander\AppData\Local\Programs\Python\Python313\python.exe scripts/run_research_core.py --mode preflight --profile nightly_v3 --outdir C:\Users\Alexander\Desktop\Education\Aspa\code\output_evidence_campaign_20260214\stage_a\C3 --campaign-id evidence_20260214 --seed-offset 0 --wave-min 2 --wave-max 3 --adaptive-waves true --sigma-tuning-step 0.08 --sigma-tuning-max-iters 3 --ev-default-quantile 0.85 --min-r2-for-history-matching 0.30 --credit-rejection-rate-mean-max 0.80 --final-wave-alias final --preflight-launch-full false
[DONE] Campaign finished with FAIL: no Stage A PASS candidates.
